Data;Ora;Luogo;Feriti;Tipo;Latitudine;Longitudine
01/01/2023;01:05;"VIALE NICOLETTI ROSARIO altezza (spec.) bypass ""Elenka""";0;C;38,191478;13,290036
01/01/2023;01:34;VIALE REGIONE SICILIANA N.O. altezza del civico 9203;1;F;38,175934;13,295676
01/01/2023;05:45;CORSO CALATAFIMI di fronte al civico 657;0;C;38,103632;13,331643
01/01/2023;17:48;VIALE LEONARDO DA VINCI altezza del civico 440;1;R;38,126682;13,312738
02/01/2023;01:40;VIA CIACULLI pressi -;1;F;38,088362;13,388547
02/01/2023;13:00;VIA BONOMO GABRIELE altezza (spec.) fiamme gialle;0;C;38,127556;13,361194
02/01/2023;20:00;VIA CORSELLI RODOLFO GEN. nr. 5;0;C;38,096604;13,397683
02/01/2023;20:45;CORSO TUKORY intersezione VIA FILICIUZZA;1;F;38,10819;13,356827
03/01/2023;03:00;VIA PRINCIPE DI PALAGONIA intersezione VIA PEROSI LORENZO;2;R;38,135262;13,336245
03/01/2023;08:15;VIA D'ONDES REGGIO VITO intersezione VIA CORAZZA FILIPPO;1;F;38,107954;13,362949
03/01/2023;12:50;VIA CATANIA altezza del civico 60;1;F;38,127492;13,34846
03/01/2023;13:20;VIALE REGIONE SICILIANA S.E. altezza PONTE BONAGIA;2;F;38,087734;13,361457
03/01/2023;13:30;VIALE MARCHESE DI VILLABIANCA intersezione VIA DUCA DELLA VERDURA;1;F;38,134397;13,35229
03/01/2023;13:40;VIA AUSONIA altezza del civico 31;0;C;38,146925;13,337143
03/01/2023;17:30;VIA MOGIA intersezione con VIA RANZANO PIETRO;1;F;38,117662;13,349306
03/01/2023;23:45;VIALE REGIONE SICILIANA S.E. altezza DIREZ TP;2;F;38,088276;13,34704
04/01/2023;02:20;FORO UMBERTO I altezza NH Hotel;0;C;38,115567;13,375536
04/01/2023;02:30;VIALE DE GASPERI ALCIDE intersezione VIA AUSONIA;3;F;38,149776;13,334576
04/01/2023;10:00;VIA CAVOUR CAMILLO altezza del civico 141;0;C;38,121456;13,358638
04/01/2023;14:30;CORSO CALATAFIMI altezza del civico 667;2;F;38,103456;13,331224
04/01/2023;17:30;VIA DAITA GAETANO intersezione con VIA GALLO;1;F;38,125886;13,355873
04/01/2023;17:50;VIA BADIA altezza del civico 42/D;0;C;38,133532;13,321094
04/01/2023;22:20;ROTONDA BRASILE a mt. michelangelo;1;F;38,139763;13,330603
04/01/2023;23:00;VIALE REGIONE SICILIANA S.E. altezza (inters.) VIALE RIZZOTTO PLACIDO;2;F;38,087302;13,366006
05/01/2023;10:35;VIA PRINCIPE DI PALAGONIA di fronte al civico 10E;1;F;38,133841;13,336674
05/01/2023;10:40;VIALE LAZIO altezza SOVRAPONTE;2;F;38,140571;13,331683
05/01/2023;12:40;VIA GOETHE altezza del civico 63;0;C;38,121671;13,35053
05/01/2023;13:30;VIALE RIZZOTTO PLACIDO intersezione VIA BONAGIA;0;C;38,080986;13,361558
05/01/2023;15:50;VIALE REGIONE SICILIANA S.E. intersezione VIA TROINA;0;C;38,088866;13,360406
05/01/2023;16:15;VIA RESTIVO EMPEDOCLE altezza del civico 23;0;C;38,146434;13,334664
05/01/2023;19:10;VIALE REGIONE SICILIANA N.O. altezza del civico 5194;3;F;38,149842;13,324588
05/01/2023;19:45;VIA LAUDICINA ANTONINO pressi CORSO DEI MILLE;0;C;38,092514;13,409819
05/01/2023;20:00;VIA DI BLASI E. GIOVANNI altezza (inters.) VIA FILINO DI AGRIGENTO;1;F;38,123223;13,321301
05/01/2023;20:10;VIA DEI CANTIERI intersezione VIA BARCA AMILCARE;2;F;38,137176;13,363545
05/01/2023;23:05;VIA DI MARZO GIOACCHINO intersezione con VIA LEOPARDI GIACOMO;1;F;38,13366;13,346254
07/01/2023;09:25;VIALE REGIONE SICILIANA N.O. altezza PIAZZA LENNON;1;F;38,132082;13,33041
07/01/2023;10:30;VIA SAMPOLO intersezione VIA LAURANA FRANCESCO;0;C;38,136752;13,35485
07/01/2023;11:50;VIA BASILE ERNESTO altezza del civico 170;1;F;38,101863;13,348273
07/01/2023;16:30;VIA LANZA DI SCALEA GIUSEPPE intersezione con VIA EINAUDI LUIGI;1;F;38,177718;13,309153
07/01/2023;21:00;VIA PARISIO CATALDO intersezione con VIA BISAZZA FELICE;1;F;38,125722;13,337259
08/01/2023;00:30;PIAZZA SETTIMO RUGGERO altezza via G. DAITA;1;F;;
08/01/2023;02:40;VIALE GIULIANO BORIS altezza VILLA SPERLINGA;1;F;38,138745;13,342967
08/01/2023;03:00;PIAZZA PALLAVICINO altezza del civico 1;1;F;38,172856;13,326848
08/01/2023;13:00;FORO UMBERTO I altezza (spec.) by pass altezza;0;C;38,116699;13,373944
08/01/2023;13:30;VIA VILLAGRAZIA altezza (spec.) 226;1;F;38,07969;13,334371
08/01/2023;13:30;VIA LOI EMANUELA intersezione VIA CATALANO AGOSTINO;0;C;38,103191;13,340691
09/01/2023;07:00;PIAZZA GIULIO CESARE altezza del civico 53;1;F;38,110336;13,366179
09/01/2023;07:35;VIALE REGIONE SICILIANA S.E. altezza (spec.) la loggia;1;F;38,106572;13,330458
09/01/2023;08:05;VIALE REGIONE SICILIANA altezza IST MAZZARELLO;0;C;38,121186;13,328616
09/01/2023;10:30;FORO UMBERTO I altezza palchetto;1;F;38,117513;13,373077
09/01/2023;11:10;VIA AGOSTINO ANTONINO di fronte al civico 4;0;C;38,113782;13,33654
09/01/2023;14:00;VIA RE MANFREDI di fronte al civico 30;0;C;38,113561;13,346763
09/01/2023;14:50;VIA DI BLASI E. GIOVANNI altezza del civico 163B;0;C;38,122856;13,32465
09/01/2023;18:00;VIA MORTILLARO VINCENZO intersezione con VIA MARINUZZI ANTONIO;1;F;38,10442;13,36604
09/01/2023;20:15;PIAZZA CHIESA S.ALFONSO LIGUORI intersezione con VIA MAMMANA;2;F;38,132113;13,321402
09/01/2023;20:45;VIA TASCA LANZA altezza del civico 24;1;F;38,109554;13,329614
09/01/2023;22:50;VIALE CROCE ROSSA nr. 117;0;C;38,15055;13,33911
10/01/2023;07:30;VIA ANGELINO FRANCESCO nr. 6;0;C;38,145712;13,365237
10/01/2023;08:00;VIA TRAMONTANA intersezione VIA CILEA FRANCESCO;1;F;38,132238;13,339141
10/01/2023;10:15;VIA DUCA DELLA VERDURA altezza del civico 93;0;C;38,135232;13,355914
10/01/2023;12:30;PIAZZA GIULIO CESARE di fronte STAZ. CENTRALE;1;F;38,110281;13,366759
10/01/2023;13:00;VIA FLORIO nr. 27 M;0;C;38,16316;13,326632
10/01/2023;14:45;VIA RE MANFREDI altezza del civico 35;0;C;38,113549;13,346646
10/01/2023;14:50;VIA PRINCIPE DI PATERNO' intersezione VIA SCIUTI GIUSEPPE;1;F;38,139049;13,339205
10/01/2023;20:00;VIALE NICOLETTI ROSARIO altezza 1;1;F;38,188986;13,296178
11/01/2023;01:05;VIA SELLA QUINTINO intersezione VIA DAITA GAETANO;0;C;38,127021;13,355177
11/01/2023;06:45;CORSO CALATAFIMI altezza del civico 1059;1;F;38,095143;13,3108
11/01/2023;09:00;VIA VILLAGRAZIA altezza del civico 201;1;F;38,089894;13,353248
11/01/2023;12:45;VIALE LEONARDO DA VINCI nr. 152/A;1;F;38,128224;13,328192
11/01/2023;14:20;VIA CUSMANO GIACOMO intersezione con VIA TURRISI COLONNA GIUSEPPINA;2;F;38,125569;13,34752
11/01/2023;15:50;VIA ALTOFONTE altezza del civico 183;0;C;38,089894;13,330618
11/01/2023;16:00;VIALE PERTINI SANDRO intersezione VIA PESCIA;0;C;38,175525;13,322765
11/01/2023;18:10;VIALE REGIONE SICILIANA S.E. di fronte pagliarelli;0;C;38,092051;13,341144
12/01/2023;07:30;PIAZZA BOIARDO MATTEO MARIA di fronte al civico 8;1;F;38,132974;13,342302
12/01/2023;10:45;VIA CALA altezza (spec.) P.tta Dogane;0;C;38,119848;13,370019
12/01/2023;14:30;VIA LA FARINA GIUSEPPE di fronte al civico 13c;1;F;38,128779;13,349228
12/01/2023;16:50;VIA TRINACRIA intersezione VIA VAL DI MAZARA;1;F;38,149167;13,338141
12/01/2023;19:40;VIA ORETO altezza (spec.) ponte oreto;0;C;38,102037;13,37033
13/01/2023;04:30;PIAZZA TURBA EUCLIDE GEN. intersezione VIA SCHIFANI VITO;0;C;38,101068;13,338312
13/01/2023;08:00;VIA FAZELLO TOMMASO altezza VIA M. LICO;1;F;38,108612;13,366674
13/01/2023;08:20;VIALE REGIONE SICILIANA N.O. altezza (spec.) Rotator Brasile;1;F;38,140492;13,331741
13/01/2023;08:20;VIA CASTELLO altezza (spec.) 29;1;F;38,120844;13,364606
13/01/2023;12:20;CORSO CALATAFIMI nr. 351;0;C;38,107044;13,340052
13/01/2023;13:15;PIAZZA TREDICI VITTIME intersezione VIA CAVOUR CAMILLO;1;F;38,122634;13,364339
13/01/2023;18:40;VIA MORELLO NUNZIO nr. 3;1;F;38,131146;13,34509
13/01/2023;20:45;VIA BASILE ERNESTO di fronte al civico 48;1;F;38,107014;13,35375
14/01/2023;04:00;VIA SFERRACAVALLO nr. 222;0;C;38,197344;13,277432
14/01/2023;10:30;VIALE REGIONE SICILIANA S.E. carreggiata centrale DIREZ. CATANIA;0;C;38,091367;13,342374
14/01/2023;10:30;VIA CASTELFORTE altezza del civico 101;0;C;38,186871;13,323654
14/01/2023;13:00;CORSO TUKORY intersezione con VIA DI CRISTINA GIOVANNI;1;F;38,108559;13,358036
14/01/2023;20:00;PIAZZA NASCE' FRANCESCO intersezione con VIA CARINI ISIDORO;1;F;38,127854;13,356543
15/01/2023;00:08;VIA AVERSA TOMMASO intersezione VIA BISAZZA FELICE;0;C;38,124664;13,337701
15/01/2023;01:40;FORO UMBERTO I pressi PORTA FELICE;1;F;38,119723;13,371406
15/01/2023;05:10;VIA CALA altezza del civico 62;0;C;38,118787;13,368311
15/01/2023;09:45;VIA FERRARA FRANCESCO intersezione con VIA DE SPUCHES GIUSEPPE;1;F;38,12531;13,35074
15/01/2023;13:30;VICOLO S.ROSALIA altezza CIV 7;0;C;38,111505;13,364796
15/01/2023;17:50;PIAZZA LEONI intersezione con VIALE DIANA;0;C;38,146918;13,344018
16/01/2023;01:30;VIA SAMMARTINO intersezione con VIA DANTE;2;F;38,123729;13,350669
16/01/2023;10:00;VIA LATINI BRUNETTO intersezione con VIA DANTE;1;F;38,123446;13,349476
16/01/2023;11:45;VIALE REGIONE SICILIANA N.O. altezza civico 7373;1;F;38,162965;13,309092
16/01/2023;14:10;VIA DODICI GENNAIO intersezione con VIA GARZILLI NICCOLO';1;F;38,125345;13,352821
16/01/2023;14:30;VIA GALLETTI altezza del civico 16;0;C;38,095922;13,428873
16/01/2023;18:10;VIA DALLA CHIESA C. A. GEN. intersezione con VIA DUCA DELLA VERDURA;1;F;38,134339;13,352392
16/01/2023;20:25;PIAZZA UNITA' D'ITALIA intersezione con VIA GIUSTI GIUSEPPE;0;C;38,137149;13,344017
16/01/2023;23:50;VIALE REGIONE SICILIANA carr. centrale rotonda oreto;0;C;38,090736;13,377773
17/01/2023;01:00;VIA BIXIO NINO nr. 26;0;C;38,126784;13,342244
17/01/2023;05:20;VIA ALLA FALCONARA nr. 60;1;F;38,117698;13,28946
17/01/2023;06:00;VIALE REGIONE SICILIANA S.E. altezza (spec.) altofonte;1;F;38,095702;13,336134
17/01/2023;07:35;VIA BASILE ERNESTO di fronte al civico 108;1;F;38,104905;13,351138
17/01/2023;08:30;VIA BASILE ERNESTO intersezione VIA CAU LUSSORIO;1;F;38,094954;13,341279
17/01/2023;09:20;VIA DEI CANTIERI altezza (spec.) 26;1;F;38,136644;13,361545
17/01/2023;10:00;VIA AUSONIA intersezione VIALE PRAGA;1;F;38,152346;13,332361
17/01/2023;10:15;VIA BONELLO MATTEO di fronte al civico 15;0;C;38,114756;13,35485
17/01/2023;10:50;VIA MANCUSO LENIN intersezione con VIA RUSSO DOMENICO;0;C;38,09891;13,322424
17/01/2023;12:00;VIA INGHAM altezza del civico 7;0;C;38,095003;13,396185
17/01/2023;19:10;VIALE DELLE ALPI nr. 14;0;C;38,139539;13,336694
17/01/2023;19:45;VIA SFERRACAVALLO nr. 113 F;0;C;38,195605;13,280189
17/01/2023;21:30;VIA TERRASANTA intersezione VIA COSTANTINO DOMENICO;0;C;38,131259;13,34402
18/01/2023;07:00;VIA ORETO s.n.c.;1;F;38,100711;13,371147
18/01/2023;07:05;VIA CAPPELLO SALVATORE intersezione VIALE DEI PICCIOTTI;0;C;38,105433;13,381814
18/01/2023;08:30;CORSO CALATAFIMI nr. 776;0;C;38,098625;13,319351
18/01/2023;11:03;CORSO DEI MILLE nr. 1401/C;0;C;38,088205;13,420539
18/01/2023;12:00;VIA TERRASANTA altezza 20;1;F;38,128548;13,345719
18/01/2023;13:20;VIA DELL'ARSENALE di fronte quinta casa;0;C;38,135636;13,364148
18/01/2023;15:45;VIA TOSELLI PIETRO MAGG. intersezione con VIA ALESSI GIUSEPPE;1;F;38,140173;13,349906
18/01/2023;17:20;VIA CAMPOLO GIOVANNI altezza 114;0;C;38,12937;13,337651
18/01/2023;18:00;VIALE STRASBURGO altezza del civico 251;0;C;38,159299;13,324117
18/01/2023;18:15;VIA S. GIOVANNI DI DIO altezza del civico 9;2;F;38,100257;13,383538
18/01/2023;18:45;VIA DI GIORGIO ANTONINO GEN. di fronte al civico 26;1;F;38,144241;13,344352
18/01/2023;19:05;PIAZZA CASTELNUOVO altezza del civico 50;1;F;38,124837;13,354914
18/01/2023;19:25;VIA UDITORE altezza del civico 36;1;F;38,133626;13,322207
19/01/2023;07:35;VIALE REGIONE SICILIANA N.O. nr. 6915;1;F;38,160145;13,312553
19/01/2023;08:08;VIA NOTARBARTOLO EMANUELE intersezione LARGO CHERUBINI LUIGI;2;F;38,130995;13,338764
19/01/2023;13:30;VIA CAMPOLO GIOVANNI in prossimit? di largo mineo;0;C;38,128988;13,336877
19/01/2023;15:40;VIALE DE GASPERI ALCIDE intersezione VIA AUSONIA;0;C;38,149732;13,334677
19/01/2023;17:30;VIA DANTE intersezione con VIA VENEZIANO ANTONIO;0;C;38,122295;13,344622
19/01/2023;17:45;VIA GALLETTI nr. 143;1;F;38,094633;13,429873
19/01/2023;19:45;VIA ABRUZZI altezza del civico 15;1;F;38,144504;13,334288
19/01/2023;22:45;VIA PALLAVICINO intersezione PIAZZA PALLAVICINO;1;F;38,172427;13,327231
19/01/2023;23:30;VIA ARCOLEO GIORGIO intersezione con VIA SALAMONE MARINO SALVATORE;0;C;38,107876;13,360508
20/01/2023;03:30;PIAZZA VITTORIO VENETO di fronte al civico 20;0;C;38,145455;13,342486
20/01/2023;04:00;VIA MONTEPELLEGRINO di fronte mercato ortofr.;0;C;38,137219;13,358392
20/01/2023;11:00;VIA SCOTO MICHELE di fronte al civico 12;0;C;38,11448;13,333884
20/01/2023;13:00;VIA S.LORENZO altezza 271/b;0;C;38,165655;13,317752
20/01/2023;15:30;LUNGOMARE COLOMBO CRISTOFORO altezza del civico 3743;0;C;38,188991;13,353074
20/01/2023;16:10;VIA BRIUCCIA intersezione VIA RESUTTANA;1;F;38,153242;13,334785
20/01/2023;17:00;VIA ISONZO altezza del civico 2;0;C;38,142219;13,3423
20/01/2023;17:00;VIA LANZA DI SCALEA GIUSEPPE nr. 2180;0;C;38,182783;13,304125
20/01/2023;17:20;VIALE MICHELANGELO di fronte al civico 2020;1;M;38,133075;13,309362
20/01/2023;18:00;VIA CRISPI FRANCESCO altezza sottovia crispi;0;C;38,122355;13,365252
21/01/2023;00:25;CORSO CALATAFIMI nr. 410;0;C;38,103566;13,331496
21/01/2023;02:05;VIA MORELLO NUNZIO intersezione VIA DI MARZO GIOACCHINO;0;C;38,132834;13,344118
21/01/2023;02:30;PIAZZA VALDESI intersezione VIALE REGINA ELENA;0;C;38,197117;13,33177
21/01/2023;04:40;VIALE REGIONE SICILIANA S.E. nr. 4100;0;C;38,086166;13,351011
21/01/2023;05:30;VIA DEODATO PIER LUIGI intersezione con VIA RAITI CARMELO;0;C;38,096038;13,347018
21/01/2023;08:35;VIA BORRELLI ALFONSO intersezione VIA CASTRIOTA GIORGIO;1;F;38,130635;13,353766
21/01/2023;12:40;VIA RAIA ANDREA intersezione con VIA DEL CASTORO;0;C;38,083997;13,358336
21/01/2023;13:50;VIA MARCONI GUGLIELMO altezza (inters.) VIA CUSMANO GIACOMO;3;F;38,124759;13,347955
21/01/2023;14:30;VIALE REGIONE SICILIANA N.O. carr. laterale Civ 7030;1;F;38,160601;13,311317
21/01/2023;18:00;VIA ORETO intersezione VIA ERRANTE VINCENZO;0;C;38,108384;13,366184
21/01/2023;20:25;VIALE CROCE ROSSA altezza fermata autobus;2;F;38,150462;13,338915
21/01/2023;23:30;VIA CUSMANO GIACOMO intersezione VIA MARCONI GUGLIELMO;1;F;38,124758;13,34795
22/01/2023;00:01;VIA BRASCA altezza del civico 9;1;F;38,086831;13,38139
22/01/2023;00:45;VIA ARCHIMEDE intersezione VIA EMPEDOCLE;0;C;38,129559;13,356825
22/01/2023;03:00;VIA BELVEDERE altezza 360-2;0;C;38,119114;13,317755
22/01/2023;05:15;VIA MESSINA MARINE altezza del civico 365;1;F;38,103725;13,392367
22/01/2023;05:30;VIA LINCOLN nr. 7A;0;C;38,113575;13,372742
22/01/2023;10:50;VIA SICCHERIA QUATTRO CAMERE nr. 15;0;C;38,112365;13,335378
22/01/2023;17:30;PIAZZA SETT'ANGELI altezza SCUOLA;0;C;38,114967;13,356643
22/01/2023;19:30;VIALE STRASBURGO pressi n. 352;1;F;38,157065;13,32627
23/01/2023;00:30;VIA MUSCO ANGELO di fronte al civico 2;0;C;38,110862;13,361166
23/01/2023;01:20;VIA LINCOLN di fronte al civico 13/a;1;F;38,114505;13,374705
23/01/2023;02:00;VIA PORTA DI CASTRO altezza (spec.) 135;0;C;38,111365;13,357281
23/01/2023;06:40;VIA ROMA altezza (inters.) VIA BOLOGNA;1;F;38,113643;13,365048
23/01/2023;06:45;VIA LA LOGGIA GAETANO nr. 144;0;C;38,107516;13,334549
23/01/2023;06:50;VIA LA LOGGIA GAETANO nr. 144;0;C;38,107516;13,334549
23/01/2023;13:20;VIALE LEONARDO DA VINCI altezza del civico 250;1;F;38,127059;13,323349
23/01/2023;16:30;VIA BONELLO MATTEO intersezione con VIA GIOIAMIA;0;C;38,115341;13,354298
23/01/2023;17:25;STRADA PROV. PALERMO-ALTOFONTE km 2.5;1;F;38,085831;13,3313
23/01/2023;17:25;VIA BASILE ERNESTO di fronte al civico 180;0;C;38,101873;13,348287
23/01/2023;18:30;VIA ORETO intersezione VIA ERRANTE VINCENZO;1;F;38,108386;13,366207
23/01/2023;19:50;VIALE LEONARDO DA VINCI intersezione VIA BEATO ANGELICO;1;F;38,127117;13,32311
23/01/2023;20:05;VIA ALDISIO SALVATORE pressi 3;3;F;38,155436;13,329777
24/01/2023;12:15;VIALE DUCA DEGLI ABRUZZI altezza -;1;F;38,170808;13,327746
24/01/2023;17:20;VIA IMERA intersezione con VIA D'OSSUNA;1;F;38,115372;13,349472
24/01/2023;18:15;FORO UMBERTO I intersezione SALITA MURA DELLE CATTIVE;1;F;38,117583;13,37301
24/01/2023;18:30;VIA DIVISI altezza del civico 25;1;F;38,113562;13,365958
25/01/2023;00:40;PIAZZA DELLA RIVOLUZIONE intersezione VIA GARIBALDI;0;C;38,1141;13,366567
25/01/2023;08:28;PIAZZA CAPITANERIA DEL PORTO nr. 3;0;C;38,12102;13,371262
25/01/2023;08:30;CORSO ALBERTO AMEDEO intersezione VIA LASCARIS COSTANTINO;1;F;38,117351;13,350873
25/01/2023;10:50;VIA CATANIA intersezione con VIA CUSMANO GIACOMO;0;C;38,126805;13,346756
25/01/2023;12:05;VIA BELGIO nr. 47;0;C;38,151037;13,329937
25/01/2023;15:14;VIA ORETO altezza del civico 306;0;C;38,103188;13,369562
25/01/2023;19:30;VIA DEI QUARTIERI altezza del civico 23;1;F;38,163488;13,330116
25/01/2023;22:10;VIA CUSMANO GIACOMO intersezione VIA MARCONI GUGLIELMO;2;F;38,12476;13,347949
26/01/2023;07:53;VIALE REGIONE SICILIANA N.O. altezza 4850;0;C;38,14716;13,327171
26/01/2023;09:15;VIA ORETO intersezione con VIA ACCASCINA FILIPPO;1;F;38,100749;13,371005
26/01/2023;09:40;VIA BERGAMO pressi via F. corazza;0;C;38,102994;13,366219
26/01/2023;11:00;VIALE REGIONE SICILIANA N.O. altezza del civico 4365;1;F;38,146053;13,328691
26/01/2023;11:10;VIA DELLA LIBERTA' altezza del civico 106/A;0;C;38,141189;13,344936
26/01/2023;14:20;VIA DUCA DELLA VERDURA intersezione VIA DELLA LIBERTA';0;C;38,13372;13,349768
26/01/2023;18:40;VIA GREGORIO ROSARIO altezza del civico 16;0;C;38,110845;13,36774
26/01/2023;19:15;VIA ROMA intersezione con PIAZZA S.DOMENICO;1;F;38,11852;13,36266
27/01/2023;00:20;VIA INGRASSIA GIAN FILIPPO intersezione con CORSO DEI MILLE;0;C;38,10895;13,370783
27/01/2023;02:30;VIA DEI BENEDETTINI intersezione PIAZZA PORTA MONTALTO;0;C;38,108624;13,355751
27/01/2023;13:30;VIA ALTOFONTE altezza 229;0;C;38,079444;13,322935
27/01/2023;15:20;VIALE REGIONE SICILIANA di fronte PAGLIARELLI;3;F;38,092072;13,341414
27/01/2023;20:10;VIA MAJORANA ETTORE intersezione con VIA MINUTILLA SALVATORE;1;F;38,16279;13,310266
28/01/2023;00:15;VIA CRISPI FRANCESCO intersezione con VIA DELLO SPEZIALE;1;F;38,128741;13,361356
28/01/2023;03:00;VIALE DEL FANTE altezza piazza niscemi;0;C;38,163062;13,332841
28/01/2023;03:20;PIAZZA NASCE' FRANCESCO intersezione con VIA MAZZINI;1;F;38,128004;13,356419
28/01/2023;04:50;VIA ALTOFONTE a mt. 70 dopo 138;2;F;38,098973;13,337774
28/01/2023;13:30;CORSO CALATAFIMI altezza del civico 75;1;F;38,111211;13,350347
28/01/2023;14:15;VIA CAPPUCCINI di fronte al civico 174;1;F;38,110694;13,341187
28/01/2023;14:20;VIALE REGIONE SICILIANA S.E. s.n.c.;3;F;38,090203;13,3834
28/01/2023;14:20;VIA DELLA LIBERTA' di fronte al civico 46;1;F;38,130547;13,351817
28/01/2023;22:30;VIALE LAZIO intersezione VIA SCIUTI GIUSEPPE;2;F;38,141927;13,337362
29/01/2023;01:15;VIA LA MALFA UGO di fronte Comando P.M.;0;C;38,16141;13,314946
29/01/2023;18:00;VIALE REGIONE SICILIANA N.O. carr. centrale dir.ct;0;C;38,114121;13,329298
29/01/2023;20:15;VIA PECORAINO FILIPPO altezza del civico 16;2;F;38,096791;13,393881
30/01/2023;01:00;VIALE LEONARDO DA VINCI di fronte al civico 396;0;C;38,126725;13,314508
30/01/2023;03:40;VIA PECORI GIRALDI GUGLIELMO M intersezione PIAZZA GRANDI ACHILLE;2;F;38,097125;13,400041
30/01/2023;07:48;VIA ALDISIO SALVATORE intersezione VIA DANIMARCA;1;F;38,155591;13,330131
30/01/2023;09:10;VIA MORSO SALVATORE intersezione VIA ARCOLEO GIORGIO;1;F;38,106705;13,36131
30/01/2023;12:00;VIALE REGIONE SICILIANA N.O. altezza (inters.) VIA PERPIGNANO;1;F;38,119411;13,328507
30/01/2023;14:10;VIA BRIGATA VERONA intersezione con VIALE CAMPANIA;0;C;38,144057;13,339749
30/01/2023;17:10;VIA ROMA altezza del civico 65;1;F;38,113299;13,365303
30/01/2023;23:25;VIA ALMERICO PASQUALE altezza del civico 8;1;F;38,088905;13,353161
31/01/2023;06:45;VIALE GALILEO GALILEI intersezione con VIA PRINCIPE DI PATERNO';0;C;38,136374;13,332591
31/01/2023;07:45;VIA SPERONE di fronte al civico 284;0;C;38,099143;13,401202
31/01/2023;10:00;VIALE DUCA DEGLI ABRUZZI di fronte al civico 14/A;1;F;38,171765;13,327369
31/01/2023;14:00;VIA DELL'ORSA MINORE intersezione VIA DELL'ORSA MAGGIORE;1;F;41,813051;12,445822
31/01/2023;15:50;VIA LA LOGGIA GAETANO intersezione VIA SUNSERI GIUSEPPE;3;F;38,108481;13,338682
31/01/2023;18:00;VIA DANTE nr. 332 A;2;F;38,121812;13,342661
31/01/2023;19:20;VIALE DEL FANTE a mt. 63,20 dal n?64;1;F;38,155981;13,338359
01/02/2023;06:45;VIALE GALILEO GALILEI intersezione VIA PACINOTTI ANTONIO;0;C;38,130037;13,334951
01/02/2023;08:00;VIA TIRO A SEGNO altezza del civico 60;0;C;38,111048;13,376486
01/02/2023;08:15;VIALE MARGHERITA DI SAVOIA altezza P.ZA VALDESI;1;F;38,196652;13,331832
01/02/2023;10:30;VIA LIGURIA intersezione con VIA VAL DI MAZARA;1;F;38,14798;13,334568
01/02/2023;11:20;VIALE REGIONE SICILIANA in prossimit? di RAMPA MICHELANG;0;C;38,139216;13,331053
01/02/2023;12:20;VIA SAMMARTINO altezza del civico 85;1;F;38,126107;13,349284
01/02/2023;12:40;VIA PAPIRETO altezza del civico 22;2;F;38,1157;13,352859
01/02/2023;13:30;VIA CORAZZA FILIPPO intersezione VIA D'ONDES REGGIO VITO;1;F;38,107964;13,362959
01/02/2023;13:50;VIALE REGIONE SICILIANA N.O. intersezione VIA PRINCIPE DI PATERNO';2;F;38,135719;13,330929
01/02/2023;15:15;VIA PONTE DI MARE altezza del civico 49;1;F;38,113105;13,377919
01/02/2023;15:45;VIALE REGIONE SICILIANA S.E. carreggiata centrale alt. civ. 515;1;M;38,099055;13,332423
01/02/2023;17:00;VIALE LEONARDO DA VINCI altezza del civico 176;1;F;38,127925;13,326842
02/02/2023;08:20;VIALE REGIONE SICILIANA N.O. di fronte al civico 1245;1;F;38,114506;13,329572
02/02/2023;10:00;VIA TOMASI CARDINALE intersezione VIA PELLICO SILVIO;1;F;38,115086;13,345483
02/02/2023;11:50;VIA ROMA altezza del civico 149;1;F;38,115032;13,364431
02/02/2023;13:00;VIA LIGURIA intersezione VIA TOSCANA;0;C;38,144259;13,337059
02/02/2023;18:20;PIAZZA VIRGILIO altezza del civico 11;1;F;38,123928;13,348531
02/02/2023;20:05;VIALE STRASBURGO altezza (spec.) 352;0;C;38,157055;13,326246
03/02/2023;03:40;CORSO DEI MILLE altezza del civico 1562;2;R;38,09019;13,417301
03/02/2023;07:30;VIALE REGIONE SICILIANA S.E. s.n.c.;1;F;38,087177;13,398164
03/02/2023;08:00;VIA MONTEPELLEGRINO intersezione VIA SPEDALIERI NICOLO';0;C;38,13836;13,358444
03/02/2023;08:15;VIALE STRASBURGO in prossimit? di incrocio;0;C;38,151984;13,33147
03/02/2023;10:30;VIA MARCONI GUGLIELMO intersezione VIA CUSMANO GIACOMO;1;F;38,124751;13,347958
03/02/2023;12:00;VIA MONTE S.CALOGERO nr. 18;1;F;38,152517;13,326396
03/02/2023;12:05;VIA DUCA DELLA VERDURA nr. 24;0;C;38,134521;13,352918
03/02/2023;16:00;VIALE REGIONE SICILIANA S.E. di fronte al civico 399;1;F;38,100045;13,331479
03/02/2023;19:45;VIA BASILE ERNESTO di fronte via S.Pelligra;3;F;38,097923;13,346114
03/02/2023;20:50;VIA SCIUTI GIUSEPPE nr. 103;0;C;38,141153;13,337901
04/02/2023;03:00;PIAZZA MONTE DI PIETA' altezza DELLA;0;C;38,117031;13,357181
04/02/2023;08:30;VIA PITRE' GIUSEPPE intersezione con VIA CAMARDA DEMETRIO;2;F;38,110491;13,334972
04/02/2023;11:00;VIA VILLAGRAZIA altezza VIA ETNA;0;C;38,086629;13,338957
04/02/2023;19:50;VIA PIRANDELLO LUIGI intersezione VIA GIUSTI GIUSEPPE;2;F;38,137642;13,345249
04/02/2023;21:11;VIA PORTELLA DELLA GINESTRA pressi CIVICO 32;1;F;38,100809;13,392169
04/02/2023;22:55;VIA RIZZO AMMIRAGLIO altezza (inters.) VIA LEOTTA EUGENIO;0;C;38,144247;13,365164
05/02/2023;04:00;FORO UMBERTO I altezza Palco;2;F;38,117525;13,37306
05/02/2023;04:35;VIA NIGRA COSTANTINO altezza del civico 25;0;C;38,128985;13,348226
05/02/2023;04:40;VIALE REGIONE SICILIANA N.O. carr. centrale D.CT DF N. 1950;0;C;38,120749;13,328663
05/02/2023;12:10;VIA CIMABUE GIOVANNI intersezione con VIA CAMILLIANI CAMILLO;0;C;38,130096;13,324228
05/02/2023;13:45;VIA CIRINCIONE GIUSEPPE altezza del civico 67;1;F;38,098742;13,388061
05/02/2023;16:00;VIA ALBANESE ENRICO altezza (spec.) P.ZZA;1;F;38,131496;13,360009
05/02/2023;18:30;VIALE REGIONE SICILIANA S.E. altezza del civico VIA;0;C;38,098254;13,333135
05/02/2023;19:50;PIAZZETTA PORTA GUCCIA intersezione con VIA PAPIRETO;3;F;38,118947;13,350953
06/02/2023;10:30;VIA TRABUCCO altezza (spec.) scivolo P.Socc;1;F;38,154852;13,314112
06/02/2023;12:00;VIALE STRASBURGO in prossimit? di via belgio;0;C;38,151723;13,331187
06/02/2023;13:55;PIAZZA VERDI GIUSEPPE altezza del civico 54;1;F;38,120658;13,356848
06/02/2023;14:15;VIALE VENERE intersezione VIA MARINAI ALLIATA;0;C;38,189679;13,328451
07/02/2023;00:25;VIA LANZA DI SCALEA GIUSEPPE altezza via mormino;1;F;38,175427;13,311162
07/02/2023;03:15;VIA RE FEDERICO altezza del civico 15;0;C;38,122375;13,346843
07/02/2023;07:55;VIA ORETO intersezione con VIA TODARO AGOSTINO;1;F;38,104592;13,368639
07/02/2023;08:05;VIALE STRASBURGO altezza (inters.) VIA PRINCIPE DI PANTELLERIA;1;F;38,160013;13,323617
07/02/2023;09:00;VIA NOTARBARTOLO EMANUELE intersezione con VIA TERRASANTA;1;F;38,132131;13,343458
07/02/2023;09:00;VIA RESTIVO EMPEDOCLE nr. 2;1;F;38,142015;13,337158
07/02/2023;09:25;VIA DELLA LIBERTA' intersezione PIAZZA VITTORIO VENETO;1;F;38,145305;13,342276
07/02/2023;10:15;VIA CAVOUR CAMILLO altezza del civico 53;1;F;38,122433;13,362448
07/02/2023;14:20;PIAZZA LEONI intersezione con VIALE DIANA;1;F;38,146884;13,344015
07/02/2023;14:50;VIA DAMMUSO intersezione VIA DEI PESCATORI;0;C;38,199225;13,277458
07/02/2023;16:40;VIA S.ISIDORO intersezione VIA AI VILLINI SANT'ISIDORO;1;F;38,121056;13,298142
07/02/2023;17:30;CORSO DEI MILLE intersezione VIA CORSELLI RODOLFO GEN.;4;F;38,096484;13,397646
07/02/2023;19:30;CORSO CALATAFIMI altezza del civico 1084;1;F;38,093518;13,307521
07/02/2023;19:56;VIALE REGIONE SICILIANA S.E. altezza del civico 1914;1;R;38,089425;13,345524
07/02/2023;23:40;VIA NOTARBARTOLO EMANUELE intersezione con VIA MORELLO NUNZIO;2;F;38,132369;13,34437
08/02/2023;02:00;VIA BASILE ERNESTO di fronte via solarino;0;C;38,101677;13,348192
08/02/2023;06:40;VIA NIGRA COSTANTINO intersezione VIA PRINCIPE DI VILLAFRANCA;2;F;38,12942;13,349407
08/02/2023;08:05;PIAZZA EINSTEIN ALBERT pressi VIA UDITORE;0;C;38,12822;13,32754
08/02/2023;14:30;VIA TASCA LANZA altezza del civico 110;1;F;38,113437;13,329176
08/02/2023;15:15;VIA ALTOFONTE nr. 89/c;1;F;38,095089;13,335953
08/02/2023;17:30;VIA LI PUMA EPIFANIO intersezione con VIA CILLUFFO;0;C;38,094497;13,406975
08/02/2023;20:30;PIAZZA DEGLI ARAGONESI altezza fond.T Massimo;1;F;38,117812;13,35672
09/02/2023;06:15;CORSO CALATAFIMI altezza del civico 1035/d;1;F;38,097321;13,316076
09/02/2023;07:40;VIA S.AGOSTINO altezza del civico 102;0;C;38,11781;13,357189
09/02/2023;10:20;VIA LITTARA VINCENZO intersezione con VIA CASSARINO ANTONIO;1;F;38,119639;13,334503
09/02/2023;11:02;CORSO CALATAFIMI altezza del civico 486;0;C;38,101595;13,326671
09/02/2023;14:20;VIA RAMPOLLA MARIANO CARD. di fronte V. BELMONTE;0;C;38,145829;13,367867
09/02/2023;14:30;VIA MAGG. PERNI FRANCESCO intersezione CORSO TUKORY;1;F;38,109067;13,36052
09/02/2023;14:45;VIALE REGIONE SICILIANA N.O. altezza (spec.) nina siciliana;0;C;38,117002;13,329041
09/02/2023;17:40;VIA LANZA DI SCALEA GIUSEPPE in prossimit? di VELODROMO;0;C;38,172931;13,312186
09/02/2023;18:45;VIA S.FILIPPO nr. 112;2;F;38,090447;13,362365
09/02/2023;18:45;VIALE DELLE ALPI intersezione con VIALE DELLE MAGNOLIE;1;F;38,139882;13,336565
10/02/2023;00:30;VIALE GALATEA intersezione con VIA SALINE;0;C;38,19843;13,31859
10/02/2023;05:00;VIA CATANIA altezza del civico 8;0;C;38,128847;13,35182
10/02/2023;07:30;VIALE GIULIANO BORIS intersezione con VIALE DELLE MAGNOLIE;0;C;38,141169;13,341422
10/02/2023;09:30;VIA DANTE intersezione VIA SPATARO SALVATORE;1;F;38,122655;13,346187
10/02/2023;12:20;VIA DON ORIONE altezza del civico 16;1;F;38,142865;13,36198
10/02/2023;14:30;VIA NINA SICILIANA altezza 22;0;C;38,116133;13,332291
10/02/2023;18:10;VIA MARCONI GUGLIELMO intersezione VIA CAVALLARI SAVERIO;1;F;38,12558;13,350118
10/02/2023;18:30;VIA NINA SICILIANA intersezione con VIA GUBBIO;2;R;38,117474;13,331666
10/02/2023;23:30;VIA PELLICO SILVIO intersezione VIA TOMASI CARDINALE;0;C;38,115079;13,34547
11/02/2023;02:30;VIA PECORAINO FILIPPO intersezione PIAZZA ALBERIONE GIACOMO BEATO;3;R;38,094017;13,402845
11/02/2023;10:20;VIALE LEONARDO DA VINCI intersezione con VIALE GALILEO GALILEI;2;F;38,13002;13,334972
11/02/2023;14:30;VIA TERRASANTA intersezione con VIA DAMIANI ALMEYDA;0;C;38,130434;13,344491
11/02/2023;14:45;VIA ROMA intersezione con VIA BANDIERA;1;F;38,118481;13,362631
11/02/2023;23:15;CORSO CALATAFIMI di fronte al civico 703;1;F;38,102652;13,329224
12/02/2023;00:30;VIA LINCOLN nr. 19;2;F;38,11412;13,37384
12/02/2023;03:00;VIA GUERRA LEARCO s.n.c.;1;F;38,153269;13,336223
12/02/2023;03:40;VIALE REGIONE SICILIANA N.O. altezza osp. Cervello;0;C;38,157317;13,315418
12/02/2023;05:30;FORO UMBERTO I altezza porta felice;0;C;38,117895;13,372782
12/02/2023;06:30;VIALE DELLA RESURREZIONE altezza del civico 101;1;F;38,164639;13,31928
12/02/2023;13:25;VIA TOMMASO NATALE nr. 55;0;C;38,174215;13,301816
12/02/2023;16:50;VIA CADUTI DELL'8 LUGLIO 1960 intersezione VIA BELMONTE CHIAVELLI;0;C;38,096731;13,368853
13/02/2023;07:15;PIAZZA NASCE' FRANCESCO intersezione con VIA MAZZINI;1;F;38,128004;13,35643
13/02/2023;13:50;VIALE REGIONE SICILIANA altezza del civico 3024;0;C;38,131186;13,329821
13/02/2023;15:45;VIA MALASPINA altezza del civico 24;0;C;38,126997;13,343539
13/02/2023;20:20;VIALE REGIONE SICILIANA N.O. altezza del civico 961;4;R;38,111899;13,329906
13/02/2023;23:59;VIA LA MALFA UGO altezza via tranchina;0;C;38,162258;13,314346
14/02/2023;07:40;VIA PARATORE GIUSEPPE intersezione con VIA DELL'ORSA MINORE;1;F;38,096696;13,371615
14/02/2023;09:30;VIA PRINCIPE DI PATERNO' intersezione VIA PALATUCCI GIOVANNI;0;C;38,135859;13,331316
14/02/2023;10:20;VIA LA MALFA UGO intersezione VIA MAJORANA ETTORE;0;C;38,1638;13,312467
14/02/2023;10:20;PIAZZA MAGIONE pressi VIA ALLORO;0;C;38,117081;13,369331
14/02/2023;11:00;VIA MONTEPELLEGRINO altezza del civico d.f. civ.79;1;R;38,137605;13,358366
14/02/2023;13:45;VIA BASILE ERNESTO di fronte al civico 114;1;F;38,104383;13,350551
14/02/2023;13:45;VIA SPADOLINI GIOVANNI in prossimit? di INT. S. LORENZO;0;C;38,169222;13,311146
14/02/2023;14:30;VIA FALCANDO UGO in prossimit? di pochi metri;1;F;38,126658;13,336894
14/02/2023;14:45;VIALE REGIONE SICILIANA N.O. s.n.c.;2;F;38,107914;13,330349
14/02/2023;15:05;LARGO DI MAGGIO JOE intersezione VIALE DELL'OLIMPO;2;F;38,189255;13,315007
14/02/2023;15:50;VIA TOSCANA altezza del civico 4;0;C;38,144138;13,336854
14/02/2023;16:40;VIA STABILE MARIANO intersezione VIA VILLAERMOSA;0;C;38,123418;13,358853
14/02/2023;20:58;VIALE STRASBURGO di fronte al civico 352;1;F;38,157046;13,326261
15/02/2023;00:10;VIALE DELLA RESURREZIONE intersezione VIA STAZIONE S.LORENZO;1;F;38,164388;13,318869
15/02/2023;08:10;PIAZZA GIOVANNI PAOLO II PAPA altezza (inters.) VIA CASSARA' ANTONINO;1;F;38,150905;13,338653
15/02/2023;08:30;VIA DELL'AUTONOMIA SICILIANA altezza del civico 123;1;F;38,142003;13,354415
15/02/2023;18:25;VIA BASILE ERNESTO di fronte al civico 24;1;F;38,107162;13,353909
15/02/2023;18:45;CORSO CALATAFIMI intersezione VIA DE FILIPPO TITINA;0;C;38,101926;13,327444
15/02/2023;19:30;VIA PAZIENZA altezza del civico 30/a;1;F;38,201448;13,319663
15/02/2023;20:27;VIA CAVIGLIA MARESCIALLO pressi -;0;C;38,140854;13,350026
15/02/2023;21:40;VIA CADORNA LUIGI GEN. altezza del civico 38;1;M;38,111064;13,355307
16/02/2023;07:45;VIA BERNINI GIAN LORENZO intersezione con VIA MINEO NICOLO';2;F;38,132766;13,325653
16/02/2023;07:50;VIA CAVOUR CAMILLO altezza del civico 9;1;F;38,122287;13,361846
16/02/2023;10:45;VIALE REGIONE SICILIANA altezza del civico 7631;0;C;38,08564;13,413761
16/02/2023;14:00;ROTONDA BRASILE in prossimit? di V. MICHELANGELO;0;C;38,139208;13,330942
16/02/2023;14:50;VIA D'ASTORGA EMANUELE intersezione VIA SIGISMONDO D'INDIA;1;F;38,099476;13,335127
16/02/2023;15:12;VIA DELLA LIBERTA' intersezione con VIA DI MARZO GIOACCHINO;0;C;38,134799;13,349057
16/02/2023;18:00;VIA CASTELFORTE altezza del civico 109;0;C;38,193486;13,317295
16/02/2023;19:30;PIAZZA STURZO LUIGI intersezione con VIA CASCINO ANTONINO GEN.;1;F;38,126655;13,357873
16/02/2023;19:30;VIA PORTO SALVO in prossimit? di cartello ZTL;1;F;38,118542;13,367377
16/02/2023;21:00;VIA BASILE ERNESTO intersezione VIA RAITI CARMELO;1;F;38,097325;13,345605
16/02/2023;23:00;CORSO DEI MILLE intersezione con VIA S.ALBERTO DEGLI ABATI;1;F;38,096088;13,399513
17/02/2023;08:00;PIAZZA PALLAVICINO altezza del civico 36;1;F;38,172472;13,327133
17/02/2023;12:30;VIA ATTINELLI SALVATORE altezza del civico 38;1;F;38,133139;13,303791
17/02/2023;19:44;CORSO CALATAFIMI di fronte al civico 819;1;F;38,101476;13,326283
17/02/2023;21:30;VIA MORTILLARO VINCENZO intersezione VIA PEREZ FRANCESCO PAOLO;1;F;38,104892;13,367239
18/02/2023;02:25;VIA DANTE intersezione VIA NARBONE ALESSIO;0;C;38,122116;13,343941
18/02/2023;09:30;VIALE GIULIANO BORIS intersezione con VIALE DELLE MAGNOLIE;0;C;38,14116;13,341395
18/02/2023;11:30;VIALE REGIONE SICILIANA N.O. altezza del civico 3350;1;F;38,133861;13,330336
18/02/2023;13:00;VIA CRISPI FRANCESCO intersezione LARGO FIAMME GIALLE;0;C;38,127346;13,362108
18/02/2023;15:15;PIAZZA ACQUASANTA intersezione VIA GULI' SIMONE COM.;1;F;38,143424;13,367284
18/02/2023;16:15;VIALE REGIONE SICILIANA S.E. altezza del civico 226;1;F;38,100961;13,331134
18/02/2023;17:30;VIALE REGIONE SICILIANA N.O. altezza VILLA ELEONORA;1;F;38,117233;13,329074
18/02/2023;19:10;VIA LANZA DI SCALEA GIUSEPPE intersezione con VIA GUTTUSO RENATO;2;F;38,174915;13,311981
19/02/2023;04:45;VIA CRISPI FRANCESCO altezza (inters.) VIA CACIOPPO LEONARDO;0;C;38,121327;13,366068
19/02/2023;08:45;PIAZZA TURBA EUCLIDE GEN. intersezione VIA SCHIFANI VITO;0;C;38,101044;13,338351
19/02/2023;15:40;VIA GRASSO GIOVANNI altezza del civico 38;2;F;38,109947;13,359906
20/02/2023;06:20;VIA LA MALFA UGO intersezione VIA TRANCHINA GIUSEPPE;3;F;38,162253;13,314347
20/02/2023;08:00;LARGO ZAPPALA' GIOVANNI intersezione con VIA PRINCIPE DI PATERNO';1;F;38,137618;13,335649
20/02/2023;08:25;PIAZZA EINSTEIN ALBERT altezza LATO MARE;0;C;38,128904;13,330281
20/02/2023;10:30;PIAZZA GIULIO CESARE altezza INGR. STAZIONE;0;C;38,110268;13,366756
20/02/2023;10:45;VIA GARZILLI NICCOLO' intersezione VIA PARISI ENRICO;1;F;38,125957;13,352446
20/02/2023;13:00;VIA MARCONI GUGLIELMO intersezione con VIA CUSMANO GIACOMO;1;F;38,124747;13,347954
20/02/2023;14:55;VIA LANZA DI SCALEA GIUSEPPE altezza del civico 1963;0;C;38,181991;13,305394
20/02/2023;16:15;CORSO DEI MILLE altezza del civico 447;1;F;38,102205;13,380222
20/02/2023;22:10;VIALE REGIONE SICILIANA altezza del civico 769;0;C;38,087049;13,396377
21/02/2023;11:10;VIA PITRE' GIUSEPPE altezza del civico 146/B;1;F;38,110562;13,326629
21/02/2023;13:10;VIA ARTALE VITO GEN. altezza (inters.) LARGO SANTORO ENRICO;2;F;38,099512;13,348247
21/02/2023;14:00;FORO UMBERTO I altezza .;1;F;38,11675;13,374806
21/02/2023;14:15;VIA NOTARBARTOLO EMANUELE altezza del civico 19 B;1;F;38,13285;13,34628
21/02/2023;15:00;VIALE REGIONE SICILIANA N.O. altezza del civico 7731;3;F;38,16652;13,304749
21/02/2023;15:10;VIA BASILE ERNESTO di fronte al civico 170;0;C;38,101899;13,348323
21/02/2023;16:35;VIA LI BASSI GIUSEPPE di fronte al civico 16;0;C;38,101807;13,352795
21/02/2023;21:50;VIA ALTOFONTE altezza del civico 97/M;0;C;38,095198;13,335974
21/02/2023;23:05;VIA GOETHE altezza del civico 63;0;C;38,121652;13,350572
22/02/2023;10:05;VIA ORETO altezza del civico 12/A;0;C;38,109592;13,365428
22/02/2023;10:40;VIALE EMILIA intersezione VIA TRINACRIA;0;C;38,1466;13,338521
22/02/2023;12:00;VIA GIOIA FLAVIO altezza del civico 76;1;F;38,122222;13,334081
22/02/2023;12:00;VIA PECORAINO FILIPPO intersezione con VIA FAVIER PROSPERO;1;F;38,096939;13,392444
22/02/2023;13:20;STRADA STATALE 624 altezza del km 4900;2;F;38,090342;13,305027
22/02/2023;14:15;VIA GIAFAR EMIRO altezza 116;1;F;38,091279;13,385549
22/02/2023;15:55;VIA PALAZZOTTO EMMANUELE a mt. 20 circa;1;F;38,195882;13,276381
22/02/2023;17:30;VIA LI BASSI GIUSEPPE intersezione con VIA MADONIA VINCENZO;2;F;38,098426;13,353646
22/02/2023;19:00;STRADA STATALE 624 altezza del km 1;0;C;38,086039;13,332558
22/02/2023;19:50;VIA DELLA LIBERTA' intersezione VIA DI MARZO GIOACCHINO;1;F;38,134804;13,349059
22/02/2023;23:15;VIA LANZA DI SCALEA GIUSEPPE altezza del civico 1589;1;F;38,176809;13,309989
23/02/2023;03:10;PONTE AMMIRAGLIO altezza ponte;0;C;38,105591;13,375047
23/02/2023;10:05;VIALE PRINCIPESSA IOLANDA intersezione con VIALE COLONIA MARINA;1;F;38,193972;13,334335
23/02/2023;11:15;VIA NINA SICILIANA intersezione con VIA DEGLI EMIRI;1;F;38,115141;13,332167
23/02/2023;14:00;VIA DE COSMI GIOVANNI AGOSTINO intersezione VIA SAMPOLO;0;C;38,139734;13,35176
23/02/2023;14:27;VIA NOTARBARTOLO EMANUELE intersezione VIA MORELLO NUNZIO;0;C;38,132376;13,344373
23/02/2023;15:10;VIALE REGIONE SICILIANA S.E. altezza del civico 2578;0;C;38,086702;13,354066
23/02/2023;17:30;VIA MADDALENA UMBERTO intersezione VIA LA GUARDIA FIORELLO;2;F;38,097531;13,309806
24/02/2023;04:40;VIA ORETO intersezione con VIA BERGAMO;1;F;38,103912;13,369098
24/02/2023;07:45;VIA SAMPOLO di fronte al civico 488;0;C;38,144696;13,346522
24/02/2023;08:10;VIALE FRANCIA intersezione con VIA LA MALFA UGO;0;C;38,154094;13,321009
24/02/2023;08:10;VIALE DEL FANTE altezza (spec.) stadio;1;F;38,152369;13,340817
24/02/2023;08:10;VIA LITTARA VINCENZO altezza del civico 107;1;F;38,119245;13,334353
24/02/2023;08:15;VIA DELLA LIBERTA' intersezione VIA DI MARZO GIOACCHINO;1;F;38,134792;13,34906
24/02/2023;08:50;VIA SPADOLINI GIOVANNI pressi sottoponte;2;F;38,167655;13,308273
24/02/2023;13:30;VIA NOTARBARTOLO EMANUELE intersezione con VIA LEOPARDI GIACOMO;1;F;38,132966;13,346693
24/02/2023;18:10;VIA COSTA GAETANO pressi ESSO;0;C;38,092331;13,336122
24/02/2023;19:30;VIA ZANDONAI RICCARDO intersezione con VIA CILEA FRANCESCO;1;F;38,133578;13,338361
25/02/2023;00:10;VIALE DIANA altezza Canc. Giusino;0;C;38,16634;13,339364
25/02/2023;00:15;VIA S.ISIDORO nr. non specificato;0;C;38,125066;13,300485
25/02/2023;02:45;VIA MARCHESE DI ROCCAFORTE intersezione PIAZZA DON BOSCO;1;F;38,144398;13,345812
25/02/2023;04:00;VIALE LEONARDO DA VINCI nr. 388;4;F;38,126818;13,318524
25/02/2023;09:30;VIA GRAVINA AMMIRAGLIO intersezione VIA LA MASA GIUSEPPE;1;F;38,12611;13,3613
25/02/2023;10:15;VIA D'AQUINO RINALDO altezza del civico 5;1;F;38,11887;13,335247
25/02/2023;12:10;VIA PRINCIPE DI PATERNO' altezza del civico 137;1;F;38,13676;13,333604
25/02/2023;13:10;VIA SAVONAROLA GIROLAMO intersezione con VIA DI BLASI E. GIOVANNI;1;F;38,123273;13,320793
25/02/2023;13:20;VIA PECORAINO FILIPPO altezza (spec.) forum;1;F;38,090469;13,409943
25/02/2023;15:10;VIA AIROLDI CESARE intersezione con VIA JUVARA ALOISIO;2;F;38,139373;13,361523
25/02/2023;16:25;VIA PADRE ANNIBALE M DI FRANCIA altezza del civico snc;1;F;38,097186;13,40191
25/02/2023;21:15;VIA NOCE intersezione con VIA LITTARA VINCENZO;1;F;38,121176;13,335056
26/02/2023;01:10;CORSO FINOCCHIARO APRILE CAMILLO intersezione con VIA NARBONE ALESSIO;7;F;38,118234;13,34538
26/02/2023;02:50;VIA SAMPOLO altezza del civico 65;3;F;38,140156;13,351441
26/02/2023;05:00;VIA LA FARINA GIUSEPPE intersezione con VIA PRINCIPE DI VILLAFRANCA;1;F;38,129002;13,349657
26/02/2023;11:55;VIALE STRASBURGO altezza del civico 352;1;F;38,157085;13,32627
26/02/2023;16:30;VIA PRINCIPE DI BELMONTE intersezione con VIA AMARI MICHELE;2;F;38,1249;13,359728
26/02/2023;21:25;VIA S.RAFFAELE ARCANGELO intersezione VIA BILARDELLO STEFANO;0;C;38,095943;13,349689
26/02/2023;23:20;VIA MESSINA MARINE altezza del civico 512;1;F;38,096814;13,422145
27/02/2023;02:00;VIA CANTORE ANTONINO GEN. intersezione VIA DI MARIA EUGENIO GEN.;0;C;38,127109;13,345415
27/02/2023;06:45;CORSO CALATAFIMI altezza del civico 763;1;F;38,102135;13,327982
27/02/2023;11:00;VIA MODICA altezza del civico FRONTE N.20;0;C;38,128574;13,299021
27/02/2023;13:15;VIA LA MALFA UGO altezza del civico 169;0;C;38,165713;13,308262
27/02/2023;14:15;VIA RIZZO AMMIRAGLIO altezza del civico 57;0;C;38,143837;13,362036
27/02/2023;15:58;VIALE MARIA SS. MEDIATRICE intersezione con PIAZZA BARBARINO COSTANZO;0;C;38,101202;13,334687
27/02/2023;18:20;VIA SAITTA LONGHI altezza 120;1;F;38,091323;13,308232
28/02/2023;16:00;VIALE MARGHERITA DI SAVOIA di fronte al civico 119;2;R;38,175072;13,336551
28/02/2023;17:15;VIA CAVOUR CAMILLO altezza 96;1;F;38,121446;13,358695
28/02/2023;17:50;VIA GRASSI LIBERO di fronte al civico 5;1;F;38,114449;13,332285
01/03/2023;13:25;PIAZZA DELLA PACE intersezione con VIA ARCHIMEDE;1;F;38,130757;13,359762
01/03/2023;14:25;VIALE NICOLETTI ROSARIO altezza (spec.) q8;0;C;38,189002;13,297304
01/03/2023;15:25;CORSO CALATAFIMI di fronte al civico 431;1;F;38,106197;13,337949
01/03/2023;17:55;VIA LINCOLN altezza del civico 25;1;F;38,113995;13,373615
01/03/2023;20:35;VIA LA MANTIA VITO intersezione VIA VILLA FLORIO;1;F;38,120655;13,346442
02/03/2023;08:00;PIAZZA S.FRANCESCO DI PAOLA di fronte piazza s.oliva;1;F;38,121482;13,352928
02/03/2023;08:05;PIAZZA EINSTEIN ALBERT altezza L.DO DA VINCI;0;C;38,128684;13,328749
02/03/2023;14:10;VIA PALMERINO altezza del civico 36;1;F;38,099653;13,336744
02/03/2023;14:21;VIA NOTARBARTOLO EMANUELE intersezione PIAZZA BOIARDO MATTEO MARIA;1;F;38,131983;13,342769
02/03/2023;16:55;VIALE REGIONE SICILIANA N.O. s.n.c.;0;C;38,107962;13,330178
02/03/2023;17:30;VIA SARULLO LUIGI altezza del civico 5;1;F;38,123562;13,303264
03/03/2023;02:15;VIA DANTE intersezione con PIAZZA VIRGILIO;1;F;38,123424;13,349246
03/03/2023;06:35;CORSO CALATAFIMI altezza (inters.) VIA POLLACI GIUSEPPE;0;C;38,102937;13,329909
03/03/2023;08:00;VIA VILLA FLORIO intersezione con VIA LA MANTIA VITO;2;F;38,120657;13,34643
03/03/2023;11:10;VIA DECOLLATI pressi civ.4;0;C;38,106458;13,373157
03/03/2023;14:20;VIA PADRE GIUSEPPE PUGLISI intersezione con VIA FERRARI ORSI FEDERICO;1;F;38,101729;13,390188
03/03/2023;17:00;VIALE DE GASPERI ALCIDE intersezione con VIA AUSONIA;2;F;38,149731;13,334635
03/03/2023;19:30;CORSO DEI MILLE altezza del civico 1520;1;F;38,090488;13,415922
04/03/2023;01:30;VIALE DELL'OLIMPO altezza del civico 30;1;F;38,188895;13,307124
04/03/2023;04:24;PIAZZA COLONNA di fronte civico 6;0;C;38,121835;13,36154
04/03/2023;09:00;VIA AQUILEIA altezza del civico 52;0;C;38,14194;13,332996
04/03/2023;14:30;VIALE REGIONE SICILIANA N.O. intersezione con VIA PITRE' GIUSEPPE;1;F;38,110725;13,329737
04/03/2023;16:00;VIA LANCIA DI BROLO DOMENICO intersezione con VIA CAMPOLO GIOVANNI;1;F;38,128232;13,332964
04/03/2023;19:45;VIALE REGIONE SICILIANA N.O. altezza del civico 9874 B;0;C;38,173314;13,297178
04/03/2023;20:10;VIALE STRASBURGO intersezione VIA STAZIONE S.LORENZO;1;F;38,164164;13,318723
05/03/2023;02:45;VIA ARCHIMEDE intersezione VIA BASSI UGO;0;C;38,129281;13,356145
05/03/2023;03:00;VIALE ERCOLE intersezione VIALE DIANA;0;C;38,15168;13,350198
05/03/2023;03:10;VIALE DUCA DEGLI ABRUZZI intersezione VIALE DELLA RESURREZIONE;2;F;38,170681;13,327795
05/03/2023;08:30;VIALE REGIONE SICILIANA S.E. pressi VIA ORETO;0;C;38,09186;13,376837
05/03/2023;15:20;VIA DE SALIBA ANTONIO intersezione PIAZZA CHINNICI ROCCO;0;C;38,133103;13,333109
05/03/2023;18:35;VIA PITRE' GIUSEPPE nr. 168;2;F;38,110484;13,323811
05/03/2023;19:30;CORSO ALBERTO AMEDEO nr. 61;2;F;38,117426;13,350892
05/03/2023;20:15;VIALE FRANCIA altezza del civico 4;1;F;38,15506;13,323409
06/03/2023;01:50;VIALE REGIONE SICILIANA N.O. altezza SOTT. PITRE';2;F;38,110559;13,329768
06/03/2023;09:40;VIALE NICOLETTI ROSARIO altezza (spec.) ponte dir.tp;0;C;38,191735;13,285252
06/03/2023;15:00;VIA DELL'ORSA MINORE intersezione VIA ALBIRI;1;F;38,090929;13,365448
06/03/2023;17:15;VIA MATTEI ENRICO intersezione PIAZZA ALBERIONE GIACOMO BEATO;0;C;38,093692;13,402522
06/03/2023;17:40;VIA ANTONELLO DA MESSINA intersezione VIA IMPASTATO GIUSEPPE;1;F;38,137074;13,35986
06/03/2023;18:30;VIA CRISPI FRANCESCO altezza 87;0;C;38,123607;13,364673
06/03/2023;20:00;PIAZZA GIULIO CESARE nr. 52;1;F;38,110647;13,366335
06/03/2023;20:15;VIA ROCCAZZO altezza del civico 85;0;C;38,120338;13,305964
06/03/2023;20:40;VIA RE FEDERICO intersezione VIA DANTE;1;F;38,122792;13,3467
06/03/2023;21:00;VIA ROCCAZZO altezza del civico 85;0;C;38,120338;13,305964
07/03/2023;08:00;VIALE REGIONE SICILIANA N.O. altezza PIAZZA EINSTEIN;0;C;38,129401;13,329057
07/03/2023;08:15;PIAZZA LEONI altezza del civico 71;0;C;38,145557;13,345445
07/03/2023;09:00;VIALE REGIONE SICILIANA N.O. direzione TRAPANI PIAZZA EINSTEIN ALBERT;0;C;38,128346;13,329849
07/03/2023;14:30;VIA SPALLITTA FRANCESCO intersezione con VIA ADRIA GIAN GIACOMO;1;F;38,125203;13,34282
07/03/2023;17:30;VIA BELGIO altezza (spec.) sovraponte;1;F;38,150313;13,329032
07/03/2023;18:23;PIAZZA PORTA MONTALTO altezza OSP. BAMBINI;1;F;38,108851;13,356067
07/03/2023;21:15;VIA PITRE' GIUSEPPE altezza del civico 174;1;F;38,110398;13,322968
08/03/2023;07:50;VIA CAMPOLO GIOVANNI intersezione con VIA SERRADIFALCO;2;F;38,129155;13,337893
08/03/2023;08:30;LUNGOMARE COLOMBO CRISTOFORO altezza del civico 3725;0;C;38,189082;13,353351
08/03/2023;10:30;PIAZZA VITTORIO VENETO pressi .;1;F;38,145513;13,34248
08/03/2023;11:40;VIALE DEL FANTE intersezione VIA DEL CARABINIERE;1;F;38,149281;13,342683
08/03/2023;12:50;VIA GIOTTO altezza del civico 60;0;C;38,130801;13,333753
08/03/2023;19:45;VIA CALANDRA PIETRO pressi civico 6;0;C;38,192599;13,280037
08/03/2023;20:30;CORSO TUKORY altezza del civico 89;2;F;38,109597;13,362782
08/03/2023;20:30;VIA ROCCAZZO di fronte ingresso;0;C;38,116306;13,303555
08/03/2023;20:35;VIA ROCCAZZO di fronte ingresso;0;C;38,116306;13,303555
09/03/2023;07:10;VIA ORETO altezza (inters.) VIA DELL'ORSA MINORE;2;F;38,097151;13,373303
09/03/2023;12:00;VIA PERPIGNANO altezza del civico fr.n. 23;1;F;38,119348;13,337048
09/03/2023;13:10;PIAZZA EINSTEIN ALBERT intersezione VIALE LEONARDO DA VINCI;0;C;38,128352;13,328033
09/03/2023;14:00;VIALE EMILIA di fronte al civico 21;0;C;38,146055;13,337065
09/03/2023;16:20;VIA LEONCAVALLO RUGGIERO intersezione VIA SERRADIFALCO;0;C;38,129943;13,338023
09/03/2023;17:30;VIALE REGIONE SICILIANA N.O. altezza di fronte;0;C;38,116083;13,32902
09/03/2023;21:30;VIA GULI' SIMONE COM. pressi fincantieri;0;C;38,13826;13,367809
10/03/2023;02:30;VIA MALASPINA altezza via vivaldi;2;F;38,124925;13,346824
10/03/2023;11:00;VIALE REGIONE SICILIANA N.O. altezza VIA BERNINI;0;C;38,131771;13,32983
10/03/2023;11:50;VIA BASILE ERNESTO altezza del civico 55;3;F;38,094712;13,340444
10/03/2023;12:30;VIA BADIA altezza del civico 293;1;F;38,142709;13,315727
10/03/2023;15:55;PIAZZA GIULIO CESARE intersezione con VIA ORETO;1;F;38,109955;13,365221
10/03/2023;19:15;VIA ACCARDO MARIANO di fronte al civico 20;2;F;38,124444;13,33319
10/03/2023;20:15;VIALE REGIONE SICILIANA S.E. pressi ex agip;2;M;38,090699;13,378311
10/03/2023;22:15;VIALE STRASBURGO intersezione VIA NUOVA;2;F;38,160395;13,323184
11/03/2023;00:35;VIA ROMA altezza del civico 221;1;F;38,117501;13,363194
11/03/2023;04:00;CORSO CALATAFIMI altezza del civico 803;0;C;38,10165;13,326744
11/03/2023;04:20;VIALE DEL FANTE s.n.c.;0;C;38,157569;13,337015
11/03/2023;08:00;VIA VILLA FILIPPINA altezza del civico 29;0;C;38,120487;13,352838
11/03/2023;08:15;VIA NOTARBARTOLO EMANUELE intersezione con VIA LEOPARDI GIACOMO;2;F;38,132959;13,346666
11/03/2023;09:00;VIALE DEL FANTE intersezione PIAZZA SALERNO ALFREDO;0;C;38,15497;13,339007
11/03/2023;10:15;VIA TOMMASO NATALE altezza del civico 177/a;0;C;38,186959;13,289622
11/03/2023;11:00;LUNGOMARE COLOMBO CRISTOFORO altezza del civico 4700;0;C;38,19171;13,343145
11/03/2023;15:30;VIA CADUTI SUL LAVORO in prossimit? di .;0;C;38,1882;13,293711
11/03/2023;16:00;VIA BOLOGNI altezza del civico 8;0;C;38,111021;13,308544
11/03/2023;16:30;PIAZZA STAZIONE LOLLI altezza del civico 7;0;C;38,123468;13,346877
11/03/2023;17:00;VIA IMERA nr. 22;0;C;38,116715;13,348988
11/03/2023;18:30;VIA SERRADIFALCO altezza del civico 101;0;C;38,125415;13,338682
11/03/2023;22:15;VIA TERRANOVA CESARE nr. 22;0;C;38,097141;13,321638
12/03/2023;00:23;VIA PRINCIPE DI VILLAFRANCA intersezione con VIA NIGRA COSTANTINO;0;C;38,129398;13,349394
12/03/2023;02:20;VIA D'OSSUNA intersezione con VIA IMERA;0;C;38,115367;13,349463
12/03/2023;03:00;VIALE PERTINI SANDRO intersezione con VIA PATTI;0;C;38,174919;13,315851
12/03/2023;10:30;VIA DON GNOCCHI intersezione con VIA JUNG GUIDO;1;F;38,141302;13,363139
12/03/2023;16:30;VIA SPINUZZA SALVATORE altezza del civico 4;0;C;38,121236;13,359433
12/03/2023;17:30;VIA VALENTI intersezione VIA SPINUZZA SALVATORE;0;C;38,121233;13,359375
12/03/2023;22:00;VIA PARUTA FILIPPO altezza del civico 11;0;C;38,097752;13,318032
13/03/2023;10:00;VIALE REGIONE SICILIANA N.O. carr. centrale 80mt dp P.Nenni;2;F;38,152216;13,322202
13/03/2023;11:50;VIA MESSINA MARINE altezza 437;0;C;38,100639;13,401012
13/03/2023;13:00;VIALE STRASBURGO intersezione VIA MALTESE;1;F;38,161508;13,322184
13/03/2023;15:20;VIA SALADINO altezza del civico 3;0;C;38,112907;13,359182
13/03/2023;18:20;VIALE REGIONE SICILIANA N.O. altezza (inters.) SVINCOLO DI SALVO ROSARIO;1;F;38,147641;13,327793
13/03/2023;19:00;VIA MALASPINA intersezione VIA CATANIA;0;C;38,125839;13,345524
13/03/2023;19:00;VIA SCHIRO' GIACOMO altezza del civico 1;0;C;38,134572;13,355847
14/03/2023;00:01;VIA PRINCIPE DI PATERNO' intersezione VIA SCIUTI GIUSEPPE;1;F;38,139049;13,339214
14/03/2023;07:20;CORSO DEI MILLE altezza del civico 680;1;F;38,099853;13,385631
14/03/2023;08:00;VIALE STRASBURGO intersezione VIA SPAGNA;0;C;38,159163;13,323924
14/03/2023;08:00;SVINCOLO DI SALVO ROSARIO s.n.c.;0;C;38,148633;13,326023
14/03/2023;09:00;CORSO TUKORY altezza (spec.) s.agata;1;F;38,109201;13,361407
14/03/2023;10:00;VIA PIANO DELL'UCCIARDONE altezza (inters.) PIAZZA DELLA PACE;0;C;38,131622;13,359889
14/03/2023;11:00;VIA D'ONDES REGGIO VITO intersezione VIA MARINUZZI ANTONIO;1;F;38,10824;13,363567
14/03/2023;14:30;VIA DECOLLATI altezza del civico 4;0;C;38,106457;13,373175
14/03/2023;15:00;CORSO CALATAFIMI altezza del civico 1000A;1;F;38,0952;13,310986
14/03/2023;16:46;VIA MALASPINA nr. 61;0;C;38,125369;13,346162
14/03/2023;19:50;VIALE DUCA DEGLI ABRUZZI altezza del civico 14;1;F;38,171849;13,327342
14/03/2023;21:30;VIA MARCONI GUGLIELMO altezza (inters.) VIA CUSMANO GIACOMO;1;F;38,124755;13,347933
15/03/2023;05:40;VIA CARNEVALE SALVATORE altezza del civico 24;2;R;38,091259;13,359724
15/03/2023;08:05;VIA DELLA LIBERTA' intersezione con VIA ARIMONDI GIUSEPPE GEN.;2;F;38,135642;13,348597
15/03/2023;10:30;VIA GEREMIA PIETRO intersezione con VIA NOCE;1;F;38,120676;13,336887
15/03/2023;10:45;SVINCOLO DI SALVO ROSARIO s.n.c.;0;C;38,14883;13,32589
15/03/2023;14:00;VIA SCIUTI GIUSEPPE altezza del civico 164;1;F;38,139308;13,338974
15/03/2023;20:00;VIA ORETO intersezione con VIA PALERMO GASPARE;1;R;38,106883;13,367157
15/03/2023;22:00;VIA CASTELLANA intersezione VIA SARULLO LUIGI;0;C;38,12565;13,302781
16/03/2023;07:21;VIALE STRASBURGO altezza (inters.) VIALE DE GASPERI ALCIDE;2;F;38,149103;13,332975
16/03/2023;09:00;VIALE LEONARDO DA VINCI intersezione VIA BEATO ANGELICO;0;C;38,127107;13,323114
16/03/2023;11:00;VIALE STRASBURGO altezza del civico 133;1;F;38,153246;13,329987
16/03/2023;11:00;VIA SERGIO PAPA I altezza .;0;C;38,161797;13,370609
16/03/2023;11:05;VIA MATTARELLA PIERSANTI in prossimit? di sottovia;1;F;38,130113;13,348734
16/03/2023;11:55;VIA CAVIGLIA MARESCIALLO nr. 28;1;F;38,140905;13,350157
16/03/2023;12:30;VIA MESSINA MARINE altezza del civico 523b;1;F;38,098157;13,410396
16/03/2023;14:45;VIA FAVIER PROSPERO intersezione con VIA CORLEONE SALVATORE;0;C;38,095505;13,390015
16/03/2023;16:00;PIAZZA INDIPENDENZA altezza PRESIDENZA R.S.;0;C;38,11032;13,352549
16/03/2023;17:50;VIA RE TANCREDI intersezione VIA IMPERATRICE COSTANZA;1;F;38,11386;13,346598
16/03/2023;18:00;VIA CASTIGLIA BENEDETTO intersezione VIA MARCONI GUGLIELMO;1;F;38,125863;13,350889
17/03/2023;04:25;VIA DALLA CHIESA C. A. GEN. altezza del civico 14;0;C;38,131658;13,354075
17/03/2023;10:45;VIALE CALTAGIRONE intersezione VIA ACIREALE;1;F;38,131371;13,302727
17/03/2023;13:15;VIA MULE' GIUSEPPE intersezione con VIA BAIARDI FRANCESCO;1;F;38,101731;13,331586
17/03/2023;13:25;VIALE REGIONE SICILIANA N.O. altezza del civico 1514;3;F;38,119357;13,329029
17/03/2023;16:35;VIALE REGIONE SICILIANA N.O. pressi VIA SCOBAR;0;C;38,126703;13,329796
17/03/2023;20:00;VIALE MARGHERITA DI SAVOIA intersezione VIALE VENERE;1;F;38,190598;13,332743
17/03/2023;20:40;VIALE DIANA pressi PIAZZA LEONI;1;F;38,146962;13,343936
17/03/2023;22:00;VIA COSTANZO AURELIO altezza del civico 1;0;C;38,13565;13,360438
18/03/2023;00:30;VIA CAU LUSSORIO intersezione VIALE REGIONE SICILIANA;2;F;38,090798;13,343666
18/03/2023;01:15;VIA ROMA altezza (inters.) VIA BARA ALL'OLIVELLA;2;F;38,121193;13,361323
18/03/2023;13:30;VIA CILEA FRANCESCO intersezione VIA ZANDONAI RICCARDO;1;F;38,133583;13,338339
18/03/2023;14:00;VIA NINA SICILIANA altezza PARCHEGGIO;0;C;38,116465;13,331854
18/03/2023;20:10;VIA CRUILLAS altezza del civico 33;0;C;38,141462;13,32605
18/03/2023;20:30;VIA DELLA LIBERTA' intersezione VIA DI BLASI FRANCESCO PAOLO;1;F;38,139973;13,345693
18/03/2023;21:30;VIALE DEL FANTE intersezione con PIAZZA LEONI;1;F;38,147076;13,343784
19/03/2023;02:00;VIA ALESSI GIUSEPPE intersezione con VIA DELL'AUTONOMIA SICILIANA;0;C;38,141633;13,353541
19/03/2023;03:08;VIA DELL'ARTIGLIERE intersezione PIAZZA LEONI;0;C;38,146719;13,343656
19/03/2023;16:30;VIALE REGIONE SICILIANA S.E. altezza del civico 2074;3;F;38,087224;13,349075
19/03/2023;16:30;VIALE REGIONE SICILIANA S.E. altezza del civico 2074;0;C;38,087208;13,349033
19/03/2023;17:00;VIALE FRANCIA intersezione VIA NEBRODI(DEI);0;C;38,156027;13,325538
19/03/2023;17:30;VIALE FRANCIA intersezione VIA NEBRODI(DEI);0;C;38,156027;13,325538
19/03/2023;22:00;VIA PITRE' GIUSEPPE intersezione PIAZZA MICCA PIETRO;0;C;38,109237;13,309034
20/03/2023;08:30;VIA DEI CANTIERI intersezione con VIA GULI' SIMONE COM.;2;F;38,138199;13,3677
20/03/2023;09:10;VIA ROMA intersezione VIA AMARI EMERICO;0;C;38,125448;13,358449
20/03/2023;14:10;VIA AURISPA GIOVANNI altezza del civico 129;1;F;38,126096;13,33883
20/03/2023;14:25;VIA BASILE ERNESTO altezza (spec.) Via Donato;1;F;38,09547;13,342228
21/03/2023;08:00;VIALE REGIONE SICILIANA N.O. in direzione di rampa di salita ROTONDA BRASILE;0;C;38,140692;13,33094
21/03/2023;11:00;VIA CRISPI FRANCESCO altezza (inters.) PIAZZA DELLA PACE;1;F;38,130949;13,360299
21/03/2023;11:15;VIALE LAZIO nr. 68;3;F;38,141048;13,334836
21/03/2023;11:30;VIA GUADAGNA altezza del civico 1/N;1;F;38,102076;13,36664
21/03/2023;12:40;VIA VITTORIO EMANUELE altezza del civico 314;1;F;38,115467;13,360924
21/03/2023;14:00;VIA RESTIVO EMPEDOCLE intersezione VIA BRIGATA VERONA;1;F;38,142345;13,337148
21/03/2023;14:15;VIALE EMILIA intersezione VIA LIGURIA;1;F;38,14562;13,336068
21/03/2023;17:15;VIALE DIANA s.n.c.;0;C;38,150814;13,349807
21/03/2023;18:20;VIALE FRANCIA intersezione VIA NEBRODI(DEI);0;C;38,156046;13,325561
21/03/2023;21:00;VIA ROMA altezza del civico 201;0;C;38,116729;13,363589
22/03/2023;07:25;VIA ABRUZZI intersezione con VIA DALMAZIA;0;C;38,144767;13,334079
22/03/2023;14:05;VIA PIANO DELL'UCCIARDONE intersezione PIAZZA CAPONNETTO ANTONINO;1;F;38,134477;13,358224
22/03/2023;14:20;VIA NINA SICILIANA pressi V. PERPIGNANO;1;F;38,1191;13,331304
22/03/2023;15:45;PIAZZA CAPONNETTO ANTONINO di fronte al civico 6;0;C;38,135257;13,357698
22/03/2023;16:50;VIALE ERCOLE a mt. 100;1;F;38,152456;13,347114
22/03/2023;19:00;PIAZZA UNITA' D'ITALIA di fronte al civico 16;0;C;38,137606;13,343492
22/03/2023;19:20;CORSO CALATAFIMI intersezione VIA ARCOLEO;1;F;38,104558;13,333817
23/03/2023;06:40;VIA ROMA intersezione con VIA DIVISI;0;C;38,113191;13,365304
23/03/2023;08:15;VIA GALLETTI altezza del civico 82;0;C;38,094506;13,429964
23/03/2023;10:10;VIA DELLA LIBERTA' intersezione PIAZZA MORDINI ANTONIO;2;F;38,129997;13,352154
23/03/2023;11:10;VIA PRINCIPE DI VILLAFRANCA intersezione con VIA LA FARINA GIUSEPPE;1;F;38,12897;13,349676
23/03/2023;13:15;VIA BASILE ERNESTO altezza del civico 198;0;C;38,100571;13,347547
23/03/2023;13:30;VIA COSTANTINO DOMENICO intersezione VIA MORELLO NUNZIO;1;F;38,131526;13,344883
23/03/2023;14:15;VIA ORETO intersezione VIA SONNINO SIDNEY;1;F;38,093178;13,375958
23/03/2023;16:00;VIA DECOLLATI altezza del civico 14;1;F;38,104639;13,370642
23/03/2023;16:30;VIA PATTI FILIPPO di fronte al civico 25;0;C;38,123148;13,366838
23/03/2023;18:10;VIA CRISPI FRANCESCO intersezione con VIA AMARI EMERICO;1;F;38,127;13,362307
23/03/2023;18:20;VIA VIVIANO GIANCOLA intersezione VIA FARAONE;1;F;38,098785;13,368787
23/03/2023;19:30;VIA DELL'ORSA MINORE altezza del civico 1;1;F;38,096755;13,371805
24/03/2023;00:10;VIALE MICHELANGELO altezza del civico 713;2;F;38,137785;13,322044
24/03/2023;11:20;VIALE MARGHERITA DI SAVOIA di fronte al civico 57/b;1;F;38,193284;13,332302
24/03/2023;11:30;VIALE STRASBURGO altezza del civico 352;0;C;38,157026;13,326259
24/03/2023;14:30;VIA GIACHERY CARLO altezza del civico 2;2;F;38,135049;13,35886
24/03/2023;14:30;VIA GARZILLI NICCOLO' nr. 3;0;C;38,123942;13,353721
24/03/2023;14:50;VIALE REGIONE SICILIANA N.O. altezza VIA G.PITRE';0;C;38,110541;13,32953
24/03/2023;15:50;VIA DELLA LIBERTA' altezza via trapani;1;F;38,127774;13,353432
24/03/2023;17:00;VIALE DE GASPERI ALCIDE altezza del civico 103;0;C;38,150303;13,335868
24/03/2023;18:50;VIA PECORAINO FILIPPO intersezione VIA FAVIER PROSPERO;1;F;38,096941;13,392435
24/03/2023;19:15;VIALE MARCHESE DI VILLABIANCA intersezione VIA DUCA DELLA VERDURA;2;F;38,134377;13,352345
24/03/2023;19:37;VIALE REGIONE SICILIANA N.O. in prossimit? di regalandia;1;F;38,108181;13,329781
24/03/2023;20:10;VIA LANZA DI SCALEA GIUSEPPE di fronte al civico 2490;1;F;38,185193;13,302079
24/03/2023;21:15;CORSO TUKORY intersezione con VIA PEREZ FRANCESCO PAOLO;1;F;38,109882;13,364007
25/03/2023;00:30;VIA LA LUMIA ISIDORO nr. 86;1;F;38,128692;13,355057
25/03/2023;03:20;VIALE STRASBURGO di fronte al civico 210;2;M;38,153756;13,329239
25/03/2023;03:30;VIA MOLARA altezza del civico 37;0;C;38,081643;13,310108
25/03/2023;08:30;VIA MATER DOLOROSA intersezione VIALE VENERE;0;C;38,18809;13,333213
25/03/2023;11:45;VIA ORETO altezza del civico 462;1;F;38,09474;13,375172
25/03/2023;12:20;VIA CRISPI FRANCESCO in prossimit? di FORO UMBERTO I?;0;C;38,122191;13,365328
25/03/2023;13:30;VIA ROCCAZZO altezza (inters.) VIA MOZAMBICO;3;F;38,122731;13,309152
25/03/2023;16:50;VIALE LAZIO intersezione VIALE PIEMONTE;0;C;38,14291;13,34029
25/03/2023;17:00;VIA CAVOUR CAMILLO altezza del civico 33;1;F;38,122487;13,362948
25/03/2023;17:25;VIA CRISPI FRANCESCO altezza gdf;1;F;38,127593;13,362016
25/03/2023;21:40;VIALE REGIONE SICILIANA S.E. intersezione VIA LA LOGGIA GAETANO;0;C;38,106583;13,330493
26/03/2023;03:45;VIA SADAT ANWAR s.n.c.;0;C;38,147189;13,353732
26/03/2023;06:10;VIA SAMPOLO intersezione con VIA CIRRINCIONE ANDREA;2;F;38,14348;13,347989
26/03/2023;10:00;VIA MUNTER FEDERICO altezza del civico 8;0;C;38,130695;13,331461
26/03/2023;16:15;VIALE MARGHERITA DI SAVOIA altezza del civico 72;0;C;38,186761;13,333383
26/03/2023;16:45;VIALE PRINCIPE DI SCALEA di fronte al civico 27;2;F;38,197807;13,329241
26/03/2023;18:05;VIALE MARGHERITA DI SAVOIA direzione poco prima VIA MATER DOLOROSA;0;C;38,17623;13,336162
26/03/2023;18:15;VIA DON ORIONE intersezione con VIA DON GNOCCHI;0;C;38,14117;13,362364
27/03/2023;07:55;VIA CIRRINCIONE ANDREA altezza 15;2;F;38,144945;13,351517
27/03/2023;10:45;VIA ARCOLEO GIUSEPPE intersezione con PIAZZETTA COPPOLA ALFREDO;1;F;38,105458;13,333839
27/03/2023;10:50;VIA ROMA intersezione con VIA MALTA;4;F;38,11585;13,364028
27/03/2023;12:20;VIA CAMPOLO GIOVANNI altezza del civico 27;1;F;38,128583;13,336525
27/03/2023;13:40;VIA GUASTELLA COSMO intersezione VIA MARINUZZI ANTONIO;0;C;38,106894;13,36446
27/03/2023;14:00;VIA BRIGATA VERONA intersezione con VIA RESTIVO EMPEDOCLE;2;F;38,14236;13,337175
27/03/2023;14:00;VIALE LEONARDO DA VINCI altezza del civico 414;1;F;38,126659;13,308287
27/03/2023;14:40;LARGO SANTORO ENRICO altezza del civico 6;0;C;38,099342;13,347948
27/03/2023;18:45;ROTONDA BRASILE altezza PONTE LAZIO;0;C;38,140608;13,331704
27/03/2023;20:00;VIALE PAPA GIOVANNI XXIII intersezione VIA AZOTI NICOLO';1;F;38,08653;13,361539
27/03/2023;21:30;VIA SFERRACAVALLO altezza del civico 99;1;F;38,193497;13,282721
28/03/2023;05:45;VIA VITTORIO EMANUELE altezza del civico 490;0;C;38,113556;13,356188
28/03/2023;07:50;VIA MESSINA MONTAGNE di fronte al civico 7;0;C;38,083341;13,428823
28/03/2023;09:00;VIA BALSANO SALESIO di fronte al civico 1/A;1;F;38,11964;13,353217
28/03/2023;15:30;VIA MARINUZZI ANTONIO altezza del civico 58;2;F;38,106317;13,364816
28/03/2023;15:50;PIAZZA STURZO LUIGI pressi rotatoria;0;C;38,126311;13,357814
28/03/2023;16:00;VIALE DI VITTORIO GIUSEPPE intersezione con VIALE XXVII MAGGIO;2;F;38,096869;13,404436
28/03/2023;16:00;VIALE DEL FANTE altezza del civico 58;1;F;38,150472;13,342053
28/03/2023;16:30;PIAZZA GENTILI ALBERICO altezza del civico 12;0;C;38,134318;13,350356
28/03/2023;17:00;CORSO ALBERTO AMEDEO altezza del civico 170 A;2;F;38,117109;13,350795
28/03/2023;17:40;VIA LANZA DI SCALEA GIUSEPPE altezza del civico 405/A;1;F;38,169773;13,314901
28/03/2023;18:45;VIA CALA altezza (inters.) PIAZZA CAPITANERIA DEL PORTO;1;F;38,120163;13,370891
28/03/2023;18:45;VIA D'AQUINO RINALDO intersezione con VIA PERPIGNANO;0;C;38,119114;13,335163
29/03/2023;07:15;PIAZZA MICCA PIETRO altezza 29;1;F;38,109224;13,30884
29/03/2023;07:55;PIAZZA GIOVANNI PAOLO II PAPA di fronte 24;2;F;38,152221;13,339019
29/03/2023;08:40;VIA FANARO ANTONIO altezza 15;1;F;38,098626;13,36871
29/03/2023;08:45;VIA APOLLO intersezione VIA CATALANO;1;F;38,19795;13,314267
29/03/2023;09:15;VIA CALA di fronte al civico 68;0;C;38,118665;13,367937
29/03/2023;10:35;VIA CRISPI FRANCESCO altezza 240;1;F;38,12905;13,36115
29/03/2023;12:30;VIA VILLAGRAZIA nr. 54/B;0;C;38,094631;13,362153
29/03/2023;14:00;VIA CASUZZE intersezione con VIA FALSOMIELE;2;F;38,075577;13,362766
29/03/2023;14:25;VIA CAVOUR CAMILLO altezza del civico 131;0;C;38,121775;13,359924
29/03/2023;14:55;VIA DI CARLO NICCOLO' intersezione VIA FOSSI AI;0;C;38,138413;13,366764
29/03/2023;15:35;VIA STAZIONE S.LORENZO intersezione VIA AHRENS ALBERT;1;F;38,163827;13,317737
29/03/2023;16:00;VIA MATER DOLOROSA di fronte Q8;1;F;38,177694;13,33567
29/03/2023;16:15;VIA BASILE ERNESTO altezza UNIVERSITA';1;F;38,103246;13,349188
29/03/2023;22:30;VIA LINCOLN intersezione con CORSO DEI MILLE;0;C;38,111529;13,368318
30/03/2023;00:50;VIA MONTE ERCTA altezza del civico 1655;0;C;38,18845;13,341146
30/03/2023;00:55;VIA DAITA GAETANO intersezione VIA SELLA QUINTINO;1;F;38,12698;13,355178
30/03/2023;07:15;VIA PIANO DELL'UCCIARDONE intersezione VIA ARCHIMEDE;0;C;38,130902;13,360246
30/03/2023;08:30;CORSO TUKORY altezza del civico 127;2;F;38,109183;13,361243
30/03/2023;09:30;VIA CRISPI FRANCESCO intersezione VIA PIANO DELL'UCCIARDONE;0;C;38,131937;13,359721
30/03/2023;09:50;CORSO CALATAFIMI intersezione con VICOLO BARRILE;2;F;38,110719;13,349103
30/03/2023;10:00;VIALE LAZIO intersezione VIA MONTENERO;1;F;38,143506;13,342216
30/03/2023;15:20;VIA LANZA DI SCALEA GIUSEPPE altezza del civico 781/A;1;F;38,172344;13,312785
30/03/2023;15:45;CORSO CALATAFIMI altezza del civico 488;1;F;38,10157;13,32665
30/03/2023;16:30;VIA SERRADIFALCO intersezione con PIAZZA PRINCIPE DI CAMPOREALE;1;F;38,12072;13,340725
30/03/2023;17:15;VIA DELLA LIBERTA' intersezione VIA MONDINI RAFFAELLO;1;F;38,135013;13,348976
30/03/2023;18:30;VIA DELLA LIBERTA' intersezione con VIA DUCA DELLA VERDURA;0;C;38,133708;13,349758
30/03/2023;18:30;VIALE REGIONE SICILIANA N.O. intersezione VIA UDITORE;0;C;38,126265;13,329192
30/03/2023;20:30;VIA SERRADIFALCO in prossimit? di VIA LULLI;2;F;38,129177;13,337925
30/03/2023;21:25;VIALE REGIONE SICILIANA N.O. altezza del civico 9785;0;C;38,180141;13,292925
30/03/2023;23:00;VIA PIGNATELLI ARAGONA in prossimit? di via TUNISI;1;F;38,121252;13,35448
30/03/2023;23:40;VIA GRAVINA AMMIRAGLIO altezza del civico 66;1;F;38,125204;13,359076
30/03/2023;23:50;VIALE STRASBURGO intersezione con VIA NUOVA;1;F;38,160367;13,323127
31/03/2023;07:40;VIA WAGNER RICCARDO intersezione con VIA STABILE MARIANO;2;F;38,123444;13,358863
31/03/2023;14:00;VIA BASILE ERNESTO di fronte al civico 134;1;F;38,103892;13,35005
31/03/2023;16:30;VIALE REGIONE SICILIANA S.E. altezza PAGLIARELLI;1;F;38,092071;13,341407
31/03/2023;16:40;VIALE REGIONE SICILIANA altezza PAGLIARELLI;1;F;38,092071;13,341407
31/03/2023;17:30;VIALE DEL FANTE di fronte al civico 58;0;C;38,150469;13,34204
31/03/2023;20:45;VIALE DELLA RESURREZIONE altezza del civico 9/A;0;C;38,170347;13,326331
01/04/2023;02:00;CORSO DEI MILLE altezza del civico 648;0;C;38,100019;13,384894
01/04/2023;07:50;VIA MARINUZZI ANTONIO intersezione VIA PALERMO GASPARE;2;F;38,105966;13,36504
01/04/2023;10:00;VIA ZAPPA GINO altezza del civico 144;1;F;38,178134;13,31108
01/04/2023;18:30;PIAZZA INDIPENDENZA nr. 7;0;C;38,110123;13,350496
01/04/2023;21:10;VIA BASILE ERNESTO di fronte LARGO A. SABATO;0;C;38,098925;13,346686
01/04/2023;22:20;VIALE STRASBURGO altezza del civico 282;0;C;38,163936;13,319262
02/04/2023;02:00;PIAZZA TONNARAZZA altezza (inters.) VIA TIRO A SEGNO;1;F;38,112178;13,378355
02/04/2023;09:10;FORO UMBERTO I intersezione VIA LINCOLN;1;F;38,11517;13,376147
02/04/2023;15:00;VIA GULI' SIMONE COM. in prossimit? di via MONTALBO;0;C;38,138962;13,367764
02/04/2023;16:00;VIA CALA altezza del civico 64;0;C;38,118683;13,368075
03/04/2023;07:30;VIALE LEONARDO DA VINCI altezza del civico 176;1;F;38,127891;13,326871
03/04/2023;09:15;VIA DELLA LIBERTA' intersezione VIA SCROFANI SAVERIO;0;C;38,142606;13,344009
03/04/2023;10:40;VIA VAL DI MAZARA intersezione con VIA TRINACRIA;0;C;38,149173;13,338109
03/04/2023;11:05;CORSO CALATAFIMI di fronte al civico 1000;0;C;38,09523;13,311057
03/04/2023;13:10;VIALE REGIONE SICILIANA N.O. altezza 486;0;C;38,123831;13,32947
03/04/2023;15:00;VIA CASTELLANA di fronte al civico 152;1;F;38,125499;13,294424
04/04/2023;08:50;VIA EINAUDI LUIGI altezza del civico 101;3;F;38,178793;13,311259
04/04/2023;11:30;VIALE REGIONE SICILIANA N.O. altezza (spec.) de saliba;1;F;38,132832;13,330575
04/04/2023;13:15;PIAZZA GIULIO CESARE di fronte maurolico;1;F;38,110039;13,365619
04/04/2023;16:00;VIA CUCCIA SIMONE altezza del civico 28;0;C;38,140103;13,343811
05/04/2023;00:20;VIA GENOVA altezza del civico 2;0;C;38,116065;13,363693
05/04/2023;07:40;PIAZZA EINSTEIN ALBERT lato MONTE DIREZ. CT;0;C;38,128696;13,328921
05/04/2023;10:15;VIA CAPPELLO SALVATORE intersezione VIALE DEI PICCIOTTI;0;C;38,105441;13,381821
05/04/2023;11:00;VIA RIZZO AMMIRAGLIO di fronte al civico 35;1;F;38,144275;13,365414
05/04/2023;12:00;VIA VITTORIO EMANUELE altezza del civico 462;0;C;38,113878;13,356993
05/04/2023;13:15;CORSO DEI MILLE di fronte via mosto;1;F;38,069978;13,416926
05/04/2023;15:00;VIA ROMA intersezione con VIA LOMBARDI ELIODORO;1;F;38,121644;13,361085
05/04/2023;18:40;VIA CASTELLANA altezza del civico 182;0;C;38,125475;13,293775
05/04/2023;20:35;VIA DIRILLO intersezione VIA AQUINO;1;F;38,074952;13,303172
06/04/2023;03:00;VIA MARINAI ALLIATA angolo VIA SALINE;0;C;38,192342;13,329356
06/04/2023;07:00;VIA CROCIFISSO A PIETRATAGLIATA altezza del civico df 92;0;C;38,10287;13,324072
06/04/2023;07:35;VIALE REGIONE SICILIANA N.O. carreggiata centrale DIREZIONE CT;1;F;38,131859;13,330065
06/04/2023;09:00;VIA TOSELLI PIETRO MAGG. intersezione con VIA STREVA VINCENZO GEN.;0;C;38,138288;13,35114
06/04/2023;09:30;VIA S.LORENZO in prossimit? di civico 300/A;0;C;38,166866;13,316073
06/04/2023;10:00;VIALE REGIONE SICILIANA N.O. altezza 3450;1;F;38,13507;13,330344
06/04/2023;15:10;VIA DI BLASI E. GIOVANNI intersezione VIA SALERNITANO ROMUALDO;1;F;38,124905;13,316023
06/04/2023;21:40;VIALE REGIONE SICILIANA intersezione VIA DI BLASI E. GIOVANNI;1;F;38,122408;13,329247
06/04/2023;23:20;VIA MONTEPELLEGRINO altezza del civico 195;0;C;38,141759;13,357842
07/04/2023;08:20;FORO UMBERTO I di fronte al civico 20;1;F;38,116921;13,373675
07/04/2023;08:20;VIALE STRASBURGO altezza del civico 538;0;C;38,16118;13,32244
07/04/2023;09:00;VIA MESSINA MARINE di fronte al civico 241;1;F;38,105932;13,38735
07/04/2023;09:45;VIA BELGIO intersezione con VIALE STRASBURGO;1;F;38,151757;13,331234
07/04/2023;11:30;VIALE REGIONE SICILIANA N.O. altezza (spec.) sauro;1;F;38,124928;13,329587
07/04/2023;13:15;VIA ROMA intersezione con VIA GRAVINA AMMIRAGLIO;1;F;38,125059;13,358698
07/04/2023;13:30;VIA PERPIGNANO di fronte al civico 294;2;F;38,1197;13,325954
07/04/2023;14:00;VIALE MARGHERITA DI SAVOIA intersezione VIA MATER DOLOROSA;0;C;38,176207;13,336171
07/04/2023;15:45;VIA MARINUZZI ANTONIO intersezione con CORSO TUKORY;1;F;38,109547;13,362739
07/04/2023;17:52;VIALE REGIONE SICILIANA N.O. altezza ***;0;C;38,142142;13,331218
07/04/2023;22:30;VIALE REGIONE SICILIANA S.E. di fronte al civico 2269;0;C;38,086122;13,352048
08/04/2023;06:30;LUNGOMARE COLOMBO CRISTOFORO di fronte al civico 2241;1;F;38,184069;13,363499
08/04/2023;10:40;VIA S.LORENZO altezza del civico 56;1;R;38,158863;13,330364
08/04/2023;13:30;PIAZZA PALLAVICINO altezza del civico 43A;2;F;38,172253;13,327226
08/04/2023;21:00;VIA DEGLI EMIRI altezza del civico 50;0;C;38,113908;13,330993
09/04/2023;02:15;VIA ARCHIRAFI intersezione VIA ANTONIO DI RUDINI';0;C;38,11188;13,371782
09/04/2023;09:00;VIALE REGIONE SICILIANA S.E. carr. centrale DIR CT D.F.;1;F;38,090154;13,383094
09/04/2023;17:30;VIA PATTI pressi VIA P. 40;6;F;38,173572;13,316855
09/04/2023;18:30;VIA MONTEPELLEGRINO altezza del civico 165;2;F;38,140644;13,358048
09/04/2023;20:00;VIA NENNI PIETRO s.n.c.;1;F;38,154398;13,320717
09/04/2023;21:40;VIA CAVOUR CAMILLO intersezione con VIA SETTIMO RUGGERO;0;C;38,121244;13,357892
09/04/2023;23:45;VIALE REGIONE SICILIANA S.E. altezza 266;0;C;38,100674;13,331367
10/04/2023;01:00;VIA CARINI altezza del civico 80;0;C;38,120848;13,353066
10/04/2023;12:40;VIA LUTHER KING MARTIN altezza CIV. 9;2;F;38,147832;13,355615
10/04/2023;13:05;VIA MESSINA MARINE intersezione con VIA PALUMBO GIULIO;4;F;38,089231;13,450306
10/04/2023;21:30;VIA DEI CANTIERI di fronte al civico 5;2;F;38,136105;13,359478
10/04/2023;22:15;CORSO DEI MILLE altezza del civico 571;0;C;38,100841;13,383072
11/04/2023;06:45;VIA CALCANTE altezza (spec.) 23;1;F;38,187056;13,295435
11/04/2023;07:10;VIALE DE MAURO MAURO altezza del civico 2499;1;F;38,127583;13,302598
11/04/2023;09:45;VIALE COLONIA MARINA intersezione VIALE PRINCIPESSA IOLANDA;0;C;38,193956;13,334334
11/04/2023;11:00;VIA CAVOUR CAMILLO altezza del civico 133;0;C;38,12143;13,358568
11/04/2023;13:50;PIAZZA CASCINO ANTONINO GEN. intersezione VIA MONTEPELLEGRINO;2;F;38,142243;13,357721
11/04/2023;14:45;VIA EMPEDOCLE intersezione con VIA DALIA;1;F;38,129122;13,357155
11/04/2023;18:20;VIALE REGIONE SICILIANA N.O. altezza del civico 9599;1;F;38,179022;13,293418
11/04/2023;19:15;VIA MESSINA MARINE altezza del civico 272;1;F;38,098447;13,407775
12/04/2023;07:30;VIA BESIO GIACOMO altezza del civico 20;1;F;38,137583;13,310766
12/04/2023;08:20;VIALE REGIONE SICILIANA N.O. altezza del civico 961;4;F;38,111878;13,329794
12/04/2023;10:00;PIAZZA INGASTONE di fronte al civico 22;0;C;38,11532;13,345963
12/04/2023;10:30;VIALE REGIONE SICILIANA S.E. carr. centrale dir. Trapani;0;C;38,086928;13,356146
12/04/2023;10:50;VIA BASILE ERNESTO altezza parco Cassar?;1;F;38,095818;13,342551
12/04/2023;11:00;VIA CRISPI FRANCESCO di fronte HOTEL PRESIDENT;1;F;38,128456;13,361517
12/04/2023;11:20;PIAZZA VERDI GIUSEPPE di fronte al civico 59;0;C;38,120979;13,357196
12/04/2023;12:30;VIA PRINCIPE DI PATERNO' intersezione VIA SCIUTI GIUSEPPE;1;F;38,139044;13,339178
12/04/2023;14:10;VIA MOSTACCI JACOPO intersezione VIA SCOBAR CRISTOFARO;1;F;38,127237;13,332293
12/04/2023;14:50;VIA CRISAFULLI ELIA intersezione con VIA MARINI FILIPPO;3;F;38,100711;13,349591
12/04/2023;16:05;VIA PECORAINO FILIPPO altezza parch. FORUM;0;C;38,089712;13,409461
12/04/2023;17:30;VIALE REGIONE SICILIANA S.E. altezza del civico 2293;1;F;38,123988;13,329477
12/04/2023;20:45;VIA BENNICI GIUSEPPE intersezione con VIALE DEI PICCIOTTI;1;F;38,10781;13,377738
13/04/2023;06:45;VIA VAL DI MAZARA intersezione VIA AUSONIA;3;F;38,14845;13,335766
13/04/2023;07:20;VIA MESSINA MARINE altezza del civico 73;0;C;38,108211;13,381223
13/04/2023;14:15;VIA SAURO NAZARIO intersezione con VIA BALCESCU NICOLA;1;F;38,123161;13,331819
13/04/2023;17:20;VIALE MARGHERITA DI SAVOIA altezza del civico 80;0;C;38,181646;13,334241
13/04/2023;18:00;CORSO CALATAFIMI altezza del civico 1100;1;F;38,093434;13,30736
13/04/2023;19:45;VIALE REGIONE SICILIANA altezza p.le J. Lennon;1;F;38,131778;13,330392
13/04/2023;19:55;VIALE REGIONE SICILIANA N.O. nr. 3014;0;C;;
14/04/2023;07:00;VIA TERRASANTA altezza del civico 89;1;F;38,130696;13,344392
14/04/2023;07:45;VIA GIOIA FLAVIO intersezione con VIA POLIZIANO ANGELO;1;F;38,122216;13,333651
14/04/2023;09:05;PIAZZA GIOVANNI PAOLO II PAPA altezza (inters.) VIA CASSARA' ANTONINO;1;F;38,151171;13,338902
14/04/2023;13:00;VIA BAGOLINO SEBASTIANO intersezione con VIA MARABITTI;1;F;38,137409;13,361481
14/04/2023;16:15;VIALE REGIONE SICILIANA N.O. altezza (spec.) VIA PORTELLO;1;F;38,112686;13,329673
14/04/2023;19:30;VIALE REGIONE SICILIANA S.E. in prossimit? di sott.loggia;1;F;38,107032;13,330257
14/04/2023;20:15;PIAZZA CAPONNETTO ANTONINO intersezione VIA DEI CANTIERI;1;F;38,13594;13,358636
15/04/2023;00:01;VIA DALLA CHIESA C. A. GEN. altezza del civico 20;1;F;38,131999;13,35386
15/04/2023;08:15;VIA SALAMONE MARINO SALVATORE altezza del civico 13;0;C;38,108324;13,361403
16/04/2023;00:30;VIA FOSCOLO UGO intersezione con VIA DI BLASI FRANCESCO PAOLO;1;F;38,139645;13,344826
16/04/2023;01:00;CORSO CALATAFIMI altezza del civico 581;0;C;38,104766;13,334432
16/04/2023;01:10;VIA MATTEI altezza del civico 1;1;F;38,194792;13,321546
16/04/2023;07:00;CORSO CALATAFIMI di fronte al civico 701;0;C;38,102629;13,329255
16/04/2023;09:00;VIALE REGIONE SICILIANA N.O. altezza (spec.) SOTT. BELGIO;1;F;38,148621;13,326442
16/04/2023;14:00;VIA MARCONI GUGLIELMO intersezione con VIA CUSMANO GIACOMO;0;C;38,124907;13,348385
16/04/2023;18:40;VIA ORETO intersezione con VIA DELL'ORSA MINORE;1;F;38,097138;13,373287
16/04/2023;20:00;VIA MONTE ERCTA altezza del civico 1803;0;C;38,187464;13,342512
16/04/2023;21:20;VIALE REGIONE SICILIANA N.O. altezza ponte lazio;1;F;38,139236;13,330915
17/04/2023;02:45;VIA PIGNATELLI ARAGONA altezza del civico 86/A;1;F;38,121205;13,354667
17/04/2023;07:30;VIALE REGIONE SICILIANA N.O. carr. centrale dir TP;1;F;38,110922;13,329714
17/04/2023;07:40;PIAZZA EINSTEIN ALBERT s.n.c.;0;C;38,128616;13,328953
17/04/2023;08:50;PIAZZA EINSTEIN ALBERT lato monte;0;C;38,128783;13,328934
17/04/2023;11:40;VIA UDITORE intersezione con VIA ACI;1;F;38,131521;13,324153
17/04/2023;17:20;VIA CAVOUR CAMILLO altezza del civico 20;1;F;38,122049;13,361048
17/04/2023;22:50;VIA UDITORE intersezione con VIA GIARDINA GIACOMO;1;F;38,129014;13,326547
18/04/2023;02:15;CORSO CALATAFIMI altezza del civico 251;0;C;38,108229;13,342944
18/04/2023;07:20;PIAZZA TURBA EUCLIDE GEN. di fronte al civico 66;0;C;38,101341;13,338653
18/04/2023;08:20;VIALE LEONARDO DA VINCI intersezione con VIA CASALINI;1;F;38,12682;13,313653
18/04/2023;12:15;VIA PRINCIPE DI PATERNO' intersezione con VIA DI MARCO DOMENICO;0;C;38,140988;13,343968
18/04/2023;12:45;VIALE REGIONE SICILIANA altezza del civico 926;1;F;38,096374;13,335942
18/04/2023;13:10;VIA PITRE' GIUSEPPE altezza (spec.) gualtiero;1;F;38,110549;13,328627
18/04/2023;13:30;VIA TRIESTE altezza del civico 35;0;C;38,110768;13,364972
18/04/2023;14:10;VIA MOROZZO DELLA ROCCA intersezione con VIA MONTEGRAPPA;3;F;38,105681;13,35331
18/04/2023;15:00;VIA PIANO DELL'UCCIARDONE altezza (spec.) p. della Pace;1;F;38,13179;13,359777
18/04/2023;15:00;CORSO RE RUGGERO in prossimit? di pressi;0;C;38,102629;13,329255
18/04/2023;16:10;VIA DELLA LIBERTA' intersezione VIALE LAZIO;1;F;38,143862;13,343214
18/04/2023;17:15;PIAZZA GENTILI ALBERICO intersezione VIA DUCA DELLA VERDURA;2;F;38,133909;13,350604
18/04/2023;17:20;VIALE REGIONE SICILIANA N.O. intersezione con VIA ROSSO DI S.SECONDO;1;F;38,12041;13,329071
19/04/2023;00:05;VIA LA LOGGIA GAETANO di fronte al civico 182;0;C;38,107111;13,332876
19/04/2023;08:00;VIALE DEL FANTE in prossimit? di 64;2;F;38,156557;13,337859
19/04/2023;09:45;VIA OLIO DI LINO altezza del civico 12;1;F;38,081875;13,322427
19/04/2023;10:30;VIALE REGIONE SICILIANA N.O. carr. laterale df n. 478 pc220;1;F;38,099098;13,332403
19/04/2023;17:40;VIA ZABAN VITTORIO altezza int. parch. MD;2;F;38,093384;13,402502
19/04/2023;18:00;VIA CASTELFORTE altezza del civico 24;1;F;38,173548;13,326747
19/04/2023;18:45;VIA CAVOUR CAMILLO intersezione con VIA VALENTI;1;F;38,121532;13,359243
19/04/2023;22:20;VIA IMERA intersezione con VIA LASCARIS COSTANTINO;2;F;38,117024;13,348812
19/04/2023;23:40;VIA RIZZO AMMIRAGLIO altezza del civico 78;0;C;38,14338;13,358608
20/04/2023;02:30;STRADA STATALE 624 altezza VIADOTTO ORETO;1;F;38,078347;13,32324
20/04/2023;08:00;VIALE DUCA DEGLI ABRUZZI s.n.c.;0;C;38,168484;13,328603
20/04/2023;09:10;VIA PELLICO SILVIO intersezione VIA TOMASI CARDINALE;1;F;38,115075;13,345488
20/04/2023;12:20;VIALE CAMPANIA nr. 29;1;F;38,145314;13,338956
20/04/2023;12:40;VIA CUSMANO GIACOMO intersezione con VIA MARCONI GUGLIELMO;1;F;38,124742;13,347942
20/04/2023;13:30;VIALE REGIONE SICILIANA pressi SVINCOLO;1;F;38,102314;13,330315
20/04/2023;15:10;VIA NOTARBARTOLO EMANUELE altezza del civico 1 E;1;F;38,133608;13,349244
20/04/2023;15:30;VIA VALDEMONE intersezione VIA TRINACRIA;1;F;38,147956;13,338296
20/04/2023;16:10;VIALE REGIONE SICILIANA carr. centrale DIREZIONE TP;1;F;38,110762;13,329712
20/04/2023;18:25;VIALE REGIONE SICILIANA altezza via Pitr?;3;F;38,110588;13,32961
20/04/2023;19:10;VIA CAPPUCCINI intersezione con VIA PITRE' GIUSEPPE;3;F;38,110582;13,339784
21/04/2023;01:00;VIALE MARGHERITA DI SAVOIA altezza (inters.) PIAZZA VALDESI;1;F;38,196582;13,331865
21/04/2023;08:40;VIA RAGUSA LITTORE intersezione VIALE CROCE ROSSA;1;F;38,147005;13,341137
21/04/2023;09:25;VIA ROMA in prossimit? di V. B.ALL'OLIVEL;2;F;38,121217;13,361303
21/04/2023;13:30;VIA RESTIVO EMPEDOCLE altezza (inters.) VIA VAL DI MAZARA;1;F;38,147689;13,333856
21/04/2023;15:00;VIALE MARGHERITA DI SAVOIA altezza del civico 107;0;C;38,177821;13,335598
21/04/2023;17:35;VIALE REGIONE SICILIANA S.E. altezza svincolo Brasa;1;F;38,094556;13,337597
21/04/2023;20:35;CORSO DEI MILLE di fronte al civico 528/A;1;F;38,101129;13,38281
21/04/2023;22:30;VIA IMERA intersezione VIA D'OSSUNA;2;F;38,115375;13,349455
22/04/2023;00:30;VIA DELLA LIBERTA' intersezione VIA GARGALLO TOMMASO;1;F;38,137881;13,347226
22/04/2023;03:00;VIA ALDISIO SALVATORE intersezione con VIA DANIMARCA;0;C;38,155567;13,330149
22/04/2023;03:00;FONDO LA MANNA intersezione VIA ANFUSO ANDREA;0;C;38,120021;13,331315
22/04/2023;03:10;VIALE REGIONE SICILIANA S.E. altezza del civico 314;0;C;38,100466;13,331755
22/04/2023;03:30;VIA PONTE DI MARE altezza del civico 149;1;R;38,110212;13,37888
22/04/2023;03:30;FORO UMBERTO I intersezione PIAZZA TUMMINELLO VINCENZO;0;C;38,112935;13,37785
22/04/2023;09:45;VIA ALLA FALCONARA altezza del civico 1F;2;F;38,115497;13,292643
22/04/2023;15:10;VIALE REGIONE SICILIANA S.E. altezza del civico 3290;2;M;38,087386;13,357846
22/04/2023;17:00;VIA NOTARBARTOLO EMANUELE altezza del civico 2/B;1;F;38,131368;13,340245
22/04/2023;21:00;VIA PADRE GIUSEPPE PUGLISI altezza del civico 40;0;C;38,102654;13,388437
23/04/2023;04:10;VIALE REGIONE SICILIANA N.O. altezza del civico 9880;1;F;38,173961;13,296589
23/04/2023;05:00;VIA BASILE ERNESTO di fronte via Piave;1;F;38,104654;13,350515
23/04/2023;06:40;VIA DELLA LIBERTA' intersezione VIA ARCHIMEDE;0;C;38,128266;13,353524
23/04/2023;10:20;VIA GIAFAR EMIRO intersezione VIA CIRINCIONE GIUSEPPE;1;F;38,097699;13,390785
23/04/2023;13:50;STRADA STATALE 624 altezza del km 2+VII;1;F;38,073616;13,324597
23/04/2023;16:45;VIA PALINURO di fronte al civico 69/71;1;F;38,204361;13,323234
23/04/2023;19:00;VIALE REGIONE SICILIANA N.O. carr. laterale -;1;F;38,170204;13,299986
23/04/2023;19:15;VIALE GIULIANO BORIS altezza del civico 43;1;F;38,14101;13,341543
23/04/2023;23:30;VIALE REGIONE SICILIANA S.E. altezza PONTE BONAGIA;1;F;38,087983;13,362852
24/04/2023;01:35;PIAZZA NISCEMI intersezione VIALE DEL FANTE;1;F;38,164089;13,331891
24/04/2023;02:20;VIA DELLA LIBERTA' intersezione VIA ARCHIMEDE;3;F;38,128271;13,35353
24/04/2023;08:00;PIAZZA GIULIO CESARE intersezione con VIA PALMERI NICCOLO';2;F;38,110426;13,367328
24/04/2023;08:05;VIA DELLA LIBERTA' intersezione con VIA DUCA DELLA VERDURA;1;F;38,133725;13,349793
24/04/2023;10:00;PIAZZA EINSTEIN ALBERT intersezione VIALE LEONARDO DA VINCI;2;F;38,128789;13,328862
24/04/2023;10:45;VIA STABILE MARIANO intersezione VIA WAGNER RICCARDO;2;F;38,123425;13,358866
24/04/2023;10:51;VIA VERGINE MARIA locali INT. CIMITERO R;2;F;38,163668;13,369775
24/04/2023;12:20;VIA SPADOLINI GIOVANNI s.n.c.;1;F;38,167654;13,30853
24/04/2023;12:30;VIA CRISPI FRANCESCO di fronte V. DELL'ARSENAL;0;C;38,134255;13,358795
24/04/2023;14:15;VIA CALA altezza P. DELLE DOGANE;4;F;38,119236;13,369094
24/04/2023;17:40;VIALE REGIONE SICILIANA N.O. altezza del civico 9488;0;C;38,178074;13,293664
24/04/2023;18:40;VIALE DEL FANTE intersezione PIAZZA SALERNO ALFREDO;2;F;38,154954;13,339007
24/04/2023;21:40;VIA PIANELL GIUSEPPE altezza del civico 9;1;F;38,098367;13,386516
24/04/2023;22:50;PIAZZA VALDESI altezza (inters.) VIALE REGINA ELENA;0;C;38,197212;13,331468
25/04/2023;11:30;VIALE LEONARDO DA VINCI intersezione con VIA CASALINI;1;F;38,126797;13,313645
25/04/2023;12:15;VIA MORELLO NUNZIO intersezione VIA RAPISARDI MARIO;0;C;38,134076;13,343419
25/04/2023;14:00;VIA AQUILEIA intersezione VIA DEL QUARNARO;2;F;38,142366;13,332618
25/04/2023;17:20;VIALE LEONARDO DA VINCI altezza del civico 645;3;F;38,126656;13,308066
25/04/2023;17:50;VIA AGOSTINO ANTONINO intersezione VIA EUGENIO L'EMIRO;2;F;38,113964;13,336396
25/04/2023;18:00;VIALE DUCA DEGLI ABRUZZI pressi PALAZZ.CINESE;2;M;38,16659;13,32996
25/04/2023;20:00;VIA MESSINA MARINE altezza del civico 811/b;2;F;38,095233;13,432566
26/04/2023;06:00;VIALE REGIONE SICILIANA N.O. carr. laterale dir.ct n. 1598;1;F;38,119401;13,328647
26/04/2023;08:00;PIAZZA EINSTEIN ALBERT intersezione con VIALE LEONARDO DA VINCI;1;F;38,128912;13,328856
26/04/2023;10:50;VIALE REGIONE SICILIANA N.O. intersezione VIA TRABUCCO;1;F;38,155324;13,31782
26/04/2023;12:00;VIA CRISPI FRANCESCO altezza del civico 150;1;F;38,126421;13,362765
26/04/2023;18:20;VIA CAPPELLO SALVATORE intersezione con VIALE DEI PICCIOTTI;2;F;38,105455;13,381802
26/04/2023;20:15;CORSO ALBERTO AMEDEO altezza (inters.) VIA IEVOLELLA VITO;1;F;38,113033;13,352186
27/04/2023;03:20;VIA CALA altezza porto salvo;1;F;38,11884;13,367158
27/04/2023;09:00;VIALE CROCE ROSSA altezza del civico 147;0;C;38,152933;13,337453
27/04/2023;09:00;VIA DELL'ORSA MINORE altezza del civico 298;1;F;38,091647;13,365415
27/04/2023;10:40;VIA TIRO A SEGNO altezza del civico 60;1;F;38,110999;13,376436
27/04/2023;10:50;VIA LA LOGGIA GAETANO altezza del civico 1;1;F;38,108026;13,336761
27/04/2023;10:55;VIA BASILE ERNESTO di fronte al civico 108/B;0;C;38,104913;13,351124
27/04/2023;11:25;VIA PITRE' GIUSEPPE intersezione VIA PALCHETTO;2;F;38,110509;13,331013
27/04/2023;16:00;VIALE DE GASPERI ALCIDE altezza del civico 219;0;C;38,148862;13,332299
27/04/2023;17:00;CORSO CALATAFIMI altezza del civico 1049;1;F;38,096025;13,312951
27/04/2023;17:55;VIA SCIUTI GIUSEPPE altezza del civico 41;1;F;38,133911;13,342357
27/04/2023;18:00;VIA DELLA LIBERTA' intersezione VIA D'ANNUNZIO GABRIELE;0;C;38,138795;13,346469
27/04/2023;18:20;VIALE NICOLETTI ROSARIO altezza Elenka;3;F;38,189642;13,293888
27/04/2023;21:45;CORSO CALATAFIMI altezza del civico 18;0;C;38,110666;13,348995
28/04/2023;07:35;FORO UMBERTO I pressi C.SO VITT.EMANU;0;C;38,119728;13,371394
28/04/2023;08:05;VIA SCIUTI GIUSEPPE altezza del civico 5;1;F;38,132776;13,343058
28/04/2023;08:30;ROTONDA BRASILE direzione DI VIALE MICHELANGELO;0;C;38,139647;13,330613
28/04/2023;09:00;CORSO TUKORY altezza del civico 274;1;F;38,107972;13,355644
28/04/2023;10:30;PIAZZA EINSTEIN ALBERT intersezione VIALE LEONARDO DA VINCI;0;C;38,12896;13,33115
28/04/2023;13:00;VIA LA MALFA UGO altezza DECO';0;C;38,163118;13,313482
28/04/2023;13:30;VIA PERPIGNANO di fronte al civico 227;0;C;38,119249;13,330571
28/04/2023;14:15;VIA GOETHE altezza del civico 76;1;F;38,122008;13,350446
28/04/2023;16:00;VIA ANDREA DA BURGIO altezza del civico 9;0;C;38,115818;13,295937
28/04/2023;18:30;PIAZZA DEL SACRO CUORE intersezione CORSO FINOCCHIARO APRILE CAMILLO;2;F;38,118399;13,342973
28/04/2023;19:45;VIA ROSCIGLIONE GIOVANNI intersezione VIA NETTUNO;2;F;38,195587;13,317289
29/04/2023;03:50;FORO UMBERTO I altezza (spec.) by pass civ.6;0;C;38,11655;13,374146
29/04/2023;12:20;VIALE PRINCIPESSA IOLANDA intersezione VIALE COLONIA MARINA;1;F;38,193974;13,334332
29/04/2023;19:30;VIA PEGASO altezza del civico 22;1;F;38,19826;13,280796
29/04/2023;20:25;VIALE REGIONE SICILIANA N.O. altezza del civico 1325;0;C;38,115195;13,32934
29/04/2023;22:10;VIA CUSMANO GIACOMO intersezione con VIA MARCONI GUGLIELMO;1;F;38,124744;13,347955
30/04/2023;00:30;VIALE DE GASPERI ALCIDE intersezione con VIA AUSONIA;2;F;38,14973;13,334668
30/04/2023;05:45;VIA MODICA altezza del civico 11;0;C;38,127336;13,299077
30/04/2023;10:00;VIALE MARGHERITA DI SAVOIA in prossimit? di CANC_GIUSINO;1;F;38,174369;13,336935
30/04/2023;10:15;PIAZZA MORDINI ANTONIO altezza del civico 8;0;C;38,129873;13,351593
30/04/2023;12:20;VIA LUTHER KING MARTIN intersezione con VIA DELLA FAVORITA;0;C;38,14762;13,35454
30/04/2023;12:30;VIA LUTHER KING MARTIN intersezione con VIA DELLA FAVORITA;0;C;38,14762;13,35454
30/04/2023;12:40;VIA LUTHER KING MARTIN intersezione con VIA DELLA FAVORITA;0;C;38,14762;13,35454
30/04/2023;18:15;CORSO CALATAFIMI altezza (inters.) VIALE REGIONE SICILIANA N.O.;1;F;38,10299;13,330121
30/04/2023;21:00;VIALE STRASBURGO intersezione con VIA INGEGNEROS GIUSEPPE;1;F;38,158001;13,325426
01/05/2023;04:00;VIA BISAZZA FELICE altezza del civico 83;0;C;38,125497;13,337339
01/05/2023;12:45;VIA SCIUTI GIUSEPPE altezza (inters.) VIA GIUSTI GIUSEPPE;0;C;38,135985;13,341108
01/05/2023;15:17;VIA UGDULENA GREGORIO altezza (inters.) VIA DELLA LIBERTA';0;C;38,13999;13,345743
01/05/2023;19:55;VIA DELLA LIBERTA' intersezione VIALE LAZIO;2;F;38,143856;13,343202
02/05/2023;00:50;VIA GIRARDENGO COSTANTE intersezione VIA GUERRA LEARCO;2;F;38,178998;13,318378
02/05/2023;08:15;VIA DELLA LIBERTA' intersezione VIA DUCA DELLA VERDURA;0;C;38,133718;13,349778
02/05/2023;09:10;VIA ROSSINI GIOACCHINO intersezione con VIA SCARLATTI ALESSANDRO;1;F;38,119464;13,358206
02/05/2023;09:15;LUNGOMARE COLOMBO CRISTOFORO altezza del civico 2982;2;F;38,18956;13,359034
02/05/2023;11:35;VIA DELL'AUTONOMIA SICILIANA altezza del civico 122;0;C;38,142319;13,355067
02/05/2023;14:00;VIA CRISTODULO AMMIRAGLIO altezza del civico 14;0;C;38,09598;13,425703
02/05/2023;16:40;PIAZZA LEONI altezza del civico 76;1;F;38,145349;13,345643
03/05/2023;06:30;VIA PERPIGNANO nr. 304/e;0;C;38,120043;13,322505
03/05/2023;07:45;VIA MARINUZZI ANTONIO intersezione con VIA BERGAMO;2;F;38,103176;13,366849
03/05/2023;09:26;VIA LA MALFA UGO altezza del civico 30;1;F;38,158294;13,317321
03/05/2023;10:50;VIALE DEI PICCIOTTI nr. 5/b;1;F;38,103755;13,384781
03/05/2023;12:30;VIA FIRENZE altezza del civico 6;0;C;38,115553;13,363892
03/05/2023;13:30;VIALE REGIONE SICILIANA N.O. di fronte al civico 1869;0;C;38,119967;13,329051
03/05/2023;17:30;CORSO RE RUGGERO intersezione con LARGO LA GRUTTA GIUSEPPE;0;C;38,108675;13,35416
03/05/2023;17:30;VIA NOTARBARTOLO EMANUELE altezza del civico 1/F;2;F;38,133585;13,349184
03/05/2023;18:45;PIAZZA NISCEMI intersezione con VIALE DEL FANTE;0;C;38,163254;13,332648
03/05/2023;19:15;VIA ERRANTE VINCENZO altezza del civico 22;1;F;38,108007;13,365362
04/05/2023;08:15;VIA BERNINI GIAN LORENZO s.n.c.;0;C;38,136284;13,322628
04/05/2023;08:40;VIA GALVANI LUIGI intersezione VICOLO SACRAMENTO;2;F;38,100245;13,389053
04/05/2023;11:45;VIALE DEL FANTE altezza del civico 68;1;F;38,159364;13,335551
04/05/2023;12:05;VIA DELLE CROCI altezza del civico 31;0;C;38,131009;13,353121
04/05/2023;13:00;VIA VICARI intersezione VIALE CALTAGIRONE;0;C;38,130037;13,302478
04/05/2023;15:15;VIA DE VIGILIA TOMMASO intersezione con VIA MAJALI GIULIANO;0;C;38,109222;13,359594
04/05/2023;18:30;VIA DELL'ORSA MINORE intersezione LARGO VAIANA GIUSEPPE S.;1;F;38,092318;13,365475
04/05/2023;21:10;FONDO CHIUSA GRANDE intersezione con VIA LABISO LUIGI FILIPPO;0;C;38,152042;13,31203
05/05/2023;05:10;VIALE REGIONE SICILIANA S.E. a mt. 4851;0;C;38,086165;13,35101
05/05/2023;08:15;VIALE REGIONE SICILIANA N.O. altezza del civico 967;3;F;38,112056;13,329928
05/05/2023;08:20;VIA NOTARBARTOLO EMANUELE pressi incrocio;0;C;38,131108;13,339597
05/05/2023;12:20;VIA MANDERINO altezza (inters.) VIA TERENZIO PUBLIO;1;F;38,198158;13,277798
05/05/2023;12:45;VIA PERPIGNANO s.n.c.;1;F;38,119375;13,328976
05/05/2023;15:00;FORO UMBERTO I pressi PORTA FELICE;0;C;38,119726;13,371415
05/05/2023;16:25;VIALE AMEDEO D'AOSTA altezza (inters.) CORSO DEI MILLE;0;C;38,100533;13,383707
05/05/2023;17:10;VIALE PRINCIPE DI SCALEA altezza 31;1;F;38,198624;13,328293
05/05/2023;20:30;VIA ROMA altezza del civico 51;1;F;38,112727;13,365532
05/05/2023;22:32;VIA PARLATORE FILIPPO altezza del civico 28;2;F;38,124576;13,343746
06/05/2023;04:00;VIA PIANO DELL'UCCIARDONE altezza (spec.) Autorit? Portua;0;C;38,132075;13,359994
06/05/2023;09:30;VIA LA MALFA UGO altezza del civico 8;1;F;38,156703;13,318597
06/05/2023;10:45;PIAZZA ORLANDO VITTORIO EMANUELE altezza del civico 1;1;F;38,119956;13,351554
06/05/2023;11:40;CORSO FINOCCHIARO APRILE CAMILLO altezza civ 69;1;F;38,118819;13,349183
06/05/2023;12:45;VIA SARULLO LUIGI altezza CASA DEL SOLE;2;F;38,121926;13,304865
06/05/2023;17:00;VIALE DE GASPERI ALCIDE altezza (inters.) VIA TRINACRIA;2;F;38,150846;13,337587
06/05/2023;19:30;VIA SAURO NAZARIO altezza (inters.) VIA GUALTERIO GIORGIO;1;F;38,123941;13,331358
07/05/2023;01:50;CORSO DEI MILLE altezza del civico 435;0;C;38,10236;13,380132
07/05/2023;02:00;VIA CAMPOLO GIOVANNI intersezione VIA PACINOTTI ANTONIO;0;C;38,128744;13,335468
07/05/2023;03:30;ROTONDA BRASILE in prossimit? di rampa V LAZIO;2;F;38,139345;13,331525
07/05/2023;06:10;PIAZZA LEONI di fronte al civico Civ 53;0;C;38,146252;13,344536
07/05/2023;07:20;VIALE MARCHESE DI VILLABIANCA altezza (inters.) LARGO PRIMAVERA;5;F;38,136096;13,35128
07/05/2023;14:10;VIA CUSMANO GIACOMO intersezione con VIA MARCONI GUGLIELMO;0;C;38,124748;13,347952
07/05/2023;17:00;VIALE DEL FANTE altezza del civico 50;3;F;38,148103;13,343331
07/05/2023;19:40;VIA ROMA altezza (inters.) VIA FIUME;1;F;38,112545;13,365602
08/05/2023;00:15;VIALE REGIONE SICILIANA N.O. altezza (spec.) belgio;2;F;38,145455;13,329333
08/05/2023;07:50;VIA PANZERA FRANCESCO altezza del civico 55;1;F;38,09525;13,386277
08/05/2023;08:40;VIALE DELLE ALPI intersezione con VIA AQUILEIA;1;F;38,14418;13,332239
08/05/2023;10:30;STRADA PROV. PALERMO-MONREALE altezza SS 186 KM 4,7;1;F;38,073246;13,277042
08/05/2023;13:00;VIA PARUTA FILIPPO altezza del civico 10;0;C;38,096751;13,318761
08/05/2023;14:35;PIAZZA STURZO LUIGI altezza del civico 15;1;F;38,126176;13,358056
08/05/2023;16:30;VIA ROCCAZZO di fronte al civico 36/a;1;F;38,124772;13,311745
09/05/2023;11:00;VIA SCIUTI GIUSEPPE altezza (inters.) VIA RESTIVO EMPEDOCLE;0;C;38,141925;13,337361
09/05/2023;12:20;VIALE LAZIO altezza del civico 19;1;F;38,143142;13,340922
09/05/2023;18:20;VIALE REGIONE SICILIANA S.E. altezza ponte Bonagia;0;C;38,087543;13,360823
10/05/2023;07:35;VIA BASILE ERNESTO altezza del civico 108;2;F;38,104928;13,351157
10/05/2023;07:40;VIA ROMA intersezione VIA SPINUZZA SALVATORE;0;C;38,12166;13,360982
10/05/2023;09:10;VIA BRUNELLESCHI FILIPPO altezza del civico 2;1;F;38,135349;13,313601
10/05/2023;12:20;VIA PATTI altezza del civico 117;0;C;38,177429;13,314247
10/05/2023;14:30;VIA SALEMI FRANCESCO GEN. intersezione con VIA COMELLA CLEMENTE;1;F;38,111393;13,333251
10/05/2023;18:45;VIA VILLAGRAZIA altezza del civico 50/e;1;F;38,095026;13,362879
11/05/2023;07:00;VIA DANTE intersezione con PIAZZA STAZIONE LOLLI;1;F;38,122892;13,347017
11/05/2023;08:20;VIA CRISPI FRANCESCO altezza (spec.) AMARI EMERICO;0;C;38,126955;13,362251
11/05/2023;09:30;VIALE REGIONE SICILIANA N.O. pressi VIA MONTANELLI;1;F;38,109039;13,329659
11/05/2023;09:40;VIALE REGIONE SICILIANA S.E. altezza (spec.) SVINCOLO ALTOF;1;F;38,094499;13,337674
11/05/2023;12:20;VIA SAVONAROLA GIROLAMO intersezione con VIA DI BLASI E. GIOVANNI;1;F;38,123281;13,320791
11/05/2023;17:15;VIA CAVOUR CAMILLO altezza del civico 155;0;C;38,121379;13,358345
11/05/2023;17:15;PIAZZA INDIPENDENZA altezza piazza PINTA;0;C;38,11;13,353213
11/05/2023;17:45;VIALE RIZZOTTO PLACIDO altezza del civico 6;1;F;38,086605;13,366125
11/05/2023;19:00;VIALE DE GASPERI ALCIDE intersezione VIA NEBRODI(DEI);2;F;38,14807;13,330385
11/05/2023;19:30;VIALE REGIONE SICILIANA S.E. a mt. 100;0;C;38,102221;13,329423
12/05/2023;07:00;VIA TASCA LANZA nr. 98/c;1;F;38,112528;13,329269
12/05/2023;08:20;VIA BASILE ERNESTO di fronte al civico 214;1;F;38,096692;13,344623
12/05/2023;08:30;VIA DELLA LIBERTA' di fronte al civico 74;4;R;38,138159;13,346874
12/05/2023;09:30;PIAZZA GIULIO CESARE di fronte al civico 22;1;F;38,110176;13,367636
12/05/2023;09:45;VIA PETRELLA ENRICO intersezione con VIA VILLA FLORIO;1;F;38,120555;13,345875
12/05/2023;11:10;VIA BERNABEI ERCOLE nr. 2;1;F;38,128357;13,340604
12/05/2023;12:15;PIAZZA DELLA PACE intersezione VIA ARCHIMEDE;0;C;38,130745;13,359763
12/05/2023;12:30;VIA MONTI IBLEI altezza (spec.) de gasperi;1;F;38,147607;13,329236
12/05/2023;13:50;VIA RESTIVO EMPEDOCLE intersezione VIA DELLE MADONIE;0;C;38,147698;13,333815
12/05/2023;14:40;VIA SICCHERIA QUATTRO CAMERE intersezione VIA AGOSTINO ANTONINO;1;F;38,112249;13,337075
12/05/2023;17:30;FORO UMBERTO I altezza del civico 29;1;F;38,116078;13,374826
12/05/2023;20:50;VIA IMERA intersezione VIA LASCARIS COSTANTINO;1;F;38,117046;13,348826
13/05/2023;05:30;CORSO TUKORY nr. 12;0;C;38,10982;13,363506
13/05/2023;08:45;VIALE REGIONE SICILIANA N.O. intersezione VIA MONTE ROSA;1;F;38,170006;13,300163
13/05/2023;12:00;VIA S.LORENZO altezza del civico 130;0;C;38,160868;13,326902
13/05/2023;13:05;VIA ALTOFONTE intersezione VIA VILLANI GIOVANNI;2;F;38,092727;13,334317
13/05/2023;13:45;PIAZZA DELLE CLINICHE in prossimit? di 2;1;F;38,106828;13,35985
13/05/2023;16:00;CORSO CALATAFIMI altezza del civico 69;2;F;38,111262;13,350483
13/05/2023;17:20;VIA LA LOGGIA GAETANO intersezione con VIA PIAZZA VITO CESARE;1;F;38,106931;13,332067
13/05/2023;20:45;VIA VIRGILIO intersezione con VIA ORAZIO;0;C;38,200415;13,27827
14/05/2023;02:10;VIA LA FARINA GIUSEPPE intersezione VIA PRINCIPE DI VILLAFRANCA;1;F;38,128967;13,349659
14/05/2023;05:10;PIAZZA SCAFFA altezza (spec.) PALO M 278;1;F;38,103818;13,377448
14/05/2023;05:26;ROTONDA BRASILE altezza V.MICHELANGELO;0;C;38,139844;13,330536
14/05/2023;09:30;PIAZZA SCAFFA altezza (inters.) VIA BRANCACCIO;1;F;38,103331;13,377679
14/05/2023;10:45;VIA DEGLI EMIRI intersezione VIA SCOTO MICHELE;1;F;38,115434;13,333434
14/05/2023;11:30;VIA BELMONTE altezza del civico 8 b;2;F;38,145184;13,367872
14/05/2023;12:05;STRADALE BELLOLAMPO KM.5351 km 1;1;F;38,139752;13,272701
14/05/2023;12:40;VIALE LAZIO intersezione VIALE DELLE ALPI;3;F;38,141216;13,335202
14/05/2023;12:50;VIA BASILE ERNESTO di fronte al civico 28;1;F;38,107112;13,353943
14/05/2023;14:40;VIA DELLA LIBERTA' altezza del civico 207;1;F;38,145061;13,342472
14/05/2023;23:30;VIA WAGNER RICCARDO intersezione con VIA GRAVINA AMMIRAGLIO;2;F;38,124796;13,358048
15/05/2023;00:50;VIA BASILE ERNESTO pressi FERMATA RAITI;0;C;38,096725;13,344677
15/05/2023;04:50;VIA GRAVINA BENEDETTO intersezione con VIA LA MASA GIUSEPPE;1;F;38,126109;13,361305
15/05/2023;07:30;VIALE STRASBURGO altezza del civico 163;1;R;38,153773;13,329472
15/05/2023;11:30;VIA ROCCAZZO intersezione VIA CARTAGINE;0;C;38,124159;13,310959
15/05/2023;12:20;VIALE LEONARDO DA VINCI intersezione PIAZZA EINSTEIN ALBERT;0;C;38,12859;13,329037
15/05/2023;14:30;VIA PIANO DELL'UCCIARDONE intersezione PIAZZA CAPONNETTO ANTONINO;1;F;38,134603;13,358097
15/05/2023;15:00;VIA PACINOTTI ANTONIO altezza del civico 21;0;C;38,129475;13,335021
15/05/2023;16:30;FORO UMBERTO I intersezione PIAZZA TUMMINELLO VINCENZO;0;C;38,112774;13,378031
16/05/2023;06:35;VIA MESSINA MARINE intersezione con VIA SAETTA ANTONINO;1;F;38,107806;13,381688
16/05/2023;06:50;VIA CONTE FEDERICO intersezione con VIA DI STEFANO GIOVANNI;2;F;38,081946;13,40369
16/05/2023;09:20;VIALE GALATEA intersezione con VIALE DEL CICLOPE;1;F;38,20116;13,323918
16/05/2023;11:10;PIAZZA CAPONNETTO ANTONINO s.n.c.;0;C;38,13475;13,358041
16/05/2023;11:10;PIAZZA GIULIO CESARE intersezione VIA MAUROLICO FRANCESCO;0;C;38,110016;13,365658
16/05/2023;13:30;VIALE MICHELANGELO altezza del civico 2200;1;F;38,132181;13,307309
16/05/2023;14:00;VIA PECORAINO FILIPPO altezza (inters.) VIA CIRINCIONE GIUSEPPE;2;F;38,09701;13,391912
16/05/2023;17:30;VIA SAMPOLO altezza del civico 119/c;1;F;38,142612;13,348994
16/05/2023;19:00;VIALE REGIONE SICILIANA intersezione VIALE LEONARDO DA VINCI;1;F;38,128486;13,329135
16/05/2023;19:05;VIALE CAMPANIA intersezione VIALE EMILIA;0;C;38,146268;13,337763
17/05/2023;07:40;VIA VANVITELLI LUIGI altezza del civico 36;1;F;38,143103;13,315577
17/05/2023;08:15;VIA LIGURIA intersezione con VIA TOSCANA;1;F;38,144257;13,337054
17/05/2023;08:50;PIAZZA EINSTEIN ALBERT s.n.c.;0;C;38,128768;13,328937
17/05/2023;15:10;VIALE DUCA DEGLI ABRUZZI altezza 1;1;M;38,166116;13,330338
17/05/2023;16:30;VIA CATALANI ALFREDO intersezione VIA LULLI GIOVAN BATTISTA;0;C;38,129304;13,338588
17/05/2023;16:50;VIALE MARCHESE DI VILLABIANCA intersezione con VIA GARGALLO TOMMASO;2;F;38,138782;13,349415
17/05/2023;17:00;VIALE GALILEO GALILEI intersezione con VIA BORREMANS GUGLIELMO;1;F;38,132574;13,334066
17/05/2023;17:45;VIALE CROCE ROSSA altezza del civico 4;1;F;38,146226;13,341664
18/05/2023;08:00;VIALE MICHELANGELO altezza del civico 1752;1;F;38,133823;13,311112
18/05/2023;08:05;ROTONDA BRASILE in direzione di sv. Michelanang VIALE MICHELANGELO;0;C;38,139793;13,330467
18/05/2023;14:40;VIA TIEPOLO GIOVAN BATTISTA altezza del civico 24;0;C;38,135295;13,32299
18/05/2023;16:05;VIALE DELLA RESURREZIONE intersezione con VIA DE STEFANO ANTONINO;0;C;38,17052;13,327032
18/05/2023;16:15;VIA TERRASANTA altezza del civico 74;0;C;38,130118;13,344696
18/05/2023;21:10;VIA DECOLLATI intersezione CORSO DEI MILLE;1;F;38,106676;13,373298
18/05/2023;21:30;VIA SARULLO LUIGI altezza del civico 13;1;R;38,124371;13,302701
19/05/2023;01:50;VIALE REGIONE SICILIANA altezza del civico 3422;0;C;38,12803;13,329937
19/05/2023;10:00;PIAZZA INDIPENDENZA altezza (spec.) palazzo noemann;0;C;38,110654;13,352013
19/05/2023;10:15;VIA BONANNO PIETRO altezza del civico 18;1;F;38,149542;13,361402
19/05/2023;17:05;VIALE LEONARDO DA VINCI altezza VIA ROMANIA;2;F;38,12627;13,304781
19/05/2023;18:00;VIALE MARGHERITA DI SAVOIA intersezione VIA MONTE ERCTA;1;F;38,190201;13,332862
19/05/2023;19:29;FORO UMBERTO I altezza porta felice;1;F;38,119715;13,371389
20/05/2023;02:50;VIA RABIN ISAAC in prossimit? di CASERMA CASCINO;0;C;38,145205;13,357233
20/05/2023;03:40;VIALE DEL FANTE di fronte al civico 66;5;F;38,159333;13,335583
20/05/2023;13:30;VIA NOTARBARTOLO EMANUELE intersezione con VIA LO JACONO FRANCESCO;2;F;38,132643;13,345445
20/05/2023;14:00;VIA NOTARBARTOLO EMANUELE altezza del civico 2;0;C;38,131364;13,340238
20/05/2023;15:30;PIAZZA VITTORIO VENETO intersezione con VIALE CROCE ROSSA;1;F;38,145982;13,341863
20/05/2023;17:30;VIA PALLAVICINO altezza del civico 95;1;F;38,171628;13,327771
21/05/2023;01:36;CORSO DEI MILLE nr. 1656;1;F;38,087697;13,421511
21/05/2023;03:10;VIALE AZOTI NICOLO' intersezione VIALE RIZZOTTO PLACIDO;5;F;38,0873;13,365971
21/05/2023;04:00;VIA DANTE intersezione con VIA SERRADIFALCO;1;F;38,12131;13,340585
21/05/2023;05:05;VIALE LAZIO intersezione VIA DELLA LIBERTA';2;F;38,143858;13,343222
21/05/2023;05:55;VIA RE FEDERICO altezza del civico 123;0;C;38,147347;13,353636
21/05/2023;11:10;VIA INGHAM pressi parch. eurospin;0;C;38,094511;13,393902
21/05/2023;14:20;VIA MESSINA MARINE di fronte al civico 96;0;C;38,106281;13,386217
21/05/2023;14:40;VIA GUADAGNA altezza del civico 12;0;C;38,101587;13,367318
21/05/2023;21:00;VIA ROMA intersezione VIA CAGLIARI;1;F;38,114566;13,364654
21/05/2023;21:20;PIAZZA NASCE' FRANCESCO intersezione VIA CARINI ISIDORO;1;F;38,128028;13,356401
22/05/2023;01:50;CORSO DEI MILLE intersezione VIA CORSELLI RODOLFO GEN.;0;C;38,09647;13,397677
22/05/2023;07:40;VIALE STRASBURGO intersezione VIA ALDISIO SALVATORE;0;C;38,154875;13,328413
22/05/2023;08:00;VIALE REGIONE SICILIANA N.O. di fronte al civico 13;1;F;38,140657;13,33142
22/05/2023;11:30;VIALE LAZIO intersezione con VIA SCIUTI GIUSEPPE;1;F;38,141921;13,337384
22/05/2023;12:20;VIALE STRASBURGO altezza del civico 161;1;F;38,153678;13,329556
22/05/2023;12:45;VIA BASILE ERNESTO di fronte LUSSORIO CAU;2;F;38,094981;13,341304
22/05/2023;14:00;VIA COSTA GAETANO altezza del civico 47;1;F;38,089029;13,335168
22/05/2023;17:35;VIALE PAPA GIOVANNI XXIII intersezione VIA COSTA ANDREA;1;F;38,085537;13,361667
22/05/2023;17:40;VIA CATANIA intersezione VIA CUSMANO GIACOMO;1;F;38,1268;13,346768
22/05/2023;19:35;SVINCOLO DI SALVO ROSARIO intersezione VIALE REGIONE SICILIANA;2;F;38,148448;13,327004
23/05/2023;08:00;VIA CONCERIA di fronte al civico 91;0;C;38,13971;13,327203
23/05/2023;08:25;VIA CIACCIO FRANCESCO PAOLO intersezione con VIA CIRRINCIONE ANDREA;1;F;38,144121;13,349476
23/05/2023;13:15;VIALE AZOTI NICOLO' altezza del civico 21;1;F;38,086133;13,360065
23/05/2023;20:00;VIA CONTESSA ADELASIA altezza 36;0;C;38,116779;13,346636
23/05/2023;21:30;VIALE NICOLETTI ROSARIO angolo VIA MASBEL BERNARDINO;2;F;38,193684;13,28518
23/05/2023;23:50;VIA MARCHESE DI ROCCAFORTE altezza del civico 34;1;F;38,143432;13,34649
24/05/2023;11:10;CORSO TUKORY altezza del civico 19;1;F;38,109955;13,364538
24/05/2023;14:10;VIA MESSINA MARINE intersezione VIA CAPPELLO SALVATORE;1;F;38,106851;13,38305
24/05/2023;14:10;VIA SALINAS ANTONINO altezza del civico 82;0;C;38,129885;13,345721
24/05/2023;15:50;VIALE LEONARDO DA VINCI intersezione VIA UDITORE;0;C;38,128195;13,327336
24/05/2023;17:10;VIA CHINNICI DOMENICO GEN. intersezione VIA MARCELLINI TOMMASO;0;C;38,100906;13,320327
24/05/2023;20:00;VIA MONETA ERNESTO TEODORO altezza del civico 10;1;F;38,085127;13,353927
24/05/2023;22:40;VIA GIACHERY CARLO a mt. 50 viaD.Verdura;2;F;38,135966;13,35874
25/05/2023;01:30;VIA PISACANE CARLO altezza (inters.) VIA MARINUZZI ANTONIO;1;F;38,10905;13,363043
25/05/2023;07:20;VIA PIANO DELL'UCCIARDONE s.n.c.;1;F;38,131471;13,360264
25/05/2023;07:40;VIA SPERONE intersezione con CORTILE BENFRATELLO;1;F;38,099114;13,401432
25/05/2023;08:53;VIA LA MALFA UGO altezza del civico 8;1;F;38,156616;13,318647
25/05/2023;10:40;VIA PERPIGNANO intersezione VIA D'AQUINO RINALDO;2;F;38,119121;13,335173
25/05/2023;13:30;VIA PRINCIPE DI PATERNO' intersezione con VIALE GALILEO GALILEI;2;F;38,136371;13,332581
25/05/2023;14:45;VIA PUGLISI BERTOLINO GIUSEPPE altezza del civico 8;1;F;38,126804;13,357228
25/05/2023;15:30;LARGO CASTELTERMINI intersezione con VIALE CALTAGIRONE;1;F;38,130041;13,302456
25/05/2023;17:30;VIA CAVOUR CAMILLO altezza del civico 16;0;C;38,122068;13,361086
25/05/2023;18:00;VIALE LAZIO intersezione VIALE CAMPANIA;1;F;38,142938;13,340336
26/05/2023;07:00;VIALE REGIONE SICILIANA S.E. direzione ROTONDA VIA ORETO;0;C;38,091105;13,377215
26/05/2023;09:45;VIA MESSINA MARINE altezza del civico 184;1;F;38,101358;13,39903
26/05/2023;13:20;VIA NOTARBARTOLO EMANUELE altezza del civico 1/i;1;F;38,133597;13,349203
26/05/2023;13:40;VIALE PIEMONTE intersezione con VIALE LAZIO;2;F;38,142928;13,340326
26/05/2023;14:28;VIA CORDOVA FILIPPO intersezione VIA MARCHESE DI ROCCAFORTE;1;F;38,141657;13,347576
26/05/2023;14:30;CORSO CALATAFIMI altezza del civico 591;2;F;38,10469;13,334275
26/05/2023;14:40;VIALE DEI PICCIOTTI intersezione con VIA MACELLO;1;F;38,106898;13,379246
26/05/2023;16:00;FORO UMBERTO I in prossimit? di palchetto della;1;F;38,117554;13,373028
26/05/2023;16:00;VIA BASILE ERNESTO intersezione PIAZZALE ANELLI GIUSEPPE TEN.;1;F;38,095252;13,341872
26/05/2023;16:00;VIA MORELLO NUNZIO intersezione VIA RAPISARDI MARIO;0;C;38,134065;13,343419
26/05/2023;18:15;VIA LANZA DI SCALEA GIUSEPPE pressi METRICO 781;1;F;38,140703;13,348247
26/05/2023;21:30;PIAZZA LEONI altezza del civico 1;0;C;38,145042;13,346039
26/05/2023;23:40;VIALE REGIONE SICILIANA N.O. in prossimit? di via scobar;2;F;38,126702;13,329807
27/05/2023;00:35;VIALE EBE intersezione con VIA DEDALO;1;F;38,191674;13,327416
27/05/2023;03:20;VIA S.LORENZO altezza del civico 450;0;C;38,172186;13,304035
27/05/2023;04:50;VIA SAMMARTINO altezza del civico 40/a;0;C;38,125277;13,349735
27/05/2023;09:40;VIA NINA SICILIANA intersezione con VIA DEGLI EMIRI;0;C;38,115113;13,332135
27/05/2023;10:15;VIA LUSSEMBURGO altezza del civico 61;1;F;38,153487;13,329662
27/05/2023;15:38;VIA CORLEONE SALVATORE pressi n? civico 4;0;C;38,094373;13,391427
27/05/2023;17:30;VIA ALTOFONTE altezza del civico 261;3;F;38,076066;13,326293
27/05/2023;18:00;CORSO ALBERTO AMEDEO altezza del civico 76;1;F;38,11552;13,351471
27/05/2023;23:10;VIA DELL'ARENELLA intersezione SCALO DELL'ARENELLA;0;C;38,151539;13,373799
27/05/2023;23:15;PIAZZA PRINCIPE DI CAMPOREALE altezza (inters.) VIA NOCE;0;C;38,119955;13,339442
27/05/2023;23:15;VIA GREGORIO MAGNO PAPA intersezione VIA MASSAIA GUGLIELMO CARD.;0;C;38,152118;13,371243
28/05/2023;02:00;VIA ROMA pressi N? CIVICO 203/A;1;F;38,116902;13,363503
28/05/2023;04:00;VIA NEBRODI(DEI) nr. 78;0;C;38,150749;13,328701
28/05/2023;13:00;VIA MESSINA MARINE di fronte al civico 505;0;C;38,098216;13,409968
28/05/2023;18:05;VIALE PRINCIPESSA MAFALDA intersezione con VIALE COLONIA MARINA;2;F;38,19406;13,335244
29/05/2023;08:20;VIALE REGIONE SICILIANA S.E. in direzione di trapani VIA BONAGIA;1;F;38,087431;13,35918
29/05/2023;11:07;VIA AUSONIA altezza del civico 87;0;C;38,151482;13,333149
29/05/2023;12:30;VIA ROMA intersezione VIA BOLOGNA;2;F;38,118264;13,362865
29/05/2023;15:50;CORSO ALBERTO AMEDEO altezza del civico 48;0;C;38,112959;13,352207
29/05/2023;21:30;VIALE DE GASPERI ALCIDE altezza del civico 169;1;F;38,149615;13,334187
30/05/2023;01:20;VIA ROMA altezza del civico 456;1;F;38,12586;13,358169
30/05/2023;02:05;PIAZZA TREDICI VITTIME intersezione VIA PATTI;1;F;38,122838;13,36522
30/05/2023;07:35;VIA RESUTTANA intersezione VIA VILLA SOFIA;1;F;38,153955;13,333776
30/05/2023;08:30;VIA CANDELA NICCOLO' altezza del civico 25;1;F;38,149021;13,313829
30/05/2023;12:15;CORSO CALATAFIMI intersezione VIA VILLA DI NAPOLI;1;F;38,104797;13,334512
30/05/2023;12:30;VIA CORAZZA FILIPPO intersezione con VIA D'ONDES REGGIO VITO;1;F;38,107973;13,362965
30/05/2023;15:05;PIAZZA ZIINO OTTAVIO altezza ASSESS. SANITA';0;C;38,130943;13,337867
30/05/2023;17:00;VIALE REGIONE SICILIANA N.O. altezza del civico 8165;3;F;38,188413;13,283354
30/05/2023;19:00;VIA MORELLO NUNZIO altezza del civico 89;1;F;38,135389;13,342623
30/05/2023;21:40;VIA MORELLO NUNZIO altezza (inters.) VIA PIPITONE FEDERICO GIUSEPPE;0;C;38,134855;13,342932
30/05/2023;23:00;VIA ORETO intersezione VIA FAZELLO TOMMASO;2;F;38,108401;13,3662
31/05/2023;07:15;VIA BALCH EMILY di fronte campi sportivi;0;C;38,088861;13,349849
31/05/2023;08:50;VIA BASILE ERNESTO intersezione con VIA DONATO PIETRO;1;R;38,095476;13,342223
31/05/2023;08:50;VIA ALDISIO SALVATORE altezza del civico 2;2;F;38,155361;13,329572
31/05/2023;09:30;VIA CRISPI FRANCESCO altezza GUARDIA DI FINA;1;F;38,127635;13,362038
31/05/2023;10:00;VIA MADONIA VINCENZO intersezione con VIA LI BASSI GIUSEPPE;1;F;38,098398;13,353706
31/05/2023;15:50;PIAZZA DON BOSCO altezza del civico 4;1;F;38,144505;13,345205
31/05/2023;21:00;VIA PERPIGNANO nr. 86;0;C;38,11941;13,337593
01/06/2023;07:00;VIA BRAGLIA ALBERTO intersezione con VIA SENOCRATE DI AGRIGENTO;1;F;38,180246;13,315443
01/06/2023;08:18;VIA SFERRACAVALLO altezza del civico 166;1;F;38,196622;13,278409
01/06/2023;09:30;VIALE REGIONE SICILIANA S.E. altezza BINGO LAS VEGA;0;C;38,099541;13,332032
01/06/2023;10:20;PIAZZA GIOVANNI PAOLO II PAPA lato CASSARA';0;C;38,151649;13,338597
01/06/2023;10:45;VIA SAMPOLO altezza del civico 200;1;F;38,137952;13,353457
01/06/2023;15:00;VIA PREZZOLINI GIUSEPPE altezza del civico 77;0;C;38,159576;13,321448
01/06/2023;15:20;VIA PIANO DELL'UCCIARDONE s.n.c.;1;F;38,131985;13,359738
02/06/2023;00:00;VIALE DE GASPERI ALCIDE altezza (inters.) PIAZZA FRANCESE MARIO;2;F;38,148499;13,331547
02/06/2023;04:00;PIAZZA GIULIO CESARE intersezione VIA PALMERI NICCOLO';0;C;38,110413;13,36732
02/06/2023;09:30;VIALE STRASBURGO intersezione VIA DANIMARCA;1;F;38,15268;13,330519
02/06/2023;10:00;VIA SEGESTA altezza del civico 1;0;C;38,12388;13,348613
02/06/2023;11:45;VIA TETI intersezione con VIALE PRINCIPE DI SCALEA;0;C;38,205661;13,324019
02/06/2023;13:00;VIA RABIN ISAAC altezza VIA SCARPELLO;1;F;38,144604;13,357362
03/06/2023;07:15;VIALE REGIONE SICILIANA altezza del civico 3385;1;R;38,128059;13,329889
03/06/2023;07:15;VIALE REGIONE SICILIANA N.O. altezza (inters.) VIA SARDEGNA;1;F;38,144397;13,330502
03/06/2023;10:45;VIA SFERRACAVALLO nr. 208;0;C;38,197136;13,277727
03/06/2023;11:15;VIA MONDELLO di fronte al civico 24/B;2;F;38,205006;13,322897
03/06/2023;14:20;VIA DANTE intersezione PIAZZA VIRGILIO;0;C;38,123445;13,349402
03/06/2023;14:30;VIA CASTELLANA a mt. 30 da via Erice;1;F;38,125683;13,30662
03/06/2023;16:00;VIALE REGIONE SICILIANA altezza viale Lazio;0;C;38,139599;13,331686
03/06/2023;18:30;VIALE REGIONE SICILIANA S.E. carreggiata centrale dir TP n.724;2;F;38,097457;13,334058
03/06/2023;19:00;VIA IMERA intersezione VIA LASCARIS COSTANTINO;2;F;38,117042;13,348822
03/06/2023;22:50;PIAZZA SETTIMO RUGGERO di fronte al civico 11;3;F;38,125145;13,355603
04/06/2023;01:45;VIA MESSINA MARINE altezza del civico 166;1;R;38,102801;13,39484
04/06/2023;10:10;VIA ORETO intersezione VIA BERGAMO;2;F;38,103894;13,369088
04/06/2023;11:45;VIA DON ORIONE intersezione VIA LANDOLINA SAVERIO;1;F;38,141981;13,362028
04/06/2023;14:45;VIALE REGIONE SICILIANA N.O. direzione CT VIA PITRE' GIUSEPPE;2;F;38,110509;13,329523
04/06/2023;15:40;VIALE MARGHERITA DI SAVOIA intersezione VIALE VENERE;0;C;38,190585;13,332763
04/06/2023;16:10;VIA MONDELLO altezza del civico 11;1;F;38,205803;13,323648
04/06/2023;20:30;VIALE MARGHERITA DI SAVOIA altezza DISTRIBUTORE Q8;2;F;38,182076;13,33409
05/06/2023;07:50;VIA ISONZO altezza del civico 7;0;C;38,14109;13,343008
05/06/2023;08:00;VIA BELGIO di fronte al civico 43;0;C;38,151081;13,330044
05/06/2023;11:45;VIA BELMONTE intersezione con VIA RAMPOLLA MARIANO CARD.;0;C;38,145035;13,369441
05/06/2023;14:40;VIA XX SETTEMBRE altezza del civico 16;0;C;38,124904;13,353729
05/06/2023;15:20;PIAZZA EINSTEIN ALBERT altezza del civico SNC;0;C;38,128813;13,328918
05/06/2023;15:45;VIA RESUTTANA intersezione con VIALE DE GASPERI ALCIDE;0;C;38,151094;13,337517
05/06/2023;17:10;VIA RESTIVO EMPEDOCLE intersezione con VIA VALDEMONE;0;C;38,146089;13,334851
05/06/2023;17:15;VIALE REGIONE SICILIANA altezza P.CORLEONE;0;C;38,090192;13,344221
05/06/2023;17:20;VIALE REGIONE SICILIANA altezza (spec.) sot/pon bonagia;1;F;38,0871;13,397443
05/06/2023;19:00;VIA COLLEGIO DI MARIA AL BORGO altezza del civico 70;0;C;38,127541;13,359255
05/06/2023;20:16;VIA SIRACUSA altezza del civico 20;0;C;38,127518;13,351674
05/06/2023;21:20;VIA CROCIFERI intersezione VIA GEREMIA PIETRO;1;F;38,121632;13,337997
06/06/2023;00:57;VIA RESTIVO EMPEDOCLE intersezione con VIALE LAZIO;2;F;38,141873;13,337256
06/06/2023;08:05;VIA ALBANESE ENRICO intersezione con VIA ORSINI VINCENZO;1;F;38,130582;13,35613
06/06/2023;08:10;VIA ACHILLE altezza del civico 6;0;C;38,18987;13,326588
06/06/2023;11:30;VIALE STRASBURGO di fronte al civico 385;2;F;38,163412;13,320431
06/06/2023;13:50;CORSO FINOCCHIARO APRILE CAMILLO intersezione con CORSO ALBERTO AMEDEO;1;F;38,118933;13,350812
06/06/2023;14:15;VIALE REGIONE SICILIANA N.O. altezza del civico 200;1;F;38,090063;13,3735
06/06/2023;14:50;VIALE REGIONE SICILIANA N.O. s.n.c.;0;C;38,119407;13,32883
06/06/2023;16:00;VIA UDITORE altezza (inters.) VIA ACI;4;F;38,131524;13,324174
06/06/2023;16:50;VIA SAMPOLO di fronte al civico 42;0;C;38,135803;13,355939
06/06/2023;18:45;VIALE FRANCIA intersezione con VIALE STRASBURGO;2;F;38,156573;13,3267
06/06/2023;20:50;PIAZZA MORDINI ANTONIO altezza (inters.) VIA DELLA LIBERTA';1;F;38,129942;13,35212
06/06/2023;21:30;VIA PAGANO GIUSEPPE intersezione VIA DRAGO AURELIO;2;F;38,105598;13,331644
06/06/2023;22:30;VIA CRISPI FRANCESCO altezza molo s. lucia;1;F;38,129539;13,361109
07/06/2023;09:40;VIA MARCHESE UGO di fronte al civico 26;0;C;38,131695;13,350384
07/06/2023;10:40;VIALE REGIONE SICILIANA N.O. intersezione VIA PITRE' GIUSEPPE;0;C;38,110515;13,329484
07/06/2023;15:45;VIALE EMILIA intersezione VIA RESTIVO EMPEDOCLE;1;F;38,145336;13,335253
07/06/2023;16:45;VIA DELLA LIBERTA' altezza del civico 33;0;C;38,127905;13,353766
07/06/2023;17:00;VIALE MICHELANGELO di fronte al civico 1781;0;C;38,136734;13,317777
07/06/2023;19:30;VIA DANTE intersezione PIAZZA STAZIONE LOLLI;1;F;38,122881;13,347093
07/06/2023;20:30;VIALE LEONARDO DA VINCI altezza del civico 645;1;F;38,126656;13,308104
08/06/2023;00:45;VIALE REGIONE SICILIANA N.O. in prossimit? di 9162;1;F;38,188421;13,28333
08/06/2023;02:25;VIALE REGINA ELENA di fronte al civico CHARLESTON;3;F;38,20234;13,326456
08/06/2023;09:40;VIA ZAPPA GINO altezza via Patti;0;C;38,178761;13,313743
08/06/2023;18:40;VIA LORIA RUGGERO intersezione VIA JUVARA ALOISIO;1;F;38,139806;13,361305
08/06/2023;22:20;VIALE DEL FANTE a mt. 500 mvia rocca;2;F;38,156208;13,338211
08/06/2023;23:40;VIA MESSINA intersezione VIA PRINCIPE DI VILLAFRANCA;0;C;38,126075;13,351345
09/06/2023;02:30;VIALE STRASBURGO intersezione VICOLO PANTELLERIA;1;F;38,159944;13,323527
09/06/2023;10:00;VIA DON ORIONE altezza del civico 18;1;F;38,141804;13,362207
09/06/2023;10:00;VIA VERGINE MARIA s.n.c.;0;C;38,16164;13,370036
09/06/2023;10:15;VIA ORETO altezza 292;0;C;38,103456;13,369412
09/06/2023;15:30;VIA UGO ANTONIO di fronte al civico 17;0;C;38,111804;13,371124
09/06/2023;17:00;VIA ISONZO intersezione con VIA PASUBIO;1;F;38,141979;13,342455
09/06/2023;23:28;VIALE LAZIO intersezione con VIA SCIUTI GIUSEPPE;0;C;38,141948;13,337423
10/06/2023;03:10;VIA NOTARBARTOLO EMANUELE intersezione con VIA MORELLO NUNZIO;3;R;38,132368;13,344354
10/06/2023;03:40;VIA NOTO intersezione con VIA LA FARINA GIUSEPPE;2;F;38,128647;13,348855
10/06/2023;06:40;VIA CAMMARANO GIUSEPPE altezza del civico 8;0;C;38,134708;13,310981
10/06/2023;16:00;VIA CRISPI FRANCESCO intersezione con VIA PATTI FILIPPO;1;F;38,122853;13,365175
10/06/2023;18:00;VIA ROMA altezza del civico 153;0;C;38,115026;13,364431
10/06/2023;20:00;CORSO CALATAFIMI altezza del civico 141;2;R;38,110412;13,348361
10/06/2023;21:00;VIA SARULLO LUIGI altezza del civico 5;2;F;38,123564;13,303295
10/06/2023;22:00;VIA DEL VESPRO altezza del civico 112;0;C;38,102885;13,36219
11/06/2023;04:00;VIALE REGIONE SICILIANA S.E. altezza (spec.) DVP;0;C;38,111153;13,330003
11/06/2023;05:30;VIA RESTIVO EMPEDOCLE intersezione con VIALE LAZIO;0;C;38,141947;13,337349
11/06/2023;12:15;CORSO CALATAFIMI altezza (inters.) VIA DRAGO AURELIO;1;F;38,103852;13,332178
11/06/2023;14:50;VIALE REGIONE SICILIANA S.E. carr. laterale CIVICO 460;2;F;38,099432;13,332765
11/06/2023;16:50;VIA BELMONTE CHIAVELLI altezza del civico 29/a;1;F;38,090697;13,369186
11/06/2023;17:00;VIA DON ORIONE intersezione con VIA LORIA RUGGERO;0;C;38,140107;13,362517
11/06/2023;19:15;VIALE DELL'OLIMPO in prossimit? di CIV. 5;1;F;38,188895;13,319367
11/06/2023;21:00;STRADA S.P. 1 altezza del civico 5110;1;F;38,139804;13,273217
11/06/2023;22:30;VIA COLONNA ROTTA altezza del civico 134;1;F;38,113195;13,348462
12/06/2023;07:00;VIA NEBRODI(DEI) intersezione con VIA SARDEGNA;1;F;38,145099;13,332278
12/06/2023;07:20;PIAZZA EINSTEIN ALBERT intersezione VIALE LEONARDO DA VINCI;1;F;38,128893;13,330337
12/06/2023;07:45;PIAZZA ZIINO OTTAVIO intersezione VIA MALASPINA;0;C;38,130615;13,338514
12/06/2023;08:15;VIA CRISPI FRANCESCO altezza del civico 136;2;F;38,125988;13,363005
12/06/2023;09:20;VIA BASILE altezza del civico 218/a;2;F;38,096428;13,344111
12/06/2023;11:30;PIAZZA VIRGILIO intersezione VIA DEL FERVORE;1;M;38,123897;13,348689
12/06/2023;11:55;VIA TURR STEFANO altezza del civico 29;0;C;38,127727;13,341493
12/06/2023;14:40;VIA ALBANESE ENRICO intersezione con VIA PIER DELLE VIGNE;1;F;38,131325;13,358
12/06/2023;14:50;VIA ROMA intersezione con VIA VITTORIO EMANUELE;1;F;38,116616;13,363609
12/06/2023;15:30;VIA MESSINA MONTAGNE altezza del civico 6;2;F;38,085878;13,426487
12/06/2023;18:00;VIA CIPRESSI intersezione PIAZZA INGASTONE;1;F;38,114905;13,346335
12/06/2023;18:40;VIA LAZZARO CARMELO altezza del civico 9;1;F;38,105333;13,356076
12/06/2023;20:35;VIA DE GREGORIO ANTONIO altezza del civico 15samma;0;C;38,135394;13,354979
12/06/2023;21:00;PIAZZA AMENDOLA GIOVANNI intersezione con VIA PATERNOSTRO PAOLO;1;F;38,122399;13,351421
12/06/2023;21:00;VIA DE GREGORIO ANTONIO altezza del civico 15;0;C;38,135394;13,354979
13/06/2023;01:15;VIA SAMMARTINO intersezione VIA NIGRA COSTANTINO;1;F;38,12878;13,347717
13/06/2023;03:00;PIAZZA STURZO LUIGI di fronte al civico 36;0;C;38,126256;13,357644
13/06/2023;07:20;VIA S.CIRO altezza del civico 15;1;F;38,094802;13,383414
13/06/2023;09:10;VIALE REGIONE SICILIANA S.E. carreggiata centrale direzione TP;0;C;38,090004;13,3445
13/06/2023;10:00;VIALE MARGHERITA DI SAVOIA altezza (inters.) VIALE DELLE PALME;1;F;38,195982;13,33201
13/06/2023;12:30;VIA VILLA FLORIO intersezione con VIA LA MANTIA VITO;2;F;38,120654;13,346445
13/06/2023;13:50;VIA MESSINA MARINE altezza del civico 169;1;F;38,106762;13,383872
13/06/2023;15:10;VIA BELMONTE CHIAVELLI intersezione con VIA LO SCHIAVO GIUSEPPE GUIDO;1;F;38,096723;13,368862
13/06/2023;16:00;VIALE DEL FANTE altezza del civico 50;1;F;38,14813;13,34332
13/06/2023;17:45;PIAZZA CASTELNUOVO altezza del civico 48;1;F;38,124723;13,354616
13/06/2023;22:50;VIA LAURANA FRANCESCO intersezione con VIA DE CRISTOFORIS TOMMASO MAGG;1;F;38,135717;13,352828
14/06/2023;10:00;VIALE REGINA MARGHERITA intersezione VIA DANTE;1;F;38,121933;13,343215
14/06/2023;10:30;CORSO DEI MILLE altezza del civico 739;2;F;38,099462;13,387435
14/06/2023;11:45;VIA SCARLATTI ALESSANDRO di fronte 5;0;C;38,11963;13,358583
14/06/2023;12:25;CORSO PISANI PIETRO nr. 126;1;F;38,107705;13,348347
14/06/2023;13:22;VIA LA MALFA UGO nr. 98;2;F;38,162872;13,313748
14/06/2023;14:15;VIALE CROCE ROSSA altezza del civico 8;1;F;38,146373;13,341535
14/06/2023;15:25;VIALE REGIONE SICILIANA S.E. in prossimit? di SVINCOLO INDUST;1;F;38,086073;13,407239
14/06/2023;16:30;VIA CIVILETTI BENEDETTO intersezione con VIA D'ACQUISTO BENEDETTO;1;F;38,123239;13,351939
14/06/2023;16:30;VIALE REGIONE SICILIANA N.O. altezza del civico 117;1;F;38,18778;13,283966
14/06/2023;19:50;VIA BERNINI GIAN LORENZO altezza del civico 135;0;C;38,131876;13,328678
15/06/2023;00:15;VIA POLIBIO intersezione PIAZZA DELLA SERENITA';1;F;38,198149;13,309712
15/06/2023;08:50;VIALE REGIONE SICILIANA N.O. s.n.c.;1;F;38,107903;13,32999
15/06/2023;10:40;CORSO CALATAFIMI intersezione con VIA SUNSERI GIUSEPPE;1;F;38,106916;13,339712
15/06/2023;13:40;VIA SERRADIFALCO altezza del civico 188;1;F;38,126713;13,338029
15/06/2023;15:30;VIA VALVERDE altezza del civico 48;0;C;38,120334;13,362241
15/06/2023;15:50;VIA SAURO NAZARIO altezza del civico 13;1;F;38,123001;13,332208
15/06/2023;17:10;VIA AUSONIA altezza del civico 33;0;C;38,147519;13,33663
15/06/2023;18:20;LUNGOMARE COLOMBO CRISTOFORO altezza del civico 520;2;F;38,169129;13,36659
16/06/2023;06:25;PIAZZA DON BOSCO intersezione PIAZZA LEONI;1;F;38,144881;13,346274
16/06/2023;10:00;VIA SANTICELLI intersezione VIA MOLARA;1;F;38,087942;13,314875
16/06/2023;13:20;VIA SCIUTI GIUSEPPE altezza del civico 64;1;F;38,134611;13,341916
16/06/2023;14:00;VIA CATANIA altezza (inters.) VIA GARZILLI NICCOLO';0;C;38,128486;13,350891
16/06/2023;15:00;VIALE GIARRUSSO FELICE intersezione con VIALE CASTIGLIA LUIGI;2;F;38,115445;13,337872
16/06/2023;16:00;VIALE LEONARDO DA VINCI altezza del civico 482;1;F;38,126586;13,308288
17/06/2023;00:40;VIA D'OSSUNA intersezione con VIA IMERA;1;F;38,115373;13,349488
17/06/2023;01:45;VIALE PRINCIPE DI SCALEA altezza del civico 50/A;0;C;38,203204;13,324636
17/06/2023;02:00;VIA SPADOLINI GIOVANNI altezza del civico 14;0;C;38,171217;13,312744
17/06/2023;02:45;LUNGOMARE COLOMBO CRISTOFORO in prossimit? di princ. Maria;2;F;38,195682;13,337019
17/06/2023;15:00;VIA S.MARIA DI GESU' altezza del civico 98;0;C;38,091254;13,373366
17/06/2023;19:45;VIA POLARA altezza del civico 65;0;C;38,120124;13,348536
17/06/2023;19:48;VIA JUVARA FILIPPO altezza del civico 29;0;C;38,121121;13,348836
17/06/2023;20:00;VIA CONTE FEDERICO altezza PONTE;0;C;38,087181;13,397341
17/06/2023;20:20;VIA COLONNA ROTTA altezza del civico 24;1;F;38,11191;13,351355
17/06/2023;20:50;VIA JUVARA FILIPPO intersezione VIA CUTELLI MARIO;0;C;38,121267;13,349648
18/06/2023;06:45;CORSO CALATAFIMI di fronte al civico via marinuzzi;0;C;38,104908;13,334812
18/06/2023;12:20;VIALE MARGHERITA DI SAVOIA altezza (inters.) VIA GIACCONE PAOLO;2;F;38,17437;13,336838
18/06/2023;18:15;VIA DEI CANTIERI intersezione VIA MONTEPELLEGRINO;5;F;38,136007;13,358729
18/06/2023;18:30;FORO UMBERTO I altezza (inters.) VIA PADRE MESSINA GIOVANNI;1;F;38,113461;13,377505
19/06/2023;07:00;VIALE REGIONE SICILIANA altezza (inters.) CORSO CALATAFIMI;0;C;38,102917;13,329856
19/06/2023;07:10;VIALE REGIONE SICILIANA S.E. altezza 4111;1;F;38,12807;13,32992
19/06/2023;16:40;VIALE REGIONE SICILIANA N.O. altezza (spec.) 4975;2;F;38,147591;13,32782
19/06/2023;17:00;VIALE RIZZOTTO PLACIDO altezza (spec.) civ. 8/A;1;F;38,086175;13,366164
19/06/2023;21:00;VIALE LEONARDO DA VINCI altezza del civico 352;1;F;38,126592;13,308313
19/06/2023;22:00;VIA NOTARBARTOLO EMANUELE altezza del civico 2;0;C;38,115536;13,364125
20/06/2023;00:40;VIA ROMA altezza del civico 175;2;R;38,115536;13,364125
20/06/2023;08:30;VIA PECORAINO FILIPPO di fronte media;0;C;38,088643;13,410064
20/06/2023;10:00;VIALE REGIONE SICILIANA N.O. di fronte aleo;0;C;38,12389;13,329071
20/06/2023;10:30;VIA DELL'ORSA MINORE intersezione VIA ORETO;2;F;38,097144;13,373303
20/06/2023;13:45;VIA TIEPOLO GIOVAN BATTISTA altezza del civico 14;1;F;38,135208;13,322823
20/06/2023;14:15;VIA FAVIER PROSPERO intersezione con VIA PECORAINO FILIPPO;3;F;38,096977;13,392515
20/06/2023;16:00;VIA CADUTI SENZA CROCE altezza del civico 28;0;C;38,155125;13,333108
20/06/2023;16:15;VIALE REGIONE SICILIANA N.O. pressi 9599;1;F;38,179058;13,293606
20/06/2023;18:30;VIA AUSONIA intersezione VIALE EMILIA;1;F;38,146294;13,337688
21/06/2023;09:15;VIALE LEONARDO DA VINCI intersezione con VIA MIGLIACCIO MARIANO;0;C;38,129262;13,332068
21/06/2023;09:40;LUNGOMARE COLOMBO CRISTOFORO altezza 5038;2;F;38,19353;13,340414
21/06/2023;11:30;VIALE CROCE ROSSA altezza del civico 34;1;F;38,148255;13,340192
21/06/2023;12:30;VIALE LEONARDO DA VINCI altezza del civico 328;0;C;38,126595;13,308299
21/06/2023;16:00;VIA PIANO DELL'UCCIARDONE altezza (spec.) q8;2;F;38,130948;13,360552
21/06/2023;16:21;VIA SAMPOLO di fronte al civico 92;0;C;38,136554;13,355054
21/06/2023;17:20;VIA PANDOLFINI altezza del civico 7;0;C;38,113035;13,30592
21/06/2023;17:45;VIALE LEONARDO DA VINCI altezza del civico 396;0;C;38,126612;13,308342
21/06/2023;18:10;VIALE REGIONE SICILIANA N.O. di fronte al civico 4743;2;F;38,145902;13,328613
21/06/2023;22:10;VIA PRINCIPE DI VILLAFRANCA intersezione VIA MARCONI GUGLIELMO;0;C;38,126033;13,351352
21/06/2023;23:10;VIA CENTORBE altezza del civico 9;0;C;38,133534;13,307865
22/06/2023;00:25;PIAZZA CASCINO ANTONINO GEN. intersezione con VIA MONTEPELLEGRINO;0;C;38,14223;13,357675
22/06/2023;04:10;PIAZZA EINSTEIN ALBERT intersezione con VIALE LEONARDO DA VINCI;3;F;38,128581;13,329006
22/06/2023;09:30;VIA POLIZIANO ANGELO altezza del civico 66;1;F;38,123212;13,33363
22/06/2023;11:47;VIA CAVOUR CAMILLO altezza del civico 85;1;F;38,122178;13,361513
22/06/2023;16:25;VIALE CROCE ROSSA s.n.c.;1;F;38,152428;13,337515
22/06/2023;19:40;VIALE REGIONE SICILIANA altezza 8447;1;F;38,16959;13,301031
22/06/2023;20:30;VIA ORETO intersezione VIA ACCASCINA FILIPPO;1;F;38,10075;13,37106
23/06/2023;00:30;VIALE REGIONE SICILIANA S.E. altezza (inters.) VIA BELMONTE CHIAVELLI;1;F;38,102209;13,329463
23/06/2023;01:00;VIA PIANO DELL'UCCIARDONE altezza (inters.) VIA SCINA' DOMENICO;0;C;38,130382;13,360383
23/06/2023;08:50;VIA CIMAROSA DOMENICO intersezione con VIA BOITO ARRIGO;2;F;38,129319;13,341318
23/06/2023;09:15;VIA NOTARBARTOLO EMANUELE altezza del civico 11;2;F;38,133138;13,347495
23/06/2023;10:30;VIALE GIULIANO BORIS altezza uffico postale;1;F;38,138423;13,343242
23/06/2023;11:10;VIA PIANO DELL'UCCIARDONE altezza (inters.) VIA DELL'ARSENALE;1;F;38,134229;13,358778
23/06/2023;12:45;VIALE LEONARDO DA VINCI altezza del civico 344;1;F;38,12687;13,319834
23/06/2023;13:30;VIALE REGIONE SICILIANA intersezione con VIA DI BLASI E. GIOVANNI;1;F;38,122509;13,329149
23/06/2023;14:45;CORSO DEI MILLE intersezione VIA CAMPO FRATELLI;1;F;38,100924;13,382865
23/06/2023;15:45;VIA OASI VERDE intersezione VIA S.NICOLA;1;F;38,18598;13,308769
23/06/2023;15:55;VIA POLLACI GIUSEPPE altezza del civico 35;2;F;38,104769;13,329619
23/06/2023;19:20;VIA CASTELLANA di fronte al civico 122;0;C;38,125583;13,297335
23/06/2023;21:20;VIA FILICIUZZA intersezione con VIA PIETRO D'ARAGONA;1;F;38,107554;13,358084
23/06/2023;22:15;VIA PIANO DELL'UCCIARDONE altezza (spec.) carcere;1;F;38,133247;13,359313
24/06/2023;01:00;VIA BACHELET VITTORIO in prossimit? di ACC.PAGLIARELLI;0;C;38,089892;13,335443
24/06/2023;01:50;VIA LANZA DI SCALEA GIUSEPPE pressi 600;1;F;38,16891;13,315173
24/06/2023;03:30;VIA VILLA FILIPPINA altezza del civico 26;0;C;38,120419;13,352888
24/06/2023;09:30;VIA IMERA intersezione con VIA LASCARIS COSTANTINO;2;F;38,117052;13,348851
24/06/2023;11:00;VIALE STRASBURGO altezza FERMATA NUOVA;1;F;38,160847;13,322801
24/06/2023;12:50;VIA SANFILIPPO SALVATORE intersezione VIA VILLAGRAZIA;1;R;;
24/06/2023;14:45;VIALE STRASBURGO altezza (inters.) VIA DANIMARCA;1;F;38,152667;13,330507
24/06/2023;21:45;VIA AVERSA TOMMASO intersezione con VIA BISAZZA FELICE;1;F;38,124673;13,337714
24/06/2023;22:40;VIA MESSINA MARINE altezza del civico 392;1;F;38,097708;13,415072
25/06/2023;02:40;VIA DAITA GAETANO di fronte al civico 5;2;F;38,125541;13,35609
25/06/2023;07:00;VIA PEREZ FRANCESCO PAOLO intersezione con VIA MORTILLARO VINCENZO;1;F;38,104892;13,367245
25/06/2023;14:45;VIALE DE GASPERI ALCIDE intersezione con VIALE STRASBURGO;1;F;38,149108;13,332976
25/06/2023;17:30;VIALE GALATEA altezza del civico 2;2;F;38,201551;13,324701
26/06/2023;01:20;VIA MESSINA MARINE altezza del civico 301/C;0;C;38,105033;13,389411
26/06/2023;03:00;VIA AMORELLI ALFONSO intersezione con VIA VANVITELLI LUIGI;0;C;38,144375;13,315422
26/06/2023;03:00;FORO UMBERTO I intersezione PIAZZETTA DELLA KALSA;1;F;38,116626;13,373916
26/06/2023;06:50;VIA PATTI intersezione VIA GUTTUSO RENATO;1;F;38,174921;13,31584
26/06/2023;07:00;VIA GALLETTI intersezione con VIA PADRE MASSIMILIANO KOLBE;1;F;38,09498;13,429644
26/06/2023;10:15;VIA NOTARBARTOLO EMANUELE altezza (spec.) chiesa;1;F;38,131518;13,341227
26/06/2023;10:30;VIA PELLICO SILVIO intersezione VIA TOMASI CARDINALE;0;C;38,115102;13,345472
26/06/2023;13:00;VIA NENNI PIETRO pressi civ 85;1;F;38,155808;13,319383
26/06/2023;14:00;VIALE DEL FANTE intersezione con P.LE LA LOGGIA ENRICO;2;F;38,153556;13,340138
26/06/2023;14:10;VIA NOTARBARTOLO EMANUELE intersezione con VIA TERRASANTA;2;F;38,132138;13,343465
26/06/2023;14:10;STRADA STATALE 624 di fronte al civico 77;4;F;38,086215;13,333454
26/06/2023;16:00;VIA ROMA altezza 475;1;F;38,12385;13,359552
26/06/2023;16:15;VIALE MARCHESE DI VILLABIANCA intersezione VIA ALESSI GIUSEPPE;1;F;38,139779;13,348921
26/06/2023;16:30;VIA PARTANNA MONDELLO altezza 29/I;1;F;38,189616;13,291291
26/06/2023;17:15;VIA SCIUTI GIUSEPPE intersezione VIA ONUFRIO ENRICO;2;F;38,134259;13,342125
26/06/2023;18:30;VIA DELLA LIBERTA' intersezione con LARGO DELL'ESEDRA;1;F;38,142584;13,343985
26/06/2023;19:00;VIA SCIUTI GIUSEPPE altezza del civico 164;0;C;38,139303;13,33897
26/06/2023;20:50;VIA LA MALFA UGO altezza del civico 52;2;F;38,160412;13,31562
27/06/2023;08:10;VIA S.LORENZO altezza 269/b;1;F;38,164609;13,318626
27/06/2023;10:00;PIAZZA EINSTEIN ALBERT lato ASSESSORATO;0;C;38,128126;13,329781
27/06/2023;10:15;VIALE REGIONE SICILIANA altezza civ. 4309;0;C;38,089673;13,373639
27/06/2023;10:45;VIALE REGIONE SICILIANA N.O. carr. centrale sottovia Einste;0;C;38,139233;13,331219
27/06/2023;14:30;CORSO DEI MILLE intersezione con VIA LAUDICINA ANTONINO;0;C;38,092555;13,409808
27/06/2023;16:02;VIA D'ANNUNZIO GABRIELE altezza del civico 46;0;C;38,138071;13,344688
27/06/2023;21:30;VIALE ORFEO intersezione VIALE PRINCIPESSA IOLANDA;1;F;38,192692;13,334468
27/06/2023;23:00;VIA SACCO E VANZETTI intersezione con VIALE XXVII MAGGIO;1;F;38,098169;13,405186
28/06/2023;01:40;VIALE REGIONE SICILIANA altezza del civico 1920;1;F;38,120859;13,328892
28/06/2023;06:15;VIA CENTURIPE altezza del civico 69;0;C;38,131228;13,289839
28/06/2023;06:45;VIA LANZA DI SCALEA GIUSEPPE altezza del civico 362;1;F;38,167103;13,316562
28/06/2023;10:50;VIA ROMA altezza 91;1;F;38,113827;13,364969
28/06/2023;14:20;VIA DANTE intersezione VIA D'ASARO PIETRO;1;F;38,123044;13,347742
28/06/2023;14:45;VIA DANTE altezza 144;0;C;38,122974;13,347525
28/06/2023;15:00;VIA VILLAGRAZIA altezza del civico 187;1;F;38,091096;13,355122
28/06/2023;15:00;VIA TOSCANA intersezione VIA LIGURIA;0;C;38,144248;13,337066
28/06/2023;17:10;VIA GIACHERY CARLO intersezione VIA DUCA DELLA VERDURA;1;F;38,135606;13,357395
28/06/2023;17:10;VIA LULLI GIOVAN BATTISTA altezza del civico 27;1;F;38,129275;13,338574
28/06/2023;19:30;VIALE MICHELANGELO altezza del civico 1801;1;F;38,134108;13,311453
28/06/2023;20:15;VIA ROMA intersezione con VIA AMARI EMERICO;1;F;38,125466;13,358406
29/06/2023;02:20;VIALE LAZIO intersezione con VIA DELLA LIBERTA';0;C;38,143856;13,343212
29/06/2023;08:20;VIALE LEONARDO DA VINCI altezza 20;1;F;38,12666;13,308307
29/06/2023;09:10;VIALE GALILEO GALILEI altezza del civico 50;1;F;38,134261;13,333387
29/06/2023;12:45;PIAZZA VITTORIO VENETO altezza 2;0;C;38,14567;13,341633
29/06/2023;14:40;VIA DI GIORGI FERDINANDO altezza del civico 11;1;F;38,126058;13,32722
29/06/2023;15:00;VIALE DELLA RESURREZIONE nr. 91;0;C;38,165424;13,320053
29/06/2023;15:10;PIAZZA EINSTEIN ALBERT altezza PARCO UDITORE;0;C;38,12929;13,328977
29/06/2023;19:30;VIA DE SANCTIS FRANCESCO altezza del civico 18;1;F;38,123779;13,329959
29/06/2023;22:50;VIA RESTIVO EMPEDOCLE intersezione VIALE DE GASPERI ALCIDE;2;F;38,149145;13,332975
29/06/2023;23:10;VIALE DEL FANTE pressi P.ZZA NISCEMI;2;F;38,163306;13,332671
30/06/2023;01:06;PIAZZA MARINA di fronte al civico 24;0;C;38,11766;13,368177
30/06/2023;04:00;VIA PONTE DI MARE di fronte al civico 119;3;F;38,110702;13,378562
30/06/2023;07:55;VIALE REGIONE SICILIANA N.O. altezza 4261;0;C;38,142259;13,331585
30/06/2023;08:15;VIALE DELLE PALME intersezione VIALE PRINCIPESSA GIOVANNA;0;C;38,195607;13,336328
30/06/2023;11:20;PIAZZA S.FRANCESCO DI PAOLA intersezione con VIA S.OLIVA;2;F;38,121497;13,352934
30/06/2023;12:55;VIA CADORNA LUIGI GEN. intersezione con VIA MONGITORE ANTONINO;1;F;38,109997;13,356285
30/06/2023;14:25;VIA SAURO NAZARIO intersezione con VIA MONTUORO RINALDO;1;F;38,124947;13,330391
30/06/2023;14:40;VIA VILLA ROSATO intersezione con VIALE DEL FANTE;2;F;38,161507;13,334001
30/06/2023;16:00;VIA ROMA intersezione VIA SPINUZZA SALVATORE;1;F;38,121646;13,360999
01/07/2023;10:50;VIALE NICOLETTI ROSARIO altezza (inters.) VIA MASBEL BERNARDINO;1;F;38,193681;13,285194
01/07/2023;11:00;VIA DI STEFANO altezza del civico 13;1;F;38,123313;13,355923
01/07/2023;11:50;VIA GRASSO GIOVANNI di fronte al civico 10;1;F;38,110555;13,36138
01/07/2023;13:05;VIA AZOTI NICOLO' intersezione VIALE PAPA GIOVANNI XXIII;1;F;30,08656;13,36148
01/07/2023;13:20;VIALE LEONARDO DA VINCI altezza del civico 599;1;F;38,12697;13,31404
01/07/2023;15:00;VIA DI GIOVANNI FILIPPO altezza del civico 88/B;0;C;38,16224;13,32887
01/07/2023;18:20;VIA VILLA FLORIO intersezione VIA LA MANTIA VITO;0;C;38,12074;13,3464
01/07/2023;22:05;VIA NEBRODI(DEI) intersezione VIALE FRANCIA;0;C;38,15607;13,32552
02/07/2023;02:35;VIALE DIANA pressi casa natura;1;F;38,16648;13,33938
02/07/2023;03:00;CORSO CALATAFIMI altezza del civico 889;0;C;38,10069;13,32417
02/07/2023;03:30;VIA VILLAERMOSA intersezione VIA STABILE MARIANO;3;F;38,12341;13,35885
02/07/2023;05:30;VIALE REGIONE SICILIANA N.O. intersezione VIA SAURO NAZARIO;0;C;38,12571;13,2969
02/07/2023;16:45;VIA NARBONE ALESSIO intersezione VIA SCIMONELLI IGNAZIO;0;C;38,12119;13,34427
03/07/2023;09:15;VIA ORSINI VINCENZO nr. 11;1;F;38,13108;13,35601
03/07/2023;10:00;VIALE REGIONE SICILIANA N.O. altezza del civico 8370;1;F;38,1687;13,30132
03/07/2023;10:25;VIA GIUFFRE' LIBORIO altezza Pronto Soccorso;1;F;38,10651;13,36062
03/07/2023;13:00;PIAZZA INDIPENDENZA altezza (spec.) giardini orlean;0;C;38,11065;13,35203
03/07/2023;14:00;VIA SERGIO PAPA I pressi 11;0;C;38,14868;13,37084
03/07/2023;14:40;VIA DELLA LIBERTA' intersezione VIA NOTARBARTOLO EMANUELE;0;C;38,13372;13,34976
03/07/2023;17:10;VIALE CAMPANIA intersezione con VIA TOSCANA;1;F;38,14533;13,33888
03/07/2023;19:15;VIA ALOI altezza 11;1;F;38,08544;13,35249
04/07/2023;01:20;VIALE MARGHERITA DI SAVOIA intersezione con VIALE VENERE;0;C;38,1897;13,33284
04/07/2023;02:30;VIA BARISANO DA TRANI altezza del civico 6;0;C;38,13557;13,30966
04/07/2023;09:40;LARGO HARRIS PAUL intersezione LARGO MONTALTO;0;C;38,13813;13,33796
04/07/2023;11:00;VIA BERNINI GIAN LORENZO carr. laterale CIV. 11-13;0;C;38,13659;13,32183
04/07/2023;12:50;VIALE CAMPANIA altezza del civico 30;1;F;38,14514;13,33861
04/07/2023;13:15;VIA STAZZONE altezza del civico 7;0;C;38,1027;13,36952
04/07/2023;15:00;VIA BASILE ERNESTO di fronte VIA S. PELLIGRA;0;C;38,09794;13,3461
04/07/2023;17:15;VIA MORELLO NUNZIO di fronte al civico 11/B;2;F;38,13266;13,34422
04/07/2023;17:30;VIA CAVOUR CAMILLO altezza civ. 41;1;F;32,12248;13,36286
04/07/2023;19:20;VIA TURRISI NICOLO' altezza del civico 55;1;F;38,11998;13,35146
04/07/2023;20:30;VIA SCIUTI GIUSEPPE altezza del civico 115;0;C;38,14146;13,33776
05/07/2023;09:20;VIA VOLTURNO intersezione con VIA TRIPOLI;1;F;38,11958;13,35417
05/07/2023;11:45;VIA DUCA DELLA VERDURA intersezione PIAZZA GENTILI ALBERICO;0;C;38,13393;13,3506
05/07/2023;15:30;VIA CAVOUR CAMILLO altezza via Valenti;0;C;38,12157;13,35925
05/07/2023;18:40;VIALE LAZIO intersezione con VIALE DELLE ALPI;1;R;38,1385;13,33771
05/07/2023;19:35;VIA MONGERBINO altezza del civico 27;2;F;38,13979;13,33434
05/07/2023;21:10;VIA ROMA intersezione con VIA CAVOUR CAMILLO;0;C;38,12198;13,36081
05/07/2023;23:50;VIALE REGIONE SICILIANA S.E. in prossimit? di metrico 399;1;F;38,1001;13,33146
06/07/2023;00:55;PIAZZA LEONI intersezione VIALE DIANA;0;C;38,1471;13,34387
06/07/2023;02:30;VIALE DIANA altezza EX CASA NATURA;1;M;38,16649;13,33935
06/07/2023;05:45;CORSO DEI MILLE intersezione VIA INGRASSIA GIAN FILIPPO;0;C;38,1089;13,37068
06/07/2023;08:30;PIAZZA MORDINI ANTONIO intersezione VIA DELLA LIBERTA';1;F;38,129982;13,352051
06/07/2023;14:30;VIA PATERNOSTRO PAOLO intersezione VIA OSPIZIO DI BENEFICENZA;1;F;38,12333;13,35359
06/07/2023;16:45;CORSO CALATAFIMI altezza del civico 1081;0;C;38,09488;13,31017
06/07/2023;17:20;VIA PIGNATELLI ARAGONA altezza del civico 5;1;F;38,12082;13,35657
06/07/2023;18:15;VIALE REGIONE SICILIANA N.O. carreggiata centrale alt. civ 4267;0;C;38,14231;13,33158
06/07/2023;18:30;VIALE REGIONE SICILIANA N.O. altezza Settembrini;1;F;38,12292;13,32939
07/07/2023;01:00;CORSO DEI MILLE altezza del civico 269/D;0;C;38,1045;13,3761
07/07/2023;02:10;VIA S. GIOVANNI DI DIO s.n.c.;0;C;38,09952;13,3833
07/07/2023;02:50;VIA PIANO DELL'UCCIARDONE altezza C.C. Ucciardone;2;F;38,13262;13,35965
07/07/2023;07:20;PIAZZA GIULIO CESARE di fronte al civico 44;0;C;38,11016;13,36608
07/07/2023;10:25;VIA XX SETTEMBRE intersezione con VIA PARISI ENRICO;1;F;38,12614;13,35298
07/07/2023;11:45;VIALE STRASBURGO intersezione VIALE DE GASPERI ALCIDE;0;C;38,14909;13,33298
07/07/2023;14:40;VIALE REGIONE SICILIANA N.O. carreggiata centrale alt. via Pagano;2;F;38,10549;13,33061
07/07/2023;15:10;VIA PORRAZZI altezza del civico 16/a;1;F;38,10351;13,33399
07/07/2023;16:15;VIA NOTARBARTOLO EMANUELE intersezione VIA LEOPARDI GIACOMO;0;C;38,13297;13,34671
07/07/2023;17:00;VIA S.LORENZO nr. 293;1;F;38,1719;13,30439
07/07/2023;17:00;VIALE PRINCIPE DI SCALEA di fronte FERMATA VALDESI;0;C;38,19699;13,33108
07/07/2023;23:00;VIALE DELLE PALME intersezione con VIALE PRINCIPE UMBERTO;0;C;38,1956;13,33304
08/07/2023;00:00;VIA BARACCA FRANCESCO altezza del civico 39;0;C;38,11116;13,29858
08/07/2023;02:15;VIA TEATRO GARIBALDI angolo VIA CASTROFILIPPO;0;C;38,11459;13,36873
08/07/2023;08:50;VIA PRINCIPE DI PATERNO' intersezione con VIA SCIUTI GIUSEPPE;1;F;38,13909;13,33921
08/07/2023;13:30;VIA DELLA FAVORITA di fronte al civico 1;1;F;38,14892;13,35319
08/07/2023;17:15;VIA S.ROSALIA altezza (inters.) VIA ROMA;0;C;38,11209;13,36579
08/07/2023;21:29;VIA LA MALFA UGO in prossimit? di civ. 158;0;C;38,16538;13,30884
08/07/2023;21:30;VIA LA MALFA UGO in prossimit? di civ 158;1;F;38,16538;13,30884
09/07/2023;02:15;VIALE LEONARDO DA VINCI intersezione con VIA PERRICONE ENGEL UGO;1;F;38,12671;13,31155
09/07/2023;08:20;VIALE STRASBURGO intersezione con VIA PANTELLERIA;1;F;38,15902;13,32444
09/07/2023;12:15;VIA MARINUZZI ANTONIO intersezione VIA PALERMO GASPARE;0;C;38,10597;13,36505
09/07/2023;16:45;VIALE REGIONE SICILIANA N.O. altezza del civico 9492;1;F;38,17909;13,29294
09/07/2023;18:20;PIAZZA EINSTEIN ALBERT s.n.c.;1;F;38,12887;13,32889
10/07/2023;05:00;VIA SARULLO LUIGI altezza Casa del Sole;0;C;38,12108;13,30559
10/07/2023;08:30;VIA BASILE ERNESTO di fronte al civico 108;0;C;38,10495;13,35113
10/07/2023;08:55;VIA CAPPELLO SALVATORE intersezione con VIA MESSINA MARINE;1;F;38,01687;13,38304
10/07/2023;10:00;PIAZZA DELLE CLINICHE di fronte al civico 2;0;C;38,10686;13,35983
10/07/2023;13:20;VIA PONTE DI MARE di fronte al civico 16;0;C;38,11169;13,37848
10/07/2023;16:00;VIALE PRINCIPE DI SCALEA altezza del civico 31;2;F;38,19869;13,32822
10/07/2023;16:10;VIA RIZZO AMMIRAGLIO intersezione con VIA CIMBALI GIUSEPPE;1;F;38,14403;13,36367
10/07/2023;18:00;VIALE REGIONE SICILIANA N.O. nr. 1642;1;F;38,11837;13,32858
10/07/2023;18:00;VIA CALA altezza IST. NAUTICO;0;C;38,1199;13,37032
10/07/2023;19:50;VIALE LEONE intersezione VIA PLAUTO;1;F;38,1979;13,2718
11/07/2023;06:05;VIA VILLAERMOSA intersezione VIA STABILE MARIANO;0;C;38,12346;13,35884
11/07/2023;09:00;VIALE EURIALO nr. 15;1;F;38,20342;13,31515
11/07/2023;10:00;VIA NEBRODI(DEI) altezza del civico 85;2;F;38,15515;13,3262
11/07/2023;10:15;FORO UMBERTO I altezza del civico 6;0;C;38,11855;13,37227
11/07/2023;11:10;VIA RIZZO AMMIRAGLIO intersezione con VIA MARTURANO RUGGERO;1;F;38,1438;13,3617
11/07/2023;11:30;VIA BASILE ERNESTO nr. 224;1;F;38,09609;13,34343
11/07/2023;12:10;CORSO DEI MILLE altezza (spec.) ponte ammir;1;F;38,10552;13,3752
11/07/2023;14:00;VIALE REGIONE SICILIANA altezza ALT. CAR. PAGL.;1;F;38,09215;13,34143
11/07/2023;14:45;PIAZZA INDIPENDENZA intersezione CORSO CALATAFIMI;0;C;38,11095;13,34981
11/07/2023;15:20;PIAZZA BUSACCA RAFFAELE intersezione con VIA MALASPINA;1;F;38,12718;13,34301
11/07/2023;17:00;P.LE CARPINO FRANCESCO CARD. di fronte al civico 10 di Paulsen;1;F;38,10016;13,3246
11/07/2023;17:15;VIALE MARGHERITA DI SAVOIA intersezione VIA MATER DOLOROSA;1;F;38,17624;13,33623
11/07/2023;17:40;PIAZZA VIGILI DEL FUOCO altezza (inters.) VIA DI STEFANO GIOVANNI;1;F;38,09156;13,40913
11/07/2023;20:45;VIA LINCOLN altezza (inters.) VIA GREGORIO ROSARIO;0;C;38,11113;13,36757
11/07/2023;23:15;VIALE DEL FANTE altezza A.CASSARA';1;F;38,15225;13,34097
12/07/2023;10:10;VIA CASTELFORTE altezza del civico 95;1;F;38,18348;13,3249
12/07/2023;10:55;VIA DUCA DELLA VERDURA intersezione VIALE MARCHESE DI VILLABIANCA;0;C;38,13438;13,3523
12/07/2023;12:00;VIA TIRO A SEGNO altezza del civico 90;1;F;38,10779;13,37403
12/07/2023;12:50;VIA COZZO DI VANNI altezza del civico 9;1;F;;
12/07/2023;18:00;VIALE REGIONE SICILIANA altezza DISTRIBUTORE;0;C;;
12/07/2023;18:30;VIA SANFILIPPO SALVATORE altezza del civico 120;0;C;38,1036;13,38226
12/07/2023;19:10;VIA IMPERATORE FEDERICO altezza del civico 114/A;2;F;38,14659;13,35145
12/07/2023;22:00;VIA LA FARINA GIUSEPPE altezza (inters.) VIA NOTO;0;C;38,12865;13,34884
13/07/2023;01:30;VIA LINCOLN altezza (inters.) VICOLO DEL PALLONE;3;F;38,11398;13,37357
13/07/2023;01:45;VIA RABIN ISAAC altezza (inters.) LARGO SELLERIO ANTONIO;1;F;38,14803;13,35753
13/07/2023;08:40;VIA MESSINA MARINE altezza del civico 22;1;F;38,10795;13,38153
13/07/2023;10:20;VIA BALSANO SALESIO di fronte al civico 11;1;F;38,11999;13,35319
13/07/2023;12:45;VIA DEI QUARTIERI altezza del civico 30;1;F;38,16167;13,32596
13/07/2023;15:50;VIA ALESSI GIUSEPPE intersezione con VIA TOSELLI PIETRO MAGG.;2;F;38,17403;13,34985
13/07/2023;19:00;VIA ORETO altezza del civico 344;1;F;38,09994;13,37189
13/07/2023;19:20;PIAZZA SALERNO ALFREDO altezza via villasofia;1;F;38,15383;13,33698
13/07/2023;19:45;VIA PERPIGNANO intersezione VIA ARCULEO ETTORE;1;F;38,11881;13,33341
13/07/2023;21:00;VIALE DEL FANTE altezza del civico 25;1;F;38,15527;13,33907
13/07/2023;21:30;VIA PIANO DELL'UCCIARDONE s.n.c.;2;F;38,13272;13,35961
13/07/2023;21:35;VIA SERGIO PAPA I nr. 48;2;F;38,15196;13,37063
13/07/2023;22:05;VIALE REGIONE SICILIANA altezza VIA ALOI;2;F;38,08612;13,35229
14/07/2023;01:00;VIALE PRINCIPE DI SCALEA altezza del civico 22;1;F;38,19912;13,32772
14/07/2023;06:45;ROTONDA BRASILE direzione di VIA ASPROMONTE;1;F;38,14026;13,33198
14/07/2023;14:55;VIALE STRASBURGO intersezione con VIA BRIUCCIA;0;C;38,15101;13,33185
14/07/2023;22:00;VIA ROSSO DI S.SECONDO altezza del civico 20;0;C;38,12027;13,32948
14/07/2023;23:10;CORSO CALATAFIMI intersezione VIA MANCUSO LENIN;2;F;28,09966;13,32189
15/07/2023;02:30;CORSO TUKORY altezza del civico 19;1;F;38,10998;13,36453
15/07/2023;03:00;VIA MISSORI COLONNELLO altezza (inters.) VIA MATERA PASQUALE;1;F;38,09979;13,38188
15/07/2023;03:40;VIA BASILE ERNESTO altezza del civico 119;1;R;38,09634;13,34341
15/07/2023;09:15;VIA NOTARBARTOLO EMANUELE intersezione VIA LEOPARDI GIACOMO;0;C;38,13298;13,34666
15/07/2023;10:00;VIA SAMPOLO intersezione VIA LAURANA FRANCESCO;2;F;38,13675;13,35482
15/07/2023;13:00;VIA CADORNA LUIGI GEN. intersezione VIA MONGITORE ANTONINO;2;F;38,11032;13,35696
15/07/2023;15:00;VIA CATANIA intersezione VIA SAMMARTINO;1;F;38,12751;13,34848
15/07/2023;19:45;VIA DECOLLATI altezza del civico 25;0;C;38,10554;13,37309
16/07/2023;01:20;VIA MAJELLI GIUSEPPE intersezione con VIA CRISPI GIUSEPPE;2;F;38,12402;13,33855
16/07/2023;13:20;VIA TUCCI FRANCESCO pressi VIA ROCCAZZO;1;F;38,12013;13,30572
16/07/2023;15:20;VIA ARCHIMEDE intersezione VIA BASSI UGO;1;F;38,12929;13,35614
16/07/2023;15:50;PIAZZA VIGILI DEL FUOCO in prossimit? di RAMPA PER REG.S;2;F;38,09165;13,4092
16/07/2023;17:00;VIALE REGIONE SICILIANA N.O. pressi 411;0;C;38,13172;13,3303
16/07/2023;22:30;VIA MATER DOLOROSA altezza del civico 72;1;F;38,17346;13,32973
17/07/2023;00:02;VIA PIRRI ROCCO altezza d.f. al civ.5;0;C;38,11024;13,36938
17/07/2023;11:00;VIA FONDERIA ORETEA di fronte 52;0;C;38,12381;13,36147
17/07/2023;11:30;VIALE REGIONE SICILIANA N.O. s.n.c.;0;C;38,1102;13,32955
17/07/2023;13:00;VIA GALLO altezza del civico 33;0;C;38,20878;13,32738
17/07/2023;13:20;VIA DON ORIONE altezza del civico 30;2;F;38,14083;13,36243
17/07/2023;15:30;VIALE REGIONE SICILIANA N.O. intersezione con VICOLO GERBINO;3;F;38,18681;13,28678
17/07/2023;15:30;VIA LINCOLN altezza del civico 98;1;F;38,11182;13,36899
17/07/2023;18:40;VIALE MICHELANGELO intersezione VIA BADIA;2;F;38,13693;13,31839
17/07/2023;20:05;VIALE FRANCIA altezza del civico 7;1;F;38,15576;13,32492
18/07/2023;02:46;FORO UMBERTO I altezza mura delle catt;0;C;38,11935;13,37171
18/07/2023;08:55;VIA ARCHIRAFI altezza snc;0;C;38,11133;13,37228
18/07/2023;10:40;VIA BALSANO SALESIO altezza d.f. al civ.5;1;F;38,11979;13,3532
18/07/2023;14:00;VIA DANTE altezza del civico 172;4;F;38,12286;13,34704
18/07/2023;14:20;VIALE MARCHESE DI VILLABIANCA intersezione VIA ALESSI GIUSEPPE;1;R;38,139774;13,348849
18/07/2023;14:25;VIA ORETO altezza del civico 344;2;F;38,099896;13,371851
18/07/2023;14:30;VIALE REGIONE SICILIANA altezza del civico 120;0;C;38,090113;13,373576
18/07/2023;14:45;VIALE REGIONE SICILIANA N.O. altezza del civico 6855;0;C;38,15967;13,313208
19/07/2023;02:25;VIALE PRINCIPE DI SCALEA altezza del civico 28;2;F;38,197547;13,329597
19/07/2023;08:20;VIA CATANIA intersezione con VIA GARZILLI NICCOLO';0;C;38,128477;13,350857
19/07/2023;11:24;VIA DANTE intersezione con VIA LATINI BRUNETTO;0;C;38,123455;13,349475
19/07/2023;14:35;CORSO DEI MILLE altezza cortile Patania;0;C;38,086466;13,423985
19/07/2023;15:50;VIALE REGIONE SICILIANA altezza del civico 1980;0;C;38,121792;13,329198
19/07/2023;18:35;VIA TIRO A SEGNO altezza del civico 30;0;C;38,112027;13,376966
19/07/2023;21:00;VIALE LEONARDO DA VINCI altezza del civico 315;1;M;38,126599;13,308272
20/07/2023;00:05;CORSO CALATAFIMI altezza del civico 37;0;C;38,111708;13,351435
20/07/2023;00:20;VIALE PRINCIPE DI SCALEA altezza del civico 50;1;F;38,203174;13,324569
20/07/2023;00:40;VIALE MICHELANGELO altezza del civico 1354;0;C;38,135885;13,315902
20/07/2023;03:20;VIA DANTE intersezione VIA VENEZIANO ANTONIO;1;F;38,122297;13,344635
20/07/2023;08:10;VIA TIRO A SEGNO altezza C.SO DEI MILLE;1;F;38,106828;13,37338
20/07/2023;09:40;VIALE LAZIO intersezione VIALE GIULIANO BORIS;1;F;38,142958;13,340332
20/07/2023;11:35;PIAZZA S.FRANCESCO DI PAOLA altezza del civico 38;1;F;38,121463;13,353147
20/07/2023;12:20;VIALE DELL'OLIMPO altezza del civico 30/b;1;F;38,188894;13,306992
20/07/2023;13:30;PIAZZA VIRGILIO altezza (inters.) VIA SELINUNTE;1;F;38,124218;13,347905
20/07/2023;13:50;VIA PARROCCHIA (DIETRO) s.n.c.;0;C;38,17438;13,331392
20/07/2023;14:20;CORSO TUKORY intersezione VIA DE VIGILIA TOMMASO;0;C;38,108921;13,359777
20/07/2023;14:40;VIALE DEI PICCIOTTI altezza del civico 6;3;F;38,103792;13,384626
20/07/2023;16:20;VIA DELLA LIBERTA' intersezione VIA CORDOVA FILIPPO;0;C;38,140728;13,345281
20/07/2023;18:00;PIAZZA CASCINO ANTONINO GEN. altezza del civico DF 7;0;C;38,142229;13,357732
20/07/2023;18:50;LUNGOMARE COLOMBO CRISTOFORO altezza del civico 3544;1;F;38,189768;13,354804
20/07/2023;19:50;VIA PALINURO altezza del civico 57;0;C;38,204064;13,323308
20/07/2023;20:20;VIA MATTEI altezza del civico 23/E;1;F;38,192138;13,322621
20/07/2023;21:15;LUNGOMARE COLOMBO CRISTOFORO altezza del civico 5294 DF;0;C;38,195643;13,339228
20/07/2023;22:00;VIA LEOPARDI GIACOMO altezza del civico 74;0;C;38,136289;13,344583
20/07/2023;22:00;CORSO ALBERTO AMEDEO altezza p.tta d'ossuna;2;F;38,115706;13,351304
20/07/2023;22:25;VIA FERRARA FRANCESCO intersezione con VIA DE SPUCHES GIUSEPPE;1;F;38,125344;13,350775
21/07/2023;02:00;LUNGOMARE COLOMBO CRISTOFORO nr. 2528;2;F;38,185831;13,361663
21/07/2023;07:35;VIA MESSINA MARINE altezza del civico 233;1;F;38,106002;13,387135
21/07/2023;07:40;VIALE PIEMONTE intersezione VIALE LAZIO;1;F;38,142934;13,340393
21/07/2023;11:30;CIRCONVALLAZIONE DI MONREALE altezza ENI;1;F;38,090238;13,304637
21/07/2023;12:40;VIALE DE GASPERI ALCIDE intersezione VIALE STRASBURGO;1;F;38,149131;13,332948
21/07/2023;13:00;VIALE ERCOLE intersezione VIALE DIANA;2;F;38,150256;13,348704
21/07/2023;13:35;PIAZZALE UNGHERIA altezza del civico 8;0;C;38,121968;13,355486
21/07/2023;14:30;PIAZZA INDIPENDENZA altezza del civico 14;1;F;38,109882;13,351101
21/07/2023;16:00;VIA ARMIDA altezza del civico 44;0;C;38,201377;13,324768
21/07/2023;17:00;PIAZZA TREDICI VITTIME altezza (inters.) VIA GUARDIONE FRANCESCO;0;C;38,123962;13,3642
21/07/2023;17:38;VIA SPEDALIERI NICOLO' intersezione VIA BARCA AMILCARE;0;C;38,138916;13,362861
21/07/2023;19:00;VIALE NICOLETTI ROSARIO altezza lidl;1;F;38,18939;13,294811
21/07/2023;20:50;VIA SAURO NAZARIO intersezione con VIA ACCARDO MARIANO;1;F;38,123075;13,332084
22/07/2023;01:30;PIAZZA PRINCIPE DI CAMPOREALE altezza del civico 19;0;C;38,119567;13,341423
22/07/2023;01:30;VIA CALIPSO nr. 10;0;C;38,202353;13,324239
22/07/2023;03:15;VIA ORETO altezza (inters.) VIA CORBINO ORSO MARIO;0;C;38,105118;13,368348
22/07/2023;16:45;VIA DELLA LIBERTA' intersezione VIA DUCA DELLA VERDURA;2;F;38,133708;13,349741
22/07/2023;22:20;PIAZZA BOLIVAR SIMON intersezione VIALE DELL'OLIMPO;0;C;38,189025;13,300394
22/07/2023;23:26;VIA GUGLIELMO IL BUONO intersezione VIA CONTESSA GIUDITTA;2;F;38,116423;13,345092
23/07/2023;00:30;VIALE REGIONE SICILIANA S.E. altezza (spec.) VITALFLOR;1;F;38,086802;13,356388
23/07/2023;10:30;VIA DI MARCO VINCENZO intersezione con VIA LAURANA FRANCESCO;1;F;38,134779;13,350914
23/07/2023;12:30;VIA TOSELLI PIETRO MAGG. intersezione VIA DE COSMI GIOVANNI AGOSTINO;1;F;38,139216;13,350543
23/07/2023;14:00;VIA PARRINI altezza del civico 16;0;C;38,138934;13,31129
23/07/2023;15:00;VIA MESSINA MARINE altezza del civico 307;1;F;38,104627;13,390265
23/07/2023;15:30;VIA PALMERINO di fronte al civico 21;1;F;38,098802;13,335294
23/07/2023;16:25;VIA BERNINI GIAN LORENZO intersezione con VIA TIEPOLO GIOVAN BATTISTA;3;F;38,135485;13,323331
23/07/2023;17:15;VIA PERGUSA intersezione con VIA CORTIGIANI;1;F;38,117173;13,326549
23/07/2023;17:20;VIALE STRASBURGO altezza del civico 352;1;F;38,156958;13,325849
23/07/2023;18:10;VIA SAMPOLO intersezione VIA DUCA DELLA VERDURA;1;F;38,135324;13,356395
23/07/2023;19:15;VIA BONANNO PIETRO a mt. 450 M CHIESETTA;0;C;38,149704;13,361861
23/07/2023;21:15;VIA PITRE' GIUSEPPE altezza del civico 20;0;C;38,110505;13,332498
24/07/2023;00:10;VIA MESSINA MARINE altezza del civico 204;1;F;38,10056;13,401425
24/07/2023;07:10;VIALE REGIONE SICILIANA N.O. carreggiata centrale Fondo la Manna;1;F;38,119932;13,329061
24/07/2023;09:20;VIA DUCA DELLA VERDURA intersezione VIA FERRO LUZZI GIOVANNI;1;F;38,135198;13,355656
24/07/2023;10:15;VIALE REGIONE SICILIANA S.E. altezza via VF*12;0;C;38,089916;13,372493
24/07/2023;11:00;VIA POLO MARCO intersezione con VIA ANTINORI ORAZIO;1;F;38,116253;13,347916
24/07/2023;13:50;VIALE REGIONE SICILIANA in prossimit? di palmerino;1;F;38,09805;13,333422
24/07/2023;15:20;VIA ROCCELLA GUSTAVO intersezione VIA LUCCHINI FRANCO;0;C;38,100383;13,351358
25/07/2023;00:30;VIALE MARGHERITA DI SAVOIA intersezione con VIALE DELLE PALME;1;F;38,196053;13,331963
25/07/2023;08:15;CORSO CALATAFIMI altezza del civico 1045;1;F;38,096187;13,313288
25/07/2023;08:30;VIA S.FILIPPO intersezione VIA VILLAGRAZIA;1;F;38,093253;13,360013
25/07/2023;09:20;VIA NOTARBARTOLO EMANUELE altezza del civico 2/G;1;F;38,1314;13,34022
25/07/2023;10:45;VIA BERNINI GIAN LORENZO intersezione VIA STAZZONE GIUSEPPE;2;F;38,134179;13,324437
25/07/2023;11:00;VIA ALBANESE ENRICO altezza del civico 29;0;C;;
25/07/2023;12:00;VIALE PRINCIPESSA MAFALDA intersezione VIALE COLONIA MARINA;1;F;38,194038;13,335223
25/07/2023;12:40;VIALE REGIONE SICILIANA N.O. altezza (inters.) VIA PITRE' GIUSEPPE;0;C;38,110516;13,329547
25/07/2023;13:30;VIA MONTUORO RINALDO intersezione VIA LANCIA DI BROLO DOMENICO;2;F;38,12658;13,334294
25/07/2023;13:40;VIALE MICHELANGELO altezza del civico 1245;0;C;38,135841;13,315644
25/07/2023;14:30;VIA GARZILLI NICCOLO' altezza del civico 59/A;0;C;38,127289;13,351614
25/07/2023;15:45;VIA VALLA NICCOLO' intersezione con VIA ACCARDO MARIANO;2;F;38,125419;13,33307
25/07/2023;21:10;VIALE REGIONE SICILIANA S.E. carr. centrale dir. ct lidl;1;F;38,096877;13,335158
26/07/2023;08:25;VIALE REGIONE SICILIANA N.O. altezza (spec.) sotto einstein;0;C;38,128978;13,329716
26/07/2023;09:25;VIALE REGIONE SICILIANA N.O. altezza del civico 1571;0;C;38,117187;13,329231
26/07/2023;12:00;VIA DI MARCO DOMENICO intersezione con VIA PRINCIPE DI PATERNO';1;F;38,140958;13,343941
26/07/2023;13:50;VIA PIANO DELL'UCCIARDONE altezza del civico 18;1;F;38,13177;13,359785
26/07/2023;16:35;VIA SARDEGNA altezza del civico 80;1;F;38,144563;13,33093
26/07/2023;16:50;CORSO CALATAFIMI nr. 95;1;F;38,110933;13,349522
26/07/2023;18:30;VIA RAITI CARMELO nr. 7;1;F;38,096438;13,347255
26/07/2023;18:40;VIA PRINCIPE DI VILLAFRANCA altezza del civico 54;0;C;38,127908;13,350346
26/07/2023;20:30;VIALE DIANA in prossimit? di Colonia Comunal;1;F;38,156322;13,345315
27/07/2023;01:40;VIA BELMONTE CHIAVELLI altezza del civico 123;0;C;38,083617;13,368181
27/07/2023;08:15;VIA VILLA FLORIO intersezione VIA RE FEDERICO;1;F;38,120839;13,347427
27/07/2023;09:50;VIA DI CARLO NICCOLO' intersezione VIA FOSSI AI;2;F;38,138404;13,366773
27/07/2023;11:30;VIA DUCA DELLA VERDURA intersezione VIA DALLA CHIESA C. A. GEN.;0;C;38,13437;13,352418
27/07/2023;16:00;VIA STREVA VINCENZO GEN. intersezione con VIA TOSELLI PIETRO MAGG.;2;F;38,138286;13,351133
27/07/2023;17:00;VIA MESSINA MARINE altezza del civico 80;3;F;38,106657;13,384978
27/07/2023;19:00;VIA CASTELLANA altezza del civico 163;2;F;38,125921;13,291551
27/07/2023;19:10;PIAZZA INDIPENDENZA altezza (spec.) capp. Palatina;1;F;38,110384;13,35253
27/07/2023;20:20;VIA OLIO DI LINO altezza del civico 4/d;1;F;38,083746;13,325121
28/07/2023;09:30;VIA S.LORENZO altezza del civico 83/b;1;M;38,160608;13,328302
28/07/2023;11:30;LARGO CAVALIERI DEL LAVORO di fronte via Belgio;0;C;38,151395;13,330722
28/07/2023;12:00;VIA VITALI VINCENZO intersezione con VIA ARTALE VITO GEN.;0;C;38,098636;13,348727
28/07/2023;12:30;PIAZZA LEOTTA NICOLA altezza del civico 4;0;C;38,105056;13,357269
28/07/2023;13:50;VIALE DELLE ALPI intersezione VIA PRINCIPE DI PATERNO';0;C;38,13855;13,337845
28/07/2023;14:50;PIAZZA CRISPI FRANCESCO altezza del civico 248;0;C;38,130608;13,353077
28/07/2023;16:00;CORSO TUKORY intersezione con VIA MAGG. PERNI FRANCESCO;0;C;38,109024;13,360545
28/07/2023;23:25;VIA GUERRAZZI F.SCO DOMENICO intersezione con VIA ZISA;1;F;38,115725;13,343264
29/07/2023;01:05;VIA DANTE intersezione VIA LATINI BRUNETTO;0;C;38,123471;13,349424
29/07/2023;01:30;VIALE REGIONE SICILIANA N.O. carr. centrale sottoponte Lazi;2;F;38,140118;13,331255
29/07/2023;15:00;VIA GULI' SIMONE COM. intersezione con VICOLO PIPITONE;1;F;38,140924;13,367292
29/07/2023;17:00;VIA NOTARBARTOLO EMANUELE intersezione con VIA LEOPARDI GIACOMO;3;F;38,132959;13,346711
29/07/2023;19:00;PIAZZA GIULIO CESARE intersezione VIA ROMA;0;C;38,11066;13,366486
30/07/2023;01:00;VIALE REGIONE SICILIANA S.E. nr. 2087;3;F;38,122138;13,329268
30/07/2023;09:45;VIA BORREMANS GUGLIELMO intersezione VIA PRINCIPE DI PALAGONIA;2;F;38,133247;13,336852
30/07/2023;12:30;VIA DELLA LIBERTA' di fronte al civico 163;0;C;38,138225;13,346865
30/07/2023;15:30;VIA ROCCELLA GUSTAVO di fronte al civico 267;0;C;38,092423;13,345948
30/07/2023;15:45;VIALE CAMPANIA intersezione con VIALE LAZIO;1;F;38,142909;13,340318
30/07/2023;16:00;VIA CIACULLI altezza del civico 79;1;F;38,08152;13,398008
30/07/2023;16:10;VIA LA MALFA UGO altezza del civico 139;0;C;38,164578;13,310672
30/07/2023;16:45;VIA TERRASANTA di fronte al civico 107;0;C;38,13117;13,344089
30/07/2023;23:10;VIA SILVESTRI IGNAZIO intersezione VIA DI STEFANO GIUSEPPE;2;F;38,124352;13,321612
31/07/2023;01:00;VIA PLAUTO altezza del civico 18a;0;C;38,198872;13,270471
31/07/2023;05:30;VIA LAZZARO CARMELO di fronte al civico 27;3;M;38,104973;13,355667
31/07/2023;07:38;VIA PERPIGNANO altezza del civico 168;1;F;38,119173;13,335551
31/07/2023;07:50;VIALE REGIONE SICILIANA N.O. altezza del civico 5980 direz. CT;1;F;38,154288;13,319147
31/07/2023;11:20;VIALE REGIONE SICILIANA S.E. in direzione di villabate VIALE REGIONE SICILIANA S.E.;0;C;38,090057;13,344172
31/07/2023;11:30;VIALE REGIONE SICILIANA N.O. altezza SEMAF. PEDONALE;1;F;38,131798;13,330013
31/07/2023;12:10;VIALE REGIONE SICILIANA S.E. altezza del civico 4100;0;C;38,128119;13,329775
31/07/2023;13:30;VIA LATINI BRUNETTO intersezione con VIA DANTE;1;F;38,123455;13,349507
31/07/2023;15:30;VIALE DUCA DEGLI ABRUZZI altezza (inters.) VIALE DELLA RESURREZIONE;1;F;38,170674;13,327782
31/07/2023;16:40;VIA PATTI intersezione VIALE PERTINI SANDRO;2;F;38,174914;13,315903
31/07/2023;17:10;VIALE ERCOLE direzione Bowling PIAZZA LEONI;1;F;38,147004;13,343861
31/07/2023;17:35;VIA PLAUTO altezza del civico 5;0;C;38,197906;13,271956
31/07/2023;19:00;VIALE VENERE altezza del civico 29;1;F;38,190028;13,330875
31/07/2023;20:00;VIA GOETHE altezza del civico 49;1;F;38,121246;13,350574
31/07/2023;21:55;VIA DEL PRETE CARLO altezza del civico 18;1;F;38,112304;13,322248
01/08/2023;07:30;VIA DEI CANTIERI altezza del civico 118;1;R;38,137717;13,365635
01/08/2023;09:50;VIA SETTIMO RUGGERO intersezione VIA COZZO NARCISO;1;F;38,121669;13,357596
01/08/2023;11:00;VIA CARINI ISIDORO altezza del civico 35;1;F;38,128848;13,355909
01/08/2023;11:50;VIA CAPPELLO SALVATORE intersezione con VIA MESSINA MARINE;0;C;38,106872;13,383024
01/08/2023;13:45;VIA SAMPOLO intersezione con VIA CIULLO D'ALCAMO;1;F;38,144029;13,347348
01/08/2023;16:00;VIA SICCHERIA QUATTRO CAMERE altezza civ. 25;0;C;38,112364;13,335013
01/08/2023;16:30;VIADOTTO PERRIER CARLO intersezione VIA AZOTI NICOLO';1;F;38,087331;13,365979
01/08/2023;16:52;VIA ROMA intersezione VIA GRAVINA AMMIRAGLIO;3;F;38,125043;13,358699
01/08/2023;17:20;VIA SALEMI nr. 9;0;C;38,09876;13,389173
01/08/2023;18:20;VIALE PRINCIPE DI SCALEA altezza del civico 49;0;C;38,199737;13,327063
02/08/2023;02:45;VIA ROCCAZZO altezza del civico 85;1;F;38,119739;13,305436
02/08/2023;08:45;VIALE REGIONE SICILIANA N.O. altezza del civico 1571;1;F;38,117263;13,329166
02/08/2023;08:50;VIALE GALILEO GALILEI altezza del civico 68;1;F;38,13473;13,333271
02/08/2023;09:05;VIA CASTELLANA altezza del civico 184;0;C;38,125458;13,293825
02/08/2023;10:40;VIA DEGLI EMIRI altezza intersezione;0;C;38,115914;13,335355
02/08/2023;11:30;VIA PALMERI NICCOLO' intersezione PIAZZA GIULIO CESARE;1;F;38,110446;13,367382
02/08/2023;13:10;VIALE DELLE ALPI altezza del civico 117;1;F;38,144518;13,332497
02/08/2023;13:40;VIA AI VILLINI SANT'ISIDORO altezza del civico 47;2;F;38,124262;13,298232
02/08/2023;15:15;VIA PEREZ FRANCESCO PAOLO intersezione con VIA MORTILLARO VINCENZO;2;F;38,10488;13,367255
02/08/2023;17:30;VIALE DELLA RESURREZIONE altezza del civico 74;2;R;38,168122;13,321389
02/08/2023;17:35;VIA BRIUCCIA altezza v.le Strasburgo;0;C;38,15104;13,331781
02/08/2023;17:40;VIA LO JACONO FRANCESCO altezza del civico 44;0;C;38,133835;13,344834
02/08/2023;18:50;VIALE REGIONE SICILIANA S.E. altezza Auto System;2;F;38,113664;13,32954
02/08/2023;20:00;VIA BANDIERA intersezione VIA ROMA;1;F;38,118516;13,362641
02/08/2023;20:15;VIA NARBONE ALESSIO intersezione con CORSO FINOCCHIARO APRILE CAMILLO;1;R;38,118226;13,34538
02/08/2023;22:55;VIA BASILE ERNESTO pressi Via Solarino;2;F;38,101745;13,348147
03/08/2023;01:00;PIAZZA S.PAOLO di fronte al civico 1;1;F;38,129848;13,292803
03/08/2023;02:00;VIALE ERCOLE in direzione di Pal. Cinese VIALE MARGHERITA DI SAVOIA;0;C;38,169961;13,338564
03/08/2023;02:00;VIALE CAMPANIA altezza del civico 25;0;C;38,145104;13,339157
03/08/2023;09:50;VIA CIMBALI GIUSEPPE intersezione VIA RALLO ALBERTO;2;F;38,140297;13,363836
03/08/2023;11:10;VIA NOTARBARTOLO EMANUELE di fronte LARGO CHERUBINI;1;R;38,13095;13,338779
03/08/2023;13:00;VIA IMPERATORE FEDERICO altezza del civico 40;0;C;38,145872;13,349372
03/08/2023;14:00;VIALE ERCOLE intersezione con VIALE DIANA;1;F;38,150324;13,348666
03/08/2023;15:00;VIA DEI CANTIERI di fronte al civico 26;1;F;38,136656;13,361591
03/08/2023;15:50;VIA LEOPARDI GIACOMO intersezione VIA RAPISARDI MARIO;0;C;38,134912;13,345483
03/08/2023;18:30;VIA TORRETTA altezza del civico 62;0;C;38,197968;13,274567
04/08/2023;01:40;VIALE REGIONE SICILIANA N.O. nr. 8715;1;F;38,171783;13,299125
04/08/2023;05:00;VIALE DIANA intersezione VIALE ERCOLE;0;C;38,15027;13,348748
04/08/2023;08:45;VIALE REGIONE SICILIANA N.O. di fronte Dir. TP;0;C;38,141322;13,331635
04/08/2023;12:00;SALITA DEL CONVENTO altezza S.P.69;1;F;38,09326;13,30708
04/08/2023;12:15;VIALE REGIONE SICILIANA N.O. altezza via Trabucco;0;C;38,157344;13,315294
04/08/2023;14:50;VIALE REGIONE SICILIANA N.O. altezza 3350;3;F;38,153331;13,320371
04/08/2023;17:10;VIA VITTORIO EMANUELE altezza del civico 59;1;F;38,118655;13,368712
04/08/2023;17:50;PIAZZA AMENDOLA GIOVANNI intersezione VIA CLUVERIO;1;F;38,121721;13,35189
04/08/2023;19:10;VIA SPEDALIERI NICOLO' intersezione con VIA BARCA AMILCARE;1;F;38,138942;13,362861
05/08/2023;11:30;VIA PECORAINO FILIPPO pressi parcheg. forum;1;F;38,091994;13,409024
05/08/2023;12:35;VIA CALA nr. 108;0;C;38,119254;13,366807
05/08/2023;16:30;VIA BONANNO PIETRO direzione 500 METRI PRMA VIA SANTUARIO MONTEPELLEGRINO;0;C;38,156981;13,360603
05/08/2023;20:00;VIA PRINCIPE DI PATERNO' intersezione VIALE GIULIANO BORIS;2;F;38,140247;13,342019
05/08/2023;20:30;VIA LAVAGGI ANTONIO intersezione VIA ZAMPARRONE BALDASSARE;1;F;38,123022;13,339044
05/08/2023;21:30;VIA MESSINA MARINE altezza (spec.) buccheri la fer;1;F;38,106358;13,386066
05/08/2023;23:45;VIALE REGIONE SICILIANA N.O. nr. 1800;1;F;38,119796;13,328576
06/08/2023;02:05;VIA LASCARIS COSTANTINO intersezione VIA IMERA;0;C;38,117055;13,348812
06/08/2023;03:30;VIALE STRASBURGO nr. 387;1;F;38,163511;13,320312
06/08/2023;10:00;VIA NOTARBARTOLO EMANUELE altezza (spec.) intersezione;1;F;38,13235;13,344375
06/08/2023;15:30;VIA MONGIBELLO intersezione VIA CALPURNIO;0;C;38,207668;13,324511
06/08/2023;16:15;VIA TOMMASO NATALE intersezione VIA DRAGO CASIMIRO;1;F;38,175273;13,300188
06/08/2023;18:10;VIA PECORARO ANTONINO LOMBARDO altezza (inters.) PIAZZA VIGILI DEL FUOCO;0;C;38,091642;13,409534
07/08/2023;02:55;VIALE CASTIGLIA LUIGI altezza del civico 58;0;C;38,115401;13,336465
07/08/2023;10:45;VIA SARDEGNA intersezione con VIA ABRUZZI;2;F;38,14565;13,33351
07/08/2023;14:00;VIA ARCHIMEDE intersezione con PIAZZA DELLA PACE;2;F;38,130752;13,359749
07/08/2023;14:15;VIALE REGIONE SICILIANA N.O. s.n.c.;1;F;38,151571;13,323182
07/08/2023;16:00;VIA ALESSI GIUSEPPE altezza del civico 5;1;F;38,140232;13,350056
07/08/2023;16:00;PIAZZA PRETORIA altezza (inters.) VIA MAQUEDA;0;C;38,115723;13,361538
07/08/2023;19:30;VIA SAMPOLO intersezione con VIA LAURANA FRANCESCO;1;F;38,136743;13,354851
08/08/2023;00:05;VIA UDITORE intersezione con VIA CIMABUE GIOVANNI;2;F;38,130859;13,324826
08/08/2023;08:30;VIA LINCOLN di fronte al civico 98;1;F;38,111822;13,368968
08/08/2023;08:30;VIA TRAPANI PESCIA altezza del civico 61/A;0;C;38,174852;13,32401
08/08/2023;09:30;VIA CIMABUE GIOVANNI intersezione con VIA UDITORE;1;F;38,130887;13,324821
08/08/2023;09:45;VIALE REGIONE SICILIANA N.O. altezza sottovia A 29;1;F;38,165346;13,305511
08/08/2023;10:00;VIA TRAPANI PESCIA altezza del civico 61/A;0;C;38,175095;13,324834
08/08/2023;21:50;VIA ROMA altezza del civico 383;1;F;38,121307;13,361336
08/08/2023;22:20;VIA BORDONARO altezza del civico 87;0;C;38,164499;13,369452
09/08/2023;10:00;CORSO TUKORY altezza del civico 136;0;C;38,109005;13,360404
09/08/2023;10:21;CORSO TUKORY altezza del civico 136;0;C;38,10901;13,360381
09/08/2023;12:00;VIALE REGIONE SICILIANA S.E. carr. laterale direzione CT;1;F;38,094667;13,337539
09/08/2023;12:00;VIA DI STEFANO altezza del civico 13;1;F;38,123332;13,355925
09/08/2023;14:15;VIALE REGIONE SICILIANA N.O. pressi TASCALANZA 118;0;C;38,1144;13,329186
09/08/2023;14:20;PIAZZA EINSTEIN ALBERT di fronte viale RegioneTP;1;F;38,129177;13,330176
09/08/2023;16:40;VIA CRISPI FRANCESCO pressi sot.XIII vittim;1;F;38,123257;13,364615
09/08/2023;19:20;VIA BRASCA altezza del civico 6c;1;F;38,086302;13,380674
10/08/2023;02:04;VIA GOETHE nr. 45;1;F;38,121168;13,350593
10/08/2023;14:00;VIALE MICHELANGELO altezza del civico 29;0;C;38,139795;13,330355
10/08/2023;16:40;CORSO DEI MILLE altezza (spec.) decollati;1;F;38,106571;13,373236
10/08/2023;18:00;"VIALE REGIONE SICILIANA N.O. pressi ""Fil Pio Cars""";0;C;38,145536;13,329271
11/08/2023;01:30;VIA MONGITORE ANTONINO intersezione con VIA CADORNA LUIGI GEN.;1;F;38,109993;13,356285
11/08/2023;02:30;PIAZZA BOLIVAR SIMON intersezione VIALE NICOLETTI ROSARIO;5;F;38,189015;13,29852
11/08/2023;10:15;PIAZZA BEATI PAOLI altezza del civico 1;1;F;38,11663;13,355644
11/08/2023;11:30;VIA CILEA FRANCESCO intersezione con VIA TRAMONTANA;0;C;38,132211;13,33911
11/08/2023;13:00;VIALE DUCA DEGLI ABRUZZI s.n.c.;1;F;38,171043;13,327674
11/08/2023;16:20;VIA SFERRACAVALLO intersezione con VIA DELL'ARANCIO;2;M;38,195896;13,279596
11/08/2023;17:50;VIA CALA altezza (spec.) PORTA FELICE;1;F;38,119729;13,371454
12/08/2023;08:30;VIA GIAFAR EMIRO altezza svincolo;1;F;38,091071;13,385314
12/08/2023;15:00;VIA PRINCIPE DI PATERNO' intersezione con VIA LISZT FRANZ;2;F;38,13761;13,335659
12/08/2023;18:30;VIALE MARGHERITA DI SAVOIA intersezione VIALE DELLE PALME;0;C;38,196103;13,331883
12/08/2023;19:20;VIA XIMENES LEONARDO intersezione con VIA ARCHIMEDE;0;C;38,129545;13,35685
13/08/2023;04:35;VIA DUCA DELLA VERDURA in prossimit? di libert?;1;F;38,133704;13,34977
13/08/2023;06:45;VIALE LAZIO intersezione con VIA VENETO;1;F;38,142234;13,338349
13/08/2023;11:25;FORO UMBERTO I altezza (inters.) VIA ROMANO GIUSEPPE;2;F;38,116435;13,374343
13/08/2023;12:52;PIAZZA CRISPI FRANCESCO altezza (spec.) EDICOLA;0;C;38,130334;13,352321
13/08/2023;19:50;VIA SEGESTA altezza del civico 6;3;F;38,123763;13,348173
13/08/2023;21:30;VIALE MICHELANGELO intersezione con VIA AL SANTUARIO DI CRUILLAS;0;C;38,136479;13,330474
14/08/2023;11:00;VIA ARIOSTO LUDOVICO intersezione con VIA LEOPARDI GIACOMO;0;C;38,134379;13,345811
14/08/2023;13:50;VIALE VENERE altezza del civico 35;2;F;38,190125;13,331688
15/08/2023;01:30;VIALE CAMPANIA di fronte via b. verona;0;C;38,144046;13,339681
15/08/2023;02:51;VIA TITONE MICHELE altezza del civico 12;0;C;38,106741;13,336119
15/08/2023;10:20;VIALE TRE GRAZIE (DELLE) in prossimit? di Corrado T. Crud;0;C;38,184722;13,329401
15/08/2023;13:00;LUNGOMARE COLOMBO CRISTOFORO altezza del civico 150;1;F;38,165509;13,365846
15/08/2023;14:10;VIALE PRINCIPESSA MAFALDA intersezione VIALE DELLE PALME;1;F;38,195511;13,335229
15/08/2023;18:30;PIAZZA TREDICI VITTIME intersezione VIA CRISPI FRANCESCO;0;C;38,123264;13,364572
16/08/2023;07:45;VIA MAUROLICO FRANCESCO intersezione con VIA FAZELLO TOMMASO;0;C;38,108652;13,366697
16/08/2023;08:00;VIA LO IACONO VINCENZO altezza (inters.) VIA ARIOSTO LUDOVICO;0;C;38,095447;13,344612
16/08/2023;08:30;VIA PADRE MASSIMILIANO KOLBE s.n.c.;1;F;38,095258;13,426571
16/08/2023;15:00;VIA PALINURO altezza del civico 77;2;F;38,204531;13,323318
16/08/2023;15:45;LUNGOMARE COLOMBO CRISTOFORO altezza del civico 3110;1;F;38,191316;13,357674
16/08/2023;16:15;VIA TITONE MICHELE altezza del civico 18;0;C;38,107169;13,337925
16/08/2023;19:00;VIA GIOTTO intersezione VIALE GALILEO GALILEI;1;F;38,130981;13,334673
17/08/2023;02:15;VIALE ERCOLE s.n.c.;1;F;38,160656;13,341131
17/08/2023;09:00;VIALE REGIONE SICILIANA S.E. altezza del civico 8161;1;F;38,086372;13,350128
17/08/2023;10:00;VIA LA MALFA UGO altezza del civico 36;0;C;38,158887;13,316796
17/08/2023;12:45;VIA NOTARBARTOLO EMANUELE intersezione con VIA LEOPARDI GIACOMO;1;F;38,13297;13,34667
17/08/2023;14:15;VIA ROMA intersezione con VIA SPINUZZA SALVATORE;0;C;38,121653;13,361022
17/08/2023;22:30;VIA PIANO DELL'UCCIARDONE s.n.c.;1;F;38,131948;13,35964
18/08/2023;06:25;VIA BOLOGNI intersezione VIA PANDOLFINI;1;F;38,113418;13,307851
18/08/2023;07:00;VIA BUONRIPOSO altezza (spec.) d.f. civ.201;2;F;38,098396;13,370434
18/08/2023;09:05;VIA CASTELFORTE altezza del civico 63;1;F;38,174505;13,326579
18/08/2023;09:15;VIA BASILE ERNESTO intersezione con VIA ARTALE VITO GEN.;1;F;38,100331;13,347437
18/08/2023;10:35;VIA CHIARAMONTE ANDREA altezza del civico 30;3;F;38,106417;13,358297
18/08/2023;15:15;VIA GREGORIO MAGNO PAPA intersezione VIA MASSAIA GUGLIELMO CARD.;0;C;38,152255;13,37068
18/08/2023;18:30;VIALE MICHELANGELO altezza (inters.) VIA AL SANTUARIO DI CRUILLAS;0;C;38,136465;13,330522
19/08/2023;10:00;VIALE LEONARDO DA VINCI altezza del civico 2841;1;F;38,12665;13,308305
19/08/2023;11:20;VIA PORTELLA DELLA GINESTRA altezza (inters.) VIA BIONE CESARE;1;F;38,101075;13,391482
19/08/2023;12:00;VIALE REGIONE SICILIANA S.E. carr. laterale DIR TP CIV 200;1;F;38,101505;13,330818
19/08/2023;17:00;STRADA STATALE 624 km 2;4;F;38,052109;13,307815
19/08/2023;21:48;VIALE REGIONE SICILIANA S.E. altezza del civico 2173;0;C;38,122965;13,329203
20/08/2023;04:50;VIALE MICHELANGELO intersezione VIA BRUNELLESCHI FILIPPO;1;F;38,135101;13,313945
20/08/2023;05:30;VIA LISZT FRANZ lato numeri pari 5;1;F;38,135569;13,336341
20/08/2023;11:30;VIA MASSAIA GUGLIELMO CARD. intersezione VIA GREGORIO MAGNO PAPA;1;F;38,152314;13,370742
20/08/2023;15:30;VIALE REGIONE SICILIANA N.O. nr. 9478;1;F;38,177587;13,294119
21/08/2023;08:00;PIAZZETTA SFERRACAVALLO intersezione VIA MANDERINO;1;F;38,197644;13,277038
21/08/2023;09:45;VIA SAURO NAZARIO intersezione con VIA SETTEMBRINI LUIGI;1;F;38,124131;13,331072
21/08/2023;10:00;VIA GIACHERY CARLO intersezione con VIA DEI CANTIERI;0;C;38,135909;13,358442
21/08/2023;12:50;VIA ROMA altezza (inters.) VIA MILANO;1;F;38,111611;13,36611
21/08/2023;13:30;VIALE MARCHESE DI VILLABIANCA altezza (inters.) VIA CORDOVA FILIPPO;1;F;38,141597;13,347473
21/08/2023;15:30;VIA BARI altezza del civico 18;1;F;38,118131;13,361648
21/08/2023;15:50;VIA SOLARINO UMBERTO intersezione con VIA BASILE ERNESTO;1;F;38,101459;13,348032
21/08/2023;16:15;VIA DELL'ORSA MINORE altezza del civico 8;0;C;38,096853;13,372242
21/08/2023;16:30;CORSO TUKORY intersezione VIA DI CRISTINA GIOVANNI;1;F;38,108555;13,358007
21/08/2023;23:40;CORSO DEI MILLE altezza (inters.) VICOLO NUCCIO;1;F;38,102382;13,380488
22/08/2023;09:15;VIA MESSINA MONTAGNE nr. 1;1;F;38,083385;13,427994
22/08/2023;11:26;VIA CRISPI FRANCESCO altezza (spec.) molo s lucia;1;F;38,129553;13,361098
22/08/2023;11:30;VIA XIMENES LEONARDO intersezione VIA ALBANESE ENRICO;1;F;38,130581;13,356142
22/08/2023;15:50;VIA COSTANZO AURELIO intersezione con VIA DEI CANTIERI;0;C;38,13629;13,360193
22/08/2023;17:15;VIA LA FERLA FRANCESCO GEN. intersezione con VIA ALBRICCI ALBERIGO GEN.;2;F;38,10077;13,394536
22/08/2023;18:45;VIA CATALANO altezza del civico 35;1;F;38,199044;13,313837
23/08/2023;02:15;PIAZZA SCAFFA altezza Largo Macello;0;C;38,1037;13,377608
23/08/2023;03:00;VIA ZAPPA GINO di fronte al civico 44;0;C;38,178252;13,312563
23/08/2023;11:30;VIALE REGIONE SICILIANA N.O. altezza (spec.) sott.passo citt;0;C;38,165641;13,305605
23/08/2023;15:00;VIA BACHELET VITTORIO altezza del civico 58;2;R;38,087364;13,33502
23/08/2023;17:00;VIA DELLA FERROVIA A S.LORENZO di fronte al civico 50;0;C;38,163261;13,316146
23/08/2023;18:50;VIALE PRINCIPE DI SCALEA altezza del civico 61;1;F;38,20069;13,326277
23/08/2023;19:24;VIA CAMPOLO GIOVANNI altezza del civico 44;1;F;38,128662;13,335015
23/08/2023;22:45;VIALE LAZIO intersezione con VIALE DELLE ALPI;0;C;38,141179;13,335147
24/08/2023;05:00;VIALE DIANA intersezione VIALE ERCOLE;0;C;38,150316;13,348666
24/08/2023;11:00;LARGO BARBARO PIETRO intersezione con VIA CRISPI FRANCESCO;0;C;38,125327;13,363607
24/08/2023;14:05;VIA TRINACRIA intersezione con VIA VAL DI MAZARA;0;C;38,149169;13,338094
24/08/2023;14:30;VIALE MARGHERITA DI SAVOIA altezza del civico 89;1;F;38,183207;13,333831
24/08/2023;16:15;VIALE REGIONE SICILIANA altezza del civico 2047;1;F;38,121869;13,329226
24/08/2023;18:00;VIALE DELLE ALPI altezza del civico 93/D;0;C;38,142468;13,334063
25/08/2023;01:10;VIALE PRINCIPE DI SCALEA intersezione PIAZZA VALDESI;1;R;38,196908;13,331348
25/08/2023;09:45;VIA CASALINI altezza 124;2;F;38,128221;13,31361
25/08/2023;13:20;VIALE REGIONE SICILIANA N.O. di fronte al civico 7800;1;F;38,165399;13,305466
25/08/2023;13:30;VIALE REGIONE SICILIANA N.O. altezza (inters.) VIA PERPIGNANO;1;F;38,119384;13,328977
25/08/2023;13:30;VIA GIAFAR EMIRO in direzione di PZA TORRELUNGA PIAZZA TORRELUNGA;1;F;38,098807;13,391704
25/08/2023;13:55;VIA RALLO ALBERTO intersezione con VIA CIMBALI GIUSEPPE;3;F;38,140271;13,363863
25/08/2023;14:35;VIA CRISPI FRANCESCO intersezione PIAZZA DELLA PACE;0;C;38,130864;13,360313
25/08/2023;17:00;VIALE ERCOLE altezza VIALE DIANA;2;F;38,150237;13,348647
25/08/2023;17:15;VIA LANZA DI SCALEA GIUSEPPE altezza del civico 1577;3;F;38,176771;13,310018
26/08/2023;07:15;FORO UMBERTO I altezza del civico 4;0;C;38,117451;13,373175
26/08/2023;11:30;VIA DELL'ACACIA intersezione con VIA PAULSEN FEDERICO;1;F;38,098723;13,325481
26/08/2023;14:15;VIA DE FILIPPO TITINA altezza del civico 32;0;C;38,102522;13,327149
26/08/2023;15:45;CORSO CALATAFIMI altezza 967;1;F;38,0997;13,322035
26/08/2023;21:23;VIA ROMA altezza del civico 300;2;F;38,118709;13,362532
27/08/2023;00:10;VIA ROMA altezza del civico 217;0;C;38,11744;13,363222
27/08/2023;02:30;LUNGOMARE COLOMBO CRISTOFORO intersezione VIA DUCEZIO;0;C;38,188835;13,349116
27/08/2023;04:30;VIA PORRAZZI intersezione con VIA MULE' GIUSEPPE;1;F;38,102535;13,334195
27/08/2023;09:55;VIA VANVITELLI LUIGI altezza civico 19;0;C;38,143186;13,315594
27/08/2023;11:00;VIA VOLTURNO altezza del civico 36;1;F;38,11957;13,354596
27/08/2023;12:00;VIA S.VINCENZO DE PAOLI altezza (inters.) VIA MASSAIA GUGLIELMO CARD.;1;F;38,152316;13,371244
28/08/2023;09:30;PIAZZA VITTORIO VENETO altezza 20;0;C;38,145472;13,342474
28/08/2023;11:30;VIA DELL'ARSENALE intersezione con VIA PIANO DELL'UCCIARDONE;0;C;38,134256;13,358771
28/08/2023;14:30;VIA SENOCRATE DI AGRIGENTO altezza (inters.) VIA CASTELLOTTI EUGENIO;0;C;38,18061;13,316276
28/08/2023;16:20;VIALE REGIONE SICILIANA N.O. altezza (spec.) paisiello;1;F;38,134465;13,330752
28/08/2023;16:30;VIA MESSINA MARINE altezza 245;2;F;38,105878;13,387448
28/08/2023;16:45;VIALE REGIONE SICILIANA S.E. altezza (spec.) ponte corleone;0;C;38,090049;13,344398
28/08/2023;20:40;ROTONDA PADRI ROGAZIONISTI intersezione VIA CASTELLANA;1;F;38,125696;13,301062
29/08/2023;10:10;VIA DI MARZO GIOACCHINO nr. 40;0;C;38,133158;13,344809
29/08/2023;11:45;VIA DELL'ORSA MAGGIORE intersezione con VIA DELL'ORSA MINORE;1;F;38,093706;13,366142
29/08/2023;13:00;VIA DELL'ORSA MAGGIORE intersezione con VIA DELL'ORSA MINORE;0;C;38,093706;13,366142
29/08/2023;15:45;VIA ROCCAZZO altezza del civico 138;0;C;38,120247;13,305854
29/08/2023;17:56;CORSO DEI MILLE intersezione VIA CORSELLI RODOLFO GEN.;2;F;38,096476;13,397655
29/08/2023;20:10;VIA MARCHESE DI ROCCAFORTE altezza 28;1;F;38,143682;13,34628
29/08/2023;21:30;VIA MONTI IBLEI altezza del civico 37;0;C;38,146161;13,330515
29/08/2023;22:50;VIA BELGIO altezza del civico 4;1;F;38,150718;13,329567
29/08/2023;23:50;CORSO CALATAFIMI altezza del civico 817;0;C;38,101454;13,326355
30/08/2023;06:00;VIA BRUNELLESCHI FILIPPO intersezione con VIA SCAGLIONE PIETRO;1;F;38,139854;13,313782
30/08/2023;08:00;VIA ERRANTE VINCENZO intersezione VIA DEL VESPRO;1;F;38,106686;13,362433
30/08/2023;10:20;VIA TASCA LANZA nr. 88;1;F;38,112856;13,32918
30/08/2023;10:40;VIALE REGIONE SICILIANA N.O. altezza del civico 7024;1;F;38,161269;13,310508
30/08/2023;11:10;VIALE DE MAURO MAURO di fronte vicari;4;F;38,126641;13,302521
30/08/2023;13:20;VIA GIORDANO UMBERTO s.n.c.;0;C;38,134901;13,339346
30/08/2023;13:27;VIA GIORDANO UMBERTO altezza del civico 164;0;C;38,136061;13,338858
30/08/2023;13:50;VIA MADDALENA UMBERTO altezza del civico 114;0;C;38,134425;13,339421
30/08/2023;15:40;VIA ALLA FALCONARA intersezione con VIA AI VILLINI SANT'ISIDORO;1;F;38,118525;13,297884
30/08/2023;16:30;VIALE MICHELANGELO di fronte al civico 934;2;F;38,137304;13,320439
30/08/2023;17:30;VIALE STRASBURGO altezza del civico 44;1;F;38,150522;13,332075
30/08/2023;18:00;CORSO TUKORY intersezione VIA ARCOLEO GIORGIO;1;F;38,108876;13,359849
30/08/2023;18:20;VIA NOTARBARTOLO EMANUELE altezza 27 d;1;F;38,132534;13,345034
30/08/2023;20:15;VIA CRISPI FRANCESCO altezza del civico 300;2;F;38,130336;13,360367
30/08/2023;21:55;VIALE DEL FANTE altezza del civico 70/A;0;C;38,160161;13,334988
31/08/2023;01:15;VIA ROMA altezza (inters.) VIA BENTIVEGNA FRANCESCO;1;F;38,123;13,360143
31/08/2023;08:00;VIA PIAZZI GIUSEPPE intersezione con VIA SELINUNTE;0;C;38,124041;13,347363
31/08/2023;10:45;VIA D'ANNUNZIO GABRIELE intersezione PIAZZA UNITA' D'ITALIA;1;F;38,137919;13,344217
31/08/2023;10:55;VIALE REGIONE SICILIANA altezza VIA S.Filippo;0;C;38,089881;13,362741
31/08/2023;11:15;VIA PISACANE CARLO intersezione con VIA CORAZZA FILIPPO;1;F;38,108771;13,362436
31/08/2023;12:40;VIALE REGIONE SICILIANA N.O. altezza (spec.) 5930 Eurospin;0;C;38,153993;13,319546
31/08/2023;13:15;VIA MESSINA MARINE altezza del civico 767;3;F;38,096664;13,427297
31/08/2023;14:00;VIA LICATA SALVO altezza (inters.) VIA ROMA;0;C;38,118982;13,362494
01/09/2023;01:55;VIA AVERSA TOMMASO intersezione con VIA MAJELLI GIUSEPPE;2;F;38,124856;13,338301
01/09/2023;06:35;VIA CALA lato MARE;1;F;38,118842;13,367557
01/09/2023;07:30;VIALE REGIONE SICILIANA intersezione VIA PITRE' GIUSEPPE;1;F;38,110514;13,329634
01/09/2023;07:55;VIA ASTORINO GERARDO di fronte al civico 34;1;F;38,164197;13,324404
01/09/2023;08:15;VIALE ERCOLE intersezione VIALE DIANA;0;C;38,150266;13,348703
01/09/2023;13:30;VIA MESSINA MARINE nr. 193;2;F;38,106707;13,384404
01/09/2023;16:00;VIA MONGITORE ANTONINO intersezione con VIA CADORNA LUIGI GEN.;2;F;38,110201;13,356685
01/09/2023;16:00;VIALE REGIONE SICILIANA N.O. altezza del civico 3054;0;C;38,131496;13,329934
01/09/2023;17:00;VIA ARMIDA intersezione VIALE DELLE ROSE;0;C;38,199834;13,325764
01/09/2023;17:00;VIALE ITALIA intersezione VIA ARGONAUTI;1;F;38,193715;13,331307
01/09/2023;17:50;VIALE REGIONE SICILIANA altezza del civico 983;1;F;38,112237;13,329868
01/09/2023;18:30;VIALE LEONARDO DA VINCI altezza del civico 55;0;C;38,130429;13,336458
01/09/2023;18:43;PIAZZA LEONI altezza del civico 67;1;F;38,14584;13,345094
01/09/2023;21:30;VIA ROCCELLA GUSTAVO intersezione VIA S.RAFFAELE ARCANGELO;1;F;38,092337;13,345794
01/09/2023;22:45;VIALE LAZIO intersezione VIA DELLA LIBERTA';3;F;38,143877;13,343235
02/09/2023;00:15;VIA TOMMASO NATALE altezza del civico 86;0;C;38,180026;13,295112
02/09/2023;03:40;PIAZZA PRINCIPE DI CAMPOREALE altezza del civico 18;1;F;38,119532;13,341501
02/09/2023;05:30;VIA FILICIUZZA intersezione con VIA PIETRO D'ARAGONA;0;C;38,10752;13,358087
02/09/2023;08:45;VIA SCIUTI GIUSEPPE intersezione con VIA RAPISARDI MARIO;2;F;38,133701;13,342462
02/09/2023;12:30;PIAZZA TREDICI VITTIME intersezione con VIA CRISPI FRANCESCO;4;F;38,123238;13,364628
02/09/2023;15:30;VICOLO ZIMMILLARI di fronte al civico 13;0;C;38,110059;13,362423
03/09/2023;01:30;VIA BONANNO PIETRO in prossimit? di castello utvegg;2;F;38,155575;13,357141
03/09/2023;01:30;VIA BOCCONE SILVIO di fronte 99;0;C;38,106741;13,369049
03/09/2023;09:13;VIALE DE GASPERI ALCIDE intersezione con VIA AUSONIA;0;C;38,149717;13,334658
03/09/2023;15:15;VIA SERPOTTA GIACOMO intersezione con VIA LA MANTIA GIUSEPPE;2;F;38,120002;13,346671
03/09/2023;23:20;VIA ARTALE VITO GEN. intersezione con VIA VITALI VINCENZO;2;F;38,098678;13,348696
03/09/2023;23:50;VIALE MARGHERITA DI SAVOIA intersezione con VIALE CERERE;3;R;38,191458;13,332679
04/09/2023;00:20;VIA ROCCAZZO intersezione con VIA CARTAGINE;1;F;38,124166;13,310897
04/09/2023;09:40;VIA BASILE ERNESTO di fronte al civico 22;1;M;38,107149;13,353903
04/09/2023;09:55;LARGO SELLERIO ANTONIO altezza (inters.) VIA BONANNO PIETRO;0;C;38,14823;13,357668
04/09/2023;10:15;LARGO CALTAVUTURO altezza (spec.) 1;1;F;38,126814;13,299471
04/09/2023;11:45;VIA BASILE ERNESTO di fronte al civico 220;1;F;38,096364;13,343951
04/09/2023;13:15;VIA MESSINA MARINE altezza del civico 105;2;F;38,107605;13,381981
04/09/2023;13:30;VIA SAMPOLO altezza del civico 3/D;0;C;38,136586;13,355121
04/09/2023;22:00;VIALE GIULIANO BORIS altezza del civico 13;1;F;38,139865;13,342327
05/09/2023;01:30;VIA VILLAGRAZIA intersezione VIA S.FILIPPO;2;R;38,093707;13,36041
05/09/2023;07:10;VIA FONDERIA ORETEA altezza del civico 67;0;C;38,123989;13,361746
05/09/2023;07:45;VIALE REGIONE SICILIANA N.O. altezza del civico 4261;1;F;38,142295;13,331559
05/09/2023;08:00;VIA GERACI BERNARDO intersezione VIA ZAPPALA' GIOVANNI;0;C;38,138845;13,335302
05/09/2023;12:15;VIA DELLA LIBERTA' di fronte al civico 66;1;F;38,13674;13,347838
05/09/2023;15:20;VIA VENTURA GIOACCHINO di fronte al civico 9/a;1;F;38,133595;13,354234
05/09/2023;16:00;VIA PISACANE CARLO intersezione VIA PEREZ FRANCESCO PAOLO;1;F;38,109576;13,364174
05/09/2023;16:00;VIA MARVUGLIA VENANZIO altezza del civico 2;0;C;38,136891;13,360815
06/09/2023;09:40;VIA MASSAIA GUGLIELMO CARD. intersezione con VIA S.VINCENZO DE PAOLI;1;F;38,152294;13,371224
06/09/2023;10:00;VIA COL DELLA BERRETTA altezza SC GARZILLI;0;C;38,141259;13,342343
06/09/2023;13:20;VIA ANSELMI ROSINA intersezione VIA POLLACI GIUSEPPE;0;C;38,104467;13,329373
06/09/2023;14:30;VIALE REGIONE SICILIANA S.E. pressi DIREIZONE TP;1;F;38,089263;13,369862
06/09/2023;15:40;VIA PRINCIPE DI PALAGONIA intersezione con VIA PRINCIPE DI PATERNO';1;F;38,137144;13,334482
06/09/2023;16:45;PIAZZA DELLA PACE intersezione con VIA ARCHIMEDE;0;C;38,130726;13,359793
06/09/2023;16:45;VIA SPEDALIERI NICOLO' intersezione VIA CATTI MICHELE;2;F;38,139049;13,363969
06/09/2023;17:25;VIALE LEONARDO DA VINCI di fronte al civico 154 d;1;F;38,12828;13,328145
06/09/2023;18:00;VIA DELL'ARSENALE altezza del civico 96;0;C;38,135929;13,36518
06/09/2023;19:20;FORO UMBERTO I altezza porta felice;0;C;38,119662;13,371444
07/09/2023;03:45;VIA CIRINCIONE GIUSEPPE altezza del civico 103/A;1;F;38,097907;13,390365
07/09/2023;12:15;VIA DELLA LIBERTA' altezza del civico 97;1;F;38,135179;13,34884
07/09/2023;15:20;PIAZZA UNITA' D'ITALIA intersezione con VIA GIUSTI GIUSEPPE;1;F;38,137368;13,344531
07/09/2023;16:30;PIAZZA S.FRANCESCO DI PAOLA intersezione VIA CARINI;2;F;38,121107;13,352963
07/09/2023;18:30;CORSO CALATAFIMI intersezione con VIA MARINUZZI GINO;3;F;38,104882;13,334812
07/09/2023;21:15;VIA CASALAINA RICCARDO intersezione VIA PALMERINO;0;C;38,099013;13,335967
07/09/2023;23:50;VIA LANZA DI SCALEA GIUSEPPE intersezione VIA BESTA FABIO;0;C;38,177424;13,308578
08/09/2023;02:30;VIA MESSINA MARINE altezza del civico 265;1;M;38,105585;13,388374
08/09/2023;10:20;VIA TIEPOLO GIOVAN BATTISTA altezza del civico 10;0;C;38,135323;13,323005
08/09/2023;11:45;VIA UDITORE di fronte V. M. SERIO;1;F;38,130352;13,325311
08/09/2023;12:15;PIAZZA EUROPA intersezione VIALE DE GASPERI ALCIDE;1;F;38,148378;13,331095
08/09/2023;12:40;VIA NENNI PIETRO altezza del civico 67/A;0;C;38,153794;13,321383
08/09/2023;14:45;VIA GRAVINA AMMIRAGLIO intersezione VIA ROMA;1;F;38,125057;13,3587
08/09/2023;15:45;VIALE MICHELANGELO altezza del civico 1395;2;F;38,135572;13,31492
08/09/2023;17:50;VIA CAPPELLO SALVATORE intersezione VIALE DEI PICCIOTTI;1;F;38,105401;13,381816
08/09/2023;19:30;VIALE REGIONE SICILIANA intersezione con VIA SAURO NAZARIO;1;F;38,125676;13,329704
09/09/2023;00:00;VIA CORLEO SIMONE altezza CIV. 5/C;0;C;38,12896;13,353895
09/09/2023;08:15;VIA DEI QUARTIERI altezza del civico 88;0;C;38,162336;13,327484
09/09/2023;08:45;VIA PITRE' GIUSEPPE nr. 195;0;C;38,110585;13,325821
09/09/2023;10:45;VIALE LAZIO intersezione VIALE PIEMONTE;1;F;38,142923;13,340363
09/09/2023;12:30;VIA LA MALFA UGO nr. 30;0;C;38,15823;13,317326
09/09/2023;13:20;VIA DI GIOVANNI FILIPPO intersezione con VIA DEI QUARTIERI;1;F;38,162829;13,328682
09/09/2023;17:00;VIALE ERCOLE pressi P.LE MATRIMONI;0;C;38,151448;13,347927
09/09/2023;20:35;CORSO RE RUGGERO intersezione con VIA BASILE ERNESTO;1;F;38,1078;13,355164
10/09/2023;03:00;VIALE NICOLETTI ROSARIO altezza MC DONALD;3;F;38,189466;13,294615
10/09/2023;04:00;VIA DELLA LIBERTA' nr. 22;1;F;38,126997;13,353929
10/09/2023;05:00;VIA PIANO DELL'UCCIARDONE di fronte VIA D. SCINA';0;C;38,130415;13,36039
10/09/2023;12:40;VIA SPADOLINI GIOVANNI intersezione con VIA S.LORENZO;1;F;38,169206;13,311135
10/09/2023;19:30;VIA PALLAVICINO intersezione con VIA CAGNI UMBERTO AMM.;2;F;38,169859;13,328286
10/09/2023;21:00;VIA S.FILIPPO altezza del civico 11;1;M;38,090758;13,362137
10/09/2023;22:50;VIA CASTELLANA di fronte 83;0;C;38,125726;13,310447
11/09/2023;03:00;VIA BRUNELLESCHI FILIPPO intersezione con VIA SCAGLIONE PIETRO;0;C;38,139897;13,313798
11/09/2023;08:55;VIALE DIANA pressi IPPOMONTATO;1;F;38,1533;13,348539
11/09/2023;10:05;VIALE GALILEO GALILEI nr. 93;1;F;38,133682;13,333667
11/09/2023;10:20;VIALE REGIONE SICILIANA carreggiata centrale DIREZ. TP;1;F;38,110637;13,329906
11/09/2023;12:30;VIA ASTEROPE intersezione con VIA PAZIENZA;0;C;38,200106;13,318279
11/09/2023;14:10;VIALE REGIONE SICILIANA di fronte al civico 949;1;F;38,119792;13,328994
11/09/2023;14:45;VIA DELLA LIBERTA' intersezione VIA D'ANNUNZIO GABRIELE;1;F;38,138844;13,346475
11/09/2023;15:20;VIA MONTEPELLEGRINO di fronte al civico 142;1;F;38,140846;13,357863
11/09/2023;15:50;VIA VILLA FLORIO intersezione con VIA RE FEDERICO;1;F;38,120848;13,347417
11/09/2023;16:30;VIA BUONRIPOSO di fronte al civico 33;1;F;38,10205;13,373708
11/09/2023;18:00;VIADOTTO PERRIER CARLO intersezione VIALE AZOTI NICOLO';1;F;38,087306;13,365925
11/09/2023;20:30;VIALE REGIONE SICILIANA carreggiata centrale alt p.le giotto;1;F;38,131845;13,330363
12/09/2023;00:10;VIALE STRASBURGO intersezione con VIALE DE GASPERI ALCIDE;0;C;38,149126;13,33295
12/09/2023;02:30;FORO UMBERTO I altezza (inters.) PIAZZA CAPITANERIA DEL PORTO;2;F;38,120113;13,371354
12/09/2023;10:00;VIA MURA DELLA LUPA intersezione VIA CALA;0;C;38,119669;13,369894
12/09/2023;10:20;VIA DEI FIORI nr. 9;0;C;38,099983;13,326104
12/09/2023;11:28;VIA GIORDANO UMBERTO nr. 14;1;F;38,135129;13,340101
12/09/2023;14:50;PIAZZA INDIPENDENZA di fronte C.SO PISANI;0;C;38,10985;13,350715
12/09/2023;15:30;VIA MATTEI ENRICO intersezione con VIA DUCROT VITTORIO;0;C;38,092711;13,398379
12/09/2023;15:30;VIA MESSINA MARINE pressi LAUDI;4;F;38,098017;13,412318
12/09/2023;16:30;VIA ROCCAZZO altezza del civico 87;0;C;38,120001;13,305631
12/09/2023;16:45;VIA ARGONAUTI intersezione VIALE ITALIA;1;F;38,193711;13,331318
12/09/2023;16:45;VIA ALLA FALCONARA altezza del civico 83;1;F;38,118506;13,297837
12/09/2023;16:49;VIALE LAZIO altezza del civico 121;1;F;38,140473;13,33291
12/09/2023;18:30;VIA SCIUTI GIUSEPPE altezza del civico 91/D;1;F;38,139989;13,338651
12/09/2023;20:00;VIA MECCIO SALVATORE intersezione VIA STABILE MARIANO;1;F;38,121907;13,354983
13/09/2023;00:30;VIALE REGIONE SICILIANA altezza del civico 4851;1;F;38,090602;13,381335
13/09/2023;07:15;VIA CRISPI FRANCESCO altezza (inters.) PIAZZA DELLA PACE;0;C;38,13096;13,360263
13/09/2023;08:00;VIA PECORAINO FILIPPO intersezione con VIA FAVIER PROSPERO;1;F;38,096938;13,392461
13/09/2023;11:10;VIA ALESSI GIUSEPPE intersezione con VIA PUGLISI SALVATORE;1;F;38,141222;13,352513
13/09/2023;14:10;VIA DELLA LIBERTA' altezza del civico 100;4;F;38,14048;13,345421
13/09/2023;14:55;VIA PIANO DELL'UCCIARDONE intersezione con VIA ALBANESE ENRICO;1;F;38,132267;13,359621
13/09/2023;15:30;VIALE DEL FANTE altezza STADIO;0;C;38,152408;13,340952
13/09/2023;16:00;VIA DELLA LIBERTA' intersezione con VIA DI BLASI FRANCESCO PAOLO;1;F;38,14;13,345735
13/09/2023;17:10;VIA ROMA altezza del civico 421;0;C;38,122209;13,360717
13/09/2023;18:00;VIA ALLA FALCONARA altezza del civico 47;1;F;38,117789;13,295803
13/09/2023;21:35;VIALE DELLA RESURREZIONE intersezione VIA S.LORENZO;1;F;38,164354;13,318902
14/09/2023;07:10;VIALE REGIONE SICILIANA S.E. intersezione con VIA CONTE FEDERICO;0;C;38,086866;13,398902
14/09/2023;09:40;VIALE REGIONE SICILIANA intersezione VIA DE SALIBA ANTONIO;0;C;38,132817;13,330572
14/09/2023;10:30;VIA ROMA altezza del civico 232;1;F;38,116865;13,363486
14/09/2023;14:00;VIA TIRO A SEGNO intersezione FORO UMBERTO I;0;C;38,113063;13,377925
14/09/2023;15:35;PIAZZA S.ANTONINO altezza CHIESA;1;F;38,109903;13,365149
14/09/2023;18:40;VIA LANZA DI SCALEA GIUSEPPE nr. 405;1;F;38,169751;13,314859
14/09/2023;20:40;VIA ROMA altezza del civico 392;1;F;38,123493;13,359794
15/09/2023;07:00;VIALE REGIONE SICILIANA N.O. altezza del civico 1013;2;F;38,112465;13,329889
15/09/2023;10:00;VIA MATTARELLA PIERSANTI altezza del civico 40;0;C;38,131203;13,347769
15/09/2023;12:15;VIA LANZA DI SCALEA GIUSEPPE di fronte al civico 402;1;F;38,167433;13,31638
15/09/2023;13:45;VIALE MICHELANGELO altezza rotonda Demma;0;C;38,130882;13,303992
15/09/2023;15:30;VIA PALINURO intersezione VIA MONDELLO;0;C;38,20536;13,323101
15/09/2023;16:00;VIALE REGIONE SICILIANA di fronte al civico 45;1;F;38,139807;13,330114
15/09/2023;18:30;PIAZZA CAPONNETTO ANTONINO altezza del civico 98;1;F;38,135249;13,357673
15/09/2023;18:40;VIALE REGIONE SICILIANA altezza del civico 1920;0;C;38,12091;13,328946
15/09/2023;19:15;VIALE DEL FANTE altezza del civico 64;1;F;38,156609;13,337924
15/09/2023;21:40;VIA AVERSA TOMMASO intersezione con VIA MAJELLI GIUSEPPE;2;F;38,124878;13,338285
16/09/2023;10:00;VIA ZISA altezza del civico 100 M;0;C;38,115734;13,342625
16/09/2023;20:42;VIALE REGIONE SICILIANA altezza BURGER KING;0;C;38,149575;13,324835
16/09/2023;23:30;VIA SACCO E VANZETTI intersezione VIA PADRE FRANCESCO SPOTO;2;F;38,096647;13,409563
17/09/2023;00:10;VIA DELL'ORSA MINORE in prossimit? di 13;1;F;38,095503;13,369073
17/09/2023;01:00;VIA LA MALFA UGO altezza VIALE FRANCIA;1;F;38,15411;13,321004
17/09/2023;11:30;PIAZZA CRISPI FRANCESCO intersezione VIA DELLA LIBERTA';0;C;38,130242;13,352211
17/09/2023;13:30;PIAZZA MARIA CONSOLATRICE intersezione con VIA SORGE GIUSEPPE;0;C;38,172402;13,366142
18/09/2023;06:40;VIA SPERONE intersezione VIA PECORI GIRALDI GUGLIELMO M;0;C;38,099228;13,39533
18/09/2023;06:45;VIA MESSINA MARINE altezza del civico 411/a;1;F;38,102334;13,396141
18/09/2023;10:25;VIA CIRINCIONE GIUSEPPE intersezione VIA GIAFAR EMIRO;1;F;38,097689;13,39081
18/09/2023;11:00;VIA POLO MARCO altezza del civico 23;0;C;38,117965;13,347341
18/09/2023;16:10;PIAZZA FRANCESE MARIO intersezione VIALE DE GASPERI ALCIDE;1;F;38,148512;13,331508
18/09/2023;18:30;VIA PALADINI FILIPPO intersezione VIA CALANDRUCCI GIACINTO;2;F;38,135352;13,308793
18/09/2023;19:40;VIA LANZA DI SCALEA GIUSEPPE altezza del civico 781/A;1;F;38,172304;13,312791
18/09/2023;22:00;VIA ROCCAZZO altezza del civico 85;0;C;38,120207;13,305847
18/09/2023;22:20;VIA ROCCAZZO altezza del civico 85;0;C;38,120172;13,305816
18/09/2023;23:30;VIALE DEI PICCIOTTI intersezione con VIA MACELLO;2;F;38,106883;13,37927
19/09/2023;06:20;VIA MESSINA MARINE altezza del civico 264;1;F;38,098518;13,407228
19/09/2023;07:50;PIAZZA EINSTEIN ALBERT altezza TP/CT LAT MONTE;0;C;38,128722;13,328931
19/09/2023;08:45;VIALE CROCE ROSSA altezza del civico 116;1;F;38,152923;13,337064
19/09/2023;09:35;VIA CARINI altezza del civico 37;1;F;38,12888;13,355865
19/09/2023;11:15;CORSO CALATAFIMI altezza del civico 45;2;F;38,111704;13,351354
19/09/2023;12:00;VIALE REGIONE SICILIANA S.E. carreggiata centrale dir tp bonagia;1;F;38,09077;13,343665
19/09/2023;13:00;VIA LANZA DI SCALEA GIUSEPPE altezza (spec.) besta;1;F;38,177445;13,308525
19/09/2023;14:10;VIA AVOLIO CORRADO intersezione VIA MAJALI GIULIANO;1;F;38,109359;13,360222
19/09/2023;15:15;VIALE REGIONE SICILIANA N.O. intersezione VIA PAISIELLO GIOVANNI;1;F;38,134639;13,330812
19/09/2023;15:15;VIA RUFFO DI CALABRIA altezza STR. PROVINCIAL;2;F;38,108649;13,291363
19/09/2023;15:45;VIA BERGAMO altezza del civico 3;0;C;38,103743;13,368543
19/09/2023;15:50;CORSO CALATAFIMI altezza del civico 31;1;F;38,111718;13,351628
19/09/2023;16:40;VIA BASILE ERNESTO altezza CAVALCAVIA;1;F;38,09386;13,339044
19/09/2023;17:30;VIA PECORAINO FILIPPO altezza ParcheggioFORUM;2;F;38,091524;13,409022
19/09/2023;17:30;PIAZZALE AMBROSINI GASPARE altezza ST. FS  FRANCIA;1;F;38,155424;13,322339
19/09/2023;19:15;VIALE LEONARDO DA VINCI altezza (inters.) VIA BEATO ANGELICO;1;F;38,127142;13,323116
19/09/2023;19:30;VIA PIETRO D'ARAGONA intersezione VIA FILICIUZZA;0;C;38,10752;13,358059
19/09/2023;22:05;VIA ORETO altezza (inters.) PIAZZA GIULIO CESARE;3;F;38,10992;13,365237
19/09/2023;22:40;VIA PARISIO CATALDO intersezione VIA BISAZZA FELICE;1;F;38,125739;13,337237
20/09/2023;07:20;VIA NOTARBARTOLO EMANUELE intersezione VIA DELLA LIBERTA';1;F;38,133723;13,349779
20/09/2023;10:00;VIA PALERMO GASPARE altezza (spec.) 11/b;0;C;38,106578;13,366377
20/09/2023;13:45;VIA VILLA FLORIO intersezione con VIA VENEZIANO ANTONIO;1;F;38,120419;13,345315
20/09/2023;13:50;VIADOTTO PERRIER CARLO s.n.c.;1;F;38,090157;13,365618
20/09/2023;15:00;VIA DELLA LIBERTA' intersezione VIA ARCHIMEDE;1;F;38,128235;13,353538
20/09/2023;15:15;VIA SERGIO PAPA I intersezione VIA PIO X PAPA;1;F;38,148194;13,370737
20/09/2023;19:40;VIA MESSINA MARINE altezza del civico 473;3;F;38,098372;13,408932
20/09/2023;22:00;VIA MAJALI GIULIANO intersezione VIA DE VIGILIA TOMMASO;1;F;38,109222;13,359602
21/09/2023;00:30;VIA TORRETTA di fronte al civico 64;0;C;38,197951;13,274572
21/09/2023;07:40;CORSO CALATAFIMI intersezione con VIA MADDALENA UMBERTO;1;F;38,094402;13,308816
21/09/2023;07:45;VIA CONTE FEDERICO altezza del civico 196;2;F;38,0913;13,391574
21/09/2023;08:15;VIA SETTIMO RUGGERO di fronte al civico 15;0;C;38,12175;13,357561
21/09/2023;09:15;VIALE STRASBURGO di fronte al civico 373;1;F;38,16315;13,320771
21/09/2023;13:50;VIALE NICOLETTI ROSARIO altezza (spec.) lidl;1;F;38,189352;13,294822
21/09/2023;15:40;PIAZZA INDIPENDENZA altezza C. RE RUGGERO;2;F;38,110136;13,352791
21/09/2023;17:30;VIALE LAZIO altezza SOVRAP. LAT/MAR;1;F;38,139293;13,33145
21/09/2023;17:45;PIAZZA SETTIMO RUGGERO di fronte al civico 15;2;F;38,125291;13,355937
21/09/2023;18:59;VIA DUCA DELLA VERDURA nr. 36;1;F;38,134745;13,353444
21/09/2023;22:50;VIA MESSINA MARINE altezza del civico 427;1;F;38,101924;13,397167
21/09/2023;22:50;VIA SAMPOLO intersezione VIA CIRRINCIONE ANDREA;0;C;38,143488;13,348002
22/09/2023;00:30;VIALE STRASBURGO intersezione VIA INGEGNEROS GIUSEPPE;1;F;38,158008;13,325393
22/09/2023;06:30;VIALE REGIONE SICILIANA S.E. pressi Via Nave;1;F;38,106467;13,329804
22/09/2023;08:15;PIAZZALE UCRAINA altezza del civico 379;1;F;38,162805;13,321099
22/09/2023;09:15;PIAZZA TREDICI VITTIME intersezione con VIA CRISPI FRANCESCO;0;C;38,123313;13,364545
22/09/2023;11:25;VIA DELLA LIBERTA' altezza del civico 195/c;1;F;38,142209;13,344382
22/09/2023;12:10;VIALE REGIONE SICILIANA S.E. carr. centrale dir CT rot oret;2;R;38,091151;13,377205
22/09/2023;12:40;FORO UMBERTO I altezza 50mtviaPadreMes;1;F;38,113522;13,377635
22/09/2023;13:05;VIA CASTELLANA altezza del civico 290;0;C;38,125955;13,290728
22/09/2023;15:55;VIA XX SETTEMBRE intersezione VIA CARDUCCI GIOSUE';0;C;38,12502;13,353691
22/09/2023;16:00;VIALE MARIA SS. MEDIATRICE altezza del civico 55;0;C;38,100671;13,332745
22/09/2023;17:45;VIA DELL'ORSA MINORE intersezione VIA S.MARIA DI GESU';0;C;38,096395;13,370579
22/09/2023;23:15;VIA DE SALIBA ANTONIO altezza del civico 34;0;C;38,133096;13,333126
23/09/2023;05:00;VIA TOMASI CARDINALE altezza del civico 83;0;C;38,114623;13,343529
23/09/2023;09:30;VIA SAETTA ANTONINO altezza del civico 25;2;F;38,107051;13,381011
23/09/2023;09:50;VIA TASCA LANZA altezza del civico 118C;0;C;38,113953;13,329176
23/09/2023;10:00;PIAZZA LEONI intersezione VIALE DEL FANTE;0;C;38,146967;13,343904
23/09/2023;16:50;CORSO CALATAFIMI nr. 501;0;C;38,105584;13,336381
24/09/2023;02:00;PIAZZA DELLA PACE intersezione VIA ARCHIMEDE;0;C;38,130745;13,359793
24/09/2023;03:00;VIA MESSINA MARINE altezza del civico 77;0;C;38,10822;13,381275
24/09/2023;03:40;VIA BOLOGNI pressi pandolfini;0;C;38,113392;13,307879
24/09/2023;15:00;VIA SALAMONE MARINO SALVATORE nr. 18;0;C;38,108114;13,361019
24/09/2023;18:00;CORSO DEI MILLE altezza (inters.) VICOLO NUCCIO;2;F;38,102378;13,380496
24/09/2023;19:40;VIA PITRE' GIUSEPPE altezza del civico 97;1;F;38,110532;13,332766
24/09/2023;21:30;VIA ROMA altezza del civico 176;1;R;38,115478;13,36414
25/09/2023;04:50;VIA IMERA pressi .;0;C;38,112693;13,35055
25/09/2023;06:30;VIA LA FARINA GIUSEPPE intersezione con VIA PRINCIPE DI VILLAFRANCA;1;F;38,128969;13,349699
25/09/2023;07:30;VIALE REGIONE SICILIANA carr. centrale ALT. CIV. 5370;3;F;38,150983;13,32331
25/09/2023;08:00;VIA NOTARBARTOLO EMANUELE intersezione VIA PETRARCA FRANCESCO;0;C;38,13329;13,348043
25/09/2023;08:55;VIA GOETHE nr. 22;1;F;38,120424;13,350661
25/09/2023;09:45;VIA BUONRIPOSO intersezione con VIA ORETO;0;C;38,09925;13,37219
25/09/2023;11:45;VIALE REGIONE SICILIANA altezza piaz.le einsten;0;C;38,128705;13,328942
25/09/2023;12:10;VIA CRISPI FRANCESCO altezza (spec.) gravina;0;C;38,126654;13,362646
25/09/2023;13:20;VIA CRISPI FRANCESCO in prossimit? di VIA CASTELLO;0;C;38,121266;13,365799
25/09/2023;13:55;VIALE REGIONE SICILIANA altezza SOTTOVIA PITRE';1;F;38,110538;13,32956
25/09/2023;14:00;VIA ROMA intersezione VIA PRINCIPE DI BELMONTE;1;F;38,124626;13,35901
25/09/2023;16:15;VIA SERRADIFALCO intersezione con VIA PARISIO CATALDO;0;C;38,125964;13,33824
25/09/2023;18:40;VIALE MICHELANGELO altezza del civico 863;1;F;38,137179;13,319585
26/09/2023;10:30;VIA NOTARBARTOLO EMANUELE intersezione VIA LO IACONO VINCENZO;1;F;38,132649;13,345463
26/09/2023;11:30;VIA VILLAGRAZIA altezza del civico 455b;1;F;38,077043;13,332391
26/09/2023;12:30;VIA DELLA LIBERTA' altezza del civico 199;0;C;38,143624;13,343392
26/09/2023;14:30;VIA GARZILLI NICCOLO' di fronte al civico 7;0;C;38,124534;13,35334
26/09/2023;14:30;VIALE MICHELANGELO altezza SANT. DI CRUILL;0;C;38,139255;13,328597
26/09/2023;15:30;PIAZZA LEONI altezza del km 4;0;C;38,145286;13,345753
26/09/2023;22:00;VIA MARAVIGNA PIETRO GEN. intersezione VIA AMOROSO GAETANO;0;C;38,102717;13,351215
26/09/2023;22:39;VIA PITRE' GIUSEPPE altezza del civico 280/A;0;C;38,110075;13,31888
27/09/2023;11:30;VIA DELLA LIBERTA' intersezione VIALE LAZIO;2;F;38,143876;13,343197
27/09/2023;11:55;VIALE REGIONE SICILIANA N.O. altezza del civico 6469;0;C;38,157056;13,316407
27/09/2023;13:42;VIALE LEONARDO DA VINCI intersezione VIA CASALINI;2;F;38,126751;13,313642
27/09/2023;14:30;VIA LA MANTIA VITO intersezione con VIA SCIMONELLI IGNAZIO;0;C;38,121575;13,346162
27/09/2023;15:20;VIA ROMA intersezione VIA AMARI EMERICO;0;C;38,12547;13,358395
27/09/2023;19:10;VIA NENNI PIETRO altezza del civico 23;1;F;38,151152;13,323774
27/09/2023;21:30;VIALE REGIONE SICILIANA S.E. altezza (spec.) LATO MONTE;1;F;38,091113;13,377096
27/09/2023;22:08;VIA PRINCIPE DI PATERNO' intersezione con VIALE REGIONE SICILIANA N.O.;0;C;38,135839;13,330994
28/09/2023;05:45;PIAZZA VITTORIO VENETO intersezione VIA DELLA LIBERTA';0;C;38,145275;13,342283
28/09/2023;07:40;VIA CAVOUR CAMILLO nr. 6;1;F;38,12243;13,362369
28/09/2023;09:45;VIALE LAZIO altezza del civico 62;1;M;38,141117;13,334931
28/09/2023;09:45;VIA BADIA intersezione con VIA ALIAS FRANCESCO MARIA;1;F;38,134121;13,320602
28/09/2023;10:30;VIA CRISPI FRANCESCO altezza VARCO SAMMUZZO;0;C;38,125297;13,363673
28/09/2023;13:15;VIA ASTORINO GERARDO altezza del civico 33;1;F;38,125297;13,363673
28/09/2023;13:30;VIA ORETO altezza del civico 440;1;F;38,096325;13,374225
28/09/2023;14:30;VIA LA MANTIA VITO di fronte al civico 76;0;C;38,120945;13,346394
28/09/2023;15:00;PIAZZA CAPONNETTO ANTONINO altezza (spec.) DIST. ENI;1;F;38,135059;13,357815
28/09/2023;15:00;LARGO TESTA ARRIGO altezza del civico 3/A;1;F;38,094352;13,376271
28/09/2023;15:30;VIA ROMA intersezione VIA MALTA;1;F;38,115851;13,364013
28/09/2023;16:50;VIA CORDOVA FILIPPO intersezione con VIA MARCHESE DI ROCCAFORTE;1;F;38,14165;13,347621
28/09/2023;18:30;VIA MONTEPELLEGRINO altezza del civico 157;0;C;38,140173;13,358122
29/09/2023;09:00;VIALE ORFEO intersezione con VIA DANAE;4;F;38,192373;13,336047
29/09/2023;11:00;VIALE MICHELANGELO altezza (spec.) -;0;C;38,138029;13,323653
29/09/2023;11:20;VIA SIRACUSA intersezione con VIA DELLA LIBERTA';1;F;38,128179;13,35326
29/09/2023;12:30;VIA TURRISI COLONNA GIUSEPPINA altezza (inters.) VIA SAMMARTINO;1;F;38,126201;13,349218
29/09/2023;12:45;CORSO TUKORY altezza (inters.) VIA FILICIUZZA;1;F;38,10818;13,356712
29/09/2023;12:45;PIAZZA MONTEGRAPPA di fronte al civico 44;2;F;38,102296;13,352494
29/09/2023;13:00;VIA RESTIVO EMPEDOCLE intersezione con VIA DELLE MADONIE;1;F;38,147731;13,333842
29/09/2023;13:15;CORSO DEI MILLE altezza del civico 431;3;F;38,10237;13,380061
29/09/2023;15:40;VIA PUGLISI BERTOLINO GIUSEPPE intersezione VIA SELLA QUINTINO;1;F;38,127596;13,356727
29/09/2023;15:40;VIA TRAMONTANA intersezione con VIA CILEA FRANCESCO;3;F;38,132216;13,339117
29/09/2023;22:00;VIALE PIAZZA ARMERINA intersezione LARGO ISPICA;0;C;38,130015;13,29522
30/09/2023;08:30;VIALE MICHELANGELO altezza del civico 1006;1;F;38,137027;13,319395
30/09/2023;08:40;VIALE REGIONE SICILIANA altezza del civico 2189;2;F;38,12305;13,329396
30/09/2023;10:10;VIA DELLA LIBERTA' altezza del civico 199;0;C;38,144038;13,343746
30/09/2023;15:30;VIALE LEONARDO DA VINCI intersezione con VIA SILVESTRI IGNAZIO;2;F;38,12702;13,321306
30/09/2023;16:20;VIA TINDARI altezza (inters.) PIAZZA S.CRISTINA;2;F;38,129099;13,29841
30/09/2023;22:30;VIALE REGIONE SICILIANA S.E. altezza (inters.) VIA S.MARIA DI GESU';0;C;38,090631;13,374054
01/10/2023;00:12;VIALE REGIONE SICILIANA S.E. altezza del civico 8455;0;C;38,08617;13,351036
01/10/2023;04:00;VIA PITRE' GIUSEPPE di fronte 238;0;C;38,110153;13,319516
01/10/2023;07:00;VIALE REGIONE SICILIANA S.E. nr. 246;0;C;38,101038;13,331247
01/10/2023;11:30;VIA SERRADIFALCO altezza del civico 139;0;C;38,128924;13,337846
01/10/2023;13:30;VIA BASILE ERNESTO altezza (spec.) Cavalcavia;2;F;38,093922;13,339101
01/10/2023;15:00;VIA ROCCELLA GUSTAVO intersezione VIA ARTALE VITO GEN.;1;F;38,097458;13,349838
01/10/2023;20:20;VIA BENNICI GIUSEPPE intersezione con VIA MESSINA MARINE;1;F;38,1092;13,379969
01/10/2023;20:50;VIALE REGIONE SICILIANA S.E. altezza Pagliarelli;1;F;38,092371;13,341096
02/10/2023;08:04;VIA BASILE ERNESTO intersezione con VIA CAU LUSSORIO;2;F;38,094994;13,341252
02/10/2023;10:30;VIALE DE GASPERI ALCIDE nr. 77;0;C;38,150722;13,336588
02/10/2023;15:25;VIA DUCA DELLA VERDURA altezza (inters.) VIA FRA GIOVANNI PANTALEO;2;F;38,13489;13,354402
02/10/2023;15:45;VIA MONDELLO altezza del civico 46;1;F;38,206253;13,324266
02/10/2023;16:00;VIALE LAZIO intersezione VIA LOMBARDIA;1;F;38,142594;13,339338
02/10/2023;16:45;VIALE REGIONE SICILIANA N.O. altezza CIV. 120 TASCAL;1;F;38,115215;13,328974
02/10/2023;18:30;VIA S.LORENZO intersezione VIA SPADOLINI GIOVANNI;1;F;38,169202;13,311092
02/10/2023;19:30;CORSO CALATAFIMI intersezione con VIA MADDALENA UMBERTO;1;F;38,094404;13,30885
02/10/2023;20:00;PIAZZA AMENDOLA GIOVANNI altezza del civico 36;0;C;38,122328;13,351233
02/10/2023;20:45;VIA NOTARBARTOLO EMANUELE intersezione con VIA MORELLO NUNZIO;1;F;38,132359;13,344345
02/10/2023;20:50;VIA PATTI di fronte al civico 115;2;F;38,177238;13,314339
03/10/2023;07:30;LUNGOMARE COLOMBO CRISTOFORO intersezione con VIA LOPEZ DE VEGA;1;F;38,187856;13,359973
03/10/2023;08:15;CORSO PISANI PIETRO altezza del civico 262;2;F;38,106;13,343952
03/10/2023;09:45;VIALE BRANDI CESARE altezza (inters.) VIA CAPPAROZZO GIUSEPPE;1;F;38,181838;13,310665
03/10/2023;12:00;VIA LASCARIS COSTANTINO nr. 47/49;0;C;38,116804;13,347462
03/10/2023;12:30;VIALE FRANCIA di fronte al civico 13/A;2;F;38,155054;13,323304
03/10/2023;13:30;VIA DALLA CHIESA C. A. GEN. altezza del civico 48/50;1;F;38,13296;13,353286
03/10/2023;15:15;VIA RESUTTANA altezza del civico 357;1;F;38,153852;13,33396
03/10/2023;18:30;VIALE LAZIO altezza del civico 47;1;F;38,141788;13,336855
03/10/2023;22:05;VIALE DEL FANTE altezza del civico 58/a;0;C;38,1505;13,34201
03/10/2023;22:45;CORSO TUKORY altezza del civico 211;0;C;38,108155;13,355757
04/10/2023;10:00;VIA VOLTURNO intersezione PIAZZA VERDI GIUSEPPE;0;C;38,120487;13,356694
04/10/2023;11:05;VIA FOLENGO di fronte al civico 5;0;C;38,124245;13,354166
04/10/2023;11:50;VIA CALA altezza attr. pedonale;1;F;38,119331;13,369193
04/10/2023;14:10;VIALE REGIONE SICILIANA N.O. in prossimit? di SOTTO BELGIO;2;F;38,148791;13,326446
04/10/2023;17:05;VIALE REGIONE SICILIANA N.O. altezza P.LE EINSTEIN;1;F;38,129068;13,330197
04/10/2023;17:30;CORSO CALATAFIMI altezza del civico 647;3;F;38,10376;13,331948
04/10/2023;19:45;VIA GALLETTI di fronte al civico 5;0;C;38,096442;13,42818
04/10/2023;20:00;PIAZZA LEOTTA NICOLA altezza INGRESSO CIVICO;1;F;38,10479;13,35662
04/10/2023;20:00;VIALE MARIA SS. MEDIATRICE intersezione PIAZZA BARBARINO COSTANZO;0;C;38,101259;13,334668
05/10/2023;02:40;VIA CRISPI FRANCESCO intersezione VIA GRAVINA BENEDETTO;2;F;38,127482;13,362144
05/10/2023;03:00;VIA BADIA nr. 269;2;F;38,139965;13,316411
05/10/2023;07:45;VIA LEOPARDI GIACOMO intersezione VIA PASCOLI GIOVANNI;1;F;38,136113;13,344703
05/10/2023;08:35;VIA BASILE ERNESTO altezza (inters.) VIA PELLIGRA SALVATORE;1;F;38,097941;13,346089
05/10/2023;09:12;VIA ARCHIMEDE intersezione VIA PIANO DELL'UCCIARDONE;1;F;38,130902;13,36027
05/10/2023;13:30;VIALE REGIONE SICILIANA S.E. di fronte al civico 1514;2;F;38,119418;13,328942
05/10/2023;14:50;VIALE CAMPANIA altezza via toscana;1;F;38,145175;13,338582
05/10/2023;16:15;VIA PITRE' GIUSEPPE altezza del civico 57;0;C;38,110504;13,337349
05/10/2023;16:45;VIA CRISPI FRANCESCO in direzione di ? VIA DELL'ARSENALE;0;C;38,121197;13,366093
05/10/2023;17:30;VIA CARNEVALE SALVATORE intersezione VIA ALCIONE;2;F;38,089189;13,356237
05/10/2023;18:20;CORSO FINOCCHIARO APRILE CAMILLO altezza del civico 40;1;F;38,118832;13,349876
05/10/2023;19:30;VIA ORETO intersezione VIA ACCASCINA FILIPPO;1;F;38,100729;13,371012
05/10/2023;19:30;VIA CRISPI FRANCESCO altezza del civico 290;0;C;38,130259;13,36025
05/10/2023;19:40;VIA LATTERI SAVERIO intersezione VIA INDOVINA ROBERTO;2;F;38,099802;13,355228
05/10/2023;23:45;VIA ROMA intersezione VIA GUARDIONE FRANCESCO;1;F;38,122519;13,360412
06/10/2023;08:05;VIA SAN BERNARDO DA CORLEONE altezza del civico 13;1;F;38,085694;13,34944
06/10/2023;09:17;VIA CORLEO SIMONE intersezione PIAZZA CRISPI FRANCESCO;1;F;38,130346;13,352975
06/10/2023;09:30;VIALE REGIONE SICILIANA N.O. altezza del civico 7315;1;F;38,162587;13,309574
06/10/2023;10:10;PIAZZA VITTORIA di fronte BOX OFFICE;1;F;38,111735;13,355345
06/10/2023;10:45;VIA S.LORENZO altezza via Cavalieri;1;F;38,167623;13,314262
06/10/2023;12:00;CORSO CALATAFIMI di fronte al civico 86;1;F;38,109883;13,347102
06/10/2023;15:30;VIA CONTE FEDERICO altezza del civico 5;3;F;38,09452;13,384724
07/10/2023;04:10;VIA DELLA LIBERTA' altezza del civico 14/d;0;C;38,1263;13,354382
07/10/2023;04:30;VIA LA FARINA GIUSEPPE intersezione con VIA PRINCIPE DI VILLAFRANCA;3;F;38,128669;13,348896
07/10/2023;10:20;VIALE CAVARRETTA altezza del civico 40;1;F;38,196623;13,315245
07/10/2023;11:30;SPIANATA DELLA SACRA GROTTA altezza piazzale chiesa;0;C;38,168389;13,351309
07/10/2023;13:40;VIA MORTILLARO VINCENZO intersezione con VIA MARINUZZI ANTONIO;1;F;38,104446;13,366024
07/10/2023;16:25;VIA AMARI EMERICO intersezione con VIA WAGNER RICCARDO;0;C;38,125187;13,357795
07/10/2023;20:30;VIA DAITA GAETANO altezza del civico 17;0;C;38,126233;13,355667
07/10/2023;21:50;VIA TOMMASO NATALE altezza villa moletto;1;F;38,172694;13,303503
07/10/2023;22:17;VIA PATERNOSTRO ALESSANDRO pressi FOCACCERIA;1;F;38,116318;13,366252
08/10/2023;02:30;CORSO PISANI PIETRO altezza del civico 181;0;C;38,107131;13,347127
08/10/2023;04:50;VIA LINCOLN altezza del civico 161;0;C;38,111696;13,368655
08/10/2023;04:50;VIA LINCOLN altezza del civico 161;0;C;38,111696;13,368655
08/10/2023;05:50;VIALE REGIONE SICILIANA intersezione VIA PERPIGNANO;0;C;38,119418;13,328942
08/10/2023;08:50;VIA SFERRACAVALLO intersezione VIALE NICOLETTI ROSARIO;1;F;38,194917;13,281211
08/10/2023;13:40;VIA ARIOSTO LUDOVICO intersezione con VIA LEOPARDI GIACOMO;2;F;38,134351;13,345799
08/10/2023;14:30;PIAZZA MORO ALDO altezza del civico 5;0;C;38,122517;13,356469
08/10/2023;15:20;VIA MALASPINA altezza del civico 144;1;F;38,130243;13,338812
08/10/2023;19:55;PIAZZA INDIPENDENZA altezza civ 7 (ESSO);0;C;38,110126;13,350489
08/10/2023;22:00;VIALE REGIONE SICILIANA S.E. nr. 2018;1;F;38,087528;13,348352
09/10/2023;09:00;PIAZZA SETTIMO RUGGERO altezza del civico 15;1;F;38,124472;13,35606
09/10/2023;13:00;VIA DELLA LIBERTA' intersezione VIA DI GIORGIO ANTONINO GEN.;2;F;38,143896;13,343248
09/10/2023;17:45;VIA JUNG GUIDO altezza del civico 1;1;F;38,141728;13,363064
09/10/2023;17:46;VIA MIGLIACCIO MARIANO intersezione LARGO SAN JOSEMARIA ESCRIVA';1;F;38,121337;13,35286
09/10/2023;19:10;VIA NENNI PIETRO altezza del civico DI FRONTE 28;2;F;38,154981;13,318441
09/10/2023;21:00;VIA ORETO altezza del civico 364;1;F;38,099498;13,37199
10/10/2023;07:30;VIALE REGIONE SICILIANA S.E. carr. centrale ponte Bonagia;0;C;38,087235;13,359221
10/10/2023;08:00;VIA ZUCCHETTO CALOGERO nr. 7/10;0;C;38,095647;13,422969
10/10/2023;08:00;VIA STAZIONE S.LORENZO di fronte al civico 9 B;0;C;38,163766;13,317436
10/10/2023;10:45;VIA LA FARINA GIUSEPPE intersezione con VIA SAMMARTINO;1;F;38,128288;13,348017
10/10/2023;11:20;VIALE DE GASPERI ALCIDE di fronte al civico 85;1;F;38,150639;13,336408
10/10/2023;12:40;VIA CIRRINCIONE ANDREA altezza del civico 36;1;F;38,144874;13,351228
10/10/2023;16:20;VIALE FRANCIA di fronte al civico 7;1;F;38,15577;13,324918
10/10/2023;20:30;VIA BRUNELLESCHI FILIPPO nr. 13/A;1;F;38,138149;13,313824
11/10/2023;07:00;VIA ORETO intersezione VIA ERRANTE VINCENZO;1;F;38,108397;13,366208
11/10/2023;09:10;CORSO DEI MILLE altezza (inters.) VIA DECOLLATI;0;C;38,106711;13,373315
11/10/2023;09:15;VIA ORETO intersezione VIA MORTILLARO VINCENZO;0;C;38,105266;13,368192
11/10/2023;11:30;VIA FAVARA ALBERTO intersezione PIAZZA VERDI GIUSEPPE;0;C;38,119605;13,356889
11/10/2023;12:45;VIA MONGITORE ANTONINO altezza del civico 5;2;F;38,110743;13,357859
11/10/2023;14:50;LARGO S.MICHELE ARCANGELO intersezione con VIA MARCHESI SALVATORE;1;F;38,13504;13,342573
11/10/2023;16:00;VIA AZOTI NICOLO' altezza PONTE BONAGIA;0;C;38,086538;13,361522
11/10/2023;16:00;PIAZZA GIULIO CESARE intersezione VIA ROMA;0;C;38,110743;13,366514
11/10/2023;16:10;FORO UMBERTO I altezza bypass;1;F;38,117636;13,373106
11/10/2023;16:30;VIA BACHELET VITTORIO altezza del civico 58;2;F;38,087337;13,334987
11/10/2023;16:30;VIA LATINI BRUNETTO altezza P.ZA AMENDOLA;0;C;38,122701;13,350713
11/10/2023;19:30;VIA LANCIA DI BROLO DOMENICO altezza del civico 66;1;F;38,123743;13,335678
11/10/2023;20:40;VIA ANSELMI ROSINA intersezione VIA CROCIFISSO A PIETRATAGLIATA;1;F;38,103286;13,328179
12/10/2023;07:39;VIALE DELLA RESURREZIONE altezza del civico 100;0;C;38,165628;13,320262
12/10/2023;08:05;VIALE LEONARDO DA VINCI altezza del civico 392;1;F;38,126919;13,317892
12/10/2023;09:40;VIA VILLA SOFIA pressi interno nosocom;1;F;38,154376;13,336481
12/10/2023;10:35;VIALE REGIONE SICILIANA N.O. carreggiata centrale -;0;C;38,119359;13,328642
12/10/2023;12:10;VIA ROMA altezza via e.amari;0;C;38,125459;13,358409
12/10/2023;13:00;VIALE DELLE PALME intersezione con VIALE PRINCIPESSA MAFALDA;0;C;38,195508;13,335183
12/10/2023;13:20;VIA NEBRODI(DEI) intersezione VIA NORVEGIA;1;F;38,154308;13,32868
12/10/2023;16:00;PIAZZA INDIPENDENZA intersezione CORSO CALATAFIMI;0;C;38,111476;13,351092
12/10/2023;16:55;VIA MESSINA MARINE altezza del civico 703;0;C;38,09746;13,417785
12/10/2023;18:50;CORSO RE RUGGERO s.n.c.;2;F;38,109028;13,35393
12/10/2023;23:00;VIA DE AMICIS EDMONDO di fronte al civico 10;0;C;38,138633;13,348282
13/10/2023;03:00;CORSO TUKORY altezza del civico 108;0;C;38,108918;13,361272
13/10/2023;08:00;CORSO CALATAFIMI altezza del civico 137/A;0;C;38,110469;13,34853
13/10/2023;08:15;VIA BRIGATA VERONA altezza (inters.) VIA SICILIA;0;C;38,144717;13,340707
13/10/2023;09:25;VIA PRINCIPE DI PATERNO' nr. 64;0;C;38,140276;13,342186
13/10/2023;12:00;CORSO DEI MILLE intersezione PIAZZA SCAFFA;1;F;38,103757;13,377471
13/10/2023;12:15;VIA FERRARI ORSI FEDERICO di fronte al civico 85;1;F;38,099754;13,388863
13/10/2023;12:50;VIA LANZA DI SCALEA GIUSEPPE di fronte al civico 781/A;0;C;38,172355;13,312799
13/10/2023;13:10;VIA RIZZO AMMIRAGLIO altezza via cimbali;1;F;38,144038;13,363656
13/10/2023;14:08;VIA ROMA intersezione con VIA CAGLIARI;1;F;38,1146;13,364618
13/10/2023;15:30;VIALE REGIONE SICILIANA carr. centrale d.f. 2633;0;C;38,12726;13,329502
14/10/2023;06:00;VIA CORAZZA FILIPPO altezza del civico 1;0;C;38,108732;13,362316
14/10/2023;11:00;VIA LANZA IGNAZIO E MANFREDI intersezione VIA LEANTI ARCANGELO;1;F;38,097236;13,349906
14/10/2023;11:25;VIALE MARGHERITA DI SAVOIA di fronte VIA S. BOSIO;1;F;38,173104;13,337304
14/10/2023;12:25;PIAZZA ZIINO OTTAVIO intersezione VIALE LEONARDO DA VINCI;1;F;38,13073;13,337992
14/10/2023;13:20;CORSO TUKORY intersezione VIA MAGG. PERNI FRANCESCO;2;F;38,109042;13,360545
14/10/2023;16:30;VIA PIANO DELL'UCCIARDONE intersezione con VIA ALBANESE ENRICO;1;F;38,13231;13,359633
14/10/2023;22:00;VIA BEATI PAOLI altezza del civico 35/37;1;F;38,116764;13,355189
15/10/2023;03:30;VIA PONTE DI MARE altezza del civico 139;0;C;38,110368;13,378791
15/10/2023;03:30;VIA OLIO DI LINO di fronte al civico 26;1;F;38,079603;13,316734
15/10/2023;13:00;CORSO PISANI PIETRO altezza del civico 193;3;F;38,106923;13,34597
15/10/2023;15:30;VIALE REGIONE SICILIANA N.O. altezza (inters.) VIA TRABUCCO;2;F;38,157286;13,315286
15/10/2023;22:30;VIA ORETO altezza del civico 333;1;F;38,099876;13,371565
16/10/2023;08:05;VIA PANTALICA intersezione con LARGO CEFALU';2;M;38,127665;13,292834
16/10/2023;09:50;VIA MAMMANA intersezione VIA ALIAS FRANCESCO MARIA;0;C;38,132782;13,319324
16/10/2023;10:48;VIA ROMA altezza via bentivegna;1;F;38,12299;13,36011
16/10/2023;11:00;VIA SCIUTI GIUSEPPE intersezione VIA CESAREO GIOVANNI ALFREDO;2;F;38,135355;13,341481
16/10/2023;11:00;VIALE REGIONE SICILIANA altezza del civico 8443;1;F;38,085712;13,420666
16/10/2023;12:30;VIALE PRINCIPE UMBERTO altezza del civico 3;0;C;38,196398;13,332991
16/10/2023;13:00;VIA MARCONI GUGLIELMO intersezione con VIA CUSMANO GIACOMO;2;F;38,124748;13,347932
16/10/2023;13:05;VIA LAUDICINA ANTONINO intersezione VIALE DI VITTORIO GIUSEPPE;0;C;38,094601;13,411275
16/10/2023;18:30;VIA ROMA altezza 187;1;F;38,116395;13,363727
16/10/2023;19:30;VIA ROMA intersezione VIA TORINO;1;F;38,111552;13,366073
16/10/2023;21:05;VIALE DEL FANTE altezza del civico 25;3;F;38,155215;13,338892
17/10/2023;09:05;VIA S.LORENZO nr. 93;1;F;38,160999;13,32646
17/10/2023;09:15;LUNGOMARE COLOMBO CRISTOFORO altezza del civico 3163;0;C;38,191156;13,358071
17/10/2023;10:12;VIA PRINCIPE DI PATERNO' intersezione VIA LA ROSA MICHELE;1;F;38,13674;13,333459
17/10/2023;10:20;VIA PITRE' GIUSEPPE altezza del civico 2;1;F;38,110466;13,334942
17/10/2023;10:50;VIALE LEONARDO DA VINCI intersezione VIA BEATO ANGELICO;1;F;38,127118;13,323126
17/10/2023;11:35;VIALE NICOLETTI ROSARIO altezza ELENKA;1;F;38,189912;13,293371
17/10/2023;13:00;CORSO PISANI PIETRO altezza del civico 122;0;C;38,107763;13,348443
17/10/2023;13:20;PIAZZA EINSTEIN ALBERT altezza del civico .;0;C;38,128764;13,328894
17/10/2023;13:50;VIA NOTARBARTOLO EMANUELE intersezione con VIA MATTARELLA PIERSANTI;1;F;38,132953;13,346717
17/10/2023;16:00;VIALE REGIONE SICILIANA S.E. altezza VIA PALMERINO;1;F;38,098236;13,333953
17/10/2023;18:00;"VIA LANZA DI SCALEA GIUSEPPE di fronte ""Conca D'Oro""";1;F;38,182041;13,305308
17/10/2023;18:00;VIA MANCINELLI LUIGI altezza del civico 1;0;C;38,104133;13,33519
17/10/2023;20:10;VIALE MARGHERITA DI SAVOIA in prossimit? di VIA VENERE;1;F;38,190181;13,332368
18/10/2023;07:45;VIALE REGIONE SICILIANA N.O. altezza del civico 2133;0;C;38,122612;13,32931
18/10/2023;11:15;VIA RE FEDERICO altezza del civico 37;1;F;38,120995;13,347348
18/10/2023;11:45;PIAZZA LEONI altezza del civico 60;0;C;38,145946;13,345011
18/10/2023;13:00;VIALE REGIONE SICILIANA N.O. altezza del civico 486 DIR TP;1;F;38,108423;13,329751
18/10/2023;13:15;VIALE REGIONE SICILIANA altezza MEDIAWORD;1;F;38,120863;13,328647
18/10/2023;14:50;VIA IMPERATORE FEDERICO intersezione PIAZZA LEONI;1;F;38,144886;13,346284
18/10/2023;17:15;VIALE REGIONE SICILIANA N.O. in direzione di SOTTOPONTE CORSO CALATAFIMI;0;C;38,10296;13,330313
18/10/2023;18:00;VIALE MARIA SS. MEDIATRICE altezza del civico 30;1;F;38,100924;13,333941
18/10/2023;18:55;VIALE REGIONE SICILIANA S.E. altezza Dir. TP;1;F;38,091147;13,377387
18/10/2023;23:25;VIALE DIANA a mt. 153;1;F;38,157965;13,343908
19/10/2023;07:10;VIA ROMA altezza del civico 102;2;F;38,113533;13,365088
19/10/2023;10:30;PIAZZA GIULIO CESARE di fronte al civico 56;2;F;38,110515;13,366335
19/10/2023;13:00;VIA OLIVERI MANDALA' EMANUELE s.n.c.;0;C;38,142183;13,328753
19/10/2023;13:00;VIA OLIVERI MANDALA' EMANUELE s.n.c.;0;C;38,142183;13,328753
19/10/2023;14:20;VIA VIRGILIO intersezione con VIA ENNIO;0;C;38,200629;13,278002
19/10/2023;14:40;VIA LA MALFA UGO altezza del civico 62;0;C;38,160726;13,315428
19/10/2023;16:15;VIA MANDANICI PLACIDO intersezione con VIA GIORDANO UMBERTO;1;F;38,134907;13,339256
19/10/2023;16:40;VIA ANNONE in direzione di . VIA ERACLEA MINOA;0;C;38,090527;13,359023
20/10/2023;00:45;VIA IMERA intersezione VIA D'OSSUNA;0;C;38,115392;13,349468
20/10/2023;01:45;VIA WAGNER RICCARDO intersezione VIA STABILE MARIANO;2;F;38,123428;13,35884
20/10/2023;11:30;VIALE REGIONE SICILIANA pressi civ. df 118C;0;C;38,089997;13,373659
20/10/2023;13:30;VIA BASILE ERNESTO di fronte al civico 206;1;F;38,098438;13,346398
20/10/2023;15:15;VIA IMPERATORE FEDERICO altezza (spec.) FERMATA BUS;2;F;38,145483;13,348061
20/10/2023;17:30;VIA CRISPI FRANCESCO intersezione VIA AMARI EMERICO;0;C;38,127064;13,362391
20/10/2023;18:30;LARGO HARRIS PAUL altezza del civico 250;0;C;38,138022;13,338059
20/10/2023;21:00;CORSO FINOCCHIARO APRILE CAMILLO altezza del civico 188;1;F;38,11818;13,344642
21/10/2023;05:45;CORSO CALATAFIMI intersezione con VIALE REGIONE SICILIANA;2;F;38,103095;13,330356
21/10/2023;10:50;VIALE STRASBURGO altezza (inters.) VIA PRINCIPE DI PANTELLERIA;1;F;38,159055;13,324436
21/10/2023;13:55;CORSO CALATAFIMI intersezione con VIA PINDEMONTE;1;F;38,111118;13,350134
21/10/2023;15:00;VIA AQUINO altezza del civico 142;1;F;38,0774;13,312235
21/10/2023;15:30;VIA ARCHIMEDE intersezione PIAZZA DELLA PACE;0;C;38,130755;13,359732
21/10/2023;17:30;VIALE REGIONE SICILIANA S.E. altezza del civico 12080;0;C;38,123842;13,329434
21/10/2023;19:30;VIALE REGIONE SICILIANA N.O. altezza 1039;2;F;38,112756;13,329803
21/10/2023;20:00;VIA ALLA FALCONARA altezza del civico 19/c;1;F;38,117564;13,288096
22/10/2023;02:00;VIA ASPROMONTE altezza 19;2;F;38,140869;13,332012
22/10/2023;03:30;VIA PEREZ FRANCESCO PAOLO intersezione VIA TODARO AGOSTINO;2;F;38,104209;13,367654
22/10/2023;03:50;VIA CRISPI FRANCESCO pressi Mercato Ittico;3;F;38,120784;13,366238
22/10/2023;07:00;VIA GARIBALDI altezza del civico 86/88;0;C;38,113955;13,366645
22/10/2023;10:30;VIALE MICHELANGELO di fronte al civico 1801;1;F;38,13409;13,311397
22/10/2023;18:17;VIA GIAFAR EMIRO altezza (inters.) VIA SOLUNTO;1;F;38,091888;13,386012
22/10/2023;20:15;VIA ROMA intersezione VIA CAVOUR CAMILLO;0;C;38,121996;13,360833
22/10/2023;20:45;VIA ROMA altezza VIA CAVOUR;1;F;38,121996;13,360833
22/10/2023;23:50;VIALE REGIONE SICILIANA N.O. altezza perpignano;1;F;38,11935;13,328765
23/10/2023;08:50;VIALE LEONARDO DA VINCI altezza (inters.) VIA BEATO ANGELICO;1;F;38,127152;13,323114
23/10/2023;10:40;VIA BELGIO altezza (inters.) SVINCOLO DI SALVO ROSARIO;1;F;38,148968;13,326994
23/10/2023;11:45;VIA PRINCIPE DI VILLAFRANCA in prossimit? di VIA AGRIGENTO;1;F;38,12767;13,350432
23/10/2023;12:50;VIA RESUTTANA intersezione con VIA SCANNASERPE;1;F;38,153829;13,333906
23/10/2023;13:30;VIA BARACCA FRANCESCO nr. 39;0;C;38,111177;13,298525
23/10/2023;13:40;VIA OLIO DI LINO intersezione con VIA ALTOFONTE;0;C;38,08645;13,327771
23/10/2023;13:45;VIALE REGIONE SICILIANA S.E. altezza BABY LUNA;0;C;38,0905;13,343468
23/10/2023;17:15;VIALE REGIONE SICILIANA N.O. altezza (spec.) sottovia Pitre;1;F;38,110521;13,329542
23/10/2023;19:00;PIAZZA LEONI intersezione con VIALE DEL FANTE;0;C;38,146992;13,343757
23/10/2023;19:50;VIA TROINA intersezione LARGO AJELLO TOMMASO;1;F;38,089864;13,359631
23/10/2023;20:30;CORSO CALATAFIMI intersezione VIA PORRAZZI;3;F;38,104523;13,33378
23/10/2023;20:30;PIAZZA EINSTEIN ALBERT altezza parco uditore;1;F;38,129254;13,328867
23/10/2023;21:30;VIA IMERA altezza del civico 6;1;F;38,118219;13,348404
24/10/2023;06:55;VIALE LEONARDO DA VINCI altezza del civico 224;1;F;38,127305;13,324388
24/10/2023;09:00;VIA DEI CANTIERI altezza 2 o;1;F;38,136143;13,359475
24/10/2023;09:05;VIALE REGIONE SICILIANA N.O. altezza via Pagano;1;F;38,105431;13,330552
24/10/2023;11:10;VIA MESSINA MARINE altezza del civico 223;1;F;38,106111;13,386831
24/10/2023;11:30;VIA PIANO DELL'UCCIARDONE altezza CARCERE;1;F;38,133056;13,35941
24/10/2023;12:00;VIALE DE GASPERI ALCIDE intersezione con VIA NEBRODI(DEI);3;F;38,148101;13,330386
24/10/2023;15:30;VIALE REGIONE SICILIANA S.E. altezza del civico 3578;2;F;38,128035;13,329922
24/10/2023;17:00;VIA DUCA DELLA VERDURA altezza n. 6;2;F;;
24/10/2023;18:30;VIALE CROCE ROSSA altezza del civico 149;1;F;38,152991;13,33746
24/10/2023;22:30;VIALE REGIONE SICILIANA altezza VILLA SERENA;0;C;38,116244;13,328807
25/10/2023;00:57;VIA COSTANTINO DOMENICO intersezione VIA TERRASANTA;0;C;38,131253;13,344012
25/10/2023;08:00;VIA ROMA altezza (inters.) PIAZZA S.DOMENICO;0;C;38,118537;13,362667
25/10/2023;11:45;CORSO ALBERTO AMEDEO altezza (inters.) CORSO CALATAFIMI;1;F;38,111928;13,352055
25/10/2023;13:35;VIA VALVERDE altezza civf 15;0;C;38,120448;13,362569
25/10/2023;13:50;VIALE REGIONE SICILIANA S.E. altezza del civico 4251;1;R;38,128112;13,329928
25/10/2023;14:10;VIA PIANO DELL'UCCIARDONE intersezione VIA ARCHIMEDE;1;F;38,130907;13,360267
25/10/2023;14:10;VIA PIANO DELL'UCCIARDONE altezza (spec.) VIA ARCHIMEDE;0;C;38,130907;13,360267
25/10/2023;15:10;VIALE REGIONE SICILIANA S.E. altezza del civico 3965;1;F;38,128078;13,329902
26/10/2023;00:15;VIA CAVOUR CAMILLO intersezione con VIA MAQUEDA;1;F;38,121241;13,357943
26/10/2023;05:30;VIA CONTE FEDERICO intersezione con VIA DI STEFANO GIOVANNI;1;F;38,081957;13,403695
26/10/2023;08:30;PIAZZA STURZO LUIGI s.n.c.;1;F;38,126299;13,357652
26/10/2023;10:20;VIA GOETHE intersezione VIA TURRISI NICOLO';0;C;38,119875;13,350824
26/10/2023;10:30;VIA VALVERDE altezza del civico 15;0;C;38,120465;13,362558
26/10/2023;12:30;VIA DELLE SEDIE VOLANTI altezza del civico 47;0;C;38,11694;13,355716
26/10/2023;14:45;LARGO CARISSIMI GIAN GIACOMO di fronte al civico 3;0;C;38,131619;13,339455
26/10/2023;16:00;VIA CATALANO altezza del civico 29;0;C;38,198894;13,313837
26/10/2023;17:10;VIA DON GNOCCHI altezza del civico 7;1;F;38,141189;13,362696
26/10/2023;19:00;VIA TRAPANI PESCIA s.n.c.;2;F;38,175917;13,322278
27/10/2023;00:40;VIA ROMA altezza del civico 420;1;F;38,124863;13,358798
27/10/2023;07:30;VIALE DEL FANTE di fronte al civico 70;1;F;38,160113;13,335015
27/10/2023;08:00;CORSO DEI MILLE intersezione VIA S. GIOVANNI DI DIO;0;C;38,100464;13,383594
27/10/2023;09:40;VIALE REGIONE SICILIANA N.O. altezza del civico 5630;0;C;38,152506;13,321359
27/10/2023;10:15;VIA CRISPI FRANCESCO altezza M. S. Lucia;1;R;38,129517;13,361061
27/10/2023;12:10;VIA MONTEPELLEGRINO di fronte al civico 49;2;F;38,136735;13,358642
27/10/2023;17:50;VIALE MICHELANGELO altezza del civico ESSO;1;F;38,137672;13,32215
28/10/2023;00:05;VIA PONTE DI MARE s.n.c.;1;F;38,111521;13,378458
28/10/2023;01:30;VIALE REGIONE SICILIANA di fronte 8445;0;C;38,085668;13,419517
28/10/2023;08:30;ROTONDA BRASILE in direzione di via VIALE MICHELANGELO;1;F;38,139374;13,330764
28/10/2023;15:40;VIA COSTA GAETANO altezza (inters.) VIA SCORZADENARO;1;F;38,092905;13,336801
28/10/2023;23:15;VIA ROMA altezza del civico 65;1;R;38,113354;13,365243
29/10/2023;00:10;VIA DELLA LIBERTA' altezza del civico 15;1;F;38,126539;13,354643
29/10/2023;02:55;VIA TASCA LANZA intersezione VIA PITRE' GIUSEPPE;1;F;38,110524;13,329603
29/10/2023;11:40;PIAZZA GIULIO CESARE altezza del civico 44;0;C;38,110153;13,366063
29/10/2023;12:45;VIA CASTELLANA BANDIERA altezza (inters.) VIA RIZZO AMMIRAGLIO;1;F;38,144103;13,363464
29/10/2023;13:05;VIA LA MALFA UGO di fronte al civico 62;0;C;38,160739;13,315403
29/10/2023;15:30;CORSO TUKORY pressi N? CIVICO 214;0;C;38,108502;13,357811
29/10/2023;20:20;VIA BASILE ERNESTO altezza del civico 208;2;F;38,098357;13,346373
29/10/2023;20:50;VIA MESSINA intersezione con VIA PRINCIPE DI VILLAFRANCA;1;F;38,126052;13,351362
29/10/2023;23:00;VIA ROMA altezza del civico 215;1;F;38,117375;13,363246
30/10/2023;07:15;VIA SFERRACAVALLO intersezione con VIA DELL'ARANCIO;1;F;38,195883;13,2796
30/10/2023;07:15;VIA CIACULLI intersezione VIA DEL RIO GIACOMO;2;F;38,084381;13,394667
30/10/2023;09:45;VIALE REGIONE SICILIANA altezza del civico 4111;1;F;38,089309;13,371788
30/10/2023;10:45;VIA CAVOUR CAMILLO di fronte al civico 51;1;F;38,122454;13,36266
30/10/2023;11:30;VIA SAURO NAZARIO pressi civ. 48;0;C;38,12484;13,330471
30/10/2023;11:30;VIA SAURO NAZARIO altezza del civico 4/B;0;C;38,122455;13,332631
30/10/2023;12:00;VIA BASILE ERNESTO altezza del civico 55;0;C;38,094733;13,340386
30/10/2023;12:30;VIA BERNINI GIAN LORENZO di fronte al civico 21/23;0;C;38,136829;13,322139
30/10/2023;16:50;VIA CRISPI FRANCESCO intersezione con LARGO BARBARO PIETRO;1;F;38,125316;13,36365
30/10/2023;17:20;VIA S.LORENZO intersezione con VIA SPADOLINI GIOVANNI;1;F;38,169226;13,31112
30/10/2023;22:00;VIALE REGIONE SICILIANA S.E. carreggiata centrale dirTP alt oreto;0;C;38,091221;13,377454
31/10/2023;02:30;VIA MAZZINI altezza (spec.) 2/A;0;C;38,127936;13,356301
31/10/2023;07:00;VIALE REGIONE SICILIANA N.O. altezza del civico 2771;1;F;38,128112;13,329977
31/10/2023;07:45;VIA TIRO A SEGNO altezza del civico 42;0;C;38,111934;13,376947
31/10/2023;08:40;VIA TUCCI FRANCESCO intersezione con VIA ROCCAZZO;2;F;38,120107;13,305735
31/10/2023;11:20;PIAZZA TOMMASO NATALE nr. 110;1;F;38,190461;13,285176
31/10/2023;15:00;VIA CRISPI FRANCESCO altezza (spec.) INGRESSO PORTO;0;C;38,127176;13,362526
31/10/2023;19:30;VIA TOSELLI PIETRO MAGG. intersezione VIA DE COSMI GIOVANNI AGOSTINO;1;F;38,139225;13,350548
31/10/2023;20:20;VIA LANZA DI SCALEA GIUSEPPE altezza (spec.) 255;1;F;38,168568;13,315826
01/11/2023;00:30;VIA TIRO A SEGNO altezza del civico 84;0;C;38,109964;13,375654
01/11/2023;02:45;VIALE DELL'OLIMPO altezza del civico 7;2;F;38,18905;13,317523
01/11/2023;03:30;PIAZZA BOIARDO MATTEO MARIA altezza STAZ. NOTARBART;0;C;38,132493;13,342164
01/11/2023;05:45;VIA MESSINA MARINE altezza (inters.) VIA PALUMBO PIETRO;1;F;38,101104;13,39956
01/11/2023;07:10;VIALE VENERE di fronte al civico 25;2;F;38,189765;13,329048
01/11/2023;10:15;VIA CENTURIPE altezza del civico 21;1;F;38,132189;13,297226
01/11/2023;22:00;VIALE STRASBURGO altezza del civico 253;2;F;38,159681;13,323816
01/11/2023;22:30;VIA LA MALFA UGO in prossimit? di sottopasso;0;C;38,167216;13,304316
02/11/2023;08:30;VIA SAMPOLO altezza del civico 170;0;C;38,137608;13,353925
02/11/2023;09:00;VIALE PIEMONTE altezza 41/a;0;C;38,141787;13,341081
02/11/2023;13:30;VIA TOMMASO NATALE altezza del civico 100;0;C;38,18319;13,292925
02/11/2023;16:45;VIALE MARGHERITA DI SAVOIA di fronte al civico 101;0;C;38,179391;13,335043
02/11/2023;19:00;VIALE VENERE a mt. .;0;C;38,189563;13,327781
02/11/2023;19:50;VIALE MICHELANGELO altezza del civico 92;1;F;38,139454;13,330202
02/11/2023;21:15;VIA NENNI PIETRO intersezione con VIALE FRANCIA;0;C;38,154106;13,321044
02/11/2023;23:00;VIA ZUPPETTA di fronte al civico 4;0;C;38,077977;13,333551
03/11/2023;02:10;VIALE REGIONE SICILIANA N.O. altezza (inters.) VIA NENNI PIETRO;1;F;38,151571;13,323155
03/11/2023;07:30;VIALE EURIDICE altezza del civico 6;0;C;38,19245;13,331714
03/11/2023;09:30;VIA MATER DEI di fronte al civico 9;0;C;38,195203;13,330829
03/11/2023;10:20;VIA PAULSEN FEDERICO altezza del civico 1;0;C;38,100086;13,3247
03/11/2023;11:00;VIA TASCA LANZA altezza del civico 118;0;C;38,113987;13,32917
03/11/2023;11:40;VIA DELLA LIBERTA' intersezione con PIAZZA CASTELNUOVO;1;F;38,124963;13,35527
03/11/2023;12:35;VIA PAULSEN FEDERICO altezza del civico 1;1;F;38,100079;13,324705
03/11/2023;12:45;VIA MULE' GIUSEPPE intersezione con VIA MARINUZZI GINO;1;F;38,102836;13,336462
03/11/2023;19:10;VIA DUE VANELLE intersezione VIA PARUTA FILIPPO;2;F;38,093906;13,319771
03/11/2023;19:34;VIALE STRASBURGO altezza del civico 193;0;C;38,155672;13,327669
04/11/2023;09:40;VIA SALAMONE MARINO SALVATORE intersezione VIA DELLE CLINICHE;2;F;38,107526;13,359694
04/11/2023;10:00;VIA ALBIRI altezza via Orsa Minore;1;F;38,090946;13,36538
04/11/2023;11:35;VIALE STRASBURGO di fronte al civico 538;0;C;38,161133;13,322361
04/11/2023;12:35;VIA MARCONI GUGLIELMO intersezione VIA CUSMANO GIACOMO;1;F;38,124758;13,347931
04/11/2023;13:00;VIALE REGIONE SICILIANA N.O. altezza (inters.) VIA OLIVERI MANDALA' EMANUELE;2;F;38,144547;13,329722
04/11/2023;16:40;VIA MORTILLARO VINCENZO intersezione con VIA PEREZ FRANCESCO PAOLO;1;F;38,104892;13,367231
04/11/2023;17:15;SVINCOLO DI SALVO ROSARIO altezza DIR CT;0;C;38,149446;13,325357
04/11/2023;22:30;VIA CASTELLANA altezza del civico 120;1;F;38,125578;13,297402
05/11/2023;01:00;VIA CIULLO D'ALCAMO intersezione VIA SAMPOLO;1;F;38,144025;13,34734
05/11/2023;01:25;VIA FERMI ENRICO di fronte al civico 35;0;C;38,126741;13,335051
05/11/2023;03:10;VIALE DIANA intersezione con VIALE ERCOLE;0;C;38,150297;13,348732
05/11/2023;04:00;VIA LA FERLA FRANCESCO GEN. intersezione con VIA DIAZ ARMANDO M.LLO;0;C;38,101147;13,393607
05/11/2023;08:35;VIA CONTE FEDERICO intersezione VIA CASSARO;2;F;38,081956;13,403695
05/11/2023;09:00;VIA SFERRACAVALLO intersezione con VIA MANDERINO;1;F;38,197641;13,277066
05/11/2023;11:10;CORSO CALATAFIMI di fronte al civico 743;1;F;38,102335;13,328432
05/11/2023;16:00;VIALE PRINCIPE UMBERTO di fronte al civico 9;0;C;38,195945;13,333046
05/11/2023;20:00;CORSO DEI MILLE altezza del civico 1419 D;0;C;38,086961;13,422309
05/11/2023;21:30;VIA CALA altezza CHIESA S.MARIA;0;C;38,117422;13,37318
06/11/2023;04:50;CORSO DEI MILLE altezza del civico 1492;1;F;38,090775;13,414896
06/11/2023;10:05;VIALE REGIONE SICILIANA N.O. carr. centrale ponte corleone;1;F;38,090099;13,344285
06/11/2023;11:15;VIA MONGITORE ANTONINO intersezione con VIA CADORNA LUIGI GEN.;1;F;38,109989;13,356237
06/11/2023;15:55;VIA DUCA DELLA VERDURA altezza del civico 58/c;1;F;38,135137;13,355359
07/11/2023;07:35;VIA CHINNICI DOMENICO GEN. intersezione VIA MARCELLINI TOMMASO;0;C;38,100917;13,320293
07/11/2023;08:00;VIALE LEONARDO DA VINCI altezza (spec.) via L. Ruggeri;1;F;38,126801;13,318273
07/11/2023;08:15;VIALE REGIONE SICILIANA S.E. di fronte Baby Luna;2;F;38,090476;13,343561
07/11/2023;10:00;VIALE REGIONE SICILIANA S.E. altezza presticar;0;C;38,089122;13,345938
07/11/2023;10:30;PIAZZA LEONI nr. 40;0;C;38,146554;13,344063
07/11/2023;13:30;VIA OLIVERI MANDALA' EMANUELE intersezione con VIA BUZZANCA;0;C;38,143076;13,329229
07/11/2023;14:30;VIA MAGG. PERNI FRANCESCO intersezione con CORSO TUKORY;2;F;38,108791;13,360769
07/11/2023;15:45;VIALE DEL FANTE altezza del civico 66;5;F;38,15935;13,335573
07/11/2023;16:50;VIA SERRADIFALCO di fronte al civico 1/b;1;F;38,120747;13,340767
07/11/2023;20:10;VIA ROCCELLA GUSTAVO altezza del civico 99;3;F;38,098652;13,350783
07/11/2023;22:00;VIALE LEONARDO DA VINCI intersezione PIAZZA EINSTEIN ALBERT;0;C;38,128455;13,329074
07/11/2023;22:15;VIA PITRE' GIUSEPPE a mt. 60 via grifotta;3;F;38,109792;13,315939
07/11/2023;22:20;VIA IMERA altezza .;0;C;38,115337;13,349506
08/11/2023;01:10;VIA DEL VESPRO intersezione VIA PISACANE CARLO;0;C;38,108564;13,361965
08/11/2023;02:15;VIALE REGIONE SICILIANA S.E. altezza (spec.) Garden di Ct;1;F;38,100556;13,331073
08/11/2023;06:45;CORSO CALATAFIMI altezza del civico 133;1;R;38,110616;13,3489
08/11/2023;08:50;VIA ALBERGHERIA altezza del civico 163;0;C;38,109936;13,35796
08/11/2023;09:00;CORSO PISANI PIETRO altezza del civico 256;0;C;38,106412;13,344772
08/11/2023;12:00;VIALE GALILEO GALILEI altezza del civico .;0;C;38,134808;13,333242
08/11/2023;12:14;VIALE GALILEO GALILEI altezza del civico .;0;C;38,134808;13,333242
08/11/2023;13:20;VIA PACINI GIOVANNI intersezione con VIA POLARA;1;F;38,119556;13,348698
08/11/2023;14:45;VIALE DUCA DEGLI ABRUZZI in prossimit? di v.dei quartieri;2;F;38,164185;13,33166
08/11/2023;15:15;VIA BRUNELLESCHI FILIPPO altezza del civico 9c;2;F;38,136874;13,313625
08/11/2023;18:40;VIA BELGIO in prossimit? di POLISPORTIVA;0;C;38,150049;13,328657
08/11/2023;21:30;VIA PRINCIPE DI PATERNO' intersezione con VIA PRINCIPE DI PALAGONIA;2;F;38,137152;13,334488
09/11/2023;00:01;VIALE DUCA DEGLI ABRUZZI intersezione con VIA DEI QUARTIERI;0;C;38,164181;13,331692
09/11/2023;10:20;VIA CUSMANO GIACOMO altezza del civico 24;1;F;38,12572;13,347412
09/11/2023;12:30;CORSO RE RUGGERO intersezione con VIA BASILE ERNESTO;1;F;38,107819;13,355093
09/11/2023;12:30;VIALE REGIONE SICILIANA intersezione VIA MULE' GIUSEPPE;0;C;38,101553;13,330918
09/11/2023;13:00;VIALE STRASBURGO altezza del civico 237;1;F;38,158818;13,324648
09/11/2023;13:10;VIALE REGIONE SICILIANA N.O. carr. laterale Dist.re LUKOIL;1;F;38,153222;13,321119
09/11/2023;14:10;VIA TASCA LANZA in prossimit? di intersezione;0;C;38,111936;13,329438
09/11/2023;14:50;VIA MARINI FILIPPO di fronte al civico 25;0;C;38,100631;13,350119
09/11/2023;18:15;VIA CRISPI FRANCESCO pressi XIII VITTIME;1;F;38,123002;13,365045
09/11/2023;20:50;VIALE REGIONE SICILIANA N.O. altezza del civico 2253;1;F;38,123568;13,329456
10/11/2023;08:00;VIA DALLA CHIESA C. A. GEN. altezza del civico 17;1;F;38,134158;13,3526
10/11/2023;08:20;VIA NOTARBARTOLO EMANUELE intersezione VIA TERRASANTA;1;F;38,132135;13,34347
10/11/2023;09:40;VIA CRISPI FRANCESCO altezza (spec.) sammuzzo;1;F;38,125026;13,363803
10/11/2023;12:40;VIA XIMENES LEONARDO intersezione con VIA OMODEI FRANCESCO;2;F;38,130081;13,356469
10/11/2023;13:10;VIALE PIEMONTE intersezione VIALE LAZIO;1;F;38,142957;13,340326
10/11/2023;16:00;VIA NEBRODI(DEI) intersezione con VIA OLANDA;1;F;38,151667;13,328167
10/11/2023;16:30;VIA ROMA intersezione VIA VITTORIO EMANUELE;1;F;38,11657;13,363622
10/11/2023;16:42;VIA ROMA intersezione VIA GUARDIONE FRANCESCO;1;F;38,122499;13,360476
10/11/2023;19:40;VIA NEBRODI(DEI) altezza del civico 65/F;1;F;38,152128;13,327885
10/11/2023;21:30;FONDO GIARDINA intersezione VIA TRAPANI PESCIA;2;F;38,173103;13,32635
10/11/2023;22:30;VIALE PERTINI SANDRO altezza CALCIOTRINAKRIA;2;F;38,174919;13,317734
11/11/2023;00:20;VIA CONTESSA ADELASIA intersezione con VIA VILLA CAPUTO;1;F;38,117209;13,346496
11/11/2023;03:40;PIAZZA INDIPENDENZA di fronte Ars;1;F;38,11039;13,352446
11/11/2023;07:40;VIA RUGGERI LEONARDO intersezione VIA SANGIORGI SALVATORE;1;F;38,125543;13,31831
11/11/2023;10:30;VIA XX SETTEMBRE intersezione VIA CARDUCCI GIOSUE';1;F;38,125007;13,353705
11/11/2023;10:45;VIALE REGIONE SICILIANA N.O. altezza del civico 3585;0;C;38,135977;13,330985
11/11/2023;11:20;VIA ROMA intersezione con VIA POLA;1;M;38,112955;13,365463
11/11/2023;12:15;VIA SAMPOLO altezza del civico 394;1;F;38,142118;13,349565
11/11/2023;13:30;VIALE REGINA ELENA altezza del civico 59/A;1;F;38,197957;13,330439
11/11/2023;17:20;VIA PALLAVICINO altezza del civico 23;0;C;38,169712;13,328353
12/11/2023;00:30;VIA RIZZO AMMIRAGLIO altezza del civico 77;1;F;38,143567;13,359955
12/11/2023;01:15;VIA DI GIORGIO ANTONINO GEN. intersezione VIA DEL GRANATIERE;0;C;38,144153;13,344008
12/11/2023;03:45;VIA IMERA intersezione con VIA LASCARIS COSTANTINO;1;F;38,117064;13,348839
12/11/2023;04:10;VIA CAVOUR CAMILLO intersezione con VIA VILLAERMOSA;0;C;38,121754;13,359828
12/11/2023;09:50;VIA MARCHESE DI ROCCAFORTE intersezione con VIA BONANNO GIOVANNI;1;F;38,142318;13,347168
12/11/2023;13:30;CORSO DEI MILLE altezza del civico 483;2;F;38,101825;13,381148
12/11/2023;16:40;VIA SALAMONE MARINO SALVATORE altezza del civico 1;2;R;38,108502;13,3618
13/11/2023;00:45;LARGO HARRIS PAUL intersezione con VIA PRINCIPE DI PATERNO';0;C;38,138508;13,337871
13/11/2023;02:00;VIA RABIN ISAAC altezza del civico 6;1;F;38,144943;13,357268
13/11/2023;07:40;VIA RESTIVO EMPEDOCLE intersezione con VIALE LAZIO;2;F;38,141918;13,337422
13/11/2023;07:50;STRADA STATALE 624 altezza KM 1+700;0;C;38,09093;13,335387
13/11/2023;08:10;VIALE REGIONE SICILIANA S.E. intersezione CORTILE D'ALESSANDRO;0;C;38,122;13,328944
13/11/2023;08:50;CORSO ALBERTO AMEDEO altezza del civico 52;1;F;38,114377;13,352121
13/11/2023;10:45;VIA DELL'AUTONOMIA SICILIANA altezza del civico 130;2;F;38,142357;13,355158
13/11/2023;11:00;STRADALE BELLOLAMPO KM.5351 altezza del civico 3660;2;F;38,135977;13,276552
13/11/2023;12:00;VIA PRINCIPE DI VILLAFRANCA altezza del civico 46/A;0;C;38,12581;13,351471
13/11/2023;14:05;VIA IMERA intersezione VIA MOSCA GAETANO;2;F;38,114076;13,34992
13/11/2023;17:30;VIALE STRASBURGO altezza del civico 352;1;F;38,157028;13,326248
13/11/2023;22:30;VIA POLO MARCO intersezione con VIA LASCARIS COSTANTINO;1;F;38,11684;13,347739
14/11/2023;07:30;VIALE MARCHESE DI VILLABIANCA intersezione con VIA DE COSMI GIOVANNI AGOSTINO;1;F;38,138854;13,349586
14/11/2023;07:55;VIA LO JACONO FRANCESCO intersezione VIA NOTARBARTOLO EMANUELE;1;F;38,132663;13,345467
14/11/2023;08:40;VIA DELLA LIBERTA' altezza del civico 10;1;F;38,125703;13,354806
14/11/2023;12:50;VIA BASILE ERNESTO intersezione con VIA LODATO GAETANO;1;F;38,107763;13,355398
14/11/2023;16:35;VIA CAMPOLO GIOVANNI intersezione con VIA TINTORETTO JACOPO;1;F;38,128455;13,333944
14/11/2023;18:05;VIA TASCA LANZA altezza del civico 20/e;1;F;38,109163;13,329637
14/11/2023;18:50;VIA PORTELLA DELLA GINESTRA altezza del civico 15/A;1;F;38,101403;13,390795
14/11/2023;19:20;VIA DEI CANTIERI altezza del civico 90;0;C;38,137399;13,364374
14/11/2023;21:50;PIAZZA LEONI intersezione con VIALE DIANA;1;R;38,146885;13,343983
15/11/2023;10:45;VIALE LAZIO intersezione VIALE CAMPANIA;1;F;38,142868;13,340099
15/11/2023;12:00;PIAZZA VITTORIO VENETO altezza del civico 2;1;F;38,145621;13,341632
15/11/2023;13:00;VIA SOLARINO UMBERTO altezza del civico 20;0;C;38,100992;13,349277
15/11/2023;13:05;VIA SOLARINO UMBERTO altezza del civico 20;0;C;38,100992;13,349277
15/11/2023;15:30;VIA RESUTTANA intersezione con VIA AFRICA;0;C;38,154675;13,332597
15/11/2023;16:30;VIA AMARI EMERICO intersezione VIA WAGNER RICCARDO;1;F;38,125201;13,357807
15/11/2023;19:30;VIA POLIBIO intersezione con VIA SANTOCANALE;1;F;38,197567;13,307898
15/11/2023;19:55;VIALE REGIONE SICILIANA carr. laterale via villagrazia;0;C;38,086601;13,349209
15/11/2023;20:00;VIALE REGIONE SICILIANA S.E. altezza del civico 6341;0;C;38,086359;13,350118
15/11/2023;23:10;VIALE REGIONE SICILIANA pressi via uditore;0;C;38,126245;13,329189
16/11/2023;06:50;VIALE DELL'OLIMPO altezza (spec.) C.C. Olimpo;0;C;38,188959;13,315504
16/11/2023;13:00;VIA DANTE altezza del civico 330;1;F;38,121787;13,342606
16/11/2023;15:30;FORO UMBERTO I altezza del civico 6;1;F;38,118564;13,372305
17/11/2023;00:10;VIALE DIANA altezza Colonia Comunal;1;F;38,156313;13,345342
17/11/2023;06:45;VIA UGDULENA GREGORIO di fronte al civico alt. civ. 4/a;1;F;38,140117;13,34599
17/11/2023;07:15;VIA NOTARBARTOLO EMANUELE intersezione VIA SCIUTI GIUSEPPE;1;F;38,132131;13,343442
17/11/2023;07:20;CORSO CALATAFIMI altezza del civico 642;1;F;38,099904;13,322527
17/11/2023;10:55;VIALE RIZZOTTO PLACIDO altezza del civico 31;1;F;38,08463;13,365625
17/11/2023;11:00;VIA ALBANESE ENRICO altezza del civico 02;1;F;38,131467;13,358345
17/11/2023;11:20;VIA TASCA LANZA altezza del civico 18/a;0;C;38,108878;13,329673
17/11/2023;13:30;VIA CONTE FEDERICO pressi civ.266;2;F;38,085591;13,399298
17/11/2023;16:00;VIA GUTTUSO RENATO intersezione VIA PATTI;1;F;38,174905;13,315775
17/11/2023;17:00;VIALE AMEDEO D'AOSTA altezza 15-o;0;C;38,102672;13,385563
17/11/2023;17:40;VIA FERRUZZA ENRICO nr. 32;1;F;38,089645;13,405883
17/11/2023;18:40;CORSO CALATAFIMI nr. 113;2;F;38,110687;13,349057
17/11/2023;19:50;VIA STAZIONE S.LORENZO nr. 2;2;F;38,163993;13,318201
17/11/2023;22:00;VIALE LEONARDO DA VINCI altezza (inters.) VIA RUGGERI LEONARDO;0;C;38,126784;13,318241
17/11/2023;22:50;VIA PACINI GIOVANNI intersezione VIA POLARA;1;F;38,119554;13,348707
18/11/2023;06:10;VIA ALLA FALCONARA intersezione VIA ANDREA DA BURGIO;1;F;38,117402;13,294757
18/11/2023;13:30;VICOLO PARISI (CRUILLAS) altezza del civico 1 b;0;C;38,143586;13,319924
18/11/2023;13:35;PIAZZA GIULIO CESARE intersezione VIA PALMERI NICCOLO';1;F;38,110432;13,367347
18/11/2023;16:10;VIA ALBANESE ENRICO intersezione con VIA ORSINI VINCENZO;1;F;38,130577;13,356153
18/11/2023;17:30;VIALE REGIONE SICILIANA N.O. intersezione VIA PRINCIPE DI PATERNO';1;R;38,135772;13,330983
19/11/2023;00:10;VIA DELLA LIBERTA' intersezione VIALE LAZIO;3;F;38,143873;13,343211
19/11/2023;02:30;VIA TURATI FILIPPO altezza del civico 15;1;F;38,125761;13,357135
19/11/2023;06:20;VIALE REGIONE SICILIANA N.O. altezza (spec.) rotat. Di Salvo;0;C;38,148686;13,326968
19/11/2023;10:00;VIA STREVA VINCENZO GEN. intersezione con VIA TOSELLI PIETRO MAGG.;0;C;38,138302;13,35112
19/11/2023;10:05;VIA TRINACRIA intersezione VIA VAL DI MAZARA;2;F;38,14917;13,338111
19/11/2023;12:00;VIALE REGIONE SICILIANA S.E. altezza Altezza;2;F;38,123815;13,329405
19/11/2023;13:20;CORSO CALATAFIMI altezza (inters.) LARGO GARUFI FRANCESCO;1;F;38,097776;13,317159
19/11/2023;17:10;VIALE STRASBURGO intersezione con VIA ALDISIO SALVATORE;1;F;38,154854;13,328446
19/11/2023;17:30;VIA GIUSTI GIUSEPPE altezza (inters.) VIA SCIUTI GIUSEPPE;1;F;38,135988;13,341097
19/11/2023;21:00;VIA IMPERATORE FEDERICO altezza del civico 68;1;F;38,146232;13,350347
20/11/2023;00:20;PIAZZA PRINCIPE DI CAMPOREALE altezza del civico 102;0;C;38,118838;13,341977
20/11/2023;07:00;VIA ROCCAZZO altezza del civico 85;0;C;38,120144;13,305769
20/11/2023;07:15;VIA ROCCAZZO altezza del civico 85;0;C;38,120144;13,305769
20/11/2023;07:20;VIA ROCCAZZO altezza del civico 85;0;C;38,120144;13,305769
20/11/2023;07:30;VIA ROCCAZZO altezza del civico 85;0;C;38,120144;13,305769
20/11/2023;07:35;VIA ROCCAZZO altezza del civico 85;0;C;38,120144;13,305769
20/11/2023;08:00;PIAZZA CAPONNETTO ANTONINO altezza Staz. Sampolo;0;C;38,135128;13,357778
20/11/2023;08:20;VIA MESSINA MARINE altezza del civico 488;1;F;38,097397;13,418472
20/11/2023;10:50;VIA GERMANESE pressi ROT. ZARCONE;1;M;38,096998;13,382975
20/11/2023;11:00;VIA DELLA LIBERTA' in prossimit? di .;1;F;38,130484;13,351903
20/11/2023;16:30;VIA ADRIA GIAN GIACOMO intersezione VIA SIRAGUSA GIOVAN BATTISTA;0;C;38,125079;13,342184
20/11/2023;18:10;CORSO CALATAFIMI altezza del civico 616;1;F;38,100482;13,323867
20/11/2023;19:25;VIA UGDULENA GREGORIO intersezione con VIA DE AMICIS EDMONDO;1;F;38,140502;13,347085
20/11/2023;22:50;VIA IMERA intersezione VIA LASCARIS COSTANTINO;0;C;38,117022;13,348855
21/11/2023;10:00;VIALE REGIONE SICILIANA in prossimit? di Pagliarelli;0;C;38,092095;13,341045
21/11/2023;10:30;VIA PIGNATELLI ARAGONA altezza del civico 7;0;C;38,120859;13,356588
21/11/2023;11:30;VIA CATALANO AGOSTINO nr. 28;1;F;38,103581;13,341109
21/11/2023;12:50;PIAZZA MONDELLO altezza (spec.) POINT AMAT;0;C;38,207527;13,326966
21/11/2023;13:30;VIALE REGIONE SICILIANA S.E. s.n.c.;1;F;38,09595;13,335822
21/11/2023;14:20;VIA GOETHE intersezione VIA CLUVERIO;1;F;38,12146;13,35057
21/11/2023;15:20;VIALE REGIONE SICILIANA S.E. altezza SVINC.E. BASILE;2;F;38,094505;13,337715
21/11/2023;15:35;VIA DELL'ORSA MINORE altezza del civico 102;1;F;38,094866;13,368159
21/11/2023;16:15;VIA TRABUCCO intersezione con VIALE REGIONE SICILIANA N.O.;0;C;38,155316;13,317829
21/11/2023;18:30;VIALE STRASBURGO di fronte RAI;1;F;38,150464;13,332128
22/11/2023;02:30;VIA SFERRACAVALLO intersezione con VIA TACITO;2;F;38,197874;13,276769
22/11/2023;09:37;VIA DI BLASI E. GIOVANNI altezza del civico 104/A;0;C;38,12304;13,322587
22/11/2023;12:05;VIA ROMA altezza del civico 320/A;1;F;38,120675;13,361596
22/11/2023;12:30;VIA PIANO DELL'UCCIARDONE a mt. 100 circa;2;F;38,132024;13,359737
22/11/2023;16:50;VIA ROMA altezza del civico 236;1;F;38,116936;13,363388
22/11/2023;17:15;VIA DANTE intersezione VIA GARZILLI NICCOLO';0;C;38,124396;13,353432
22/11/2023;17:50;VIALE REGIONE SICILIANA N.O. di fronte parch. Emiri;1;F;38,115989;13,329348
22/11/2023;18:55;VIA NICASTRO GUSTAVO AMM. intersezione con VIA BONANNO PIETRO;1;F;38,148239;13,357775
22/11/2023;19:20;VIA DUCA DELLA VERDURA altezza del civico 48;2;F;38,134873;13,354245
22/11/2023;20:45;VIA PITRE' GIUSEPPE pressi DISTR. Q8;0;C;38,109431;13,311013
22/11/2023;23:10;VIA BASILE ERNESTO di fronte posteggio AMAT;1;M;38,100223;13,347283
22/11/2023;23:30;VIA IMERA altezza CANTIERE;0;C;38,115278;13,349525
23/11/2023;01:00;CORSO CALATAFIMI altezza del civico 771;0;C;38,101997;13,327636
23/11/2023;02:30;VIA ROCCAZZO altezza via;0;C;38,121219;13,307137
23/11/2023;03:00;VIA ROMA intersezione con VIA CAVOUR CAMILLO;1;F;38,122019;13,36082
23/11/2023;07:00;VIA SAMPOLO altezza del civico 77/I;0;C;38,141605;13,350084
23/11/2023;08:00;VIA MARINAI D'ITALIA in prossimit? di MOLO PIAVE;1;F;38,127247;13,362473
23/11/2023;08:10;VIALE REGIONE SICILIANA altezza (spec.) belmonte;2;F;38,123882;13,329459
23/11/2023;08:30;VIA UGO ANTONIO intersezione VIA MIGNOSI GASPARE;1;F;38,110487;13,371984
23/11/2023;14:20;VIALE AZOTI NICOLO' altezza del civico 35;1;F;38,087042;13,364429
23/11/2023;14:30;VIA MESSINA MARINE altezza 411/a;0;C;38,102283;13,396205
23/11/2023;17:00;VIA SCIUTI GIUSEPPE intersezione VIA NOTARBARTOLO EMANUELE;1;F;38,13214;13,343461
23/11/2023;17:15;VIA MOSCATELLO PIETRO altezza del civico 5;0;C;38,142254;13,348596
23/11/2023;18:20;VIA SARDEGNA intersezione VIA NEBRODI(DEI);1;F;38,145098;13,332299
23/11/2023;19:00;VIA ROMA intersezione VIA MALTA;1;F;38,115895;13,363986
24/11/2023;07:10;VIA PAULSEN FEDERICO intersezione con VIA DEI FIORI;1;F;38,099563;13,325005
24/11/2023;07:35;VIA TOMMASO NATALE altezza del civico 88 A;1;F;38,180137;13,295006
24/11/2023;07:50;VIA GIAFAR EMIRO pressi 6/g;2;R;38,096551;13,389867
24/11/2023;09:05;VIA DI MARIA EUGENIO GEN. altezza del civico 5/C;0;C;38,127662;13,345083
24/11/2023;09:50;VIA CATANIA intersezione VIA CUSMANO GIACOMO;0;C;38,126793;13,346762
24/11/2023;11:20;VIALE REGIONE SICILIANA N.O. pressi P.LE J. LENNON;0;C;38,132115;13,330424
24/11/2023;12:00;VIA BELGIO intersezione SVINCOLO DI SALVO ROSARIO;0;C;38,149203;13,326496
24/11/2023;13:00;VIALE LEONARDO DA VINCI pressi 599;1;F;38,126869;13,31409
24/11/2023;13:15;VIA NOCE intersezione con VIA LANCIA DI BROLO DOMENICO;1;F;38,120778;13,336564
24/11/2023;15:00;VIALE CAMPANIA altezza del civico 46;0;C;38,145712;13,338169
24/11/2023;18:50;VIA ARIOSTO LUDOVICO intersezione con VIA LEOPARDI GIACOMO;1;F;38,134375;13,345823
25/11/2023;01:30;VIA SAMPOLO intersezione VIA ALESSI GIUSEPPE;0;C;38,140594;13,350996
25/11/2023;03:35;VIA PARTANNA MONDELLO intersezione con VIA MATOTTA;1;F;38,192951;13,302339
25/11/2023;09:45;VIALE DEL FANTE altezza (inters.) VIA CASSARA' ANTONINO;0;C;38,15225;13,340925
25/11/2023;10:00;VIA ANTIGONE di fronte al civico 91;0;C;38,19331;13,31176
25/11/2023;11:00;VIA CARDUCCI GIOSUE' altezza del civico 2;0;C;38,125382;13,354506
25/11/2023;11:00;VIA CARDUCCI GIOSUE' altezza del civico 2;0;C;38,125382;13,354506
25/11/2023;11:30;VIA RIZZO AMMIRAGLIO nr. 43;0;C;38,144217;13,363986
25/11/2023;12:00;VIA MORMINO IGNAZIO altezza del civico 39;0;C;38,175453;13,312303
25/11/2023;12:00;VIA RUSSO DOMENICO altezza del civico 12;0;C;38,097344;13,319953
25/11/2023;12:00;VIA GARZILLI NICCOLO' altezza del civico 26;0;C;38,125813;13,352542
25/11/2023;12:00;VIA CARDUCCI GIOSUE' altezza del civico 18;0;C;38,124897;13,353352
25/11/2023;12:30;VIALE STRASBURGO pressi VIA BELGIO;0;C;38,1517;13,331176
25/11/2023;13:00;VIA LA LUMIA ISIDORO nr. 7;0;C;38,126232;13,356641
25/11/2023;18:00;CORSO CALATAFIMI altezza del civico 179;2;R;38,110048;13,347527
25/11/2023;21:50;VIALE LEONARDO DA VINCI altezza a 20 metr;0;C;38,126644;13,308479
26/11/2023;14:20;VIA TOMMASO NATALE altezza MARCHET PAGHI P;2;R;38,178652;13,296233
26/11/2023;16:50;VIALE REGIONE SICILIANA altezza del civico 2278;0;C;38,124251;13,328929
26/11/2023;19:30;VIA MATTEI ENRICO intersezione VIA DUCROT VITTORIO;2;F;38,09271;13,39833
27/11/2023;01:50;CORSO DEI MILLE intersezione VIALE AMEDEO D'AOSTA;1;F;38,100565;13,383677
27/11/2023;07:25;VIALE REGIONE SICILIANA nr. 106;1;F;38,104153;13,330146
27/11/2023;08:50;VIALE REGIONE SICILIANA N.O. altezza del civico 2310;0;C;38,124497;13,328997
27/11/2023;09:30;VIA BERNINI GIAN LORENZO di fronte al civico 135;1;F;38,131919;13,328683
27/11/2023;12:00;VIA PITRE' GIUSEPPE nr. 14;1;F;38,110457;13,33316
27/11/2023;13:44;VIA BONANNO PIETRO altezza CAST. UTVEGGIO;1;F;38,156241;13,35743
27/11/2023;14:20;VIALE REGIONE SICILIANA N.O. intersezione VIA PITRE' GIUSEPPE;0;C;38,110506;13,329656
27/11/2023;14:30;VIA CASTELLANA in prossimit? di Via Erice;1;F;38,125926;13,291268
27/11/2023;15:15;ROTONDA BRASILE s.n.c.;0;C;38,13924;13,330949
27/11/2023;16:40;VIA GRASSO GIOVANNI intersezione VIA AVOLIO CORRADO;0;C;38,109909;13,359809
28/11/2023;12:00;VIALE DE GASPERI ALCIDE carr. laterale ALT. CIVICO 117;0;C;38,150081;13,334884
28/11/2023;12:50;VIALE DE GASPERI ALCIDE altezza del civico 237;0;C;38,148633;13,331726
28/11/2023;14:10;VIA MONGITORE ANTONINO intersezione con VIA CADORNA LUIGI GEN.;2;F;38,110296;13,357019
28/11/2023;18:00;VIA PITRE' GIUSEPPE nr. 146/a;1;F;38,110596;13,326633
28/11/2023;20:00;VIA PITRE' GIUSEPPE nr. 77/c;1;F;38,110416;13,336718
29/11/2023;08:00;VIA MONGITORE ANTONINO intersezione con VICOLO COLLUZIO;3;F;38,110664;13,357895
29/11/2023;11:20;VIA LA FARINA GIUSEPPE intersezione con VIA PRINCIPE DI VILLAFRANCA;1;F;38,128954;13,349689
29/11/2023;11:50;VIA TERRASANTA intersezione VIA NOTARBARTOLO EMANUELE;1;F;38,132141;13,343483
29/11/2023;12:15;VIA ATLANTE nr. 57;1;F;38,197798;13,313815
29/11/2023;13:30;VIALE REGIONE SICILIANA N.O. intersezione VIA TRABUCCO;2;F;38,155358;13,317855
29/11/2023;14:00;VIALE RIZZOTTO PLACIDO intersezione VIA CASARRUBEA GIUSEPPE;1;F;38,083395;13,365017
29/11/2023;20:20;VIALE MICHELANGELO intersezione VIA BERNINI GIAN LORENZO;1;F;38,137551;13,321641
29/11/2023;22:00;VIA DI GIORGIO ANTONINO GEN. intersezione VIA DELLA LIBERTA';5;F;38,143878;13,343208
30/11/2023;08:40;VIALE REGIONE SICILIANA S.E. altezza BABY LUNA CT;1;F;38,090554;13,343456
30/11/2023;10:00;VIA ROMA intersezione VIA PRINCIPE DI BELMONTE;1;F;38,124618;13,359007
30/11/2023;11:00;VIA SANTICELLI altezza (inters.) VIA MAIO BIONDO;1;F;38,088139;13,31524
30/11/2023;12:15;VIA CAVOUR CAMILLO intersezione con VIA PRINCIPE DI SCORDIA;1;F;38,122438;13,36233
30/11/2023;15:30;CORSO DEI MILLE altezza del civico 685;3;F;38,09972;13,38624
30/11/2023;16:50;VIA IMERA intersezione VIA ANTINORI ORAZIO;4;F;38,116457;13,349032
30/11/2023;17:50;VIALE REGIONE SICILIANA S.E. altezza PAGLIARELLI;0;C;38,092184;13,341256
30/11/2023;19:30;CORSO CALATAFIMI di fronte al civico 249/C;1;F;38,108263;13,343076
01/12/2023;01:30;VIALE REGIONE SICILIANA S.E. altezza TORRE BONAGIA;1;F;38,088526;13,367192
01/12/2023;11:00;VIALE REGIONE SICILIANA altezza (spec.) corleone d.ct;0;C;38,089905;13,344263
01/12/2023;12:34;VIA NIEVO IPPOLITO altezza del civico 15;0;C;38,090949;13,386211
01/12/2023;13:00;VIA BASILE ERNESTO di fronte al civico 148;1;F;38,102976;13,349253
01/12/2023;13:30;VIA GIAFAR EMIRO di fronte al civico 205;0;C;38,091411;13,385594
01/12/2023;14:35;VIA PORRAZZI intersezione con VIA MULE' GIUSEPPE;1;F;38,102557;13,334243
01/12/2023;14:40;VIA MORELLO NUNZIO altezza del civico 28;1;F;38,13319;13,3439
01/12/2023;15:00;VIA TERRASANTA intersezione VIA COSTANTINO;2;F;38,131287;13,344031
01/12/2023;18:20;VIA MAJALI GIULIANO altezza s.agata;1;F;38,109635;13,361605
01/12/2023;18:30;VIA ASTORINO GERARDO altezza del civico 8;0;C;38,163388;13,324784
01/12/2023;20:30;VIA CAMPOLO GIOVANNI nr. 16;1;F;38,128325;13,333068
02/12/2023;00:05;VIALE STRASBURGO altezza del civico 200;1;F;38,153614;13,329601
02/12/2023;01:05;VIALE GIULIANO BORIS altezza (inters.) VIA CUCCIA SIMONE;2;F;38,139565;13,342476
02/12/2023;02:05;VIA BRIUCCIA intersezione VIA AUSONIA;2;F;38,151783;13,332867
02/12/2023;19:15;VIALE STRASBURGO nr. 202;1;F;38,153615;13,329407
02/12/2023;23:40;VIA BASILE ERNESTO altezza (spec.) 1*ing universit;0;C;38,099648;13,346753
03/12/2023;00:01;VIA CALVI PASQUALE intersezione con VIA MANIN;1;F;38,130559;13,354775
03/12/2023;02:20;VIA NIGRA COSTANTINO intersezione VIA PRINCIPE DI VILLAFRANCA;2;F;38,129435;13,349399
03/12/2023;05:00;VIA RESUTTANA altezza (inters.) VIA SCANNASERPE;1;F;38,153841;13,333892
03/12/2023;08:25;FORO UMBERTO I altezza Palchetto music;0;C;38,116571;13,374174
03/12/2023;10:15;VIA NOCE intersezione con VIA GEREMIA PIETRO;2;F;38,12063;13,336866
03/12/2023;17:10;CORSO CALATAFIMI altezza (spec.) 1061;1;F;38,095147;13,310749
03/12/2023;22:50;VIALE LEONARDO DA VINCI altezza del civico 315;0;C;38,127294;13,323917
04/12/2023;01:00;VIALE AMEDEO D'AOSTA intersezione con CORSO DEI MILLE;0;C;38,100582;13,383771
04/12/2023;02:25;VIA ROMA intersezione con VIA STABILE MARIANO;1;F;38,123753;13,35958
04/12/2023;06:40;VIA RAPISARDI MARIO intersezione con VIA MORELLO NUNZIO;0;C;38,134068;13,343402
04/12/2023;08:25;VIALE REGIONE SICILIANA N.O. intersezione con VIA PLATANIA PIETRO;1;F;38,099205;13,332968
04/12/2023;09:15;VIA RIZZO AMMIRAGLIO nr. 67;2;F;38,143526;13,35935
04/12/2023;09:30;VIALE REGIONE SICILIANA S.E. altezza del civico 769;1;F;38,095491;13,336504
04/12/2023;11:10;PIAZZA VIRGILIO intersezione VIA DEL FERVORE;1;F;38,123911;13,348676
04/12/2023;11:15;VIA GOETHE altezza del civico 13;0;C;38,120573;13,350686
04/12/2023;12:00;PIAZZA VITTORIO VENETO intersezione VIA DELLA LIBERTA';0;C;38,145245;13,342359
04/12/2023;12:15;VIA PRINCIPE DI PATERNO' altezza (inters.) VIA SCIUTI GIUSEPPE;1;F;38,139055;13,339196
04/12/2023;16:45;VIALE CAVARRETTA intersezione con VIA DIANA;0;C;38,196761;13,315445
04/12/2023;16:50;VIA LA LOGGIA GAETANO altezza del civico 168;1;F;38,107381;13,333973
04/12/2023;17:00;VIALE MARCHESE DI VILLABIANCA intersezione VIA DUCA DELLA VERDURA;0;C;38,134368;13,352316
04/12/2023;17:40;VIA COLOMBA intersezione VIA SALAMONE MARINO SALVATORE;0;C;38,106468;13,357414
05/12/2023;00:05;PIAZZA CASTELNUOVO altezza del civico 68;0;C;38,124821;13,354935
05/12/2023;15:30;PIAZZETTA BRUNACCINI LUCREZIA s.n.c.;0;C;38,146967;13,343904
05/12/2023;20:30;VIA SERRADIFALCO intersezione con VIA PARISIO CATALDO;1;F;38,125973;13,338294
05/12/2023;22:30;VIALE MICHELANGELO intersezione VIA BERNINI GIAN LORENZO;0;C;38,137514;13,321678
06/12/2023;02:00;VIALE REGIONE SICILIANA N.O. altezza piazzale;0;C;38,132004;13,330428
06/12/2023;04:15;VIA BASILE ERNESTO altezza VIA ARTALE;0;C;38,10037;13,347426
06/12/2023;06:10;VIA CONTE FEDERICO pressi via C. Bonanno;1;F;38,081946;13,403696
06/12/2023;06:35;VIA RIZZO AMMIRAGLIO intersezione con VIA CASTELLANA BANDIERA;1;F;38,144074;13,363515
06/12/2023;09:15;CORSO ALBERTO AMEDEO s.n.c.;0;C;38,115757;13,351384
06/12/2023;10:30;VIA BALSAMO PAOLO altezza del civico .;0;C;38,110271;13,368372
06/12/2023;11:30;VIA LA MALFA UGO altezza del civico 7;1;F;38,157673;13,317773
06/12/2023;12:00;VIA PARLATORE FILIPPO intersezione con VIA ADRIA GIAN GIACOMO;1;F;38,125357;13,343504
06/12/2023;16:10;VIALE REGIONE SICILIANA N.O. altezza del civico 3757;1;F;38,1370116;13,330994
06/12/2023;16:25;VIALE REGIONE SICILIANA N.O. altezza del civico 1843;1;F;38,119823;13,328986
06/12/2023;20:00;VIALE REGIONE SICILIANA intersezione VIA DE SALIBA ANTONIO;0;C;38,132957;13,330584
06/12/2023;23:00;VIA PLAUTO s.n.c.;1;R;38,2012724;13,267837
07/12/2023;02:45;ROTONDA BRASILE altezza (spec.) michelangelo;1;F;38,1396838;13,330622
07/12/2023;07:15;PIAZZA EINSTEIN ALBERT s.n.c.;1;F;38,128746;13,32904403
07/12/2023;09:10;VIA BERNINI GIAN LORENZO altezza del civico 54A;1;F;38,1320043;13,3280261
07/12/2023;09:10;VIA CRISPI FRANCESCO intersezione VIA AMARI EMERICO;1;F;38,12707;13,362351
07/12/2023;10:10;VIA DELLA LIBERTA' intersezione VILLA NOTARBARTOLO;1;F;38,1336856;13,3497566
07/12/2023;10:20;VIALE REGIONE SICILIANA intersezione con VIA BIAGI ENZO;0;C;38,1555866;13,318234
07/12/2023;11:50;VIA ZAPPALA' GIOVANNI intersezione con VIA MONGERBINO;1;F;38,13995462;13,334887
07/12/2023;13:25;PIAZZA EINSTEIN ALBERT s.n.c.;0;C;38,128789;13,328915
07/12/2023;14:15;VIA CRISPI FRANCESCO altezza del civico 126;0;C;38,1258811;13,3630991
07/12/2023;15:25;VIALE DEL FANTE altezza (spec.) STADIO;0;C;38,15416;13,339591
07/12/2023;15:30;VIA CRISPI FRANCESCO altezza del civico 114;0;C;38,1256024;13,363215
07/12/2023;17:45;PIAZZA DON BOSCO altezza del civico 6;0;C;38,1445146;13,3451456
07/12/2023;21:30;VIA BASILE ERNESTO di fronte parheggio basil;2;R;38,097228;13,3451536
07/12/2023;23:30;PIAZZA TORRELUNGA intersezione VIA GIAFAR EMIRO;1;F;38,098823;13,391722
08/12/2023;01:00;VIA PATTI intersezione VIA ZAPPA GINO;2;F;38,1790667;13,314054
08/12/2023;03:00;VIA LANZA DI SCALEA GIUSEPPE intersezione VIA BESTA FABIO;0;C;38,17738258;13,3086653
08/12/2023;16:45;VIA ALEARDI ALEARDO intersezione VIA UDITORE;1;F;38,1269769;13,3284552
08/12/2023;17:00;VIA BAGOLINO SEBASTIANO intersezione VIA MARABITTI;1;F;38,1374083;13,361452
08/12/2023;22:00;VIALE REGIONE SICILIANA S.E. nr. 4251;0;C;38,128002;13,3299229
09/12/2023;02:00;PIAZZA NASCE' FRANCESCO intersezione con VIA SELLA QUINTINO;0;C;38,127597;13,356742
09/12/2023;09:20;VIA ROMA altezza del civico 487;1;F;38,1247672;13,3588543
09/12/2023;12:00;VIALE REGIONE SICILIANA S.E. carreggiata centrale -;1;F;38,090795;13,381711
09/12/2023;13:50;VIA DELLA LIBERTA' altezza del civico 165;0;C;38,13848057;13,3467156
09/12/2023;22:30;VIALE GIULIANO BORIS intersezione VIALE SCADUTO FRANCESCO;1;F;38,139553;13,342457
10/12/2023;00:10;VIA STABILE MARIANO intersezione con VIA WAGNER RICCARDO;0;C;38,1234148;13,3588349
10/12/2023;02:00;VIALE REGIONE SICILIANA N.O. altezza (inters.) VIA PRINCIPE DI PATERNO';2;M;38,1357839;13,3309944
10/12/2023;02:00;VIA DAITA GAETANO pressi N? CIVICO 30/A;0;C;38,1269197;13,3551853
10/12/2023;03:30;VIA CAVOUR CAMILLO altezza CAS. CANGELOSI;1;F;38,122491;13,363193
11/12/2023;01:00;VIA LAUDICINA ANTONINO intersezione con CORSO DEI MILLE;5;F;38,0925722;13,4098128
11/12/2023;03:45;VIALE LEONARDO DA VINCI nr. 518;1;F;38,1266;13,310639
11/12/2023;08:30;PIAZZA TOMMASO NATALE di fronte al civico 129;0;C;38,1899308;13,2855257
11/12/2023;10:30;VIA LAZZARO CARMELO pressi 13;0;C;38,10524;13,35591677
11/12/2023;11:45;CORSO FINOCCHIARO APRILE CAMILLO altezza del civico 131;0;C;38,118571;13,347447
11/12/2023;11:50;VIALE REGIONE SICILIANA altezza PAGLIARELLI;0;C;38,0920667;13,3412568
11/12/2023;12:35;VIA ROCCELLA GUSTAVO altezza del civico 37;2;F;38,1010423;13,351553
11/12/2023;16:24;VIALE ERCOLE intersezione con VIALE DIANA;2;F;38,1502506;13,348711
11/12/2023;17:00;VIALE REGIONE SICILIANA N.O. altezza SOTT. EINSTEIN;1;F;38,128949;13,329768
11/12/2023;17:30;VIALE REGIONE SICILIANA S.E. carr. centrale dir CT altORETO;1;F;38,090715;13,377573
11/12/2023;18:30;VIALE DE GASPERI ALCIDE intersezione con VIA NEBRODI(DEI);0;C;38,1480937;13,330412
11/12/2023;19:00;VIALE REGIONE SICILIANA N.O. pressi EINSTEIN;0;C;38,1288903;13,328915
11/12/2023;19:00;VIALE REGIONE SICILIANA N.O. pressi P.LE A EINSTEIN;0;C;38,1287721;13,328979
11/12/2023;22:40;VIA ROMA altezza del civico 475;1;F;38,1238782;13,359589
12/12/2023;00:05;VIA PETRALIA SOTTANA altezza del civico 6;0;C;38,11586005;13,328094
12/12/2023;04:00;VIA DELLA LIBERTA' intersezione VIA DI GIORGIO ANTONINO GEN.;1;F;38,1438821;13,3432089
12/12/2023;07:55;VIA ORETO altezza del civico 93;1;F;38,1074417;13,3667928
12/12/2023;08:00;VIA GIACHERY CARLO s.n.c.;1;F;38,13517956;13,358797
12/12/2023;10:50;VIALE MARCHESE DI VILLABIANCA intersezione con VIA BALDISSERA ANTONIO GEN.;1;F;38,137227;13,350474
12/12/2023;14:35;VIALE REGIONE SICILIANA S.E. altezza rotonda Oreto;1;F;38,0905251;13,376913
12/12/2023;20:00;CORSO PISANI PIETRO altezza del civico 96;0;C;38,1079517;13,348607
12/12/2023;20:10;VIA ORETO intersezione VIA SACHELI CALOGERO ANGELO;0;C;38,097184;13,3734364
13/12/2023;04:00;VIA LANZA DI SCALEA GIUSEPPE altezza CONCA D'ORO;0;C;38,1809755;13,3058444
13/12/2023;06:20;LARGO LA GRUTTA GIUSEPPE intersezione CORSO RE RUGGERO;1;F;38,108737;13,354202
13/12/2023;07:45;VIA OLIVERI MANDALA' EMANUELE intersezione VIA AL SANTUARIO DI CRUILLAS;1;F;38,1402886;13,3278676
13/12/2023;07:50;VIA PITRE' GIUSEPPE altezza 260;1;F;38,11007677;13,318972
13/12/2023;11:25;VIA DI GIORGIO ANTONINO GEN. intersezione con VIALE LAZIO;1;F;38,14385473;13,343227
13/12/2023;12:40;PIAZZA EINSTEIN ALBERT pressi lato monte;1;F;38,1286877;13,328861
13/12/2023;13:30;CORSO DEI MILLE altezza del civico 476;1;F;38,10184802;13,3813377
13/12/2023;14:05;VIA CRISPI FRANCESCO altezza molo Amari;1;F;38,1269728;13,3626071
13/12/2023;14:35;VIA ROCCELLA GUSTAVO intersezione VIA MARINI FILIPPO;0;C;38,10042536;13,3513685
13/12/2023;19:40;VIA ALESSI GIUSEPPE altezza del civico 8;1;F;38,1399798;13,3493124
13/12/2023;23:00;VIA IMPERATORE FEDERICO intersezione con PIAZZA LEONI;1;F;38,1448694;13,346316
14/12/2023;00:06;VIA GIOTTO altezza del civico 45;0;C;38,1308047;13,3330287
14/12/2023;02:25;VIALE MICHELANGELO intersezione VIA DEMMA ANTONINO;0;C;38,1309313;13,3036771
14/12/2023;09:59;PIAZZA ORLANDO VITTORIO EMANUELE di fronte al civico 41;1;F;38,11928554;13,3507644
14/12/2023;10:45;PIAZZA ORLANDO VITTORIO EMANUELE di fronte al civico 41;0;C;38,1192676;13,3507805
14/12/2023;13:30;VIA BASILE ERNESTO altezza del civico 228;5;F;38,0959066;13,3429632
14/12/2023;14:10;VIA MESSINA MARINE altezza del civico 193;1;F;38,106733;13,384441
14/12/2023;16:15;VIA DI GIOVANNI FILIPPO altezza (inters.) VIA DEI QUARTIERI;0;C;38,1628002;13,3286073
14/12/2023;18:20;ROTONDA BRASILE intersezione VIALE REGIONE SICILIANA;0;C;38,1392834;13,330869
14/12/2023;18:30;VIA SARULLO LUIGI in prossimit? di civico13;1;F;38,124443;13,302727
14/12/2023;19:00;VIA DELL'ORSA MINORE in prossimit? di civico132;1;F;38,0943185;13,3671831
14/12/2023;20:40;PIAZZA INGASTONE di fronte chiesa;1;F;38,1151178;13,3460151
15/12/2023;00:01;VIA DAITA GAETANO altezza del civico 15;0;C;38,1260409;13,3557764
15/12/2023;02:00;VIA S.LORENZO altezza viaResurrezione;1;F;38,1643461;13,319003
15/12/2023;02:30;VIALE REGIONE SICILIANA intersezione con VIA TRABUCCO;0;C;38,1553636;13,3178223
15/12/2023;07:30;VIALE LAZIO intersezione VIALE DELLE ALPI;0;C;38,1412214;13,3351197
15/12/2023;12:00;VIA SIRIO altezza del civico 22;2;F;38,0924707;13,363279
15/12/2023;13:44;VIALE STRASBURGO intersezione con VIALE DE GASPERI ALCIDE;0;C;38,1490839;13,3329635
15/12/2023;16:00;VIA SAMPOLO di fronte al civico 168;1;F;38,1373966;13,354097
16/12/2023;03:30;VIA DEI CANTIERI intersezione VIA BARCA AMILCARE;0;C;38,137154;13,363557
16/12/2023;13:30;VIA NENNI PIETRO di fronte al civico 67/A;0;C;38,15376026;13,321313
16/12/2023;14:40;VIALE REGIONE SICILIANA S.E. altezza TRIONFANTE ANT.;1;F;38,096075;13,335925
16/12/2023;15:00;VIA CALVI PASQUALE intersezione VIA ALBANESE ENRICO;0;C;38,1301589;13,355061
16/12/2023;16:30;VIA LAUDICINA ANTONINO altezza (spec.) CONAD SUPERS;2;F;38,0964559;13,412749
17/12/2023;01:10;VIALE REGIONE SICILIANA S.E. altezza (inters.) VIA ORETO;1;F;38,0911727;13,377302
17/12/2023;03:00;VIA LATINI BRUNETTO altezza (spec.) civ.6;1;F;38,1228047;13,3505421
17/12/2023;03:10;VIA MODICA intersezione VIA TINDARI;0;C;38,129122;13,299039
17/12/2023;03:50;VIA CAVOUR CAMILLO altezza del civico 53A;1;F;38,12241993;13,3624501
17/12/2023;07:00;VIA ORETO di fronte al civico 320B;1;F;38,10278703;13,3698012
17/12/2023;10:30;VIA ALTARELLO altezza del civico 186;2;F;38,1095703;13,31727
17/12/2023;16:30;VIA FERRUZZA ENRICO di fronte al civico 3;2;F;38,09160664;13,4073714
17/12/2023;17:35;PIAZZA DON BOSCO intersezione VIA IMPERATORE FEDERICO;1;F;38,14485757;13,3462994
17/12/2023;21:50;PIAZZA GIULIO CESARE altezza del civico 27;1;F;38,11010483;13,366505
17/12/2023;23:30;VIA INGRASSIA GIAN FILIPPO intersezione CORSO DEI MILLE;1;F;38,1089566;13,370821
18/12/2023;00:10;VIALE REGIONE SICILIANA N.O. carreggiata centrale -;2;F;38,1194261;13,3284968
18/12/2023;07:30;VIALE REGIONE SICILIANA N.O. s.n.c.;0;C;38,10895036;13,330043
18/12/2023;07:30;VIA ALTOFONTE intersezione con VIA BACHELET VITTORIO;1;F;38,0836807;13,3276954
18/12/2023;08:00;VIA BESIO GIACOMO nr. 28;0;C;38,1381857;13,309541
18/12/2023;10:27;VIA PITRE' GIUSEPPE altezza del civico 20;0;C;38,1104791;13,3325008
18/12/2023;10:45;PIAZZA GIULIO CESARE di fronte al civico 17;1;F;38,1109155;13,36705
18/12/2023;11:00;VIALE DELLE ALPI intersezione VIA MARCHE;0;C;38,143577;13,3329922
18/12/2023;14:20;VIA PANASCIA PIETRO VALDO intersezione VIA TURATI FILIPPO;0;C;38,12567145;13,356993
18/12/2023;18:15;VIA DUCA DELLA VERDURA altezza alberico gentil;2;F;38,1338459;13,350269
18/12/2023;20:20;VIA CESALPINO ANDREA altezza del civico 26;1;F;38,1015517;13,354185
18/12/2023;20:30;VIA CRUILLAS altezza del civico 54;0;C;38,1416612;13,325666
19/12/2023;06:30;VIA BONANNO PIETRO altezza (spec.) 8 tornante;2;F;38,15412902;13,362029
19/12/2023;08:40;CORSO CALATAFIMI intersezione VIA CHINNICI DOMENICO GEN.;1;F;38,099582;13,321676
19/12/2023;08:50;VIA GIAFAR EMIRO altezza (spec.) 45;1;F;38,0968654;13,39010517
19/12/2023;09:50;VIA CAMPOLO GIOVANNI altezza del civico 34;1;F;38,1288319;13,335827
19/12/2023;12:30;VIA TASCA LANZA di fronte al civico 50;1;F;38,11107;13,3295008
19/12/2023;14:15;VIA ARCHIMEDE altezza del civico 104;1;F;38,1295029;13,3567159
19/12/2023;14:15;VIA ALCIONE intersezione con VIA CARNEVALE SALVATORE;1;F;38,0891749;13,356173
19/12/2023;14:35;VIALE REGIONE SICILIANA N.O. altezza 1571;0;C;38,117242;13,329233
19/12/2023;15:45;VIA ROMA altezza del civico 519;0;C;38,1256334;13,358305
19/12/2023;17:40;VIA FAVIER PROSPERO di fronte al civico 10;1;F;38,096426;13,3918968
19/12/2023;18:00;VIALE REGIONE SICILIANA altezza del civico 515;1;F;38,0991103;13,3324062
20/12/2023;00:30;VIA BASILE ERNESTO altezza Rampa;1;F;38,0942576;13,3395149
20/12/2023;07:30;VIALE EMILIA altezza del civico 81;0;C;38,14730662;13,3405655
20/12/2023;14:45;VICOLO PARISI (CRUILLAS) altezza del civico 8;0;C;38,1451391;13,32042918
20/12/2023;16:00;PIAZZA CASTELFORTE altezza del civico 4;1;F;38,1889899;13,322662
20/12/2023;17:15;VIA ASSORO altezza del civico 25;2;F;38,1316551;13,3015658
20/12/2023;18:00;VIA PAULSEN FEDERICO intersezione con VIA DEI FIORI;1;F;38,09954728;13,325011
20/12/2023;18:10;VIA DANTE intersezione VIA SAMMARTINO;0;C;38,1237392;13,350655
20/12/2023;18:45;VIA DELLA LIBERTA' intersezione con VIA NOTARBARTOLO EMANUELE;0;C;38,1337281;13,349782
20/12/2023;19:15;VIA DELLA LIBERTA' intersezione VIA ARIMONDI GIUSEPPE GEN.;1;F;38,13564537;13,34856573
21/12/2023;08:45;VIA CASALINI nr. 92;1;F;38,1274328;13,3136413
21/12/2023;12:00;VIALE REGIONE SICILIANA N.O. altezza civ 2250;1;F;38,1240261;13,329005
21/12/2023;13:15;VIALE REGIONE SICILIANA S.E. altezza (inters.) VIA DELLE ANTILLE;1;F;38,09874759;13,332675
21/12/2023;17:30;VIA CALA pressi P.ZA FONDERIA;0;C;38,1190977;13,366816
21/12/2023;19:00;VIA DUCA DELLA VERDURA intersezione VIA NOTARBARTOLO EMANUELE;0;C;38,1337669;13,34976231
21/12/2023;21:45;VIA PRINCIPE DI PATERNO' intersezione con VIA DI MARCO DOMENICO;1;F;38,14099921;13,34396084
22/12/2023;06:30;VIALE REGIONE SICILIANA S.E. di fronte al civico 4343;0;C;38,1280295;13,32988
22/12/2023;07:55;VIA PAGANO GIUSEPPE altezza del civico 104;0;C;38,1058914;13,33336488
22/12/2023;08:15;VIA TASCA LANZA altezza del civico 474;0;C;38,107752;13,329887
22/12/2023;08:30;VIA TASCA LANZA altezza del civico 474;0;C;38,1077436;13,329769
22/12/2023;11:45;VIA GIAFAR EMIRO intersezione PIAZZA TORRELUNGA;0;C;38,09883616;13,3917598
22/12/2023;13:40;VIA MADDALENA UMBERTO altezza del civico 33;1;F;38,0992435;13,3099111
22/12/2023;15:15;VIA GUTTADAURO EMANUELE altezza del civico 24;0;C;38,14195319;13,351415
22/12/2023;15:20;VIA NEBRODI(DEI) altezza del civico 69;1;F;38,1535899;13,3270365
22/12/2023;16:00;VIALE DELLE ALPI altezza del civico 12;1;F;38,1395426;13,3367852
22/12/2023;16:45;VIALE REGIONE SICILIANA altezza tecnovood;0;C;38,1006668;13,3309745
22/12/2023;21:30;VIALE STRASBURGO altezza via ingegneros;2;F;38,1579891;13,325404
23/12/2023;00:20;VIALE DE MAURO MAURO altezza ROT. CASTELLANA;0;C;38,1261172;13,3024032
23/12/2023;01:30;VIALE LEONARDO DA VINCI altezza del civico 222;1;F;38,12739175;13,3244529
23/12/2023;02:55;VIA S.LORENZO altezza del civico 326/328;2;F;38,169333;13,3069025
23/12/2023;03:00;VIA CALA in prossimit? di Mercato Ittico;0;C;38,12078;13,366302
23/12/2023;09:45;VIALE REGIONE SICILIANA S.E. altezza del civico 3290 -3380;1;F;38,1281443;13,329747
23/12/2023;13:10;PIAZZA CASTELNUOVO altezza (spec.) civ. 44;0;C;38,1246351;13,354224
23/12/2023;14:20;PIAZZA FONDERIA s.n.c.;0;C;38,1192602;13,366164
23/12/2023;16:30;PIAZZA PRINCIPE DI CAMPOREALE intersezione con VIA OBERDAN GUGLIELMO;2;F;38,11887675;13,3420005
23/12/2023;17:40;VIA ACI in prossimit? di via U.R. 10;0;C;38,1281956;13,318701
23/12/2023;18:10;VIA BADIA altezza del civico 86;2;F;38,138387;13,317159
23/12/2023;18:30;VIA CORDOVA FILIPPO di fronte al civico 52;0;C;38,1417726;13,347931
23/12/2023;20:30;VIALE REGIONE SICILIANA S.E. altezza del civico 3600;0;C;38,1280853;13,3298123
23/12/2023;20:30;VIA MOZIA altezza del civico 10;1;F;38,13135815;13,298055
24/12/2023;04:38;VIA LATINI BRUNETTO nr. 24;1;F;38,1230954;13,35008
24/12/2023;05:30;VIALE MICHELANGELO altezza (inters.) ROTONDA BRASILE;2;M;38,1402858;13,3308027
25/12/2023;00:30;VIALE REGIONE SICILIANA N.O. in prossimit? di V. DE SALIBA TP;1;F;38,1328761;13,330555
25/12/2023;01:00;CORSO CALATAFIMI di fronte al civico 823;0;C;38,1014398;13,3262502
25/12/2023;23:50;VIALE DEL FANTE altezza del civico 56;0;C;38,148699;13,3424281
26/12/2023;03:10;VIA PATTI intersezione VIALE PERTINI SANDRO;4;R;38,174959;13,315869
26/12/2023;06:35;VIALE STRASBURGO altezza del civico 125;0;C;38,1529876;13,3303451
26/12/2023;11:00;VIALE REGIONE SICILIANA N.O. altezza (spec.) P.LE J.LENNON;1;F;38,1320556;13,330407
26/12/2023;12:10;PIAZZA EINSTEIN ALBERT altezza MOTEL AGIP;1;F;38,1277847;13,32929
26/12/2023;18:00;VIA BRASCA altezza Levantino;0;C;38,089255;13,3838011
26/12/2023;18:10;VIA LUSSEMBURGO intersezione con VIA OLANDA;1;F;38,152669;13,330269
26/12/2023;21:10;VIA NENNI PIETRO s.n.c.;1;F;38,15224527;13,322775
26/12/2023;23:15;VIALE LEONARDO DA VINCI intersezione VIA RUGGERI LEONARDO;1;F;38,126811;13,318273
26/12/2023;23:50;VIA BERGAMO intersezione con VIA MARINUZZI ANTONIO;1;F;38,1059949;13,365048
27/12/2023;08:15;VIA CRISPI FRANCESCO altezza del civico 5;1;F;38,121139;13,366057
27/12/2023;09:30;CORSO DEI MILLE altezza del civico 644;1;F;38,1020171;13,38082
27/12/2023;13:10;VIA DELLA LIBERTA' intersezione con PIAZZA MORDINI ANTONIO;1;F;38,13004;13,352212
27/12/2023;14:00;VIALE REGIONE SICILIANA N.O. intersezione VIA DE SANCTIS FRANCESCO;1;F;38,123807;13,3294803
27/12/2023;14:20;VIA GUARINO AMELLA GIOVANNI intersezione PIAZZA CASTELNUOVO;0;C;38,1240031;13,3543769
27/12/2023;15:30;VIA TOSCANA intersezione con VIA LIGURIA;1;F;38,1442595;13,337054
27/12/2023;16:00;VIA ROMA intersezione PIAZZA GIULIO CESARE;1;F;38,11095122;13,366432
27/12/2023;16:00;VIA PADRE GIORDANO CASCINI s.n.c.;2;F;38,1722476;13,3560403
28/12/2023;00:05;VIA GRASSO GIOVANNI altezza del civico 13/C;0;C;38,110585;13,361502
28/12/2023;00:30;VIA DONIZETTI GAETANO intersezione con PIAZZA VERDI GIUSEPPE;0;C;38,119736;13,357459
28/12/2023;01:00;VIA ARIOSTO LUDOVICO nr. 28/V;0;C;38,1340337;13,344946
28/12/2023;07:45;VIA D'AZEGLIO MASSIMO nr. 2/C;0;C;38,1407531;13,346917
28/12/2023;12:30;VIA PAZIENZA altezza del civico 33A;2;F;38,2010836;13,3193118
28/12/2023;13:00;VIA BASILE ERNESTO di fronte via lodato;1;F;38,1077392;13,355367
28/12/2023;18:00;VIA SAVONAROLA GIROLAMO intersezione VIA DI BLASI E. GIOVANNI;0;C;38,12327503;13,3207619
28/12/2023;19:30;VIA CAPPUCCINI di fronte al civico 132;1;F;38,1107248;13,342913
28/12/2023;20:30;VIA ZISA di fronte al civico 128;0;C;38,1157974;13,3414693
29/12/2023;12:10;VIA NINA SICILIANA intersezione con VIA PERPIGNANO;1;R;38,119125;13,331414
29/12/2023;13:20;VIA DEL VESPRO intersezione con PIAZZETTA MONTALCINI RITA LEVI;1;F;38,1025044;13,361924
29/12/2023;17:35;VIA IMPERATORE FEDERICO intersezione PIAZZA DON BOSCO;1;F;38,144871;13,3463332
29/12/2023;21:10;VIALE PIEMONTE intersezione VIALE LAZIO;1;F;38,1429318;13,340379
29/12/2023;23:00;VIA DI GIORGIO ANTONINO GEN. intersezione con VIA DELLA LIBERTA';1;F;38,1438742;13,3432132
30/12/2023;02:50;VIA SCIUTI GIUSEPPE altezza del civico 93;0;C;38,14019472;13,338531
30/12/2023;13:00;VIALE REGIONE SICILIANA N.O. carr. centrale alt. 2176;0;C;38,12314694;13,328799
30/12/2023;13:40;VIA CADORNA LUIGI GEN. intersezione VIA MONGITORE ANTONINO;2;F;38,1100006;13,356261
30/12/2023;14:00;PIAZZA VIGILI DEL FUOCO intersezione VIA PECORAINO FILIPPO;1;F;38,0926666;13,40672157
30/12/2023;15:55;VIALE REGIONE SICILIANA S.E. carreggiata centrale PONTE CORLEONE;2;F;38,0901414;13,3440596
30/12/2023;19:30;VIA PATTI altezza del civico 97/d;0;C;38,17362421;13,31683
31/12/2023;01:45;VIALE MICHELANGELO di fronte al civico 1938;0;C;38,13308108;13,30941925
31/12/2023;07:00;VIA LINCOLN altezza ORTO BOTANICO;1;F;38,1136908;13,372891
31/12/2023;12:20;VIA EUGENIO L'EMIRO altezza (inters.) VIA ARISTIPPO ENRICO;1;F;38,1141214;13,3369528
31/12/2023;16:15;STRADA STATALE 624 s.n.c.;1;F;38,0843018;13,32820793
31/12/2023;18:30;VIA IMPERATORE FEDERICO intersezione con VIA SAMPOLO;1;F;38,1448634;13,3463956
