{"type":"Topology","arcs":[[[25223,38900],[50,-33]],[[25273,38867],[-3,-47]],[[25270,38820],[-30,-27]],[[25240,38793],[-28,20]],[[25212,38813],[-2,3]],[[25210,38816],[-1,30]],[[25209,38846],[11,31],[-12,24]],[[25208,38901],[15,-1]],[[25240,38793],[-1,-12],[-21,-9],[-12,28],[6,13]],[[25109,38846],[58,-44]],[[25167,38802],[10,-53],[-20,-34]],[[25157,38715],[-51,-24],[-15,-75]],[[25091,38616],[-79,-22]],[[25012,38594],[-52,45]],[[24960,38639],[-43,93],[-7,86]],[[24910,38818],[2,48]],[[24912,38866],[70,-28],[127,8]],[[25040,38775],[5,-27],[31,-9],[20,41],[-24,15],[-32,-20]],[[25188,39028],[57,-88],[63,-2]],[[25308,38938],[-35,-71]],[[25223,38900],[-2,33],[-28,22],[-3,-53]],[[25190,38902],[-40,-2]],[[25150,38900],[-32,74],[-31,10],[8,18]],[[25095,39002],[22,27],[71,-1]],[[25190,38900],[-3,-32],[22,-22]],[[25210,38816],[-43,-14]],[[25109,38846],[5,34],[36,20]],[[25190,38902],[0,-2]],[[25402,38837],[-34,-2],[-36,-54],[-35,4]],[[25297,38785],[-27,35]],[[25308,38938],[30,34]],[[25338,38972],[50,-11],[15,37]],[[25403,38998],[4,-38],[-7,-62],[12,-32],[-10,-29]],[[24912,38866],[-11,39]],[[24901,38905],[9,43]],[[24910,38948],[83,9],[25,53],[42,11]],[[25060,39021],[35,-19]],[[25297,38785],[47,-135]],[[25344,38650],[-16,-37],[-47,19]],[[25281,38632],[-124,83]],[[25281,38632],[-90,-100]],[[25191,38532],[-75,31],[-25,53]],[[24613,39119],[-45,-2]],[[24568,39117],[2,28],[18,7],[25,-33]],[[30958,35227],[-6,-63],[-50,-29],[-15,-21],[-53,-78],[60,-49],[116,-229]],[[31010,34758],[-24,-2],[-139,-19],[-31,22],[-25,18],[-40,40],[-73,-1]],[[30678,34816],[-38,48],[-19,97],[3,26],[9,28],[-57,99],[-16,29]],[[30560,35143],[-34,53],[-8,76]],[[30518,35272],[171,19]],[[30689,35291],[53,12],[64,-44],[152,-32]],[[30514,35308],[4,-36]],[[30560,35143],[-36,-29],[-123,-99],[-7,-28],[-17,-76]],[[30377,34911],[-55,21],[-33,55],[-17,127],[-10,80]],[[30262,35194],[19,7],[42,11],[51,78]],[[30374,35290],[52,41],[88,-23]],[[30678,34816],[-27,-39],[-11,-9]],[[30640,34768],[-27,-9],[-105,-32]],[[30508,34727],[-8,32],[-22,92],[-95,31]],[[30383,34882],[-6,29]],[[30383,34882],[-29,-96],[-73,46],[-45,-26],[-58,60],[-83,-36]],[[30095,34830],[-85,58],[17,99],[8,42],[-48,36],[-4,49],[-4,58]],[[29979,35172],[3,6]],[[29982,35178],[204,21]],[[30186,35199],[76,-5]],[[29395,35060],[-44,54],[-36,44]],[[29315,35158],[79,75],[27,3],[76,-27],[-17,-95],[19,-93],[-104,39]],[[29437,35404],[50,-81],[140,27]],[[29627,35350],[57,-76],[13,-71],[71,-24]],[[29768,35179],[-3,-41],[15,-24],[12,-19],[-12,-24]],[[29780,35071],[-65,33],[-91,-29],[20,-88],[-20,-56],[-44,-43],[-21,-21]],[[29559,34867],[-94,-46]],[[29465,34821],[-53,67],[2,54],[-42,32]],[[29372,34974],[23,86]],[[29315,35158],[-105,97]],[[29210,35255],[88,167]],[[29298,35422],[59,-43],[80,25]],[[29662,34588],[-5,-83]],[[29657,34505],[-11,-36],[-137,-44]],[[29509,34425],[-238,-20]],[[29271,34405],[14,99]],[[29285,34504],[8,56],[1,26],[1,39],[-38,134],[-6,21]],[[29251,34780],[27,31],[187,10]],[[29559,34867],[7,-108],[1,-77],[95,-94]],[[29372,34974],[-130,2],[-14,11],[-73,121],[-18,6],[-24,9]],[[29113,35123],[-7,97]],[[29106,35220],[25,24]],[[29131,35244],[79,11]],[[29251,34780],[-122,73]],[[29129,34853],[-21,35],[-30,50]],[[29078,34938],[39,49],[19,23],[-21,104],[-2,9]],[[30095,34830],[-13,-53],[-9,-18],[-22,-49]],[[30051,34710],[-17,-11],[-32,-45]],[[30002,34654],[-23,14],[-57,-56],[-34,90],[-102,32]],[[29786,34734],[4,25],[17,116],[-16,112],[-11,84]],[[29768,35179],[50,19],[73,-39],[88,13]],[[30508,34727],[-9,-48],[-57,-22],[-3,-48]],[[30439,34609],[-91,-2],[6,-21],[8,-26],[14,-45],[-3,-63],[-19,-37],[-54,-20]],[[30300,34395],[-38,57],[-8,108],[-53,10],[-9,16],[-24,41],[-89,40],[-28,43]],[[29786,34734],[-50,-110],[-74,-36]],[[30038,34389],[-95,40],[-40,-12]],[[29903,34417],[-91,104],[-155,-16]],[[30002,34654],[0,-68],[0,-26],[-10,-34],[37,-42],[9,-95]],[[30300,34395],[-15,-7]],[[30285,34388],[-232,-24]],[[30053,34364],[-15,25]],[[23932,37265],[-5,-123]],[[23927,37142],[-62,-68],[-75,122]],[[23790,37196],[-108,12],[-96,-76]],[[23586,37132],[-32,3]],[[23554,37135],[6,30],[-27,25]],[[23533,37190],[25,77]],[[23558,37267],[92,108],[17,53]],[[23667,37428],[82,38],[27,-37]],[[23776,37429],[2,-33],[42,-38],[-35,-53],[18,-61],[49,-32],[80,53]],[[23827,37484],[25,19],[13,-4]],[[23865,37499],[4,-2]],[[23869,37497],[9,-39],[-10,-14],[-41,40]],[[23859,37415],[-25,-23],[-24,20],[21,42],[28,-39]],[[24917,39169],[21,38],[26,-19],[2,-33],[-49,14]],[[24827,39059],[43,7],[-3,-70],[-28,19],[-12,44]],[[24670,39203],[6,-113]],[[24676,39090],[-34,-17],[-29,46]],[[24568,39117],[-19,-35]],[[24549,39082],[-12,68]],[[24537,39150],[-8,42]],[[24529,39192],[59,21],[36,20],[46,-30]],[[24998,39281],[-138,-96]],[[24860,39185],[-42,-4],[-74,100]],[[24744,39281],[37,70]],[[24781,39351],[69,34]],[[24850,39385],[23,-47],[125,-57]],[[25027,39373],[46,-42],[7,-51]],[[25080,39280],[-55,-17]],[[25025,39263],[-27,18]],[[24850,39385],[36,53]],[[24886,39438],[60,9],[81,-74]],[[25165,39206],[-76,-116],[-45,-2]],[[25044,39088],[-40,88],[21,87]],[[25080,39280],[40,1]],[[25120,39281],[45,-75]],[[25025,39058],[35,-37]],[[24910,38948],[-14,95],[41,53]],[[24937,39096],[88,-38]],[[24676,39090],[16,-56]],[[24692,39034],[-35,-9],[15,-54]],[[24672,38971],[-84,-48],[-21,0]],[[24567,38923],[8,91],[-31,57]],[[24544,39071],[5,11]],[[24860,39185],[23,-56]],[[24883,39129],[-130,-88]],[[24753,39041],[-61,-7]],[[24670,39203],[36,19],[3,53],[35,6]],[[25044,39088],[-19,-30]],[[24937,39096],[-54,33]],[[24901,38905],[-49,-25],[-48,108],[-52,13],[1,40]],[[25182,38200],[-30,32],[21,78]],[[25173,38310],[23,-55],[-14,-55]],[[25054,37996],[43,22],[3,-53],[-40,13],[-6,18]],[[24954,37900],[11,39],[39,-13],[-23,-38],[-27,12]],[[24911,38021],[13,54],[19,2],[-1,-45],[-16,-25],[-15,14]],[[28477,34700],[-10,-17]],[[28467,34683],[-117,13]],[[28350,34696],[-2,63],[-1,22]],[[28347,34781],[4,83],[-58,24],[-61,24],[-9,75],[-5,36]],[[28218,35023],[83,49]],[[28301,35072],[65,-85],[74,-99],[36,-104],[0,-25],[1,-59]],[[28347,34781],[-23,-22],[-49,-47],[-56,25],[-103,-22],[-4,-35]],[[28112,34680],[-50,2]],[[28062,34682],[1,77],[1,53],[-19,76],[50,99],[50,97],[37,30],[2,2],[1,-2],[33,-91]],[[28350,34696],[-43,-66],[-90,-44],[0,-26],[1,-29]],[[28218,34531],[-42,-5],[-51,10]],[[28125,34536],[2,24],[2,26],[6,60],[-23,34]],[[28467,34683],[-14,-67],[5,-30],[4,-26],[3,-22]],[[28465,34538],[-28,-21],[22,-76],[-13,-48]],[[28446,34393],[-27,36],[-63,-19]],[[28356,34410],[-112,90]],[[28244,34500],[-26,31]],[[28244,34500],[-18,-33],[-50,-20],[-25,3],[-10,-74],[-30,-10]],[[28111,34366],[-30,55],[44,115]],[[28446,34393],[33,-124]],[[28479,34269],[-5,-29],[-60,-41],[9,-109],[-47,-21]],[[28376,34069],[-143,78]],[[28233,34147],[-7,4],[-61,98]],[[28165,34249],[191,161]],[[28165,34249],[-80,-30]],[[28085,34219],[26,147]],[[28560,34179],[49,-39]],[[28609,34140],[26,-131]],[[28635,34009],[-95,-147]],[[28540,33862],[-56,-148]],[[28484,33714],[-41,68],[-18,128]],[[28425,33910],[-8,90],[-41,69]],[[28479,34269],[23,-12],[24,-76],[34,-2]],[[28425,33910],[-56,-33],[-57,64],[-64,12]],[[28248,33953],[-53,142],[32,42],[6,10]],[[28248,33953],[-47,-51]],[[28201,33902],[-25,59],[-133,63]],[[28043,34024],[42,195]],[[28201,33902],[-4,-46],[55,-135],[98,-81],[28,-72]],[[28378,33568],[0,-46],[-25,-36],[-75,15]],[[28278,33501],[-8,92],[-38,83],[-164,166],[26,67],[-51,115]],[[28484,33714],[-56,-11],[-32,-43],[12,-105]],[[28408,33555],[-30,13]],[[27134,37755],[-72,-52]],[[27062,37703],[-53,56]],[[27009,37759],[32,103]],[[27041,37862],[16,13]],[[27057,37875],[83,-37],[-6,-83]],[[27309,38062],[-43,-161],[-79,-12],[-69,28],[-61,-42]],[[27041,37862],[-18,62],[24,70]],[[27047,37994],[32,28],[36,-13],[86,78],[47,-5],[29,41]],[[27277,38123],[32,-61]],[[27062,37703],[16,-133],[-15,-51],[-47,-12],[-63,-69]],[[26953,37438],[-40,-18]],[[26913,37420],[39,89],[-26,197],[46,35]],[[26972,37741],[37,18]],[[26747,38234],[-21,-124],[-55,-59],[18,-53]],[[26689,37998],[-41,-22],[0,-31]],[[26648,37945],[-44,-29]],[[26604,37916],[-103,-7],[-16,11]],[[26485,37920],[1,77],[-71,58],[-17,61]],[[26398,38116],[13,72]],[[26411,38188],[84,-32],[68,38],[-3,71]],[[26560,38265],[101,-15],[25,-40],[61,24]],[[24722,37807],[35,-76],[-45,-73]],[[24712,37658],[-18,-120]],[[24694,37538],[17,-41],[-22,-45],[-72,12]],[[24617,37464],[-23,103],[-16,15],[-45,23]],[[24533,37605],[-67,26]],[[24466,37631],[51,39],[-4,46]],[[24513,37716],[32,56],[33,4],[92,4],[31,32]],[[24701,37812],[21,-5]],[[24649,37647],[36,11],[18,42]],[[24703,37700],[-1,43],[-79,-23],[-10,-45],[36,-28]],[[24921,37428],[85,73],[27,-27],[-1,-44]],[[25032,37430],[-24,-96],[24,-44],[-6,-38]],[[25026,37252],[-80,50],[-38,-22],[-18,-63],[26,-36],[9,-70],[-21,-18],[-62,71],[-117,-35],[-44,95],[-41,10],[-18,-24],[-6,-120]],[[24616,37090],[-30,-36]],[[24586,37054],[-26,51],[0,94],[-24,80],[-113,0]],[[24423,37279],[1,59],[66,69]],[[24490,37407],[88,26],[39,31]],[[24694,37538],[44,5]],[[24738,37543],[82,-25],[22,-47],[79,-43]],[[24462,37880],[15,-4],[12,0]],[[24489,37876],[105,-6]],[[24594,37870],[62,-16],[45,-42]],[[24513,37716],[-49,135],[-44,34]],[[24420,37885],[42,-5]],[[24332,37587],[27,-22]],[[24359,37565],[-23,-4],[21,-35],[-6,-18]],[[24351,37508],[-38,8],[-44,-21]],[[24269,37495],[-50,-50],[-11,-51]],[[24208,37394],[-56,36],[17,81],[-32,127]],[[24137,37638],[148,20],[47,-71]],[[24510,37466],[-20,-59]],[[24423,37279],[-69,-28]],[[24354,37251],[-23,68]],[[24331,37319],[13,62]],[[24344,37381],[8,49]],[[24352,37430],[33,74]],[[24385,37504],[42,-35],[83,-3]],[[24533,37605],[-29,-82],[6,-57]],[[24385,37504],[-34,4]],[[24359,37565],[46,1],[22,34]],[[24427,37600],[39,31]],[[24344,37381],[-136,13]],[[24269,37495],[30,-14],[13,-59],[40,8]],[[24332,37587],[-1,59]],[[24331,37646],[96,-46]],[[24586,37054],[-44,-81],[3,-83],[-43,-22]],[[24502,36868],[-28,130],[-39,17]],[[24435,37015],[-86,84],[-2,92],[-25,18]],[[24322,37209],[32,42]],[[32452,30965],[5,21],[41,-35],[28,24],[21,49],[34,11],[59,-29],[24,17],[14,52],[-5,74],[24,-19],[166,-20],[58,15],[40,29],[27,0],[44,19],[50,33],[16,28],[39,9],[20,25],[67,34],[5,-22],[-32,-15],[-20,-31],[-43,-43],[-37,-23],[-37,-60],[-33,-4],[-20,-35],[3,-53],[45,-78],[-64,-41],[-28,20],[-27,-1],[-19,-23],[-13,-65],[-117,-60],[-37,3],[-47,-35],[-2,-40],[-23,-3],[-21,53],[-58,-14],[-71,35],[-30,34],[-5,39],[-25,35],[-1,51],[-15,39]],[[26326,39209],[11,17],[77,26],[53,-51],[-16,-48],[-37,8],[-24,-21],[-37,-10],[-27,47],[0,32]],[[26624,39442],[-4,-32],[5,-66],[74,-41],[1,-65],[23,-23]],[[26723,39215],[-10,-31],[36,-54],[-6,-51]],[[26743,39079],[-90,-64],[-9,-72],[-93,-35]],[[26551,38908],[-56,39],[-41,-52],[-128,17],[-172,-23]],[[26154,38889],[-3,55],[22,50],[-8,116],[-133,94]],[[26032,39204],[85,74],[244,95],[38,59]],[[26399,39432],[56,-10],[40,37],[68,26],[61,-43]],[[26551,38908],[-10,-93],[14,-34],[201,-117],[17,-86]],[[26773,38578],[-15,-22]],[[26758,38556],[-176,52],[-29,-116],[-58,-44],[-26,-69]],[[26469,38379],[-70,25],[-49,-37],[-78,17],[-93,97]],[[26179,38481],[-98,108]],[[26081,38589],[76,220],[-3,80]],[[26081,38589],[-46,7]],[[26035,38596],[-18,48],[-66,58]],[[25951,38702],[-63,82],[-66,19],[-54,65]],[[25768,38868],[2,24],[-15,12]],[[25755,38904],[-66,119]],[[25689,39023],[51,80]],[[25740,39103],[128,14],[55,50],[43,-4],[30,47]],[[25996,39210],[36,-6]],[[25607,39276],[-20,54]],[[25587,39330],[75,-61],[89,109]],[[25751,39378],[79,24],[45,-25]],[[25875,39377],[85,-39],[36,-128]],[[25740,39103],[-98,84]],[[25642,39187],[-35,89]],[[26401,39728],[30,-34],[13,-68]],[[26444,39626],[-82,-87],[1,-46],[36,-61]],[[25875,39377],[37,53],[152,73]],[[26064,39503],[51,53]],[[26115,39556],[60,1],[182,94],[-28,52],[13,31]],[[26342,39734],[59,-6]],[[26756,39583],[17,-133],[-66,-24],[-83,16]],[[26444,39626],[51,-21],[19,28]],[[26514,39633],[52,4],[29,72],[61,-14],[46,-100],[54,-12]],[[26950,39518],[97,-32],[-1,-33],[-44,-49],[109,-170]],[[27111,39234],[-34,6],[-87,-60],[-95,62],[-172,-27]],[[26756,39583],[89,-21],[85,-61],[20,17]],[[27188,38935],[-140,-10]],[[27048,38925],[-305,154]],[[27111,39234],[46,-15],[51,45]],[[27208,39264],[-39,-129],[2,-75],[26,-64],[-9,-61]],[[27048,38925],[-1,-35],[-50,-76],[3,-102],[-23,-66],[-204,-68]],[[27309,38758],[4,-99],[161,-132]],[[27474,38527],[-85,-23]],[[27389,38504],[-76,23],[-79,-130]],[[27234,38397],[-19,51],[-111,52],[-91,-39],[-183,65]],[[26830,38526],[-72,30]],[[27188,38935],[15,-102],[30,37],[76,-112]],[[27400,39295],[-59,-64],[-26,-151],[97,-15],[154,-163]],[[27566,38902],[-257,-144]],[[27208,39264],[45,38],[-37,76],[7,24]],[[27223,39402],[177,-107]],[[27732,38824],[-28,-44]],[[27704,38780],[-52,-29],[-34,-117],[-144,-107]],[[27566,38902],[121,-26],[45,-52]],[[27607,39191],[99,-75],[85,-10]],[[27791,39106],[13,-88],[63,-50],[17,-78]],[[27884,38890],[-94,-11],[-58,-55]],[[27400,39295],[103,17],[2,-40],[-29,-40],[66,-83],[65,42]],[[24615,38523],[24,-40]],[[24639,38483],[-51,-38],[-21,2]],[[24567,38447],[-13,26]],[[24554,38473],[34,53],[27,-3]],[[24567,38447],[21,-57]],[[24588,38390],[-12,-2]],[[24576,38388],[-123,-44]],[[24453,38344],[30,109],[-18,32]],[[24465,38485],[43,49]],[[24508,38534],[46,-61]],[[24703,38472],[27,-118]],[[24730,38354],[-142,36]],[[24639,38483],[64,-11]],[[24868,38457],[-15,-52]],[[24853,38405],[-122,-52]],[[24731,38353],[-1,1]],[[24703,38472],[42,11]],[[24745,38483],[123,-26]],[[24508,38534],[-18,92]],[[24490,38626],[178,2]],[[24668,38628],[-53,-105]],[[24768,38587],[19,-63],[-42,-41]],[[24668,38628],[34,22]],[[24702,38650],[66,-63]],[[24570,38711],[7,10],[11,-9],[30,-17],[12,-21],[-42,-16],[-18,53]],[[24711,38666],[-9,-16]],[[24490,38626],[0,13]],[[24490,38639],[-20,74]],[[24470,38713],[79,54]],[[24549,38767],[39,19],[95,21]],[[24683,38807],[-5,-78],[-20,-27],[53,-36]],[[24823,38809],[-9,-49],[-103,-94]],[[24683,38807],[54,34]],[[24737,38841],[86,-32]],[[24960,38639],[-79,-15],[-55,-55],[-58,18]],[[24823,38809],[87,9]],[[24737,38841],[-28,22],[-4,85],[-33,23]],[[25016,38467],[22,-27]],[[25038,38440],[-31,-19],[-41,14],[1,-94]],[[24967,38341],[-16,-3]],[[24951,38338],[-98,67]],[[24868,38457],[71,26],[77,-16]],[[25012,38594],[4,-127]],[[24241,38492],[15,25],[34,-25],[11,-46],[-30,-22],[-5,38],[-25,30]],[[24286,38601],[21,50]],[[24307,38651],[62,-29],[-16,-40],[-67,19]],[[24490,38639],[-49,-17],[-57,-34],[-24,-80]],[[24360,38508],[-27,8]],[[24333,38516],[-53,80]],[[24280,38596],[6,5]],[[24307,38651],[25,93]],[[24332,38744],[18,18]],[[24350,38762],[7,4]],[[24357,38766],[113,-53]],[[24333,38516],[18,-57],[-20,-50]],[[24331,38409],[-64,-20]],[[24267,38389],[-89,63]],[[24178,38452],[93,136]],[[24271,38588],[9,8]],[[24404,38836],[50,21],[8,-29],[-24,-26],[-25,-2],[-9,36]],[[24389,38892],[-28,-60]],[[24361,38832],[-9,18]],[[24352,38850],[-16,54]],[[24336,38904],[-1,18]],[[24335,38922],[0,5]],[[24335,38927],[54,-35]],[[25592,38907],[-62,-179]],[[25530,38728],[-128,109]],[[25403,38998],[24,26]],[[25427,39024],[13,-68],[88,2],[64,-51]],[[25473,38849],[24,-20],[31,22],[-16,33],[-39,-35]],[[25951,38702],[-18,-26],[-119,-6]],[[25814,38670],[-98,-46]],[[25716,38624],[-57,66]],[[25659,38690],[54,76],[19,78],[36,24]],[[25530,38728],[1,-14]],[[25531,38714],[-49,-27],[-45,-71]],[[25437,38616],[-21,-36]],[[25416,38580],[-32,56],[-40,14]],[[25755,38904],[-163,3]],[[25427,39024],[76,47]],[[25503,39071],[73,-26],[35,20],[78,-42]],[[25569,38977],[30,-31],[24,44],[-26,12],[-28,-25]],[[25716,38624],[-24,-84],[-93,-62]],[[25599,38478],[-13,4]],[[25586,38482],[5,51],[-26,43],[-128,40]],[[25531,38714],[128,-24]],[[25567,38617],[11,-29],[36,2],[-13,57],[-34,-30]],[[25503,39071],[-4,50],[21,23]],[[25520,39144],[122,43]],[[25154,39098],[33,26],[12,-13],[-7,-52],[-38,39]],[[25391,39122],[12,20],[33,-1],[-14,-45],[-21,0],[-10,26]],[[25167,39313],[48,4],[-7,-47],[-31,14],[-10,29]],[[25496,39320],[15,34],[36,-26],[-25,-31],[-26,23]],[[25296,39149],[-15,-38],[12,-27]],[[25293,39084],[-105,-56]],[[25165,39206],[8,0]],[[25173,39206],[123,-57]],[[25481,39212],[39,-68]],[[25338,38972],[-1,54],[-44,58]],[[25296,39149],[4,6]],[[25300,39155],[46,-27],[75,44],[22,52]],[[25443,39224],[38,-12]],[[25277,39304],[3,-38]],[[25280,39266],[-68,1],[-39,-61]],[[25120,39281],[35,17],[-30,56],[69,13]],[[25194,39367],[83,-63]],[[25607,39276],[-126,-64]],[[25443,39224],[-11,51],[-35,26]],[[25397,39301],[21,72]],[[25418,39373],[107,15]],[[25525,39388],[62,-58]],[[25376,39392],[42,-19]],[[25397,39301],[-68,-58]],[[25329,39243],[-49,23]],[[25277,39304],[26,69],[0,45]],[[25303,39418],[37,18],[36,-44]],[[25300,39155],[29,88]],[[25208,38901],[-18,-1]],[[24761,42288],[37,-63],[-57,-102],[27,-84],[-17,-44],[-2,0],[-3,0],[-1,0],[-22,0],[-2,-74],[85,12],[52,-35],[26,-61],[-108,-21],[-40,19],[-7,4],[-54,-34]],[[24675,41805],[-43,-11],[-62,34]],[[24570,41828],[-29,4],[-133,17]],[[24408,41849],[4,252],[-43,43],[-32,-46],[-47,110],[-25,-26],[-39,23],[32,149]],[[24258,42354],[88,-24],[318,74]],[[24664,42404],[20,-45],[77,-71]],[[24386,41942],[-17,-14],[-21,27],[9,53],[38,-3],[-15,-30],[6,-33]],[[24641,42815],[70,-4],[92,-57]],[[24803,42754],[-37,-118],[-99,1],[-40,-42],[53,-160],[-16,-31]],[[24258,42354],[51,57],[-73,126],[23,107],[-21,86],[22,76],[159,-97],[21,16],[11,77],[83,96],[43,-55],[-2,-59],[66,31]],[[24394,42776],[-27,-9],[-26,46],[50,13],[3,-50]],[[24803,42754],[135,67]],[[24938,42821],[39,-2],[51,-83],[124,-8],[30,-76],[-66,-106],[-39,8],[-32,-34],[-26,76],[-51,-47],[-22,-166],[-83,-21],[4,-73],[-106,-1]],[[25088,42328],[-32,-3],[-5,34],[30,34],[23,-4],[-16,-61]],[[25415,42854],[1,-45],[-30,6],[-19,32],[48,7]],[[25076,42417],[-31,-18],[-6,36],[30,33],[7,-51]],[[24641,42815],[-37,70],[-8,91],[-25,20],[-57,-18],[-42,-110],[-39,-41],[-111,1],[-36,70],[102,148],[277,43],[191,218],[172,58],[23,-217],[-78,-180],[-6,-118],[-29,-29]],[[25245,43137],[-19,-32],[-56,29],[15,24],[54,11],[6,-32]],[[25288,43143],[-20,-19],[-12,39],[6,22],[28,0],[-2,-42]],[[30259,44401],[35,-147],[-132,-36],[-74,-114],[-158,108],[-77,-13],[-41,-46],[-144,-67]],[[29668,44086],[-2,64],[-121,72]],[[29545,44222],[118,31],[-5,44],[53,-10],[71,64],[120,-9],[18,54],[98,-39],[102,11],[46,52],[42,-11],[16,34],[35,-42]],[[29831,44393],[-29,-11],[-18,24],[24,38],[23,-51]],[[29668,44086],[19,-154],[95,-18],[124,35],[53,-33],[106,15],[-4,-44]],[[30061,43887],[-47,-60],[-31,-25],[-9,-69],[67,-27],[18,-38],[-67,-103]],[[29992,43565],[-72,-37]],[[29920,43528],[-164,-53]],[[29756,43475],[52,248],[-52,15],[-105,-43],[-81,39],[-86,144],[16,86],[-58,-10],[30,235],[73,33]],[[29417,43885],[7,-58],[-71,18],[-8,-18],[35,-27],[-1,-19],[-63,-23],[-123,-92],[-133,-16],[-44,-117],[-48,-29],[-4,40],[53,71],[-102,79],[33,46],[-19,69],[54,-24],[41,42],[33,-14],[5,14],[82,56],[144,-9],[94,36],[35,-25]],[[29167,44138],[123,-92],[17,1],[9,-42],[-26,1],[-143,-84],[-27,17],[-28,84],[-23,20],[98,95]],[[29348,44121],[41,-17],[25,7],[4,-28],[-66,-9],[-22,32],[18,15]],[[29647,43601],[-27,-17],[-8,19],[7,32],[34,2],[-6,-36]],[[30632,44181],[-74,-110]],[[30558,44071],[-174,-39],[-103,-66],[-139,-84],[-81,5]],[[30259,44401],[22,28],[294,-64],[70,-33]],[[30645,44332],[-10,-20],[-39,-5],[-20,1],[1,-71],[38,-14],[17,-42]],[[23818,39905],[-24,-8]],[[23794,39897],[-7,56]],[[23787,39953],[30,9]],[[23817,39962],[13,-22],[-12,-35]],[[23827,39977],[-10,-15]],[[23787,39953],[-9,43]],[[23778,39996],[16,26]],[[23794,40022],[33,-45]],[[23952,39816],[-9,-32]],[[23943,39784],[-35,4]],[[23908,39788],[-10,6]],[[23898,39794],[21,28],[33,-6]],[[23908,39788],[-9,-15],[-49,-5]],[[23850,39768],[17,49]],[[23867,39817],[31,-23]],[[23956,39835],[-4,-19]],[[23867,39817],[41,58]],[[23908,39875],[48,-40]],[[23650,40158],[28,-9]],[[23678,40149],[-3,-40],[-46,-60],[58,-112]],[[23687,39937],[-100,-33]],[[23587,39904],[-10,84],[-82,126]],[[23495,40114],[18,46],[55,38]],[[23568,40198],[82,-40]],[[24549,38767],[-25,48],[36,80]],[[24560,38895],[7,28]],[[24509,38865],[51,30]],[[24357,38766],[-2,42]],[[24355,38808],[6,24]],[[24389,38892],[28,40],[47,-61],[45,-6]],[[24429,38517],[-2,-1]],[[24427,38516],[-17,10],[3,22],[33,14],[10,-35],[-27,-10]],[[24453,38344],[-4,-9]],[[24449,38335],[-43,-1],[-75,75]],[[24360,38508],[67,8]],[[24429,38517],[36,-32]],[[24449,38335],[6,-48]],[[24455,38287],[-13,-21]],[[24442,38266],[-58,10],[-47,-45],[-42,19]],[[24295,38250],[-28,139]],[[24141,38087],[18,-24],[-1,-26],[-56,10],[30,49]],[[24132,38096],[9,-9]],[[24141,38087],[97,-24]],[[24238,38063],[54,-15],[49,-70]],[[24341,37978],[-90,-37],[-53,30]],[[24198,37971],[-41,16],[-120,-69]],[[24037,37918],[19,123],[-8,81]],[[24048,38122],[84,-26]],[[24253,38159],[-15,-96]],[[24048,38122],[0,3]],[[24048,38125],[35,74]],[[24083,38199],[170,-40]],[[24295,38250],[-7,-98]],[[24288,38152],[-35,7]],[[24083,38199],[48,193],[47,60]],[[24442,38266],[-17,-53],[22,-67]],[[24447,38146],[-50,-47]],[[24397,38099],[-40,52],[-69,1]],[[24397,38099],[12,-120]],[[24409,37979],[-9,-30]],[[24400,37949],[-35,-13]],[[24365,37936],[-24,42]],[[24516,38117],[20,-93]],[[24536,38024],[-127,-45]],[[24447,38146],[69,-29]],[[24576,37974],[-10,-32],[28,-72]],[[24489,37876],[-11,19],[-16,-15]],[[24420,37885],[-3,1]],[[24417,37886],[9,31],[-26,32]],[[24536,38024],[40,-50]],[[24156,37831],[-62,-25]],[[24094,37806],[-27,12]],[[24067,37818],[-15,15]],[[24052,37833],[-24,43],[9,42]],[[24198,37971],[-34,-95],[-8,-45]],[[24365,37936],[-29,-61],[25,-10],[37,11]],[[24398,37876],[-61,-55]],[[24337,37821],[-181,10]],[[24731,38353],[13,-69],[-45,-98]],[[24699,38186],[-49,4]],[[24650,38190],[-54,22]],[[24596,38212],[-8,49],[-12,2]],[[24576,38263],[0,125]],[[24576,38263],[-121,24]],[[24596,38212],[-14,-70],[-66,-25]],[[24871,38250],[-24,-16],[-16,32],[32,40],[20,3]],[[24883,38309],[-12,-59]],[[24951,38338],[-33,-30]],[[24918,38308],[-35,1]],[[24871,38250],[34,-102]],[[24905,38148],[-66,63],[-75,-58],[-65,33]],[[24905,38148],[14,-30]],[[24919,38118],[-11,-74]],[[24908,38044],[-170,16]],[[24738,38060],[-95,67],[7,63]],[[24671,37960],[111,-84],[-15,-31]],[[24767,37845],[-45,-38]],[[24576,37974],[12,-2],[38,15],[45,-27]],[[24908,38044],[2,-20],[7,-64]],[[24917,37960],[-22,-84]],[[24895,37876],[-128,-31]],[[24671,37960],[6,69],[61,31]],[[25379,38467],[-19,-25]],[[25360,38442],[-60,44]],[[25300,38486],[59,15],[20,-34]],[[25353,38128],[-3,42]],[[25350,38170],[33,24]],[[25383,38194],[53,-25],[14,-52],[-60,-17],[-37,28]],[[25572,37987],[33,23],[-5,-65],[-23,1],[-5,41]],[[25874,38172],[-65,-52]],[[25809,38120],[-41,-29],[-23,54]],[[25745,38145],[14,107]],[[25759,38252],[71,-24],[44,-56]],[[25909,37795],[-42,-10],[-77,99]],[[25790,37884],[25,53],[-6,43],[42,58]],[[25851,38038],[36,-55],[-18,-71],[51,-36],[-11,-81]],[[25425,38015],[10,-139],[-7,-41]],[[25428,37835],[-25,-39],[-51,-15]],[[25352,37781],[-43,47],[10,48],[11,14]],[[25330,37890],[16,34],[-22,36]],[[25324,37960],[5,49],[29,37]],[[25358,38046],[67,-31]],[[25380,38300],[29,-77]],[[25409,38223],[-26,-29]],[[25350,38170],[-68,45],[-30,-9]],[[25252,38206],[27,77],[40,23]],[[25319,38306],[61,-6]],[[25567,38136],[15,-11]],[[25582,38125],[-10,-69],[-71,-26]],[[25501,38030],[-31,150]],[[25470,38180],[97,-44]],[[25416,38580],[40,-20],[1,-73]],[[25457,38487],[-78,-20]],[[25300,38486],[-86,23]],[[25214,38509],[-23,23]],[[25638,38235],[-18,-56],[-53,-43]],[[25470,38180],[-6,30]],[[25464,38210],[35,69],[60,15]],[[25559,38294],[47,-10],[32,-49]],[[25522,38379],[37,-85]],[[25464,38210],[-55,13]],[[25380,38300],[50,27],[23,69]],[[25453,38396],[69,-17]],[[25353,38128],[-10,-9]],[[25343,38119],[-84,-7]],[[25259,38112],[-35,52]],[[25224,38164],[28,42]],[[25352,37781],[4,-27]],[[25356,37754],[-138,-27]],[[25218,37727],[-9,0]],[[25209,37727],[-35,77]],[[25174,37804],[22,44]],[[25196,37848],[34,55],[100,-13]],[[25259,38112],[4,-79]],[[25263,38033],[-130,-60]],[[25133,37973],[12,142]],[[25145,38115],[35,73]],[[25180,38188],[44,-24]],[[25573,37849],[-145,-14]],[[25425,38015],[62,3]],[[25487,38018],[81,-142],[5,-27]],[[25745,38145],[-60,-22]],[[25685,38123],[-103,2]],[[25638,38235],[79,59]],[[25717,38294],[42,-42]],[[25501,38030],[-14,-12]],[[25358,38046],[-15,73]],[[25360,38442],[-47,-123]],[[25313,38319],[-93,79]],[[25220,38398],[-6,111]],[[25319,38306],[-6,13]],[[25457,38487],[-16,-28],[12,-63]],[[25685,38123],[-17,-55],[30,-64],[-30,-112]],[[25668,37892],[-47,5],[-6,-21],[-5,-26],[-37,-1]],[[25324,37960],[-61,73]],[[25809,38120],[36,-64]],[[25845,38056],[6,-18]],[[25790,37884],[-33,-8],[-9,-19]],[[25748,37857],[-25,-1],[-16,20],[-39,16]],[[25196,37848],[-58,28],[-5,97]],[[25583,38351],[12,41],[25,-34],[0,-23],[-28,-7],[-9,23]],[[26068,38382],[-26,-23]],[[26042,38359],[-12,-1],[-13,8],[-4,10],[0,12],[10,5],[39,-4],[6,-7]],[[25725,38530],[11,40],[31,-20],[0,-22],[-32,-13],[-10,15]],[[25960,38531],[21,-66]],[[25981,38465],[-90,-77]],[[25891,38388],[-9,6]],[[25882,38394],[-48,44],[-21,58]],[[25813,38496],[43,86]],[[25856,38582],[104,-51]],[[26179,38481],[-15,-31]],[[26164,38450],[-183,15]],[[25960,38531],[75,65]],[[25586,38482],[-62,-41],[-2,-62]],[[25599,38478],[66,-24]],[[25665,38454],[21,-82],[40,-38]],[[25726,38334],[-9,-40]],[[26164,38450],[4,-56],[-28,-54]],[[26140,38340],[-72,42]],[[26042,38359],[-15,-97],[-74,-42]],[[25953,38220],[-23,42],[12,38],[-51,88]],[[25856,38582],[-42,88]],[[25953,38220],[-79,-48]],[[25726,38334],[50,-2],[106,62]],[[25813,38496],[-148,-42]],[[25620,39995],[-1,-109]],[[25619,39886],[-8,-31]],[[25611,39855],[-99,-17],[-138,27]],[[25374,39865],[-28,36]],[[25346,39901],[113,51],[-8,57],[17,42]],[[25468,40051],[39,23]],[[25507,40074],[113,-79]],[[25503,39986],[34,-60],[20,3],[15,40],[-13,32],[-56,-15]],[[25516,40253],[18,-41],[-27,-59],[0,-79]],[[25468,40051],[-119,53]],[[25349,40104],[-47,38],[26,56]],[[25328,40198],[16,44],[60,-7],[25,34]],[[25429,40269],[38,34]],[[25467,40303],[49,-50]],[[25596,40740],[42,-54]],[[25638,40686],[-27,-156]],[[25611,40530],[-52,6],[-57,-102]],[[25502,40434],[-13,36],[-77,34]],[[25412,40504],[-3,73],[-35,22],[16,106],[31,33],[-37,30]],[[25384,40768],[32,52]],[[25416,40820],[108,-77],[72,-3]],[[25815,40241],[129,-66]],[[25944,40175],[0,-82],[-34,-34]],[[25910,40059],[-160,-12]],[[25750,40047],[-83,59]],[[25667,40106],[-19,130]],[[25648,40236],[33,41]],[[25681,40277],[134,-36]],[[24699,41800],[2,-26],[-18,-11],[-23,4],[-2,11],[18,23]],[[24676,41801],[23,-1]],[[24931,41539],[5,-30],[-22,-20]],[[24914,41489],[-24,46],[40,51]],[[24930,41586],[1,-47]],[[25180,41325],[-48,-80]],[[25132,41245],[-62,-3]],[[25070,41242],[-1,51]],[[25069,41293],[58,11],[31,41]],[[25158,41345],[22,-20]],[[24891,41380],[-38,-19]],[[24853,41361],[4,51],[27,8]],[[24884,41420],[7,-40]],[[24592,41533],[74,-25]],[[24666,41508],[13,-55],[-41,-69]],[[24638,41384],[-38,-101]],[[24600,41283],[-59,0],[-66,79],[42,26],[-43,52],[5,55]],[[24479,41495],[62,60],[51,-22]],[[30163,32002],[-33,-22],[-22,34],[-10,47],[7,24],[52,51],[23,-47],[-17,-87]],[[29970,32437],[-14,-19],[-42,56],[-35,41],[3,42],[73,-43],[13,-40],[2,-37]],[[30344,31981],[-30,-38],[-17,10],[-10,-34],[-33,-27],[-20,18],[45,63],[8,-9],[44,43],[13,-26]],[[30067,32056],[-33,-43],[-43,14],[43,68],[27,-6],[6,-33]],[[29821,31862],[-24,-23],[-51,1],[7,43],[24,14],[35,-2],[9,-33]],[[30054,32320],[-20,-5],[-58,71],[12,10],[67,-30],[-1,-46]],[[29778,32386],[-42,-77],[-11,35],[11,44],[19,17],[23,-19]],[[30115,31868],[-16,-39],[-37,49],[7,33],[46,-43]],[[30127,32273],[-13,-22],[-34,14],[2,31],[33,2],[12,-25]],[[29782,32210],[-17,-6],[-4,52],[14,23],[20,-31],[-13,-38]],[[29958,32237],[-22,-10],[-4,34],[5,44],[20,-14],[1,-54]],[[30071,32228],[-28,-26],[-3,54],[24,23],[7,-51]],[[29823,32101],[-18,-16],[-22,19],[12,38],[23,-7],[5,-34]],[[30037,31847],[-21,-29],[-21,21],[5,25],[34,11],[3,-28]],[[30146,31670],[-21,-20],[-11,18],[15,57],[17,-22],[0,-33]],[[29968,31791],[-27,-8],[-11,34],[25,35],[13,-61]],[[30262,31686],[-18,-33],[-31,23],[23,37],[26,-27]],[[29900,31996],[-21,-22],[-22,42],[16,29],[27,-49]],[[29862,31905],[-2,-21],[-51,29],[17,33],[36,-41]],[[30164,30923],[-130,-20],[-130,-7],[-22,83]],[[29882,30979],[61,69],[9,103]],[[29952,31151],[82,-33],[110,-26]],[[30144,31092],[-28,-88],[48,-81]],[[30144,31092],[68,11],[33,-107],[148,65],[15,-38],[-53,-87],[-191,-13]],[[29882,30979],[-148,46]],[[29734,31025],[10,97]],[[29744,31122],[208,29]],[[29734,31025],[-230,33],[-26,55],[16,103],[41,-3],[14,76],[35,-67],[108,21],[9,-56],[43,-65]],[[29691,30852],[-17,-38],[-38,41],[18,16],[37,-19]],[[30328,34071],[-27,56],[-109,17]],[[30192,34144],[3,49],[59,29],[29,63],[2,103]],[[30439,34609],[29,-23],[32,-26],[14,-11],[14,-125],[-95,-74],[2,-151],[-107,-128]],[[30216,33901],[-49,-15],[-40,44],[42,22],[33,-10],[14,-41]],[[30053,34364],[-19,-29],[-33,-36],[23,-85]],[[30024,34214],[-111,-73]],[[29913,34141],[-21,124],[-29,55],[-58,10]],[[29805,34330],[98,87]],[[30192,34144],[-158,45],[-10,25]],[[29805,34330],[-86,-119],[-42,11]],[[29677,34222],[-110,81],[-58,122]],[[29913,34141],[-58,4],[-51,44],[-127,-115],[-86,24]],[[29591,34098],[72,73],[14,51]],[[29897,34013],[-50,-35],[-1,19],[-27,18],[-4,29],[16,43],[29,19],[38,-44],[-1,-49]],[[29188,33961],[-6,-21]],[[29182,33940],[-60,26],[-33,-55],[-71,-75]],[[29018,33836],[-81,103],[-20,61],[7,45]],[[28924,34045],[81,12],[58,-26],[26,25],[34,5]],[[29123,34061],[43,-58],[8,-22],[14,-20]],[[26972,37741],[-25,42],[-85,39]],[[26862,37822],[-41,54],[-121,78],[-52,-9]],[[26689,37998],[78,94],[119,14]],[[26886,38106],[94,-88],[67,-24]],[[26912,38138],[-26,-32]],[[26747,38234],[76,35]],[[26823,38269],[37,-74],[44,-10],[8,-47]],[[26830,38526],[31,-37],[18,-80],[-46,-40],[7,-45]],[[26840,38324],[-17,-55]],[[26560,38265],[-32,72],[-59,42]],[[27234,38397],[3,-45]],[[27237,38352],[-33,-53]],[[27204,38299],[-101,19],[-74,59],[-65,-54],[-124,1]],[[27204,38299],[42,-146]],[[27246,38153],[-71,-30],[-64,14]],[[27111,38137],[-17,63],[-38,27],[-67,-35],[-12,-39]],[[26977,38153],[-65,-15]],[[27246,38153],[31,-30]],[[26977,38153],[134,-16]],[[26313,37345],[61,11],[33,-28],[-26,-124]],[[26381,37204],[-245,44]],[[26136,37248],[-71,24]],[[26065,37272],[13,27],[-36,34],[11,44],[119,14],[33,-16],[18,-53],[90,23]],[[26014,37563],[104,-31],[42,-53]],[[26160,37479],[55,-1]],[[26215,37478],[98,-133]],[[26065,37272],[-263,37]],[[25802,37309],[-14,13]],[[25788,37322],[13,39],[71,39],[-96,164]],[[25776,37564],[144,-37],[94,36]],[[26520,37536],[54,-63],[-3,-73],[25,-81]],[[26596,37319],[-57,-23],[-44,-58],[-32,-29]],[[26463,37209],[-37,-43]],[[26426,37166],[-45,38]],[[26215,37478],[78,65],[79,-35],[123,23],[25,5]],[[26709,37681],[23,-54],[57,-42],[21,-73],[-27,-1]],[[26783,37511],[-75,-57],[-83,159],[-33,13]],[[26592,37626],[-2,8]],[[26590,37634],[63,57],[56,-10]],[[26604,37916],[-3,-40],[-20,-33],[-86,-13],[-43,-51],[-13,-35]],[[26439,37744],[-54,14],[-113,-98],[-85,-12]],[[26187,37648],[-87,17]],[[26100,37665],[-8,105]],[[26092,37770],[51,9],[-7,97],[39,30],[62,-12]],[[26237,37894],[15,-18],[6,-22],[78,-9],[55,31],[79,50],[15,-6]],[[26862,37822],[-69,-41],[-84,-100]],[[26590,37634],[-95,72],[-56,38]],[[26913,37420],[6,-90],[-78,19]],[[26841,37349],[-46,-1]],[[26795,37348],[18,36],[-33,85],[3,42]],[[26795,37348],[-52,-40],[-33,12]],[[26710,37320],[-114,-1]],[[26520,37536],[72,90]],[[26160,37479],[46,113],[-19,56]],[[26140,38340],[49,-48]],[[26189,38292],[19,-113],[-58,-56]],[[26150,38123],[-89,-4],[-65,-56]],[[25996,38063],[-43,-15],[-63,31],[-45,-23]],[[26398,38116],[-125,-14],[-45,-42]],[[26228,38060],[-78,63]],[[26189,38292],[55,-18],[93,36],[41,-31],[12,-45],[-13,-33],[34,-13]],[[26237,37894],[21,78],[-24,29],[-6,59]],[[26092,37770],[-23,12]],[[26069,37782],[-6,94],[7,26],[-77,75],[3,86]],[[26014,37563],[4,58],[82,44]],[[25909,37795],[160,-13]],[[25776,37564],[-66,29],[-75,-45]],[[25635,37548],[-36,6]],[[25599,37554],[-12,102],[118,37],[77,79],[-34,85]],[[25209,37727],[-84,-16],[-117,-101],[-63,-14]],[[24945,37596],[-12,62]],[[24933,37658],[87,70],[7,87]],[[25027,37815],[147,-11]],[[25426,37517],[-158,-26]],[[25268,37491],[-19,19],[-31,217]],[[25356,37754],[89,-103],[-19,-134]],[[25788,37322],[-73,12]],[[25715,37334],[-107,130],[-7,45],[34,39]],[[25268,37491],[-58,-107],[-112,51],[-66,-5]],[[24921,37428],[-10,46],[34,122]],[[25599,37554],[-123,-54],[-50,17]],[[24738,37543],[5,50]],[[24743,37593],[70,70],[1,75],[58,37]],[[24872,37775],[39,-60],[28,-4],[-6,-53]],[[24743,37593],[-31,65]],[[24722,37807],[139,2]],[[24861,37809],[11,-34]],[[22927,39601],[2,43],[49,4],[17,-58],[-34,-18],[-34,29]],[[23058,39938],[30,-83],[-21,-54]],[[23067,39801],[-88,-54],[-44,25]],[[22935,39772],[-22,126]],[[22913,39898],[0,11]],[[22913,39909],[12,1]],[[22925,39910],[38,-5],[7,44],[27,12],[61,-23]],[[23099,39725],[-89,-26]],[[23010,39699],[-98,25]],[[22912,39724],[-22,35]],[[22890,39759],[45,13]],[[23067,39801],[32,-76]],[[23205,39939],[3,-44],[44,-48]],[[23252,39847],[7,-63]],[[23259,39784],[-95,-61]],[[23164,39723],[-65,2]],[[23058,39938],[31,41]],[[23089,39979],[35,-38],[61,19],[20,-21]],[[23382,39703],[-11,-49],[-106,-14],[-14,-86]],[[23251,39554],[-45,-10]],[[23206,39544],[21,100],[-33,24],[12,48],[-42,7]],[[23259,39784],[41,-73],[47,15],[29,-13],[6,-10]],[[23442,39736],[-11,-28]],[[23431,39708],[-49,-5]],[[23252,39847],[89,13],[22,-35]],[[23363,39825],[77,-33],[2,-56]],[[23405,39600],[-87,-50]],[[23318,39550],[-67,4]],[[23431,39708],[-32,-74],[6,-34]],[[23474,39569],[-25,-22]],[[23449,39547],[-46,24]],[[23403,39571],[31,9],[40,-11]],[[22795,39557],[-27,10]],[[22768,39567],[13,27],[-37,59]],[[22744,39653],[35,25]],[[22779,39678],[101,9]],[[22880,39687],[-38,-99],[-47,-31]],[[22912,39724],[-32,-37]],[[22779,39678],[-1,48],[26,19]],[[22804,39745],[50,34],[36,-20]],[[22781,39819],[-104,-26],[-47,-2]],[[22630,39791],[-10,63]],[[22620,39854],[57,9],[68,-13],[36,-31]],[[22744,39653],[-67,18],[-28,-21]],[[22649,39650],[-16,5]],[[22633,39655],[9,49],[-39,54]],[[22603,39758],[27,33]],[[22781,39819],[42,8]],[[22823,39827],[-19,-82]],[[22768,39567],[-14,-2],[-80,-7]],[[22674,39558],[-27,17]],[[22647,39575],[13,23],[-11,52]],[[22823,39827],[87,68]],[[22910,39895],[3,3]],[[23010,39699],[14,-33],[-16,-50],[26,-42]],[[23034,39574],[-118,-38],[-36,16],[-15,-10]],[[22865,39542],[-52,-8],[-18,23]],[[23206,39544],[-29,23]],[[23177,39567],[-93,25],[-50,-18]],[[22603,39758],[-57,-19]],[[22546,39739],[-32,-27]],[[22514,39712],[-9,25]],[[22505,39737],[23,138]],[[22528,39875],[87,31]],[[22615,39906],[5,-52]],[[22514,39712],[-17,-8],[-21,-26]],[[22476,39678],[-81,-2]],[[22395,39676],[3,28],[31,56]],[[22429,39760],[51,8],[25,-31]],[[22525,39615],[-1,-33]],[[22524,39582],[-28,-3]],[[22496,39579],[-20,14],[-35,-29],[3,-20]],[[22444,39544],[-74,64],[-14,48]],[[22356,39656],[39,20]],[[22476,39678],[49,-63]],[[22647,39575],[-47,-24],[-16,19],[-34,0]],[[22550,39570],[-26,12]],[[22525,39615],[63,36]],[[22588,39651],[45,4]],[[22429,39760],[-24,32]],[[22405,39792],[123,83]],[[22546,39739],[2,-35],[40,-53]],[[22356,39656],[-10,48],[-10,49]],[[22336,39753],[69,39]],[[23177,39567],[-12,-60]],[[23165,39507],[-138,-54]],[[23027,39453],[-81,21]],[[22946,39474],[-32,8],[-41,50]],[[22873,39532],[-8,10]],[[22873,39532],[-50,-36],[-8,-32]],[[22815,39464],[-17,29],[-58,-86],[-27,1]],[[22713,39408],[-14,16]],[[22699,39424],[21,64],[-43,22],[-15,28],[12,20]],[[22913,39398],[5,10],[10,26],[12,12],[5,23],[1,5]],[[23027,39453],[3,-80],[1,-42]],[[23031,39331],[-39,4]],[[22992,39335],[-62,38],[-9,13]],[[22921,39386],[-8,12]],[[22840,39352],[-106,-17],[-15,38],[-6,35]],[[22815,39464],[36,-59]],[[22851,39405],[5,-8],[-12,-24],[-4,-21]],[[22699,39424],[-22,4],[-81,14],[-22,104],[-24,24]],[[22496,39579],[-52,-35]],[[22913,39398],[-9,12],[-6,37],[-47,-42]],[[22848,39341],[1,1],[27,-5],[32,14],[13,35]],[[22992,39335],[-47,-42],[33,-170]],[[22978,39123],[-68,9]],[[22910,39132],[-32,12]],[[22878,39144],[23,55],[-7,86],[-46,56]],[[23305,39479],[106,-106]],[[23411,39373],[-10,-16]],[[23401,39357],[-54,24],[-43,-18]],[[23304,39363],[-40,10],[-18,11]],[[23246,39384],[-66,94]],[[23180,39478],[76,22],[49,-21]],[[23449,39547],[-38,-174]],[[23305,39479],[13,71]],[[23405,39600],[-2,-29]],[[23180,39478],[-15,29]],[[23518,39569],[-9,-61],[66,-42]],[[23575,39466],[1,-25]],[[23576,39441],[-11,-68],[-61,-37]],[[23504,39336],[-88,-37]],[[23416,39299],[-15,58]],[[23474,39569],[44,0]],[[23558,39226],[-39,29]],[[23519,39255],[-15,81]],[[23576,39441],[42,-13]],[[23618,39428],[31,-95]],[[23649,39333],[-14,-6],[-61,-49],[-16,-52]],[[23518,39569],[64,-66],[-7,-37]],[[23409,39057],[16,18]],[[23425,39075],[50,-104],[-26,-65]],[[23449,38906],[-28,0]],[[23421,38906],[-17,130]],[[23404,39036],[5,21]],[[23519,39255],[-42,-43],[-52,-137]],[[23409,39057],[-58,35],[-1,43],[-37,47]],[[23313,39182],[77,32],[26,85]],[[23313,39182],[-53,33]],[[23260,39215],[-1,50],[41,50],[4,48]],[[23404,39036],[-156,-4],[-25,-32]],[[23223,39000],[-63,46]],[[23160,39046],[43,69],[-30,66],[87,34]],[[23421,38906],[-90,-27]],[[23331,38879],[-26,66]],[[23305,38945],[-82,55]],[[23160,39046],[-33,5],[-21,89],[14,85],[-19,12]],[[23101,39237],[-14,69]],[[23087,39306],[28,41],[131,37]],[[23087,39306],[-56,25]],[[23101,39237],[-45,-85],[-78,-29]],[[29285,35918],[19,-31],[-44,-36],[-12,-55],[47,-37]],[[29295,35759],[12,-61],[-58,-101],[-39,-69]],[[29210,35528],[-27,9]],[[29183,35537],[-51,60],[-50,151],[16,108],[40,33]],[[29138,35889],[27,19],[21,75]],[[29186,35983],[99,-65]],[[29511,35750],[-22,-147],[-12,-6],[-34,-21],[-30,-92],[35,-46],[-11,-34]],[[29298,35422],[-88,106]],[[29295,35759],[140,23],[76,-32]],[[29675,35700],[71,-1]],[[29746,35699],[-102,-68],[4,-34],[5,-39],[-30,-85],[23,-44]],[[29646,35429],[-19,-79]],[[29511,35750],[164,-50]],[[29859,35713],[219,-38]],[[30078,35675],[-28,-21],[-7,-57],[-3,-33],[15,-62],[-31,-40]],[[30024,35462],[-32,37],[-99,-17],[-63,-51],[-66,30],[-118,-32]],[[29746,35699],[54,29],[59,-15]],[[30024,35462],[-21,-49]],[[30003,35413],[-34,0],[-34,-109],[47,-126]],[[30162,35669],[-19,-44],[11,-28],[18,-45],[109,-32],[38,-29]],[[30319,35491],[29,-33],[-8,-107],[34,-61]],[[30186,35199],[-18,131],[-141,45],[-24,38]],[[30078,35675],[84,-6]],[[30449,35836],[-14,-57],[30,-49],[-3,-47],[-79,-13],[-2,-70]],[[30381,35600],[-12,-3],[-35,-9],[-25,-55],[10,-42]],[[30162,35669],[43,24]],[[30205,35693],[76,63],[76,90],[82,39]],[[30439,35885],[10,-49]],[[30658,35698],[-60,-101],[-32,-56]],[[30566,35541],[-65,-30],[-72,79],[-48,10]],[[30449,35836],[151,-65],[58,-73]],[[30750,35934],[42,-57],[102,-20]],[[30894,35857],[-149,-114],[-15,-62]],[[30730,35681],[-72,17]],[[30439,35885],[8,1]],[[30447,35886],[193,54],[110,-6]],[[31018,35490],[-40,-73],[-20,-190]],[[30689,35291],[56,137],[25,169],[33,48]],[[30803,35645],[36,-51],[179,-104]],[[31195,35721],[1,-124],[-30,-62],[-103,4],[-45,-49]],[[30803,35645],[-41,0],[-32,36]],[[30894,35857],[76,2],[32,-80],[71,-43],[122,-15]],[[30514,35308],[59,130],[-7,103]],[[25722,39901],[-2,-46],[-68,-15],[-16,55]],[[25636,39895],[40,42],[46,-36]],[[25868,39823],[-26,-63],[-34,-6],[-45,-61]],[[25763,39693],[-60,54],[-54,7]],[[25649,39754],[-38,101]],[[25619,39886],[17,9]],[[25722,39901],[66,48],[55,1],[24,-36],[1,-91]],[[25965,39926],[-4,-96]],[[25961,39830],[-93,-7]],[[25620,39995],[130,52]],[[25910,40059],[43,-46],[12,-87]],[[25667,40106],[-70,43],[7,43],[44,44]],[[25452,40362],[15,-59]],[[25429,40269],[-33,44],[37,56],[19,-7]],[[25412,40504],[-42,-35],[-155,56]],[[25215,40525],[-84,164]],[[25131,40689],[28,31]],[[25159,40720],[225,48]],[[25516,40253],[131,56]],[[25647,40309],[34,-32]],[[25611,40530],[50,-29]],[[25661,40501],[-28,-153],[14,-39]],[[25452,40362],[50,72]],[[25328,40198],[-128,85]],[[25200,40283],[25,59],[5,113],[-40,56]],[[25190,40511],[25,14]],[[25649,39754],[-20,-82]],[[25629,39672],[-21,9]],[[25608,39681],[-48,6]],[[25560,39687],[-110,65]],[[25450,39752],[-73,9]],[[25377,39761],[-33,78]],[[25344,39839],[30,26]],[[25349,40104],[-71,-76],[-94,14]],[[25184,40042],[-73,14]],[[25111,40056],[-48,198]],[[25063,40254],[82,24]],[[25145,40278],[55,5]],[[25346,39901],[-141,37]],[[25205,39938],[-21,104]],[[22865,35620],[-52,-14],[-12,-9],[-40,-39],[-52,-32],[-32,-40],[-105,-53]],[[22572,35433],[-102,61],[-67,-28],[-45,17],[-16,65]],[[22342,35548],[27,26],[1,23],[1,69],[49,-6],[48,37]],[[22468,35697],[38,7],[14,64],[92,49]],[[22612,35817],[65,-34],[78,52],[126,-124],[9,-42],[-25,-49]],[[22784,36272],[46,-155]],[[22830,36117],[-25,-45],[-15,-118],[-120,-23],[-53,27]],[[22617,35958],[-67,41],[-19,113],[-47,106]],[[22484,36218],[42,119],[87,60]],[[22613,36397],[40,-70],[87,-10],[44,-45]],[[22505,35227],[-1,-20],[2,-93],[0,-27],[44,-81]],[[22550,35006],[-100,14],[-57,-33],[-55,-32],[-70,32],[-18,8],[-20,9],[-31,-17],[-37,-21],[-17,21],[-24,29],[-63,22]],[[22058,35038],[-2,6]],[[22056,35044],[21,38]],[[22077,35082],[84,32],[45,18]],[[22206,35132],[44,24],[25,51],[161,52],[69,-32]],[[22077,35082],[-75,32],[-13,6],[-8,-6],[-21,-15]],[[21960,35099],[-11,15],[-30,44],[-141,56],[-17,6]],[[21761,35220],[10,62],[55,94],[65,12],[44,73],[109,5]],[[22044,35466],[94,-110],[6,-94],[-28,-55],[90,-75]],[[25196,41156],[-121,-156]],[[25075,41000],[-43,12]],[[25032,41012],[-55,26]],[[24977,41038],[-24,35]],[[24953,41073],[74,66],[-7,52],[50,51]],[[25132,41245],[6,-37],[58,-52]],[[24479,41495],[-52,33],[63,62],[-7,68],[-69,136],[-6,55]],[[24570,41828],[-3,-83],[62,-118],[3,-49],[-40,-45]],[[24387,41720],[-30,0],[-34,21],[15,20],[57,-4],[-8,-37]],[[24319,41825],[-35,-1],[20,64],[15,-13],[0,-50]],[[24431,41654],[-7,-44],[-44,14],[1,20],[50,10]],[[24322,41704],[-17,-22],[-24,33],[32,39],[9,-50]],[[25069,41293],[-15,12]],[[25054,41305],[3,73],[-43,17]],[[25014,41395],[45,71],[42,2],[14,48]],[[25115,41516],[76,37],[46,-31],[-2,-68],[-97,-69],[20,-40]],[[25305,41576],[-49,-2],[-34,22],[-1,31],[12,13],[51,-13],[21,-51]],[[24854,41159],[-74,-53]],[[24780,41106],[-83,83]],[[24697,41189],[91,101]],[[24788,41290],[63,-93],[3,-38]],[[24171,41462],[-8,-47],[-39,50],[30,14],[17,-17]],[[25014,41395],[-123,-15]],[[24884,41420],[24,10],[6,59]],[[24931,41539],[57,45],[127,-68]],[[24853,41361],[-27,-5]],[[24826,41356],[-108,39],[-80,-11]],[[24666,41508],[92,119],[40,39],[54,30],[31,2]],[[24883,41698],[-21,-71],[68,-41]],[[24675,41805],[1,-4]],[[24699,41800],[148,-25],[36,-77]],[[25054,41305],[-157,-87],[0,-28]],[[24897,41190],[-43,-31]],[[24788,41290],[38,66]],[[24697,41189],[-72,87]],[[24625,41276],[-25,7]],[[24953,41073],[-20,21],[-4,81],[-32,15]],[[25271,39714],[-21,-58]],[[25250,39656],[-59,-10]],[[25191,39646],[-25,72]],[[25166,39718],[63,20],[42,-24]],[[25608,39681],[-28,-74],[-23,20],[3,48]],[[25560,39675],[0,12]],[[25384,39652],[15,46]],[[25399,39698],[35,-20],[2,-31],[-26,-18],[-26,23]],[[25154,39474],[-84,2]],[[25070,39476],[52,43]],[[25122,39519],[11,-10],[21,-35]],[[25301,39672],[2,43],[37,0],[8,-36],[-36,-21],[-11,14]],[[25038,40019],[12,-113]],[[25050,39906],[-13,-14]],[[25037,39892],[-94,-84]],[[24943,39808],[-76,56],[-19,45]],[[24848,39909],[115,60],[38,50],[37,0]],[[25205,39938],[-155,-32]],[[25038,40019],[65,35]],[[25103,40054],[8,2]],[[25186,39816],[-14,-58]],[[25172,39758],[-91,-33]],[[25081,39725],[-137,58]],[[24944,39783],[-1,25]],[[25037,39892],[86,-68],[63,-8]],[[25344,39839],[-106,26],[-52,-49]],[[25128,39549],[-6,-30]],[[25070,39476],[-6,-70],[-37,-33]],[[24886,39438],[13,67]],[[24899,39505],[36,-4],[9,58],[68,63]],[[25012,39622],[116,-73]],[[25191,39646],[-63,-97]],[[25012,39622],[69,103]],[[25172,39758],[-6,-40]],[[25377,39761],[-84,-2],[-22,-45]],[[25154,39474],[48,-16]],[[25202,39458],[8,-13]],[[25210,39445],[-16,-78]],[[25288,39596],[-41,-53],[-19,-73],[-26,-12]],[[25250,39656],[38,-60]],[[25450,39752],[-51,-54]],[[25384,39652],[-27,-53]],[[25357,39599],[-69,-3]],[[25210,39445],[44,-2],[49,-25]],[[25398,39567],[-18,-30],[29,-65],[-28,-32],[-5,-48]],[[25357,39599],[41,-32]],[[25560,39675],[-53,-88]],[[25507,39587],[-109,-20]],[[25534,39479],[-16,-26],[7,-65]],[[25507,39587],[27,-108]],[[25629,39672],[9,-68]],[[25638,39604],[0,-47],[23,-31]],[[25661,39526],[-63,-52],[-64,5]],[[25763,39693],[12,-31]],[[25775,39662],[-137,-58]],[[24948,39701],[44,29],[11,-37],[-25,-26],[-30,34]],[[24899,39505],[-61,9],[9,62]],[[24847,39576],[38,55],[-6,69]],[[24879,39700],[48,9],[17,74]],[[25725,42247],[-8,38],[35,8]],[[25752,42293],[24,-72],[-30,-12],[-21,38]],[[25825,42262],[-4,-55],[-30,18],[13,52],[21,-15]],[[25725,42247],[-49,-24]],[[25676,42223],[-66,21],[28,42]],[[25638,42286],[113,55]],[[25751,42341],[1,-48]],[[30959,31454],[-48,-20],[-6,124],[54,97],[91,55],[25,-13],[-52,-178],[-64,-65]],[[30723,31181],[-16,-22],[-23,12],[13,21],[-2,36],[-17,28],[20,26],[15,47],[1,41],[15,2],[3,-42],[-23,-65],[23,-39],[-9,-45]],[[30715,31919],[-24,-29],[-32,16],[23,37],[72,38],[26,-32],[-65,-30]],[[30481,31802],[-32,-23],[-3,-29],[-35,12],[-10,36],[46,-1],[-5,41],[20,3],[19,-39]],[[30670,32002],[-33,-19],[-13,28],[28,30],[24,-16],[-6,-23]],[[30581,32159],[-34,-12],[15,58],[32,-13],[-13,-33]],[[30964,31801],[-34,-19],[-16,53],[20,5],[30,-39]],[[30658,31866],[-14,-22],[-20,24],[3,35],[21,9],[10,-46]],[[30651,31153],[-36,-46],[-18,15],[27,46],[27,-15]],[[30673,32270],[-26,-17],[-28,39],[33,14],[21,-36]],[[30794,31722],[-30,-28],[-14,16],[2,27],[32,12],[10,-27]],[[30736,31792],[-10,-17],[-34,12],[3,30],[30,7],[11,-32]],[[24322,37209],[-93,-103],[9,-60],[-88,-125]],[[24150,36921],[-5,-5]],[[24145,36916],[-96,28],[-145,-58],[-37,33]],[[23867,36919],[-78,129],[1,148]],[[23927,37142],[175,55],[103,68],[79,-7],[47,61]],[[23586,37132],[5,-63],[-95,-35]],[[23496,37034],[58,101]],[[24132,37655],[5,-17]],[[23932,37265],[40,71],[-14,99],[-43,69],[-46,-7]],[[23865,37499],[6,63],[-67,39]],[[23804,37601],[113,66],[122,19]],[[24039,37686],[-56,-55],[11,-45],[83,12],[-13,66],[68,-9]],[[23776,37429],[51,55]],[[24177,37759],[16,-52],[-61,-52]],[[24039,37686],[-39,32]],[[24000,37718],[-6,16],[-15,3]],[[23979,37737],[2,10]],[[23981,37747],[44,38]],[[24025,37785],[4,-19],[-21,-18],[5,-18],[34,10],[33,37],[8,-13],[-18,-30],[1,-16],[41,-19],[59,38],[6,22]],[[23667,37428],[2,46],[134,126]],[[23803,37600],[1,1]],[[23979,37737],[14,-18],[7,-1]],[[23803,37600],[56,92],[-29,24],[1,32]],[[23831,37748],[65,38]],[[23896,37786],[31,-40],[54,1]],[[24040,37819],[12,14]],[[24067,37818],[-13,-16],[-14,17]],[[24094,37806],[83,-47]],[[24025,37785],[15,34]],[[24337,37821],[-17,-57],[11,-118]],[[24398,37876],[19,10]],[[24703,37700],[-49,6],[-5,-59]],[[29556,34086],[-16,-40],[14,-27]],[[29554,34019],[-175,-74],[-81,-82]],[[29298,33863],[-42,63],[12,83],[-80,-48]],[[29123,34061],[51,70]],[[29174,34131],[96,-10],[39,63],[69,38]],[[29378,34222],[53,-80],[125,-56]],[[29174,34131],[-85,29],[-38,45],[18,80]],[[29069,34285],[20,8],[113,14],[18,81],[35,18]],[[29255,34406],[4,-66],[99,-63],[20,-55]],[[28924,34045],[-29,8]],[[28895,34053],[-26,63],[14,65]],[[28883,34181],[49,93]],[[28932,34274],[97,39]],[[29029,34313],[40,-28]],[[29182,33940],[-19,-21],[12,-55],[-29,-116],[36,-91]],[[29182,33657],[-40,-8],[-53,46],[-20,63],[-34,-19],[-40,36]],[[28995,33775],[23,61]],[[29591,34098],[-35,-12]],[[29255,34406],[16,-1]],[[29554,34019],[8,-19],[27,-36],[0,-45],[51,-35],[-2,-41],[-48,36],[-50,-52],[91,-102],[7,-46],[-20,-31],[-37,23],[-65,119],[-75,26],[-49,-17],[-94,64]],[[29527,33655],[-1,-30],[-27,2],[-45,27],[-36,-6],[8,23],[-26,55],[7,36],[24,-16],[33,-56],[63,-35]],[[28995,33775],[-68,-120],[1,-66]],[[28928,33589],[-136,23],[-76,-20]],[[28716,33592],[-68,21],[-10,79],[-29,38],[8,25]],[[28617,33755],[33,93],[110,37],[29,73]],[[28789,33958],[106,95]],[[28617,33755],[-42,93],[-35,14]],[[28635,34009],[69,52],[85,-103]],[[28609,34140],[274,41]],[[28652,33147],[-92,3],[-37,-29],[-85,152]],[[28438,33273],[69,7]],[[28507,33280],[22,42],[83,22],[36,61],[29,-8]],[[28677,33397],[70,-96],[-5,-83]],[[28742,33218],[-77,-34],[-13,-37]],[[28433,33272],[-55,23]],[[28378,33295],[11,16],[12,4],[25,-26],[7,-17]],[[28408,33555],[36,-33],[63,-242]],[[28438,33273],[-5,-1]],[[28378,33295],[-47,167],[-53,39]],[[28716,33592],[-50,-103],[11,-92]],[[28928,33589],[15,-69],[75,-60],[26,-189]],[[29044,33271],[-25,-46],[-52,-75],[-32,8]],[[28935,33158],[-82,67],[-2,29],[-22,6],[-45,-13],[-17,-22],[-17,-13]],[[28750,33212],[-8,6]],[[29182,33657],[62,-101],[23,-103]],[[29267,33453],[-96,-115],[5,-41],[-32,-35],[-1,-37],[-15,-31]],[[29128,33194],[-84,77]],[[29302,33124],[-164,26],[-10,44]],[[29267,33453],[71,-78],[70,-145],[-38,-32],[-39,85],[-70,4],[-18,-50],[59,-113]],[[29649,33177],[-16,-19],[-24,32],[8,33],[-17,13],[20,40],[11,-51],[19,-9],[-1,-39]],[[29562,33193],[-17,-30],[-25,7],[-11,36],[8,11],[45,-24]],[[29682,33321],[-8,-39],[-37,8],[28,53],[17,-22]],[[29335,33220],[9,-57],[-36,6],[9,56],[18,-5]],[[29476,33230],[-13,-53],[-25,22],[3,40],[35,-9]],[[25638,42286],[-55,40]],[[25583,42326],[-37,-28]],[[25546,42298],[-36,4]],[[25510,42302],[21,60],[-11,73],[128,74],[99,-38],[4,-130]],[[25474,42575],[5,-47],[-36,3],[-13,24],[44,20]],[[26626,41940],[-24,-49],[-41,9],[-74,33],[-21,18],[10,69],[21,41],[17,-25],[112,-66],[0,-30]],[[25676,42223],[-47,-42],[-2,-50]],[[25627,42131],[-28,-28],[-50,15],[-68,142]],[[25481,42260],[29,42]],[[25546,42298],[12,-19],[23,0],[2,47]],[[25627,42131],[69,-61],[-88,-69],[-2,-50],[34,-13],[3,-42],[51,7],[13,-25],[-77,-43],[-67,-83],[-27,-72],[-163,8],[-155,89],[4,57],[28,30],[56,1],[89,-55],[137,65],[-90,117],[-136,31],[-72,266],[78,24],[120,104],[24,-18],[25,-139]],[[25011,42222],[49,-72],[27,60],[16,-9],[43,-206],[-57,-123],[-78,49],[-93,9],[-5,65],[-25,0],[-53,41],[-43,151],[219,35]],[[25122,41760],[-14,-11],[-14,60],[17,54],[64,91],[7,-38],[-60,-156]],[[25031,41837],[-19,-42],[-36,48],[8,11],[47,-17]],[[24298,40885],[-20,-32],[-43,7]],[[24235,40860],[27,46],[36,5]],[[24298,40911],[0,-26]],[[24177,40402],[3,28]],[[24180,40430],[44,-6],[11,-32],[-34,-14],[-24,24]],[[24212,41078],[-13,52],[24,21]],[[24223,41151],[21,-56],[-32,-17]],[[24235,40860],[-26,-27]],[[24209,40833],[-113,66]],[[24096,40899],[57,95]],[[24153,40994],[98,1]],[[24251,40995],[47,-84]],[[24129,41006],[-173,-13]],[[23956,40993],[-30,28],[-75,-23]],[[23851,40998],[39,123],[54,64],[94,-14]],[[24038,41171],[-35,-30],[-2,-38],[65,-1],[63,-96]],[[23828,41176],[-9,-53],[-22,19],[-11,31],[14,11],[28,-8]],[[24209,40833],[32,-72],[39,-29]],[[24280,40732],[-21,-54],[-61,-51]],[[24198,40627],[-112,-3]],[[24086,40624],[-10,28],[49,103],[-66,77]],[[24059,40832],[14,58],[23,9]],[[24086,40624],[-24,-39],[-4,-73]],[[24058,40512],[-23,-58],[-76,-48]],[[23959,40406],[-29,68],[4,73],[-81,55]],[[23853,40602],[30,110]],[[23883,40712],[35,79],[2,72]],[[23920,40863],[139,-31]],[[24212,41078],[46,-53]],[[24258,41025],[-7,-30]],[[24153,40994],[-5,13]],[[24148,41007],[22,51],[-28,32],[-15,99]],[[24127,41189],[63,-3],[33,-35]],[[23959,40406],[-74,-21]],[[23885,40385],[-11,-1]],[[23874,40384],[-19,109],[-107,26]],[[23748,40519],[4,77]],[[23752,40596],[101,6]],[[23920,40863],[5,48],[-3,23]],[[23922,40934],[19,45]],[[23941,40979],[15,14]],[[24129,41006],[19,1]],[[23767,41149],[13,-50],[-45,8],[-7,18],[39,24]],[[24408,40855],[-9,-32],[16,-17]],[[24415,40806],[-2,-74],[-65,-41]],[[24348,40691],[-68,41]],[[24298,40885],[110,-30]],[[24296,40526],[-3,-24]],[[24293,40502],[57,-103]],[[24350,40399],[-19,-84]],[[24331,40315],[-107,-32]],[[24224,40283],[-72,15]],[[24152,40298],[36,24],[-22,45],[11,35]],[[24180,40430],[-122,82]],[[24198,40627],[22,-129],[76,28]],[[24348,40691],[-4,-34],[-46,-37],[-2,-94]],[[24380,41089],[-21,-29]],[[24359,41060],[3,-58]],[[24362,41002],[-5,-77]],[[24357,40925],[57,-65]],[[24414,40860],[-6,-5]],[[24258,41025],[34,25],[-17,49],[15,30],[90,-40]],[[24038,41171],[89,18]],[[23802,39773],[-39,39],[-9,74]],[[23754,39886],[31,9]],[[23785,39895],[31,-65],[-14,-57]],[[23794,39897],[-9,-2]],[[23754,39886],[-3,2]],[[23751,39888],[-24,31]],[[23727,39919],[18,69],[33,8]],[[23855,39996],[32,-28]],[[23887,39968],[11,-31]],[[23898,39937],[-7,-25]],[[23891,39912],[-73,-7]],[[23827,39977],[24,19]],[[23851,39996],[4,0]],[[23751,39888],[-41,-27]],[[23710,39861],[-29,30],[13,35]],[[23694,39926],[33,-7]],[[23689,39827],[-27,-74]],[[23662,39753],[-52,47]],[[23610,39800],[17,24],[41,13],[21,-10]],[[23383,36749],[63,-97],[54,24],[60,-36],[0,-109],[40,-49]],[[23600,36482],[-8,-46],[30,-47],[0,-39],[-109,-35],[-70,-63]],[[23443,36252],[-47,11],[-67,57],[2,105],[-88,35],[-27,102],[-47,33],[-66,-18]],[[23103,36577],[-15,36]],[[23088,36613],[0,50]],[[23088,36663],[37,70],[80,61],[0,65]],[[23205,36859],[42,-16],[53,42],[83,-136]],[[22962,37082],[10,-36],[-45,-73],[33,-88],[1,-97],[127,-125]],[[23088,36613],[-93,-70]],[[22995,36543],[-73,78],[-127,-12]],[[22795,36609],[25,86],[-85,144],[-9,84]],[[22726,36923],[38,38],[1,127],[31,25]],[[22796,37113],[30,-54],[101,-4],[35,27]],[[23096,37058],[-3,-127],[58,-71],[54,-1]],[[22962,37082],[14,36],[76,1],[44,-61]],[[23784,36840],[61,-83],[10,-63],[32,-24]],[[23887,36670],[20,-36],[-23,-94],[-159,-67]],[[23725,36473],[-67,-25],[-58,34]],[[23383,36749],[46,67],[25,112]],[[23454,36928],[56,-94],[87,-43],[85,108],[70,-77],[32,18]],[[23867,36919],[-83,-79]],[[23454,36928],[-2,77],[44,29]],[[23850,39768],[-2,-14]],[[23848,39754],[-31,-15]],[[23817,39739],[-16,11]],[[23801,39750],[1,23]],[[23891,39912],[17,-37]],[[23801,39750],[-27,-11]],[[23774,39739],[-31,-25],[-69,8]],[[23674,39722],[-7,5]],[[23667,39727],[-5,26]],[[23689,39827],[21,34]],[[23610,39800],[-40,5]],[[23570,39805],[-34,32]],[[23536,39837],[51,67]],[[23687,39937],[7,-11]],[[23821,40113],[-3,-61]],[[23818,40052],[-24,-30]],[[23678,40149],[143,-36]],[[23860,39542],[5,29],[29,8],[24,-15],[-8,-49],[-37,-12],[-13,39]],[[23817,39739],[57,-25]],[[23874,39714],[32,-83]],[[23906,39631],[-61,-15]],[[23845,39616],[-50,56],[-21,67]],[[23848,39754],[32,-8],[-6,-32]],[[23674,39722],[27,-91],[44,-26],[2,-36]],[[23747,39569],[-53,-79],[-41,-1]],[[23653,39489],[-30,39],[-5,91],[-41,57]],[[23577,39676],[90,51]],[[23845,39616],[-40,-30]],[[23805,39586],[-58,-17]],[[23827,39462],[-13,-41],[-40,-14],[-1,-34],[10,-19]],[[23783,39354],[-67,10],[-60,-32]],[[23656,39332],[-7,1]],[[23618,39428],[35,61]],[[23805,39586],[22,-124]],[[23541,39656],[-72,65]],[[23469,39721],[101,84]],[[23577,39676],[-36,-20]],[[23999,39821],[25,-54],[71,-23]],[[24095,39744],[24,-73]],[[24119,39671],[-43,-66]],[[24076,39605],[-47,15],[-42,56]],[[23987,39676],[-33,24],[-11,84]],[[23956,39835],[43,-14]],[[23987,39676],[-81,-45]],[[24076,39605],[-75,-60]],[[24001,39545],[-77,-48]],[[23924,39497],[-97,-35]],[[23518,39569],[23,87]],[[23818,40052],[33,-56]],[[23901,40007],[-2,-26]],[[23899,39981],[-12,-13]],[[23855,39996],[5,45],[41,-34]],[[24060,40165],[-29,31],[-5,56]],[[24026,40252],[65,19]],[[24091,40271],[16,-63],[-47,-43]],[[23942,40284],[-63,-51],[-1,-44],[32,-35]],[[23910,40154],[-89,-41]],[[23650,40158],[126,59],[-16,63],[10,37]],[[23770,40317],[104,67]],[[23885,40385],[57,-101]],[[24060,40165],[42,-57]],[[24102,40108],[-12,-14]],[[24090,40094],[-78,3],[-21,-29]],[[23991,40068],[-81,86]],[[23942,40284],[84,-32]],[[23991,40068],[2,-36]],[[23993,40032],[-35,-42]],[[23958,39990],[-7,6]],[[23951,39996],[-20,19],[-30,-8]],[[24152,40298],[-61,-27]],[[24224,40283],[30,-109],[46,-72]],[[24300,40102],[-29,-31],[-98,17]],[[24173,40088],[-71,20]],[[24414,40285],[-16,-73]],[[24398,40212],[-51,18],[5,77]],[[24352,40307],[62,-22]],[[24398,40212],[48,-37]],[[24446,40175],[-67,-13],[-50,-64]],[[24329,40098],[-29,4]],[[24331,40315],[21,-8]],[[24507,40353],[-93,-68]],[[24350,40399],[157,-46]],[[24642,40173],[35,-18],[-3,-96]],[[24674,40059],[8,1]],[[24682,40060],[-94,-108]],[[24588,39952],[-66,30]],[[24522,39982],[-22,13]],[[24500,39995],[27,36],[-9,106]],[[24518,40137],[23,47],[47,-6],[54,-5]],[[24588,40301],[49,-91]],[[24637,40210],[5,-37]],[[24518,40137],[-72,38]],[[24507,40353],[20,6]],[[24527,40359],[61,-58]],[[24574,40478],[-43,-58],[-4,-61]],[[24293,40502],[138,25]],[[24431,40527],[12,-55],[63,4],[50,44],[18,-42]],[[24500,39995],[-47,-39],[-75,4]],[[24378,39960],[-18,53],[24,44],[-55,41]],[[23958,39990],[12,-22]],[[23970,39968],[-34,-34],[-38,3]],[[23899,39981],[52,15]],[[24024,39933],[-14,-1]],[[24010,39932],[-40,36]],[[23993,40032],[58,-22],[1,-43],[-28,-34]],[[24051,39918],[-24,-69]],[[24027,39849],[-39,46],[22,37]],[[24024,39933],[27,-15]],[[24173,40088],[-8,-44],[-32,-23]],[[24133,40021],[-43,29],[0,44]],[[24027,39849],[-28,-28]],[[24522,39982],[-29,-63],[-73,-44],[18,-55],[-8,-35],[-52,-25]],[[24378,39760],[-105,1]],[[24273,39761],[-62,71],[-40,0]],[[24171,39832],[-26,123]],[[24145,39955],[154,-35],[79,40]],[[24171,39832],[-46,-80],[-30,-8]],[[24051,39918],[25,38],[60,10]],[[24136,39966],[9,-11]],[[24273,39761],[-17,-45],[-69,4],[-46,-57]],[[24141,39663],[-22,8]],[[24378,39760],[-24,-73]],[[24354,39687],[-41,-59]],[[24313,39628],[-62,-25],[-17,-72]],[[24234,39531],[-29,7]],[[24205,39538],[-64,125]],[[24136,39966],[-3,55]],[[24077,39364],[9,-11]],[[24086,39353],[-29,-37]],[[24057,39316],[-25,35],[14,21],[31,-8]],[[23968,39417],[-122,-70]],[[23846,39347],[-33,-19],[-30,26]],[[23924,39497],[44,-80]],[[24205,39538],[-98,15],[-17,-56]],[[24090,39497],[-67,-20],[-22,68]],[[24179,39064],[-20,-45]],[[24159,39019],[-47,-6],[-21,-48]],[[24091,38965],[-62,30]],[[24029,38995],[-42,81]],[[23987,39076],[114,78]],[[24101,39154],[78,-90]],[[24029,38995],[-84,-87]],[[23945,38908],[-84,49]],[[23861,38957],[5,28]],[[23866,38985],[61,107]],[[23927,39092],[60,-16]],[[24055,39410],[22,-46]],[[24057,39316],[7,-22]],[[24064,39294],[-83,-51]],[[23981,39243],[-39,46],[-67,20]],[[23875,39309],[-29,38]],[[23968,39417],[53,-32],[34,25]],[[24090,39497],[-35,-87]],[[24233,39307],[-118,-115]],[[24115,39192],[-3,8]],[[24112,39200],[-48,94]],[[24086,39353],[90,20]],[[24176,39373],[23,0],[34,-66]],[[24234,39531],[9,-47]],[[24243,39484],[-47,-40],[-20,-71]],[[23981,39243],[-17,-84],[-44,-22]],[[23920,39137],[-76,72]],[[23844,39209],[-4,53],[35,47]],[[24112,39200],[-26,-25],[15,-21]],[[23927,39092],[-7,45]],[[23698,39006],[28,32],[14,37],[26,-21],[-12,-55],[-52,-8],[-4,15]],[[23866,38985],[-40,27],[-20,61],[-53,30]],[[23753,39103],[-4,98]],[[23749,39201],[95,8]],[[23656,39332],[46,-48],[7,-54],[40,-29]],[[23753,39103],[-80,-46]],[[23673,39057],[-38,16],[-63,61],[-14,92]],[[23861,38957],[-47,-14]],[[23814,38943],[-96,-46],[-83,6]],[[23635,38903],[40,99],[-2,55]],[[24297,38873],[13,37],[25,12]],[[24336,38904],[-39,-31]],[[24077,38843],[14,35],[48,-16],[8,-31],[-27,-15],[-38,9],[-5,18]],[[24252,38703],[-41,-8],[-6,37],[45,3],[2,-32]],[[24170,38776],[-22,-14]],[[24148,38762],[-1,17]],[[24147,38779],[1,-1],[3,0],[4,0],[7,2],[2,-1],[3,-2],[3,-1]],[[24352,38850],[-20,-5],[-35,28]],[[24290,39153],[18,-30]],[[24308,39123],[-53,7],[1,45]],[[24256,39175],[34,-22]],[[24299,38778],[1,-2]],[[24300,38776],[-41,-5],[-68,24]],[[24191,38795],[55,23],[53,-40]],[[24025,38717],[20,19],[26,-7],[4,-20],[-26,-24],[-24,32]],[[24350,38762],[-22,30],[27,16]],[[24333,38933],[-46,-4]],[[24287,38929],[-8,2]],[[24279,38931],[5,34],[59,43]],[[24343,39008],[-22,-25],[12,-50]],[[23960,38711],[-3,27],[28,42]],[[23985,38780],[3,-50],[-28,-19]],[[24328,39048],[16,-39]],[[24344,39009],[-1,-1]],[[24279,38931],[-36,20]],[[24243,38951],[-84,68]],[[24179,39064],[65,29],[33,-57],[51,12]],[[24287,38929],[12,-151]],[[24191,38795],[-21,-19]],[[24147,38779],[-13,5]],[[24134,38784],[41,50],[4,41]],[[24179,38875],[64,76]],[[24179,38875],[-91,55]],[[24088,38930],[3,35]],[[24271,38588],[-56,18]],[[24215,38606],[86,163]],[[24301,38769],[31,-25]],[[24134,38784],[-146,24]],[[23988,38808],[-2,3]],[[23986,38811],[31,60],[71,59]],[[23986,38811],[-35,20]],[[23951,38831],[-14,12]],[[23937,38843],[8,65]],[[24300,38776],[1,-7]],[[24215,38606],[-54,25]],[[24161,38631],[-13,131]],[[24333,38933],[2,-6]],[[24115,39192],[45,-49],[91,31]],[[24251,39174],[5,1]],[[24308,39123],[20,-75]],[[24161,38631],[-93,5]],[[24068,38636],[-53,56],[-38,3]],[[23977,38695],[-17,16]],[[23985,38780],[3,28]],[[23757,38727],[75,87]],[[23832,38814],[59,-38]],[[23891,38776],[-5,-84]],[[23886,38692],[-60,32],[-48,-29],[-21,32]],[[23821,38882],[-62,-62],[-59,17]],[[23700,38837],[-65,22]],[[23635,38859],[0,44]],[[23814,38943],[20,-28],[-13,-33]],[[23951,38831],[-23,-55],[-37,0]],[[23832,38814],[16,32]],[[23848,38846],[89,-3]],[[23757,38727],[-57,110]],[[23821,38882],[27,-36]],[[23977,38695],[-42,-24],[-49,21]],[[26222,39737],[-52,-43],[-79,45]],[[26091,39739],[63,61]],[[26154,39800],[68,-63]],[[26342,39734],[-120,3]],[[26154,39800],[23,110]],[[26177,39910],[67,26],[45,64]],[[26289,40000],[97,1]],[[26386,40001],[12,-104],[65,-93],[-62,-76]],[[26565,39903],[16,-48],[-8,-76],[-59,-146]],[[26386,40001],[96,22]],[[26482,40023],[13,-35],[56,-29],[14,-56]],[[26128,39909],[49,1]],[[26091,39739],[-54,-17]],[[26037,39722],[-45,8],[-31,100]],[[25965,39926],[63,20],[100,-37]],[[26115,39556],[-56,77],[-22,89]],[[25910,39598],[-38,-29],[-54,19]],[[25818,39588],[8,43]],[[25826,39631],[50,12],[34,-45]],[[25751,39378],[-28,49],[9,28]],[[25732,39455],[53,52],[4,55],[29,26]],[[25910,39598],[101,-36],[53,-59]],[[25826,39631],[-51,31]],[[25661,39526],[71,-71]],[[15971,27412],[10,-31],[-37,-25],[-42,-59],[-1,-41],[-21,-54],[-1,-30],[-39,-66],[-56,-11],[-11,42],[-33,66],[-1,27],[-23,50],[26,24],[27,-11],[26,16],[51,9],[48,71],[21,17],[33,-7],[23,13]],[[30364,46536],[-5,-36],[-4,-33],[54,-193],[-49,-50],[124,-84],[26,-62],[-3,-64],[51,-29]],[[30558,45985],[-28,-109],[-101,-32],[-28,-36],[48,-79],[-2,-89],[47,-79],[-70,-39]],[[30424,45522],[-143,85],[-125,-51],[-37,-97],[-152,-24]],[[29967,45435],[-22,65],[-32,15],[-29,120],[-52,57],[44,57],[-18,53],[-182,82],[-35,52]],[[29641,45936],[62,59],[97,14],[10,75],[-34,145],[-37,60],[20,60]],[[29759,46349],[121,24],[31,117],[17,10],[61,36]],[[29989,46536],[14,15],[24,26],[37,39],[95,-39],[62,-26],[60,-25],[83,10]],[[29532,46500],[227,-151]],[[29641,45936],[-57,67],[-123,-58],[-59,18],[-92,-63],[-71,-15]],[[29239,45885],[-79,14],[-90,-97],[-117,-71],[-117,16]],[[28836,45747],[14,121],[-42,107],[73,204],[121,-19],[65,34],[83,132],[22,107],[41,38],[209,73],[110,-44]],[[28836,45747],[-68,-6],[-37,-29]],[[28731,45712],[4,195],[-55,90],[-41,133],[33,135],[57,-30],[44,50],[-5,70],[30,-20],[11,67],[59,38],[102,46],[99,-29],[-14,43],[-11,35],[7,16],[17,43],[94,64],[28,92],[61,-5]],[[29251,46745],[235,-66],[-14,-52],[38,-50],[7,-26],[15,-51]],[[28764,46395],[-52,-17],[-52,60],[35,59],[55,-15],[-7,-22],[21,-65]],[[28563,46364],[-31,-59],[-16,11],[20,57],[27,-9]],[[29239,45885],[-15,-89],[-58,-59],[56,-117],[-46,-109],[-56,-62],[52,-107],[90,-50],[23,-80]],[[29285,45212],[-37,10],[-26,-36],[-210,-59],[-55,11],[-56,55],[-87,0],[-56,21]],[[28758,45214],[37,222],[-17,89],[28,17],[-75,170]],[[29967,45435],[-24,-6],[4,-63]],[[29947,45366],[-205,-48],[-38,-46],[-110,-46],[-29,-50],[-202,13]],[[29363,45189],[-78,23]],[[30388,45056],[114,-105],[-31,-44]],[[30471,44907],[-23,-66],[-101,17],[2,-55],[-53,-34],[-240,5],[-259,-134],[-134,5],[-73,-51],[-176,-7],[-63,-37],[-94,56],[49,89]],[[29306,44695],[203,60],[51,101],[-4,49],[42,46],[5,45]],[[29603,44996],[203,-50],[49,52],[124,23],[35,68]],[[30014,45089],[121,-24],[46,-51],[100,29],[80,-21],[27,34]],[[22617,35958],[-18,-20],[36,-64],[-23,-57]],[[22468,35697],[-93,44],[-63,134],[-62,63],[-58,29],[-46,-21]],[[22146,35946],[-36,105]],[[22110,36051],[-4,78],[114,73]],[[22220,36202],[30,9],[68,20],[79,139],[45,-37],[42,-115]],[[22160,35556],[-60,-6],[-56,-84]],[[21761,35220],[-49,16],[-15,-29],[-3,-61]],[[21694,35146],[-62,5]],[[21632,35151],[-5,56],[36,53],[20,28],[-55,101],[48,97]],[[21676,35486],[57,49],[45,0],[25,1],[36,61],[22,36],[-67,115]],[[21794,35748],[105,3],[100,69]],[[21999,35820],[60,-162],[60,-61],[41,-41]],[[21676,35486],[-118,34],[-27,7],[-40,70],[-23,38],[-32,0]],[[21436,35635],[-50,2]],[[21386,35637],[18,171],[50,36],[33,-24],[8,35]],[[21495,35855],[63,13],[164,32]],[[21722,35900],[56,-118],[16,-34]],[[22171,36400],[49,-198]],[[22110,36051],[-176,-67],[-107,80]],[[21827,36064],[-10,81],[18,36]],[[21835,36181],[117,162],[10,80]],[[21962,36423],[57,6],[57,-50],[95,21]],[[21632,35151],[-74,0],[-93,0],[-103,82]],[[21362,35233],[7,27],[15,64],[60,102],[-26,52],[46,29],[-19,90],[-9,38]],[[22342,35548],[-92,4],[-90,4]],[[21999,35820],[53,97],[94,29]],[[21722,35900],[51,56],[11,96],[43,12]],[[22704,37372],[6,-26],[26,-42],[7,-42],[84,-46],[-2,-75],[-29,-28]],[[22726,36923],[-49,47],[-179,50],[-42,76],[-114,-56]],[[22342,37040],[-97,152]],[[22245,37192],[99,73],[40,86],[117,46]],[[22501,37397],[68,-55],[96,-4],[39,34]],[[22525,36607],[40,-57],[48,-153]],[[22171,36400],[57,149],[22,22],[62,60],[11,45]],[[22323,36676],[152,-85],[50,16]],[[22995,36543],[-72,-141],[-139,-130]],[[22525,36607],[152,24],[118,-22]],[[22323,36676],[-6,141]],[[22317,36817],[-20,43],[55,91],[-10,89]],[[23276,37206],[64,-96],[49,27],[72,-28],[72,81]],[[23096,37058],[55,176],[71,4],[54,-32]],[[23103,36577],[23,-201],[-17,-56],[-57,-275]],[[23052,36045],[-1,-32]],[[23051,36013],[-48,32],[-105,-24],[-40,27],[-28,69]],[[23443,36252],[-55,-43],[-11,-78],[-53,-21],[3,-45],[60,-36],[15,-60]],[[23402,35969],[-62,-41]],[[23340,35928],[-156,106],[-19,55],[-29,-24],[-8,-66],[-76,46]],[[30645,44332],[296,-22],[71,39],[47,-41],[-6,-36],[-80,-45],[-75,-154],[-119,-98]],[[30779,43975],[-91,122],[-41,4],[-16,29],[-53,-30]],[[30578,44100],[54,81]],[[30779,43975],[56,-204],[3,-126],[71,-166],[-67,-45],[-47,-76],[-18,-79]],[[30777,43279],[-150,56],[-131,-52],[-79,42],[-91,132],[-45,4],[-182,107],[-107,-3]],[[30558,44071],[20,29]],[[29576,32559],[-17,17],[-9,30]],[[29550,32606],[26,27],[13,-7],[5,-22],[-18,-45]],[[29546,32601],[-16,-40]],[[29530,32561],[-39,9]],[[29491,32570],[8,12]],[[29499,32582],[42,26]],[[29541,32608],[5,-7]],[[29576,32559],[-5,-30]],[[29571,32529],[-41,32]],[[29546,32601],[4,5]],[[29571,32529],[-6,-25],[-16,-11]],[[29549,32493],[-24,49]],[[29525,32542],[5,19]],[[23813,36063],[-63,-103],[62,-134],[-84,-77]],[[23728,35749],[-117,-13],[-25,9],[-68,-53],[-90,24]],[[23428,35716],[-57,67],[-31,145]],[[23402,35969],[55,12],[73,134],[58,-30],[23,43],[106,-15],[117,111]],[[23834,36224],[-25,-73],[4,-88]],[[23725,36473],[51,-117],[78,-36],[20,-64]],[[23874,36256],[-40,-32]],[[24094,35898],[-65,-94],[3,-58]],[[24032,35746],[-31,-19],[-1,1],[-8,-9],[0,-2],[-1,-1],[2,-2],[-83,-45],[-66,-72],[-16,-18]],[[23828,35579],[-25,74],[-75,96]],[[23813,36063],[51,-71],[118,-60],[74,11],[38,-45]],[[23427,35713],[11,-23],[-29,-42],[9,-51],[7,-39],[-16,-29],[14,-62],[-24,-53]],[[23399,35414],[-92,18],[-33,66],[-79,3],[-61,46],[-77,-31],[-47,42],[-101,10]],[[22909,35568],[20,29],[68,94],[43,9],[42,123]],[[23082,35823],[249,-135],[96,25]],[[23828,35579],[-11,-21],[-60,-31],[-29,-114],[-117,-38],[-158,-25],[-54,64]],[[23427,35713],[1,3]],[[23082,35823],[20,53],[-51,137]],[[24669,34690],[-8,-104],[-9,-26],[-50,-123],[-129,82],[-10,41],[19,26],[-61,153],[-28,234]],[[24393,34973],[137,-88],[76,-126],[14,-60],[49,-9]],[[24393,34973],[58,101],[50,40],[65,44],[65,4],[21,119],[19,15],[19,-37],[11,-145],[9,-127],[7,-95],[-30,-133],[-18,-69]],[[28581,32432],[-25,-43],[-66,85],[2,33],[19,23],[21,-33],[39,-23],[10,-42]],[[28275,33370],[-6,-18],[-30,17],[-87,167],[23,24],[74,-6],[-19,-53],[25,-104],[20,-27]],[[28489,32752],[-1,-36],[16,11],[48,-93],[-7,-24],[-31,2],[-33,26],[-14,-14],[-42,39],[-34,14],[21,77],[30,-10],[15,16],[1,70],[15,-2],[16,-76]],[[28540,32744],[-28,-2],[-25,86],[29,-10],[-5,-20],[29,-54]],[[28531,32921],[-46,-18],[-19,14],[-1,30],[14,55],[17,28],[24,8],[11,-117]],[[28599,32900],[-20,-41],[-13,42],[12,30],[22,-3],[-1,-28]],[[28750,33212],[1,-79],[60,-90],[6,-65],[70,-19],[50,45]],[[28937,33004],[19,-9]],[[28956,32995],[1,-116],[-22,-36],[-30,-64]],[[28905,32779],[-232,-22],[-39,121],[-102,169],[40,39],[70,-27],[18,41],[-8,47]],[[29083,32652],[-7,-60],[-39,-58],[9,-49]],[[29046,32485],[-78,-25],[-50,40]],[[28918,32500],[-27,39],[-43,-32],[-54,21],[-59,102]],[[28735,32630],[13,53],[78,-23],[84,95],[173,-103]],[[28918,32500],[-27,-26],[-2,-112],[55,-72]],[[28944,32290],[-21,-15],[-10,-31],[-66,-12]],[[28847,32232],[-37,84],[-125,158],[-25,50],[75,106]],[[29408,32851],[-12,-32],[123,-52]],[[29519,32767],[12,-7]],[[29531,32760],[-19,-70]],[[29512,32690],[-38,-38],[-57,63],[-78,-49]],[[29339,32666],[-105,36],[-71,68]],[[29163,32770],[-28,81],[19,29]],[[29154,32880],[165,3],[89,-32]],[[29408,32851],[60,29],[-132,173],[28,63],[43,-2],[92,-105],[165,-86],[64,-201],[74,-74],[11,-46],[-26,-29],[-53,16],[-105,186],[-110,-8]],[[29872,33007],[-23,-26],[-31,28],[8,18],[-44,29],[20,56],[31,-28],[-1,-32],[40,-45]],[[29303,33050],[-21,-29],[-34,24],[23,30],[32,-25]],[[28935,33158],[-31,-61],[33,-93]],[[29302,33124],[-23,-38],[-61,-31],[-52,11],[-11,-23],[150,-62],[37,-47],[53,-8],[13,-75]],[[29154,32880],[-49,84],[-53,41],[-42,-29],[-54,19]],[[29163,32770],[-14,-28],[-44,66],[-27,-39],[-59,-11],[-67,34],[-47,-13]],[[29046,32485],[291,-59]],[[29337,32426],[27,-74]],[[29364,32352],[0,-35],[76,-39],[1,-27]],[[29441,32251],[-102,-45],[-15,63],[-113,68],[-6,-45],[57,-201],[28,-40]],[[29290,32051],[-57,-14],[-33,17],[-13,37],[-32,93],[-50,21],[-14,-55],[-50,23],[-21,-63],[-69,110],[-7,70]],[[29336,32607],[21,-60]],[[29357,32547],[-37,-34],[22,-42],[-5,-45]],[[29083,32652],[22,-5],[146,-101],[28,14],[-7,47],[64,0]],[[29290,32051],[28,-270],[-129,114],[-41,-36],[-43,-105],[-52,155],[-58,97],[-48,-12],[-39,-79],[-51,38],[-35,129],[25,150]],[[18849,35719],[-20,-123],[-63,-159],[9,-137],[-17,-40],[-11,-27]],[[18747,35233],[-65,2],[-48,-28],[-120,-55],[-15,-7]],[[18499,35145],[-94,-67],[-3,74],[9,34],[-55,21],[4,53],[-38,50],[38,101],[94,76],[198,34],[-6,71],[19,35],[111,94],[73,-2]],[[19076,35615],[-44,-85],[74,-127],[31,-7],[-29,-57],[39,-70]],[[19147,35269],[-64,-125],[-22,-98]],[[19061,35046],[-18,-32],[-24,-44],[-52,34],[-66,-19],[-56,29],[-44,22],[-31,49]],[[18770,35085],[5,21],[10,46],[-38,81]],[[18849,35719],[81,-11],[69,-72],[77,-21]],[[19061,35046],[80,-16],[7,-16],[23,-57],[-11,-50]],[[19160,34907],[-11,-12],[-51,-54],[-6,-89]],[[19092,34752],[-59,1],[-14,-51]],[[19019,34702],[-74,-29],[-108,41],[-108,-45]],[[18729,34669],[-38,-1]],[[18691,34668],[-11,58],[31,62],[-32,64]],[[18679,34852],[-11,43],[-31,119],[45,54],[88,17]],[[31314,49604],[-104,-66],[36,-53],[-82,-165],[38,-133],[242,-125],[219,-225],[-37,-97],[-258,-289],[13,-75],[152,-208]],[[31533,48168],[-299,12],[-39,-63],[52,-67],[-29,-58],[8,-36],[-84,-30],[18,-59],[-20,-25],[-202,-4],[-90,60],[-226,-124],[-220,5],[-57,42],[-222,-37],[-118,-79]],[[30005,47705],[-134,32],[-43,44],[-132,25],[-7,24]],[[29689,47830],[-13,57],[-70,124],[-60,31],[-24,48],[4,93],[65,60],[34,146],[-137,193],[10,40],[45,24],[4,66],[-107,33],[39,60],[-18,127],[47,53],[-5,27],[-106,91],[-44,7],[-41,84],[-234,93],[-101,6],[-180,108],[-205,123],[-50,65],[-80,20]],[[28462,49609],[61,25],[99,-24],[18,28],[-20,39],[9,29],[85,40],[83,-14],[24,-4],[28,-22],[101,-90],[142,-189],[272,-49],[152,38],[49,59],[44,9],[322,-138],[78,35],[45,103],[147,51],[29,56],[-14,115],[17,52],[21,20],[-3,34],[36,74],[22,73],[174,131],[198,-11],[196,85],[99,5],[152,-138],[132,-40],[118,-36],[67,-112],[-145,-130],[-24,-68],[38,-41]],[[31595,47655],[-30,-123],[52,-61],[-54,-69],[1,-77],[123,-92],[20,-162],[143,-146],[-22,-91],[-45,-66],[-114,-68]],[[31669,46700],[-69,-20],[-45,84],[-247,-19],[-126,20],[-62,-66]],[[31120,46699],[-39,-38],[-159,116],[-146,43],[-163,34]],[[30613,46854],[-29,28],[0,43],[12,44],[120,51],[48,96],[4,37],[-46,113],[53,44],[1,106],[165,25],[74,65],[157,32],[75,63],[151,55],[197,-1]],[[30613,46854],[-203,-108],[-1,-118],[-22,-51],[-14,-26],[-9,-15]],[[29989,46536],[-19,15],[-34,26],[-283,294],[-32,-1],[-28,-49],[-87,39]],[[29506,46860],[46,65],[12,16],[18,26],[54,74],[108,87],[94,152],[139,47],[84,-3],[33,40],[-26,111],[4,159],[-67,71]],[[31533,48168],[119,-174],[67,-219],[-124,-41],[28,-46],[-28,-33]],[[29932,47374],[-29,-23],[-70,33],[0,24],[92,23],[7,-57]],[[28358,44795],[-25,-58],[-44,12],[3,-39],[41,-22],[31,44],[11,-39],[-42,-46],[-208,99],[-5,10],[44,46],[8,41],[45,-67],[12,91],[104,-36],[25,-36]],[[28484,44664],[-33,-39],[-50,25],[31,41],[2,21],[48,-14],[2,-34]],[[28426,44815],[-7,-49],[-37,12],[30,52],[14,-15]],[[28641,44862],[-18,-42],[-22,54],[7,26],[33,-38]],[[28656,44933],[-6,-44],[-27,16],[-6,27],[5,16],[34,-15]],[[28626,45016],[-11,-56],[-25,14],[14,56],[22,-14]],[[28551,44764],[-34,0],[-6,18],[22,29],[25,-22],[-7,-25]],[[22291,38524],[-28,-18]],[[22263,38506],[-20,19],[7,15]],[[22250,38540],[9,12],[32,-28]],[[22655,38526],[-18,-62],[42,-66]],[[22679,38398],[-43,-67],[-5,-59]],[[22631,38272],[-112,-21],[-51,-103]],[[22468,38148],[-99,-21],[-44,27],[-38,80]],[[22287,38234],[32,48],[25,156]],[[22344,38438],[7,63]],[[22351,38501],[-13,111]],[[22338,38612],[13,38]],[[22351,38650],[163,21]],[[22514,38671],[141,-145]],[[22218,38557],[-14,-38],[23,-35]],[[22227,38484],[-62,-58],[-42,-117]],[[22123,38309],[-34,9],[-70,106],[-39,150]],[[21980,38574],[-4,55],[41,20]],[[22017,38649],[159,-36],[42,-56]],[[22227,38484],[32,-15]],[[22259,38469],[85,-31]],[[22287,38234],[-37,-5],[-102,-14]],[[22148,38215],[-25,94]],[[22263,38506],[-4,-37]],[[22218,38557],[31,23]],[[22249,38580],[1,-40]],[[22351,38501],[-60,23]],[[22249,38580],[89,32]],[[22017,38649],[32,85]],[[22049,38734],[29,-30],[111,12],[61,-25],[101,-41]],[[22447,37795],[6,-101],[34,-57],[27,-127],[-13,-113]],[[22245,37192],[-38,2]],[[22207,37194],[3,119],[-25,49],[-8,152],[-30,56],[-53,8],[1,52]],[[22095,37630],[100,47],[3,46],[34,35],[-32,72],[31,20]],[[22231,37850],[19,-9],[129,-59],[68,13]],[[22148,38215],[-8,-61],[-154,-105]],[[21986,38049],[-92,-11],[-60,67],[-56,7],[-23,3]],[[21755,38115],[-14,50]],[[21741,38165],[-7,67],[44,49],[17,19],[-17,44],[-32,82]],[[21746,38426],[32,10],[146,47],[56,91]],[[22207,37194],[-134,7],[-122,-49]],[[21951,37152],[-81,20]],[[21870,37172],[-14,60],[-68,55],[-10,37],[-14,48]],[[21764,37372],[14,3],[25,8],[36,131],[79,43],[3,55]],[[21921,37612],[126,43],[48,-25]],[[21764,37372],[-69,117],[-102,-8],[-35,60],[-71,59]],[[21487,37600],[60,243]],[[21547,37843],[52,-6],[79,54]],[[21678,37891],[100,-39],[44,-17],[28,-153],[71,-70]],[[21986,38049],[12,-109],[71,-69],[132,11],[30,-32]],[[21678,37891],[75,142],[2,82]],[[22468,38148],[63,-89],[-39,-112],[-48,-31],[38,-94]],[[22482,37822],[-35,-27]],[[23298,37841],[36,-12],[-18,-74],[31,-78]],[[23347,37677],[-90,-178]],[[23257,37499],[-196,-28],[-159,124]],[[22902,37595],[-36,101]],[[22866,37696],[-6,40],[50,140],[31,65],[-11,76]],[[22930,38017],[140,52]],[[23070,38069],[70,-70],[32,-101],[126,-57]],[[22902,37595],[-48,-61],[-16,-138],[-64,-38],[-70,14]],[[22482,37822],[100,-45],[95,11],[68,-59],[121,-33]],[[23257,37499],[47,-62],[11,-114],[-19,-58],[8,-41],[-28,-18]],[[22631,38272],[46,-38],[119,-206],[134,-11]],[[23558,37267],[-22,34],[36,85],[-130,146],[0,61],[-34,62]],[[23408,37655],[158,70],[69,62],[151,31]],[[23786,37818],[39,-21],[6,-49]],[[23347,37677],[61,-22]],[[23791,37956],[-16,-80],[11,-58]],[[23298,37841],[10,35],[91,14],[14,68],[59,60]],[[23472,38018],[70,47],[46,-39],[47,12],[41,-34],[42,14],[73,-62]],[[23791,37956],[8,5]],[[23799,37961],[66,-85],[31,-90]],[[21610,38580],[-52,-2],[-39,-1],[-98,-65],[-111,17],[-125,-58]],[[21185,38471],[-91,38],[22,69],[56,61],[-19,73],[-49,25],[-16,46]],[[21088,38783],[56,38],[264,-56],[150,72],[12,6]],[[21570,38843],[40,-263]],[[21185,38471],[29,-53],[-38,-85]],[[21176,38333],[-71,4]],[[21105,38337],[-19,-1],[-60,-4],[-55,-8],[-37,78]],[[20934,38402],[23,29],[-24,76],[-14,181],[-63,143],[-22,143],[192,-1],[13,-91],[49,-99]],[[21741,38165],[-123,72],[-60,76],[-107,-45]],[[21451,38268],[-50,91],[-144,-49],[-81,23]],[[21610,38580],[106,-93],[30,-61]],[[21681,38843],[97,-35],[28,-54],[133,98],[113,-21]],[[22052,38831],[18,-56],[-21,-41]],[[21570,38843],[5,0],[8,1],[2,1],[9,2],[1,0],[13,5],[6,3],[12,9],[5,3],[3,2],[3,1],[3,1],[5,-1],[2,-2],[5,-7],[7,-9],[4,-5],[4,-3],[1,-1],[4,-2],[1,0],[2,0],[3,1],[3,1]],[[22076,39023],[-24,-70],[19,-75],[-19,-47]],[[21681,38843],[-1,1],[-2,0],[-5,0],[-5,1],[-6,6],[-7,10],[-2,3],[-4,4],[-2,4],[-3,1],[-1,1],[-3,0],[-3,0],[-3,-1],[-3,-2],[-5,-4],[-9,-6],[-1,-1],[-3,-1],[-7,-3],[-5,-1],[-3,-1],[-7,-1],[-7,0],[-11,1],[-10,1],[-2,-3],[-2,0],[-60,40],[25,82],[34,32],[381,185]],[[21939,39191],[106,-95],[31,-73]],[[29541,32608],[-29,82]],[[29531,32760],[119,-80],[5,-263],[-28,-22],[-78,98]],[[29499,32582],[-142,-35]],[[29336,32607],[31,36],[-28,23]],[[29315,31596],[-3,-47],[-35,14],[-14,41],[-3,49],[19,33],[18,-40],[29,-33],[-11,-17]],[[29364,32352],[39,-22],[1,35],[28,6],[-4,-56],[28,-37],[-15,-27]],[[29525,32542],[-71,-12],[9,31],[28,9]],[[29476,32403],[-17,-12],[-23,54],[45,3],[-5,-45]],[[29466,31990],[13,-57],[-31,11],[-11,48],[29,-2]],[[29638,32269],[-34,-8],[-18,37],[37,10],[15,-39]],[[29367,32176],[-13,-37],[-22,1],[-7,28],[10,24],[32,-16]],[[29473,32236],[6,-53],[-44,22],[12,31],[26,0]],[[29631,31923],[-32,-15],[-21,35],[32,17],[21,-37]],[[30456,33269],[63,-123],[-27,-36],[-118,28],[-1,69],[-43,-32],[-61,47],[15,50],[91,29],[6,26],[52,5],[27,-31],[-4,-32]],[[30034,33666],[44,-18],[34,17],[7,-14],[-26,-86],[-37,47],[-22,-52],[-39,60],[6,37],[33,9]],[[30003,33416],[-34,-53],[-7,32],[17,46],[24,-25]],[[30651,32417],[-51,-36],[-74,37],[-4,9],[57,42],[71,-34],[1,-18]],[[30353,32327],[-17,-21],[-32,2],[33,62],[49,1],[35,30],[16,-14],[-46,-51],[-38,-9]],[[30318,32906],[38,-34],[17,6],[-10,-76],[8,-59],[-18,-21],[-2,-33],[-30,-35],[-50,53],[44,55],[-2,25],[-54,86],[7,17],[52,16]],[[30194,32901],[-5,-44],[-28,11],[-3,28],[21,23],[15,-18]],[[25180,38188],[2,12]],[[25173,38310],[14,70]],[[25187,38380],[33,18]],[[25145,38115],[-34,-3]],[[25111,38112],[-44,63]],[[25067,38175],[-15,142]],[[25052,38317],[64,17],[21,64]],[[25137,38398],[50,-18]],[[25052,38317],[-85,24]],[[25038,38440],[42,23],[57,-65]],[[25067,38175],[-72,-20],[-30,29]],[[24965,38184],[-6,55],[-41,69]],[[24965,38184],[-46,-66]],[[24895,37876],[-34,-67]],[[25027,37815],[18,61],[-62,104]],[[24983,37980],[106,63],[22,69]],[[24983,37980],[-66,-20]],[[26101,40551],[19,-39]],[[26120,40512],[19,-20],[-8,-33]],[[26131,40459],[-95,-1]],[[26036,40458],[-37,13]],[[25999,40471],[-49,-3]],[[25950,40468],[-20,19],[10,40]],[[25940,40527],[9,54]],[[25949,40581],[80,27]],[[26029,40608],[72,-57]],[[25676,40495],[21,7]],[[25697,40502],[41,-15],[5,-17],[-35,-30],[-32,55]],[[26326,40140],[11,39],[35,-35],[23,-8],[-10,-47],[-49,-1],[-10,52]],[[26378,40457],[37,12]],[[26415,40469],[23,-68]],[[26438,40401],[-60,-1],[0,57]],[[25950,40468],[-51,-21],[-42,58]],[[25857,40505],[83,22]],[[26282,40779],[5,-36]],[[26287,40743],[-133,-87],[12,-58],[-65,-47]],[[26029,40608],[33,112],[-14,47],[21,27]],[[26069,40794],[100,30],[28,-35],[85,-10]],[[26385,40267],[-30,-52],[-92,-30]],[[26263,40185],[-74,2],[-24,-79]],[[26165,40108],[-99,30]],[[26066,40138],[-6,95],[42,49],[-66,176]],[[26131,40459],[43,-43],[19,-86],[192,-63]],[[26165,40108],[26,-76],[-67,-45],[4,-78]],[[25944,40175],[122,-37]],[[25835,40633],[71,-2],[43,-50]],[[25857,40505],[-144,45],[-16,-48]],[[25676,40495],[-15,6]],[[25638,40686],[70,-17],[53,23],[74,-59]],[[26382,40625],[44,-30]],[[26426,40595],[22,-57],[-33,-69]],[[26378,40457],[-71,60],[-187,-5]],[[26287,40743],[-1,-31],[96,-87]],[[25835,40633],[70,125],[-17,133]],[[25888,40891],[87,37]],[[25975,40928],[11,-17],[31,-73],[52,-44]],[[26263,40185],[26,-185]],[[26438,40401],[32,-23],[20,-87]],[[26490,40291],[-13,-38]],[[26477,40253],[-92,14]],[[25666,40975],[139,-64],[12,-7],[23,5],[12,-8],[14,6],[22,-16]],[[25596,40740],[66,46],[-6,125],[7,66]],[[25663,40977],[3,-2]],[[25999,40471],[-112,-138],[-6,-59],[-66,-33]],[[25416,40820],[-113,47]],[[25303,40867],[84,8],[16,36],[30,22],[45,-7],[99,61],[86,-10]],[[26477,40253],[-35,-96],[43,-89],[-3,-45]],[[26374,40981],[6,-38],[-18,-32],[-12,-76],[-68,-56]],[[25975,40928],[65,20],[95,115]],[[26135,41063],[45,15],[44,-44],[79,-1],[-10,-85],[81,33]],[[24526,40870],[-23,-63]],[[24503,40807],[-69,18]],[[24434,40825],[-20,35]],[[24357,40925],[34,-14],[135,-41]],[[24380,41089],[-11,44]],[[24369,41133],[30,-11],[12,-33],[-52,-29]],[[24977,41038],[-131,-7],[-52,47]],[[24794,41078],[-14,28]],[[24371,41348],[-24,-50],[-28,13],[31,47],[21,-10]],[[24421,39129],[18,1]],[[24439,39130],[4,-32],[-32,-52],[-16,36],[13,39],[13,8]],[[24460,39252],[-3,-22]],[[24457,39230],[-21,-41]],[[24436,39189],[-43,-24]],[[24393,39165],[-24,24]],[[24369,39189],[23,54]],[[24392,39243],[42,36]],[[24434,39279],[26,-27]],[[24470,39228],[-8,-35],[-26,-4]],[[24457,39230],[13,-2]],[[24251,39174],[-9,39],[61,22]],[[24303,39235],[1,-80]],[[24304,39155],[-14,-2]],[[24344,39009],[38,-3]],[[24382,39006],[81,6]],[[24463,39012],[46,-147]],[[24544,39071],[-81,-59]],[[24382,39006],[-9,72],[30,58]],[[24403,39136],[18,-7]],[[24439,39130],[98,20]],[[24393,39165],[10,-29]],[[24304,39155],[65,34]],[[24368,39373],[66,-94]],[[24392,39243],[-80,22]],[[24312,39265],[0,52]],[[24312,39317],[39,66]],[[24351,39383],[17,-10]],[[24529,39192],[-59,36]],[[24460,39252],[24,46],[104,4],[29,41],[4,30],[8,22]],[[24629,39395],[30,-19],[36,21]],[[24695,39397],[15,-24],[71,-22]],[[24303,39235],[9,30]],[[24233,39307],[79,10]],[[24368,39373],[18,11]],[[24386,39384],[29,30],[86,-19],[45,33]],[[24546,39428],[42,-30],[41,-3]],[[24386,39384],[1,155]],[[24387,39539],[117,3]],[[24504,39542],[58,-84],[-16,-30]],[[24351,39383],[-108,101]],[[24313,39628],[74,-89]],[[24523,39670],[60,-56]],[[24583,39614],[-41,-24],[-38,-48]],[[24354,39687],[169,-17]],[[24682,39592],[58,-33]],[[24740,39559],[-5,-60],[-43,-36],[3,-66]],[[24583,39614],[99,-22]],[[24656,39896],[57,-7],[5,-23],[-21,-20],[-39,17],[-2,33]],[[24740,39559],[56,30],[51,-13]],[[24682,39592],[53,124],[61,33]],[[24796,39749],[83,-49]],[[24765,40023],[-25,-33],[-8,-85],[49,-39]],[[24781,39866],[-19,-1],[-14,-61]],[[24748,39804],[-110,31],[-42,-38]],[[24596,39797],[-22,55],[14,100]],[[24682,40060],[83,-37]],[[24748,39804],[48,-55]],[[24523,39670],[68,84],[5,43]],[[24781,39866],[23,52],[44,-9]],[[25552,41445],[69,38]],[[25621,41483],[24,-19],[-42,-80],[-51,61]],[[25315,41159],[50,15]],[[25365,41174],[12,-39],[-20,-30],[-42,54]],[[25889,41351],[64,-45],[21,-53],[43,1],[23,-42],[87,-40],[8,-109]],[[25666,40975],[-9,137]],[[25657,41112],[49,49],[55,0],[49,102],[18,89]],[[25828,41352],[61,-1]],[[25657,41112],[-173,111]],[[25484,41223],[-10,103],[-70,38]],[[25404,41364],[31,57],[43,10],[74,14]],[[25621,41483],[29,17]],[[25650,41500],[42,-87],[136,-61]],[[26002,41455],[-40,-87],[-73,-17]],[[25650,41500],[58,23],[28,70],[78,-42],[67,33],[74,-23],[9,88],[39,57],[46,-86],[32,41],[30,-4],[-26,-57],[33,-58],[-94,-38],[-22,-49]],[[25484,41223],[-85,-7],[-34,-42]],[[25315,41159],[-51,-38],[-68,35]],[[25180,41325],[85,30],[59,-35],[80,44]],[[26310,41310],[-4,-34]],[[26306,41276],[-50,3],[-54,-16],[22,-36],[101,-43]],[[26325,41184],[49,-203]],[[26002,41455],[53,-44],[116,26],[48,-92],[48,2],[43,-37]],[[25303,40867],[-32,19]],[[25271,40886],[-12,25],[-59,73],[-125,16]],[[25091,40414],[-46,-59]],[[25045,40355],[-27,18]],[[25018,40373],[-1,60]],[[25017,40433],[63,8]],[[25080,40441],[11,-27]],[[25045,40355],[-19,-32],[6,-46]],[[25032,40277],[-62,-6]],[[24970,40271],[11,22],[-29,52]],[[24952,40345],[8,7]],[[24960,40352],[58,21]],[[25175,40504],[-14,-69],[-61,25]],[[25100,40460],[-1,29],[38,25],[38,-10]],[[25190,40511],[-15,-7]],[[25100,40460],[-20,-19]],[[25017,40433],[-46,65]],[[24971,40498],[-6,34]],[[24965,40532],[41,49],[-4,66],[21,53]],[[25023,40700],[108,-11]],[[25103,40054],[-54,23],[-27,52],[-98,10]],[[24924,40139],[-30,73]],[[24894,40212],[48,44]],[[24942,40256],[28,15]],[[25032,40277],[31,-23]],[[25145,40278],[16,67],[-70,69]],[[24924,40139],[-14,-94],[-145,-22]],[[24674,40059],[91,115],[71,27]],[[24836,40201],[58,11]],[[24960,40352],[-76,56]],[[24884,40408],[87,90]],[[24942,40256],[-6,64],[16,25]],[[24503,40807],[11,-54],[57,-9]],[[24571,40744],[-38,-119],[-102,-98]],[[24415,40806],[19,19]],[[24746,40324],[6,-91]],[[24752,40233],[-33,34],[-82,-57]],[[24588,40301],[9,56],[87,46]],[[24684,40403],[25,-58],[37,-21]],[[24836,40201],[-84,32]],[[24746,40324],[74,69],[64,15]],[[24643,40673],[71,-59]],[[24714,40614],[-90,-69],[1,-43]],[[24625,40502],[-37,-24],[-14,0]],[[24571,40744],[72,-71]],[[24625,40502],[40,-24],[19,-75]],[[24782,40602],[183,-70]],[[24714,40614],[68,-12]],[[24782,40602],[46,133],[125,31]],[[24953,40766],[70,-66]],[[24538,41258],[80,-61],[-36,-72]],[[24582,41125],[-41,-20],[-18,-8],[-23,-87]],[[24500,41010],[-99,-52],[-30,7],[-9,37]],[[24369,41133],[5,101],[51,56],[38,-30],[75,-2]],[[25032,41012],[-62,-27],[-18,-74],[-38,-15],[-16,-25]],[[24898,40871],[-134,50]],[[24764,40921],[-41,65]],[[24723,40986],[66,57],[5,35]],[[25159,40720],[10,89],[-40,59]],[[25129,40868],[48,53],[94,-35]],[[25129,40868],[-80,40],[-105,-70]],[[24944,40838],[-34,-6],[-12,39]],[[24556,40884],[-30,-14]],[[24500,41010],[56,-126]],[[24764,40921],[-17,-129],[-60,-37]],[[24687,40755],[-89,85],[-10,48],[-32,-4]],[[24582,41125],[82,-117],[59,-22]],[[24944,40838],[9,-72]],[[24643,40673],[44,82]],[[24538,41258],[87,18]],[[23941,40979],[-75,7],[-15,12]],[[23038,40424],[-40,8]],[[22998,40432],[23,60]],[[23021,40492],[55,-2]],[[23076,40490],[6,-1]],[[23082,40489],[-44,-65]],[[23076,40490],[-8,16],[29,31]],[[23097,40537],[17,11]],[[23114,40548],[22,-17],[-17,-38],[-37,-4]],[[23285,40411],[-83,-64],[-24,71]],[[23178,40418],[20,47]],[[23198,40465],[87,-54]],[[23146,40585],[-32,-37]],[[23097,40537],[-17,28],[-42,2]],[[23038,40567],[13,100]],[[23051,40667],[75,-25],[20,-57]],[[23191,40570],[35,-81],[-28,-24]],[[23178,40418],[-77,-42]],[[23101,40376],[-23,-9]],[[23078,40367],[-12,11],[-40,-1],[0,21],[12,26]],[[23146,40585],[45,-15]],[[23011,40296],[9,-10]],[[23020,40286],[-51,-51]],[[22969,40235],[-71,47]],[[22898,40282],[60,73]],[[22958,40355],[53,-59]],[[22969,40235],[-40,-20],[-55,37]],[[22874,40252],[12,16],[12,14]],[[23078,40367],[-67,-71]],[[22958,40355],[40,77]],[[23222,40216],[-51,-62]],[[23171,40154],[-111,-53]],[[23060,40101],[-19,-6]],[[23041,40095],[1,96]],[[23042,40191],[87,27]],[[23129,40218],[93,-2]],[[23042,40191],[14,60],[-36,35]],[[23101,40376],[24,-31],[-19,-39],[23,-88]],[[23041,40095],[-128,-36]],[[22913,40059],[-90,63],[-47,-2]],[[22776,40120],[70,52],[-16,65],[44,15]],[[22615,39906],[62,18],[87,-32],[59,25],[87,-22]],[[22913,40059],[-11,-29],[23,-120]],[[22913,39909],[-159,25],[-68,43],[20,38],[76,10],[-6,95]],[[23060,40101],[42,18],[41,-37],[-14,-59],[-40,-44]],[[23214,40108],[0,-55],[50,-46]],[[23264,40007],[-59,-68]],[[23171,40154],[43,-46]],[[23465,40119],[50,-89],[-59,-16]],[[23456,40014],[-192,-7]],[[23214,40108],[160,50]],[[23374,40158],[91,-39]],[[23457,39894],[-94,-69]],[[23456,40014],[24,-94],[-23,-26]],[[23536,39837],[-79,57]],[[23465,40119],[30,-5]],[[26688,34128],[83,-204],[72,-108],[-50,-122]],[[26793,33694],[-27,15],[-48,-37],[-26,2],[-21,14],[-13,29],[-35,39],[-36,12],[-33,29],[-5,23],[20,49],[0,22],[-36,95],[-32,46],[-80,-24],[-28,3]],[[26393,34011],[35,18],[-14,60],[25,46]],[[26439,34135],[202,-72],[47,65]],[[27526,33879],[-12,-46]],[[27514,33833],[-97,7],[-125,111],[-83,-62]],[[27209,33889],[-49,58],[1,115]],[[27161,34062],[214,19]],[[27375,34081],[58,-154],[93,-48]],[[27628,33953],[-102,-74]],[[27375,34081],[-11,42],[23,37]],[[27387,34160],[201,-131],[40,-76]],[[27628,33953],[101,-109],[35,-94],[-43,-182],[-104,61],[-37,132],[-66,72]],[[26870,34296],[-112,-46]],[[26758,34250],[-94,31],[-8,71],[-32,21]],[[26624,34373],[-48,113]],[[26576,34486],[-18,61],[12,13],[23,26],[18,19],[10,122]],[[26621,34727],[337,-8],[14,-76],[-50,-57],[-23,-26],[-17,-20],[40,-88]],[[26922,34452],[-4,-104],[-48,-52]],[[26779,34852],[-31,-36],[-14,48],[24,16],[21,-28]],[[27161,34062],[-58,24],[-49,-20],[-57,64]],[[26997,34130],[-14,44]],[[26983,34174],[57,136],[43,2],[16,33]],[[27099,34345],[179,-88],[109,-97]],[[26983,34174],[-51,8],[-14,69],[-48,45]],[[26922,34452],[177,-107]],[[26997,34130],[-34,-25],[-24,-90],[19,-128],[27,-64],[46,2],[19,-124]],[[27050,33701],[-34,-68],[-79,-14],[-64,52],[-42,-42]],[[26831,33629],[-38,65]],[[26688,34128],[62,43],[8,79]],[[27209,33889],[-76,-153]],[[27133,33736],[-68,6],[-15,-41]],[[27133,33736],[-12,-92],[-37,-81],[12,-69],[167,-107]],[[27263,33387],[-92,-75],[0,-77],[-48,-6]],[[27123,33229],[-60,-60],[-117,-20]],[[26946,33149],[-11,76],[-18,120],[-61,136],[-25,148]],[[22840,39352],[8,-11]],[[22878,39144],[-201,41],[-128,-24]],[[22549,39161],[-28,24]],[[22521,39185],[-8,54],[24,45],[-38,71],[-7,67],[-66,31],[-1,43],[-120,19],[-55,62],[-25,29],[-43,98]],[[22182,39704],[68,22],[86,27]],[[22521,39185],[-64,-4],[-56,38],[-109,-8],[7,63],[-49,-2],[-60,-3],[-95,75],[-66,3]],[[22029,39347],[-25,58],[12,211],[166,88]],[[22910,39132],[-4,-115],[-59,-73],[0,-115]],[[22847,38829],[-120,-51],[-16,-161],[-56,-91]],[[22514,38671],[-27,111],[34,46],[9,166]],[[22530,38994],[-10,74],[29,93]],[[22076,39023],[174,-56],[113,-36],[80,54],[87,9]],[[21939,39191],[74,80],[-15,64],[31,12]],[[24048,38125],[-129,104]],[[23919,38229],[-37,33],[11,78]],[[23893,38340],[-14,12]],[[23879,38352],[50,36],[17,75],[-93,95],[12,51],[150,-32],[53,59]],[[23799,37961],[120,268]],[[23305,38945],[-42,-34],[-57,5],[-6,-74],[-46,-105]],[[23154,38737],[-168,24],[-139,68]],[[23058,38350],[4,-45],[56,-104],[-6,-70],[-31,-18],[-11,-44]],[[22679,38398],[81,-53],[89,90],[67,12],[49,-77],[93,-20]],[[23154,38737],[26,-115],[-39,-112],[26,-76]],[[23167,38434],[-38,-11],[-35,-70],[-36,-3]],[[23331,38289],[-1,-32],[75,-79],[-1,-74],[68,-86]],[[23167,38434],[164,-145]],[[23475,38879],[41,-126],[-23,-96],[24,-35],[84,-59],[34,-76],[194,-87],[50,-48]],[[23893,38340],[-106,-60],[-66,26],[-86,-24],[-124,-30],[-38,73],[-42,6]],[[23431,38331],[-5,147],[27,144],[-36,182],[-31,36],[-45,0],[-10,39]],[[23449,38906],[26,-27]],[[23431,38331],[-100,-42]],[[23475,38879],[160,-20]],[[21045,37936],[56,-94],[-5,-53],[41,-48],[-96,-61],[37,-154]],[[21078,37526],[-39,20],[-43,-65],[-43,38],[-8,-68],[-20,-11],[-130,86]],[[20795,37526],[-38,35],[-24,22],[-9,66],[-100,24],[-10,43],[19,40]],[[20633,37756],[86,35],[38,66]],[[20757,37857],[239,107],[49,-28]],[[21339,37927],[73,-58],[135,-26]],[[21487,37600],[-53,-55]],[[21434,37545],[-50,20],[-218,-68]],[[21166,37497],[-88,29]],[[21045,37936],[3,18]],[[21048,37954],[38,-8],[135,-29],[118,10]],[[21451,38268],[-27,-19],[-27,-95],[-36,-78],[6,-39],[-42,-64],[14,-46]],[[21048,37954],[38,62],[33,52],[-17,86],[3,183]],[[21166,37497],[55,-87],[56,-236],[-63,-46]],[[21214,37128],[-111,9]],[[21103,37137],[-17,-2],[-20,-2],[-13,-19],[-57,34],[-136,82],[-38,88],[-65,83],[-18,22],[18,33],[38,70]],[[20676,37533],[31,3],[5,-41],[-16,-14],[-19,18],[-1,34]],[[20757,38384],[50,-29],[8,-48],[-25,-79],[-33,-17],[-21,-11],[-24,-46],[-21,-22]],[[20691,38132],[-78,-2],[-23,-23],[-17,-17],[-149,74],[-71,-25],[-97,21]],[[20256,38160],[1,192],[-33,68]],[[20224,38420],[40,81],[128,30],[159,-172],[39,20],[23,13],[58,29],[86,-37]],[[20256,38160],[-13,-6],[-32,-24],[16,-64],[81,-46],[-38,-69]],[[20270,37951],[-271,16],[-77,104],[72,63],[-46,55],[15,44],[-94,23],[-17,34],[25,71],[121,60],[96,22],[130,-23]],[[20757,37857],[6,128],[-63,83],[-9,64]],[[20757,38384],[52,45],[54,-33],[71,6]],[[20633,37756],[-20,34],[-23,-2],[-75,-6],[-197,104],[-48,65]],[[20359,37703],[3,20],[33,-14],[15,-39],[-36,1],[-15,32]],[[21896,36657],[1,-143],[65,-91]],[[21835,36181],[-57,23],[-87,36],[-79,-11],[-42,53]],[[21570,36282],[-17,42],[-67,10],[-1,107],[-30,28]],[[21455,36469],[16,49]],[[21471,36518],[79,55],[8,43],[4,21],[36,39],[85,129]],[[21683,36805],[58,-61],[37,-6],[46,-8],[72,-73]],[[21226,36593],[91,-30],[21,-58],[45,-27],[72,-9]],[[21570,36282],[-12,-5],[-35,-14],[-8,-59],[-46,-64],[-19,-125],[-29,-26]],[[21421,35989],[-74,-7],[-24,55],[-87,71],[-78,-6],[-49,49],[-23,-11],[-44,-19]],[[21042,36121],[16,79],[32,39],[-40,63],[31,373],[30,22],[93,-121],[22,17]],[[21421,35989],[12,-39],[47,-12],[24,-24],[-3,-21],[-6,-38]],[[21386,35637],[-300,-37],[-23,-3],[-67,-9],[-21,9],[-25,9]],[[20950,35606],[52,287],[40,228]],[[21362,35233],[-87,-18],[-41,45],[-11,12]],[[21223,35272],[-137,59],[-63,27],[-27,-23],[-17,7],[-10,20],[17,24],[10,32],[0,40],[-115,20]],[[20881,35478],[-20,30]],[[20861,35508],[89,98]],[[21896,36657],[219,139]],[[22115,36796],[49,28],[86,-37],[67,30]],[[22115,36796],[-16,60],[-67,22],[-35,50],[-8,81],[-46,73],[8,70]],[[21683,36805],[93,135],[-27,92]],[[21749,37032],[11,70],[18,11],[92,59]],[[21471,36518],[-88,87],[-2,71],[-48,93],[-2,53],[83,35],[20,88]],[[21434,36945],[51,59],[51,10]],[[21536,37014],[22,-7],[47,-15],[30,33],[114,7]],[[21214,37128],[33,-70],[187,-113]],[[21226,36593],[-42,87],[-122,117],[-49,134],[10,23],[41,-67],[17,13],[15,84],[-30,78],[37,75]],[[20972,37077],[-4,-9],[-23,2],[-11,27],[20,9],[19,-23],[-1,-6]],[[20972,37077],[8,15],[11,-1],[0,-20],[-10,-9],[-9,15]],[[21434,37545],[39,-120],[-14,-222],[34,-61],[31,-5],[-11,-71],[23,-52]],[[22572,35433],[-59,-117],[-8,-89]],[[22909,35568],[-24,29],[-20,23]],[[24277,45229],[-59,60],[20,52],[22,25],[-10,51],[42,20],[-6,30],[-106,28],[-35,93],[-113,6],[-62,147]],[[23970,45741],[24,41],[52,0],[53,51],[88,7],[91,83],[275,18]],[[24553,45941],[44,-14],[136,-46],[69,14],[95,78],[-16,67],[20,37],[44,40],[111,-13],[138,12],[74,-39],[137,-131],[103,-6],[131,-22]],[[25639,45918],[16,-35]],[[25655,45883],[-49,-295],[84,-83],[72,-23],[78,-91],[-1,-50],[-58,-122]],[[25781,45219],[-137,-36],[109,-271],[-39,-217],[-92,-103],[-124,-40]],[[25498,44552],[-22,123],[-211,297],[-53,-61],[-93,4],[3,-32],[61,-50],[-15,-22],[-171,5],[-35,4],[-73,155],[-70,-26],[-12,-52],[-36,8],[-87,35],[-48,103],[-39,30],[-320,156]],[[25498,44552],[30,-27],[-7,-55],[-62,-64],[35,-184]],[[25494,44222],[-16,-29],[-49,-150],[-52,-11],[-8,53]],[[25369,44085],[-32,55],[-5,9],[-68,7],[-49,-45],[-41,18],[-74,146],[6,85],[-38,132],[24,53],[40,1]],[[25132,44546],[44,-3],[5,30],[6,42],[-83,98],[-27,-1],[-38,-63],[52,-58]],[[25091,44591],[-50,-67],[24,-64],[12,-10],[5,-35],[-17,-25],[-11,-15],[-34,8],[-4,81],[-17,16],[-18,-10]],[[24981,44470],[-111,-24],[-19,-36],[32,-58],[-86,-35],[-91,54],[-116,224],[-141,134],[-215,9],[-217,-44]],[[24017,44694],[61,112],[17,109],[-35,71],[-49,24],[71,41],[51,84],[65,-2],[70,46],[9,50]],[[24981,44470],[21,-44],[-6,-66],[37,-52],[-4,-156],[-41,28],[-56,-71],[-87,-27],[-28,34],[-89,-104],[-60,-9],[-12,-37]],[[24656,43966],[-59,34],[-81,86],[-45,-11],[-28,-67],[-52,38],[-208,31],[-71,92],[-17,86],[-49,41],[10,49],[-28,77],[-104,38]],[[23924,44460],[-40,61]],[[23884,44521],[23,64],[110,109]],[[24656,43966],[-49,-24],[-146,-176],[-206,-145],[-189,-82],[-154,28],[-52,-19],[-127,41],[-1,62],[-72,51]],[[23660,43702],[52,56],[-15,148],[11,124],[123,161],[-31,19],[5,92],[44,51],[3,57],[72,50]],[[23660,43702],[-251,141],[-58,94],[31,168],[58,66],[8,-63],[34,-13],[16,143],[42,26],[-64,64],[-20,-46],[-81,-30],[-48,-55],[-37,16],[-47,-34],[-2,115],[33,61]],[[23274,44355],[52,9]],[[23326,44364],[32,32],[16,57],[76,-8]],[[23450,44445],[114,-29],[79,107],[86,25],[29,-72],[126,45]],[[23479,44240],[-17,-33],[-31,4],[9,46],[39,-17]],[[23140,44265],[-8,-44],[-23,2],[-15,44],[46,-2]],[[23338,45747],[33,-27],[253,0],[26,12],[32,-37],[122,28],[166,18]],[[23450,44445],[-35,94],[112,133],[4,66],[-125,-111],[-92,-128],[-66,-51],[-24,14],[-6,118],[187,133],[-31,41],[-62,-19],[-54,21],[-18,-88],[-63,73],[-50,169],[33,26],[-25,111],[83,54],[-49,56],[80,80],[-94,62],[11,87],[47,108],[-44,180],[80,109],[89,-36]],[[23274,44355],[-1,60],[72,67],[1,-75],[-20,-43]],[[23111,45224],[-12,-21],[-30,13],[-39,-52],[-18,29],[11,34],[51,14],[33,22],[4,-39]],[[23139,45585],[-6,-62],[-25,14],[2,48],[29,0]],[[18679,34852],[-139,-56],[-87,-99]],[[18453,34697],[-1,118],[26,80],[-14,24],[16,52],[-18,43],[37,131]],[[19934,35532],[-11,-55],[-101,-62]],[[19822,35415],[-28,21],[-75,-66],[-188,-35],[-39,-35],[-71,53],[-93,-20],[-29,4],[-51,-63],[-101,-5]],[[19076,35615],[252,14],[153,39],[62,-50],[93,0],[70,-42],[228,-44]],[[20396,35510],[-38,-54],[-53,-7],[1,-60]],[[20306,35389],[-79,11],[-78,-67],[-21,-43],[13,-30],[21,-47],[-54,-24]],[[20108,35189],[1,18],[-11,0],[-6,-19]],[[20092,35188],[-12,-3]],[[20080,35185],[-28,22],[-20,53],[-10,25],[-59,54],[-106,-12]],[[19857,35327],[-35,88]],[[19934,35532],[221,48],[25,-24],[68,36],[148,-82]],[[20603,35364],[3,-66],[97,-39]],[[20703,35259],[-25,-115],[-31,-30],[-7,-16],[5,-62]],[[20645,35036],[-32,1],[-23,0],[-19,1],[-25,58],[-23,10],[-26,11]],[[20497,35117],[-33,35],[-85,88],[17,20],[40,46]],[[20436,35306],[8,10],[-10,15],[-8,-2],[-8,-12]],[[20418,35317],[-18,88]],[[20400,35405],[54,10],[13,-52],[31,-22],[92,20],[13,3]],[[20528,35133],[58,-7],[4,23],[3,21],[-3,2],[-50,30],[-35,1],[-11,-30],[34,-40]],[[20881,35478],[-178,-219]],[[20603,35364],[10,31],[35,97]],[[20648,35492],[82,-15],[27,6],[104,25]],[[20400,35405],[-42,14],[-52,-30]],[[20396,35510],[134,48],[60,-33],[23,-14],[35,-19]],[[20436,35306],[-18,11]],[[21223,35272],[-24,-12],[-37,-85]],[[21162,35175],[-75,-57],[-2,-4],[-57,-93],[-30,-103],[0,-23],[4,-116],[-27,-38],[-134,31]],[[20841,34772],[31,83],[-5,40],[-67,62],[-43,22],[-112,57]],[[21116,35021],[-8,-26],[-39,7],[24,51],[23,-32]],[[20841,34772],[-4,-23]],[[20837,34749],[-67,-13],[-13,28],[-26,53],[-62,25],[-46,-12],[-10,-16],[-23,-38],[-65,39],[-47,-35]],[[20478,34780],[-61,90],[9,144],[-8,47],[10,45],[11,10],[58,1]],[[21694,35146],[19,-32],[10,-17],[-13,-63],[8,-47],[8,-44],[-12,-48],[-48,-194],[-71,-100],[15,-80],[-27,-79]],[[21583,34442],[-25,-1],[-105,-4],[-46,96],[-104,87],[-60,113],[-56,34],[27,128],[1,35],[-40,1],[-9,183],[-4,61]],[[21544,34258],[12,-119],[-29,-67]],[[21527,34072],[-38,-15],[-82,35],[-59,-61],[20,-50],[-7,-118],[-30,-49],[-45,-18],[-30,-76],[-74,-79],[16,-36]],[[21198,33605],[-25,-3],[-36,51],[-57,2]],[[21080,33655],[-7,21]],[[21073,33676],[4,44],[-45,48],[-56,-18]],[[20976,33750],[-122,139]],[[20854,33889],[45,90],[41,28],[-21,181]],[[20919,34188],[45,13],[34,55],[23,-9],[65,48],[141,-2],[36,92],[26,17],[184,-138],[71,-6]],[[21583,34442],[17,-70]],[[21600,34372],[-42,-85],[-14,-29]],[[20919,34188],[-72,85],[-76,27],[-14,-5]],[[20757,34295],[-14,118],[17,33],[37,5],[6,79],[47,81],[-13,138]],[[20425,33757],[-32,-51]],[[20393,33706],[-65,5],[-117,-65],[-7,19],[31,39],[1,27],[-145,80],[-46,16],[-43,-32],[-25,29],[-40,-38],[-26,4]],[[19911,33790],[82,112],[10,74],[50,73]],[[20053,34049],[61,63],[27,81],[124,117]],[[20265,34310],[44,-82],[-25,-131],[91,-144],[22,-62],[-5,-59],[33,-75]],[[20197,33639],[-28,-46],[-17,27],[21,41],[24,-22]],[[19911,33790],[-51,25],[-81,-75],[-126,-6]],[[19653,33734],[-10,75],[-63,-25],[-63,48]],[[19517,33832],[25,73],[59,17],[42,115],[65,77],[24,88],[-7,89]],[[19725,34291],[137,10]],[[19862,34301],[107,-273],[30,-2],[16,16],[38,7]],[[20478,34780],[-76,-100],[-50,-11],[-82,-141]],[[20270,34528],[-17,0],[-58,-45],[-64,45],[-17,11]],[[20114,34539],[-20,101]],[[20094,34640],[-9,40],[33,53],[-11,54],[-68,66],[-11,42],[-27,98],[11,21],[7,123],[61,48]],[[20092,35188],[16,1]],[[19857,35327],[-31,-67],[-24,-53],[0,-55],[-1,-46],[-1,-92],[-33,-88]],[[19767,34926],[-82,-31],[-44,-17],[-1,-88]],[[19640,34790],[-16,-6]],[[19624,34784],[-18,11],[-16,26]],[[19590,34821],[-280,58],[-87,16],[-63,12]],[[20094,34640],[-147,7],[-63,55],[-43,-24],[-65,49],[19,97],[-32,37],[2,34],[2,31]],[[19669,34319],[56,-28]],[[19517,33832],[-25,25],[-55,-22],[-77,93],[-50,-15],[-90,-91],[-87,-3]],[[19133,33819],[22,50],[-4,260],[-40,106]],[[19111,34235],[41,14],[41,83]],[[19193,34332],[71,48]],[[19264,34380],[46,-12],[132,-60],[27,36],[70,4],[110,-53],[20,24]],[[20270,34528],[108,-142]],[[20378,34386],[-113,-76]],[[19862,34301],[90,142],[126,47],[36,49]],[[20757,34295],[-108,-37],[-36,38],[-23,25],[-40,41],[-172,24]],[[19669,34319],[-12,135],[15,74],[-28,96],[21,124],[-25,42]],[[19624,34784],[-10,-19],[-24,56]],[[19264,34380],[12,5],[10,23],[24,20],[47,100],[-35,51],[-71,28],[-29,123],[-130,22]],[[21153,33004],[-4,-48],[-29,-23]],[[21120,32933],[-34,30],[-18,17],[-47,-27],[-40,-24],[-33,-166],[-37,-17],[-40,28],[-99,-42],[-15,-21],[-85,-123]],[[20672,32588],[-59,26],[-12,6]],[[20601,32620],[12,26],[23,50],[-15,82],[-8,16],[-23,41],[-61,31]],[[20529,32866],[38,99],[-70,123],[39,209]],[[20536,33297],[54,3],[23,1],[98,-41],[71,43],[87,-10],[88,58]],[[20957,33351],[105,-74],[-7,-128],[31,-60],[58,-9],[9,-76]],[[20472,33381],[64,-84]],[[20529,32866],[-44,-39],[-155,3],[-38,-31],[-257,-9],[-19,-26]],[[20016,32764],[-264,210]],[[19752,32974],[67,98],[-32,72],[73,100],[14,125]],[[19874,33369],[53,38],[99,-15],[54,44],[10,-30],[-26,-77],[94,-59],[99,20],[109,94],[106,-3]],[[19851,33350],[-63,-11]],[[19788,33339],[32,79],[25,-20],[6,-48]],[[20976,33750],[23,-61],[22,-12],[52,-1]],[[21080,33655],[-21,-14],[-5,-71],[-33,-80],[-60,-63],[-4,-76]],[[20472,33381],[3,90],[-63,132],[3,38],[-22,65]],[[20425,33757],[66,20],[36,113],[63,24],[23,9],[45,74],[44,19],[55,-13],[50,-11],[47,-103]],[[19874,33369],[-23,-19]],[[19788,33339],[-4,0]],[[19784,33339],[-79,108],[7,98],[-42,-1],[-33,97],[16,93]],[[19752,32974],[-40,-10],[-131,-151],[5,-122],[-17,-45]],[[19569,32646],[-38,-16],[-8,44],[-35,-7],[-49,-88],[-73,-38]],[[19366,32541],[-56,34],[-74,14],[-126,99]],[[19110,32688],[-60,-11]],[[19050,32677],[-68,148],[36,161]],[[19018,32986],[46,52],[34,102],[-54,49],[-36,86]],[[19008,33275],[90,72],[62,-26],[15,-94],[135,-5],[64,-73],[43,32],[17,-21],[112,14],[27,54],[59,-7],[24,74],[128,44]],[[19008,33275],[-28,97],[-78,114]],[[18902,33486],[177,13],[49,158],[-43,101],[19,54]],[[19104,33812],[29,7]],[[22415,34575],[-25,-15],[-140,-86],[-72,-94],[-149,-54]],[[22029,34326],[-86,208]],[[21943,34534],[6,52],[6,46],[69,69],[23,194],[-4,19],[53,22]],[[22096,34936],[60,-12],[34,-69],[102,-47],[13,-67],[-27,-69],[56,-47],[63,-8],[18,-42]],[[22550,35006],[8,-19],[28,-59],[-43,-40],[-11,-10],[23,-119],[6,-35],[-136,-138],[-10,-11]],[[22096,34936],[-19,51],[-19,51]],[[21960,35099],[9,-88],[87,33]],[[21943,34534],[-65,-16],[-100,-107],[-178,-39]],[[22029,34326],[-227,-91],[-24,-34],[-62,-85],[38,-70],[-77,-39],[-33,-50]],[[21644,33957],[-86,85],[-31,30]],[[21210,32490],[-88,134],[13,99],[-33,71],[24,105],[-6,34]],[[21153,33004],[110,-45],[13,48],[78,41],[102,12]],[[21456,33060],[62,-32],[19,-39],[-86,-90],[-150,-151],[-91,-258]],[[21644,33957],[-86,-156],[-88,-160],[-65,-123]],[[21405,33518],[-52,39],[-38,-31],[-56,9],[-61,70]],[[21405,33518],[-47,-169],[42,-182],[56,-107]],[[21958,33076],[-11,-43],[-20,19],[-32,-6],[-19,53],[37,6],[-3,32],[23,24],[59,23],[18,-11],[8,-33],[-30,-47],[-30,-17]],[[21960,32992],[26,-40],[20,22],[14,-44],[-31,-16],[-19,35],[-30,-30],[-3,31],[23,42]],[[22514,33626],[18,-29],[14,20],[16,-12],[-23,-58],[37,-25],[32,32],[38,-24],[-1,-47],[-18,-12],[0,-29],[-36,-46],[-23,-76],[-61,-52],[-31,52],[-58,1],[-22,62],[9,15],[-41,35],[-31,-24],[-7,-35],[-25,35],[-39,30],[87,77],[29,41],[37,34],[22,4],[36,31],[41,0]],[[22918,33651],[17,-54],[-12,-31],[-22,9],[-64,53],[-21,9],[-47,-6],[3,36],[-13,13],[11,18],[38,7],[80,-1],[30,-53]],[[20914,32231],[-63,-102],[-32,-133],[-62,-91],[-17,-24],[-75,51],[-52,-6],[-23,-20],[-57,-47],[-129,30]],[[20404,31889],[56,195],[44,75],[55,4],[31,93],[23,20],[46,40],[36,186],[23,26]],[[20718,32528],[39,-19],[28,-15],[4,-101],[39,-90],[86,-72]],[[19719,32027],[10,-65],[-65,-20],[-4,-75],[-53,-85],[75,-135]],[[19682,31647],[-30,-87],[-1,0],[-3,0],[-84,-71],[-146,93],[-61,112],[-13,97],[-34,29],[-16,10],[-14,47],[30,38]],[[19310,31915],[5,55]],[[19315,31970],[134,-29],[92,61],[45,-11],[22,56],[18,-44],[36,31],[28,-30],[29,23]],[[19547,31784],[3,-35],[46,-2],[-3,31],[-46,6]],[[20016,32764],[30,-102],[-30,-80],[-2,-108],[27,-110],[67,-118]],[[20108,32246],[-73,-45],[-39,-75]],[[19996,32126],[-29,39],[-81,0]],[[19886,32165],[-87,120],[-35,124],[-125,-47],[15,99],[-85,185]],[[20672,32588],[46,-60]],[[20404,31889],[-105,-27],[-115,19]],[[20184,31881],[-19,61],[-140,85],[-29,99]],[[20108,32246],[47,-6],[118,115],[52,-15],[44,34],[97,8],[57,142],[67,82],[11,14]],[[19366,32541],[-1,-79],[-104,-75],[56,-116],[-18,-228],[16,-73]],[[19310,31915],[-67,102],[-155,112],[-17,9],[-32,1],[-65,-10],[-24,-8]],[[18950,32121],[-37,193]],[[18913,32314],[94,240],[76,42],[27,92]],[[19719,32027],[167,138]],[[20184,31881],[-211,-15],[-88,-109],[-99,-13],[-72,-40],[-32,-57]],[[21210,32490],[-27,-68],[34,-33],[-6,-35],[-125,-13],[-65,-7],[-107,-103]],[[19652,31409],[-1,-3],[-13,23],[1,2],[4,0],[6,-5],[3,-4],[1,-3],[0,-2],[0,-3],[0,-3],[-1,-2]],[[20464,31104],[9,-26],[-15,9],[6,17]],[[15385,26988],[-26,-53],[-11,-47],[-22,31],[-39,18],[11,27],[21,-10],[53,55],[13,-21]],[[16629,27177],[-37,-65],[-30,22],[36,35],[33,44],[5,57],[19,60],[15,20],[24,67],[6,66],[44,23],[15,-17],[7,-74],[-15,-62],[5,-33],[-22,-90],[-33,-28],[-72,-25]],[[16214,26979],[-54,-35],[-24,8],[-40,47],[-15,42],[0,32],[42,63],[4,36],[59,1],[38,-29],[-1,-29],[16,-30],[-6,-74],[-19,-32]],[[15616,27101],[-16,-2],[-36,44],[11,60],[20,7],[50,-37],[6,-32],[-35,-40]],[[15426,27404],[-26,-64],[-44,115],[-15,59],[30,45],[48,-10],[18,-53],[-15,-36],[4,-56]],[[16793,27584],[-16,-36],[-32,27],[17,23],[0,44],[27,39],[51,31],[27,5],[3,61],[11,6],[22,-35],[-15,-41],[-1,-60],[-26,-33],[-68,-31]],[[27421,45812],[-45,-152],[44,-104],[-20,-18],[-57,28],[-50,-80],[22,-259],[65,-228]],[[27380,44999],[-70,-196],[-157,-56]],[[27153,44747],[-183,210],[64,83],[2,37],[-81,103],[-126,43],[-46,97],[-156,173],[-34,-36],[-113,0],[-29,56],[-65,2]],[[26386,45515],[30,105],[35,46],[151,-15],[11,84],[100,70],[-28,81]],[[26685,45886],[96,37],[192,-54],[434,-55],[14,-2]],[[28032,46543],[-19,-43],[-23,-51],[-56,-45],[-87,27],[3,-42],[-74,-58],[-48,-120],[-69,-46],[-45,-90],[-198,-141],[31,-77],[-26,-45]],[[26685,45886],[-80,3],[-74,65],[-18,32],[11,59],[503,81],[107,101],[80,37],[-87,107],[-172,129],[-31,23],[-8,28],[-8,26],[-19,62],[214,42],[56,168]],[[27159,46849],[84,-46],[240,-29],[245,47],[47,-69],[153,-68],[104,-141]],[[27525,45865],[-30,-43],[-23,29],[13,25],[40,-11]],[[26386,45515],[-304,34],[-95,138],[1,72],[-79,8],[-86,86],[-168,30]],[[25639,45918],[-65,159],[21,68],[-11,83],[36,60],[-49,98],[-13,55],[32,59],[27,51],[-2,26],[-3,37],[175,206],[174,64],[268,-33],[43,74],[9,16],[-15,131],[-133,97],[211,278]],[[26344,47447],[228,-167],[88,-66],[107,-118],[41,12],[130,-128],[64,-13],[34,-26],[21,-16],[102,-76]],[[28791,47423],[-125,-150],[36,-96],[71,-83],[-1,-40],[-147,-129],[-162,-230],[-179,-56],[-96,-88],[-12,-11],[-21,11],[-44,22],[-8,-22],[-9,-25],[-62,17]],[[26344,47447],[18,71],[41,32],[5,150],[34,128],[-15,86],[-14,69],[-4,20],[39,3],[17,1],[65,4],[27,2],[29,2],[92,43],[60,27],[-10,35]],[[26728,48120],[458,-178],[294,-196],[353,-126],[174,-91],[58,-62],[74,25],[105,94],[201,-57],[257,-58],[89,-48]],[[28597,46703],[-10,-37],[-19,2],[-6,48],[18,17],[17,-30]],[[29689,47830],[-163,0],[-185,-45],[-111,51],[-22,-48],[-115,43],[-26,-111],[-50,-79],[-70,3],[-34,-114],[-66,27],[-56,-134]],[[26728,48120],[-18,76],[55,47],[165,188],[110,76],[5,86],[-92,138],[115,60],[93,179],[191,117],[124,-37],[84,-31],[73,100],[4,203]],[[27637,49322],[107,18],[512,-106],[60,45],[-28,59],[91,131],[-34,121],[117,19]],[[29217,47644],[-20,-13],[-21,28],[-39,6],[28,51],[39,-33],[13,-39]],[[29299,47759],[-10,-27],[-41,41],[17,24],[34,-38]],[[29565,47790],[2,-33],[-34,2],[-8,23],[10,24],[30,-16]],[[29680,47788],[15,-43],[-27,2],[-14,22],[26,19]],[[27040,37357],[77,-135]],[[27117,37222],[-76,33],[-45,-25]],[[26996,37230],[-75,14],[-80,105]],[[26953,37438],[66,-10],[21,-71]],[[29921,41431],[-18,-85],[-54,4],[-73,-53],[-76,31],[-229,-3]],[[29471,41325],[-6,93],[-59,70]],[[29406,41488],[9,44],[67,75],[71,-1]],[[29553,41606],[95,35],[129,1]],[[29777,41642],[35,-54],[145,-11],[-39,-98],[3,-48]],[[29595,42204],[62,-59],[64,6],[62,-39]],[[29783,42112],[-9,-63],[73,-119],[-12,-42],[64,-54],[-94,-103],[-28,-89]],[[29553,41606],[-41,177],[-58,79],[34,49],[-52,27]],[[29436,41938],[22,65],[-203,66],[-69,86]],[[29186,42155],[102,8],[68,47],[155,-52],[84,46]],[[28837,41996],[-92,55],[-36,-19],[-14,130],[-44,96],[-16,113],[2,113]],[[28637,42484],[39,7],[33,57],[87,63],[152,46]],[[28948,42657],[-3,-111],[-89,-62],[-40,-113],[-3,-25],[58,-43],[44,-78]],[[28915,42225],[-18,-31],[8,-38],[50,-49],[-50,-88],[-68,-23]],[[29406,41488],[-122,73],[-59,-13]],[[29225,41548],[-33,111],[58,139],[-94,138]],[[29156,41936],[280,2]],[[30256,42475],[25,-29],[52,-31]],[[30333,42415],[-19,-9],[-5,-27],[-22,-11],[-6,-21],[-102,-51],[-290,-7],[-30,-108]],[[29859,42181],[-12,-33],[-64,-36]],[[29595,42204],[48,50],[-15,96],[23,21],[14,31],[-18,44],[43,79],[-2,60]],[[29688,42585],[129,15],[48,59],[72,21],[78,-130],[180,-35],[61,-40]],[[29186,42155],[-72,112]],[[29114,42267],[17,63],[45,41],[13,33],[-21,36],[31,50],[-43,28],[16,130]],[[29172,42648],[74,0],[23,17]],[[29269,42665],[47,-42],[70,27],[163,-5],[139,-60]],[[29156,41936],[-173,-16],[-146,76]],[[28915,42225],[116,45],[83,-3]],[[28948,42657],[47,23],[177,-32]],[[30532,42271],[-35,-169],[69,-33],[4,-32]],[[30570,42037],[-115,-20],[-218,24],[-22,-18],[2,-92],[-127,-10],[-46,30],[-1,60],[-125,90],[-59,80]],[[30333,42415],[109,-124],[90,-20]],[[29346,43168],[-41,-62],[-116,-58],[-63,-65],[9,-59],[82,-43],[19,-55]],[[29236,42826],[-30,-123],[63,-38]],[[28637,42484],[-29,149],[28,256],[106,110],[13,104],[14,61],[94,142],[269,95],[19,-7],[28,-83],[137,-111],[30,-32]],[[30256,42475],[7,27],[18,-2],[56,-8],[62,58],[-32,112],[31,55],[50,-16],[82,41]],[[30530,42742],[44,23],[15,76],[57,76],[-25,92],[90,105],[130,26],[51,58]],[[30892,43198],[56,-58],[-61,-225],[67,-2],[82,-156],[37,-156],[-23,-62],[-162,-130],[-31,-75],[-166,25],[-96,-81],[-63,-7]],[[29614,42998],[63,44]],[[29677,43042],[61,-64],[-55,-45],[-53,26],[-16,39]],[[30149,42893],[-100,-56],[-49,7],[-28,-74],[-79,-20],[-49,39],[-3,47],[-83,-22],[-189,34],[-70,85],[-34,-4],[-71,-87],[-78,-15],[-80,-1]],[[29346,43168],[21,-65],[26,-64],[105,-58],[116,17]],[[29677,43042],[76,61],[20,55],[-17,317]],[[29920,43528],[24,-74],[60,-63],[-4,-35],[-51,-33],[41,-39],[-57,-74],[32,-107],[48,-53],[25,-85],[111,7],[0,-79]],[[30777,43279],[60,3],[7,-53],[48,-31]],[[30530,42742],[-73,48],[-127,3],[-49,34],[-35,63],[-97,3]],[[28011,35605],[152,-183],[134,-102]],[[28297,35320],[54,-31],[36,-25],[8,-39]],[[28395,35225],[-98,-50],[11,-61],[-7,-42]],[[28062,34682],[-65,53],[-7,24],[-6,18],[-77,111],[-10,15],[-50,28],[-20,56],[-14,0],[-22,0],[-18,11]],[[27773,34998],[-29,74]],[[27744,35072],[32,42],[11,15],[-33,79],[12,97],[49,40],[16,104],[66,54],[42,-37],[17,19],[-35,83],[9,29],[10,11],[71,-3]],[[29046,34524],[29,-98],[-46,-113]],[[28932,34274],[-43,185],[-77,15],[-69,77]],[[28743,34551],[3,35],[3,27]],[[28749,34613],[109,61],[37,72]],[[28895,34746],[31,13],[42,18]],[[28968,34777],[22,-89],[-41,-85],[15,-17],[34,-26],[48,-36]],[[29285,34504],[-74,26],[-16,30],[-14,26],[-26,45],[-28,6],[-18,-6],[-26,-45],[-15,-26],[-22,-36]],[[28968,34777],[104,24],[57,52]],[[28743,34551],[-16,-49],[-118,-102],[12,-66],[-34,-47],[-27,-108]],[[28465,34538],[64,-32],[39,70],[48,10],[13,59],[67,29]],[[28696,34674],[53,-61]],[[28688,34828],[-14,-69],[22,-85]],[[28477,34700],[52,8],[1,51],[7,23],[111,88],[40,-42]],[[28895,34746],[-17,13],[-71,57],[-41,80]],[[28766,34896],[9,20],[40,-4]],[[28815,34912],[228,47],[35,-21]],[[28688,34828],[78,68]],[[26425,31394],[-18,-20],[-45,20],[-15,22],[-2,45],[17,0],[63,-67]],[[26344,31507],[-20,-28],[-32,16],[-1,20],[28,10],[25,-18]],[[23883,40712],[-54,85]],[[23829,40797],[-41,43]],[[23788,40840],[4,71],[29,23]],[[23821,40934],[62,8]],[[23883,40942],[39,-8]],[[23821,40934],[-55,48],[43,42]],[[23809,41024],[15,-38],[53,-22],[6,-22]],[[23788,40840],[-115,63],[-55,-51]],[[23618,40852],[-47,36]],[[23571,40888],[12,23],[23,62],[-30,53]],[[23576,41026],[37,-7],[154,34],[42,-29]],[[23743,41094],[-21,-24],[-26,22],[25,19],[22,-17]],[[29306,44695],[-49,-37],[-148,-15],[-20,37],[12,84],[-73,-22],[-18,56],[20,40],[-26,30],[-87,-65],[-49,141],[-56,-29],[-99,10],[-8,35],[32,69],[-37,96],[58,89]],[[29363,45189],[27,-33],[-41,-44],[21,-64],[233,-52]],[[28984,44770],[19,-27],[-5,-21],[-53,-28],[-22,18],[11,6],[0,52],[29,-17],[21,17]],[[28860,44774],[-54,-10],[0,28],[27,13],[-3,22],[13,51],[26,-40],[-21,-41],[12,-23]],[[28687,44862],[14,-34],[15,22],[11,-54],[-17,-14],[-46,29],[-3,37],[26,14]],[[28907,44730],[-20,-30],[-34,13],[11,37],[45,8],[-2,-28]],[[28845,44696],[-45,-5],[-13,28],[27,23],[21,-8],[10,-38]],[[29107,44536],[-19,-6],[-12,24],[10,39],[19,4],[2,-61]],[[29947,45366],[99,-46],[11,-68],[-56,-39],[-16,-46],[29,-78]],[[30424,45522],[-17,-89],[85,-94]],[[30492,45339],[-28,-20],[-122,-65],[10,-154],[36,-44]],[[30727,45277],[-16,-71],[15,-57],[50,-24],[219,-118]],[[30995,45007],[-51,-56],[-13,-10],[-139,-52],[-97,36],[-167,-55],[-57,37]],[[30492,45339],[63,-25],[52,20],[48,-51],[72,-6]],[[30727,45277],[49,6],[10,18],[-5,18],[93,55],[206,24],[73,61],[81,-13],[52,34],[133,14],[109,90]],[[31528,45584],[199,72]],[[31727,45656],[-332,-337],[-113,-61],[-29,-34],[-32,-55],[-54,-14],[-172,-148]],[[30558,45985],[243,23],[140,-113],[266,-72],[-2,51],[-107,93],[40,75],[43,6],[40,49]],[[31221,46097],[89,-39],[59,-55],[11,-44],[54,-11],[68,-171],[53,-55],[15,-80],[-42,-58]],[[31120,46699],[69,-42],[18,-80],[6,-26],[26,-51],[2,-115],[84,-87],[16,-62],[-14,-44],[-77,-27],[-29,-68]],[[31669,46700],[139,-123],[29,-26],[90,-51],[155,-88],[122,-178],[-124,-236],[-353,-342]],[[29251,46745],[9,28],[50,-9],[105,31],[14,25],[10,48],[67,-8]],[[24449,46518],[44,-142],[131,4],[52,-44],[-15,-133],[-118,-76],[51,-101],[-41,-85]],[[23338,45747],[-22,86],[34,34],[6,77],[273,-17],[0,29],[-67,35],[31,84],[143,17],[108,150],[196,87],[197,-5],[-13,82],[189,94],[36,18]],[[24259,46465],[-48,-26],[-79,29],[-7,32],[0,31],[62,19],[43,-6],[36,-44],[-7,-35]],[[23715,46187],[-10,-26],[-36,4],[-6,12],[9,14],[36,13],[7,-17]],[[24449,46518],[-120,33],[46,72],[-8,55],[48,63],[47,-21],[35,-71],[74,-16],[37,-58],[172,49],[55,-73],[38,-51],[17,0],[67,27],[206,-1],[34,152],[-267,-101],[-68,-9],[-112,132],[22,44],[82,46],[3,71],[56,64],[14,16],[23,26],[9,15],[59,26],[28,61],[216,134],[-103,92],[7,51],[221,5],[63,75],[82,38]],[[25532,47464],[-5,-29]],[[25527,47435],[41,-19]],[[25568,47416],[22,-29],[194,-34],[169,89],[391,5]],[[25173,47238],[-25,-27],[-29,40],[14,20],[40,-33]],[[23571,40888],[-129,-55]],[[23442,40833],[-131,51]],[[23311,40884],[6,27],[134,91],[125,24]],[[23248,41033],[11,-16],[1,3],[1,2],[2,2],[2,1],[8,1],[2,0],[2,-1],[2,-2],[1,-3],[0,-3],[0,-3],[-1,-3],[-1,-3],[-1,-1],[-3,-1],[-1,0],[-1,-2],[-2,-1],[-3,1],[-2,1],[-1,0],[-2,1],[-1,2],[-1,3],[-1,3],[0,-9],[-9,-20],[-23,-5],[-8,21],[5,16],[14,14],[10,2]],[[23419,41042],[-33,-21],[-24,26],[32,27],[25,-32]],[[23442,40833],[41,-73],[-33,-60]],[[23450,40700],[-9,-6]],[[23441,40694],[-142,-22]],[[23299,40672],[-72,129]],[[23227,40801],[84,83]],[[23618,40852],[31,-59],[-12,-35]],[[23637,40758],[-85,-37]],[[23552,40721],[-102,-21]],[[23829,40797],[-61,-23],[-57,-118]],[[23711,40656],[-74,102]],[[23752,40596],[-27,23]],[[23725,40619],[-14,37]],[[23725,40619],[-64,-30],[-89,39],[-20,93]],[[23748,40519],[-104,-32]],[[23644,40487],[-96,7]],[[23548,40494],[-83,42]],[[23465,40536],[-7,44],[42,38],[-59,76]],[[23644,40487],[-18,-62],[15,-38]],[[23641,40387],[-73,-8]],[[23568,40379],[-27,44],[7,71]],[[23770,40317],[-129,70]],[[23568,40379],[-54,-86]],[[23514,40293],[-117,-67]],[[23397,40226],[-20,-5]],[[23377,40221],[-69,168]],[[23308,40389],[124,91],[33,56]],[[23397,40226],[-23,-68]],[[23222,40216],[108,23],[47,-18]],[[23568,40198],[-17,21],[12,56],[-49,18]],[[23308,40389],[-23,22]],[[23191,40570],[99,62],[9,40]],[[23051,40667],[28,164],[31,56],[25,-24],[-35,-65],[15,-47],[112,50]],[[23021,40492],[17,75]],[[24709,36690],[-12,-31]],[[24697,36659],[-50,-74]],[[24647,36585],[-69,-3],[-56,-14],[-44,61]],[[24478,36629],[-46,90]],[[24432,36719],[118,36]],[[24550,36755],[28,-22],[67,-19],[56,50]],[[24701,36764],[8,-74]],[[24694,36780],[7,-16]],[[24550,36755],[1,12]],[[24551,36767],[27,26],[38,27]],[[24616,36820],[29,-41],[49,1]],[[26153,34998],[23,-137],[86,-46]],[[26262,34815],[3,-56],[10,-45],[37,-14]],[[26312,34700],[-33,-68],[-66,-36]],[[26213,34596],[-176,76],[-43,67]],[[25994,34739],[-35,20],[-42,24],[-14,48]],[[25903,34831],[103,30],[-12,27],[-42,99],[-11,26],[17,67],[69,12]],[[26027,35092],[36,-60],[90,-34]],[[26283,35058],[-103,-21],[-27,-39]],[[26027,35092],[-5,22],[-7,34]],[[26015,35148],[64,60],[126,50]],[[26205,35258],[56,-144],[22,-56]],[[26320,35011],[-19,-24],[-30,-37],[-4,-62],[-5,-73]],[[26283,35058],[37,-47]],[[26495,34808],[-28,-49],[-68,-123]],[[26399,34636],[-37,60],[-50,4]],[[26320,35011],[24,-24],[100,-99],[25,-25],[26,-55]],[[26399,34636],[-2,-50],[0,-26],[-35,-97]],[[26362,34463],[-77,31],[-32,-52],[-27,31]],[[26226,34473],[8,55],[-21,68]],[[26576,34486],[-171,-57]],[[26405,34429],[-43,34]],[[26495,34808],[52,-31],[26,-18],[48,-32]],[[26405,34429],[-23,-155],[32,-48]],[[26414,34226],[-52,-6],[-107,-28],[-11,-28]],[[26244,34164],[-92,177]],[[26152,34341],[38,64]],[[26190,34405],[36,68]],[[26624,34373],[-49,-14],[-7,-77],[-20,-20],[-120,-38]],[[26428,34224],[-14,2]],[[26393,34011],[-25,69],[-124,84]],[[26428,34224],[11,-89]],[[26225,34081],[-15,-35],[-34,11],[5,36],[44,-12]],[[26426,37166],[0,-3]],[[26426,37163],[-12,-78],[-133,-121]],[[26281,36964],[-53,118],[-72,26],[11,68],[-41,25]],[[26126,37201],[10,47]],[[26281,36964],[-4,-74]],[[26277,36890],[-29,-60]],[[26248,36830],[-100,48],[-52,-16]],[[26096,36862],[9,79],[-36,12],[-7,36]],[[26062,36989],[50,63],[-72,41],[-11,40],[97,68]],[[26248,36830],[26,-153]],[[26274,36677],[-3,0]],[[26271,36677],[-156,-15]],[[26115,36662],[-14,34],[38,43]],[[26139,36739],[40,-2],[20,25],[-42,62],[-61,32]],[[26096,36856],[0,6]],[[27338,38065],[-29,-3]],[[27237,38352],[137,48],[-8,-73],[60,-145],[-88,-117]],[[27389,38504],[48,-94],[56,16],[94,-32]],[[27587,38394],[-37,-41],[25,-47],[-48,-165],[26,-119],[-59,-96]],[[27494,37926],[-156,139]],[[27876,38466],[-119,-107]],[[27757,38359],[-57,-22],[-86,105],[-27,-48]],[[27704,38780],[81,-100],[6,-57],[-16,-38],[48,-10],[53,-109]],[[27757,38359],[35,-101],[64,15],[23,-39],[3,-74],[67,-9],[-9,-50]],[[27940,38101],[-29,-12]],[[27911,38089],[-50,-52],[-1,-47],[23,-31]],[[27883,37959],[-181,-45],[-144,1]],[[27558,37915],[-64,11]],[[28236,38719],[46,-61],[-9,-102]],[[28273,38556],[-184,16],[-136,-40],[-24,-55],[-53,-11]],[[27884,38890],[30,-8],[19,-50],[58,4],[103,107]],[[28094,38943],[65,-111],[42,-13],[1,-92],[34,-8]],[[27217,33082],[-19,58],[-75,89]],[[27263,33387],[39,-52],[0,-110],[2,-135],[-87,-8]],[[27217,33082],[-109,-91],[4,-160]],[[27112,32831],[-55,46]],[[27057,32877],[-27,56],[-1,75],[-42,10]],[[26987,33018],[-3,56],[-38,75]],[[27057,32877],[-30,-61],[-82,57],[-59,-21]],[[26886,32852],[-19,82],[93,40],[27,44]],[[27112,32831],[-126,-160],[-49,-129],[-110,-8],[-33,48],[0,106],[56,55],[36,109]],[[25858,32342],[-75,-1],[-62,62],[-18,58],[23,120],[83,77],[42,-60],[34,-2]],[[25885,32596],[22,-54],[-26,-50],[37,-40],[-21,-20]],[[25897,32432],[-39,-90]],[[25571,31887],[-21,-8],[-24,46],[10,14],[35,-24],[0,-28]],[[26296,32584],[33,-98]],[[26329,32486],[-3,-62],[-47,-61]],[[26279,32363],[-25,44],[-28,-54],[-58,68],[-26,-21]],[[26142,32400],[-99,-20],[-24,-49],[-122,101]],[[25885,32596],[41,72],[70,21],[145,-125],[155,20]],[[26662,32468],[-117,75],[-49,-11],[-10,-58]],[[26486,32474],[-124,18],[-33,-6]],[[26296,32584],[66,0],[130,75],[117,-13],[156,81],[-7,-73],[-96,-186]],[[26538,32907],[0,-41],[27,0],[-7,-50],[-58,67],[13,24],[25,0]],[[26142,32400],[25,-19],[-37,-48],[-2,-50],[51,-26],[55,-75],[12,-99]],[[26246,32083],[-120,46],[-268,213]],[[25863,31426],[5,-48],[-31,1],[-16,30],[42,17]],[[26279,32363],[-18,-137],[92,-33]],[[26353,32193],[32,-139]],[[26385,32054],[-23,-20],[-14,-8]],[[26348,32026],[-102,57]],[[26486,32474],[17,-141],[-71,-19],[-10,-78],[-69,-43]],[[26662,32468],[-56,-182],[-1,-65]],[[26605,32221],[-75,13],[-26,-147]],[[26504,32087],[-119,-33]],[[26574,31862],[-161,50],[-65,114]],[[26504,32087],[29,-79],[-2,-74],[43,-72]],[[26605,32221],[45,-52],[-7,-45],[32,-72],[-59,-105],[-3,-97],[-39,12]],[[24787,34031],[-58,19],[-93,-82],[-40,-3],[23,-26],[-35,-69],[-45,-26],[-49,42],[-87,-40]],[[24403,33846],[-42,50],[-33,-2]],[[24328,33894],[-32,88],[-50,16],[18,144],[102,-18],[99,57],[25,46],[111,124],[107,-56],[3,-64],[76,-200]],[[24283,34200],[-13,-48],[-30,30],[19,36],[24,-18]],[[24313,34244],[-23,0],[-14,33],[25,21],[18,-29],[-6,-25]],[[24753,33423],[-76,53],[-15,45],[10,12],[-17,35],[19,39],[-13,18],[-34,0],[-39,-45]],[[24588,33580],[-56,54],[-10,46],[20,37],[-14,56],[-38,12],[-59,-6],[-28,67]],[[24787,34031],[20,-92],[-62,-145],[32,-90],[-24,-281]],[[24753,33423],[-24,-205],[-11,-20],[-28,-7],[-6,5]],[[24684,33196],[13,40],[-14,47],[-25,56],[-1,15],[-30,-5],[-6,-24],[-29,-20],[-23,5],[-83,-35],[-8,-113],[23,-84],[0,0]],[[24501,33078],[-11,-15],[-83,10],[-7,26],[-31,49],[-39,-35],[-13,47],[12,58],[-4,149],[22,143],[15,3]],[[24362,33513],[72,-44],[56,33],[43,37],[55,41]],[[24305,33231],[-15,-71],[-22,36],[10,35],[27,0]],[[24362,33513],[11,83],[-43,40],[23,172],[-25,86]],[[25715,37334],[-48,-29],[-87,16],[-29,-55],[-57,-26]],[[25494,37240],[-50,-7],[-42,-69],[-109,-68],[-24,24],[16,75],[-15,41],[-186,-29]],[[25084,37207],[-58,45]],[[25445,36953],[-100,-4],[-85,-154]],[[25260,36795],[-75,5],[-27,70]],[[25158,36870],[-108,-7],[-19,98],[37,145],[-20,44]],[[25048,37150],[36,57]],[[25494,37240],[-2,-108],[35,-68],[-74,-59],[-8,-52]],[[25260,36795],[118,-236]],[[25378,36559],[-24,-26],[0,-49]],[[25354,36484],[-10,-34],[-62,23]],[[25282,36473],[-55,7],[-108,104],[-24,57]],[[25095,36641],[-4,107],[67,122]],[[25485,36896],[7,-106]],[[25492,36790],[-48,-27],[16,-90],[-49,-103],[-33,-11]],[[25445,36953],[40,-57]],[[25802,37309],[-6,-45],[-74,-77]],[[25722,37187],[-50,-74],[44,-75],[-27,-54]],[[25689,36984],[-34,11],[-170,-99]],[[25689,36984],[89,-137]],[[25778,36847],[-9,-48],[-52,-20],[-26,-48],[-58,-20],[-49,30]],[[25584,36741],[-92,49]],[[25927,36766],[-144,-71],[-58,10],[-4,-33],[-49,-41],[-33,8],[-41,-61]],[[25598,36578],[-51,65],[37,98]],[[25778,36847],[108,23]],[[25886,36870],[41,-104]],[[25665,36501],[-70,-48],[-53,33]],[[25542,36486],[79,68]],[[25621,36554],[44,-53]],[[25598,36578],[23,-24]],[[25542,36486],[-188,-2]],[[25689,36299],[-18,21],[-31,56],[-78,25],[-135,-42],[-69,26]],[[25358,36385],[-75,57],[-1,31]],[[25665,36501],[-7,-49],[52,-67],[-21,-86]],[[25722,37187],[158,-56],[-17,-179],[23,-82]],[[26062,36989],[-31,-76],[0,-102]],[[26031,36811],[-90,19],[-14,-64]],[[26096,36856],[-6,-12]],[[26090,36844],[-59,-33]],[[26139,36739],[1,52],[-50,53]],[[24835,36485],[66,-48]],[[24901,36437],[-53,-117],[-148,-151]],[[24700,36169],[-99,32]],[[24601,36201],[-1,40]],[[24600,36241],[33,12],[20,67],[-15,60],[34,72],[47,34]],[[24719,36486],[61,-37],[55,36]],[[25030,36378],[14,-8]],[[25044,36370],[-17,-50],[-25,-157],[-81,-105]],[[24921,36058],[-83,61],[-72,-54]],[[24766,36065],[-32,32],[-39,-8]],[[24695,36089],[5,80]],[[24901,36437],[129,-59]],[[25174,36366],[-20,-46],[-19,-145],[-103,-187]],[[25032,35988],[-73,24]],[[24959,36012],[-38,46]],[[25044,36370],[66,26],[64,-30]],[[25312,36305],[-58,-27],[1,-99],[-34,-128],[-72,-123]],[[25149,35928],[-41,22],[-23,-20]],[[25085,35930],[-53,58]],[[25174,36366],[122,20]],[[25296,36386],[27,-55],[-11,-26]],[[25481,36168],[8,-86],[-98,-131]],[[25391,35951],[-40,33],[-70,-64]],[[25281,35920],[-52,-6]],[[25229,35914],[-80,14]],[[25312,36305],[-4,-36],[93,-9],[75,-52],[5,-40]],[[25689,36299],[-40,15],[-4,-104]],[[25645,36210],[-43,-40],[-121,-2]],[[25296,36386],[62,-1]],[[25684,35988],[-63,1],[-57,45],[-108,-102]],[[25456,35932],[-65,19]],[[25645,36210],[39,-222]],[[25684,35988],[22,-35]],[[25706,35953],[-38,-107],[-61,-40],[-18,-77]],[[25589,35729],[-135,68]],[[25454,35797],[-12,60],[14,75]],[[25808,35848],[-34,-74],[-53,44]],[[25721,35818],[2,36],[-28,-17],[0,-28]],[[25695,35809],[-46,-74]],[[25649,35735],[-60,-6]],[[25706,35953],[102,-105]],[[24959,36012],[-21,-45],[8,-70],[-25,-46]],[[24921,35851],[-42,38]],[[24879,35889],[8,23],[-121,153]],[[25085,35930],[33,-34],[-21,-88],[23,-46]],[[25120,35762],[-6,-15]],[[25114,35747],[-154,16]],[[24960,35763],[-39,88]],[[25229,35914],[-10,-119],[-19,-33]],[[25200,35762],[-80,0]],[[25454,35797],[-32,-35],[-11,-70],[-63,-75]],[[25348,35617],[-47,-20],[-28,-12],[-30,12],[-29,0],[-18,-33]],[[25196,35564],[-25,33],[-16,20],[26,72],[-67,58]],[[25200,35762],[29,-13],[26,33],[26,138]],[[25112,35284],[-65,9],[-3,166],[-54,138],[-16,38]],[[24974,35635],[62,21],[5,-59],[8,-87],[43,-45],[24,-90]],[[25116,35375],[15,-46],[-19,-45]],[[25025,35233],[-8,-71],[-22,21],[-78,-14],[-12,29],[29,15],[20,-13],[10,21],[34,-4],[16,31],[11,-15]],[[24833,35341],[-21,-35],[-20,32],[23,41],[18,-38]],[[25196,35564],[15,-48],[-29,-111]],[[25182,35405],[-66,-30]],[[24974,35635],[-14,128]],[[25649,35735],[9,-27],[-32,-57]],[[25626,35651],[-24,-54],[-22,-51],[19,-81],[-59,-58]],[[25540,35407],[-78,48],[-100,142],[-14,20]],[[25540,35407],[-10,-163]],[[25530,35244],[-13,-19]],[[25517,35225],[-51,-27]],[[25466,35198],[-36,14],[-19,79],[-60,11],[-24,55],[-145,48]],[[25366,34975],[-102,15],[-2,68],[-31,56],[-33,50],[-57,36],[-29,84]],[[25466,35198],[13,-33],[-14,-51],[-51,-50],[2,-52],[-34,-25],[-16,-12]],[[25204,34964],[-30,-35],[-17,34],[18,24],[12,0],[17,-23]],[[25814,35568],[32,-136]],[[25846,35432],[19,-137],[83,-61],[25,9]],[[25973,35243],[-16,-73]],[[25957,35170],[-23,-48],[-36,-8],[-40,-8]],[[25858,35106],[-6,8],[-12,20],[-33,-20],[-14,0],[-69,52],[-26,-21],[-16,9],[-28,32],[10,59],[-11,27],[-79,11],[-24,-36],[-20,-3]],[[25626,35651],[43,-7],[16,-39],[12,-8],[68,-44],[49,15]],[[25858,35106],[-101,-111],[-38,-9]],[[25719,34986],[-94,128],[-80,35],[-28,76]],[[25952,35727],[-113,-130],[-25,-29]],[[25695,35809],[26,9]],[[25808,35848],[144,-121]],[[26112,35576],[-100,-37],[-82,10],[-84,-117]],[[25952,35727],[132,-85],[19,-45],[9,-21]],[[26146,35477],[-95,-80],[-7,-59],[-63,-36],[-6,-45]],[[25975,35257],[-2,-14]],[[26112,35576],[34,-99]],[[26015,35148],[-58,22]],[[25975,35257],[207,96]],[[26182,35353],[23,-95]],[[26146,35477],[36,-124]],[[25719,34986],[11,-57]],[[25730,34929],[-72,-68],[-138,21],[-58,-28]],[[25462,34854],[-15,34],[-15,34],[-66,53]],[[25903,34831],[-127,31],[-18,26],[-28,41]],[[25994,34739],[-98,-82],[34,-71],[13,-26],[10,-21]],[[25953,34539],[-33,-5],[-22,26],[-21,26],[-16,18],[-17,-18],[-24,-26],[-11,-12],[-19,12],[-25,16],[-18,-16],[69,-113]],[[25816,34447],[-55,29],[-62,84],[-19,26],[-129,173],[-13,18],[-42,14],[-34,63]],[[25676,34704],[10,-8],[43,5],[-10,42],[-19,-8],[-24,-31]],[[25953,34539],[45,-96],[61,13],[48,-53],[83,2]],[[26152,34341],[-160,37],[-77,-27],[-99,96]],[[30570,42037],[-26,-50],[-121,-16],[-43,-75],[-99,-34],[-49,-71],[-2,-121],[-58,-125],[64,-64],[3,-35],[-71,-10],[-4,59],[-20,17],[-86,-25],[-55,-57],[-82,1]],[[25927,43074],[10,-54],[105,32],[83,-73]],[[26125,42979],[-15,-33],[-110,-55],[51,-210]],[[26051,42681],[-94,-50],[-70,19],[-28,42]],[[25859,42692],[1,94],[-57,28],[-57,93],[-65,47],[-51,129],[-31,41],[-15,96],[-54,-18],[-3,101]],[[25527,43303],[124,11],[50,-163],[76,27],[83,-42],[40,-53],[27,-9]],[[26334,44098],[68,-162],[49,11],[47,-50]],[[26498,43897],[-123,-251]],[[26375,43646],[-83,-28],[-55,-60],[-81,-8],[-41,-253],[-188,-223]],[[25527,43303],[-24,31],[-32,-28],[-10,85],[-50,3],[25,71],[-52,75],[-37,144],[-55,77],[-3,182],[-32,133],[53,57],[59,-48]],[[25494,44222],[35,-6],[47,-17],[44,31],[115,-72],[53,22],[72,-185],[117,-51],[38,9],[20,105],[60,61],[239,-21]],[[26382,44654],[-21,-53],[15,-28],[9,-242],[-48,-95],[-3,-138]],[[25781,45219],[156,-155],[126,-179],[60,-31],[90,-107],[67,13],[32,-67],[70,-39]],[[27153,44747],[-143,-60],[-156,43],[-46,-104],[-91,-66]],[[26717,44560],[-80,77],[-110,48],[-56,-38],[-89,7]],[[18654,34089],[-14,-24],[21,-112]],[[18661,33953],[-51,-61],[-89,22],[-41,42]],[[18480,33956],[33,94],[11,150]],[[18524,34200],[49,-101],[81,-10]],[[18661,33953],[37,-95],[107,86]],[[18805,33944],[26,-215],[-19,-39]],[[18812,33690],[-95,-51]],[[18717,33639],[-11,-5]],[[18706,33634],[-19,70],[-63,-55],[-182,47]],[[18442,33696],[38,260]],[[18706,33634],[-95,-100],[-33,38],[-54,-32],[-12,-114],[-24,-43]],[[18488,33383],[-49,-5]],[[18439,33378],[-10,108],[-36,43]],[[18393,33529],[49,167]],[[18932,34116],[2,-35],[-51,-84],[-78,-53]],[[18654,34089],[50,59],[12,64]],[[18716,34212],[59,18]],[[18775,34230],[65,-38],[19,-45],[73,-31]],[[18902,33486],[-96,-69]],[[18806,33417],[-46,89],[7,86],[-50,47]],[[18812,33690],[81,24],[60,-38],[50,136],[47,24],[54,-24]],[[18806,33417],[-47,0],[-1,-74],[-70,-93]],[[18688,33250],[-61,118],[-114,-19],[-25,34]],[[18932,34116],[50,113],[36,1],[18,-45],[75,50]],[[18430,33132],[16,-30],[-29,-74],[15,-38],[50,-4],[33,39],[46,-33]],[[18561,32992],[7,-28],[-39,-89]],[[18529,32875],[-32,-19]],[[18497,32856],[-152,-44],[-23,111],[-81,58],[24,171]],[[18265,33152],[100,-61],[65,41]],[[18691,32749],[4,-49],[-80,-83],[28,-59],[-34,-137],[27,-58],[-18,-103]],[[18618,32260],[-31,-23],[-111,31]],[[18476,32268],[-1,228],[-23,65],[45,295]],[[18529,32875],[90,-11],[29,-87],[43,-28]],[[18913,32314],[-93,-28],[-100,-80],[-102,54]],[[18691,32749],[211,-69],[80,68],[68,-71]],[[18688,33250],[-51,-64],[32,-71]],[[18669,33115],[0,-79],[-47,5],[-61,-49]],[[18430,33132],[-19,179],[28,67]],[[19018,32986],[-17,43],[-45,-5],[-38,85],[-108,-40],[-100,63],[-41,-17]],[[26996,37230],[21,-61]],[[27017,37169],[-56,8],[-90,-62]],[[26871,37115],[-28,-11]],[[26843,37104],[-78,17],[-84,103]],[[26681,37224],[29,96]],[[26681,37224],[-44,-39],[-174,24]],[[26843,37104],[-54,-42],[-2,-54]],[[26787,37008],[-21,-35],[-140,40]],[[26626,37013],[-16,47],[-67,15]],[[26543,37075],[-15,19],[-33,6],[-69,63]],[[26626,37013],[-18,-41]],[[26608,36972],[-52,-22]],[[26556,36950],[-58,53],[45,72]],[[26787,37008],[23,-17],[4,-43]],[[26814,36948],[-18,-73],[-85,-27]],[[26711,36848],[-27,80],[-76,44]],[[26711,36848],[-25,-17]],[[26686,36831],[-16,-20],[4,-74],[22,-58],[-45,-32]],[[26651,36647],[-85,47],[-46,-22],[-25,22],[-68,88]],[[26427,36782],[-1,65]],[[26426,36847],[69,-18],[61,121]],[[26427,36782],[-62,-95],[-91,-10]],[[26277,36890],[120,-1],[29,-42]],[[21606,39897],[42,-10]],[[21648,39887],[-36,-75],[58,-45],[5,-57]],[[21675,39710],[-117,45],[-72,27]],[[21486,39782],[-2,82]],[[21484,39864],[36,64]],[[21520,39928],[1,0]],[[21521,39928],[37,-14],[48,-17]],[[20557,39967],[2,35]],[[20559,40002],[31,-30],[20,-20],[-20,-20],[-12,5],[-21,30]],[[23469,39721],[-27,15]],[[25132,44546],[-1,27],[-16,3],[-24,15]],[[528,20756],[22,31],[20,-22],[13,-70],[40,-22],[1,-26],[-72,-31],[-40,20],[9,-100],[-21,-44],[-30,-13],[-21,61],[-5,85],[-9,32],[23,49],[50,-42],[35,37],[-15,55]],[[643,20452],[-28,-21],[-22,44],[23,40],[30,-40],[-3,-23]],[[0,21630],[1,19],[13,13],[10,-27],[-24,-5]],[[631,19864],[31,31],[38,-27],[25,-51],[19,4],[6,-57],[27,-92],[-23,-47],[-12,36],[-60,6],[-2,35],[25,21],[-47,44],[-10,56],[-17,41]],[[3547,13041],[-93,-111],[-94,12],[-34,63],[-68,-33],[-85,52],[-125,-126],[-65,19],[-90,89],[70,90],[57,163],[12,224],[44,87],[20,119],[-116,254],[-36,218],[-12,239],[19,109],[140,296],[8,60],[25,13],[147,-90],[89,-20],[96,-55],[184,-265],[186,-165],[31,-122],[40,-123],[-6,-81],[-226,-481],[-81,-353],[-37,-82]],[[40259,193],[20,21],[4,42],[12,-4],[44,34],[68,-24],[20,-62],[44,-86],[-12,-43],[3,-40],[-12,-18],[-44,-13],[-63,26],[-42,34],[-16,27],[-2,38],[-24,68]],[[36858,4672],[-23,-67],[-15,4],[10,53],[-15,21],[2,47],[-20,24],[18,29],[21,-36],[27,-9],[-5,-66]],[[26651,36647],[-25,-66],[-54,-11],[7,-90]],[[26579,36480],[-46,-50]],[[26533,36430],[-42,39],[-5,-59],[-70,26],[-10,108],[-38,39],[-31,-13],[-27,-73]],[[26310,36497],[-12,130],[-27,50]],[[26379,36202],[10,-43],[-45,10],[17,47],[-20,149],[27,11],[0,29],[20,-16],[3,-69],[14,-114],[-26,-4]],[[26505,36290],[-24,-12],[-17,38],[41,21],[0,-47]],[[26362,36495],[-7,-57],[-31,42],[19,33],[19,-18]],[[26824,36378],[8,-27],[9,-66],[54,-33],[51,-96],[12,-20],[1,-22]],[[26959,36114],[-13,-4],[-76,16],[-25,-26],[4,-65],[-19,-18],[-137,69],[-21,-22]],[[26672,36064],[-115,107],[-24,259]],[[26579,36480],[73,-18],[79,-82],[93,-2]],[[25568,47416],[27,209],[142,205],[-24,109],[11,53],[73,-1],[95,57],[38,132],[74,141],[257,219],[96,52],[138,150],[130,52],[42,64],[-14,25],[-111,-16],[-19,54],[20,49],[176,22],[27,91],[146,51],[95,-95],[27,162],[-12,36]],[[27002,49237],[109,87],[463,34],[63,-36]],[[26920,49266],[-272,-90],[-129,-11],[-42,-45],[-44,30],[-142,-7],[-172,-47],[-25,16],[5,34],[82,49],[159,9],[316,126],[75,96],[45,188],[153,106],[5,-42],[-69,-110],[51,-126]],[[26916,49442],[-66,-30],[-61,-82],[34,-27],[82,51],[15,-88]],[[26671,49521],[23,-39],[-24,-32],[27,-33],[-2,-17],[-146,-65],[5,-18],[-24,-15],[-48,-1],[-12,34],[53,22],[-25,37],[-98,-37],[-28,37],[29,69],[94,29],[53,-36],[15,13],[-33,43],[0,28],[62,-19],[-13,46],[40,13],[46,-26],[6,-33]],[[25900,48964],[-58,-24],[-1,26],[76,101],[113,39],[-7,-56],[-89,-56],[-34,-30]],[[25554,47735],[-30,-36],[-48,36],[2,24],[61,25],[15,-49]],[[25890,48280],[-12,-25],[-10,20],[14,34],[32,15],[-4,55],[20,0],[22,-42],[-29,-7],[-2,-47],[-31,-3]],[[25661,47833],[-25,-6],[-9,128],[14,6],[7,-48],[23,-58],[-10,-22]],[[25874,48157],[-27,-21],[-20,19],[16,36],[31,0],[0,-34]],[[25760,48110],[-30,-11],[-14,25],[19,22],[35,-13],[-10,-23]],[[25849,48067],[-39,-16],[0,50],[33,0],[6,-34]],[[25791,48265],[-14,-43],[-32,9],[11,39],[35,-5]],[[25851,48274],[-4,-58],[-36,45],[17,25],[23,-12]],[[25694,48020],[-26,-31],[-21,25],[18,39],[29,-33]],[[26178,48565],[-63,-8],[0,26],[67,2],[-4,-20]],[[26236,48713],[-18,-30],[-37,21],[19,31],[36,-22]],[[26472,48770],[-28,-22],[-25,23],[46,34],[7,-35]],[[26373,48692],[-30,-11],[-22,19],[50,34],[2,-42]],[[26287,48731],[-28,-36],[-16,11],[18,59],[26,-34]],[[25729,48369],[5,-35],[-42,1],[-11,33],[48,1]],[[25478,47770],[-11,-7],[-28,33],[42,35],[-3,-61]],[[26245,48630],[-39,-48],[-6,44],[15,23],[30,-19]],[[26128,48523],[1,-44],[-46,17],[-6,18],[51,9]],[[25542,48697],[-56,-5],[-7,14],[8,12],[56,4],[-1,-25]],[[25613,47888],[-4,-22],[-16,17],[10,18],[10,-13]],[[25616,47839],[-9,-4],[-8,16],[9,15],[9,-6],[-1,-21]],[[25532,47464],[9,-5],[1,-10],[-15,-14]],[[27002,49237],[-82,29]],[[26916,49442],[138,109],[111,-121],[229,84],[16,106],[-107,-12],[-54,25],[33,146],[92,64],[130,26],[227,-64],[-48,130],[210,244],[105,23],[99,-57],[95,-163],[156,67],[40,-159],[119,179],[-43,98],[14,39],[73,-21],[79,-112],[103,32],[142,-5],[-109,135],[106,62],[206,-26],[337,154],[96,-11],[63,79],[138,-41],[54,38],[26,89],[65,64],[185,-24],[114,117],[113,-20],[-4,-78],[-221,-255],[-28,-103],[31,-28],[436,347],[46,-30],[9,-166],[67,-12],[142,162],[38,115],[170,46],[133,-76],[-36,-111],[33,-105],[54,18],[115,122],[84,16],[149,-64],[219,-28],[257,-126],[19,-39],[-38,-36],[-449,-148],[121,-78],[357,-66],[18,-83],[-28,-34],[-105,1],[-121,57],[-5,-61],[-52,-58],[-215,-69],[-74,-130],[-77,-12]],[[29441,50571],[-112,-101],[0,-19],[-112,-46],[-189,0],[-6,11],[38,39],[-17,20],[48,35],[99,-33],[27,54],[66,-35],[46,24],[0,51],[53,-14],[31,38],[28,-24]],[[28193,50262],[1,-50],[24,26],[18,-23],[42,-26],[-3,-27],[-39,-11],[-47,5],[-20,22],[-6,35],[-55,38],[26,29],[59,-18]],[[29650,50684],[1,-29],[27,5],[11,-29],[-59,-5],[-19,57],[39,1]],[[29912,50722],[-14,-37],[-50,26],[25,27],[39,-16]],[[28117,50197],[-7,-26],[-60,29],[15,20],[52,-23]],[[30289,50498],[-40,-22],[-15,22],[44,32],[11,-32]],[[30384,50676],[-39,-14],[-9,13],[37,37],[22,-11],[-11,-25]],[[29012,50452],[-51,-13],[-9,13],[35,37],[25,-37]],[[28374,50258],[-26,-32],[-14,62],[11,16],[29,-46]],[[27169,49535],[-23,-15],[-14,29],[6,29],[24,-1],[7,-42]],[[28208,39193],[32,31],[7,-14],[61,10],[38,-2],[-7,-35],[-34,-4],[-14,-24],[-31,-17],[-32,4],[-20,51]],[[28507,39268],[-54,-46],[21,-48],[-23,-129]],[[28451,39045],[-34,-8],[-74,16],[-71,-88]],[[28272,38965],[-62,37],[-17,60]],[[28193,39062],[-1,38],[-44,50],[-24,79],[51,80],[50,0],[-3,84]],[[28222,39393],[17,17],[19,22]],[[28258,39432],[85,-8],[25,-14],[20,-99],[29,-51],[90,8]],[[28717,39069],[7,-17],[-26,-20]],[[28698,39032],[-106,-20],[-141,33]],[[28507,39268],[49,45],[131,37]],[[28687,39350],[-14,-209],[44,-72]],[[28698,39032],[31,-44],[22,-143]],[[28751,38845],[-94,-10],[-63,-57],[-110,58]],[[28484,38836],[-67,54],[-115,21],[-30,54]],[[28484,38836],[-16,-18],[-51,11],[-83,-44],[-32,-70],[-66,4]],[[28094,38943],[-18,89]],[[28076,39032],[117,30]],[[28076,39032],[-109,99]],[[27967,39131],[54,98]],[[28021,39229],[36,22],[13,68],[38,50],[114,24]],[[30130,37018],[33,-39],[16,-114],[102,-63],[63,-78],[5,-28]],[[30349,36696],[-7,-6]],[[30342,36690],[-211,-35]],[[30131,36655],[-45,-33]],[[30086,36622],[-73,107],[-144,15]],[[29869,36744],[-9,98],[27,37],[-3,47],[75,79]],[[29959,37005],[77,47]],[[30036,37052],[94,-34]],[[30407,37096],[60,-113]],[[30467,36983],[-17,-130]],[[30450,36853],[-31,-101],[-70,-56]],[[30130,37018],[84,88],[67,-77],[91,25],[35,42]],[[30202,37560],[37,-56],[19,-149],[51,-11]],[[30309,37344],[18,-148],[72,-57],[8,-43]],[[30036,37052],[-80,51],[-22,49],[54,102],[81,87],[-8,223]],[[30061,37564],[51,41],[90,-45]],[[29959,37005],[-84,9],[-21,97],[-139,-7]],[[29715,37104],[-84,94]],[[29631,37198],[36,168],[31,37]],[[29698,37403],[75,-24],[58,87],[47,3],[51,89],[69,27]],[[29998,37585],[63,-21]],[[29869,36744],[-55,-13]],[[29814,36731],[-278,-46]],[[29536,36685],[-25,31],[3,129],[83,128],[99,77],[19,54]],[[30727,37384],[34,-40],[57,-243],[7,-52]],[[30825,37049],[-72,18],[-120,-63],[-166,-21]],[[30309,37344],[58,-26],[135,18],[116,60],[109,-12]],[[30790,37833],[-94,-32],[-23,-41],[-118,9]],[[30555,37769],[-36,5],[-17,88],[-151,185]],[[30351,38047],[36,21],[49,91],[96,42],[60,-8],[72,-68],[51,-94],[50,-169],[25,-29]],[[31036,37421],[-72,-4],[-87,73],[-44,-46],[-107,1]],[[30726,37445],[-11,33],[16,41],[-16,27],[-111,-13],[-67,36],[-47,90]],[[30490,37659],[3,53],[47,0],[15,57]],[[30790,37833],[156,-259],[78,-77],[12,-76]],[[30726,37445],[1,-61]],[[30202,37560],[55,104],[24,-8],[171,33],[38,-30]],[[29998,37585],[4,206],[-39,46]],[[29963,37837],[21,39],[-25,34]],[[29959,37910],[48,10],[68,87],[206,30],[70,10]],[[31036,37421],[43,-122],[1,-103],[-33,-95],[-10,-81]],[[31037,37020],[-169,17],[-18,-64],[-21,65]],[[30829,37038],[-4,11]],[[31008,36635],[-6,-58],[54,-89],[-25,-155],[-8,-28]],[[31023,36305],[-66,-22]],[[30957,36283],[-22,22],[-208,-9]],[[30727,36296],[8,37],[12,73],[-59,98],[26,36],[50,-2],[41,91]],[[30805,36629],[42,52]],[[30847,36681],[161,-46]],[[30727,36296],[-204,38]],[[30523,36334],[-53,174],[-66,30],[-62,152]],[[30450,36853],[47,-82],[86,-63],[222,-79]],[[31336,36237],[-119,-203],[4,-176],[-26,-137]],[[30750,35934],[221,72],[33,45]],[[31004,36051],[25,63],[-72,169]],[[31023,36305],[144,-84],[169,16]],[[31037,37020],[17,-231],[-18,-49],[34,-71]],[[31070,36669],[-62,-34]],[[30847,36681],[-108,276],[17,42],[73,39]],[[31070,36669],[67,-87],[115,-33],[233,99],[62,-44],[22,-75],[-23,-196],[-150,-43],[-60,-53]],[[30086,36622],[-19,-95],[-34,-27],[9,-149],[26,-223],[-11,-31]],[[30057,36097],[-120,-23]],[[29937,36074],[-41,17],[-29,169],[-48,68],[-34,0]],[[29785,36328],[12,23],[17,380]],[[30447,35886],[8,84],[-50,56]],[[30405,36026],[54,125]],[[30459,36151],[89,20],[185,-40],[113,12],[78,-85],[80,-7]],[[30307,36254],[-26,-95]],[[30281,36159],[-108,2],[-33,-49]],[[30140,36112],[-29,31],[-36,-48],[-18,2]],[[30131,36655],[29,-131],[93,-173],[0,-28],[28,-19],[26,-50]],[[30281,36159],[9,-109],[66,-43],[49,19]],[[30205,35693],[-23,174],[28,133],[-67,49],[-3,63]],[[30459,36151],[-39,135]],[[30420,36286],[103,48]],[[30420,36286],[-113,-32]],[[29859,35713],[23,39],[-35,110],[73,56],[-8,66],[25,90]],[[30308,36121],[11,27],[34,14],[3,-29],[39,-32],[-30,-40],[-34,9],[-23,51]],[[29612,36155],[-4,-59],[103,-120],[-8,-99],[17,-49],[-45,-128]],[[29285,35918],[43,38],[58,192],[65,29]],[[29451,36177],[77,24],[34,55]],[[29562,36256],[50,-101]],[[29451,36177],[-138,83],[-53,91],[-20,69],[-61,52]],[[29179,36472],[-25,30],[35,52]],[[29189,36554],[308,53]],[[29497,36607],[79,-19],[6,-104],[-26,-133],[6,-95]],[[29186,35983],[-67,127],[44,47],[41,1],[-8,32],[-98,55],[-93,-115],[-44,63]],[[28961,36193],[43,7],[23,103],[66,-15],[29,63],[8,53],[49,68]],[[29612,36155],[118,21],[25,144],[15,26],[15,-18]],[[29497,36607],[2,66]],[[29499,36673],[37,12]],[[29186,37184],[25,-30]],[[29211,37154],[-43,-65],[-55,-17],[-13,-98],[-24,-28]],[[29076,36946],[-41,-32],[-88,37],[-103,-27],[-59,64],[-124,-32],[-146,94]],[[28515,37050],[24,63]],[[28539,37113],[89,-14],[42,33],[47,66],[6,92],[43,29]],[[28766,37319],[209,-7],[127,-131],[84,3]],[[28961,36193],[-1,2]],[[28960,36195],[-122,36],[-28,46],[-73,38]],[[28737,36315],[65,36],[-48,63],[33,70],[-8,35]],[[28779,36519],[20,49],[-20,99],[46,56],[131,-33],[145,90]],[[29101,36780],[85,-91],[3,-135]],[[29101,36780],[30,56],[-55,110]],[[29211,37154],[55,-17],[52,-70],[12,-70],[49,-37],[65,-215],[55,-72]],[[28779,36519],[-158,72]],[[28621,36591],[-67,91],[-3,144],[-50,22]],[[28501,36848],[-136,183]],[[28365,37031],[150,19]],[[28554,36225],[-17,-56],[19,-46],[-21,-34],[7,-45]],[[28542,36044],[-101,56],[-30,-64]],[[28411,36036],[-48,-6],[-18,112],[-73,44]],[[28272,36186],[-2,31]],[[28270,36217],[41,44],[78,193]],[[28389,36454],[27,5]],[[28416,36459],[68,-108],[17,-83],[53,-43]],[[28038,36957],[28,-90],[64,-59],[9,-40]],[[28139,36768],[-89,-117],[-104,29]],[[27946,36680],[11,19],[-48,32],[10,42],[-22,145]],[[27897,36918],[48,10],[29,43],[64,-14]],[[28737,36315],[-109,-57]],[[28628,36258],[-74,-33]],[[28416,36459],[41,73],[73,-17],[91,76]],[[28319,36803],[-17,-88],[49,-104],[25,-77],[-7,-47]],[[28369,36487],[-18,23],[-271,-5]],[[28080,36505],[-12,34],[-88,34],[-46,52],[3,26]],[[27937,36651],[9,29]],[[28139,36768],[42,-6],[53,70]],[[28234,36832],[85,-29]],[[28501,36848],[-52,-95],[-29,-6],[-20,12],[4,69],[-53,14],[-32,-39]],[[28234,36832],[-24,62],[19,150]],[[28229,37044],[122,-11],[14,-2]],[[28038,36957],[91,96],[43,11]],[[28172,37064],[57,-20]],[[28389,36454],[-20,33]],[[28270,36217],[-88,70],[6,64],[-22,20],[-80,0],[-32,-19]],[[28054,36352],[-112,-18]],[[27942,36334],[-7,17],[44,36],[-6,99],[107,19]],[[28301,35926],[32,-217],[-69,-95],[9,-17],[49,-90],[54,-20]],[[28376,35487],[-25,-86],[-35,-36],[-19,-45]],[[28011,35605],[93,60],[-4,51],[-60,113],[84,32],[-20,58]],[[28104,35919],[50,38]],[[28154,35957],[57,-40],[90,9]],[[26959,36114],[24,-61],[-10,-74]],[[26973,35979],[-29,-38],[-44,15],[-58,-120],[-78,-42]],[[26764,35794],[-58,29],[-68,125],[11,55],[45,25],[-22,36]],[[26663,35807],[-21,-20],[-34,37],[-28,55],[18,32],[17,-23],[-6,-29],[54,-52]],[[26633,36082],[3,-44],[-24,8],[-29,51],[7,29],[43,-44]],[[26553,35976],[6,-69],[-31,19],[-8,23],[33,27]],[[26451,36068],[-31,-6],[-13,42],[20,21],[24,-57]],[[27099,35850],[-52,-33],[-12,-92],[-78,-52],[-37,-82]],[[26920,35591],[-63,121],[-93,82]],[[26973,35979],[14,2],[16,-19],[96,-112]],[[26686,35805],[4,-69],[-39,33],[-1,24],[36,12]],[[27408,35413],[-33,-51]],[[27375,35362],[-133,112],[-136,7],[-6,29],[38,27],[-52,46],[-166,8]],[[27099,35850],[161,-219],[50,-34],[41,-29],[3,-68],[54,-87]],[[27137,35437],[28,-46],[-17,-10],[-87,22],[-5,11],[12,17],[39,-17],[30,23]],[[26993,35326],[-53,-5],[-7,23],[21,14],[42,-3],[-3,-29]],[[27249,35400],[4,-23],[-66,6],[-7,13],[4,9],[65,-5]],[[27054,34961],[-42,-5],[-14,22],[46,22],[10,-39]],[[27042,35514],[-12,-19],[-43,38],[11,17],[31,-12],[13,-24]],[[26310,36497],[-81,-177],[-15,-28],[-9,22],[-21,6],[-88,188],[-25,159],[44,-5]],[[27773,34998],[-133,116],[-86,75],[-93,42],[6,21],[2,-1],[2,0],[1,0],[2,2],[1,2],[63,-2],[128,-139],[5,-4],[73,-38]],[[27408,35413],[70,-84],[-26,-47],[-1,0],[-2,-1],[-1,-2],[-1,-3],[-1,-3],[1,-3],[0,-3],[2,-2],[1,-2],[-10,-22],[-57,26],[22,41],[-30,54]],[[27332,35311],[1,-18],[-27,-25],[-160,-2],[-9,25],[9,20],[33,-11],[57,0],[38,38],[58,-27]],[[26899,36907],[68,37]],[[26967,36944],[19,-89],[-108,-95],[-34,42],[21,25],[-6,44],[40,36]],[[27030,36976],[123,-57]],[[27153,36919],[-5,-39],[-59,-48],[33,-51]],[[27122,36781],[-41,-47],[-118,20],[-26,-75],[-50,-4]],[[26887,36675],[-11,28],[-38,4],[-33,37],[-44,1],[-75,86]],[[26814,36948],[44,1],[41,-42]],[[26967,36944],[32,57]],[[26999,37001],[31,-25]],[[26871,37115],[34,-45],[79,-11],[15,-58]],[[27017,37169],[34,-34],[126,-7]],[[27177,37128],[-25,-45],[-102,-51],[-20,-56]],[[27212,37137],[94,-88],[48,-94]],[[27354,36955],[-58,-58]],[[27296,36897],[-94,103],[-38,-22],[-11,-59]],[[27177,37128],[28,26]],[[27205,37154],[7,-17]],[[27117,37222],[88,-68]],[[27296,36897],[115,-98],[-6,-71]],[[27405,36728],[-19,-30],[-140,5],[-16,-26]],[[27230,36677],[-51,75],[-57,29]],[[27476,36878],[89,-31]],[[27565,36847],[37,-92],[-46,-82]],[[27556,36673],[-151,55]],[[27354,36955],[89,-31],[33,-46]],[[27556,36673],[64,-49],[-1,-65]],[[27619,36559],[-56,5],[-47,-42],[-126,99],[-76,-17]],[[27314,36604],[-84,73]],[[27619,36559],[153,-19]],[[27772,36540],[3,-79]],[[27775,36461],[-94,18],[-35,-20],[-45,27],[-63,-41],[-51,33],[-185,24]],[[27302,36502],[-12,40],[24,62]],[[27937,36651],[-59,18],[-60,-46],[-46,-83]],[[27565,36847],[179,-21],[76,80],[54,8]],[[27874,36914],[23,4]],[[27942,36334],[-55,-1],[-21,18],[-15,72],[-76,38]],[[26887,36675],[-43,-58],[16,-81]],[[26860,36536],[-36,-158]],[[27302,36502],[-67,46],[-49,-28],[-83,14],[-88,-120],[-96,106],[-59,16]],[[27909,37797],[1,27],[58,23],[33,-42],[43,-12],[6,-29],[-34,-21],[-33,-43],[-21,31],[-35,-12],[0,48],[-18,30]],[[28129,37913],[13,-37],[20,-43]],[[28162,37833],[108,-139],[33,-79],[4,-101]],[[28307,37514],[-103,-29],[-81,88],[-72,-48],[-32,50],[-96,-49]],[[27923,37526],[-27,52],[4,87],[-71,161]],[[27829,37826],[59,50],[15,51],[-20,32]],[[27911,38089],[18,-22],[-6,-44],[29,-31],[117,-36],[30,-51],[30,8]],[[27923,37526],[-14,-95]],[[27909,37431],[-89,-84],[-36,37],[-118,4]],[[27666,37388],[-2,106]],[[27664,37494],[5,123],[-62,76]],[[27607,37693],[42,68],[60,-25],[62,77],[58,13]],[[27607,37693],[-52,30]],[[27555,37723],[5,153],[-2,39]],[[27664,37494],[-267,-121]],[[27397,37373],[-66,119],[-51,45]],[[27280,37537],[45,33],[9,124],[-21,53]],[[27313,37747],[182,13],[20,-70],[40,33]],[[27313,37747],[-179,8]],[[27280,37537],[-41,-44],[-111,-31],[-88,-105]],[[27397,37373],[-59,-29],[-22,-142],[-62,-67],[-42,2]],[[27868,37021],[-16,-30],[31,-24],[-9,-53]],[[27476,36878],[22,20],[-27,67],[24,92],[118,67]],[[27613,37124],[87,59],[35,-67],[32,0],[101,-95]],[[27666,37388],[-55,-115],[2,-149]],[[27909,37431],[21,-84],[-30,-43],[5,-181],[-37,-102]],[[28997,38266],[-68,-70],[-145,-43],[-35,-74],[-90,-4],[-2,-38]],[[28657,38037],[-31,-105],[-68,-56]],[[28558,37876],[-20,-7]],[[28538,37869],[-85,81],[-27,175],[-119,12]],[[28307,38137],[-14,13]],[[28293,38150],[84,65],[56,98]],[[28433,38313],[26,39],[80,21],[119,-38],[102,38],[62,-43],[48,-78],[127,14]],[[28538,37869],[-122,-112],[-151,117],[-103,-41]],[[28129,37913],[81,96],[47,20],[17,80],[33,28]],[[27940,38101],[148,13],[56,73],[102,-49],[47,12]],[[28999,37838],[-29,-42],[-9,-68],[-121,-206]],[[28840,37522],[-52,-38],[-70,26],[-17,22],[10,54],[-98,51]],[[28613,37637],[-2,151],[-53,88]],[[28657,38037],[134,-24],[41,-94],[167,-81]],[[28613,37637],[-90,-114],[-12,-51],[-76,-18],[-15,-52]],[[28420,37402],[-69,-5],[-55,7]],[[28296,37404],[25,65],[-14,45]],[[29261,38033],[-78,-87],[-68,-4],[-84,-66],[-14,-37]],[[29017,37839],[-18,-1]],[[28997,38266],[12,14]],[[29009,38280],[119,-95],[38,-67],[71,-6],[24,-79]],[[28296,37404],[-23,-38],[-6,-85],[-57,-25],[24,-37],[-6,-36],[-63,-37],[7,-82]],[[28840,37522],[-74,-203]],[[28539,37113],[-15,48],[-49,12],[-2,198],[-53,31]],[[19000,41934],[-122,-171],[-70,-30],[40,-50]],[[18848,41683],[-102,-42],[-44,-48],[10,-19],[87,-100],[80,-44],[105,-8],[47,57],[-8,55]],[[19023,41534],[56,38],[54,-42]],[[19133,41530],[25,-64],[50,-18]],[[19208,41448],[-3,-49],[20,-25]],[[19225,41374],[1,-38],[-106,-54],[-28,-53],[-122,10]],[[18970,41239],[-33,-1],[-58,77],[-65,-62],[-40,-2]],[[18774,41251],[-52,65],[-15,84],[-118,-81],[-61,42],[-89,-9],[-23,18],[-6,52],[-49,16]],[[18361,41438],[52,59],[107,8],[27,55],[107,86],[-4,36],[-116,10],[-42,34],[97,87],[15,85],[48,69],[203,57],[53,-87],[16,95],[35,39],[109,-37],[-68,-100]],[[18587,41894],[-27,-30],[-19,57],[20,8],[26,-35]],[[18774,41251],[4,-38],[-32,-66],[20,-129],[-27,-106],[-20,-20]],[[18719,40892],[-96,-102],[-76,30],[-53,-18],[-38,-12],[-14,44],[-39,44]],[[18403,40878],[2,34],[-15,31],[-227,-8],[-45,37],[-9,50],[-72,10],[-18,42],[24,47],[54,20],[7,72],[70,42],[-16,31],[-71,-3],[-42,44],[8,22],[57,-4],[-32,110],[-31,13],[6,23],[117,35],[118,-6],[73,-82]],[[18026,41366],[-6,-57],[-30,29],[3,35],[33,-7]],[[18858,40681],[66,-92],[29,-132],[-125,-18],[-7,-64],[-110,-10]],[[18711,40365],[-34,37],[-100,11],[-71,43],[-174,-30],[-29,30],[-21,110]],[[18282,40566],[-100,44],[123,234],[98,34]],[[18719,40892],[50,-45],[-26,-110],[86,41],[29,-97]],[[19378,40657],[-50,-149],[-19,-30],[-6,-21],[-22,-28],[32,-46],[-14,-30],[-199,17],[-22,-39],[-133,-10],[-54,-24],[-18,-52],[-73,-18]],[[18800,40227],[-60,63],[-29,75]],[[18858,40681],[162,52],[67,-33],[21,35]],[[19108,40735],[120,-4],[7,-22],[-25,-37],[29,-32],[92,38],[47,-21]],[[18800,40227],[-288,-192],[-217,-61],[-90,29],[-20,73],[-121,-19],[-6,70],[-91,51],[78,118],[-80,36],[2,38],[121,28],[48,113],[67,46],[79,9]],[[18174,39961],[-29,-13],[-16,21],[20,29],[21,-1],[4,-36]],[[19392,40916],[-91,0],[-44,42],[42,97],[-1,54],[56,39]],[[19354,41148],[40,-45],[-25,-122],[23,-65]],[[19392,40916],[25,-139],[-39,-120]],[[19108,40735],[-52,140],[11,37],[15,57],[-44,65],[57,122],[-101,61],[-24,22]],[[19225,41374],[111,31]],[[19336,41405],[26,-47],[-57,-37],[36,-67],[13,-106]],[[13940,46856],[108,61],[-11,58],[31,38],[129,29]],[[14197,47042],[39,-19],[-135,-195],[-109,-4],[-52,32]],[[13980,46744],[-42,0]],[[13938,46744],[4,18],[26,25],[11,-10],[1,-33]],[[13938,46744],[-193,-9],[-11,93],[24,42],[72,-48],[110,34]],[[14197,47042],[-187,-9],[-135,138],[-95,82],[-382,22],[97,68],[438,58],[13,37],[-79,62],[60,98],[-12,36],[-245,59],[-311,-65],[-118,71],[75,86],[108,1],[-24,132],[80,89],[101,-2],[217,-73],[-16,55],[-113,124],[0,35],[31,21],[149,-19],[297,-216],[39,-87],[1,-124],[97,-120],[112,108],[135,60],[22,157],[29,37],[67,-13],[173,-121],[69,116],[174,57],[214,-155],[-6,104],[15,37],[254,-28],[99,55],[174,29],[71,137],[95,18],[217,-141],[155,16],[17,-73],[80,-82],[32,-98],[118,-43],[186,-127],[34,-222],[-91,-150],[-158,-108],[-58,-94],[-115,-80],[-206,-35],[-162,-68],[-228,-157],[-296,-51],[-161,-108],[-148,-50],[-244,-14],[-299,60],[-417,183],[-256,-13]],[[24201,36634],[-10,-90],[52,-39]],[[24243,36505],[-8,-25]],[[24235,36480],[-61,-16],[-2,-135]],[[24172,36329],[-298,-73]],[[23887,36670],[141,63],[128,3]],[[24156,36736],[45,-102]],[[24311,36836],[20,-182],[35,-69]],[[24366,36585],[12,-80]],[[24378,36505],[-135,0]],[[24201,36634],[36,-4],[38,57],[9,90],[-42,48],[-72,-15]],[[24170,36810],[-25,106]],[[24150,36921],[114,3],[47,-88]],[[24156,36736],[14,74]],[[24435,37015],[-41,-148]],[[24394,36867],[-47,18],[-36,-49]],[[24394,36867],[38,-148]],[[24478,36629],[-50,-48],[-37,24],[-25,-20]],[[24278,36154],[-81,-229]],[[24197,35925],[-83,11],[-20,-38]],[[24172,36329],[14,-9],[81,-63],[11,-103]],[[24281,36149],[-3,5]],[[24235,36480],[18,-50],[50,5],[33,-115],[17,-34],[-72,-137]],[[24378,36505],[43,-67],[77,-18],[102,-179]],[[24601,36201],[-23,-21],[-65,51],[-19,-54],[-83,5],[-23,-38]],[[24388,36144],[-107,5]],[[24197,35925],[-3,-60],[44,-34]],[[24238,35831],[-59,-47],[-147,-38]],[[24388,36144],[25,-14],[-6,-57]],[[24407,36073],[-122,-138],[-47,-104]],[[24695,36089],[11,-106]],[[24706,35983],[-128,80],[-125,31],[-46,-21]],[[24879,35889],[-75,15],[-98,79]],[[24502,36868],[13,-91],[36,-10]],[[24673,37036],[-42,-29],[7,-126],[-22,-61]],[[24616,37090],[47,-13],[10,-41]],[[24711,36968],[-17,-188]],[[24673,37036],[38,-68]],[[25048,37150],[-111,-96],[-7,-61]],[[24930,36993],[-163,2],[-56,-27]],[[24930,36993],[13,-25],[-31,-45],[-23,-126],[-65,-74],[11,-76]],[[24835,36647],[-126,43]],[[25095,36641],[-59,-12],[-56,-104]],[[24980,36525],[-123,64],[-22,58]],[[24647,36585],[34,-69],[32,-12],[6,-18]],[[24697,36659],[1,-40],[137,-134]],[[24980,36525],[41,-46],[-1,-34],[27,-3],[-17,-64]],[[32936,33853],[-39,-78],[-3,-87],[-70,-46],[-34,-156],[59,-171]],[[32849,33315],[73,-111],[79,-58]],[[33001,33146],[-48,-54],[14,-56],[-26,-77],[-84,-36]],[[32857,32923],[-32,89],[-14,136],[-111,100],[-189,-144],[-149,10],[-66,79]],[[32296,33193],[73,60],[-5,48],[-2,94],[-55,130],[10,54],[-67,98],[-119,27],[-136,-15],[-36,51]],[[31959,33740],[75,54],[33,68],[149,-36],[107,26],[155,114],[19,68],[51,16]],[[32548,34050],[128,-41],[12,-51],[80,-101],[64,29],[104,-33]],[[32857,32923],[-59,-92],[-26,-94],[54,-162],[34,-22],[191,23]],[[33051,32576],[120,-139],[-17,-130],[31,-108]],[[33185,32199],[-19,-50],[-127,-70]],[[33039,32079],[3,124],[-125,174],[-53,-29],[-40,-67],[-73,20],[-107,-97],[-50,-118],[50,-96],[-130,-108]],[[32514,31882],[-163,198],[-73,128],[-89,-3],[-68,42]],[[32121,32247],[15,127],[34,65],[-4,111],[48,66],[-89,112],[-27,70]],[[32098,32798],[123,113],[-16,50],[51,135],[-27,83]],[[32229,33179],[67,14]],[[33039,32079],[-65,-51],[-271,-96],[0,-72],[60,-89],[-209,-98]],[[32554,31673],[-20,31],[2,63],[-22,115]],[[32554,31673],[1,-145]],[[32555,31528],[-84,64],[-97,175],[-261,157],[-210,32],[-28,-56],[-10,-133],[-35,-148],[-81,27],[-151,-93],[-171,91]],[[31427,31644],[22,69],[55,54],[52,89],[31,104],[-6,41]],[[31581,32001],[49,106],[110,82],[163,-35],[50,10],[32,56]],[[31985,32220],[136,27]],[[31985,32220],[-82,159],[-58,29],[-49,69],[-104,-39]],[[31692,32438],[45,108],[96,117],[70,44],[120,121],[39,8],[36,-38]],[[31581,32001],[-101,-42],[-26,70]],[[31454,32029],[83,202],[-25,122],[116,85]],[[31628,32438],[64,0]],[[33870,32694],[-47,-266]],[[33823,32428],[-64,-13],[-53,-112],[-29,-168],[59,-23],[2,-77]],[[33738,32035],[-31,-63]],[[33707,31972],[-94,-81],[-47,-100],[-75,-8],[-146,99]],[[33345,31882],[84,57],[-17,103],[-48,34],[1,94],[-53,32],[-18,48]],[[33294,32250],[38,40],[14,96],[108,56]],[[33454,32442],[117,-8],[15,107],[100,76],[73,131],[56,23],[55,-77]],[[33345,31882],[-94,28],[-134,-143],[-70,-129],[-55,-1],[-46,-64],[-260,-45],[-59,-37],[-72,37]],[[33185,32199],[109,51]],[[33879,31997],[66,-63]],[[33945,31934],[-34,-167],[38,-153],[-90,-23],[-16,-108],[-84,-84],[-67,39],[9,73],[-42,146],[130,192],[-24,98],[-58,25]],[[33738,32035],[21,0],[120,-38]],[[34278,32536],[-64,-154],[58,-76]],[[34272,32306],[-32,-70],[-151,-106],[-59,71],[-73,-56]],[[33957,32145],[-47,82],[-100,5],[-11,154],[24,42]],[[33870,32694],[112,179]],[[33982,32873],[195,26]],[[34177,32899],[-18,-57],[122,-82],[32,-64],[0,-40],[-39,-67],[4,-53]],[[20872,40533],[-39,-59]],[[20833,40474],[-50,15]],[[20783,40489],[1,17]],[[20784,40506],[32,46]],[[20816,40552],[16,21]],[[20832,40573],[29,2]],[[20861,40575],[11,-42]],[[20926,40502],[-2,-36]],[[20924,40466],[-93,-13]],[[20831,40453],[2,21]],[[20872,40533],[54,-31]],[[20926,40502],[53,-19],[-6,-15],[-26,-12],[-23,10]],[[20763,40554],[21,-48]],[[20783,40489],[-26,0],[-25,-1]],[[20732,40488],[11,68]],[[20743,40556],[20,-2]],[[20771,40555],[45,-3]],[[20763,40554],[8,1]],[[20771,40555],[0,37]],[[20771,40592],[42,13],[19,-32]],[[20743,40556],[-11,33],[25,2],[14,1]],[[21328,40570],[-27,33]],[[21301,40603],[157,12]],[[21458,40615],[-4,-37],[-78,-39],[-48,31]],[[21615,40491],[-13,-28],[36,-72],[-31,-103]],[[21607,40288],[-5,-16]],[[21602,40272],[-44,24],[-66,-41]],[[21492,40255],[-76,41]],[[21416,40296],[-32,57]],[[21384,40353],[-73,76]],[[21311,40429],[29,83],[-12,58]],[[21458,40615],[70,42]],[[21528,40657],[18,-115],[12,-9],[57,-42]],[[21575,40402],[18,-40],[26,37],[-32,32],[-12,-29]],[[22061,40544],[-64,-243],[-73,-68],[-79,-12]],[[21845,40221],[-67,12],[-40,7],[-40,53],[-91,-5]],[[21615,40491],[52,9]],[[21667,40500],[111,-25],[101,-23],[124,55],[20,34]],[[22023,40541],[38,3]],[[22039,40659],[22,-115]],[[22023,40541],[-166,64],[-50,85]],[[21807,40690],[86,7],[75,-58],[71,20]],[[21807,40690],[-29,-4],[-65,-8],[-48,-55],[2,-123]],[[21528,40657],[30,41]],[[21558,40698],[47,10],[63,75],[162,-6],[112,-35],[97,-83]],[[28411,36036],[12,-24]],[[28423,36012],[-72,-73],[-50,-13]],[[28154,35957],[-57,63],[18,75],[108,2],[18,68],[31,21]],[[28104,35919],[-122,150],[5,75],[67,208]],[[28491,35799],[-62,-76],[-33,-98],[5,-28],[17,-92],[-42,-18]],[[28423,36012],[55,-110],[-8,-61],[21,-42]],[[28895,35910],[-14,-31]],[[28881,35879],[-42,-114]],[[28839,35765],[-61,-29]],[[28778,35736],[-177,-5]],[[28601,35731],[-11,41]],[[28590,35772],[41,55],[30,155]],[[28661,35982],[5,55]],[[28666,36037],[229,-127]],[[28779,35524],[-70,0],[-94,-70],[-26,-58]],[[28589,35396],[-35,69]],[[28554,35465],[-9,112],[25,20],[23,18],[8,116]],[[28778,35736],[29,-139],[-2,-41],[-26,-32]],[[28554,35465],[-67,-39],[11,-86],[-45,-47],[-8,-51],[-50,-17]],[[28491,35799],[30,-34],[69,7]],[[28542,36044],[119,-62]],[[29138,35889],[-22,1],[-17,54],[-57,17],[-13,-18],[5,-51],[-34,-76],[-119,63]],[[28895,35910],[46,52],[-46,110],[65,123]],[[28666,36037],[-6,136],[-32,85]],[[29183,35537],[-50,-32],[-62,22]],[[29071,35527],[-14,39],[-63,31],[-116,56],[-39,112]],[[29033,35360],[14,-44],[84,-72]],[[29106,35220],[-53,-33],[-106,26],[-75,-61]],[[28872,35152],[-107,29],[-1,65]],[[28764,35246],[15,66],[111,86]],[[28890,35398],[73,1],[70,-39]],[[29071,35527],[-69,-42],[-1,-52],[44,-51],[-12,-22]],[[28890,35398],[-16,53],[-34,0],[-61,73]],[[28815,34912],[-14,48],[15,27],[48,85],[4,42],[4,38]],[[28764,35246],[-52,20],[-54,104],[-69,26]],[[27449,44064],[-43,22],[-34,19],[-26,102],[50,95]],[[27396,44302],[10,33],[15,2],[-4,32],[22,18],[-3,45],[23,29],[155,39],[30,42],[35,7],[42,23],[48,149]],[[27769,44721],[52,-4],[32,35],[56,-137],[72,-65],[-5,-55],[-102,-42],[-14,-170],[16,-9],[32,63],[8,-46],[-140,-178],[-91,17],[-137,-126],[-99,60]],[[27707,44042],[-43,-7],[-5,19],[40,34],[8,-46]],[[27396,44302],[-97,69],[-57,6]],[[27242,44377],[-71,132],[15,63],[-31,91],[-2,84]],[[27380,44999],[71,-14],[33,-43],[98,34],[41,-86],[82,-52],[41,63],[58,-91],[-35,-89]],[[27449,44064],[3,-48],[-26,-55],[-98,-24],[0,-47],[-50,21],[-109,-24]],[[27169,43887],[-118,46],[-43,59],[-148,97],[-53,-8]],[[26807,44081],[-14,31],[44,45],[-4,43]],[[26833,44200],[72,84],[94,9],[14,45],[229,39]],[[27169,43887],[53,-58],[23,-61],[-17,-37],[26,-60],[-113,-130]],[[27141,43541],[-93,70],[-104,-23],[-25,-26],[13,-70],[-12,-40],[-132,8],[-71,-79]],[[26717,43381],[-92,9],[-26,62],[-23,44],[16,51],[-23,65],[-118,-16],[-52,17],[-24,33]],[[26498,43897],[165,113],[94,13],[17,45],[33,13]],[[26717,44560],[35,-52],[6,-63],[55,-74],[5,-44],[-33,-66],[48,-61]],[[26717,43381],[58,-45],[13,-69],[-40,-40],[1,-122]],[[26749,43105],[-107,9],[-85,-41],[-57,39],[-52,-7],[-83,-39],[-24,-118],[-92,67],[-124,-36]],[[26749,43105],[94,-137],[-70,-26],[-61,-76],[-15,-155]],[[26697,42711],[-162,-59],[-126,46]],[[26409,42698],[-144,31],[-214,-48]],[[26936,42626],[-62,-6],[-105,92],[-72,-1]],[[27141,43541],[48,-34],[-27,-84],[3,-141],[-85,-183],[22,-44],[-36,-72],[-32,-161],[-98,-196]],[[27085,42596],[-29,-34],[-13,167],[53,136],[63,77],[68,144],[20,71],[30,28],[9,-18],[-17,-81],[-139,-357],[-45,-133]],[[27996,43511],[-21,-59],[-112,-102],[-5,-85],[43,-41],[-182,-179],[-12,-70],[-39,-26],[-16,13],[13,91],[-19,33],[-11,55],[19,56],[-19,85],[112,151],[87,61],[32,-19],[123,50],[7,-14]],[[28056,43505],[-33,-14],[-9,29],[29,35],[13,-50]],[[28037,43723],[-34,0],[-10,28],[7,15],[42,-17],[-5,-26]],[[26936,42626],[-16,-55],[-77,-89],[-64,66],[-88,-32],[-199,7],[-26,-71],[-47,28]],[[26419,42480],[7,73],[-56,67],[39,78]],[[26419,42480],[-106,-126],[-4,-55],[34,-97],[-41,-78],[-165,3],[-128,-39],[-108,33],[-33,73],[30,90],[-159,285],[78,10],[-25,95],[67,18]],[[25860,42103],[-24,-12],[-15,32],[34,36],[5,-56]],[[21455,40036],[-7,-15]],[[21448,40021],[-8,-32]],[[21440,39989],[-29,29]],[[21411,40018],[11,20]],[[21422,40038],[33,-2]],[[21461,39970],[18,-24]],[[21479,39946],[-37,-12]],[[21442,39934],[-10,49]],[[21432,39983],[29,-13]],[[21442,39934],[-16,-4]],[[21426,39930],[-5,4]],[[21421,39934],[4,36]],[[21425,39970],[7,13]],[[21543,39967],[-22,-39]],[[21520,39928],[-41,18]],[[21461,39970],[50,12],[32,-15]],[[21576,40014],[-18,-21],[-17,-21]],[[21541,39972],[-20,13],[-19,1]],[[21502,39986],[-10,16]],[[21492,40002],[24,44]],[[21516,40046],[21,0]],[[21537,40046],[21,-17],[18,-15]],[[21492,40002],[-44,19]],[[21455,40036],[10,22]],[[21465,40058],[51,-12]],[[21422,40038],[-15,32]],[[21407,40070],[58,7]],[[21465,40077],[0,-19]],[[21484,39864],[-14,20]],[[21470,39884],[-28,50]],[[21470,39884],[-54,-4]],[[21416,39880],[10,50]],[[21416,39880],[-33,23],[-26,-19]],[[21357,39884],[4,36]],[[21361,39920],[22,23]],[[21383,39943],[38,-9]],[[21411,40018],[-14,-10]],[[21397,40008],[-19,25]],[[21378,40033],[-12,20]],[[21366,40053],[41,17]],[[21397,40008],[7,-10]],[[21404,39998],[-8,-5]],[[21396,39993],[-11,3]],[[21385,39996],[-30,13]],[[21355,40009],[23,24]],[[21385,39996],[-2,-17]],[[21383,39979],[-52,-1]],[[21331,39978],[24,31]],[[21331,39978],[-18,-24]],[[21313,39954],[-17,7]],[[21296,39961],[6,14]],[[21302,39975],[-3,58]],[[21299,40033],[67,20]],[[21386,39972],[7,-10]],[[21393,39962],[-10,-19]],[[21361,39920],[-48,34]],[[21383,39979],[3,-7]],[[21296,39961],[-91,-75]],[[21205,39886],[-119,14],[-60,7],[-43,-19]],[[20983,39888],[-24,-4]],[[20959,39884],[-29,108]],[[20930,39992],[96,16],[60,-25],[50,-21],[25,9],[3,31]],[[21164,40002],[51,13],[87,-40]],[[21268,40313],[-21,-78]],[[21247,40235],[-74,39]],[[21173,40274],[9,46],[47,37]],[[21229,40357],[13,2]],[[21242,40359],[26,-46]],[[21247,40235],[-9,-31],[43,-47]],[[21281,40157],[-37,-23],[55,-101]],[[21164,40002],[-7,99],[-61,31],[9,71],[-16,58]],[[21089,40261],[41,30],[43,-17]],[[20930,39992],[-6,-4]],[[20924,39988],[-29,94]],[[20895,40082],[7,163]],[[20902,40245],[36,-3],[78,103]],[[21016,40345],[27,-80],[46,-4]],[[21456,39594],[-60,15]],[[21396,39609],[-10,20]],[[21386,39629],[37,12]],[[21423,39641],[33,-47]],[[21675,39710],[62,-6]],[[21737,39704],[23,-42]],[[21760,39662],[-202,-95],[-102,27]],[[21423,39641],[40,63],[15,76]],[[21478,39780],[8,2]],[[19472,41727],[-35,54],[-172,-4]],[[19265,41777],[-8,76]],[[19257,41853],[178,76]],[[19435,41929],[5,-40],[87,-104],[-55,-58]],[[18848,41683],[31,13],[228,77]],[[19107,41773],[-18,-129],[-120,-62],[16,-38],[38,-10]],[[20066,39345],[-22,43]],[[20044,39388],[40,-10],[2,-22],[-20,-11]],[[20275,39363],[-16,2],[-22,27],[38,46]],[[20275,39438],[0,-75]],[[20464,39606],[2,-57]],[[20466,39549],[-108,-30],[-83,-81]],[[20275,39363],[-57,-88],[-55,5],[-31,41],[-50,0],[-16,24]],[[20044,39388],[-10,28]],[[20034,39416],[-78,229],[-34,19]],[[19922,39664],[17,43],[64,1],[51,101],[149,22]],[[20203,39831],[-26,-59],[287,-166]],[[20034,40912],[-38,-43],[-30,5],[-28,38],[-36,52],[19,56],[48,14],[103,-70],[-38,-52]],[[20284,40727],[-31,-25],[-18,-62],[-43,-18],[-59,-62]],[[20133,40560],[-2,-4]],[[20131,40556],[-51,22],[-2,77],[-32,85],[-116,-40],[-41,17],[160,195],[56,24]],[[20105,40936],[17,-24],[1,-93],[128,-29],[33,-63]],[[20321,40742],[-37,-15]],[[20105,40936],[87,38],[133,20]],[[20325,40994],[10,-67],[14,-15],[42,-43],[13,-58],[-9,-33],[-74,-36]],[[20174,40136],[-44,-9]],[[20130,40127],[-40,-38]],[[20090,40089],[-159,20],[-157,-67],[-61,59],[2,60],[-24,38],[64,62],[258,123],[118,172]],[[20133,40560],[77,-102],[-16,-116],[25,-81],[-45,-125]],[[20334,40137],[33,-130]],[[20367,40007],[-88,-22]],[[20279,39985],[2,46],[-34,87]],[[20247,40118],[55,36],[32,-17]],[[20408,40003],[-41,4]],[[20334,40137],[61,14]],[[20395,40151],[59,-91],[-46,-57]],[[20279,39985],[-48,-24]],[[20231,39961],[-39,25],[-45,56]],[[20147,40042],[7,47],[-24,38]],[[20174,40136],[18,-19],[55,1]],[[20147,40042],[-99,-37],[-36,13],[9,27],[69,44]],[[20567,40157],[-5,-103]],[[20562,40054],[-142,-75]],[[20420,39979],[-12,24]],[[20395,40151],[31,35],[-1,57]],[[20425,40243],[142,-86]],[[20420,39979],[-37,-50],[-64,-14],[-88,46]],[[28018,39724],[34,-7],[48,-67],[89,-20]],[[28189,39630],[12,-36],[-23,-39]],[[28178,39555],[1,-44],[-123,-65],[-76,-4]],[[27980,39442],[-18,60],[-56,65],[-102,56]],[[27804,39623],[20,112]],[[27824,39735],[83,17],[87,-47],[24,19]],[[27791,39106],[18,-6]],[[27809,39100],[158,31]],[[27840,39265],[7,-81],[-38,-84]],[[27607,39191],[8,60]],[[27615,39251],[125,41]],[[27740,39292],[37,-39],[63,12]],[[27980,39442],[-13,-32],[-37,-34],[19,-30]],[[27949,39346],[-61,-11]],[[27888,39335],[-22,25],[-43,-14],[-7,64],[-15,47]],[[27801,39457],[-37,76],[40,90]],[[27888,39335],[-22,-45]],[[27866,39290],[-26,-25]],[[27740,39292],[-15,118],[28,42],[48,5]],[[27949,39346],[68,-102]],[[28017,39244],[-60,-7],[-91,53]],[[28021,39229],[-4,15]],[[28178,39555],[40,-25],[7,-64],[33,-34]],[[27387,41070],[-35,-60],[52,-63]],[[27404,40947],[-33,-36],[-5,-112],[63,-59],[-19,-83]],[[27410,40657],[-104,-90]],[[27306,40567],[-24,44],[8,62],[-108,55],[-6,-48],[-27,-16],[-160,21],[-70,-30]],[[26919,40655],[-23,11]],[[26896,40666],[5,157]],[[26901,40823],[88,-2],[108,90],[41,54],[-56,52],[-3,33],[61,25],[36,64],[42,21]],[[27218,41160],[33,-68],[136,-22]],[[27723,40547],[129,-104],[99,-8]],[[27951,40435],[5,-56],[-80,-92]],[[27876,40287],[-32,-9],[5,-74],[-20,-40],[-74,6]],[[27755,40170],[-80,88],[-60,-13],[-47,52],[-139,23]],[[27429,40320],[-22,26],[-41,186],[-60,35]],[[27410,40657],[79,-63],[50,8],[119,-76],[65,21]],[[27179,40506],[39,3],[26,22],[3,-36],[17,-1],[12,-48],[-39,-25],[-17,25],[-39,12],[-2,48]],[[27755,40170],[-35,-106],[-3,-108],[-89,-63],[22,-95]],[[27650,39798],[-76,-35]],[[27574,39763],[-49,47]],[[27525,39810],[-28,100],[-59,38],[-2,76],[-94,32]],[[27342,40056],[-29,59],[48,17],[5,43],[-48,59]],[[27318,40234],[89,36],[22,50]],[[26919,40655],[81,-52],[-2,-84],[70,-54],[55,-101],[44,-4],[67,-105],[56,-35],[28,14]],[[27342,40056],[-40,-35],[-106,-4]],[[27196,40017],[-73,99],[-67,18]],[[27056,40134],[-26,49],[-57,9],[-106,118],[6,101]],[[26873,40411],[0,91],[-30,112],[53,52]],[[26390,41048],[61,41],[17,-7],[14,-68],[-31,-14],[-49,17],[-12,31]],[[27184,41341],[-48,-43],[-96,1],[-63,-45],[-166,74],[-74,-46]],[[26737,41282],[-31,154]],[[26706,41436],[245,67],[130,131],[71,27]],[[27152,41661],[48,-89],[1,-73],[-35,-39],[18,-119]],[[27248,41297],[-32,-29],[2,-108]],[[26901,40823],[-1,31],[-26,7],[-46,-60],[-85,-4],[-121,-80],[-79,12],[-48,-107],[-69,-27]],[[26382,40625],[84,114],[19,195],[82,3],[94,-66],[113,151],[3,29],[-131,70],[17,80],[74,81]],[[27184,41341],[64,-44]],[[26325,41184],[80,-4],[25,70],[-39,20],[-85,-7],[0,13]],[[26310,41310],[55,-5],[86,43],[34,-31],[37,57],[184,62]],[[26873,40411],[-193,39],[-51,-56],[-85,-36],[-54,-67]],[[27056,40134],[-48,-57],[-88,51],[-45,-33],[-58,-108]],[[26817,39987],[-36,-22],[-67,25],[-32,-52],[-51,12],[-66,-47]],[[27189,39780],[51,38],[41,-25],[26,8],[7,-38],[-25,-34],[-25,-2],[-51,28],[-24,25]],[[26817,39987],[45,-38],[-27,-103],[84,-25],[24,-53],[121,5]],[[27064,39773],[-35,-53]],[[27029,39720],[-48,-18],[-7,-63],[-31,-27],[7,-94]],[[27196,40017],[-27,-43],[-98,-8],[-7,-193]],[[27310,39492],[-36,-69],[-51,-21]],[[27029,39720],[75,-25],[47,-69],[59,-22],[8,-56],[68,-19],[24,-37]],[[27525,39810],[-69,-16],[-124,-291],[-22,-11]],[[27574,39763],[-9,-116],[-89,-4],[-11,-23],[37,-57],[-69,-18],[-14,-38],[12,-29],[87,-23],[-4,-45],[67,-60],[-9,-69],[43,-30]],[[27650,39798],[174,-63]],[[27690,40939],[36,-39],[109,35],[60,-107],[72,-44]],[[27967,40784],[-20,-8],[3,-40],[-19,-20],[-84,42],[-60,-24]],[[27787,40734],[-88,52],[-88,-8],[-115,133],[-3,46]],[[27493,40957],[16,68],[51,11],[130,-97]],[[27979,41123],[60,-99],[125,-51],[30,-89]],[[28194,40884],[-31,-34],[5,-70]],[[28168,40780],[-82,-13]],[[28086,40767],[-119,17]],[[27690,40939],[63,79],[83,39],[18,75]],[[27854,41132],[125,-9]],[[27787,40734],[12,-59],[-34,-23],[-16,-82],[-26,-23]],[[27404,40947],[89,10]],[[27387,41070],[22,56],[70,-6],[35,52],[105,57]],[[27619,41229],[84,-47],[131,-4],[20,-46]],[[28086,40767],[18,-103],[-71,-196]],[[28033,40468],[-82,-33]],[[28382,41570],[-5,-103],[-102,-35],[46,-89],[24,-364],[70,-61]],[[28415,40918],[-57,-36],[-124,27],[-40,-25]],[[27979,41123],[68,114],[46,8],[26,56],[-48,17],[-62,95]],[[28009,41413],[29,48],[-16,41]],[[28022,41502],[52,-2],[134,92],[174,-22]],[[28806,41526],[-2,-159],[-33,-55],[89,-54],[-12,-47],[-62,-11],[-20,-47],[5,-61],[32,-29]],[[28803,41063],[-298,-115]],[[28505,40948],[-90,-30]],[[28382,41570],[424,-44]],[[29002,41099],[-98,-41],[-80,6]],[[28824,41064],[-21,-1]],[[28806,41526],[419,22]],[[29225,41548],[-93,-90],[83,-154],[-17,-69],[-196,-136]],[[27918,41546],[-16,-25],[-50,14],[-40,-27],[-57,22],[-28,106],[52,34]],[[27779,41670],[25,-89],[114,-35]],[[27918,41546],[133,6],[101,48],[3,-2],[-131,-64],[-2,-32]],[[28009,41413],[-79,32],[-137,-33],[-87,14]],[[27706,41426],[-66,32],[-113,-11]],[[27527,41447],[-30,61],[52,103],[-17,98],[-51,70]],[[27481,41779],[226,24],[72,-133]],[[27527,41447],[-113,-136],[-61,-20],[-53,61],[-52,-55]],[[27152,41661],[190,89],[139,29]],[[27706,41426],[-16,-90],[-59,-37],[-12,-70]],[[28044,40147],[63,29],[37,-26],[6,-50],[-38,-18],[-55,5],[-13,60]],[[28281,40128],[-34,-50],[-44,6],[-45,-35],[-30,-63],[-100,22]],[[28028,40008],[-33,95],[-50,44],[45,35],[-11,70]],[[27979,40252],[194,15],[108,-139]],[[28406,40056],[11,-20]],[[28417,40036],[27,-67],[-22,-79]],[[28422,39890],[-58,-63],[-79,-32],[4,-97]],[[28289,39698],[-54,20],[-46,-88]],[[28018,39724],[-13,94],[-82,64],[105,126]],[[28281,40128],[125,-72]],[[27876,40287],[103,-35]],[[28253,40417],[95,-100],[25,-87],[97,-60],[15,-74],[-79,-40]],[[28033,40468],[125,-72],[95,21]],[[28830,39738],[1,-41],[-37,-65],[-108,-24],[-35,-92],[-70,-4],[-57,-42],[-235,228]],[[28422,39890],[115,-99],[65,12],[164,-85],[64,20]],[[28910,39595],[-24,-73],[-117,-112],[-82,-60]],[[28830,39738],[59,5]],[[28889,39743],[21,-148]],[[29357,40407],[164,-129],[-14,-138],[-25,-40],[24,-117],[31,-127]],[[29537,39856],[-37,1],[-47,47],[-65,-19]],[[29388,39885],[-89,53],[-20,57],[-50,0],[-138,100]],[[29091,40095],[0,65],[53,39],[24,63]],[[29168,40262],[19,42],[84,4],[69,102]],[[29340,40410],[17,-3]],[[29537,39856],[131,-230],[-39,-29],[38,-89],[-16,-98],[-109,-47],[-60,-70]],[[29482,39293],[-67,79],[-117,-56],[-125,5]],[[29173,39321],[-56,54],[23,46],[-7,54]],[[29133,39475],[40,35],[4,73],[-24,32]],[[29153,39615],[63,28],[46,56],[5,57],[42,8],[10,59],[69,62]],[[29153,39615],[-58,95],[-54,19],[-35,91],[46,68],[-25,80],[2,75],[62,52]],[[29133,39475],[-99,29],[-34,91],[-90,0]],[[28889,39743],[17,232],[-81,67]],[[28825,40042],[88,44],[22,161],[190,35],[43,-20]],[[28778,39068],[124,-30],[82,23],[72,-46]],[[29056,39015],[42,-73],[54,21],[37,-42]],[[29189,38921],[20,-186],[30,-91],[-90,11]],[[29149,38655],[-170,72],[-64,86],[-164,32]],[[28717,39069],[61,-1]],[[29482,39293],[-293,-372]],[[29056,39015],[-12,99],[64,109]],[[29108,39223],[65,98]],[[28778,39068],[42,267],[45,56],[42,11],[49,-52],[59,-9],[93,-118]],[[29496,41182],[94,-271],[18,-163]],[[29608,40748],[-140,40],[-63,-36],[-174,-20],[-7,119],[-70,17],[-35,50]],[[29119,40918],[135,13],[59,42],[11,41],[-20,109],[26,41],[62,28],[104,-10]],[[29608,40748],[-5,-114],[-150,-86],[-96,-141]],[[29340,40410],[-180,62],[-65,115]],[[29095,40587],[8,93],[-44,1],[-13,44],[-74,0],[-126,186],[-22,153]],[[29002,41099],[105,-113],[12,-68]],[[29471,41325],[25,-143]],[[28672,40331],[-47,-22],[-42,42],[4,95]],[[28587,40446],[47,2],[59,-60],[8,-37],[-29,-20]],[[28657,40556],[104,-43],[58,43]],[[28819,40556],[38,-41],[27,-108],[43,-36],[6,-70],[-29,-55],[-96,21],[-99,-82]],[[28709,40185],[-12,13]],[[28697,40198],[7,32],[-32,101]],[[28587,40446],[-55,39],[60,74]],[[28592,40559],[65,-3]],[[28697,40198],[-208,35],[-90,157],[18,76]],[[28417,40466],[119,134],[56,-41]],[[28417,40036],[58,-21],[113,95],[50,-21],[75,87]],[[28713,40176],[112,-134]],[[28417,40466],[-56,-1]],[[28361,40465],[-36,149],[-65,115],[-92,51]],[[28505,40948],[9,-37],[-1,-97],[66,-108],[143,-43],[-21,-83],[-44,-24]],[[28361,40465],[-77,-7],[-31,-41]],[[29095,40587],[-62,43],[-75,-29],[-49,29],[-90,-51],[0,-23]],[[28713,40176],[-4,9]],[[18691,34668],[-106,-45],[-29,-51],[-85,-18]],[[18471,34554],[-18,143]],[[18706,34597],[-61,-28],[-10,-41],[-100,-81]],[[18535,34447],[-53,31]],[[18482,34478],[-7,50],[-4,26]],[[18729,34669],[-23,-72]],[[18819,34445],[-41,-60]],[[18778,34385],[-19,74],[-25,20],[-31,-44],[-64,-23]],[[18639,34412],[-91,1],[-13,34]],[[18706,34597],[85,-48],[6,-21],[-12,-51],[34,-32]],[[18639,34412],[-32,-34],[31,-40],[-19,-112],[29,-25],[68,11]],[[18524,34200],[-42,278]],[[19019,34702],[-14,-174],[-42,-67]],[[18963,34461],[-25,38],[-59,-58],[-60,4]],[[18778,34385],[14,-103],[-17,-52]],[[18963,34461],[50,-107],[59,24],[121,-46]],[[18950,32121],[-165,-111],[-98,59],[-137,18],[-129,-51],[16,93],[39,139]],[[18265,33152],[25,161],[69,97],[34,119]],[[21200,41656],[-46,-36],[-68,6],[-37,3]],[[21049,41629],[-9,34],[1,8],[2,2],[2,0],[5,-3],[1,0]],[[21051,41670],[5,-2],[3,-1],[3,1],[11,11],[4,0],[-1,3],[1,5],[0,6],[4,1],[1,5],[3,-1],[1,-1],[114,-41]],[[20980,41675],[1,-59]],[[20981,41616],[-89,27]],[[20892,41643],[13,38],[75,-6]],[[20938,41833],[33,-36],[40,24]],[[21011,41821],[35,-76]],[[21046,41745],[-66,-70]],[[20892,41643],[-135,-36],[-26,-7]],[[20731,41600],[-5,38],[-36,38],[-17,54],[9,53]],[[20682,41783],[75,25],[92,38]],[[20849,41846],[89,-13]],[[20972,41938],[-83,-11],[-40,-81]],[[20682,41783],[-69,24],[-21,7],[21,95],[0,24],[-23,23],[-24,19],[-12,26]],[[20554,42001],[36,34],[23,22],[86,80],[1,114],[57,67],[20,24]],[[20777,42342],[137,-144],[58,-260]],[[21005,41867],[-67,-34]],[[20972,41938],[33,-71]],[[21005,41867],[6,-46]],[[20407,41858],[37,-93],[-17,-57],[9,-65],[-61,-142],[23,-100]],[[20398,41401],[-73,73],[-87,165],[87,198],[39,31],[43,-10]],[[20731,41600],[-43,-27],[-15,-85],[-41,-15]],[[20632,41473],[-19,-3],[-23,-5],[-97,-19]],[[20493,41446],[-95,-45]],[[20407,41858],[22,32]],[[20429,41890],[67,67]],[[20496,41957],[58,44]],[[20733,41071],[-26,-73]],[[20707,40998],[-25,-1]],[[20682,40997],[19,88]],[[20701,41085],[19,8],[13,-22]],[[20682,40997],[-39,16]],[[20643,41013],[-21,40]],[[20622,41053],[51,40]],[[20673,41093],[28,-8]],[[20778,41004],[-21,-2],[-50,-4]],[[20733,41071],[24,3],[44,6]],[[20801,41080],[-23,-76]],[[20540,41086],[50,39],[25,19]],[[20615,41144],[45,3]],[[20660,41147],[13,-54]],[[20622,41053],[-30,-8]],[[20592,41045],[-2,2],[-50,39]],[[20819,41096],[-18,-16]],[[20660,41147],[2,19]],[[20662,41166],[77,9]],[[20739,41175],[18,-18],[62,-61]],[[20615,41144],[-18,66]],[[20597,41210],[16,9],[17,10]],[[20630,41229],[32,-63]],[[21357,39884],[-21,-27],[-10,-96]],[[21326,39761],[-24,-6]],[[21302,39755],[-89,-4]],[[21213,39751],[-33,68]],[[21180,39819],[31,19],[-6,48]],[[21478,39780],[-152,-19]],[[21396,39609],[-197,-49],[-47,58]],[[21152,39618],[-2,16]],[[21150,39634],[13,70],[50,47]],[[21302,39755],[-8,-51],[1,-55],[91,-20]],[[21110,39625],[11,-13]],[[21121,39612],[-16,-14],[-19,15]],[[21086,39613],[0,14]],[[21086,39627],[24,-2]],[[21005,39638],[-30,19]],[[20975,39657],[25,18]],[[21000,39675],[14,-22],[-9,-15]],[[21061,39485],[-35,-14],[-63,47],[-8,14],[71,44],[65,-42],[-30,-49]],[[21086,39613],[-29,-11],[-52,36]],[[21000,39675],[19,26],[67,-74]],[[21152,39618],[-18,-23],[-13,17]],[[21110,39625],[13,20],[27,-11]],[[20975,39657],[37,-62],[-119,-36]],[[20893,39559],[-90,139]],[[20803,39698],[109,-11],[-3,124],[50,73]],[[20983,39888],[10,-57],[78,-43],[15,2],[94,29]],[[21682,39909],[-8,-23]],[[21674,39886],[-26,1]],[[21606,39897],[19,56]],[[21625,39953],[74,1],[-17,-45]],[[21682,39909],[58,34],[38,-36],[15,-14]],[[21793,39893],[7,-42]],[[21800,39851],[-22,-6],[-32,-9],[-72,50]],[[21543,39967],[15,-11],[42,-1],[25,-2]],[[21737,39704],[41,33],[33,27],[-11,87]],[[21793,39893],[52,15],[106,-9],[-18,-115],[-88,-43],[-22,-10],[-22,-27],[-7,-42],[-16,0],[-18,0]],[[20414,40947],[49,-35],[41,-104],[37,-17]],[[20541,40791],[-17,-39],[-71,24],[-55,-36]],[[20398,40740],[-77,2]],[[20325,40994],[89,-47]],[[20398,40740],[36,-94],[-12,-107],[-37,-49],[79,-46]],[[20464,40444],[-43,-81],[-10,-70],[14,-50]],[[20696,40020],[-6,-138]],[[20690,39882],[-58,-24],[-19,2],[-23,3],[-139,16]],[[20451,39879],[62,83],[44,5]],[[20559,40002],[31,47],[17,26]],[[20607,40075],[89,-55]],[[20895,40082],[-35,-13]],[[20860,40069],[-90,-5],[-13,-8],[-61,-36]],[[20607,40075],[-17,-8],[-28,-13]],[[20567,40157],[23,13],[23,14],[14,8],[3,48],[39,24]],[[20669,40264],[24,-21],[64,10],[80,13],[31,48]],[[20868,40314],[34,-69]],[[20924,39988],[-69,-7],[-12,41],[17,47]],[[20803,39698],[-46,-17],[-27,23],[-22,35],[-30,8]],[[20678,39747],[22,97],[-10,38]],[[20870,39595],[23,-36]],[[20893,39559],[-16,-8],[-99,-3]],[[20778,39548],[10,37],[19,5],[26,-15],[2,23],[21,-7],[14,4]],[[20778,39548],[17,-35],[-13,-27],[-169,3],[-23,9],[-124,51]],[[20464,39606],[106,35],[20,41],[64,25],[24,40]],[[20803,39698],[67,-103]],[[20203,39831],[225,-23],[23,71]],[[20034,39416],[-24,-55],[-153,-30],[-27,-47],[-86,-29],[-5,-81],[-38,-28],[-88,71],[-78,-26],[7,46],[128,68],[74,89],[24,67],[64,27],[66,74],[24,102]],[[19345,39126],[-37,-36],[-12,30],[35,34],[14,-28]],[[20168,42389],[27,-63]],[[20195,42326],[-62,-17],[-62,46]],[[20071,42355],[-24,37]],[[20047,42392],[33,15],[-24,43]],[[20056,42450],[45,11]],[[20101,42461],[67,-72]],[[20496,41957],[-27,91],[-137,78],[-56,-2]],[[20276,42124],[-1,99],[27,59],[-14,38]],[[20288,42320],[26,27]],[[20314,42347],[9,3]],[[20323,42350],[85,-46],[182,57],[23,18],[51,37]],[[20664,42416],[113,-74]],[[20429,41890],[-155,-11],[-157,-100],[-134,34],[-24,-76],[-135,81],[-45,-78],[-63,103],[7,41],[31,12]],[[19754,41896],[65,25],[52,4],[12,35],[68,31]],[[19951,41991],[54,71],[58,4],[50,86]],[[20113,42152],[57,-17],[57,-69],[49,58]],[[20024,42270],[24,-55],[63,-8],[2,-55]],[[19951,41991],[3,66],[-28,39],[39,96],[-81,18]],[[19884,42210],[-65,56],[-14,19],[11,40],[-11,52]],[[19805,42377],[219,-107]],[[19754,41896],[14,64],[6,18],[38,41],[7,23],[70,113],[-5,55]],[[20195,42326],[93,-6]],[[20024,42270],[-1,58]],[[20023,42328],[48,27]],[[19492,41687],[-51,-40],[-29,34]],[[19412,41681],[45,23]],[[19457,41704],[20,-7]],[[19477,41697],[15,-10]],[[19421,41552],[-38,-73],[-93,16],[-82,-47]],[[19133,41530],[149,131]],[[19282,41661],[42,2]],[[19324,41663],[25,-60],[72,-51]],[[19548,41601],[29,-65],[-18,-46],[-78,-16],[-29,-73],[-38,-30],[-78,34]],[[19421,41552],[66,69]],[[19487,41621],[61,-20]],[[19487,41621],[16,41],[-11,25]],[[19477,41697],[105,-2],[25,-71],[-5,-53],[-17,-6],[-27,69],[-10,-33]],[[19117,41799],[-10,-26]],[[19000,41934],[36,-13]],[[19036,41921],[51,-113],[30,-9]],[[19265,41777],[17,-116]],[[19117,41799],[83,57],[57,-3]],[[19036,41921],[34,7],[20,32],[18,37],[157,34],[92,-18],[38,-4],[20,-49],[20,-31]],[[19472,41727],[-15,-23]],[[19412,41681],[-88,-18]],[[12726,32488],[36,-16],[33,18],[21,-13],[57,21],[38,-6],[4,-38],[-11,-22],[-27,2],[-41,-18],[-48,-3],[-19,20],[-45,-4],[-49,51],[-5,17],[24,28],[32,-37]],[[11925,32816],[1,-20],[-139,7],[-25,19],[-9,33],[9,22],[44,5],[71,-54],[48,-12]],[[12266,32977],[-12,-50],[-67,5],[-26,19],[-9,33],[15,25],[26,5],[53,-10],[20,-27]],[[12013,32883],[-14,-16],[-39,30],[-28,7],[-67,43],[-2,13],[8,10],[61,-28],[81,-59]],[[11728,32861],[-43,-1],[-22,38],[34,29],[40,-28],[-9,-38]],[[10878,33376],[-18,-50],[-25,1],[-8,43],[12,40],[39,-34]],[[12944,32033],[13,-47],[-54,8],[-6,23],[47,16]],[[11943,33176],[21,-47],[-38,2],[-16,30],[33,15]],[[10898,33489],[-19,-20],[-13,40],[8,28],[23,-7],[1,-41]],[[15617,29761],[49,-34],[50,15],[30,-38],[25,-10],[-29,-60],[-38,-5],[-93,58],[-19,43],[25,31]],[[15931,29860],[-31,-15],[-14,16],[30,39],[15,-5],[0,-35]],[[16077,28298],[12,-60],[-40,12],[8,43],[20,5]],[[29164,37693],[-32,-86],[72,-93]],[[29204,37514],[-11,-31],[20,-34],[-16,-60],[35,-116]],[[29232,37273],[-41,-30],[-5,-59]],[[29017,37839],[64,-87],[83,-59]],[[29698,37403],[10,52],[-31,47],[1,63],[-59,63],[25,80]],[[29644,37708],[118,130],[201,-1]],[[29631,37198],[-123,1],[-80,53],[-111,-26],[-85,47]],[[29204,37514],[123,-78],[79,26],[47,63],[15,63],[114,108]],[[29582,37696],[62,12]],[[29582,37696],[-250,56]],[[29332,37752],[-40,19],[43,67],[40,-14],[41,52],[-28,61],[67,-4],[50,45],[-41,63]],[[29464,38041],[26,21],[220,-57],[120,29],[129,-124]],[[29332,37752],[-20,-46],[-84,32],[-64,-45]],[[29261,38033],[101,85],[102,-77]],[[30528,33423],[-145,-43],[-33,27],[28,232],[348,270],[104,-71]],[[30830,33838],[-41,-82],[31,-132],[-20,-80],[-58,-41],[-93,34],[-82,-30],[-39,-84]],[[30567,34023],[1,29],[12,25]],[[30580,34077],[56,-1],[13,-24],[-15,-49],[13,-29]],[[30647,33974],[-72,-51],[-12,-45],[-150,-172],[-19,22],[12,116],[175,140],[-14,39]],[[30262,33725],[-34,-5],[-25,19],[2,16],[41,32],[52,16],[14,-56],[-50,-22]],[[30356,33546],[-19,-10],[-25,41],[38,18],[6,-49]],[[31148,32631],[-185,-77],[-119,14],[-97,-63]],[[30747,32505],[-24,48],[-142,106],[-83,7],[-56,52],[27,194],[82,-114],[84,22],[-49,117],[56,111],[-65,170]],[[30577,33218],[114,108],[96,-10]],[[30787,33316],[26,-188],[-93,-74],[-13,-41],[36,-115],[179,-139],[64,30],[129,-62],[33,-96]],[[30577,32828],[-34,-4],[-1,44],[30,10],[5,-50]],[[31207,32623],[48,-77],[-13,-50],[31,-90],[-77,-83],[2,-46]],[[31198,32277],[-109,39],[-112,-38],[-157,43],[-24,-34],[-1,-60]],[[30795,32227],[-59,5],[-16,107],[-32,43],[44,51],[15,72]],[[31148,32631],[59,-8]],[[31454,32029],[-24,-63],[-34,0],[-50,115],[-88,77],[-60,119]],[[31207,32623],[79,82]],[[31286,32705],[243,14],[26,78],[40,42]],[[31595,32839],[58,-42],[29,-108],[-118,-143],[5,-41],[59,-67]],[[31427,31644],[-38,45],[-43,166],[-71,-7],[-90,73],[-77,10],[-45,-76],[-43,-18],[13,67],[-13,65],[29,64],[-292,-9],[5,60],[67,7],[26,56],[-60,80]],[[30901,31905],[-15,-66],[-53,9],[-13,-14],[-26,20],[10,33],[61,10],[12,20],[24,-12]],[[30999,31894],[-57,-6],[-24,16],[19,17],[60,-7],[2,-20]],[[31027,31793],[-41,-22],[-14,41],[50,1],[5,-20]],[[31220,33203],[74,-60],[59,-136]],[[31353,33007],[-79,-98],[-16,-130],[28,-74]],[[30787,33316],[173,-11],[101,-141],[159,39]],[[31595,32839],[73,146]],[[31668,32985],[156,256]],[[31824,33241],[79,-30],[54,-13],[138,72],[59,-63],[75,-28]],[[31590,33600],[14,-88],[95,-29]],[[31699,33483],[42,-6],[49,-76],[6,-100],[28,-60]],[[31668,32985],[-38,79],[-29,10],[-56,-1],[-134,-72],[-58,6]],[[31220,33203],[-10,70],[66,28],[51,151]],[[31327,33452],[75,5],[82,155],[106,-12]],[[31653,33973],[13,-16]],[[31666,33957],[-45,-52],[-40,-158],[9,-147]],[[31327,33452],[-64,18],[-31,58],[-60,3],[-86,78],[-59,190],[27,89]],[[31054,33888],[264,-19],[35,25],[-18,32]],[[31335,33926],[31,38],[112,8]],[[31478,33972],[112,27],[63,-26]],[[31699,33483],[-18,37],[10,33],[78,43],[82,124],[48,30]],[[31899,33750],[60,-10]],[[31856,33832],[43,-82]],[[31666,33957],[20,-48],[123,-33],[47,-44]],[[31478,33972],[46,80]],[[31524,34052],[8,34],[-78,28]],[[31454,34114],[33,87],[107,32],[38,65]],[[31632,34298],[167,22]],[[31799,34320],[-32,-74],[11,-93],[-29,-101],[-96,-79]],[[32012,34259],[-45,-141],[16,-85]],[[31983,34033],[-16,-75],[-64,-17],[-47,-109]],[[31799,34320],[104,-33],[109,-28]],[[32275,34222],[-21,-62],[-87,-42],[-29,-90],[-155,5]],[[32012,34259],[107,24]],[[32119,34283],[53,-48],[103,-13]],[[32549,34113],[-1,-63]],[[32275,34222],[129,14]],[[32404,34236],[43,-8],[28,-69],[74,-46]],[[31335,33926],[-44,51],[55,45],[178,30]],[[35711,32390],[-5,-100],[-78,-59],[-8,-66],[27,-24],[0,-59]],[[35647,32082],[-296,8],[-193,-119]],[[35158,31971],[-33,51],[-12,84],[-81,210]],[[35032,32316],[153,-4],[106,53],[24,51],[75,-25],[47,26]],[[35437,32417],[31,-103],[22,-14],[85,2],[136,88]],[[35661,32709],[-27,-71],[-71,-85],[90,-61],[8,-64],[50,-38]],[[35437,32417],[-9,69],[75,157],[-12,102],[60,99]],[[35551,32844],[43,40]],[[35594,32884],[43,-42],[24,-133]],[[36274,32417],[-62,-154],[35,-87]],[[36247,32176],[-86,48],[-132,5],[-72,-115],[-36,-14],[-38,-16],[-9,72],[-40,23],[-187,-97]],[[35711,32390],[38,-33],[93,-6],[79,60],[28,21],[104,-50],[38,61]],[[36091,32443],[183,-26]],[[36023,32526],[46,-9],[22,-74]],[[35661,32709],[94,-59],[80,22],[86,-90],[69,-71],[33,15]],[[21049,41629],[-68,-13]],[[21046,41745],[4,-3],[5,-3],[1,0],[1,-1],[11,-5],[1,-2],[-1,-1],[-4,1],[-1,-2],[0,-2],[-2,-2],[0,-3],[6,-11],[6,-7],[-1,-2],[1,-5],[0,-2],[0,-1],[-1,-2],[-2,-1],[-2,-1],[-1,-3],[0,-2],[0,-3],[0,-2],[-1,-3],[-1,-2],[-1,-3],[-3,-2],[-2,-1],[-8,1]],[[20445,41254],[0,-25],[-16,-3]],[[20429,41226],[3,55]],[[20432,41281],[13,-27]],[[20629,41374],[-16,-19],[-23,-31],[-33,-43],[-112,-27]],[[20432,41281],[57,52],[-7,36],[24,43],[-13,34]],[[20632,41473],[-19,-36],[-8,-17],[8,-17],[16,-29]],[[20726,41323],[-96,-94]],[[20597,41210],[-7,-6],[-35,-28],[-50,21]],[[20505,41197],[-76,29]],[[20629,41374],[97,-51]],[[20773,41267],[-5,-14]],[[20768,41253],[-11,-30],[-18,-48]],[[20726,41323],[31,-37],[16,-19]],[[20540,41086],[-54,-9]],[[20486,41077],[-48,29],[25,77]],[[20463,41183],[42,14]],[[20643,41013],[-30,-24]],[[20613,40989],[-23,-10],[-4,-2]],[[20586,40977],[-25,38],[29,28],[2,2]],[[20778,41004],[15,-86]],[[20793,40918],[-36,-32],[-98,-86]],[[20659,40800],[-46,-22],[-23,8],[-39,12]],[[20551,40798],[3,56],[36,29],[49,42],[-26,64]],[[20551,40798],[-10,-7]],[[20414,40947],[-3,16]],[[20411,40963],[62,7]],[[20473,40970],[59,3]],[[20532,40973],[54,4]],[[20532,40973],[-25,9]],[[20507,40982],[-32,79]],[[20475,41061],[11,16]],[[20507,40982],[-41,21],[-21,38]],[[20445,41041],[30,20]],[[20445,41041],[-26,66],[44,76]],[[20411,40963],[-22,44],[39,27],[45,-64]],[[21384,41203],[-58,-8]],[[21326,41195],[3,25],[12,14],[16,8],[21,-14],[6,-25]],[[21326,41195],[-95,-18]],[[21231,41177],[-56,-27]],[[21175,41150],[-63,10]],[[21112,41160],[38,57],[5,67]],[[21155,41284],[-1,60]],[[21154,41344],[175,88],[68,3]],[[21397,41435],[21,-19],[-18,-43],[7,-47],[62,-109],[29,-49],[-62,-14],[-52,49]],[[21475,41089],[-53,-40],[-55,78],[-73,-67],[-60,22],[-36,-32]],[[21198,41050],[-47,26]],[[21151,41076],[24,74]],[[21231,41177],[133,10],[111,-98]],[[21155,41284],[-69,9],[-27,34],[27,24],[25,22],[43,-29]],[[21112,41160],[-26,-8],[-36,-11]],[[21050,41141],[-24,66]],[[21026,41207],[-21,100],[-124,-7]],[[20881,41300],[-65,24],[-43,-57]],[[21200,41656],[78,-53],[119,-168]],[[21151,41076],[-65,-75],[-25,-30]],[[21061,40971],[-43,10]],[[21018,40981],[-62,84],[-100,-1]],[[20856,41064],[-7,22]],[[20849,41086],[80,48]],[[20929,41134],[97,-17],[24,24]],[[21018,40981],[-93,-10]],[[20925,40971],[-69,93]],[[20881,41300],[18,-83]],[[20899,41217],[-38,-12],[-93,48]],[[21026,41207],[-92,-19]],[[20934,41188],[-35,29]],[[20934,41188],[-5,-54]],[[20849,41086],[-30,10]],[[20937,40753],[23,31],[31,-9],[-6,-52],[-48,30]],[[21061,40971],[-3,-59],[-42,-67]],[[21016,40845],[-62,42],[-8,25],[-21,59]],[[21016,40845],[-1,-15]],[[21015,40830],[23,-99]],[[21038,40731],[-17,-4],[-96,-91]],[[20925,40636],[-20,22],[3,56],[-52,40],[-4,109],[-59,55]],[[21052,40805],[15,6]],[[21067,40811],[18,-25],[-11,-25],[-26,15],[4,29]],[[21198,41050],[13,-105],[17,-14],[-24,-143]],[[21204,40788],[-14,-9]],[[21190,40779],[-104,65],[-19,-33]],[[21052,40805],[-26,19],[-11,6]],[[21190,40779],[-63,-75],[-41,-8],[-30,-5],[-18,40]],[[21063,40601],[4,23],[19,-2],[18,-2],[7,-25],[-25,-17],[-12,-8],[-11,31]],[[21301,40603],[-139,-99]],[[21162,40504],[-76,-26],[-26,-8]],[[21060,40470],[-34,51],[-75,47],[-23,61]],[[20928,40629],[-3,7]],[[21204,40788],[39,-109],[62,-38],[-4,-38]],[[21016,40345],[44,125]],[[21162,40504],[23,-41],[44,-106]],[[21311,40429],[-69,-70]],[[21475,41089],[52,-35],[31,-70],[23,-52],[0,-72],[-23,-26],[-60,-73],[60,-63]],[[20578,40420],[5,-22],[7,-9],[23,-5],[36,-8],[20,-112]],[[20464,40444],[42,17],[72,-41]],[[20831,40453],[-17,-107],[54,-32]],[[20578,40420],[12,9],[23,17],[78,56]],[[20691,40502],[41,-14]],[[20861,40575],[67,54]],[[20681,40654],[-49,-58],[-19,16],[-23,22],[-13,12],[13,37],[57,23]],[[20647,40706],[34,-52]],[[20681,40654],[19,-43],[-9,-109]],[[20659,40800],[-22,-47],[10,-47]],[[20707,40841],[39,-5],[14,-54],[-37,-9],[-16,68]],[[20644,42860],[-31,13],[-23,11],[-12,5],[-32,63],[-52,31],[-172,-57]],[[20322,42926],[-147,33]],[[20175,42959],[38,80],[103,12],[66,84],[69,18],[11,108],[80,28],[-26,87]],[[20516,43376],[74,0],[23,0],[144,0],[70,-38],[24,-69],[-94,-206],[-41,-119],[-72,-84]],[[19961,43266],[-148,-29],[-12,1],[-13,0],[-15,0],[-19,-8],[-19,-10]],[[19735,43220],[-139,-24]],[[19596,43196],[-102,22],[-8,63],[27,36],[-14,119],[160,68],[-27,62],[23,35],[2,64],[52,42],[57,159],[257,-28],[396,52],[4,-104],[-24,-46],[-274,-216],[-27,-59],[42,-25],[-7,-38],[-59,-31],[-4,-44],[-34,-40],[-75,-21]],[[20175,42959],[-244,-71]],[[19931,42888],[-49,131],[-123,40],[-57,51],[44,59],[-11,51]],[[19961,43266],[80,-3],[56,52],[213,72],[206,-11]],[[19931,42888],[-47,-152],[-56,-80],[13,-32]],[[19841,42624],[-10,-24],[22,-43]],[[19853,42557],[-50,-79],[-53,-136],[-103,28],[-5,-81],[66,-24],[26,-74],[-7,-40],[-51,-1],[-50,77],[-48,-110],[-57,-17],[56,494],[36,145],[-52,-12],[-81,-91],[-129,-6],[-3,132],[54,89],[83,63],[15,117],[-60,3],[-40,48],[-82,34],[-123,127],[28,48],[103,48],[39,-35],[33,-94],[57,-47],[141,33]],[[19530,42502],[-87,-157],[-41,-20],[10,-63],[-94,-35],[21,98],[-31,0],[-24,-42],[-33,-4],[37,95],[69,26],[38,-7],[96,109],[32,23],[7,-23]],[[19347,42998],[-28,-39],[-46,40],[38,28],[36,-29]],[[19129,42714],[-6,-24],[-29,4],[-6,29],[56,18],[13,-17],[-28,-10]],[[19259,42786],[-46,-26],[-5,14],[41,47],[19,-1],[-9,-34]],[[19370,42510],[-12,-63],[-31,4],[31,66],[12,-7]],[[19395,42928],[-23,-13],[-26,14],[38,47],[11,-48]],[[19279,43526],[-183,-128],[-29,31],[43,67],[-42,31],[-22,67],[19,61],[243,142],[30,28],[25,-28],[-5,-66],[-51,-76],[-28,-129]],[[19009,43050],[-46,0],[-21,63],[21,168],[-57,40],[26,35],[65,5],[28,32],[40,-22],[-16,-50],[-15,0],[6,-38],[-23,-53],[-8,-180]],[[18956,42995],[-22,-36],[-26,11],[-6,36],[54,-11]],[[19382,43674],[-23,-44],[-26,23],[37,43],[12,-22]],[[20443,44095],[43,-13],[0,40],[22,18],[20,-41],[-13,-24],[14,-29],[-41,-22],[-39,39],[-88,2],[-13,-21],[24,-31],[-5,-44],[-29,11],[-29,47],[23,124],[28,22],[56,0],[7,24],[31,-5],[5,-19],[-22,-26],[6,-52]],[[20464,44288],[8,-55],[-39,4],[-1,27],[32,24]],[[19991,44133],[-20,-19],[-25,7],[10,36],[29,5],[6,-29]],[[20530,44162],[-14,0],[-9,46],[20,23],[16,-69],[-13,0]],[[20477,43998],[-4,-49],[-21,6],[-10,26],[15,34],[20,-17]],[[20620,44210],[-30,-2],[-6,8],[-5,32],[11,11],[10,4],[20,-53]],[[20590,44119],[-20,0],[5,39],[15,7],[13,2],[6,-21],[-19,-27]],[[21135,44956],[-49,-86],[25,-47],[-25,-12],[-58,-217],[-22,35],[16,104],[-66,5],[-52,46],[62,67],[-21,69],[37,41],[27,-2],[18,-66],[36,12],[23,118],[90,61],[18,-20],[-14,-83],[-45,-25]],[[20787,44717],[-15,-33],[-16,10],[-16,22],[16,28],[31,-27]],[[20931,44371],[-42,-5],[17,45],[32,-4],[-7,-36]],[[20644,42860],[-54,-112],[-159,-51]],[[20431,42697],[-38,28],[-4,77],[-63,53],[-4,71]],[[20158,42512],[23,46],[64,-36],[88,13],[20,24],[-20,30],[29,50]],[[20362,42639],[132,51],[66,-96],[-247,-130],[-155,48]],[[20323,42350],[99,67]],[[20422,42417],[110,62],[58,-27],[23,-11],[51,-25]],[[20314,42347],[-11,96]],[[20303,42443],[119,-26]],[[20273,42447],[-105,-58]],[[20101,42461],[68,39]],[[20169,42500],[104,-53]],[[20431,42697],[-30,-19],[-39,-39]],[[20158,42512],[11,-12]],[[20056,42450],[-89,-13],[-67,65],[-32,112],[-27,10]],[[20273,42447],[30,-4]],[[20047,42392],[-73,-7]],[[19974,42385],[-29,20],[-68,22],[-12,16],[-16,8],[-30,-9],[-9,38],[43,77]],[[20023,42328],[-37,15],[-8,40],[-4,2]],[[19805,42377],[14,43],[127,-18],[28,-17]],[[28273,38556],[93,-18]],[[28366,38538],[-16,-84],[43,-123],[40,-18]],[[29149,38655],[-63,-124]],[[29086,38531],[-57,27],[-50,-37],[-80,25],[-20,-51],[-33,-13],[-77,59],[-53,-30],[-161,85],[-138,6],[-51,-64]],[[29086,38531],[-18,-92],[-55,-69],[-4,-90]],[[30995,34229],[-3,83],[67,216]],[[31059,34528],[264,-167],[-46,-148],[-56,-11],[-145,56],[-81,-29]],[[31454,34114],[-98,88],[40,144],[236,-48]],[[30995,34229],[-150,-27],[-89,-148],[-109,-80]],[[30580,34077],[-26,161],[73,79],[-10,79]],[[30617,34396],[210,-40],[51,99],[108,59],[64,23]],[[31050,34537],[9,-9]],[[30567,34023],[-198,-25],[-25,17],[-8,37],[-8,19]],[[30640,34768],[-8,-182],[9,-62],[-24,-128]],[[31010,34758],[-15,-86],[35,-86],[10,-26],[10,-23]],[[30577,33218],[-22,76],[62,117],[-89,12]],[[30830,33838],[97,23],[-21,65],[11,22],[73,-17],[-9,-60],[73,17]],[[30902,34009],[-50,-25],[-17,13],[2,22],[37,21],[28,-31]],[[30884,33938],[-17,-29],[-22,5],[4,41],[24,10],[11,-27]],[[30543,33288],[-17,0],[-13,40],[21,22],[15,-13],[-6,-49]],[[24684,33196],[-27,22],[-50,27],[-26,-18],[-19,9],[-16,-18],[-7,-89],[-38,-51]],[[21348,40183],[-26,1],[1,15],[9,4],[6,3]],[[21338,40206],[10,-23]],[[21492,40255],[31,-88],[-58,-90]],[[21281,40157],[67,26]],[[21338,40206],[78,90]],[[21384,40353],[-57,-56],[-59,16]],[[21745,40000],[-63,-4]],[[21682,39996],[-1,4],[1,4],[0,4],[2,1],[1,3],[-1,5],[2,3],[2,-1],[8,-2],[3,1],[0,-2],[4,-1],[6,0],[5,-4],[7,-1],[4,0],[1,-2],[5,-2],[2,0],[3,1],[1,0],[0,-3],[1,-3],[7,-1]],[[21745,40000],[2,2],[2,-2]],[[21749,40000],[-4,0]],[[21644,39995],[-44,-31],[-42,3],[-17,5]],[[21576,40014],[23,0]],[[21599,40014],[45,-19]],[[21845,40221],[42,-10],[8,-29],[-48,-48],[-69,-1],[-21,-1]],[[21757,40132],[-49,20],[-40,-25],[-22,43]],[[21646,40170],[-44,102]],[[21646,40170],[-51,-28],[-37,-61],[-21,-35]],[[21757,40132],[24,-36],[-4,-32],[-107,-14]],[[21670,40050],[-60,0],[-11,-36]],[[21670,40050],[75,-17],[4,-33]],[[21682,39996],[-38,-1]],[[21440,39989],[2,1]],[[21442,39990],[0,-8]],[[21442,39982],[-11,2]],[[21431,39984],[-27,14]],[[21431,39984],[-13,-14]],[[21418,39970],[-22,23]],[[21418,39970],[-32,2]],[[21393,39962],[32,8]],[[21502,39986],[-30,-4]],[[21472,39982],[-14,15],[-16,-7]],[[21472,39982],[-30,0]],[[33957,32145],[-56,-74],[-22,-74]],[[33011,33815],[39,-45],[49,-132]],[[33099,33638],[-40,-26],[17,-55]],[[33076,33557],[-124,-159],[-103,-83]],[[32936,33853],[75,-38]],[[33097,33018],[24,-27],[9,-67],[48,-60],[-8,-63]],[[33170,32801],[4,-91],[-123,-134]],[[33001,33146],[32,-17],[64,-111]],[[33341,32763],[57,-90],[69,-47],[9,-108],[-22,-76]],[[33170,32801],[70,-50],[101,12]],[[33391,33125],[-18,-110],[29,-133],[-61,-119]],[[33097,33018],[71,48],[62,94],[32,89],[-19,56],[15,43]],[[33258,33348],[54,-47],[35,-34],[44,-142]],[[33076,33557],[101,-65],[37,-100],[44,-44]],[[33391,33125],[104,-9],[51,47],[8,47],[114,79]],[[33668,33289],[36,-76],[55,-32],[208,26],[75,-75],[-1,-39],[-72,-126],[13,-94]],[[34667,33716],[-19,-47],[-114,-25],[20,-53],[-37,-105],[-3,-79],[23,-55],[-17,-148]],[[34520,33204],[-170,-34],[-37,-51],[-69,15],[4,-132],[-71,-103]],[[33668,33289],[61,66],[36,93],[-44,198]],[[33721,33646],[38,7],[158,7],[42,107],[31,24],[217,-20],[53,87],[-1,45]],[[34259,33903],[41,-37],[64,14],[44,63],[43,15]],[[34451,33958],[32,-171],[184,-71]],[[33530,33799],[55,-73],[103,-3],[33,-77]],[[33099,33638],[75,30],[216,8],[34,25],[16,90],[59,13]],[[33499,33804],[31,-5]],[[32461,34386],[-51,-46],[-6,-104]],[[32119,34283],[52,115],[209,139]],[[32380,34537],[49,-38],[32,-113]],[[32713,34257],[-20,-43],[-64,-12],[-80,-89]],[[32461,34386],[199,149]],[[32660,34535],[45,-11],[24,-73],[-47,-59],[-14,-57],[45,-78]],[[32380,34537],[28,23],[32,26],[87,69],[82,30]],[[32609,34685],[28,-70],[-3,-29],[-3,-26],[29,-25]],[[33117,34743],[27,-119],[90,-38],[-14,-26],[-31,-60],[3,-101]],[[33192,34399],[-49,-28],[-40,-72],[19,-137],[-106,-37]],[[33016,34125],[-56,14],[-14,107],[-130,-35],[-103,46]],[[32609,34685],[169,74],[34,16],[148,-16],[157,-16]],[[33016,34125],[49,-71],[16,-149],[-70,-90]],[[33555,34568],[-58,-190],[-38,-7],[-56,49],[-72,-83]],[[33331,34337],[-139,62]],[[33117,34743],[168,-1],[94,68],[39,-35],[32,-126],[80,-63],[25,-18]],[[34112,34300],[-93,-99],[-71,-28]],[[33948,34173],[-89,-15]],[[33859,34158],[-55,54],[-45,-53],[-143,4],[-82,74],[-75,-7],[-58,36]],[[33401,34266],[-70,71]],[[33555,34568],[57,18],[84,25],[31,-25],[32,-26],[14,-98],[82,-98],[38,-1],[69,59],[82,-38],[68,-84]],[[33530,33799],[137,147],[92,-18],[56,73],[46,0],[12,111],[-14,46]],[[33948,34173],[75,-92],[96,-23],[69,-79],[74,-12],[-3,-64]],[[33401,34266],[-15,-181],[84,-31],[80,-79],[-51,-171]],[[35193,34212],[49,-114],[-4,-137]],[[35238,33961],[-126,23]],[[35112,33984],[-25,37],[-48,-8],[-24,43],[-57,-70],[-155,120]],[[34803,34106],[-16,64],[15,90]],[[34802,34260],[93,11],[60,-47],[171,-49],[67,37]],[[34438,34196],[-40,-118],[53,-120]],[[34112,34300],[133,-62],[70,40],[47,-63],[76,-19]],[[34803,34106],[-126,-131],[82,-102],[-49,-81],[16,-84]],[[34726,33708],[-59,8]],[[34438,34196],[130,-23],[234,87]],[[35477,34128],[-190,-163]],[[35287,33965],[-49,-4]],[[35193,34212],[118,47],[196,141]],[[35507,34400],[59,-118],[-89,-154]],[[35937,34459],[23,-92],[-39,-75],[-62,-119]],[[35859,34173],[-109,17],[-52,-137],[-144,-62],[-28,94],[-49,43]],[[35507,34400],[101,104],[92,-39],[48,34],[74,-1],[99,-33],[16,-6]],[[35112,33984],[-12,-34],[-63,-34],[-16,-120],[-56,-76],[6,-42],[39,-40]],[[35010,33638],[-61,-36],[-64,8],[-159,98]],[[35859,34173],[62,-64],[20,-20],[16,-51]],[[35957,34038],[-21,-132],[-15,-9],[-108,-69],[108,-137],[37,-46]],[[35958,33645],[-37,-25],[-48,-34],[48,-91],[18,-34],[-18,-38],[-21,-45]],[[35900,33378],[-98,-135],[-119,-42],[-42,11],[-69,95],[-80,9]],[[35492,33316],[-63,51],[-124,-8],[-2,50]],[[35303,33409],[33,13],[-78,175],[-74,46],[20,39]],[[35204,33682],[45,10],[75,80],[-68,65],[31,128]],[[35010,33638],[65,56],[129,-12]],[[35303,33409],[-69,-1]],[[35234,33408],[-48,36],[-158,2],[-84,-62],[-151,-13],[-110,-73],[17,-47],[-45,-53],[7,-72]],[[34662,33126],[-29,9]],[[34633,33135],[-29,49],[-84,20]],[[36613,33515],[-34,-156],[-107,-34],[-13,-4]],[[36459,33321],[-66,-2],[-48,-72],[-87,80],[-43,3],[-57,-41],[0,-67],[-63,-91]],[[36095,33131],[-29,-41],[-49,-9]],[[36017,33081],[-33,166],[-63,99],[-21,32]],[[35958,33645],[239,29]],[[36197,33674],[45,-39],[19,-72],[40,11],[152,-61],[19,1],[141,1]],[[36262,34250],[64,-68],[28,-99],[-48,-156],[33,-156],[-14,-29]],[[36325,33742],[-92,-8],[-36,-60]],[[35957,34038],[86,7],[41,114],[96,42],[37,64],[45,-15]],[[36325,33742],[92,-60],[55,1],[85,1],[91,-105],[56,-65],[15,-45],[-58,64],[-13,2],[-35,-20]],[[35937,34459],[34,78],[62,3],[10,-46],[114,-106],[26,-64],[56,-1],[24,-36],[-1,-37]],[[34633,33135],[-23,-40],[15,-89],[-77,-57],[-14,-86],[262,-122]],[[34796,32741],[-13,-67]],[[34783,32674],[-96,-85],[-173,92],[-71,-49],[1,-63],[-23,-25],[-71,-24],[-72,16]],[[35188,32829],[-137,-6],[-24,-42],[-96,-49],[-135,9]],[[34662,33126],[12,-65],[150,-18],[76,-46],[123,58],[20,44],[-5,61],[23,25]],[[35061,33185],[36,-11],[57,44],[23,-22],[-7,-126],[28,-66],[-57,-89],[47,-86]],[[35492,33316],[-26,-53],[62,-111],[-52,-107],[6,-78]],[[35482,32967],[-127,-76],[-113,10],[-54,-72]],[[35061,33185],[20,97],[59,22],[94,104]],[[36459,33321],[13,-29],[38,-88],[-8,-90],[39,-86],[10,-227],[47,-46],[-74,-227],[76,-59]],[[36600,32469],[-60,-41],[-46,-1],[-22,45],[-198,-55]],[[36023,32526],[1,318],[153,194],[-82,93]],[[36017,33081],[-96,-10],[-73,-7],[-76,-60],[-25,-95],[-153,-25]],[[35551,32844],[-26,94],[-43,29]],[[36600,32469],[44,-54],[4,-136],[66,-84],[-2,-73],[-64,-10],[-105,-95],[-28,49],[8,93],[-27,31],[-24,4],[-19,3],[-58,-47],[-148,26]],[[34403,32275],[-42,-75],[-14,-79],[70,-181]],[[34417,31940],[-157,-77]],[[34260,31863],[-88,30],[-119,153],[-102,-113]],[[33951,31933],[-6,1]],[[34272,32306],[131,-31]],[[34783,32674],[30,3],[11,-27],[-49,-70]],[[34775,32580],[-91,-197],[-218,-120],[-63,12]],[[34260,31863],[-147,-23],[-162,93]],[[35158,31971],[-138,-79],[-197,-47],[-169,20],[-124,103],[-113,-28]],[[34775,32580],[99,-31],[81,-74],[62,8],[15,-167]],[[27086,55627],[101,-81],[98,34],[169,-37],[119,-68],[9,-31],[-61,-59],[11,-94],[51,23],[49,72],[80,10],[133,-53],[34,-57],[-16,-84],[63,-48],[234,-7],[126,-82],[53,58],[141,-14],[5,-23],[-47,-23],[1,-19],[358,-99],[0,-24],[-43,-33],[8,-38],[35,-5],[172,-35],[57,-84],[-42,-93],[267,14],[84,-28],[20,-17],[7,-64],[124,-82],[212,-37],[26,-83],[-48,-54],[-117,-21],[-370,-155],[-25,12],[41,111],[-57,60],[-351,-58],[-219,-5],[12,45],[68,33],[118,154],[-164,102],[1,19],[98,37],[-1,20],[-186,4],[-64,106],[-65,21],[0,19],[197,55],[-3,27],[-70,21],[-283,-49],[-62,-61],[-220,-13],[-24,-72],[32,-78],[-13,-47],[-193,-67],[-20,-35],[8,-100],[-60,-102],[-193,-56],[-151,-217],[-46,-103],[12,-62],[-17,-46],[-122,-42],[-125,4],[-55,88],[-210,58],[-3,17],[27,38],[-4,17],[-161,8],[-87,69],[-193,35],[-120,104],[-18,83],[125,38],[170,-18],[18,15],[-31,32],[12,19],[329,65],[-1,20],[-108,10],[-549,-62],[-68,51],[-27,81],[56,48],[134,-13],[216,35],[363,122],[255,11],[8,17],[-57,40],[61,89],[-4,17],[-47,3],[-75,-60],[-184,-53],[-144,30],[-8,35],[43,42],[-12,22],[-121,-50],[-107,3],[-8,-39],[-49,-25],[27,-55],[-84,-8],[-45,-53],[-164,-47],[-257,8],[-65,70],[-117,55],[-40,58],[-181,78],[-32,34],[-7,51],[-36,24],[2,19],[96,14],[3,17],[-33,50],[25,56],[-6,15],[-209,-42],[-113,110],[-9,78],[-36,46],[31,42],[-21,34],[5,38],[151,-64],[13,15],[-16,46],[39,42],[41,-23],[45,32],[64,-7],[98,-78],[60,-8],[19,13],[-33,35],[10,24],[132,-23],[390,54],[41,-45],[-63,-46],[-212,-3],[-86,-37],[1,-19],[173,-7],[4,-52],[91,-10],[140,-96],[22,33],[-54,74],[10,48],[173,113],[93,-1],[144,-87],[99,-145],[68,-54],[3,-65],[64,4],[149,-103],[0,57],[-113,138],[-100,244],[10,53],[93,14],[1,44],[28,33],[88,21],[64,-14]],[[28400,55826],[190,-102],[292,20],[5,-54],[180,-70],[25,18],[19,109],[-23,74],[60,13],[49,-29],[57,71],[105,-32],[10,-85],[-58,-50],[23,-26],[103,26],[65,-22],[90,80],[103,-13],[2,74],[16,13],[79,-43],[12,-41],[105,29],[57,-39],[308,-48],[310,-5],[114,-62],[-45,-91],[-394,-133],[-17,-18],[15,-49],[-20,-20],[-210,-73],[-154,14],[-223,-71],[-375,27],[-116,58],[-362,-15],[-204,-5],[-295,63],[-89,51],[0,19],[60,18],[259,-32],[0,48],[269,36],[17,25],[-17,9],[-926,-36],[-170,82],[0,19],[108,29],[9,27],[-167,26],[-32,42],[6,10],[241,24],[170,-50],[14,31],[-66,37],[-15,43],[202,-38],[34,71],[-66,35],[0,19],[130,31],[39,-59],[92,-10]],[[25375,54794],[66,-34],[64,-3],[0,-23],[76,-63],[21,-33],[-14,-9],[-87,16],[-20,39],[-42,14],[-31,31],[-92,34],[-49,-9],[-42,19],[-37,60],[-61,46],[-81,71],[12,17],[-8,35],[75,-4],[70,-21],[-1,-36],[57,-7],[9,-21],[-22,-25],[35,-17],[40,-44],[-7,-13],[62,-1],[7,-19]],[[32476,55653],[-155,-11],[-15,14],[7,12],[93,10],[209,39],[116,30],[49,-6],[-11,-24],[-236,-48],[-57,-16]],[[31128,55660],[-118,-28],[-78,24],[-37,52],[47,19],[66,-11],[110,-38],[10,-18]],[[31311,55034],[0,-24],[-37,1],[-72,-16],[-73,0],[-100,-32],[-23,17],[38,33],[95,7],[19,19],[153,-5]],[[27994,52521],[-39,-15],[-81,48],[-11,25],[4,8],[98,12],[60,-26],[-31,-52]],[[30616,54867],[-55,-5],[-22,18],[-63,17],[-24,44],[36,20],[37,-7],[48,-41],[62,-19],[-19,-27]],[[27799,55753],[-73,-11],[-9,16],[-84,10],[-6,10],[24,32],[55,7],[71,-13],[22,-51]],[[30048,53731],[-88,-72],[-15,11],[36,46],[154,89],[7,-16],[-33,-27],[-61,-31]],[[28524,56023],[5,-30],[45,20],[12,-37],[-53,0],[-10,-31],[-42,22],[11,15],[-9,34],[10,18],[31,-11]],[[28244,55253],[-65,-15],[-32,41],[14,19],[18,-12],[69,-16],[-4,-17]],[[31461,55002],[0,-27],[-102,14],[-10,13],[7,10],[105,-10]],[[28315,55194],[-56,-5],[-5,32],[58,4],[3,-31]],[[28688,55971],[-37,-11],[-16,19],[8,16],[47,1],[-2,-25]],[[31752,55035],[-23,-10],[-17,31],[8,24],[29,-9],[3,-36]],[[26417,55615],[-54,-11],[-3,31],[46,7],[11,-27]],[[18534,50645],[-133,-76],[-23,30],[75,40],[123,27],[39,55],[35,20],[72,21],[30,-1],[-3,-77],[-21,-8],[-145,-19],[-49,-12]]],"transform":{"scale":[0.002938556865483927,0.001823277353517507],"translate":[-63.08825311699997,-21.390765217999956]},"objects":{"NUTS_RG_20M_2021_4326":{"type":"GeometryCollection","geometries":[{"arcs":[[0,1,2,3,4,5,6,7]],"type":"Polygon","properties":{"NUTS_ID":"DE254","LEVL_CODE":3,"CNTR_CODE":"DE","NAME_LATN":"Nürnberg, Kreisfreie Stadt","NUTS_NAME":"Nürnberg, Kreisfreie Stadt","MOUNT_TYPE":4,"URBN_TYPE":1,"COAST_TYPE":3,"NAME_ENGL":"Germany","NAME_FREN":"Allemagne","ISO3_CODE":"DEU","SVRG_UN":"UN Member State","CAPT":"Berlin","EU_STAT":"T","EFTA_STAT":"F","CC_STAT":"F","NAME_GERM":"Deutschland"},"id":"DE254"},{"arcs":[[8,-4]],"type":"Polygon","properties":{"NUTS_ID":"DE255","LEVL_CODE":3,"CNTR_CODE":"DE","NAME_LATN":"Schwabach, Kreisfreie Stadt","NUTS_NAME":"Schwabach, Kreisfreie Stadt","MOUNT_TYPE":4,"URBN_TYPE":1,"COAST_TYPE":3,"NAME_ENGL":"Germany","NAME_FREN":"Allemagne","ISO3_CODE":"DEU","SVRG_UN":"UN Member State","CAPT":"Berlin","EU_STAT":"T","EFTA_STAT":"F","CC_STAT":"F","NAME_GERM":"Deutschland"},"id":"DE255"},{"arcs":[[9,10,11,12,13,14,15,16],[17]],"type":"Polygon","properties":{"NUTS_ID":"DE256","LEVL_CODE":3,"CNTR_CODE":"DE","NAME_LATN":"Ansbach, Landkreis","NUTS_NAME":"Ansbach, Landkreis","MOUNT_TYPE":4,"URBN_TYPE":3,"COAST_TYPE":3,"NAME_ENGL":"Germany","NAME_FREN":"Allemagne","ISO3_CODE":"DEU","SVRG_UN":"UN Member State","CAPT":"Berlin","EU_STAT":"T","EFTA_STAT":"F","CC_STAT":"F","NAME_GERM":"Deutschland"},"id":"DE256"},{"arcs":[[18,19,-1,20,21,22,23]],"type":"Polygon","properties":{"NUTS_ID":"DE257","LEVL_CODE":3,"CNTR_CODE":"DE","NAME_LATN":"Erlangen-Höchstadt","NUTS_NAME":"Erlangen-Höchstadt","MOUNT_TYPE":4,"URBN_TYPE":1,"COAST_TYPE":3,"NAME_ENGL":"Germany","NAME_FREN":"Allemagne","ISO3_CODE":"DEU","SVRG_UN":"UN Member State","CAPT":"Berlin","EU_STAT":"T","EFTA_STAT":"F","CC_STAT":"F","NAME_GERM":"Deutschland"},"id":"DE257"},{"arcs":[[24,-6,25,-10,26,-22,27]],"type":"Polygon","properties":{"NUTS_ID":"DE258","LEVL_CODE":3,"CNTR_CODE":"DE","NAME_LATN":"Fürth, Landkreis","NUTS_NAME":"Fürth, Landkreis","MOUNT_TYPE":4,"URBN_TYPE":1,"COAST_TYPE":3,"NAME_ENGL":"Germany","NAME_FREN":"Allemagne","ISO3_CODE":"DEU","SVRG_UN":"UN Member State","CAPT":"Berlin","EU_STAT":"T","EFTA_STAT":"F","CC_STAT":"F","NAME_GERM":"Deutschland"},"id":"DE258"},{"arcs":[[28,29,-2,-20,30,31,32]],"type":"Polygon","properties":{"NUTS_ID":"DE259","LEVL_CODE":3,"CNTR_CODE":"DE","NAME_LATN":"Nürnberger Land","NUTS_NAME":"Nürnberger Land","MOUNT_TYPE":4,"URBN_TYPE":2,"COAST_TYPE":3,"NAME_ENGL":"Germany","NAME_FREN":"Allemagne","ISO3_CODE":"DEU","SVRG_UN":"UN Member State","CAPT":"Berlin","EU_STAT":"T","EFTA_STAT":"F","CC_STAT":"F","NAME_GERM":"Deutschland"},"id":"DE259"},{"arcs":[[-23,-27,-17,33,34,35,36]],"type":"Polygon","properties":{"NUTS_ID":"DE25A","LEVL_CODE":3,"CNTR_CODE":"DE","NAME_LATN":"Neustadt a. d. Aisch-Bad Windsheim","NUTS_NAME":"Neustadt a. d. Aisch-Bad Windsheim","MOUNT_TYPE":4,"URBN_TYPE":3,"COAST_TYPE":3,"NAME_ENGL":"Germany","NAME_FREN":"Allemagne","ISO3_CODE":"DEU","SVRG_UN":"UN Member State","CAPT":"Berlin","EU_STAT":"T","EFTA_STAT":"F","CC_STAT":"F","NAME_GERM":"Deutschland"},"id":"DE25A"},{"arcs":[[37,38,39,-11,-26,-5,-9,-3,-30]],"type":"Polygon","properties":{"NUTS_ID":"DE25B","LEVL_CODE":3,"CNTR_CODE":"DE","NAME_LATN":"Roth","NUTS_NAME":"Roth","MOUNT_TYPE":4,"URBN_TYPE":2,"COAST_TYPE":3,"NAME_ENGL":"Germany","NAME_FREN":"Allemagne","ISO3_CODE":"DEU","SVRG_UN":"UN Member State","CAPT":"Berlin","EU_STAT":"T","EFTA_STAT":"F","CC_STAT":"F","NAME_GERM":"Deutschland"},"id":"DE25B"},{"arcs":[[40,41,-12,-40]],"type":"Polygon","properties":{"NUTS_ID":"DE25C","LEVL_CODE":3,"CNTR_CODE":"DE","NAME_LATN":"Weißenburg-Gunzenhausen","NUTS_NAME":"Weißenburg-Gunzenhausen","MOUNT_TYPE":4,"URBN_TYPE":3,"COAST_TYPE":3,"NAME_ENGL":"Germany","NAME_FREN":"Allemagne","ISO3_CODE":"DEU","SVRG_UN":"UN Member State","CAPT":"Berlin","EU_STAT":"T","EFTA_STAT":"F","CC_STAT":"F","NAME_GERM":"Deutschland"},"id":"DE25C"},{"arcs":[[42,43]],"type":"Polygon","properties":{"NUTS_ID":"DE261","LEVL_CODE":3,"CNTR_CODE":"DE","NAME_LATN":"Aschaffenburg, Kreisfreie Stadt","NUTS_NAME":"Aschaffenburg, Kreisfreie Stadt","MOUNT_TYPE":4,"URBN_TYPE":1,"COAST_TYPE":3,"NAME_ENGL":"Germany","NAME_FREN":"Allemagne","ISO3_CODE":"DEU","SVRG_UN":"UN Member State","CAPT":"Berlin","EU_STAT":"T","EFTA_STAT":"F","CC_STAT":"F","NAME_GERM":"Deutschland"},"id":"DE261"},{"arcs":[[44,45,46,47,48,49]],"type":"Polygon","properties":{"NUTS_ID":"BG341","LEVL_CODE":3,"CNTR_CODE":"BG","NAME_LATN":"Burgas","NUTS_NAME":"Бургас","MOUNT_TYPE":4,"URBN_TYPE":2,"COAST_TYPE":1,"NAME_ENGL":"Bulgaria","NAME_FREN":"Bulgarie","ISO3_CODE":"BGR","SVRG_UN":"UN Member State","CAPT":"Sofia","EU_STAT":"T","EFTA_STAT":"F","CC_STAT":"F","NAME_GERM":"Bulgarien"},"id":"BG341"},{"arcs":[[50,-48,51,52,53,54]],"type":"Polygon","properties":{"NUTS_ID":"BG342","LEVL_CODE":3,"CNTR_CODE":"BG","NAME_LATN":"Sliven","NUTS_NAME":"Сливен","MOUNT_TYPE":2,"URBN_TYPE":2,"COAST_TYPE":3,"NAME_ENGL":"Bulgaria","NAME_FREN":"Bulgarie","ISO3_CODE":"BGR","SVRG_UN":"UN Member State","CAPT":"Sofia","EU_STAT":"T","EFTA_STAT":"F","CC_STAT":"F","NAME_GERM":"Bulgarien"},"id":"BG342"},{"arcs":[[55,56,57,58,-52,-47]],"type":"Polygon","properties":{"NUTS_ID":"BG343","LEVL_CODE":3,"CNTR_CODE":"BG","NAME_LATN":"Yambol","NUTS_NAME":"Ямбол","MOUNT_TYPE":4,"URBN_TYPE":2,"COAST_TYPE":3,"NAME_ENGL":"Bulgaria","NAME_FREN":"Bulgarie","ISO3_CODE":"BGR","SVRG_UN":"UN Member State","CAPT":"Sofia","EU_STAT":"T","EFTA_STAT":"F","CC_STAT":"F","NAME_GERM":"Bulgarien"},"id":"BG343"},{"arcs":[[-53,-59,59,60,61,62,63]],"type":"Polygon","properties":{"NUTS_ID":"BG344","LEVL_CODE":3,"CNTR_CODE":"BG","NAME_LATN":"Stara Zagora","NUTS_NAME":"Стара Загора","MOUNT_TYPE":2,"URBN_TYPE":2,"COAST_TYPE":3,"NAME_ENGL":"Bulgaria","NAME_FREN":"Bulgarie","ISO3_CODE":"BGR","SVRG_UN":"UN Member State","CAPT":"Sofia","EU_STAT":"T","EFTA_STAT":"F","CC_STAT":"F","NAME_GERM":"Bulgarien"},"id":"BG344"},{"arcs":[[64,65]],"type":"Polygon","properties":{"NUTS_ID":"BG411","LEVL_CODE":3,"CNTR_CODE":"BG","NAME_LATN":"Sofia (stolitsa)","NUTS_NAME":"София (столица)","MOUNT_TYPE":3,"URBN_TYPE":1,"COAST_TYPE":3,"NAME_ENGL":"Bulgaria","NAME_FREN":"Bulgarie","ISO3_CODE":"BGR","SVRG_UN":"UN Member State","CAPT":"Sofia","EU_STAT":"T","EFTA_STAT":"F","CC_STAT":"F","NAME_GERM":"Bulgarien"},"id":"BG411"},{"arcs":[[66,67,68,69,70,71,72,-66,73,74,75]],"type":"Polygon","properties":{"NUTS_ID":"BG412","LEVL_CODE":3,"CNTR_CODE":"BG","NAME_LATN":"Sofia","NUTS_NAME":"София","MOUNT_TYPE":3,"URBN_TYPE":3,"COAST_TYPE":3,"NAME_ENGL":"Bulgaria","NAME_FREN":"Bulgarie","ISO3_CODE":"BGR","SVRG_UN":"UN Member State","CAPT":"Sofia","EU_STAT":"T","EFTA_STAT":"F","CC_STAT":"F","NAME_GERM":"Bulgarien"},"id":"BG412"},{"arcs":[[76,77,78,79,80,81,-71,82]],"type":"Polygon","properties":{"NUTS_ID":"BG413","LEVL_CODE":3,"CNTR_CODE":"BG","NAME_LATN":"Blagoevgrad","NUTS_NAME":"Благоевград","MOUNT_TYPE":3,"URBN_TYPE":2,"COAST_TYPE":3,"NAME_ENGL":"Bulgaria","NAME_FREN":"Bulgarie","ISO3_CODE":"BGR","SVRG_UN":"UN Member State","CAPT":"Sofia","EU_STAT":"T","EFTA_STAT":"F","CC_STAT":"F","NAME_GERM":"Bulgarien"},"id":"BG413"},{"arcs":[[-65,-73,83,84,85,86,-74]],"type":"Polygon","properties":{"NUTS_ID":"BG414","LEVL_CODE":3,"CNTR_CODE":"BG","NAME_LATN":"Pernik","NUTS_NAME":"Перник","MOUNT_TYPE":3,"URBN_TYPE":2,"COAST_TYPE":3,"NAME_ENGL":"Bulgaria","NAME_FREN":"Bulgarie","ISO3_CODE":"BGR","SVRG_UN":"UN Member State","CAPT":"Sofia","EU_STAT":"T","EFTA_STAT":"F","CC_STAT":"F","NAME_GERM":"Bulgarien"},"id":"BG414"},{"arcs":[[-72,-82,87,88,89,-84]],"type":"Polygon","properties":{"NUTS_ID":"BG415","LEVL_CODE":3,"CNTR_CODE":"BG","NAME_LATN":"Kyustendil","NUTS_NAME":"Кюстендил","MOUNT_TYPE":3,"URBN_TYPE":2,"COAST_TYPE":3,"NAME_ENGL":"Bulgaria","NAME_FREN":"Bulgarie","ISO3_CODE":"BGR","SVRG_UN":"UN Member State","CAPT":"Sofia","EU_STAT":"T","EFTA_STAT":"F","CC_STAT":"F","NAME_GERM":"Bulgarien"},"id":"BG415"},{"arcs":[[-61,90,91,92,93,-69,94]],"type":"Polygon","properties":{"NUTS_ID":"BG421","LEVL_CODE":3,"CNTR_CODE":"BG","NAME_LATN":"Plovdiv","NUTS_NAME":"Пловдив","MOUNT_TYPE":2,"URBN_TYPE":2,"COAST_TYPE":3,"NAME_ENGL":"Bulgaria","NAME_FREN":"Bulgarie","ISO3_CODE":"BGR","SVRG_UN":"UN Member State","CAPT":"Sofia","EU_STAT":"T","EFTA_STAT":"F","CC_STAT":"F","NAME_GERM":"Bulgarien"},"id":"BG421"},{"arcs":[[95,96,97,-91,-60,-58]],"type":"Polygon","properties":{"NUTS_ID":"BG422","LEVL_CODE":3,"CNTR_CODE":"BG","NAME_LATN":"Haskovo","NUTS_NAME":"Хасково","MOUNT_TYPE":4,"URBN_TYPE":2,"COAST_TYPE":3,"NAME_ENGL":"Bulgaria","NAME_FREN":"Bulgarie","ISO3_CODE":"BGR","SVRG_UN":"UN Member State","CAPT":"Sofia","EU_STAT":"T","EFTA_STAT":"F","CC_STAT":"F","NAME_GERM":"Bulgarien"},"id":"BG422"},{"arcs":[[-94,98,-83,-70]],"type":"Polygon","properties":{"NUTS_ID":"BG423","LEVL_CODE":3,"CNTR_CODE":"BG","NAME_LATN":"Pazardzhik","NUTS_NAME":"Пазарджик","MOUNT_TYPE":3,"URBN_TYPE":2,"COAST_TYPE":3,"NAME_ENGL":"Bulgaria","NAME_FREN":"Bulgarie","ISO3_CODE":"BGR","SVRG_UN":"UN Member State","CAPT":"Sofia","EU_STAT":"T","EFTA_STAT":"F","CC_STAT":"F","NAME_GERM":"Bulgarien"},"id":"BG423"},{"arcs":[[99,100,-77,-99,-93,101]],"type":"Polygon","properties":{"NUTS_ID":"BG424","LEVL_CODE":3,"CNTR_CODE":"BG","NAME_LATN":"Smolyan","NUTS_NAME":"Смолян","MOUNT_TYPE":3,"URBN_TYPE":3,"COAST_TYPE":3,"NAME_ENGL":"Bulgaria","NAME_FREN":"Bulgarie","ISO3_CODE":"BGR","SVRG_UN":"UN Member State","CAPT":"Sofia","EU_STAT":"T","EFTA_STAT":"F","CC_STAT":"F","NAME_GERM":"Bulgarien"},"id":"BG424"},{"arcs":[[102,103,104,-102,-92,-98]],"type":"Polygon","properties":{"NUTS_ID":"BG425","LEVL_CODE":3,"CNTR_CODE":"BG","NAME_LATN":"Kardzhali","NUTS_NAME":"Кърджали","MOUNT_TYPE":3,"URBN_TYPE":3,"COAST_TYPE":3,"NAME_ENGL":"Bulgaria","NAME_FREN":"Bulgarie","ISO3_CODE":"BGR","SVRG_UN":"UN Member State","CAPT":"Sofia","EU_STAT":"T","EFTA_STAT":"F","CC_STAT":"F","NAME_GERM":"Bulgarien"},"id":"BG425"},{"arcs":[[[105,106,107,108,109,110,111,112,113]],[[114,115,116]],[[117]]],"type":"MultiPolygon","properties":{"NUTS_ID":"CH011","LEVL_CODE":3,"CNTR_CODE":"CH","NAME_LATN":"Vaud","NUTS_NAME":"Vaud","MOUNT_TYPE":3,"URBN_TYPE":2,"COAST_TYPE":3,"NAME_ENGL":"Switzerland","NAME_FREN":"Suisse","ISO3_CODE":"CHE","SVRG_UN":"UN Member State","CAPT":"Bern","EU_STAT":"F","EFTA_STAT":"T","CC_STAT":"F","NAME_GERM":"Schweiz"},"id":"CH011"},{"arcs":[[118]],"type":"Polygon","properties":{"NUTS_ID":"DE262","LEVL_CODE":3,"CNTR_CODE":"DE","NAME_LATN":"Schweinfurt, Kreisfreie Stadt","NUTS_NAME":"Schweinfurt, Kreisfreie Stadt","MOUNT_TYPE":4,"URBN_TYPE":2,"COAST_TYPE":3,"NAME_ENGL":"Germany","NAME_FREN":"Allemagne","ISO3_CODE":"DEU","SVRG_UN":"UN Member State","CAPT":"Berlin","EU_STAT":"T","EFTA_STAT":"F","CC_STAT":"F","NAME_GERM":"Deutschland"},"id":"DE262"},{"arcs":[[119]],"type":"Polygon","properties":{"NUTS_ID":"DE263","LEVL_CODE":3,"CNTR_CODE":"DE","NAME_LATN":"Würzburg, Kreisfreie Stadt","NUTS_NAME":"Würzburg, Kreisfreie Stadt","MOUNT_TYPE":4,"URBN_TYPE":2,"COAST_TYPE":3,"NAME_ENGL":"Germany","NAME_FREN":"Allemagne","ISO3_CODE":"DEU","SVRG_UN":"UN Member State","CAPT":"Berlin","EU_STAT":"T","EFTA_STAT":"F","CC_STAT":"F","NAME_GERM":"Deutschland"},"id":"DE263"},{"arcs":[[120,121,-44,122,123,124,125]],"type":"Polygon","properties":{"NUTS_ID":"DE264","LEVL_CODE":3,"CNTR_CODE":"DE","NAME_LATN":"Aschaffenburg, Landkreis","NUTS_NAME":"Aschaffenburg, Landkreis","MOUNT_TYPE":4,"URBN_TYPE":1,"COAST_TYPE":3,"NAME_ENGL":"Germany","NAME_FREN":"Allemagne","ISO3_CODE":"DEU","SVRG_UN":"UN Member State","CAPT":"Berlin","EU_STAT":"T","EFTA_STAT":"F","CC_STAT":"F","NAME_GERM":"Deutschland"},"id":"DE264"},{"arcs":[[126,127,128,129,130]],"type":"Polygon","properties":{"NUTS_ID":"DE265","LEVL_CODE":3,"CNTR_CODE":"DE","NAME_LATN":"Bad Kissingen","NUTS_NAME":"Bad Kissingen","MOUNT_TYPE":4,"URBN_TYPE":3,"COAST_TYPE":3,"NAME_ENGL":"Germany","NAME_FREN":"Allemagne","ISO3_CODE":"DEU","SVRG_UN":"UN Member State","CAPT":"Berlin","EU_STAT":"T","EFTA_STAT":"F","CC_STAT":"F","NAME_GERM":"Deutschland"},"id":"DE265"},{"arcs":[[131,132,133,-131,134,135]],"type":"Polygon","properties":{"NUTS_ID":"DE266","LEVL_CODE":3,"CNTR_CODE":"DE","NAME_LATN":"Rhön-Grabfeld","NUTS_NAME":"Rhön-Grabfeld","MOUNT_TYPE":4,"URBN_TYPE":3,"COAST_TYPE":3,"NAME_ENGL":"Germany","NAME_FREN":"Allemagne","ISO3_CODE":"DEU","SVRG_UN":"UN Member State","CAPT":"Berlin","EU_STAT":"T","EFTA_STAT":"F","CC_STAT":"F","NAME_GERM":"Deutschland"},"id":"DE266"},{"arcs":[[136,137,-133,138,139]],"type":"Polygon","properties":{"NUTS_ID":"DE267","LEVL_CODE":3,"CNTR_CODE":"DE","NAME_LATN":"Haßberge","NUTS_NAME":"Haßberge","MOUNT_TYPE":4,"URBN_TYPE":3,"COAST_TYPE":3,"NAME_ENGL":"Germany","NAME_FREN":"Allemagne","ISO3_CODE":"DEU","SVRG_UN":"UN Member State","CAPT":"Berlin","EU_STAT":"T","EFTA_STAT":"F","CC_STAT":"F","NAME_GERM":"Deutschland"},"id":"DE267"},{"arcs":[[140,-36,141,142]],"type":"Polygon","properties":{"NUTS_ID":"DE268","LEVL_CODE":3,"CNTR_CODE":"DE","NAME_LATN":"Kitzingen","NUTS_NAME":"Kitzingen","MOUNT_TYPE":4,"URBN_TYPE":3,"COAST_TYPE":3,"NAME_ENGL":"Germany","NAME_FREN":"Allemagne","ISO3_CODE":"DEU","SVRG_UN":"UN Member State","CAPT":"Berlin","EU_STAT":"T","EFTA_STAT":"F","CC_STAT":"F","NAME_GERM":"Deutschland"},"id":"DE268"},{"arcs":[[143,144,145,146,147,-123,-43,-122]],"type":"Polygon","properties":{"NUTS_ID":"DE269","LEVL_CODE":3,"CNTR_CODE":"DE","NAME_LATN":"Miltenberg","NUTS_NAME":"Miltenberg","MOUNT_TYPE":2,"URBN_TYPE":2,"COAST_TYPE":3,"NAME_ENGL":"Germany","NAME_FREN":"Allemagne","ISO3_CODE":"DEU","SVRG_UN":"UN Member State","CAPT":"Berlin","EU_STAT":"T","EFTA_STAT":"F","CC_STAT":"F","NAME_GERM":"Deutschland"},"id":"DE269"},{"arcs":[[148,149,150,-144,-121,151,-128]],"type":"Polygon","properties":{"NUTS_ID":"DE26A","LEVL_CODE":3,"CNTR_CODE":"DE","NAME_LATN":"Main-Spessart","NUTS_NAME":"Main-Spessart","MOUNT_TYPE":4,"URBN_TYPE":3,"COAST_TYPE":3,"NAME_ENGL":"Germany","NAME_FREN":"Allemagne","ISO3_CODE":"DEU","SVRG_UN":"UN Member State","CAPT":"Berlin","EU_STAT":"T","EFTA_STAT":"F","CC_STAT":"F","NAME_GERM":"Deutschland"},"id":"DE26A"},{"arcs":[[-138,152,-143,153,-149,-127,-134],[-119]],"type":"Polygon","properties":{"NUTS_ID":"DE26B","LEVL_CODE":3,"CNTR_CODE":"DE","NAME_LATN":"Schweinfurt, Landkreis","NUTS_NAME":"Schweinfurt, Landkreis","MOUNT_TYPE":4,"URBN_TYPE":2,"COAST_TYPE":3,"NAME_ENGL":"Germany","NAME_FREN":"Allemagne","ISO3_CODE":"DEU","SVRG_UN":"UN Member State","CAPT":"Berlin","EU_STAT":"T","EFTA_STAT":"F","CC_STAT":"F","NAME_GERM":"Deutschland"},"id":"DE26B"},{"arcs":[[-142,-35,154,-150,-154],[-120]],"type":"Polygon","properties":{"NUTS_ID":"DE26C","LEVL_CODE":3,"CNTR_CODE":"DE","NAME_LATN":"Würzburg, Landkreis","NUTS_NAME":"Würzburg, Landkreis","MOUNT_TYPE":4,"URBN_TYPE":2,"COAST_TYPE":3,"NAME_ENGL":"Germany","NAME_FREN":"Allemagne","ISO3_CODE":"DEU","SVRG_UN":"UN Member State","CAPT":"Berlin","EU_STAT":"T","EFTA_STAT":"F","CC_STAT":"F","NAME_GERM":"Deutschland"},"id":"DE26C"},{"arcs":[[155,156]],"type":"Polygon","properties":{"NUTS_ID":"DE271","LEVL_CODE":3,"CNTR_CODE":"DE","NAME_LATN":"Augsburg, Kreisfreie Stadt","NUTS_NAME":"Augsburg, Kreisfreie Stadt","MOUNT_TYPE":4,"URBN_TYPE":1,"COAST_TYPE":3,"NAME_ENGL":"Germany","NAME_FREN":"Allemagne","ISO3_CODE":"DEU","SVRG_UN":"UN Member State","CAPT":"Berlin","EU_STAT":"T","EFTA_STAT":"F","CC_STAT":"F","NAME_GERM":"Deutschland"},"id":"DE271"},{"arcs":[[157]],"type":"Polygon","properties":{"NUTS_ID":"DE272","LEVL_CODE":3,"CNTR_CODE":"DE","NAME_LATN":"Kaufbeuren, Kreisfreie Stadt","NUTS_NAME":"Kaufbeuren, Kreisfreie Stadt","MOUNT_TYPE":4,"URBN_TYPE":2,"COAST_TYPE":3,"NAME_ENGL":"Germany","NAME_FREN":"Allemagne","ISO3_CODE":"DEU","SVRG_UN":"UN Member State","CAPT":"Berlin","EU_STAT":"T","EFTA_STAT":"F","CC_STAT":"F","NAME_GERM":"Deutschland"},"id":"DE272"},{"arcs":[[158]],"type":"Polygon","properties":{"NUTS_ID":"DE273","LEVL_CODE":3,"CNTR_CODE":"DE","NAME_LATN":"Kempten (Allgäu), Kreisfreie Stadt","NUTS_NAME":"Kempten (Allgäu), Kreisfreie Stadt","MOUNT_TYPE":2,"URBN_TYPE":2,"COAST_TYPE":3,"NAME_ENGL":"Germany","NAME_FREN":"Allemagne","ISO3_CODE":"DEU","SVRG_UN":"UN Member State","CAPT":"Berlin","EU_STAT":"T","EFTA_STAT":"F","CC_STAT":"F","NAME_GERM":"Deutschland"},"id":"DE273"},{"arcs":[[159]],"type":"Polygon","properties":{"NUTS_ID":"DE274","LEVL_CODE":3,"CNTR_CODE":"DE","NAME_LATN":"Memmingen, Kreisfreie Stadt","NUTS_NAME":"Memmingen, Kreisfreie Stadt","MOUNT_TYPE":4,"URBN_TYPE":3,"COAST_TYPE":3,"NAME_ENGL":"Germany","NAME_FREN":"Allemagne","ISO3_CODE":"DEU","SVRG_UN":"UN Member State","CAPT":"Berlin","EU_STAT":"T","EFTA_STAT":"F","CC_STAT":"F","NAME_GERM":"Deutschland"},"id":"DE274"},{"arcs":[[160,161,162,163,164,165]],"type":"Polygon","properties":{"NUTS_ID":"AL013","LEVL_CODE":3,"CNTR_CODE":"AL","NAME_LATN":"Kukës","NUTS_NAME":"Kukës","MOUNT_TYPE":4,"URBN_TYPE":3,"COAST_TYPE":3,"NAME_ENGL":"Albania","NAME_FREN":"Albanie","ISO3_CODE":"ALB","SVRG_UN":"UN Member State","CAPT":"Tirana","EU_STAT":"F","EFTA_STAT":"F","CC_STAT":"T","NAME_GERM":"Albanien"},"id":"AL013"},{"arcs":[[-164,166,167,168]],"type":"Polygon","properties":{"NUTS_ID":"AL015","LEVL_CODE":3,"CNTR_CODE":"AL","NAME_LATN":"Shkodër","NUTS_NAME":"Shkodër","MOUNT_TYPE":4,"URBN_TYPE":2,"COAST_TYPE":1,"NAME_ENGL":"Albania","NAME_FREN":"Albanie","ISO3_CODE":"ALB","SVRG_UN":"UN Member State","CAPT":"Tirana","EU_STAT":"F","EFTA_STAT":"F","CC_STAT":"T","NAME_GERM":"Albanien"},"id":"AL015"},{"arcs":[[169,170,171,-167,-163]],"type":"Polygon","properties":{"NUTS_ID":"AL014","LEVL_CODE":3,"CNTR_CODE":"AL","NAME_LATN":"Lezhë","NUTS_NAME":"Lezhë","MOUNT_TYPE":4,"URBN_TYPE":3,"COAST_TYPE":1,"NAME_ENGL":"Albania","NAME_FREN":"Albanie","ISO3_CODE":"ALB","SVRG_UN":"UN Member State","CAPT":"Tirana","EU_STAT":"F","EFTA_STAT":"F","CC_STAT":"T","NAME_GERM":"Albanien"},"id":"AL014"},{"arcs":[[172,173,174,175,176,-170,-162]],"type":"Polygon","properties":{"NUTS_ID":"AL011","LEVL_CODE":3,"CNTR_CODE":"AL","NAME_LATN":"Dibër","NUTS_NAME":"Dibër","MOUNT_TYPE":4,"URBN_TYPE":3,"COAST_TYPE":3,"NAME_ENGL":"Albania","NAME_FREN":"Albanie","ISO3_CODE":"ALB","SVRG_UN":"UN Member State","CAPT":"Tirana","EU_STAT":"F","EFTA_STAT":"F","CC_STAT":"T","NAME_GERM":"Albanien"},"id":"AL011"},{"arcs":[[-177,177,178,-171]],"type":"Polygon","properties":{"NUTS_ID":"AL012","LEVL_CODE":3,"CNTR_CODE":"AL","NAME_LATN":"Durrës","NUTS_NAME":"Durrës","MOUNT_TYPE":4,"URBN_TYPE":2,"COAST_TYPE":1,"NAME_ENGL":"Albania","NAME_FREN":"Albanie","ISO3_CODE":"ALB","SVRG_UN":"UN Member State","CAPT":"Tirana","EU_STAT":"F","EFTA_STAT":"F","CC_STAT":"T","NAME_GERM":"Albanien"},"id":"AL012"},{"arcs":[[179,180,181,182,183,-175]],"type":"Polygon","properties":{"NUTS_ID":"AL021","LEVL_CODE":3,"CNTR_CODE":"AL","NAME_LATN":"Elbasan","NUTS_NAME":"Elbasan","MOUNT_TYPE":4,"URBN_TYPE":3,"COAST_TYPE":2,"NAME_ENGL":"Albania","NAME_FREN":"Albanie","ISO3_CODE":"ALB","SVRG_UN":"UN Member State","CAPT":"Tirana","EU_STAT":"F","EFTA_STAT":"F","CC_STAT":"T","NAME_GERM":"Albanien"},"id":"AL021"},{"arcs":[[-184,184,185,-178,-176]],"type":"Polygon","properties":{"NUTS_ID":"AL022","LEVL_CODE":3,"CNTR_CODE":"AL","NAME_LATN":"Tiranë","NUTS_NAME":"Tiranë","MOUNT_TYPE":4,"URBN_TYPE":1,"COAST_TYPE":1,"NAME_ENGL":"Albania","NAME_FREN":"Albanie","ISO3_CODE":"ALB","SVRG_UN":"UN Member State","CAPT":"Tirana","EU_STAT":"F","EFTA_STAT":"F","CC_STAT":"T","NAME_GERM":"Albanien"},"id":"AL022"},{"arcs":[[186,187,188,189,190,191,-181,192]],"type":"Polygon","properties":{"NUTS_ID":"AL034","LEVL_CODE":3,"CNTR_CODE":"AL","NAME_LATN":"Korcë","NUTS_NAME":"Korcë","MOUNT_TYPE":4,"URBN_TYPE":3,"COAST_TYPE":3,"NAME_ENGL":"Albania","NAME_FREN":"Albanie","ISO3_CODE":"ALB","SVRG_UN":"UN Member State","CAPT":"Tirana","EU_STAT":"F","EFTA_STAT":"F","CC_STAT":"T","NAME_GERM":"Albanien"},"id":"AL034"},{"arcs":[[-192,193,194,-182]],"type":"Polygon","properties":{"NUTS_ID":"AL031","LEVL_CODE":3,"CNTR_CODE":"AL","NAME_LATN":"Berat","NUTS_NAME":"Berat","MOUNT_TYPE":4,"URBN_TYPE":3,"COAST_TYPE":2,"NAME_ENGL":"Albania","NAME_FREN":"Albanie","ISO3_CODE":"ALB","SVRG_UN":"UN Member State","CAPT":"Tirana","EU_STAT":"F","EFTA_STAT":"F","CC_STAT":"T","NAME_GERM":"Albanien"},"id":"AL031"},{"arcs":[[-195,195,196,197,-185,-183]],"type":"Polygon","properties":{"NUTS_ID":"AL032","LEVL_CODE":3,"CNTR_CODE":"AL","NAME_LATN":"Fier","NUTS_NAME":"Fier","MOUNT_TYPE":4,"URBN_TYPE":3,"COAST_TYPE":1,"NAME_ENGL":"Albania","NAME_FREN":"Albanie","ISO3_CODE":"ALB","SVRG_UN":"UN Member State","CAPT":"Tirana","EU_STAT":"F","EFTA_STAT":"F","CC_STAT":"T","NAME_GERM":"Albanien"},"id":"AL032"},{"arcs":[[198,199,200,-197]],"type":"Polygon","properties":{"NUTS_ID":"AL035","LEVL_CODE":3,"CNTR_CODE":"AL","NAME_LATN":"Vlorë","NUTS_NAME":"Vlorë","MOUNT_TYPE":4,"URBN_TYPE":2,"COAST_TYPE":1,"NAME_ENGL":"Albania","NAME_FREN":"Albanie","ISO3_CODE":"ALB","SVRG_UN":"UN Member State","CAPT":"Tirana","EU_STAT":"F","EFTA_STAT":"F","CC_STAT":"T","NAME_GERM":"Albanien"},"id":"AL035"},{"arcs":[[-191,201,202,-199,-196,-194]],"type":"Polygon","properties":{"NUTS_ID":"AL033","LEVL_CODE":3,"CNTR_CODE":"AL","NAME_LATN":"Gjirokastër","NUTS_NAME":"Gjirokastër","MOUNT_TYPE":4,"URBN_TYPE":3,"COAST_TYPE":2,"NAME_ENGL":"Albania","NAME_FREN":"Albanie","ISO3_CODE":"ALB","SVRG_UN":"UN Member State","CAPT":"Tirana","EU_STAT":"F","EFTA_STAT":"F","CC_STAT":"T","NAME_GERM":"Albanien"},"id":"AL033"},{"arcs":[[203,204,205,206,207]],"type":"Polygon","properties":{"NUTS_ID":"AT111","LEVL_CODE":3,"CNTR_CODE":"AT","NAME_LATN":"Mittelburgenland","NUTS_NAME":"Mittelburgenland","MOUNT_TYPE":4,"URBN_TYPE":3,"COAST_TYPE":3,"NAME_ENGL":"Austria","NAME_FREN":"Autriche","ISO3_CODE":"AUT","SVRG_UN":"UN Member State","CAPT":"Vienna","EU_STAT":"T","EFTA_STAT":"F","CC_STAT":"F","NAME_GERM":"Österreich"},"id":"AT111"},{"arcs":[[208,-207,209,210,211]],"type":"Polygon","properties":{"NUTS_ID":"AT112","LEVL_CODE":3,"CNTR_CODE":"AT","NAME_LATN":"Nordburgenland","NUTS_NAME":"Nordburgenland","MOUNT_TYPE":4,"URBN_TYPE":3,"COAST_TYPE":3,"NAME_ENGL":"Austria","NAME_FREN":"Autriche","ISO3_CODE":"AUT","SVRG_UN":"UN Member State","CAPT":"Vienna","EU_STAT":"T","EFTA_STAT":"F","CC_STAT":"F","NAME_GERM":"Österreich"},"id":"AT112"},{"arcs":[[212,213,214,215,-205]],"type":"Polygon","properties":{"NUTS_ID":"AT113","LEVL_CODE":3,"CNTR_CODE":"AT","NAME_LATN":"Südburgenland","NUTS_NAME":"Südburgenland","MOUNT_TYPE":4,"URBN_TYPE":3,"COAST_TYPE":3,"NAME_ENGL":"Austria","NAME_FREN":"Autriche","ISO3_CODE":"AUT","SVRG_UN":"UN Member State","CAPT":"Vienna","EU_STAT":"T","EFTA_STAT":"F","CC_STAT":"F","NAME_GERM":"Österreich"},"id":"AT113"},{"arcs":[[216,217,218,219,220,221,222,223]],"type":"Polygon","properties":{"NUTS_ID":"AT121","LEVL_CODE":3,"CNTR_CODE":"AT","NAME_LATN":"Mostviertel-Eisenwurzen","NUTS_NAME":"Mostviertel-Eisenwurzen","MOUNT_TYPE":2,"URBN_TYPE":3,"COAST_TYPE":3,"NAME_ENGL":"Austria","NAME_FREN":"Autriche","ISO3_CODE":"AUT","SVRG_UN":"UN Member State","CAPT":"Vienna","EU_STAT":"T","EFTA_STAT":"F","CC_STAT":"F","NAME_GERM":"Österreich"},"id":"AT121"},{"arcs":[[224,225,226,227,228,229,230,231],[232,233]],"type":"Polygon","properties":{"NUTS_ID":"CH055","LEVL_CODE":3,"CNTR_CODE":"CH","NAME_LATN":"St. Gallen","NUTS_NAME":"St. Gallen","MOUNT_TYPE":3,"URBN_TYPE":2,"COAST_TYPE":3,"NAME_ENGL":"Switzerland","NAME_FREN":"Suisse","ISO3_CODE":"CHE","SVRG_UN":"UN Member State","CAPT":"Bern","EU_STAT":"F","EFTA_STAT":"T","CC_STAT":"F","NAME_GERM":"Schweiz"},"id":"CH055"},{"arcs":[[234,235,236,237,238,239,240,-227,241,242]],"type":"Polygon","properties":{"NUTS_ID":"CH056","LEVL_CODE":3,"CNTR_CODE":"CH","NAME_LATN":"Graubünden","NUTS_NAME":"Graubünden","MOUNT_TYPE":3,"URBN_TYPE":3,"COAST_TYPE":3,"NAME_ENGL":"Switzerland","NAME_FREN":"Suisse","ISO3_CODE":"CHE","SVRG_UN":"UN Member State","CAPT":"Bern","EU_STAT":"F","EFTA_STAT":"T","CC_STAT":"F","NAME_GERM":"Schweiz"},"id":"CH056"},{"arcs":[[243,244,245,-231,246,247]],"type":"Polygon","properties":{"NUTS_ID":"CH057","LEVL_CODE":3,"CNTR_CODE":"CH","NAME_LATN":"Thurgau","NUTS_NAME":"Thurgau","MOUNT_TYPE":4,"URBN_TYPE":2,"COAST_TYPE":3,"NAME_ENGL":"Switzerland","NAME_FREN":"Suisse","ISO3_CODE":"CHE","SVRG_UN":"UN Member State","CAPT":"Bern","EU_STAT":"F","EFTA_STAT":"T","CC_STAT":"F","NAME_GERM":"Schweiz"},"id":"CH057"},{"arcs":[[248,249,250,251,252,253]],"type":"Polygon","properties":{"NUTS_ID":"CH061","LEVL_CODE":3,"CNTR_CODE":"CH","NAME_LATN":"Luzern","NUTS_NAME":"Luzern","MOUNT_TYPE":3,"URBN_TYPE":2,"COAST_TYPE":3,"NAME_ENGL":"Switzerland","NAME_FREN":"Suisse","ISO3_CODE":"CHE","SVRG_UN":"UN Member State","CAPT":"Bern","EU_STAT":"F","EFTA_STAT":"T","CC_STAT":"F","NAME_GERM":"Schweiz"},"id":"CH061"},{"arcs":[[254,-240,255,256,257,258,259,260]],"type":"Polygon","properties":{"NUTS_ID":"CH062","LEVL_CODE":3,"CNTR_CODE":"CH","NAME_LATN":"Uri","NUTS_NAME":"Uri","MOUNT_TYPE":3,"URBN_TYPE":2,"COAST_TYPE":3,"NAME_ENGL":"Switzerland","NAME_FREN":"Suisse","ISO3_CODE":"CHE","SVRG_UN":"UN Member State","CAPT":"Bern","EU_STAT":"F","EFTA_STAT":"T","CC_STAT":"F","NAME_GERM":"Schweiz"},"id":"CH062"},{"arcs":[[261,-261,262,-250,263,264,-229]],"type":"Polygon","properties":{"NUTS_ID":"CH063","LEVL_CODE":3,"CNTR_CODE":"CH","NAME_LATN":"Schwyz","NUTS_NAME":"Schwyz","MOUNT_TYPE":3,"URBN_TYPE":2,"COAST_TYPE":3,"NAME_ENGL":"Switzerland","NAME_FREN":"Suisse","ISO3_CODE":"CHE","SVRG_UN":"UN Member State","CAPT":"Bern","EU_STAT":"F","EFTA_STAT":"T","CC_STAT":"F","NAME_GERM":"Schweiz"},"id":"CH063"},{"arcs":[[-259,265,-252,266]],"type":"Polygon","properties":{"NUTS_ID":"CH064","LEVL_CODE":3,"CNTR_CODE":"CH","NAME_LATN":"Obwalden","NUTS_NAME":"Obwalden","MOUNT_TYPE":3,"URBN_TYPE":2,"COAST_TYPE":3,"NAME_ENGL":"Switzerland","NAME_FREN":"Suisse","ISO3_CODE":"CHE","SVRG_UN":"UN Member State","CAPT":"Bern","EU_STAT":"F","EFTA_STAT":"T","CC_STAT":"F","NAME_GERM":"Schweiz"},"id":"CH064"},{"arcs":[[-263,-260,-267,-251]],"type":"Polygon","properties":{"NUTS_ID":"CH065","LEVL_CODE":3,"CNTR_CODE":"CH","NAME_LATN":"Nidwalden","NUTS_NAME":"Nidwalden","MOUNT_TYPE":3,"URBN_TYPE":2,"COAST_TYPE":3,"NAME_ENGL":"Switzerland","NAME_FREN":"Suisse","ISO3_CODE":"CHE","SVRG_UN":"UN Member State","CAPT":"Bern","EU_STAT":"F","EFTA_STAT":"T","CC_STAT":"F","NAME_GERM":"Schweiz"},"id":"CH065"},{"arcs":[[-264,-249,267,268]],"type":"Polygon","properties":{"NUTS_ID":"CH066","LEVL_CODE":3,"CNTR_CODE":"CH","NAME_LATN":"Zug","NUTS_NAME":"Zug","MOUNT_TYPE":3,"URBN_TYPE":1,"COAST_TYPE":3,"NAME_ENGL":"Switzerland","NAME_FREN":"Suisse","ISO3_CODE":"CHE","SVRG_UN":"UN Member State","CAPT":"Bern","EU_STAT":"F","EFTA_STAT":"T","CC_STAT":"F","NAME_GERM":"Schweiz"},"id":"CH066"},{"arcs":[[269,270,271,272,-256,-239]],"type":"Polygon","properties":{"NUTS_ID":"CH070","LEVL_CODE":3,"CNTR_CODE":"CH","NAME_LATN":"Ticino","NUTS_NAME":"Ticino","MOUNT_TYPE":3,"URBN_TYPE":1,"COAST_TYPE":3,"NAME_ENGL":"Switzerland","NAME_FREN":"Suisse","ISO3_CODE":"CHE","SVRG_UN":"UN Member State","CAPT":"Bern","EU_STAT":"F","EFTA_STAT":"T","CC_STAT":"F","NAME_GERM":"Schweiz"},"id":"CH070"},{"arcs":[[273]],"type":"Polygon","properties":{"NUTS_ID":"CY000","LEVL_CODE":3,"CNTR_CODE":"CY","NAME_LATN":"Kýpros","NUTS_NAME":"Κύπρος","MOUNT_TYPE":4,"URBN_TYPE":2,"COAST_TYPE":1,"NAME_ENGL":"Cyprus","NAME_FREN":"Chypre","ISO3_CODE":"CYP","SVRG_UN":"UN Member State","CAPT":"Nicosia","EU_STAT":"T","EFTA_STAT":"F","CC_STAT":"F","NAME_GERM":"Zypern"},"id":"CY000"},{"arcs":[[274]],"type":"Polygon","properties":{"NUTS_ID":"CZ010","LEVL_CODE":3,"CNTR_CODE":"CZ","NAME_LATN":"Hlavní město Praha","NUTS_NAME":"Hlavní město Praha","MOUNT_TYPE":4,"URBN_TYPE":1,"COAST_TYPE":3,"NAME_ENGL":"Czechia","NAME_FREN":"Tchéquie","ISO3_CODE":"CZE","SVRG_UN":"UN Member State","CAPT":"Prague","EU_STAT":"T","EFTA_STAT":"F","CC_STAT":"F","NAME_GERM":"Tschechien"},"id":"CZ010"},{"arcs":[[275,276,277,278,279,280,281],[-275]],"type":"Polygon","properties":{"NUTS_ID":"CZ020","LEVL_CODE":3,"CNTR_CODE":"CZ","NAME_LATN":"Středočeský kraj","NUTS_NAME":"Středočeský kraj","MOUNT_TYPE":4,"URBN_TYPE":1,"COAST_TYPE":3,"NAME_ENGL":"Czechia","NAME_FREN":"Tchéquie","ISO3_CODE":"CZE","SVRG_UN":"UN Member State","CAPT":"Prague","EU_STAT":"T","EFTA_STAT":"F","CC_STAT":"F","NAME_GERM":"Tschechien"},"id":"CZ020"},{"arcs":[[282,283,284,285,286,287,-279]],"type":"Polygon","properties":{"NUTS_ID":"CZ031","LEVL_CODE":3,"CNTR_CODE":"CZ","NAME_LATN":"Jihočeský kraj","NUTS_NAME":"Jihočeský kraj","MOUNT_TYPE":4,"URBN_TYPE":3,"COAST_TYPE":3,"NAME_ENGL":"Czechia","NAME_FREN":"Tchéquie","ISO3_CODE":"CZE","SVRG_UN":"UN Member State","CAPT":"Prague","EU_STAT":"T","EFTA_STAT":"F","CC_STAT":"F","NAME_GERM":"Tschechien"},"id":"CZ031"},{"arcs":[[-280,-288,288,289,290,291,292,293,294,295]],"type":"Polygon","properties":{"NUTS_ID":"CZ032","LEVL_CODE":3,"CNTR_CODE":"CZ","NAME_LATN":"Plzeňský kraj","NUTS_NAME":"Plzeňský kraj","MOUNT_TYPE":4,"URBN_TYPE":3,"COAST_TYPE":3,"NAME_ENGL":"Czechia","NAME_FREN":"Tchéquie","ISO3_CODE":"CZE","SVRG_UN":"UN Member State","CAPT":"Prague","EU_STAT":"T","EFTA_STAT":"F","CC_STAT":"F","NAME_GERM":"Tschechien"},"id":"CZ032"},{"arcs":[[296,297,298,299,-295,300,301]],"type":"Polygon","properties":{"NUTS_ID":"CZ041","LEVL_CODE":3,"CNTR_CODE":"CZ","NAME_LATN":"Karlovarský kraj","NUTS_NAME":"Karlovarský kraj","MOUNT_TYPE":3,"URBN_TYPE":2,"COAST_TYPE":3,"NAME_ENGL":"Czechia","NAME_FREN":"Tchéquie","ISO3_CODE":"CZE","SVRG_UN":"UN Member State","CAPT":"Prague","EU_STAT":"T","EFTA_STAT":"F","CC_STAT":"F","NAME_GERM":"Tschechien"},"id":"CZ041"},{"arcs":[[302,303,-281,-296,-300,304,305,306,307]],"type":"Polygon","properties":{"NUTS_ID":"CZ042","LEVL_CODE":3,"CNTR_CODE":"CZ","NAME_LATN":"Ústecký kraj","NUTS_NAME":"Ústecký kraj","MOUNT_TYPE":4,"URBN_TYPE":2,"COAST_TYPE":3,"NAME_ENGL":"Czechia","NAME_FREN":"Tchéquie","ISO3_CODE":"CZE","SVRG_UN":"UN Member State","CAPT":"Prague","EU_STAT":"T","EFTA_STAT":"F","CC_STAT":"F","NAME_GERM":"Tschechien"},"id":"CZ042"},{"arcs":[[308,-282,-304,309,310]],"type":"Polygon","properties":{"NUTS_ID":"CZ051","LEVL_CODE":3,"CNTR_CODE":"CZ","NAME_LATN":"Liberecký kraj","NUTS_NAME":"Liberecký kraj","MOUNT_TYPE":3,"URBN_TYPE":2,"COAST_TYPE":3,"NAME_ENGL":"Czechia","NAME_FREN":"Tchéquie","ISO3_CODE":"CZE","SVRG_UN":"UN Member State","CAPT":"Prague","EU_STAT":"T","EFTA_STAT":"F","CC_STAT":"F","NAME_GERM":"Tschechien"},"id":"CZ051"},{"arcs":[[311,312,-276,-309,313]],"type":"Polygon","properties":{"NUTS_ID":"CZ052","LEVL_CODE":3,"CNTR_CODE":"CZ","NAME_LATN":"Královéhradecký kraj","NUTS_NAME":"Královéhradecký kraj","MOUNT_TYPE":4,"URBN_TYPE":2,"COAST_TYPE":3,"NAME_ENGL":"Czechia","NAME_FREN":"Tchéquie","ISO3_CODE":"CZE","SVRG_UN":"UN Member State","CAPT":"Prague","EU_STAT":"T","EFTA_STAT":"F","CC_STAT":"F","NAME_GERM":"Tschechien"},"id":"CZ052"},{"arcs":[[314,315,-277,-313,316,317]],"type":"Polygon","properties":{"NUTS_ID":"CZ053","LEVL_CODE":3,"CNTR_CODE":"CZ","NAME_LATN":"Pardubický kraj","NUTS_NAME":"Pardubický kraj","MOUNT_TYPE":4,"URBN_TYPE":3,"COAST_TYPE":3,"NAME_ENGL":"Czechia","NAME_FREN":"Tchéquie","ISO3_CODE":"CZE","SVRG_UN":"UN Member State","CAPT":"Prague","EU_STAT":"T","EFTA_STAT":"F","CC_STAT":"F","NAME_GERM":"Tschechien"},"id":"CZ053"},{"arcs":[[318,-283,-278,-316]],"type":"Polygon","properties":{"NUTS_ID":"CZ063","LEVL_CODE":3,"CNTR_CODE":"CZ","NAME_LATN":"Kraj Vysočina","NUTS_NAME":"Kraj Vysočina","MOUNT_TYPE":4,"URBN_TYPE":3,"COAST_TYPE":3,"NAME_ENGL":"Czechia","NAME_FREN":"Tchéquie","ISO3_CODE":"CZE","SVRG_UN":"UN Member State","CAPT":"Prague","EU_STAT":"T","EFTA_STAT":"F","CC_STAT":"F","NAME_GERM":"Tschechien"},"id":"CZ063"},{"arcs":[[319,320,321,322,323,-284,-319,-315,324]],"type":"Polygon","properties":{"NUTS_ID":"CZ064","LEVL_CODE":3,"CNTR_CODE":"CZ","NAME_LATN":"Jihomoravský kraj","NUTS_NAME":"Jihomoravský kraj","MOUNT_TYPE":4,"URBN_TYPE":2,"COAST_TYPE":3,"NAME_ENGL":"Czechia","NAME_FREN":"Tchéquie","ISO3_CODE":"CZE","SVRG_UN":"UN Member State","CAPT":"Prague","EU_STAT":"T","EFTA_STAT":"F","CC_STAT":"F","NAME_GERM":"Tschechien"},"id":"CZ064"},{"arcs":[[325,326,-325,-318,327,328]],"type":"Polygon","properties":{"NUTS_ID":"CZ071","LEVL_CODE":3,"CNTR_CODE":"CZ","NAME_LATN":"Olomoucký kraj","NUTS_NAME":"Olomoucký kraj","MOUNT_TYPE":2,"URBN_TYPE":2,"COAST_TYPE":3,"NAME_ENGL":"Czechia","NAME_FREN":"Tchéquie","ISO3_CODE":"CZE","SVRG_UN":"UN Member State","CAPT":"Prague","EU_STAT":"T","EFTA_STAT":"F","CC_STAT":"F","NAME_GERM":"Tschechien"},"id":"CZ071"},{"arcs":[[329,330,-320,-327,331]],"type":"Polygon","properties":{"NUTS_ID":"CZ072","LEVL_CODE":3,"CNTR_CODE":"CZ","NAME_LATN":"Zlínský kraj","NUTS_NAME":"Zlínský kraj","MOUNT_TYPE":2,"URBN_TYPE":2,"COAST_TYPE":3,"NAME_ENGL":"Czechia","NAME_FREN":"Tchéquie","ISO3_CODE":"CZE","SVRG_UN":"UN Member State","CAPT":"Prague","EU_STAT":"T","EFTA_STAT":"F","CC_STAT":"F","NAME_GERM":"Tschechien"},"id":"CZ072"},{"arcs":[[332,333,334,-332,-326,335]],"type":"Polygon","properties":{"NUTS_ID":"CZ080","LEVL_CODE":3,"CNTR_CODE":"CZ","NAME_LATN":"Moravskoslezský kraj","NUTS_NAME":"Moravskoslezský kraj","MOUNT_TYPE":4,"URBN_TYPE":2,"COAST_TYPE":3,"NAME_ENGL":"Czechia","NAME_FREN":"Tchéquie","ISO3_CODE":"CZE","SVRG_UN":"UN Member State","CAPT":"Prague","EU_STAT":"T","EFTA_STAT":"F","CC_STAT":"F","NAME_GERM":"Tschechien"},"id":"CZ080"},{"arcs":[[336,337,338,339]],"type":"Polygon","properties":{"NUTS_ID":"DE111","LEVL_CODE":3,"CNTR_CODE":"DE","NAME_LATN":"Stuttgart, Stadtkreis","NUTS_NAME":"Stuttgart, Stadtkreis","MOUNT_TYPE":4,"URBN_TYPE":1,"COAST_TYPE":3,"NAME_ENGL":"Germany","NAME_FREN":"Allemagne","ISO3_CODE":"DEU","SVRG_UN":"UN Member State","CAPT":"Berlin","EU_STAT":"T","EFTA_STAT":"F","CC_STAT":"F","NAME_GERM":"Deutschland"},"id":"DE111"},{"arcs":[[-339,340,341,342,343,344,345]],"type":"Polygon","properties":{"NUTS_ID":"DE112","LEVL_CODE":3,"CNTR_CODE":"DE","NAME_LATN":"Böblingen","NUTS_NAME":"Böblingen","MOUNT_TYPE":4,"URBN_TYPE":1,"COAST_TYPE":3,"NAME_ENGL":"Germany","NAME_FREN":"Allemagne","ISO3_CODE":"DEU","SVRG_UN":"UN Member State","CAPT":"Berlin","EU_STAT":"T","EFTA_STAT":"F","CC_STAT":"F","NAME_GERM":"Deutschland"},"id":"DE112"},{"arcs":[[346,347,-341,-338,348]],"type":"Polygon","properties":{"NUTS_ID":"DE113","LEVL_CODE":3,"CNTR_CODE":"DE","NAME_LATN":"Esslingen","NUTS_NAME":"Esslingen","MOUNT_TYPE":4,"URBN_TYPE":1,"COAST_TYPE":3,"NAME_ENGL":"Germany","NAME_FREN":"Allemagne","ISO3_CODE":"DEU","SVRG_UN":"UN Member State","CAPT":"Berlin","EU_STAT":"T","EFTA_STAT":"F","CC_STAT":"F","NAME_GERM":"Deutschland"},"id":"DE113"},{"arcs":[[349,350,351,-347,352,353]],"type":"Polygon","properties":{"NUTS_ID":"DE114","LEVL_CODE":3,"CNTR_CODE":"DE","NAME_LATN":"Göppingen","NUTS_NAME":"Göppingen","MOUNT_TYPE":3,"URBN_TYPE":1,"COAST_TYPE":3,"NAME_ENGL":"Germany","NAME_FREN":"Allemagne","ISO3_CODE":"DEU","SVRG_UN":"UN Member State","CAPT":"Berlin","EU_STAT":"T","EFTA_STAT":"F","CC_STAT":"F","NAME_GERM":"Deutschland"},"id":"DE114"},{"arcs":[[-340,-346,354,355,356]],"type":"Polygon","properties":{"NUTS_ID":"DE115","LEVL_CODE":3,"CNTR_CODE":"DE","NAME_LATN":"Ludwigsburg","NUTS_NAME":"Ludwigsburg","MOUNT_TYPE":4,"URBN_TYPE":1,"COAST_TYPE":3,"NAME_ENGL":"Germany","NAME_FREN":"Allemagne","ISO3_CODE":"DEU","SVRG_UN":"UN Member State","CAPT":"Berlin","EU_STAT":"T","EFTA_STAT":"F","CC_STAT":"F","NAME_GERM":"Deutschland"},"id":"DE115"},{"arcs":[[357,-353,-349,-337,-357,358,359]],"type":"Polygon","properties":{"NUTS_ID":"DE116","LEVL_CODE":3,"CNTR_CODE":"DE","NAME_LATN":"Rems-Murr-Kreis","NUTS_NAME":"Rems-Murr-Kreis","MOUNT_TYPE":4,"URBN_TYPE":1,"COAST_TYPE":3,"NAME_ENGL":"Germany","NAME_FREN":"Allemagne","ISO3_CODE":"DEU","SVRG_UN":"UN Member State","CAPT":"Berlin","EU_STAT":"T","EFTA_STAT":"F","CC_STAT":"F","NAME_GERM":"Deutschland"},"id":"DE116"},{"arcs":[[360]],"type":"Polygon","properties":{"NUTS_ID":"DE117","LEVL_CODE":3,"CNTR_CODE":"DE","NAME_LATN":"Heilbronn, Stadtkreis","NUTS_NAME":"Heilbronn, Stadtkreis","MOUNT_TYPE":4,"URBN_TYPE":2,"COAST_TYPE":3,"NAME_ENGL":"Germany","NAME_FREN":"Allemagne","ISO3_CODE":"DEU","SVRG_UN":"UN Member State","CAPT":"Berlin","EU_STAT":"T","EFTA_STAT":"F","CC_STAT":"F","NAME_GERM":"Deutschland"},"id":"DE117"},{"arcs":[[361,-359,-356,362,363,364,365,366],[-361]],"type":"Polygon","properties":{"NUTS_ID":"DE118","LEVL_CODE":3,"CNTR_CODE":"DE","NAME_LATN":"Heilbronn, Landkreis","NUTS_NAME":"Heilbronn, Landkreis","MOUNT_TYPE":4,"URBN_TYPE":2,"COAST_TYPE":3,"NAME_ENGL":"Germany","NAME_FREN":"Allemagne","ISO3_CODE":"DEU","SVRG_UN":"UN Member State","CAPT":"Berlin","EU_STAT":"T","EFTA_STAT":"F","CC_STAT":"F","NAME_GERM":"Deutschland"},"id":"DE118"},{"arcs":[[367,-367,368,369]],"type":"Polygon","properties":{"NUTS_ID":"DE119","LEVL_CODE":3,"CNTR_CODE":"DE","NAME_LATN":"Hohenlohekreis","NUTS_NAME":"Hohenlohekreis","MOUNT_TYPE":4,"URBN_TYPE":3,"COAST_TYPE":3,"NAME_ENGL":"Germany","NAME_FREN":"Allemagne","ISO3_CODE":"DEU","SVRG_UN":"UN Member State","CAPT":"Berlin","EU_STAT":"T","EFTA_STAT":"F","CC_STAT":"F","NAME_GERM":"Deutschland"},"id":"DE119"},{"arcs":[[370,-360,-362,-368,371,-15]],"type":"Polygon","properties":{"NUTS_ID":"DE11A","LEVL_CODE":3,"CNTR_CODE":"DE","NAME_LATN":"Schwäbisch Hall","NUTS_NAME":"Schwäbisch Hall","MOUNT_TYPE":4,"URBN_TYPE":3,"COAST_TYPE":3,"NAME_ENGL":"Germany","NAME_FREN":"Allemagne","ISO3_CODE":"DEU","SVRG_UN":"UN Member State","CAPT":"Berlin","EU_STAT":"T","EFTA_STAT":"F","CC_STAT":"F","NAME_GERM":"Deutschland"},"id":"DE11A"},{"arcs":[[-34,-16,-372,-370,372,-145,-151,-155]],"type":"Polygon","properties":{"NUTS_ID":"DE11B","LEVL_CODE":3,"CNTR_CODE":"DE","NAME_LATN":"Main-Tauber-Kreis","NUTS_NAME":"Main-Tauber-Kreis","MOUNT_TYPE":4,"URBN_TYPE":3,"COAST_TYPE":3,"NAME_ENGL":"Germany","NAME_FREN":"Allemagne","ISO3_CODE":"DEU","SVRG_UN":"UN Member State","CAPT":"Berlin","EU_STAT":"T","EFTA_STAT":"F","CC_STAT":"F","NAME_GERM":"Deutschland"},"id":"DE11B"},{"arcs":[[373,374,375,376,-350,377]],"type":"Polygon","properties":{"NUTS_ID":"DE11C","LEVL_CODE":3,"CNTR_CODE":"DE","NAME_LATN":"Heidenheim","NUTS_NAME":"Heidenheim","MOUNT_TYPE":4,"URBN_TYPE":2,"COAST_TYPE":3,"NAME_ENGL":"Germany","NAME_FREN":"Allemagne","ISO3_CODE":"DEU","SVRG_UN":"UN Member State","CAPT":"Berlin","EU_STAT":"T","EFTA_STAT":"F","CC_STAT":"F","NAME_GERM":"Deutschland"},"id":"DE11C"},{"arcs":[[378,-378,-354,-358,-371,-14]],"type":"Polygon","properties":{"NUTS_ID":"DE11D","LEVL_CODE":3,"CNTR_CODE":"DE","NAME_LATN":"Ostalbkreis","NUTS_NAME":"Ostalbkreis","MOUNT_TYPE":4,"URBN_TYPE":2,"COAST_TYPE":3,"NAME_ENGL":"Germany","NAME_FREN":"Allemagne","ISO3_CODE":"DEU","SVRG_UN":"UN Member State","CAPT":"Berlin","EU_STAT":"T","EFTA_STAT":"F","CC_STAT":"F","NAME_GERM":"Deutschland"},"id":"DE11D"},{"arcs":[[379]],"type":"Polygon","properties":{"NUTS_ID":"DE121","LEVL_CODE":3,"CNTR_CODE":"DE","NAME_LATN":"Baden-Baden, Stadtkreis","NUTS_NAME":"Baden-Baden, Stadtkreis","MOUNT_TYPE":3,"URBN_TYPE":1,"COAST_TYPE":3,"NAME_ENGL":"Germany","NAME_FREN":"Allemagne","ISO3_CODE":"DEU","SVRG_UN":"UN Member State","CAPT":"Berlin","EU_STAT":"T","EFTA_STAT":"F","CC_STAT":"F","NAME_GERM":"Deutschland"},"id":"DE121"},{"arcs":[[380,381]],"type":"Polygon","properties":{"NUTS_ID":"DE122","LEVL_CODE":3,"CNTR_CODE":"DE","NAME_LATN":"Karlsruhe, Stadtkreis","NUTS_NAME":"Karlsruhe, Stadtkreis","MOUNT_TYPE":4,"URBN_TYPE":1,"COAST_TYPE":3,"NAME_ENGL":"Germany","NAME_FREN":"Allemagne","ISO3_CODE":"DEU","SVRG_UN":"UN Member State","CAPT":"Berlin","EU_STAT":"T","EFTA_STAT":"F","CC_STAT":"F","NAME_GERM":"Deutschland"},"id":"DE122"},{"arcs":[[-364,382,383,384,385,-382,386,387,388,389]],"type":"Polygon","properties":{"NUTS_ID":"DE123","LEVL_CODE":3,"CNTR_CODE":"DE","NAME_LATN":"Karlsruhe, Landkreis","NUTS_NAME":"Karlsruhe, Landkreis","MOUNT_TYPE":4,"URBN_TYPE":1,"COAST_TYPE":3,"NAME_ENGL":"Germany","NAME_FREN":"Allemagne","ISO3_CODE":"DEU","SVRG_UN":"UN Member State","CAPT":"Berlin","EU_STAT":"T","EFTA_STAT":"F","CC_STAT":"F","NAME_GERM":"Deutschland"},"id":"DE123"},{"arcs":[[390,391,392,393,394,-385],[-380]],"type":"Polygon","properties":{"NUTS_ID":"DE124","LEVL_CODE":3,"CNTR_CODE":"DE","NAME_LATN":"Rastatt","NUTS_NAME":"Rastatt","MOUNT_TYPE":4,"URBN_TYPE":1,"COAST_TYPE":3,"NAME_ENGL":"Germany","NAME_FREN":"Allemagne","ISO3_CODE":"DEU","SVRG_UN":"UN Member State","CAPT":"Berlin","EU_STAT":"T","EFTA_STAT":"F","CC_STAT":"F","NAME_GERM":"Deutschland"},"id":"DE124"},{"arcs":[[395]],"type":"Polygon","properties":{"NUTS_ID":"DE125","LEVL_CODE":3,"CNTR_CODE":"DE","NAME_LATN":"Heidelberg, Stadtkreis","NUTS_NAME":"Heidelberg, Stadtkreis","MOUNT_TYPE":3,"URBN_TYPE":1,"COAST_TYPE":3,"NAME_ENGL":"Germany","NAME_FREN":"Allemagne","ISO3_CODE":"DEU","SVRG_UN":"UN Member State","CAPT":"Berlin","EU_STAT":"T","EFTA_STAT":"F","CC_STAT":"F","NAME_GERM":"Deutschland"},"id":"DE125"},{"arcs":[[396,397,398,399,400,401]],"type":"Polygon","properties":{"NUTS_ID":"DE126","LEVL_CODE":3,"CNTR_CODE":"DE","NAME_LATN":"Mannheim, Stadtkreis","NUTS_NAME":"Mannheim, Stadtkreis","MOUNT_TYPE":4,"URBN_TYPE":1,"COAST_TYPE":3,"NAME_ENGL":"Germany","NAME_FREN":"Allemagne","ISO3_CODE":"DEU","SVRG_UN":"UN Member State","CAPT":"Berlin","EU_STAT":"T","EFTA_STAT":"F","CC_STAT":"F","NAME_GERM":"Deutschland"},"id":"DE126"},{"arcs":[[402,403,-33,404,405],[406]],"type":"Polygon","properties":{"NUTS_ID":"DE234","LEVL_CODE":3,"CNTR_CODE":"DE","NAME_LATN":"Amberg-Sulzbach","NUTS_NAME":"Amberg-Sulzbach","MOUNT_TYPE":4,"URBN_TYPE":2,"COAST_TYPE":3,"NAME_ENGL":"Germany","NAME_FREN":"Allemagne","ISO3_CODE":"DEU","SVRG_UN":"UN Member State","CAPT":"Berlin","EU_STAT":"T","EFTA_STAT":"F","CC_STAT":"F","NAME_GERM":"Deutschland"},"id":"DE234"},{"arcs":[[407,408,409,410,-291]],"type":"Polygon","properties":{"NUTS_ID":"DE235","LEVL_CODE":3,"CNTR_CODE":"DE","NAME_LATN":"Cham","NUTS_NAME":"Cham","MOUNT_TYPE":4,"URBN_TYPE":3,"COAST_TYPE":3,"NAME_ENGL":"Germany","NAME_FREN":"Allemagne","ISO3_CODE":"DEU","SVRG_UN":"UN Member State","CAPT":"Berlin","EU_STAT":"T","EFTA_STAT":"F","CC_STAT":"F","NAME_GERM":"Deutschland"},"id":"DE235"},{"arcs":[[411,412,413,414,-38,-29,-404]],"type":"Polygon","properties":{"NUTS_ID":"DE236","LEVL_CODE":3,"CNTR_CODE":"DE","NAME_LATN":"Neumarkt i. d. OPf.","NUTS_NAME":"Neumarkt i. d. OPf.","MOUNT_TYPE":4,"URBN_TYPE":3,"COAST_TYPE":3,"NAME_ENGL":"Germany","NAME_FREN":"Allemagne","ISO3_CODE":"DEU","SVRG_UN":"UN Member State","CAPT":"Berlin","EU_STAT":"T","EFTA_STAT":"F","CC_STAT":"F","NAME_GERM":"Deutschland"},"id":"DE236"},{"arcs":[[-293,415,-406,416,417],[418]],"type":"Polygon","properties":{"NUTS_ID":"DE237","LEVL_CODE":3,"CNTR_CODE":"DE","NAME_LATN":"Neustadt a. d. Waldnaab","NUTS_NAME":"Neustadt a. d. Waldnaab","MOUNT_TYPE":4,"URBN_TYPE":3,"COAST_TYPE":3,"NAME_ENGL":"Germany","NAME_FREN":"Allemagne","ISO3_CODE":"DEU","SVRG_UN":"UN Member State","CAPT":"Berlin","EU_STAT":"T","EFTA_STAT":"F","CC_STAT":"F","NAME_GERM":"Deutschland"},"id":"DE237"},{"arcs":[[-410,419,420,421,-413,422],[423]],"type":"Polygon","properties":{"NUTS_ID":"DE238","LEVL_CODE":3,"CNTR_CODE":"DE","NAME_LATN":"Regensburg, Landkreis","NUTS_NAME":"Regensburg, Landkreis","MOUNT_TYPE":4,"URBN_TYPE":2,"COAST_TYPE":3,"NAME_ENGL":"Germany","NAME_FREN":"Allemagne","ISO3_CODE":"DEU","SVRG_UN":"UN Member State","CAPT":"Berlin","EU_STAT":"T","EFTA_STAT":"F","CC_STAT":"F","NAME_GERM":"Deutschland"},"id":"DE238"},{"arcs":[[-292,-411,-423,-412,-403,-416]],"type":"Polygon","properties":{"NUTS_ID":"DE239","LEVL_CODE":3,"CNTR_CODE":"DE","NAME_LATN":"Schwandorf","NUTS_NAME":"Schwandorf","MOUNT_TYPE":4,"URBN_TYPE":3,"COAST_TYPE":3,"NAME_ENGL":"Germany","NAME_FREN":"Allemagne","ISO3_CODE":"DEU","SVRG_UN":"UN Member State","CAPT":"Berlin","EU_STAT":"T","EFTA_STAT":"F","CC_STAT":"F","NAME_GERM":"Deutschland"},"id":"DE239"},{"arcs":[[-294,-418,424,425,-301]],"type":"Polygon","properties":{"NUTS_ID":"DE23A","LEVL_CODE":3,"CNTR_CODE":"DE","NAME_LATN":"Tirschenreuth","NUTS_NAME":"Tirschenreuth","MOUNT_TYPE":4,"URBN_TYPE":3,"COAST_TYPE":3,"NAME_ENGL":"Germany","NAME_FREN":"Allemagne","ISO3_CODE":"DEU","SVRG_UN":"UN Member State","CAPT":"Berlin","EU_STAT":"T","EFTA_STAT":"F","CC_STAT":"F","NAME_GERM":"Deutschland"},"id":"DE23A"},{"arcs":[[426]],"type":"Polygon","properties":{"NUTS_ID":"DE241","LEVL_CODE":3,"CNTR_CODE":"DE","NAME_LATN":"Bamberg, Kreisfreie Stadt","NUTS_NAME":"Bamberg, Kreisfreie Stadt","MOUNT_TYPE":4,"URBN_TYPE":2,"COAST_TYPE":3,"NAME_ENGL":"Germany","NAME_FREN":"Allemagne","ISO3_CODE":"DEU","SVRG_UN":"UN Member State","CAPT":"Berlin","EU_STAT":"T","EFTA_STAT":"F","CC_STAT":"F","NAME_GERM":"Deutschland"},"id":"DE241"},{"arcs":[[427]],"type":"Polygon","properties":{"NUTS_ID":"DE242","LEVL_CODE":3,"CNTR_CODE":"DE","NAME_LATN":"Bayreuth, Kreisfreie Stadt","NUTS_NAME":"Bayreuth, Kreisfreie Stadt","MOUNT_TYPE":4,"URBN_TYPE":2,"COAST_TYPE":3,"NAME_ENGL":"Germany","NAME_FREN":"Allemagne","ISO3_CODE":"DEU","SVRG_UN":"UN Member State","CAPT":"Berlin","EU_STAT":"T","EFTA_STAT":"F","CC_STAT":"F","NAME_GERM":"Deutschland"},"id":"DE242"},{"arcs":[[428]],"type":"Polygon","properties":{"NUTS_ID":"DE243","LEVL_CODE":3,"CNTR_CODE":"DE","NAME_LATN":"Coburg, Kreisfreie Stadt","NUTS_NAME":"Coburg, Kreisfreie Stadt","MOUNT_TYPE":4,"URBN_TYPE":2,"COAST_TYPE":3,"NAME_ENGL":"Germany","NAME_FREN":"Allemagne","ISO3_CODE":"DEU","SVRG_UN":"UN Member State","CAPT":"Berlin","EU_STAT":"T","EFTA_STAT":"F","CC_STAT":"F","NAME_GERM":"Deutschland"},"id":"DE243"},{"arcs":[[429]],"type":"Polygon","properties":{"NUTS_ID":"DE244","LEVL_CODE":3,"CNTR_CODE":"DE","NAME_LATN":"Hof, Kreisfreie Stadt","NUTS_NAME":"Hof, Kreisfreie Stadt","MOUNT_TYPE":4,"URBN_TYPE":2,"COAST_TYPE":3,"NAME_ENGL":"Germany","NAME_FREN":"Allemagne","ISO3_CODE":"DEU","SVRG_UN":"UN Member State","CAPT":"Berlin","EU_STAT":"T","EFTA_STAT":"F","CC_STAT":"F","NAME_GERM":"Deutschland"},"id":"DE244"},{"arcs":[[430,431,-24,-37,-141,-153,-137,432,433],[-427]],"type":"Polygon","properties":{"NUTS_ID":"DE245","LEVL_CODE":3,"CNTR_CODE":"DE","NAME_LATN":"Bamberg, Landkreis","NUTS_NAME":"Bamberg, Landkreis","MOUNT_TYPE":4,"URBN_TYPE":2,"COAST_TYPE":3,"NAME_ENGL":"Germany","NAME_FREN":"Allemagne","ISO3_CODE":"DEU","SVRG_UN":"UN Member State","CAPT":"Berlin","EU_STAT":"T","EFTA_STAT":"F","CC_STAT":"F","NAME_GERM":"Deutschland"},"id":"DE245"},{"arcs":[[434,-425,-417,-405,-32,435,-431,436,437,438],[-428]],"type":"Polygon","properties":{"NUTS_ID":"DE246","LEVL_CODE":3,"CNTR_CODE":"DE","NAME_LATN":"Bayreuth, Landkreis","NUTS_NAME":"Bayreuth, Landkreis","MOUNT_TYPE":4,"URBN_TYPE":2,"COAST_TYPE":3,"NAME_ENGL":"Germany","NAME_FREN":"Allemagne","ISO3_CODE":"DEU","SVRG_UN":"UN Member State","CAPT":"Berlin","EU_STAT":"T","EFTA_STAT":"F","CC_STAT":"F","NAME_GERM":"Deutschland"},"id":"DE246"},{"arcs":[[439,440,-433,-140,441,442],[-429]],"type":"Polygon","properties":{"NUTS_ID":"DE247","LEVL_CODE":3,"CNTR_CODE":"DE","NAME_LATN":"Coburg, Landkreis","NUTS_NAME":"Coburg, Landkreis","MOUNT_TYPE":4,"URBN_TYPE":2,"COAST_TYPE":3,"NAME_ENGL":"Germany","NAME_FREN":"Allemagne","ISO3_CODE":"DEU","SVRG_UN":"UN Member State","CAPT":"Berlin","EU_STAT":"T","EFTA_STAT":"F","CC_STAT":"F","NAME_GERM":"Deutschland"},"id":"DE247"},{"arcs":[[-31,-19,-432,-436]],"type":"Polygon","properties":{"NUTS_ID":"DE248","LEVL_CODE":3,"CNTR_CODE":"DE","NAME_LATN":"Forchheim","NUTS_NAME":"Forchheim","MOUNT_TYPE":4,"URBN_TYPE":2,"COAST_TYPE":3,"NAME_ENGL":"Germany","NAME_FREN":"Allemagne","ISO3_CODE":"DEU","SVRG_UN":"UN Member State","CAPT":"Berlin","EU_STAT":"T","EFTA_STAT":"F","CC_STAT":"F","NAME_GERM":"Deutschland"},"id":"DE248"},{"arcs":[[-297,443,-439,444,445,446,447],[-430]],"type":"Polygon","properties":{"NUTS_ID":"DE249","LEVL_CODE":3,"CNTR_CODE":"DE","NAME_LATN":"Hof, Landkreis","NUTS_NAME":"Hof, Landkreis","MOUNT_TYPE":4,"URBN_TYPE":2,"COAST_TYPE":3,"NAME_ENGL":"Germany","NAME_FREN":"Allemagne","ISO3_CODE":"DEU","SVRG_UN":"UN Member State","CAPT":"Berlin","EU_STAT":"T","EFTA_STAT":"F","CC_STAT":"F","NAME_GERM":"Deutschland"},"id":"DE249"},{"arcs":[[448,-446,449,450,-440,451,452]],"type":"Polygon","properties":{"NUTS_ID":"DE24A","LEVL_CODE":3,"CNTR_CODE":"DE","NAME_LATN":"Kronach","NUTS_NAME":"Kronach","MOUNT_TYPE":3,"URBN_TYPE":3,"COAST_TYPE":3,"NAME_ENGL":"Germany","NAME_FREN":"Allemagne","ISO3_CODE":"DEU","SVRG_UN":"UN Member State","CAPT":"Berlin","EU_STAT":"T","EFTA_STAT":"F","CC_STAT":"F","NAME_GERM":"Deutschland"},"id":"DE24A"},{"arcs":[[-438,453,-450,-445]],"type":"Polygon","properties":{"NUTS_ID":"DE24B","LEVL_CODE":3,"CNTR_CODE":"DE","NAME_LATN":"Kulmbach","NUTS_NAME":"Kulmbach","MOUNT_TYPE":4,"URBN_TYPE":3,"COAST_TYPE":3,"NAME_ENGL":"Germany","NAME_FREN":"Allemagne","ISO3_CODE":"DEU","SVRG_UN":"UN Member State","CAPT":"Berlin","EU_STAT":"T","EFTA_STAT":"F","CC_STAT":"F","NAME_GERM":"Deutschland"},"id":"DE24B"},{"arcs":[[-451,-454,-437,-434,-441]],"type":"Polygon","properties":{"NUTS_ID":"DE24C","LEVL_CODE":3,"CNTR_CODE":"DE","NAME_LATN":"Lichtenfels","NUTS_NAME":"Lichtenfels","MOUNT_TYPE":4,"URBN_TYPE":3,"COAST_TYPE":3,"NAME_ENGL":"Germany","NAME_FREN":"Allemagne","ISO3_CODE":"DEU","SVRG_UN":"UN Member State","CAPT":"Berlin","EU_STAT":"T","EFTA_STAT":"F","CC_STAT":"F","NAME_GERM":"Deutschland"},"id":"DE24C"},{"arcs":[[-435,-444,-302,-426]],"type":"Polygon","properties":{"NUTS_ID":"DE24D","LEVL_CODE":3,"CNTR_CODE":"DE","NAME_LATN":"Wunsiedel i. Fichtelgebirge","NUTS_NAME":"Wunsiedel i. Fichtelgebirge","MOUNT_TYPE":4,"URBN_TYPE":3,"COAST_TYPE":3,"NAME_ENGL":"Germany","NAME_FREN":"Allemagne","ISO3_CODE":"DEU","SVRG_UN":"UN Member State","CAPT":"Berlin","EU_STAT":"T","EFTA_STAT":"F","CC_STAT":"F","NAME_GERM":"Deutschland"},"id":"DE24D"},{"arcs":[[-18]],"type":"Polygon","properties":{"NUTS_ID":"DE251","LEVL_CODE":3,"CNTR_CODE":"DE","NAME_LATN":"Ansbach, Kreisfreie Stadt","NUTS_NAME":"Ansbach, Kreisfreie Stadt","MOUNT_TYPE":4,"URBN_TYPE":3,"COAST_TYPE":3,"NAME_ENGL":"Germany","NAME_FREN":"Allemagne","ISO3_CODE":"DEU","SVRG_UN":"UN Member State","CAPT":"Berlin","EU_STAT":"T","EFTA_STAT":"F","CC_STAT":"F","NAME_GERM":"Deutschland"},"id":"DE251"},{"arcs":[[-8,454,-28,-21]],"type":"Polygon","properties":{"NUTS_ID":"DE252","LEVL_CODE":3,"CNTR_CODE":"DE","NAME_LATN":"Erlangen, Kreisfreie Stadt","NUTS_NAME":"Erlangen, Kreisfreie Stadt","MOUNT_TYPE":4,"URBN_TYPE":1,"COAST_TYPE":3,"NAME_ENGL":"Germany","NAME_FREN":"Allemagne","ISO3_CODE":"DEU","SVRG_UN":"UN Member State","CAPT":"Berlin","EU_STAT":"T","EFTA_STAT":"F","CC_STAT":"F","NAME_GERM":"Deutschland"},"id":"DE252"},{"arcs":[[-7,-25,-455]],"type":"Polygon","properties":{"NUTS_ID":"DE253","LEVL_CODE":3,"CNTR_CODE":"DE","NAME_LATN":"Fürth, Kreisfreie Stadt","NUTS_NAME":"Fürth, Kreisfreie Stadt","MOUNT_TYPE":4,"URBN_TYPE":1,"COAST_TYPE":3,"NAME_ENGL":"Germany","NAME_FREN":"Allemagne","ISO3_CODE":"DEU","SVRG_UN":"UN Member State","CAPT":"Berlin","EU_STAT":"T","EFTA_STAT":"F","CC_STAT":"F","NAME_GERM":"Deutschland"},"id":"DE253"},{"arcs":[[[455,456,457,458,459,460]],[[461]]],"type":"MultiPolygon","properties":{"NUTS_ID":"DK032","LEVL_CODE":3,"CNTR_CODE":"DK","NAME_LATN":"Sydjylland","NUTS_NAME":"Sydjylland","MOUNT_TYPE":4,"URBN_TYPE":2,"COAST_TYPE":1,"NAME_ENGL":"Denmark","NAME_FREN":"Danemark","ISO3_CODE":"DNK","SVRG_UN":"UN Member State","CAPT":"Copenhagen","EU_STAT":"T","EFTA_STAT":"F","CC_STAT":"F","NAME_GERM":"Dänemark"},"id":"DK032"},{"arcs":[[[462,463,-460,464]],[[465]]],"type":"MultiPolygon","properties":{"NUTS_ID":"DK041","LEVL_CODE":3,"CNTR_CODE":"DK","NAME_LATN":"Vestjylland","NUTS_NAME":"Vestjylland","MOUNT_TYPE":4,"URBN_TYPE":3,"COAST_TYPE":1,"NAME_ENGL":"Denmark","NAME_FREN":"Danemark","ISO3_CODE":"DNK","SVRG_UN":"UN Member State","CAPT":"Copenhagen","EU_STAT":"T","EFTA_STAT":"F","CC_STAT":"F","NAME_GERM":"Dänemark"},"id":"DK041"},{"arcs":[[[-461,-464,466,467]],[[468]],[[469]],[[470]]],"type":"MultiPolygon","properties":{"NUTS_ID":"DK042","LEVL_CODE":3,"CNTR_CODE":"DK","NAME_LATN":"Østjylland","NUTS_NAME":"Østjylland","MOUNT_TYPE":4,"URBN_TYPE":2,"COAST_TYPE":1,"NAME_ENGL":"Denmark","NAME_FREN":"Danemark","ISO3_CODE":"DNK","SVRG_UN":"UN Member State","CAPT":"Copenhagen","EU_STAT":"T","EFTA_STAT":"F","CC_STAT":"F","NAME_GERM":"Dänemark"},"id":"DK042"},{"arcs":[[[-467,-463,471]],[[472]],[[473]]],"type":"MultiPolygon","properties":{"NUTS_ID":"DK050","LEVL_CODE":3,"CNTR_CODE":"DK","NAME_LATN":"Nordjylland","NUTS_NAME":"Nordjylland","MOUNT_TYPE":4,"URBN_TYPE":3,"COAST_TYPE":1,"NAME_ENGL":"Denmark","NAME_FREN":"Danemark","ISO3_CODE":"DNK","SVRG_UN":"UN Member State","CAPT":"Copenhagen","EU_STAT":"T","EFTA_STAT":"F","CC_STAT":"F","NAME_GERM":"Dänemark"},"id":"DK050"},{"arcs":[[[474,475,476]],[[477]]],"type":"MultiPolygon","properties":{"NUTS_ID":"EE001","LEVL_CODE":3,"CNTR_CODE":"EE","NAME_LATN":"Põhja-Eesti","NUTS_NAME":"Põhja-Eesti","MOUNT_TYPE":4,"URBN_TYPE":1,"COAST_TYPE":1,"NAME_ENGL":"Estonia","NAME_FREN":"Estonie","ISO3_CODE":"EST","SVRG_UN":"UN Member State","CAPT":"Tallinn","EU_STAT":"T","EFTA_STAT":"F","CC_STAT":"F","NAME_GERM":"Estland"},"id":"EE001"},{"arcs":[[[478,479,480,481,482,-476]],[[483]],[[484]],[[485]],[[486]]],"type":"MultiPolygon","properties":{"NUTS_ID":"EE004","LEVL_CODE":3,"CNTR_CODE":"EE","NAME_LATN":"Lääne-Eesti","NUTS_NAME":"Lääne-Eesti","MOUNT_TYPE":4,"URBN_TYPE":3,"COAST_TYPE":1,"NAME_ENGL":"Estonia","NAME_FREN":"Estonie","ISO3_CODE":"EST","SVRG_UN":"UN Member State","CAPT":"Tallinn","EU_STAT":"T","EFTA_STAT":"F","CC_STAT":"F","NAME_GERM":"Estland"},"id":"EE004"},{"arcs":[[487,488,-479,-475,489,490]],"type":"Polygon","properties":{"NUTS_ID":"EE009","LEVL_CODE":3,"CNTR_CODE":"EE","NAME_LATN":"Kesk-Eesti","NUTS_NAME":"Kesk-Eesti","MOUNT_TYPE":4,"URBN_TYPE":3,"COAST_TYPE":1,"NAME_ENGL":"Estonia","NAME_FREN":"Estonie","ISO3_CODE":"EST","SVRG_UN":"UN Member State","CAPT":"Tallinn","EU_STAT":"T","EFTA_STAT":"F","CC_STAT":"F","NAME_GERM":"Estland"},"id":"EE009"},{"arcs":[[491,492,493,494]],"type":"Polygon","properties":{"NUTS_ID":"DEA16","LEVL_CODE":3,"CNTR_CODE":"DE","NAME_LATN":"Mülheim an der Ruhr, Kreisfreie Stadt","NUTS_NAME":"Mülheim an der Ruhr, Kreisfreie Stadt","MOUNT_TYPE":4,"URBN_TYPE":1,"COAST_TYPE":3,"NAME_ENGL":"Germany","NAME_FREN":"Allemagne","ISO3_CODE":"DEU","SVRG_UN":"UN Member State","CAPT":"Berlin","EU_STAT":"T","EFTA_STAT":"F","CC_STAT":"F","NAME_GERM":"Deutschland"},"id":"DEA16"},{"arcs":[[495,-494,496,497,498]],"type":"Polygon","properties":{"NUTS_ID":"DEA17","LEVL_CODE":3,"CNTR_CODE":"DE","NAME_LATN":"Oberhausen, Kreisfreie Stadt","NUTS_NAME":"Oberhausen, Kreisfreie Stadt","MOUNT_TYPE":4,"URBN_TYPE":1,"COAST_TYPE":3,"NAME_ENGL":"Germany","NAME_FREN":"Allemagne","ISO3_CODE":"DEU","SVRG_UN":"UN Member State","CAPT":"Berlin","EU_STAT":"T","EFTA_STAT":"F","CC_STAT":"F","NAME_GERM":"Deutschland"},"id":"DEA17"},{"arcs":[[499,500,501,502]],"type":"Polygon","properties":{"NUTS_ID":"DEA18","LEVL_CODE":3,"CNTR_CODE":"DE","NAME_LATN":"Remscheid, Kreisfreie Stadt","NUTS_NAME":"Remscheid, Kreisfreie Stadt","MOUNT_TYPE":4,"URBN_TYPE":1,"COAST_TYPE":3,"NAME_ENGL":"Germany","NAME_FREN":"Allemagne","ISO3_CODE":"DEU","SVRG_UN":"UN Member State","CAPT":"Berlin","EU_STAT":"T","EFTA_STAT":"F","CC_STAT":"F","NAME_GERM":"Deutschland"},"id":"DEA18"},{"arcs":[[-502,503,504,505]],"type":"Polygon","properties":{"NUTS_ID":"DEA19","LEVL_CODE":3,"CNTR_CODE":"DE","NAME_LATN":"Solingen, Kreisfreie Stadt","NUTS_NAME":"Solingen, Kreisfreie Stadt","MOUNT_TYPE":4,"URBN_TYPE":1,"COAST_TYPE":3,"NAME_ENGL":"Germany","NAME_FREN":"Allemagne","ISO3_CODE":"DEU","SVRG_UN":"UN Member State","CAPT":"Berlin","EU_STAT":"T","EFTA_STAT":"F","CC_STAT":"F","NAME_GERM":"Deutschland"},"id":"DEA19"},{"arcs":[[506,-503,-506,507,508]],"type":"Polygon","properties":{"NUTS_ID":"DEA1A","LEVL_CODE":3,"CNTR_CODE":"DE","NAME_LATN":"Wuppertal, Kreisfreie Stadt","NUTS_NAME":"Wuppertal, Kreisfreie Stadt","MOUNT_TYPE":4,"URBN_TYPE":1,"COAST_TYPE":3,"NAME_ENGL":"Germany","NAME_FREN":"Allemagne","ISO3_CODE":"DEU","SVRG_UN":"UN Member State","CAPT":"Berlin","EU_STAT":"T","EFTA_STAT":"F","CC_STAT":"F","NAME_GERM":"Deutschland"},"id":"DEA1A"},{"arcs":[[509,510,511,512,513,514]],"type":"Polygon","properties":{"NUTS_ID":"DEA1B","LEVL_CODE":3,"CNTR_CODE":"DE","NAME_LATN":"Kleve","NUTS_NAME":"Kleve","MOUNT_TYPE":4,"URBN_TYPE":2,"COAST_TYPE":3,"NAME_ENGL":"Germany","NAME_FREN":"Allemagne","ISO3_CODE":"DEU","SVRG_UN":"UN Member State","CAPT":"Berlin","EU_STAT":"T","EFTA_STAT":"F","CC_STAT":"F","NAME_GERM":"Deutschland"},"id":"DEA1B"},{"arcs":[[-369,-366,515,516,-146,-373]],"type":"Polygon","properties":{"NUTS_ID":"DE127","LEVL_CODE":3,"CNTR_CODE":"DE","NAME_LATN":"Neckar-Odenwald-Kreis","NUTS_NAME":"Neckar-Odenwald-Kreis","MOUNT_TYPE":4,"URBN_TYPE":3,"COAST_TYPE":3,"NAME_ENGL":"Germany","NAME_FREN":"Allemagne","ISO3_CODE":"DEU","SVRG_UN":"UN Member State","CAPT":"Berlin","EU_STAT":"T","EFTA_STAT":"F","CC_STAT":"F","NAME_GERM":"Deutschland"},"id":"DE127"},{"arcs":[[517,-516,-365,-390,518,519,-397,520],[-396]],"type":"Polygon","properties":{"NUTS_ID":"DE128","LEVL_CODE":3,"CNTR_CODE":"DE","NAME_LATN":"Rhein-Neckar-Kreis","NUTS_NAME":"Rhein-Neckar-Kreis","MOUNT_TYPE":4,"URBN_TYPE":1,"COAST_TYPE":3,"NAME_ENGL":"Germany","NAME_FREN":"Allemagne","ISO3_CODE":"DEU","SVRG_UN":"UN Member State","CAPT":"Berlin","EU_STAT":"T","EFTA_STAT":"F","CC_STAT":"F","NAME_GERM":"Deutschland"},"id":"DE128"},{"arcs":[[521,522]],"type":"Polygon","properties":{"NUTS_ID":"DE129","LEVL_CODE":3,"CNTR_CODE":"DE","NAME_LATN":"Pforzheim, Stadtkreis","NUTS_NAME":"Pforzheim, Stadtkreis","MOUNT_TYPE":2,"URBN_TYPE":2,"COAST_TYPE":3,"NAME_ENGL":"Germany","NAME_FREN":"Allemagne","ISO3_CODE":"DEU","SVRG_UN":"UN Member State","CAPT":"Berlin","EU_STAT":"T","EFTA_STAT":"F","CC_STAT":"F","NAME_GERM":"Deutschland"},"id":"DE129"},{"arcs":[[-344,523,524,-391,-384,525,-522,526]],"type":"Polygon","properties":{"NUTS_ID":"DE12A","LEVL_CODE":3,"CNTR_CODE":"DE","NAME_LATN":"Calw","NUTS_NAME":"Calw","MOUNT_TYPE":2,"URBN_TYPE":3,"COAST_TYPE":3,"NAME_ENGL":"Germany","NAME_FREN":"Allemagne","ISO3_CODE":"DEU","SVRG_UN":"UN Member State","CAPT":"Berlin","EU_STAT":"T","EFTA_STAT":"F","CC_STAT":"F","NAME_GERM":"Deutschland"},"id":"DE12A"},{"arcs":[[-355,-345,-527,-523,-526,-383,-363]],"type":"Polygon","properties":{"NUTS_ID":"DE12B","LEVL_CODE":3,"CNTR_CODE":"DE","NAME_LATN":"Enzkreis","NUTS_NAME":"Enzkreis","MOUNT_TYPE":4,"URBN_TYPE":2,"COAST_TYPE":3,"NAME_ENGL":"Germany","NAME_FREN":"Allemagne","ISO3_CODE":"DEU","SVRG_UN":"UN Member State","CAPT":"Berlin","EU_STAT":"T","EFTA_STAT":"F","CC_STAT":"F","NAME_GERM":"Deutschland"},"id":"DE12B"},{"arcs":[[527,528,529,530,-392,-525]],"type":"Polygon","properties":{"NUTS_ID":"DE12C","LEVL_CODE":3,"CNTR_CODE":"DE","NAME_LATN":"Freudenstadt","NUTS_NAME":"Freudenstadt","MOUNT_TYPE":3,"URBN_TYPE":3,"COAST_TYPE":3,"NAME_ENGL":"Germany","NAME_FREN":"Allemagne","ISO3_CODE":"DEU","SVRG_UN":"UN Member State","CAPT":"Berlin","EU_STAT":"T","EFTA_STAT":"F","CC_STAT":"F","NAME_GERM":"Deutschland"},"id":"DE12C"},{"arcs":[[531,532]],"type":"Polygon","properties":{"NUTS_ID":"DE131","LEVL_CODE":3,"CNTR_CODE":"DE","NAME_LATN":"Freiburg im Breisgau, Stadtkreis","NUTS_NAME":"Freiburg im Breisgau, Stadtkreis","MOUNT_TYPE":4,"URBN_TYPE":2,"COAST_TYPE":3,"NAME_ENGL":"Germany","NAME_FREN":"Allemagne","ISO3_CODE":"DEU","SVRG_UN":"UN Member State","CAPT":"Berlin","EU_STAT":"T","EFTA_STAT":"F","CC_STAT":"F","NAME_GERM":"Deutschland"},"id":"DE131"},{"arcs":[[-532,533,534,535,536,537,538]],"type":"Polygon","properties":{"NUTS_ID":"DE132","LEVL_CODE":3,"CNTR_CODE":"DE","NAME_LATN":"Breisgau-Hochschwarzwald","NUTS_NAME":"Breisgau-Hochschwarzwald","MOUNT_TYPE":2,"URBN_TYPE":2,"COAST_TYPE":3,"NAME_ENGL":"Germany","NAME_FREN":"Allemagne","ISO3_CODE":"DEU","SVRG_UN":"UN Member State","CAPT":"Berlin","EU_STAT":"T","EFTA_STAT":"F","CC_STAT":"F","NAME_GERM":"Deutschland"},"id":"DE132"},{"arcs":[[539,-534,-533,-539,540,541,542]],"type":"Polygon","properties":{"NUTS_ID":"DE133","LEVL_CODE":3,"CNTR_CODE":"DE","NAME_LATN":"Emmendingen","NUTS_NAME":"Emmendingen","MOUNT_TYPE":2,"URBN_TYPE":2,"COAST_TYPE":3,"NAME_ENGL":"Germany","NAME_FREN":"Allemagne","ISO3_CODE":"DEU","SVRG_UN":"UN Member State","CAPT":"Berlin","EU_STAT":"T","EFTA_STAT":"F","CC_STAT":"F","NAME_GERM":"Deutschland"},"id":"DE133"},{"arcs":[[-531,543,544,-543,545,-393]],"type":"Polygon","properties":{"NUTS_ID":"DE134","LEVL_CODE":3,"CNTR_CODE":"DE","NAME_LATN":"Ortenaukreis","NUTS_NAME":"Ortenaukreis","MOUNT_TYPE":2,"URBN_TYPE":2,"COAST_TYPE":3,"NAME_ENGL":"Germany","NAME_FREN":"Allemagne","ISO3_CODE":"DEU","SVRG_UN":"UN Member State","CAPT":"Berlin","EU_STAT":"T","EFTA_STAT":"F","CC_STAT":"F","NAME_GERM":"Deutschland"},"id":"DE134"},{"arcs":[[546,547,548,-544,-530]],"type":"Polygon","properties":{"NUTS_ID":"DE135","LEVL_CODE":3,"CNTR_CODE":"DE","NAME_LATN":"Rottweil","NUTS_NAME":"Rottweil","MOUNT_TYPE":4,"URBN_TYPE":3,"COAST_TYPE":3,"NAME_ENGL":"Germany","NAME_FREN":"Allemagne","ISO3_CODE":"DEU","SVRG_UN":"UN Member State","CAPT":"Berlin","EU_STAT":"T","EFTA_STAT":"F","CC_STAT":"F","NAME_GERM":"Deutschland"},"id":"DE135"},{"arcs":[[-549,549,550,551,552,-535,-540,-545]],"type":"Polygon","properties":{"NUTS_ID":"DE136","LEVL_CODE":3,"CNTR_CODE":"DE","NAME_LATN":"Schwarzwald-Baar-Kreis","NUTS_NAME":"Schwarzwald-Baar-Kreis","MOUNT_TYPE":4,"URBN_TYPE":2,"COAST_TYPE":3,"NAME_ENGL":"Germany","NAME_FREN":"Allemagne","ISO3_CODE":"DEU","SVRG_UN":"UN Member State","CAPT":"Berlin","EU_STAT":"T","EFTA_STAT":"F","CC_STAT":"F","NAME_GERM":"Deutschland"},"id":"DE136"},{"arcs":[[553,554,-550,-548,555]],"type":"Polygon","properties":{"NUTS_ID":"DE137","LEVL_CODE":3,"CNTR_CODE":"DE","NAME_LATN":"Tuttlingen","NUTS_NAME":"Tuttlingen","MOUNT_TYPE":3,"URBN_TYPE":2,"COAST_TYPE":3,"NAME_ENGL":"Germany","NAME_FREN":"Allemagne","ISO3_CODE":"DEU","SVRG_UN":"UN Member State","CAPT":"Berlin","EU_STAT":"T","EFTA_STAT":"F","CC_STAT":"F","NAME_GERM":"Deutschland"},"id":"DE137"},{"arcs":[[556,-245,557,-248,558,559,-551,-555,560]],"type":"Polygon","properties":{"NUTS_ID":"DE138","LEVL_CODE":3,"CNTR_CODE":"DE","NAME_LATN":"Konstanz","NUTS_NAME":"Konstanz","MOUNT_TYPE":4,"URBN_TYPE":2,"COAST_TYPE":3,"NAME_ENGL":"Germany","NAME_FREN":"Allemagne","ISO3_CODE":"DEU","SVRG_UN":"UN Member State","CAPT":"Berlin","EU_STAT":"T","EFTA_STAT":"F","CC_STAT":"F","NAME_GERM":"Deutschland"},"id":"DE138"},{"arcs":[[561,562,563,564,-537,565]],"type":"Polygon","properties":{"NUTS_ID":"DE139","LEVL_CODE":3,"CNTR_CODE":"DE","NAME_LATN":"Lörrach","NUTS_NAME":"Lörrach","MOUNT_TYPE":3,"URBN_TYPE":2,"COAST_TYPE":3,"NAME_ENGL":"Germany","NAME_FREN":"Allemagne","ISO3_CODE":"DEU","SVRG_UN":"UN Member State","CAPT":"Berlin","EU_STAT":"T","EFTA_STAT":"F","CC_STAT":"F","NAME_GERM":"Deutschland"},"id":"DE139"},{"arcs":[[566,567,568,-566,-536,-553]],"type":"Polygon","properties":{"NUTS_ID":"DE13A","LEVL_CODE":3,"CNTR_CODE":"DE","NAME_LATN":"Waldshut","NUTS_NAME":"Waldshut","MOUNT_TYPE":3,"URBN_TYPE":2,"COAST_TYPE":3,"NAME_ENGL":"Germany","NAME_FREN":"Allemagne","ISO3_CODE":"DEU","SVRG_UN":"UN Member State","CAPT":"Berlin","EU_STAT":"T","EFTA_STAT":"F","CC_STAT":"F","NAME_GERM":"Deutschland"},"id":"DE13A"},{"arcs":[[-352,569,570,571,572,573,-342,-348]],"type":"Polygon","properties":{"NUTS_ID":"DE141","LEVL_CODE":3,"CNTR_CODE":"DE","NAME_LATN":"Reutlingen","NUTS_NAME":"Reutlingen","MOUNT_TYPE":1,"URBN_TYPE":2,"COAST_TYPE":3,"NAME_ENGL":"Germany","NAME_FREN":"Allemagne","ISO3_CODE":"DEU","SVRG_UN":"UN Member State","CAPT":"Berlin","EU_STAT":"T","EFTA_STAT":"F","CC_STAT":"F","NAME_GERM":"Deutschland"},"id":"DE141"},{"arcs":[[-528,-524,-343,-574,574]],"type":"Polygon","properties":{"NUTS_ID":"DE142","LEVL_CODE":3,"CNTR_CODE":"DE","NAME_LATN":"Tübingen, Landkreis","NUTS_NAME":"Tübingen, Landkreis","MOUNT_TYPE":4,"URBN_TYPE":2,"COAST_TYPE":3,"NAME_ENGL":"Germany","NAME_FREN":"Allemagne","ISO3_CODE":"DEU","SVRG_UN":"UN Member State","CAPT":"Berlin","EU_STAT":"T","EFTA_STAT":"F","CC_STAT":"F","NAME_GERM":"Deutschland"},"id":"DE142"},{"arcs":[[-573,575,-556,-547,-529,-575]],"type":"Polygon","properties":{"NUTS_ID":"DE143","LEVL_CODE":3,"CNTR_CODE":"DE","NAME_LATN":"Zollernalbkreis","NUTS_NAME":"Zollernalbkreis","MOUNT_TYPE":3,"URBN_TYPE":2,"COAST_TYPE":3,"NAME_ENGL":"Germany","NAME_FREN":"Allemagne","ISO3_CODE":"DEU","SVRG_UN":"UN Member State","CAPT":"Berlin","EU_STAT":"T","EFTA_STAT":"F","CC_STAT":"F","NAME_GERM":"Deutschland"},"id":"DE143"},{"arcs":[[576,577]],"type":"Polygon","properties":{"NUTS_ID":"DE144","LEVL_CODE":3,"CNTR_CODE":"DE","NAME_LATN":"Ulm, Stadtkreis","NUTS_NAME":"Ulm, Stadtkreis","MOUNT_TYPE":4,"URBN_TYPE":2,"COAST_TYPE":3,"NAME_ENGL":"Germany","NAME_FREN":"Allemagne","ISO3_CODE":"DEU","SVRG_UN":"UN Member State","CAPT":"Berlin","EU_STAT":"T","EFTA_STAT":"F","CC_STAT":"F","NAME_GERM":"Deutschland"},"id":"DE144"},{"arcs":[[578,579,-577,580,581,-570,-351,-377]],"type":"Polygon","properties":{"NUTS_ID":"DE145","LEVL_CODE":3,"CNTR_CODE":"DE","NAME_LATN":"Alb-Donau-Kreis","NUTS_NAME":"Alb-Donau-Kreis","MOUNT_TYPE":4,"URBN_TYPE":2,"COAST_TYPE":3,"NAME_ENGL":"Germany","NAME_FREN":"Allemagne","ISO3_CODE":"DEU","SVRG_UN":"UN Member State","CAPT":"Berlin","EU_STAT":"T","EFTA_STAT":"F","CC_STAT":"F","NAME_GERM":"Deutschland"},"id":"DE145"},{"arcs":[[582,583,584,585,-571,-582]],"type":"Polygon","properties":{"NUTS_ID":"DE146","LEVL_CODE":3,"CNTR_CODE":"DE","NAME_LATN":"Biberach","NUTS_NAME":"Biberach","MOUNT_TYPE":4,"URBN_TYPE":3,"COAST_TYPE":3,"NAME_ENGL":"Germany","NAME_FREN":"Allemagne","ISO3_CODE":"DEU","SVRG_UN":"UN Member State","CAPT":"Berlin","EU_STAT":"T","EFTA_STAT":"F","CC_STAT":"F","NAME_GERM":"Deutschland"},"id":"DE146"},{"arcs":[[586,587,-232,-246,-557,588]],"type":"Polygon","properties":{"NUTS_ID":"DE147","LEVL_CODE":3,"CNTR_CODE":"DE","NAME_LATN":"Bodenseekreis","NUTS_NAME":"Bodenseekreis","MOUNT_TYPE":4,"URBN_TYPE":2,"COAST_TYPE":3,"NAME_ENGL":"Germany","NAME_FREN":"Allemagne","ISO3_CODE":"DEU","SVRG_UN":"UN Member State","CAPT":"Berlin","EU_STAT":"T","EFTA_STAT":"F","CC_STAT":"F","NAME_GERM":"Deutschland"},"id":"DE147"},{"arcs":[[589,590,591,-587,592,-585]],"type":"Polygon","properties":{"NUTS_ID":"DE148","LEVL_CODE":3,"CNTR_CODE":"DE","NAME_LATN":"Ravensburg","NUTS_NAME":"Ravensburg","MOUNT_TYPE":4,"URBN_TYPE":2,"COAST_TYPE":3,"NAME_ENGL":"Germany","NAME_FREN":"Allemagne","ISO3_CODE":"DEU","SVRG_UN":"UN Member State","CAPT":"Berlin","EU_STAT":"T","EFTA_STAT":"F","CC_STAT":"F","NAME_GERM":"Deutschland"},"id":"DE148"},{"arcs":[[-586,-593,-589,-561,-554,-576,-572]],"type":"Polygon","properties":{"NUTS_ID":"DE149","LEVL_CODE":3,"CNTR_CODE":"DE","NAME_LATN":"Sigmaringen","NUTS_NAME":"Sigmaringen","MOUNT_TYPE":4,"URBN_TYPE":3,"COAST_TYPE":3,"NAME_ENGL":"Germany","NAME_FREN":"Allemagne","ISO3_CODE":"DEU","SVRG_UN":"UN Member State","CAPT":"Berlin","EU_STAT":"T","EFTA_STAT":"F","CC_STAT":"F","NAME_GERM":"Deutschland"},"id":"DE149"},{"arcs":[[593,594,595]],"type":"Polygon","properties":{"NUTS_ID":"DE211","LEVL_CODE":3,"CNTR_CODE":"DE","NAME_LATN":"Ingolstadt, Kreisfreie Stadt","NUTS_NAME":"Ingolstadt, Kreisfreie Stadt","MOUNT_TYPE":4,"URBN_TYPE":2,"COAST_TYPE":3,"NAME_ENGL":"Germany","NAME_FREN":"Allemagne","ISO3_CODE":"DEU","SVRG_UN":"UN Member State","CAPT":"Berlin","EU_STAT":"T","EFTA_STAT":"F","CC_STAT":"F","NAME_GERM":"Deutschland"},"id":"DE211"},{"arcs":[[596,597,598]],"type":"Polygon","properties":{"NUTS_ID":"DE212","LEVL_CODE":3,"CNTR_CODE":"DE","NAME_LATN":"München, Kreisfreie Stadt","NUTS_NAME":"München, Kreisfreie Stadt","MOUNT_TYPE":4,"URBN_TYPE":1,"COAST_TYPE":3,"NAME_ENGL":"Germany","NAME_FREN":"Allemagne","ISO3_CODE":"DEU","SVRG_UN":"UN Member State","CAPT":"Berlin","EU_STAT":"T","EFTA_STAT":"F","CC_STAT":"F","NAME_GERM":"Deutschland"},"id":"DE212"},{"arcs":[[599]],"type":"Polygon","properties":{"NUTS_ID":"DE213","LEVL_CODE":3,"CNTR_CODE":"DE","NAME_LATN":"Rosenheim, Kreisfreie Stadt","NUTS_NAME":"Rosenheim, Kreisfreie Stadt","MOUNT_TYPE":4,"URBN_TYPE":2,"COAST_TYPE":3,"NAME_ENGL":"Germany","NAME_FREN":"Allemagne","ISO3_CODE":"DEU","SVRG_UN":"UN Member State","CAPT":"Berlin","EU_STAT":"T","EFTA_STAT":"F","CC_STAT":"F","NAME_GERM":"Deutschland"},"id":"DE213"},{"arcs":[[600,601,602,603]],"type":"Polygon","properties":{"NUTS_ID":"DE214","LEVL_CODE":3,"CNTR_CODE":"DE","NAME_LATN":"Altötting","NUTS_NAME":"Altötting","MOUNT_TYPE":4,"URBN_TYPE":2,"COAST_TYPE":3,"NAME_ENGL":"Germany","NAME_FREN":"Allemagne","ISO3_CODE":"DEU","SVRG_UN":"UN Member State","CAPT":"Berlin","EU_STAT":"T","EFTA_STAT":"F","CC_STAT":"F","NAME_GERM":"Deutschland"},"id":"DE214"},{"arcs":[[604,605,606]],"type":"Polygon","properties":{"NUTS_ID":"DE215","LEVL_CODE":3,"CNTR_CODE":"DE","NAME_LATN":"Berchtesgadener Land","NUTS_NAME":"Berchtesgadener Land","MOUNT_TYPE":3,"URBN_TYPE":2,"COAST_TYPE":3,"NAME_ENGL":"Germany","NAME_FREN":"Allemagne","ISO3_CODE":"DEU","SVRG_UN":"UN Member State","CAPT":"Berlin","EU_STAT":"T","EFTA_STAT":"F","CC_STAT":"F","NAME_GERM":"Deutschland"},"id":"DE215"},{"arcs":[[607,608,609,610,611,612]],"type":"Polygon","properties":{"NUTS_ID":"DE216","LEVL_CODE":3,"CNTR_CODE":"DE","NAME_LATN":"Bad Tölz-Wolfratshausen","NUTS_NAME":"Bad Tölz-Wolfratshausen","MOUNT_TYPE":2,"URBN_TYPE":2,"COAST_TYPE":3,"NAME_ENGL":"Germany","NAME_FREN":"Allemagne","ISO3_CODE":"DEU","SVRG_UN":"UN Member State","CAPT":"Berlin","EU_STAT":"T","EFTA_STAT":"F","CC_STAT":"F","NAME_GERM":"Deutschland"},"id":"DE216"},{"arcs":[[613,614,-598,615,616,617]],"type":"Polygon","properties":{"NUTS_ID":"DE217","LEVL_CODE":3,"CNTR_CODE":"DE","NAME_LATN":"Dachau","NUTS_NAME":"Dachau","MOUNT_TYPE":4,"URBN_TYPE":2,"COAST_TYPE":3,"NAME_ENGL":"Germany","NAME_FREN":"Allemagne","ISO3_CODE":"DEU","SVRG_UN":"UN Member State","CAPT":"Berlin","EU_STAT":"T","EFTA_STAT":"F","CC_STAT":"F","NAME_GERM":"Deutschland"},"id":"DE217"},{"arcs":[[618,619,620,621]],"type":"Polygon","properties":{"NUTS_ID":"DE218","LEVL_CODE":3,"CNTR_CODE":"DE","NAME_LATN":"Ebersberg","NUTS_NAME":"Ebersberg","MOUNT_TYPE":4,"URBN_TYPE":2,"COAST_TYPE":3,"NAME_ENGL":"Germany","NAME_FREN":"Allemagne","ISO3_CODE":"DEU","SVRG_UN":"UN Member State","CAPT":"Berlin","EU_STAT":"T","EFTA_STAT":"F","CC_STAT":"F","NAME_GERM":"Deutschland"},"id":"DE218"},{"arcs":[[622,623,-596,624,625,-41,-39,-415]],"type":"Polygon","properties":{"NUTS_ID":"DE219","LEVL_CODE":3,"CNTR_CODE":"DE","NAME_LATN":"Eichstätt","NUTS_NAME":"Eichstätt","MOUNT_TYPE":4,"URBN_TYPE":2,"COAST_TYPE":3,"NAME_ENGL":"Germany","NAME_FREN":"Allemagne","ISO3_CODE":"DEU","SVRG_UN":"UN Member State","CAPT":"Berlin","EU_STAT":"T","EFTA_STAT":"F","CC_STAT":"F","NAME_GERM":"Deutschland"},"id":"DE219"},{"arcs":[[626,-622,627,628,629]],"type":"Polygon","properties":{"NUTS_ID":"DE21A","LEVL_CODE":3,"CNTR_CODE":"DE","NAME_LATN":"Erding","NUTS_NAME":"Erding","MOUNT_TYPE":4,"URBN_TYPE":3,"COAST_TYPE":3,"NAME_ENGL":"Germany","NAME_FREN":"Allemagne","ISO3_CODE":"DEU","SVRG_UN":"UN Member State","CAPT":"Berlin","EU_STAT":"T","EFTA_STAT":"F","CC_STAT":"F","NAME_GERM":"Deutschland"},"id":"DE21A"},{"arcs":[[630,-629,631,-614,632,633]],"type":"Polygon","properties":{"NUTS_ID":"DE21B","LEVL_CODE":3,"CNTR_CODE":"DE","NAME_LATN":"Freising","NUTS_NAME":"Freising","MOUNT_TYPE":4,"URBN_TYPE":2,"COAST_TYPE":3,"NAME_ENGL":"Germany","NAME_FREN":"Allemagne","ISO3_CODE":"DEU","SVRG_UN":"UN Member State","CAPT":"Berlin","EU_STAT":"T","EFTA_STAT":"F","CC_STAT":"F","NAME_GERM":"Deutschland"},"id":"DE21B"},{"arcs":[[-597,634,635,636,637,-616]],"type":"Polygon","properties":{"NUTS_ID":"DE21C","LEVL_CODE":3,"CNTR_CODE":"DE","NAME_LATN":"Fürstenfeldbruck","NUTS_NAME":"Fürstenfeldbruck","MOUNT_TYPE":4,"URBN_TYPE":2,"COAST_TYPE":3,"NAME_ENGL":"Germany","NAME_FREN":"Allemagne","ISO3_CODE":"DEU","SVRG_UN":"UN Member State","CAPT":"Berlin","EU_STAT":"T","EFTA_STAT":"F","CC_STAT":"F","NAME_GERM":"Deutschland"},"id":"DE21C"},{"arcs":[[-610,638,639,640,641,642,643]],"type":"Polygon","properties":{"NUTS_ID":"DE21D","LEVL_CODE":3,"CNTR_CODE":"DE","NAME_LATN":"Garmisch-Partenkirchen","NUTS_NAME":"Garmisch-Partenkirchen","MOUNT_TYPE":3,"URBN_TYPE":2,"COAST_TYPE":3,"NAME_ENGL":"Germany","NAME_FREN":"Allemagne","ISO3_CODE":"DEU","SVRG_UN":"UN Member State","CAPT":"Berlin","EU_STAT":"T","EFTA_STAT":"F","CC_STAT":"F","NAME_GERM":"Deutschland"},"id":"DE21D"},{"arcs":[[-637,644,645,646,647,648]],"type":"Polygon","properties":{"NUTS_ID":"DE21E","LEVL_CODE":3,"CNTR_CODE":"DE","NAME_LATN":"Landsberg am Lech","NUTS_NAME":"Landsberg am Lech","MOUNT_TYPE":4,"URBN_TYPE":3,"COAST_TYPE":3,"NAME_ENGL":"Germany","NAME_FREN":"Allemagne","ISO3_CODE":"DEU","SVRG_UN":"UN Member State","CAPT":"Berlin","EU_STAT":"T","EFTA_STAT":"F","CC_STAT":"F","NAME_GERM":"Deutschland"},"id":"DE21E"},{"arcs":[[649,-608,650,651]],"type":"Polygon","properties":{"NUTS_ID":"DE21F","LEVL_CODE":3,"CNTR_CODE":"DE","NAME_LATN":"Miesbach","NUTS_NAME":"Miesbach","MOUNT_TYPE":3,"URBN_TYPE":2,"COAST_TYPE":3,"NAME_ENGL":"Germany","NAME_FREN":"Allemagne","ISO3_CODE":"DEU","SVRG_UN":"UN Member State","CAPT":"Berlin","EU_STAT":"T","EFTA_STAT":"F","CC_STAT":"F","NAME_GERM":"Deutschland"},"id":"DE21F"},{"arcs":[[-603,652,653,-619,-627,654,655]],"type":"Polygon","properties":{"NUTS_ID":"DE21G","LEVL_CODE":3,"CNTR_CODE":"DE","NAME_LATN":"Mühldorf a. Inn","NUTS_NAME":"Mühldorf a. Inn","MOUNT_TYPE":4,"URBN_TYPE":3,"COAST_TYPE":3,"NAME_ENGL":"Germany","NAME_FREN":"Allemagne","ISO3_CODE":"DEU","SVRG_UN":"UN Member State","CAPT":"Berlin","EU_STAT":"T","EFTA_STAT":"F","CC_STAT":"F","NAME_GERM":"Deutschland"},"id":"DE21G"},{"arcs":[[-628,-621,656,-651,-613,657,-635,-599,-615,-632]],"type":"Polygon","properties":{"NUTS_ID":"DE21H","LEVL_CODE":3,"CNTR_CODE":"DE","NAME_LATN":"München, Landkreis","NUTS_NAME":"München, Landkreis","MOUNT_TYPE":4,"URBN_TYPE":1,"COAST_TYPE":3,"NAME_ENGL":"Germany","NAME_FREN":"Allemagne","ISO3_CODE":"DEU","SVRG_UN":"UN Member State","CAPT":"Berlin","EU_STAT":"T","EFTA_STAT":"F","CC_STAT":"F","NAME_GERM":"Deutschland"},"id":"DE21H"},{"arcs":[[658,659,660,-625,-595]],"type":"Polygon","properties":{"NUTS_ID":"DE21I","LEVL_CODE":3,"CNTR_CODE":"DE","NAME_LATN":"Neuburg-Schrobenhausen","NUTS_NAME":"Neuburg-Schrobenhausen","MOUNT_TYPE":4,"URBN_TYPE":3,"COAST_TYPE":3,"NAME_ENGL":"Germany","NAME_FREN":"Allemagne","ISO3_CODE":"DEU","SVRG_UN":"UN Member State","CAPT":"Berlin","EU_STAT":"T","EFTA_STAT":"F","CC_STAT":"F","NAME_GERM":"Deutschland"},"id":"DE21I"},{"arcs":[[-633,-618,661,-659,-594,-624,662]],"type":"Polygon","properties":{"NUTS_ID":"DE21J","LEVL_CODE":3,"CNTR_CODE":"DE","NAME_LATN":"Pfaffenhofen a. d. Ilm","NUTS_NAME":"Pfaffenhofen a. d. Ilm","MOUNT_TYPE":4,"URBN_TYPE":2,"COAST_TYPE":3,"NAME_ENGL":"Germany","NAME_FREN":"Allemagne","ISO3_CODE":"DEU","SVRG_UN":"UN Member State","CAPT":"Berlin","EU_STAT":"T","EFTA_STAT":"F","CC_STAT":"F","NAME_GERM":"Deutschland"},"id":"DE21J"},{"arcs":[[663,664,-652,-657,-620,-654],[-600]],"type":"Polygon","properties":{"NUTS_ID":"DE21K","LEVL_CODE":3,"CNTR_CODE":"DE","NAME_LATN":"Rosenheim, Landkreis","NUTS_NAME":"Rosenheim, Landkreis","MOUNT_TYPE":4,"URBN_TYPE":2,"COAST_TYPE":3,"NAME_ENGL":"Germany","NAME_FREN":"Allemagne","ISO3_CODE":"DEU","SVRG_UN":"UN Member State","CAPT":"Berlin","EU_STAT":"T","EFTA_STAT":"F","CC_STAT":"F","NAME_GERM":"Deutschland"},"id":"DE21K"},{"arcs":[[-612,665,-645,-636,-658]],"type":"Polygon","properties":{"NUTS_ID":"DE21L","LEVL_CODE":3,"CNTR_CODE":"DE","NAME_LATN":"Starnberg","NUTS_NAME":"Starnberg","MOUNT_TYPE":4,"URBN_TYPE":2,"COAST_TYPE":3,"NAME_ENGL":"Germany","NAME_FREN":"Allemagne","ISO3_CODE":"DEU","SVRG_UN":"UN Member State","CAPT":"Berlin","EU_STAT":"T","EFTA_STAT":"F","CC_STAT":"F","NAME_GERM":"Deutschland"},"id":"DE21L"},{"arcs":[[666,667,-606,668,669,-664,-653,-602]],"type":"Polygon","properties":{"NUTS_ID":"DE21M","LEVL_CODE":3,"CNTR_CODE":"DE","NAME_LATN":"Traunstein","NUTS_NAME":"Traunstein","MOUNT_TYPE":4,"URBN_TYPE":3,"COAST_TYPE":3,"NAME_ENGL":"Germany","NAME_FREN":"Allemagne","ISO3_CODE":"DEU","SVRG_UN":"UN Member State","CAPT":"Berlin","EU_STAT":"T","EFTA_STAT":"F","CC_STAT":"F","NAME_GERM":"Deutschland"},"id":"DE21M"},{"arcs":[[-611,-644,670,-646,-666]],"type":"Polygon","properties":{"NUTS_ID":"DE21N","LEVL_CODE":3,"CNTR_CODE":"DE","NAME_LATN":"Weilheim-Schongau","NUTS_NAME":"Weilheim-Schongau","MOUNT_TYPE":4,"URBN_TYPE":2,"COAST_TYPE":3,"NAME_ENGL":"Germany","NAME_FREN":"Allemagne","ISO3_CODE":"DEU","SVRG_UN":"UN Member State","CAPT":"Berlin","EU_STAT":"T","EFTA_STAT":"F","CC_STAT":"F","NAME_GERM":"Deutschland"},"id":"DE21N"},{"arcs":[[671]],"type":"Polygon","properties":{"NUTS_ID":"DE221","LEVL_CODE":3,"CNTR_CODE":"DE","NAME_LATN":"Landshut, Kreisfreie Stadt","NUTS_NAME":"Landshut, Kreisfreie Stadt","MOUNT_TYPE":4,"URBN_TYPE":3,"COAST_TYPE":3,"NAME_ENGL":"Germany","NAME_FREN":"Allemagne","ISO3_CODE":"DEU","SVRG_UN":"UN Member State","CAPT":"Berlin","EU_STAT":"T","EFTA_STAT":"F","CC_STAT":"F","NAME_GERM":"Deutschland"},"id":"DE221"},{"arcs":[[672,673]],"type":"Polygon","properties":{"NUTS_ID":"DE222","LEVL_CODE":3,"CNTR_CODE":"DE","NAME_LATN":"Passau, Kreisfreie Stadt","NUTS_NAME":"Passau, Kreisfreie Stadt","MOUNT_TYPE":4,"URBN_TYPE":3,"COAST_TYPE":3,"NAME_ENGL":"Germany","NAME_FREN":"Allemagne","ISO3_CODE":"DEU","SVRG_UN":"UN Member State","CAPT":"Berlin","EU_STAT":"T","EFTA_STAT":"F","CC_STAT":"F","NAME_GERM":"Deutschland"},"id":"DE222"},{"arcs":[[674]],"type":"Polygon","properties":{"NUTS_ID":"DE223","LEVL_CODE":3,"CNTR_CODE":"DE","NAME_LATN":"Straubing, Kreisfreie Stadt","NUTS_NAME":"Straubing, Kreisfreie Stadt","MOUNT_TYPE":4,"URBN_TYPE":3,"COAST_TYPE":3,"NAME_ENGL":"Germany","NAME_FREN":"Allemagne","ISO3_CODE":"DEU","SVRG_UN":"UN Member State","CAPT":"Berlin","EU_STAT":"T","EFTA_STAT":"F","CC_STAT":"F","NAME_GERM":"Deutschland"},"id":"DE223"},{"arcs":[[675,676,677,678,679,680]],"type":"Polygon","properties":{"NUTS_ID":"DE224","LEVL_CODE":3,"CNTR_CODE":"DE","NAME_LATN":"Deggendorf","NUTS_NAME":"Deggendorf","MOUNT_TYPE":4,"URBN_TYPE":3,"COAST_TYPE":3,"NAME_ENGL":"Germany","NAME_FREN":"Allemagne","ISO3_CODE":"DEU","SVRG_UN":"UN Member State","CAPT":"Berlin","EU_STAT":"T","EFTA_STAT":"F","CC_STAT":"F","NAME_GERM":"Deutschland"},"id":"DE224"},{"arcs":[[-287,681,682,-676,683,-289]],"type":"Polygon","properties":{"NUTS_ID":"DE225","LEVL_CODE":3,"CNTR_CODE":"DE","NAME_LATN":"Freyung-Grafenau","NUTS_NAME":"Freyung-Grafenau","MOUNT_TYPE":3,"URBN_TYPE":3,"COAST_TYPE":3,"NAME_ENGL":"Germany","NAME_FREN":"Allemagne","ISO3_CODE":"DEU","SVRG_UN":"UN Member State","CAPT":"Berlin","EU_STAT":"T","EFTA_STAT":"F","CC_STAT":"F","NAME_GERM":"Deutschland"},"id":"DE225"},{"arcs":[[684,-634,-663,-623,-414,-422]],"type":"Polygon","properties":{"NUTS_ID":"DE226","LEVL_CODE":3,"CNTR_CODE":"DE","NAME_LATN":"Kelheim","NUTS_NAME":"Kelheim","MOUNT_TYPE":4,"URBN_TYPE":3,"COAST_TYPE":3,"NAME_ENGL":"Germany","NAME_FREN":"Allemagne","ISO3_CODE":"DEU","SVRG_UN":"UN Member State","CAPT":"Berlin","EU_STAT":"T","EFTA_STAT":"F","CC_STAT":"F","NAME_GERM":"Deutschland"},"id":"DE226"},{"arcs":[[685,686,687,-655,-630,-631,-685,-421],[-672]],"type":"Polygon","properties":{"NUTS_ID":"DE227","LEVL_CODE":3,"CNTR_CODE":"DE","NAME_LATN":"Landshut, Landkreis","NUTS_NAME":"Landshut, Landkreis","MOUNT_TYPE":4,"URBN_TYPE":3,"COAST_TYPE":3,"NAME_ENGL":"Germany","NAME_FREN":"Allemagne","ISO3_CODE":"DEU","SVRG_UN":"UN Member State","CAPT":"Berlin","EU_STAT":"T","EFTA_STAT":"F","CC_STAT":"F","NAME_GERM":"Deutschland"},"id":"DE227"},{"arcs":[[688,689,-674,690,691,-677,-683]],"type":"Polygon","properties":{"NUTS_ID":"DE228","LEVL_CODE":3,"CNTR_CODE":"DE","NAME_LATN":"Passau, Landkreis","NUTS_NAME":"Passau, Landkreis","MOUNT_TYPE":4,"URBN_TYPE":3,"COAST_TYPE":3,"NAME_ENGL":"Germany","NAME_FREN":"Allemagne","ISO3_CODE":"DEU","SVRG_UN":"UN Member State","CAPT":"Berlin","EU_STAT":"T","EFTA_STAT":"F","CC_STAT":"F","NAME_GERM":"Deutschland"},"id":"DE228"},{"arcs":[[-684,-681,692,-408,-290]],"type":"Polygon","properties":{"NUTS_ID":"DE229","LEVL_CODE":3,"CNTR_CODE":"DE","NAME_LATN":"Regen","NUTS_NAME":"Regen","MOUNT_TYPE":3,"URBN_TYPE":3,"COAST_TYPE":3,"NAME_ENGL":"Germany","NAME_FREN":"Allemagne","ISO3_CODE":"DEU","SVRG_UN":"UN Member State","CAPT":"Berlin","EU_STAT":"T","EFTA_STAT":"F","CC_STAT":"F","NAME_GERM":"Deutschland"},"id":"DE229"},{"arcs":[[-692,693,-604,-656,-688,694,-678]],"type":"Polygon","properties":{"NUTS_ID":"DE22A","LEVL_CODE":3,"CNTR_CODE":"DE","NAME_LATN":"Rottal-Inn","NUTS_NAME":"Rottal-Inn","MOUNT_TYPE":4,"URBN_TYPE":3,"COAST_TYPE":3,"NAME_ENGL":"Germany","NAME_FREN":"Allemagne","ISO3_CODE":"DEU","SVRG_UN":"UN Member State","CAPT":"Berlin","EU_STAT":"T","EFTA_STAT":"F","CC_STAT":"F","NAME_GERM":"Deutschland"},"id":"DE22A"},{"arcs":[[-680,695,-686,-420,-409,-693],[-675]],"type":"Polygon","properties":{"NUTS_ID":"DE22B","LEVL_CODE":3,"CNTR_CODE":"DE","NAME_LATN":"Straubing-Bogen","NUTS_NAME":"Straubing-Bogen","MOUNT_TYPE":4,"URBN_TYPE":3,"COAST_TYPE":3,"NAME_ENGL":"Germany","NAME_FREN":"Allemagne","ISO3_CODE":"DEU","SVRG_UN":"UN Member State","CAPT":"Berlin","EU_STAT":"T","EFTA_STAT":"F","CC_STAT":"F","NAME_GERM":"Deutschland"},"id":"DE22B"},{"arcs":[[-695,-687,-696,-679]],"type":"Polygon","properties":{"NUTS_ID":"DE22C","LEVL_CODE":3,"CNTR_CODE":"DE","NAME_LATN":"Dingolfing-Landau","NUTS_NAME":"Dingolfing-Landau","MOUNT_TYPE":4,"URBN_TYPE":3,"COAST_TYPE":3,"NAME_ENGL":"Germany","NAME_FREN":"Allemagne","ISO3_CODE":"DEU","SVRG_UN":"UN Member State","CAPT":"Berlin","EU_STAT":"T","EFTA_STAT":"F","CC_STAT":"F","NAME_GERM":"Deutschland"},"id":"DE22C"},{"arcs":[[-407]],"type":"Polygon","properties":{"NUTS_ID":"DE231","LEVL_CODE":3,"CNTR_CODE":"DE","NAME_LATN":"Amberg, Kreisfreie Stadt","NUTS_NAME":"Amberg, Kreisfreie Stadt","MOUNT_TYPE":4,"URBN_TYPE":2,"COAST_TYPE":3,"NAME_ENGL":"Germany","NAME_FREN":"Allemagne","ISO3_CODE":"DEU","SVRG_UN":"UN Member State","CAPT":"Berlin","EU_STAT":"T","EFTA_STAT":"F","CC_STAT":"F","NAME_GERM":"Deutschland"},"id":"DE231"},{"arcs":[[-424]],"type":"Polygon","properties":{"NUTS_ID":"DE232","LEVL_CODE":3,"CNTR_CODE":"DE","NAME_LATN":"Regensburg, Kreisfreie Stadt","NUTS_NAME":"Regensburg, Kreisfreie Stadt","MOUNT_TYPE":4,"URBN_TYPE":2,"COAST_TYPE":3,"NAME_ENGL":"Germany","NAME_FREN":"Allemagne","ISO3_CODE":"DEU","SVRG_UN":"UN Member State","CAPT":"Berlin","EU_STAT":"T","EFTA_STAT":"F","CC_STAT":"F","NAME_GERM":"Deutschland"},"id":"DE232"},{"arcs":[[-419]],"type":"Polygon","properties":{"NUTS_ID":"DE233","LEVL_CODE":3,"CNTR_CODE":"DE","NAME_LATN":"Weiden i. d. Opf, Kreisfreie Stadt","NUTS_NAME":"Weiden i. d. Opf, Kreisfreie Stadt","MOUNT_TYPE":4,"URBN_TYPE":3,"COAST_TYPE":3,"NAME_ENGL":"Germany","NAME_FREN":"Allemagne","ISO3_CODE":"DEU","SVRG_UN":"UN Member State","CAPT":"Berlin","EU_STAT":"T","EFTA_STAT":"F","CC_STAT":"F","NAME_GERM":"Deutschland"},"id":"DE233"},{"arcs":[[696,697,698,699,700,701,702],[703]],"type":"Polygon","properties":{"NUTS_ID":"DEE0B","LEVL_CODE":3,"CNTR_CODE":"DE","NAME_LATN":"Saalekreis","NUTS_NAME":"Saalekreis","MOUNT_TYPE":4,"URBN_TYPE":2,"COAST_TYPE":3,"NAME_ENGL":"Germany","NAME_FREN":"Allemagne","ISO3_CODE":"DEU","SVRG_UN":"UN Member State","CAPT":"Berlin","EU_STAT":"T","EFTA_STAT":"F","CC_STAT":"F","NAME_GERM":"Deutschland"},"id":"DEE0B"},{"arcs":[[704,-702,705,706,707,708,709]],"type":"Polygon","properties":{"NUTS_ID":"DEE0C","LEVL_CODE":3,"CNTR_CODE":"DE","NAME_LATN":"Salzlandkreis","NUTS_NAME":"Salzlandkreis","MOUNT_TYPE":4,"URBN_TYPE":2,"COAST_TYPE":3,"NAME_ENGL":"Germany","NAME_FREN":"Allemagne","ISO3_CODE":"DEU","SVRG_UN":"UN Member State","CAPT":"Berlin","EU_STAT":"T","EFTA_STAT":"F","CC_STAT":"F","NAME_GERM":"Deutschland"},"id":"DEE0C"},{"arcs":[[710,711,712,713,714,715,716]],"type":"Polygon","properties":{"NUTS_ID":"DEE0D","LEVL_CODE":3,"CNTR_CODE":"DE","NAME_LATN":"Stendal","NUTS_NAME":"Stendal","MOUNT_TYPE":4,"URBN_TYPE":3,"COAST_TYPE":3,"NAME_ENGL":"Germany","NAME_FREN":"Allemagne","ISO3_CODE":"DEU","SVRG_UN":"UN Member State","CAPT":"Berlin","EU_STAT":"T","EFTA_STAT":"F","CC_STAT":"F","NAME_GERM":"Deutschland"},"id":"DEE0D"},{"arcs":[[717,718,719,720,721,722,723]],"type":"Polygon","properties":{"NUTS_ID":"DEE0E","LEVL_CODE":3,"CNTR_CODE":"DE","NAME_LATN":"Wittenberg","NUTS_NAME":"Wittenberg","MOUNT_TYPE":4,"URBN_TYPE":3,"COAST_TYPE":3,"NAME_ENGL":"Germany","NAME_FREN":"Allemagne","ISO3_CODE":"DEU","SVRG_UN":"UN Member State","CAPT":"Berlin","EU_STAT":"T","EFTA_STAT":"F","CC_STAT":"F","NAME_GERM":"Deutschland"},"id":"DEE0E"},{"arcs":[[724,725]],"type":"Polygon","properties":{"NUTS_ID":"DEF01","LEVL_CODE":3,"CNTR_CODE":"DE","NAME_LATN":"Flensburg, Kreisfreie Stadt","NUTS_NAME":"Flensburg, Kreisfreie Stadt","MOUNT_TYPE":4,"URBN_TYPE":2,"COAST_TYPE":1,"NAME_ENGL":"Germany","NAME_FREN":"Allemagne","ISO3_CODE":"DEU","SVRG_UN":"UN Member State","CAPT":"Berlin","EU_STAT":"T","EFTA_STAT":"F","CC_STAT":"F","NAME_GERM":"Deutschland"},"id":"DEF01"},{"arcs":[[726,727,728]],"type":"Polygon","properties":{"NUTS_ID":"DEF02","LEVL_CODE":3,"CNTR_CODE":"DE","NAME_LATN":"Kiel, Kreisfreie Stadt","NUTS_NAME":"Kiel, Kreisfreie Stadt","MOUNT_TYPE":4,"URBN_TYPE":1,"COAST_TYPE":1,"NAME_ENGL":"Germany","NAME_FREN":"Allemagne","ISO3_CODE":"DEU","SVRG_UN":"UN Member State","CAPT":"Berlin","EU_STAT":"T","EFTA_STAT":"F","CC_STAT":"F","NAME_GERM":"Deutschland"},"id":"DEF02"},{"arcs":[[729,730,731,732,733]],"type":"Polygon","properties":{"NUTS_ID":"DEF03","LEVL_CODE":3,"CNTR_CODE":"DE","NAME_LATN":"Lübeck, Kreisfreie Stadt","NUTS_NAME":"Lübeck, Kreisfreie Stadt","MOUNT_TYPE":4,"URBN_TYPE":2,"COAST_TYPE":1,"NAME_ENGL":"Germany","NAME_FREN":"Allemagne","ISO3_CODE":"DEU","SVRG_UN":"UN Member State","CAPT":"Berlin","EU_STAT":"T","EFTA_STAT":"F","CC_STAT":"F","NAME_GERM":"Deutschland"},"id":"DEF03"},{"arcs":[[734,735,736]],"type":"Polygon","properties":{"NUTS_ID":"DEF04","LEVL_CODE":3,"CNTR_CODE":"DE","NAME_LATN":"Neumünster, Kreisfreie Stadt","NUTS_NAME":"Neumünster, Kreisfreie Stadt","MOUNT_TYPE":4,"URBN_TYPE":2,"COAST_TYPE":2,"NAME_ENGL":"Germany","NAME_FREN":"Allemagne","ISO3_CODE":"DEU","SVRG_UN":"UN Member State","CAPT":"Berlin","EU_STAT":"T","EFTA_STAT":"F","CC_STAT":"F","NAME_GERM":"Deutschland"},"id":"DEF04"},{"arcs":[[737,738,739,740,741]],"type":"Polygon","properties":{"NUTS_ID":"DEF05","LEVL_CODE":3,"CNTR_CODE":"DE","NAME_LATN":"Dithmarschen","NUTS_NAME":"Dithmarschen","MOUNT_TYPE":4,"URBN_TYPE":3,"COAST_TYPE":1,"NAME_ENGL":"Germany","NAME_FREN":"Allemagne","ISO3_CODE":"DEU","SVRG_UN":"UN Member State","CAPT":"Berlin","EU_STAT":"T","EFTA_STAT":"F","CC_STAT":"F","NAME_GERM":"Deutschland"},"id":"DEF05"},{"arcs":[[[742]],[[743]],[[744]],[[745]],[[746]],[[747]],[[748]],[[749]],[[750]],[[751]],[[752]],[[753]],[[754]],[[755]],[[756]],[[757]],[[758]],[[759]],[[760]]],"type":"MultiPolygon","properties":{"NUTS_ID":"EL422","LEVL_CODE":3,"CNTR_CODE":"EL","NAME_LATN":"Andros, Thira, Kea, Milos, Mykonos, Naxos, Paros,  Syros, Tinos","NUTS_NAME":"Άνδρος, Θήρα, Κέα, Μήλος, Μύκονος, Νάξος, Πάρος, Σύρος, Τήνος","MOUNT_TYPE":2,"URBN_TYPE":3,"COAST_TYPE":1,"NAME_ENGL":"Greece","NAME_FREN":"Grèce","ISO3_CODE":"GRC","SVRG_UN":"UN Member State","CAPT":"Athens","EU_STAT":"T","EFTA_STAT":"F","CC_STAT":"F","NAME_GERM":"Griechenland"},"id":"EL422"},{"arcs":[[761,762,763,764]],"type":"Polygon","properties":{"NUTS_ID":"EL431","LEVL_CODE":3,"CNTR_CODE":"EL","NAME_LATN":"Irakleio","NUTS_NAME":"Ηράκλειο","MOUNT_TYPE":2,"URBN_TYPE":2,"COAST_TYPE":1,"NAME_ENGL":"Greece","NAME_FREN":"Grèce","ISO3_CODE":"GRC","SVRG_UN":"UN Member State","CAPT":"Athens","EU_STAT":"T","EFTA_STAT":"F","CC_STAT":"F","NAME_GERM":"Griechenland"},"id":"EL431"},{"arcs":[[-765,765]],"type":"Polygon","properties":{"NUTS_ID":"EL432","LEVL_CODE":3,"CNTR_CODE":"EL","NAME_LATN":"Lasithi","NUTS_NAME":"Λασίθι","MOUNT_TYPE":2,"URBN_TYPE":3,"COAST_TYPE":1,"NAME_ENGL":"Greece","NAME_FREN":"Grèce","ISO3_CODE":"GRC","SVRG_UN":"UN Member State","CAPT":"Athens","EU_STAT":"T","EFTA_STAT":"F","CC_STAT":"F","NAME_GERM":"Griechenland"},"id":"EL432"},{"arcs":[[766,767,768,-763]],"type":"Polygon","properties":{"NUTS_ID":"EL433","LEVL_CODE":3,"CNTR_CODE":"EL","NAME_LATN":"Rethymni","NUTS_NAME":"Ρέθυμνο","MOUNT_TYPE":3,"URBN_TYPE":3,"COAST_TYPE":1,"NAME_ENGL":"Greece","NAME_FREN":"Grèce","ISO3_CODE":"GRC","SVRG_UN":"UN Member State","CAPT":"Athens","EU_STAT":"T","EFTA_STAT":"F","CC_STAT":"F","NAME_GERM":"Griechenland"},"id":"EL433"},{"arcs":[[[-768,769]],[[770]]],"type":"MultiPolygon","properties":{"NUTS_ID":"EL434","LEVL_CODE":3,"CNTR_CODE":"EL","NAME_LATN":"Chania","NUTS_NAME":"Χανιά","MOUNT_TYPE":2,"URBN_TYPE":2,"COAST_TYPE":1,"NAME_ENGL":"Greece","NAME_FREN":"Grèce","ISO3_CODE":"GRC","SVRG_UN":"UN Member State","CAPT":"Athens","EU_STAT":"T","EFTA_STAT":"F","CC_STAT":"F","NAME_GERM":"Griechenland"},"id":"EL434"},{"arcs":[[[771,772,-103,-97,773]],[[774]]],"type":"MultiPolygon","properties":{"NUTS_ID":"EL511","LEVL_CODE":3,"CNTR_CODE":"EL","NAME_LATN":"Evros","NUTS_NAME":"Έβρος","MOUNT_TYPE":4,"URBN_TYPE":2,"COAST_TYPE":1,"NAME_ENGL":"Greece","NAME_FREN":"Grèce","ISO3_CODE":"GRC","SVRG_UN":"UN Member State","CAPT":"Athens","EU_STAT":"T","EFTA_STAT":"F","CC_STAT":"F","NAME_GERM":"Griechenland"},"id":"EL511"},{"arcs":[[-105,775,776,777,778,-100]],"type":"Polygon","properties":{"NUTS_ID":"EL512","LEVL_CODE":3,"CNTR_CODE":"EL","NAME_LATN":"Xanthi","NUTS_NAME":"Ξάνθη","MOUNT_TYPE":2,"URBN_TYPE":2,"COAST_TYPE":1,"NAME_ENGL":"Greece","NAME_FREN":"Grèce","ISO3_CODE":"GRC","SVRG_UN":"UN Member State","CAPT":"Athens","EU_STAT":"T","EFTA_STAT":"F","CC_STAT":"F","NAME_GERM":"Griechenland"},"id":"EL512"},{"arcs":[[779,-776,-104,-773]],"type":"Polygon","properties":{"NUTS_ID":"EL513","LEVL_CODE":3,"CNTR_CODE":"EL","NAME_LATN":"Rodopi","NUTS_NAME":"Ροδόπη","MOUNT_TYPE":2,"URBN_TYPE":3,"COAST_TYPE":1,"NAME_ENGL":"Greece","NAME_FREN":"Grèce","ISO3_CODE":"GRC","SVRG_UN":"UN Member State","CAPT":"Athens","EU_STAT":"T","EFTA_STAT":"F","CC_STAT":"F","NAME_GERM":"Griechenland"},"id":"EL513"},{"arcs":[[-779,780,781,-78,-101]],"type":"Polygon","properties":{"NUTS_ID":"EL514","LEVL_CODE":3,"CNTR_CODE":"EL","NAME_LATN":"Drama","NUTS_NAME":"Δράμα","MOUNT_TYPE":2,"URBN_TYPE":2,"COAST_TYPE":2,"NAME_ENGL":"Greece","NAME_FREN":"Grèce","ISO3_CODE":"GRC","SVRG_UN":"UN Member State","CAPT":"Athens","EU_STAT":"T","EFTA_STAT":"F","CC_STAT":"F","NAME_GERM":"Griechenland"},"id":"EL514"},{"arcs":[[[782,783,-781,-778]],[[784]]],"type":"MultiPolygon","properties":{"NUTS_ID":"EL515","LEVL_CODE":3,"CNTR_CODE":"EL","NAME_LATN":"Thasos, Kavala","NUTS_NAME":"Θάσος, Καβάλα","MOUNT_TYPE":3,"URBN_TYPE":3,"COAST_TYPE":1,"NAME_ENGL":"Greece","NAME_FREN":"Grèce","ISO3_CODE":"GRC","SVRG_UN":"UN Member State","CAPT":"Athens","EU_STAT":"T","EFTA_STAT":"F","CC_STAT":"F","NAME_GERM":"Griechenland"},"id":"EL515"},{"arcs":[[785,786,787,788,789]],"type":"Polygon","properties":{"NUTS_ID":"EL521","LEVL_CODE":3,"CNTR_CODE":"EL","NAME_LATN":"Imathia","NUTS_NAME":"Ημαθία","MOUNT_TYPE":2,"URBN_TYPE":2,"COAST_TYPE":1,"NAME_ENGL":"Greece","NAME_FREN":"Grèce","ISO3_CODE":"GRC","SVRG_UN":"UN Member State","CAPT":"Athens","EU_STAT":"T","EFTA_STAT":"F","CC_STAT":"F","NAME_GERM":"Griechenland"},"id":"EL521"},{"arcs":[[-210,-206,-216,790,791,-218,792,793]],"type":"Polygon","properties":{"NUTS_ID":"AT122","LEVL_CODE":3,"CNTR_CODE":"AT","NAME_LATN":"Niederösterreich-Süd","NUTS_NAME":"Niederösterreich-Süd","MOUNT_TYPE":3,"URBN_TYPE":2,"COAST_TYPE":3,"NAME_ENGL":"Austria","NAME_FREN":"Autriche","ISO3_CODE":"AUT","SVRG_UN":"UN Member State","CAPT":"Vienna","EU_STAT":"T","EFTA_STAT":"F","CC_STAT":"F","NAME_GERM":"Österreich"},"id":"AT122"},{"arcs":[[794,-793,-217,795,796]],"type":"Polygon","properties":{"NUTS_ID":"AT123","LEVL_CODE":3,"CNTR_CODE":"AT","NAME_LATN":"Sankt Pölten","NUTS_NAME":"Sankt Pölten","MOUNT_TYPE":2,"URBN_TYPE":3,"COAST_TYPE":3,"NAME_ENGL":"Austria","NAME_FREN":"Autriche","ISO3_CODE":"AUT","SVRG_UN":"UN Member State","CAPT":"Vienna","EU_STAT":"T","EFTA_STAT":"F","CC_STAT":"F","NAME_GERM":"Österreich"},"id":"AT123"},{"arcs":[[-324,797,798,-796,-224,799,-285]],"type":"Polygon","properties":{"NUTS_ID":"AT124","LEVL_CODE":3,"CNTR_CODE":"AT","NAME_LATN":"Waldviertel","NUTS_NAME":"Waldviertel","MOUNT_TYPE":4,"URBN_TYPE":3,"COAST_TYPE":3,"NAME_ENGL":"Austria","NAME_FREN":"Autriche","ISO3_CODE":"AUT","SVRG_UN":"UN Member State","CAPT":"Vienna","EU_STAT":"T","EFTA_STAT":"F","CC_STAT":"F","NAME_GERM":"Österreich"},"id":"AT124"},{"arcs":[[800,801,802,-798,-323]],"type":"Polygon","properties":{"NUTS_ID":"AT125","LEVL_CODE":3,"CNTR_CODE":"AT","NAME_LATN":"Weinviertel","NUTS_NAME":"Weinviertel","MOUNT_TYPE":4,"URBN_TYPE":3,"COAST_TYPE":3,"NAME_ENGL":"Austria","NAME_FREN":"Autriche","ISO3_CODE":"AUT","SVRG_UN":"UN Member State","CAPT":"Vienna","EU_STAT":"T","EFTA_STAT":"F","CC_STAT":"F","NAME_GERM":"Österreich"},"id":"AT125"},{"arcs":[[803,804,805,806,-797,-799,-803]],"type":"Polygon","properties":{"NUTS_ID":"AT126","LEVL_CODE":3,"CNTR_CODE":"AT","NAME_LATN":"Wiener Umland/Nordteil","NUTS_NAME":"Wiener Umland/Nordteil","MOUNT_TYPE":4,"URBN_TYPE":1,"COAST_TYPE":3,"NAME_ENGL":"Austria","NAME_FREN":"Autriche","ISO3_CODE":"AUT","SVRG_UN":"UN Member State","CAPT":"Vienna","EU_STAT":"T","EFTA_STAT":"F","CC_STAT":"F","NAME_GERM":"Österreich"},"id":"AT126"},{"arcs":[[-805,807,-211,-794,-795,-807,808]],"type":"Polygon","properties":{"NUTS_ID":"AT127","LEVL_CODE":3,"CNTR_CODE":"AT","NAME_LATN":"Wiener Umland/Südteil","NUTS_NAME":"Wiener Umland/Südteil","MOUNT_TYPE":4,"URBN_TYPE":2,"COAST_TYPE":3,"NAME_ENGL":"Austria","NAME_FREN":"Autriche","ISO3_CODE":"AUT","SVRG_UN":"UN Member State","CAPT":"Vienna","EU_STAT":"T","EFTA_STAT":"F","CC_STAT":"F","NAME_GERM":"Österreich"},"id":"AT127"},{"arcs":[[-809,-806]],"type":"Polygon","properties":{"NUTS_ID":"AT130","LEVL_CODE":3,"CNTR_CODE":"AT","NAME_LATN":"Wien","NUTS_NAME":"Wien","MOUNT_TYPE":4,"URBN_TYPE":1,"COAST_TYPE":3,"NAME_ENGL":"Austria","NAME_FREN":"Autriche","ISO3_CODE":"AUT","SVRG_UN":"UN Member State","CAPT":"Vienna","EU_STAT":"T","EFTA_STAT":"F","CC_STAT":"F","NAME_GERM":"Österreich"},"id":"AT130"},{"arcs":[[809,810,811,812]],"type":"Polygon","properties":{"NUTS_ID":"AT211","LEVL_CODE":3,"CNTR_CODE":"AT","NAME_LATN":"Klagenfurt-Villach","NUTS_NAME":"Klagenfurt-Villach","MOUNT_TYPE":3,"URBN_TYPE":2,"COAST_TYPE":3,"NAME_ENGL":"Austria","NAME_FREN":"Autriche","ISO3_CODE":"AUT","SVRG_UN":"UN Member State","CAPT":"Vienna","EU_STAT":"T","EFTA_STAT":"F","CC_STAT":"F","NAME_GERM":"Österreich"},"id":"AT211"},{"arcs":[[813,814,815,-813,816,817,818,819]],"type":"Polygon","properties":{"NUTS_ID":"AT212","LEVL_CODE":3,"CNTR_CODE":"AT","NAME_LATN":"Oberkärnten","NUTS_NAME":"Oberkärnten","MOUNT_TYPE":3,"URBN_TYPE":3,"COAST_TYPE":3,"NAME_ENGL":"Austria","NAME_FREN":"Autriche","ISO3_CODE":"AUT","SVRG_UN":"UN Member State","CAPT":"Vienna","EU_STAT":"T","EFTA_STAT":"F","CC_STAT":"F","NAME_GERM":"Österreich"},"id":"AT212"},{"arcs":[[820,821,822,823,-810,-816,824]],"type":"Polygon","properties":{"NUTS_ID":"AT213","LEVL_CODE":3,"CNTR_CODE":"AT","NAME_LATN":"Unterkärnten","NUTS_NAME":"Unterkärnten","MOUNT_TYPE":3,"URBN_TYPE":3,"COAST_TYPE":3,"NAME_ENGL":"Austria","NAME_FREN":"Autriche","ISO3_CODE":"AUT","SVRG_UN":"UN Member State","CAPT":"Vienna","EU_STAT":"T","EFTA_STAT":"F","CC_STAT":"F","NAME_GERM":"Österreich"},"id":"AT213"},{"arcs":[[825,826,827,828]],"type":"Polygon","properties":{"NUTS_ID":"AT221","LEVL_CODE":3,"CNTR_CODE":"AT","NAME_LATN":"Graz","NUTS_NAME":"Graz","MOUNT_TYPE":3,"URBN_TYPE":2,"COAST_TYPE":3,"NAME_ENGL":"Austria","NAME_FREN":"Autriche","ISO3_CODE":"AUT","SVRG_UN":"UN Member State","CAPT":"Vienna","EU_STAT":"T","EFTA_STAT":"F","CC_STAT":"F","NAME_GERM":"Österreich"},"id":"AT221"},{"arcs":[[-220,829,830,831,832,833,834]],"type":"Polygon","properties":{"NUTS_ID":"AT222","LEVL_CODE":3,"CNTR_CODE":"AT","NAME_LATN":"Liezen","NUTS_NAME":"Liezen","MOUNT_TYPE":3,"URBN_TYPE":3,"COAST_TYPE":3,"NAME_ENGL":"Austria","NAME_FREN":"Autriche","ISO3_CODE":"AUT","SVRG_UN":"UN Member State","CAPT":"Vienna","EU_STAT":"T","EFTA_STAT":"F","CC_STAT":"F","NAME_GERM":"Österreich"},"id":"AT222"},{"arcs":[[835,-829,836,-830,-219,-792]],"type":"Polygon","properties":{"NUTS_ID":"AT223","LEVL_CODE":3,"CNTR_CODE":"AT","NAME_LATN":"Östliche Obersteiermark","NUTS_NAME":"Östliche Obersteiermark","MOUNT_TYPE":3,"URBN_TYPE":2,"COAST_TYPE":3,"NAME_ENGL":"Austria","NAME_FREN":"Autriche","ISO3_CODE":"AUT","SVRG_UN":"UN Member State","CAPT":"Vienna","EU_STAT":"T","EFTA_STAT":"F","CC_STAT":"F","NAME_GERM":"Österreich"},"id":"AT223"},{"arcs":[[-215,837,838,839,-826,-836,-791]],"type":"Polygon","properties":{"NUTS_ID":"AT224","LEVL_CODE":3,"CNTR_CODE":"AT","NAME_LATN":"Oststeiermark","NUTS_NAME":"Oststeiermark","MOUNT_TYPE":2,"URBN_TYPE":3,"COAST_TYPE":3,"NAME_ENGL":"Austria","NAME_FREN":"Autriche","ISO3_CODE":"AUT","SVRG_UN":"UN Member State","CAPT":"Vienna","EU_STAT":"T","EFTA_STAT":"F","CC_STAT":"F","NAME_GERM":"Österreich"},"id":"AT224"},{"arcs":[[-840,840,841,-821,842,-827]],"type":"Polygon","properties":{"NUTS_ID":"AT225","LEVL_CODE":3,"CNTR_CODE":"AT","NAME_LATN":"West- und Südsteiermark","NUTS_NAME":"West- und Südsteiermark","MOUNT_TYPE":3,"URBN_TYPE":3,"COAST_TYPE":3,"NAME_ENGL":"Austria","NAME_FREN":"Autriche","ISO3_CODE":"AUT","SVRG_UN":"UN Member State","CAPT":"Vienna","EU_STAT":"T","EFTA_STAT":"F","CC_STAT":"F","NAME_GERM":"Österreich"},"id":"AT225"},{"arcs":[[-837,-828,-843,-825,-815,843,-831]],"type":"Polygon","properties":{"NUTS_ID":"AT226","LEVL_CODE":3,"CNTR_CODE":"AT","NAME_LATN":"Westliche Obersteiermark","NUTS_NAME":"Westliche Obersteiermark","MOUNT_TYPE":3,"URBN_TYPE":3,"COAST_TYPE":3,"NAME_ENGL":"Austria","NAME_FREN":"Autriche","ISO3_CODE":"AUT","SVRG_UN":"UN Member State","CAPT":"Vienna","EU_STAT":"T","EFTA_STAT":"F","CC_STAT":"F","NAME_GERM":"Österreich"},"id":"AT226"},{"arcs":[[844,845,846,847,-667,-601,-694,-691,-673,-690]],"type":"Polygon","properties":{"NUTS_ID":"AT311","LEVL_CODE":3,"CNTR_CODE":"AT","NAME_LATN":"Innviertel","NUTS_NAME":"Innviertel","MOUNT_TYPE":4,"URBN_TYPE":3,"COAST_TYPE":3,"NAME_ENGL":"Austria","NAME_FREN":"Autriche","ISO3_CODE":"AUT","SVRG_UN":"UN Member State","CAPT":"Vienna","EU_STAT":"T","EFTA_STAT":"F","CC_STAT":"F","NAME_GERM":"Österreich"},"id":"AT311"},{"arcs":[[-222,848,849,-846,850]],"type":"Polygon","properties":{"NUTS_ID":"AT312","LEVL_CODE":3,"CNTR_CODE":"AT","NAME_LATN":"Linz-Wels","NUTS_NAME":"Linz-Wels","MOUNT_TYPE":4,"URBN_TYPE":2,"COAST_TYPE":3,"NAME_ENGL":"Austria","NAME_FREN":"Autriche","ISO3_CODE":"AUT","SVRG_UN":"UN Member State","CAPT":"Vienna","EU_STAT":"T","EFTA_STAT":"F","CC_STAT":"F","NAME_GERM":"Österreich"},"id":"AT312"},{"arcs":[[-800,-223,-851,-845,-689,-682,-286]],"type":"Polygon","properties":{"NUTS_ID":"AT313","LEVL_CODE":3,"CNTR_CODE":"AT","NAME_LATN":"Mühlviertel","NUTS_NAME":"Mühlviertel","MOUNT_TYPE":3,"URBN_TYPE":3,"COAST_TYPE":3,"NAME_ENGL":"Austria","NAME_FREN":"Autriche","ISO3_CODE":"AUT","SVRG_UN":"UN Member State","CAPT":"Vienna","EU_STAT":"T","EFTA_STAT":"F","CC_STAT":"F","NAME_GERM":"Österreich"},"id":"AT313"},{"arcs":[[-835,851,-849,-221]],"type":"Polygon","properties":{"NUTS_ID":"AT314","LEVL_CODE":3,"CNTR_CODE":"AT","NAME_LATN":"Steyr-Kirchdorf","NUTS_NAME":"Steyr-Kirchdorf","MOUNT_TYPE":3,"URBN_TYPE":3,"COAST_TYPE":3,"NAME_ENGL":"Austria","NAME_FREN":"Autriche","ISO3_CODE":"AUT","SVRG_UN":"UN Member State","CAPT":"Vienna","EU_STAT":"T","EFTA_STAT":"F","CC_STAT":"F","NAME_GERM":"Österreich"},"id":"AT314"},{"arcs":[[-852,-834,852,853,-847,-850]],"type":"Polygon","properties":{"NUTS_ID":"AT315","LEVL_CODE":3,"CNTR_CODE":"AT","NAME_LATN":"Traunviertel","NUTS_NAME":"Traunviertel","MOUNT_TYPE":3,"URBN_TYPE":3,"COAST_TYPE":3,"NAME_ENGL":"Austria","NAME_FREN":"Autriche","ISO3_CODE":"AUT","SVRG_UN":"UN Member State","CAPT":"Vienna","EU_STAT":"T","EFTA_STAT":"F","CC_STAT":"F","NAME_GERM":"Österreich"},"id":"AT315"},{"arcs":[[-844,-814,854,-832]],"type":"Polygon","properties":{"NUTS_ID":"AT321","LEVL_CODE":3,"CNTR_CODE":"AT","NAME_LATN":"Lungau","NUTS_NAME":"Lungau","MOUNT_TYPE":3,"URBN_TYPE":3,"COAST_TYPE":3,"NAME_ENGL":"Austria","NAME_FREN":"Autriche","ISO3_CODE":"AUT","SVRG_UN":"UN Member State","CAPT":"Vienna","EU_STAT":"T","EFTA_STAT":"F","CC_STAT":"F","NAME_GERM":"Österreich"},"id":"AT321"},{"arcs":[[855,-853,-833,-855,-820,856,857,858,-669,-605]],"type":"Polygon","properties":{"NUTS_ID":"AT322","LEVL_CODE":3,"CNTR_CODE":"AT","NAME_LATN":"Pinzgau-Pongau","NUTS_NAME":"Pinzgau-Pongau","MOUNT_TYPE":3,"URBN_TYPE":3,"COAST_TYPE":3,"NAME_ENGL":"Austria","NAME_FREN":"Autriche","ISO3_CODE":"AUT","SVRG_UN":"UN Member State","CAPT":"Vienna","EU_STAT":"T","EFTA_STAT":"F","CC_STAT":"F","NAME_GERM":"Österreich"},"id":"AT322"},{"arcs":[[-854,-856,-607,-668,-848]],"type":"Polygon","properties":{"NUTS_ID":"AT323","LEVL_CODE":3,"CNTR_CODE":"AT","NAME_LATN":"Salzburg und Umgebung","NUTS_NAME":"Salzburg und Umgebung","MOUNT_TYPE":3,"URBN_TYPE":2,"COAST_TYPE":3,"NAME_ENGL":"Austria","NAME_FREN":"Autriche","ISO3_CODE":"AUT","SVRG_UN":"UN Member State","CAPT":"Vienna","EU_STAT":"T","EFTA_STAT":"F","CC_STAT":"F","NAME_GERM":"Österreich"},"id":"AT323"},{"arcs":[[-642,859,860,861,862]],"type":"Polygon","properties":{"NUTS_ID":"AT331","LEVL_CODE":3,"CNTR_CODE":"AT","NAME_LATN":"Außerfern","NUTS_NAME":"Außerfern","MOUNT_TYPE":3,"URBN_TYPE":3,"COAST_TYPE":3,"NAME_ENGL":"Austria","NAME_FREN":"Autriche","ISO3_CODE":"AUT","SVRG_UN":"UN Member State","CAPT":"Vienna","EU_STAT":"T","EFTA_STAT":"F","CC_STAT":"F","NAME_GERM":"Österreich"},"id":"AT331"},{"arcs":[[863,864,-640,865]],"type":"Polygon","properties":{"NUTS_ID":"AT332","LEVL_CODE":3,"CNTR_CODE":"AT","NAME_LATN":"Innsbruck","NUTS_NAME":"Innsbruck","MOUNT_TYPE":3,"URBN_TYPE":1,"COAST_TYPE":3,"NAME_ENGL":"Austria","NAME_FREN":"Autriche","ISO3_CODE":"AUT","SVRG_UN":"UN Member State","CAPT":"Vienna","EU_STAT":"T","EFTA_STAT":"F","CC_STAT":"F","NAME_GERM":"Österreich"},"id":"AT332"},{"arcs":[[-819,866,867,-857]],"type":"Polygon","properties":{"NUTS_ID":"AT333","LEVL_CODE":3,"CNTR_CODE":"AT","NAME_LATN":"Osttirol","NUTS_NAME":"Osttirol","MOUNT_TYPE":3,"URBN_TYPE":3,"COAST_TYPE":3,"NAME_ENGL":"Austria","NAME_FREN":"Autriche","ISO3_CODE":"AUT","SVRG_UN":"UN Member State","CAPT":"Vienna","EU_STAT":"T","EFTA_STAT":"F","CC_STAT":"F","NAME_GERM":"Österreich"},"id":"AT333"},{"arcs":[[868,-235,869,-860,-641,-865]],"type":"Polygon","properties":{"NUTS_ID":"AT334","LEVL_CODE":3,"CNTR_CODE":"AT","NAME_LATN":"Tiroler Oberland","NUTS_NAME":"Tiroler Oberland","MOUNT_TYPE":3,"URBN_TYPE":3,"COAST_TYPE":3,"NAME_ENGL":"Austria","NAME_FREN":"Autriche","ISO3_CODE":"AUT","SVRG_UN":"UN Member State","CAPT":"Vienna","EU_STAT":"T","EFTA_STAT":"F","CC_STAT":"F","NAME_GERM":"Österreich"},"id":"AT334"},{"arcs":[[-670,-859,870,-866,-639,-609,-650,-665]],"type":"Polygon","properties":{"NUTS_ID":"AT335","LEVL_CODE":3,"CNTR_CODE":"AT","NAME_LATN":"Tiroler Unterland","NUTS_NAME":"Tiroler Unterland","MOUNT_TYPE":3,"URBN_TYPE":3,"COAST_TYPE":3,"NAME_ENGL":"Austria","NAME_FREN":"Autriche","ISO3_CODE":"AUT","SVRG_UN":"UN Member State","CAPT":"Vienna","EU_STAT":"T","EFTA_STAT":"F","CC_STAT":"F","NAME_GERM":"Österreich"},"id":"AT335"},{"arcs":[[-861,-870,-243,871,872,873]],"type":"Polygon","properties":{"NUTS_ID":"AT341","LEVL_CODE":3,"CNTR_CODE":"AT","NAME_LATN":"Bludenz-Bregenzer Wald","NUTS_NAME":"Bludenz-Bregenzer Wald","MOUNT_TYPE":3,"URBN_TYPE":3,"COAST_TYPE":3,"NAME_ENGL":"Austria","NAME_FREN":"Autriche","ISO3_CODE":"AUT","SVRG_UN":"UN Member State","CAPT":"Vienna","EU_STAT":"T","EFTA_STAT":"F","CC_STAT":"F","NAME_GERM":"Österreich"},"id":"AT341"},{"arcs":[[-873,874,-225,875,876]],"type":"Polygon","properties":{"NUTS_ID":"AT342","LEVL_CODE":3,"CNTR_CODE":"AT","NAME_LATN":"Rheintal-Bodenseegebiet","NUTS_NAME":"Rheintal-Bodenseegebiet","MOUNT_TYPE":3,"URBN_TYPE":1,"COAST_TYPE":3,"NAME_ENGL":"Austria","NAME_FREN":"Autriche","ISO3_CODE":"AUT","SVRG_UN":"UN Member State","CAPT":"Vienna","EU_STAT":"T","EFTA_STAT":"F","CC_STAT":"F","NAME_GERM":"Österreich"},"id":"AT342"},{"arcs":[[877]],"type":"Polygon","properties":{"NUTS_ID":"BE100","LEVL_CODE":3,"CNTR_CODE":"BE","NAME_LATN":"Arr. de Bruxelles-Capitale/Arr. Brussel-Hoofdstad","NUTS_NAME":"Arr. de Bruxelles-Capitale/Arr. Brussel-Hoofdstad","MOUNT_TYPE":4,"URBN_TYPE":1,"COAST_TYPE":3,"NAME_ENGL":"Belgium","NAME_FREN":"Belgique","ISO3_CODE":"BEL","SVRG_UN":"UN Member State","CAPT":"Brussels","EU_STAT":"T","EFTA_STAT":"F","CC_STAT":"F","NAME_GERM":"Belgien"},"id":"BE100"},{"arcs":[[878,879,880,881,882,883]],"type":"Polygon","properties":{"NUTS_ID":"BE211","LEVL_CODE":3,"CNTR_CODE":"BE","NAME_LATN":"Arr. Antwerpen","NUTS_NAME":"Arr. Antwerpen","MOUNT_TYPE":4,"URBN_TYPE":1,"COAST_TYPE":1,"NAME_ENGL":"Belgium","NAME_FREN":"Belgique","ISO3_CODE":"BEL","SVRG_UN":"UN Member State","CAPT":"Brussels","EU_STAT":"T","EFTA_STAT":"F","CC_STAT":"F","NAME_GERM":"Belgien"},"id":"BE211"},{"arcs":[[884,885,886,887,-880,888]],"type":"Polygon","properties":{"NUTS_ID":"BE212","LEVL_CODE":3,"CNTR_CODE":"BE","NAME_LATN":"Arr. Mechelen","NUTS_NAME":"Arr. Mechelen","MOUNT_TYPE":4,"URBN_TYPE":1,"COAST_TYPE":2,"NAME_ENGL":"Belgium","NAME_FREN":"Belgique","ISO3_CODE":"BEL","SVRG_UN":"UN Member State","CAPT":"Brussels","EU_STAT":"T","EFTA_STAT":"F","CC_STAT":"F","NAME_GERM":"Belgien"},"id":"BE212"},{"arcs":[[889,890,891,892,-889,-879,893,894]],"type":"Polygon","properties":{"NUTS_ID":"BE213","LEVL_CODE":3,"CNTR_CODE":"BE","NAME_LATN":"Arr. Turnhout","NUTS_NAME":"Arr. Turnhout","MOUNT_TYPE":4,"URBN_TYPE":2,"COAST_TYPE":3,"NAME_ENGL":"Belgium","NAME_FREN":"Belgique","ISO3_CODE":"BEL","SVRG_UN":"UN Member State","CAPT":"Brussels","EU_STAT":"T","EFTA_STAT":"F","CC_STAT":"F","NAME_GERM":"Belgien"},"id":"BE213"},{"arcs":[[895,896,897,-892,898]],"type":"Polygon","properties":{"NUTS_ID":"BE224","LEVL_CODE":3,"CNTR_CODE":"BE","NAME_LATN":"Arr. Hasselt","NUTS_NAME":"Arr. Hasselt","MOUNT_TYPE":4,"URBN_TYPE":1,"COAST_TYPE":3,"NAME_ENGL":"Belgium","NAME_FREN":"Belgique","ISO3_CODE":"BEL","SVRG_UN":"UN Member State","CAPT":"Brussels","EU_STAT":"T","EFTA_STAT":"F","CC_STAT":"F","NAME_GERM":"Belgien"},"id":"BE224"},{"arcs":[[899,900,-899,-891,901,902]],"type":"Polygon","properties":{"NUTS_ID":"BE225","LEVL_CODE":3,"CNTR_CODE":"BE","NAME_LATN":"Arr. Maaseik","NUTS_NAME":"Arr. Maaseik","MOUNT_TYPE":4,"URBN_TYPE":2,"COAST_TYPE":3,"NAME_ENGL":"Belgium","NAME_FREN":"Belgique","ISO3_CODE":"BEL","SVRG_UN":"UN Member State","CAPT":"Brussels","EU_STAT":"T","EFTA_STAT":"F","CC_STAT":"F","NAME_GERM":"Belgien"},"id":"BE225"},{"arcs":[[[903,904,-896,-901,905]],[[906,907,908]]],"type":"MultiPolygon","properties":{"NUTS_ID":"BE223","LEVL_CODE":3,"CNTR_CODE":"BE","NAME_LATN":"Arr. Tongeren","NUTS_NAME":"Arr. Tongeren","MOUNT_TYPE":4,"URBN_TYPE":2,"COAST_TYPE":3,"NAME_ENGL":"Belgium","NAME_FREN":"Belgique","ISO3_CODE":"BEL","SVRG_UN":"UN Member State","CAPT":"Brussels","EU_STAT":"T","EFTA_STAT":"F","CC_STAT":"F","NAME_GERM":"Belgien"},"id":"BE223"},{"arcs":[[909,910,911,912,913]],"type":"Polygon","properties":{"NUTS_ID":"BE231","LEVL_CODE":3,"CNTR_CODE":"BE","NAME_LATN":"Arr. Aalst","NUTS_NAME":"Arr. Aalst","MOUNT_TYPE":4,"URBN_TYPE":1,"COAST_TYPE":2,"NAME_ENGL":"Belgium","NAME_FREN":"Belgique","ISO3_CODE":"BEL","SVRG_UN":"UN Member State","CAPT":"Brussels","EU_STAT":"T","EFTA_STAT":"F","CC_STAT":"F","NAME_GERM":"Belgien"},"id":"BE231"},{"arcs":[[-887,914,-913,915,916]],"type":"Polygon","properties":{"NUTS_ID":"BE232","LEVL_CODE":3,"CNTR_CODE":"BE","NAME_LATN":"Arr. Dendermonde","NUTS_NAME":"Arr. Dendermonde","MOUNT_TYPE":4,"URBN_TYPE":1,"COAST_TYPE":2,"NAME_ENGL":"Belgium","NAME_FREN":"Belgique","ISO3_CODE":"BEL","SVRG_UN":"UN Member State","CAPT":"Brussels","EU_STAT":"T","EFTA_STAT":"F","CC_STAT":"F","NAME_GERM":"Belgien"},"id":"BE232"},{"arcs":[[917,918,919]],"type":"Polygon","properties":{"NUTS_ID":"BE233","LEVL_CODE":3,"CNTR_CODE":"BE","NAME_LATN":"Arr. Eeklo","NUTS_NAME":"Arr. Eeklo","MOUNT_TYPE":4,"URBN_TYPE":2,"COAST_TYPE":2,"NAME_ENGL":"Belgium","NAME_FREN":"Belgique","ISO3_CODE":"BEL","SVRG_UN":"UN Member State","CAPT":"Brussels","EU_STAT":"T","EFTA_STAT":"F","CC_STAT":"F","NAME_GERM":"Belgien"},"id":"BE233"},{"arcs":[[-916,-912,920,921,922,923,-918,924,925]],"type":"Polygon","properties":{"NUTS_ID":"BE234","LEVL_CODE":3,"CNTR_CODE":"BE","NAME_LATN":"Arr. Gent","NUTS_NAME":"Arr. Gent","MOUNT_TYPE":4,"URBN_TYPE":2,"COAST_TYPE":2,"NAME_ENGL":"Belgium","NAME_FREN":"Belgique","ISO3_CODE":"BEL","SVRG_UN":"UN Member State","CAPT":"Brussels","EU_STAT":"T","EFTA_STAT":"F","CC_STAT":"F","NAME_GERM":"Belgien"},"id":"BE234"},{"arcs":[[-911,926,927,928,-921]],"type":"Polygon","properties":{"NUTS_ID":"BE235","LEVL_CODE":3,"CNTR_CODE":"BE","NAME_LATN":"Arr. Oudenaarde","NUTS_NAME":"Arr. Oudenaarde","MOUNT_TYPE":4,"URBN_TYPE":2,"COAST_TYPE":3,"NAME_ENGL":"Belgium","NAME_FREN":"Belgique","ISO3_CODE":"BEL","SVRG_UN":"UN Member State","CAPT":"Brussels","EU_STAT":"T","EFTA_STAT":"F","CC_STAT":"F","NAME_GERM":"Belgien"},"id":"BE235"},{"arcs":[[-888,-917,-926,929,930,-881]],"type":"Polygon","properties":{"NUTS_ID":"BE236","LEVL_CODE":3,"CNTR_CODE":"BE","NAME_LATN":"Arr. Sint-Niklaas","NUTS_NAME":"Arr. Sint-Niklaas","MOUNT_TYPE":4,"URBN_TYPE":1,"COAST_TYPE":1,"NAME_ENGL":"Belgium","NAME_FREN":"Belgique","ISO3_CODE":"BEL","SVRG_UN":"UN Member State","CAPT":"Brussels","EU_STAT":"T","EFTA_STAT":"F","CC_STAT":"F","NAME_GERM":"Belgien"},"id":"BE236"},{"arcs":[[931,932,933,-914,-915,-886],[-878]],"type":"Polygon","properties":{"NUTS_ID":"BE241","LEVL_CODE":3,"CNTR_CODE":"BE","NAME_LATN":"Arr. Halle-Vilvoorde","NUTS_NAME":"Arr. Halle-Vilvoorde","MOUNT_TYPE":4,"URBN_TYPE":1,"COAST_TYPE":3,"NAME_ENGL":"Belgium","NAME_FREN":"Belgique","ISO3_CODE":"BEL","SVRG_UN":"UN Member State","CAPT":"Brussels","EU_STAT":"T","EFTA_STAT":"F","CC_STAT":"F","NAME_GERM":"Belgien"},"id":"BE241"},{"arcs":[[-898,934,935,-932,-885,-893]],"type":"Polygon","properties":{"NUTS_ID":"BE242","LEVL_CODE":3,"CNTR_CODE":"BE","NAME_LATN":"Arr. Leuven","NUTS_NAME":"Arr. Leuven","MOUNT_TYPE":4,"URBN_TYPE":2,"COAST_TYPE":3,"NAME_ENGL":"Belgium","NAME_FREN":"Belgique","ISO3_CODE":"BEL","SVRG_UN":"UN Member State","CAPT":"Brussels","EU_STAT":"T","EFTA_STAT":"F","CC_STAT":"F","NAME_GERM":"Belgien"},"id":"BE242"},{"arcs":[[-919,-924,936,937,938,939,940,941]],"type":"Polygon","properties":{"NUTS_ID":"BE251","LEVL_CODE":3,"CNTR_CODE":"BE","NAME_LATN":"Arr. Brugge","NUTS_NAME":"Arr. Brugge","MOUNT_TYPE":4,"URBN_TYPE":2,"COAST_TYPE":1,"NAME_ENGL":"Belgium","NAME_FREN":"Belgique","ISO3_CODE":"BEL","SVRG_UN":"UN Member State","CAPT":"Brussels","EU_STAT":"T","EFTA_STAT":"F","CC_STAT":"F","NAME_GERM":"Belgien"},"id":"BE251"},{"arcs":[[-939,942,943,944,945]],"type":"Polygon","properties":{"NUTS_ID":"BE252","LEVL_CODE":3,"CNTR_CODE":"BE","NAME_LATN":"Arr. Diksmuide","NUTS_NAME":"Arr. Diksmuide","MOUNT_TYPE":4,"URBN_TYPE":2,"COAST_TYPE":2,"NAME_ENGL":"Belgium","NAME_FREN":"Belgique","ISO3_CODE":"BEL","SVRG_UN":"UN Member State","CAPT":"Brussels","EU_STAT":"T","EFTA_STAT":"F","CC_STAT":"F","NAME_GERM":"Belgien"},"id":"BE252"},{"arcs":[[946,947,948,949,950,-944,951]],"type":"Polygon","properties":{"NUTS_ID":"BE253","LEVL_CODE":3,"CNTR_CODE":"BE","NAME_LATN":"Arr. Ieper","NUTS_NAME":"Arr. Ieper","MOUNT_TYPE":4,"URBN_TYPE":2,"COAST_TYPE":2,"NAME_ENGL":"Belgium","NAME_FREN":"Belgique","ISO3_CODE":"BEL","SVRG_UN":"UN Member State","CAPT":"Brussels","EU_STAT":"T","EFTA_STAT":"F","CC_STAT":"F","NAME_GERM":"Belgien"},"id":"BE253"},{"arcs":[[-929,952,953,-947,954,955,-922]],"type":"Polygon","properties":{"NUTS_ID":"BE254","LEVL_CODE":3,"CNTR_CODE":"BE","NAME_LATN":"Arr. Kortrijk","NUTS_NAME":"Arr. Kortrijk","MOUNT_TYPE":4,"URBN_TYPE":1,"COAST_TYPE":3,"NAME_ENGL":"Belgium","NAME_FREN":"Belgique","ISO3_CODE":"BEL","SVRG_UN":"UN Member State","CAPT":"Brussels","EU_STAT":"T","EFTA_STAT":"F","CC_STAT":"F","NAME_GERM":"Belgien"},"id":"BE254"},{"arcs":[[-946,956,957,-940]],"type":"Polygon","properties":{"NUTS_ID":"BE255","LEVL_CODE":3,"CNTR_CODE":"BE","NAME_LATN":"Arr. Oostende","NUTS_NAME":"Arr. Oostende","MOUNT_TYPE":4,"URBN_TYPE":2,"COAST_TYPE":1,"NAME_ENGL":"Belgium","NAME_FREN":"Belgique","ISO3_CODE":"BEL","SVRG_UN":"UN Member State","CAPT":"Brussels","EU_STAT":"T","EFTA_STAT":"F","CC_STAT":"F","NAME_GERM":"Belgien"},"id":"BE255"},{"arcs":[[-955,-952,-943,-938,958]],"type":"Polygon","properties":{"NUTS_ID":"BE256","LEVL_CODE":3,"CNTR_CODE":"BE","NAME_LATN":"Arr. Roeselare","NUTS_NAME":"Arr. Roeselare","MOUNT_TYPE":4,"URBN_TYPE":2,"COAST_TYPE":2,"NAME_ENGL":"Belgium","NAME_FREN":"Belgique","ISO3_CODE":"BEL","SVRG_UN":"UN Member State","CAPT":"Brussels","EU_STAT":"T","EFTA_STAT":"F","CC_STAT":"F","NAME_GERM":"Belgien"},"id":"BE256"},{"arcs":[[-956,-959,-937,-923]],"type":"Polygon","properties":{"NUTS_ID":"BE257","LEVL_CODE":3,"CNTR_CODE":"BE","NAME_LATN":"Arr. Tielt","NUTS_NAME":"Arr. Tielt","MOUNT_TYPE":4,"URBN_TYPE":2,"COAST_TYPE":2,"NAME_ENGL":"Belgium","NAME_FREN":"Belgique","ISO3_CODE":"BEL","SVRG_UN":"UN Member State","CAPT":"Brussels","EU_STAT":"T","EFTA_STAT":"F","CC_STAT":"F","NAME_GERM":"Belgien"},"id":"BE257"},{"arcs":[[-945,-951,959,960,-957]],"type":"Polygon","properties":{"NUTS_ID":"BE258","LEVL_CODE":3,"CNTR_CODE":"BE","NAME_LATN":"Arr. Veurne","NUTS_NAME":"Arr. Veurne","MOUNT_TYPE":4,"URBN_TYPE":2,"COAST_TYPE":1,"NAME_ENGL":"Belgium","NAME_FREN":"Belgique","ISO3_CODE":"BEL","SVRG_UN":"UN Member State","CAPT":"Brussels","EU_STAT":"T","EFTA_STAT":"F","CC_STAT":"F","NAME_GERM":"Belgien"},"id":"BE258"},{"arcs":[[961,962,963,964,965,-933,-936]],"type":"Polygon","properties":{"NUTS_ID":"BE310","LEVL_CODE":3,"CNTR_CODE":"BE","NAME_LATN":"Arr. Nivelles","NUTS_NAME":"Arr. Nivelles","MOUNT_TYPE":4,"URBN_TYPE":2,"COAST_TYPE":3,"NAME_ENGL":"Belgium","NAME_FREN":"Belgique","ISO3_CODE":"BEL","SVRG_UN":"UN Member State","CAPT":"Brussels","EU_STAT":"T","EFTA_STAT":"F","CC_STAT":"F","NAME_GERM":"Belgien"},"id":"BE310"},{"arcs":[[-934,-966,966,967,968,969,-927,-910]],"type":"Polygon","properties":{"NUTS_ID":"BE32A","LEVL_CODE":3,"CNTR_CODE":"BE","NAME_LATN":"Arr. Ath","NUTS_NAME":"Arr. Ath","MOUNT_TYPE":4,"URBN_TYPE":3,"COAST_TYPE":3,"NAME_ENGL":"Belgium","NAME_FREN":"Belgique","ISO3_CODE":"BEL","SVRG_UN":"UN Member State","CAPT":"Brussels","EU_STAT":"T","EFTA_STAT":"F","CC_STAT":"F","NAME_GERM":"Belgien"},"id":"BE32A"},{"arcs":[[970,-964,971,972,973,974]],"type":"Polygon","properties":{"NUTS_ID":"BE32B","LEVL_CODE":3,"CNTR_CODE":"BE","NAME_LATN":"Arr. Charleroi","NUTS_NAME":"Arr. Charleroi","MOUNT_TYPE":4,"URBN_TYPE":1,"COAST_TYPE":3,"NAME_ENGL":"Belgium","NAME_FREN":"Belgique","ISO3_CODE":"BEL","SVRG_UN":"UN Member State","CAPT":"Brussels","EU_STAT":"T","EFTA_STAT":"F","CC_STAT":"F","NAME_GERM":"Belgien"},"id":"BE32B"},{"arcs":[[975,-968,976,977]],"type":"Polygon","properties":{"NUTS_ID":"BE323","LEVL_CODE":3,"CNTR_CODE":"BE","NAME_LATN":"Arr. Mons","NUTS_NAME":"Arr. Mons","MOUNT_TYPE":4,"URBN_TYPE":1,"COAST_TYPE":3,"NAME_ENGL":"Belgium","NAME_FREN":"Belgique","ISO3_CODE":"BEL","SVRG_UN":"UN Member State","CAPT":"Brussels","EU_STAT":"T","EFTA_STAT":"F","CC_STAT":"F","NAME_GERM":"Belgien"},"id":"BE323"},{"arcs":[[[-970,978,-953,-928]],[[979,-949]]],"type":"MultiPolygon","properties":{"NUTS_ID":"BE328","LEVL_CODE":3,"CNTR_CODE":"BE","NAME_LATN":"Arr. Tournai-Mouscron","NUTS_NAME":"Arr. Tournai-Mouscron","MOUNT_TYPE":4,"URBN_TYPE":2,"COAST_TYPE":3,"NAME_ENGL":"Belgium","NAME_FREN":"Belgique","ISO3_CODE":"BEL","SVRG_UN":"UN Member State","CAPT":"Brussels","EU_STAT":"T","EFTA_STAT":"F","CC_STAT":"F","NAME_GERM":"Belgien"},"id":"BE328"},{"arcs":[[980,-977,-967,-965,-971]],"type":"Polygon","properties":{"NUTS_ID":"BE32C","LEVL_CODE":3,"CNTR_CODE":"BE","NAME_LATN":"Arr. Soignies","NUTS_NAME":"Arr. Soignies","MOUNT_TYPE":4,"URBN_TYPE":2,"COAST_TYPE":3,"NAME_ENGL":"Belgium","NAME_FREN":"Belgique","ISO3_CODE":"BEL","SVRG_UN":"UN Member State","CAPT":"Brussels","EU_STAT":"T","EFTA_STAT":"F","CC_STAT":"F","NAME_GERM":"Belgien"},"id":"BE32C"},{"arcs":[[981,-974,982,983,984,985]],"type":"Polygon","properties":{"NUTS_ID":"BE32D","LEVL_CODE":3,"CNTR_CODE":"BE","NAME_LATN":"Arr. Thuin","NUTS_NAME":"Arr. Thuin","MOUNT_TYPE":4,"URBN_TYPE":3,"COAST_TYPE":3,"NAME_ENGL":"Belgium","NAME_FREN":"Belgique","ISO3_CODE":"BEL","SVRG_UN":"UN Member State","CAPT":"Brussels","EU_STAT":"T","EFTA_STAT":"F","CC_STAT":"F","NAME_GERM":"Belgien"},"id":"BE32D"},{"arcs":[[986,987,988,989,990,991]],"type":"Polygon","properties":{"NUTS_ID":"BE331","LEVL_CODE":3,"CNTR_CODE":"BE","NAME_LATN":"Arr. Huy","NUTS_NAME":"Arr. Huy","MOUNT_TYPE":4,"URBN_TYPE":3,"COAST_TYPE":3,"NAME_ENGL":"Belgium","NAME_FREN":"Belgique","ISO3_CODE":"BEL","SVRG_UN":"UN Member State","CAPT":"Brussels","EU_STAT":"T","EFTA_STAT":"F","CC_STAT":"F","NAME_GERM":"Belgien"},"id":"BE331"},{"arcs":[[-908,992,-987,993,-904,994]],"type":"Polygon","properties":{"NUTS_ID":"BE332","LEVL_CODE":3,"CNTR_CODE":"BE","NAME_LATN":"Arr. Liège","NUTS_NAME":"Arr. Liège","MOUNT_TYPE":4,"URBN_TYPE":1,"COAST_TYPE":3,"NAME_ENGL":"Belgium","NAME_FREN":"Belgique","ISO3_CODE":"BEL","SVRG_UN":"UN Member State","CAPT":"Brussels","EU_STAT":"T","EFTA_STAT":"F","CC_STAT":"F","NAME_GERM":"Belgien"},"id":"BE332"},{"arcs":[[-897,-905,-994,-992,995,-962,-935]],"type":"Polygon","properties":{"NUTS_ID":"BE334","LEVL_CODE":3,"CNTR_CODE":"BE","NAME_LATN":"Arr. Waremme","NUTS_NAME":"Arr. Waremme","MOUNT_TYPE":4,"URBN_TYPE":3,"COAST_TYPE":3,"NAME_ENGL":"Belgium","NAME_FREN":"Belgique","ISO3_CODE":"BEL","SVRG_UN":"UN Member State","CAPT":"Brussels","EU_STAT":"T","EFTA_STAT":"F","CC_STAT":"F","NAME_GERM":"Belgien"},"id":"BE334"},{"arcs":[[996,997,998,999,1000,-988,-993,-907,1001]],"type":"Polygon","properties":{"NUTS_ID":"BE335","LEVL_CODE":3,"CNTR_CODE":"BE","NAME_LATN":"Arr. Verviers — communes francophones","NUTS_NAME":"Arr. Verviers — communes francophones","MOUNT_TYPE":2,"URBN_TYPE":2,"COAST_TYPE":3,"NAME_ENGL":"Belgium","NAME_FREN":"Belgique","ISO3_CODE":"BEL","SVRG_UN":"UN Member State","CAPT":"Brussels","EU_STAT":"T","EFTA_STAT":"F","CC_STAT":"F","NAME_GERM":"Belgien"},"id":"BE335"},{"arcs":[[[1002,1003,-999,1004,1005,1006]],[[-997,1007]]],"type":"MultiPolygon","properties":{"NUTS_ID":"BE336","LEVL_CODE":3,"CNTR_CODE":"BE","NAME_LATN":"Bezirk Verviers — Deutschsprachige Gemeinschaft","NUTS_NAME":"Bezirk Verviers — Deutschsprachige Gemeinschaft","MOUNT_TYPE":4,"URBN_TYPE":3,"COAST_TYPE":3,"NAME_ENGL":"Belgium","NAME_FREN":"Belgique","ISO3_CODE":"BEL","SVRG_UN":"UN Member State","CAPT":"Brussels","EU_STAT":"T","EFTA_STAT":"F","CC_STAT":"F","NAME_GERM":"Belgien"},"id":"BE336"},{"arcs":[[1008,1009,1010,1011,1012]],"type":"Polygon","properties":{"NUTS_ID":"BE341","LEVL_CODE":3,"CNTR_CODE":"BE","NAME_LATN":"Arr. Arlon","NUTS_NAME":"Arr. Arlon","MOUNT_TYPE":4,"URBN_TYPE":3,"COAST_TYPE":3,"NAME_ENGL":"Belgium","NAME_FREN":"Belgique","ISO3_CODE":"BEL","SVRG_UN":"UN Member State","CAPT":"Brussels","EU_STAT":"T","EFTA_STAT":"F","CC_STAT":"F","NAME_GERM":"Belgien"},"id":"BE341"},{"arcs":[[1013,-1009,1014,1015,-1000,-1004]],"type":"Polygon","properties":{"NUTS_ID":"BE342","LEVL_CODE":3,"CNTR_CODE":"BE","NAME_LATN":"Arr. Bastogne","NUTS_NAME":"Arr. Bastogne","MOUNT_TYPE":4,"URBN_TYPE":3,"COAST_TYPE":3,"NAME_ENGL":"Belgium","NAME_FREN":"Belgique","ISO3_CODE":"BEL","SVRG_UN":"UN Member State","CAPT":"Brussels","EU_STAT":"T","EFTA_STAT":"F","CC_STAT":"F","NAME_GERM":"Belgien"},"id":"BE342"},{"arcs":[[-1001,-1016,1016,1017,-989]],"type":"Polygon","properties":{"NUTS_ID":"BE343","LEVL_CODE":3,"CNTR_CODE":"BE","NAME_LATN":"Arr. Marche-en-Famenne","NUTS_NAME":"Arr. Marche-en-Famenne","MOUNT_TYPE":4,"URBN_TYPE":3,"COAST_TYPE":3,"NAME_ENGL":"Belgium","NAME_FREN":"Belgique","ISO3_CODE":"BEL","SVRG_UN":"UN Member State","CAPT":"Brussels","EU_STAT":"T","EFTA_STAT":"F","CC_STAT":"F","NAME_GERM":"Belgien"},"id":"BE343"},{"arcs":[[-1015,-1013,1018,1019,1020,-1017]],"type":"Polygon","properties":{"NUTS_ID":"BE344","LEVL_CODE":3,"CNTR_CODE":"BE","NAME_LATN":"Arr. Neufchâteau","NUTS_NAME":"Arr. Neufchâteau","MOUNT_TYPE":4,"URBN_TYPE":3,"COAST_TYPE":3,"NAME_ENGL":"Belgium","NAME_FREN":"Belgique","ISO3_CODE":"BEL","SVRG_UN":"UN Member State","CAPT":"Brussels","EU_STAT":"T","EFTA_STAT":"F","CC_STAT":"F","NAME_GERM":"Belgien"},"id":"BE344"},{"arcs":[[-1019,-1012,1021,1022,1023]],"type":"Polygon","properties":{"NUTS_ID":"BE345","LEVL_CODE":3,"CNTR_CODE":"BE","NAME_LATN":"Arr. Virton","NUTS_NAME":"Arr. Virton","MOUNT_TYPE":4,"URBN_TYPE":3,"COAST_TYPE":3,"NAME_ENGL":"Belgium","NAME_FREN":"Belgique","ISO3_CODE":"BEL","SVRG_UN":"UN Member State","CAPT":"Brussels","EU_STAT":"T","EFTA_STAT":"F","CC_STAT":"F","NAME_GERM":"Belgien"},"id":"BE345"},{"arcs":[[-1018,-1021,1024,1025,1026,-990]],"type":"Polygon","properties":{"NUTS_ID":"BE351","LEVL_CODE":3,"CNTR_CODE":"BE","NAME_LATN":"Arr. Dinant","NUTS_NAME":"Arr. Dinant","MOUNT_TYPE":4,"URBN_TYPE":3,"COAST_TYPE":3,"NAME_ENGL":"Belgium","NAME_FREN":"Belgique","ISO3_CODE":"BEL","SVRG_UN":"UN Member State","CAPT":"Brussels","EU_STAT":"T","EFTA_STAT":"F","CC_STAT":"F","NAME_GERM":"Belgien"},"id":"BE351"},{"arcs":[[-991,-1027,1027,-972,-963,-996]],"type":"Polygon","properties":{"NUTS_ID":"BE352","LEVL_CODE":3,"CNTR_CODE":"BE","NAME_LATN":"Arr. Namur","NUTS_NAME":"Arr. Namur","MOUNT_TYPE":4,"URBN_TYPE":2,"COAST_TYPE":3,"NAME_ENGL":"Belgium","NAME_FREN":"Belgique","ISO3_CODE":"BEL","SVRG_UN":"UN Member State","CAPT":"Brussels","EU_STAT":"T","EFTA_STAT":"F","CC_STAT":"F","NAME_GERM":"Belgien"},"id":"BE352"},{"arcs":[[-1028,-1026,1028,-983,-973]],"type":"Polygon","properties":{"NUTS_ID":"BE353","LEVL_CODE":3,"CNTR_CODE":"BE","NAME_LATN":"Arr. Philippeville","NUTS_NAME":"Arr. Philippeville","MOUNT_TYPE":4,"URBN_TYPE":3,"COAST_TYPE":3,"NAME_ENGL":"Belgium","NAME_FREN":"Belgique","ISO3_CODE":"BEL","SVRG_UN":"UN Member State","CAPT":"Brussels","EU_STAT":"T","EFTA_STAT":"F","CC_STAT":"F","NAME_GERM":"Belgien"},"id":"BE353"},{"arcs":[[1029,1030,1031,1032,1033,1034]],"type":"Polygon","properties":{"NUTS_ID":"BG311","LEVL_CODE":3,"CNTR_CODE":"BG","NAME_LATN":"Vidin","NUTS_NAME":"Видин","MOUNT_TYPE":4,"URBN_TYPE":3,"COAST_TYPE":3,"NAME_ENGL":"Bulgaria","NAME_FREN":"Bulgarie","ISO3_CODE":"BGR","SVRG_UN":"UN Member State","CAPT":"Sofia","EU_STAT":"T","EFTA_STAT":"F","CC_STAT":"F","NAME_GERM":"Bulgarien"},"id":"BG311"},{"arcs":[[1035,-76,1036,-1031,1037]],"type":"Polygon","properties":{"NUTS_ID":"BG312","LEVL_CODE":3,"CNTR_CODE":"BG","NAME_LATN":"Montana","NUTS_NAME":"Монтана","MOUNT_TYPE":4,"URBN_TYPE":2,"COAST_TYPE":3,"NAME_ENGL":"Bulgaria","NAME_FREN":"Bulgarie","ISO3_CODE":"BGR","SVRG_UN":"UN Member State","CAPT":"Sofia","EU_STAT":"T","EFTA_STAT":"F","CC_STAT":"F","NAME_GERM":"Bulgarien"},"id":"BG312"},{"arcs":[[1038,1039,1040,-67,-1036,1041]],"type":"Polygon","properties":{"NUTS_ID":"BG313","LEVL_CODE":3,"CNTR_CODE":"BG","NAME_LATN":"Vratsa","NUTS_NAME":"Враца","MOUNT_TYPE":4,"URBN_TYPE":2,"COAST_TYPE":3,"NAME_ENGL":"Bulgaria","NAME_FREN":"Bulgarie","ISO3_CODE":"BGR","SVRG_UN":"UN Member State","CAPT":"Sofia","EU_STAT":"T","EFTA_STAT":"F","CC_STAT":"F","NAME_GERM":"Bulgarien"},"id":"BG313"},{"arcs":[[1042,1043,1044,-1040,1045]],"type":"Polygon","properties":{"NUTS_ID":"BG314","LEVL_CODE":3,"CNTR_CODE":"BG","NAME_LATN":"Pleven","NUTS_NAME":"Плевен","MOUNT_TYPE":4,"URBN_TYPE":2,"COAST_TYPE":3,"NAME_ENGL":"Bulgaria","NAME_FREN":"Bulgarie","ISO3_CODE":"BGR","SVRG_UN":"UN Member State","CAPT":"Sofia","EU_STAT":"T","EFTA_STAT":"F","CC_STAT":"F","NAME_GERM":"Bulgarien"},"id":"BG314"},{"arcs":[[1046,1047,-62,-95,-68,-1041,-1045]],"type":"Polygon","properties":{"NUTS_ID":"BG315","LEVL_CODE":3,"CNTR_CODE":"BG","NAME_LATN":"Lovech","NUTS_NAME":"Ловеч","MOUNT_TYPE":3,"URBN_TYPE":2,"COAST_TYPE":3,"NAME_ENGL":"Bulgaria","NAME_FREN":"Bulgarie","ISO3_CODE":"BGR","SVRG_UN":"UN Member State","CAPT":"Sofia","EU_STAT":"T","EFTA_STAT":"F","CC_STAT":"F","NAME_GERM":"Bulgarien"},"id":"BG315"},{"arcs":[[1048,1049,-54,-64,1050,-1047,-1044,1051]],"type":"Polygon","properties":{"NUTS_ID":"BG321","LEVL_CODE":3,"CNTR_CODE":"BG","NAME_LATN":"Veliko Tarnovo","NUTS_NAME":"Велико Търново","MOUNT_TYPE":4,"URBN_TYPE":2,"COAST_TYPE":3,"NAME_ENGL":"Bulgaria","NAME_FREN":"Bulgarie","ISO3_CODE":"BGR","SVRG_UN":"UN Member State","CAPT":"Sofia","EU_STAT":"T","EFTA_STAT":"F","CC_STAT":"F","NAME_GERM":"Bulgarien"},"id":"BG321"},{"arcs":[[-63,-1048,-1051]],"type":"Polygon","properties":{"NUTS_ID":"BG322","LEVL_CODE":3,"CNTR_CODE":"BG","NAME_LATN":"Gabrovo","NUTS_NAME":"Габрово","MOUNT_TYPE":3,"URBN_TYPE":2,"COAST_TYPE":3,"NAME_ENGL":"Bulgaria","NAME_FREN":"Bulgarie","ISO3_CODE":"BGR","SVRG_UN":"UN Member State","CAPT":"Sofia","EU_STAT":"T","EFTA_STAT":"F","CC_STAT":"F","NAME_GERM":"Bulgarien"},"id":"BG322"},{"arcs":[[1052,1053,-1049,1054,1055,1056]],"type":"Polygon","properties":{"NUTS_ID":"BG323","LEVL_CODE":3,"CNTR_CODE":"BG","NAME_LATN":"Ruse","NUTS_NAME":"Русе","MOUNT_TYPE":4,"URBN_TYPE":2,"COAST_TYPE":3,"NAME_ENGL":"Bulgaria","NAME_FREN":"Bulgarie","ISO3_CODE":"BGR","SVRG_UN":"UN Member State","CAPT":"Sofia","EU_STAT":"T","EFTA_STAT":"F","CC_STAT":"F","NAME_GERM":"Bulgarien"},"id":"BG323"},{"arcs":[[1057,1058,-1053,1059]],"type":"Polygon","properties":{"NUTS_ID":"BG324","LEVL_CODE":3,"CNTR_CODE":"BG","NAME_LATN":"Razgrad","NUTS_NAME":"Разград","MOUNT_TYPE":4,"URBN_TYPE":3,"COAST_TYPE":3,"NAME_ENGL":"Bulgaria","NAME_FREN":"Bulgarie","ISO3_CODE":"BGR","SVRG_UN":"UN Member State","CAPT":"Sofia","EU_STAT":"T","EFTA_STAT":"F","CC_STAT":"F","NAME_GERM":"Bulgarien"},"id":"BG324"},{"arcs":[[1060,1061,1062,-1060,-1057,1063,1064]],"type":"Polygon","properties":{"NUTS_ID":"BG325","LEVL_CODE":3,"CNTR_CODE":"BG","NAME_LATN":"Silistra","NUTS_NAME":"Силистра","MOUNT_TYPE":4,"URBN_TYPE":3,"COAST_TYPE":3,"NAME_ENGL":"Bulgaria","NAME_FREN":"Bulgarie","ISO3_CODE":"BGR","SVRG_UN":"UN Member State","CAPT":"Sofia","EU_STAT":"T","EFTA_STAT":"F","CC_STAT":"F","NAME_GERM":"Bulgarien"},"id":"BG325"},{"arcs":[[1065,-50,1066,1067]],"type":"Polygon","properties":{"NUTS_ID":"BG331","LEVL_CODE":3,"CNTR_CODE":"BG","NAME_LATN":"Varna","NUTS_NAME":"Варна","MOUNT_TYPE":4,"URBN_TYPE":2,"COAST_TYPE":1,"NAME_ENGL":"Bulgaria","NAME_FREN":"Bulgarie","ISO3_CODE":"BGR","SVRG_UN":"UN Member State","CAPT":"Sofia","EU_STAT":"T","EFTA_STAT":"F","CC_STAT":"F","NAME_GERM":"Bulgarien"},"id":"BG331"},{"arcs":[[1068,-1068,1069,-1062,1070]],"type":"Polygon","properties":{"NUTS_ID":"BG332","LEVL_CODE":3,"CNTR_CODE":"BG","NAME_LATN":"Dobrich","NUTS_NAME":"Добрич","MOUNT_TYPE":4,"URBN_TYPE":2,"COAST_TYPE":1,"NAME_ENGL":"Bulgaria","NAME_FREN":"Bulgarie","ISO3_CODE":"BGR","SVRG_UN":"UN Member State","CAPT":"Sofia","EU_STAT":"T","EFTA_STAT":"F","CC_STAT":"F","NAME_GERM":"Bulgarien"},"id":"BG332"},{"arcs":[[-1070,-1067,-49,-51,1071,-1058,-1063]],"type":"Polygon","properties":{"NUTS_ID":"BG333","LEVL_CODE":3,"CNTR_CODE":"BG","NAME_LATN":"Shumen","NUTS_NAME":"Шумен","MOUNT_TYPE":4,"URBN_TYPE":2,"COAST_TYPE":3,"NAME_ENGL":"Bulgaria","NAME_FREN":"Bulgarie","ISO3_CODE":"BGR","SVRG_UN":"UN Member State","CAPT":"Sofia","EU_STAT":"T","EFTA_STAT":"F","CC_STAT":"F","NAME_GERM":"Bulgarien"},"id":"BG333"},{"arcs":[[-1072,-55,-1050,-1054,-1059]],"type":"Polygon","properties":{"NUTS_ID":"BG334","LEVL_CODE":3,"CNTR_CODE":"BG","NAME_LATN":"Targovishte","NUTS_NAME":"Търговище","MOUNT_TYPE":4,"URBN_TYPE":3,"COAST_TYPE":3,"NAME_ENGL":"Bulgaria","NAME_FREN":"Bulgarie","ISO3_CODE":"BGR","SVRG_UN":"UN Member State","CAPT":"Sofia","EU_STAT":"T","EFTA_STAT":"F","CC_STAT":"F","NAME_GERM":"Bulgarien"},"id":"BG334"},{"arcs":[[1072,1073]],"type":"Polygon","properties":{"NUTS_ID":"DED51","LEVL_CODE":3,"CNTR_CODE":"DE","NAME_LATN":"Leipzig, Kreisfreie Stadt","NUTS_NAME":"Leipzig, Kreisfreie Stadt","MOUNT_TYPE":4,"URBN_TYPE":1,"COAST_TYPE":3,"NAME_ENGL":"Germany","NAME_FREN":"Allemagne","ISO3_CODE":"DEU","SVRG_UN":"UN Member State","CAPT":"Berlin","EU_STAT":"T","EFTA_STAT":"F","CC_STAT":"F","NAME_GERM":"Deutschland"},"id":"DED51"},{"arcs":[[1074,1075,1076,-698,1077,-1073,1078]],"type":"Polygon","properties":{"NUTS_ID":"DED52","LEVL_CODE":3,"CNTR_CODE":"DE","NAME_LATN":"Leipzig","NUTS_NAME":"Leipzig","MOUNT_TYPE":4,"URBN_TYPE":1,"COAST_TYPE":3,"NAME_ENGL":"Germany","NAME_FREN":"Allemagne","ISO3_CODE":"DEU","SVRG_UN":"UN Member State","CAPT":"Berlin","EU_STAT":"T","EFTA_STAT":"F","CC_STAT":"F","NAME_GERM":"Deutschland"},"id":"DED52"},{"arcs":[[1079,1080,-1079,-1074,-1078,-697,1081,-720,1082]],"type":"Polygon","properties":{"NUTS_ID":"DED53","LEVL_CODE":3,"CNTR_CODE":"DE","NAME_LATN":"Nordsachsen","NUTS_NAME":"Nordsachsen","MOUNT_TYPE":4,"URBN_TYPE":3,"COAST_TYPE":3,"NAME_ENGL":"Germany","NAME_FREN":"Allemagne","ISO3_CODE":"DEU","SVRG_UN":"UN Member State","CAPT":"Berlin","EU_STAT":"T","EFTA_STAT":"F","CC_STAT":"F","NAME_GERM":"Deutschland"},"id":"DED53"},{"arcs":[[1083,-722]],"type":"Polygon","properties":{"NUTS_ID":"DEE01","LEVL_CODE":3,"CNTR_CODE":"DE","NAME_LATN":"Dessau-Roßlau, Kreisfreie Stadt","NUTS_NAME":"Dessau-Roßlau, Kreisfreie Stadt","MOUNT_TYPE":4,"URBN_TYPE":2,"COAST_TYPE":3,"NAME_ENGL":"Germany","NAME_FREN":"Allemagne","ISO3_CODE":"DEU","SVRG_UN":"UN Member State","CAPT":"Berlin","EU_STAT":"T","EFTA_STAT":"F","CC_STAT":"F","NAME_GERM":"Deutschland"},"id":"DEE01"},{"arcs":[[-704]],"type":"Polygon","properties":{"NUTS_ID":"DEE02","LEVL_CODE":3,"CNTR_CODE":"DE","NAME_LATN":"Halle (Saale), Kreisfreie Stadt","NUTS_NAME":"Halle (Saale), Kreisfreie Stadt","MOUNT_TYPE":4,"URBN_TYPE":2,"COAST_TYPE":3,"NAME_ENGL":"Germany","NAME_FREN":"Allemagne","ISO3_CODE":"DEU","SVRG_UN":"UN Member State","CAPT":"Berlin","EU_STAT":"T","EFTA_STAT":"F","CC_STAT":"F","NAME_GERM":"Deutschland"},"id":"DEE02"},{"arcs":[[1084,-709,1085]],"type":"Polygon","properties":{"NUTS_ID":"DEE03","LEVL_CODE":3,"CNTR_CODE":"DE","NAME_LATN":"Magdeburg, Kreisfreie Stadt","NUTS_NAME":"Magdeburg, Kreisfreie Stadt","MOUNT_TYPE":4,"URBN_TYPE":2,"COAST_TYPE":3,"NAME_ENGL":"Germany","NAME_FREN":"Allemagne","ISO3_CODE":"DEU","SVRG_UN":"UN Member State","CAPT":"Berlin","EU_STAT":"T","EFTA_STAT":"F","CC_STAT":"F","NAME_GERM":"Deutschland"},"id":"DEE03"},{"arcs":[[1086,1087,1088,1089,-715]],"type":"Polygon","properties":{"NUTS_ID":"DEE04","LEVL_CODE":3,"CNTR_CODE":"DE","NAME_LATN":"Altmarkkreis Salzwedel","NUTS_NAME":"Altmarkkreis Salzwedel","MOUNT_TYPE":4,"URBN_TYPE":3,"COAST_TYPE":3,"NAME_ENGL":"Germany","NAME_FREN":"Allemagne","ISO3_CODE":"DEU","SVRG_UN":"UN Member State","CAPT":"Berlin","EU_STAT":"T","EFTA_STAT":"F","CC_STAT":"F","NAME_GERM":"Deutschland"},"id":"DEE04"},{"arcs":[[-723,-1084,-721,-1082,-703,-705,1090,1091]],"type":"Polygon","properties":{"NUTS_ID":"DEE05","LEVL_CODE":3,"CNTR_CODE":"DE","NAME_LATN":"Anhalt-Bitterfeld","NUTS_NAME":"Anhalt-Bitterfeld","MOUNT_TYPE":4,"URBN_TYPE":2,"COAST_TYPE":3,"NAME_ENGL":"Germany","NAME_FREN":"Allemagne","ISO3_CODE":"DEU","SVRG_UN":"UN Member State","CAPT":"Berlin","EU_STAT":"T","EFTA_STAT":"F","CC_STAT":"F","NAME_GERM":"Deutschland"},"id":"DEE05"},{"arcs":[[1092,1093,-1091,-710,-1085,1094,-713]],"type":"Polygon","properties":{"NUTS_ID":"DEE06","LEVL_CODE":3,"CNTR_CODE":"DE","NAME_LATN":"Jerichower Land","NUTS_NAME":"Jerichower Land","MOUNT_TYPE":4,"URBN_TYPE":3,"COAST_TYPE":3,"NAME_ENGL":"Germany","NAME_FREN":"Allemagne","ISO3_CODE":"DEU","SVRG_UN":"UN Member State","CAPT":"Berlin","EU_STAT":"T","EFTA_STAT":"F","CC_STAT":"F","NAME_GERM":"Deutschland"},"id":"DEE06"},{"arcs":[[-714,-1095,-1086,-708,1095,1096,1097,-1087]],"type":"Polygon","properties":{"NUTS_ID":"DEE07","LEVL_CODE":3,"CNTR_CODE":"DE","NAME_LATN":"Börde","NUTS_NAME":"Börde","MOUNT_TYPE":4,"URBN_TYPE":2,"COAST_TYPE":3,"NAME_ENGL":"Germany","NAME_FREN":"Allemagne","ISO3_CODE":"DEU","SVRG_UN":"UN Member State","CAPT":"Berlin","EU_STAT":"T","EFTA_STAT":"F","CC_STAT":"F","NAME_GERM":"Deutschland"},"id":"DEE07"},{"arcs":[[-1077,1098,1099,1100,1101,1102,1103,1104,-699]],"type":"Polygon","properties":{"NUTS_ID":"DEE08","LEVL_CODE":3,"CNTR_CODE":"DE","NAME_LATN":"Burgenlandkreis","NUTS_NAME":"Burgenlandkreis","MOUNT_TYPE":4,"URBN_TYPE":3,"COAST_TYPE":3,"NAME_ENGL":"Germany","NAME_FREN":"Allemagne","ISO3_CODE":"DEU","SVRG_UN":"UN Member State","CAPT":"Berlin","EU_STAT":"T","EFTA_STAT":"F","CC_STAT":"F","NAME_GERM":"Deutschland"},"id":"DEE08"},{"arcs":[[-707,1105,1106,1107,1108,1109,-1096]],"type":"Polygon","properties":{"NUTS_ID":"DEE09","LEVL_CODE":3,"CNTR_CODE":"DE","NAME_LATN":"Harz","NUTS_NAME":"Harz","MOUNT_TYPE":4,"URBN_TYPE":2,"COAST_TYPE":3,"NAME_ENGL":"Germany","NAME_FREN":"Allemagne","ISO3_CODE":"DEU","SVRG_UN":"UN Member State","CAPT":"Berlin","EU_STAT":"T","EFTA_STAT":"F","CC_STAT":"F","NAME_GERM":"Deutschland"},"id":"DEE09"},{"arcs":[[-701,1110,1111,-1106,-706]],"type":"Polygon","properties":{"NUTS_ID":"DEE0A","LEVL_CODE":3,"CNTR_CODE":"DE","NAME_LATN":"Mansfeld-Südharz","NUTS_NAME":"Mansfeld-Südharz","MOUNT_TYPE":4,"URBN_TYPE":3,"COAST_TYPE":3,"NAME_ENGL":"Germany","NAME_FREN":"Allemagne","ISO3_CODE":"DEU","SVRG_UN":"UN Member State","CAPT":"Berlin","EU_STAT":"T","EFTA_STAT":"F","CC_STAT":"F","NAME_GERM":"Deutschland"},"id":"DEE0A"},{"arcs":[[1112,1113,1114,1115,1116]],"type":"Polygon","properties":{"NUTS_ID":"FRJ13","LEVL_CODE":3,"CNTR_CODE":"FR","NAME_LATN":"Hérault","NUTS_NAME":"Hérault","MOUNT_TYPE":4,"URBN_TYPE":2,"COAST_TYPE":1,"NAME_ENGL":"France","NAME_FREN":"France","ISO3_CODE":"FRA","SVRG_UN":"UN Member State","CAPT":"Paris","EU_STAT":"T","EFTA_STAT":"F","CC_STAT":"F","NAME_GERM":"Frankreich"},"id":"FRJ13"},{"arcs":[[1117,1118,1119,1120,1121]],"type":"Polygon","properties":{"NUTS_ID":"FRJ14","LEVL_CODE":3,"CNTR_CODE":"FR","NAME_LATN":"Lozère","NUTS_NAME":"Lozère","MOUNT_TYPE":3,"URBN_TYPE":3,"COAST_TYPE":3,"NAME_ENGL":"France","NAME_FREN":"France","ISO3_CODE":"FRA","SVRG_UN":"UN Member State","CAPT":"Paris","EU_STAT":"T","EFTA_STAT":"F","CC_STAT":"F","NAME_GERM":"Frankreich"},"id":"FRJ14"},{"arcs":[[1122,1123,1124,1125,1126,1127]],"type":"Polygon","properties":{"NUTS_ID":"FRJ15","LEVL_CODE":3,"CNTR_CODE":"FR","NAME_LATN":"Pyrénées-Orientales","NUTS_NAME":"Pyrénées-Orientales","MOUNT_TYPE":2,"URBN_TYPE":2,"COAST_TYPE":1,"NAME_ENGL":"France","NAME_FREN":"France","ISO3_CODE":"FRA","SVRG_UN":"UN Member State","CAPT":"Paris","EU_STAT":"T","EFTA_STAT":"F","CC_STAT":"F","NAME_GERM":"Frankreich"},"id":"FRJ15"},{"arcs":[[-1127,1128,1129,1130,1131]],"type":"Polygon","properties":{"NUTS_ID":"FRJ21","LEVL_CODE":3,"CNTR_CODE":"FR","NAME_LATN":"Ariège","NUTS_NAME":"Ariège","MOUNT_TYPE":3,"URBN_TYPE":3,"COAST_TYPE":3,"NAME_ENGL":"France","NAME_FREN":"France","ISO3_CODE":"FRA","SVRG_UN":"UN Member State","CAPT":"Paris","EU_STAT":"T","EFTA_STAT":"F","CC_STAT":"F","NAME_GERM":"Frankreich"},"id":"FRJ21"},{"arcs":[[1132,1133,1134,1135,1136,-731,1137]],"type":"Polygon","properties":{"NUTS_ID":"DEF06","LEVL_CODE":3,"CNTR_CODE":"DE","NAME_LATN":"Herzogtum Lauenburg","NUTS_NAME":"Herzogtum Lauenburg","MOUNT_TYPE":4,"URBN_TYPE":2,"COAST_TYPE":3,"NAME_ENGL":"Germany","NAME_FREN":"Allemagne","ISO3_CODE":"DEU","SVRG_UN":"UN Member State","CAPT":"Berlin","EU_STAT":"T","EFTA_STAT":"F","CC_STAT":"F","NAME_GERM":"Deutschland"},"id":"DEF06"},{"arcs":[[[-742,1138,-458,1139]],[[1140]],[[1141]],[[1142]],[[1143]]],"type":"MultiPolygon","properties":{"NUTS_ID":"DEF07","LEVL_CODE":3,"CNTR_CODE":"DE","NAME_LATN":"Nordfriesland","NUTS_NAME":"Nordfriesland","MOUNT_TYPE":4,"URBN_TYPE":3,"COAST_TYPE":1,"NAME_ENGL":"Germany","NAME_FREN":"Allemagne","ISO3_CODE":"DEU","SVRG_UN":"UN Member State","CAPT":"Berlin","EU_STAT":"T","EFTA_STAT":"F","CC_STAT":"F","NAME_GERM":"Deutschland"},"id":"DEF07"},{"arcs":[[[1144,1145,1146,1147,-733]],[[1148]]],"type":"MultiPolygon","properties":{"NUTS_ID":"DEF08","LEVL_CODE":3,"CNTR_CODE":"DE","NAME_LATN":"Ostholstein","NUTS_NAME":"Ostholstein","MOUNT_TYPE":4,"URBN_TYPE":2,"COAST_TYPE":1,"NAME_ENGL":"Germany","NAME_FREN":"Allemagne","ISO3_CODE":"DEU","SVRG_UN":"UN Member State","CAPT":"Berlin","EU_STAT":"T","EFTA_STAT":"F","CC_STAT":"F","NAME_GERM":"Deutschland"},"id":"DEF08"},{"arcs":[[[1149,1150,1151,1152]],[[1153]]],"type":"MultiPolygon","properties":{"NUTS_ID":"DEF09","LEVL_CODE":3,"CNTR_CODE":"DE","NAME_LATN":"Pinneberg","NUTS_NAME":"Pinneberg","MOUNT_TYPE":4,"URBN_TYPE":1,"COAST_TYPE":1,"NAME_ENGL":"Germany","NAME_FREN":"Allemagne","ISO3_CODE":"DEU","SVRG_UN":"UN Member State","CAPT":"Berlin","EU_STAT":"T","EFTA_STAT":"F","CC_STAT":"F","NAME_GERM":"Deutschland"},"id":"DEF09"},{"arcs":[[-1147,1154,-737,1155,-727,1156]],"type":"Polygon","properties":{"NUTS_ID":"DEF0A","LEVL_CODE":3,"CNTR_CODE":"DE","NAME_LATN":"Plön","NUTS_NAME":"Plön","MOUNT_TYPE":4,"URBN_TYPE":1,"COAST_TYPE":1,"NAME_ENGL":"Germany","NAME_FREN":"Allemagne","ISO3_CODE":"DEU","SVRG_UN":"UN Member State","CAPT":"Berlin","EU_STAT":"T","EFTA_STAT":"F","CC_STAT":"F","NAME_GERM":"Deutschland"},"id":"DEF0A"},{"arcs":[[-728,-1156,-736,1157,1158,-739,1159,1160]],"type":"Polygon","properties":{"NUTS_ID":"DEF0B","LEVL_CODE":3,"CNTR_CODE":"DE","NAME_LATN":"Rendsburg-Eckernförde","NUTS_NAME":"Rendsburg-Eckernförde","MOUNT_TYPE":4,"URBN_TYPE":2,"COAST_TYPE":1,"NAME_ENGL":"Germany","NAME_FREN":"Allemagne","ISO3_CODE":"DEU","SVRG_UN":"UN Member State","CAPT":"Berlin","EU_STAT":"T","EFTA_STAT":"F","CC_STAT":"F","NAME_GERM":"Deutschland"},"id":"DEF0B"},{"arcs":[[1161,-725,1162,-1160,-738,-1140,-457]],"type":"Polygon","properties":{"NUTS_ID":"DEF0C","LEVL_CODE":3,"CNTR_CODE":"DE","NAME_LATN":"Schleswig-Flensburg","NUTS_NAME":"Schleswig-Flensburg","MOUNT_TYPE":4,"URBN_TYPE":2,"COAST_TYPE":1,"NAME_ENGL":"Germany","NAME_FREN":"Allemagne","ISO3_CODE":"DEU","SVRG_UN":"UN Member State","CAPT":"Berlin","EU_STAT":"T","EFTA_STAT":"F","CC_STAT":"F","NAME_GERM":"Deutschland"},"id":"DEF0C"},{"arcs":[[1163,1164,-1153,1165,-1158,-735,-1155,-1146]],"type":"Polygon","properties":{"NUTS_ID":"DEF0D","LEVL_CODE":3,"CNTR_CODE":"DE","NAME_LATN":"Segeberg","NUTS_NAME":"Segeberg","MOUNT_TYPE":4,"URBN_TYPE":2,"COAST_TYPE":2,"NAME_ENGL":"Germany","NAME_FREN":"Allemagne","ISO3_CODE":"DEU","SVRG_UN":"UN Member State","CAPT":"Berlin","EU_STAT":"T","EFTA_STAT":"F","CC_STAT":"F","NAME_GERM":"Deutschland"},"id":"DEF0D"},{"arcs":[[-1166,-1152,1166,1167,-740,-1159]],"type":"Polygon","properties":{"NUTS_ID":"DEF0E","LEVL_CODE":3,"CNTR_CODE":"DE","NAME_LATN":"Steinburg","NUTS_NAME":"Steinburg","MOUNT_TYPE":4,"URBN_TYPE":2,"COAST_TYPE":1,"NAME_ENGL":"Germany","NAME_FREN":"Allemagne","ISO3_CODE":"DEU","SVRG_UN":"UN Member State","CAPT":"Berlin","EU_STAT":"T","EFTA_STAT":"F","CC_STAT":"F","NAME_GERM":"Deutschland"},"id":"DEF0E"},{"arcs":[[-732,-1137,1168,-1164,-1145]],"type":"Polygon","properties":{"NUTS_ID":"DEF0F","LEVL_CODE":3,"CNTR_CODE":"DE","NAME_LATN":"Stormarn","NUTS_NAME":"Stormarn","MOUNT_TYPE":4,"URBN_TYPE":2,"COAST_TYPE":3,"NAME_ENGL":"Germany","NAME_FREN":"Allemagne","ISO3_CODE":"DEU","SVRG_UN":"UN Member State","CAPT":"Berlin","EU_STAT":"T","EFTA_STAT":"F","CC_STAT":"F","NAME_GERM":"Deutschland"},"id":"DEF0F"},{"arcs":[[1169,1170,1171,1172]],"type":"Polygon","properties":{"NUTS_ID":"DEG01","LEVL_CODE":3,"CNTR_CODE":"DE","NAME_LATN":"Erfurt, Kreisfreie Stadt","NUTS_NAME":"Erfurt, Kreisfreie Stadt","MOUNT_TYPE":4,"URBN_TYPE":2,"COAST_TYPE":3,"NAME_ENGL":"Germany","NAME_FREN":"Allemagne","ISO3_CODE":"DEU","SVRG_UN":"UN Member State","CAPT":"Berlin","EU_STAT":"T","EFTA_STAT":"F","CC_STAT":"F","NAME_GERM":"Deutschland"},"id":"DEG01"},{"arcs":[[-1101,1173,1174]],"type":"Polygon","properties":{"NUTS_ID":"DEG02","LEVL_CODE":3,"CNTR_CODE":"DE","NAME_LATN":"Gera, Kreisfreie Stadt","NUTS_NAME":"Gera, Kreisfreie Stadt","MOUNT_TYPE":4,"URBN_TYPE":2,"COAST_TYPE":3,"NAME_ENGL":"Germany","NAME_FREN":"Allemagne","ISO3_CODE":"DEU","SVRG_UN":"UN Member State","CAPT":"Berlin","EU_STAT":"T","EFTA_STAT":"F","CC_STAT":"F","NAME_GERM":"Deutschland"},"id":"DEG02"},{"arcs":[[1175,1176]],"type":"Polygon","properties":{"NUTS_ID":"DEG03","LEVL_CODE":3,"CNTR_CODE":"DE","NAME_LATN":"Jena, Kreisfreie Stadt","NUTS_NAME":"Jena, Kreisfreie Stadt","MOUNT_TYPE":1,"URBN_TYPE":2,"COAST_TYPE":3,"NAME_ENGL":"Germany","NAME_FREN":"Allemagne","ISO3_CODE":"DEU","SVRG_UN":"UN Member State","CAPT":"Berlin","EU_STAT":"T","EFTA_STAT":"F","CC_STAT":"F","NAME_GERM":"Deutschland"},"id":"DEG03"},{"arcs":[[1177,1178,1179]],"type":"Polygon","properties":{"NUTS_ID":"DEG04","LEVL_CODE":3,"CNTR_CODE":"DE","NAME_LATN":"Suhl, Kreisfreie Stadt","NUTS_NAME":"Suhl, Kreisfreie Stadt","MOUNT_TYPE":3,"URBN_TYPE":2,"COAST_TYPE":3,"NAME_ENGL":"Germany","NAME_FREN":"Allemagne","ISO3_CODE":"DEU","SVRG_UN":"UN Member State","CAPT":"Berlin","EU_STAT":"T","EFTA_STAT":"F","CC_STAT":"F","NAME_GERM":"Deutschland"},"id":"DEG04"},{"arcs":[[1180]],"type":"Polygon","properties":{"NUTS_ID":"DEG05","LEVL_CODE":3,"CNTR_CODE":"DE","NAME_LATN":"Weimar, Kreisfreie Stadt","NUTS_NAME":"Weimar, Kreisfreie Stadt","MOUNT_TYPE":4,"URBN_TYPE":2,"COAST_TYPE":3,"NAME_ENGL":"Germany","NAME_FREN":"Allemagne","ISO3_CODE":"DEU","SVRG_UN":"UN Member State","CAPT":"Berlin","EU_STAT":"T","EFTA_STAT":"F","CC_STAT":"F","NAME_GERM":"Deutschland"},"id":"DEG05"},{"arcs":[[1181,1182,1183,1184,1185]],"type":"Polygon","properties":{"NUTS_ID":"DEG06","LEVL_CODE":3,"CNTR_CODE":"DE","NAME_LATN":"Eichsfeld","NUTS_NAME":"Eichsfeld","MOUNT_TYPE":4,"URBN_TYPE":3,"COAST_TYPE":3,"NAME_ENGL":"Germany","NAME_FREN":"Allemagne","ISO3_CODE":"DEU","SVRG_UN":"UN Member State","CAPT":"Berlin","EU_STAT":"T","EFTA_STAT":"F","CC_STAT":"F","NAME_GERM":"Deutschland"},"id":"DEG06"},{"arcs":[[-1112,1186,-1182,1187,1188,-1107]],"type":"Polygon","properties":{"NUTS_ID":"DEG07","LEVL_CODE":3,"CNTR_CODE":"DE","NAME_LATN":"Nordhausen","NUTS_NAME":"Nordhausen","MOUNT_TYPE":4,"URBN_TYPE":2,"COAST_TYPE":3,"NAME_ENGL":"Germany","NAME_FREN":"Allemagne","ISO3_CODE":"DEU","SVRG_UN":"UN Member State","CAPT":"Berlin","EU_STAT":"T","EFTA_STAT":"F","CC_STAT":"F","NAME_GERM":"Deutschland"},"id":"DEG07"},{"arcs":[[1189,1190,1191,1192,-1184,1193]],"type":"Polygon","properties":{"NUTS_ID":"DEG09","LEVL_CODE":3,"CNTR_CODE":"DE","NAME_LATN":"Unstrut-Hainich-Kreis","NUTS_NAME":"Unstrut-Hainich-Kreis","MOUNT_TYPE":4,"URBN_TYPE":3,"COAST_TYPE":3,"NAME_ENGL":"Germany","NAME_FREN":"Allemagne","ISO3_CODE":"DEU","SVRG_UN":"UN Member State","CAPT":"Berlin","EU_STAT":"T","EFTA_STAT":"F","CC_STAT":"F","NAME_GERM":"Deutschland"},"id":"DEG09"},{"arcs":[[-700,-1105,1194,-1194,-1183,-1187,-1111]],"type":"Polygon","properties":{"NUTS_ID":"DEG0A","LEVL_CODE":3,"CNTR_CODE":"DE","NAME_LATN":"Kyffhäuserkreis","NUTS_NAME":"Kyffhäuserkreis","MOUNT_TYPE":4,"URBN_TYPE":3,"COAST_TYPE":3,"NAME_ENGL":"Germany","NAME_FREN":"Allemagne","ISO3_CODE":"DEU","SVRG_UN":"UN Member State","CAPT":"Berlin","EU_STAT":"T","EFTA_STAT":"F","CC_STAT":"F","NAME_GERM":"Deutschland"},"id":"DEG0A"},{"arcs":[[1195,-1179,1196,-136,1197,1198,1199]],"type":"Polygon","properties":{"NUTS_ID":"DEG0B","LEVL_CODE":3,"CNTR_CODE":"DE","NAME_LATN":"Schmalkalden-Meiningen","NUTS_NAME":"Schmalkalden-Meiningen","MOUNT_TYPE":3,"URBN_TYPE":2,"COAST_TYPE":3,"NAME_ENGL":"Germany","NAME_FREN":"Allemagne","ISO3_CODE":"DEU","SVRG_UN":"UN Member State","CAPT":"Berlin","EU_STAT":"T","EFTA_STAT":"F","CC_STAT":"F","NAME_GERM":"Deutschland"},"id":"DEG0B"},{"arcs":[[-1172,1200,-1200,1201,-1191,1202]],"type":"Polygon","properties":{"NUTS_ID":"DEG0C","LEVL_CODE":3,"CNTR_CODE":"DE","NAME_LATN":"Gotha","NUTS_NAME":"Gotha","MOUNT_TYPE":4,"URBN_TYPE":3,"COAST_TYPE":3,"NAME_ENGL":"Germany","NAME_FREN":"Allemagne","ISO3_CODE":"DEU","SVRG_UN":"UN Member State","CAPT":"Berlin","EU_STAT":"T","EFTA_STAT":"F","CC_STAT":"F","NAME_GERM":"Deutschland"},"id":"DEG0C"},{"arcs":[[-1104,1203,-1173,-1203,-1190,-1195]],"type":"Polygon","properties":{"NUTS_ID":"DEG0D","LEVL_CODE":3,"CNTR_CODE":"DE","NAME_LATN":"Sömmerda","NUTS_NAME":"Sömmerda","MOUNT_TYPE":4,"URBN_TYPE":2,"COAST_TYPE":3,"NAME_ENGL":"Germany","NAME_FREN":"Allemagne","ISO3_CODE":"DEU","SVRG_UN":"UN Member State","CAPT":"Berlin","EU_STAT":"T","EFTA_STAT":"F","CC_STAT":"F","NAME_GERM":"Deutschland"},"id":"DEG0D"},{"arcs":[[1204,1205,1206,-442,-139,-132,-1197,-1178]],"type":"Polygon","properties":{"NUTS_ID":"DEG0E","LEVL_CODE":3,"CNTR_CODE":"DE","NAME_LATN":"Hildburghausen","NUTS_NAME":"Hildburghausen","MOUNT_TYPE":2,"URBN_TYPE":3,"COAST_TYPE":3,"NAME_ENGL":"Germany","NAME_FREN":"Allemagne","ISO3_CODE":"DEU","SVRG_UN":"UN Member State","CAPT":"Berlin","EU_STAT":"T","EFTA_STAT":"F","CC_STAT":"F","NAME_GERM":"Deutschland"},"id":"DEG0E"},{"arcs":[[1207,-1205,-1180,-1196,-1201,-1171,1208]],"type":"Polygon","properties":{"NUTS_ID":"DEG0F","LEVL_CODE":3,"CNTR_CODE":"DE","NAME_LATN":"Ilm-Kreis","NUTS_NAME":"Ilm-Kreis","MOUNT_TYPE":3,"URBN_TYPE":3,"COAST_TYPE":3,"NAME_ENGL":"Germany","NAME_FREN":"Allemagne","ISO3_CODE":"DEU","SVRG_UN":"UN Member State","CAPT":"Berlin","EU_STAT":"T","EFTA_STAT":"F","CC_STAT":"F","NAME_GERM":"Deutschland"},"id":"DEG0F"},{"arcs":[[1209,-1176,1210,1211,-1209,-1170,-1204,-1103],[-1181]],"type":"Polygon","properties":{"NUTS_ID":"DEG0G","LEVL_CODE":3,"CNTR_CODE":"DE","NAME_LATN":"Weimarer Land","NUTS_NAME":"Weimarer Land","MOUNT_TYPE":4,"URBN_TYPE":2,"COAST_TYPE":3,"NAME_ENGL":"Germany","NAME_FREN":"Allemagne","ISO3_CODE":"DEU","SVRG_UN":"UN Member State","CAPT":"Berlin","EU_STAT":"T","EFTA_STAT":"F","CC_STAT":"F","NAME_GERM":"Deutschland"},"id":"DEG0G"},{"arcs":[[-452,-443,-1207,1212]],"type":"Polygon","properties":{"NUTS_ID":"DEG0H","LEVL_CODE":3,"CNTR_CODE":"DE","NAME_LATN":"Sonneberg","NUTS_NAME":"Sonneberg","MOUNT_TYPE":3,"URBN_TYPE":3,"COAST_TYPE":3,"NAME_ENGL":"Germany","NAME_FREN":"Allemagne","ISO3_CODE":"DEU","SVRG_UN":"UN Member State","CAPT":"Berlin","EU_STAT":"T","EFTA_STAT":"F","CC_STAT":"F","NAME_GERM":"Deutschland"},"id":"DEG0H"},{"arcs":[[1213,-453,-1213,-1206,-1208,-1212,1214]],"type":"Polygon","properties":{"NUTS_ID":"DEG0I","LEVL_CODE":3,"CNTR_CODE":"DE","NAME_LATN":"Saalfeld-Rudolstadt","NUTS_NAME":"Saalfeld-Rudolstadt","MOUNT_TYPE":3,"URBN_TYPE":2,"COAST_TYPE":3,"NAME_ENGL":"Germany","NAME_FREN":"Allemagne","ISO3_CODE":"DEU","SVRG_UN":"UN Member State","CAPT":"Berlin","EU_STAT":"T","EFTA_STAT":"F","CC_STAT":"F","NAME_GERM":"Deutschland"},"id":"DEG0I"},{"arcs":[[-1175,1215,1216,-1215,-1211,-1177,-1210,-1102]],"type":"Polygon","properties":{"NUTS_ID":"DEG0J","LEVL_CODE":3,"CNTR_CODE":"DE","NAME_LATN":"Saale-Holzland-Kreis","NUTS_NAME":"Saale-Holzland-Kreis","MOUNT_TYPE":4,"URBN_TYPE":2,"COAST_TYPE":3,"NAME_ENGL":"Germany","NAME_FREN":"Allemagne","ISO3_CODE":"DEU","SVRG_UN":"UN Member State","CAPT":"Berlin","EU_STAT":"T","EFTA_STAT":"F","CC_STAT":"F","NAME_GERM":"Deutschland"},"id":"DEG0J"},{"arcs":[[1217,-447,-449,-1214,-1217,1218]],"type":"Polygon","properties":{"NUTS_ID":"DEG0K","LEVL_CODE":3,"CNTR_CODE":"DE","NAME_LATN":"Saale-Orla-Kreis","NUTS_NAME":"Saale-Orla-Kreis","MOUNT_TYPE":4,"URBN_TYPE":3,"COAST_TYPE":3,"NAME_ENGL":"Germany","NAME_FREN":"Allemagne","ISO3_CODE":"DEU","SVRG_UN":"UN Member State","CAPT":"Berlin","EU_STAT":"T","EFTA_STAT":"F","CC_STAT":"F","NAME_GERM":"Deutschland"},"id":"DEG0K"},{"arcs":[[1219,1220,1221,-1219,-1216,-1174,-1100]],"type":"Polygon","properties":{"NUTS_ID":"DEG0L","LEVL_CODE":3,"CNTR_CODE":"DE","NAME_LATN":"Greiz","NUTS_NAME":"Greiz","MOUNT_TYPE":4,"URBN_TYPE":2,"COAST_TYPE":3,"NAME_ENGL":"Germany","NAME_FREN":"Allemagne","ISO3_CODE":"DEU","SVRG_UN":"UN Member State","CAPT":"Berlin","EU_STAT":"T","EFTA_STAT":"F","CC_STAT":"F","NAME_GERM":"Deutschland"},"id":"DEG0L"},{"arcs":[[1222,1223,-1220,-1099,-1076]],"type":"Polygon","properties":{"NUTS_ID":"DEG0M","LEVL_CODE":3,"CNTR_CODE":"DE","NAME_LATN":"Altenburger Land","NUTS_NAME":"Altenburger Land","MOUNT_TYPE":4,"URBN_TYPE":2,"COAST_TYPE":3,"NAME_ENGL":"Germany","NAME_FREN":"Allemagne","ISO3_CODE":"DEU","SVRG_UN":"UN Member State","CAPT":"Berlin","EU_STAT":"T","EFTA_STAT":"F","CC_STAT":"F","NAME_GERM":"Deutschland"},"id":"DEG0M"},{"arcs":[[1224]],"type":"Polygon","properties":{"NUTS_ID":"DEG0N","LEVL_CODE":3,"CNTR_CODE":"DE","NAME_LATN":"Eisenach, Kreisfreie Stadt","NUTS_NAME":"Eisenach, Kreisfreie Stadt","MOUNT_TYPE":4,"URBN_TYPE":3,"COAST_TYPE":3,"NAME_ENGL":"Germany","NAME_FREN":"Allemagne","ISO3_CODE":"DEU","SVRG_UN":"UN Member State","CAPT":"Berlin","EU_STAT":"T","EFTA_STAT":"F","CC_STAT":"F","NAME_GERM":"Deutschland"},"id":"DEG0N"},{"arcs":[[-1202,-1199,1225,1226,1227,-1192],[-1225]],"type":"Polygon","properties":{"NUTS_ID":"DEG0P","LEVL_CODE":3,"CNTR_CODE":"DE","NAME_LATN":"Wartburgkreis","NUTS_NAME":"Wartburgkreis","MOUNT_TYPE":4,"URBN_TYPE":3,"COAST_TYPE":3,"NAME_ENGL":"Germany","NAME_FREN":"Allemagne","ISO3_CODE":"DEU","SVRG_UN":"UN Member State","CAPT":"Berlin","EU_STAT":"T","EFTA_STAT":"F","CC_STAT":"F","NAME_GERM":"Deutschland"},"id":"DEG0P"},{"arcs":[[[1228,1229]],[[1230]]],"type":"MultiPolygon","properties":{"NUTS_ID":"DK011","LEVL_CODE":3,"CNTR_CODE":"DK","NAME_LATN":"Byen København","NUTS_NAME":"Byen København","MOUNT_TYPE":4,"URBN_TYPE":1,"COAST_TYPE":1,"NAME_ENGL":"Denmark","NAME_FREN":"Danemark","ISO3_CODE":"DNK","SVRG_UN":"UN Member State","CAPT":"Copenhagen","EU_STAT":"T","EFTA_STAT":"F","CC_STAT":"F","NAME_GERM":"Dänemark"},"id":"DK011"},{"arcs":[[-1229,1231,1232,1233,1234]],"type":"Polygon","properties":{"NUTS_ID":"DK012","LEVL_CODE":3,"CNTR_CODE":"DK","NAME_LATN":"Københavns omegn","NUTS_NAME":"Københavns omegn","MOUNT_TYPE":4,"URBN_TYPE":1,"COAST_TYPE":1,"NAME_ENGL":"Denmark","NAME_FREN":"Danemark","ISO3_CODE":"DNK","SVRG_UN":"UN Member State","CAPT":"Copenhagen","EU_STAT":"T","EFTA_STAT":"F","CC_STAT":"F","NAME_GERM":"Dänemark"},"id":"DK012"},{"arcs":[[[1235]],[[1236]],[[1237]],[[1238]],[[1239]],[[1240]],[[1241]],[[1242]],[[1243]],[[1244]],[[1245]],[[1246]]],"type":"MultiPolygon","properties":{"NUTS_ID":"EL421","LEVL_CODE":3,"CNTR_CODE":"EL","NAME_LATN":"Kalymnos, Karpathos, Kasos, Kos, Rodos","NUTS_NAME":"Κάλυμνος, Κάρπαθος – Ηρωική Νήσος Κάσος, Κως, Ρόδος","MOUNT_TYPE":2,"URBN_TYPE":2,"COAST_TYPE":1,"NAME_ENGL":"Greece","NAME_FREN":"Grèce","ISO3_CODE":"GRC","SVRG_UN":"UN Member State","CAPT":"Athens","EU_STAT":"T","EFTA_STAT":"F","CC_STAT":"F","NAME_GERM":"Griechenland"},"id":"EL421"},{"arcs":[[-273,1247,1248,1249,1250,-107,1251,-257]],"type":"Polygon","properties":{"NUTS_ID":"CH012","LEVL_CODE":3,"CNTR_CODE":"CH","NAME_LATN":"Valais","NUTS_NAME":"Valais","MOUNT_TYPE":3,"URBN_TYPE":2,"COAST_TYPE":3,"NAME_ENGL":"Switzerland","NAME_FREN":"Suisse","ISO3_CODE":"CHE","SVRG_UN":"UN Member State","CAPT":"Bern","EU_STAT":"F","EFTA_STAT":"T","CC_STAT":"F","NAME_GERM":"Schweiz"},"id":"CH012"},{"arcs":[[1252,1253,-109]],"type":"Polygon","properties":{"NUTS_ID":"CH013","LEVL_CODE":3,"CNTR_CODE":"CH","NAME_LATN":"Genève","NUTS_NAME":"Genève","MOUNT_TYPE":1,"URBN_TYPE":1,"COAST_TYPE":3,"NAME_ENGL":"Switzerland","NAME_FREN":"Suisse","ISO3_CODE":"CHE","SVRG_UN":"UN Member State","CAPT":"Bern","EU_STAT":"F","EFTA_STAT":"T","CC_STAT":"F","NAME_GERM":"Schweiz"},"id":"CH013"},{"arcs":[[1254,-253,-266,-258,-1252,-106,1255,-116,1256,1257,1258]],"type":"Polygon","properties":{"NUTS_ID":"CH021","LEVL_CODE":3,"CNTR_CODE":"CH","NAME_LATN":"Bern","NUTS_NAME":"Bern","MOUNT_TYPE":3,"URBN_TYPE":2,"COAST_TYPE":3,"NAME_ENGL":"Switzerland","NAME_FREN":"Suisse","ISO3_CODE":"CHE","SVRG_UN":"UN Member State","CAPT":"Bern","EU_STAT":"F","EFTA_STAT":"T","CC_STAT":"F","NAME_GERM":"Schweiz"},"id":"CH021"},{"arcs":[[-114,1259,-117,-1256],[-118]],"type":"Polygon","properties":{"NUTS_ID":"CH022","LEVL_CODE":3,"CNTR_CODE":"CH","NAME_LATN":"Freiburg","NUTS_NAME":"Freiburg","MOUNT_TYPE":3,"URBN_TYPE":2,"COAST_TYPE":3,"NAME_ENGL":"Switzerland","NAME_FREN":"Suisse","ISO3_CODE":"CHE","SVRG_UN":"UN Member State","CAPT":"Bern","EU_STAT":"F","EFTA_STAT":"T","CC_STAT":"F","NAME_GERM":"Schweiz"},"id":"CH022"},{"arcs":[[1260,-1259,1261,1262,1263,1264,1265]],"type":"Polygon","properties":{"NUTS_ID":"CH023","LEVL_CODE":3,"CNTR_CODE":"CH","NAME_LATN":"Solothurn","NUTS_NAME":"Solothurn","MOUNT_TYPE":3,"URBN_TYPE":1,"COAST_TYPE":3,"NAME_ENGL":"Switzerland","NAME_FREN":"Suisse","ISO3_CODE":"CHE","SVRG_UN":"UN Member State","CAPT":"Bern","EU_STAT":"F","EFTA_STAT":"T","CC_STAT":"F","NAME_GERM":"Schweiz"},"id":"CH023"},{"arcs":[[-115,-1260,-113,1266,1267,-1257]],"type":"Polygon","properties":{"NUTS_ID":"CH024","LEVL_CODE":3,"CNTR_CODE":"CH","NAME_LATN":"Neuchâtel","NUTS_NAME":"Neuchâtel","MOUNT_TYPE":3,"URBN_TYPE":2,"COAST_TYPE":3,"NAME_ENGL":"Switzerland","NAME_FREN":"Suisse","ISO3_CODE":"CHE","SVRG_UN":"UN Member State","CAPT":"Bern","EU_STAT":"F","EFTA_STAT":"T","CC_STAT":"F","NAME_GERM":"Schweiz"},"id":"CH024"},{"arcs":[[-1264,1268,-1262,-1258,-1268,1269,1270,1271]],"type":"Polygon","properties":{"NUTS_ID":"CH025","LEVL_CODE":3,"CNTR_CODE":"CH","NAME_LATN":"Jura","NUTS_NAME":"Jura","MOUNT_TYPE":3,"URBN_TYPE":3,"COAST_TYPE":3,"NAME_ENGL":"Switzerland","NAME_FREN":"Suisse","ISO3_CODE":"CHE","SVRG_UN":"UN Member State","CAPT":"Bern","EU_STAT":"F","EFTA_STAT":"T","CC_STAT":"F","NAME_GERM":"Schweiz"},"id":"CH025"},{"arcs":[[1272,-564,1273]],"type":"Polygon","properties":{"NUTS_ID":"CH031","LEVL_CODE":3,"CNTR_CODE":"CH","NAME_LATN":"Basel-Stadt","NUTS_NAME":"Basel-Stadt","MOUNT_TYPE":4,"URBN_TYPE":1,"COAST_TYPE":3,"NAME_ENGL":"Switzerland","NAME_FREN":"Suisse","ISO3_CODE":"CHE","SVRG_UN":"UN Member State","CAPT":"Bern","EU_STAT":"F","EFTA_STAT":"T","CC_STAT":"F","NAME_GERM":"Schweiz"},"id":"CH031"},{"arcs":[[[-1274,-563,1274,-1266,1275]],[[-1269,-1263]]],"type":"MultiPolygon","properties":{"NUTS_ID":"CH032","LEVL_CODE":3,"CNTR_CODE":"CH","NAME_LATN":"Basel-Landschaft","NUTS_NAME":"Basel-Landschaft","MOUNT_TYPE":3,"URBN_TYPE":1,"COAST_TYPE":3,"NAME_ENGL":"Switzerland","NAME_FREN":"Suisse","ISO3_CODE":"CHE","SVRG_UN":"UN Member State","CAPT":"Bern","EU_STAT":"F","EFTA_STAT":"T","CC_STAT":"F","NAME_GERM":"Schweiz"},"id":"CH032"},{"arcs":[[1276,-268,-254,-1255,-1261,-1275,-562,-569]],"type":"Polygon","properties":{"NUTS_ID":"CH033","LEVL_CODE":3,"CNTR_CODE":"CH","NAME_LATN":"Aargau","NUTS_NAME":"Aargau","MOUNT_TYPE":3,"URBN_TYPE":1,"COAST_TYPE":3,"NAME_ENGL":"Switzerland","NAME_FREN":"Suisse","ISO3_CODE":"CHE","SVRG_UN":"UN Member State","CAPT":"Bern","EU_STAT":"F","EFTA_STAT":"T","CC_STAT":"F","NAME_GERM":"Schweiz"},"id":"CH033"},{"arcs":[[-247,-230,-265,-269,-1277,-568,1277,-559]],"type":"Polygon","properties":{"NUTS_ID":"CH040","LEVL_CODE":3,"CNTR_CODE":"CH","NAME_LATN":"Zürich","NUTS_NAME":"Zürich","MOUNT_TYPE":3,"URBN_TYPE":1,"COAST_TYPE":3,"NAME_ENGL":"Switzerland","NAME_FREN":"Suisse","ISO3_CODE":"CHE","SVRG_UN":"UN Member State","CAPT":"Bern","EU_STAT":"F","EFTA_STAT":"T","CC_STAT":"F","NAME_GERM":"Schweiz"},"id":"CH040"},{"arcs":[[-241,-255,-262,-228]],"type":"Polygon","properties":{"NUTS_ID":"CH051","LEVL_CODE":3,"CNTR_CODE":"CH","NAME_LATN":"Glarus","NUTS_NAME":"Glarus","MOUNT_TYPE":3,"URBN_TYPE":2,"COAST_TYPE":3,"NAME_ENGL":"Switzerland","NAME_FREN":"Suisse","ISO3_CODE":"CHE","SVRG_UN":"UN Member State","CAPT":"Bern","EU_STAT":"F","EFTA_STAT":"T","CC_STAT":"F","NAME_GERM":"Schweiz"},"id":"CH051"},{"arcs":[[[-567,-552,-560,-1278]],[[-244,-558]]],"type":"MultiPolygon","properties":{"NUTS_ID":"CH052","LEVL_CODE":3,"CNTR_CODE":"CH","NAME_LATN":"Schaffhausen","NUTS_NAME":"Schaffhausen","MOUNT_TYPE":3,"URBN_TYPE":2,"COAST_TYPE":3,"NAME_ENGL":"Switzerland","NAME_FREN":"Suisse","ISO3_CODE":"CHE","SVRG_UN":"UN Member State","CAPT":"Bern","EU_STAT":"F","EFTA_STAT":"T","CC_STAT":"F","NAME_GERM":"Schweiz"},"id":"CH052"},{"arcs":[[1278,-234]],"type":"Polygon","properties":{"NUTS_ID":"CH053","LEVL_CODE":3,"CNTR_CODE":"CH","NAME_LATN":"Appenzell Ausserrhoden","NUTS_NAME":"Appenzell Ausserrhoden","MOUNT_TYPE":3,"URBN_TYPE":2,"COAST_TYPE":3,"NAME_ENGL":"Switzerland","NAME_FREN":"Suisse","ISO3_CODE":"CHE","SVRG_UN":"UN Member State","CAPT":"Bern","EU_STAT":"F","EFTA_STAT":"T","CC_STAT":"F","NAME_GERM":"Schweiz"},"id":"CH053"},{"arcs":[[-233,-1279]],"type":"Polygon","properties":{"NUTS_ID":"CH054","LEVL_CODE":3,"CNTR_CODE":"CH","NAME_LATN":"Appenzell Innerrhoden","NUTS_NAME":"Appenzell Innerrhoden","MOUNT_TYPE":3,"URBN_TYPE":2,"COAST_TYPE":3,"NAME_ENGL":"Switzerland","NAME_FREN":"Suisse","ISO3_CODE":"CHE","SVRG_UN":"UN Member State","CAPT":"Bern","EU_STAT":"F","EFTA_STAT":"T","CC_STAT":"F","NAME_GERM":"Schweiz"},"id":"CH054"},{"arcs":[[1279,1280,1281,-790,1282,1283,1284]],"type":"Polygon","properties":{"NUTS_ID":"EL522","LEVL_CODE":3,"CNTR_CODE":"EL","NAME_LATN":"Thessaloniki","NUTS_NAME":"Θεσσαλονίκη","MOUNT_TYPE":2,"URBN_TYPE":1,"COAST_TYPE":1,"NAME_ENGL":"Greece","NAME_FREN":"Grèce","ISO3_CODE":"GRC","SVRG_UN":"UN Member State","CAPT":"Athens","EU_STAT":"T","EFTA_STAT":"F","CC_STAT":"F","NAME_GERM":"Griechenland"},"id":"EL522"},{"arcs":[[-1284,1285,1286,1287]],"type":"Polygon","properties":{"NUTS_ID":"EL523","LEVL_CODE":3,"CNTR_CODE":"EL","NAME_LATN":"Kilkis","NUTS_NAME":"Κιλκίς","MOUNT_TYPE":4,"URBN_TYPE":3,"COAST_TYPE":2,"NAME_ENGL":"Greece","NAME_FREN":"Grèce","ISO3_CODE":"GRC","SVRG_UN":"UN Member State","CAPT":"Athens","EU_STAT":"T","EFTA_STAT":"F","CC_STAT":"F","NAME_GERM":"Griechenland"},"id":"EL523"},{"arcs":[[-1286,-1283,-789,1288,1289,1290,1291,1292]],"type":"Polygon","properties":{"NUTS_ID":"EL524","LEVL_CODE":3,"CNTR_CODE":"EL","NAME_LATN":"Pella","NUTS_NAME":"Πέλλα","MOUNT_TYPE":2,"URBN_TYPE":3,"COAST_TYPE":2,"NAME_ENGL":"Greece","NAME_FREN":"Grèce","ISO3_CODE":"GRC","SVRG_UN":"UN Member State","CAPT":"Athens","EU_STAT":"T","EFTA_STAT":"F","CC_STAT":"F","NAME_GERM":"Griechenland"},"id":"EL524"},{"arcs":[[1293,1294,1295,-787]],"type":"Polygon","properties":{"NUTS_ID":"EL525","LEVL_CODE":3,"CNTR_CODE":"EL","NAME_LATN":"Pieria","NUTS_NAME":"Πιερία","MOUNT_TYPE":4,"URBN_TYPE":2,"COAST_TYPE":1,"NAME_ENGL":"Greece","NAME_FREN":"Grèce","ISO3_CODE":"GRC","SVRG_UN":"UN Member State","CAPT":"Athens","EU_STAT":"T","EFTA_STAT":"F","CC_STAT":"F","NAME_GERM":"Griechenland"},"id":"EL525"},{"arcs":[[-784,1296,-1285,-1288,1297,-79,-782]],"type":"Polygon","properties":{"NUTS_ID":"EL526","LEVL_CODE":3,"CNTR_CODE":"EL","NAME_LATN":"Serres","NUTS_NAME":"Σέρρες","MOUNT_TYPE":2,"URBN_TYPE":3,"COAST_TYPE":1,"NAME_ENGL":"Greece","NAME_FREN":"Grèce","ISO3_CODE":"GRC","SVRG_UN":"UN Member State","CAPT":"Athens","EU_STAT":"T","EFTA_STAT":"F","CC_STAT":"F","NAME_GERM":"Griechenland"},"id":"EL526"},{"arcs":[[[-1281,1298]],[[1299]]],"type":"MultiPolygon","properties":{"NUTS_ID":"EL527","LEVL_CODE":3,"CNTR_CODE":"EL","NAME_LATN":"Chalkidiki","NUTS_NAME":"Χαλκιδική","MOUNT_TYPE":2,"URBN_TYPE":3,"COAST_TYPE":1,"NAME_ENGL":"Greece","NAME_FREN":"Grèce","ISO3_CODE":"GRC","SVRG_UN":"UN Member State","CAPT":"Athens","EU_STAT":"T","EFTA_STAT":"F","CC_STAT":"F","NAME_GERM":"Griechenland"},"id":"EL527"},{"arcs":[[-788,-1296,1300,1301,1302,1303,1304,-1289]],"type":"Polygon","properties":{"NUTS_ID":"EL531","LEVL_CODE":3,"CNTR_CODE":"EL","NAME_LATN":"Grevena, Kozani","NUTS_NAME":"Γρεβενά, Κοζάνη","MOUNT_TYPE":3,"URBN_TYPE":3,"COAST_TYPE":3,"NAME_ENGL":"Greece","NAME_FREN":"Grèce","ISO3_CODE":"GRC","SVRG_UN":"UN Member State","CAPT":"Athens","EU_STAT":"T","EFTA_STAT":"F","CC_STAT":"F","NAME_GERM":"Griechenland"},"id":"EL531"},{"arcs":[[-1304,1305,-189,1306]],"type":"Polygon","properties":{"NUTS_ID":"EL532","LEVL_CODE":3,"CNTR_CODE":"EL","NAME_LATN":"Kastoria","NUTS_NAME":"Καστοριά","MOUNT_TYPE":3,"URBN_TYPE":2,"COAST_TYPE":3,"NAME_ENGL":"Greece","NAME_FREN":"Grèce","ISO3_CODE":"GRC","SVRG_UN":"UN Member State","CAPT":"Athens","EU_STAT":"T","EFTA_STAT":"F","CC_STAT":"F","NAME_GERM":"Griechenland"},"id":"EL532"},{"arcs":[[-1305,-1307,-188,1307,-1290]],"type":"Polygon","properties":{"NUTS_ID":"EL533","LEVL_CODE":3,"CNTR_CODE":"EL","NAME_LATN":"Florina","NUTS_NAME":"Φλώρινα","MOUNT_TYPE":3,"URBN_TYPE":3,"COAST_TYPE":3,"NAME_ENGL":"Greece","NAME_FREN":"Grèce","ISO3_CODE":"GRC","SVRG_UN":"UN Member State","CAPT":"Athens","EU_STAT":"T","EFTA_STAT":"F","CC_STAT":"F","NAME_GERM":"Griechenland"},"id":"EL533"},{"arcs":[[[1308,1309,1310,1311,1312]],[[1313,1314]]],"type":"MultiPolygon","properties":{"NUTS_ID":"EL541","LEVL_CODE":3,"CNTR_CODE":"EL","NAME_LATN":"Arta, Preveza","NUTS_NAME":"Άρτα, Πρέβεζα","MOUNT_TYPE":2,"URBN_TYPE":3,"COAST_TYPE":1,"NAME_ENGL":"Greece","NAME_FREN":"Grèce","ISO3_CODE":"GRC","SVRG_UN":"UN Member State","CAPT":"Athens","EU_STAT":"T","EFTA_STAT":"F","CC_STAT":"F","NAME_GERM":"Griechenland"},"id":"EL541"},{"arcs":[[1315,-1310,1316,-1315,1317,-200,-203]],"type":"Polygon","properties":{"NUTS_ID":"EL542","LEVL_CODE":3,"CNTR_CODE":"EL","NAME_LATN":"Thesprotia","NUTS_NAME":"Θεσπρωτία","MOUNT_TYPE":3,"URBN_TYPE":3,"COAST_TYPE":1,"NAME_ENGL":"Greece","NAME_FREN":"Grèce","ISO3_CODE":"GRC","SVRG_UN":"UN Member State","CAPT":"Athens","EU_STAT":"T","EFTA_STAT":"F","CC_STAT":"F","NAME_GERM":"Griechenland"},"id":"EL542"},{"arcs":[[-1303,1318,-1311,-1316,-202,-190,-1306]],"type":"Polygon","properties":{"NUTS_ID":"EL543","LEVL_CODE":3,"CNTR_CODE":"EL","NAME_LATN":"Ioannina","NUTS_NAME":"Ιωάννινα","MOUNT_TYPE":3,"URBN_TYPE":2,"COAST_TYPE":3,"NAME_ENGL":"Greece","NAME_FREN":"Grèce","ISO3_CODE":"GRC","SVRG_UN":"UN Member State","CAPT":"Athens","EU_STAT":"T","EFTA_STAT":"F","CC_STAT":"F","NAME_GERM":"Griechenland"},"id":"EL543"},{"arcs":[[1319,1320,1321,1322,-1312,-1319,-1302]],"type":"Polygon","properties":{"NUTS_ID":"EL611","LEVL_CODE":3,"CNTR_CODE":"EL","NAME_LATN":"Karditsa, Trikala","NUTS_NAME":"Καρδίτσα, Τρίκαλα","MOUNT_TYPE":2,"URBN_TYPE":3,"COAST_TYPE":3,"NAME_ENGL":"Greece","NAME_FREN":"Grèce","ISO3_CODE":"GRC","SVRG_UN":"UN Member State","CAPT":"Athens","EU_STAT":"T","EFTA_STAT":"F","CC_STAT":"F","NAME_GERM":"Griechenland"},"id":"EL611"},{"arcs":[[1323,1324,1325,-1320,-1301,-1295]],"type":"Polygon","properties":{"NUTS_ID":"EL612","LEVL_CODE":3,"CNTR_CODE":"EL","NAME_LATN":"Larisa","NUTS_NAME":"Λάρισα","MOUNT_TYPE":2,"URBN_TYPE":2,"COAST_TYPE":1,"NAME_ENGL":"Greece","NAME_FREN":"Grèce","ISO3_CODE":"GRC","SVRG_UN":"UN Member State","CAPT":"Athens","EU_STAT":"T","EFTA_STAT":"F","CC_STAT":"F","NAME_GERM":"Griechenland"},"id":"EL612"},{"arcs":[[[1326,-1325,1327]],[[1328]],[[1329]],[[1330]],[[1331]],[[1332]]],"type":"MultiPolygon","properties":{"NUTS_ID":"EL613","LEVL_CODE":3,"CNTR_CODE":"EL","NAME_LATN":"Magnisia, Sporades","NUTS_NAME":"Μαγνησία, Σποράδες","MOUNT_TYPE":2,"URBN_TYPE":2,"COAST_TYPE":1,"NAME_ENGL":"Greece","NAME_FREN":"Grèce","ISO3_CODE":"GRC","SVRG_UN":"UN Member State","CAPT":"Athens","EU_STAT":"T","EFTA_STAT":"F","CC_STAT":"F","NAME_GERM":"Griechenland"},"id":"EL613"},{"arcs":[[[-1234,1333,1334,1335,1336]],[[1337]]],"type":"MultiPolygon","properties":{"NUTS_ID":"DK013","LEVL_CODE":3,"CNTR_CODE":"DK","NAME_LATN":"Nordsjælland","NUTS_NAME":"Nordsjælland","MOUNT_TYPE":4,"URBN_TYPE":2,"COAST_TYPE":1,"NAME_ENGL":"Denmark","NAME_FREN":"Danemark","ISO3_CODE":"DNK","SVRG_UN":"UN Member State","CAPT":"Copenhagen","EU_STAT":"T","EFTA_STAT":"F","CC_STAT":"F","NAME_GERM":"Dänemark"},"id":"DK013"},{"arcs":[[1338]],"type":"Polygon","properties":{"NUTS_ID":"DK014","LEVL_CODE":3,"CNTR_CODE":"DK","NAME_LATN":"Bornholm","NUTS_NAME":"Bornholm","MOUNT_TYPE":4,"URBN_TYPE":3,"COAST_TYPE":1,"NAME_ENGL":"Denmark","NAME_FREN":"Danemark","ISO3_CODE":"DNK","SVRG_UN":"UN Member State","CAPT":"Copenhagen","EU_STAT":"T","EFTA_STAT":"F","CC_STAT":"F","NAME_GERM":"Dänemark"},"id":"DK014"},{"arcs":[[-1233,1339,1340,1341,-1336,1342,-1334]],"type":"Polygon","properties":{"NUTS_ID":"DK021","LEVL_CODE":3,"CNTR_CODE":"DK","NAME_LATN":"Østsjælland","NUTS_NAME":"Østsjælland","MOUNT_TYPE":4,"URBN_TYPE":2,"COAST_TYPE":1,"NAME_ENGL":"Denmark","NAME_FREN":"Danemark","ISO3_CODE":"DNK","SVRG_UN":"UN Member State","CAPT":"Copenhagen","EU_STAT":"T","EFTA_STAT":"F","CC_STAT":"F","NAME_GERM":"Dänemark"},"id":"DK021"},{"arcs":[[-1341,1343]],"type":"Polygon","properties":{"NUTS_ID":"DK022","LEVL_CODE":3,"CNTR_CODE":"DK","NAME_LATN":"Vest- og Sydsjælland","NUTS_NAME":"Vest- og Sydsjælland","MOUNT_TYPE":4,"URBN_TYPE":3,"COAST_TYPE":1,"NAME_ENGL":"Denmark","NAME_FREN":"Danemark","ISO3_CODE":"DNK","SVRG_UN":"UN Member State","CAPT":"Copenhagen","EU_STAT":"T","EFTA_STAT":"F","CC_STAT":"F","NAME_GERM":"Dänemark"},"id":"DK022"},{"arcs":[[[1344]],[[1345]],[[1346]]],"type":"MultiPolygon","properties":{"NUTS_ID":"DK031","LEVL_CODE":3,"CNTR_CODE":"DK","NAME_LATN":"Fyn","NUTS_NAME":"Fyn","MOUNT_TYPE":4,"URBN_TYPE":2,"COAST_TYPE":1,"NAME_ENGL":"Denmark","NAME_FREN":"Danemark","ISO3_CODE":"DNK","SVRG_UN":"UN Member State","CAPT":"Copenhagen","EU_STAT":"T","EFTA_STAT":"F","CC_STAT":"F","NAME_GERM":"Dänemark"},"id":"DK031"},{"arcs":[[1347,1348,1349]],"type":"Polygon","properties":{"NUTS_ID":"DE943","LEVL_CODE":3,"CNTR_CODE":"DE","NAME_LATN":"Oldenburg (Oldenburg), Kreisfreie Stadt","NUTS_NAME":"Oldenburg (Oldenburg), Kreisfreie Stadt","MOUNT_TYPE":4,"URBN_TYPE":2,"COAST_TYPE":2,"NAME_ENGL":"Germany","NAME_FREN":"Allemagne","ISO3_CODE":"DEU","SVRG_UN":"UN Member State","CAPT":"Berlin","EU_STAT":"T","EFTA_STAT":"F","CC_STAT":"F","NAME_GERM":"Deutschland"},"id":"DE943"},{"arcs":[[1350,1351]],"type":"Polygon","properties":{"NUTS_ID":"DE944","LEVL_CODE":3,"CNTR_CODE":"DE","NAME_LATN":"Osnabrück, Kreisfreie Stadt","NUTS_NAME":"Osnabrück, Kreisfreie Stadt","MOUNT_TYPE":4,"URBN_TYPE":2,"COAST_TYPE":3,"NAME_ENGL":"Germany","NAME_FREN":"Allemagne","ISO3_CODE":"DEU","SVRG_UN":"UN Member State","CAPT":"Berlin","EU_STAT":"T","EFTA_STAT":"F","CC_STAT":"F","NAME_GERM":"Deutschland"},"id":"DE944"},{"arcs":[[1352,1353]],"type":"Polygon","properties":{"NUTS_ID":"DE945","LEVL_CODE":3,"CNTR_CODE":"DE","NAME_LATN":"Wilhelmshaven, Kreisfreie Stadt","NUTS_NAME":"Wilhelmshaven, Kreisfreie Stadt","MOUNT_TYPE":4,"URBN_TYPE":2,"COAST_TYPE":1,"NAME_ENGL":"Germany","NAME_FREN":"Allemagne","ISO3_CODE":"DEU","SVRG_UN":"UN Member State","CAPT":"Berlin","EU_STAT":"T","EFTA_STAT":"F","CC_STAT":"F","NAME_GERM":"Deutschland"},"id":"DE945"},{"arcs":[[-1349,1354,1355,1356,1357,1358]],"type":"Polygon","properties":{"NUTS_ID":"DE946","LEVL_CODE":3,"CNTR_CODE":"DE","NAME_LATN":"Ammerland","NUTS_NAME":"Ammerland","MOUNT_TYPE":4,"URBN_TYPE":2,"COAST_TYPE":2,"NAME_ENGL":"Germany","NAME_FREN":"Allemagne","ISO3_CODE":"DEU","SVRG_UN":"UN Member State","CAPT":"Berlin","EU_STAT":"T","EFTA_STAT":"F","CC_STAT":"F","NAME_GERM":"Deutschland"},"id":"DE946"},{"arcs":[[[1359,1360,1361,1362]],[[1363]]],"type":"MultiPolygon","properties":{"NUTS_ID":"DE947","LEVL_CODE":3,"CNTR_CODE":"DE","NAME_LATN":"Aurich","NUTS_NAME":"Aurich","MOUNT_TYPE":4,"URBN_TYPE":2,"COAST_TYPE":1,"NAME_ENGL":"Germany","NAME_FREN":"Allemagne","ISO3_CODE":"DEU","SVRG_UN":"UN Member State","CAPT":"Berlin","EU_STAT":"T","EFTA_STAT":"F","CC_STAT":"F","NAME_GERM":"Deutschland"},"id":"DE947"},{"arcs":[[1364,1365,1366,1367,1368,-1356]],"type":"Polygon","properties":{"NUTS_ID":"DE948","LEVL_CODE":3,"CNTR_CODE":"DE","NAME_LATN":"Cloppenburg","NUTS_NAME":"Cloppenburg","MOUNT_TYPE":4,"URBN_TYPE":3,"COAST_TYPE":3,"NAME_ENGL":"Germany","NAME_FREN":"Allemagne","ISO3_CODE":"DEU","SVRG_UN":"UN Member State","CAPT":"Berlin","EU_STAT":"T","EFTA_STAT":"F","CC_STAT":"F","NAME_GERM":"Deutschland"},"id":"DE948"},{"arcs":[[-1368,1369,1370,1371,1372,1373,1374]],"type":"Polygon","properties":{"NUTS_ID":"DE949","LEVL_CODE":3,"CNTR_CODE":"DE","NAME_LATN":"Emsland","NUTS_NAME":"Emsland","MOUNT_TYPE":4,"URBN_TYPE":3,"COAST_TYPE":3,"NAME_ENGL":"Germany","NAME_FREN":"Allemagne","ISO3_CODE":"DEU","SVRG_UN":"UN Member State","CAPT":"Berlin","EU_STAT":"T","EFTA_STAT":"F","CC_STAT":"F","NAME_GERM":"Deutschland"},"id":"DE949"},{"arcs":[[-1353,1375,1376,-1358,1377,1378,1379]],"type":"Polygon","properties":{"NUTS_ID":"DE94A","LEVL_CODE":3,"CNTR_CODE":"DE","NAME_LATN":"Friesland (DE)","NUTS_NAME":"Friesland (DE)","MOUNT_TYPE":4,"URBN_TYPE":2,"COAST_TYPE":1,"NAME_ENGL":"Germany","NAME_FREN":"Allemagne","ISO3_CODE":"DEU","SVRG_UN":"UN Member State","CAPT":"Berlin","EU_STAT":"T","EFTA_STAT":"F","CC_STAT":"F","NAME_GERM":"Deutschland"},"id":"DE94A"},{"arcs":[[1380,1381,1382,1383,1384,-1372]],"type":"Polygon","properties":{"NUTS_ID":"DE94B","LEVL_CODE":3,"CNTR_CODE":"DE","NAME_LATN":"Grafschaft Bentheim","NUTS_NAME":"Grafschaft Bentheim","MOUNT_TYPE":4,"URBN_TYPE":2,"COAST_TYPE":3,"NAME_ENGL":"Germany","NAME_FREN":"Allemagne","ISO3_CODE":"DEU","SVRG_UN":"UN Member State","CAPT":"Berlin","EU_STAT":"T","EFTA_STAT":"F","CC_STAT":"F","NAME_GERM":"Deutschland"},"id":"DE94B"},{"arcs":[[[-1375,1385,1386,1387,-1360,1388,-1378,-1357,-1369]],[[1389]]],"type":"MultiPolygon","properties":{"NUTS_ID":"DE94C","LEVL_CODE":3,"CNTR_CODE":"DE","NAME_LATN":"Leer","NUTS_NAME":"Leer","MOUNT_TYPE":4,"URBN_TYPE":2,"COAST_TYPE":1,"NAME_ENGL":"Germany","NAME_FREN":"Allemagne","ISO3_CODE":"DEU","SVRG_UN":"UN Member State","CAPT":"Berlin","EU_STAT":"T","EFTA_STAT":"F","CC_STAT":"F","NAME_GERM":"Deutschland"},"id":"DE94C"},{"arcs":[[1390,1391,1392,-1365,-1355,-1348,1393]],"type":"Polygon","properties":{"NUTS_ID":"DE94D","LEVL_CODE":3,"CNTR_CODE":"DE","NAME_LATN":"Oldenburg, Landkreis","NUTS_NAME":"Oldenburg, Landkreis","MOUNT_TYPE":4,"URBN_TYPE":2,"COAST_TYPE":2,"NAME_ENGL":"Germany","NAME_FREN":"Allemagne","ISO3_CODE":"DEU","SVRG_UN":"UN Member State","CAPT":"Berlin","EU_STAT":"T","EFTA_STAT":"F","CC_STAT":"F","NAME_GERM":"Deutschland"},"id":"DE94D"},{"arcs":[[1394,1395,1396,1397,1398,1399,-1352,1400,-1370,-1367,1401]],"type":"Polygon","properties":{"NUTS_ID":"DE94E","LEVL_CODE":3,"CNTR_CODE":"DE","NAME_LATN":"Osnabrück, Landkreis","NUTS_NAME":"Osnabrück, Landkreis","MOUNT_TYPE":4,"URBN_TYPE":2,"COAST_TYPE":3,"NAME_ENGL":"Germany","NAME_FREN":"Allemagne","ISO3_CODE":"DEU","SVRG_UN":"UN Member State","CAPT":"Berlin","EU_STAT":"T","EFTA_STAT":"F","CC_STAT":"F","NAME_GERM":"Deutschland"},"id":"DE94E"},{"arcs":[[1402,-1402,-1366,-1393]],"type":"Polygon","properties":{"NUTS_ID":"DE94F","LEVL_CODE":3,"CNTR_CODE":"DE","NAME_LATN":"Vechta","NUTS_NAME":"Vechta","MOUNT_TYPE":4,"URBN_TYPE":2,"COAST_TYPE":3,"NAME_ENGL":"Germany","NAME_FREN":"Allemagne","ISO3_CODE":"DEU","SVRG_UN":"UN Member State","CAPT":"Berlin","EU_STAT":"T","EFTA_STAT":"F","CC_STAT":"F","NAME_GERM":"Deutschland"},"id":"DE94F"},{"arcs":[[1403,1404,1405,1406,1407,-1394,-1350,-1359,-1377,1408]],"type":"Polygon","properties":{"NUTS_ID":"DE94G","LEVL_CODE":3,"CNTR_CODE":"DE","NAME_LATN":"Wesermarsch","NUTS_NAME":"Wesermarsch","MOUNT_TYPE":4,"URBN_TYPE":2,"COAST_TYPE":1,"NAME_ENGL":"Germany","NAME_FREN":"Allemagne","ISO3_CODE":"DEU","SVRG_UN":"UN Member State","CAPT":"Berlin","EU_STAT":"T","EFTA_STAT":"F","CC_STAT":"F","NAME_GERM":"Deutschland"},"id":"DE94G"},{"arcs":[[-1389,-1363,1409,-1379]],"type":"Polygon","properties":{"NUTS_ID":"DE94H","LEVL_CODE":3,"CNTR_CODE":"DE","NAME_LATN":"Wittmund","NUTS_NAME":"Wittmund","MOUNT_TYPE":4,"URBN_TYPE":3,"COAST_TYPE":1,"NAME_ENGL":"Germany","NAME_FREN":"Allemagne","ISO3_CODE":"DEU","SVRG_UN":"UN Member State","CAPT":"Berlin","EU_STAT":"T","EFTA_STAT":"F","CC_STAT":"F","NAME_GERM":"Deutschland"},"id":"DE94H"},{"arcs":[[1410,1411,1412]],"type":"Polygon","properties":{"NUTS_ID":"DEA11","LEVL_CODE":3,"CNTR_CODE":"DE","NAME_LATN":"Düsseldorf, Kreisfreie Stadt","NUTS_NAME":"Düsseldorf, Kreisfreie Stadt","MOUNT_TYPE":4,"URBN_TYPE":1,"COAST_TYPE":3,"NAME_ENGL":"Germany","NAME_FREN":"Allemagne","ISO3_CODE":"DEU","SVRG_UN":"UN Member State","CAPT":"Berlin","EU_STAT":"T","EFTA_STAT":"F","CC_STAT":"F","NAME_GERM":"Deutschland"},"id":"DEA11"},{"arcs":[[-493,1413,-1412,1414,1415,1416,-497]],"type":"Polygon","properties":{"NUTS_ID":"DEA12","LEVL_CODE":3,"CNTR_CODE":"DE","NAME_LATN":"Duisburg, Kreisfreie Stadt","NUTS_NAME":"Duisburg, Kreisfreie Stadt","MOUNT_TYPE":4,"URBN_TYPE":1,"COAST_TYPE":3,"NAME_ENGL":"Germany","NAME_FREN":"Allemagne","ISO3_CODE":"DEU","SVRG_UN":"UN Member State","CAPT":"Berlin","EU_STAT":"T","EFTA_STAT":"F","CC_STAT":"F","NAME_GERM":"Deutschland"},"id":"DEA12"},{"arcs":[[1417,1418,1419,1420,-495,-496,1421,1422]],"type":"Polygon","properties":{"NUTS_ID":"DEA13","LEVL_CODE":3,"CNTR_CODE":"DE","NAME_LATN":"Essen, Kreisfreie Stadt","NUTS_NAME":"Essen, Kreisfreie Stadt","MOUNT_TYPE":4,"URBN_TYPE":1,"COAST_TYPE":3,"NAME_ENGL":"Germany","NAME_FREN":"Allemagne","ISO3_CODE":"DEU","SVRG_UN":"UN Member State","CAPT":"Berlin","EU_STAT":"T","EFTA_STAT":"F","CC_STAT":"F","NAME_GERM":"Deutschland"},"id":"DEA13"},{"arcs":[[-1416,1423,1424,1425]],"type":"Polygon","properties":{"NUTS_ID":"DEA14","LEVL_CODE":3,"CNTR_CODE":"DE","NAME_LATN":"Krefeld, Kreisfreie Stadt","NUTS_NAME":"Krefeld, Kreisfreie Stadt","MOUNT_TYPE":4,"URBN_TYPE":1,"COAST_TYPE":3,"NAME_ENGL":"Germany","NAME_FREN":"Allemagne","ISO3_CODE":"DEU","SVRG_UN":"UN Member State","CAPT":"Berlin","EU_STAT":"T","EFTA_STAT":"F","CC_STAT":"F","NAME_GERM":"Deutschland"},"id":"DEA14"},{"arcs":[[1426,1427,1428]],"type":"Polygon","properties":{"NUTS_ID":"DEA15","LEVL_CODE":3,"CNTR_CODE":"DE","NAME_LATN":"Mönchengladbach, Kreisfreie Stadt","NUTS_NAME":"Mönchengladbach, Kreisfreie Stadt","MOUNT_TYPE":4,"URBN_TYPE":1,"COAST_TYPE":3,"NAME_ENGL":"Germany","NAME_FREN":"Allemagne","ISO3_CODE":"DEU","SVRG_UN":"UN Member State","CAPT":"Berlin","EU_STAT":"T","EFTA_STAT":"F","CC_STAT":"F","NAME_GERM":"Deutschland"},"id":"DEA15"},{"arcs":[[1429,1430,1431,1432,1433,1434,1435]],"type":"Polygon","properties":{"NUTS_ID":"FRK24","LEVL_CODE":3,"CNTR_CODE":"FR","NAME_LATN":"Isère","NUTS_NAME":"Isère","MOUNT_TYPE":2,"URBN_TYPE":2,"COAST_TYPE":3,"NAME_ENGL":"France","NAME_FREN":"France","ISO3_CODE":"FRA","SVRG_UN":"UN Member State","CAPT":"Paris","EU_STAT":"T","EFTA_STAT":"F","CC_STAT":"F","NAME_GERM":"Frankreich"},"id":"FRK24"},{"arcs":[[1436,-1434,1437,1438,1439,1440,1441]],"type":"Polygon","properties":{"NUTS_ID":"FRK25","LEVL_CODE":3,"CNTR_CODE":"FR","NAME_LATN":"Loire","NUTS_NAME":"Loire","MOUNT_TYPE":3,"URBN_TYPE":2,"COAST_TYPE":3,"NAME_ENGL":"France","NAME_FREN":"France","ISO3_CODE":"FRA","SVRG_UN":"UN Member State","CAPT":"Paris","EU_STAT":"T","EFTA_STAT":"F","CC_STAT":"F","NAME_GERM":"Frankreich"},"id":"FRK25"},{"arcs":[[1442,-1435,-1437,1443]],"type":"Polygon","properties":{"NUTS_ID":"FRK26","LEVL_CODE":3,"CNTR_CODE":"FR","NAME_LATN":"Rhône","NUTS_NAME":"Rhône","MOUNT_TYPE":2,"URBN_TYPE":1,"COAST_TYPE":3,"NAME_ENGL":"France","NAME_FREN":"France","ISO3_CODE":"FRA","SVRG_UN":"UN Member State","CAPT":"Paris","EU_STAT":"T","EFTA_STAT":"F","CC_STAT":"F","NAME_GERM":"Frankreich"},"id":"FRK26"},{"arcs":[[1444,1445,1446,-1430,1447,1448]],"type":"Polygon","properties":{"NUTS_ID":"FRK27","LEVL_CODE":3,"CNTR_CODE":"FR","NAME_LATN":"Savoie","NUTS_NAME":"Savoie","MOUNT_TYPE":3,"URBN_TYPE":2,"COAST_TYPE":3,"NAME_ENGL":"France","NAME_FREN":"France","ISO3_CODE":"FRA","SVRG_UN":"UN Member State","CAPT":"Paris","EU_STAT":"T","EFTA_STAT":"F","CC_STAT":"F","NAME_GERM":"Frankreich"},"id":"FRK27"},{"arcs":[[-1251,1449,-1449,1450,-1253,-108]],"type":"Polygon","properties":{"NUTS_ID":"FRK28","LEVL_CODE":3,"CNTR_CODE":"FR","NAME_LATN":"Haute-Savoie","NUTS_NAME":"Haute-Savoie","MOUNT_TYPE":3,"URBN_TYPE":2,"COAST_TYPE":3,"NAME_ENGL":"France","NAME_FREN":"France","ISO3_CODE":"FRA","SVRG_UN":"UN Member State","CAPT":"Paris","EU_STAT":"T","EFTA_STAT":"F","CC_STAT":"F","NAME_GERM":"Frankreich"},"id":"FRK28"},{"arcs":[[-508,-505,1451,1452,1453,1454,-1413,-1414,-492,-1421,1455]],"type":"Polygon","properties":{"NUTS_ID":"DEA1C","LEVL_CODE":3,"CNTR_CODE":"DE","NAME_LATN":"Mettmann","NUTS_NAME":"Mettmann","MOUNT_TYPE":4,"URBN_TYPE":1,"COAST_TYPE":3,"NAME_ENGL":"Germany","NAME_FREN":"Allemagne","ISO3_CODE":"DEU","SVRG_UN":"UN Member State","CAPT":"Berlin","EU_STAT":"T","EFTA_STAT":"F","CC_STAT":"F","NAME_GERM":"Deutschland"},"id":"DEA1C"},{"arcs":[[-1411,-1455,1456,1457,1458,1459,-1427,1460,-1424,-1415]],"type":"Polygon","properties":{"NUTS_ID":"DEA1D","LEVL_CODE":3,"CNTR_CODE":"DE","NAME_LATN":"Rhein-Kreis Neuss","NUTS_NAME":"Rhein-Kreis Neuss","MOUNT_TYPE":4,"URBN_TYPE":1,"COAST_TYPE":3,"NAME_ENGL":"Germany","NAME_FREN":"Allemagne","ISO3_CODE":"DEU","SVRG_UN":"UN Member State","CAPT":"Berlin","EU_STAT":"T","EFTA_STAT":"F","CC_STAT":"F","NAME_GERM":"Deutschland"},"id":"DEA1D"},{"arcs":[[-1425,-1461,-1429,1461,1462,1463,-512,1464]],"type":"Polygon","properties":{"NUTS_ID":"DEA1E","LEVL_CODE":3,"CNTR_CODE":"DE","NAME_LATN":"Viersen","NUTS_NAME":"Viersen","MOUNT_TYPE":4,"URBN_TYPE":1,"COAST_TYPE":3,"NAME_ENGL":"Germany","NAME_FREN":"Allemagne","ISO3_CODE":"DEU","SVRG_UN":"UN Member State","CAPT":"Berlin","EU_STAT":"T","EFTA_STAT":"F","CC_STAT":"F","NAME_GERM":"Deutschland"},"id":"DEA1E"},{"arcs":[[1465,1466,-498,-1417,-1426,-1465,-511,1467]],"type":"Polygon","properties":{"NUTS_ID":"DEA1F","LEVL_CODE":3,"CNTR_CODE":"DE","NAME_LATN":"Wesel","NUTS_NAME":"Wesel","MOUNT_TYPE":4,"URBN_TYPE":1,"COAST_TYPE":3,"NAME_ENGL":"Germany","NAME_FREN":"Allemagne","ISO3_CODE":"DEU","SVRG_UN":"UN Member State","CAPT":"Berlin","EU_STAT":"T","EFTA_STAT":"F","CC_STAT":"F","NAME_GERM":"Deutschland"},"id":"DEA1F"},{"arcs":[[1468]],"type":"Polygon","properties":{"NUTS_ID":"DEA22","LEVL_CODE":3,"CNTR_CODE":"DE","NAME_LATN":"Bonn, Kreisfreie Stadt","NUTS_NAME":"Bonn, Kreisfreie Stadt","MOUNT_TYPE":4,"URBN_TYPE":1,"COAST_TYPE":3,"NAME_ENGL":"Germany","NAME_FREN":"Allemagne","ISO3_CODE":"DEU","SVRG_UN":"UN Member State","CAPT":"Berlin","EU_STAT":"T","EFTA_STAT":"F","CC_STAT":"F","NAME_GERM":"Deutschland"},"id":"DEA22"},{"arcs":[[1469,1470,1471,1472,-1457,-1454]],"type":"Polygon","properties":{"NUTS_ID":"DEA23","LEVL_CODE":3,"CNTR_CODE":"DE","NAME_LATN":"Köln, Kreisfreie Stadt","NUTS_NAME":"Köln, Kreisfreie Stadt","MOUNT_TYPE":4,"URBN_TYPE":1,"COAST_TYPE":3,"NAME_ENGL":"Germany","NAME_FREN":"Allemagne","ISO3_CODE":"DEU","SVRG_UN":"UN Member State","CAPT":"Berlin","EU_STAT":"T","EFTA_STAT":"F","CC_STAT":"F","NAME_GERM":"Deutschland"},"id":"DEA23"},{"arcs":[[-1470,-1453,1473]],"type":"Polygon","properties":{"NUTS_ID":"DEA24","LEVL_CODE":3,"CNTR_CODE":"DE","NAME_LATN":"Leverkusen, Kreisfreie Stadt","NUTS_NAME":"Leverkusen, Kreisfreie Stadt","MOUNT_TYPE":4,"URBN_TYPE":1,"COAST_TYPE":3,"NAME_ENGL":"Germany","NAME_FREN":"Allemagne","ISO3_CODE":"DEU","SVRG_UN":"UN Member State","CAPT":"Berlin","EU_STAT":"T","EFTA_STAT":"F","CC_STAT":"F","NAME_GERM":"Deutschland"},"id":"DEA24"},{"arcs":[[1474,1475,1476,1477,-1459]],"type":"Polygon","properties":{"NUTS_ID":"DEA26","LEVL_CODE":3,"CNTR_CODE":"DE","NAME_LATN":"Düren","NUTS_NAME":"Düren","MOUNT_TYPE":4,"URBN_TYPE":2,"COAST_TYPE":3,"NAME_ENGL":"Germany","NAME_FREN":"Allemagne","ISO3_CODE":"DEU","SVRG_UN":"UN Member State","CAPT":"Berlin","EU_STAT":"T","EFTA_STAT":"F","CC_STAT":"F","NAME_GERM":"Deutschland"},"id":"DEA26"},{"arcs":[[1478,1479,-1475,-1458,-1473]],"type":"Polygon","properties":{"NUTS_ID":"DEA27","LEVL_CODE":3,"CNTR_CODE":"DE","NAME_LATN":"Rhein-Erft-Kreis","NUTS_NAME":"Rhein-Erft-Kreis","MOUNT_TYPE":4,"URBN_TYPE":1,"COAST_TYPE":3,"NAME_ENGL":"Germany","NAME_FREN":"Allemagne","ISO3_CODE":"DEU","SVRG_UN":"UN Member State","CAPT":"Berlin","EU_STAT":"T","EFTA_STAT":"F","CC_STAT":"F","NAME_GERM":"Deutschland"},"id":"DEA27"},{"arcs":[[1480,1481,1482,-1006,1483,-1476,-1480,1484]],"type":"Polygon","properties":{"NUTS_ID":"DEA28","LEVL_CODE":3,"CNTR_CODE":"DE","NAME_LATN":"Euskirchen","NUTS_NAME":"Euskirchen","MOUNT_TYPE":4,"URBN_TYPE":2,"COAST_TYPE":3,"NAME_ENGL":"Germany","NAME_FREN":"Allemagne","ISO3_CODE":"DEU","SVRG_UN":"UN Member State","CAPT":"Berlin","EU_STAT":"T","EFTA_STAT":"F","CC_STAT":"F","NAME_GERM":"Deutschland"},"id":"DEA28"},{"arcs":[[1485,1486,-1462,-1428,-1460,-1478,1487]],"type":"Polygon","properties":{"NUTS_ID":"DEA29","LEVL_CODE":3,"CNTR_CODE":"DE","NAME_LATN":"Heinsberg","NUTS_NAME":"Heinsberg","MOUNT_TYPE":4,"URBN_TYPE":2,"COAST_TYPE":3,"NAME_ENGL":"Germany","NAME_FREN":"Allemagne","ISO3_CODE":"DEU","SVRG_UN":"UN Member State","CAPT":"Berlin","EU_STAT":"T","EFTA_STAT":"F","CC_STAT":"F","NAME_GERM":"Deutschland"},"id":"DEA29"},{"arcs":[[1488,1489,1490,1491,1492,-500,-507,1493]],"type":"Polygon","properties":{"NUTS_ID":"DEA2A","LEVL_CODE":3,"CNTR_CODE":"DE","NAME_LATN":"Oberbergischer Kreis","NUTS_NAME":"Oberbergischer Kreis","MOUNT_TYPE":4,"URBN_TYPE":2,"COAST_TYPE":3,"NAME_ENGL":"Germany","NAME_FREN":"Allemagne","ISO3_CODE":"DEU","SVRG_UN":"UN Member State","CAPT":"Berlin","EU_STAT":"T","EFTA_STAT":"F","CC_STAT":"F","NAME_GERM":"Deutschland"},"id":"DEA2A"},{"arcs":[[-1493,1494,-1471,-1474,-1452,-504,-501]],"type":"Polygon","properties":{"NUTS_ID":"DEA2B","LEVL_CODE":3,"CNTR_CODE":"DE","NAME_LATN":"Rheinisch-Bergischer Kreis","NUTS_NAME":"Rheinisch-Bergischer Kreis","MOUNT_TYPE":4,"URBN_TYPE":1,"COAST_TYPE":3,"NAME_ENGL":"Germany","NAME_FREN":"Allemagne","ISO3_CODE":"DEU","SVRG_UN":"UN Member State","CAPT":"Berlin","EU_STAT":"T","EFTA_STAT":"F","CC_STAT":"F","NAME_GERM":"Deutschland"},"id":"DEA2B"},{"arcs":[[1495,1496,1497,-1485,-1479,-1472,-1495,-1492],[-1469]],"type":"Polygon","properties":{"NUTS_ID":"DEA2C","LEVL_CODE":3,"CNTR_CODE":"DE","NAME_LATN":"Rhein-Sieg-Kreis","NUTS_NAME":"Rhein-Sieg-Kreis","MOUNT_TYPE":4,"URBN_TYPE":1,"COAST_TYPE":3,"NAME_ENGL":"Germany","NAME_FREN":"Allemagne","ISO3_CODE":"DEU","SVRG_UN":"UN Member State","CAPT":"Berlin","EU_STAT":"T","EFTA_STAT":"F","CC_STAT":"F","NAME_GERM":"Deutschland"},"id":"DEA2C"},{"arcs":[[-1484,-1005,-998,-1008,1498,-1488,-1477]],"type":"Polygon","properties":{"NUTS_ID":"DEA2D","LEVL_CODE":3,"CNTR_CODE":"DE","NAME_LATN":"Städteregion Aachen","NUTS_NAME":"Städteregion Aachen","MOUNT_TYPE":4,"URBN_TYPE":1,"COAST_TYPE":3,"NAME_ENGL":"Germany","NAME_FREN":"Allemagne","ISO3_CODE":"DEU","SVRG_UN":"UN Member State","CAPT":"Berlin","EU_STAT":"T","EFTA_STAT":"F","CC_STAT":"F","NAME_GERM":"Deutschland"},"id":"DEA2D"},{"arcs":[[-1422,-499,-1467,1499]],"type":"Polygon","properties":{"NUTS_ID":"DEA31","LEVL_CODE":3,"CNTR_CODE":"DE","NAME_LATN":"Bottrop, Kreisfreie Stadt","NUTS_NAME":"Bottrop, Kreisfreie Stadt","MOUNT_TYPE":4,"URBN_TYPE":1,"COAST_TYPE":3,"NAME_ENGL":"Germany","NAME_FREN":"Allemagne","ISO3_CODE":"DEU","SVRG_UN":"UN Member State","CAPT":"Berlin","EU_STAT":"T","EFTA_STAT":"F","CC_STAT":"F","NAME_GERM":"Deutschland"},"id":"DEA31"},{"arcs":[[1500,1501,-1418,1502]],"type":"Polygon","properties":{"NUTS_ID":"DEA32","LEVL_CODE":3,"CNTR_CODE":"DE","NAME_LATN":"Gelsenkirchen, Kreisfreie Stadt","NUTS_NAME":"Gelsenkirchen, Kreisfreie Stadt","MOUNT_TYPE":4,"URBN_TYPE":1,"COAST_TYPE":3,"NAME_ENGL":"Germany","NAME_FREN":"Allemagne","ISO3_CODE":"DEU","SVRG_UN":"UN Member State","CAPT":"Berlin","EU_STAT":"T","EFTA_STAT":"F","CC_STAT":"F","NAME_GERM":"Deutschland"},"id":"DEA32"},{"arcs":[[1503,1504,1505]],"type":"Polygon","properties":{"NUTS_ID":"DEA33","LEVL_CODE":3,"CNTR_CODE":"DE","NAME_LATN":"Münster, Kreisfreie Stadt","NUTS_NAME":"Münster, Kreisfreie Stadt","MOUNT_TYPE":4,"URBN_TYPE":1,"COAST_TYPE":3,"NAME_ENGL":"Germany","NAME_FREN":"Allemagne","ISO3_CODE":"DEU","SVRG_UN":"UN Member State","CAPT":"Berlin","EU_STAT":"T","EFTA_STAT":"F","CC_STAT":"F","NAME_GERM":"Deutschland"},"id":"DEA33"},{"arcs":[[1506,1507,-1468,-510,1508,1509,-1382,1510]],"type":"Polygon","properties":{"NUTS_ID":"DEA34","LEVL_CODE":3,"CNTR_CODE":"DE","NAME_LATN":"Borken","NUTS_NAME":"Borken","MOUNT_TYPE":4,"URBN_TYPE":2,"COAST_TYPE":3,"NAME_ENGL":"Germany","NAME_FREN":"Allemagne","ISO3_CODE":"DEU","SVRG_UN":"UN Member State","CAPT":"Berlin","EU_STAT":"T","EFTA_STAT":"F","CC_STAT":"F","NAME_GERM":"Deutschland"},"id":"DEA34"},{"arcs":[[-1504,1511,1512,1513,1514,-1507,1515]],"type":"Polygon","properties":{"NUTS_ID":"DEA35","LEVL_CODE":3,"CNTR_CODE":"DE","NAME_LATN":"Coesfeld","NUTS_NAME":"Coesfeld","MOUNT_TYPE":4,"URBN_TYPE":1,"COAST_TYPE":3,"NAME_ENGL":"Germany","NAME_FREN":"Allemagne","ISO3_CODE":"DEU","SVRG_UN":"UN Member State","CAPT":"Berlin","EU_STAT":"T","EFTA_STAT":"F","CC_STAT":"F","NAME_GERM":"Deutschland"},"id":"DEA35"},{"arcs":[[1516,1517,1518,1519,-1503,-1423,-1500,-1466,-1508,-1515]],"type":"Polygon","properties":{"NUTS_ID":"DEA36","LEVL_CODE":3,"CNTR_CODE":"DE","NAME_LATN":"Recklinghausen","NUTS_NAME":"Recklinghausen","MOUNT_TYPE":4,"URBN_TYPE":1,"COAST_TYPE":3,"NAME_ENGL":"Germany","NAME_FREN":"Allemagne","ISO3_CODE":"DEU","SVRG_UN":"UN Member State","CAPT":"Berlin","EU_STAT":"T","EFTA_STAT":"F","CC_STAT":"F","NAME_GERM":"Deutschland"},"id":"DEA36"},{"arcs":[[-1351,-1400,1520,-1505,-1516,-1511,-1381,-1371,-1401]],"type":"Polygon","properties":{"NUTS_ID":"DEA37","LEVL_CODE":3,"CNTR_CODE":"DE","NAME_LATN":"Steinfurt","NUTS_NAME":"Steinfurt","MOUNT_TYPE":4,"URBN_TYPE":2,"COAST_TYPE":3,"NAME_ENGL":"Germany","NAME_FREN":"Allemagne","ISO3_CODE":"DEU","SVRG_UN":"UN Member State","CAPT":"Berlin","EU_STAT":"T","EFTA_STAT":"F","CC_STAT":"F","NAME_GERM":"Deutschland"},"id":"DEA37"},{"arcs":[[1521,1522,1523,-1512,-1506,-1521,-1399]],"type":"Polygon","properties":{"NUTS_ID":"DEA38","LEVL_CODE":3,"CNTR_CODE":"DE","NAME_LATN":"Warendorf","NUTS_NAME":"Warendorf","MOUNT_TYPE":4,"URBN_TYPE":2,"COAST_TYPE":3,"NAME_ENGL":"Germany","NAME_FREN":"Allemagne","ISO3_CODE":"DEU","SVRG_UN":"UN Member State","CAPT":"Berlin","EU_STAT":"T","EFTA_STAT":"F","CC_STAT":"F","NAME_GERM":"Deutschland"},"id":"DEA38"},{"arcs":[[1524,1525,1526]],"type":"Polygon","properties":{"NUTS_ID":"DEA41","LEVL_CODE":3,"CNTR_CODE":"DE","NAME_LATN":"Bielefeld, Kreisfreie Stadt","NUTS_NAME":"Bielefeld, Kreisfreie Stadt","MOUNT_TYPE":4,"URBN_TYPE":1,"COAST_TYPE":3,"NAME_ENGL":"Germany","NAME_FREN":"Allemagne","ISO3_CODE":"DEU","SVRG_UN":"UN Member State","CAPT":"Berlin","EU_STAT":"T","EFTA_STAT":"F","CC_STAT":"F","NAME_GERM":"Deutschland"},"id":"DEA41"},{"arcs":[[-1526,1527,1528,1529,-1522,-1398,1530]],"type":"Polygon","properties":{"NUTS_ID":"DEA42","LEVL_CODE":3,"CNTR_CODE":"DE","NAME_LATN":"Gütersloh","NUTS_NAME":"Gütersloh","MOUNT_TYPE":4,"URBN_TYPE":1,"COAST_TYPE":3,"NAME_ENGL":"Germany","NAME_FREN":"Allemagne","ISO3_CODE":"DEU","SVRG_UN":"UN Member State","CAPT":"Berlin","EU_STAT":"T","EFTA_STAT":"F","CC_STAT":"F","NAME_GERM":"Deutschland"},"id":"DEA42"},{"arcs":[[1531,-1527,-1531,-1397,1532]],"type":"Polygon","properties":{"NUTS_ID":"DEA43","LEVL_CODE":3,"CNTR_CODE":"DE","NAME_LATN":"Herford","NUTS_NAME":"Herford","MOUNT_TYPE":4,"URBN_TYPE":1,"COAST_TYPE":3,"NAME_ENGL":"Germany","NAME_FREN":"Allemagne","ISO3_CODE":"DEU","SVRG_UN":"UN Member State","CAPT":"Berlin","EU_STAT":"T","EFTA_STAT":"F","CC_STAT":"F","NAME_GERM":"Deutschland"},"id":"DEA43"},{"arcs":[[1533,1534,1535,1536,1537,1538,1539]],"type":"Polygon","properties":{"NUTS_ID":"DEA44","LEVL_CODE":3,"CNTR_CODE":"DE","NAME_LATN":"Höxter","NUTS_NAME":"Höxter","MOUNT_TYPE":4,"URBN_TYPE":3,"COAST_TYPE":3,"NAME_ENGL":"Germany","NAME_FREN":"Allemagne","ISO3_CODE":"DEU","SVRG_UN":"UN Member State","CAPT":"Berlin","EU_STAT":"T","EFTA_STAT":"F","CC_STAT":"F","NAME_GERM":"Deutschland"},"id":"DEA44"},{"arcs":[[1540,1541,-1540,1542,-1528,-1525,-1532,1543,1544]],"type":"Polygon","properties":{"NUTS_ID":"DEA45","LEVL_CODE":3,"CNTR_CODE":"DE","NAME_LATN":"Lippe","NUTS_NAME":"Lippe","MOUNT_TYPE":4,"URBN_TYPE":2,"COAST_TYPE":3,"NAME_ENGL":"Germany","NAME_FREN":"Allemagne","ISO3_CODE":"DEU","SVRG_UN":"UN Member State","CAPT":"Berlin","EU_STAT":"T","EFTA_STAT":"F","CC_STAT":"F","NAME_GERM":"Deutschland"},"id":"DEA45"},{"arcs":[[1545,-1544,-1533,-1396,1546,1547]],"type":"Polygon","properties":{"NUTS_ID":"DEA46","LEVL_CODE":3,"CNTR_CODE":"DE","NAME_LATN":"Minden-Lübbecke","NUTS_NAME":"Minden-Lübbecke","MOUNT_TYPE":4,"URBN_TYPE":2,"COAST_TYPE":3,"NAME_ENGL":"Germany","NAME_FREN":"Allemagne","ISO3_CODE":"DEU","SVRG_UN":"UN Member State","CAPT":"Berlin","EU_STAT":"T","EFTA_STAT":"F","CC_STAT":"F","NAME_GERM":"Deutschland"},"id":"DEA46"},{"arcs":[[-1539,1548,1549,-1529,-1543]],"type":"Polygon","properties":{"NUTS_ID":"DEA47","LEVL_CODE":3,"CNTR_CODE":"DE","NAME_LATN":"Paderborn","NUTS_NAME":"Paderborn","MOUNT_TYPE":4,"URBN_TYPE":2,"COAST_TYPE":3,"NAME_ENGL":"Germany","NAME_FREN":"Allemagne","ISO3_CODE":"DEU","SVRG_UN":"UN Member State","CAPT":"Berlin","EU_STAT":"T","EFTA_STAT":"F","CC_STAT":"F","NAME_GERM":"Deutschland"},"id":"DEA47"},{"arcs":[[1550,1551,-1419,-1502,1552,-1519]],"type":"Polygon","properties":{"NUTS_ID":"DEA51","LEVL_CODE":3,"CNTR_CODE":"DE","NAME_LATN":"Bochum, Kreisfreie Stadt","NUTS_NAME":"Bochum, Kreisfreie Stadt","MOUNT_TYPE":4,"URBN_TYPE":1,"COAST_TYPE":3,"NAME_ENGL":"Germany","NAME_FREN":"Allemagne","ISO3_CODE":"DEU","SVRG_UN":"UN Member State","CAPT":"Berlin","EU_STAT":"T","EFTA_STAT":"F","CC_STAT":"F","NAME_GERM":"Deutschland"},"id":"DEA51"},{"arcs":[[1553,1554,-1551,-1518,1555]],"type":"Polygon","properties":{"NUTS_ID":"DEA52","LEVL_CODE":3,"CNTR_CODE":"DE","NAME_LATN":"Dortmund, Kreisfreie Stadt","NUTS_NAME":"Dortmund, Kreisfreie Stadt","MOUNT_TYPE":4,"URBN_TYPE":1,"COAST_TYPE":3,"NAME_ENGL":"Germany","NAME_FREN":"Allemagne","ISO3_CODE":"DEU","SVRG_UN":"UN Member State","CAPT":"Berlin","EU_STAT":"T","EFTA_STAT":"F","CC_STAT":"F","NAME_GERM":"Deutschland"},"id":"DEA52"},{"arcs":[[1556,1557,-1554,1558]],"type":"Polygon","properties":{"NUTS_ID":"DEA53","LEVL_CODE":3,"CNTR_CODE":"DE","NAME_LATN":"Hagen, Kreisfreie Stadt","NUTS_NAME":"Hagen, Kreisfreie Stadt","MOUNT_TYPE":4,"URBN_TYPE":1,"COAST_TYPE":3,"NAME_ENGL":"Germany","NAME_FREN":"Allemagne","ISO3_CODE":"DEU","SVRG_UN":"UN Member State","CAPT":"Berlin","EU_STAT":"T","EFTA_STAT":"F","CC_STAT":"F","NAME_GERM":"Deutschland"},"id":"DEA53"},{"arcs":[[1559,1560,-1513,-1524]],"type":"Polygon","properties":{"NUTS_ID":"DEA54","LEVL_CODE":3,"CNTR_CODE":"DE","NAME_LATN":"Hamm, Kreisfreie Stadt","NUTS_NAME":"Hamm, Kreisfreie Stadt","MOUNT_TYPE":4,"URBN_TYPE":1,"COAST_TYPE":3,"NAME_ENGL":"Germany","NAME_FREN":"Allemagne","ISO3_CODE":"DEU","SVRG_UN":"UN Member State","CAPT":"Berlin","EU_STAT":"T","EFTA_STAT":"F","CC_STAT":"F","NAME_GERM":"Deutschland"},"id":"DEA54"},{"arcs":[[-1553,-1501,-1520]],"type":"Polygon","properties":{"NUTS_ID":"DEA55","LEVL_CODE":3,"CNTR_CODE":"DE","NAME_LATN":"Herne, Kreisfreie Stadt","NUTS_NAME":"Herne, Kreisfreie Stadt","MOUNT_TYPE":4,"URBN_TYPE":1,"COAST_TYPE":3,"NAME_ENGL":"Germany","NAME_FREN":"Allemagne","ISO3_CODE":"DEU","SVRG_UN":"UN Member State","CAPT":"Berlin","EU_STAT":"T","EFTA_STAT":"F","CC_STAT":"F","NAME_GERM":"Deutschland"},"id":"DEA55"},{"arcs":[[-1558,1561,-1494,-509,-1456,-1420,-1552,-1555]],"type":"Polygon","properties":{"NUTS_ID":"DEA56","LEVL_CODE":3,"CNTR_CODE":"DE","NAME_LATN":"Ennepe-Ruhr-Kreis","NUTS_NAME":"Ennepe-Ruhr-Kreis","MOUNT_TYPE":4,"URBN_TYPE":1,"COAST_TYPE":3,"NAME_ENGL":"Germany","NAME_FREN":"Allemagne","ISO3_CODE":"DEU","SVRG_UN":"UN Member State","CAPT":"Berlin","EU_STAT":"T","EFTA_STAT":"F","CC_STAT":"F","NAME_GERM":"Deutschland"},"id":"DEA56"},{"arcs":[[1562,1563,1564,1565,1566,-1549,-1538]],"type":"Polygon","properties":{"NUTS_ID":"DEA57","LEVL_CODE":3,"CNTR_CODE":"DE","NAME_LATN":"Hochsauerlandkreis","NUTS_NAME":"Hochsauerlandkreis","MOUNT_TYPE":2,"URBN_TYPE":2,"COAST_TYPE":3,"NAME_ENGL":"Germany","NAME_FREN":"Allemagne","ISO3_CODE":"DEU","SVRG_UN":"UN Member State","CAPT":"Berlin","EU_STAT":"T","EFTA_STAT":"F","CC_STAT":"F","NAME_GERM":"Deutschland"},"id":"DEA57"},{"arcs":[[-1566,1567,-1489,-1562,-1557,1568,1569]],"type":"Polygon","properties":{"NUTS_ID":"DEA58","LEVL_CODE":3,"CNTR_CODE":"DE","NAME_LATN":"Märkischer Kreis","NUTS_NAME":"Märkischer Kreis","MOUNT_TYPE":4,"URBN_TYPE":1,"COAST_TYPE":3,"NAME_ENGL":"Germany","NAME_FREN":"Allemagne","ISO3_CODE":"DEU","SVRG_UN":"UN Member State","CAPT":"Berlin","EU_STAT":"T","EFTA_STAT":"F","CC_STAT":"F","NAME_GERM":"Deutschland"},"id":"DEA58"},{"arcs":[[-1565,1570,1571,-1490,-1568]],"type":"Polygon","properties":{"NUTS_ID":"DEA59","LEVL_CODE":3,"CNTR_CODE":"DE","NAME_LATN":"Olpe","NUTS_NAME":"Olpe","MOUNT_TYPE":2,"URBN_TYPE":2,"COAST_TYPE":3,"NAME_ENGL":"Germany","NAME_FREN":"Allemagne","ISO3_CODE":"DEU","SVRG_UN":"UN Member State","CAPT":"Berlin","EU_STAT":"T","EFTA_STAT":"F","CC_STAT":"F","NAME_GERM":"Deutschland"},"id":"DEA59"},{"arcs":[[1572,1573,1574,1575,1576,-1571,-1564]],"type":"Polygon","properties":{"NUTS_ID":"DEA5A","LEVL_CODE":3,"CNTR_CODE":"DE","NAME_LATN":"Siegen-Wittgenstein","NUTS_NAME":"Siegen-Wittgenstein","MOUNT_TYPE":2,"URBN_TYPE":2,"COAST_TYPE":3,"NAME_ENGL":"Germany","NAME_FREN":"Allemagne","ISO3_CODE":"DEU","SVRG_UN":"UN Member State","CAPT":"Berlin","EU_STAT":"T","EFTA_STAT":"F","CC_STAT":"F","NAME_GERM":"Deutschland"},"id":"DEA5A"},{"arcs":[[-1550,-1567,-1570,1577,-1560,-1523,-1530]],"type":"Polygon","properties":{"NUTS_ID":"DEA5B","LEVL_CODE":3,"CNTR_CODE":"DE","NAME_LATN":"Soest","NUTS_NAME":"Soest","MOUNT_TYPE":4,"URBN_TYPE":2,"COAST_TYPE":3,"NAME_ENGL":"Germany","NAME_FREN":"Allemagne","ISO3_CODE":"DEU","SVRG_UN":"UN Member State","CAPT":"Berlin","EU_STAT":"T","EFTA_STAT":"F","CC_STAT":"F","NAME_GERM":"Deutschland"},"id":"DEA5B"},{"arcs":[[-1561,-1578,-1569,-1559,-1556,-1517,-1514]],"type":"Polygon","properties":{"NUTS_ID":"DEA5C","LEVL_CODE":3,"CNTR_CODE":"DE","NAME_LATN":"Unna","NUTS_NAME":"Unna","MOUNT_TYPE":4,"URBN_TYPE":1,"COAST_TYPE":3,"NAME_ENGL":"Germany","NAME_FREN":"Allemagne","ISO3_CODE":"DEU","SVRG_UN":"UN Member State","CAPT":"Berlin","EU_STAT":"T","EFTA_STAT":"F","CC_STAT":"F","NAME_GERM":"Deutschland"},"id":"DEA5C"},{"arcs":[[1578,1579,1580]],"type":"Polygon","properties":{"NUTS_ID":"DEB11","LEVL_CODE":3,"CNTR_CODE":"DE","NAME_LATN":"Koblenz, Kreisfreie Stadt","NUTS_NAME":"Koblenz, Kreisfreie Stadt","MOUNT_TYPE":4,"URBN_TYPE":2,"COAST_TYPE":3,"NAME_ENGL":"Germany","NAME_FREN":"Allemagne","ISO3_CODE":"DEU","SVRG_UN":"UN Member State","CAPT":"Berlin","EU_STAT":"T","EFTA_STAT":"F","CC_STAT":"F","NAME_GERM":"Deutschland"},"id":"DEB11"},{"arcs":[[1581,1582,-1481,-1498,1583]],"type":"Polygon","properties":{"NUTS_ID":"DEB12","LEVL_CODE":3,"CNTR_CODE":"DE","NAME_LATN":"Ahrweiler","NUTS_NAME":"Ahrweiler","MOUNT_TYPE":2,"URBN_TYPE":2,"COAST_TYPE":3,"NAME_ENGL":"Germany","NAME_FREN":"Allemagne","ISO3_CODE":"DEU","SVRG_UN":"UN Member State","CAPT":"Berlin","EU_STAT":"T","EFTA_STAT":"F","CC_STAT":"F","NAME_GERM":"Deutschland"},"id":"DEB12"},{"arcs":[[-1577,1584,1585,-1496,-1491,-1572]],"type":"Polygon","properties":{"NUTS_ID":"DEB13","LEVL_CODE":3,"CNTR_CODE":"DE","NAME_LATN":"Altenkirchen (Westerwald)","NUTS_NAME":"Altenkirchen (Westerwald)","MOUNT_TYPE":4,"URBN_TYPE":3,"COAST_TYPE":3,"NAME_ENGL":"Germany","NAME_FREN":"Allemagne","ISO3_CODE":"DEU","SVRG_UN":"UN Member State","CAPT":"Berlin","EU_STAT":"T","EFTA_STAT":"F","CC_STAT":"F","NAME_GERM":"Deutschland"},"id":"DEB13"},{"arcs":[[1586,1587,1588,1589,1590,1591]],"type":"Polygon","properties":{"NUTS_ID":"DEB14","LEVL_CODE":3,"CNTR_CODE":"DE","NAME_LATN":"Bad Kreuznach","NUTS_NAME":"Bad Kreuznach","MOUNT_TYPE":4,"URBN_TYPE":2,"COAST_TYPE":3,"NAME_ENGL":"Germany","NAME_FREN":"Allemagne","ISO3_CODE":"DEU","SVRG_UN":"UN Member State","CAPT":"Berlin","EU_STAT":"T","EFTA_STAT":"F","CC_STAT":"F","NAME_GERM":"Deutschland"},"id":"DEB14"},{"arcs":[[-1590,1592,1593,1594,1595,1596]],"type":"Polygon","properties":{"NUTS_ID":"DEB15","LEVL_CODE":3,"CNTR_CODE":"DE","NAME_LATN":"Birkenfeld","NUTS_NAME":"Birkenfeld","MOUNT_TYPE":3,"URBN_TYPE":3,"COAST_TYPE":3,"NAME_ENGL":"Germany","NAME_FREN":"Allemagne","ISO3_CODE":"DEU","SVRG_UN":"UN Member State","CAPT":"Berlin","EU_STAT":"T","EFTA_STAT":"F","CC_STAT":"F","NAME_GERM":"Deutschland"},"id":"DEB15"},{"arcs":[[1597,-1581,1598,1599,1600,1601,-1582,1602]],"type":"Polygon","properties":{"NUTS_ID":"DEB17","LEVL_CODE":3,"CNTR_CODE":"DE","NAME_LATN":"Mayen-Koblenz","NUTS_NAME":"Mayen-Koblenz","MOUNT_TYPE":4,"URBN_TYPE":2,"COAST_TYPE":3,"NAME_ENGL":"Germany","NAME_FREN":"Allemagne","ISO3_CODE":"DEU","SVRG_UN":"UN Member State","CAPT":"Berlin","EU_STAT":"T","EFTA_STAT":"F","CC_STAT":"F","NAME_GERM":"Deutschland"},"id":"DEB17"},{"arcs":[[1603,-1603,-1584,-1497,-1586]],"type":"Polygon","properties":{"NUTS_ID":"DEB18","LEVL_CODE":3,"CNTR_CODE":"DE","NAME_LATN":"Neuwied","NUTS_NAME":"Neuwied","MOUNT_TYPE":4,"URBN_TYPE":2,"COAST_TYPE":3,"NAME_ENGL":"Germany","NAME_FREN":"Allemagne","ISO3_CODE":"DEU","SVRG_UN":"UN Member State","CAPT":"Berlin","EU_STAT":"T","EFTA_STAT":"F","CC_STAT":"F","NAME_GERM":"Deutschland"},"id":"DEB18"},{"arcs":[[1604,1605,1606,-1599,-1580,1607,1608]],"type":"Polygon","properties":{"NUTS_ID":"DEB1A","LEVL_CODE":3,"CNTR_CODE":"DE","NAME_LATN":"Rhein-Lahn-Kreis","NUTS_NAME":"Rhein-Lahn-Kreis","MOUNT_TYPE":3,"URBN_TYPE":2,"COAST_TYPE":3,"NAME_ENGL":"Germany","NAME_FREN":"Allemagne","ISO3_CODE":"DEU","SVRG_UN":"UN Member State","CAPT":"Berlin","EU_STAT":"T","EFTA_STAT":"F","CC_STAT":"F","NAME_GERM":"Deutschland"},"id":"DEB1A"},{"arcs":[[-1576,1609,1610,-1608,-1579,-1598,-1604,-1585]],"type":"Polygon","properties":{"NUTS_ID":"DEB1B","LEVL_CODE":3,"CNTR_CODE":"DE","NAME_LATN":"Westerwaldkreis","NUTS_NAME":"Westerwaldkreis","MOUNT_TYPE":4,"URBN_TYPE":3,"COAST_TYPE":3,"NAME_ENGL":"Germany","NAME_FREN":"Allemagne","ISO3_CODE":"DEU","SVRG_UN":"UN Member State","CAPT":"Berlin","EU_STAT":"T","EFTA_STAT":"F","CC_STAT":"F","NAME_GERM":"Deutschland"},"id":"DEB1B"},{"arcs":[[1611,1612,1613,-1601]],"type":"Polygon","properties":{"NUTS_ID":"DEB1C","LEVL_CODE":3,"CNTR_CODE":"DE","NAME_LATN":"Cochem-Zell","NUTS_NAME":"Cochem-Zell","MOUNT_TYPE":3,"URBN_TYPE":3,"COAST_TYPE":3,"NAME_ENGL":"Germany","NAME_FREN":"Allemagne","ISO3_CODE":"DEU","SVRG_UN":"UN Member State","CAPT":"Berlin","EU_STAT":"T","EFTA_STAT":"F","CC_STAT":"F","NAME_GERM":"Deutschland"},"id":"DEB1C"},{"arcs":[[1614,-1591,-1597,1615,-1612,-1600,-1607]],"type":"Polygon","properties":{"NUTS_ID":"DEB1D","LEVL_CODE":3,"CNTR_CODE":"DE","NAME_LATN":"Rhein-Hunsrück-Kreis","NUTS_NAME":"Rhein-Hunsrück-Kreis","MOUNT_TYPE":1,"URBN_TYPE":3,"COAST_TYPE":3,"NAME_ENGL":"Germany","NAME_FREN":"Allemagne","ISO3_CODE":"DEU","SVRG_UN":"UN Member State","CAPT":"Berlin","EU_STAT":"T","EFTA_STAT":"F","CC_STAT":"F","NAME_GERM":"Deutschland"},"id":"DEB1D"},{"arcs":[[1616]],"type":"Polygon","properties":{"NUTS_ID":"DEB21","LEVL_CODE":3,"CNTR_CODE":"DE","NAME_LATN":"Trier, Kreisfreie Stadt","NUTS_NAME":"Trier, Kreisfreie Stadt","MOUNT_TYPE":4,"URBN_TYPE":2,"COAST_TYPE":3,"NAME_ENGL":"Germany","NAME_FREN":"Allemagne","ISO3_CODE":"DEU","SVRG_UN":"UN Member State","CAPT":"Berlin","EU_STAT":"T","EFTA_STAT":"F","CC_STAT":"F","NAME_GERM":"Deutschland"},"id":"DEB21"},{"arcs":[[-1616,-1596,1617,1618,1619,-1613]],"type":"Polygon","properties":{"NUTS_ID":"DEB22","LEVL_CODE":3,"CNTR_CODE":"DE","NAME_LATN":"Bernkastel-Wittlich","NUTS_NAME":"Bernkastel-Wittlich","MOUNT_TYPE":3,"URBN_TYPE":3,"COAST_TYPE":3,"NAME_ENGL":"Germany","NAME_FREN":"Allemagne","ISO3_CODE":"DEU","SVRG_UN":"UN Member State","CAPT":"Berlin","EU_STAT":"T","EFTA_STAT":"F","CC_STAT":"F","NAME_GERM":"Deutschland"},"id":"DEB22"},{"arcs":[[1620,-1619,1621,1622,-1007,-1483]],"type":"Polygon","properties":{"NUTS_ID":"DEB23","LEVL_CODE":3,"CNTR_CODE":"DE","NAME_LATN":"Eifelkreis Bitburg-Prüm","NUTS_NAME":"Eifelkreis Bitburg-Prüm","MOUNT_TYPE":4,"URBN_TYPE":3,"COAST_TYPE":3,"NAME_ENGL":"Germany","NAME_FREN":"Allemagne","ISO3_CODE":"DEU","SVRG_UN":"UN Member State","CAPT":"Berlin","EU_STAT":"T","EFTA_STAT":"F","CC_STAT":"F","NAME_GERM":"Deutschland"},"id":"DEB23"},{"arcs":[[-1583,-1602,-1614,-1620,-1621,-1482]],"type":"Polygon","properties":{"NUTS_ID":"DEB24","LEVL_CODE":3,"CNTR_CODE":"DE","NAME_LATN":"Vulkaneifel","NUTS_NAME":"Vulkaneifel","MOUNT_TYPE":4,"URBN_TYPE":3,"COAST_TYPE":3,"NAME_ENGL":"Germany","NAME_FREN":"Allemagne","ISO3_CODE":"DEU","SVRG_UN":"UN Member State","CAPT":"Berlin","EU_STAT":"T","EFTA_STAT":"F","CC_STAT":"F","NAME_GERM":"Deutschland"},"id":"DEB24"},{"arcs":[[-1595,1623,1624,1625,-1622,-1618],[-1617]],"type":"Polygon","properties":{"NUTS_ID":"DEB25","LEVL_CODE":3,"CNTR_CODE":"DE","NAME_LATN":"Trier-Saarburg","NUTS_NAME":"Trier-Saarburg","MOUNT_TYPE":3,"URBN_TYPE":2,"COAST_TYPE":3,"NAME_ENGL":"Germany","NAME_FREN":"Allemagne","ISO3_CODE":"DEU","SVRG_UN":"UN Member State","CAPT":"Berlin","EU_STAT":"T","EFTA_STAT":"F","CC_STAT":"F","NAME_GERM":"Deutschland"},"id":"DEB25"},{"arcs":[[1626,-400,1627]],"type":"Polygon","properties":{"NUTS_ID":"DEB31","LEVL_CODE":3,"CNTR_CODE":"DE","NAME_LATN":"Frankenthal (Pfalz), Kreisfreie Stadt","NUTS_NAME":"Frankenthal (Pfalz), Kreisfreie Stadt","MOUNT_TYPE":4,"URBN_TYPE":1,"COAST_TYPE":3,"NAME_ENGL":"Germany","NAME_FREN":"Allemagne","ISO3_CODE":"DEU","SVRG_UN":"UN Member State","CAPT":"Berlin","EU_STAT":"T","EFTA_STAT":"F","CC_STAT":"F","NAME_GERM":"Deutschland"},"id":"DEB31"},{"arcs":[[1628]],"type":"Polygon","properties":{"NUTS_ID":"DEB32","LEVL_CODE":3,"CNTR_CODE":"DE","NAME_LATN":"Kaiserslautern, Kreisfreie Stadt","NUTS_NAME":"Kaiserslautern, Kreisfreie Stadt","MOUNT_TYPE":4,"URBN_TYPE":2,"COAST_TYPE":3,"NAME_ENGL":"Germany","NAME_FREN":"Allemagne","ISO3_CODE":"DEU","SVRG_UN":"UN Member State","CAPT":"Berlin","EU_STAT":"T","EFTA_STAT":"F","CC_STAT":"F","NAME_GERM":"Deutschland"},"id":"DEB32"},{"arcs":[[[1629]],[[1630,1631,1632]]],"type":"MultiPolygon","properties":{"NUTS_ID":"DEB33","LEVL_CODE":3,"CNTR_CODE":"DE","NAME_LATN":"Landau in der Pfalz, Kreisfreie Stadt","NUTS_NAME":"Landau in der Pfalz, Kreisfreie Stadt","MOUNT_TYPE":4,"URBN_TYPE":1,"COAST_TYPE":3,"NAME_ENGL":"Germany","NAME_FREN":"Allemagne","ISO3_CODE":"DEU","SVRG_UN":"UN Member State","CAPT":"Berlin","EU_STAT":"T","EFTA_STAT":"F","CC_STAT":"F","NAME_GERM":"Deutschland"},"id":"DEB33"},{"arcs":[[-1628,-399,1633]],"type":"Polygon","properties":{"NUTS_ID":"DEB34","LEVL_CODE":3,"CNTR_CODE":"DE","NAME_LATN":"Ludwigshafen am Rhein, Kreisfreie Stadt","NUTS_NAME":"Ludwigshafen am Rhein, Kreisfreie Stadt","MOUNT_TYPE":4,"URBN_TYPE":1,"COAST_TYPE":3,"NAME_ENGL":"Germany","NAME_FREN":"Allemagne","ISO3_CODE":"DEU","SVRG_UN":"UN Member State","CAPT":"Berlin","EU_STAT":"T","EFTA_STAT":"F","CC_STAT":"F","NAME_GERM":"Deutschland"},"id":"DEB34"},{"arcs":[[1634,1635,1636]],"type":"Polygon","properties":{"NUTS_ID":"DEB35","LEVL_CODE":3,"CNTR_CODE":"DE","NAME_LATN":"Mainz, Kreisfreie Stadt","NUTS_NAME":"Mainz, Kreisfreie Stadt","MOUNT_TYPE":4,"URBN_TYPE":1,"COAST_TYPE":3,"NAME_ENGL":"Germany","NAME_FREN":"Allemagne","ISO3_CODE":"DEU","SVRG_UN":"UN Member State","CAPT":"Berlin","EU_STAT":"T","EFTA_STAT":"F","CC_STAT":"F","NAME_GERM":"Deutschland"},"id":"DEB35"},{"arcs":[[1637,1638,1639]],"type":"Polygon","properties":{"NUTS_ID":"DEB36","LEVL_CODE":3,"CNTR_CODE":"DE","NAME_LATN":"Neustadt an der Weinstraße, Kreisfreie Stadt","NUTS_NAME":"Neustadt an der Weinstraße, Kreisfreie Stadt","MOUNT_TYPE":4,"URBN_TYPE":2,"COAST_TYPE":3,"NAME_ENGL":"Germany","NAME_FREN":"Allemagne","ISO3_CODE":"DEU","SVRG_UN":"UN Member State","CAPT":"Berlin","EU_STAT":"T","EFTA_STAT":"F","CC_STAT":"F","NAME_GERM":"Deutschland"},"id":"DEB36"},{"arcs":[[1640]],"type":"Polygon","properties":{"NUTS_ID":"DEB37","LEVL_CODE":3,"CNTR_CODE":"DE","NAME_LATN":"Pirmasens, Kreisfreie Stadt","NUTS_NAME":"Pirmasens, Kreisfreie Stadt","MOUNT_TYPE":4,"URBN_TYPE":3,"COAST_TYPE":3,"NAME_ENGL":"Germany","NAME_FREN":"Allemagne","ISO3_CODE":"DEU","SVRG_UN":"UN Member State","CAPT":"Berlin","EU_STAT":"T","EFTA_STAT":"F","CC_STAT":"F","NAME_GERM":"Deutschland"},"id":"DEB37"},{"arcs":[[-389,1641,-519]],"type":"Polygon","properties":{"NUTS_ID":"DEB38","LEVL_CODE":3,"CNTR_CODE":"DE","NAME_LATN":"Speyer, Kreisfreie Stadt","NUTS_NAME":"Speyer, Kreisfreie Stadt","MOUNT_TYPE":4,"URBN_TYPE":1,"COAST_TYPE":3,"NAME_ENGL":"Germany","NAME_FREN":"Allemagne","ISO3_CODE":"DEU","SVRG_UN":"UN Member State","CAPT":"Berlin","EU_STAT":"T","EFTA_STAT":"F","CC_STAT":"F","NAME_GERM":"Deutschland"},"id":"DEB38"},{"arcs":[[1642,1643,1644,1645]],"type":"Polygon","properties":{"NUTS_ID":"DEB39","LEVL_CODE":3,"CNTR_CODE":"DE","NAME_LATN":"Worms, Kreisfreie Stadt","NUTS_NAME":"Worms, Kreisfreie Stadt","MOUNT_TYPE":4,"URBN_TYPE":1,"COAST_TYPE":3,"NAME_ENGL":"Germany","NAME_FREN":"Allemagne","ISO3_CODE":"DEU","SVRG_UN":"UN Member State","CAPT":"Berlin","EU_STAT":"T","EFTA_STAT":"F","CC_STAT":"F","NAME_GERM":"Deutschland"},"id":"DEB39"},{"arcs":[[1646,1647]],"type":"Polygon","properties":{"NUTS_ID":"DEB3A","LEVL_CODE":3,"CNTR_CODE":"DE","NAME_LATN":"Zweibrücken, Kreisfreie Stadt","NUTS_NAME":"Zweibrücken, Kreisfreie Stadt","MOUNT_TYPE":4,"URBN_TYPE":2,"COAST_TYPE":3,"NAME_ENGL":"Germany","NAME_FREN":"Allemagne","ISO3_CODE":"DEU","SVRG_UN":"UN Member State","CAPT":"Berlin","EU_STAT":"T","EFTA_STAT":"F","CC_STAT":"F","NAME_GERM":"Deutschland"},"id":"DEB3A"},{"arcs":[[1648,1649,-1645,1650,1651,-1587,1652]],"type":"Polygon","properties":{"NUTS_ID":"DEB3B","LEVL_CODE":3,"CNTR_CODE":"DE","NAME_LATN":"Alzey-Worms","NUTS_NAME":"Alzey-Worms","MOUNT_TYPE":4,"URBN_TYPE":3,"COAST_TYPE":3,"NAME_ENGL":"Germany","NAME_FREN":"Allemagne","ISO3_CODE":"DEU","SVRG_UN":"UN Member State","CAPT":"Berlin","EU_STAT":"T","EFTA_STAT":"F","CC_STAT":"F","NAME_GERM":"Deutschland"},"id":"DEB3B"},{"arcs":[[-1644,1653,-1640,1654,-1633,1655,1656,1657,-1651]],"type":"Polygon","properties":{"NUTS_ID":"DEB3C","LEVL_CODE":3,"CNTR_CODE":"DE","NAME_LATN":"Bad Dürkheim","NUTS_NAME":"Bad Dürkheim","MOUNT_TYPE":4,"URBN_TYPE":2,"COAST_TYPE":3,"NAME_ENGL":"Germany","NAME_FREN":"Allemagne","ISO3_CODE":"DEU","SVRG_UN":"UN Member State","CAPT":"Berlin","EU_STAT":"T","EFTA_STAT":"F","CC_STAT":"F","NAME_GERM":"Deutschland"},"id":"DEB3C"},{"arcs":[[-1658,1658,1659,-1588,-1652]],"type":"Polygon","properties":{"NUTS_ID":"DEB3D","LEVL_CODE":3,"CNTR_CODE":"DE","NAME_LATN":"Donnersbergkreis","NUTS_NAME":"Donnersbergkreis","MOUNT_TYPE":4,"URBN_TYPE":3,"COAST_TYPE":3,"NAME_ENGL":"Germany","NAME_FREN":"Allemagne","ISO3_CODE":"DEU","SVRG_UN":"UN Member State","CAPT":"Berlin","EU_STAT":"T","EFTA_STAT":"F","CC_STAT":"F","NAME_GERM":"Deutschland"},"id":"DEB3D"},{"arcs":[[-387,-381,-386,-395,1660,1661,1662]],"type":"Polygon","properties":{"NUTS_ID":"DEB3E","LEVL_CODE":3,"CNTR_CODE":"DE","NAME_LATN":"Germersheim","NUTS_NAME":"Germersheim","MOUNT_TYPE":4,"URBN_TYPE":1,"COAST_TYPE":3,"NAME_ENGL":"Germany","NAME_FREN":"Allemagne","ISO3_CODE":"DEU","SVRG_UN":"UN Member State","CAPT":"Berlin","EU_STAT":"T","EFTA_STAT":"F","CC_STAT":"F","NAME_GERM":"Deutschland"},"id":"DEB3E"},{"arcs":[[-1657,1663,1664,1665,-1659],[-1629]],"type":"Polygon","properties":{"NUTS_ID":"DEB3F","LEVL_CODE":3,"CNTR_CODE":"DE","NAME_LATN":"Kaiserslautern, Landkreis","NUTS_NAME":"Kaiserslautern, Landkreis","MOUNT_TYPE":4,"URBN_TYPE":2,"COAST_TYPE":3,"NAME_ENGL":"Germany","NAME_FREN":"Allemagne","ISO3_CODE":"DEU","SVRG_UN":"UN Member State","CAPT":"Berlin","EU_STAT":"T","EFTA_STAT":"F","CC_STAT":"F","NAME_GERM":"Deutschland"},"id":"DEB3F"},{"arcs":[[-1660,-1666,1666,1667,1668,-1593,-1589]],"type":"Polygon","properties":{"NUTS_ID":"DEB3G","LEVL_CODE":3,"CNTR_CODE":"DE","NAME_LATN":"Kusel","NUTS_NAME":"Kusel","MOUNT_TYPE":4,"URBN_TYPE":3,"COAST_TYPE":3,"NAME_ENGL":"Germany","NAME_FREN":"Allemagne","ISO3_CODE":"DEU","SVRG_UN":"UN Member State","CAPT":"Berlin","EU_STAT":"T","EFTA_STAT":"F","CC_STAT":"F","NAME_GERM":"Deutschland"},"id":"DEB3G"},{"arcs":[[1669,-1662,1670,1671,-1631,-1655,-1639],[-1630]],"type":"Polygon","properties":{"NUTS_ID":"DEB3H","LEVL_CODE":3,"CNTR_CODE":"DE","NAME_LATN":"Südliche Weinstraße","NUTS_NAME":"Südliche Weinstraße","MOUNT_TYPE":4,"URBN_TYPE":2,"COAST_TYPE":3,"NAME_ENGL":"Germany","NAME_FREN":"Allemagne","ISO3_CODE":"DEU","SVRG_UN":"UN Member State","CAPT":"Berlin","EU_STAT":"T","EFTA_STAT":"F","CC_STAT":"F","NAME_GERM":"Deutschland"},"id":"DEB3H"},{"arcs":[[-401,-1627,-1634,-398,-520,-1642,-388,-1663,-1670,-1638,-1654,-1643,1672]],"type":"Polygon","properties":{"NUTS_ID":"DEB3I","LEVL_CODE":3,"CNTR_CODE":"DE","NAME_LATN":"Rhein-Pfalz-Kreis","NUTS_NAME":"Rhein-Pfalz-Kreis","MOUNT_TYPE":4,"URBN_TYPE":1,"COAST_TYPE":3,"NAME_ENGL":"Germany","NAME_FREN":"Allemagne","ISO3_CODE":"DEU","SVRG_UN":"UN Member State","CAPT":"Berlin","EU_STAT":"T","EFTA_STAT":"F","CC_STAT":"F","NAME_GERM":"Deutschland"},"id":"DEB3I"},{"arcs":[[1673,1674,-1636,1675,-1653,-1592,-1615,-1606]],"type":"Polygon","properties":{"NUTS_ID":"DEB3J","LEVL_CODE":3,"CNTR_CODE":"DE","NAME_LATN":"Mainz-Bingen","NUTS_NAME":"Mainz-Bingen","MOUNT_TYPE":4,"URBN_TYPE":2,"COAST_TYPE":3,"NAME_ENGL":"Germany","NAME_FREN":"Allemagne","ISO3_CODE":"DEU","SVRG_UN":"UN Member State","CAPT":"Berlin","EU_STAT":"T","EFTA_STAT":"F","CC_STAT":"F","NAME_GERM":"Deutschland"},"id":"DEB3J"},{"arcs":[[-1656,-1632,-1672,1676,1677,1678,-1648,1679,-1664],[-1641]],"type":"Polygon","properties":{"NUTS_ID":"DEB3K","LEVL_CODE":3,"CNTR_CODE":"DE","NAME_LATN":"Südwestpfalz","NUTS_NAME":"Südwestpfalz","MOUNT_TYPE":4,"URBN_TYPE":3,"COAST_TYPE":3,"NAME_ENGL":"Germany","NAME_FREN":"Allemagne","ISO3_CODE":"DEU","SVRG_UN":"UN Member State","CAPT":"Berlin","EU_STAT":"T","EFTA_STAT":"F","CC_STAT":"F","NAME_GERM":"Deutschland"},"id":"DEB3K"},{"arcs":[[1680,1681,1682,1683]],"type":"Polygon","properties":{"NUTS_ID":"DEC01","LEVL_CODE":3,"CNTR_CODE":"DE","NAME_LATN":"Regionalverband Saarbrücken","NUTS_NAME":"Regionalverband Saarbrücken","MOUNT_TYPE":4,"URBN_TYPE":1,"COAST_TYPE":3,"NAME_ENGL":"Germany","NAME_FREN":"Allemagne","ISO3_CODE":"DEU","SVRG_UN":"UN Member State","CAPT":"Berlin","EU_STAT":"T","EFTA_STAT":"F","CC_STAT":"F","NAME_GERM":"Deutschland"},"id":"DEC01"},{"arcs":[[1684,1685,1686,-1625,1687]],"type":"Polygon","properties":{"NUTS_ID":"DEC02","LEVL_CODE":3,"CNTR_CODE":"DE","NAME_LATN":"Merzig-Wadern","NUTS_NAME":"Merzig-Wadern","MOUNT_TYPE":4,"URBN_TYPE":2,"COAST_TYPE":3,"NAME_ENGL":"Germany","NAME_FREN":"Allemagne","ISO3_CODE":"DEU","SVRG_UN":"UN Member State","CAPT":"Berlin","EU_STAT":"T","EFTA_STAT":"F","CC_STAT":"F","NAME_GERM":"Deutschland"},"id":"DEC02"},{"arcs":[[-1668,1688,-1682,1689,1690]],"type":"Polygon","properties":{"NUTS_ID":"DEC03","LEVL_CODE":3,"CNTR_CODE":"DE","NAME_LATN":"Neunkirchen","NUTS_NAME":"Neunkirchen","MOUNT_TYPE":4,"URBN_TYPE":2,"COAST_TYPE":3,"NAME_ENGL":"Germany","NAME_FREN":"Allemagne","ISO3_CODE":"DEU","SVRG_UN":"UN Member State","CAPT":"Berlin","EU_STAT":"T","EFTA_STAT":"F","CC_STAT":"F","NAME_GERM":"Deutschland"},"id":"DEC03"},{"arcs":[[-1690,-1681,1691,-1685,1692]],"type":"Polygon","properties":{"NUTS_ID":"DEC04","LEVL_CODE":3,"CNTR_CODE":"DE","NAME_LATN":"Saarlouis","NUTS_NAME":"Saarlouis","MOUNT_TYPE":4,"URBN_TYPE":1,"COAST_TYPE":3,"NAME_ENGL":"Germany","NAME_FREN":"Allemagne","ISO3_CODE":"DEU","SVRG_UN":"UN Member State","CAPT":"Berlin","EU_STAT":"T","EFTA_STAT":"F","CC_STAT":"F","NAME_GERM":"Deutschland"},"id":"DEC04"},{"arcs":[[-1665,-1680,-1647,-1679,1693,-1683,-1689,-1667]],"type":"Polygon","properties":{"NUTS_ID":"DEC05","LEVL_CODE":3,"CNTR_CODE":"DE","NAME_LATN":"Saarpfalz-Kreis","NUTS_NAME":"Saarpfalz-Kreis","MOUNT_TYPE":4,"URBN_TYPE":1,"COAST_TYPE":3,"NAME_ENGL":"Germany","NAME_FREN":"Allemagne","ISO3_CODE":"DEU","SVRG_UN":"UN Member State","CAPT":"Berlin","EU_STAT":"T","EFTA_STAT":"F","CC_STAT":"F","NAME_GERM":"Deutschland"},"id":"DEC05"},{"arcs":[[-1669,-1691,-1693,-1688,-1624,-1594]],"type":"Polygon","properties":{"NUTS_ID":"DEC06","LEVL_CODE":3,"CNTR_CODE":"DE","NAME_LATN":"St. Wendel","NUTS_NAME":"St. Wendel","MOUNT_TYPE":4,"URBN_TYPE":2,"COAST_TYPE":3,"NAME_ENGL":"Germany","NAME_FREN":"Allemagne","ISO3_CODE":"DEU","SVRG_UN":"UN Member State","CAPT":"Berlin","EU_STAT":"T","EFTA_STAT":"F","CC_STAT":"F","NAME_GERM":"Deutschland"},"id":"DEC06"},{"arcs":[[1694,1695,1696]],"type":"Polygon","properties":{"NUTS_ID":"DED21","LEVL_CODE":3,"CNTR_CODE":"DE","NAME_LATN":"Dresden, Kreisfreie Stadt","NUTS_NAME":"Dresden, Kreisfreie Stadt","MOUNT_TYPE":4,"URBN_TYPE":1,"COAST_TYPE":3,"NAME_ENGL":"Germany","NAME_FREN":"Allemagne","ISO3_CODE":"DEU","SVRG_UN":"UN Member State","CAPT":"Berlin","EU_STAT":"T","EFTA_STAT":"F","CC_STAT":"F","NAME_GERM":"Deutschland"},"id":"DED21"},{"arcs":[[-308,1697,-1697,1698,1699,1700,1701]],"type":"Polygon","properties":{"NUTS_ID":"DED2C","LEVL_CODE":3,"CNTR_CODE":"DE","NAME_LATN":"Bautzen","NUTS_NAME":"Bautzen","MOUNT_TYPE":4,"URBN_TYPE":3,"COAST_TYPE":3,"NAME_ENGL":"Germany","NAME_FREN":"Allemagne","ISO3_CODE":"DEU","SVRG_UN":"UN Member State","CAPT":"Berlin","EU_STAT":"T","EFTA_STAT":"F","CC_STAT":"F","NAME_GERM":"Deutschland"},"id":"DED2C"},{"arcs":[[1702,-310,-303,-1702,1703,1704]],"type":"Polygon","properties":{"NUTS_ID":"DED2D","LEVL_CODE":3,"CNTR_CODE":"DE","NAME_LATN":"Görlitz","NUTS_NAME":"Görlitz","MOUNT_TYPE":4,"URBN_TYPE":2,"COAST_TYPE":3,"NAME_ENGL":"Germany","NAME_FREN":"Allemagne","ISO3_CODE":"DEU","SVRG_UN":"UN Member State","CAPT":"Berlin","EU_STAT":"T","EFTA_STAT":"F","CC_STAT":"F","NAME_GERM":"Deutschland"},"id":"DED2D"},{"arcs":[[1705,-1699,-1696,1706,1707,-1080,1708]],"type":"Polygon","properties":{"NUTS_ID":"DED2E","LEVL_CODE":3,"CNTR_CODE":"DE","NAME_LATN":"Meißen","NUTS_NAME":"Meißen","MOUNT_TYPE":4,"URBN_TYPE":2,"COAST_TYPE":3,"NAME_ENGL":"Germany","NAME_FREN":"Allemagne","ISO3_CODE":"DEU","SVRG_UN":"UN Member State","CAPT":"Berlin","EU_STAT":"T","EFTA_STAT":"F","CC_STAT":"F","NAME_GERM":"Deutschland"},"id":"DED2E"},{"arcs":[[-1698,-307,1709,-1707,-1695]],"type":"Polygon","properties":{"NUTS_ID":"DED2F","LEVL_CODE":3,"CNTR_CODE":"DE","NAME_LATN":"Sächsische Schweiz-Osterzgebirge","NUTS_NAME":"Sächsische Schweiz-Osterzgebirge","MOUNT_TYPE":4,"URBN_TYPE":1,"COAST_TYPE":3,"NAME_ENGL":"Germany","NAME_FREN":"Allemagne","ISO3_CODE":"DEU","SVRG_UN":"UN Member State","CAPT":"Berlin","EU_STAT":"T","EFTA_STAT":"F","CC_STAT":"F","NAME_GERM":"Deutschland"},"id":"DED2F"},{"arcs":[[1710,1711,1712]],"type":"Polygon","properties":{"NUTS_ID":"DED41","LEVL_CODE":3,"CNTR_CODE":"DE","NAME_LATN":"Chemnitz, Kreisfreie Stadt","NUTS_NAME":"Chemnitz, Kreisfreie Stadt","MOUNT_TYPE":4,"URBN_TYPE":2,"COAST_TYPE":3,"NAME_ENGL":"Germany","NAME_FREN":"Allemagne","ISO3_CODE":"DEU","SVRG_UN":"UN Member State","CAPT":"Berlin","EU_STAT":"T","EFTA_STAT":"F","CC_STAT":"F","NAME_GERM":"Deutschland"},"id":"DED41"},{"arcs":[[-305,-299,1713,1714,-1711,1715]],"type":"Polygon","properties":{"NUTS_ID":"DED42","LEVL_CODE":3,"CNTR_CODE":"DE","NAME_LATN":"Erzgebirgskreis","NUTS_NAME":"Erzgebirgskreis","MOUNT_TYPE":3,"URBN_TYPE":2,"COAST_TYPE":3,"NAME_ENGL":"Germany","NAME_FREN":"Allemagne","ISO3_CODE":"DEU","SVRG_UN":"UN Member State","CAPT":"Berlin","EU_STAT":"T","EFTA_STAT":"F","CC_STAT":"F","NAME_GERM":"Deutschland"},"id":"DED42"},{"arcs":[[-1710,-306,-1716,-1713,1716,-1223,-1075,-1081,-1708]],"type":"Polygon","properties":{"NUTS_ID":"DED43","LEVL_CODE":3,"CNTR_CODE":"DE","NAME_LATN":"Mittelsachsen","NUTS_NAME":"Mittelsachsen","MOUNT_TYPE":4,"URBN_TYPE":2,"COAST_TYPE":3,"NAME_ENGL":"Germany","NAME_FREN":"Allemagne","ISO3_CODE":"DEU","SVRG_UN":"UN Member State","CAPT":"Berlin","EU_STAT":"T","EFTA_STAT":"F","CC_STAT":"F","NAME_GERM":"Deutschland"},"id":"DED43"},{"arcs":[[-1714,-298,-448,-1218,-1222,1717]],"type":"Polygon","properties":{"NUTS_ID":"DED44","LEVL_CODE":3,"CNTR_CODE":"DE","NAME_LATN":"Vogtlandkreis","NUTS_NAME":"Vogtlandkreis","MOUNT_TYPE":4,"URBN_TYPE":2,"COAST_TYPE":3,"NAME_ENGL":"Germany","NAME_FREN":"Allemagne","ISO3_CODE":"DEU","SVRG_UN":"UN Member State","CAPT":"Berlin","EU_STAT":"T","EFTA_STAT":"F","CC_STAT":"F","NAME_GERM":"Deutschland"},"id":"DED44"},{"arcs":[[-1712,-1715,-1718,-1221,-1224,-1717]],"type":"Polygon","properties":{"NUTS_ID":"DED45","LEVL_CODE":3,"CNTR_CODE":"DE","NAME_LATN":"Zwickau","NUTS_NAME":"Zwickau","MOUNT_TYPE":4,"URBN_TYPE":2,"COAST_TYPE":3,"NAME_ENGL":"Germany","NAME_FREN":"Allemagne","ISO3_CODE":"DEU","SVRG_UN":"UN Member State","CAPT":"Berlin","EU_STAT":"T","EFTA_STAT":"F","CC_STAT":"F","NAME_GERM":"Deutschland"},"id":"DED45"},{"arcs":[[1718]],"type":"Polygon","properties":{"NUTS_ID":"ES709","LEVL_CODE":3,"CNTR_CODE":"ES","NAME_LATN":"Tenerife","NUTS_NAME":"Tenerife","MOUNT_TYPE":3,"URBN_TYPE":1,"COAST_TYPE":1,"NAME_ENGL":"Spain","NAME_FREN":"Espagne","ISO3_CODE":"ESP","SVRG_UN":"UN Member State","CAPT":"Madrid","EU_STAT":"T","EFTA_STAT":"F","CC_STAT":"F","NAME_GERM":"Spanien"},"id":"ES709"},{"arcs":[[1719,1720,1721,1722,1723,1724,1725]],"type":"Polygon","properties":{"NUTS_ID":"FI193","LEVL_CODE":3,"CNTR_CODE":"FI","NAME_LATN":"Keski-Suomi","NUTS_NAME":"Keski-Suomi","MOUNT_TYPE":4,"URBN_TYPE":3,"COAST_TYPE":3,"NAME_ENGL":"Finland","NAME_FREN":"Finlande","ISO3_CODE":"FIN","SVRG_UN":"UN Member State","CAPT":"Helsinki","EU_STAT":"T","EFTA_STAT":"F","CC_STAT":"F","NAME_GERM":"Finnland"},"id":"FI193"},{"arcs":[[1726,-1724,1727,1728,1729]],"type":"Polygon","properties":{"NUTS_ID":"FI194","LEVL_CODE":3,"CNTR_CODE":"FI","NAME_LATN":"Etelä-Pohjanmaa","NUTS_NAME":"Etelä-Pohjanmaa","MOUNT_TYPE":4,"URBN_TYPE":3,"COAST_TYPE":3,"NAME_ENGL":"Finland","NAME_FREN":"Finlande","ISO3_CODE":"FIN","SVRG_UN":"UN Member State","CAPT":"Helsinki","EU_STAT":"T","EFTA_STAT":"F","CC_STAT":"F","NAME_GERM":"Finnland"},"id":"FI194"},{"arcs":[[[-1730,1730,1731,1732]],[[1733]],[[1734]]],"type":"MultiPolygon","properties":{"NUTS_ID":"FI195","LEVL_CODE":3,"CNTR_CODE":"FI","NAME_LATN":"Pohjanmaa","NUTS_NAME":"Pohjanmaa","MOUNT_TYPE":4,"URBN_TYPE":3,"COAST_TYPE":1,"NAME_ENGL":"Finland","NAME_FREN":"Finlande","ISO3_CODE":"FIN","SVRG_UN":"UN Member State","CAPT":"Helsinki","EU_STAT":"T","EFTA_STAT":"F","CC_STAT":"F","NAME_GERM":"Finnland"},"id":"FI195"},{"arcs":[[1735,1736,1737,-1731,-1729]],"type":"Polygon","properties":{"NUTS_ID":"FI196","LEVL_CODE":3,"CNTR_CODE":"FI","NAME_LATN":"Satakunta","NUTS_NAME":"Satakunta","MOUNT_TYPE":4,"URBN_TYPE":3,"COAST_TYPE":1,"NAME_ENGL":"Finland","NAME_FREN":"Finlande","ISO3_CODE":"FIN","SVRG_UN":"UN Member State","CAPT":"Helsinki","EU_STAT":"T","EFTA_STAT":"F","CC_STAT":"F","NAME_GERM":"Finnland"},"id":"FI196"},{"arcs":[[-1723,1738,1739,1740,-1736,-1728]],"type":"Polygon","properties":{"NUTS_ID":"FI197","LEVL_CODE":3,"CNTR_CODE":"FI","NAME_LATN":"Pirkanmaa","NUTS_NAME":"Pirkanmaa","MOUNT_TYPE":4,"URBN_TYPE":2,"COAST_TYPE":3,"NAME_ENGL":"Finland","NAME_FREN":"Finlande","ISO3_CODE":"FIN","SVRG_UN":"UN Member State","CAPT":"Helsinki","EU_STAT":"T","EFTA_STAT":"F","CC_STAT":"F","NAME_GERM":"Finnland"},"id":"FI197"},{"arcs":[[1741,1742,1743,1744,1745]],"type":"Polygon","properties":{"NUTS_ID":"FI1B1","LEVL_CODE":3,"CNTR_CODE":"FI","NAME_LATN":"Helsinki-Uusimaa","NUTS_NAME":"Helsinki-Uusimaa","MOUNT_TYPE":4,"URBN_TYPE":1,"COAST_TYPE":1,"NAME_ENGL":"Finland","NAME_FREN":"Finlande","ISO3_CODE":"FIN","SVRG_UN":"UN Member State","CAPT":"Helsinki","EU_STAT":"T","EFTA_STAT":"F","CC_STAT":"F","NAME_GERM":"Finnland"},"id":"FI1B1"},{"arcs":[[-1120,1746,-1116,1747,1748,1749,1750]],"type":"Polygon","properties":{"NUTS_ID":"FRJ22","LEVL_CODE":3,"CNTR_CODE":"FR","NAME_LATN":"Aveyron","NUTS_NAME":"Aveyron","MOUNT_TYPE":3,"URBN_TYPE":3,"COAST_TYPE":3,"NAME_ENGL":"France","NAME_FREN":"France","ISO3_CODE":"FRA","SVRG_UN":"UN Member State","CAPT":"Paris","EU_STAT":"T","EFTA_STAT":"F","CC_STAT":"F","NAME_GERM":"Frankreich"},"id":"FRJ22"},{"arcs":[[1751,-1131,1752,1753,1754,1755,1756,1757]],"type":"Polygon","properties":{"NUTS_ID":"FRJ23","LEVL_CODE":3,"CNTR_CODE":"FR","NAME_LATN":"Haute-Garonne","NUTS_NAME":"Haute-Garonne","MOUNT_TYPE":4,"URBN_TYPE":1,"COAST_TYPE":3,"NAME_ENGL":"France","NAME_FREN":"France","ISO3_CODE":"FRA","SVRG_UN":"UN Member State","CAPT":"Paris","EU_STAT":"T","EFTA_STAT":"F","CC_STAT":"F","NAME_GERM":"Frankreich"},"id":"FRJ23"},{"arcs":[[-1756,1758,1759,1760,1761,1762]],"type":"Polygon","properties":{"NUTS_ID":"FRJ24","LEVL_CODE":3,"CNTR_CODE":"FR","NAME_LATN":"Gers","NUTS_NAME":"Gers","MOUNT_TYPE":4,"URBN_TYPE":3,"COAST_TYPE":3,"NAME_ENGL":"France","NAME_FREN":"France","ISO3_CODE":"FRA","SVRG_UN":"UN Member State","CAPT":"Paris","EU_STAT":"T","EFTA_STAT":"F","CC_STAT":"F","NAME_GERM":"Frankreich"},"id":"FRJ24"},{"arcs":[[1763,-1750,1764,1765,1766,1767]],"type":"Polygon","properties":{"NUTS_ID":"FRJ25","LEVL_CODE":3,"CNTR_CODE":"FR","NAME_LATN":"Lot","NUTS_NAME":"Lot","MOUNT_TYPE":4,"URBN_TYPE":3,"COAST_TYPE":3,"NAME_ENGL":"France","NAME_FREN":"France","ISO3_CODE":"FRA","SVRG_UN":"UN Member State","CAPT":"Paris","EU_STAT":"T","EFTA_STAT":"F","CC_STAT":"F","NAME_GERM":"Frankreich"},"id":"FRJ25"},{"arcs":[[-1755,1768,1769,-1759]],"type":"Polygon","properties":{"NUTS_ID":"FRJ26","LEVL_CODE":3,"CNTR_CODE":"FR","NAME_LATN":"Hautes-Pyrénées","NUTS_NAME":"Hautes-Pyrénées","MOUNT_TYPE":2,"URBN_TYPE":3,"COAST_TYPE":3,"NAME_ENGL":"France","NAME_FREN":"France","ISO3_CODE":"FRA","SVRG_UN":"UN Member State","CAPT":"Paris","EU_STAT":"T","EFTA_STAT":"F","CC_STAT":"F","NAME_GERM":"Frankreich"},"id":"FRJ26"},{"arcs":[[-1115,1770,-1758,1771,-1748]],"type":"Polygon","properties":{"NUTS_ID":"FRJ27","LEVL_CODE":3,"CNTR_CODE":"FR","NAME_LATN":"Tarn","NUTS_NAME":"Tarn","MOUNT_TYPE":4,"URBN_TYPE":3,"COAST_TYPE":3,"NAME_ENGL":"France","NAME_FREN":"France","ISO3_CODE":"FRA","SVRG_UN":"UN Member State","CAPT":"Paris","EU_STAT":"T","EFTA_STAT":"F","CC_STAT":"F","NAME_GERM":"Frankreich"},"id":"FRJ27"},{"arcs":[[-1749,-1772,-1757,-1763,1772,-1765]],"type":"Polygon","properties":{"NUTS_ID":"FRJ28","LEVL_CODE":3,"CNTR_CODE":"FR","NAME_LATN":"Tarn-et-Garonne","NUTS_NAME":"Tarn-et-Garonne","MOUNT_TYPE":4,"URBN_TYPE":3,"COAST_TYPE":3,"NAME_ENGL":"France","NAME_FREN":"France","ISO3_CODE":"FRA","SVRG_UN":"UN Member State","CAPT":"Paris","EU_STAT":"T","EFTA_STAT":"F","CC_STAT":"F","NAME_GERM":"Frankreich"},"id":"FRJ28"},{"arcs":[[1773,-1441,1774,1775,1776,1777]],"type":"Polygon","properties":{"NUTS_ID":"FRK11","LEVL_CODE":3,"CNTR_CODE":"FR","NAME_LATN":"Allier","NUTS_NAME":"Allier","MOUNT_TYPE":4,"URBN_TYPE":3,"COAST_TYPE":3,"NAME_ENGL":"France","NAME_FREN":"France","ISO3_CODE":"FRA","SVRG_UN":"UN Member State","CAPT":"Paris","EU_STAT":"T","EFTA_STAT":"F","CC_STAT":"F","NAME_GERM":"Frankreich"},"id":"FRK11"},{"arcs":[[1778,-1121,-1751,-1764,1779,1780]],"type":"Polygon","properties":{"NUTS_ID":"FRK12","LEVL_CODE":3,"CNTR_CODE":"FR","NAME_LATN":"Cantal","NUTS_NAME":"Cantal","MOUNT_TYPE":3,"URBN_TYPE":3,"COAST_TYPE":3,"NAME_ENGL":"France","NAME_FREN":"France","ISO3_CODE":"FRA","SVRG_UN":"UN Member State","CAPT":"Paris","EU_STAT":"T","EFTA_STAT":"F","CC_STAT":"F","NAME_GERM":"Frankreich"},"id":"FRK12"},{"arcs":[[-1439,1781,-1122,-1779,1782]],"type":"Polygon","properties":{"NUTS_ID":"FRK13","LEVL_CODE":3,"CNTR_CODE":"FR","NAME_LATN":"Haute-Loire","NUTS_NAME":"Haute-Loire","MOUNT_TYPE":3,"URBN_TYPE":3,"COAST_TYPE":3,"NAME_ENGL":"France","NAME_FREN":"France","ISO3_CODE":"FRA","SVRG_UN":"UN Member State","CAPT":"Paris","EU_STAT":"T","EFTA_STAT":"F","CC_STAT":"F","NAME_GERM":"Frankreich"},"id":"FRK13"},{"arcs":[[-1440,-1783,-1781,1783,1784,-1775]],"type":"Polygon","properties":{"NUTS_ID":"FRK14","LEVL_CODE":3,"CNTR_CODE":"FR","NAME_LATN":"Puy-de-Dôme","NUTS_NAME":"Puy-de-Dôme","MOUNT_TYPE":3,"URBN_TYPE":2,"COAST_TYPE":3,"NAME_ENGL":"France","NAME_FREN":"France","ISO3_CODE":"FRA","SVRG_UN":"UN Member State","CAPT":"Paris","EU_STAT":"T","EFTA_STAT":"F","CC_STAT":"F","NAME_GERM":"Frankreich"},"id":"FRK14"},{"arcs":[[1785,-110,-1254,-1451,-1448,-1436,-1443,1786]],"type":"Polygon","properties":{"NUTS_ID":"FRK21","LEVL_CODE":3,"CNTR_CODE":"FR","NAME_LATN":"Ain","NUTS_NAME":"Ain","MOUNT_TYPE":4,"URBN_TYPE":3,"COAST_TYPE":3,"NAME_ENGL":"France","NAME_FREN":"France","ISO3_CODE":"FRA","SVRG_UN":"UN Member State","CAPT":"Paris","EU_STAT":"T","EFTA_STAT":"F","CC_STAT":"F","NAME_GERM":"Frankreich"},"id":"FRK21"},{"arcs":[[1787,1788,1789,-1118,-1782,-1438,-1433]],"type":"Polygon","properties":{"NUTS_ID":"FRK22","LEVL_CODE":3,"CNTR_CODE":"FR","NAME_LATN":"Ardèche","NUTS_NAME":"Ardèche","MOUNT_TYPE":3,"URBN_TYPE":3,"COAST_TYPE":3,"NAME_ENGL":"France","NAME_FREN":"France","ISO3_CODE":"FRA","SVRG_UN":"UN Member State","CAPT":"Paris","EU_STAT":"T","EFTA_STAT":"F","CC_STAT":"F","NAME_GERM":"Frankreich"},"id":"FRK22"},{"arcs":[[1790,1791,1792,-1788,-1432]],"type":"Polygon","properties":{"NUTS_ID":"FRK23","LEVL_CODE":3,"CNTR_CODE":"FR","NAME_LATN":"Drôme","NUTS_NAME":"Drôme","MOUNT_TYPE":2,"URBN_TYPE":3,"COAST_TYPE":3,"NAME_ENGL":"France","NAME_FREN":"France","ISO3_CODE":"FRA","SVRG_UN":"UN Member State","CAPT":"Paris","EU_STAT":"T","EFTA_STAT":"F","CC_STAT":"F","NAME_GERM":"Frankreich"},"id":"FRK23"},{"arcs":[[1793,1794,1795,-491]],"type":"Polygon","properties":{"NUTS_ID":"EE00A","LEVL_CODE":3,"CNTR_CODE":"EE","NAME_LATN":"Kirde-Eesti","NUTS_NAME":"Kirde-Eesti","MOUNT_TYPE":4,"URBN_TYPE":1,"COAST_TYPE":1,"NAME_ENGL":"Estonia","NAME_FREN":"Estonie","ISO3_CODE":"EST","SVRG_UN":"UN Member State","CAPT":"Tallinn","EU_STAT":"T","EFTA_STAT":"F","CC_STAT":"F","NAME_GERM":"Estland"},"id":"EE00A"},{"arcs":[[1796,1797,-480,-489,1798,-1795]],"type":"Polygon","properties":{"NUTS_ID":"EE008","LEVL_CODE":3,"CNTR_CODE":"EE","NAME_LATN":"Lõuna-Eesti","NUTS_NAME":"Lõuna-Eesti","MOUNT_TYPE":4,"URBN_TYPE":3,"COAST_TYPE":3,"NAME_ENGL":"Estonia","NAME_FREN":"Estonie","ISO3_CODE":"EST","SVRG_UN":"UN Member State","CAPT":"Tallinn","EU_STAT":"T","EFTA_STAT":"F","CC_STAT":"F","NAME_GERM":"Estland"},"id":"EE008"},{"arcs":[[1799,1800]],"type":"Polygon","properties":{"NUTS_ID":"EL301","LEVL_CODE":3,"CNTR_CODE":"EL","NAME_LATN":"Voreios Tomeas Athinon","NUTS_NAME":"Βόρειος Τομέας Αθηνών","MOUNT_TYPE":4,"URBN_TYPE":1,"COAST_TYPE":2,"NAME_ENGL":"Greece","NAME_FREN":"Grèce","ISO3_CODE":"GRC","SVRG_UN":"UN Member State","CAPT":"Athens","EU_STAT":"T","EFTA_STAT":"F","CC_STAT":"F","NAME_GERM":"Griechenland"},"id":"EL301"},{"arcs":[[1801,1802,1803,1804,1805]],"type":"Polygon","properties":{"NUTS_ID":"EL302","LEVL_CODE":3,"CNTR_CODE":"EL","NAME_LATN":"Dytikos Tomeas Athinon","NUTS_NAME":"Δυτικός Τομέας Αθηνών","MOUNT_TYPE":4,"URBN_TYPE":1,"COAST_TYPE":1,"NAME_ENGL":"Greece","NAME_FREN":"Grèce","ISO3_CODE":"GRC","SVRG_UN":"UN Member State","CAPT":"Athens","EU_STAT":"T","EFTA_STAT":"F","CC_STAT":"F","NAME_GERM":"Griechenland"},"id":"EL302"},{"arcs":[[1806,1807,-1802,1808,-1800]],"type":"Polygon","properties":{"NUTS_ID":"EL303","LEVL_CODE":3,"CNTR_CODE":"EL","NAME_LATN":"Kentrikos Tomeas Athinon","NUTS_NAME":"Κεντρικός Τομέας Αθηνών","MOUNT_TYPE":4,"URBN_TYPE":1,"COAST_TYPE":2,"NAME_ENGL":"Greece","NAME_FREN":"Grèce","ISO3_CODE":"GRC","SVRG_UN":"UN Member State","CAPT":"Athens","EU_STAT":"T","EFTA_STAT":"F","CC_STAT":"F","NAME_GERM":"Griechenland"},"id":"EL303"},{"arcs":[[1809,1810,1811,-1808]],"type":"Polygon","properties":{"NUTS_ID":"EL304","LEVL_CODE":3,"CNTR_CODE":"EL","NAME_LATN":"Notios Tomeas Athinon","NUTS_NAME":"Νότιος Τομέας Αθηνών","MOUNT_TYPE":4,"URBN_TYPE":1,"COAST_TYPE":1,"NAME_ENGL":"Greece","NAME_FREN":"Grèce","ISO3_CODE":"GRC","SVRG_UN":"UN Member State","CAPT":"Athens","EU_STAT":"T","EFTA_STAT":"F","CC_STAT":"F","NAME_GERM":"Griechenland"},"id":"EL304"},{"arcs":[[1812,1813,1814,-1792,1815,1816]],"type":"Polygon","properties":{"NUTS_ID":"FRL01","LEVL_CODE":3,"CNTR_CODE":"FR","NAME_LATN":"Alpes-de-Haute-Provence","NUTS_NAME":"Alpes-de-Haute-Provence","MOUNT_TYPE":3,"URBN_TYPE":3,"COAST_TYPE":3,"NAME_ENGL":"France","NAME_FREN":"France","ISO3_CODE":"FRA","SVRG_UN":"UN Member State","CAPT":"Paris","EU_STAT":"T","EFTA_STAT":"F","CC_STAT":"F","NAME_GERM":"Frankreich"},"id":"FRL01"},{"arcs":[[1817,1818,-1816,-1791,-1431,-1447]],"type":"Polygon","properties":{"NUTS_ID":"FRL02","LEVL_CODE":3,"CNTR_CODE":"FR","NAME_LATN":"Hautes-Alpes","NUTS_NAME":"Hautes-Alpes","MOUNT_TYPE":3,"URBN_TYPE":3,"COAST_TYPE":3,"NAME_ENGL":"France","NAME_FREN":"France","ISO3_CODE":"FRA","SVRG_UN":"UN Member State","CAPT":"Paris","EU_STAT":"T","EFTA_STAT":"F","CC_STAT":"F","NAME_GERM":"Frankreich"},"id":"FRL02"},{"arcs":[[1819,1820,1821,-1813,1822]],"type":"Polygon","properties":{"NUTS_ID":"FRL03","LEVL_CODE":3,"CNTR_CODE":"FR","NAME_LATN":"Alpes-Maritimes","NUTS_NAME":"Alpes-Maritimes","MOUNT_TYPE":2,"URBN_TYPE":1,"COAST_TYPE":1,"NAME_ENGL":"France","NAME_FREN":"France","ISO3_CODE":"FRA","SVRG_UN":"UN Member State","CAPT":"Paris","EU_STAT":"T","EFTA_STAT":"F","CC_STAT":"F","NAME_GERM":"Frankreich"},"id":"FRL03"},{"arcs":[[1823,1824,1825,1826]],"type":"Polygon","properties":{"NUTS_ID":"FRL04","LEVL_CODE":3,"CNTR_CODE":"FR","NAME_LATN":"Bouches-du-Rhône","NUTS_NAME":"Bouches-du-Rhône","MOUNT_TYPE":4,"URBN_TYPE":1,"COAST_TYPE":1,"NAME_ENGL":"France","NAME_FREN":"France","ISO3_CODE":"FRA","SVRG_UN":"UN Member State","CAPT":"Paris","EU_STAT":"T","EFTA_STAT":"F","CC_STAT":"F","NAME_GERM":"Frankreich"},"id":"FRL04"},{"arcs":[[1827,-1824,1828,-1814,-1822]],"type":"Polygon","properties":{"NUTS_ID":"FRL05","LEVL_CODE":3,"CNTR_CODE":"FR","NAME_LATN":"Var","NUTS_NAME":"Var","MOUNT_TYPE":2,"URBN_TYPE":2,"COAST_TYPE":1,"NAME_ENGL":"France","NAME_FREN":"France","ISO3_CODE":"FRA","SVRG_UN":"UN Member State","CAPT":"Paris","EU_STAT":"T","EFTA_STAT":"F","CC_STAT":"F","NAME_GERM":"Frankreich"},"id":"FRL05"},{"arcs":[[-1815,-1829,-1827,1829,-1789,-1793]],"type":"Polygon","properties":{"NUTS_ID":"FRL06","LEVL_CODE":3,"CNTR_CODE":"FR","NAME_LATN":"Vaucluse","NUTS_NAME":"Vaucluse","MOUNT_TYPE":2,"URBN_TYPE":2,"COAST_TYPE":3,"NAME_ENGL":"France","NAME_FREN":"France","ISO3_CODE":"FRA","SVRG_UN":"UN Member State","CAPT":"Paris","EU_STAT":"T","EFTA_STAT":"F","CC_STAT":"F","NAME_GERM":"Frankreich"},"id":"FRL06"},{"arcs":[[1830,1831]],"type":"Polygon","properties":{"NUTS_ID":"FRM01","LEVL_CODE":3,"CNTR_CODE":"FR","NAME_LATN":"Corse-du-Sud","NUTS_NAME":"Corse-du-Sud","MOUNT_TYPE":3,"URBN_TYPE":3,"COAST_TYPE":1,"NAME_ENGL":"France","NAME_FREN":"France","ISO3_CODE":"FRA","SVRG_UN":"UN Member State","CAPT":"Paris","EU_STAT":"T","EFTA_STAT":"F","CC_STAT":"F","NAME_GERM":"Frankreich"},"id":"FRM01"},{"arcs":[[-1832,1832]],"type":"Polygon","properties":{"NUTS_ID":"FRM02","LEVL_CODE":3,"CNTR_CODE":"FR","NAME_LATN":"Haute-Corse","NUTS_NAME":"Haute-Corse","MOUNT_TYPE":3,"URBN_TYPE":3,"COAST_TYPE":1,"NAME_ENGL":"France","NAME_FREN":"France","ISO3_CODE":"FRA","SVRG_UN":"UN Member State","CAPT":"Paris","EU_STAT":"T","EFTA_STAT":"F","CC_STAT":"F","NAME_GERM":"Frankreich"},"id":"FRM02"},{"arcs":[[1833]],"type":"Polygon","properties":{"NUTS_ID":"EL621","LEVL_CODE":3,"CNTR_CODE":"EL","NAME_LATN":"Zakynthos","NUTS_NAME":"Ζάκυνθος","MOUNT_TYPE":2,"URBN_TYPE":3,"COAST_TYPE":1,"NAME_ENGL":"Greece","NAME_FREN":"Grèce","ISO3_CODE":"GRC","SVRG_UN":"UN Member State","CAPT":"Athens","EU_STAT":"T","EFTA_STAT":"F","CC_STAT":"F","NAME_GERM":"Griechenland"},"id":"EL621"},{"arcs":[[1834]],"type":"Polygon","properties":{"NUTS_ID":"EL622","LEVL_CODE":3,"CNTR_CODE":"EL","NAME_LATN":"Kerkyra","NUTS_NAME":"Κέρκυρα","MOUNT_TYPE":4,"URBN_TYPE":3,"COAST_TYPE":1,"NAME_ENGL":"Greece","NAME_FREN":"Grèce","ISO3_CODE":"GRC","SVRG_UN":"UN Member State","CAPT":"Athens","EU_STAT":"T","EFTA_STAT":"F","CC_STAT":"F","NAME_GERM":"Griechenland"},"id":"EL622"},{"arcs":[[[1835]],[[1836]]],"type":"MultiPolygon","properties":{"NUTS_ID":"EL623","LEVL_CODE":3,"CNTR_CODE":"EL","NAME_LATN":"Ithaki, Kefallinia","NUTS_NAME":"Ιθάκη, Κεφαλληνία","MOUNT_TYPE":3,"URBN_TYPE":3,"COAST_TYPE":1,"NAME_ENGL":"Greece","NAME_FREN":"Grèce","ISO3_CODE":"GRC","SVRG_UN":"UN Member State","CAPT":"Athens","EU_STAT":"T","EFTA_STAT":"F","CC_STAT":"F","NAME_GERM":"Griechenland"},"id":"EL623"},{"arcs":[[[1837]],[[1838]]],"type":"MultiPolygon","properties":{"NUTS_ID":"EL624","LEVL_CODE":3,"CNTR_CODE":"EL","NAME_LATN":"Lefkada","NUTS_NAME":"Λευκάδα","MOUNT_TYPE":3,"URBN_TYPE":3,"COAST_TYPE":1,"NAME_ENGL":"Greece","NAME_FREN":"Grèce","ISO3_CODE":"GRC","SVRG_UN":"UN Member State","CAPT":"Athens","EU_STAT":"T","EFTA_STAT":"F","CC_STAT":"F","NAME_GERM":"Griechenland"},"id":"EL624"},{"arcs":[[1839,1840,1841,1842,-1313,-1323]],"type":"Polygon","properties":{"NUTS_ID":"EL631","LEVL_CODE":3,"CNTR_CODE":"EL","NAME_LATN":"Aitoloakarnania","NUTS_NAME":"Αιτωλοακαρνανία","MOUNT_TYPE":2,"URBN_TYPE":3,"COAST_TYPE":1,"NAME_ENGL":"Greece","NAME_FREN":"Grèce","ISO3_CODE":"GRC","SVRG_UN":"UN Member State","CAPT":"Athens","EU_STAT":"T","EFTA_STAT":"F","CC_STAT":"F","NAME_GERM":"Griechenland"},"id":"EL631"},{"arcs":[[1843,1844,1845,1846]],"type":"Polygon","properties":{"NUTS_ID":"EL632","LEVL_CODE":3,"CNTR_CODE":"EL","NAME_LATN":"Achaia","NUTS_NAME":"Αχαΐα","MOUNT_TYPE":2,"URBN_TYPE":2,"COAST_TYPE":1,"NAME_ENGL":"Greece","NAME_FREN":"Grèce","ISO3_CODE":"GRC","SVRG_UN":"UN Member State","CAPT":"Athens","EU_STAT":"T","EFTA_STAT":"F","CC_STAT":"F","NAME_GERM":"Griechenland"},"id":"EL632"},{"arcs":[[1847,1848,1849,-1846]],"type":"Polygon","properties":{"NUTS_ID":"EL633","LEVL_CODE":3,"CNTR_CODE":"EL","NAME_LATN":"Ileia","NUTS_NAME":"Ηλεία","MOUNT_TYPE":4,"URBN_TYPE":3,"COAST_TYPE":1,"NAME_ENGL":"Greece","NAME_FREN":"Grèce","ISO3_CODE":"GRC","SVRG_UN":"UN Member State","CAPT":"Athens","EU_STAT":"T","EFTA_STAT":"F","CC_STAT":"F","NAME_GERM":"Griechenland"},"id":"EL633"},{"arcs":[[1850,1851,1852,1853,1854,1855,1856]],"type":"Polygon","properties":{"NUTS_ID":"EL641","LEVL_CODE":3,"CNTR_CODE":"EL","NAME_LATN":"Voiotia","NUTS_NAME":"Βοιωτία","MOUNT_TYPE":3,"URBN_TYPE":3,"COAST_TYPE":1,"NAME_ENGL":"Greece","NAME_FREN":"Grèce","ISO3_CODE":"GRC","SVRG_UN":"UN Member State","CAPT":"Athens","EU_STAT":"T","EFTA_STAT":"F","CC_STAT":"F","NAME_GERM":"Griechenland"},"id":"EL641"},{"arcs":[[[-1851,1857]],[[1858]],[[1859]]],"type":"MultiPolygon","properties":{"NUTS_ID":"EL642","LEVL_CODE":3,"CNTR_CODE":"EL","NAME_LATN":"Evvoia","NUTS_NAME":"Εύβοια","MOUNT_TYPE":2,"URBN_TYPE":3,"COAST_TYPE":1,"NAME_ENGL":"Greece","NAME_FREN":"Grèce","ISO3_CODE":"GRC","SVRG_UN":"UN Member State","CAPT":"Athens","EU_STAT":"T","EFTA_STAT":"F","CC_STAT":"F","NAME_GERM":"Griechenland"},"id":"EL642"},{"arcs":[[1860,-1840,-1322]],"type":"Polygon","properties":{"NUTS_ID":"EL643","LEVL_CODE":3,"CNTR_CODE":"EL","NAME_LATN":"Evrytania","NUTS_NAME":"Ευρυτανία","MOUNT_TYPE":3,"URBN_TYPE":3,"COAST_TYPE":2,"NAME_ENGL":"Greece","NAME_FREN":"Grèce","ISO3_CODE":"GRC","SVRG_UN":"UN Member State","CAPT":"Athens","EU_STAT":"T","EFTA_STAT":"F","CC_STAT":"F","NAME_GERM":"Griechenland"},"id":"EL643"},{"arcs":[[-1327,1861,-1857,1862,-1841,-1861,-1321,-1326]],"type":"Polygon","properties":{"NUTS_ID":"EL644","LEVL_CODE":3,"CNTR_CODE":"EL","NAME_LATN":"Fthiotida","NUTS_NAME":"Φθιώτιδα","MOUNT_TYPE":3,"URBN_TYPE":3,"COAST_TYPE":1,"NAME_ENGL":"Greece","NAME_FREN":"Grèce","ISO3_CODE":"GRC","SVRG_UN":"UN Member State","CAPT":"Athens","EU_STAT":"T","EFTA_STAT":"F","CC_STAT":"F","NAME_GERM":"Griechenland"},"id":"EL644"},{"arcs":[[-1856,1863,-1842,-1863]],"type":"Polygon","properties":{"NUTS_ID":"EL645","LEVL_CODE":3,"CNTR_CODE":"EL","NAME_LATN":"Fokida","NUTS_NAME":"Φωκίδα","MOUNT_TYPE":3,"URBN_TYPE":3,"COAST_TYPE":1,"NAME_ENGL":"Greece","NAME_FREN":"Grèce","ISO3_CODE":"GRC","SVRG_UN":"UN Member State","CAPT":"Athens","EU_STAT":"T","EFTA_STAT":"F","CC_STAT":"F","NAME_GERM":"Griechenland"},"id":"EL645"},{"arcs":[[1864,1865,1866,1867,1868,-1848,-1845]],"type":"Polygon","properties":{"NUTS_ID":"EL651","LEVL_CODE":3,"CNTR_CODE":"EL","NAME_LATN":"Argolida, Arkadia","NUTS_NAME":"Αργολίδα, Αρκαδία","MOUNT_TYPE":3,"URBN_TYPE":3,"COAST_TYPE":1,"NAME_ENGL":"Greece","NAME_FREN":"Grèce","ISO3_CODE":"GRC","SVRG_UN":"UN Member State","CAPT":"Athens","EU_STAT":"T","EFTA_STAT":"F","CC_STAT":"F","NAME_GERM":"Griechenland"},"id":"EL651"},{"arcs":[[1869,1870,-1865,-1844,1871]],"type":"Polygon","properties":{"NUTS_ID":"EL652","LEVL_CODE":3,"CNTR_CODE":"EL","NAME_LATN":"Korinthia","NUTS_NAME":"Κορινθία","MOUNT_TYPE":2,"URBN_TYPE":2,"COAST_TYPE":1,"NAME_ENGL":"Greece","NAME_FREN":"Grèce","ISO3_CODE":"GRC","SVRG_UN":"UN Member State","CAPT":"Athens","EU_STAT":"T","EFTA_STAT":"F","CC_STAT":"F","NAME_GERM":"Griechenland"},"id":"EL652"},{"arcs":[[1872,-1849,-1869]],"type":"Polygon","properties":{"NUTS_ID":"EL653","LEVL_CODE":3,"CNTR_CODE":"EL","NAME_LATN":"Lakonia, Messinia","NUTS_NAME":"Λακωνία, Μεσσηνία","MOUNT_TYPE":2,"URBN_TYPE":3,"COAST_TYPE":1,"NAME_ENGL":"Greece","NAME_FREN":"Grèce","ISO3_CODE":"GRC","SVRG_UN":"UN Member State","CAPT":"Athens","EU_STAT":"T","EFTA_STAT":"F","CC_STAT":"F","NAME_GERM":"Griechenland"},"id":"EL653"},{"arcs":[[1873,1874,1875]],"type":"Polygon","properties":{"NUTS_ID":"ES111","LEVL_CODE":3,"CNTR_CODE":"ES","NAME_LATN":"A Coruña","NUTS_NAME":"A Coruña","MOUNT_TYPE":2,"URBN_TYPE":2,"COAST_TYPE":1,"NAME_ENGL":"Spain","NAME_FREN":"Espagne","ISO3_CODE":"ESP","SVRG_UN":"UN Member State","CAPT":"Madrid","EU_STAT":"T","EFTA_STAT":"F","CC_STAT":"F","NAME_GERM":"Spanien"},"id":"ES111"},{"arcs":[[1876,1877,1878,1879,-1874,1880]],"type":"Polygon","properties":{"NUTS_ID":"ES112","LEVL_CODE":3,"CNTR_CODE":"ES","NAME_LATN":"Lugo","NUTS_NAME":"Lugo","MOUNT_TYPE":2,"URBN_TYPE":3,"COAST_TYPE":1,"NAME_ENGL":"Spain","NAME_FREN":"Espagne","ISO3_CODE":"ESP","SVRG_UN":"UN Member State","CAPT":"Madrid","EU_STAT":"T","EFTA_STAT":"F","CC_STAT":"F","NAME_GERM":"Spanien"},"id":"ES112"},{"arcs":[[1881,1882,1883,1884,1885,1886,1887,-1879]],"type":"Polygon","properties":{"NUTS_ID":"ES113","LEVL_CODE":3,"CNTR_CODE":"ES","NAME_LATN":"Ourense","NUTS_NAME":"Ourense","MOUNT_TYPE":3,"URBN_TYPE":3,"COAST_TYPE":3,"NAME_ENGL":"Spain","NAME_FREN":"Espagne","ISO3_CODE":"ESP","SVRG_UN":"UN Member State","CAPT":"Madrid","EU_STAT":"T","EFTA_STAT":"F","CC_STAT":"F","NAME_GERM":"Spanien"},"id":"ES113"},{"arcs":[[1888,1889,1890,1891,1892]],"type":"Polygon","properties":{"NUTS_ID":"FI1D7","LEVL_CODE":3,"CNTR_CODE":"FI","NAME_LATN":"Lappi","NUTS_NAME":"Lappi","MOUNT_TYPE":4,"URBN_TYPE":3,"COAST_TYPE":1,"NAME_ENGL":"Finland","NAME_FREN":"Finlande","ISO3_CODE":"FIN","SVRG_UN":"UN Member State","CAPT":"Helsinki","EU_STAT":"T","EFTA_STAT":"F","CC_STAT":"F","NAME_GERM":"Finnland"},"id":"FI1D7"},{"arcs":[[1893,1894,1895,1896]],"type":"Polygon","properties":{"NUTS_ID":"FI1D8","LEVL_CODE":3,"CNTR_CODE":"FI","NAME_LATN":"Kainuu","NUTS_NAME":"Kainuu","MOUNT_TYPE":4,"URBN_TYPE":3,"COAST_TYPE":3,"NAME_ENGL":"Finland","NAME_FREN":"Finlande","ISO3_CODE":"FIN","SVRG_UN":"UN Member State","CAPT":"Helsinki","EU_STAT":"T","EFTA_STAT":"F","CC_STAT":"F","NAME_GERM":"Finnland"},"id":"FI1D8"},{"arcs":[[[-1897,1897,-1726,1898,1899,-1890,1900]],[[1901]]],"type":"MultiPolygon","properties":{"NUTS_ID":"FI1D9","LEVL_CODE":3,"CNTR_CODE":"FI","NAME_LATN":"Pohjois-Pohjanmaa","NUTS_NAME":"Pohjois-Pohjanmaa","MOUNT_TYPE":4,"URBN_TYPE":3,"COAST_TYPE":1,"NAME_ENGL":"Finland","NAME_FREN":"Finlande","ISO3_CODE":"FIN","SVRG_UN":"UN Member State","CAPT":"Helsinki","EU_STAT":"T","EFTA_STAT":"F","CC_STAT":"F","NAME_GERM":"Finnland"},"id":"FI1D9"},{"arcs":[[[1902]],[[1903]],[[1904]],[[1905]],[[1906]],[[1907]],[[1908]]],"type":"MultiPolygon","properties":{"NUTS_ID":"FI200","LEVL_CODE":3,"CNTR_CODE":"FI","NAME_LATN":"Åland","NUTS_NAME":"Åland","MOUNT_TYPE":4,"URBN_TYPE":3,"COAST_TYPE":1,"NAME_ENGL":"Finland","NAME_FREN":"Finlande","ISO3_CODE":"FIN","SVRG_UN":"UN Member State","CAPT":"Helsinki","EU_STAT":"T","EFTA_STAT":"F","CC_STAT":"F","NAME_GERM":"Finnland"},"id":"FI200"},{"arcs":[[1909,1910,1911]],"type":"Polygon","properties":{"NUTS_ID":"FR101","LEVL_CODE":3,"CNTR_CODE":"FR","NAME_LATN":"Paris","NUTS_NAME":"Paris","MOUNT_TYPE":4,"URBN_TYPE":1,"COAST_TYPE":3,"NAME_ENGL":"France","NAME_FREN":"France","ISO3_CODE":"FRA","SVRG_UN":"UN Member State","CAPT":"Paris","EU_STAT":"T","EFTA_STAT":"F","CC_STAT":"F","NAME_GERM":"Frankreich"},"id":"FR101"},{"arcs":[[1912,1913,1914,1915,1916,1917,1918,1919,1920,1921]],"type":"Polygon","properties":{"NUTS_ID":"FR102","LEVL_CODE":3,"CNTR_CODE":"FR","NAME_LATN":"Seine-et-Marne","NUTS_NAME":"Seine-et-Marne","MOUNT_TYPE":4,"URBN_TYPE":2,"COAST_TYPE":3,"NAME_ENGL":"France","NAME_FREN":"France","ISO3_CODE":"FRA","SVRG_UN":"UN Member State","CAPT":"Paris","EU_STAT":"T","EFTA_STAT":"F","CC_STAT":"F","NAME_GERM":"Frankreich"},"id":"FR102"},{"arcs":[[1922,1923,1924,1925,1926]],"type":"Polygon","properties":{"NUTS_ID":"FR103","LEVL_CODE":3,"CNTR_CODE":"FR","NAME_LATN":"Yvelines","NUTS_NAME":"Yvelines","MOUNT_TYPE":4,"URBN_TYPE":1,"COAST_TYPE":3,"NAME_ENGL":"France","NAME_FREN":"France","ISO3_CODE":"FRA","SVRG_UN":"UN Member State","CAPT":"Paris","EU_STAT":"T","EFTA_STAT":"F","CC_STAT":"F","NAME_GERM":"Frankreich"},"id":"FR103"},{"arcs":[[-1924,1927,1928,-1917,1929,1930]],"type":"Polygon","properties":{"NUTS_ID":"FR104","LEVL_CODE":3,"CNTR_CODE":"FR","NAME_LATN":"Essonne","NUTS_NAME":"Essonne","MOUNT_TYPE":4,"URBN_TYPE":1,"COAST_TYPE":3,"NAME_ENGL":"France","NAME_FREN":"France","ISO3_CODE":"FRA","SVRG_UN":"UN Member State","CAPT":"Paris","EU_STAT":"T","EFTA_STAT":"F","CC_STAT":"F","NAME_GERM":"Frankreich"},"id":"FR104"},{"arcs":[[-1911,1931,-1928,-1923,1932,1933]],"type":"Polygon","properties":{"NUTS_ID":"FR105","LEVL_CODE":3,"CNTR_CODE":"FR","NAME_LATN":"Hauts-de-Seine","NUTS_NAME":"Hauts-de-Seine","MOUNT_TYPE":4,"URBN_TYPE":1,"COAST_TYPE":3,"NAME_ENGL":"France","NAME_FREN":"France","ISO3_CODE":"FRA","SVRG_UN":"UN Member State","CAPT":"Paris","EU_STAT":"T","EFTA_STAT":"F","CC_STAT":"F","NAME_GERM":"Frankreich"},"id":"FR105"},{"arcs":[[1934,-1912,-1934,1935,-1919]],"type":"Polygon","properties":{"NUTS_ID":"FR106","LEVL_CODE":3,"CNTR_CODE":"FR","NAME_LATN":"Seine-Saint-Denis","NUTS_NAME":"Seine-Saint-Denis","MOUNT_TYPE":4,"URBN_TYPE":1,"COAST_TYPE":3,"NAME_ENGL":"France","NAME_FREN":"France","ISO3_CODE":"FRA","SVRG_UN":"UN Member State","CAPT":"Paris","EU_STAT":"T","EFTA_STAT":"F","CC_STAT":"F","NAME_GERM":"Frankreich"},"id":"FR106"},{"arcs":[[-1918,-1929,-1932,-1910,-1935]],"type":"Polygon","properties":{"NUTS_ID":"FR107","LEVL_CODE":3,"CNTR_CODE":"FR","NAME_LATN":"Val-de-Marne","NUTS_NAME":"Val-de-Marne","MOUNT_TYPE":4,"URBN_TYPE":1,"COAST_TYPE":3,"NAME_ENGL":"France","NAME_FREN":"France","ISO3_CODE":"FRA","SVRG_UN":"UN Member State","CAPT":"Paris","EU_STAT":"T","EFTA_STAT":"F","CC_STAT":"F","NAME_GERM":"Frankreich"},"id":"FR107"},{"arcs":[[-1920,-1936,-1933,-1927,1936,1937]],"type":"Polygon","properties":{"NUTS_ID":"FR108","LEVL_CODE":3,"CNTR_CODE":"FR","NAME_LATN":"Val-d’Oise","NUTS_NAME":"Val-d’Oise","MOUNT_TYPE":4,"URBN_TYPE":1,"COAST_TYPE":3,"NAME_ENGL":"France","NAME_FREN":"France","ISO3_CODE":"FRA","SVRG_UN":"UN Member State","CAPT":"Paris","EU_STAT":"T","EFTA_STAT":"F","CC_STAT":"F","NAME_GERM":"Frankreich"},"id":"FR108"},{"arcs":[[1938,-1777,1939,1940,1941,1942]],"type":"Polygon","properties":{"NUTS_ID":"FRB01","LEVL_CODE":3,"CNTR_CODE":"FR","NAME_LATN":"Cher","NUTS_NAME":"Cher","MOUNT_TYPE":4,"URBN_TYPE":3,"COAST_TYPE":3,"NAME_ENGL":"France","NAME_FREN":"France","ISO3_CODE":"FRA","SVRG_UN":"UN Member State","CAPT":"Paris","EU_STAT":"T","EFTA_STAT":"F","CC_STAT":"F","NAME_GERM":"Frankreich"},"id":"FRB01"},{"arcs":[[-1931,1943,1944,1945,1946,1947,-1925]],"type":"Polygon","properties":{"NUTS_ID":"FRB02","LEVL_CODE":3,"CNTR_CODE":"FR","NAME_LATN":"Eure-et-Loir","NUTS_NAME":"Eure-et-Loir","MOUNT_TYPE":4,"URBN_TYPE":3,"COAST_TYPE":3,"NAME_ENGL":"France","NAME_FREN":"France","ISO3_CODE":"FRA","SVRG_UN":"UN Member State","CAPT":"Paris","EU_STAT":"T","EFTA_STAT":"F","CC_STAT":"F","NAME_GERM":"Frankreich"},"id":"FRB02"},{"arcs":[[-1941,1948,1949,1950,1951,1952]],"type":"Polygon","properties":{"NUTS_ID":"FRB03","LEVL_CODE":3,"CNTR_CODE":"FR","NAME_LATN":"Indre","NUTS_NAME":"Indre","MOUNT_TYPE":4,"URBN_TYPE":3,"COAST_TYPE":3,"NAME_ENGL":"France","NAME_FREN":"France","ISO3_CODE":"FRA","SVRG_UN":"UN Member State","CAPT":"Paris","EU_STAT":"T","EFTA_STAT":"F","CC_STAT":"F","NAME_GERM":"Frankreich"},"id":"FRB03"},{"arcs":[[-1952,1953,1954,1955,1956]],"type":"Polygon","properties":{"NUTS_ID":"FRB04","LEVL_CODE":3,"CNTR_CODE":"FR","NAME_LATN":"Indre-et-Loire","NUTS_NAME":"Indre-et-Loire","MOUNT_TYPE":4,"URBN_TYPE":2,"COAST_TYPE":3,"NAME_ENGL":"France","NAME_FREN":"France","ISO3_CODE":"FRA","SVRG_UN":"UN Member State","CAPT":"Paris","EU_STAT":"T","EFTA_STAT":"F","CC_STAT":"F","NAME_GERM":"Frankreich"},"id":"FRB04"},{"arcs":[[1957,-1942,-1953,-1957,1958,-1945]],"type":"Polygon","properties":{"NUTS_ID":"FRB05","LEVL_CODE":3,"CNTR_CODE":"FR","NAME_LATN":"Loir-et-Cher","NUTS_NAME":"Loir-et-Cher","MOUNT_TYPE":4,"URBN_TYPE":3,"COAST_TYPE":3,"NAME_ENGL":"France","NAME_FREN":"France","ISO3_CODE":"FRA","SVRG_UN":"UN Member State","CAPT":"Paris","EU_STAT":"T","EFTA_STAT":"F","CC_STAT":"F","NAME_GERM":"Frankreich"},"id":"FRB05"},{"arcs":[[1959,1960,-1943,-1958,-1944,-1930,-1916]],"type":"Polygon","properties":{"NUTS_ID":"FRB06","LEVL_CODE":3,"CNTR_CODE":"FR","NAME_LATN":"Loiret","NUTS_NAME":"Loiret","MOUNT_TYPE":4,"URBN_TYPE":2,"COAST_TYPE":3,"NAME_ENGL":"France","NAME_FREN":"France","ISO3_CODE":"FRA","SVRG_UN":"UN Member State","CAPT":"Paris","EU_STAT":"T","EFTA_STAT":"F","CC_STAT":"F","NAME_GERM":"Frankreich"},"id":"FRB06"},{"arcs":[[1961,1962,1963,1964,1965,1966,1967]],"type":"Polygon","properties":{"NUTS_ID":"FRC11","LEVL_CODE":3,"CNTR_CODE":"FR","NAME_LATN":"Côte-d’Or","NUTS_NAME":"Côte-d’Or","MOUNT_TYPE":4,"URBN_TYPE":2,"COAST_TYPE":3,"NAME_ENGL":"France","NAME_FREN":"France","ISO3_CODE":"FRA","SVRG_UN":"UN Member State","CAPT":"Paris","EU_STAT":"T","EFTA_STAT":"F","CC_STAT":"F","NAME_GERM":"Frankreich"},"id":"FRC11"},{"arcs":[[-1965,1968,-1778,-1939,-1961,1969]],"type":"Polygon","properties":{"NUTS_ID":"FRC12","LEVL_CODE":3,"CNTR_CODE":"FR","NAME_LATN":"Nièvre","NUTS_NAME":"Nièvre","MOUNT_TYPE":4,"URBN_TYPE":3,"COAST_TYPE":3,"NAME_ENGL":"France","NAME_FREN":"France","ISO3_CODE":"FRA","SVRG_UN":"UN Member State","CAPT":"Paris","EU_STAT":"T","EFTA_STAT":"F","CC_STAT":"F","NAME_GERM":"Frankreich"},"id":"FRC12"},{"arcs":[[1970,-1787,-1444,-1442,-1774,-1969,-1964]],"type":"Polygon","properties":{"NUTS_ID":"FRC13","LEVL_CODE":3,"CNTR_CODE":"FR","NAME_LATN":"Saône-et-Loire","NUTS_NAME":"Saône-et-Loire","MOUNT_TYPE":4,"URBN_TYPE":3,"COAST_TYPE":3,"NAME_ENGL":"France","NAME_FREN":"France","ISO3_CODE":"FRA","SVRG_UN":"UN Member State","CAPT":"Paris","EU_STAT":"T","EFTA_STAT":"F","CC_STAT":"F","NAME_GERM":"Frankreich"},"id":"FRC13"},{"arcs":[[-1966,-1970,-1960,-1915,1971]],"type":"Polygon","properties":{"NUTS_ID":"FRC14","LEVL_CODE":3,"CNTR_CODE":"FR","NAME_LATN":"Yonne","NUTS_NAME":"Yonne","MOUNT_TYPE":4,"URBN_TYPE":3,"COAST_TYPE":3,"NAME_ENGL":"France","NAME_FREN":"France","ISO3_CODE":"FRA","SVRG_UN":"UN Member State","CAPT":"Paris","EU_STAT":"T","EFTA_STAT":"F","CC_STAT":"F","NAME_GERM":"Frankreich"},"id":"FRC14"},{"arcs":[[-1270,-1267,-112,1972,1973,1974]],"type":"Polygon","properties":{"NUTS_ID":"FRC21","LEVL_CODE":3,"CNTR_CODE":"FR","NAME_LATN":"Doubs","NUTS_NAME":"Doubs","MOUNT_TYPE":2,"URBN_TYPE":2,"COAST_TYPE":3,"NAME_ENGL":"France","NAME_FREN":"France","ISO3_CODE":"FRA","SVRG_UN":"UN Member State","CAPT":"Paris","EU_STAT":"T","EFTA_STAT":"F","CC_STAT":"F","NAME_GERM":"Frankreich"},"id":"FRC21"},{"arcs":[[-1973,-111,-1786,-1971,-1963,1975]],"type":"Polygon","properties":{"NUTS_ID":"FRC22","LEVL_CODE":3,"CNTR_CODE":"FR","NAME_LATN":"Jura","NUTS_NAME":"Jura","MOUNT_TYPE":3,"URBN_TYPE":3,"COAST_TYPE":3,"NAME_ENGL":"France","NAME_FREN":"France","ISO3_CODE":"FRA","SVRG_UN":"UN Member State","CAPT":"Paris","EU_STAT":"T","EFTA_STAT":"F","CC_STAT":"F","NAME_GERM":"Frankreich"},"id":"FRC22"},{"arcs":[[1976,-1974,-1976,-1962,1977,1978]],"type":"Polygon","properties":{"NUTS_ID":"FRC23","LEVL_CODE":3,"CNTR_CODE":"FR","NAME_LATN":"Haute-Saône","NUTS_NAME":"Haute-Saône","MOUNT_TYPE":4,"URBN_TYPE":3,"COAST_TYPE":3,"NAME_ENGL":"France","NAME_FREN":"France","ISO3_CODE":"FRA","SVRG_UN":"UN Member State","CAPT":"Paris","EU_STAT":"T","EFTA_STAT":"F","CC_STAT":"F","NAME_GERM":"Frankreich"},"id":"FRC23"},{"arcs":[[-1271,-1975,-1977,1979,1980]],"type":"Polygon","properties":{"NUTS_ID":"FRC24","LEVL_CODE":3,"CNTR_CODE":"FR","NAME_LATN":"Territoire de Belfort","NUTS_NAME":"Territoire de Belfort","MOUNT_TYPE":4,"URBN_TYPE":2,"COAST_TYPE":3,"NAME_ENGL":"France","NAME_FREN":"France","ISO3_CODE":"FRA","SVRG_UN":"UN Member State","CAPT":"Paris","EU_STAT":"T","EFTA_STAT":"F","CC_STAT":"F","NAME_GERM":"Frankreich"},"id":"FRC24"},{"arcs":[[1981,1982,1983,1984]],"type":"Polygon","properties":{"NUTS_ID":"FRD11","LEVL_CODE":3,"CNTR_CODE":"FR","NAME_LATN":"Calvados","NUTS_NAME":"Calvados","MOUNT_TYPE":4,"URBN_TYPE":2,"COAST_TYPE":1,"NAME_ENGL":"France","NAME_FREN":"France","ISO3_CODE":"FRA","SVRG_UN":"UN Member State","CAPT":"Paris","EU_STAT":"T","EFTA_STAT":"F","CC_STAT":"F","NAME_GERM":"Frankreich"},"id":"FRD11"},{"arcs":[[-1983,1985,1986,1987,1988]],"type":"Polygon","properties":{"NUTS_ID":"FRD12","LEVL_CODE":3,"CNTR_CODE":"FR","NAME_LATN":"Manche","NUTS_NAME":"Manche","MOUNT_TYPE":4,"URBN_TYPE":3,"COAST_TYPE":1,"NAME_ENGL":"France","NAME_FREN":"France","ISO3_CODE":"FRA","SVRG_UN":"UN Member State","CAPT":"Paris","EU_STAT":"T","EFTA_STAT":"F","CC_STAT":"F","NAME_GERM":"Frankreich"},"id":"FRD12"},{"arcs":[[-1947,1989,1990,-1986,-1982,1991]],"type":"Polygon","properties":{"NUTS_ID":"FRD13","LEVL_CODE":3,"CNTR_CODE":"FR","NAME_LATN":"Orne","NUTS_NAME":"Orne","MOUNT_TYPE":4,"URBN_TYPE":3,"COAST_TYPE":3,"NAME_ENGL":"France","NAME_FREN":"France","ISO3_CODE":"FRA","SVRG_UN":"UN Member State","CAPT":"Paris","EU_STAT":"T","EFTA_STAT":"F","CC_STAT":"F","NAME_GERM":"Frankreich"},"id":"FRD13"},{"arcs":[[1992,1993,-1937,-1926,-1948,-1992,-1985,1994]],"type":"Polygon","properties":{"NUTS_ID":"FRD21","LEVL_CODE":3,"CNTR_CODE":"FR","NAME_LATN":"Eure","NUTS_NAME":"Eure","MOUNT_TYPE":4,"URBN_TYPE":3,"COAST_TYPE":1,"NAME_ENGL":"France","NAME_FREN":"France","ISO3_CODE":"FRA","SVRG_UN":"UN Member State","CAPT":"Paris","EU_STAT":"T","EFTA_STAT":"F","CC_STAT":"F","NAME_GERM":"Frankreich"},"id":"FRD21"},{"arcs":[[1995,-1993,1996,1997]],"type":"Polygon","properties":{"NUTS_ID":"FRD22","LEVL_CODE":3,"CNTR_CODE":"FR","NAME_LATN":"Seine-Maritime","NUTS_NAME":"Seine-Maritime","MOUNT_TYPE":4,"URBN_TYPE":2,"COAST_TYPE":1,"NAME_ENGL":"France","NAME_FREN":"France","ISO3_CODE":"FRA","SVRG_UN":"UN Member State","CAPT":"Paris","EU_STAT":"T","EFTA_STAT":"F","CC_STAT":"F","NAME_GERM":"Frankreich"},"id":"FRD22"},{"arcs":[[-1810,-1807,-1801,-1809,-1806,1998,-1853,1999]],"type":"Polygon","properties":{"NUTS_ID":"EL305","LEVL_CODE":3,"CNTR_CODE":"EL","NAME_LATN":"Anatoliki Attiki","NUTS_NAME":"Ανατολική Αττική","MOUNT_TYPE":2,"URBN_TYPE":1,"COAST_TYPE":1,"NAME_ENGL":"Greece","NAME_FREN":"Grèce","ISO3_CODE":"GRC","SVRG_UN":"UN Member State","CAPT":"Athens","EU_STAT":"T","EFTA_STAT":"F","CC_STAT":"F","NAME_GERM":"Griechenland"},"id":"EL305"},{"arcs":[[-1999,-1805,2000,-1870,2001,-1854]],"type":"Polygon","properties":{"NUTS_ID":"EL306","LEVL_CODE":3,"CNTR_CODE":"EL","NAME_LATN":"Dytiki Attiki","NUTS_NAME":"Δυτική Αττική","MOUNT_TYPE":2,"URBN_TYPE":1,"COAST_TYPE":1,"NAME_ENGL":"Greece","NAME_FREN":"Grèce","ISO3_CODE":"GRC","SVRG_UN":"UN Member State","CAPT":"Athens","EU_STAT":"T","EFTA_STAT":"F","CC_STAT":"F","NAME_GERM":"Griechenland"},"id":"EL306"},{"arcs":[[[2002]],[[-1867,2003]],[[2004,-1803,-1812]],[[2005]],[[2006]],[[2007]],[[2008]],[[2009]],[[2010]]],"type":"MultiPolygon","properties":{"NUTS_ID":"EL307","LEVL_CODE":3,"CNTR_CODE":"EL","NAME_LATN":"Peiraias, Nisoi","NUTS_NAME":"Πειραιάς, Νήσοι","MOUNT_TYPE":2,"URBN_TYPE":1,"COAST_TYPE":1,"NAME_ENGL":"Greece","NAME_FREN":"Grèce","ISO3_CODE":"GRC","SVRG_UN":"UN Member State","CAPT":"Athens","EU_STAT":"T","EFTA_STAT":"F","CC_STAT":"F","NAME_GERM":"Griechenland"},"id":"EL307"},{"arcs":[[[2011]],[[2012]],[[2013]]],"type":"MultiPolygon","properties":{"NUTS_ID":"EL411","LEVL_CODE":3,"CNTR_CODE":"EL","NAME_LATN":"Lesvos, Limnos","NUTS_NAME":"Λέσβος, Λήμνος","MOUNT_TYPE":3,"URBN_TYPE":3,"COAST_TYPE":1,"NAME_ENGL":"Greece","NAME_FREN":"Grèce","ISO3_CODE":"GRC","SVRG_UN":"UN Member State","CAPT":"Athens","EU_STAT":"T","EFTA_STAT":"F","CC_STAT":"F","NAME_GERM":"Griechenland"},"id":"EL411"},{"arcs":[[[2014]],[[2015]]],"type":"MultiPolygon","properties":{"NUTS_ID":"EL412","LEVL_CODE":3,"CNTR_CODE":"EL","NAME_LATN":"Ikaria, Samos","NUTS_NAME":"Ικαρία, Σάμος","MOUNT_TYPE":3,"URBN_TYPE":3,"COAST_TYPE":1,"NAME_ENGL":"Greece","NAME_FREN":"Grèce","ISO3_CODE":"GRC","SVRG_UN":"UN Member State","CAPT":"Athens","EU_STAT":"T","EFTA_STAT":"F","CC_STAT":"F","NAME_GERM":"Griechenland"},"id":"EL412"},{"arcs":[[[2016]],[[2017]]],"type":"MultiPolygon","properties":{"NUTS_ID":"EL413","LEVL_CODE":3,"CNTR_CODE":"EL","NAME_LATN":"Chios","NUTS_NAME":"Χίος","MOUNT_TYPE":2,"URBN_TYPE":2,"COAST_TYPE":1,"NAME_ENGL":"Greece","NAME_FREN":"Grèce","ISO3_CODE":"GRC","SVRG_UN":"UN Member State","CAPT":"Athens","EU_STAT":"T","EFTA_STAT":"F","CC_STAT":"F","NAME_GERM":"Griechenland"},"id":"EL413"},{"arcs":[[-662,-617,-638,-649,2018,-157,2019,2020,-660]],"type":"Polygon","properties":{"NUTS_ID":"DE275","LEVL_CODE":3,"CNTR_CODE":"DE","NAME_LATN":"Aichach-Friedberg","NUTS_NAME":"Aichach-Friedberg","MOUNT_TYPE":4,"URBN_TYPE":2,"COAST_TYPE":3,"NAME_ENGL":"Germany","NAME_FREN":"Allemagne","ISO3_CODE":"DEU","SVRG_UN":"UN Member State","CAPT":"Berlin","EU_STAT":"T","EFTA_STAT":"F","CC_STAT":"F","NAME_GERM":"Deutschland"},"id":"DE275"},{"arcs":[[-2020,-156,-2019,-648,2021,2022,2023,2024,2025]],"type":"Polygon","properties":{"NUTS_ID":"DE276","LEVL_CODE":3,"CNTR_CODE":"DE","NAME_LATN":"Augsburg, Landkreis","NUTS_NAME":"Augsburg, Landkreis","MOUNT_TYPE":4,"URBN_TYPE":1,"COAST_TYPE":3,"NAME_ENGL":"Germany","NAME_FREN":"Allemagne","ISO3_CODE":"DEU","SVRG_UN":"UN Member State","CAPT":"Berlin","EU_STAT":"T","EFTA_STAT":"F","CC_STAT":"F","NAME_GERM":"Deutschland"},"id":"DE276"},{"arcs":[[-2025,2026,-375,2027]],"type":"Polygon","properties":{"NUTS_ID":"DE277","LEVL_CODE":3,"CNTR_CODE":"DE","NAME_LATN":"Dillingen a.d. Donau","NUTS_NAME":"Dillingen a.d. Donau","MOUNT_TYPE":4,"URBN_TYPE":3,"COAST_TYPE":3,"NAME_ENGL":"Germany","NAME_FREN":"Allemagne","ISO3_CODE":"DEU","SVRG_UN":"UN Member State","CAPT":"Berlin","EU_STAT":"T","EFTA_STAT":"F","CC_STAT":"F","NAME_GERM":"Deutschland"},"id":"DE277"},{"arcs":[[-2024,2028,2029,-579,-376,-2027]],"type":"Polygon","properties":{"NUTS_ID":"DE278","LEVL_CODE":3,"CNTR_CODE":"DE","NAME_LATN":"Günzburg","NUTS_NAME":"Günzburg","MOUNT_TYPE":4,"URBN_TYPE":3,"COAST_TYPE":3,"NAME_ENGL":"Germany","NAME_FREN":"Allemagne","ISO3_CODE":"DEU","SVRG_UN":"UN Member State","CAPT":"Berlin","EU_STAT":"T","EFTA_STAT":"F","CC_STAT":"F","NAME_GERM":"Deutschland"},"id":"DE278"},{"arcs":[[-2030,2030,-583,-581,-578,-580]],"type":"Polygon","properties":{"NUTS_ID":"DE279","LEVL_CODE":3,"CNTR_CODE":"DE","NAME_LATN":"Neu-Ulm","NUTS_NAME":"Neu-Ulm","MOUNT_TYPE":4,"URBN_TYPE":2,"COAST_TYPE":3,"NAME_ENGL":"Germany","NAME_FREN":"Allemagne","ISO3_CODE":"DEU","SVRG_UN":"UN Member State","CAPT":"Berlin","EU_STAT":"T","EFTA_STAT":"F","CC_STAT":"F","NAME_GERM":"Deutschland"},"id":"DE279"},{"arcs":[[-592,2031,-876,-588]],"type":"Polygon","properties":{"NUTS_ID":"DE27A","LEVL_CODE":3,"CNTR_CODE":"DE","NAME_LATN":"Lindau (Bodensee)","NUTS_NAME":"Lindau (Bodensee)","MOUNT_TYPE":3,"URBN_TYPE":2,"COAST_TYPE":3,"NAME_ENGL":"Germany","NAME_FREN":"Allemagne","ISO3_CODE":"DEU","SVRG_UN":"UN Member State","CAPT":"Berlin","EU_STAT":"T","EFTA_STAT":"F","CC_STAT":"F","NAME_GERM":"Deutschland"},"id":"DE27A"},{"arcs":[[-671,-643,-863,2032,2033,-2022,-647],[-158]],"type":"Polygon","properties":{"NUTS_ID":"DE27B","LEVL_CODE":3,"CNTR_CODE":"DE","NAME_LATN":"Ostallgäu","NUTS_NAME":"Ostallgäu","MOUNT_TYPE":4,"URBN_TYPE":2,"COAST_TYPE":3,"NAME_ENGL":"Germany","NAME_FREN":"Allemagne","ISO3_CODE":"DEU","SVRG_UN":"UN Member State","CAPT":"Berlin","EU_STAT":"T","EFTA_STAT":"F","CC_STAT":"F","NAME_GERM":"Deutschland"},"id":"DE27B"},{"arcs":[[-2023,-2034,2034,-590,-584,-2031,-2029],[-160]],"type":"Polygon","properties":{"NUTS_ID":"DE27C","LEVL_CODE":3,"CNTR_CODE":"DE","NAME_LATN":"Unterallgäu","NUTS_NAME":"Unterallgäu","MOUNT_TYPE":4,"URBN_TYPE":3,"COAST_TYPE":3,"NAME_ENGL":"Germany","NAME_FREN":"Allemagne","ISO3_CODE":"DEU","SVRG_UN":"UN Member State","CAPT":"Berlin","EU_STAT":"T","EFTA_STAT":"F","CC_STAT":"F","NAME_GERM":"Deutschland"},"id":"DE27C"},{"arcs":[[-626,-661,-2021,-2026,-2028,-374,-379,-13,-42]],"type":"Polygon","properties":{"NUTS_ID":"DE27D","LEVL_CODE":3,"CNTR_CODE":"DE","NAME_LATN":"Donau-Ries","NUTS_NAME":"Donau-Ries","MOUNT_TYPE":4,"URBN_TYPE":3,"COAST_TYPE":3,"NAME_ENGL":"Germany","NAME_FREN":"Allemagne","ISO3_CODE":"DEU","SVRG_UN":"UN Member State","CAPT":"Berlin","EU_STAT":"T","EFTA_STAT":"F","CC_STAT":"F","NAME_GERM":"Deutschland"},"id":"DE27D"},{"arcs":[[-862,-874,-877,-2032,-591,-2035,-2033],[-159]],"type":"Polygon","properties":{"NUTS_ID":"DE27E","LEVL_CODE":3,"CNTR_CODE":"DE","NAME_LATN":"Oberallgäu","NUTS_NAME":"Oberallgäu","MOUNT_TYPE":3,"URBN_TYPE":2,"COAST_TYPE":3,"NAME_ENGL":"Germany","NAME_FREN":"Allemagne","ISO3_CODE":"DEU","SVRG_UN":"UN Member State","CAPT":"Berlin","EU_STAT":"T","EFTA_STAT":"F","CC_STAT":"F","NAME_GERM":"Deutschland"},"id":"DE27E"},{"arcs":[[2035,2036,2037,2038,2039,2040,2041,2042,2043]],"type":"Polygon","properties":{"NUTS_ID":"DE300","LEVL_CODE":3,"CNTR_CODE":"DE","NAME_LATN":"Berlin","NUTS_NAME":"Berlin","MOUNT_TYPE":4,"URBN_TYPE":1,"COAST_TYPE":3,"NAME_ENGL":"Germany","NAME_FREN":"Allemagne","ISO3_CODE":"DEU","SVRG_UN":"UN Member State","CAPT":"Berlin","EU_STAT":"T","EFTA_STAT":"F","CC_STAT":"F","NAME_GERM":"Deutschland"},"id":"DE300"},{"arcs":[[2044,2045]],"type":"Polygon","properties":{"NUTS_ID":"DE401","LEVL_CODE":3,"CNTR_CODE":"DE","NAME_LATN":"Brandenburg an der Havel, Kreisfreie Stadt","NUTS_NAME":"Brandenburg an der Havel, Kreisfreie Stadt","MOUNT_TYPE":4,"URBN_TYPE":2,"COAST_TYPE":3,"NAME_ENGL":"Germany","NAME_FREN":"Allemagne","ISO3_CODE":"DEU","SVRG_UN":"UN Member State","CAPT":"Berlin","EU_STAT":"T","EFTA_STAT":"F","CC_STAT":"F","NAME_GERM":"Deutschland"},"id":"DE401"},{"arcs":[[2046]],"type":"Polygon","properties":{"NUTS_ID":"DE402","LEVL_CODE":3,"CNTR_CODE":"DE","NAME_LATN":"Cottbus, Kreisfreie Stadt","NUTS_NAME":"Cottbus, Kreisfreie Stadt","MOUNT_TYPE":4,"URBN_TYPE":2,"COAST_TYPE":3,"NAME_ENGL":"Germany","NAME_FREN":"Allemagne","ISO3_CODE":"DEU","SVRG_UN":"UN Member State","CAPT":"Berlin","EU_STAT":"T","EFTA_STAT":"F","CC_STAT":"F","NAME_GERM":"Deutschland"},"id":"DE402"},{"arcs":[[2047,2048,2049]],"type":"Polygon","properties":{"NUTS_ID":"DE403","LEVL_CODE":3,"CNTR_CODE":"DE","NAME_LATN":"Frankfurt (Oder), Kreisfreie Stadt","NUTS_NAME":"Frankfurt (Oder), Kreisfreie Stadt","MOUNT_TYPE":4,"URBN_TYPE":2,"COAST_TYPE":3,"NAME_ENGL":"Germany","NAME_FREN":"Allemagne","ISO3_CODE":"DEU","SVRG_UN":"UN Member State","CAPT":"Berlin","EU_STAT":"T","EFTA_STAT":"F","CC_STAT":"F","NAME_GERM":"Deutschland"},"id":"DE403"},{"arcs":[[2050,2051,-2041]],"type":"Polygon","properties":{"NUTS_ID":"DE404","LEVL_CODE":3,"CNTR_CODE":"DE","NAME_LATN":"Potsdam, Kreisfreie Stadt","NUTS_NAME":"Potsdam, Kreisfreie Stadt","MOUNT_TYPE":4,"URBN_TYPE":2,"COAST_TYPE":3,"NAME_ENGL":"Germany","NAME_FREN":"Allemagne","ISO3_CODE":"DEU","SVRG_UN":"UN Member State","CAPT":"Berlin","EU_STAT":"T","EFTA_STAT":"F","CC_STAT":"F","NAME_GERM":"Deutschland"},"id":"DE404"},{"arcs":[[2052,2053,-2044,2054,2055]],"type":"Polygon","properties":{"NUTS_ID":"DE405","LEVL_CODE":3,"CNTR_CODE":"DE","NAME_LATN":"Barnim","NUTS_NAME":"Barnim","MOUNT_TYPE":4,"URBN_TYPE":2,"COAST_TYPE":3,"NAME_ENGL":"Germany","NAME_FREN":"Allemagne","ISO3_CODE":"DEU","SVRG_UN":"UN Member State","CAPT":"Berlin","EU_STAT":"T","EFTA_STAT":"F","CC_STAT":"F","NAME_GERM":"Deutschland"},"id":"DE405"},{"arcs":[[2056,2057,2058,2059,-2038,2060]],"type":"Polygon","properties":{"NUTS_ID":"DE406","LEVL_CODE":3,"CNTR_CODE":"DE","NAME_LATN":"Dahme-Spreewald","NUTS_NAME":"Dahme-Spreewald","MOUNT_TYPE":4,"URBN_TYPE":2,"COAST_TYPE":3,"NAME_ENGL":"Germany","NAME_FREN":"Allemagne","ISO3_CODE":"DEU","SVRG_UN":"UN Member State","CAPT":"Berlin","EU_STAT":"T","EFTA_STAT":"F","CC_STAT":"F","NAME_GERM":"Deutschland"},"id":"DE406"},{"arcs":[[-2059,2061,-1709,-1083,-719,2062]],"type":"Polygon","properties":{"NUTS_ID":"DE407","LEVL_CODE":3,"CNTR_CODE":"DE","NAME_LATN":"Elbe-Elster","NUTS_NAME":"Elbe-Elster","MOUNT_TYPE":4,"URBN_TYPE":3,"COAST_TYPE":3,"NAME_ENGL":"Germany","NAME_FREN":"Allemagne","ISO3_CODE":"DEU","SVRG_UN":"UN Member State","CAPT":"Berlin","EU_STAT":"T","EFTA_STAT":"F","CC_STAT":"F","NAME_GERM":"Deutschland"},"id":"DE407"},{"arcs":[[2063,-2042,-2052,2064,-2045,2065,-1093,-712,2066]],"type":"Polygon","properties":{"NUTS_ID":"DE408","LEVL_CODE":3,"CNTR_CODE":"DE","NAME_LATN":"Havelland","NUTS_NAME":"Havelland","MOUNT_TYPE":4,"URBN_TYPE":2,"COAST_TYPE":3,"NAME_ENGL":"Germany","NAME_FREN":"Allemagne","ISO3_CODE":"DEU","SVRG_UN":"UN Member State","CAPT":"Berlin","EU_STAT":"T","EFTA_STAT":"F","CC_STAT":"F","NAME_GERM":"Deutschland"},"id":"DE408"},{"arcs":[[2067,2068,-2048,2069,-2036,-2054,2070]],"type":"Polygon","properties":{"NUTS_ID":"DE409","LEVL_CODE":3,"CNTR_CODE":"DE","NAME_LATN":"Märkisch-Oderland","NUTS_NAME":"Märkisch-Oderland","MOUNT_TYPE":4,"URBN_TYPE":2,"COAST_TYPE":3,"NAME_ENGL":"Germany","NAME_FREN":"Allemagne","ISO3_CODE":"DEU","SVRG_UN":"UN Member State","CAPT":"Berlin","EU_STAT":"T","EFTA_STAT":"F","CC_STAT":"F","NAME_GERM":"Deutschland"},"id":"DE409"},{"arcs":[[-2055,-2043,-2064,2071,2072,2073]],"type":"Polygon","properties":{"NUTS_ID":"DE40A","LEVL_CODE":3,"CNTR_CODE":"DE","NAME_LATN":"Oberhavel","NUTS_NAME":"Oberhavel","MOUNT_TYPE":4,"URBN_TYPE":2,"COAST_TYPE":3,"NAME_ENGL":"Germany","NAME_FREN":"Allemagne","ISO3_CODE":"DEU","SVRG_UN":"UN Member State","CAPT":"Berlin","EU_STAT":"T","EFTA_STAT":"F","CC_STAT":"F","NAME_GERM":"Deutschland"},"id":"DE40A"},{"arcs":[[2074,-1700,-1706,-2062,-2058]],"type":"Polygon","properties":{"NUTS_ID":"DE40B","LEVL_CODE":3,"CNTR_CODE":"DE","NAME_LATN":"Oberspreewald-Lausitz","NUTS_NAME":"Oberspreewald-Lausitz","MOUNT_TYPE":4,"URBN_TYPE":2,"COAST_TYPE":3,"NAME_ENGL":"Germany","NAME_FREN":"Allemagne","ISO3_CODE":"DEU","SVRG_UN":"UN Member State","CAPT":"Berlin","EU_STAT":"T","EFTA_STAT":"F","CC_STAT":"F","NAME_GERM":"Deutschland"},"id":"DE40B"},{"arcs":[[-2050,2075,2076,2077,-2061,-2037,-2070]],"type":"Polygon","properties":{"NUTS_ID":"DE40C","LEVL_CODE":3,"CNTR_CODE":"DE","NAME_LATN":"Oder-Spree","NUTS_NAME":"Oder-Spree","MOUNT_TYPE":4,"URBN_TYPE":2,"COAST_TYPE":3,"NAME_ENGL":"Germany","NAME_FREN":"Allemagne","ISO3_CODE":"DEU","SVRG_UN":"UN Member State","CAPT":"Berlin","EU_STAT":"T","EFTA_STAT":"F","CC_STAT":"F","NAME_GERM":"Deutschland"},"id":"DE40C"},{"arcs":[[2078,-2072,-2067,-711,2079,2080]],"type":"Polygon","properties":{"NUTS_ID":"DE40D","LEVL_CODE":3,"CNTR_CODE":"DE","NAME_LATN":"Ostprignitz-Ruppin","NUTS_NAME":"Ostprignitz-Ruppin","MOUNT_TYPE":4,"URBN_TYPE":3,"COAST_TYPE":3,"NAME_ENGL":"Germany","NAME_FREN":"Allemagne","ISO3_CODE":"DEU","SVRG_UN":"UN Member State","CAPT":"Berlin","EU_STAT":"T","EFTA_STAT":"F","CC_STAT":"F","NAME_GERM":"Deutschland"},"id":"DE40D"},{"arcs":[[-2051,-2040,2081,-724,-1092,-1094,-2066,-2046,-2065]],"type":"Polygon","properties":{"NUTS_ID":"DE40E","LEVL_CODE":3,"CNTR_CODE":"DE","NAME_LATN":"Potsdam-Mittelmark","NUTS_NAME":"Potsdam-Mittelmark","MOUNT_TYPE":4,"URBN_TYPE":2,"COAST_TYPE":3,"NAME_ENGL":"Germany","NAME_FREN":"Allemagne","ISO3_CODE":"DEU","SVRG_UN":"UN Member State","CAPT":"Berlin","EU_STAT":"T","EFTA_STAT":"F","CC_STAT":"F","NAME_GERM":"Deutschland"},"id":"DE40E"},{"arcs":[[-2080,-717,2082,2083]],"type":"Polygon","properties":{"NUTS_ID":"DE40F","LEVL_CODE":3,"CNTR_CODE":"DE","NAME_LATN":"Prignitz","NUTS_NAME":"Prignitz","MOUNT_TYPE":4,"URBN_TYPE":3,"COAST_TYPE":3,"NAME_ENGL":"Germany","NAME_FREN":"Allemagne","ISO3_CODE":"DEU","SVRG_UN":"UN Member State","CAPT":"Berlin","EU_STAT":"T","EFTA_STAT":"F","CC_STAT":"F","NAME_GERM":"Deutschland"},"id":"DE40F"},{"arcs":[[2084,-1704,-1701,-2075,-2057,-2078],[-2047]],"type":"Polygon","properties":{"NUTS_ID":"DE40G","LEVL_CODE":3,"CNTR_CODE":"DE","NAME_LATN":"Spree-Neiße","NUTS_NAME":"Spree-Neiße","MOUNT_TYPE":4,"URBN_TYPE":2,"COAST_TYPE":3,"NAME_ENGL":"Germany","NAME_FREN":"Allemagne","ISO3_CODE":"DEU","SVRG_UN":"UN Member State","CAPT":"Berlin","EU_STAT":"T","EFTA_STAT":"F","CC_STAT":"F","NAME_GERM":"Deutschland"},"id":"DE40G"},{"arcs":[[-2060,-2063,-718,-2082,-2039]],"type":"Polygon","properties":{"NUTS_ID":"DE40H","LEVL_CODE":3,"CNTR_CODE":"DE","NAME_LATN":"Teltow-Fläming","NUTS_NAME":"Teltow-Fläming","MOUNT_TYPE":4,"URBN_TYPE":2,"COAST_TYPE":3,"NAME_ENGL":"Germany","NAME_FREN":"Allemagne","ISO3_CODE":"DEU","SVRG_UN":"UN Member State","CAPT":"Berlin","EU_STAT":"T","EFTA_STAT":"F","CC_STAT":"F","NAME_GERM":"Deutschland"},"id":"DE40H"},{"arcs":[[2085,-2056,-2074,2086,2087]],"type":"Polygon","properties":{"NUTS_ID":"DE40I","LEVL_CODE":3,"CNTR_CODE":"DE","NAME_LATN":"Uckermark","NUTS_NAME":"Uckermark","MOUNT_TYPE":4,"URBN_TYPE":3,"COAST_TYPE":3,"NAME_ENGL":"Germany","NAME_FREN":"Allemagne","ISO3_CODE":"DEU","SVRG_UN":"UN Member State","CAPT":"Berlin","EU_STAT":"T","EFTA_STAT":"F","CC_STAT":"F","NAME_GERM":"Deutschland"},"id":"DE40I"},{"arcs":[[2088,2089,2090,-1407,2091]],"type":"Polygon","properties":{"NUTS_ID":"DE501","LEVL_CODE":3,"CNTR_CODE":"DE","NAME_LATN":"Bremen, Kreisfreie Stadt","NUTS_NAME":"Bremen, Kreisfreie Stadt","MOUNT_TYPE":4,"URBN_TYPE":1,"COAST_TYPE":1,"NAME_ENGL":"Germany","NAME_FREN":"Allemagne","ISO3_CODE":"DEU","SVRG_UN":"UN Member State","CAPT":"Berlin","EU_STAT":"T","EFTA_STAT":"F","CC_STAT":"F","NAME_GERM":"Deutschland"},"id":"DE501"},{"arcs":[[-1404,2092,2093]],"type":"Polygon","properties":{"NUTS_ID":"DE502","LEVL_CODE":3,"CNTR_CODE":"DE","NAME_LATN":"Bremerhaven, Kreisfreie Stadt","NUTS_NAME":"Bremerhaven, Kreisfreie Stadt","MOUNT_TYPE":4,"URBN_TYPE":2,"COAST_TYPE":1,"NAME_ENGL":"Germany","NAME_FREN":"Allemagne","ISO3_CODE":"DEU","SVRG_UN":"UN Member State","CAPT":"Berlin","EU_STAT":"T","EFTA_STAT":"F","CC_STAT":"F","NAME_GERM":"Deutschland"},"id":"DE502"},{"arcs":[[[2094,2095,-1150,-1165,-1169,-1136]],[[2096]]],"type":"MultiPolygon","properties":{"NUTS_ID":"DE600","LEVL_CODE":3,"CNTR_CODE":"DE","NAME_LATN":"Hamburg","NUTS_NAME":"Hamburg","MOUNT_TYPE":4,"URBN_TYPE":1,"COAST_TYPE":1,"NAME_ENGL":"Germany","NAME_FREN":"Allemagne","ISO3_CODE":"DEU","SVRG_UN":"UN Member State","CAPT":"Berlin","EU_STAT":"T","EFTA_STAT":"F","CC_STAT":"F","NAME_GERM":"Deutschland"},"id":"DE600"},{"arcs":[[2097,2098]],"type":"Polygon","properties":{"NUTS_ID":"DE711","LEVL_CODE":3,"CNTR_CODE":"DE","NAME_LATN":"Darmstadt, Kreisfreie Stadt","NUTS_NAME":"Darmstadt, Kreisfreie Stadt","MOUNT_TYPE":4,"URBN_TYPE":1,"COAST_TYPE":3,"NAME_ENGL":"Germany","NAME_FREN":"Allemagne","ISO3_CODE":"DEU","SVRG_UN":"UN Member State","CAPT":"Berlin","EU_STAT":"T","EFTA_STAT":"F","CC_STAT":"F","NAME_GERM":"Deutschland"},"id":"DE711"},{"arcs":[[2099,2100,2101,2102,2103,2104,2105]],"type":"Polygon","properties":{"NUTS_ID":"DE712","LEVL_CODE":3,"CNTR_CODE":"DE","NAME_LATN":"Frankfurt am Main, Kreisfreie Stadt","NUTS_NAME":"Frankfurt am Main, Kreisfreie Stadt","MOUNT_TYPE":4,"URBN_TYPE":1,"COAST_TYPE":3,"NAME_ENGL":"Germany","NAME_FREN":"Allemagne","ISO3_CODE":"DEU","SVRG_UN":"UN Member State","CAPT":"Berlin","EU_STAT":"T","EFTA_STAT":"F","CC_STAT":"F","NAME_GERM":"Deutschland"},"id":"DE712"},{"arcs":[[2106,-2101,2107]],"type":"Polygon","properties":{"NUTS_ID":"DE713","LEVL_CODE":3,"CNTR_CODE":"DE","NAME_LATN":"Offenbach am Main, Kreisfreie Stadt","NUTS_NAME":"Offenbach am Main, Kreisfreie Stadt","MOUNT_TYPE":4,"URBN_TYPE":1,"COAST_TYPE":3,"NAME_ENGL":"Germany","NAME_FREN":"Allemagne","ISO3_CODE":"DEU","SVRG_UN":"UN Member State","CAPT":"Berlin","EU_STAT":"T","EFTA_STAT":"F","CC_STAT":"F","NAME_GERM":"Deutschland"},"id":"DE713"},{"arcs":[[2108,2109,2110,-1637,-1675]],"type":"Polygon","properties":{"NUTS_ID":"DE714","LEVL_CODE":3,"CNTR_CODE":"DE","NAME_LATN":"Wiesbaden, Kreisfreie Stadt","NUTS_NAME":"Wiesbaden, Kreisfreie Stadt","MOUNT_TYPE":4,"URBN_TYPE":1,"COAST_TYPE":3,"NAME_ENGL":"Germany","NAME_FREN":"Allemagne","ISO3_CODE":"DEU","SVRG_UN":"UN Member State","CAPT":"Berlin","EU_STAT":"T","EFTA_STAT":"F","CC_STAT":"F","NAME_GERM":"Deutschland"},"id":"DE714"},{"arcs":[[-521,-402,-1673,-1646,-1650,2111,2112,2113]],"type":"Polygon","properties":{"NUTS_ID":"DE715","LEVL_CODE":3,"CNTR_CODE":"DE","NAME_LATN":"Bergstraße","NUTS_NAME":"Bergstraße","MOUNT_TYPE":4,"URBN_TYPE":1,"COAST_TYPE":3,"NAME_ENGL":"Germany","NAME_FREN":"Allemagne","ISO3_CODE":"DEU","SVRG_UN":"UN Member State","CAPT":"Berlin","EU_STAT":"T","EFTA_STAT":"F","CC_STAT":"F","NAME_GERM":"Deutschland"},"id":"DE715"},{"arcs":[[-148,2114,-2113,2115,2116,-2099,2117,-124]],"type":"Polygon","properties":{"NUTS_ID":"DE716","LEVL_CODE":3,"CNTR_CODE":"DE","NAME_LATN":"Darmstadt-Dieburg","NUTS_NAME":"Darmstadt-Dieburg","MOUNT_TYPE":4,"URBN_TYPE":1,"COAST_TYPE":3,"NAME_ENGL":"Germany","NAME_FREN":"Allemagne","ISO3_CODE":"DEU","SVRG_UN":"UN Member State","CAPT":"Berlin","EU_STAT":"T","EFTA_STAT":"F","CC_STAT":"F","NAME_GERM":"Deutschland"},"id":"DE716"},{"arcs":[[2118,-2116,-2112,-1649,-1676,-1635,-2111,2119,-2103]],"type":"Polygon","properties":{"NUTS_ID":"DE717","LEVL_CODE":3,"CNTR_CODE":"DE","NAME_LATN":"Groß-Gerau","NUTS_NAME":"Groß-Gerau","MOUNT_TYPE":4,"URBN_TYPE":1,"COAST_TYPE":3,"NAME_ENGL":"Germany","NAME_FREN":"Allemagne","ISO3_CODE":"DEU","SVRG_UN":"UN Member State","CAPT":"Berlin","EU_STAT":"T","EFTA_STAT":"F","CC_STAT":"F","NAME_GERM":"Deutschland"},"id":"DE717"},{"arcs":[[2120,-2105,2121,2122,2123,2124]],"type":"Polygon","properties":{"NUTS_ID":"DE718","LEVL_CODE":3,"CNTR_CODE":"DE","NAME_LATN":"Hochtaunuskreis","NUTS_NAME":"Hochtaunuskreis","MOUNT_TYPE":2,"URBN_TYPE":1,"COAST_TYPE":3,"NAME_ENGL":"Germany","NAME_FREN":"Allemagne","ISO3_CODE":"DEU","SVRG_UN":"UN Member State","CAPT":"Berlin","EU_STAT":"T","EFTA_STAT":"F","CC_STAT":"F","NAME_GERM":"Deutschland"},"id":"DE718"},{"arcs":[[-129,-152,-126,2125,-2108,-2100,2126,2127,2128]],"type":"Polygon","properties":{"NUTS_ID":"DE719","LEVL_CODE":3,"CNTR_CODE":"DE","NAME_LATN":"Main-Kinzig-Kreis","NUTS_NAME":"Main-Kinzig-Kreis","MOUNT_TYPE":4,"URBN_TYPE":2,"COAST_TYPE":3,"NAME_ENGL":"Germany","NAME_FREN":"Allemagne","ISO3_CODE":"DEU","SVRG_UN":"UN Member State","CAPT":"Berlin","EU_STAT":"T","EFTA_STAT":"F","CC_STAT":"F","NAME_GERM":"Deutschland"},"id":"DE719"},{"arcs":[[-2104,-2120,-2110,2129,-2122]],"type":"Polygon","properties":{"NUTS_ID":"DE71A","LEVL_CODE":3,"CNTR_CODE":"DE","NAME_LATN":"Main-Taunus-Kreis","NUTS_NAME":"Main-Taunus-Kreis","MOUNT_TYPE":4,"URBN_TYPE":1,"COAST_TYPE":3,"NAME_ENGL":"Germany","NAME_FREN":"Allemagne","ISO3_CODE":"DEU","SVRG_UN":"UN Member State","CAPT":"Berlin","EU_STAT":"T","EFTA_STAT":"F","CC_STAT":"F","NAME_GERM":"Deutschland"},"id":"DE71A"},{"arcs":[[-517,-518,-2114,-2115,-147]],"type":"Polygon","properties":{"NUTS_ID":"DE71B","LEVL_CODE":3,"CNTR_CODE":"DE","NAME_LATN":"Odenwaldkreis","NUTS_NAME":"Odenwaldkreis","MOUNT_TYPE":3,"URBN_TYPE":3,"COAST_TYPE":3,"NAME_ENGL":"Germany","NAME_FREN":"Allemagne","ISO3_CODE":"DEU","SVRG_UN":"UN Member State","CAPT":"Berlin","EU_STAT":"T","EFTA_STAT":"F","CC_STAT":"F","NAME_GERM":"Deutschland"},"id":"DE71B"},{"arcs":[[-125,-2118,-2098,-2117,-2119,-2102,-2107,-2126]],"type":"Polygon","properties":{"NUTS_ID":"DE71C","LEVL_CODE":3,"CNTR_CODE":"DE","NAME_LATN":"Offenbach, Landkreis","NUTS_NAME":"Offenbach, Landkreis","MOUNT_TYPE":4,"URBN_TYPE":1,"COAST_TYPE":3,"NAME_ENGL":"Germany","NAME_FREN":"Allemagne","ISO3_CODE":"DEU","SVRG_UN":"UN Member State","CAPT":"Berlin","EU_STAT":"T","EFTA_STAT":"F","CC_STAT":"F","NAME_GERM":"Deutschland"},"id":"DE71C"},{"arcs":[[-2130,-2109,-1674,-1605,2130,-2123]],"type":"Polygon","properties":{"NUTS_ID":"DE71D","LEVL_CODE":3,"CNTR_CODE":"DE","NAME_LATN":"Rheingau-Taunus-Kreis","NUTS_NAME":"Rheingau-Taunus-Kreis","MOUNT_TYPE":2,"URBN_TYPE":2,"COAST_TYPE":3,"NAME_ENGL":"Germany","NAME_FREN":"Allemagne","ISO3_CODE":"DEU","SVRG_UN":"UN Member State","CAPT":"Berlin","EU_STAT":"T","EFTA_STAT":"F","CC_STAT":"F","NAME_GERM":"Deutschland"},"id":"DE71D"},{"arcs":[[-2127,-2106,-2121,2131,2132,2133]],"type":"Polygon","properties":{"NUTS_ID":"DE71E","LEVL_CODE":3,"CNTR_CODE":"DE","NAME_LATN":"Wetteraukreis","NUTS_NAME":"Wetteraukreis","MOUNT_TYPE":4,"URBN_TYPE":2,"COAST_TYPE":3,"NAME_ENGL":"Germany","NAME_FREN":"Allemagne","ISO3_CODE":"DEU","SVRG_UN":"UN Member State","CAPT":"Berlin","EU_STAT":"T","EFTA_STAT":"F","CC_STAT":"F","NAME_GERM":"Deutschland"},"id":"DE71E"},{"arcs":[[-2133,2134,2135,2136]],"type":"Polygon","properties":{"NUTS_ID":"DE721","LEVL_CODE":3,"CNTR_CODE":"DE","NAME_LATN":"Gießen, Landkreis","NUTS_NAME":"Gießen, Landkreis","MOUNT_TYPE":4,"URBN_TYPE":2,"COAST_TYPE":3,"NAME_ENGL":"Germany","NAME_FREN":"Allemagne","ISO3_CODE":"DEU","SVRG_UN":"UN Member State","CAPT":"Berlin","EU_STAT":"T","EFTA_STAT":"F","CC_STAT":"F","NAME_GERM":"Deutschland"},"id":"DE721"},{"arcs":[[-2135,-2132,-2125,2137,-1610,-1575,2138]],"type":"Polygon","properties":{"NUTS_ID":"DE722","LEVL_CODE":3,"CNTR_CODE":"DE","NAME_LATN":"Lahn-Dill-Kreis","NUTS_NAME":"Lahn-Dill-Kreis","MOUNT_TYPE":4,"URBN_TYPE":2,"COAST_TYPE":3,"NAME_ENGL":"Germany","NAME_FREN":"Allemagne","ISO3_CODE":"DEU","SVRG_UN":"UN Member State","CAPT":"Berlin","EU_STAT":"T","EFTA_STAT":"F","CC_STAT":"F","NAME_GERM":"Deutschland"},"id":"DE722"},{"arcs":[[-2124,-2131,-1609,-1611,-2138]],"type":"Polygon","properties":{"NUTS_ID":"DE723","LEVL_CODE":3,"CNTR_CODE":"DE","NAME_LATN":"Limburg-Weilburg","NUTS_NAME":"Limburg-Weilburg","MOUNT_TYPE":4,"URBN_TYPE":2,"COAST_TYPE":3,"NAME_ENGL":"Germany","NAME_FREN":"Allemagne","ISO3_CODE":"DEU","SVRG_UN":"UN Member State","CAPT":"Berlin","EU_STAT":"T","EFTA_STAT":"F","CC_STAT":"F","NAME_GERM":"Deutschland"},"id":"DE723"},{"arcs":[[2139,2140,-2136,-2139,-1574,2141]],"type":"Polygon","properties":{"NUTS_ID":"DE724","LEVL_CODE":3,"CNTR_CODE":"DE","NAME_LATN":"Marburg-Biedenkopf","NUTS_NAME":"Marburg-Biedenkopf","MOUNT_TYPE":4,"URBN_TYPE":2,"COAST_TYPE":3,"NAME_ENGL":"Germany","NAME_FREN":"Allemagne","ISO3_CODE":"DEU","SVRG_UN":"UN Member State","CAPT":"Berlin","EU_STAT":"T","EFTA_STAT":"F","CC_STAT":"F","NAME_GERM":"Deutschland"},"id":"DE724"},{"arcs":[[2142,2143,-2128,-2134,-2137,-2141,2144]],"type":"Polygon","properties":{"NUTS_ID":"DE725","LEVL_CODE":3,"CNTR_CODE":"DE","NAME_LATN":"Vogelsbergkreis","NUTS_NAME":"Vogelsbergkreis","MOUNT_TYPE":4,"URBN_TYPE":3,"COAST_TYPE":3,"NAME_ENGL":"Germany","NAME_FREN":"Allemagne","ISO3_CODE":"DEU","SVRG_UN":"UN Member State","CAPT":"Berlin","EU_STAT":"T","EFTA_STAT":"F","CC_STAT":"F","NAME_GERM":"Deutschland"},"id":"DE725"},{"arcs":[[2145]],"type":"Polygon","properties":{"NUTS_ID":"DE731","LEVL_CODE":3,"CNTR_CODE":"DE","NAME_LATN":"Kassel, Kreisfreie Stadt","NUTS_NAME":"Kassel, Kreisfreie Stadt","MOUNT_TYPE":4,"URBN_TYPE":2,"COAST_TYPE":3,"NAME_ENGL":"Germany","NAME_FREN":"Allemagne","ISO3_CODE":"DEU","SVRG_UN":"UN Member State","CAPT":"Berlin","EU_STAT":"T","EFTA_STAT":"F","CC_STAT":"F","NAME_GERM":"Deutschland"},"id":"DE731"},{"arcs":[[-1226,-1198,-135,-130,-2129,-2144,2146]],"type":"Polygon","properties":{"NUTS_ID":"DE732","LEVL_CODE":3,"CNTR_CODE":"DE","NAME_LATN":"Fulda","NUTS_NAME":"Fulda","MOUNT_TYPE":4,"URBN_TYPE":2,"COAST_TYPE":3,"NAME_ENGL":"Germany","NAME_FREN":"Allemagne","ISO3_CODE":"DEU","SVRG_UN":"UN Member State","CAPT":"Berlin","EU_STAT":"T","EFTA_STAT":"F","CC_STAT":"F","NAME_GERM":"Deutschland"},"id":"DE732"},{"arcs":[[-1227,-2147,-2143,2147,2148]],"type":"Polygon","properties":{"NUTS_ID":"DE733","LEVL_CODE":3,"CNTR_CODE":"DE","NAME_LATN":"Hersfeld-Rotenburg","NUTS_NAME":"Hersfeld-Rotenburg","MOUNT_TYPE":4,"URBN_TYPE":3,"COAST_TYPE":3,"NAME_ENGL":"Germany","NAME_FREN":"Allemagne","ISO3_CODE":"DEU","SVRG_UN":"UN Member State","CAPT":"Berlin","EU_STAT":"T","EFTA_STAT":"F","CC_STAT":"F","NAME_GERM":"Deutschland"},"id":"DE733"},{"arcs":[[2149,2150,2151,2152,-1536,2153],[-2146]],"type":"Polygon","properties":{"NUTS_ID":"DE734","LEVL_CODE":3,"CNTR_CODE":"DE","NAME_LATN":"Kassel, Landkreis","NUTS_NAME":"Kassel, Landkreis","MOUNT_TYPE":4,"URBN_TYPE":2,"COAST_TYPE":3,"NAME_ENGL":"Germany","NAME_FREN":"Allemagne","ISO3_CODE":"DEU","SVRG_UN":"UN Member State","CAPT":"Berlin","EU_STAT":"T","EFTA_STAT":"F","CC_STAT":"F","NAME_GERM":"Deutschland"},"id":"DE734"},{"arcs":[[2154,-2148,-2145,-2140,2155,-2152]],"type":"Polygon","properties":{"NUTS_ID":"DE735","LEVL_CODE":3,"CNTR_CODE":"DE","NAME_LATN":"Schwalm-Eder-Kreis","NUTS_NAME":"Schwalm-Eder-Kreis","MOUNT_TYPE":4,"URBN_TYPE":3,"COAST_TYPE":3,"NAME_ENGL":"Germany","NAME_FREN":"Allemagne","ISO3_CODE":"DEU","SVRG_UN":"UN Member State","CAPT":"Berlin","EU_STAT":"T","EFTA_STAT":"F","CC_STAT":"F","NAME_GERM":"Deutschland"},"id":"DE735"},{"arcs":[[-2153,-2156,-2142,-1573,-1563,-1537]],"type":"Polygon","properties":{"NUTS_ID":"DE736","LEVL_CODE":3,"CNTR_CODE":"DE","NAME_LATN":"Waldeck-Frankenberg","NUTS_NAME":"Waldeck-Frankenberg","MOUNT_TYPE":4,"URBN_TYPE":3,"COAST_TYPE":3,"NAME_ENGL":"Germany","NAME_FREN":"Allemagne","ISO3_CODE":"DEU","SVRG_UN":"UN Member State","CAPT":"Berlin","EU_STAT":"T","EFTA_STAT":"F","CC_STAT":"F","NAME_GERM":"Deutschland"},"id":"DE736"},{"arcs":[[-1185,-1193,-1228,-2149,-2155,-2151,2156]],"type":"Polygon","properties":{"NUTS_ID":"DE737","LEVL_CODE":3,"CNTR_CODE":"DE","NAME_LATN":"Werra-Meißner-Kreis","NUTS_NAME":"Werra-Meißner-Kreis","MOUNT_TYPE":2,"URBN_TYPE":3,"COAST_TYPE":3,"NAME_ENGL":"Germany","NAME_FREN":"Allemagne","ISO3_CODE":"DEU","SVRG_UN":"UN Member State","CAPT":"Berlin","EU_STAT":"T","EFTA_STAT":"F","CC_STAT":"F","NAME_GERM":"Deutschland"},"id":"DE737"},{"arcs":[[2157,2158]],"type":"Polygon","properties":{"NUTS_ID":"DE803","LEVL_CODE":3,"CNTR_CODE":"DE","NAME_LATN":"Rostock, Kreisfreie Stadt","NUTS_NAME":"Rostock, Kreisfreie Stadt","MOUNT_TYPE":4,"URBN_TYPE":2,"COAST_TYPE":1,"NAME_ENGL":"Germany","NAME_FREN":"Allemagne","ISO3_CODE":"DEU","SVRG_UN":"UN Member State","CAPT":"Berlin","EU_STAT":"T","EFTA_STAT":"F","CC_STAT":"F","NAME_GERM":"Deutschland"},"id":"DE803"},{"arcs":[[2159,2160]],"type":"Polygon","properties":{"NUTS_ID":"DE804","LEVL_CODE":3,"CNTR_CODE":"DE","NAME_LATN":"Schwerin, Kreisfreie Stadt","NUTS_NAME":"Schwerin, Kreisfreie Stadt","MOUNT_TYPE":4,"URBN_TYPE":3,"COAST_TYPE":2,"NAME_ENGL":"Germany","NAME_FREN":"Allemagne","ISO3_CODE":"DEU","SVRG_UN":"UN Member State","CAPT":"Berlin","EU_STAT":"T","EFTA_STAT":"F","CC_STAT":"F","NAME_GERM":"Deutschland"},"id":"DE804"},{"arcs":[[2161,-2087,-2073,-2079,2162,2163,2164]],"type":"Polygon","properties":{"NUTS_ID":"DE80J","LEVL_CODE":3,"CNTR_CODE":"DE","NAME_LATN":"Mecklenburgische Seenplatte","NUTS_NAME":"Mecklenburgische Seenplatte","MOUNT_TYPE":4,"URBN_TYPE":3,"COAST_TYPE":3,"NAME_ENGL":"Germany","NAME_FREN":"Allemagne","ISO3_CODE":"DEU","SVRG_UN":"UN Member State","CAPT":"Berlin","EU_STAT":"T","EFTA_STAT":"F","CC_STAT":"F","NAME_GERM":"Deutschland"},"id":"DE80J"},{"arcs":[[-2164,2165,2166,2167,-2159,2168,2169]],"type":"Polygon","properties":{"NUTS_ID":"DE80K","LEVL_CODE":3,"CNTR_CODE":"DE","NAME_LATN":"Landkreis Rostock","NUTS_NAME":"Landkreis Rostock","MOUNT_TYPE":4,"URBN_TYPE":2,"COAST_TYPE":1,"NAME_ENGL":"Germany","NAME_FREN":"Allemagne","ISO3_CODE":"DEU","SVRG_UN":"UN Member State","CAPT":"Berlin","EU_STAT":"T","EFTA_STAT":"F","CC_STAT":"F","NAME_GERM":"Deutschland"},"id":"DE80K"},{"arcs":[[2170,-2165,-2170,2171]],"type":"Polygon","properties":{"NUTS_ID":"DE80L","LEVL_CODE":3,"CNTR_CODE":"DE","NAME_LATN":"Vorpommern-Rügen","NUTS_NAME":"Vorpommern-Rügen","MOUNT_TYPE":4,"URBN_TYPE":3,"COAST_TYPE":1,"NAME_ENGL":"Germany","NAME_FREN":"Allemagne","ISO3_CODE":"DEU","SVRG_UN":"UN Member State","CAPT":"Berlin","EU_STAT":"T","EFTA_STAT":"F","CC_STAT":"F","NAME_GERM":"Deutschland"},"id":"DE80L"},{"arcs":[[2172,-2160,2173,-1138,-730,2174,-2167]],"type":"Polygon","properties":{"NUTS_ID":"DE80M","LEVL_CODE":3,"CNTR_CODE":"DE","NAME_LATN":"Nordwestmecklenburg","NUTS_NAME":"Nordwestmecklenburg","MOUNT_TYPE":4,"URBN_TYPE":3,"COAST_TYPE":1,"NAME_ENGL":"Germany","NAME_FREN":"Allemagne","ISO3_CODE":"DEU","SVRG_UN":"UN Member State","CAPT":"Berlin","EU_STAT":"T","EFTA_STAT":"F","CC_STAT":"F","NAME_GERM":"Deutschland"},"id":"DE80M"},{"arcs":[[2175,2176,2177,-2088,-2162,-2171,2178]],"type":"Polygon","properties":{"NUTS_ID":"DE80N","LEVL_CODE":3,"CNTR_CODE":"DE","NAME_LATN":"Vorpommern-Greifswald","NUTS_NAME":"Vorpommern-Greifswald","MOUNT_TYPE":4,"URBN_TYPE":3,"COAST_TYPE":1,"NAME_ENGL":"Germany","NAME_FREN":"Allemagne","ISO3_CODE":"DEU","SVRG_UN":"UN Member State","CAPT":"Berlin","EU_STAT":"T","EFTA_STAT":"F","CC_STAT":"F","NAME_GERM":"Deutschland"},"id":"DE80N"},{"arcs":[[-2163,-2081,-2084,2179,2180,-1133,-2174,-2161,-2173,-2166]],"type":"Polygon","properties":{"NUTS_ID":"DE80O","LEVL_CODE":3,"CNTR_CODE":"DE","NAME_LATN":"Ludwigslust-Parchim","NUTS_NAME":"Ludwigslust-Parchim","MOUNT_TYPE":4,"URBN_TYPE":3,"COAST_TYPE":3,"NAME_ENGL":"Germany","NAME_FREN":"Allemagne","ISO3_CODE":"DEU","SVRG_UN":"UN Member State","CAPT":"Berlin","EU_STAT":"T","EFTA_STAT":"F","CC_STAT":"F","NAME_GERM":"Deutschland"},"id":"DE80O"},{"arcs":[[2181,2182,2183,2184,2185]],"type":"Polygon","properties":{"NUTS_ID":"DE911","LEVL_CODE":3,"CNTR_CODE":"DE","NAME_LATN":"Braunschweig, Kreisfreie Stadt","NUTS_NAME":"Braunschweig, Kreisfreie Stadt","MOUNT_TYPE":4,"URBN_TYPE":2,"COAST_TYPE":3,"NAME_ENGL":"Germany","NAME_FREN":"Allemagne","ISO3_CODE":"DEU","SVRG_UN":"UN Member State","CAPT":"Berlin","EU_STAT":"T","EFTA_STAT":"F","CC_STAT":"F","NAME_GERM":"Deutschland"},"id":"DE911"},{"arcs":[[2186,2187,2188,2189,2190,-2183]],"type":"Polygon","properties":{"NUTS_ID":"DE912","LEVL_CODE":3,"CNTR_CODE":"DE","NAME_LATN":"Salzgitter, Kreisfreie Stadt","NUTS_NAME":"Salzgitter, Kreisfreie Stadt","MOUNT_TYPE":4,"URBN_TYPE":2,"COAST_TYPE":3,"NAME_ENGL":"Germany","NAME_FREN":"Allemagne","ISO3_CODE":"DEU","SVRG_UN":"UN Member State","CAPT":"Berlin","EU_STAT":"T","EFTA_STAT":"F","CC_STAT":"F","NAME_GERM":"Deutschland"},"id":"DE912"},{"arcs":[[2191,2192]],"type":"Polygon","properties":{"NUTS_ID":"DE913","LEVL_CODE":3,"CNTR_CODE":"DE","NAME_LATN":"Wolfsburg, Kreisfreie Stadt","NUTS_NAME":"Wolfsburg, Kreisfreie Stadt","MOUNT_TYPE":4,"URBN_TYPE":2,"COAST_TYPE":3,"NAME_ENGL":"Germany","NAME_FREN":"Allemagne","ISO3_CODE":"DEU","SVRG_UN":"UN Member State","CAPT":"Berlin","EU_STAT":"T","EFTA_STAT":"F","CC_STAT":"F","NAME_GERM":"Deutschland"},"id":"DE913"},{"arcs":[[-1088,-1098,2193,-2193,2194,-2185,2195,2196,2197,2198]],"type":"Polygon","properties":{"NUTS_ID":"DE914","LEVL_CODE":3,"CNTR_CODE":"DE","NAME_LATN":"Gifhorn","NUTS_NAME":"Gifhorn","MOUNT_TYPE":4,"URBN_TYPE":2,"COAST_TYPE":3,"NAME_ENGL":"Germany","NAME_FREN":"Allemagne","ISO3_CODE":"DEU","SVRG_UN":"UN Member State","CAPT":"Berlin","EU_STAT":"T","EFTA_STAT":"F","CC_STAT":"F","NAME_GERM":"Deutschland"},"id":"DE914"},{"arcs":[[-1108,-1189,2199,2200,2201,2202,-2188,2203]],"type":"Polygon","properties":{"NUTS_ID":"DE916","LEVL_CODE":3,"CNTR_CODE":"DE","NAME_LATN":"Goslar","NUTS_NAME":"Goslar","MOUNT_TYPE":3,"URBN_TYPE":2,"COAST_TYPE":3,"NAME_ENGL":"Germany","NAME_FREN":"Allemagne","ISO3_CODE":"DEU","SVRG_UN":"UN Member State","CAPT":"Berlin","EU_STAT":"T","EFTA_STAT":"F","CC_STAT":"F","NAME_GERM":"Deutschland"},"id":"DE916"},{"arcs":[[-1110,2204,-2186,-2195,-2192,-2194,-1097]],"type":"Polygon","properties":{"NUTS_ID":"DE917","LEVL_CODE":3,"CNTR_CODE":"DE","NAME_LATN":"Helmstedt","NUTS_NAME":"Helmstedt","MOUNT_TYPE":4,"URBN_TYPE":3,"COAST_TYPE":3,"NAME_ENGL":"Germany","NAME_FREN":"Allemagne","ISO3_CODE":"DEU","SVRG_UN":"UN Member State","CAPT":"Berlin","EU_STAT":"T","EFTA_STAT":"F","CC_STAT":"F","NAME_GERM":"Deutschland"},"id":"DE917"},{"arcs":[[2205,-2154,-1535,2206,2207,-2201]],"type":"Polygon","properties":{"NUTS_ID":"DE918","LEVL_CODE":3,"CNTR_CODE":"DE","NAME_LATN":"Northeim","NUTS_NAME":"Northeim","MOUNT_TYPE":4,"URBN_TYPE":3,"COAST_TYPE":3,"NAME_ENGL":"Germany","NAME_FREN":"Allemagne","ISO3_CODE":"DEU","SVRG_UN":"UN Member State","CAPT":"Berlin","EU_STAT":"T","EFTA_STAT":"F","CC_STAT":"F","NAME_GERM":"Deutschland"},"id":"DE918"},{"arcs":[[-2184,-2191,2208,2209,-2196]],"type":"Polygon","properties":{"NUTS_ID":"DE91A","LEVL_CODE":3,"CNTR_CODE":"DE","NAME_LATN":"Peine","NUTS_NAME":"Peine","MOUNT_TYPE":4,"URBN_TYPE":2,"COAST_TYPE":3,"NAME_ENGL":"Germany","NAME_FREN":"Allemagne","ISO3_CODE":"DEU","SVRG_UN":"UN Member State","CAPT":"Berlin","EU_STAT":"T","EFTA_STAT":"F","CC_STAT":"F","NAME_GERM":"Deutschland"},"id":"DE91A"},{"arcs":[[[-1109,-2204,-2187,-2182,-2205]],[[-2203,2210,-2189]]],"type":"MultiPolygon","properties":{"NUTS_ID":"DE91B","LEVL_CODE":3,"CNTR_CODE":"DE","NAME_LATN":"Wolfenbüttel","NUTS_NAME":"Wolfenbüttel","MOUNT_TYPE":4,"URBN_TYPE":2,"COAST_TYPE":3,"NAME_ENGL":"Germany","NAME_FREN":"Allemagne","ISO3_CODE":"DEU","SVRG_UN":"UN Member State","CAPT":"Berlin","EU_STAT":"T","EFTA_STAT":"F","CC_STAT":"F","NAME_GERM":"Deutschland"},"id":"DE91B"},{"arcs":[[-1188,-1186,-2157,-2150,-2206,-2200]],"type":"Polygon","properties":{"NUTS_ID":"DE91C","LEVL_CODE":3,"CNTR_CODE":"DE","NAME_LATN":"Göttingen","NUTS_NAME":"Göttingen","MOUNT_TYPE":4,"URBN_TYPE":2,"COAST_TYPE":3,"NAME_ENGL":"Germany","NAME_FREN":"Allemagne","ISO3_CODE":"DEU","SVRG_UN":"UN Member State","CAPT":"Berlin","EU_STAT":"T","EFTA_STAT":"F","CC_STAT":"F","NAME_GERM":"Deutschland"},"id":"DE91C"},{"arcs":[[2211,2212,-1547,-1395,-1403,-1392,2213,-2090]],"type":"Polygon","properties":{"NUTS_ID":"DE922","LEVL_CODE":3,"CNTR_CODE":"DE","NAME_LATN":"Diepholz","NUTS_NAME":"Diepholz","MOUNT_TYPE":4,"URBN_TYPE":2,"COAST_TYPE":3,"NAME_ENGL":"Germany","NAME_FREN":"Allemagne","ISO3_CODE":"DEU","SVRG_UN":"UN Member State","CAPT":"Berlin","EU_STAT":"T","EFTA_STAT":"F","CC_STAT":"F","NAME_GERM":"Deutschland"},"id":"DE922"},{"arcs":[[2214,2215,-1541,2216,2217]],"type":"Polygon","properties":{"NUTS_ID":"DE923","LEVL_CODE":3,"CNTR_CODE":"DE","NAME_LATN":"Hameln-Pyrmont","NUTS_NAME":"Hameln-Pyrmont","MOUNT_TYPE":4,"URBN_TYPE":2,"COAST_TYPE":3,"NAME_ENGL":"Germany","NAME_FREN":"Allemagne","ISO3_CODE":"DEU","SVRG_UN":"UN Member State","CAPT":"Berlin","EU_STAT":"T","EFTA_STAT":"F","CC_STAT":"F","NAME_GERM":"Deutschland"},"id":"DE923"},{"arcs":[[-2190,-2211,-2202,-2208,2218,-2215,2219,-2209]],"type":"Polygon","properties":{"NUTS_ID":"DE925","LEVL_CODE":3,"CNTR_CODE":"DE","NAME_LATN":"Hildesheim","NUTS_NAME":"Hildesheim","MOUNT_TYPE":4,"URBN_TYPE":2,"COAST_TYPE":3,"NAME_ENGL":"Germany","NAME_FREN":"Allemagne","ISO3_CODE":"DEU","SVRG_UN":"UN Member State","CAPT":"Berlin","EU_STAT":"T","EFTA_STAT":"F","CC_STAT":"F","NAME_GERM":"Deutschland"},"id":"DE925"},{"arcs":[[-2219,-2207,-1534,-1542,-2216]],"type":"Polygon","properties":{"NUTS_ID":"DE926","LEVL_CODE":3,"CNTR_CODE":"DE","NAME_LATN":"Holzminden","NUTS_NAME":"Holzminden","MOUNT_TYPE":4,"URBN_TYPE":3,"COAST_TYPE":3,"NAME_ENGL":"Germany","NAME_FREN":"Allemagne","ISO3_CODE":"DEU","SVRG_UN":"UN Member State","CAPT":"Berlin","EU_STAT":"T","EFTA_STAT":"F","CC_STAT":"F","NAME_GERM":"Deutschland"},"id":"DE926"},{"arcs":[[2220,2221,2222,-1548,-2213,2223]],"type":"Polygon","properties":{"NUTS_ID":"DE927","LEVL_CODE":3,"CNTR_CODE":"DE","NAME_LATN":"Nienburg (Weser)","NUTS_NAME":"Nienburg (Weser)","MOUNT_TYPE":4,"URBN_TYPE":3,"COAST_TYPE":3,"NAME_ENGL":"Germany","NAME_FREN":"Allemagne","ISO3_CODE":"DEU","SVRG_UN":"UN Member State","CAPT":"Berlin","EU_STAT":"T","EFTA_STAT":"F","CC_STAT":"F","NAME_GERM":"Deutschland"},"id":"DE927"},{"arcs":[[-2217,-1545,-1546,-2223,2224]],"type":"Polygon","properties":{"NUTS_ID":"DE928","LEVL_CODE":3,"CNTR_CODE":"DE","NAME_LATN":"Schaumburg","NUTS_NAME":"Schaumburg","MOUNT_TYPE":4,"URBN_TYPE":2,"COAST_TYPE":3,"NAME_ENGL":"Germany","NAME_FREN":"Allemagne","ISO3_CODE":"DEU","SVRG_UN":"UN Member State","CAPT":"Berlin","EU_STAT":"T","EFTA_STAT":"F","CC_STAT":"F","NAME_GERM":"Deutschland"},"id":"DE928"},{"arcs":[[2225,-2197,-2210,-2220,-2218,-2225,-2222,2226]],"type":"Polygon","properties":{"NUTS_ID":"DE929","LEVL_CODE":3,"CNTR_CODE":"DE","NAME_LATN":"Region Hannover","NUTS_NAME":"Region Hannover","MOUNT_TYPE":4,"URBN_TYPE":1,"COAST_TYPE":3,"NAME_ENGL":"Germany","NAME_FREN":"Allemagne","ISO3_CODE":"DEU","SVRG_UN":"UN Member State","CAPT":"Berlin","EU_STAT":"T","EFTA_STAT":"F","CC_STAT":"F","NAME_GERM":"Deutschland"},"id":"DE929"},{"arcs":[[-2198,-2226,2227,2228]],"type":"Polygon","properties":{"NUTS_ID":"DE931","LEVL_CODE":3,"CNTR_CODE":"DE","NAME_LATN":"Celle","NUTS_NAME":"Celle","MOUNT_TYPE":4,"URBN_TYPE":2,"COAST_TYPE":3,"NAME_ENGL":"Germany","NAME_FREN":"Allemagne","ISO3_CODE":"DEU","SVRG_UN":"UN Member State","CAPT":"Berlin","EU_STAT":"T","EFTA_STAT":"F","CC_STAT":"F","NAME_GERM":"Deutschland"},"id":"DE931"},{"arcs":[[2229,2230,2231,-1405,-2094,2232]],"type":"Polygon","properties":{"NUTS_ID":"DE932","LEVL_CODE":3,"CNTR_CODE":"DE","NAME_LATN":"Cuxhaven","NUTS_NAME":"Cuxhaven","MOUNT_TYPE":4,"URBN_TYPE":2,"COAST_TYPE":1,"NAME_ENGL":"Germany","NAME_FREN":"Allemagne","ISO3_CODE":"DEU","SVRG_UN":"UN Member State","CAPT":"Berlin","EU_STAT":"T","EFTA_STAT":"F","CC_STAT":"F","NAME_GERM":"Deutschland"},"id":"DE932"},{"arcs":[[-1135,2233,2234,2235,2236,-2095]],"type":"Polygon","properties":{"NUTS_ID":"DE933","LEVL_CODE":3,"CNTR_CODE":"DE","NAME_LATN":"Harburg","NUTS_NAME":"Harburg","MOUNT_TYPE":4,"URBN_TYPE":2,"COAST_TYPE":3,"NAME_ENGL":"Germany","NAME_FREN":"Allemagne","ISO3_CODE":"DEU","SVRG_UN":"UN Member State","CAPT":"Berlin","EU_STAT":"T","EFTA_STAT":"F","CC_STAT":"F","NAME_GERM":"Deutschland"},"id":"DE933"},{"arcs":[[-2180,-2083,-716,-1090,2237,2238]],"type":"Polygon","properties":{"NUTS_ID":"DE934","LEVL_CODE":3,"CNTR_CODE":"DE","NAME_LATN":"Lüchow-Dannenberg","NUTS_NAME":"Lüchow-Dannenberg","MOUNT_TYPE":4,"URBN_TYPE":3,"COAST_TYPE":3,"NAME_ENGL":"Germany","NAME_FREN":"Allemagne","ISO3_CODE":"DEU","SVRG_UN":"UN Member State","CAPT":"Berlin","EU_STAT":"T","EFTA_STAT":"F","CC_STAT":"F","NAME_GERM":"Deutschland"},"id":"DE934"},{"arcs":[[-2181,-2239,2239,2240,-2234,-1134]],"type":"Polygon","properties":{"NUTS_ID":"DE935","LEVL_CODE":3,"CNTR_CODE":"DE","NAME_LATN":"Lüneburg, Landkreis","NUTS_NAME":"Lüneburg, Landkreis","MOUNT_TYPE":4,"URBN_TYPE":2,"COAST_TYPE":3,"NAME_ENGL":"Germany","NAME_FREN":"Allemagne","ISO3_CODE":"DEU","SVRG_UN":"UN Member State","CAPT":"Berlin","EU_STAT":"T","EFTA_STAT":"F","CC_STAT":"F","NAME_GERM":"Deutschland"},"id":"DE935"},{"arcs":[[2241,-2092,-1406,-2232,2242]],"type":"Polygon","properties":{"NUTS_ID":"DE936","LEVL_CODE":3,"CNTR_CODE":"DE","NAME_LATN":"Osterholz","NUTS_NAME":"Osterholz","MOUNT_TYPE":4,"URBN_TYPE":2,"COAST_TYPE":2,"NAME_ENGL":"Germany","NAME_FREN":"Allemagne","ISO3_CODE":"DEU","SVRG_UN":"UN Member State","CAPT":"Berlin","EU_STAT":"T","EFTA_STAT":"F","CC_STAT":"F","NAME_GERM":"Deutschland"},"id":"DE936"},{"arcs":[[-2236,2243,2244,-2243,-2231,2245]],"type":"Polygon","properties":{"NUTS_ID":"DE937","LEVL_CODE":3,"CNTR_CODE":"DE","NAME_LATN":"Rotenburg (Wümme)","NUTS_NAME":"Rotenburg (Wümme)","MOUNT_TYPE":4,"URBN_TYPE":3,"COAST_TYPE":3,"NAME_ENGL":"Germany","NAME_FREN":"Allemagne","ISO3_CODE":"DEU","SVRG_UN":"UN Member State","CAPT":"Berlin","EU_STAT":"T","EFTA_STAT":"F","CC_STAT":"F","NAME_GERM":"Deutschland"},"id":"DE937"},{"arcs":[[-2241,2246,-2228,-2227,-2221,2247,-2244,-2235]],"type":"Polygon","properties":{"NUTS_ID":"DE938","LEVL_CODE":3,"CNTR_CODE":"DE","NAME_LATN":"Heidekreis","NUTS_NAME":"Heidekreis","MOUNT_TYPE":4,"URBN_TYPE":2,"COAST_TYPE":3,"NAME_ENGL":"Germany","NAME_FREN":"Allemagne","ISO3_CODE":"DEU","SVRG_UN":"UN Member State","CAPT":"Berlin","EU_STAT":"T","EFTA_STAT":"F","CC_STAT":"F","NAME_GERM":"Deutschland"},"id":"DE938"},{"arcs":[[-1151,-2096,-2237,-2246,-2230,2248,-1167]],"type":"Polygon","properties":{"NUTS_ID":"DE939","LEVL_CODE":3,"CNTR_CODE":"DE","NAME_LATN":"Stade","NUTS_NAME":"Stade","MOUNT_TYPE":4,"URBN_TYPE":2,"COAST_TYPE":1,"NAME_ENGL":"Germany","NAME_FREN":"Allemagne","ISO3_CODE":"DEU","SVRG_UN":"UN Member State","CAPT":"Berlin","EU_STAT":"T","EFTA_STAT":"F","CC_STAT":"F","NAME_GERM":"Deutschland"},"id":"DE939"},{"arcs":[[-2238,-1089,-2199,-2229,-2247,-2240]],"type":"Polygon","properties":{"NUTS_ID":"DE93A","LEVL_CODE":3,"CNTR_CODE":"DE","NAME_LATN":"Uelzen","NUTS_NAME":"Uelzen","MOUNT_TYPE":4,"URBN_TYPE":3,"COAST_TYPE":3,"NAME_ENGL":"Germany","NAME_FREN":"Allemagne","ISO3_CODE":"DEU","SVRG_UN":"UN Member State","CAPT":"Berlin","EU_STAT":"T","EFTA_STAT":"F","CC_STAT":"F","NAME_GERM":"Deutschland"},"id":"DE93A"},{"arcs":[[-2248,-2224,-2212,-2089,-2242,-2245]],"type":"Polygon","properties":{"NUTS_ID":"DE93B","LEVL_CODE":3,"CNTR_CODE":"DE","NAME_LATN":"Verden","NUTS_NAME":"Verden","MOUNT_TYPE":4,"URBN_TYPE":2,"COAST_TYPE":3,"NAME_ENGL":"Germany","NAME_FREN":"Allemagne","ISO3_CODE":"DEU","SVRG_UN":"UN Member State","CAPT":"Berlin","EU_STAT":"T","EFTA_STAT":"F","CC_STAT":"F","NAME_GERM":"Deutschland"},"id":"DE93B"},{"arcs":[[-1408,-2091,-2214,-1391]],"type":"Polygon","properties":{"NUTS_ID":"DE941","LEVL_CODE":3,"CNTR_CODE":"DE","NAME_LATN":"Delmenhorst, Kreisfreie Stadt","NUTS_NAME":"Delmenhorst, Kreisfreie Stadt","MOUNT_TYPE":4,"URBN_TYPE":1,"COAST_TYPE":2,"NAME_ENGL":"Germany","NAME_FREN":"Allemagne","ISO3_CODE":"DEU","SVRG_UN":"UN Member State","CAPT":"Berlin","EU_STAT":"T","EFTA_STAT":"F","CC_STAT":"F","NAME_GERM":"Deutschland"},"id":"DE941"},{"arcs":[[-1388,2249,-1361]],"type":"Polygon","properties":{"NUTS_ID":"DE942","LEVL_CODE":3,"CNTR_CODE":"DE","NAME_LATN":"Emden, Kreisfreie Stadt","NUTS_NAME":"Emden, Kreisfreie Stadt","MOUNT_TYPE":4,"URBN_TYPE":2,"COAST_TYPE":1,"NAME_ENGL":"Germany","NAME_FREN":"Allemagne","ISO3_CODE":"DEU","SVRG_UN":"UN Member State","CAPT":"Berlin","EU_STAT":"T","EFTA_STAT":"F","CC_STAT":"F","NAME_GERM":"Deutschland"},"id":"DE942"},{"arcs":[[2250,2251,2252,2253,2254]],"type":"Polygon","properties":{"NUTS_ID":"NL324","LEVL_CODE":3,"CNTR_CODE":"NL","NAME_LATN":"Agglomeratie Haarlem","NUTS_NAME":"Agglomeratie Haarlem","MOUNT_TYPE":4,"URBN_TYPE":1,"COAST_TYPE":1,"NAME_ENGL":"Netherlands","NAME_FREN":"Pays-Bas","ISO3_CODE":"NLD","SVRG_UN":"UN Member State","CAPT":"Amsterdam","EU_STAT":"T","EFTA_STAT":"F","CC_STAT":"F","NAME_GERM":"Niederlande"},"id":"NL324"},{"arcs":[[-2254,2255,2256,2257]],"type":"Polygon","properties":{"NUTS_ID":"NL325","LEVL_CODE":3,"CNTR_CODE":"NL","NAME_LATN":"Zaanstreek","NUTS_NAME":"Zaanstreek","MOUNT_TYPE":4,"URBN_TYPE":1,"COAST_TYPE":2,"NAME_ENGL":"Netherlands","NAME_FREN":"Pays-Bas","ISO3_CODE":"NLD","SVRG_UN":"UN Member State","CAPT":"Amsterdam","EU_STAT":"T","EFTA_STAT":"F","CC_STAT":"F","NAME_GERM":"Niederlande"},"id":"NL325"},{"arcs":[[2258,2259,2260]],"type":"Polygon","properties":{"NUTS_ID":"NL327","LEVL_CODE":3,"CNTR_CODE":"NL","NAME_LATN":"Het Gooi en Vechtstreek","NUTS_NAME":"Het Gooi en Vechtstreek","MOUNT_TYPE":4,"URBN_TYPE":1,"COAST_TYPE":2,"NAME_ENGL":"Netherlands","NAME_FREN":"Pays-Bas","ISO3_CODE":"NLD","SVRG_UN":"UN Member State","CAPT":"Amsterdam","EU_STAT":"T","EFTA_STAT":"F","CC_STAT":"F","NAME_GERM":"Niederlande"},"id":"NL327"},{"arcs":[[2261,-2257,2262,2263,2264]],"type":"Polygon","properties":{"NUTS_ID":"NL328","LEVL_CODE":3,"CNTR_CODE":"NL","NAME_LATN":"Alkmaar en omgeving","NUTS_NAME":"Alkmaar en omgeving","MOUNT_TYPE":4,"URBN_TYPE":1,"COAST_TYPE":1,"NAME_ENGL":"Netherlands","NAME_FREN":"Pays-Bas","ISO3_CODE":"NLD","SVRG_UN":"UN Member State","CAPT":"Amsterdam","EU_STAT":"T","EFTA_STAT":"F","CC_STAT":"F","NAME_GERM":"Niederlande"},"id":"NL328"},{"arcs":[[2265,-2260,2266,2267,2268,-2255,-2258,-2262,2269]],"type":"Polygon","properties":{"NUTS_ID":"NL329","LEVL_CODE":3,"CNTR_CODE":"NL","NAME_LATN":"Groot-Amsterdam","NUTS_NAME":"Groot-Amsterdam","MOUNT_TYPE":4,"URBN_TYPE":1,"COAST_TYPE":2,"NAME_ENGL":"Netherlands","NAME_FREN":"Pays-Bas","ISO3_CODE":"NLD","SVRG_UN":"UN Member State","CAPT":"Amsterdam","EU_STAT":"T","EFTA_STAT":"F","CC_STAT":"F","NAME_GERM":"Niederlande"},"id":"NL329"},{"arcs":[[2270,2271,2272,2273,2274]],"type":"Polygon","properties":{"NUTS_ID":"NL332","LEVL_CODE":3,"CNTR_CODE":"NL","NAME_LATN":"Agglomeratie ’s-Gravenhage","NUTS_NAME":"Agglomeratie ’s-Gravenhage","MOUNT_TYPE":4,"URBN_TYPE":1,"COAST_TYPE":1,"NAME_ENGL":"Netherlands","NAME_FREN":"Pays-Bas","ISO3_CODE":"NLD","SVRG_UN":"UN Member State","CAPT":"Amsterdam","EU_STAT":"T","EFTA_STAT":"F","CC_STAT":"F","NAME_GERM":"Niederlande"},"id":"NL332"},{"arcs":[[2275,2276,-2273]],"type":"Polygon","properties":{"NUTS_ID":"NL333","LEVL_CODE":3,"CNTR_CODE":"NL","NAME_LATN":"Delft en Westland","NUTS_NAME":"Delft en Westland","MOUNT_TYPE":4,"URBN_TYPE":1,"COAST_TYPE":1,"NAME_ENGL":"Netherlands","NAME_FREN":"Pays-Bas","ISO3_CODE":"NLD","SVRG_UN":"UN Member State","CAPT":"Amsterdam","EU_STAT":"T","EFTA_STAT":"F","CC_STAT":"F","NAME_GERM":"Niederlande"},"id":"NL333"},{"arcs":[[-2269,2277,-2275,2278,-2251]],"type":"Polygon","properties":{"NUTS_ID":"NL337","LEVL_CODE":3,"CNTR_CODE":"NL","NAME_LATN":"Agglomeratie Leiden en Bollenstreek","NUTS_NAME":"Agglomeratie Leiden en Bollenstreek","MOUNT_TYPE":4,"URBN_TYPE":1,"COAST_TYPE":1,"NAME_ENGL":"Netherlands","NAME_FREN":"Pays-Bas","ISO3_CODE":"NLD","SVRG_UN":"UN Member State","CAPT":"Amsterdam","EU_STAT":"T","EFTA_STAT":"F","CC_STAT":"F","NAME_GERM":"Niederlande"},"id":"NL337"},{"arcs":[[2279,2280,2281,2282,2283,2284]],"type":"Polygon","properties":{"NUTS_ID":"NL33A","LEVL_CODE":3,"CNTR_CODE":"NL","NAME_LATN":"Zuidoost-Zuid-Holland","NUTS_NAME":"Zuidoost-Zuid-Holland","MOUNT_TYPE":4,"URBN_TYPE":1,"COAST_TYPE":2,"NAME_ENGL":"Netherlands","NAME_FREN":"Pays-Bas","ISO3_CODE":"NLD","SVRG_UN":"UN Member State","CAPT":"Amsterdam","EU_STAT":"T","EFTA_STAT":"F","CC_STAT":"F","NAME_GERM":"Niederlande"},"id":"NL33A"},{"arcs":[[-2284,2285,-2271,-2278,-2268,2286]],"type":"Polygon","properties":{"NUTS_ID":"NL33B","LEVL_CODE":3,"CNTR_CODE":"NL","NAME_LATN":"Oost-Zuid-Holland","NUTS_NAME":"Oost-Zuid-Holland","MOUNT_TYPE":4,"URBN_TYPE":1,"COAST_TYPE":2,"NAME_ENGL":"Netherlands","NAME_FREN":"Pays-Bas","ISO3_CODE":"NLD","SVRG_UN":"UN Member State","CAPT":"Amsterdam","EU_STAT":"T","EFTA_STAT":"F","CC_STAT":"F","NAME_GERM":"Niederlande"},"id":"NL33B"},{"arcs":[[-2283,2287,2288,2289,-2276,-2272,-2286]],"type":"Polygon","properties":{"NUTS_ID":"NL33C","LEVL_CODE":3,"CNTR_CODE":"NL","NAME_LATN":"Groot-Rijnmond","NUTS_NAME":"Groot-Rijnmond","MOUNT_TYPE":4,"URBN_TYPE":1,"COAST_TYPE":1,"NAME_ENGL":"Netherlands","NAME_FREN":"Pays-Bas","ISO3_CODE":"NLD","SVRG_UN":"UN Member State","CAPT":"Amsterdam","EU_STAT":"T","EFTA_STAT":"F","CC_STAT":"F","NAME_GERM":"Niederlande"},"id":"NL33C"},{"arcs":[[-930,-925,-920,-942,2290]],"type":"Polygon","properties":{"NUTS_ID":"NL341","LEVL_CODE":3,"CNTR_CODE":"NL","NAME_LATN":"Zeeuwsch-Vlaanderen","NUTS_NAME":"Zeeuwsch-Vlaanderen","MOUNT_TYPE":4,"URBN_TYPE":3,"COAST_TYPE":1,"NAME_ENGL":"Netherlands","NAME_FREN":"Pays-Bas","ISO3_CODE":"NLD","SVRG_UN":"UN Member State","CAPT":"Amsterdam","EU_STAT":"T","EFTA_STAT":"F","CC_STAT":"F","NAME_GERM":"Niederlande"},"id":"NL341"},{"arcs":[[2291,-883,2292,-2289]],"type":"Polygon","properties":{"NUTS_ID":"NL342","LEVL_CODE":3,"CNTR_CODE":"NL","NAME_LATN":"Overig Zeeland","NUTS_NAME":"Overig Zeeland","MOUNT_TYPE":4,"URBN_TYPE":2,"COAST_TYPE":1,"NAME_ENGL":"Netherlands","NAME_FREN":"Pays-Bas","ISO3_CODE":"NLD","SVRG_UN":"UN Member State","CAPT":"Amsterdam","EU_STAT":"T","EFTA_STAT":"F","CC_STAT":"F","NAME_GERM":"Niederlande"},"id":"NL342"},{"arcs":[[-894,-884,-2292,-2288,-2282,2293]],"type":"Polygon","properties":{"NUTS_ID":"NL411","LEVL_CODE":3,"CNTR_CODE":"NL","NAME_LATN":"West-Noord-Brabant","NUTS_NAME":"West-Noord-Brabant","MOUNT_TYPE":4,"URBN_TYPE":1,"COAST_TYPE":2,"NAME_ENGL":"Netherlands","NAME_FREN":"Pays-Bas","ISO3_CODE":"NLD","SVRG_UN":"UN Member State","CAPT":"Amsterdam","EU_STAT":"T","EFTA_STAT":"F","CC_STAT":"F","NAME_GERM":"Niederlande"},"id":"NL411"},{"arcs":[[2294,2295,-895,-2294,-2281,2296]],"type":"Polygon","properties":{"NUTS_ID":"NL412","LEVL_CODE":3,"CNTR_CODE":"NL","NAME_LATN":"Midden-Noord-Brabant","NUTS_NAME":"Midden-Noord-Brabant","MOUNT_TYPE":4,"URBN_TYPE":1,"COAST_TYPE":3,"NAME_ENGL":"Netherlands","NAME_FREN":"Pays-Bas","ISO3_CODE":"NLD","SVRG_UN":"UN Member State","CAPT":"Amsterdam","EU_STAT":"T","EFTA_STAT":"F","CC_STAT":"F","NAME_GERM":"Niederlande"},"id":"NL412"},{"arcs":[[2297,2298,-2295,2299,2300]],"type":"Polygon","properties":{"NUTS_ID":"NL413","LEVL_CODE":3,"CNTR_CODE":"NL","NAME_LATN":"Noordoost-Noord-Brabant","NUTS_NAME":"Noordoost-Noord-Brabant","MOUNT_TYPE":4,"URBN_TYPE":2,"COAST_TYPE":3,"NAME_ENGL":"Netherlands","NAME_FREN":"Pays-Bas","ISO3_CODE":"NLD","SVRG_UN":"UN Member State","CAPT":"Amsterdam","EU_STAT":"T","EFTA_STAT":"F","CC_STAT":"F","NAME_GERM":"Niederlande"},"id":"NL413"},{"arcs":[[2301,-902,-890,-2296,-2299,2302]],"type":"Polygon","properties":{"NUTS_ID":"NL414","LEVL_CODE":3,"CNTR_CODE":"NL","NAME_LATN":"Zuidoost-Noord-Brabant","NUTS_NAME":"Zuidoost-Noord-Brabant","MOUNT_TYPE":4,"URBN_TYPE":1,"COAST_TYPE":3,"NAME_ENGL":"Netherlands","NAME_FREN":"Pays-Bas","ISO3_CODE":"NLD","SVRG_UN":"UN Member State","CAPT":"Amsterdam","EU_STAT":"T","EFTA_STAT":"F","CC_STAT":"F","NAME_GERM":"Niederlande"},"id":"NL414"},{"arcs":[[-513,-1464,2303,-2303,-2298,2304]],"type":"Polygon","properties":{"NUTS_ID":"NL421","LEVL_CODE":3,"CNTR_CODE":"NL","NAME_LATN":"Noord-Limburg","NUTS_NAME":"Noord-Limburg","MOUNT_TYPE":4,"URBN_TYPE":2,"COAST_TYPE":3,"NAME_ENGL":"Netherlands","NAME_FREN":"Pays-Bas","ISO3_CODE":"NLD","SVRG_UN":"UN Member State","CAPT":"Amsterdam","EU_STAT":"T","EFTA_STAT":"F","CC_STAT":"F","NAME_GERM":"Niederlande"},"id":"NL421"},{"arcs":[[2305,2306,2307,2308]],"type":"Polygon","properties":{"NUTS_ID":"ITF35","LEVL_CODE":3,"CNTR_CODE":"IT","NAME_LATN":"Salerno","NUTS_NAME":"Salerno","MOUNT_TYPE":3,"URBN_TYPE":2,"COAST_TYPE":1,"NAME_ENGL":"Italy","NAME_FREN":"Italie","ISO3_CODE":"ITA","SVRG_UN":"UN Member State","CAPT":"Rome","EU_STAT":"T","EFTA_STAT":"F","CC_STAT":"F","NAME_GERM":"Italien"},"id":"ITF35"},{"arcs":[[2309,2310,2311,2312,2313]],"type":"Polygon","properties":{"NUTS_ID":"ITF43","LEVL_CODE":3,"CNTR_CODE":"IT","NAME_LATN":"Taranto","NUTS_NAME":"Taranto","MOUNT_TYPE":4,"URBN_TYPE":1,"COAST_TYPE":1,"NAME_ENGL":"Italy","NAME_FREN":"Italie","ISO3_CODE":"ITA","SVRG_UN":"UN Member State","CAPT":"Rome","EU_STAT":"T","EFTA_STAT":"F","CC_STAT":"F","NAME_GERM":"Italien"},"id":"ITF43"},{"arcs":[[2314,-2314,2315,2316]],"type":"Polygon","properties":{"NUTS_ID":"ITF44","LEVL_CODE":3,"CNTR_CODE":"IT","NAME_LATN":"Brindisi","NUTS_NAME":"Brindisi","MOUNT_TYPE":4,"URBN_TYPE":1,"COAST_TYPE":1,"NAME_ENGL":"Italy","NAME_FREN":"Italie","ISO3_CODE":"ITA","SVRG_UN":"UN Member State","CAPT":"Rome","EU_STAT":"T","EFTA_STAT":"F","CC_STAT":"F","NAME_GERM":"Italien"},"id":"ITF44"},{"arcs":[[-2310,-2315,2317]],"type":"Polygon","properties":{"NUTS_ID":"ITF45","LEVL_CODE":3,"CNTR_CODE":"IT","NAME_LATN":"Lecce","NUTS_NAME":"Lecce","MOUNT_TYPE":4,"URBN_TYPE":1,"COAST_TYPE":1,"NAME_ENGL":"Italy","NAME_FREN":"Italie","ISO3_CODE":"ITA","SVRG_UN":"UN Member State","CAPT":"Rome","EU_STAT":"T","EFTA_STAT":"F","CC_STAT":"F","NAME_GERM":"Italien"},"id":"ITF45"},{"arcs":[[[2318,2319,2320,2321,2322,2323]],[[2324]]],"type":"MultiPolygon","properties":{"NUTS_ID":"ITF46","LEVL_CODE":3,"CNTR_CODE":"IT","NAME_LATN":"Foggia","NUTS_NAME":"Foggia","MOUNT_TYPE":4,"URBN_TYPE":3,"COAST_TYPE":1,"NAME_ENGL":"Italy","NAME_FREN":"Italie","ISO3_CODE":"ITA","SVRG_UN":"UN Member State","CAPT":"Rome","EU_STAT":"T","EFTA_STAT":"F","CC_STAT":"F","NAME_GERM":"Italien"},"id":"ITF46"},{"arcs":[[-2316,-2313,2325,2326,2327,2328]],"type":"Polygon","properties":{"NUTS_ID":"ITF47","LEVL_CODE":3,"CNTR_CODE":"IT","NAME_LATN":"Bari","NUTS_NAME":"Bari","MOUNT_TYPE":4,"URBN_TYPE":1,"COAST_TYPE":1,"NAME_ENGL":"Italy","NAME_FREN":"Italie","ISO3_CODE":"ITA","SVRG_UN":"UN Member State","CAPT":"Rome","EU_STAT":"T","EFTA_STAT":"F","CC_STAT":"F","NAME_GERM":"Italien"},"id":"ITF47"},{"arcs":[[-2328,2329,-2324,2330]],"type":"Polygon","properties":{"NUTS_ID":"ITF48","LEVL_CODE":3,"CNTR_CODE":"IT","NAME_LATN":"Barletta-Andria-Trani","NUTS_NAME":"Barletta-Andria-Trani","MOUNT_TYPE":4,"URBN_TYPE":1,"COAST_TYPE":1,"NAME_ENGL":"Italy","NAME_FREN":"Italie","ISO3_CODE":"ITA","SVRG_UN":"UN Member State","CAPT":"Rome","EU_STAT":"T","EFTA_STAT":"F","CC_STAT":"F","NAME_GERM":"Italien"},"id":"ITF48"},{"arcs":[[-2327,2331,2332,2333,-2306,2334,-2319,-2330]],"type":"Polygon","properties":{"NUTS_ID":"ITF51","LEVL_CODE":3,"CNTR_CODE":"IT","NAME_LATN":"Potenza","NUTS_NAME":"Potenza","MOUNT_TYPE":3,"URBN_TYPE":3,"COAST_TYPE":1,"NAME_ENGL":"Italy","NAME_FREN":"Italie","ISO3_CODE":"ITA","SVRG_UN":"UN Member State","CAPT":"Rome","EU_STAT":"T","EFTA_STAT":"F","CC_STAT":"F","NAME_GERM":"Italien"},"id":"ITF51"},{"arcs":[[-2312,2335,2336,-2332,-2326]],"type":"Polygon","properties":{"NUTS_ID":"ITF52","LEVL_CODE":3,"CNTR_CODE":"IT","NAME_LATN":"Matera","NUTS_NAME":"Matera","MOUNT_TYPE":3,"URBN_TYPE":2,"COAST_TYPE":1,"NAME_ENGL":"Italy","NAME_FREN":"Italie","ISO3_CODE":"ITA","SVRG_UN":"UN Member State","CAPT":"Rome","EU_STAT":"T","EFTA_STAT":"F","CC_STAT":"F","NAME_GERM":"Italien"},"id":"ITF52"},{"arcs":[[2337,2338,2339,2340,-2333,-2337]],"type":"Polygon","properties":{"NUTS_ID":"ITF61","LEVL_CODE":3,"CNTR_CODE":"IT","NAME_LATN":"Cosenza","NUTS_NAME":"Cosenza","MOUNT_TYPE":3,"URBN_TYPE":2,"COAST_TYPE":1,"NAME_ENGL":"Italy","NAME_FREN":"Italie","ISO3_CODE":"ITA","SVRG_UN":"UN Member State","CAPT":"Rome","EU_STAT":"T","EFTA_STAT":"F","CC_STAT":"F","NAME_GERM":"Italien"},"id":"ITF61"},{"arcs":[[-950,-980,-948,-954,-979,-969,-976,2341,-986,2342,2343,2344,2345,-960]],"type":"Polygon","properties":{"NUTS_ID":"FRE11","LEVL_CODE":3,"CNTR_CODE":"FR","NAME_LATN":"Nord","NUTS_NAME":"Nord","MOUNT_TYPE":4,"URBN_TYPE":1,"COAST_TYPE":1,"NAME_ENGL":"France","NAME_FREN":"France","ISO3_CODE":"FRA","SVRG_UN":"UN Member State","CAPT":"Paris","EU_STAT":"T","EFTA_STAT":"F","CC_STAT":"F","NAME_GERM":"Frankreich"},"id":"FRE11"},{"arcs":[[2346,2347,-2345]],"type":"Polygon","properties":{"NUTS_ID":"FRE12","LEVL_CODE":3,"CNTR_CODE":"FR","NAME_LATN":"Pas-de-Calais","NUTS_NAME":"Pas-de-Calais","MOUNT_TYPE":4,"URBN_TYPE":2,"COAST_TYPE":1,"NAME_ENGL":"France","NAME_FREN":"France","ISO3_CODE":"FRA","SVRG_UN":"UN Member State","CAPT":"Paris","EU_STAT":"T","EFTA_STAT":"F","CC_STAT":"F","NAME_GERM":"Frankreich"},"id":"FRE12"},{"arcs":[[-985,2348,2349,-1922,2350,2351,-2343]],"type":"Polygon","properties":{"NUTS_ID":"FRE21","LEVL_CODE":3,"CNTR_CODE":"FR","NAME_LATN":"Aisne","NUTS_NAME":"Aisne","MOUNT_TYPE":4,"URBN_TYPE":3,"COAST_TYPE":3,"NAME_ENGL":"France","NAME_FREN":"France","ISO3_CODE":"FRA","SVRG_UN":"UN Member State","CAPT":"Paris","EU_STAT":"T","EFTA_STAT":"F","CC_STAT":"F","NAME_GERM":"Frankreich"},"id":"FRE21"},{"arcs":[[-2351,-1921,-1938,-1994,-1996,2352]],"type":"Polygon","properties":{"NUTS_ID":"FRE22","LEVL_CODE":3,"CNTR_CODE":"FR","NAME_LATN":"Oise","NUTS_NAME":"Oise","MOUNT_TYPE":4,"URBN_TYPE":2,"COAST_TYPE":3,"NAME_ENGL":"France","NAME_FREN":"France","ISO3_CODE":"FRA","SVRG_UN":"UN Member State","CAPT":"Paris","EU_STAT":"T","EFTA_STAT":"F","CC_STAT":"F","NAME_GERM":"Frankreich"},"id":"FRE22"},{"arcs":[[-2344,-2352,-2353,-1998,2353,-2347]],"type":"Polygon","properties":{"NUTS_ID":"FRE23","LEVL_CODE":3,"CNTR_CODE":"FR","NAME_LATN":"Somme","NUTS_NAME":"Somme","MOUNT_TYPE":4,"URBN_TYPE":3,"COAST_TYPE":1,"NAME_ENGL":"France","NAME_FREN":"France","ISO3_CODE":"FRA","SVRG_UN":"UN Member State","CAPT":"Paris","EU_STAT":"T","EFTA_STAT":"F","CC_STAT":"F","NAME_GERM":"Frankreich"},"id":"FRE23"},{"arcs":[[-1671,-1661,-394,-546,-542,2354,2355,2356,2357,-1677]],"type":"Polygon","properties":{"NUTS_ID":"FRF11","LEVL_CODE":3,"CNTR_CODE":"FR","NAME_LATN":"Bas-Rhin","NUTS_NAME":"Bas-Rhin","MOUNT_TYPE":4,"URBN_TYPE":2,"COAST_TYPE":3,"NAME_ENGL":"France","NAME_FREN":"France","ISO3_CODE":"FRA","SVRG_UN":"UN Member State","CAPT":"Paris","EU_STAT":"T","EFTA_STAT":"F","CC_STAT":"F","NAME_GERM":"Frankreich"},"id":"FRF11"},{"arcs":[[-541,-538,-565,-1273,-1276,-1265,-1272,-1981,2358,-2355]],"type":"Polygon","properties":{"NUTS_ID":"FRF12","LEVL_CODE":3,"CNTR_CODE":"FR","NAME_LATN":"Haut-Rhin","NUTS_NAME":"Haut-Rhin","MOUNT_TYPE":4,"URBN_TYPE":2,"COAST_TYPE":3,"NAME_ENGL":"France","NAME_FREN":"France","ISO3_CODE":"FRA","SVRG_UN":"UN Member State","CAPT":"Paris","EU_STAT":"T","EFTA_STAT":"F","CC_STAT":"F","NAME_GERM":"Frankreich"},"id":"FRF12"},{"arcs":[[-1020,-1024,2359,2360,-2349,-984,-1029,-1025]],"type":"Polygon","properties":{"NUTS_ID":"FRF21","LEVL_CODE":3,"CNTR_CODE":"FR","NAME_LATN":"Ardennes","NUTS_NAME":"Ardennes","MOUNT_TYPE":4,"URBN_TYPE":3,"COAST_TYPE":3,"NAME_ENGL":"France","NAME_FREN":"France","ISO3_CODE":"FRA","SVRG_UN":"UN Member State","CAPT":"Paris","EU_STAT":"T","EFTA_STAT":"F","CC_STAT":"F","NAME_GERM":"Frankreich"},"id":"FRF21"},{"arcs":[[2361,-1967,-1972,-1914,2362]],"type":"Polygon","properties":{"NUTS_ID":"FRF22","LEVL_CODE":3,"CNTR_CODE":"FR","NAME_LATN":"Aube","NUTS_NAME":"Aube","MOUNT_TYPE":4,"URBN_TYPE":2,"COAST_TYPE":3,"NAME_ENGL":"France","NAME_FREN":"France","ISO3_CODE":"FRA","SVRG_UN":"UN Member State","CAPT":"Paris","EU_STAT":"T","EFTA_STAT":"F","CC_STAT":"F","NAME_GERM":"Frankreich"},"id":"FRF22"},{"arcs":[[2363,2364,-2363,-1913,-2350,-2361]],"type":"Polygon","properties":{"NUTS_ID":"FRF23","LEVL_CODE":3,"CNTR_CODE":"FR","NAME_LATN":"Marne","NUTS_NAME":"Marne","MOUNT_TYPE":4,"URBN_TYPE":2,"COAST_TYPE":3,"NAME_ENGL":"France","NAME_FREN":"France","ISO3_CODE":"FRA","SVRG_UN":"UN Member State","CAPT":"Paris","EU_STAT":"T","EFTA_STAT":"F","CC_STAT":"F","NAME_GERM":"Frankreich"},"id":"FRF23"},{"arcs":[[2365,-1978,-1968,-2362,-2365,2366]],"type":"Polygon","properties":{"NUTS_ID":"FRF24","LEVL_CODE":3,"CNTR_CODE":"FR","NAME_LATN":"Haute-Marne","NUTS_NAME":"Haute-Marne","MOUNT_TYPE":4,"URBN_TYPE":3,"COAST_TYPE":3,"NAME_ENGL":"France","NAME_FREN":"France","ISO3_CODE":"FRA","SVRG_UN":"UN Member State","CAPT":"Paris","EU_STAT":"T","EFTA_STAT":"F","CC_STAT":"F","NAME_GERM":"Frankreich"},"id":"FRF24"},{"arcs":[[2367,-2357,2368,2369,-1022,-1011,2370]],"type":"Polygon","properties":{"NUTS_ID":"FRF31","LEVL_CODE":3,"CNTR_CODE":"FR","NAME_LATN":"Meurthe-et-Moselle","NUTS_NAME":"Meurthe-et-Moselle","MOUNT_TYPE":4,"URBN_TYPE":2,"COAST_TYPE":3,"NAME_ENGL":"France","NAME_FREN":"France","ISO3_CODE":"FRA","SVRG_UN":"UN Member State","CAPT":"Paris","EU_STAT":"T","EFTA_STAT":"F","CC_STAT":"F","NAME_GERM":"Frankreich"},"id":"FRF31"},{"arcs":[[-2370,2371,-2367,-2364,-2360,-1023]],"type":"Polygon","properties":{"NUTS_ID":"FRF32","LEVL_CODE":3,"CNTR_CODE":"FR","NAME_LATN":"Meuse","NUTS_NAME":"Meuse","MOUNT_TYPE":4,"URBN_TYPE":3,"COAST_TYPE":3,"NAME_ENGL":"France","NAME_FREN":"France","ISO3_CODE":"FRA","SVRG_UN":"UN Member State","CAPT":"Paris","EU_STAT":"T","EFTA_STAT":"F","CC_STAT":"F","NAME_GERM":"Frankreich"},"id":"FRF32"},{"arcs":[[-1686,-1692,-1684,-1694,-1678,-2358,-2368,2372]],"type":"Polygon","properties":{"NUTS_ID":"FRF33","LEVL_CODE":3,"CNTR_CODE":"FR","NAME_LATN":"Moselle","NUTS_NAME":"Moselle","MOUNT_TYPE":4,"URBN_TYPE":2,"COAST_TYPE":3,"NAME_ENGL":"France","NAME_FREN":"France","ISO3_CODE":"FRA","SVRG_UN":"UN Member State","CAPT":"Paris","EU_STAT":"T","EFTA_STAT":"F","CC_STAT":"F","NAME_GERM":"Frankreich"},"id":"FRF33"},{"arcs":[[-2359,-1980,-1979,-2366,-2372,-2369,-2356]],"type":"Polygon","properties":{"NUTS_ID":"FRF34","LEVL_CODE":3,"CNTR_CODE":"FR","NAME_LATN":"Vosges","NUTS_NAME":"Vosges","MOUNT_TYPE":4,"URBN_TYPE":3,"COAST_TYPE":3,"NAME_ENGL":"France","NAME_FREN":"France","ISO3_CODE":"FRA","SVRG_UN":"UN Member State","CAPT":"Paris","EU_STAT":"T","EFTA_STAT":"F","CC_STAT":"F","NAME_GERM":"Frankreich"},"id":"FRF34"},{"arcs":[[2373,2374,2375,2376,2377]],"type":"Polygon","properties":{"NUTS_ID":"FRG01","LEVL_CODE":3,"CNTR_CODE":"FR","NAME_LATN":"Loire-Atlantique","NUTS_NAME":"Loire-Atlantique","MOUNT_TYPE":4,"URBN_TYPE":1,"COAST_TYPE":1,"NAME_ENGL":"France","NAME_FREN":"France","ISO3_CODE":"FRA","SVRG_UN":"UN Member State","CAPT":"Paris","EU_STAT":"T","EFTA_STAT":"F","CC_STAT":"F","NAME_GERM":"Frankreich"},"id":"FRG01"},{"arcs":[[2378,-1955,2379,2380,2381,-2374,2382,2383]],"type":"Polygon","properties":{"NUTS_ID":"FRG02","LEVL_CODE":3,"CNTR_CODE":"FR","NAME_LATN":"Maine-et-Loire","NUTS_NAME":"Maine-et-Loire","MOUNT_TYPE":4,"URBN_TYPE":2,"COAST_TYPE":3,"NAME_ENGL":"France","NAME_FREN":"France","ISO3_CODE":"FRA","SVRG_UN":"UN Member State","CAPT":"Paris","EU_STAT":"T","EFTA_STAT":"F","CC_STAT":"F","NAME_GERM":"Frankreich"},"id":"FRG02"},{"arcs":[[2384,-2384,2385,-1987,-1991]],"type":"Polygon","properties":{"NUTS_ID":"FRG03","LEVL_CODE":3,"CNTR_CODE":"FR","NAME_LATN":"Mayenne","NUTS_NAME":"Mayenne","MOUNT_TYPE":4,"URBN_TYPE":3,"COAST_TYPE":3,"NAME_ENGL":"France","NAME_FREN":"France","ISO3_CODE":"FRA","SVRG_UN":"UN Member State","CAPT":"Paris","EU_STAT":"T","EFTA_STAT":"F","CC_STAT":"F","NAME_GERM":"Frankreich"},"id":"FRG03"},{"arcs":[[-1946,-1959,-1956,-2379,-2385,-1990]],"type":"Polygon","properties":{"NUTS_ID":"FRG04","LEVL_CODE":3,"CNTR_CODE":"FR","NAME_LATN":"Sarthe","NUTS_NAME":"Sarthe","MOUNT_TYPE":4,"URBN_TYPE":3,"COAST_TYPE":3,"NAME_ENGL":"France","NAME_FREN":"France","ISO3_CODE":"FRA","SVRG_UN":"UN Member State","CAPT":"Paris","EU_STAT":"T","EFTA_STAT":"F","CC_STAT":"F","NAME_GERM":"Frankreich"},"id":"FRG04"},{"arcs":[[[2386,2387,2388,-2375,-2382]],[[2389]]],"type":"MultiPolygon","properties":{"NUTS_ID":"FRG05","LEVL_CODE":3,"CNTR_CODE":"FR","NAME_LATN":"Vendée","NUTS_NAME":"Vendée","MOUNT_TYPE":4,"URBN_TYPE":3,"COAST_TYPE":1,"NAME_ENGL":"France","NAME_FREN":"France","ISO3_CODE":"FRA","SVRG_UN":"UN Member State","CAPT":"Paris","EU_STAT":"T","EFTA_STAT":"F","CC_STAT":"F","NAME_GERM":"Frankreich"},"id":"FRG05"},{"arcs":[[2390,2391,2392,2393]],"type":"Polygon","properties":{"NUTS_ID":"FRH01","LEVL_CODE":3,"CNTR_CODE":"FR","NAME_LATN":"Côtes-d’Armor","NUTS_NAME":"Côtes-d’Armor","MOUNT_TYPE":4,"URBN_TYPE":3,"COAST_TYPE":1,"NAME_ENGL":"France","NAME_FREN":"France","ISO3_CODE":"FRA","SVRG_UN":"UN Member State","CAPT":"Paris","EU_STAT":"T","EFTA_STAT":"F","CC_STAT":"F","NAME_GERM":"Frankreich"},"id":"FRH01"},{"arcs":[[-2393,2394,2395]],"type":"Polygon","properties":{"NUTS_ID":"FRH02","LEVL_CODE":3,"CNTR_CODE":"FR","NAME_LATN":"Finistère","NUTS_NAME":"Finistère","MOUNT_TYPE":4,"URBN_TYPE":3,"COAST_TYPE":1,"NAME_ENGL":"France","NAME_FREN":"France","ISO3_CODE":"FRA","SVRG_UN":"UN Member State","CAPT":"Paris","EU_STAT":"T","EFTA_STAT":"F","CC_STAT":"F","NAME_GERM":"Frankreich"},"id":"FRH02"},{"arcs":[[-1988,-2386,-2383,-2378,2396,-2391,2397]],"type":"Polygon","properties":{"NUTS_ID":"FRH03","LEVL_CODE":3,"CNTR_CODE":"FR","NAME_LATN":"Ille-et-Vilaine","NUTS_NAME":"Ille-et-Vilaine","MOUNT_TYPE":4,"URBN_TYPE":2,"COAST_TYPE":1,"NAME_ENGL":"France","NAME_FREN":"France","ISO3_CODE":"FRA","SVRG_UN":"UN Member State","CAPT":"Paris","EU_STAT":"T","EFTA_STAT":"F","CC_STAT":"F","NAME_GERM":"Frankreich"},"id":"FRH03"},{"arcs":[[[-2397,-2377,2398,-2395,-2392]],[[2399]]],"type":"MultiPolygon","properties":{"NUTS_ID":"FRH04","LEVL_CODE":3,"CNTR_CODE":"FR","NAME_LATN":"Morbihan","NUTS_NAME":"Morbihan","MOUNT_TYPE":4,"URBN_TYPE":3,"COAST_TYPE":1,"NAME_ENGL":"France","NAME_FREN":"France","ISO3_CODE":"FRA","SVRG_UN":"UN Member State","CAPT":"Paris","EU_STAT":"T","EFTA_STAT":"F","CC_STAT":"F","NAME_GERM":"Frankreich"},"id":"FRH04"},{"arcs":[[2400,-1767,2401,2402,2403,2404,2405]],"type":"Polygon","properties":{"NUTS_ID":"FRI11","LEVL_CODE":3,"CNTR_CODE":"FR","NAME_LATN":"Dordogne","NUTS_NAME":"Dordogne","MOUNT_TYPE":4,"URBN_TYPE":3,"COAST_TYPE":3,"NAME_ENGL":"France","NAME_FREN":"France","ISO3_CODE":"FRA","SVRG_UN":"UN Member State","CAPT":"Paris","EU_STAT":"T","EFTA_STAT":"F","CC_STAT":"F","NAME_GERM":"Frankreich"},"id":"FRI11"},{"arcs":[[2406,-2403,2407,2408,2409]],"type":"Polygon","properties":{"NUTS_ID":"FRI12","LEVL_CODE":3,"CNTR_CODE":"FR","NAME_LATN":"Gironde","NUTS_NAME":"Gironde","MOUNT_TYPE":4,"URBN_TYPE":1,"COAST_TYPE":1,"NAME_ENGL":"France","NAME_FREN":"France","ISO3_CODE":"FRA","SVRG_UN":"UN Member State","CAPT":"Paris","EU_STAT":"T","EFTA_STAT":"F","CC_STAT":"F","NAME_GERM":"Frankreich"},"id":"FRI12"},{"arcs":[[2410,-1761,2411,2412,-2409]],"type":"Polygon","properties":{"NUTS_ID":"FRI13","LEVL_CODE":3,"CNTR_CODE":"FR","NAME_LATN":"Landes","NUTS_NAME":"Landes","MOUNT_TYPE":4,"URBN_TYPE":3,"COAST_TYPE":1,"NAME_ENGL":"France","NAME_FREN":"France","ISO3_CODE":"FRA","SVRG_UN":"UN Member State","CAPT":"Paris","EU_STAT":"T","EFTA_STAT":"F","CC_STAT":"F","NAME_GERM":"Frankreich"},"id":"FRI13"},{"arcs":[[-1766,-1773,-1762,-2411,-2408,-2402]],"type":"Polygon","properties":{"NUTS_ID":"FRI14","LEVL_CODE":3,"CNTR_CODE":"FR","NAME_LATN":"Lot-et-Garonne","NUTS_NAME":"Lot-et-Garonne","MOUNT_TYPE":4,"URBN_TYPE":3,"COAST_TYPE":3,"NAME_ENGL":"France","NAME_FREN":"France","ISO3_CODE":"FRA","SVRG_UN":"UN Member State","CAPT":"Paris","EU_STAT":"T","EFTA_STAT":"F","CC_STAT":"F","NAME_GERM":"Frankreich"},"id":"FRI14"},{"arcs":[[-1770,2413,2414,2415,2416,-2412,-1760]],"type":"Polygon","properties":{"NUTS_ID":"FRI15","LEVL_CODE":3,"CNTR_CODE":"FR","NAME_LATN":"Pyrénées-Atlantiques","NUTS_NAME":"Pyrénées-Atlantiques","MOUNT_TYPE":4,"URBN_TYPE":2,"COAST_TYPE":1,"NAME_ENGL":"France","NAME_FREN":"France","ISO3_CODE":"FRA","SVRG_UN":"UN Member State","CAPT":"Paris","EU_STAT":"T","EFTA_STAT":"F","CC_STAT":"F","NAME_GERM":"Frankreich"},"id":"FRI15"},{"arcs":[[-1784,-1780,-1768,-2401,2417,2418]],"type":"Polygon","properties":{"NUTS_ID":"FRI21","LEVL_CODE":3,"CNTR_CODE":"FR","NAME_LATN":"Corrèze","NUTS_NAME":"Corrèze","MOUNT_TYPE":4,"URBN_TYPE":3,"COAST_TYPE":3,"NAME_ENGL":"France","NAME_FREN":"France","ISO3_CODE":"FRA","SVRG_UN":"UN Member State","CAPT":"Paris","EU_STAT":"T","EFTA_STAT":"F","CC_STAT":"F","NAME_GERM":"Frankreich"},"id":"FRI21"},{"arcs":[[-1940,-1776,-1785,-2419,2419,-1949]],"type":"Polygon","properties":{"NUTS_ID":"FRI22","LEVL_CODE":3,"CNTR_CODE":"FR","NAME_LATN":"Creuse","NUTS_NAME":"Creuse","MOUNT_TYPE":4,"URBN_TYPE":3,"COAST_TYPE":3,"NAME_ENGL":"France","NAME_FREN":"France","ISO3_CODE":"FRA","SVRG_UN":"UN Member State","CAPT":"Paris","EU_STAT":"T","EFTA_STAT":"F","CC_STAT":"F","NAME_GERM":"Frankreich"},"id":"FRI22"},{"arcs":[[-2420,-2418,-2406,2420,2421,-1950]],"type":"Polygon","properties":{"NUTS_ID":"FRI23","LEVL_CODE":3,"CNTR_CODE":"FR","NAME_LATN":"Haute-Vienne","NUTS_NAME":"Haute-Vienne","MOUNT_TYPE":4,"URBN_TYPE":3,"COAST_TYPE":3,"NAME_ENGL":"France","NAME_FREN":"France","ISO3_CODE":"FRA","SVRG_UN":"UN Member State","CAPT":"Paris","EU_STAT":"T","EFTA_STAT":"F","CC_STAT":"F","NAME_GERM":"Frankreich"},"id":"FRI23"},{"arcs":[[-2405,2422,2423,2424,-2421]],"type":"Polygon","properties":{"NUTS_ID":"FRI31","LEVL_CODE":3,"CNTR_CODE":"FR","NAME_LATN":"Charente","NUTS_NAME":"Charente","MOUNT_TYPE":4,"URBN_TYPE":3,"COAST_TYPE":3,"NAME_ENGL":"France","NAME_FREN":"France","ISO3_CODE":"FRA","SVRG_UN":"UN Member State","CAPT":"Paris","EU_STAT":"T","EFTA_STAT":"F","CC_STAT":"F","NAME_GERM":"Frankreich"},"id":"FRI31"},{"arcs":[[[-2388,2425,-2423,-2404,-2407,2426]],[[2427]],[[2428]]],"type":"MultiPolygon","properties":{"NUTS_ID":"FRI32","LEVL_CODE":3,"CNTR_CODE":"FR","NAME_LATN":"Charente-Maritime","NUTS_NAME":"Charente-Maritime","MOUNT_TYPE":4,"URBN_TYPE":3,"COAST_TYPE":1,"NAME_ENGL":"France","NAME_FREN":"France","ISO3_CODE":"FRA","SVRG_UN":"UN Member State","CAPT":"Paris","EU_STAT":"T","EFTA_STAT":"F","CC_STAT":"F","NAME_GERM":"Frankreich"},"id":"FRI32"},{"arcs":[[2429,-2424,-2426,-2387,-2381]],"type":"Polygon","properties":{"NUTS_ID":"FRI33","LEVL_CODE":3,"CNTR_CODE":"FR","NAME_LATN":"Deux-Sèvres","NUTS_NAME":"Deux-Sèvres","MOUNT_TYPE":4,"URBN_TYPE":3,"COAST_TYPE":3,"NAME_ENGL":"France","NAME_FREN":"France","ISO3_CODE":"FRA","SVRG_UN":"UN Member State","CAPT":"Paris","EU_STAT":"T","EFTA_STAT":"F","CC_STAT":"F","NAME_GERM":"Frankreich"},"id":"FRI33"},{"arcs":[[-1951,-2422,-2425,-2430,-2380,-1954]],"type":"Polygon","properties":{"NUTS_ID":"FRI34","LEVL_CODE":3,"CNTR_CODE":"FR","NAME_LATN":"Vienne","NUTS_NAME":"Vienne","MOUNT_TYPE":4,"URBN_TYPE":3,"COAST_TYPE":3,"NAME_ENGL":"France","NAME_FREN":"France","ISO3_CODE":"FRA","SVRG_UN":"UN Member State","CAPT":"Paris","EU_STAT":"T","EFTA_STAT":"F","CC_STAT":"F","NAME_GERM":"Frankreich"},"id":"FRI34"},{"arcs":[[-1114,2430,-1128,-1132,-1752,-1771]],"type":"Polygon","properties":{"NUTS_ID":"FRJ11","LEVL_CODE":3,"CNTR_CODE":"FR","NAME_LATN":"Aude","NUTS_NAME":"Aude","MOUNT_TYPE":4,"URBN_TYPE":3,"COAST_TYPE":1,"NAME_ENGL":"France","NAME_FREN":"France","ISO3_CODE":"FRA","SVRG_UN":"UN Member State","CAPT":"Paris","EU_STAT":"T","EFTA_STAT":"F","CC_STAT":"F","NAME_GERM":"Frankreich"},"id":"FRJ11"},{"arcs":[[-1830,-1826,2431,-1117,-1747,-1119,-1790]],"type":"Polygon","properties":{"NUTS_ID":"FRJ12","LEVL_CODE":3,"CNTR_CODE":"FR","NAME_LATN":"Gard","NUTS_NAME":"Gard","MOUNT_TYPE":4,"URBN_TYPE":2,"COAST_TYPE":1,"NAME_ENGL":"France","NAME_FREN":"France","ISO3_CODE":"FRA","SVRG_UN":"UN Member State","CAPT":"Paris","EU_STAT":"T","EFTA_STAT":"F","CC_STAT":"F","NAME_GERM":"Frankreich"},"id":"FRJ12"},{"arcs":[[2432,2433,2434,2435,2436,2437,2438]],"type":"Polygon","properties":{"NUTS_ID":"NO020","LEVL_CODE":3,"CNTR_CODE":"NO","NAME_LATN":"Innlandet","NUTS_NAME":"Innlandet","MOUNT_TYPE":3,"URBN_TYPE":3,"COAST_TYPE":3,"NAME_ENGL":"Norway","NAME_FREN":"Norvège","ISO3_CODE":"NOR","SVRG_UN":"UN Member State","CAPT":"Oslo","EU_STAT":"F","EFTA_STAT":"T","CC_STAT":"F","NAME_GERM":"Norwegen"},"id":"NO020"},{"arcs":[[-2439,2439,2440,2441,2442,2443,2444,2445]],"type":"Polygon","properties":{"NUTS_ID":"NO082","LEVL_CODE":3,"CNTR_CODE":"NO","NAME_LATN":"Viken","NUTS_NAME":"Viken","MOUNT_TYPE":2,"URBN_TYPE":2,"COAST_TYPE":1,"NAME_ENGL":"Norway","NAME_FREN":"Norvège","ISO3_CODE":"NOR","SVRG_UN":"UN Member State","CAPT":"Oslo","EU_STAT":"F","EFTA_STAT":"T","CC_STAT":"F","NAME_GERM":"Norwegen"},"id":"NO082"},{"arcs":[[2446,2447,2448,2449,-2445]],"type":"Polygon","properties":{"NUTS_ID":"NO091","LEVL_CODE":3,"CNTR_CODE":"NO","NAME_LATN":"Vestfold og Telemark","NUTS_NAME":"Vestfold og Telemark","MOUNT_TYPE":2,"URBN_TYPE":2,"COAST_TYPE":1,"NAME_ENGL":"Norway","NAME_FREN":"Norvège","ISO3_CODE":"NOR","SVRG_UN":"UN Member State","CAPT":"Oslo","EU_STAT":"F","EFTA_STAT":"T","CC_STAT":"F","NAME_GERM":"Norwegen"},"id":"NO091"},{"arcs":[[2450,2451,-2448]],"type":"Polygon","properties":{"NUTS_ID":"NO092","LEVL_CODE":3,"CNTR_CODE":"NO","NAME_LATN":"Agder","NUTS_NAME":"Agder","MOUNT_TYPE":2,"URBN_TYPE":2,"COAST_TYPE":1,"NAME_ENGL":"Norway","NAME_FREN":"Norvège","ISO3_CODE":"NOR","SVRG_UN":"UN Member State","CAPT":"Oslo","EU_STAT":"F","EFTA_STAT":"T","CC_STAT":"F","NAME_GERM":"Norwegen"},"id":"NO092"},{"arcs":[[[-2449,-2452,2452,2453,2454,2455]],[[2456]],[[2457]]],"type":"MultiPolygon","properties":{"NUTS_ID":"NO0A1","LEVL_CODE":3,"CNTR_CODE":"NO","NAME_LATN":"Rogaland","NUTS_NAME":"Rogaland","MOUNT_TYPE":2,"URBN_TYPE":2,"COAST_TYPE":1,"NAME_ENGL":"Norway","NAME_FREN":"Norvège","ISO3_CODE":"NOR","SVRG_UN":"UN Member State","CAPT":"Oslo","EU_STAT":"F","EFTA_STAT":"T","CC_STAT":"F","NAME_GERM":"Norwegen"},"id":"NO0A1"},{"arcs":[[[2458,-2433,-2446,-2450,-2456,2459]],[[-2454,2460]],[[2461]],[[2462]]],"type":"MultiPolygon","properties":{"NUTS_ID":"NO0A2","LEVL_CODE":3,"CNTR_CODE":"NO","NAME_LATN":"Vestland","NUTS_NAME":"Vestland","MOUNT_TYPE":3,"URBN_TYPE":2,"COAST_TYPE":1,"NAME_ENGL":"Norway","NAME_FREN":"Norvège","ISO3_CODE":"NOR","SVRG_UN":"UN Member State","CAPT":"Oslo","EU_STAT":"F","EFTA_STAT":"T","CC_STAT":"F","NAME_GERM":"Norwegen"},"id":"NO0A2"},{"arcs":[[-1880,-1888,2463,2464,-1875]],"type":"Polygon","properties":{"NUTS_ID":"ES114","LEVL_CODE":3,"CNTR_CODE":"ES","NAME_LATN":"Pontevedra","NUTS_NAME":"Pontevedra","MOUNT_TYPE":2,"URBN_TYPE":2,"COAST_TYPE":1,"NAME_ENGL":"Spain","NAME_FREN":"Espagne","ISO3_CODE":"ESP","SVRG_UN":"UN Member State","CAPT":"Madrid","EU_STAT":"T","EFTA_STAT":"F","CC_STAT":"F","NAME_GERM":"Spanien"},"id":"ES114"},{"arcs":[[2465,2466,-1877,2467]],"type":"Polygon","properties":{"NUTS_ID":"ES120","LEVL_CODE":3,"CNTR_CODE":"ES","NAME_LATN":"Asturias","NUTS_NAME":"Asturias","MOUNT_TYPE":2,"URBN_TYPE":2,"COAST_TYPE":1,"NAME_ENGL":"Spain","NAME_FREN":"Espagne","ISO3_CODE":"ESP","SVRG_UN":"UN Member State","CAPT":"Madrid","EU_STAT":"T","EFTA_STAT":"F","CC_STAT":"F","NAME_GERM":"Spanien"},"id":"ES120"},{"arcs":[[2468,2469,2470,2471,2472,2473,-2466,2474]],"type":"Polygon","properties":{"NUTS_ID":"ES130","LEVL_CODE":3,"CNTR_CODE":"ES","NAME_LATN":"Cantabria","NUTS_NAME":"Cantabria","MOUNT_TYPE":2,"URBN_TYPE":2,"COAST_TYPE":1,"NAME_ENGL":"Spain","NAME_FREN":"Espagne","ISO3_CODE":"ESP","SVRG_UN":"UN Member State","CAPT":"Madrid","EU_STAT":"T","EFTA_STAT":"F","CC_STAT":"F","NAME_GERM":"Spanien"},"id":"ES130"},{"arcs":[[2475,2476,2477,2478,2479,2480,2481],[2482]],"type":"Polygon","properties":{"NUTS_ID":"ES211","LEVL_CODE":3,"CNTR_CODE":"ES","NAME_LATN":"Araba/Álava","NUTS_NAME":"Araba/Álava","MOUNT_TYPE":3,"URBN_TYPE":1,"COAST_TYPE":3,"NAME_ENGL":"Spain","NAME_FREN":"Espagne","ISO3_CODE":"ESP","SVRG_UN":"UN Member State","CAPT":"Madrid","EU_STAT":"T","EFTA_STAT":"F","CC_STAT":"F","NAME_GERM":"Spanien"},"id":"ES211"},{"arcs":[[2483,-2476,2484,2485,-2416]],"type":"Polygon","properties":{"NUTS_ID":"ES212","LEVL_CODE":3,"CNTR_CODE":"ES","NAME_LATN":"Gipuzkoa","NUTS_NAME":"Gipuzkoa","MOUNT_TYPE":2,"URBN_TYPE":1,"COAST_TYPE":1,"NAME_ENGL":"Spain","NAME_FREN":"Espagne","ISO3_CODE":"ESP","SVRG_UN":"UN Member State","CAPT":"Madrid","EU_STAT":"T","EFTA_STAT":"F","CC_STAT":"F","NAME_GERM":"Spanien"},"id":"ES212"},{"arcs":[[[-2485,-2482,2486,-2469,2487]],[[2488,-2480]]],"type":"MultiPolygon","properties":{"NUTS_ID":"ES213","LEVL_CODE":3,"CNTR_CODE":"ES","NAME_LATN":"Bizkaia","NUTS_NAME":"Bizkaia","MOUNT_TYPE":3,"URBN_TYPE":1,"COAST_TYPE":1,"NAME_ENGL":"Spain","NAME_FREN":"Espagne","ISO3_CODE":"ESP","SVRG_UN":"UN Member State","CAPT":"Madrid","EU_STAT":"T","EFTA_STAT":"F","CC_STAT":"F","NAME_GERM":"Spanien"},"id":"ES213"},{"arcs":[[[2489,2490,2491,-2477,-2484,-2415]],[[2492]]],"type":"MultiPolygon","properties":{"NUTS_ID":"ES220","LEVL_CODE":3,"CNTR_CODE":"ES","NAME_LATN":"Navarra","NUTS_NAME":"Navarra","MOUNT_TYPE":3,"URBN_TYPE":2,"COAST_TYPE":3,"NAME_ENGL":"Spain","NAME_FREN":"Espagne","ISO3_CODE":"ESP","SVRG_UN":"UN Member State","CAPT":"Madrid","EU_STAT":"T","EFTA_STAT":"F","CC_STAT":"F","NAME_GERM":"Spanien"},"id":"ES220"},{"arcs":[[-2492,2493,2494,2495,-2478]],"type":"Polygon","properties":{"NUTS_ID":"ES230","LEVL_CODE":3,"CNTR_CODE":"ES","NAME_LATN":"La Rioja","NUTS_NAME":"La Rioja","MOUNT_TYPE":2,"URBN_TYPE":2,"COAST_TYPE":3,"NAME_ENGL":"Spain","NAME_FREN":"Espagne","ISO3_CODE":"ESP","SVRG_UN":"UN Member State","CAPT":"Madrid","EU_STAT":"T","EFTA_STAT":"F","CC_STAT":"F","NAME_GERM":"Spanien"},"id":"ES230"},{"arcs":[[-1769,-1754,2496,2497,-2490,-2414]],"type":"Polygon","properties":{"NUTS_ID":"ES241","LEVL_CODE":3,"CNTR_CODE":"ES","NAME_LATN":"Huesca","NUTS_NAME":"Huesca","MOUNT_TYPE":2,"URBN_TYPE":2,"COAST_TYPE":3,"NAME_ENGL":"Spain","NAME_FREN":"Espagne","ISO3_CODE":"ESP","SVRG_UN":"UN Member State","CAPT":"Madrid","EU_STAT":"T","EFTA_STAT":"F","CC_STAT":"F","NAME_GERM":"Spanien"},"id":"ES241"},{"arcs":[[2498,2499,2500,2501,2502,2503,2504,2505]],"type":"Polygon","properties":{"NUTS_ID":"ES242","LEVL_CODE":3,"CNTR_CODE":"ES","NAME_LATN":"Teruel","NUTS_NAME":"Teruel","MOUNT_TYPE":3,"URBN_TYPE":3,"COAST_TYPE":3,"NAME_ENGL":"Spain","NAME_FREN":"Espagne","ISO3_CODE":"ESP","SVRG_UN":"UN Member State","CAPT":"Madrid","EU_STAT":"T","EFTA_STAT":"F","CC_STAT":"F","NAME_GERM":"Spanien"},"id":"ES242"},{"arcs":[[2506,2507,-2506,2508,2509,-2494,-2491,-2498],[-2493]],"type":"Polygon","properties":{"NUTS_ID":"ES243","LEVL_CODE":3,"CNTR_CODE":"ES","NAME_LATN":"Zaragoza","NUTS_NAME":"Zaragoza","MOUNT_TYPE":2,"URBN_TYPE":1,"COAST_TYPE":3,"NAME_ENGL":"Spain","NAME_FREN":"Espagne","ISO3_CODE":"ESP","SVRG_UN":"UN Member State","CAPT":"Madrid","EU_STAT":"T","EFTA_STAT":"F","CC_STAT":"F","NAME_GERM":"Spanien"},"id":"ES243"},{"arcs":[[[2510,2511,2512,2513,2514]],[[2515]]],"type":"MultiPolygon","properties":{"NUTS_ID":"ES300","LEVL_CODE":3,"CNTR_CODE":"ES","NAME_LATN":"Madrid","NUTS_NAME":"Madrid","MOUNT_TYPE":4,"URBN_TYPE":1,"COAST_TYPE":3,"NAME_ENGL":"Spain","NAME_FREN":"Espagne","ISO3_CODE":"ESP","SVRG_UN":"UN Member State","CAPT":"Madrid","EU_STAT":"T","EFTA_STAT":"F","CC_STAT":"F","NAME_GERM":"Spanien"},"id":"ES300"},{"arcs":[[-2513,2516,2517,2518,2519,2520]],"type":"Polygon","properties":{"NUTS_ID":"ES411","LEVL_CODE":3,"CNTR_CODE":"ES","NAME_LATN":"Ávila","NUTS_NAME":"Ávila","MOUNT_TYPE":3,"URBN_TYPE":3,"COAST_TYPE":3,"NAME_ENGL":"Spain","NAME_FREN":"Espagne","ISO3_CODE":"ESP","SVRG_UN":"UN Member State","CAPT":"Madrid","EU_STAT":"T","EFTA_STAT":"F","CC_STAT":"F","NAME_GERM":"Spanien"},"id":"ES411"},{"arcs":[[[-2481,-2489,-2479,-2496,2521,2522,2523,2524,-2472,2525,-2470,-2487]],[[-2483]]],"type":"MultiPolygon","properties":{"NUTS_ID":"ES412","LEVL_CODE":3,"CNTR_CODE":"ES","NAME_LATN":"Burgos","NUTS_NAME":"Burgos","MOUNT_TYPE":2,"URBN_TYPE":2,"COAST_TYPE":3,"NAME_ENGL":"Spain","NAME_FREN":"Espagne","ISO3_CODE":"ESP","SVRG_UN":"UN Member State","CAPT":"Madrid","EU_STAT":"T","EFTA_STAT":"F","CC_STAT":"F","NAME_GERM":"Spanien"},"id":"ES412"},{"arcs":[[-2474,2526,2527,2528,2529,2530,-1882,-1878,-2467]],"type":"Polygon","properties":{"NUTS_ID":"ES413","LEVL_CODE":3,"CNTR_CODE":"ES","NAME_LATN":"León","NUTS_NAME":"León","MOUNT_TYPE":2,"URBN_TYPE":2,"COAST_TYPE":3,"NAME_ENGL":"Spain","NAME_FREN":"Espagne","ISO3_CODE":"ESP","SVRG_UN":"UN Member State","CAPT":"Madrid","EU_STAT":"T","EFTA_STAT":"F","CC_STAT":"F","NAME_GERM":"Spanien"},"id":"ES413"},{"arcs":[[[2531,-2527,-2473,-2525]],[[-2526,-2471]]],"type":"MultiPolygon","properties":{"NUTS_ID":"ES414","LEVL_CODE":3,"CNTR_CODE":"ES","NAME_LATN":"Palencia","NUTS_NAME":"Palencia","MOUNT_TYPE":4,"URBN_TYPE":2,"COAST_TYPE":3,"NAME_ENGL":"Spain","NAME_FREN":"Espagne","ISO3_CODE":"ESP","SVRG_UN":"UN Member State","CAPT":"Madrid","EU_STAT":"T","EFTA_STAT":"F","CC_STAT":"F","NAME_GERM":"Spanien"},"id":"ES414"},{"arcs":[[2532,-2519,2533,2534,2535,2536,2537]],"type":"Polygon","properties":{"NUTS_ID":"ES415","LEVL_CODE":3,"CNTR_CODE":"ES","NAME_LATN":"Salamanca","NUTS_NAME":"Salamanca","MOUNT_TYPE":4,"URBN_TYPE":2,"COAST_TYPE":3,"NAME_ENGL":"Spain","NAME_FREN":"Espagne","ISO3_CODE":"ESP","SVRG_UN":"UN Member State","CAPT":"Madrid","EU_STAT":"T","EFTA_STAT":"F","CC_STAT":"F","NAME_GERM":"Spanien"},"id":"ES415"},{"arcs":[[2538,2539,-2514,-2521,2540,-2523]],"type":"Polygon","properties":{"NUTS_ID":"ES416","LEVL_CODE":3,"CNTR_CODE":"ES","NAME_LATN":"Segovia","NUTS_NAME":"Segovia","MOUNT_TYPE":4,"URBN_TYPE":3,"COAST_TYPE":3,"NAME_ENGL":"Spain","NAME_FREN":"Espagne","ISO3_CODE":"ESP","SVRG_UN":"UN Member State","CAPT":"Madrid","EU_STAT":"T","EFTA_STAT":"F","CC_STAT":"F","NAME_GERM":"Spanien"},"id":"ES416"},{"arcs":[[-2510,2541,-2539,-2522,-2495]],"type":"Polygon","properties":{"NUTS_ID":"ES417","LEVL_CODE":3,"CNTR_CODE":"ES","NAME_LATN":"Soria","NUTS_NAME":"Soria","MOUNT_TYPE":4,"URBN_TYPE":3,"COAST_TYPE":3,"NAME_ENGL":"Spain","NAME_FREN":"Espagne","ISO3_CODE":"ESP","SVRG_UN":"UN Member State","CAPT":"Madrid","EU_STAT":"T","EFTA_STAT":"F","CC_STAT":"F","NAME_GERM":"Spanien"},"id":"ES417"},{"arcs":[[[-2524,-2541,-2520,-2533,2542,-2528,-2532]],[[2543,-2530]]],"type":"MultiPolygon","properties":{"NUTS_ID":"ES418","LEVL_CODE":3,"CNTR_CODE":"ES","NAME_LATN":"Valladolid","NUTS_NAME":"Valladolid","MOUNT_TYPE":4,"URBN_TYPE":2,"COAST_TYPE":3,"NAME_ENGL":"Spain","NAME_FREN":"Espagne","ISO3_CODE":"ESP","SVRG_UN":"UN Member State","CAPT":"Madrid","EU_STAT":"T","EFTA_STAT":"F","CC_STAT":"F","NAME_GERM":"Spanien"},"id":"ES418"},{"arcs":[[-2544,-2529,-2543,-2538,2544,-1883,-2531]],"type":"Polygon","properties":{"NUTS_ID":"ES419","LEVL_CODE":3,"CNTR_CODE":"ES","NAME_LATN":"Zamora","NUTS_NAME":"Zamora","MOUNT_TYPE":4,"URBN_TYPE":3,"COAST_TYPE":3,"NAME_ENGL":"Spain","NAME_FREN":"Espagne","ISO3_CODE":"ESP","SVRG_UN":"UN Member State","CAPT":"Madrid","EU_STAT":"T","EFTA_STAT":"F","CC_STAT":"F","NAME_GERM":"Spanien"},"id":"ES419"},{"arcs":[[2545,2546,2547,2548,2549,2550,2551]],"type":"Polygon","properties":{"NUTS_ID":"ES421","LEVL_CODE":3,"CNTR_CODE":"ES","NAME_LATN":"Albacete","NUTS_NAME":"Albacete","MOUNT_TYPE":4,"URBN_TYPE":2,"COAST_TYPE":3,"NAME_ENGL":"Spain","NAME_FREN":"Espagne","ISO3_CODE":"ESP","SVRG_UN":"UN Member State","CAPT":"Madrid","EU_STAT":"T","EFTA_STAT":"F","CC_STAT":"F","NAME_GERM":"Spanien"},"id":"ES421"},{"arcs":[[[2552,-2550,2553,2554,2555,2556]],[[2557,2558]]],"type":"MultiPolygon","properties":{"NUTS_ID":"ES422","LEVL_CODE":3,"CNTR_CODE":"ES","NAME_LATN":"Ciudad Real","NUTS_NAME":"Ciudad Real","MOUNT_TYPE":4,"URBN_TYPE":2,"COAST_TYPE":3,"NAME_ENGL":"Spain","NAME_FREN":"Espagne","ISO3_CODE":"ESP","SVRG_UN":"UN Member State","CAPT":"Madrid","EU_STAT":"T","EFTA_STAT":"F","CC_STAT":"F","NAME_GERM":"Spanien"},"id":"ES422"},{"arcs":[[-2504,2559,-2502,2560,-2551,-2553,2561,-2511,2562]],"type":"Polygon","properties":{"NUTS_ID":"ES423","LEVL_CODE":3,"CNTR_CODE":"ES","NAME_LATN":"Cuenca","NUTS_NAME":"Cuenca","MOUNT_TYPE":4,"URBN_TYPE":3,"COAST_TYPE":3,"NAME_ENGL":"Spain","NAME_FREN":"Espagne","ISO3_CODE":"ESP","SVRG_UN":"UN Member State","CAPT":"Madrid","EU_STAT":"T","EFTA_STAT":"F","CC_STAT":"F","NAME_GERM":"Spanien"},"id":"ES423"},{"arcs":[[-2509,-2505,-2563,-2515,-2540,-2542]],"type":"Polygon","properties":{"NUTS_ID":"ES424","LEVL_CODE":3,"CNTR_CODE":"ES","NAME_LATN":"Guadalajara","NUTS_NAME":"Guadalajara","MOUNT_TYPE":3,"URBN_TYPE":2,"COAST_TYPE":3,"NAME_ENGL":"Spain","NAME_FREN":"Espagne","ISO3_CODE":"ESP","SVRG_UN":"UN Member State","CAPT":"Madrid","EU_STAT":"T","EFTA_STAT":"F","CC_STAT":"F","NAME_GERM":"Spanien"},"id":"ES424"},{"arcs":[[-2562,-2557,2563,-2559,2564,2565,-2517,-2512],[-2516]],"type":"Polygon","properties":{"NUTS_ID":"ES425","LEVL_CODE":3,"CNTR_CODE":"ES","NAME_LATN":"Toledo","NUTS_NAME":"Toledo","MOUNT_TYPE":4,"URBN_TYPE":2,"COAST_TYPE":3,"NAME_ENGL":"Spain","NAME_FREN":"Espagne","ISO3_CODE":"ESP","SVRG_UN":"UN Member State","CAPT":"Madrid","EU_STAT":"T","EFTA_STAT":"F","CC_STAT":"F","NAME_GERM":"Spanien"},"id":"ES425"},{"arcs":[[2566,2567,2568,2569,2570,2571,2572,-2565,-2558,-2564,-2556]],"type":"Polygon","properties":{"NUTS_ID":"ES431","LEVL_CODE":3,"CNTR_CODE":"ES","NAME_LATN":"Badajoz","NUTS_NAME":"Badajoz","MOUNT_TYPE":4,"URBN_TYPE":2,"COAST_TYPE":3,"NAME_ENGL":"Spain","NAME_FREN":"Espagne","ISO3_CODE":"ESP","SVRG_UN":"UN Member State","CAPT":"Madrid","EU_STAT":"T","EFTA_STAT":"F","CC_STAT":"F","NAME_GERM":"Spanien"},"id":"ES431"},{"arcs":[[-2518,-2566,-2573,2573,2574,2575,-2534]],"type":"Polygon","properties":{"NUTS_ID":"ES432","LEVL_CODE":3,"CNTR_CODE":"ES","NAME_LATN":"Cáceres","NUTS_NAME":"Cáceres","MOUNT_TYPE":4,"URBN_TYPE":2,"COAST_TYPE":3,"NAME_ENGL":"Spain","NAME_FREN":"Espagne","ISO3_CODE":"ESP","SVRG_UN":"UN Member State","CAPT":"Madrid","EU_STAT":"T","EFTA_STAT":"F","CC_STAT":"F","NAME_GERM":"Spanien"},"id":"ES432"},{"arcs":[[2576,2577,2578,2579]],"type":"Polygon","properties":{"NUTS_ID":"ES511","LEVL_CODE":3,"CNTR_CODE":"ES","NAME_LATN":"Barcelona","NUTS_NAME":"Barcelona","MOUNT_TYPE":2,"URBN_TYPE":1,"COAST_TYPE":1,"NAME_ENGL":"Spain","NAME_FREN":"Espagne","ISO3_CODE":"ESP","SVRG_UN":"UN Member State","CAPT":"Madrid","EU_STAT":"T","EFTA_STAT":"F","CC_STAT":"F","NAME_GERM":"Spanien"},"id":"ES511"},{"arcs":[[2580,-2580,2581,-1124]],"type":"Polygon","properties":{"NUTS_ID":"ES512","LEVL_CODE":3,"CNTR_CODE":"ES","NAME_LATN":"Girona","NUTS_NAME":"Girona","MOUNT_TYPE":2,"URBN_TYPE":2,"COAST_TYPE":1,"NAME_ENGL":"Spain","NAME_FREN":"Espagne","ISO3_CODE":"ESP","SVRG_UN":"UN Member State","CAPT":"Madrid","EU_STAT":"T","EFTA_STAT":"F","CC_STAT":"F","NAME_GERM":"Spanien"},"id":"ES512"},{"arcs":[[-1130,2582,-1125,-2582,-2579,2583,-2507,-2497,-1753]],"type":"Polygon","properties":{"NUTS_ID":"ES513","LEVL_CODE":3,"CNTR_CODE":"ES","NAME_LATN":"Lleida","NUTS_NAME":"Lleida","MOUNT_TYPE":2,"URBN_TYPE":2,"COAST_TYPE":3,"NAME_ENGL":"Spain","NAME_FREN":"Espagne","ISO3_CODE":"ESP","SVRG_UN":"UN Member State","CAPT":"Madrid","EU_STAT":"T","EFTA_STAT":"F","CC_STAT":"F","NAME_GERM":"Spanien"},"id":"ES513"},{"arcs":[[2584,2585,-2499,-2508,-2584,-2578]],"type":"Polygon","properties":{"NUTS_ID":"ES514","LEVL_CODE":3,"CNTR_CODE":"ES","NAME_LATN":"Tarragona","NUTS_NAME":"Tarragona","MOUNT_TYPE":2,"URBN_TYPE":2,"COAST_TYPE":1,"NAME_ENGL":"Spain","NAME_FREN":"Espagne","ISO3_CODE":"ESP","SVRG_UN":"UN Member State","CAPT":"Madrid","EU_STAT":"T","EFTA_STAT":"F","CC_STAT":"F","NAME_GERM":"Spanien"},"id":"ES514"},{"arcs":[[2586,-2546,2587,2588]],"type":"Polygon","properties":{"NUTS_ID":"ES521","LEVL_CODE":3,"CNTR_CODE":"ES","NAME_LATN":"Alicante/Alacant","NUTS_NAME":"Alicante/Alacant","MOUNT_TYPE":2,"URBN_TYPE":1,"COAST_TYPE":1,"NAME_ENGL":"Spain","NAME_FREN":"Espagne","ISO3_CODE":"ESP","SVRG_UN":"UN Member State","CAPT":"Madrid","EU_STAT":"T","EFTA_STAT":"F","CC_STAT":"F","NAME_GERM":"Spanien"},"id":"ES521"},{"arcs":[[-2586,2589,2590,-2500]],"type":"Polygon","properties":{"NUTS_ID":"ES522","LEVL_CODE":3,"CNTR_CODE":"ES","NAME_LATN":"Castellón/Castelló","NUTS_NAME":"Castellón/Castelló","MOUNT_TYPE":2,"URBN_TYPE":2,"COAST_TYPE":1,"NAME_ENGL":"Spain","NAME_FREN":"Espagne","ISO3_CODE":"ESP","SVRG_UN":"UN Member State","CAPT":"Madrid","EU_STAT":"T","EFTA_STAT":"F","CC_STAT":"F","NAME_GERM":"Spanien"},"id":"ES522"},{"arcs":[[[-2591,2591,-2588,-2552,-2561,-2501]],[[-2560,-2503]]],"type":"MultiPolygon","properties":{"NUTS_ID":"ES523","LEVL_CODE":3,"CNTR_CODE":"ES","NAME_LATN":"Valencia/València","NUTS_NAME":"Valencia/València","MOUNT_TYPE":2,"URBN_TYPE":1,"COAST_TYPE":1,"NAME_ENGL":"Spain","NAME_FREN":"Espagne","ISO3_CODE":"ESP","SVRG_UN":"UN Member State","CAPT":"Madrid","EU_STAT":"T","EFTA_STAT":"F","CC_STAT":"F","NAME_GERM":"Spanien"},"id":"ES523"},{"arcs":[[[2592]],[[2593]]],"type":"MultiPolygon","properties":{"NUTS_ID":"ES531","LEVL_CODE":3,"CNTR_CODE":"ES","NAME_LATN":"Eivissa y Formentera","NUTS_NAME":"Eivissa y Formentera","MOUNT_TYPE":4,"URBN_TYPE":2,"COAST_TYPE":1,"NAME_ENGL":"Spain","NAME_FREN":"Espagne","ISO3_CODE":"ESP","SVRG_UN":"UN Member State","CAPT":"Madrid","EU_STAT":"T","EFTA_STAT":"F","CC_STAT":"F","NAME_GERM":"Spanien"},"id":"ES531"},{"arcs":[[2594]],"type":"Polygon","properties":{"NUTS_ID":"ES532","LEVL_CODE":3,"CNTR_CODE":"ES","NAME_LATN":"Mallorca","NUTS_NAME":"Mallorca","MOUNT_TYPE":4,"URBN_TYPE":1,"COAST_TYPE":1,"NAME_ENGL":"Spain","NAME_FREN":"Espagne","ISO3_CODE":"ESP","SVRG_UN":"UN Member State","CAPT":"Madrid","EU_STAT":"T","EFTA_STAT":"F","CC_STAT":"F","NAME_GERM":"Spanien"},"id":"ES532"},{"arcs":[[2595]],"type":"Polygon","properties":{"NUTS_ID":"ES533","LEVL_CODE":3,"CNTR_CODE":"ES","NAME_LATN":"Menorca","NUTS_NAME":"Menorca","MOUNT_TYPE":4,"URBN_TYPE":2,"COAST_TYPE":1,"NAME_ENGL":"Spain","NAME_FREN":"Espagne","ISO3_CODE":"ESP","SVRG_UN":"UN Member State","CAPT":"Madrid","EU_STAT":"T","EFTA_STAT":"F","CC_STAT":"F","NAME_GERM":"Spanien"},"id":"ES533"},{"arcs":[[2596,2597,2598]],"type":"Polygon","properties":{"NUTS_ID":"ES611","LEVL_CODE":3,"CNTR_CODE":"ES","NAME_LATN":"Almería","NUTS_NAME":"Almería","MOUNT_TYPE":2,"URBN_TYPE":2,"COAST_TYPE":1,"NAME_ENGL":"Spain","NAME_FREN":"Espagne","ISO3_CODE":"ESP","SVRG_UN":"UN Member State","CAPT":"Madrid","EU_STAT":"T","EFTA_STAT":"F","CC_STAT":"F","NAME_GERM":"Spanien"},"id":"ES611"},{"arcs":[[2599,2600,2601,2602],[2603]],"type":"Polygon","properties":{"NUTS_ID":"ES612","LEVL_CODE":3,"CNTR_CODE":"ES","NAME_LATN":"Cádiz","NUTS_NAME":"Cádiz","MOUNT_TYPE":4,"URBN_TYPE":1,"COAST_TYPE":1,"NAME_ENGL":"Spain","NAME_FREN":"Espagne","ISO3_CODE":"ESP","SVRG_UN":"UN Member State","CAPT":"Madrid","EU_STAT":"T","EFTA_STAT":"F","CC_STAT":"F","NAME_GERM":"Spanien"},"id":"ES612"},{"arcs":[[2604,2605,2606,2607,-2567,-2555]],"type":"Polygon","properties":{"NUTS_ID":"ES613","LEVL_CODE":3,"CNTR_CODE":"ES","NAME_LATN":"Córdoba","NUTS_NAME":"Córdoba","MOUNT_TYPE":4,"URBN_TYPE":1,"COAST_TYPE":3,"NAME_ENGL":"Spain","NAME_FREN":"Espagne","ISO3_CODE":"ESP","SVRG_UN":"UN Member State","CAPT":"Madrid","EU_STAT":"T","EFTA_STAT":"F","CC_STAT":"F","NAME_GERM":"Spanien"},"id":"ES613"},{"arcs":[[2608,-2598,2609,2610,-2606,2611,-2548]],"type":"Polygon","properties":{"NUTS_ID":"ES614","LEVL_CODE":3,"CNTR_CODE":"ES","NAME_LATN":"Granada","NUTS_NAME":"Granada","MOUNT_TYPE":3,"URBN_TYPE":2,"COAST_TYPE":1,"NAME_ENGL":"Spain","NAME_FREN":"Espagne","ISO3_CODE":"ESP","SVRG_UN":"UN Member State","CAPT":"Madrid","EU_STAT":"T","EFTA_STAT":"F","CC_STAT":"F","NAME_GERM":"Spanien"},"id":"ES614"},{"arcs":[[2612,-2602,2613,2614,2615,-2569]],"type":"Polygon","properties":{"NUTS_ID":"ES615","LEVL_CODE":3,"CNTR_CODE":"ES","NAME_LATN":"Huelva","NUTS_NAME":"Huelva","MOUNT_TYPE":4,"URBN_TYPE":2,"COAST_TYPE":1,"NAME_ENGL":"Spain","NAME_FREN":"Espagne","ISO3_CODE":"ESP","SVRG_UN":"UN Member State","CAPT":"Madrid","EU_STAT":"T","EFTA_STAT":"F","CC_STAT":"F","NAME_GERM":"Spanien"},"id":"ES615"},{"arcs":[[-2612,-2605,-2554,-2549]],"type":"Polygon","properties":{"NUTS_ID":"ES616","LEVL_CODE":3,"CNTR_CODE":"ES","NAME_LATN":"Jaén","NUTS_NAME":"Jaén","MOUNT_TYPE":3,"URBN_TYPE":2,"COAST_TYPE":3,"NAME_ENGL":"Spain","NAME_FREN":"Espagne","ISO3_CODE":"ESP","SVRG_UN":"UN Member State","CAPT":"Madrid","EU_STAT":"T","EFTA_STAT":"F","CC_STAT":"F","NAME_GERM":"Spanien"},"id":"ES616"},{"arcs":[[[-2600,2616,-2607,-2611,2617]],[[-2604]]],"type":"MultiPolygon","properties":{"NUTS_ID":"ES617","LEVL_CODE":3,"CNTR_CODE":"ES","NAME_LATN":"Málaga","NUTS_NAME":"Málaga","MOUNT_TYPE":2,"URBN_TYPE":1,"COAST_TYPE":1,"NAME_ENGL":"Spain","NAME_FREN":"Espagne","ISO3_CODE":"ESP","SVRG_UN":"UN Member State","CAPT":"Madrid","EU_STAT":"T","EFTA_STAT":"F","CC_STAT":"F","NAME_GERM":"Spanien"},"id":"ES617"},{"arcs":[[-2608,-2617,-2603,-2613,-2568]],"type":"Polygon","properties":{"NUTS_ID":"ES618","LEVL_CODE":3,"CNTR_CODE":"ES","NAME_LATN":"Sevilla","NUTS_NAME":"Sevilla","MOUNT_TYPE":4,"URBN_TYPE":1,"COAST_TYPE":3,"NAME_ENGL":"Spain","NAME_FREN":"Espagne","ISO3_CODE":"ESP","SVRG_UN":"UN Member State","CAPT":"Madrid","EU_STAT":"T","EFTA_STAT":"F","CC_STAT":"F","NAME_GERM":"Spanien"},"id":"ES618"},{"arcs":[[-2587,2618,-2599,-2609,-2547]],"type":"Polygon","properties":{"NUTS_ID":"ES620","LEVL_CODE":3,"CNTR_CODE":"ES","NAME_LATN":"Murcia","NUTS_NAME":"Murcia","MOUNT_TYPE":2,"URBN_TYPE":1,"COAST_TYPE":1,"NAME_ENGL":"Spain","NAME_FREN":"Espagne","ISO3_CODE":"ESP","SVRG_UN":"UN Member State","CAPT":"Madrid","EU_STAT":"T","EFTA_STAT":"F","CC_STAT":"F","NAME_GERM":"Spanien"},"id":"ES620"},{"arcs":[[2619]],"type":"Polygon","properties":{"NUTS_ID":"ES630","LEVL_CODE":3,"CNTR_CODE":"ES","NAME_LATN":"Ceuta","NUTS_NAME":"Ceuta","MOUNT_TYPE":4,"URBN_TYPE":1,"COAST_TYPE":1,"NAME_ENGL":"Spain","NAME_FREN":"Espagne","ISO3_CODE":"ESP","SVRG_UN":"UN Member State","CAPT":"Madrid","EU_STAT":"T","EFTA_STAT":"F","CC_STAT":"F","NAME_GERM":"Spanien"},"id":"ES630"},{"arcs":[[2620]],"type":"Polygon","properties":{"NUTS_ID":"ES640","LEVL_CODE":3,"CNTR_CODE":"ES","NAME_LATN":"Melilla","NUTS_NAME":"Melilla","MOUNT_TYPE":4,"URBN_TYPE":2,"COAST_TYPE":1,"NAME_ENGL":"Spain","NAME_FREN":"Espagne","ISO3_CODE":"ESP","SVRG_UN":"UN Member State","CAPT":"Madrid","EU_STAT":"T","EFTA_STAT":"F","CC_STAT":"F","NAME_GERM":"Spanien"},"id":"ES640"},{"arcs":[[2621]],"type":"Polygon","properties":{"NUTS_ID":"ES703","LEVL_CODE":3,"CNTR_CODE":"ES","NAME_LATN":"El Hierro","NUTS_NAME":"El Hierro","MOUNT_TYPE":3,"URBN_TYPE":3,"COAST_TYPE":1,"NAME_ENGL":"Spain","NAME_FREN":"Espagne","ISO3_CODE":"ESP","SVRG_UN":"UN Member State","CAPT":"Madrid","EU_STAT":"T","EFTA_STAT":"F","CC_STAT":"F","NAME_GERM":"Spanien"},"id":"ES703"},{"arcs":[[2622]],"type":"Polygon","properties":{"NUTS_ID":"ES704","LEVL_CODE":3,"CNTR_CODE":"ES","NAME_LATN":"Fuerteventura","NUTS_NAME":"Fuerteventura","MOUNT_TYPE":4,"URBN_TYPE":2,"COAST_TYPE":1,"NAME_ENGL":"Spain","NAME_FREN":"Espagne","ISO3_CODE":"ESP","SVRG_UN":"UN Member State","CAPT":"Madrid","EU_STAT":"T","EFTA_STAT":"F","CC_STAT":"F","NAME_GERM":"Spanien"},"id":"ES704"},{"arcs":[[2623]],"type":"Polygon","properties":{"NUTS_ID":"ES705","LEVL_CODE":3,"CNTR_CODE":"ES","NAME_LATN":"Gran Canaria","NUTS_NAME":"Gran Canaria","MOUNT_TYPE":2,"URBN_TYPE":1,"COAST_TYPE":1,"NAME_ENGL":"Spain","NAME_FREN":"Espagne","ISO3_CODE":"ESP","SVRG_UN":"UN Member State","CAPT":"Madrid","EU_STAT":"T","EFTA_STAT":"F","CC_STAT":"F","NAME_GERM":"Spanien"},"id":"ES705"},{"arcs":[[2624]],"type":"Polygon","properties":{"NUTS_ID":"ES706","LEVL_CODE":3,"CNTR_CODE":"ES","NAME_LATN":"La Gomera","NUTS_NAME":"La Gomera","MOUNT_TYPE":3,"URBN_TYPE":3,"COAST_TYPE":1,"NAME_ENGL":"Spain","NAME_FREN":"Espagne","ISO3_CODE":"ESP","SVRG_UN":"UN Member State","CAPT":"Madrid","EU_STAT":"T","EFTA_STAT":"F","CC_STAT":"F","NAME_GERM":"Spanien"},"id":"ES706"},{"arcs":[[2625]],"type":"Polygon","properties":{"NUTS_ID":"ES707","LEVL_CODE":3,"CNTR_CODE":"ES","NAME_LATN":"La Palma","NUTS_NAME":"La Palma","MOUNT_TYPE":3,"URBN_TYPE":2,"COAST_TYPE":1,"NAME_ENGL":"Spain","NAME_FREN":"Espagne","ISO3_CODE":"ESP","SVRG_UN":"UN Member State","CAPT":"Madrid","EU_STAT":"T","EFTA_STAT":"F","CC_STAT":"F","NAME_GERM":"Spanien"},"id":"ES707"},{"arcs":[[2626]],"type":"Polygon","properties":{"NUTS_ID":"ES708","LEVL_CODE":3,"CNTR_CODE":"ES","NAME_LATN":"Lanzarote","NUTS_NAME":"Lanzarote","MOUNT_TYPE":4,"URBN_TYPE":2,"COAST_TYPE":1,"NAME_ENGL":"Spain","NAME_FREN":"Espagne","ISO3_CODE":"ESP","SVRG_UN":"UN Member State","CAPT":"Madrid","EU_STAT":"T","EFTA_STAT":"F","CC_STAT":"F","NAME_GERM":"Spanien"},"id":"ES708"},{"arcs":[[2627,2628,2629,2630,2631]],"type":"Polygon","properties":{"NUTS_ID":"SE313","LEVL_CODE":3,"CNTR_CODE":"SE","NAME_LATN":"Gävleborgs län","NUTS_NAME":"Gävleborgs län","MOUNT_TYPE":4,"URBN_TYPE":2,"COAST_TYPE":1,"NAME_ENGL":"Sweden","NAME_FREN":"Suède","ISO3_CODE":"SWE","SVRG_UN":"UN Member State","CAPT":"Stockholm","EU_STAT":"T","EFTA_STAT":"F","CC_STAT":"F","NAME_GERM":"Schweden"},"id":"SE313"},{"arcs":[[[2632,-2632,2633,2634]],[[2635]]],"type":"MultiPolygon","properties":{"NUTS_ID":"SE321","LEVL_CODE":3,"CNTR_CODE":"SE","NAME_LATN":"Västernorrlands län","NUTS_NAME":"Västernorrlands län","MOUNT_TYPE":4,"URBN_TYPE":2,"COAST_TYPE":1,"NAME_ENGL":"Sweden","NAME_FREN":"Suède","ISO3_CODE":"SWE","SVRG_UN":"UN Member State","CAPT":"Stockholm","EU_STAT":"T","EFTA_STAT":"F","CC_STAT":"F","NAME_GERM":"Schweden"},"id":"SE321"},{"arcs":[[-2634,-2631,2636,-2436,2637,2638]],"type":"Polygon","properties":{"NUTS_ID":"SE322","LEVL_CODE":3,"CNTR_CODE":"SE","NAME_LATN":"Jämtlands län","NUTS_NAME":"Jämtlands län","MOUNT_TYPE":4,"URBN_TYPE":3,"COAST_TYPE":3,"NAME_ENGL":"Sweden","NAME_FREN":"Suède","ISO3_CODE":"SWE","SVRG_UN":"UN Member State","CAPT":"Stockholm","EU_STAT":"T","EFTA_STAT":"F","CC_STAT":"F","NAME_GERM":"Schweden"},"id":"SE322"},{"arcs":[[[2639,-2635,-2639,2640,2641]],[[2642]]],"type":"MultiPolygon","properties":{"NUTS_ID":"SE331","LEVL_CODE":3,"CNTR_CODE":"SE","NAME_LATN":"Västerbottens län","NUTS_NAME":"Västerbottens län","MOUNT_TYPE":4,"URBN_TYPE":2,"COAST_TYPE":1,"NAME_ENGL":"Sweden","NAME_FREN":"Suède","ISO3_CODE":"SWE","SVRG_UN":"UN Member State","CAPT":"Stockholm","EU_STAT":"T","EFTA_STAT":"F","CC_STAT":"F","NAME_GERM":"Schweden"},"id":"SE331"},{"arcs":[[[2643,-2642,2644,2645,-1892]],[[2646]],[[2647]],[[2648]],[[2649]]],"type":"MultiPolygon","properties":{"NUTS_ID":"SE332","LEVL_CODE":3,"CNTR_CODE":"SE","NAME_LATN":"Norrbottens län","NUTS_NAME":"Norrbottens län","MOUNT_TYPE":4,"URBN_TYPE":2,"COAST_TYPE":1,"NAME_ENGL":"Sweden","NAME_FREN":"Suède","ISO3_CODE":"SWE","SVRG_UN":"UN Member State","CAPT":"Stockholm","EU_STAT":"T","EFTA_STAT":"F","CC_STAT":"F","NAME_GERM":"Schweden"},"id":"SE332"},{"arcs":[[2650,2651,2652,-838,-214,2653]],"type":"Polygon","properties":{"NUTS_ID":"SI031","LEVL_CODE":3,"CNTR_CODE":"SI","NAME_LATN":"Pomurska","NUTS_NAME":"Pomurska","MOUNT_TYPE":4,"URBN_TYPE":3,"COAST_TYPE":3,"NAME_ENGL":"Slovenia","NAME_FREN":"Slovénie","ISO3_CODE":"SVN","SVRG_UN":"UN Member State","CAPT":"Ljubljana","EU_STAT":"T","EFTA_STAT":"F","CC_STAT":"F","NAME_GERM":"Slowenien"},"id":"SI031"},{"arcs":[[2654,2655,2656,2657,2658]],"type":"Polygon","properties":{"NUTS_ID":"LT021","LEVL_CODE":3,"CNTR_CODE":"LT","NAME_LATN":"Alytaus apskritis","NUTS_NAME":"Alytaus apskritis","MOUNT_TYPE":4,"URBN_TYPE":2,"COAST_TYPE":3,"NAME_ENGL":"Lithuania","NAME_FREN":"Lituanie","ISO3_CODE":"LTU","SVRG_UN":"UN Member State","CAPT":"Vilnius","EU_STAT":"T","EFTA_STAT":"F","CC_STAT":"F","NAME_GERM":"Litauen"},"id":"LT021"},{"arcs":[[2659,2660,-2658,2661,2662,2663]],"type":"Polygon","properties":{"NUTS_ID":"LT022","LEVL_CODE":3,"CNTR_CODE":"LT","NAME_LATN":"Kauno apskritis","NUTS_NAME":"Kauno apskritis","MOUNT_TYPE":4,"URBN_TYPE":2,"COAST_TYPE":3,"NAME_ENGL":"Lithuania","NAME_FREN":"Lituanie","ISO3_CODE":"LTU","SVRG_UN":"UN Member State","CAPT":"Vilnius","EU_STAT":"T","EFTA_STAT":"F","CC_STAT":"F","NAME_GERM":"Litauen"},"id":"LT022"},{"arcs":[[2664,2665,2666,2667]],"type":"Polygon","properties":{"NUTS_ID":"LT023","LEVL_CODE":3,"CNTR_CODE":"LT","NAME_LATN":"Klaipėdos apskritis","NUTS_NAME":"Klaipėdos apskritis","MOUNT_TYPE":4,"URBN_TYPE":2,"COAST_TYPE":1,"NAME_ENGL":"Lithuania","NAME_FREN":"Lituanie","ISO3_CODE":"LTU","SVRG_UN":"UN Member State","CAPT":"Vilnius","EU_STAT":"T","EFTA_STAT":"F","CC_STAT":"F","NAME_GERM":"Litauen"},"id":"LT023"},{"arcs":[[-2657,2668,2669,2670,-2662]],"type":"Polygon","properties":{"NUTS_ID":"LT024","LEVL_CODE":3,"CNTR_CODE":"LT","NAME_LATN":"Marijampolės apskritis","NUTS_NAME":"Marijampolės apskritis","MOUNT_TYPE":4,"URBN_TYPE":3,"COAST_TYPE":3,"NAME_ENGL":"Lithuania","NAME_FREN":"Lituanie","ISO3_CODE":"LTU","SVRG_UN":"UN Member State","CAPT":"Vilnius","EU_STAT":"T","EFTA_STAT":"F","CC_STAT":"F","NAME_GERM":"Litauen"},"id":"LT024"},{"arcs":[[2671,2672,2673,-2660,2674,2675]],"type":"Polygon","properties":{"NUTS_ID":"LT025","LEVL_CODE":3,"CNTR_CODE":"LT","NAME_LATN":"Panevėžio apskritis","NUTS_NAME":"Panevėžio apskritis","MOUNT_TYPE":4,"URBN_TYPE":2,"COAST_TYPE":3,"NAME_ENGL":"Lithuania","NAME_FREN":"Lituanie","ISO3_CODE":"LTU","SVRG_UN":"UN Member State","CAPT":"Vilnius","EU_STAT":"T","EFTA_STAT":"F","CC_STAT":"F","NAME_GERM":"Litauen"},"id":"LT025"},{"arcs":[[-2675,-2664,2676,2677,2678,2679]],"type":"Polygon","properties":{"NUTS_ID":"LT026","LEVL_CODE":3,"CNTR_CODE":"LT","NAME_LATN":"Šiaulių apskritis","NUTS_NAME":"Šiaulių apskritis","MOUNT_TYPE":4,"URBN_TYPE":2,"COAST_TYPE":3,"NAME_ENGL":"Lithuania","NAME_FREN":"Lituanie","ISO3_CODE":"LTU","SVRG_UN":"UN Member State","CAPT":"Vilnius","EU_STAT":"T","EFTA_STAT":"F","CC_STAT":"F","NAME_GERM":"Litauen"},"id":"LT026"},{"arcs":[[-2677,-2663,-2671,2680,-2668,2681]],"type":"Polygon","properties":{"NUTS_ID":"LT027","LEVL_CODE":3,"CNTR_CODE":"LT","NAME_LATN":"Tauragės apskritis","NUTS_NAME":"Tauragės apskritis","MOUNT_TYPE":4,"URBN_TYPE":3,"COAST_TYPE":3,"NAME_ENGL":"Lithuania","NAME_FREN":"Lituanie","ISO3_CODE":"LTU","SVRG_UN":"UN Member State","CAPT":"Vilnius","EU_STAT":"T","EFTA_STAT":"F","CC_STAT":"F","NAME_GERM":"Litauen"},"id":"LT027"},{"arcs":[[-2678,-2682,-2667,2682]],"type":"Polygon","properties":{"NUTS_ID":"LT028","LEVL_CODE":3,"CNTR_CODE":"LT","NAME_LATN":"Telšių apskritis","NUTS_NAME":"Telšių apskritis","MOUNT_TYPE":4,"URBN_TYPE":2,"COAST_TYPE":3,"NAME_ENGL":"Lithuania","NAME_FREN":"Lituanie","ISO3_CODE":"LTU","SVRG_UN":"UN Member State","CAPT":"Vilnius","EU_STAT":"T","EFTA_STAT":"F","CC_STAT":"F","NAME_GERM":"Litauen"},"id":"LT028"},{"arcs":[[2683,2684,-2673,2685]],"type":"Polygon","properties":{"NUTS_ID":"LT029","LEVL_CODE":3,"CNTR_CODE":"LT","NAME_LATN":"Utenos apskritis","NUTS_NAME":"Utenos apskritis","MOUNT_TYPE":4,"URBN_TYPE":2,"COAST_TYPE":3,"NAME_ENGL":"Lithuania","NAME_FREN":"Lituanie","ISO3_CODE":"LTU","SVRG_UN":"UN Member State","CAPT":"Vilnius","EU_STAT":"T","EFTA_STAT":"F","CC_STAT":"F","NAME_GERM":"Litauen"},"id":"LT029"},{"arcs":[[-1623,-1626,-1687,-2373,-2371,-1010,-1014,-1003]],"type":"Polygon","properties":{"NUTS_ID":"LU000","LEVL_CODE":3,"CNTR_CODE":"LU","NAME_LATN":"Luxembourg","NUTS_NAME":"Luxembourg","MOUNT_TYPE":4,"URBN_TYPE":2,"COAST_TYPE":3,"NAME_ENGL":"Luxembourg","NAME_FREN":"Luxembourg","ISO3_CODE":"LUX","SVRG_UN":"UN Member State","CAPT":"Luxembourg","EU_STAT":"T","EFTA_STAT":"F","CC_STAT":"F","NAME_GERM":"Luxemburg"},"id":"LU000"},{"arcs":[[2686,2687,-2679,-2683,-2666,2688]],"type":"Polygon","properties":{"NUTS_ID":"LV003","LEVL_CODE":3,"CNTR_CODE":"LV","NAME_LATN":"Kurzeme","NUTS_NAME":"Kurzeme","MOUNT_TYPE":4,"URBN_TYPE":2,"COAST_TYPE":1,"NAME_ENGL":"Latvia","NAME_FREN":"Lettonie","ISO3_CODE":"LVA","SVRG_UN":"UN Member State","CAPT":"Riga","EU_STAT":"T","EFTA_STAT":"F","CC_STAT":"F","NAME_GERM":"Lettland"},"id":"LV003"},{"arcs":[[-2686,-2672,2689,2690,2691]],"type":"Polygon","properties":{"NUTS_ID":"LV005","LEVL_CODE":3,"CNTR_CODE":"LV","NAME_LATN":"Latgale","NUTS_NAME":"Latgale","MOUNT_TYPE":4,"URBN_TYPE":2,"COAST_TYPE":3,"NAME_ENGL":"Latvia","NAME_FREN":"Lettonie","ISO3_CODE":"LVA","SVRG_UN":"UN Member State","CAPT":"Riga","EU_STAT":"T","EFTA_STAT":"F","CC_STAT":"F","NAME_GERM":"Lettland"},"id":"LV005"},{"arcs":[[2692,2693]],"type":"Polygon","properties":{"NUTS_ID":"LV006","LEVL_CODE":3,"CNTR_CODE":"LV","NAME_LATN":"Rīga","NUTS_NAME":"Rīga","MOUNT_TYPE":4,"URBN_TYPE":1,"COAST_TYPE":1,"NAME_ENGL":"Latvia","NAME_FREN":"Lettonie","ISO3_CODE":"LVA","SVRG_UN":"UN Member State","CAPT":"Riga","EU_STAT":"T","EFTA_STAT":"F","CC_STAT":"F","NAME_GERM":"Lettland"},"id":"LV006"},{"arcs":[[2694,-2687,2695,-2694,2696,-482,2697]],"type":"Polygon","properties":{"NUTS_ID":"LV007","LEVL_CODE":3,"CNTR_CODE":"LV","NAME_LATN":"Pierīga","NUTS_NAME":"Pierīga","MOUNT_TYPE":4,"URBN_TYPE":2,"COAST_TYPE":1,"NAME_ENGL":"Latvia","NAME_FREN":"Lettonie","ISO3_CODE":"LVA","SVRG_UN":"UN Member State","CAPT":"Riga","EU_STAT":"T","EFTA_STAT":"F","CC_STAT":"F","NAME_GERM":"Lettland"},"id":"LV007"},{"arcs":[[2698,-2691,2699,-2698,-481,-1798]],"type":"Polygon","properties":{"NUTS_ID":"LV008","LEVL_CODE":3,"CNTR_CODE":"LV","NAME_LATN":"Vidzeme","NUTS_NAME":"Vidzeme","MOUNT_TYPE":4,"URBN_TYPE":3,"COAST_TYPE":3,"NAME_ENGL":"Latvia","NAME_FREN":"Lettonie","ISO3_CODE":"LVA","SVRG_UN":"UN Member State","CAPT":"Riga","EU_STAT":"T","EFTA_STAT":"F","CC_STAT":"F","NAME_GERM":"Lettland"},"id":"LV008"},{"arcs":[[-2700,-2690,-2676,-2680,-2688,-2695]],"type":"Polygon","properties":{"NUTS_ID":"LV009","LEVL_CODE":3,"CNTR_CODE":"LV","NAME_LATN":"Zemgale","NUTS_NAME":"Zemgale","MOUNT_TYPE":4,"URBN_TYPE":3,"COAST_TYPE":3,"NAME_ENGL":"Latvia","NAME_FREN":"Lettonie","ISO3_CODE":"LVA","SVRG_UN":"UN Member State","CAPT":"Riga","EU_STAT":"T","EFTA_STAT":"F","CC_STAT":"F","NAME_GERM":"Lettland"},"id":"LV009"},{"arcs":[[2700,2701,2702,-165,-169,2703,2704,2705]],"type":"Polygon","properties":{"NUTS_ID":"ME000","LEVL_CODE":3,"CNTR_CODE":"ME","NAME_LATN":"Crna Gora","NUTS_NAME":"Црна Гора","MOUNT_TYPE":4,"URBN_TYPE":2,"COAST_TYPE":1,"NAME_ENGL":"Montenegro","NAME_FREN":"Monténégro","ISO3_CODE":"MNE","SVRG_UN":"UN Member State","CAPT":"Podgorica","EU_STAT":"F","EFTA_STAT":"F","CC_STAT":"T","NAME_GERM":"Montenegro"},"id":"ME000"},{"arcs":[[2706,-1292,2707,2708,2709,2710,2711]],"type":"Polygon","properties":{"NUTS_ID":"MK001","LEVL_CODE":3,"CNTR_CODE":"MK","NAME_LATN":"Vardarski","NUTS_NAME":"Вардарски","MOUNT_TYPE":4,"URBN_TYPE":2,"COAST_TYPE":3,"NAME_ENGL":"North Macedonia","NAME_FREN":"Macédoine du Nord","ISO3_CODE":"MKD","SVRG_UN":"UN Member State","CAPT":"Skopje","EU_STAT":"F","EFTA_STAT":"F","CC_STAT":"T","NAME_GERM":"Nordmazedonien"},"id":"MK001"},{"arcs":[[-81,2712,-2712,2713,-88]],"type":"Polygon","properties":{"NUTS_ID":"MK002","LEVL_CODE":3,"CNTR_CODE":"MK","NAME_LATN":"Istočen","NUTS_NAME":"Источен","MOUNT_TYPE":4,"URBN_TYPE":1,"COAST_TYPE":3,"NAME_ENGL":"North Macedonia","NAME_FREN":"Macédoine du Nord","ISO3_CODE":"MKD","SVRG_UN":"UN Member State","CAPT":"Skopje","EU_STAT":"F","EFTA_STAT":"F","CC_STAT":"T","NAME_GERM":"Nordmazedonien"},"id":"MK002"},{"arcs":[[-2709,2714,-193,-180,-174,2715,2716]],"type":"Polygon","properties":{"NUTS_ID":"MK003","LEVL_CODE":3,"CNTR_CODE":"MK","NAME_LATN":"Jugozapaden","NUTS_NAME":"Југозападен","MOUNT_TYPE":4,"URBN_TYPE":2,"COAST_TYPE":3,"NAME_ENGL":"North Macedonia","NAME_FREN":"Macédoine du Nord","ISO3_CODE":"MKD","SVRG_UN":"UN Member State","CAPT":"Skopje","EU_STAT":"F","EFTA_STAT":"F","CC_STAT":"T","NAME_GERM":"Nordmazedonien"},"id":"MK003"},{"arcs":[[-80,-1298,-1287,-1293,-2707,-2713]],"type":"Polygon","properties":{"NUTS_ID":"MK004","LEVL_CODE":3,"CNTR_CODE":"MK","NAME_LATN":"Jugoistočen","NUTS_NAME":"Југоисточен","MOUNT_TYPE":4,"URBN_TYPE":2,"COAST_TYPE":3,"NAME_ENGL":"North Macedonia","NAME_FREN":"Macédoine du Nord","ISO3_CODE":"MKD","SVRG_UN":"UN Member State","CAPT":"Skopje","EU_STAT":"F","EFTA_STAT":"F","CC_STAT":"T","NAME_GERM":"Nordmazedonien"},"id":"MK004"},{"arcs":[[-1291,-1308,-187,-2715,-2708]],"type":"Polygon","properties":{"NUTS_ID":"MK005","LEVL_CODE":3,"CNTR_CODE":"MK","NAME_LATN":"Pelagoniski","NUTS_NAME":"Пелагониски","MOUNT_TYPE":4,"URBN_TYPE":2,"COAST_TYPE":3,"NAME_ENGL":"North Macedonia","NAME_FREN":"Macédoine du Nord","ISO3_CODE":"MKD","SVRG_UN":"UN Member State","CAPT":"Skopje","EU_STAT":"F","EFTA_STAT":"F","CC_STAT":"T","NAME_GERM":"Nordmazedonien"},"id":"MK005"},{"arcs":[[2717,-2716,-173,-161,2718]],"type":"Polygon","properties":{"NUTS_ID":"MK006","LEVL_CODE":3,"CNTR_CODE":"MK","NAME_LATN":"Pološki","NUTS_NAME":"Полошки","MOUNT_TYPE":4,"URBN_TYPE":1,"COAST_TYPE":3,"NAME_ENGL":"North Macedonia","NAME_FREN":"Macédoine du Nord","ISO3_CODE":"MKD","SVRG_UN":"UN Member State","CAPT":"Skopje","EU_STAT":"F","EFTA_STAT":"F","CC_STAT":"T","NAME_GERM":"Nordmazedonien"},"id":"MK006"},{"arcs":[[-89,-2714,-2711,2719,2720,2721]],"type":"Polygon","properties":{"NUTS_ID":"MK007","LEVL_CODE":3,"CNTR_CODE":"MK","NAME_LATN":"Severoistočen","NUTS_NAME":"Североисточен","MOUNT_TYPE":4,"URBN_TYPE":1,"COAST_TYPE":3,"NAME_ENGL":"North Macedonia","NAME_FREN":"Macédoine du Nord","ISO3_CODE":"MKD","SVRG_UN":"UN Member State","CAPT":"Skopje","EU_STAT":"F","EFTA_STAT":"F","CC_STAT":"T","NAME_GERM":"Nordmazedonien"},"id":"MK007"},{"arcs":[[-2710,-2717,-2718,2722,-2720]],"type":"Polygon","properties":{"NUTS_ID":"MK008","LEVL_CODE":3,"CNTR_CODE":"MK","NAME_LATN":"Skopski","NUTS_NAME":"Скопски","MOUNT_TYPE":4,"URBN_TYPE":1,"COAST_TYPE":3,"NAME_ENGL":"North Macedonia","NAME_FREN":"Macédoine du Nord","ISO3_CODE":"MKD","SVRG_UN":"UN Member State","CAPT":"Skopje","EU_STAT":"F","EFTA_STAT":"F","CC_STAT":"T","NAME_GERM":"Nordmazedonien"},"id":"MK008"},{"arcs":[[2723]],"type":"Polygon","properties":{"NUTS_ID":"MT001","LEVL_CODE":3,"CNTR_CODE":"MT","NAME_LATN":"Malta","NUTS_NAME":"Malta","MOUNT_TYPE":4,"URBN_TYPE":1,"COAST_TYPE":1,"NAME_ENGL":"Malta","NAME_FREN":"Malte","ISO3_CODE":"MLT","SVRG_UN":"UN Member State","CAPT":"Valletta","EU_STAT":"T","EFTA_STAT":"F","CC_STAT":"F","NAME_GERM":"Malta"},"id":"MT001"},{"arcs":[[2724]],"type":"Polygon","properties":{"NUTS_ID":"MT002","LEVL_CODE":3,"CNTR_CODE":"MT","NAME_LATN":"Gozo and Comino/Għawdex u Kemmuna","NUTS_NAME":"Gozo and Comino/Għawdex u Kemmuna","MOUNT_TYPE":4,"URBN_TYPE":1,"COAST_TYPE":1,"NAME_ENGL":"Malta","NAME_FREN":"Malte","ISO3_CODE":"MLT","SVRG_UN":"UN Member State","CAPT":"Valletta","EU_STAT":"T","EFTA_STAT":"F","CC_STAT":"F","NAME_GERM":"Malta"},"id":"MT002"},{"arcs":[[-1386,-1374,2725,2726,2727,2728,2729]],"type":"Polygon","properties":{"NUTS_ID":"NL111","LEVL_CODE":3,"CNTR_CODE":"NL","NAME_LATN":"Oost-Groningen","NUTS_NAME":"Oost-Groningen","MOUNT_TYPE":4,"URBN_TYPE":2,"COAST_TYPE":1,"NAME_ENGL":"Netherlands","NAME_FREN":"Pays-Bas","ISO3_CODE":"NLD","SVRG_UN":"UN Member State","CAPT":"Amsterdam","EU_STAT":"T","EFTA_STAT":"F","CC_STAT":"F","NAME_GERM":"Niederlande"},"id":"NL111"},{"arcs":[[-2729,2730,2731]],"type":"Polygon","properties":{"NUTS_ID":"NL112","LEVL_CODE":3,"CNTR_CODE":"NL","NAME_LATN":"Delfzijl en omgeving","NUTS_NAME":"Delfzijl en omgeving","MOUNT_TYPE":4,"URBN_TYPE":2,"COAST_TYPE":1,"NAME_ENGL":"Netherlands","NAME_FREN":"Pays-Bas","ISO3_CODE":"NLD","SVRG_UN":"UN Member State","CAPT":"Amsterdam","EU_STAT":"T","EFTA_STAT":"F","CC_STAT":"F","NAME_GERM":"Niederlande"},"id":"NL112"},{"arcs":[[[-2731,-2728,2732,2733,2734,2735]],[[2736]]],"type":"MultiPolygon","properties":{"NUTS_ID":"NL113","LEVL_CODE":3,"CNTR_CODE":"NL","NAME_LATN":"Overig Groningen","NUTS_NAME":"Overig Groningen","MOUNT_TYPE":4,"URBN_TYPE":2,"COAST_TYPE":1,"NAME_ENGL":"Netherlands","NAME_FREN":"Pays-Bas","ISO3_CODE":"NLD","SVRG_UN":"UN Member State","CAPT":"Amsterdam","EU_STAT":"T","EFTA_STAT":"F","CC_STAT":"F","NAME_GERM":"Niederlande"},"id":"NL113"},{"arcs":[[[-1744,2737,-1737,-1741,2738]],[[2739]],[[2740]],[[2741]],[[2742]],[[2743]],[[2744]]],"type":"MultiPolygon","properties":{"NUTS_ID":"FI1C1","LEVL_CODE":3,"CNTR_CODE":"FI","NAME_LATN":"Varsinais-Suomi","NUTS_NAME":"Varsinais-Suomi","MOUNT_TYPE":4,"URBN_TYPE":2,"COAST_TYPE":1,"NAME_ENGL":"Finland","NAME_FREN":"Finlande","ISO3_CODE":"FIN","SVRG_UN":"UN Member State","CAPT":"Helsinki","EU_STAT":"T","EFTA_STAT":"F","CC_STAT":"F","NAME_GERM":"Finnland"},"id":"FI1C1"},{"arcs":[[-1745,-2739,-1740,2745]],"type":"Polygon","properties":{"NUTS_ID":"FI1C2","LEVL_CODE":3,"CNTR_CODE":"FI","NAME_LATN":"Kanta-Häme","NUTS_NAME":"Kanta-Häme","MOUNT_TYPE":4,"URBN_TYPE":2,"COAST_TYPE":3,"NAME_ENGL":"Finland","NAME_FREN":"Finlande","ISO3_CODE":"FIN","SVRG_UN":"UN Member State","CAPT":"Helsinki","EU_STAT":"T","EFTA_STAT":"F","CC_STAT":"F","NAME_GERM":"Finnland"},"id":"FI1C2"},{"arcs":[[2746,2747,-1746,-2746,-1739,-1722]],"type":"Polygon","properties":{"NUTS_ID":"FI1C3","LEVL_CODE":3,"CNTR_CODE":"FI","NAME_LATN":"Päijät-Häme","NUTS_NAME":"Päijät-Häme","MOUNT_TYPE":4,"URBN_TYPE":2,"COAST_TYPE":3,"NAME_ENGL":"Finland","NAME_FREN":"Finlande","ISO3_CODE":"FIN","SVRG_UN":"UN Member State","CAPT":"Helsinki","EU_STAT":"T","EFTA_STAT":"F","CC_STAT":"F","NAME_GERM":"Finnland"},"id":"FI1C3"},{"arcs":[[2748,2749,-1742,-2748,2750]],"type":"Polygon","properties":{"NUTS_ID":"FI1C4","LEVL_CODE":3,"CNTR_CODE":"FI","NAME_LATN":"Kymenlaakso","NUTS_NAME":"Kymenlaakso","MOUNT_TYPE":4,"URBN_TYPE":2,"COAST_TYPE":1,"NAME_ENGL":"Finland","NAME_FREN":"Finlande","ISO3_CODE":"FIN","SVRG_UN":"UN Member State","CAPT":"Helsinki","EU_STAT":"T","EFTA_STAT":"F","CC_STAT":"F","NAME_GERM":"Finnland"},"id":"FI1C4"},{"arcs":[[-2749,2751,2752,2753]],"type":"Polygon","properties":{"NUTS_ID":"FI1C5","LEVL_CODE":3,"CNTR_CODE":"FI","NAME_LATN":"Etelä-Karjala","NUTS_NAME":"Etelä-Karjala","MOUNT_TYPE":4,"URBN_TYPE":2,"COAST_TYPE":3,"NAME_ENGL":"Finland","NAME_FREN":"Finlande","ISO3_CODE":"FIN","SVRG_UN":"UN Member State","CAPT":"Helsinki","EU_STAT":"T","EFTA_STAT":"F","CC_STAT":"F","NAME_GERM":"Finnland"},"id":"FI1C5"},{"arcs":[[-2752,-2751,-2747,-1721,2754,2755]],"type":"Polygon","properties":{"NUTS_ID":"FI1D1","LEVL_CODE":3,"CNTR_CODE":"FI","NAME_LATN":"Etelä-Savo","NUTS_NAME":"Etelä-Savo","MOUNT_TYPE":4,"URBN_TYPE":3,"COAST_TYPE":3,"NAME_ENGL":"Finland","NAME_FREN":"Finlande","ISO3_CODE":"FIN","SVRG_UN":"UN Member State","CAPT":"Helsinki","EU_STAT":"T","EFTA_STAT":"F","CC_STAT":"F","NAME_GERM":"Finnland"},"id":"FI1D1"},{"arcs":[[2756,-2755,-1720,-1898,-1896]],"type":"Polygon","properties":{"NUTS_ID":"FI1D2","LEVL_CODE":3,"CNTR_CODE":"FI","NAME_LATN":"Pohjois-Savo","NUTS_NAME":"Pohjois-Savo","MOUNT_TYPE":4,"URBN_TYPE":3,"COAST_TYPE":3,"NAME_ENGL":"Finland","NAME_FREN":"Finlande","ISO3_CODE":"FIN","SVRG_UN":"UN Member State","CAPT":"Helsinki","EU_STAT":"T","EFTA_STAT":"F","CC_STAT":"F","NAME_GERM":"Finnland"},"id":"FI1D2"},{"arcs":[[2757,-2753,-2756,-2757,-1895]],"type":"Polygon","properties":{"NUTS_ID":"FI1D3","LEVL_CODE":3,"CNTR_CODE":"FI","NAME_LATN":"Pohjois-Karjala","NUTS_NAME":"Pohjois-Karjala","MOUNT_TYPE":4,"URBN_TYPE":3,"COAST_TYPE":3,"NAME_ENGL":"Finland","NAME_FREN":"Finlande","ISO3_CODE":"FIN","SVRG_UN":"UN Member State","CAPT":"Helsinki","EU_STAT":"T","EFTA_STAT":"F","CC_STAT":"F","NAME_GERM":"Finnland"},"id":"FI1D3"},{"arcs":[[-1725,-1727,-1733,2758,-1899]],"type":"Polygon","properties":{"NUTS_ID":"FI1D5","LEVL_CODE":3,"CNTR_CODE":"FI","NAME_LATN":"Keski-Pohjanmaa","NUTS_NAME":"Keski-Pohjanmaa","MOUNT_TYPE":4,"URBN_TYPE":3,"COAST_TYPE":1,"NAME_ENGL":"Finland","NAME_FREN":"Finlande","ISO3_CODE":"FIN","SVRG_UN":"UN Member State","CAPT":"Helsinki","EU_STAT":"T","EFTA_STAT":"F","CC_STAT":"F","NAME_GERM":"Finnland"},"id":"FI1D5"},{"arcs":[[[2759,-2434,-2459,2760]],[[2761]],[[2762]]],"type":"MultiPolygon","properties":{"NUTS_ID":"NO0A3","LEVL_CODE":3,"CNTR_CODE":"NO","NAME_LATN":"Møre og Romsdal","NUTS_NAME":"Møre og Romsdal","MOUNT_TYPE":3,"URBN_TYPE":3,"COAST_TYPE":1,"NAME_ENGL":"Norway","NAME_FREN":"Norvège","ISO3_CODE":"NOR","SVRG_UN":"UN Member State","CAPT":"Oslo","EU_STAT":"F","EFTA_STAT":"T","CC_STAT":"F","NAME_GERM":"Norwegen"},"id":"NO0A3"},{"arcs":[[[-2638,-2435,-2760,2763,2764,2765,2766]],[[2767]]],"type":"MultiPolygon","properties":{"NUTS_ID":"NO060","LEVL_CODE":3,"CNTR_CODE":"NO","NAME_LATN":"Trøndelag","NUTS_NAME":"Trøndelag","MOUNT_TYPE":2,"URBN_TYPE":2,"COAST_TYPE":1,"NAME_ENGL":"Norway","NAME_FREN":"Norvège","ISO3_CODE":"NOR","SVRG_UN":"UN Member State","CAPT":"Oslo","EU_STAT":"F","EFTA_STAT":"T","CC_STAT":"F","NAME_GERM":"Norwegen"},"id":"NO060"},{"arcs":[[[2768,2769,2770,-2735]],[[2771]],[[2772]]],"type":"MultiPolygon","properties":{"NUTS_ID":"NL124","LEVL_CODE":3,"CNTR_CODE":"NL","NAME_LATN":"Noord-Friesland","NUTS_NAME":"Noord-Friesland","MOUNT_TYPE":4,"URBN_TYPE":2,"COAST_TYPE":1,"NAME_ENGL":"Netherlands","NAME_FREN":"Pays-Bas","ISO3_CODE":"NLD","SVRG_UN":"UN Member State","CAPT":"Amsterdam","EU_STAT":"T","EFTA_STAT":"F","CC_STAT":"F","NAME_GERM":"Niederlande"},"id":"NL124"},{"arcs":[[2773,2774,2775,2776,2777,-2770]],"type":"Polygon","properties":{"NUTS_ID":"NL125","LEVL_CODE":3,"CNTR_CODE":"NL","NAME_LATN":"Zuidwest-Friesland","NUTS_NAME":"Zuidwest-Friesland","MOUNT_TYPE":4,"URBN_TYPE":2,"COAST_TYPE":1,"NAME_ENGL":"Netherlands","NAME_FREN":"Pays-Bas","ISO3_CODE":"NLD","SVRG_UN":"UN Member State","CAPT":"Amsterdam","EU_STAT":"T","EFTA_STAT":"F","CC_STAT":"F","NAME_GERM":"Niederlande"},"id":"NL125"},{"arcs":[[2778,2779,2780,-2774,-2769,-2734]],"type":"Polygon","properties":{"NUTS_ID":"NL126","LEVL_CODE":3,"CNTR_CODE":"NL","NAME_LATN":"Zuidoost-Friesland","NUTS_NAME":"Zuidoost-Friesland","MOUNT_TYPE":4,"URBN_TYPE":2,"COAST_TYPE":2,"NAME_ENGL":"Netherlands","NAME_FREN":"Pays-Bas","ISO3_CODE":"NLD","SVRG_UN":"UN Member State","CAPT":"Amsterdam","EU_STAT":"T","EFTA_STAT":"F","CC_STAT":"F","NAME_GERM":"Niederlande"},"id":"NL126"},{"arcs":[[-2727,2781,2782,-2779,-2733]],"type":"Polygon","properties":{"NUTS_ID":"NL131","LEVL_CODE":3,"CNTR_CODE":"NL","NAME_LATN":"Noord-Drenthe","NUTS_NAME":"Noord-Drenthe","MOUNT_TYPE":4,"URBN_TYPE":2,"COAST_TYPE":2,"NAME_ENGL":"Netherlands","NAME_FREN":"Pays-Bas","ISO3_CODE":"NLD","SVRG_UN":"UN Member State","CAPT":"Amsterdam","EU_STAT":"T","EFTA_STAT":"F","CC_STAT":"F","NAME_GERM":"Niederlande"},"id":"NL131"},{"arcs":[[-1373,-1385,2783,2784,-2782,-2726]],"type":"Polygon","properties":{"NUTS_ID":"NL132","LEVL_CODE":3,"CNTR_CODE":"NL","NAME_LATN":"Zuidoost-Drenthe","NUTS_NAME":"Zuidoost-Drenthe","MOUNT_TYPE":4,"URBN_TYPE":2,"COAST_TYPE":3,"NAME_ENGL":"Netherlands","NAME_FREN":"Pays-Bas","ISO3_CODE":"NLD","SVRG_UN":"UN Member State","CAPT":"Amsterdam","EU_STAT":"T","EFTA_STAT":"F","CC_STAT":"F","NAME_GERM":"Niederlande"},"id":"NL132"},{"arcs":[[-2785,2785,-2780,-2783]],"type":"Polygon","properties":{"NUTS_ID":"NL133","LEVL_CODE":3,"CNTR_CODE":"NL","NAME_LATN":"Zuidwest-Drenthe","NUTS_NAME":"Zuidwest-Drenthe","MOUNT_TYPE":4,"URBN_TYPE":2,"COAST_TYPE":3,"NAME_ENGL":"Netherlands","NAME_FREN":"Pays-Bas","ISO3_CODE":"NLD","SVRG_UN":"UN Member State","CAPT":"Amsterdam","EU_STAT":"T","EFTA_STAT":"F","CC_STAT":"F","NAME_GERM":"Niederlande"},"id":"NL133"},{"arcs":[[-2784,-1384,2786,2787,2788,2789,-2775,-2781,-2786]],"type":"Polygon","properties":{"NUTS_ID":"NL211","LEVL_CODE":3,"CNTR_CODE":"NL","NAME_LATN":"Noord-Overijssel","NUTS_NAME":"Noord-Overijssel","MOUNT_TYPE":4,"URBN_TYPE":2,"COAST_TYPE":3,"NAME_ENGL":"Netherlands","NAME_FREN":"Pays-Bas","ISO3_CODE":"NLD","SVRG_UN":"UN Member State","CAPT":"Amsterdam","EU_STAT":"T","EFTA_STAT":"F","CC_STAT":"F","NAME_GERM":"Niederlande"},"id":"NL211"},{"arcs":[[2790,2791,2792,-2788]],"type":"Polygon","properties":{"NUTS_ID":"NL212","LEVL_CODE":3,"CNTR_CODE":"NL","NAME_LATN":"Zuidwest-Overijssel","NUTS_NAME":"Zuidwest-Overijssel","MOUNT_TYPE":4,"URBN_TYPE":2,"COAST_TYPE":3,"NAME_ENGL":"Netherlands","NAME_FREN":"Pays-Bas","ISO3_CODE":"NLD","SVRG_UN":"UN Member State","CAPT":"Amsterdam","EU_STAT":"T","EFTA_STAT":"F","CC_STAT":"F","NAME_GERM":"Niederlande"},"id":"NL212"},{"arcs":[[-1510,2793,-2791,-2787,-1383]],"type":"Polygon","properties":{"NUTS_ID":"NL213","LEVL_CODE":3,"CNTR_CODE":"NL","NAME_LATN":"Twente","NUTS_NAME":"Twente","MOUNT_TYPE":4,"URBN_TYPE":1,"COAST_TYPE":3,"NAME_ENGL":"Netherlands","NAME_FREN":"Pays-Bas","ISO3_CODE":"NLD","SVRG_UN":"UN Member State","CAPT":"Amsterdam","EU_STAT":"T","EFTA_STAT":"F","CC_STAT":"F","NAME_GERM":"Niederlande"},"id":"NL213"},{"arcs":[[-2793,2794,2795,2796,2797,2798,-2789]],"type":"Polygon","properties":{"NUTS_ID":"NL221","LEVL_CODE":3,"CNTR_CODE":"NL","NAME_LATN":"Veluwe","NUTS_NAME":"Veluwe","MOUNT_TYPE":4,"URBN_TYPE":1,"COAST_TYPE":3,"NAME_ENGL":"Netherlands","NAME_FREN":"Pays-Bas","ISO3_CODE":"NLD","SVRG_UN":"UN Member State","CAPT":"Amsterdam","EU_STAT":"T","EFTA_STAT":"F","CC_STAT":"F","NAME_GERM":"Niederlande"},"id":"NL221"},{"arcs":[[-2797,2799,-2300,-2297,-2280,2800]],"type":"Polygon","properties":{"NUTS_ID":"NL224","LEVL_CODE":3,"CNTR_CODE":"NL","NAME_LATN":"Zuidwest-Gelderland","NUTS_NAME":"Zuidwest-Gelderland","MOUNT_TYPE":4,"URBN_TYPE":2,"COAST_TYPE":3,"NAME_ENGL":"Netherlands","NAME_FREN":"Pays-Bas","ISO3_CODE":"NLD","SVRG_UN":"UN Member State","CAPT":"Amsterdam","EU_STAT":"T","EFTA_STAT":"F","CC_STAT":"F","NAME_GERM":"Niederlande"},"id":"NL224"},{"arcs":[[-1509,-515,2801,-2795,-2792,-2794]],"type":"Polygon","properties":{"NUTS_ID":"NL225","LEVL_CODE":3,"CNTR_CODE":"NL","NAME_LATN":"Achterhoek","NUTS_NAME":"Achterhoek","MOUNT_TYPE":4,"URBN_TYPE":2,"COAST_TYPE":3,"NAME_ENGL":"Netherlands","NAME_FREN":"Pays-Bas","ISO3_CODE":"NLD","SVRG_UN":"UN Member State","CAPT":"Amsterdam","EU_STAT":"T","EFTA_STAT":"F","CC_STAT":"F","NAME_GERM":"Niederlande"},"id":"NL225"},{"arcs":[[-514,-2305,-2301,-2800,-2796,-2802]],"type":"Polygon","properties":{"NUTS_ID":"NL226","LEVL_CODE":3,"CNTR_CODE":"NL","NAME_LATN":"Arnhem/Nijmegen","NUTS_NAME":"Arnhem/Nijmegen","MOUNT_TYPE":4,"URBN_TYPE":1,"COAST_TYPE":3,"NAME_ENGL":"Netherlands","NAME_FREN":"Pays-Bas","ISO3_CODE":"NLD","SVRG_UN":"UN Member State","CAPT":"Amsterdam","EU_STAT":"T","EFTA_STAT":"F","CC_STAT":"F","NAME_GERM":"Niederlande"},"id":"NL226"},{"arcs":[[-2799,2802,-2261,-2266,2803,-2776,-2790]],"type":"Polygon","properties":{"NUTS_ID":"NL230","LEVL_CODE":3,"CNTR_CODE":"NL","NAME_LATN":"Flevoland","NUTS_NAME":"Flevoland","MOUNT_TYPE":4,"URBN_TYPE":1,"COAST_TYPE":2,"NAME_ENGL":"Netherlands","NAME_FREN":"Pays-Bas","ISO3_CODE":"NLD","SVRG_UN":"UN Member State","CAPT":"Amsterdam","EU_STAT":"T","EFTA_STAT":"F","CC_STAT":"F","NAME_GERM":"Niederlande"},"id":"NL230"},{"arcs":[[-2803,-2798,-2801,-2285,-2287,-2267,-2259]],"type":"Polygon","properties":{"NUTS_ID":"NL310","LEVL_CODE":3,"CNTR_CODE":"NL","NAME_LATN":"Utrecht","NUTS_NAME":"Utrecht","MOUNT_TYPE":4,"URBN_TYPE":1,"COAST_TYPE":3,"NAME_ENGL":"Netherlands","NAME_FREN":"Pays-Bas","ISO3_CODE":"NLD","SVRG_UN":"UN Member State","CAPT":"Amsterdam","EU_STAT":"T","EFTA_STAT":"F","CC_STAT":"F","NAME_GERM":"Niederlande"},"id":"NL310"},{"arcs":[[-2777,-2804,-2270,-2265,2804]],"type":"Polygon","properties":{"NUTS_ID":"NL321","LEVL_CODE":3,"CNTR_CODE":"NL","NAME_LATN":"Kop van Noord-Holland","NUTS_NAME":"Kop van Noord-Holland","MOUNT_TYPE":4,"URBN_TYPE":1,"COAST_TYPE":1,"NAME_ENGL":"Netherlands","NAME_FREN":"Pays-Bas","ISO3_CODE":"NLD","SVRG_UN":"UN Member State","CAPT":"Amsterdam","EU_STAT":"T","EFTA_STAT":"F","CC_STAT":"F","NAME_GERM":"Niederlande"},"id":"NL321"},{"arcs":[[-2256,-2253,2805,-2263]],"type":"Polygon","properties":{"NUTS_ID":"NL323","LEVL_CODE":3,"CNTR_CODE":"NL","NAME_LATN":"IJmond","NUTS_NAME":"IJmond","MOUNT_TYPE":4,"URBN_TYPE":1,"COAST_TYPE":1,"NAME_ENGL":"Netherlands","NAME_FREN":"Pays-Bas","ISO3_CODE":"NLD","SVRG_UN":"UN Member State","CAPT":"Amsterdam","EU_STAT":"T","EFTA_STAT":"F","CC_STAT":"F","NAME_GERM":"Niederlande"},"id":"NL323"},{"arcs":[[2806,2807,2808,2809,2810,2811,2812]],"type":"Polygon","properties":{"NUTS_ID":"ITC4C","LEVL_CODE":3,"CNTR_CODE":"IT","NAME_LATN":"Milano","NUTS_NAME":"Milano","MOUNT_TYPE":4,"URBN_TYPE":1,"COAST_TYPE":3,"NAME_ENGL":"Italy","NAME_FREN":"Italie","ISO3_CODE":"ITA","SVRG_UN":"UN Member State","CAPT":"Rome","EU_STAT":"T","EFTA_STAT":"F","CC_STAT":"F","NAME_GERM":"Italien"},"id":"ITC4C"},{"arcs":[[2813,-2812,2814,2815,2816]],"type":"Polygon","properties":{"NUTS_ID":"ITC4D","LEVL_CODE":3,"CNTR_CODE":"IT","NAME_LATN":"Monza e della Brianza","NUTS_NAME":"Monza e della Brianza","MOUNT_TYPE":4,"URBN_TYPE":1,"COAST_TYPE":3,"NAME_ENGL":"Italy","NAME_FREN":"Italie","ISO3_CODE":"ITA","SVRG_UN":"UN Member State","CAPT":"Rome","EU_STAT":"T","EFTA_STAT":"F","CC_STAT":"F","NAME_GERM":"Italien"},"id":"ITC4D"},{"arcs":[[2817,2818,2819,2820,2821,2822,2823]],"type":"Polygon","properties":{"NUTS_ID":"ITF11","LEVL_CODE":3,"CNTR_CODE":"IT","NAME_LATN":"L’Aquila","NUTS_NAME":"L’Aquila","MOUNT_TYPE":3,"URBN_TYPE":3,"COAST_TYPE":3,"NAME_ENGL":"Italy","NAME_FREN":"Italie","ISO3_CODE":"ITA","SVRG_UN":"UN Member State","CAPT":"Rome","EU_STAT":"T","EFTA_STAT":"F","CC_STAT":"F","NAME_GERM":"Italien"},"id":"ITF11"},{"arcs":[[2824,-2824,2825,2826,2827]],"type":"Polygon","properties":{"NUTS_ID":"ITF12","LEVL_CODE":3,"CNTR_CODE":"IT","NAME_LATN":"Teramo","NUTS_NAME":"Teramo","MOUNT_TYPE":2,"URBN_TYPE":2,"COAST_TYPE":1,"NAME_ENGL":"Italy","NAME_FREN":"Italie","ISO3_CODE":"ITA","SVRG_UN":"UN Member State","CAPT":"Rome","EU_STAT":"T","EFTA_STAT":"F","CC_STAT":"F","NAME_GERM":"Italien"},"id":"ITF12"},{"arcs":[[2828,-2818,-2825,2829]],"type":"Polygon","properties":{"NUTS_ID":"ITF13","LEVL_CODE":3,"CNTR_CODE":"IT","NAME_LATN":"Pescara","NUTS_NAME":"Pescara","MOUNT_TYPE":2,"URBN_TYPE":2,"COAST_TYPE":1,"NAME_ENGL":"Italy","NAME_FREN":"Italie","ISO3_CODE":"ITA","SVRG_UN":"UN Member State","CAPT":"Rome","EU_STAT":"T","EFTA_STAT":"F","CC_STAT":"F","NAME_GERM":"Italien"},"id":"ITF13"},{"arcs":[[2830,2831,-2819,-2829,2832]],"type":"Polygon","properties":{"NUTS_ID":"ITF14","LEVL_CODE":3,"CNTR_CODE":"IT","NAME_LATN":"Chieti","NUTS_NAME":"Chieti","MOUNT_TYPE":2,"URBN_TYPE":2,"COAST_TYPE":1,"NAME_ENGL":"Italy","NAME_FREN":"Italie","ISO3_CODE":"ITA","SVRG_UN":"UN Member State","CAPT":"Rome","EU_STAT":"T","EFTA_STAT":"F","CC_STAT":"F","NAME_GERM":"Italien"},"id":"ITF14"},{"arcs":[[2833,2834,2835,-2820,-2832]],"type":"Polygon","properties":{"NUTS_ID":"ITF21","LEVL_CODE":3,"CNTR_CODE":"IT","NAME_LATN":"Isernia","NUTS_NAME":"Isernia","MOUNT_TYPE":3,"URBN_TYPE":3,"COAST_TYPE":3,"NAME_ENGL":"Italy","NAME_FREN":"Italie","ISO3_CODE":"ITA","SVRG_UN":"UN Member State","CAPT":"Rome","EU_STAT":"T","EFTA_STAT":"F","CC_STAT":"F","NAME_GERM":"Italien"},"id":"ITF21"},{"arcs":[[-2322,2836,2837,-2834,-2831,2838]],"type":"Polygon","properties":{"NUTS_ID":"ITF22","LEVL_CODE":3,"CNTR_CODE":"IT","NAME_LATN":"Campobasso","NUTS_NAME":"Campobasso","MOUNT_TYPE":3,"URBN_TYPE":3,"COAST_TYPE":1,"NAME_ENGL":"Italy","NAME_FREN":"Italie","ISO3_CODE":"ITA","SVRG_UN":"UN Member State","CAPT":"Rome","EU_STAT":"T","EFTA_STAT":"F","CC_STAT":"F","NAME_GERM":"Italien"},"id":"ITF22"},{"arcs":[[-2838,2839,2840,2841,2842,2843,-2835]],"type":"Polygon","properties":{"NUTS_ID":"ITF31","LEVL_CODE":3,"CNTR_CODE":"IT","NAME_LATN":"Caserta","NUTS_NAME":"Caserta","MOUNT_TYPE":4,"URBN_TYPE":1,"COAST_TYPE":1,"NAME_ENGL":"Italy","NAME_FREN":"Italie","ISO3_CODE":"ITA","SVRG_UN":"UN Member State","CAPT":"Rome","EU_STAT":"T","EFTA_STAT":"F","CC_STAT":"F","NAME_GERM":"Italien"},"id":"ITF31"},{"arcs":[[2844,2845,-2840,-2837,-2321]],"type":"Polygon","properties":{"NUTS_ID":"ITF32","LEVL_CODE":3,"CNTR_CODE":"IT","NAME_LATN":"Benevento","NUTS_NAME":"Benevento","MOUNT_TYPE":3,"URBN_TYPE":3,"COAST_TYPE":2,"NAME_ENGL":"Italy","NAME_FREN":"Italie","ISO3_CODE":"ITA","SVRG_UN":"UN Member State","CAPT":"Rome","EU_STAT":"T","EFTA_STAT":"F","CC_STAT":"F","NAME_GERM":"Italien"},"id":"ITF32"},{"arcs":[[[2846,-2841,-2846,2847,-2308]],[[2848]]],"type":"MultiPolygon","properties":{"NUTS_ID":"ITF33","LEVL_CODE":3,"CNTR_CODE":"IT","NAME_LATN":"Napoli","NUTS_NAME":"Napoli","MOUNT_TYPE":4,"URBN_TYPE":1,"COAST_TYPE":1,"NAME_ENGL":"Italy","NAME_FREN":"Italie","ISO3_CODE":"ITA","SVRG_UN":"UN Member State","CAPT":"Rome","EU_STAT":"T","EFTA_STAT":"F","CC_STAT":"F","NAME_GERM":"Italien"},"id":"ITF33"},{"arcs":[[-2335,-2309,-2848,-2845,-2320]],"type":"Polygon","properties":{"NUTS_ID":"ITF34","LEVL_CODE":3,"CNTR_CODE":"IT","NAME_LATN":"Avellino","NUTS_NAME":"Avellino","MOUNT_TYPE":3,"URBN_TYPE":2,"COAST_TYPE":2,"NAME_ENGL":"Italy","NAME_FREN":"Italie","ISO3_CODE":"ITA","SVRG_UN":"UN Member State","CAPT":"Rome","EU_STAT":"T","EFTA_STAT":"F","CC_STAT":"F","NAME_GERM":"Italien"},"id":"ITF34"},{"arcs":[[-824,2849,2850,2851,2852,-811]],"type":"Polygon","properties":{"NUTS_ID":"SI042","LEVL_CODE":3,"CNTR_CODE":"SI","NAME_LATN":"Gorenjska","NUTS_NAME":"Gorenjska","MOUNT_TYPE":3,"URBN_TYPE":2,"COAST_TYPE":3,"NAME_ENGL":"Slovenia","NAME_FREN":"Slovénie","ISO3_CODE":"SVN","SVRG_UN":"UN Member State","CAPT":"Ljubljana","EU_STAT":"T","EFTA_STAT":"F","CC_STAT":"F","NAME_GERM":"Slowenien"},"id":"SI042"},{"arcs":[[2853,2854,2855,2856,2857,-2852]],"type":"Polygon","properties":{"NUTS_ID":"SI043","LEVL_CODE":3,"CNTR_CODE":"SI","NAME_LATN":"Goriška","NUTS_NAME":"Goriška","MOUNT_TYPE":3,"URBN_TYPE":3,"COAST_TYPE":2,"NAME_ENGL":"Slovenia","NAME_FREN":"Slovénie","ISO3_CODE":"SVN","SVRG_UN":"UN Member State","CAPT":"Ljubljana","EU_STAT":"T","EFTA_STAT":"F","CC_STAT":"F","NAME_GERM":"Slowenien"},"id":"SI043"},{"arcs":[[2858,2859,2860,2861,2862,2863,-2856]],"type":"Polygon","properties":{"NUTS_ID":"SI044","LEVL_CODE":3,"CNTR_CODE":"SI","NAME_LATN":"Obalno-kraška","NUTS_NAME":"Obalno-kraška","MOUNT_TYPE":3,"URBN_TYPE":2,"COAST_TYPE":1,"NAME_ENGL":"Slovenia","NAME_FREN":"Slovénie","ISO3_CODE":"SVN","SVRG_UN":"UN Member State","CAPT":"Ljubljana","EU_STAT":"T","EFTA_STAT":"F","CC_STAT":"F","NAME_GERM":"Slowenien"},"id":"SI044"},{"arcs":[[2864,-212,-808,-804,-802,2865]],"type":"Polygon","properties":{"NUTS_ID":"SK010","LEVL_CODE":3,"CNTR_CODE":"SK","NAME_LATN":"Bratislavský kraj","NUTS_NAME":"Bratislavský kraj","MOUNT_TYPE":4,"URBN_TYPE":1,"COAST_TYPE":3,"NAME_ENGL":"Slovakia","NAME_FREN":"Slovaquie","ISO3_CODE":"SVK","SVRG_UN":"UN Member State","CAPT":"Bratislava","EU_STAT":"T","EFTA_STAT":"F","CC_STAT":"F","NAME_GERM":"Slowakei"},"id":"SK010"},{"arcs":[[2866,2867,2868,-2866,-801,-322]],"type":"Polygon","properties":{"NUTS_ID":"SK021","LEVL_CODE":3,"CNTR_CODE":"SK","NAME_LATN":"Trnavský kraj","NUTS_NAME":"Trnavský kraj","MOUNT_TYPE":4,"URBN_TYPE":3,"COAST_TYPE":3,"NAME_ENGL":"Slovakia","NAME_FREN":"Slovaquie","ISO3_CODE":"SVK","SVRG_UN":"UN Member State","CAPT":"Bratislava","EU_STAT":"T","EFTA_STAT":"F","CC_STAT":"F","NAME_GERM":"Slowakei"},"id":"SK021"},{"arcs":[[2869,2870,-2867,-321,-331,2871]],"type":"Polygon","properties":{"NUTS_ID":"SK022","LEVL_CODE":3,"CNTR_CODE":"SK","NAME_LATN":"Trenčiansky kraj","NUTS_NAME":"Trenčiansky kraj","MOUNT_TYPE":2,"URBN_TYPE":2,"COAST_TYPE":3,"NAME_ENGL":"Slovakia","NAME_FREN":"Slovaquie","ISO3_CODE":"SVK","SVRG_UN":"UN Member State","CAPT":"Bratislava","EU_STAT":"T","EFTA_STAT":"F","CC_STAT":"F","NAME_GERM":"Slowakei"},"id":"SK022"},{"arcs":[[2872,2873,2874,2875,2876,-2868,-2871]],"type":"Polygon","properties":{"NUTS_ID":"SK023","LEVL_CODE":3,"CNTR_CODE":"SK","NAME_LATN":"Nitriansky kraj","NUTS_NAME":"Nitriansky kraj","MOUNT_TYPE":4,"URBN_TYPE":2,"COAST_TYPE":3,"NAME_ENGL":"Slovakia","NAME_FREN":"Slovaquie","ISO3_CODE":"SVK","SVRG_UN":"UN Member State","CAPT":"Bratislava","EU_STAT":"T","EFTA_STAT":"F","CC_STAT":"F","NAME_GERM":"Slowakei"},"id":"SK023"},{"arcs":[[2877,2878,-2872,-330,-335,2879,2880]],"type":"Polygon","properties":{"NUTS_ID":"SK031","LEVL_CODE":3,"CNTR_CODE":"SK","NAME_LATN":"Žilinský kraj","NUTS_NAME":"Žilinský kraj","MOUNT_TYPE":3,"URBN_TYPE":2,"COAST_TYPE":3,"NAME_ENGL":"Slovakia","NAME_FREN":"Slovaquie","ISO3_CODE":"SVK","SVRG_UN":"UN Member State","CAPT":"Bratislava","EU_STAT":"T","EFTA_STAT":"F","CC_STAT":"F","NAME_GERM":"Slowakei"},"id":"SK031"},{"arcs":[[2881,-2339,2882]],"type":"Polygon","properties":{"NUTS_ID":"ITF62","LEVL_CODE":3,"CNTR_CODE":"IT","NAME_LATN":"Crotone","NUTS_NAME":"Crotone","MOUNT_TYPE":4,"URBN_TYPE":2,"COAST_TYPE":1,"NAME_ENGL":"Italy","NAME_FREN":"Italie","ISO3_CODE":"ITA","SVRG_UN":"UN Member State","CAPT":"Rome","EU_STAT":"T","EFTA_STAT":"F","CC_STAT":"F","NAME_GERM":"Italien"},"id":"ITF62"},{"arcs":[[2883,2884,2885,2886,-2340,-2882]],"type":"Polygon","properties":{"NUTS_ID":"ITF63","LEVL_CODE":3,"CNTR_CODE":"IT","NAME_LATN":"Catanzaro","NUTS_NAME":"Catanzaro","MOUNT_TYPE":3,"URBN_TYPE":2,"COAST_TYPE":1,"NAME_ENGL":"Italy","NAME_FREN":"Italie","ISO3_CODE":"ITA","SVRG_UN":"UN Member State","CAPT":"Rome","EU_STAT":"T","EFTA_STAT":"F","CC_STAT":"F","NAME_GERM":"Italien"},"id":"ITF63"},{"arcs":[[2887,2888,-2886]],"type":"Polygon","properties":{"NUTS_ID":"ITF64","LEVL_CODE":3,"CNTR_CODE":"IT","NAME_LATN":"Vibo Valentia","NUTS_NAME":"Vibo Valentia","MOUNT_TYPE":3,"URBN_TYPE":3,"COAST_TYPE":1,"NAME_ENGL":"Italy","NAME_FREN":"Italie","ISO3_CODE":"ITA","SVRG_UN":"UN Member State","CAPT":"Rome","EU_STAT":"T","EFTA_STAT":"F","CC_STAT":"F","NAME_GERM":"Italien"},"id":"ITF64"},{"arcs":[[2889,-2888,-2885]],"type":"Polygon","properties":{"NUTS_ID":"ITF65","LEVL_CODE":3,"CNTR_CODE":"IT","NAME_LATN":"Reggio di Calabria","NUTS_NAME":"Reggio di Calabria","MOUNT_TYPE":2,"URBN_TYPE":2,"COAST_TYPE":1,"NAME_ENGL":"Italy","NAME_FREN":"Italie","ISO3_CODE":"ITA","SVRG_UN":"UN Member State","CAPT":"Rome","EU_STAT":"T","EFTA_STAT":"F","CC_STAT":"F","NAME_GERM":"Italien"},"id":"ITF65"},{"arcs":[[[2890,2891,2892]],[[2893]]],"type":"MultiPolygon","properties":{"NUTS_ID":"ITG11","LEVL_CODE":3,"CNTR_CODE":"IT","NAME_LATN":"Trapani","NUTS_NAME":"Trapani","MOUNT_TYPE":4,"URBN_TYPE":2,"COAST_TYPE":1,"NAME_ENGL":"Italy","NAME_FREN":"Italie","ISO3_CODE":"ITA","SVRG_UN":"UN Member State","CAPT":"Rome","EU_STAT":"T","EFTA_STAT":"F","CC_STAT":"F","NAME_GERM":"Italien"},"id":"ITG11"},{"arcs":[[2894,2895,2896,2897,-2892,2898]],"type":"Polygon","properties":{"NUTS_ID":"ITG12","LEVL_CODE":3,"CNTR_CODE":"IT","NAME_LATN":"Palermo","NUTS_NAME":"Palermo","MOUNT_TYPE":3,"URBN_TYPE":1,"COAST_TYPE":1,"NAME_ENGL":"Italy","NAME_FREN":"Italie","ISO3_CODE":"ITA","SVRG_UN":"UN Member State","CAPT":"Rome","EU_STAT":"T","EFTA_STAT":"F","CC_STAT":"F","NAME_GERM":"Italien"},"id":"ITG12"},{"arcs":[[[2899,2900,-2895,2901]],[[2902]]],"type":"MultiPolygon","properties":{"NUTS_ID":"ITG13","LEVL_CODE":3,"CNTR_CODE":"IT","NAME_LATN":"Messina","NUTS_NAME":"Messina","MOUNT_TYPE":3,"URBN_TYPE":2,"COAST_TYPE":1,"NAME_ENGL":"Italy","NAME_FREN":"Italie","ISO3_CODE":"ITA","SVRG_UN":"UN Member State","CAPT":"Rome","EU_STAT":"T","EFTA_STAT":"F","CC_STAT":"F","NAME_GERM":"Italien"},"id":"ITG13"},{"arcs":[[[-2898,2903,2904,-2893]],[[2905]]],"type":"MultiPolygon","properties":{"NUTS_ID":"ITG14","LEVL_CODE":3,"CNTR_CODE":"IT","NAME_LATN":"Agrigento","NUTS_NAME":"Agrigento","MOUNT_TYPE":2,"URBN_TYPE":2,"COAST_TYPE":1,"NAME_ENGL":"Italy","NAME_FREN":"Italie","ISO3_CODE":"ITA","SVRG_UN":"UN Member State","CAPT":"Rome","EU_STAT":"T","EFTA_STAT":"F","CC_STAT":"F","NAME_GERM":"Italien"},"id":"ITG14"},{"arcs":[[2906,2907,2908,2909,-2904,-2897]],"type":"Polygon","properties":{"NUTS_ID":"ITG15","LEVL_CODE":3,"CNTR_CODE":"IT","NAME_LATN":"Caltanissetta","NUTS_NAME":"Caltanissetta","MOUNT_TYPE":3,"URBN_TYPE":1,"COAST_TYPE":1,"NAME_ENGL":"Italy","NAME_FREN":"Italie","ISO3_CODE":"ITA","SVRG_UN":"UN Member State","CAPT":"Rome","EU_STAT":"T","EFTA_STAT":"F","CC_STAT":"F","NAME_GERM":"Italien"},"id":"ITG15"},{"arcs":[[2910,-2907,-2896,-2901]],"type":"Polygon","properties":{"NUTS_ID":"ITG16","LEVL_CODE":3,"CNTR_CODE":"IT","NAME_LATN":"Enna","NUTS_NAME":"Enna","MOUNT_TYPE":3,"URBN_TYPE":2,"COAST_TYPE":2,"NAME_ENGL":"Italy","NAME_FREN":"Italie","ISO3_CODE":"ITA","SVRG_UN":"UN Member State","CAPT":"Rome","EU_STAT":"T","EFTA_STAT":"F","CC_STAT":"F","NAME_GERM":"Italien"},"id":"ITG16"},{"arcs":[[2911,2912,2913,-2908,-2911,-2900]],"type":"Polygon","properties":{"NUTS_ID":"ITG17","LEVL_CODE":3,"CNTR_CODE":"IT","NAME_LATN":"Catania","NUTS_NAME":"Catania","MOUNT_TYPE":3,"URBN_TYPE":1,"COAST_TYPE":1,"NAME_ENGL":"Italy","NAME_FREN":"Italie","ISO3_CODE":"ITA","SVRG_UN":"UN Member State","CAPT":"Rome","EU_STAT":"T","EFTA_STAT":"F","CC_STAT":"F","NAME_GERM":"Italien"},"id":"ITG17"},{"arcs":[[2914,-2909,-2914,2915]],"type":"Polygon","properties":{"NUTS_ID":"ITG18","LEVL_CODE":3,"CNTR_CODE":"IT","NAME_LATN":"Ragusa","NUTS_NAME":"Ragusa","MOUNT_TYPE":4,"URBN_TYPE":2,"COAST_TYPE":1,"NAME_ENGL":"Italy","NAME_FREN":"Italie","ISO3_CODE":"ITA","SVRG_UN":"UN Member State","CAPT":"Rome","EU_STAT":"T","EFTA_STAT":"F","CC_STAT":"F","NAME_GERM":"Italien"},"id":"ITG18"},{"arcs":[[2916,-2916,-2913]],"type":"Polygon","properties":{"NUTS_ID":"ITG19","LEVL_CODE":3,"CNTR_CODE":"IT","NAME_LATN":"Siracusa","NUTS_NAME":"Siracusa","MOUNT_TYPE":4,"URBN_TYPE":1,"COAST_TYPE":1,"NAME_ENGL":"Italy","NAME_FREN":"Italie","ISO3_CODE":"ITA","SVRG_UN":"UN Member State","CAPT":"Rome","EU_STAT":"T","EFTA_STAT":"F","CC_STAT":"F","NAME_GERM":"Italien"},"id":"ITG19"},{"arcs":[[[2917,2918,2919]],[[2920]],[[2921]]],"type":"MultiPolygon","properties":{"NUTS_ID":"ITG2D","LEVL_CODE":3,"CNTR_CODE":"IT","NAME_LATN":"Sassari","NUTS_NAME":"Sassari","MOUNT_TYPE":2,"URBN_TYPE":2,"COAST_TYPE":1,"NAME_ENGL":"Italy","NAME_FREN":"Italie","ISO3_CODE":"ITA","SVRG_UN":"UN Member State","CAPT":"Rome","EU_STAT":"T","EFTA_STAT":"F","CC_STAT":"F","NAME_GERM":"Italien"},"id":"ITG2D"},{"arcs":[[2922,2923,-2918,2924]],"type":"Polygon","properties":{"NUTS_ID":"ITG2E","LEVL_CODE":3,"CNTR_CODE":"IT","NAME_LATN":"Nuoro","NUTS_NAME":"Nuoro","MOUNT_TYPE":3,"URBN_TYPE":3,"COAST_TYPE":1,"NAME_ENGL":"Italy","NAME_FREN":"Italie","ISO3_CODE":"ITA","SVRG_UN":"UN Member State","CAPT":"Rome","EU_STAT":"T","EFTA_STAT":"F","CC_STAT":"F","NAME_GERM":"Italien"},"id":"ITG2E"},{"arcs":[[[2925,2926,2927,2928,-2923]],[[2929]]],"type":"MultiPolygon","properties":{"NUTS_ID":"ITG2H","LEVL_CODE":3,"CNTR_CODE":"IT","NAME_LATN":"Sud Sardegna","NUTS_NAME":"Sud Sardegna","MOUNT_TYPE":2,"URBN_TYPE":3,"COAST_TYPE":1,"NAME_ENGL":"Italy","NAME_FREN":"Italie","ISO3_CODE":"ITA","SVRG_UN":"UN Member State","CAPT":"Rome","EU_STAT":"T","EFTA_STAT":"F","CC_STAT":"F","NAME_GERM":"Italien"},"id":"ITG2H"},{"arcs":[[-2924,-2929,2930,-2919]],"type":"Polygon","properties":{"NUTS_ID":"ITG2G","LEVL_CODE":3,"CNTR_CODE":"IT","NAME_LATN":"Oristano","NUTS_NAME":"Oristano","MOUNT_TYPE":2,"URBN_TYPE":3,"COAST_TYPE":1,"NAME_ENGL":"Italy","NAME_FREN":"Italie","ISO3_CODE":"ITA","SVRG_UN":"UN Member State","CAPT":"Rome","EU_STAT":"T","EFTA_STAT":"F","CC_STAT":"F","NAME_GERM":"Italien"},"id":"ITG2G"},{"arcs":[[-868,2931,2932,2933,-236,-869,-864,-871,-858]],"type":"Polygon","properties":{"NUTS_ID":"ITH10","LEVL_CODE":3,"CNTR_CODE":"IT","NAME_LATN":"Bolzano-Bozen","NUTS_NAME":"Bolzano-Bozen","MOUNT_TYPE":3,"URBN_TYPE":3,"COAST_TYPE":3,"NAME_ENGL":"Italy","NAME_FREN":"Italie","ISO3_CODE":"ITA","SVRG_UN":"UN Member State","CAPT":"Rome","EU_STAT":"T","EFTA_STAT":"F","CC_STAT":"F","NAME_GERM":"Italien"},"id":"ITH10"},{"arcs":[[2934,2935,2936,2937,-2933,2938]],"type":"Polygon","properties":{"NUTS_ID":"ITH20","LEVL_CODE":3,"CNTR_CODE":"IT","NAME_LATN":"Trento","NUTS_NAME":"Trento","MOUNT_TYPE":3,"URBN_TYPE":2,"COAST_TYPE":3,"NAME_ENGL":"Italy","NAME_FREN":"Italie","ISO3_CODE":"ITA","SVRG_UN":"UN Member State","CAPT":"Rome","EU_STAT":"T","EFTA_STAT":"F","CC_STAT":"F","NAME_GERM":"Italien"},"id":"ITH20"},{"arcs":[[2939,2940,2941,2942,2943,-2936]],"type":"Polygon","properties":{"NUTS_ID":"ITH31","LEVL_CODE":3,"CNTR_CODE":"IT","NAME_LATN":"Verona","NUTS_NAME":"Verona","MOUNT_TYPE":4,"URBN_TYPE":2,"COAST_TYPE":3,"NAME_ENGL":"Italy","NAME_FREN":"Italie","ISO3_CODE":"ITA","SVRG_UN":"UN Member State","CAPT":"Rome","EU_STAT":"T","EFTA_STAT":"F","CC_STAT":"F","NAME_GERM":"Italien"},"id":"ITH31"},{"arcs":[[2944,2945,-2940,-2935,2946]],"type":"Polygon","properties":{"NUTS_ID":"ITH32","LEVL_CODE":3,"CNTR_CODE":"IT","NAME_LATN":"Vicenza","NUTS_NAME":"Vicenza","MOUNT_TYPE":2,"URBN_TYPE":2,"COAST_TYPE":3,"NAME_ENGL":"Italy","NAME_FREN":"Italie","ISO3_CODE":"ITA","SVRG_UN":"UN Member State","CAPT":"Rome","EU_STAT":"T","EFTA_STAT":"F","CC_STAT":"F","NAME_GERM":"Italien"},"id":"ITH32"},{"arcs":[[-818,2947,2948,2949,-2947,-2939,-2932,-867]],"type":"Polygon","properties":{"NUTS_ID":"ITH33","LEVL_CODE":3,"CNTR_CODE":"IT","NAME_LATN":"Belluno","NUTS_NAME":"Belluno","MOUNT_TYPE":3,"URBN_TYPE":3,"COAST_TYPE":3,"NAME_ENGL":"Italy","NAME_FREN":"Italie","ISO3_CODE":"ITA","SVRG_UN":"UN Member State","CAPT":"Rome","EU_STAT":"T","EFTA_STAT":"F","CC_STAT":"F","NAME_GERM":"Italien"},"id":"ITH33"},{"arcs":[[2950,2951,2952,-2945,-2950]],"type":"Polygon","properties":{"NUTS_ID":"ITH34","LEVL_CODE":3,"CNTR_CODE":"IT","NAME_LATN":"Treviso","NUTS_NAME":"Treviso","MOUNT_TYPE":4,"URBN_TYPE":2,"COAST_TYPE":2,"NAME_ENGL":"Italy","NAME_FREN":"Italie","ISO3_CODE":"ITA","SVRG_UN":"UN Member State","CAPT":"Rome","EU_STAT":"T","EFTA_STAT":"F","CC_STAT":"F","NAME_GERM":"Italien"},"id":"ITH34"},{"arcs":[[[2953,2954,-2952,2955,2956]],[[2957,2958,2959]]],"type":"MultiPolygon","properties":{"NUTS_ID":"ITH35","LEVL_CODE":3,"CNTR_CODE":"IT","NAME_LATN":"Venezia","NUTS_NAME":"Venezia","MOUNT_TYPE":4,"URBN_TYPE":1,"COAST_TYPE":1,"NAME_ENGL":"Italy","NAME_FREN":"Italie","ISO3_CODE":"ITA","SVRG_UN":"UN Member State","CAPT":"Rome","EU_STAT":"T","EFTA_STAT":"F","CC_STAT":"F","NAME_GERM":"Italien"},"id":"ITH35"},{"arcs":[[-2955,2960,-2959,2961,-2941,-2946,-2953]],"type":"Polygon","properties":{"NUTS_ID":"ITH36","LEVL_CODE":3,"CNTR_CODE":"IT","NAME_LATN":"Padova","NUTS_NAME":"Padova","MOUNT_TYPE":4,"URBN_TYPE":2,"COAST_TYPE":1,"NAME_ENGL":"Italy","NAME_FREN":"Italie","ISO3_CODE":"ITA","SVRG_UN":"UN Member State","CAPT":"Rome","EU_STAT":"T","EFTA_STAT":"F","CC_STAT":"F","NAME_GERM":"Italien"},"id":"ITH36"},{"arcs":[[2962,2963,-2942,-2962,-2958,2964]],"type":"Polygon","properties":{"NUTS_ID":"ITH37","LEVL_CODE":3,"CNTR_CODE":"IT","NAME_LATN":"Rovigo","NUTS_NAME":"Rovigo","MOUNT_TYPE":4,"URBN_TYPE":3,"COAST_TYPE":1,"NAME_ENGL":"Italy","NAME_FREN":"Italie","ISO3_CODE":"ITA","SVRG_UN":"UN Member State","CAPT":"Rome","EU_STAT":"T","EFTA_STAT":"F","CC_STAT":"F","NAME_GERM":"Italien"},"id":"ITH37"},{"arcs":[[-2956,-2951,-2949,2965]],"type":"Polygon","properties":{"NUTS_ID":"ITH41","LEVL_CODE":3,"CNTR_CODE":"IT","NAME_LATN":"Pordenone","NUTS_NAME":"Pordenone","MOUNT_TYPE":4,"URBN_TYPE":2,"COAST_TYPE":2,"NAME_ENGL":"Italy","NAME_FREN":"Italie","ISO3_CODE":"ITA","SVRG_UN":"UN Member State","CAPT":"Rome","EU_STAT":"T","EFTA_STAT":"F","CC_STAT":"F","NAME_GERM":"Italien"},"id":"ITH41"},{"arcs":[[-812,-2853,-2858,2966,2967,-2957,-2966,-2948,-817]],"type":"Polygon","properties":{"NUTS_ID":"ITH42","LEVL_CODE":3,"CNTR_CODE":"IT","NAME_LATN":"Udine","NUTS_NAME":"Udine","MOUNT_TYPE":2,"URBN_TYPE":2,"COAST_TYPE":1,"NAME_ENGL":"Italy","NAME_FREN":"Italie","ISO3_CODE":"ITA","SVRG_UN":"UN Member State","CAPT":"Rome","EU_STAT":"T","EFTA_STAT":"F","CC_STAT":"F","NAME_GERM":"Italien"},"id":"ITH42"},{"arcs":[[-2864,2968,2969,-2967,-2857]],"type":"Polygon","properties":{"NUTS_ID":"ITH43","LEVL_CODE":3,"CNTR_CODE":"IT","NAME_LATN":"Gorizia","NUTS_NAME":"Gorizia","MOUNT_TYPE":4,"URBN_TYPE":1,"COAST_TYPE":1,"NAME_ENGL":"Italy","NAME_FREN":"Italie","ISO3_CODE":"ITA","SVRG_UN":"UN Member State","CAPT":"Rome","EU_STAT":"T","EFTA_STAT":"F","CC_STAT":"F","NAME_GERM":"Italien"},"id":"ITH43"},{"arcs":[[2970,-2969,-2863]],"type":"Polygon","properties":{"NUTS_ID":"ITH44","LEVL_CODE":3,"CNTR_CODE":"IT","NAME_LATN":"Trieste","NUTS_NAME":"Trieste","MOUNT_TYPE":2,"URBN_TYPE":1,"COAST_TYPE":1,"NAME_ENGL":"Italy","NAME_FREN":"Italie","ISO3_CODE":"ITA","SVRG_UN":"UN Member State","CAPT":"Rome","EU_STAT":"T","EFTA_STAT":"F","CC_STAT":"F","NAME_GERM":"Italien"},"id":"ITH44"},{"arcs":[[2971,2972,2973,2974,2975,2976]],"type":"Polygon","properties":{"NUTS_ID":"ITH51","LEVL_CODE":3,"CNTR_CODE":"IT","NAME_LATN":"Piacenza","NUTS_NAME":"Piacenza","MOUNT_TYPE":2,"URBN_TYPE":2,"COAST_TYPE":3,"NAME_ENGL":"Italy","NAME_FREN":"Italie","ISO3_CODE":"ITA","SVRG_UN":"UN Member State","CAPT":"Rome","EU_STAT":"T","EFTA_STAT":"F","CC_STAT":"F","NAME_GERM":"Italien"},"id":"ITH51"},{"arcs":[[2977,2978,2979,2980,2981,-2973,2982]],"type":"Polygon","properties":{"NUTS_ID":"ITH52","LEVL_CODE":3,"CNTR_CODE":"IT","NAME_LATN":"Parma","NUTS_NAME":"Parma","MOUNT_TYPE":2,"URBN_TYPE":2,"COAST_TYPE":3,"NAME_ENGL":"Italy","NAME_FREN":"Italie","ISO3_CODE":"ITA","SVRG_UN":"UN Member State","CAPT":"Rome","EU_STAT":"T","EFTA_STAT":"F","CC_STAT":"F","NAME_GERM":"Italien"},"id":"ITH52"},{"arcs":[[2983,2984,2985,-2979,2986]],"type":"Polygon","properties":{"NUTS_ID":"ITH53","LEVL_CODE":3,"CNTR_CODE":"IT","NAME_LATN":"Reggio nell’Emilia","NUTS_NAME":"Reggio nell’Emilia","MOUNT_TYPE":4,"URBN_TYPE":2,"COAST_TYPE":3,"NAME_ENGL":"Italy","NAME_FREN":"Italie","ISO3_CODE":"ITA","SVRG_UN":"UN Member State","CAPT":"Rome","EU_STAT":"T","EFTA_STAT":"F","CC_STAT":"F","NAME_GERM":"Italien"},"id":"ITH53"},{"arcs":[[2987,2988,2989,-2984,2990,2991]],"type":"Polygon","properties":{"NUTS_ID":"ITH54","LEVL_CODE":3,"CNTR_CODE":"IT","NAME_LATN":"Modena","NUTS_NAME":"Modena","MOUNT_TYPE":4,"URBN_TYPE":2,"COAST_TYPE":3,"NAME_ENGL":"Italy","NAME_FREN":"Italie","ISO3_CODE":"ITA","SVRG_UN":"UN Member State","CAPT":"Rome","EU_STAT":"T","EFTA_STAT":"F","CC_STAT":"F","NAME_GERM":"Italien"},"id":"ITH54"},{"arcs":[[2992,2993,2994,2995,-2988,2996]],"type":"Polygon","properties":{"NUTS_ID":"ITH55","LEVL_CODE":3,"CNTR_CODE":"IT","NAME_LATN":"Bologna","NUTS_NAME":"Bologna","MOUNT_TYPE":4,"URBN_TYPE":2,"COAST_TYPE":3,"NAME_ENGL":"Italy","NAME_FREN":"Italie","ISO3_CODE":"ITA","SVRG_UN":"UN Member State","CAPT":"Rome","EU_STAT":"T","EFTA_STAT":"F","CC_STAT":"F","NAME_GERM":"Italien"},"id":"ITH55"},{"arcs":[[2997,2998,-2997,-2992,2999,-2963]],"type":"Polygon","properties":{"NUTS_ID":"ITH56","LEVL_CODE":3,"CNTR_CODE":"IT","NAME_LATN":"Ferrara","NUTS_NAME":"Ferrara","MOUNT_TYPE":4,"URBN_TYPE":2,"COAST_TYPE":1,"NAME_ENGL":"Italy","NAME_FREN":"Italie","ISO3_CODE":"ITA","SVRG_UN":"UN Member State","CAPT":"Rome","EU_STAT":"T","EFTA_STAT":"F","CC_STAT":"F","NAME_GERM":"Italien"},"id":"ITH56"},{"arcs":[[3000,3001,-2993,-2999,3002]],"type":"Polygon","properties":{"NUTS_ID":"ITH57","LEVL_CODE":3,"CNTR_CODE":"IT","NAME_LATN":"Ravenna","NUTS_NAME":"Ravenna","MOUNT_TYPE":4,"URBN_TYPE":2,"COAST_TYPE":1,"NAME_ENGL":"Italy","NAME_FREN":"Italie","ISO3_CODE":"ITA","SVRG_UN":"UN Member State","CAPT":"Rome","EU_STAT":"T","EFTA_STAT":"F","CC_STAT":"F","NAME_GERM":"Italien"},"id":"ITH57"},{"arcs":[[3003,3004,3005,3006,-3001]],"type":"Polygon","properties":{"NUTS_ID":"ITH58","LEVL_CODE":3,"CNTR_CODE":"IT","NAME_LATN":"Forlì-Cesena","NUTS_NAME":"Forlì-Cesena","MOUNT_TYPE":2,"URBN_TYPE":2,"COAST_TYPE":1,"NAME_ENGL":"Italy","NAME_FREN":"Italie","ISO3_CODE":"ITA","SVRG_UN":"UN Member State","CAPT":"Rome","EU_STAT":"T","EFTA_STAT":"F","CC_STAT":"F","NAME_GERM":"Italien"},"id":"ITH58"},{"arcs":[[3007,3008,3009,3010,-3005,3011]],"type":"Polygon","properties":{"NUTS_ID":"ITH59","LEVL_CODE":3,"CNTR_CODE":"IT","NAME_LATN":"Rimini","NUTS_NAME":"Rimini","MOUNT_TYPE":4,"URBN_TYPE":1,"COAST_TYPE":1,"NAME_ENGL":"Italy","NAME_FREN":"Italie","ISO3_CODE":"ITA","SVRG_UN":"UN Member State","CAPT":"Rome","EU_STAT":"T","EFTA_STAT":"F","CC_STAT":"F","NAME_GERM":"Italien"},"id":"ITH59"},{"arcs":[[-2986,3012,3013,3014,-2980]],"type":"Polygon","properties":{"NUTS_ID":"ITI11","LEVL_CODE":3,"CNTR_CODE":"IT","NAME_LATN":"Massa-Carrara","NUTS_NAME":"Massa-Carrara","MOUNT_TYPE":2,"URBN_TYPE":2,"COAST_TYPE":1,"NAME_ENGL":"Italy","NAME_FREN":"Italie","ISO3_CODE":"ITA","SVRG_UN":"UN Member State","CAPT":"Rome","EU_STAT":"T","EFTA_STAT":"F","CC_STAT":"F","NAME_GERM":"Italien"},"id":"ITI11"},{"arcs":[[-2990,3015,3016,3017,3018,-3013,-2985]],"type":"Polygon","properties":{"NUTS_ID":"ITI12","LEVL_CODE":3,"CNTR_CODE":"IT","NAME_LATN":"Lucca","NUTS_NAME":"Lucca","MOUNT_TYPE":2,"URBN_TYPE":2,"COAST_TYPE":1,"NAME_ENGL":"Italy","NAME_FREN":"Italie","ISO3_CODE":"ITA","SVRG_UN":"UN Member State","CAPT":"Rome","EU_STAT":"T","EFTA_STAT":"F","CC_STAT":"F","NAME_GERM":"Italien"},"id":"ITI12"},{"arcs":[[-2996,3019,3020,-3016,-2989]],"type":"Polygon","properties":{"NUTS_ID":"ITI13","LEVL_CODE":3,"CNTR_CODE":"IT","NAME_LATN":"Pistoia","NUTS_NAME":"Pistoia","MOUNT_TYPE":2,"URBN_TYPE":1,"COAST_TYPE":3,"NAME_ENGL":"Italy","NAME_FREN":"Italie","ISO3_CODE":"ITA","SVRG_UN":"UN Member State","CAPT":"Rome","EU_STAT":"T","EFTA_STAT":"F","CC_STAT":"F","NAME_GERM":"Italien"},"id":"ITI13"},{"arcs":[[-3002,-3007,3021,3022,3023,-3017,-3021,3024,-2994]],"type":"Polygon","properties":{"NUTS_ID":"ITI14","LEVL_CODE":3,"CNTR_CODE":"IT","NAME_LATN":"Firenze","NUTS_NAME":"Firenze","MOUNT_TYPE":2,"URBN_TYPE":1,"COAST_TYPE":3,"NAME_ENGL":"Italy","NAME_FREN":"Italie","ISO3_CODE":"ITA","SVRG_UN":"UN Member State","CAPT":"Rome","EU_STAT":"T","EFTA_STAT":"F","CC_STAT":"F","NAME_GERM":"Italien"},"id":"ITI14"},{"arcs":[[-3020,-2995,-3025]],"type":"Polygon","properties":{"NUTS_ID":"ITI15","LEVL_CODE":3,"CNTR_CODE":"IT","NAME_LATN":"Prato","NUTS_NAME":"Prato","MOUNT_TYPE":2,"URBN_TYPE":1,"COAST_TYPE":3,"NAME_ENGL":"Italy","NAME_FREN":"Italie","ISO3_CODE":"ITA","SVRG_UN":"UN Member State","CAPT":"Rome","EU_STAT":"T","EFTA_STAT":"F","CC_STAT":"F","NAME_GERM":"Italien"},"id":"ITI15"},{"arcs":[[[3025,3026,3027]],[[3028]],[[3029]]],"type":"MultiPolygon","properties":{"NUTS_ID":"ITI16","LEVL_CODE":3,"CNTR_CODE":"IT","NAME_LATN":"Livorno","NUTS_NAME":"Livorno","MOUNT_TYPE":4,"URBN_TYPE":2,"COAST_TYPE":1,"NAME_ENGL":"Italy","NAME_FREN":"Italie","ISO3_CODE":"ITA","SVRG_UN":"UN Member State","CAPT":"Rome","EU_STAT":"T","EFTA_STAT":"F","CC_STAT":"F","NAME_GERM":"Italien"},"id":"ITI16"},{"arcs":[[-3024,3030,3031,-3027,3032,-3018]],"type":"Polygon","properties":{"NUTS_ID":"ITI17","LEVL_CODE":3,"CNTR_CODE":"IT","NAME_LATN":"Pisa","NUTS_NAME":"Pisa","MOUNT_TYPE":4,"URBN_TYPE":2,"COAST_TYPE":1,"NAME_ENGL":"Italy","NAME_FREN":"Italie","ISO3_CODE":"ITA","SVRG_UN":"UN Member State","CAPT":"Rome","EU_STAT":"T","EFTA_STAT":"F","CC_STAT":"F","NAME_GERM":"Italien"},"id":"ITI17"},{"arcs":[[-3011,3033,3034,3035,-3022,-3006]],"type":"Polygon","properties":{"NUTS_ID":"ITI18","LEVL_CODE":3,"CNTR_CODE":"IT","NAME_LATN":"Arezzo","NUTS_NAME":"Arezzo","MOUNT_TYPE":2,"URBN_TYPE":2,"COAST_TYPE":3,"NAME_ENGL":"Italy","NAME_FREN":"Italie","ISO3_CODE":"ITA","SVRG_UN":"UN Member State","CAPT":"Rome","EU_STAT":"T","EFTA_STAT":"F","CC_STAT":"F","NAME_GERM":"Italien"},"id":"ITI18"},{"arcs":[[3036,3037,3038,3039,-3031,-3023,-3036]],"type":"Polygon","properties":{"NUTS_ID":"ITI19","LEVL_CODE":3,"CNTR_CODE":"IT","NAME_LATN":"Siena","NUTS_NAME":"Siena","MOUNT_TYPE":2,"URBN_TYPE":3,"COAST_TYPE":3,"NAME_ENGL":"Italy","NAME_FREN":"Italie","ISO3_CODE":"ITA","SVRG_UN":"UN Member State","CAPT":"Rome","EU_STAT":"T","EFTA_STAT":"F","CC_STAT":"F","NAME_GERM":"Italien"},"id":"ITI19"},{"arcs":[[[3040,-3028,-3032,-3040,3041]],[[3042]]],"type":"MultiPolygon","properties":{"NUTS_ID":"ITI1A","LEVL_CODE":3,"CNTR_CODE":"IT","NAME_LATN":"Grosseto","NUTS_NAME":"Grosseto","MOUNT_TYPE":4,"URBN_TYPE":3,"COAST_TYPE":1,"NAME_ENGL":"Italy","NAME_FREN":"Italie","ISO3_CODE":"ITA","SVRG_UN":"UN Member State","CAPT":"Rome","EU_STAT":"T","EFTA_STAT":"F","CC_STAT":"F","NAME_GERM":"Italien"},"id":"ITI1A"},{"arcs":[[3043,3044,3045,3046,3047,-3037,-3035,3048]],"type":"Polygon","properties":{"NUTS_ID":"ITI21","LEVL_CODE":3,"CNTR_CODE":"IT","NAME_LATN":"Perugia","NUTS_NAME":"Perugia","MOUNT_TYPE":2,"URBN_TYPE":2,"COAST_TYPE":3,"NAME_ENGL":"Italy","NAME_FREN":"Italie","ISO3_CODE":"ITA","SVRG_UN":"UN Member State","CAPT":"Rome","EU_STAT":"T","EFTA_STAT":"F","CC_STAT":"F","NAME_GERM":"Italien"},"id":"ITI21"},{"arcs":[[3049,3050,-3038,-3048]],"type":"Polygon","properties":{"NUTS_ID":"ITI22","LEVL_CODE":3,"CNTR_CODE":"IT","NAME_LATN":"Terni","NUTS_NAME":"Terni","MOUNT_TYPE":2,"URBN_TYPE":2,"COAST_TYPE":3,"NAME_ENGL":"Italy","NAME_FREN":"Italie","ISO3_CODE":"ITA","SVRG_UN":"UN Member State","CAPT":"Rome","EU_STAT":"T","EFTA_STAT":"F","CC_STAT":"F","NAME_GERM":"Italien"},"id":"ITI22"},{"arcs":[[3051,-3049,-3034,-3010,3052,-3008,3053]],"type":"Polygon","properties":{"NUTS_ID":"ITI31","LEVL_CODE":3,"CNTR_CODE":"IT","NAME_LATN":"Pesaro e Urbino","NUTS_NAME":"Pesaro e Urbino","MOUNT_TYPE":2,"URBN_TYPE":2,"COAST_TYPE":1,"NAME_ENGL":"Italy","NAME_FREN":"Italie","ISO3_CODE":"ITA","SVRG_UN":"UN Member State","CAPT":"Rome","EU_STAT":"T","EFTA_STAT":"F","CC_STAT":"F","NAME_GERM":"Italien"},"id":"ITI31"},{"arcs":[[3054,-3044,-3052,3055]],"type":"Polygon","properties":{"NUTS_ID":"ITI32","LEVL_CODE":3,"CNTR_CODE":"IT","NAME_LATN":"Ancona","NUTS_NAME":"Ancona","MOUNT_TYPE":4,"URBN_TYPE":2,"COAST_TYPE":1,"NAME_ENGL":"Italy","NAME_FREN":"Italie","ISO3_CODE":"ITA","SVRG_UN":"UN Member State","CAPT":"Rome","EU_STAT":"T","EFTA_STAT":"F","CC_STAT":"F","NAME_GERM":"Italien"},"id":"ITI32"},{"arcs":[[3056,3057,-3045,-3055,3058]],"type":"Polygon","properties":{"NUTS_ID":"ITI33","LEVL_CODE":3,"CNTR_CODE":"IT","NAME_LATN":"Macerata","NUTS_NAME":"Macerata","MOUNT_TYPE":2,"URBN_TYPE":2,"COAST_TYPE":1,"NAME_ENGL":"Italy","NAME_FREN":"Italie","ISO3_CODE":"ITA","SVRG_UN":"UN Member State","CAPT":"Rome","EU_STAT":"T","EFTA_STAT":"F","CC_STAT":"F","NAME_GERM":"Italien"},"id":"ITI33"},{"arcs":[[-2827,3059,-3046,-3058,3060,3061]],"type":"Polygon","properties":{"NUTS_ID":"ITI34","LEVL_CODE":3,"CNTR_CODE":"IT","NAME_LATN":"Ascoli Piceno","NUTS_NAME":"Ascoli Piceno","MOUNT_TYPE":2,"URBN_TYPE":2,"COAST_TYPE":1,"NAME_ENGL":"Italy","NAME_FREN":"Italie","ISO3_CODE":"ITA","SVRG_UN":"UN Member State","CAPT":"Rome","EU_STAT":"T","EFTA_STAT":"F","CC_STAT":"F","NAME_GERM":"Italien"},"id":"ITI34"},{"arcs":[[-3061,-3057,3062]],"type":"Polygon","properties":{"NUTS_ID":"ITI35","LEVL_CODE":3,"CNTR_CODE":"IT","NAME_LATN":"Fermo","NUTS_NAME":"Fermo","MOUNT_TYPE":4,"URBN_TYPE":2,"COAST_TYPE":1,"NAME_ENGL":"Italy","NAME_FREN":"Italie","ISO3_CODE":"ITA","SVRG_UN":"UN Member State","CAPT":"Rome","EU_STAT":"T","EFTA_STAT":"F","CC_STAT":"F","NAME_GERM":"Italien"},"id":"ITI35"},{"arcs":[[3063,3064,3065,-3042,-3039,-3051]],"type":"Polygon","properties":{"NUTS_ID":"ITI41","LEVL_CODE":3,"CNTR_CODE":"IT","NAME_LATN":"Viterbo","NUTS_NAME":"Viterbo","MOUNT_TYPE":1,"URBN_TYPE":3,"COAST_TYPE":1,"NAME_ENGL":"Italy","NAME_FREN":"Italie","ISO3_CODE":"ITA","SVRG_UN":"UN Member State","CAPT":"Rome","EU_STAT":"T","EFTA_STAT":"F","CC_STAT":"F","NAME_GERM":"Italien"},"id":"ITI41"},{"arcs":[[-2826,-2823,3066,-3064,-3050,-3047,-3060]],"type":"Polygon","properties":{"NUTS_ID":"ITI42","LEVL_CODE":3,"CNTR_CODE":"IT","NAME_LATN":"Rieti","NUTS_NAME":"Rieti","MOUNT_TYPE":3,"URBN_TYPE":3,"COAST_TYPE":3,"NAME_ENGL":"Italy","NAME_FREN":"Italie","ISO3_CODE":"ITA","SVRG_UN":"UN Member State","CAPT":"Rome","EU_STAT":"T","EFTA_STAT":"F","CC_STAT":"F","NAME_GERM":"Italien"},"id":"ITI42"},{"arcs":[[-2822,3067,3068,3069,-3065,-3067],[3070]],"type":"Polygon","properties":{"NUTS_ID":"ITI43","LEVL_CODE":3,"CNTR_CODE":"IT","NAME_LATN":"Roma","NUTS_NAME":"Roma","MOUNT_TYPE":4,"URBN_TYPE":1,"COAST_TYPE":1,"NAME_ENGL":"Italy","NAME_FREN":"Italie","ISO3_CODE":"ITA","SVRG_UN":"UN Member State","CAPT":"Rome","EU_STAT":"T","EFTA_STAT":"F","CC_STAT":"F","NAME_GERM":"Italien"},"id":"ITI43"},{"arcs":[[3071,-2843,3072,-3069]],"type":"Polygon","properties":{"NUTS_ID":"ITI44","LEVL_CODE":3,"CNTR_CODE":"IT","NAME_LATN":"Latina","NUTS_NAME":"Latina","MOUNT_TYPE":4,"URBN_TYPE":2,"COAST_TYPE":1,"NAME_ENGL":"Italy","NAME_FREN":"Italie","ISO3_CODE":"ITA","SVRG_UN":"UN Member State","CAPT":"Rome","EU_STAT":"T","EFTA_STAT":"F","CC_STAT":"F","NAME_GERM":"Italien"},"id":"ITI44"},{"arcs":[[-2836,-2844,-3072,-3068,-2821]],"type":"Polygon","properties":{"NUTS_ID":"ITI45","LEVL_CODE":3,"CNTR_CODE":"IT","NAME_LATN":"Frosinone","NUTS_NAME":"Frosinone","MOUNT_TYPE":2,"URBN_TYPE":2,"COAST_TYPE":2,"NAME_ENGL":"Italy","NAME_FREN":"Italie","ISO3_CODE":"ITA","SVRG_UN":"UN Member State","CAPT":"Rome","EU_STAT":"T","EFTA_STAT":"F","CC_STAT":"F","NAME_GERM":"Italien"},"id":"ITI45"},{"arcs":[[-226,-875,-872,-242]],"type":"Polygon","properties":{"NUTS_ID":"LI000","LEVL_CODE":3,"CNTR_CODE":"LI","NAME_LATN":"Liechtenstein","NUTS_NAME":"Liechtenstein","MOUNT_TYPE":3,"URBN_TYPE":1,"COAST_TYPE":3,"NAME_ENGL":"Liechtenstein","NAME_FREN":"Liechtenstein","ISO3_CODE":"LIE","SVRG_UN":"UN Member State","CAPT":"Vaduz","EU_STAT":"F","EFTA_STAT":"T","CC_STAT":"F","NAME_GERM":"Liechtenstein"},"id":"LI000"},{"arcs":[[3073,-2659,-2661,-2674,-2685]],"type":"Polygon","properties":{"NUTS_ID":"LT011","LEVL_CODE":3,"CNTR_CODE":"LT","NAME_LATN":"Vilniaus apskritis","NUTS_NAME":"Vilniaus apskritis","MOUNT_TYPE":4,"URBN_TYPE":1,"COAST_TYPE":3,"NAME_ENGL":"Lithuania","NAME_FREN":"Lituanie","ISO3_CODE":"LTU","SVRG_UN":"UN Member State","CAPT":"Vilnius","EU_STAT":"T","EFTA_STAT":"F","CC_STAT":"F","NAME_GERM":"Litauen"},"id":"LT011"},{"arcs":[[3074,3075,3076,3077,3078]],"type":"Polygon","properties":{"NUTS_ID":"SE231","LEVL_CODE":3,"CNTR_CODE":"SE","NAME_LATN":"Hallands län","NUTS_NAME":"Hallands län","MOUNT_TYPE":4,"URBN_TYPE":2,"COAST_TYPE":1,"NAME_ENGL":"Sweden","NAME_FREN":"Suède","ISO3_CODE":"SWE","SVRG_UN":"UN Member State","CAPT":"Stockholm","EU_STAT":"T","EFTA_STAT":"F","CC_STAT":"F","NAME_GERM":"Schweden"},"id":"SE231"},{"arcs":[[3079,3080,3081,-3079,3082,-2441,3083]],"type":"Polygon","properties":{"NUTS_ID":"SE232","LEVL_CODE":3,"CNTR_CODE":"SE","NAME_LATN":"Västra Götalands län","NUTS_NAME":"Västra Götalands län","MOUNT_TYPE":4,"URBN_TYPE":1,"COAST_TYPE":1,"NAME_ENGL":"Sweden","NAME_FREN":"Suède","ISO3_CODE":"SWE","SVRG_UN":"UN Member State","CAPT":"Stockholm","EU_STAT":"T","EFTA_STAT":"F","CC_STAT":"F","NAME_GERM":"Schweden"},"id":"SE232"},{"arcs":[[3084,-3084,-2440,-2438,3085]],"type":"Polygon","properties":{"NUTS_ID":"SE311","LEVL_CODE":3,"CNTR_CODE":"SE","NAME_LATN":"Värmlands län","NUTS_NAME":"Värmlands län","MOUNT_TYPE":4,"URBN_TYPE":2,"COAST_TYPE":3,"NAME_ENGL":"Sweden","NAME_FREN":"Suède","ISO3_CODE":"SWE","SVRG_UN":"UN Member State","CAPT":"Stockholm","EU_STAT":"T","EFTA_STAT":"F","CC_STAT":"F","NAME_GERM":"Schweden"},"id":"SE311"},{"arcs":[[-2630,3086,3087,-3086,-2437,-2637]],"type":"Polygon","properties":{"NUTS_ID":"SE312","LEVL_CODE":3,"CNTR_CODE":"SE","NAME_LATN":"Dalarnas län","NUTS_NAME":"Dalarnas län","MOUNT_TYPE":4,"URBN_TYPE":3,"COAST_TYPE":3,"NAME_ENGL":"Sweden","NAME_FREN":"Suède","ISO3_CODE":"SWE","SVRG_UN":"UN Member State","CAPT":"Stockholm","EU_STAT":"T","EFTA_STAT":"F","CC_STAT":"F","NAME_GERM":"Schweden"},"id":"SE312"},{"arcs":[[3088,3089,3090,3091]],"type":"Polygon","properties":{"NUTS_ID":"PT16D","LEVL_CODE":3,"CNTR_CODE":"PT","NAME_LATN":"Região de Aveiro","NUTS_NAME":"Região de Aveiro","MOUNT_TYPE":4,"URBN_TYPE":2,"COAST_TYPE":1,"NAME_ENGL":"Portugal","NAME_FREN":"Portugal","ISO3_CODE":"PRT","SVRG_UN":"UN Member State","CAPT":"Lisbon","EU_STAT":"T","EFTA_STAT":"F","CC_STAT":"F","NAME_GERM":"Portugal"},"id":"PT16D"},{"arcs":[[3092,3093,3094,3095,3096,3097,-3090]],"type":"Polygon","properties":{"NUTS_ID":"PT16E","LEVL_CODE":3,"CNTR_CODE":"PT","NAME_LATN":"Região de Coimbra","NUTS_NAME":"Região de Coimbra","MOUNT_TYPE":4,"URBN_TYPE":3,"COAST_TYPE":1,"NAME_ENGL":"Portugal","NAME_FREN":"Portugal","ISO3_CODE":"PRT","SVRG_UN":"UN Member State","CAPT":"Lisbon","EU_STAT":"T","EFTA_STAT":"F","CC_STAT":"F","NAME_GERM":"Portugal"},"id":"PT16E"},{"arcs":[[3098,3099,3100,3101,-3097]],"type":"Polygon","properties":{"NUTS_ID":"PT16F","LEVL_CODE":3,"CNTR_CODE":"PT","NAME_LATN":"Região de Leiria","NUTS_NAME":"Região de Leiria","MOUNT_TYPE":4,"URBN_TYPE":3,"COAST_TYPE":1,"NAME_ENGL":"Portugal","NAME_FREN":"Portugal","ISO3_CODE":"PRT","SVRG_UN":"UN Member State","CAPT":"Lisbon","EU_STAT":"T","EFTA_STAT":"F","CC_STAT":"F","NAME_GERM":"Portugal"},"id":"PT16F"},{"arcs":[[3102,-3093,-3089,3103,3104,3105]],"type":"Polygon","properties":{"NUTS_ID":"PT16G","LEVL_CODE":3,"CNTR_CODE":"PT","NAME_LATN":"Viseu Dão Lafões","NUTS_NAME":"Viseu Dão Lafões","MOUNT_TYPE":3,"URBN_TYPE":3,"COAST_TYPE":3,"NAME_ENGL":"Portugal","NAME_FREN":"Portugal","ISO3_CODE":"PRT","SVRG_UN":"UN Member State","CAPT":"Lisbon","EU_STAT":"T","EFTA_STAT":"F","CC_STAT":"F","NAME_GERM":"Portugal"},"id":"PT16G"},{"arcs":[[-2575,3106,3107,-3095,3108]],"type":"Polygon","properties":{"NUTS_ID":"PT16H","LEVL_CODE":3,"CNTR_CODE":"PT","NAME_LATN":"Beira Baixa","NUTS_NAME":"Beira Baixa","MOUNT_TYPE":4,"URBN_TYPE":3,"COAST_TYPE":3,"NAME_ENGL":"Portugal","NAME_FREN":"Portugal","ISO3_CODE":"PRT","SVRG_UN":"UN Member State","CAPT":"Lisbon","EU_STAT":"T","EFTA_STAT":"F","CC_STAT":"F","NAME_GERM":"Portugal"},"id":"PT16H"},{"arcs":[[3109,3110,-3099,-3096,-3108]],"type":"Polygon","properties":{"NUTS_ID":"PT16I","LEVL_CODE":3,"CNTR_CODE":"PT","NAME_LATN":"Médio Tejo","NUTS_NAME":"Médio Tejo","MOUNT_TYPE":4,"URBN_TYPE":3,"COAST_TYPE":3,"NAME_ENGL":"Portugal","NAME_FREN":"Portugal","ISO3_CODE":"PRT","SVRG_UN":"UN Member State","CAPT":"Lisbon","EU_STAT":"T","EFTA_STAT":"F","CC_STAT":"F","NAME_GERM":"Portugal"},"id":"PT16I"},{"arcs":[[-2576,-3109,-3094,-3103,3111,-2535]],"type":"Polygon","properties":{"NUTS_ID":"PT16J","LEVL_CODE":3,"CNTR_CODE":"PT","NAME_LATN":"Beiras e Serra da Estrela","NUTS_NAME":"Beiras e Serra da Estrela","MOUNT_TYPE":3,"URBN_TYPE":3,"COAST_TYPE":3,"NAME_ENGL":"Portugal","NAME_FREN":"Portugal","ISO3_CODE":"PRT","SVRG_UN":"UN Member State","CAPT":"Lisbon","EU_STAT":"T","EFTA_STAT":"F","CC_STAT":"F","NAME_GERM":"Portugal"},"id":"PT16J"},{"arcs":[[3112,3113,3114,3115,3116]],"type":"Polygon","properties":{"NUTS_ID":"PT170","LEVL_CODE":3,"CNTR_CODE":"PT","NAME_LATN":"Área Metropolitana de Lisboa","NUTS_NAME":"Área Metropolitana de Lisboa","MOUNT_TYPE":4,"URBN_TYPE":1,"COAST_TYPE":1,"NAME_ENGL":"Portugal","NAME_FREN":"Portugal","ISO3_CODE":"PRT","SVRG_UN":"UN Member State","CAPT":"Lisbon","EU_STAT":"T","EFTA_STAT":"F","CC_STAT":"F","NAME_GERM":"Portugal"},"id":"PT170"},{"arcs":[[3117,3118,3119,-3115,3120]],"type":"Polygon","properties":{"NUTS_ID":"PT181","LEVL_CODE":3,"CNTR_CODE":"PT","NAME_LATN":"Alentejo Litoral","NUTS_NAME":"Alentejo Litoral","MOUNT_TYPE":4,"URBN_TYPE":3,"COAST_TYPE":1,"NAME_ENGL":"Portugal","NAME_FREN":"Portugal","ISO3_CODE":"PRT","SVRG_UN":"UN Member State","CAPT":"Lisbon","EU_STAT":"T","EFTA_STAT":"F","CC_STAT":"F","NAME_GERM":"Portugal"},"id":"PT181"},{"arcs":[[-2570,-2616,3121,-3118,3122]],"type":"Polygon","properties":{"NUTS_ID":"PT184","LEVL_CODE":3,"CNTR_CODE":"PT","NAME_LATN":"Baixo Alentejo","NUTS_NAME":"Baixo Alentejo","MOUNT_TYPE":4,"URBN_TYPE":3,"COAST_TYPE":3,"NAME_ENGL":"Portugal","NAME_FREN":"Portugal","ISO3_CODE":"PRT","SVRG_UN":"UN Member State","CAPT":"Lisbon","EU_STAT":"T","EFTA_STAT":"F","CC_STAT":"F","NAME_GERM":"Portugal"},"id":"PT184"},{"arcs":[[3123,3124,-3113,3125,-3100,-3111]],"type":"Polygon","properties":{"NUTS_ID":"PT185","LEVL_CODE":3,"CNTR_CODE":"PT","NAME_LATN":"Lezíria do Tejo","NUTS_NAME":"Lezíria do Tejo","MOUNT_TYPE":4,"URBN_TYPE":3,"COAST_TYPE":1,"NAME_ENGL":"Portugal","NAME_FREN":"Portugal","ISO3_CODE":"PRT","SVRG_UN":"UN Member State","CAPT":"Lisbon","EU_STAT":"T","EFTA_STAT":"F","CC_STAT":"F","NAME_GERM":"Portugal"},"id":"PT185"},{"arcs":[[-2572,3126,-3124,-3110,-3107,-2574]],"type":"Polygon","properties":{"NUTS_ID":"PT186","LEVL_CODE":3,"CNTR_CODE":"PT","NAME_LATN":"Alto Alentejo","NUTS_NAME":"Alto Alentejo","MOUNT_TYPE":4,"URBN_TYPE":3,"COAST_TYPE":3,"NAME_ENGL":"Portugal","NAME_FREN":"Portugal","ISO3_CODE":"PRT","SVRG_UN":"UN Member State","CAPT":"Lisbon","EU_STAT":"T","EFTA_STAT":"F","CC_STAT":"F","NAME_GERM":"Portugal"},"id":"PT186"},{"arcs":[[-2571,-3123,-3121,-3114,-3125,-3127]],"type":"Polygon","properties":{"NUTS_ID":"PT187","LEVL_CODE":3,"CNTR_CODE":"PT","NAME_LATN":"Alentejo Central","NUTS_NAME":"Alentejo Central","MOUNT_TYPE":4,"URBN_TYPE":3,"COAST_TYPE":3,"NAME_ENGL":"Portugal","NAME_FREN":"Portugal","ISO3_CODE":"PRT","SVRG_UN":"UN Member State","CAPT":"Lisbon","EU_STAT":"T","EFTA_STAT":"F","CC_STAT":"F","NAME_GERM":"Portugal"},"id":"PT187"},{"arcs":[[3127,3128,3129,3130,3131,-841,-839,-2653]],"type":"Polygon","properties":{"NUTS_ID":"SI032","LEVL_CODE":3,"CNTR_CODE":"SI","NAME_LATN":"Podravska","NUTS_NAME":"Podravska","MOUNT_TYPE":4,"URBN_TYPE":3,"COAST_TYPE":3,"NAME_ENGL":"Slovenia","NAME_FREN":"Slovénie","ISO3_CODE":"SVN","SVRG_UN":"UN Member State","CAPT":"Ljubljana","EU_STAT":"T","EFTA_STAT":"F","CC_STAT":"F","NAME_GERM":"Slowenien"},"id":"SI032"},{"arcs":[[3132,-822,-842,-3132]],"type":"Polygon","properties":{"NUTS_ID":"SI033","LEVL_CODE":3,"CNTR_CODE":"SI","NAME_LATN":"Koroška","NUTS_NAME":"Koroška","MOUNT_TYPE":3,"URBN_TYPE":3,"COAST_TYPE":3,"NAME_ENGL":"Slovenia","NAME_FREN":"Slovénie","ISO3_CODE":"SVN","SVRG_UN":"UN Member State","CAPT":"Ljubljana","EU_STAT":"T","EFTA_STAT":"F","CC_STAT":"F","NAME_GERM":"Slowenien"},"id":"SI033"},{"arcs":[[3133,3134,3135,3136,-2850,-823,-3133,-3131]],"type":"Polygon","properties":{"NUTS_ID":"SI034","LEVL_CODE":3,"CNTR_CODE":"SI","NAME_LATN":"Savinjska","NUTS_NAME":"Savinjska","MOUNT_TYPE":3,"URBN_TYPE":3,"COAST_TYPE":3,"NAME_ENGL":"Slovenia","NAME_FREN":"Slovénie","ISO3_CODE":"SVN","SVRG_UN":"UN Member State","CAPT":"Ljubljana","EU_STAT":"T","EFTA_STAT":"F","CC_STAT":"F","NAME_GERM":"Slowenien"},"id":"SI034"},{"arcs":[[3137,3138,3139,-3136]],"type":"Polygon","properties":{"NUTS_ID":"SI035","LEVL_CODE":3,"CNTR_CODE":"SI","NAME_LATN":"Zasavska","NUTS_NAME":"Zasavska","MOUNT_TYPE":3,"URBN_TYPE":3,"COAST_TYPE":3,"NAME_ENGL":"Slovenia","NAME_FREN":"Slovénie","ISO3_CODE":"SVN","SVRG_UN":"UN Member State","CAPT":"Ljubljana","EU_STAT":"T","EFTA_STAT":"F","CC_STAT":"F","NAME_GERM":"Slowenien"},"id":"SI035"},{"arcs":[[3140,3141,3142,-3138,-3135]],"type":"Polygon","properties":{"NUTS_ID":"SI036","LEVL_CODE":3,"CNTR_CODE":"SI","NAME_LATN":"Posavska","NUTS_NAME":"Posavska","MOUNT_TYPE":2,"URBN_TYPE":3,"COAST_TYPE":3,"NAME_ENGL":"Slovenia","NAME_FREN":"Slovénie","ISO3_CODE":"SVN","SVRG_UN":"UN Member State","CAPT":"Ljubljana","EU_STAT":"T","EFTA_STAT":"F","CC_STAT":"F","NAME_GERM":"Slowenien"},"id":"SI036"},{"arcs":[[3143,3144,3145,3146,3147,-3139,-3143]],"type":"Polygon","properties":{"NUTS_ID":"SI037","LEVL_CODE":3,"CNTR_CODE":"SI","NAME_LATN":"Jugovzhodna Slovenija","NUTS_NAME":"Jugovzhodna Slovenija","MOUNT_TYPE":2,"URBN_TYPE":3,"COAST_TYPE":3,"NAME_ENGL":"Slovenia","NAME_FREN":"Slovénie","ISO3_CODE":"SVN","SVRG_UN":"UN Member State","CAPT":"Ljubljana","EU_STAT":"T","EFTA_STAT":"F","CC_STAT":"F","NAME_GERM":"Slowenien"},"id":"SI037"},{"arcs":[[-3147,3148,-2859,-2855,3149]],"type":"Polygon","properties":{"NUTS_ID":"SI038","LEVL_CODE":3,"CNTR_CODE":"SI","NAME_LATN":"Primorsko-notranjska","NUTS_NAME":"Primorsko-notranjska","MOUNT_TYPE":3,"URBN_TYPE":3,"COAST_TYPE":2,"NAME_ENGL":"Slovenia","NAME_FREN":"Slovénie","ISO3_CODE":"SVN","SVRG_UN":"UN Member State","CAPT":"Ljubljana","EU_STAT":"T","EFTA_STAT":"F","CC_STAT":"F","NAME_GERM":"Slowenien"},"id":"SI038"},{"arcs":[[-3140,-3148,-3150,-2854,-2851,-3137]],"type":"Polygon","properties":{"NUTS_ID":"SI041","LEVL_CODE":3,"CNTR_CODE":"SI","NAME_LATN":"Osrednjeslovenska","NUTS_NAME":"Osrednjeslovenska","MOUNT_TYPE":2,"URBN_TYPE":2,"COAST_TYPE":3,"NAME_ENGL":"Slovenia","NAME_FREN":"Slovénie","ISO3_CODE":"SVN","SVRG_UN":"UN Member State","CAPT":"Ljubljana","EU_STAT":"T","EFTA_STAT":"F","CC_STAT":"F","NAME_GERM":"Slowenien"},"id":"SI041"},{"arcs":[[3150,3151,3152,3153,3154,3155,3156]],"type":"Polygon","properties":{"NUTS_ID":"UKJ46","LEVL_CODE":3,"CNTR_CODE":"UK","NAME_LATN":"West Kent","NUTS_NAME":"West Kent","MOUNT_TYPE":4,"URBN_TYPE":2,"COAST_TYPE":1,"NAME_ENGL":"United Kingdom","NAME_FREN":"Royaume-Uni","ISO3_CODE":"GBR","SVRG_UN":"UN Member State","CAPT":"London","EU_STAT":"F","EFTA_STAT":"F","CC_STAT":"F","NAME_GERM":"Vereinigtes Königreich"},"id":"UKJ46"},{"arcs":[[3157,3158]],"type":"Polygon","properties":{"NUTS_ID":"UKK11","LEVL_CODE":3,"CNTR_CODE":"UK","NAME_LATN":"Bristol, City of","NUTS_NAME":"Bristol, City of","MOUNT_TYPE":4,"URBN_TYPE":1,"COAST_TYPE":1,"NAME_ENGL":"United Kingdom","NAME_FREN":"Royaume-Uni","ISO3_CODE":"GBR","SVRG_UN":"UN Member State","CAPT":"London","EU_STAT":"F","EFTA_STAT":"F","CC_STAT":"F","NAME_GERM":"Vereinigtes Königreich"},"id":"UKK11"},{"arcs":[[-1463,-1487,3159,-903,-2302,-2304]],"type":"Polygon","properties":{"NUTS_ID":"NL422","LEVL_CODE":3,"CNTR_CODE":"NL","NAME_LATN":"Midden-Limburg","NUTS_NAME":"Midden-Limburg","MOUNT_TYPE":4,"URBN_TYPE":2,"COAST_TYPE":3,"NAME_ENGL":"Netherlands","NAME_FREN":"Pays-Bas","ISO3_CODE":"NLD","SVRG_UN":"UN Member State","CAPT":"Amsterdam","EU_STAT":"T","EFTA_STAT":"F","CC_STAT":"F","NAME_GERM":"Niederlande"},"id":"NL422"},{"arcs":[[-1486,-1499,-1002,-909,-995,-906,-900,-3160]],"type":"Polygon","properties":{"NUTS_ID":"NL423","LEVL_CODE":3,"CNTR_CODE":"NL","NAME_LATN":"Zuid-Limburg","NUTS_NAME":"Zuid-Limburg","MOUNT_TYPE":4,"URBN_TYPE":1,"COAST_TYPE":3,"NAME_ENGL":"Netherlands","NAME_FREN":"Pays-Bas","ISO3_CODE":"NLD","SVRG_UN":"UN Member State","CAPT":"Amsterdam","EU_STAT":"T","EFTA_STAT":"F","CC_STAT":"F","NAME_GERM":"Niederlande"},"id":"NL423"},{"arcs":[[3160,-2443]],"type":"Polygon","properties":{"NUTS_ID":"NO081","LEVL_CODE":3,"CNTR_CODE":"NO","NAME_LATN":"Oslo","NUTS_NAME":"Oslo","MOUNT_TYPE":3,"URBN_TYPE":1,"COAST_TYPE":1,"NAME_ENGL":"Norway","NAME_FREN":"Norvège","ISO3_CODE":"NOR","SVRG_UN":"UN Member State","CAPT":"Oslo","EU_STAT":"F","EFTA_STAT":"T","CC_STAT":"F","NAME_GERM":"Norwegen"},"id":"NO081"},{"arcs":[[[3161]],[[3162]],[[3163]]],"type":"MultiPolygon","properties":{"NUTS_ID":"FRY10","LEVL_CODE":3,"CNTR_CODE":"FR","NAME_LATN":"Guadeloupe","NUTS_NAME":"Guadeloupe","MOUNT_TYPE":4,"URBN_TYPE":2,"COAST_TYPE":1,"NAME_ENGL":"France","NAME_FREN":"France","ISO3_CODE":"FRA","SVRG_UN":"UN Member State","CAPT":"Paris","EU_STAT":"T","EFTA_STAT":"F","CC_STAT":"F","NAME_GERM":"Frankreich"},"id":"FRY10"},{"arcs":[[3164]],"type":"Polygon","properties":{"NUTS_ID":"FRY20","LEVL_CODE":3,"CNTR_CODE":"FR","NAME_LATN":"Martinique","NUTS_NAME":"Martinique","MOUNT_TYPE":2,"URBN_TYPE":2,"COAST_TYPE":1,"NAME_ENGL":"France","NAME_FREN":"France","ISO3_CODE":"FRA","SVRG_UN":"UN Member State","CAPT":"Paris","EU_STAT":"T","EFTA_STAT":"F","CC_STAT":"F","NAME_GERM":"Frankreich"},"id":"FRY20"},{"arcs":[[3165]],"type":"Polygon","properties":{"NUTS_ID":"FRY30","LEVL_CODE":3,"CNTR_CODE":"FR","NAME_LATN":"Guyane","NUTS_NAME":"Guyane","MOUNT_TYPE":4,"URBN_TYPE":2,"COAST_TYPE":1,"NAME_ENGL":"France","NAME_FREN":"France","ISO3_CODE":"FRA","SVRG_UN":"UN Member State","CAPT":"Paris","EU_STAT":"T","EFTA_STAT":"F","CC_STAT":"F","NAME_GERM":"Frankreich"},"id":"FRY30"},{"arcs":[[3166]],"type":"Polygon","properties":{"NUTS_ID":"FRY40","LEVL_CODE":3,"CNTR_CODE":"FR","NAME_LATN":"La Réunion","NUTS_NAME":"La Réunion","MOUNT_TYPE":2,"URBN_TYPE":1,"COAST_TYPE":1,"NAME_ENGL":"France","NAME_FREN":"France","ISO3_CODE":"FRA","SVRG_UN":"UN Member State","CAPT":"Paris","EU_STAT":"T","EFTA_STAT":"F","CC_STAT":"F","NAME_GERM":"Frankreich"},"id":"FRY40"},{"arcs":[[3167]],"type":"Polygon","properties":{"NUTS_ID":"FRY50","LEVL_CODE":3,"CNTR_CODE":"FR","NAME_LATN":"Mayotte","NUTS_NAME":"Mayotte","MOUNT_TYPE":2,"URBN_TYPE":2,"COAST_TYPE":1,"NAME_ENGL":"France","NAME_FREN":"France","ISO3_CODE":"FRA","SVRG_UN":"UN Member State","CAPT":"Paris","EU_STAT":"T","EFTA_STAT":"F","CC_STAT":"F","NAME_GERM":"Frankreich"},"id":"FRY50"},{"arcs":[[[3168,3169,3170,3171,-2860,-3149,-3146]],[[3172]],[[3173]],[[3174]]],"type":"MultiPolygon","properties":{"NUTS_ID":"HR031","LEVL_CODE":3,"CNTR_CODE":"HR","NAME_LATN":"Primorsko-goranska županija","NUTS_NAME":"Primorsko-goranska županija","MOUNT_TYPE":3,"URBN_TYPE":2,"COAST_TYPE":1,"NAME_ENGL":"Croatia","NAME_FREN":"Croatie","ISO3_CODE":"HRV","SVRG_UN":"UN Member State","CAPT":"Zagreb","EU_STAT":"T","EFTA_STAT":"F","CC_STAT":"F","NAME_GERM":"Kroatien"},"id":"HR031"},{"arcs":[[3175,3176,3177,-3170,3178]],"type":"Polygon","properties":{"NUTS_ID":"HR032","LEVL_CODE":3,"CNTR_CODE":"HR","NAME_LATN":"Ličko-senjska županija","NUTS_NAME":"Ličko-senjska županija","MOUNT_TYPE":3,"URBN_TYPE":3,"COAST_TYPE":1,"NAME_ENGL":"Croatia","NAME_FREN":"Croatie","ISO3_CODE":"HRV","SVRG_UN":"UN Member State","CAPT":"Zagreb","EU_STAT":"T","EFTA_STAT":"F","CC_STAT":"F","NAME_GERM":"Kroatien"},"id":"HR032"},{"arcs":[[[-2641,-2767,3179,3180,-2645]],[[3181,3182]],[[3183]],[[3184]],[[3185]],[[3186]],[[3187]],[[3188]],[[3189]],[[3190]],[[3191]],[[3192]],[[3193]],[[3194]],[[3195]],[[3196]],[[3197]],[[3198]],[[3199]],[[3200]],[[3201]],[[3202]],[[3203]],[[3204]],[[3205]],[[-2765,3206]]],"type":"MultiPolygon","properties":{"NUTS_ID":"NO071","LEVL_CODE":3,"CNTR_CODE":"NO","NAME_LATN":"Nordland","NUTS_NAME":"Nordland","MOUNT_TYPE":3,"URBN_TYPE":3,"COAST_TYPE":1,"NAME_ENGL":"Norway","NAME_FREN":"Norvège","ISO3_CODE":"NOR","SVRG_UN":"UN Member State","CAPT":"Oslo","EU_STAT":"F","EFTA_STAT":"T","CC_STAT":"F","NAME_GERM":"Norwegen"},"id":"NO071"},{"arcs":[[[3207,-3183,3208,-1893,-2646,-3181]],[[3209]],[[3210]],[[3211]],[[3212]],[[3213]],[[3214]],[[3215]],[[3216]],[[3217]],[[3218]]],"type":"MultiPolygon","properties":{"NUTS_ID":"NO074","LEVL_CODE":3,"CNTR_CODE":"NO","NAME_LATN":"Troms og Finnmark","NUTS_NAME":"Troms og Finnmark","MOUNT_TYPE":3,"URBN_TYPE":3,"COAST_TYPE":1,"NAME_ENGL":"Norway","NAME_FREN":"Norvège","ISO3_CODE":"NOR","SVRG_UN":"UN Member State","CAPT":"Oslo","EU_STAT":"F","EFTA_STAT":"T","CC_STAT":"F","NAME_GERM":"Norwegen"},"id":"NO074"},{"arcs":[[3219]],"type":"Polygon","properties":{"NUTS_ID":"PL213","LEVL_CODE":3,"CNTR_CODE":"PL","NAME_LATN":"Miasto Kraków","NUTS_NAME":"Miasto Kraków","MOUNT_TYPE":4,"URBN_TYPE":1,"COAST_TYPE":3,"NAME_ENGL":"Poland","NAME_FREN":"Pologne","ISO3_CODE":"POL","SVRG_UN":"UN Member State","CAPT":"Warsaw","EU_STAT":"T","EFTA_STAT":"F","CC_STAT":"F","NAME_GERM":"Polen"},"id":"PL213"},{"arcs":[[3220,3221,3222,3223,3224,3225],[-3220]],"type":"Polygon","properties":{"NUTS_ID":"PL214","LEVL_CODE":3,"CNTR_CODE":"PL","NAME_LATN":"Krakowski","NUTS_NAME":"Krakowski","MOUNT_TYPE":4,"URBN_TYPE":2,"COAST_TYPE":3,"NAME_ENGL":"Poland","NAME_FREN":"Pologne","ISO3_CODE":"POL","SVRG_UN":"UN Member State","CAPT":"Warsaw","EU_STAT":"T","EFTA_STAT":"F","CC_STAT":"F","NAME_GERM":"Polen"},"id":"PL214"},{"arcs":[[3226,3227,-3221,3228,3229]],"type":"Polygon","properties":{"NUTS_ID":"PL217","LEVL_CODE":3,"CNTR_CODE":"PL","NAME_LATN":"Tarnowski","NUTS_NAME":"Tarnowski","MOUNT_TYPE":4,"URBN_TYPE":3,"COAST_TYPE":3,"NAME_ENGL":"Poland","NAME_FREN":"Pologne","ISO3_CODE":"POL","SVRG_UN":"UN Member State","CAPT":"Warsaw","EU_STAT":"T","EFTA_STAT":"F","CC_STAT":"F","NAME_GERM":"Polen"},"id":"PL217"},{"arcs":[[-3228,3230,3231,3232,-3222]],"type":"Polygon","properties":{"NUTS_ID":"PL218","LEVL_CODE":3,"CNTR_CODE":"PL","NAME_LATN":"Nowosądecki","NUTS_NAME":"Nowosądecki","MOUNT_TYPE":3,"URBN_TYPE":3,"COAST_TYPE":3,"NAME_ENGL":"Poland","NAME_FREN":"Pologne","ISO3_CODE":"POL","SVRG_UN":"UN Member State","CAPT":"Warsaw","EU_STAT":"T","EFTA_STAT":"F","CC_STAT":"F","NAME_GERM":"Polen"},"id":"PL218"},{"arcs":[[-3233,3233,-2881,3234,3235,-3223]],"type":"Polygon","properties":{"NUTS_ID":"PL219","LEVL_CODE":3,"CNTR_CODE":"PL","NAME_LATN":"Nowotarski","NUTS_NAME":"Nowotarski","MOUNT_TYPE":3,"URBN_TYPE":3,"COAST_TYPE":3,"NAME_ENGL":"Poland","NAME_FREN":"Pologne","ISO3_CODE":"POL","SVRG_UN":"UN Member State","CAPT":"Warsaw","EU_STAT":"T","EFTA_STAT":"F","CC_STAT":"F","NAME_GERM":"Polen"},"id":"PL219"},{"arcs":[[-3236,3236,3237,3238,-3224]],"type":"Polygon","properties":{"NUTS_ID":"PL21A","LEVL_CODE":3,"CNTR_CODE":"PL","NAME_LATN":"Oświęcimski","NUTS_NAME":"Oświęcimski","MOUNT_TYPE":4,"URBN_TYPE":2,"COAST_TYPE":3,"NAME_ENGL":"Poland","NAME_FREN":"Pologne","ISO3_CODE":"POL","SVRG_UN":"UN Member State","CAPT":"Warsaw","EU_STAT":"T","EFTA_STAT":"F","CC_STAT":"F","NAME_GERM":"Polen"},"id":"PL21A"},{"arcs":[[3239,3240,3241,3242,3243,3244,3245,3246]],"type":"Polygon","properties":{"NUTS_ID":"RO122","LEVL_CODE":3,"CNTR_CODE":"RO","NAME_LATN":"Braşov","NUTS_NAME":"Braşov","MOUNT_TYPE":3,"URBN_TYPE":2,"COAST_TYPE":3,"NAME_ENGL":"Romania","NAME_FREN":"Roumanie","ISO3_CODE":"ROU","SVRG_UN":"UN Member State","CAPT":"Bucharest","EU_STAT":"T","EFTA_STAT":"F","CC_STAT":"F","NAME_GERM":"Rumänien"},"id":"RO122"},{"arcs":[[3247,3248,3249,-3240,3250]],"type":"Polygon","properties":{"NUTS_ID":"RO123","LEVL_CODE":3,"CNTR_CODE":"RO","NAME_LATN":"Covasna","NUTS_NAME":"Covasna","MOUNT_TYPE":3,"URBN_TYPE":3,"COAST_TYPE":3,"NAME_ENGL":"Romania","NAME_FREN":"Roumanie","ISO3_CODE":"ROU","SVRG_UN":"UN Member State","CAPT":"Bucharest","EU_STAT":"T","EFTA_STAT":"F","CC_STAT":"F","NAME_GERM":"Rumänien"},"id":"RO123"},{"arcs":[[3251,3252,-3251,-3247,3253,3254]],"type":"Polygon","properties":{"NUTS_ID":"RO124","LEVL_CODE":3,"CNTR_CODE":"RO","NAME_LATN":"Harghita","NUTS_NAME":"Harghita","MOUNT_TYPE":3,"URBN_TYPE":3,"COAST_TYPE":3,"NAME_ENGL":"Romania","NAME_FREN":"Roumanie","ISO3_CODE":"ROU","SVRG_UN":"UN Member State","CAPT":"Bucharest","EU_STAT":"T","EFTA_STAT":"F","CC_STAT":"F","NAME_GERM":"Rumänien"},"id":"RO124"},{"arcs":[[-3254,-3246,3255,3256,3257,3258,3259]],"type":"Polygon","properties":{"NUTS_ID":"RO125","LEVL_CODE":3,"CNTR_CODE":"RO","NAME_LATN":"Mureş","NUTS_NAME":"Mureş","MOUNT_TYPE":4,"URBN_TYPE":3,"COAST_TYPE":3,"NAME_ENGL":"Romania","NAME_FREN":"Roumanie","ISO3_CODE":"ROU","SVRG_UN":"UN Member State","CAPT":"Bucharest","EU_STAT":"T","EFTA_STAT":"F","CC_STAT":"F","NAME_GERM":"Rumänien"},"id":"RO125"},{"arcs":[[-3245,3260,3261,3262,-3256]],"type":"Polygon","properties":{"NUTS_ID":"RO126","LEVL_CODE":3,"CNTR_CODE":"RO","NAME_LATN":"Sibiu","NUTS_NAME":"Sibiu","MOUNT_TYPE":4,"URBN_TYPE":2,"COAST_TYPE":3,"NAME_ENGL":"Romania","NAME_FREN":"Roumanie","ISO3_CODE":"ROU","SVRG_UN":"UN Member State","CAPT":"Bucharest","EU_STAT":"T","EFTA_STAT":"F","CC_STAT":"F","NAME_GERM":"Rumänien"},"id":"RO126"},{"arcs":[[3263,3264,-3248,-3253,3265]],"type":"Polygon","properties":{"NUTS_ID":"RO211","LEVL_CODE":3,"CNTR_CODE":"RO","NAME_LATN":"Bacău","NUTS_NAME":"Bacău","MOUNT_TYPE":2,"URBN_TYPE":3,"COAST_TYPE":3,"NAME_ENGL":"Romania","NAME_FREN":"Roumanie","ISO3_CODE":"ROU","SVRG_UN":"UN Member State","CAPT":"Bucharest","EU_STAT":"T","EFTA_STAT":"F","CC_STAT":"F","NAME_GERM":"Rumänien"},"id":"RO211"},{"arcs":[[3266,3267,3268]],"type":"Polygon","properties":{"NUTS_ID":"RO212","LEVL_CODE":3,"CNTR_CODE":"RO","NAME_LATN":"Botoşani","NUTS_NAME":"Botoşani","MOUNT_TYPE":4,"URBN_TYPE":3,"COAST_TYPE":3,"NAME_ENGL":"Romania","NAME_FREN":"Roumanie","ISO3_CODE":"ROU","SVRG_UN":"UN Member State","CAPT":"Bucharest","EU_STAT":"T","EFTA_STAT":"F","CC_STAT":"F","NAME_GERM":"Rumänien"},"id":"RO212"},{"arcs":[[3269,3270,3271,-3267,3272]],"type":"Polygon","properties":{"NUTS_ID":"RO213","LEVL_CODE":3,"CNTR_CODE":"RO","NAME_LATN":"Iaşi","NUTS_NAME":"Iaşi","MOUNT_TYPE":4,"URBN_TYPE":2,"COAST_TYPE":3,"NAME_ENGL":"Romania","NAME_FREN":"Roumanie","ISO3_CODE":"ROU","SVRG_UN":"UN Member State","CAPT":"Bucharest","EU_STAT":"T","EFTA_STAT":"F","CC_STAT":"F","NAME_GERM":"Rumänien"},"id":"RO213"},{"arcs":[[-3271,3273,-3266,-3252,3274]],"type":"Polygon","properties":{"NUTS_ID":"RO214","LEVL_CODE":3,"CNTR_CODE":"RO","NAME_LATN":"Neamţ","NUTS_NAME":"Neamţ","MOUNT_TYPE":2,"URBN_TYPE":3,"COAST_TYPE":3,"NAME_ENGL":"Romania","NAME_FREN":"Roumanie","ISO3_CODE":"ROU","SVRG_UN":"UN Member State","CAPT":"Bucharest","EU_STAT":"T","EFTA_STAT":"F","CC_STAT":"F","NAME_GERM":"Rumänien"},"id":"RO214"},{"arcs":[[-3272,-3275,-3255,-3260,3275,3276,3277,-3268]],"type":"Polygon","properties":{"NUTS_ID":"RO215","LEVL_CODE":3,"CNTR_CODE":"RO","NAME_LATN":"Suceava","NUTS_NAME":"Suceava","MOUNT_TYPE":2,"URBN_TYPE":3,"COAST_TYPE":3,"NAME_ENGL":"Romania","NAME_FREN":"Roumanie","ISO3_CODE":"ROU","SVRG_UN":"UN Member State","CAPT":"Bucharest","EU_STAT":"T","EFTA_STAT":"F","CC_STAT":"F","NAME_GERM":"Rumänien"},"id":"RO215"},{"arcs":[[3278,3279,3280,-3264,-3274,-3270]],"type":"Polygon","properties":{"NUTS_ID":"RO216","LEVL_CODE":3,"CNTR_CODE":"RO","NAME_LATN":"Vaslui","NUTS_NAME":"Vaslui","MOUNT_TYPE":4,"URBN_TYPE":3,"COAST_TYPE":3,"NAME_ENGL":"Romania","NAME_FREN":"Roumanie","ISO3_CODE":"ROU","SVRG_UN":"UN Member State","CAPT":"Bucharest","EU_STAT":"T","EFTA_STAT":"F","CC_STAT":"F","NAME_GERM":"Rumänien"},"id":"RO216"},{"arcs":[[3281,3282,3283,3284,3285,3286]],"type":"Polygon","properties":{"NUTS_ID":"RO221","LEVL_CODE":3,"CNTR_CODE":"RO","NAME_LATN":"Brăila","NUTS_NAME":"Brăila","MOUNT_TYPE":4,"URBN_TYPE":2,"COAST_TYPE":3,"NAME_ENGL":"Romania","NAME_FREN":"Roumanie","ISO3_CODE":"ROU","SVRG_UN":"UN Member State","CAPT":"Bucharest","EU_STAT":"T","EFTA_STAT":"F","CC_STAT":"F","NAME_GERM":"Rumänien"},"id":"RO221"},{"arcs":[[-3285,3287,3288,-3241,-3250,3289]],"type":"Polygon","properties":{"NUTS_ID":"RO222","LEVL_CODE":3,"CNTR_CODE":"RO","NAME_LATN":"Buzău","NUTS_NAME":"Buzău","MOUNT_TYPE":4,"URBN_TYPE":3,"COAST_TYPE":3,"NAME_ENGL":"Romania","NAME_FREN":"Roumanie","ISO3_CODE":"ROU","SVRG_UN":"UN Member State","CAPT":"Bucharest","EU_STAT":"T","EFTA_STAT":"F","CC_STAT":"F","NAME_GERM":"Rumänien"},"id":"RO222"},{"arcs":[[3290,-1071,-1061,3291,3292,-3283,3293]],"type":"Polygon","properties":{"NUTS_ID":"RO223","LEVL_CODE":3,"CNTR_CODE":"RO","NAME_LATN":"Constanţa","NUTS_NAME":"Constanţa","MOUNT_TYPE":4,"URBN_TYPE":2,"COAST_TYPE":1,"NAME_ENGL":"Romania","NAME_FREN":"Roumanie","ISO3_CODE":"ROU","SVRG_UN":"UN Member State","CAPT":"Bucharest","EU_STAT":"T","EFTA_STAT":"F","CC_STAT":"F","NAME_GERM":"Rumänien"},"id":"RO223"},{"arcs":[[3294,3295,-3287,3296,-3280]],"type":"Polygon","properties":{"NUTS_ID":"RO224","LEVL_CODE":3,"CNTR_CODE":"RO","NAME_LATN":"Galaţi","NUTS_NAME":"Galaţi","MOUNT_TYPE":4,"URBN_TYPE":2,"COAST_TYPE":3,"NAME_ENGL":"Romania","NAME_FREN":"Roumanie","ISO3_CODE":"ROU","SVRG_UN":"UN Member State","CAPT":"Bucharest","EU_STAT":"T","EFTA_STAT":"F","CC_STAT":"F","NAME_GERM":"Rumänien"},"id":"RO224"},{"arcs":[[-3294,-3282,-3296,3297]],"type":"Polygon","properties":{"NUTS_ID":"RO225","LEVL_CODE":3,"CNTR_CODE":"RO","NAME_LATN":"Tulcea","NUTS_NAME":"Tulcea","MOUNT_TYPE":4,"URBN_TYPE":3,"COAST_TYPE":1,"NAME_ENGL":"Romania","NAME_FREN":"Roumanie","ISO3_CODE":"ROU","SVRG_UN":"UN Member State","CAPT":"Bucharest","EU_STAT":"T","EFTA_STAT":"F","CC_STAT":"F","NAME_GERM":"Rumänien"},"id":"RO225"},{"arcs":[[-3281,-3297,-3286,-3290,-3249,-3265]],"type":"Polygon","properties":{"NUTS_ID":"RO226","LEVL_CODE":3,"CNTR_CODE":"RO","NAME_LATN":"Vrancea","NUTS_NAME":"Vrancea","MOUNT_TYPE":2,"URBN_TYPE":3,"COAST_TYPE":3,"NAME_ENGL":"Romania","NAME_FREN":"Roumanie","ISO3_CODE":"ROU","SVRG_UN":"UN Member State","CAPT":"Bucharest","EU_STAT":"T","EFTA_STAT":"F","CC_STAT":"F","NAME_GERM":"Rumänien"},"id":"RO226"},{"arcs":[[3298,3299,3300,3301,-3261,-3244]],"type":"Polygon","properties":{"NUTS_ID":"RO311","LEVL_CODE":3,"CNTR_CODE":"RO","NAME_LATN":"Argeş","NUTS_NAME":"Argeş","MOUNT_TYPE":4,"URBN_TYPE":3,"COAST_TYPE":3,"NAME_ENGL":"Romania","NAME_FREN":"Roumanie","ISO3_CODE":"ROU","SVRG_UN":"UN Member State","CAPT":"Bucharest","EU_STAT":"T","EFTA_STAT":"F","CC_STAT":"F","NAME_GERM":"Rumänien"},"id":"RO311"},{"arcs":[[-3292,-1065,3302,3303,3304]],"type":"Polygon","properties":{"NUTS_ID":"RO312","LEVL_CODE":3,"CNTR_CODE":"RO","NAME_LATN":"Călăraşi","NUTS_NAME":"Călăraşi","MOUNT_TYPE":4,"URBN_TYPE":3,"COAST_TYPE":3,"NAME_ENGL":"Romania","NAME_FREN":"Roumanie","ISO3_CODE":"ROU","SVRG_UN":"UN Member State","CAPT":"Bucharest","EU_STAT":"T","EFTA_STAT":"F","CC_STAT":"F","NAME_GERM":"Rumänien"},"id":"RO312"},{"arcs":[[3305,3306,3307,-3299,-3243,3308]],"type":"Polygon","properties":{"NUTS_ID":"RO313","LEVL_CODE":3,"CNTR_CODE":"RO","NAME_LATN":"Dâmboviţa","NUTS_NAME":"Dâmboviţa","MOUNT_TYPE":4,"URBN_TYPE":3,"COAST_TYPE":3,"NAME_ENGL":"Romania","NAME_FREN":"Roumanie","ISO3_CODE":"ROU","SVRG_UN":"UN Member State","CAPT":"Bucharest","EU_STAT":"T","EFTA_STAT":"F","CC_STAT":"F","NAME_GERM":"Rumänien"},"id":"RO313"},{"arcs":[[3309,-3303,-1064,-1056,3310,-3307]],"type":"Polygon","properties":{"NUTS_ID":"RO314","LEVL_CODE":3,"CNTR_CODE":"RO","NAME_LATN":"Giurgiu","NUTS_NAME":"Giurgiu","MOUNT_TYPE":4,"URBN_TYPE":3,"COAST_TYPE":3,"NAME_ENGL":"Romania","NAME_FREN":"Roumanie","ISO3_CODE":"ROU","SVRG_UN":"UN Member State","CAPT":"Bucharest","EU_STAT":"T","EFTA_STAT":"F","CC_STAT":"F","NAME_GERM":"Rumänien"},"id":"RO314"},{"arcs":[[-3284,-3293,-3305,3311,3312,-3288]],"type":"Polygon","properties":{"NUTS_ID":"RO315","LEVL_CODE":3,"CNTR_CODE":"RO","NAME_LATN":"Ialomiţa","NUTS_NAME":"Ialomiţa","MOUNT_TYPE":4,"URBN_TYPE":3,"COAST_TYPE":3,"NAME_ENGL":"Romania","NAME_FREN":"Roumanie","ISO3_CODE":"ROU","SVRG_UN":"UN Member State","CAPT":"Bucharest","EU_STAT":"T","EFTA_STAT":"F","CC_STAT":"F","NAME_GERM":"Rumänien"},"id":"RO315"},{"arcs":[[-3313,3313,-3309,-3242,-3289]],"type":"Polygon","properties":{"NUTS_ID":"RO316","LEVL_CODE":3,"CNTR_CODE":"RO","NAME_LATN":"Prahova","NUTS_NAME":"Prahova","MOUNT_TYPE":2,"URBN_TYPE":2,"COAST_TYPE":3,"NAME_ENGL":"Romania","NAME_FREN":"Roumanie","ISO3_CODE":"ROU","SVRG_UN":"UN Member State","CAPT":"Bucharest","EU_STAT":"T","EFTA_STAT":"F","CC_STAT":"F","NAME_GERM":"Rumänien"},"id":"RO316"},{"arcs":[[-3311,-1055,-1052,-1043,3314,-3300,-3308]],"type":"Polygon","properties":{"NUTS_ID":"RO317","LEVL_CODE":3,"CNTR_CODE":"RO","NAME_LATN":"Teleorman","NUTS_NAME":"Teleorman","MOUNT_TYPE":4,"URBN_TYPE":3,"COAST_TYPE":3,"NAME_ENGL":"Romania","NAME_FREN":"Roumanie","ISO3_CODE":"ROU","SVRG_UN":"UN Member State","CAPT":"Bucharest","EU_STAT":"T","EFTA_STAT":"F","CC_STAT":"F","NAME_GERM":"Rumänien"},"id":"RO317"},{"arcs":[[3315]],"type":"Polygon","properties":{"NUTS_ID":"RO321","LEVL_CODE":3,"CNTR_CODE":"RO","NAME_LATN":"Bucureşti","NUTS_NAME":"Bucureşti","MOUNT_TYPE":4,"URBN_TYPE":1,"COAST_TYPE":3,"NAME_ENGL":"Romania","NAME_FREN":"Roumanie","ISO3_CODE":"ROU","SVRG_UN":"UN Member State","CAPT":"Bucharest","EU_STAT":"T","EFTA_STAT":"F","CC_STAT":"F","NAME_GERM":"Rumänien"},"id":"RO321"},{"arcs":[[-3304,-3310,-3306,-3314,-3312],[-3316]],"type":"Polygon","properties":{"NUTS_ID":"RO322","LEVL_CODE":3,"CNTR_CODE":"RO","NAME_LATN":"Ilfov","NUTS_NAME":"Ilfov","MOUNT_TYPE":4,"URBN_TYPE":1,"COAST_TYPE":3,"NAME_ENGL":"Romania","NAME_FREN":"Roumanie","ISO3_CODE":"ROU","SVRG_UN":"UN Member State","CAPT":"Bucharest","EU_STAT":"T","EFTA_STAT":"F","CC_STAT":"F","NAME_GERM":"Rumänien"},"id":"RO322"},{"arcs":[[3316,-1042,-1038,-1030,3317,3318,3319]],"type":"Polygon","properties":{"NUTS_ID":"RO411","LEVL_CODE":3,"CNTR_CODE":"RO","NAME_LATN":"Dolj","NUTS_NAME":"Dolj","MOUNT_TYPE":4,"URBN_TYPE":2,"COAST_TYPE":3,"NAME_ENGL":"Romania","NAME_FREN":"Roumanie","ISO3_CODE":"ROU","SVRG_UN":"UN Member State","CAPT":"Bucharest","EU_STAT":"T","EFTA_STAT":"F","CC_STAT":"F","NAME_GERM":"Rumänien"},"id":"RO411"},{"arcs":[[-3319,3320,3321,3322,3323]],"type":"Polygon","properties":{"NUTS_ID":"RO412","LEVL_CODE":3,"CNTR_CODE":"RO","NAME_LATN":"Gorj","NUTS_NAME":"Gorj","MOUNT_TYPE":4,"URBN_TYPE":3,"COAST_TYPE":3,"NAME_ENGL":"Romania","NAME_FREN":"Roumanie","ISO3_CODE":"ROU","SVRG_UN":"UN Member State","CAPT":"Bucharest","EU_STAT":"T","EFTA_STAT":"F","CC_STAT":"F","NAME_GERM":"Rumänien"},"id":"RO412"},{"arcs":[[-3318,-1035,3324,3325,-3321]],"type":"Polygon","properties":{"NUTS_ID":"RO413","LEVL_CODE":3,"CNTR_CODE":"RO","NAME_LATN":"Mehedinţi","NUTS_NAME":"Mehedinţi","MOUNT_TYPE":4,"URBN_TYPE":3,"COAST_TYPE":3,"NAME_ENGL":"Romania","NAME_FREN":"Roumanie","ISO3_CODE":"ROU","SVRG_UN":"UN Member State","CAPT":"Bucharest","EU_STAT":"T","EFTA_STAT":"F","CC_STAT":"F","NAME_GERM":"Rumänien"},"id":"RO413"},{"arcs":[[-3301,-3315,-1046,-1039,-3317,3326]],"type":"Polygon","properties":{"NUTS_ID":"RO414","LEVL_CODE":3,"CNTR_CODE":"RO","NAME_LATN":"Olt","NUTS_NAME":"Olt","MOUNT_TYPE":4,"URBN_TYPE":3,"COAST_TYPE":3,"NAME_ENGL":"Romania","NAME_FREN":"Roumanie","ISO3_CODE":"ROU","SVRG_UN":"UN Member State","CAPT":"Bucharest","EU_STAT":"T","EFTA_STAT":"F","CC_STAT":"F","NAME_GERM":"Rumänien"},"id":"RO414"},{"arcs":[[-3327,-3320,-3324,3327,3328,-3262,-3302]],"type":"Polygon","properties":{"NUTS_ID":"RO415","LEVL_CODE":3,"CNTR_CODE":"RO","NAME_LATN":"Vâlcea","NUTS_NAME":"Vâlcea","MOUNT_TYPE":2,"URBN_TYPE":3,"COAST_TYPE":3,"NAME_ENGL":"Romania","NAME_FREN":"Roumanie","ISO3_CODE":"ROU","SVRG_UN":"UN Member State","CAPT":"Bucharest","EU_STAT":"T","EFTA_STAT":"F","CC_STAT":"F","NAME_GERM":"Rumänien"},"id":"RO415"},{"arcs":[[3329,3330,3331,3332,3333,3334]],"type":"Polygon","properties":{"NUTS_ID":"RO421","LEVL_CODE":3,"CNTR_CODE":"RO","NAME_LATN":"Arad","NUTS_NAME":"Arad","MOUNT_TYPE":4,"URBN_TYPE":2,"COAST_TYPE":3,"NAME_ENGL":"Romania","NAME_FREN":"Roumanie","ISO3_CODE":"ROU","SVRG_UN":"UN Member State","CAPT":"Bucharest","EU_STAT":"T","EFTA_STAT":"F","CC_STAT":"F","NAME_GERM":"Rumänien"},"id":"RO421"},{"arcs":[[-3322,-3326,3335,3336,3337,3338,3339]],"type":"Polygon","properties":{"NUTS_ID":"RO422","LEVL_CODE":3,"CNTR_CODE":"RO","NAME_LATN":"Caraş-Severin","NUTS_NAME":"Caraş-Severin","MOUNT_TYPE":2,"URBN_TYPE":3,"COAST_TYPE":3,"NAME_ENGL":"Romania","NAME_FREN":"Roumanie","ISO3_CODE":"ROU","SVRG_UN":"UN Member State","CAPT":"Bucharest","EU_STAT":"T","EFTA_STAT":"F","CC_STAT":"F","NAME_GERM":"Rumänien"},"id":"RO422"},{"arcs":[[-3328,-3323,-3340,3340,-3331,3341]],"type":"Polygon","properties":{"NUTS_ID":"RO423","LEVL_CODE":3,"CNTR_CODE":"RO","NAME_LATN":"Hunedoara","NUTS_NAME":"Hunedoara","MOUNT_TYPE":3,"URBN_TYPE":2,"COAST_TYPE":3,"NAME_ENGL":"Romania","NAME_FREN":"Roumanie","ISO3_CODE":"ROU","SVRG_UN":"UN Member State","CAPT":"Bucharest","EU_STAT":"T","EFTA_STAT":"F","CC_STAT":"F","NAME_GERM":"Rumänien"},"id":"RO423"},{"arcs":[[-3341,-3339,3342,3343,3344,3345,-3332]],"type":"Polygon","properties":{"NUTS_ID":"RO424","LEVL_CODE":3,"CNTR_CODE":"RO","NAME_LATN":"Timiş","NUTS_NAME":"Timiş","MOUNT_TYPE":4,"URBN_TYPE":2,"COAST_TYPE":3,"NAME_ENGL":"Romania","NAME_FREN":"Roumanie","ISO3_CODE":"ROU","SVRG_UN":"UN Member State","CAPT":"Bucharest","EU_STAT":"T","EFTA_STAT":"F","CC_STAT":"F","NAME_GERM":"Rumänien"},"id":"RO424"},{"arcs":[[3346,3347,3348,3349,3350,3351,3352]],"type":"Polygon","properties":{"NUTS_ID":"RS110","LEVL_CODE":3,"CNTR_CODE":"RS","NAME_LATN":"City of Belgrade","NUTS_NAME":"Београдска област","MOUNT_TYPE":4,"URBN_TYPE":1,"COAST_TYPE":3,"NAME_ENGL":"Serbia","NAME_FREN":"Serbie","ISO3_CODE":"SRB","SVRG_UN":"UN Member State","CAPT":"Belgrade","EU_STAT":"F","EFTA_STAT":"F","CC_STAT":"T","NAME_GERM":"Serbien"},"id":"RS110"},{"arcs":[[3353,3354,3355,3356]],"type":"Polygon","properties":{"NUTS_ID":"RS121","LEVL_CODE":3,"CNTR_CODE":"RS","NAME_LATN":"Zapadnobačka oblast","NUTS_NAME":"Западнобачка област","MOUNT_TYPE":4,"URBN_TYPE":2,"COAST_TYPE":3,"NAME_ENGL":"Serbia","NAME_FREN":"Serbie","ISO3_CODE":"SRB","SVRG_UN":"UN Member State","CAPT":"Belgrade","EU_STAT":"F","EFTA_STAT":"F","CC_STAT":"T","NAME_GERM":"Serbien"},"id":"RS121"},{"arcs":[[-3338,3357,3358,-3353,3359,-3343]],"type":"Polygon","properties":{"NUTS_ID":"RS122","LEVL_CODE":3,"CNTR_CODE":"RS","NAME_LATN":"Južnobanatska oblast","NUTS_NAME":"Јужнобанатска област","MOUNT_TYPE":4,"URBN_TYPE":2,"COAST_TYPE":3,"NAME_ENGL":"Serbia","NAME_FREN":"Serbie","ISO3_CODE":"SRB","SVRG_UN":"UN Member State","CAPT":"Belgrade","EU_STAT":"F","EFTA_STAT":"F","CC_STAT":"T","NAME_GERM":"Serbien"},"id":"RS122"},{"arcs":[[3360,3361,3362,3363,-3355,3364,3365]],"type":"Polygon","properties":{"NUTS_ID":"RS123","LEVL_CODE":3,"CNTR_CODE":"RS","NAME_LATN":"Južnobačka oblast","NUTS_NAME":"Јужнобачка област","MOUNT_TYPE":4,"URBN_TYPE":2,"COAST_TYPE":3,"NAME_ENGL":"Serbia","NAME_FREN":"Serbie","ISO3_CODE":"SRB","SVRG_UN":"UN Member State","CAPT":"Belgrade","EU_STAT":"F","EFTA_STAT":"F","CC_STAT":"T","NAME_GERM":"Serbien"},"id":"RS123"},{"arcs":[[-3345,3366,-3366,3367,3368]],"type":"Polygon","properties":{"NUTS_ID":"RS124","LEVL_CODE":3,"CNTR_CODE":"RS","NAME_LATN":"Severnobanatska oblast","NUTS_NAME":"Севернобанатска област","MOUNT_TYPE":4,"URBN_TYPE":2,"COAST_TYPE":3,"NAME_ENGL":"Serbia","NAME_FREN":"Serbie","ISO3_CODE":"SRB","SVRG_UN":"UN Member State","CAPT":"Belgrade","EU_STAT":"F","EFTA_STAT":"F","CC_STAT":"T","NAME_GERM":"Serbien"},"id":"RS124"},{"arcs":[[-3368,-3365,-3354,3369,3370]],"type":"Polygon","properties":{"NUTS_ID":"RS125","LEVL_CODE":3,"CNTR_CODE":"RS","NAME_LATN":"Severnobačka oblast","NUTS_NAME":"Севернобачка област","MOUNT_TYPE":4,"URBN_TYPE":2,"COAST_TYPE":3,"NAME_ENGL":"Serbia","NAME_FREN":"Serbie","ISO3_CODE":"SRB","SVRG_UN":"UN Member State","CAPT":"Belgrade","EU_STAT":"F","EFTA_STAT":"F","CC_STAT":"T","NAME_GERM":"Serbien"},"id":"RS125"},{"arcs":[[-3360,-3352,3371,-3361,-3367,-3344]],"type":"Polygon","properties":{"NUTS_ID":"RS126","LEVL_CODE":3,"CNTR_CODE":"RS","NAME_LATN":"Srednjobanatska oblast","NUTS_NAME":"Средњобанатска област","MOUNT_TYPE":4,"URBN_TYPE":2,"COAST_TYPE":3,"NAME_ENGL":"Serbia","NAME_FREN":"Serbie","ISO3_CODE":"SRB","SVRG_UN":"UN Member State","CAPT":"Belgrade","EU_STAT":"F","EFTA_STAT":"F","CC_STAT":"T","NAME_GERM":"Serbien"},"id":"RS126"},{"arcs":[[-3372,-3351,3372,3373,3374,-3362]],"type":"Polygon","properties":{"NUTS_ID":"RS127","LEVL_CODE":3,"CNTR_CODE":"RS","NAME_LATN":"Sremska oblast","NUTS_NAME":"Сремска област","MOUNT_TYPE":4,"URBN_TYPE":2,"COAST_TYPE":3,"NAME_ENGL":"Serbia","NAME_FREN":"Serbie","ISO3_CODE":"SRB","SVRG_UN":"UN Member State","CAPT":"Belgrade","EU_STAT":"F","EFTA_STAT":"F","CC_STAT":"T","NAME_GERM":"Serbien"},"id":"RS127"},{"arcs":[[3375,3376,-2701,3377,3378,3379]],"type":"Polygon","properties":{"NUTS_ID":"RS211","LEVL_CODE":3,"CNTR_CODE":"RS","NAME_LATN":"Zlatiborska oblast","NUTS_NAME":"Златиборска област","MOUNT_TYPE":4,"URBN_TYPE":2,"COAST_TYPE":3,"NAME_ENGL":"Serbia","NAME_FREN":"Serbie","ISO3_CODE":"SRB","SVRG_UN":"UN Member State","CAPT":"Belgrade","EU_STAT":"F","EFTA_STAT":"F","CC_STAT":"T","NAME_GERM":"Serbien"},"id":"RS211"},{"arcs":[[[3380,3381,3382,-3177]],[[3383]],[[3384]],[[3385]],[[3386]]],"type":"MultiPolygon","properties":{"NUTS_ID":"HR033","LEVL_CODE":3,"CNTR_CODE":"HR","NAME_LATN":"Zadarska županija","NUTS_NAME":"Zadarska županija","MOUNT_TYPE":4,"URBN_TYPE":3,"COAST_TYPE":1,"NAME_ENGL":"Croatia","NAME_FREN":"Croatie","ISO3_CODE":"HRV","SVRG_UN":"UN Member State","CAPT":"Zagreb","EU_STAT":"T","EFTA_STAT":"F","CC_STAT":"F","NAME_GERM":"Kroatien"},"id":"HR033"},{"arcs":[[[3387,3388,-3382,3389]],[[3390]]],"type":"MultiPolygon","properties":{"NUTS_ID":"HR034","LEVL_CODE":3,"CNTR_CODE":"HR","NAME_LATN":"Šibensko-kninska županija","NUTS_NAME":"Šibensko-kninska županija","MOUNT_TYPE":2,"URBN_TYPE":2,"COAST_TYPE":1,"NAME_ENGL":"Croatia","NAME_FREN":"Croatie","ISO3_CODE":"HRV","SVRG_UN":"UN Member State","CAPT":"Zagreb","EU_STAT":"T","EFTA_STAT":"F","CC_STAT":"F","NAME_GERM":"Kroatien"},"id":"HR034"},{"arcs":[[[3391,3392,-3388,3393]],[[3394]],[[3395]],[[3396]],[[3397]],[[3398]]],"type":"MultiPolygon","properties":{"NUTS_ID":"HR035","LEVL_CODE":3,"CNTR_CODE":"HR","NAME_LATN":"Splitsko-dalmatinska županija","NUTS_NAME":"Splitsko-dalmatinska županija","MOUNT_TYPE":3,"URBN_TYPE":2,"COAST_TYPE":1,"NAME_ENGL":"Croatia","NAME_FREN":"Croatie","ISO3_CODE":"HRV","SVRG_UN":"UN Member State","CAPT":"Zagreb","EU_STAT":"T","EFTA_STAT":"F","CC_STAT":"F","NAME_GERM":"Kroatien"},"id":"HR035"},{"arcs":[[3399,-2861,-3172]],"type":"Polygon","properties":{"NUTS_ID":"HR036","LEVL_CODE":3,"CNTR_CODE":"HR","NAME_LATN":"Istarska županija","NUTS_NAME":"Istarska županija","MOUNT_TYPE":4,"URBN_TYPE":3,"COAST_TYPE":1,"NAME_ENGL":"Croatia","NAME_FREN":"Croatie","ISO3_CODE":"HRV","SVRG_UN":"UN Member State","CAPT":"Zagreb","EU_STAT":"T","EFTA_STAT":"F","CC_STAT":"F","NAME_GERM":"Kroatien"},"id":"HR036"},{"arcs":[[[-2705,3400]],[[-3392,3401]],[[3402]]],"type":"MultiPolygon","properties":{"NUTS_ID":"HR037","LEVL_CODE":3,"CNTR_CODE":"HR","NAME_LATN":"Dubrovačko-neretvanska županija","NUTS_NAME":"Dubrovačko-neretvanska županija","MOUNT_TYPE":3,"URBN_TYPE":2,"COAST_TYPE":1,"NAME_ENGL":"Croatia","NAME_FREN":"Croatie","ISO3_CODE":"HRV","SVRG_UN":"UN Member State","CAPT":"Zagreb","EU_STAT":"T","EFTA_STAT":"F","CC_STAT":"F","NAME_GERM":"Kroatien"},"id":"HR037"},{"arcs":[[3403,3404]],"type":"Polygon","properties":{"NUTS_ID":"HR050","LEVL_CODE":3,"CNTR_CODE":"HR","NAME_LATN":"Grad Zagreb","NUTS_NAME":"Grad Zagreb","MOUNT_TYPE":4,"URBN_TYPE":1,"COAST_TYPE":3,"NAME_ENGL":"Croatia","NAME_FREN":"Croatie","ISO3_CODE":"HRV","SVRG_UN":"UN Member State","CAPT":"Zagreb","EU_STAT":"T","EFTA_STAT":"F","CC_STAT":"F","NAME_GERM":"Kroatien"},"id":"HR050"},{"arcs":[[3405,3406,3407,3408,-3144,-3142,3409,-3405,3410,3411]],"type":"Polygon","properties":{"NUTS_ID":"HR065","LEVL_CODE":3,"CNTR_CODE":"HR","NAME_LATN":"Zagrebačka županija","NUTS_NAME":"Zagrebačka županija","MOUNT_TYPE":4,"URBN_TYPE":3,"COAST_TYPE":3,"NAME_ENGL":"Croatia","NAME_FREN":"Croatie","ISO3_CODE":"HRV","SVRG_UN":"UN Member State","CAPT":"Zagreb","EU_STAT":"T","EFTA_STAT":"F","CC_STAT":"F","NAME_GERM":"Kroatien"},"id":"HR065"},{"arcs":[[-3411,-3404,-3410,-3141,-3134,-3130,3412]],"type":"Polygon","properties":{"NUTS_ID":"HR064","LEVL_CODE":3,"CNTR_CODE":"HR","NAME_LATN":"Krapinsko-zagorska županija","NUTS_NAME":"Krapinsko-zagorska županija","MOUNT_TYPE":4,"URBN_TYPE":3,"COAST_TYPE":3,"NAME_ENGL":"Croatia","NAME_FREN":"Croatie","ISO3_CODE":"HRV","SVRG_UN":"UN Member State","CAPT":"Zagreb","EU_STAT":"T","EFTA_STAT":"F","CC_STAT":"F","NAME_GERM":"Kroatien"},"id":"HR064"},{"arcs":[[3413,3414,-3412,-3413,-3129]],"type":"Polygon","properties":{"NUTS_ID":"HR062","LEVL_CODE":3,"CNTR_CODE":"HR","NAME_LATN":"Varaždinska županija","NUTS_NAME":"Varaždinska županija","MOUNT_TYPE":4,"URBN_TYPE":2,"COAST_TYPE":3,"NAME_ENGL":"Croatia","NAME_FREN":"Croatie","ISO3_CODE":"HRV","SVRG_UN":"UN Member State","CAPT":"Zagreb","EU_STAT":"T","EFTA_STAT":"F","CC_STAT":"F","NAME_GERM":"Kroatien"},"id":"HR062"},{"arcs":[[3415,3416,3417,-3406,-3415,3418,3419]],"type":"Polygon","properties":{"NUTS_ID":"HR063","LEVL_CODE":3,"CNTR_CODE":"HR","NAME_LATN":"Koprivničko-križevačka županija","NUTS_NAME":"Koprivničko-križevačka županija","MOUNT_TYPE":4,"URBN_TYPE":3,"COAST_TYPE":3,"NAME_ENGL":"Croatia","NAME_FREN":"Croatie","ISO3_CODE":"HRV","SVRG_UN":"UN Member State","CAPT":"Zagreb","EU_STAT":"T","EFTA_STAT":"F","CC_STAT":"F","NAME_GERM":"Kroatien"},"id":"HR063"},{"arcs":[[3420,-3419,-3414,-3128,-2652]],"type":"Polygon","properties":{"NUTS_ID":"HR061","LEVL_CODE":3,"CNTR_CODE":"HR","NAME_LATN":"Međimurska županija","NUTS_NAME":"Međimurska županija","MOUNT_TYPE":4,"URBN_TYPE":3,"COAST_TYPE":3,"NAME_ENGL":"Croatia","NAME_FREN":"Croatie","ISO3_CODE":"HRV","SVRG_UN":"UN Member State","CAPT":"Zagreb","EU_STAT":"T","EFTA_STAT":"F","CC_STAT":"F","NAME_GERM":"Kroatien"},"id":"HR061"},{"arcs":[[3421,3422,3423,-3407,-3418]],"type":"Polygon","properties":{"NUTS_ID":"HR021","LEVL_CODE":3,"CNTR_CODE":"HR","NAME_LATN":"Bjelovarsko-bilogorska županija","NUTS_NAME":"Bjelovarsko-bilogorska županija","MOUNT_TYPE":4,"URBN_TYPE":3,"COAST_TYPE":3,"NAME_ENGL":"Croatia","NAME_FREN":"Croatie","ISO3_CODE":"HRV","SVRG_UN":"UN Member State","CAPT":"Zagreb","EU_STAT":"T","EFTA_STAT":"F","CC_STAT":"F","NAME_GERM":"Kroatien"},"id":"HR021"},{"arcs":[[3424,3425,3426,-3422,-3417,3427]],"type":"Polygon","properties":{"NUTS_ID":"HR022","LEVL_CODE":3,"CNTR_CODE":"HR","NAME_LATN":"Virovitičko-podravska županija","NUTS_NAME":"Virovitičko-podravska županija","MOUNT_TYPE":4,"URBN_TYPE":3,"COAST_TYPE":3,"NAME_ENGL":"Croatia","NAME_FREN":"Croatie","ISO3_CODE":"HRV","SVRG_UN":"UN Member State","CAPT":"Zagreb","EU_STAT":"T","EFTA_STAT":"F","CC_STAT":"F","NAME_GERM":"Kroatien"},"id":"HR022"},{"arcs":[[3428,3429,3430,-3423,-3427]],"type":"Polygon","properties":{"NUTS_ID":"HR023","LEVL_CODE":3,"CNTR_CODE":"HR","NAME_LATN":"Požeško-slavonska županija","NUTS_NAME":"Požeško-slavonska županija","MOUNT_TYPE":4,"URBN_TYPE":3,"COAST_TYPE":3,"NAME_ENGL":"Croatia","NAME_FREN":"Croatie","ISO3_CODE":"HRV","SVRG_UN":"UN Member State","CAPT":"Zagreb","EU_STAT":"T","EFTA_STAT":"F","CC_STAT":"F","NAME_GERM":"Kroatien"},"id":"HR023"},{"arcs":[[3431,3432,3433,3434,-3430]],"type":"Polygon","properties":{"NUTS_ID":"HR024","LEVL_CODE":3,"CNTR_CODE":"HR","NAME_LATN":"Brodsko-posavska županija","NUTS_NAME":"Brodsko-posavska županija","MOUNT_TYPE":4,"URBN_TYPE":2,"COAST_TYPE":3,"NAME_ENGL":"Croatia","NAME_FREN":"Croatie","ISO3_CODE":"HRV","SVRG_UN":"UN Member State","CAPT":"Zagreb","EU_STAT":"T","EFTA_STAT":"F","CC_STAT":"F","NAME_GERM":"Kroatien"},"id":"HR024"},{"arcs":[[-3364,3435,-3432,-3429,-3426,3436,3437,-3356]],"type":"Polygon","properties":{"NUTS_ID":"HR025","LEVL_CODE":3,"CNTR_CODE":"HR","NAME_LATN":"Osječko-baranjska županija","NUTS_NAME":"Osječko-baranjska županija","MOUNT_TYPE":4,"URBN_TYPE":2,"COAST_TYPE":3,"NAME_ENGL":"Croatia","NAME_FREN":"Croatie","ISO3_CODE":"HRV","SVRG_UN":"UN Member State","CAPT":"Zagreb","EU_STAT":"T","EFTA_STAT":"F","CC_STAT":"F","NAME_GERM":"Kroatien"},"id":"HR025"},{"arcs":[[-3363,-3375,3438,-3433,-3436]],"type":"Polygon","properties":{"NUTS_ID":"HR026","LEVL_CODE":3,"CNTR_CODE":"HR","NAME_LATN":"Vukovarsko-srijemska županija","NUTS_NAME":"Vukovarsko-srijemska županija","MOUNT_TYPE":4,"URBN_TYPE":3,"COAST_TYPE":3,"NAME_ENGL":"Croatia","NAME_FREN":"Croatie","ISO3_CODE":"HRV","SVRG_UN":"UN Member State","CAPT":"Zagreb","EU_STAT":"T","EFTA_STAT":"F","CC_STAT":"F","NAME_GERM":"Kroatien"},"id":"HR026"},{"arcs":[[3439,3440,-3179,-3169,-3145,-3409]],"type":"Polygon","properties":{"NUTS_ID":"HR027","LEVL_CODE":3,"CNTR_CODE":"HR","NAME_LATN":"Karlovačka županija","NUTS_NAME":"Karlovačka županija","MOUNT_TYPE":4,"URBN_TYPE":3,"COAST_TYPE":3,"NAME_ENGL":"Croatia","NAME_FREN":"Croatie","ISO3_CODE":"HRV","SVRG_UN":"UN Member State","CAPT":"Zagreb","EU_STAT":"T","EFTA_STAT":"F","CC_STAT":"F","NAME_GERM":"Kroatien"},"id":"HR027"},{"arcs":[[-3431,-3435,3441,-3440,-3408,-3424]],"type":"Polygon","properties":{"NUTS_ID":"HR028","LEVL_CODE":3,"CNTR_CODE":"HR","NAME_LATN":"Sisačko-moslavačka županija","NUTS_NAME":"Sisačko-moslavačka županija","MOUNT_TYPE":4,"URBN_TYPE":3,"COAST_TYPE":3,"NAME_ENGL":"Croatia","NAME_FREN":"Croatie","ISO3_CODE":"HRV","SVRG_UN":"UN Member State","CAPT":"Zagreb","EU_STAT":"T","EFTA_STAT":"F","CC_STAT":"F","NAME_GERM":"Kroatien"},"id":"HR028"},{"arcs":[[3442]],"type":"Polygon","properties":{"NUTS_ID":"HU110","LEVL_CODE":3,"CNTR_CODE":"HU","NAME_LATN":"Budapest","NUTS_NAME":"Budapest","MOUNT_TYPE":4,"URBN_TYPE":1,"COAST_TYPE":3,"NAME_ENGL":"Hungary","NAME_FREN":"Hongrie","ISO3_CODE":"HUN","SVRG_UN":"UN Member State","CAPT":"Budapest","EU_STAT":"T","EFTA_STAT":"F","CC_STAT":"F","NAME_GERM":"Ungarn"},"id":"HU110"},{"arcs":[[3443,3444,3445,3446,3447,-2875,3448],[-3443]],"type":"Polygon","properties":{"NUTS_ID":"HU120","LEVL_CODE":3,"CNTR_CODE":"HU","NAME_LATN":"Pest","NUTS_NAME":"Pest","MOUNT_TYPE":4,"URBN_TYPE":2,"COAST_TYPE":3,"NAME_ENGL":"Hungary","NAME_FREN":"Hongrie","ISO3_CODE":"HUN","SVRG_UN":"UN Member State","CAPT":"Budapest","EU_STAT":"T","EFTA_STAT":"F","CC_STAT":"F","NAME_GERM":"Ungarn"},"id":"HU120"},{"arcs":[[3449,3450,3451,3452,3453,-3447]],"type":"Polygon","properties":{"NUTS_ID":"HU211","LEVL_CODE":3,"CNTR_CODE":"HU","NAME_LATN":"Fejér","NUTS_NAME":"Fejér","MOUNT_TYPE":4,"URBN_TYPE":2,"COAST_TYPE":3,"NAME_ENGL":"Hungary","NAME_FREN":"Hongrie","ISO3_CODE":"HUN","SVRG_UN":"UN Member State","CAPT":"Budapest","EU_STAT":"T","EFTA_STAT":"F","CC_STAT":"F","NAME_GERM":"Ungarn"},"id":"HU211"},{"arcs":[[-3454,3454,3455,-2876,-3448]],"type":"Polygon","properties":{"NUTS_ID":"HU212","LEVL_CODE":3,"CNTR_CODE":"HU","NAME_LATN":"Komárom-Esztergom","NUTS_NAME":"Komárom-Esztergom","MOUNT_TYPE":4,"URBN_TYPE":2,"COAST_TYPE":3,"NAME_ENGL":"Hungary","NAME_FREN":"Hongrie","ISO3_CODE":"HUN","SVRG_UN":"UN Member State","CAPT":"Budapest","EU_STAT":"T","EFTA_STAT":"F","CC_STAT":"F","NAME_GERM":"Ungarn"},"id":"HU212"},{"arcs":[[-3455,-3453,3456,3457,3458,3459]],"type":"Polygon","properties":{"NUTS_ID":"HU213","LEVL_CODE":3,"CNTR_CODE":"HU","NAME_LATN":"Veszprém","NUTS_NAME":"Veszprém","MOUNT_TYPE":4,"URBN_TYPE":2,"COAST_TYPE":3,"NAME_ENGL":"Hungary","NAME_FREN":"Hongrie","ISO3_CODE":"HUN","SVRG_UN":"UN Member State","CAPT":"Budapest","EU_STAT":"T","EFTA_STAT":"F","CC_STAT":"F","NAME_GERM":"Ungarn"},"id":"HU213"},{"arcs":[[-2877,-3456,-3460,3460,-208,-209,-2865,-2869]],"type":"Polygon","properties":{"NUTS_ID":"HU221","LEVL_CODE":3,"CNTR_CODE":"HU","NAME_LATN":"Győr-Moson-Sopron","NUTS_NAME":"Győr-Moson-Sopron","MOUNT_TYPE":4,"URBN_TYPE":2,"COAST_TYPE":3,"NAME_ENGL":"Hungary","NAME_FREN":"Hongrie","ISO3_CODE":"HUN","SVRG_UN":"UN Member State","CAPT":"Budapest","EU_STAT":"T","EFTA_STAT":"F","CC_STAT":"F","NAME_GERM":"Ungarn"},"id":"HU221"},{"arcs":[[-3459,3461,-2654,-213,-204,-3461]],"type":"Polygon","properties":{"NUTS_ID":"HU222","LEVL_CODE":3,"CNTR_CODE":"HU","NAME_LATN":"Vas","NUTS_NAME":"Vas","MOUNT_TYPE":4,"URBN_TYPE":2,"COAST_TYPE":3,"NAME_ENGL":"Hungary","NAME_FREN":"Hongrie","ISO3_CODE":"HUN","SVRG_UN":"UN Member State","CAPT":"Budapest","EU_STAT":"T","EFTA_STAT":"F","CC_STAT":"F","NAME_GERM":"Ungarn"},"id":"HU222"},{"arcs":[[3462,-3420,-3421,-2651,-3462,-3458]],"type":"Polygon","properties":{"NUTS_ID":"HU223","LEVL_CODE":3,"CNTR_CODE":"HU","NAME_LATN":"Zala","NUTS_NAME":"Zala","MOUNT_TYPE":4,"URBN_TYPE":3,"COAST_TYPE":3,"NAME_ENGL":"Hungary","NAME_FREN":"Hongrie","ISO3_CODE":"HUN","SVRG_UN":"UN Member State","CAPT":"Budapest","EU_STAT":"T","EFTA_STAT":"F","CC_STAT":"F","NAME_GERM":"Ungarn"},"id":"HU223"},{"arcs":[[3463,-3437,-3425,3464,3465]],"type":"Polygon","properties":{"NUTS_ID":"HU231","LEVL_CODE":3,"CNTR_CODE":"HU","NAME_LATN":"Baranya","NUTS_NAME":"Baranya","MOUNT_TYPE":4,"URBN_TYPE":2,"COAST_TYPE":3,"NAME_ENGL":"Hungary","NAME_FREN":"Hongrie","ISO3_CODE":"HUN","SVRG_UN":"UN Member State","CAPT":"Budapest","EU_STAT":"T","EFTA_STAT":"F","CC_STAT":"F","NAME_GERM":"Ungarn"},"id":"HU231"},{"arcs":[[3466,-3465,-3428,-3416,-3463,-3457,-3452]],"type":"Polygon","properties":{"NUTS_ID":"HU232","LEVL_CODE":3,"CNTR_CODE":"HU","NAME_LATN":"Somogy","NUTS_NAME":"Somogy","MOUNT_TYPE":4,"URBN_TYPE":3,"COAST_TYPE":3,"NAME_ENGL":"Hungary","NAME_FREN":"Hongrie","ISO3_CODE":"HUN","SVRG_UN":"UN Member State","CAPT":"Budapest","EU_STAT":"T","EFTA_STAT":"F","CC_STAT":"F","NAME_GERM":"Ungarn"},"id":"HU232"},{"arcs":[[-3466,-3467,-3451,3467]],"type":"Polygon","properties":{"NUTS_ID":"HU233","LEVL_CODE":3,"CNTR_CODE":"HU","NAME_LATN":"Tolna","NUTS_NAME":"Tolna","MOUNT_TYPE":4,"URBN_TYPE":3,"COAST_TYPE":3,"NAME_ENGL":"Hungary","NAME_FREN":"Hongrie","ISO3_CODE":"HUN","SVRG_UN":"UN Member State","CAPT":"Budapest","EU_STAT":"T","EFTA_STAT":"F","CC_STAT":"F","NAME_GERM":"Ungarn"},"id":"HU233"},{"arcs":[[3468,3469,3470,3471,3472,3473,3474]],"type":"Polygon","properties":{"NUTS_ID":"HU311","LEVL_CODE":3,"CNTR_CODE":"HU","NAME_LATN":"Borsod-Abaúj-Zemplén","NUTS_NAME":"Borsod-Abaúj-Zemplén","MOUNT_TYPE":4,"URBN_TYPE":2,"COAST_TYPE":3,"NAME_ENGL":"Hungary","NAME_FREN":"Hongrie","ISO3_CODE":"HUN","SVRG_UN":"UN Member State","CAPT":"Budapest","EU_STAT":"T","EFTA_STAT":"F","CC_STAT":"F","NAME_GERM":"Ungarn"},"id":"HU311"},{"arcs":[[3475,-3444,3476,-3472]],"type":"Polygon","properties":{"NUTS_ID":"HU312","LEVL_CODE":3,"CNTR_CODE":"HU","NAME_LATN":"Heves","NUTS_NAME":"Heves","MOUNT_TYPE":4,"URBN_TYPE":3,"COAST_TYPE":3,"NAME_ENGL":"Hungary","NAME_FREN":"Hongrie","ISO3_CODE":"HUN","SVRG_UN":"UN Member State","CAPT":"Budapest","EU_STAT":"T","EFTA_STAT":"F","CC_STAT":"F","NAME_GERM":"Ungarn"},"id":"HU312"},{"arcs":[[-3473,-3477,-3449,-2874,3477]],"type":"Polygon","properties":{"NUTS_ID":"HU313","LEVL_CODE":3,"CNTR_CODE":"HU","NAME_LATN":"Nógrád","NUTS_NAME":"Nógrád","MOUNT_TYPE":4,"URBN_TYPE":3,"COAST_TYPE":3,"NAME_ENGL":"Hungary","NAME_FREN":"Hongrie","ISO3_CODE":"HUN","SVRG_UN":"UN Member State","CAPT":"Budapest","EU_STAT":"T","EFTA_STAT":"F","CC_STAT":"F","NAME_GERM":"Ungarn"},"id":"HU313"},{"arcs":[[3478,3479,3480,-3470,3481]],"type":"Polygon","properties":{"NUTS_ID":"HU321","LEVL_CODE":3,"CNTR_CODE":"HU","NAME_LATN":"Hajdú-Bihar","NUTS_NAME":"Hajdú-Bihar","MOUNT_TYPE":4,"URBN_TYPE":2,"COAST_TYPE":3,"NAME_ENGL":"Hungary","NAME_FREN":"Hongrie","ISO3_CODE":"HUN","SVRG_UN":"UN Member State","CAPT":"Budapest","EU_STAT":"T","EFTA_STAT":"F","CC_STAT":"F","NAME_GERM":"Ungarn"},"id":"HU321"},{"arcs":[[3482,3483,3484,-3445,-3476,-3471,-3481]],"type":"Polygon","properties":{"NUTS_ID":"HU322","LEVL_CODE":3,"CNTR_CODE":"HU","NAME_LATN":"Jász-Nagykun-Szolnok","NUTS_NAME":"Jász-Nagykun-Szolnok","MOUNT_TYPE":4,"URBN_TYPE":2,"COAST_TYPE":3,"NAME_ENGL":"Hungary","NAME_FREN":"Hongrie","ISO3_CODE":"HUN","SVRG_UN":"UN Member State","CAPT":"Budapest","EU_STAT":"T","EFTA_STAT":"F","CC_STAT":"F","NAME_GERM":"Ungarn"},"id":"HU322"},{"arcs":[[3485,3486,-3482,-3469,3487,3488]],"type":"Polygon","properties":{"NUTS_ID":"HU323","LEVL_CODE":3,"CNTR_CODE":"HU","NAME_LATN":"Szabolcs-Szatmár-Bereg","NUTS_NAME":"Szabolcs-Szatmár-Bereg","MOUNT_TYPE":4,"URBN_TYPE":3,"COAST_TYPE":3,"NAME_ENGL":"Hungary","NAME_FREN":"Hongrie","ISO3_CODE":"HUN","SVRG_UN":"UN Member State","CAPT":"Budapest","EU_STAT":"T","EFTA_STAT":"F","CC_STAT":"F","NAME_GERM":"Ungarn"},"id":"HU323"},{"arcs":[[-3485,3489,-3370,-3357,-3438,-3464,-3468,-3450,-3446]],"type":"Polygon","properties":{"NUTS_ID":"HU331","LEVL_CODE":3,"CNTR_CODE":"HU","NAME_LATN":"Bács-Kiskun","NUTS_NAME":"Bács-Kiskun","MOUNT_TYPE":4,"URBN_TYPE":2,"COAST_TYPE":3,"NAME_ENGL":"Hungary","NAME_FREN":"Hongrie","ISO3_CODE":"HUN","SVRG_UN":"UN Member State","CAPT":"Budapest","EU_STAT":"T","EFTA_STAT":"F","CC_STAT":"F","NAME_GERM":"Ungarn"},"id":"HU331"},{"arcs":[[3490,-3334,3491,-3483,-3480]],"type":"Polygon","properties":{"NUTS_ID":"HU332","LEVL_CODE":3,"CNTR_CODE":"HU","NAME_LATN":"Békés","NUTS_NAME":"Békés","MOUNT_TYPE":4,"URBN_TYPE":2,"COAST_TYPE":3,"NAME_ENGL":"Hungary","NAME_FREN":"Hongrie","ISO3_CODE":"HUN","SVRG_UN":"UN Member State","CAPT":"Budapest","EU_STAT":"T","EFTA_STAT":"F","CC_STAT":"F","NAME_GERM":"Ungarn"},"id":"HU332"},{"arcs":[[-3492,-3333,-3346,-3369,-3371,-3490,-3484]],"type":"Polygon","properties":{"NUTS_ID":"HU333","LEVL_CODE":3,"CNTR_CODE":"HU","NAME_LATN":"Csongrád","NUTS_NAME":"Csongrád","MOUNT_TYPE":4,"URBN_TYPE":2,"COAST_TYPE":3,"NAME_ENGL":"Hungary","NAME_FREN":"Hongrie","ISO3_CODE":"HUN","SVRG_UN":"UN Member State","CAPT":"Budapest","EU_STAT":"T","EFTA_STAT":"F","CC_STAT":"F","NAME_GERM":"Ungarn"},"id":"HU333"},{"arcs":[[[3492,3493,3494,3495,3496,3497,3498,3499,3500]],[[3501]]],"type":"MultiPolygon","properties":{"NUTS_ID":"IE041","LEVL_CODE":3,"CNTR_CODE":"IE","NAME_LATN":"Border","NUTS_NAME":"Border","MOUNT_TYPE":4,"URBN_TYPE":3,"COAST_TYPE":1,"NAME_ENGL":"Ireland","NAME_FREN":"Irlande","ISO3_CODE":"IRL","SVRG_UN":"UN Member State","CAPT":"Dublin","EU_STAT":"T","EFTA_STAT":"F","CC_STAT":"F","NAME_GERM":"Irland"},"id":"IE041"},{"arcs":[[[3502,3503,3504,-3500]],[[3505]]],"type":"MultiPolygon","properties":{"NUTS_ID":"IE042","LEVL_CODE":3,"CNTR_CODE":"IE","NAME_LATN":"West","NUTS_NAME":"West","MOUNT_TYPE":4,"URBN_TYPE":3,"COAST_TYPE":1,"NAME_ENGL":"Ireland","NAME_FREN":"Irlande","ISO3_CODE":"IRL","SVRG_UN":"UN Member State","CAPT":"Dublin","EU_STAT":"T","EFTA_STAT":"F","CC_STAT":"F","NAME_GERM":"Irland"},"id":"IE042"},{"arcs":[[3506,3507,3508,-3504,3509]],"type":"Polygon","properties":{"NUTS_ID":"IE051","LEVL_CODE":3,"CNTR_CODE":"IE","NAME_LATN":"Mid-West","NUTS_NAME":"Mid-West","MOUNT_TYPE":4,"URBN_TYPE":3,"COAST_TYPE":1,"NAME_ENGL":"Ireland","NAME_FREN":"Irlande","ISO3_CODE":"IRL","SVRG_UN":"UN Member State","CAPT":"Dublin","EU_STAT":"T","EFTA_STAT":"F","CC_STAT":"F","NAME_GERM":"Irland"},"id":"IE051"},{"arcs":[[3510,3511,-3507,3512,3513]],"type":"Polygon","properties":{"NUTS_ID":"IE052","LEVL_CODE":3,"CNTR_CODE":"IE","NAME_LATN":"South-East","NUTS_NAME":"South-East","MOUNT_TYPE":4,"URBN_TYPE":3,"COAST_TYPE":1,"NAME_ENGL":"Ireland","NAME_FREN":"Irlande","ISO3_CODE":"IRL","SVRG_UN":"UN Member State","CAPT":"Dublin","EU_STAT":"T","EFTA_STAT":"F","CC_STAT":"F","NAME_GERM":"Irland"},"id":"IE052"},{"arcs":[[[-3512,3514,-3508]],[[3515]]],"type":"MultiPolygon","properties":{"NUTS_ID":"IE053","LEVL_CODE":3,"CNTR_CODE":"IE","NAME_LATN":"South-West","NUTS_NAME":"South-West","MOUNT_TYPE":4,"URBN_TYPE":3,"COAST_TYPE":1,"NAME_ENGL":"Ireland","NAME_FREN":"Irlande","ISO3_CODE":"IRL","SVRG_UN":"UN Member State","CAPT":"Dublin","EU_STAT":"T","EFTA_STAT":"F","CC_STAT":"F","NAME_GERM":"Irland"},"id":"IE053"},{"arcs":[[3516,3517]],"type":"Polygon","properties":{"NUTS_ID":"IE061","LEVL_CODE":3,"CNTR_CODE":"IE","NAME_LATN":"Dublin","NUTS_NAME":"Dublin","MOUNT_TYPE":4,"URBN_TYPE":1,"COAST_TYPE":1,"NAME_ENGL":"Ireland","NAME_FREN":"Irlande","ISO3_CODE":"IRL","SVRG_UN":"UN Member State","CAPT":"Dublin","EU_STAT":"T","EFTA_STAT":"F","CC_STAT":"F","NAME_GERM":"Irland"},"id":"IE061"},{"arcs":[[-3517,3518,-3514,3519,-3498,3520,3521]],"type":"Polygon","properties":{"NUTS_ID":"IE062","LEVL_CODE":3,"CNTR_CODE":"IE","NAME_LATN":"Mid-East","NUTS_NAME":"Mid-East","MOUNT_TYPE":4,"URBN_TYPE":2,"COAST_TYPE":1,"NAME_ENGL":"Ireland","NAME_FREN":"Irlande","ISO3_CODE":"IRL","SVRG_UN":"UN Member State","CAPT":"Dublin","EU_STAT":"T","EFTA_STAT":"F","CC_STAT":"F","NAME_GERM":"Irland"},"id":"IE062"},{"arcs":[[-3520,-3513,-3510,-3503,-3499]],"type":"Polygon","properties":{"NUTS_ID":"IE063","LEVL_CODE":3,"CNTR_CODE":"IE","NAME_LATN":"Midland","NUTS_NAME":"Midland","MOUNT_TYPE":4,"URBN_TYPE":3,"COAST_TYPE":3,"NAME_ENGL":"Ireland","NAME_FREN":"Irlande","ISO3_CODE":"IRL","SVRG_UN":"UN Member State","CAPT":"Dublin","EU_STAT":"T","EFTA_STAT":"F","CC_STAT":"F","NAME_GERM":"Irland"},"id":"IE063"},{"arcs":[[[3522,3523]],[[3524,3525]]],"type":"MultiPolygon","properties":{"NUTS_ID":"IS001","LEVL_CODE":3,"CNTR_CODE":"IS","NAME_LATN":"Höfuðborgarsvæði","NUTS_NAME":"Höfuðborgarsvæði","MOUNT_TYPE":2,"URBN_TYPE":1,"COAST_TYPE":1,"NAME_ENGL":"Iceland","NAME_FREN":"Islande","ISO3_CODE":"ISL","SVRG_UN":"UN Member State","CAPT":"Reykjavík","EU_STAT":"F","EFTA_STAT":"T","CC_STAT":"F","NAME_GERM":"Island"},"id":"IS001"},{"arcs":[[-3526,3526,-3524,3527]],"type":"Polygon","properties":{"NUTS_ID":"IS002","LEVL_CODE":3,"CNTR_CODE":"IS","NAME_LATN":"Landsbyggð","NUTS_NAME":"Landsbyggð","MOUNT_TYPE":2,"URBN_TYPE":3,"COAST_TYPE":1,"NAME_ENGL":"Iceland","NAME_FREN":"Islande","ISO3_CODE":"ISL","SVRG_UN":"UN Member State","CAPT":"Reykjavík","EU_STAT":"F","EFTA_STAT":"T","CC_STAT":"F","NAME_GERM":"Island"},"id":"IS002"},{"arcs":[[3528,3529,3530,3531,-1818,-1446,3532,3533]],"type":"Polygon","properties":{"NUTS_ID":"ITC11","LEVL_CODE":3,"CNTR_CODE":"IT","NAME_LATN":"Torino","NUTS_NAME":"Torino","MOUNT_TYPE":2,"URBN_TYPE":1,"COAST_TYPE":3,"NAME_ENGL":"Italy","NAME_FREN":"Italie","ISO3_CODE":"ITA","SVRG_UN":"UN Member State","CAPT":"Rome","EU_STAT":"T","EFTA_STAT":"F","CC_STAT":"F","NAME_GERM":"Italien"},"id":"ITC11"},{"arcs":[[3534,3535,3536,-3529,3537,3538,-1249,3539]],"type":"Polygon","properties":{"NUTS_ID":"ITC12","LEVL_CODE":3,"CNTR_CODE":"IT","NAME_LATN":"Vercelli","NUTS_NAME":"Vercelli","MOUNT_TYPE":4,"URBN_TYPE":2,"COAST_TYPE":3,"NAME_ENGL":"Italy","NAME_FREN":"Italie","ISO3_CODE":"ITA","SVRG_UN":"UN Member State","CAPT":"Rome","EU_STAT":"T","EFTA_STAT":"F","CC_STAT":"F","NAME_GERM":"Italien"},"id":"ITC12"},{"arcs":[[-3534,3540,-3538]],"type":"Polygon","properties":{"NUTS_ID":"ITC13","LEVL_CODE":3,"CNTR_CODE":"IT","NAME_LATN":"Biella","NUTS_NAME":"Biella","MOUNT_TYPE":3,"URBN_TYPE":2,"COAST_TYPE":3,"NAME_ENGL":"Italy","NAME_FREN":"Italie","ISO3_CODE":"ITA","SVRG_UN":"UN Member State","CAPT":"Rome","EU_STAT":"T","EFTA_STAT":"F","CC_STAT":"F","NAME_GERM":"Italien"},"id":"ITC13"},{"arcs":[[3541,3542,-3540,-1248,-272]],"type":"Polygon","properties":{"NUTS_ID":"ITC14","LEVL_CODE":3,"CNTR_CODE":"IT","NAME_LATN":"Verbano-Cusio-Ossola","NUTS_NAME":"Verbano-Cusio-Ossola","MOUNT_TYPE":3,"URBN_TYPE":2,"COAST_TYPE":3,"NAME_ENGL":"Italy","NAME_FREN":"Italie","ISO3_CODE":"ITA","SVRG_UN":"UN Member State","CAPT":"Rome","EU_STAT":"T","EFTA_STAT":"F","CC_STAT":"F","NAME_GERM":"Italien"},"id":"ITC14"},{"arcs":[[3543,-2810,3544,-3535,-3543]],"type":"Polygon","properties":{"NUTS_ID":"ITC15","LEVL_CODE":3,"CNTR_CODE":"IT","NAME_LATN":"Novara","NUTS_NAME":"Novara","MOUNT_TYPE":4,"URBN_TYPE":2,"COAST_TYPE":3,"NAME_ENGL":"Italy","NAME_FREN":"Italie","ISO3_CODE":"ITA","SVRG_UN":"UN Member State","CAPT":"Rome","EU_STAT":"T","EFTA_STAT":"F","CC_STAT":"F","NAME_GERM":"Italien"},"id":"ITC15"},{"arcs":[[3545,3546,-1823,-1817,-1819,-3532,3547]],"type":"Polygon","properties":{"NUTS_ID":"ITC16","LEVL_CODE":3,"CNTR_CODE":"IT","NAME_LATN":"Cuneo","NUTS_NAME":"Cuneo","MOUNT_TYPE":2,"URBN_TYPE":3,"COAST_TYPE":3,"NAME_ENGL":"Italy","NAME_FREN":"Italie","ISO3_CODE":"ITA","SVRG_UN":"UN Member State","CAPT":"Rome","EU_STAT":"T","EFTA_STAT":"F","CC_STAT":"F","NAME_GERM":"Italien"},"id":"ITC16"},{"arcs":[[3548,-3548,-3531,3549]],"type":"Polygon","properties":{"NUTS_ID":"ITC17","LEVL_CODE":3,"CNTR_CODE":"IT","NAME_LATN":"Asti","NUTS_NAME":"Asti","MOUNT_TYPE":4,"URBN_TYPE":3,"COAST_TYPE":3,"NAME_ENGL":"Italy","NAME_FREN":"Italie","ISO3_CODE":"ITA","SVRG_UN":"UN Member State","CAPT":"Rome","EU_STAT":"T","EFTA_STAT":"F","CC_STAT":"F","NAME_GERM":"Italien"},"id":"ITC17"},{"arcs":[[3550,-2975,3551,3552,-3550,-3530,-3537]],"type":"Polygon","properties":{"NUTS_ID":"ITC18","LEVL_CODE":3,"CNTR_CODE":"IT","NAME_LATN":"Alessandria","NUTS_NAME":"Alessandria","MOUNT_TYPE":4,"URBN_TYPE":3,"COAST_TYPE":3,"NAME_ENGL":"Italy","NAME_FREN":"Italie","ISO3_CODE":"ITA","SVRG_UN":"UN Member State","CAPT":"Rome","EU_STAT":"T","EFTA_STAT":"F","CC_STAT":"F","NAME_GERM":"Italien"},"id":"ITC18"},{"arcs":[[-3539,-3541,-3533,-1445,-1450,-1250]],"type":"Polygon","properties":{"NUTS_ID":"ITC20","LEVL_CODE":3,"CNTR_CODE":"IT","NAME_LATN":"Valle d’Aosta/Vallée d’Aoste","NUTS_NAME":"Valle d’Aosta/Vallée d’Aoste","MOUNT_TYPE":3,"URBN_TYPE":2,"COAST_TYPE":3,"NAME_ENGL":"Italy","NAME_FREN":"Italie","ISO3_CODE":"ITA","SVRG_UN":"UN Member State","CAPT":"Rome","EU_STAT":"T","EFTA_STAT":"F","CC_STAT":"F","NAME_GERM":"Italien"},"id":"ITC20"},{"arcs":[[3553,3554,-1820,-3547]],"type":"Polygon","properties":{"NUTS_ID":"ITC31","LEVL_CODE":3,"CNTR_CODE":"IT","NAME_LATN":"Imperia","NUTS_NAME":"Imperia","MOUNT_TYPE":3,"URBN_TYPE":1,"COAST_TYPE":1,"NAME_ENGL":"Italy","NAME_FREN":"Italie","ISO3_CODE":"ITA","SVRG_UN":"UN Member State","CAPT":"Rome","EU_STAT":"T","EFTA_STAT":"F","CC_STAT":"F","NAME_GERM":"Italien"},"id":"ITC31"},{"arcs":[[-3553,3555,3556,-3554,-3546,-3549]],"type":"Polygon","properties":{"NUTS_ID":"ITC32","LEVL_CODE":3,"CNTR_CODE":"IT","NAME_LATN":"Savona","NUTS_NAME":"Savona","MOUNT_TYPE":3,"URBN_TYPE":2,"COAST_TYPE":1,"NAME_ENGL":"Italy","NAME_FREN":"Italie","ISO3_CODE":"ITA","SVRG_UN":"UN Member State","CAPT":"Rome","EU_STAT":"T","EFTA_STAT":"F","CC_STAT":"F","NAME_GERM":"Italien"},"id":"ITC32"},{"arcs":[[-2974,-2982,3557,3558,-3556,-3552]],"type":"Polygon","properties":{"NUTS_ID":"ITC33","LEVL_CODE":3,"CNTR_CODE":"IT","NAME_LATN":"Genova","NUTS_NAME":"Genova","MOUNT_TYPE":2,"URBN_TYPE":1,"COAST_TYPE":1,"NAME_ENGL":"Italy","NAME_FREN":"Italie","ISO3_CODE":"ITA","SVRG_UN":"UN Member State","CAPT":"Rome","EU_STAT":"T","EFTA_STAT":"F","CC_STAT":"F","NAME_GERM":"Italien"},"id":"ITC33"},{"arcs":[[-3015,3559,-3558,-2981]],"type":"Polygon","properties":{"NUTS_ID":"ITC34","LEVL_CODE":3,"CNTR_CODE":"IT","NAME_LATN":"La Spezia","NUTS_NAME":"La Spezia","MOUNT_TYPE":2,"URBN_TYPE":1,"COAST_TYPE":1,"NAME_ENGL":"Italy","NAME_FREN":"Italie","ISO3_CODE":"ITA","SVRG_UN":"UN Member State","CAPT":"Rome","EU_STAT":"T","EFTA_STAT":"F","CC_STAT":"F","NAME_GERM":"Italien"},"id":"ITC34"},{"arcs":[[3560,-2815,-2811,-3544,-3542,-271]],"type":"Polygon","properties":{"NUTS_ID":"ITC41","LEVL_CODE":3,"CNTR_CODE":"IT","NAME_LATN":"Varese","NUTS_NAME":"Varese","MOUNT_TYPE":4,"URBN_TYPE":1,"COAST_TYPE":3,"NAME_ENGL":"Italy","NAME_FREN":"Italie","ISO3_CODE":"ITA","SVRG_UN":"UN Member State","CAPT":"Rome","EU_STAT":"T","EFTA_STAT":"F","CC_STAT":"F","NAME_GERM":"Italien"},"id":"ITC41"},{"arcs":[[3561,-2816,-3561,-270,-238,3562]],"type":"Polygon","properties":{"NUTS_ID":"ITC42","LEVL_CODE":3,"CNTR_CODE":"IT","NAME_LATN":"Como","NUTS_NAME":"Como","MOUNT_TYPE":2,"URBN_TYPE":1,"COAST_TYPE":3,"NAME_ENGL":"Italy","NAME_FREN":"Italie","ISO3_CODE":"ITA","SVRG_UN":"UN Member State","CAPT":"Rome","EU_STAT":"T","EFTA_STAT":"F","CC_STAT":"F","NAME_GERM":"Italien"},"id":"ITC42"},{"arcs":[[3563,-2817,-3562,3564]],"type":"Polygon","properties":{"NUTS_ID":"ITC43","LEVL_CODE":3,"CNTR_CODE":"IT","NAME_LATN":"Lecco","NUTS_NAME":"Lecco","MOUNT_TYPE":3,"URBN_TYPE":1,"COAST_TYPE":3,"NAME_ENGL":"Italy","NAME_FREN":"Italie","ISO3_CODE":"ITA","SVRG_UN":"UN Member State","CAPT":"Rome","EU_STAT":"T","EFTA_STAT":"F","CC_STAT":"F","NAME_GERM":"Italien"},"id":"ITC43"},{"arcs":[[-2934,-2938,3565,3566,-3565,-3563,-237]],"type":"Polygon","properties":{"NUTS_ID":"ITC44","LEVL_CODE":3,"CNTR_CODE":"IT","NAME_LATN":"Sondrio","NUTS_NAME":"Sondrio","MOUNT_TYPE":3,"URBN_TYPE":2,"COAST_TYPE":3,"NAME_ENGL":"Italy","NAME_FREN":"Italie","ISO3_CODE":"ITA","SVRG_UN":"UN Member State","CAPT":"Rome","EU_STAT":"T","EFTA_STAT":"F","CC_STAT":"F","NAME_GERM":"Italien"},"id":"ITC44"},{"arcs":[[3567,3568,-2813,-2814,-3564,-3567]],"type":"Polygon","properties":{"NUTS_ID":"ITC46","LEVL_CODE":3,"CNTR_CODE":"IT","NAME_LATN":"Bergamo","NUTS_NAME":"Bergamo","MOUNT_TYPE":2,"URBN_TYPE":1,"COAST_TYPE":3,"NAME_ENGL":"Italy","NAME_FREN":"Italie","ISO3_CODE":"ITA","SVRG_UN":"UN Member State","CAPT":"Rome","EU_STAT":"T","EFTA_STAT":"F","CC_STAT":"F","NAME_GERM":"Italien"},"id":"ITC46"},{"arcs":[[-2944,3569,3570,-3568,-3566,-2937]],"type":"Polygon","properties":{"NUTS_ID":"ITC47","LEVL_CODE":3,"CNTR_CODE":"IT","NAME_LATN":"Brescia","NUTS_NAME":"Brescia","MOUNT_TYPE":2,"URBN_TYPE":2,"COAST_TYPE":3,"NAME_ENGL":"Italy","NAME_FREN":"Italie","ISO3_CODE":"ITA","SVRG_UN":"UN Member State","CAPT":"Rome","EU_STAT":"T","EFTA_STAT":"F","CC_STAT":"F","NAME_GERM":"Italien"},"id":"ITC47"},{"arcs":[[3571,-2976,-3551,-3536,-3545,-2809]],"type":"Polygon","properties":{"NUTS_ID":"ITC48","LEVL_CODE":3,"CNTR_CODE":"IT","NAME_LATN":"Pavia","NUTS_NAME":"Pavia","MOUNT_TYPE":4,"URBN_TYPE":2,"COAST_TYPE":3,"NAME_ENGL":"Italy","NAME_FREN":"Italie","ISO3_CODE":"ITA","SVRG_UN":"UN Member State","CAPT":"Rome","EU_STAT":"T","EFTA_STAT":"F","CC_STAT":"F","NAME_GERM":"Italien"},"id":"ITC48"},{"arcs":[[-2977,-3572,-2808,3572]],"type":"Polygon","properties":{"NUTS_ID":"ITC49","LEVL_CODE":3,"CNTR_CODE":"IT","NAME_LATN":"Lodi","NUTS_NAME":"Lodi","MOUNT_TYPE":4,"URBN_TYPE":2,"COAST_TYPE":3,"NAME_ENGL":"Italy","NAME_FREN":"Italie","ISO3_CODE":"ITA","SVRG_UN":"UN Member State","CAPT":"Rome","EU_STAT":"T","EFTA_STAT":"F","CC_STAT":"F","NAME_GERM":"Italien"},"id":"ITC49"},{"arcs":[[-3571,3573,-2983,-2972,-3573,-2807,-3569]],"type":"Polygon","properties":{"NUTS_ID":"ITC4A","LEVL_CODE":3,"CNTR_CODE":"IT","NAME_LATN":"Cremona","NUTS_NAME":"Cremona","MOUNT_TYPE":4,"URBN_TYPE":2,"COAST_TYPE":3,"NAME_ENGL":"Italy","NAME_FREN":"Italie","ISO3_CODE":"ITA","SVRG_UN":"UN Member State","CAPT":"Rome","EU_STAT":"T","EFTA_STAT":"F","CC_STAT":"F","NAME_GERM":"Italien"},"id":"ITC4A"},{"arcs":[[-2964,-3000,-2991,-2987,-2978,-3574,-3570,-2943]],"type":"Polygon","properties":{"NUTS_ID":"ITC4B","LEVL_CODE":3,"CNTR_CODE":"IT","NAME_LATN":"Mantova","NUTS_NAME":"Mantova","MOUNT_TYPE":4,"URBN_TYPE":3,"COAST_TYPE":3,"NAME_ENGL":"Italy","NAME_FREN":"Italie","ISO3_CODE":"ITA","SVRG_UN":"UN Member State","CAPT":"Rome","EU_STAT":"T","EFTA_STAT":"F","CC_STAT":"F","NAME_GERM":"Italien"},"id":"ITC4B"},{"arcs":[[3574,3575,3576,3577,3578,3579,3580]],"type":"Polygon","properties":{"NUTS_ID":"TR510","LEVL_CODE":3,"CNTR_CODE":"TR","NAME_LATN":"Ankara","NUTS_NAME":"Ankara","MOUNT_TYPE":2,"URBN_TYPE":1,"COAST_TYPE":3,"NAME_ENGL":"Türkiye","NAME_FREN":"Turquie","ISO3_CODE":"TUR","SVRG_UN":"UN Member State","CAPT":"Ankara","EU_STAT":"F","EFTA_STAT":"F","CC_STAT":"T","NAME_GERM":"Türkei"},"id":"TR510"},{"arcs":[[3581,3582,3583,3584,3585,3586,3587,3588,-3578]],"type":"Polygon","properties":{"NUTS_ID":"TR521","LEVL_CODE":3,"CNTR_CODE":"TR","NAME_LATN":"Konya","NUTS_NAME":"Konya","MOUNT_TYPE":4,"URBN_TYPE":2,"COAST_TYPE":3,"NAME_ENGL":"Türkiye","NAME_FREN":"Turquie","ISO3_CODE":"TUR","SVRG_UN":"UN Member State","CAPT":"Ankara","EU_STAT":"F","EFTA_STAT":"F","CC_STAT":"T","NAME_GERM":"Türkei"},"id":"TR521"},{"arcs":[[3589,3590,-3585]],"type":"Polygon","properties":{"NUTS_ID":"TR522","LEVL_CODE":3,"CNTR_CODE":"TR","NAME_LATN":"Karaman","NUTS_NAME":"Karaman","MOUNT_TYPE":2,"URBN_TYPE":2,"COAST_TYPE":3,"NAME_ENGL":"Türkiye","NAME_FREN":"Turquie","ISO3_CODE":"TUR","SVRG_UN":"UN Member State","CAPT":"Ankara","EU_STAT":"F","EFTA_STAT":"F","CC_STAT":"T","NAME_GERM":"Türkei"},"id":"TR522"},{"arcs":[[-3591,3591,3592,3593,3594,3595,-3586]],"type":"Polygon","properties":{"NUTS_ID":"TR611","LEVL_CODE":3,"CNTR_CODE":"TR","NAME_LATN":"Antalya","NUTS_NAME":"Antalya","MOUNT_TYPE":2,"URBN_TYPE":1,"COAST_TYPE":1,"NAME_ENGL":"Türkiye","NAME_FREN":"Turquie","ISO3_CODE":"TUR","SVRG_UN":"UN Member State","CAPT":"Ankara","EU_STAT":"F","EFTA_STAT":"F","CC_STAT":"T","NAME_GERM":"Türkei"},"id":"TR611"},{"arcs":[[-3587,-3596,3596,3597]],"type":"Polygon","properties":{"NUTS_ID":"TR612","LEVL_CODE":3,"CNTR_CODE":"TR","NAME_LATN":"Isparta","NUTS_NAME":"Isparta","MOUNT_TYPE":3,"URBN_TYPE":2,"COAST_TYPE":3,"NAME_ENGL":"Türkiye","NAME_FREN":"Turquie","ISO3_CODE":"TUR","SVRG_UN":"UN Member State","CAPT":"Ankara","EU_STAT":"F","EFTA_STAT":"F","CC_STAT":"T","NAME_GERM":"Türkei"},"id":"TR612"},{"arcs":[[-3595,3598,3599,3600,-3597]],"type":"Polygon","properties":{"NUTS_ID":"TR613","LEVL_CODE":3,"CNTR_CODE":"TR","NAME_LATN":"Burdur","NUTS_NAME":"Burdur","MOUNT_TYPE":3,"URBN_TYPE":2,"COAST_TYPE":3,"NAME_ENGL":"Türkiye","NAME_FREN":"Turquie","ISO3_CODE":"TUR","SVRG_UN":"UN Member State","CAPT":"Ankara","EU_STAT":"F","EFTA_STAT":"F","CC_STAT":"T","NAME_GERM":"Türkei"},"id":"TR613"},{"arcs":[[3601,3602,3603,3604,3605,3606,3607]],"type":"Polygon","properties":{"NUTS_ID":"TR621","LEVL_CODE":3,"CNTR_CODE":"TR","NAME_LATN":"Adana","NUTS_NAME":"Adana","MOUNT_TYPE":2,"URBN_TYPE":1,"COAST_TYPE":1,"NAME_ENGL":"Türkiye","NAME_FREN":"Turquie","ISO3_CODE":"TUR","SVRG_UN":"UN Member State","CAPT":"Ankara","EU_STAT":"F","EFTA_STAT":"F","CC_STAT":"T","NAME_GERM":"Türkei"},"id":"TR621"},{"arcs":[[3608,-3592,-3590,-3584,3609,-3606]],"type":"Polygon","properties":{"NUTS_ID":"TR622","LEVL_CODE":3,"CNTR_CODE":"TR","NAME_LATN":"Mersin","NUTS_NAME":"Mersin","MOUNT_TYPE":2,"URBN_TYPE":1,"COAST_TYPE":1,"NAME_ENGL":"Türkiye","NAME_FREN":"Turquie","ISO3_CODE":"TUR","SVRG_UN":"UN Member State","CAPT":"Ankara","EU_STAT":"F","EFTA_STAT":"F","CC_STAT":"T","NAME_GERM":"Türkei"},"id":"TR622"},{"arcs":[[3610,3611,-3604,3612]],"type":"Polygon","properties":{"NUTS_ID":"TR631","LEVL_CODE":3,"CNTR_CODE":"TR","NAME_LATN":"Hatay","NUTS_NAME":"Hatay","MOUNT_TYPE":3,"URBN_TYPE":1,"COAST_TYPE":1,"NAME_ENGL":"Türkiye","NAME_FREN":"Turquie","ISO3_CODE":"TUR","SVRG_UN":"UN Member State","CAPT":"Ankara","EU_STAT":"F","EFTA_STAT":"F","CC_STAT":"T","NAME_GERM":"Türkei"},"id":"TR631"},{"arcs":[[3613,3614,3615,-3602,3616,3617,3618]],"type":"Polygon","properties":{"NUTS_ID":"TR632","LEVL_CODE":3,"CNTR_CODE":"TR","NAME_LATN":"Kahramanmaraş","NUTS_NAME":"Kahramanmaraş","MOUNT_TYPE":3,"URBN_TYPE":2,"COAST_TYPE":3,"NAME_ENGL":"Türkiye","NAME_FREN":"Turquie","ISO3_CODE":"TUR","SVRG_UN":"UN Member State","CAPT":"Ankara","EU_STAT":"F","EFTA_STAT":"F","CC_STAT":"T","NAME_GERM":"Türkei"},"id":"TR632"},{"arcs":[[3619,3620,3621,3622,3623,3624,3625]],"type":"Polygon","properties":{"NUTS_ID":"UKG31","LEVL_CODE":3,"CNTR_CODE":"UK","NAME_LATN":"Birmingham","NUTS_NAME":"Birmingham","MOUNT_TYPE":4,"URBN_TYPE":1,"COAST_TYPE":3,"NAME_ENGL":"United Kingdom","NAME_FREN":"Royaume-Uni","ISO3_CODE":"GBR","SVRG_UN":"UN Member State","CAPT":"London","EU_STAT":"F","EFTA_STAT":"F","CC_STAT":"F","NAME_GERM":"Vereinigtes Königreich"},"id":"UKG31"},{"arcs":[[3626,3627,3628,-3620,3629]],"type":"Polygon","properties":{"NUTS_ID":"UKG32","LEVL_CODE":3,"CNTR_CODE":"UK","NAME_LATN":"Solihull","NUTS_NAME":"Solihull","MOUNT_TYPE":4,"URBN_TYPE":1,"COAST_TYPE":3,"NAME_ENGL":"United Kingdom","NAME_FREN":"Royaume-Uni","ISO3_CODE":"GBR","SVRG_UN":"UN Member State","CAPT":"London","EU_STAT":"F","EFTA_STAT":"F","CC_STAT":"F","NAME_GERM":"Vereinigtes Königreich"},"id":"UKG32"},{"arcs":[[-3627,3630]],"type":"Polygon","properties":{"NUTS_ID":"UKG33","LEVL_CODE":3,"CNTR_CODE":"UK","NAME_LATN":"Coventry","NUTS_NAME":"Coventry","MOUNT_TYPE":4,"URBN_TYPE":1,"COAST_TYPE":3,"NAME_ENGL":"United Kingdom","NAME_FREN":"Royaume-Uni","ISO3_CODE":"GBR","SVRG_UN":"UN Member State","CAPT":"London","EU_STAT":"F","EFTA_STAT":"F","CC_STAT":"F","NAME_GERM":"Vereinigtes Königreich"},"id":"UKG33"},{"arcs":[[3631,-3622,3632,3633,3634]],"type":"Polygon","properties":{"NUTS_ID":"UKG36","LEVL_CODE":3,"CNTR_CODE":"UK","NAME_LATN":"Dudley","NUTS_NAME":"Dudley","MOUNT_TYPE":4,"URBN_TYPE":1,"COAST_TYPE":3,"NAME_ENGL":"United Kingdom","NAME_FREN":"Royaume-Uni","ISO3_CODE":"GBR","SVRG_UN":"UN Member State","CAPT":"London","EU_STAT":"F","EFTA_STAT":"F","CC_STAT":"F","NAME_GERM":"Vereinigtes Königreich"},"id":"UKG36"},{"arcs":[[3635,-3623,-3632,3636]],"type":"Polygon","properties":{"NUTS_ID":"UKG37","LEVL_CODE":3,"CNTR_CODE":"UK","NAME_LATN":"Sandwell","NUTS_NAME":"Sandwell","MOUNT_TYPE":4,"URBN_TYPE":1,"COAST_TYPE":3,"NAME_ENGL":"United Kingdom","NAME_FREN":"Royaume-Uni","ISO3_CODE":"GBR","SVRG_UN":"UN Member State","CAPT":"London","EU_STAT":"F","EFTA_STAT":"F","CC_STAT":"F","NAME_GERM":"Vereinigtes Königreich"},"id":"UKG37"},{"arcs":[[-3624,-3636,3637,3638]],"type":"Polygon","properties":{"NUTS_ID":"UKG38","LEVL_CODE":3,"CNTR_CODE":"UK","NAME_LATN":"Walsall","NUTS_NAME":"Walsall","MOUNT_TYPE":4,"URBN_TYPE":1,"COAST_TYPE":3,"NAME_ENGL":"United Kingdom","NAME_FREN":"Royaume-Uni","ISO3_CODE":"GBR","SVRG_UN":"UN Member State","CAPT":"London","EU_STAT":"F","EFTA_STAT":"F","CC_STAT":"F","NAME_GERM":"Vereinigtes Königreich"},"id":"UKG38"},{"arcs":[[-3637,-3635,3639,-3638]],"type":"Polygon","properties":{"NUTS_ID":"UKG39","LEVL_CODE":3,"CNTR_CODE":"UK","NAME_LATN":"Wolverhampton","NUTS_NAME":"Wolverhampton","MOUNT_TYPE":4,"URBN_TYPE":1,"COAST_TYPE":3,"NAME_ENGL":"United Kingdom","NAME_FREN":"Royaume-Uni","ISO3_CODE":"GBR","SVRG_UN":"UN Member State","CAPT":"London","EU_STAT":"F","EFTA_STAT":"F","CC_STAT":"F","NAME_GERM":"Vereinigtes Königreich"},"id":"UKG39"},{"arcs":[[3640,3641,3642]],"type":"Polygon","properties":{"NUTS_ID":"UKH11","LEVL_CODE":3,"CNTR_CODE":"UK","NAME_LATN":"Peterborough","NUTS_NAME":"Peterborough","MOUNT_TYPE":4,"URBN_TYPE":1,"COAST_TYPE":2,"NAME_ENGL":"United Kingdom","NAME_FREN":"Royaume-Uni","ISO3_CODE":"GBR","SVRG_UN":"UN Member State","CAPT":"London","EU_STAT":"F","EFTA_STAT":"F","CC_STAT":"F","NAME_GERM":"Vereinigtes Königreich"},"id":"UKH11"},{"arcs":[[3643,3644,3645,3646,3647,3648,3649,-3643,3650,3651],[3652]],"type":"Polygon","properties":{"NUTS_ID":"UKH12","LEVL_CODE":3,"CNTR_CODE":"UK","NAME_LATN":"Cambridgeshire CC","NUTS_NAME":"Cambridgeshire CC","MOUNT_TYPE":4,"URBN_TYPE":2,"COAST_TYPE":3,"NAME_ENGL":"United Kingdom","NAME_FREN":"Royaume-Uni","ISO3_CODE":"GBR","SVRG_UN":"UN Member State","CAPT":"London","EU_STAT":"F","EFTA_STAT":"F","CC_STAT":"F","NAME_GERM":"Vereinigtes Königreich"},"id":"UKH12"},{"arcs":[[[3653,3654,-3644,3655,3656,3657]],[[-3653]]],"type":"MultiPolygon","properties":{"NUTS_ID":"UKH14","LEVL_CODE":3,"CNTR_CODE":"UK","NAME_LATN":"Suffolk","NUTS_NAME":"Suffolk","MOUNT_TYPE":4,"URBN_TYPE":2,"COAST_TYPE":1,"NAME_ENGL":"United Kingdom","NAME_FREN":"Royaume-Uni","ISO3_CODE":"GBR","SVRG_UN":"UN Member State","CAPT":"London","EU_STAT":"F","EFTA_STAT":"F","CC_STAT":"F","NAME_GERM":"Vereinigtes Königreich"},"id":"UKH14"},{"arcs":[[3658,-3658,3659,3660]],"type":"Polygon","properties":{"NUTS_ID":"UKH15","LEVL_CODE":3,"CNTR_CODE":"UK","NAME_LATN":"Norwich and East Norfolk","NUTS_NAME":"Norwich and East Norfolk","MOUNT_TYPE":4,"URBN_TYPE":1,"COAST_TYPE":1,"NAME_ENGL":"United Kingdom","NAME_FREN":"Royaume-Uni","ISO3_CODE":"GBR","SVRG_UN":"UN Member State","CAPT":"London","EU_STAT":"F","EFTA_STAT":"F","CC_STAT":"F","NAME_GERM":"Vereinigtes Königreich"},"id":"UKH15"},{"arcs":[[-3661,3661,-3656,-3652,3662,3663]],"type":"Polygon","properties":{"NUTS_ID":"UKH16","LEVL_CODE":3,"CNTR_CODE":"UK","NAME_LATN":"North and West Norfolk","NUTS_NAME":"North and West Norfolk","MOUNT_TYPE":4,"URBN_TYPE":3,"COAST_TYPE":1,"NAME_ENGL":"United Kingdom","NAME_FREN":"Royaume-Uni","ISO3_CODE":"GBR","SVRG_UN":"UN Member State","CAPT":"London","EU_STAT":"F","EFTA_STAT":"F","CC_STAT":"F","NAME_GERM":"Vereinigtes Königreich"},"id":"UKH16"},{"arcs":[[-3657,-3662,-3660]],"type":"Polygon","properties":{"NUTS_ID":"UKH17","LEVL_CODE":3,"CNTR_CODE":"UK","NAME_LATN":"Breckland and South Norfolk","NUTS_NAME":"Breckland and South Norfolk","MOUNT_TYPE":4,"URBN_TYPE":3,"COAST_TYPE":2,"NAME_ENGL":"United Kingdom","NAME_FREN":"Royaume-Uni","ISO3_CODE":"GBR","SVRG_UN":"UN Member State","CAPT":"London","EU_STAT":"F","EFTA_STAT":"F","CC_STAT":"F","NAME_GERM":"Vereinigtes Königreich"},"id":"UKH17"},{"arcs":[[3664,3665,-3380,3666,-3349]],"type":"Polygon","properties":{"NUTS_ID":"RS212","LEVL_CODE":3,"CNTR_CODE":"RS","NAME_LATN":"Kolubarska oblast","NUTS_NAME":"Колубарска област","MOUNT_TYPE":4,"URBN_TYPE":3,"COAST_TYPE":3,"NAME_ENGL":"Serbia","NAME_FREN":"Serbie","ISO3_CODE":"SRB","SVRG_UN":"UN Member State","CAPT":"Belgrade","EU_STAT":"F","EFTA_STAT":"F","CC_STAT":"T","NAME_GERM":"Serbien"},"id":"RS212"},{"arcs":[[-3350,-3667,-3379,3667,-3373]],"type":"Polygon","properties":{"NUTS_ID":"RS213","LEVL_CODE":3,"CNTR_CODE":"RS","NAME_LATN":"Mačvanska oblast","NUTS_NAME":"Мачванска област","MOUNT_TYPE":4,"URBN_TYPE":3,"COAST_TYPE":3,"NAME_ENGL":"Serbia","NAME_FREN":"Serbie","ISO3_CODE":"SRB","SVRG_UN":"UN Member State","CAPT":"Belgrade","EU_STAT":"F","EFTA_STAT":"F","CC_STAT":"T","NAME_GERM":"Serbien"},"id":"RS213"},{"arcs":[[3668,-3376,-3666,3669]],"type":"Polygon","properties":{"NUTS_ID":"RS214","LEVL_CODE":3,"CNTR_CODE":"RS","NAME_LATN":"Moravička oblast","NUTS_NAME":"Моравичка област","MOUNT_TYPE":4,"URBN_TYPE":2,"COAST_TYPE":3,"NAME_ENGL":"Serbia","NAME_FREN":"Serbie","ISO3_CODE":"SRB","SVRG_UN":"UN Member State","CAPT":"Belgrade","EU_STAT":"F","EFTA_STAT":"F","CC_STAT":"T","NAME_GERM":"Serbien"},"id":"RS214"},{"arcs":[[3670,3671,3672,3673,3674,3675,3676,3677]],"type":"Polygon","properties":{"NUTS_ID":"RS215","LEVL_CODE":3,"CNTR_CODE":"RS","NAME_LATN":"Pomoravska oblast","NUTS_NAME":"Поморавска област","MOUNT_TYPE":4,"URBN_TYPE":3,"COAST_TYPE":3,"NAME_ENGL":"Serbia","NAME_FREN":"Serbie","ISO3_CODE":"SRB","SVRG_UN":"UN Member State","CAPT":"Belgrade","EU_STAT":"F","EFTA_STAT":"F","CC_STAT":"T","NAME_GERM":"Serbien"},"id":"RS215"},{"arcs":[[3678,3679,3680,-3674,3681]],"type":"Polygon","properties":{"NUTS_ID":"RS216","LEVL_CODE":3,"CNTR_CODE":"RS","NAME_LATN":"Rasinska oblast","NUTS_NAME":"Расинска област","MOUNT_TYPE":4,"URBN_TYPE":3,"COAST_TYPE":3,"NAME_ENGL":"Serbia","NAME_FREN":"Serbie","ISO3_CODE":"SRB","SVRG_UN":"UN Member State","CAPT":"Belgrade","EU_STAT":"F","EFTA_STAT":"F","CC_STAT":"T","NAME_GERM":"Serbien"},"id":"RS216"},{"arcs":[[-3675,-3681,3682,-2702,-3377,-3669,3683]],"type":"Polygon","properties":{"NUTS_ID":"RS217","LEVL_CODE":3,"CNTR_CODE":"RS","NAME_LATN":"Raška oblast","NUTS_NAME":"Рашка област","MOUNT_TYPE":4,"URBN_TYPE":2,"COAST_TYPE":3,"NAME_ENGL":"Serbia","NAME_FREN":"Serbie","ISO3_CODE":"SRB","SVRG_UN":"UN Member State","CAPT":"Belgrade","EU_STAT":"F","EFTA_STAT":"F","CC_STAT":"T","NAME_GERM":"Serbien"},"id":"RS217"},{"arcs":[[3684,-3676,-3684,-3670,-3665,-3348]],"type":"Polygon","properties":{"NUTS_ID":"RS218","LEVL_CODE":3,"CNTR_CODE":"RS","NAME_LATN":"Šumadijska oblast","NUTS_NAME":"Шумадијска област","MOUNT_TYPE":4,"URBN_TYPE":2,"COAST_TYPE":3,"NAME_ENGL":"Serbia","NAME_FREN":"Serbie","ISO3_CODE":"SRB","SVRG_UN":"UN Member State","CAPT":"Belgrade","EU_STAT":"F","EFTA_STAT":"F","CC_STAT":"T","NAME_GERM":"Serbien"},"id":"RS218"},{"arcs":[[-1034,3685,-3671,3686,-3336,-3325]],"type":"Polygon","properties":{"NUTS_ID":"RS221","LEVL_CODE":3,"CNTR_CODE":"RS","NAME_LATN":"Borska oblast","NUTS_NAME":"Борска област","MOUNT_TYPE":4,"URBN_TYPE":2,"COAST_TYPE":3,"NAME_ENGL":"Serbia","NAME_FREN":"Serbie","ISO3_CODE":"SRB","SVRG_UN":"UN Member State","CAPT":"Belgrade","EU_STAT":"F","EFTA_STAT":"F","CC_STAT":"T","NAME_GERM":"Serbien"},"id":"RS221"},{"arcs":[[-3687,-3678,3687,-3358,-3337]],"type":"Polygon","properties":{"NUTS_ID":"RS222","LEVL_CODE":3,"CNTR_CODE":"RS","NAME_LATN":"Braničevska oblast","NUTS_NAME":"Браничевска област","MOUNT_TYPE":4,"URBN_TYPE":3,"COAST_TYPE":3,"NAME_ENGL":"Serbia","NAME_FREN":"Serbie","ISO3_CODE":"SRB","SVRG_UN":"UN Member State","CAPT":"Belgrade","EU_STAT":"F","EFTA_STAT":"F","CC_STAT":"T","NAME_GERM":"Serbien"},"id":"RS222"},{"arcs":[[-1033,3688,3689,-3672,-3686]],"type":"Polygon","properties":{"NUTS_ID":"RS223","LEVL_CODE":3,"CNTR_CODE":"RS","NAME_LATN":"Zaječarska oblast","NUTS_NAME":"Зајечарска област","MOUNT_TYPE":4,"URBN_TYPE":2,"COAST_TYPE":3,"NAME_ENGL":"Serbia","NAME_FREN":"Serbie","ISO3_CODE":"SRB","SVRG_UN":"UN Member State","CAPT":"Belgrade","EU_STAT":"F","EFTA_STAT":"F","CC_STAT":"T","NAME_GERM":"Serbien"},"id":"RS223"},{"arcs":[[3690,-86,3691,3692,3693,3694]],"type":"Polygon","properties":{"NUTS_ID":"RS224","LEVL_CODE":3,"CNTR_CODE":"RS","NAME_LATN":"Jablanička oblast","NUTS_NAME":"Јабланичка област","MOUNT_TYPE":4,"URBN_TYPE":2,"COAST_TYPE":3,"NAME_ENGL":"Serbia","NAME_FREN":"Serbie","ISO3_CODE":"SRB","SVRG_UN":"UN Member State","CAPT":"Belgrade","EU_STAT":"F","EFTA_STAT":"F","CC_STAT":"T","NAME_GERM":"Serbien"},"id":"RS224"},{"arcs":[[3695,-3695,3696,-3682,-3673,-3690]],"type":"Polygon","properties":{"NUTS_ID":"RS225","LEVL_CODE":3,"CNTR_CODE":"RS","NAME_LATN":"Nišavska oblast","NUTS_NAME":"Нишавска област","MOUNT_TYPE":4,"URBN_TYPE":2,"COAST_TYPE":3,"NAME_ENGL":"Serbia","NAME_FREN":"Serbie","ISO3_CODE":"SRB","SVRG_UN":"UN Member State","CAPT":"Belgrade","EU_STAT":"F","EFTA_STAT":"F","CC_STAT":"T","NAME_GERM":"Serbien"},"id":"RS225"},{"arcs":[[-1037,-75,-87,-3691,-3696,-3689,-1032]],"type":"Polygon","properties":{"NUTS_ID":"RS226","LEVL_CODE":3,"CNTR_CODE":"RS","NAME_LATN":"Pirotska oblast","NUTS_NAME":"Пиротска област","MOUNT_TYPE":4,"URBN_TYPE":2,"COAST_TYPE":3,"NAME_ENGL":"Serbia","NAME_FREN":"Serbie","ISO3_CODE":"SRB","SVRG_UN":"UN Member State","CAPT":"Belgrade","EU_STAT":"F","EFTA_STAT":"F","CC_STAT":"T","NAME_GERM":"Serbien"},"id":"RS226"},{"arcs":[[-3677,-3685,-3347,-3359,-3688]],"type":"Polygon","properties":{"NUTS_ID":"RS227","LEVL_CODE":3,"CNTR_CODE":"RS","NAME_LATN":"Podunavska oblast","NUTS_NAME":"Подунавска област","MOUNT_TYPE":4,"URBN_TYPE":2,"COAST_TYPE":3,"NAME_ENGL":"Serbia","NAME_FREN":"Serbie","ISO3_CODE":"SRB","SVRG_UN":"UN Member State","CAPT":"Belgrade","EU_STAT":"F","EFTA_STAT":"F","CC_STAT":"T","NAME_GERM":"Serbien"},"id":"RS227"},{"arcs":[[-90,-2722,3697,-3692,-85]],"type":"Polygon","properties":{"NUTS_ID":"RS228","LEVL_CODE":3,"CNTR_CODE":"RS","NAME_LATN":"Pčinjska oblast","NUTS_NAME":"Пчињска област","MOUNT_TYPE":4,"URBN_TYPE":2,"COAST_TYPE":3,"NAME_ENGL":"Serbia","NAME_FREN":"Serbie","ISO3_CODE":"SRB","SVRG_UN":"UN Member State","CAPT":"Belgrade","EU_STAT":"F","EFTA_STAT":"F","CC_STAT":"T","NAME_GERM":"Serbien"},"id":"RS228"},{"arcs":[[-3694,3698,-3679,-3697]],"type":"Polygon","properties":{"NUTS_ID":"RS229","LEVL_CODE":3,"CNTR_CODE":"RS","NAME_LATN":"Toplička oblast","NUTS_NAME":"Топличка област","MOUNT_TYPE":4,"URBN_TYPE":2,"COAST_TYPE":3,"NAME_ENGL":"Serbia","NAME_FREN":"Serbie","ISO3_CODE":"SRB","SVRG_UN":"UN Member State","CAPT":"Belgrade","EU_STAT":"F","EFTA_STAT":"F","CC_STAT":"T","NAME_GERM":"Serbien"},"id":"RS229"},{"arcs":[[[3699,3700,3701]],[[3702]]],"type":"MultiPolygon","properties":{"NUTS_ID":"SE110","LEVL_CODE":3,"CNTR_CODE":"SE","NAME_LATN":"Stockholms län","NUTS_NAME":"Stockholms län","MOUNT_TYPE":4,"URBN_TYPE":1,"COAST_TYPE":1,"NAME_ENGL":"Sweden","NAME_FREN":"Suède","ISO3_CODE":"SWE","SVRG_UN":"UN Member State","CAPT":"Stockholm","EU_STAT":"T","EFTA_STAT":"F","CC_STAT":"F","NAME_GERM":"Schweden"},"id":"SE110"},{"arcs":[[-3701,3703,3704,-2629,3705]],"type":"Polygon","properties":{"NUTS_ID":"SE121","LEVL_CODE":3,"CNTR_CODE":"SE","NAME_LATN":"Uppsala län","NUTS_NAME":"Uppsala län","MOUNT_TYPE":4,"URBN_TYPE":2,"COAST_TYPE":1,"NAME_ENGL":"Sweden","NAME_FREN":"Suède","ISO3_CODE":"SWE","SVRG_UN":"UN Member State","CAPT":"Stockholm","EU_STAT":"T","EFTA_STAT":"F","CC_STAT":"F","NAME_GERM":"Schweden"},"id":"SE121"},{"arcs":[[-3700,3706,3707,3708,3709,-3704]],"type":"Polygon","properties":{"NUTS_ID":"SE122","LEVL_CODE":3,"CNTR_CODE":"SE","NAME_LATN":"Södermanlands län","NUTS_NAME":"Södermanlands län","MOUNT_TYPE":4,"URBN_TYPE":2,"COAST_TYPE":1,"NAME_ENGL":"Sweden","NAME_FREN":"Suède","ISO3_CODE":"SWE","SVRG_UN":"UN Member State","CAPT":"Stockholm","EU_STAT":"T","EFTA_STAT":"F","CC_STAT":"F","NAME_GERM":"Schweden"},"id":"SE122"},{"arcs":[[3710,3711,3712,-3081,3713,-3708]],"type":"Polygon","properties":{"NUTS_ID":"SE123","LEVL_CODE":3,"CNTR_CODE":"SE","NAME_LATN":"Östergötlands län","NUTS_NAME":"Östergötlands län","MOUNT_TYPE":4,"URBN_TYPE":2,"COAST_TYPE":1,"NAME_ENGL":"Sweden","NAME_FREN":"Suède","ISO3_CODE":"SWE","SVRG_UN":"UN Member State","CAPT":"Stockholm","EU_STAT":"T","EFTA_STAT":"F","CC_STAT":"F","NAME_GERM":"Schweden"},"id":"SE123"},{"arcs":[[3714,-3709,-3714,-3080,-3085,-3088]],"type":"Polygon","properties":{"NUTS_ID":"SE124","LEVL_CODE":3,"CNTR_CODE":"SE","NAME_LATN":"Örebro län","NUTS_NAME":"Örebro län","MOUNT_TYPE":4,"URBN_TYPE":2,"COAST_TYPE":3,"NAME_ENGL":"Sweden","NAME_FREN":"Suède","ISO3_CODE":"SWE","SVRG_UN":"UN Member State","CAPT":"Stockholm","EU_STAT":"T","EFTA_STAT":"F","CC_STAT":"F","NAME_GERM":"Schweden"},"id":"SE124"},{"arcs":[[-3710,-3715,-3087,-3705]],"type":"Polygon","properties":{"NUTS_ID":"SE125","LEVL_CODE":3,"CNTR_CODE":"SE","NAME_LATN":"Västmanlands län","NUTS_NAME":"Västmanlands län","MOUNT_TYPE":4,"URBN_TYPE":2,"COAST_TYPE":3,"NAME_ENGL":"Sweden","NAME_FREN":"Suède","ISO3_CODE":"SWE","SVRG_UN":"UN Member State","CAPT":"Stockholm","EU_STAT":"T","EFTA_STAT":"F","CC_STAT":"F","NAME_GERM":"Schweden"},"id":"SE125"},{"arcs":[[3715,3716,-3075,-3082,-3713]],"type":"Polygon","properties":{"NUTS_ID":"SE211","LEVL_CODE":3,"CNTR_CODE":"SE","NAME_LATN":"Jönköpings län","NUTS_NAME":"Jönköpings län","MOUNT_TYPE":4,"URBN_TYPE":2,"COAST_TYPE":3,"NAME_ENGL":"Sweden","NAME_FREN":"Suède","ISO3_CODE":"SWE","SVRG_UN":"UN Member State","CAPT":"Stockholm","EU_STAT":"T","EFTA_STAT":"F","CC_STAT":"F","NAME_GERM":"Schweden"},"id":"SE211"},{"arcs":[[3717,3718,3719,-3076,-3717]],"type":"Polygon","properties":{"NUTS_ID":"SE212","LEVL_CODE":3,"CNTR_CODE":"SE","NAME_LATN":"Kronobergs län","NUTS_NAME":"Kronobergs län","MOUNT_TYPE":4,"URBN_TYPE":3,"COAST_TYPE":3,"NAME_ENGL":"Sweden","NAME_FREN":"Suède","ISO3_CODE":"SWE","SVRG_UN":"UN Member State","CAPT":"Stockholm","EU_STAT":"T","EFTA_STAT":"F","CC_STAT":"F","NAME_GERM":"Schweden"},"id":"SE212"},{"arcs":[[[3720,-3718,-3716,-3712,3721]],[[3722]]],"type":"MultiPolygon","properties":{"NUTS_ID":"SE213","LEVL_CODE":3,"CNTR_CODE":"SE","NAME_LATN":"Kalmar län","NUTS_NAME":"Kalmar län","MOUNT_TYPE":4,"URBN_TYPE":3,"COAST_TYPE":1,"NAME_ENGL":"Sweden","NAME_FREN":"Suède","ISO3_CODE":"SWE","SVRG_UN":"UN Member State","CAPT":"Stockholm","EU_STAT":"T","EFTA_STAT":"F","CC_STAT":"F","NAME_GERM":"Schweden"},"id":"SE213"},{"arcs":[[[3723]],[[3724]],[[3725]]],"type":"MultiPolygon","properties":{"NUTS_ID":"SE214","LEVL_CODE":3,"CNTR_CODE":"SE","NAME_LATN":"Gotlands län","NUTS_NAME":"Gotlands län","MOUNT_TYPE":4,"URBN_TYPE":3,"COAST_TYPE":1,"NAME_ENGL":"Sweden","NAME_FREN":"Suède","ISO3_CODE":"SWE","SVRG_UN":"UN Member State","CAPT":"Stockholm","EU_STAT":"T","EFTA_STAT":"F","CC_STAT":"F","NAME_GERM":"Schweden"},"id":"SE214"},{"arcs":[[3726,3727,-3719,-3721]],"type":"Polygon","properties":{"NUTS_ID":"SE221","LEVL_CODE":3,"CNTR_CODE":"SE","NAME_LATN":"Blekinge län","NUTS_NAME":"Blekinge län","MOUNT_TYPE":4,"URBN_TYPE":2,"COAST_TYPE":1,"NAME_ENGL":"Sweden","NAME_FREN":"Suède","ISO3_CODE":"SWE","SVRG_UN":"UN Member State","CAPT":"Stockholm","EU_STAT":"T","EFTA_STAT":"F","CC_STAT":"F","NAME_GERM":"Schweden"},"id":"SE221"},{"arcs":[[[-3728,3728,-3077,-3720]],[[3729]]],"type":"MultiPolygon","properties":{"NUTS_ID":"SE224","LEVL_CODE":3,"CNTR_CODE":"SE","NAME_LATN":"Skåne län","NUTS_NAME":"Skåne län","MOUNT_TYPE":4,"URBN_TYPE":2,"COAST_TYPE":1,"NAME_ENGL":"Sweden","NAME_FREN":"Suède","ISO3_CODE":"SWE","SVRG_UN":"UN Member State","CAPT":"Stockholm","EU_STAT":"T","EFTA_STAT":"F","CC_STAT":"F","NAME_GERM":"Schweden"},"id":"SE224"},{"arcs":[[3730,3731,3732,3733,3734]],"type":"Polygon","properties":{"NUTS_ID":"UKI43","LEVL_CODE":3,"CNTR_CODE":"UK","NAME_LATN":"Haringey and Islington","NUTS_NAME":"Haringey and Islington","MOUNT_TYPE":4,"URBN_TYPE":1,"COAST_TYPE":2,"NAME_ENGL":"United Kingdom","NAME_FREN":"Royaume-Uni","ISO3_CODE":"GBR","SVRG_UN":"UN Member State","CAPT":"London","EU_STAT":"F","EFTA_STAT":"F","CC_STAT":"F","NAME_GERM":"Vereinigtes Königreich"},"id":"UKI43"},{"arcs":[[3735,3736,3737,3738]],"type":"Polygon","properties":{"NUTS_ID":"UKI44","LEVL_CODE":3,"CNTR_CODE":"UK","NAME_LATN":"Lewisham and Southwark","NUTS_NAME":"Lewisham and Southwark","MOUNT_TYPE":4,"URBN_TYPE":1,"COAST_TYPE":1,"NAME_ENGL":"United Kingdom","NAME_FREN":"Royaume-Uni","ISO3_CODE":"GBR","SVRG_UN":"UN Member State","CAPT":"London","EU_STAT":"F","EFTA_STAT":"F","CC_STAT":"F","NAME_GERM":"Vereinigtes Königreich"},"id":"UKI44"},{"arcs":[[3739,3740,3741,3742,-3738]],"type":"Polygon","properties":{"NUTS_ID":"UKI45","LEVL_CODE":3,"CNTR_CODE":"UK","NAME_LATN":"Lambeth","NUTS_NAME":"Lambeth","MOUNT_TYPE":4,"URBN_TYPE":1,"COAST_TYPE":1,"NAME_ENGL":"United Kingdom","NAME_FREN":"Royaume-Uni","ISO3_CODE":"GBR","SVRG_UN":"UN Member State","CAPT":"London","EU_STAT":"F","EFTA_STAT":"F","CC_STAT":"F","NAME_GERM":"Vereinigtes Königreich"},"id":"UKI45"},{"arcs":[[3743,-3156,3744,-3736,3745]],"type":"Polygon","properties":{"NUTS_ID":"UKI51","LEVL_CODE":3,"CNTR_CODE":"UK","NAME_LATN":"Bexley and Greenwich","NUTS_NAME":"Bexley and Greenwich","MOUNT_TYPE":4,"URBN_TYPE":1,"COAST_TYPE":1,"NAME_ENGL":"United Kingdom","NAME_FREN":"Royaume-Uni","ISO3_CODE":"GBR","SVRG_UN":"UN Member State","CAPT":"London","EU_STAT":"F","EFTA_STAT":"F","CC_STAT":"F","NAME_GERM":"Vereinigtes Königreich"},"id":"UKI51"},{"arcs":[[3746,3747,3748,3749,3750,3751]],"type":"Polygon","properties":{"NUTS_ID":"UKI52","LEVL_CODE":3,"CNTR_CODE":"UK","NAME_LATN":"Barking & Dagenham and Havering","NUTS_NAME":"Barking & Dagenham and Havering","MOUNT_TYPE":4,"URBN_TYPE":1,"COAST_TYPE":1,"NAME_ENGL":"United Kingdom","NAME_FREN":"Royaume-Uni","ISO3_CODE":"GBR","SVRG_UN":"UN Member State","CAPT":"London","EU_STAT":"F","EFTA_STAT":"F","CC_STAT":"F","NAME_GERM":"Vereinigtes Königreich"},"id":"UKI52"},{"arcs":[[-3750,3752,-3731,3753,3754]],"type":"Polygon","properties":{"NUTS_ID":"UKI53","LEVL_CODE":3,"CNTR_CODE":"UK","NAME_LATN":"Redbridge and Waltham Forest","NUTS_NAME":"Redbridge and Waltham Forest","MOUNT_TYPE":4,"URBN_TYPE":1,"COAST_TYPE":2,"NAME_ENGL":"United Kingdom","NAME_FREN":"Royaume-Uni","ISO3_CODE":"GBR","SVRG_UN":"UN Member State","CAPT":"London","EU_STAT":"F","EFTA_STAT":"F","CC_STAT":"F","NAME_GERM":"Vereinigtes Königreich"},"id":"UKI53"},{"arcs":[[-3754,-3735,3755,3756,3757]],"type":"Polygon","properties":{"NUTS_ID":"UKI54","LEVL_CODE":3,"CNTR_CODE":"UK","NAME_LATN":"Enfield","NUTS_NAME":"Enfield","MOUNT_TYPE":4,"URBN_TYPE":1,"COAST_TYPE":2,"NAME_ENGL":"United Kingdom","NAME_FREN":"Royaume-Uni","ISO3_CODE":"GBR","SVRG_UN":"UN Member State","CAPT":"London","EU_STAT":"F","EFTA_STAT":"F","CC_STAT":"F","NAME_GERM":"Vereinigtes Königreich"},"id":"UKI54"},{"arcs":[[-3155,3758,3759,-3737,-3745]],"type":"Polygon","properties":{"NUTS_ID":"UKI61","LEVL_CODE":3,"CNTR_CODE":"UK","NAME_LATN":"Bromley","NUTS_NAME":"Bromley","MOUNT_TYPE":4,"URBN_TYPE":1,"COAST_TYPE":2,"NAME_ENGL":"United Kingdom","NAME_FREN":"Royaume-Uni","ISO3_CODE":"GBR","SVRG_UN":"UN Member State","CAPT":"London","EU_STAT":"F","EFTA_STAT":"F","CC_STAT":"F","NAME_GERM":"Vereinigtes Königreich"},"id":"UKI61"},{"arcs":[[3760,3761,-3740,-3760]],"type":"Polygon","properties":{"NUTS_ID":"UKI62","LEVL_CODE":3,"CNTR_CODE":"UK","NAME_LATN":"Croydon","NUTS_NAME":"Croydon","MOUNT_TYPE":4,"URBN_TYPE":1,"COAST_TYPE":2,"NAME_ENGL":"United Kingdom","NAME_FREN":"Royaume-Uni","ISO3_CODE":"GBR","SVRG_UN":"UN Member State","CAPT":"London","EU_STAT":"F","EFTA_STAT":"F","CC_STAT":"F","NAME_GERM":"Vereinigtes Königreich"},"id":"UKI62"},{"arcs":[[-3741,-3762,3762,3763,3764,3765]],"type":"Polygon","properties":{"NUTS_ID":"UKI63","LEVL_CODE":3,"CNTR_CODE":"UK","NAME_LATN":"Merton, Kingston upon Thames and Sutton","NUTS_NAME":"Merton, Kingston upon Thames and Sutton","MOUNT_TYPE":4,"URBN_TYPE":1,"COAST_TYPE":2,"NAME_ENGL":"United Kingdom","NAME_FREN":"Royaume-Uni","ISO3_CODE":"GBR","SVRG_UN":"UN Member State","CAPT":"London","EU_STAT":"F","EFTA_STAT":"F","CC_STAT":"F","NAME_GERM":"Vereinigtes Königreich"},"id":"UKI63"},{"arcs":[[-3734,3766,3767,3768,3769,-3756]],"type":"Polygon","properties":{"NUTS_ID":"UKI71","LEVL_CODE":3,"CNTR_CODE":"UK","NAME_LATN":"Barnet","NUTS_NAME":"Barnet","MOUNT_TYPE":4,"URBN_TYPE":1,"COAST_TYPE":2,"NAME_ENGL":"United Kingdom","NAME_FREN":"Royaume-Uni","ISO3_CODE":"GBR","SVRG_UN":"UN Member State","CAPT":"London","EU_STAT":"F","EFTA_STAT":"F","CC_STAT":"F","NAME_GERM":"Vereinigtes Königreich"},"id":"UKI71"},{"arcs":[[3770,3771,3772,3773,3774,-3768]],"type":"Polygon","properties":{"NUTS_ID":"UKI72","LEVL_CODE":3,"CNTR_CODE":"UK","NAME_LATN":"Brent","NUTS_NAME":"Brent","MOUNT_TYPE":4,"URBN_TYPE":1,"COAST_TYPE":2,"NAME_ENGL":"United Kingdom","NAME_FREN":"Royaume-Uni","ISO3_CODE":"GBR","SVRG_UN":"UN Member State","CAPT":"London","EU_STAT":"F","EFTA_STAT":"F","CC_STAT":"F","NAME_GERM":"Vereinigtes Königreich"},"id":"UKI72"},{"arcs":[[3775,3776,3777,-3774]],"type":"Polygon","properties":{"NUTS_ID":"UKI73","LEVL_CODE":3,"CNTR_CODE":"UK","NAME_LATN":"Ealing","NUTS_NAME":"Ealing","MOUNT_TYPE":4,"URBN_TYPE":1,"COAST_TYPE":2,"NAME_ENGL":"United Kingdom","NAME_FREN":"Royaume-Uni","ISO3_CODE":"GBR","SVRG_UN":"UN Member State","CAPT":"London","EU_STAT":"F","EFTA_STAT":"F","CC_STAT":"F","NAME_GERM":"Vereinigtes Königreich"},"id":"UKI73"},{"arcs":[[-3775,-3778,3778,3779,3780,3781,3782,-3769]],"type":"Polygon","properties":{"NUTS_ID":"UKI74","LEVL_CODE":3,"CNTR_CODE":"UK","NAME_LATN":"Harrow and Hillingdon","NUTS_NAME":"Harrow and Hillingdon","MOUNT_TYPE":4,"URBN_TYPE":1,"COAST_TYPE":2,"NAME_ENGL":"United Kingdom","NAME_FREN":"Royaume-Uni","ISO3_CODE":"GBR","SVRG_UN":"UN Member State","CAPT":"London","EU_STAT":"F","EFTA_STAT":"F","CC_STAT":"F","NAME_GERM":"Vereinigtes Königreich"},"id":"UKI74"},{"arcs":[[3783,3784,-3765,3785,-3779,-3777,3786]],"type":"Polygon","properties":{"NUTS_ID":"UKI75","LEVL_CODE":3,"CNTR_CODE":"UK","NAME_LATN":"Hounslow and Richmond upon Thames","NUTS_NAME":"Hounslow and Richmond upon Thames","MOUNT_TYPE":4,"URBN_TYPE":1,"COAST_TYPE":1,"NAME_ENGL":"United Kingdom","NAME_FREN":"Royaume-Uni","ISO3_CODE":"GBR","SVRG_UN":"UN Member State","CAPT":"London","EU_STAT":"F","EFTA_STAT":"F","CC_STAT":"F","NAME_GERM":"Vereinigtes Königreich"},"id":"UKI75"},{"arcs":[[-3781,3787,3788,3789,3790,3791,3792]],"type":"Polygon","properties":{"NUTS_ID":"UKJ11","LEVL_CODE":3,"CNTR_CODE":"UK","NAME_LATN":"Berkshire","NUTS_NAME":"Berkshire","MOUNT_TYPE":4,"URBN_TYPE":1,"COAST_TYPE":2,"NAME_ENGL":"United Kingdom","NAME_FREN":"Royaume-Uni","ISO3_CODE":"GBR","SVRG_UN":"UN Member State","CAPT":"London","EU_STAT":"F","EFTA_STAT":"F","CC_STAT":"F","NAME_GERM":"Vereinigtes Königreich"},"id":"UKJ11"},{"arcs":[[3793,3794,3795,3796,3797]],"type":"Polygon","properties":{"NUTS_ID":"UKJ12","LEVL_CODE":3,"CNTR_CODE":"UK","NAME_LATN":"Milton Keynes","NUTS_NAME":"Milton Keynes","MOUNT_TYPE":4,"URBN_TYPE":1,"COAST_TYPE":3,"NAME_ENGL":"United Kingdom","NAME_FREN":"Royaume-Uni","ISO3_CODE":"GBR","SVRG_UN":"UN Member State","CAPT":"London","EU_STAT":"F","EFTA_STAT":"F","CC_STAT":"F","NAME_GERM":"Vereinigtes Königreich"},"id":"UKJ12"},{"arcs":[[-3795,3798,3799,-3782,-3793,3800,3801]],"type":"Polygon","properties":{"NUTS_ID":"UKJ13","LEVL_CODE":3,"CNTR_CODE":"UK","NAME_LATN":"Buckinghamshire CC","NUTS_NAME":"Buckinghamshire CC","MOUNT_TYPE":4,"URBN_TYPE":2,"COAST_TYPE":2,"NAME_ENGL":"United Kingdom","NAME_FREN":"Royaume-Uni","ISO3_CODE":"GBR","SVRG_UN":"UN Member State","CAPT":"London","EU_STAT":"F","EFTA_STAT":"F","CC_STAT":"F","NAME_GERM":"Vereinigtes Königreich"},"id":"UKJ13"},{"arcs":[[-3801,-3792,3802,3803,3804,3805,3806]],"type":"Polygon","properties":{"NUTS_ID":"UKJ14","LEVL_CODE":3,"CNTR_CODE":"UK","NAME_LATN":"Oxfordshire","NUTS_NAME":"Oxfordshire","MOUNT_TYPE":4,"URBN_TYPE":2,"COAST_TYPE":3,"NAME_ENGL":"United Kingdom","NAME_FREN":"Royaume-Uni","ISO3_CODE":"GBR","SVRG_UN":"UN Member State","CAPT":"London","EU_STAT":"F","EFTA_STAT":"F","CC_STAT":"F","NAME_GERM":"Vereinigtes Königreich"},"id":"UKJ14"},{"arcs":[[3807,3808,3809,3810]],"type":"Polygon","properties":{"NUTS_ID":"UKJ21","LEVL_CODE":3,"CNTR_CODE":"UK","NAME_LATN":"Brighton and Hove","NUTS_NAME":"Brighton and Hove","MOUNT_TYPE":4,"URBN_TYPE":1,"COAST_TYPE":1,"NAME_ENGL":"United Kingdom","NAME_FREN":"Royaume-Uni","ISO3_CODE":"GBR","SVRG_UN":"UN Member State","CAPT":"London","EU_STAT":"F","EFTA_STAT":"F","CC_STAT":"F","NAME_GERM":"Vereinigtes Königreich"},"id":"UKJ21"},{"arcs":[[3811,3812,3813,-3811,3814,3815,-3153]],"type":"Polygon","properties":{"NUTS_ID":"UKJ22","LEVL_CODE":3,"CNTR_CODE":"UK","NAME_LATN":"East Sussex CC","NUTS_NAME":"East Sussex CC","MOUNT_TYPE":4,"URBN_TYPE":2,"COAST_TYPE":1,"NAME_ENGL":"United Kingdom","NAME_FREN":"Royaume-Uni","ISO3_CODE":"GBR","SVRG_UN":"UN Member State","CAPT":"London","EU_STAT":"F","EFTA_STAT":"F","CC_STAT":"F","NAME_GERM":"Vereinigtes Königreich"},"id":"UKJ22"},{"arcs":[[3816,3817,3818,3819]],"type":"Polygon","properties":{"NUTS_ID":"UKN0F","LEVL_CODE":3,"CNTR_CODE":"UK","NAME_LATN":"Mid and East Antrim","NUTS_NAME":"Mid and East Antrim","MOUNT_TYPE":4,"URBN_TYPE":2,"COAST_TYPE":1,"NAME_ENGL":"United Kingdom","NAME_FREN":"Royaume-Uni","ISO3_CODE":"GBR","SVRG_UN":"UN Member State","CAPT":"London","EU_STAT":"F","EFTA_STAT":"F","CC_STAT":"F","NAME_GERM":"Vereinigtes Königreich"},"id":"UKN0F"},{"arcs":[[-3494,3820,3821]],"type":"Polygon","properties":{"NUTS_ID":"UKN0G","LEVL_CODE":3,"CNTR_CODE":"UK","NAME_LATN":"Fermanagh and Omagh","NUTS_NAME":"Fermanagh and Omagh","MOUNT_TYPE":4,"URBN_TYPE":3,"COAST_TYPE":2,"NAME_ENGL":"United Kingdom","NAME_FREN":"Royaume-Uni","ISO3_CODE":"GBR","SVRG_UN":"UN Member State","CAPT":"London","EU_STAT":"F","EFTA_STAT":"F","CC_STAT":"F","NAME_GERM":"Vereinigtes Königreich"},"id":"UKN0G"},{"arcs":[[3822,3823]],"type":"Polygon","properties":{"NUTS_ID":"UKK41","LEVL_CODE":3,"CNTR_CODE":"UK","NAME_LATN":"Plymouth","NUTS_NAME":"Plymouth","MOUNT_TYPE":4,"URBN_TYPE":1,"COAST_TYPE":1,"NAME_ENGL":"United Kingdom","NAME_FREN":"Royaume-Uni","ISO3_CODE":"GBR","SVRG_UN":"UN Member State","CAPT":"London","EU_STAT":"F","EFTA_STAT":"F","CC_STAT":"F","NAME_GERM":"Vereinigtes Königreich"},"id":"UKK41"},{"arcs":[[3824,3825]],"type":"Polygon","properties":{"NUTS_ID":"UKK42","LEVL_CODE":3,"CNTR_CODE":"UK","NAME_LATN":"Torbay","NUTS_NAME":"Torbay","MOUNT_TYPE":4,"URBN_TYPE":1,"COAST_TYPE":1,"NAME_ENGL":"United Kingdom","NAME_FREN":"Royaume-Uni","ISO3_CODE":"GBR","SVRG_UN":"UN Member State","CAPT":"London","EU_STAT":"F","EFTA_STAT":"F","CC_STAT":"F","NAME_GERM":"Vereinigtes Königreich"},"id":"UKK42"},{"arcs":[[3826,3827,-3825,3828,-3824,3829,3830,3831,3832]],"type":"Polygon","properties":{"NUTS_ID":"UKK43","LEVL_CODE":3,"CNTR_CODE":"UK","NAME_LATN":"Devon CC","NUTS_NAME":"Devon CC","MOUNT_TYPE":4,"URBN_TYPE":2,"COAST_TYPE":1,"NAME_ENGL":"United Kingdom","NAME_FREN":"Royaume-Uni","ISO3_CODE":"GBR","SVRG_UN":"UN Member State","CAPT":"London","EU_STAT":"F","EFTA_STAT":"F","CC_STAT":"F","NAME_GERM":"Vereinigtes Königreich"},"id":"UKK43"},{"arcs":[[3833]],"type":"Polygon","properties":{"NUTS_ID":"UKL11","LEVL_CODE":3,"CNTR_CODE":"UK","NAME_LATN":"Isle of Anglesey","NUTS_NAME":"Isle of Anglesey","MOUNT_TYPE":4,"URBN_TYPE":3,"COAST_TYPE":1,"NAME_ENGL":"United Kingdom","NAME_FREN":"Royaume-Uni","ISO3_CODE":"GBR","SVRG_UN":"UN Member State","CAPT":"London","EU_STAT":"F","EFTA_STAT":"F","CC_STAT":"F","NAME_GERM":"Vereinigtes Königreich"},"id":"UKL11"},{"arcs":[[3834,3835,3836,3837]],"type":"Polygon","properties":{"NUTS_ID":"UKL12","LEVL_CODE":3,"CNTR_CODE":"UK","NAME_LATN":"Gwynedd","NUTS_NAME":"Gwynedd","MOUNT_TYPE":2,"URBN_TYPE":3,"COAST_TYPE":1,"NAME_ENGL":"United Kingdom","NAME_FREN":"Royaume-Uni","ISO3_CODE":"GBR","SVRG_UN":"UN Member State","CAPT":"London","EU_STAT":"F","EFTA_STAT":"F","CC_STAT":"F","NAME_GERM":"Vereinigtes Königreich"},"id":"UKL12"},{"arcs":[[3838,-3838,3839,3840]],"type":"Polygon","properties":{"NUTS_ID":"UKL13","LEVL_CODE":3,"CNTR_CODE":"UK","NAME_LATN":"Conwy and Denbighshire","NUTS_NAME":"Conwy and Denbighshire","MOUNT_TYPE":2,"URBN_TYPE":2,"COAST_TYPE":1,"NAME_ENGL":"United Kingdom","NAME_FREN":"Royaume-Uni","ISO3_CODE":"GBR","SVRG_UN":"UN Member State","CAPT":"London","EU_STAT":"F","EFTA_STAT":"F","CC_STAT":"F","NAME_GERM":"Vereinigtes Königreich"},"id":"UKL13"},{"arcs":[[3841,3842,3843,-3836,3844]],"type":"Polygon","properties":{"NUTS_ID":"UKL14","LEVL_CODE":3,"CNTR_CODE":"UK","NAME_LATN":"South West Wales","NUTS_NAME":"South West Wales","MOUNT_TYPE":4,"URBN_TYPE":3,"COAST_TYPE":1,"NAME_ENGL":"United Kingdom","NAME_FREN":"Royaume-Uni","ISO3_CODE":"GBR","SVRG_UN":"UN Member State","CAPT":"London","EU_STAT":"F","EFTA_STAT":"F","CC_STAT":"F","NAME_GERM":"Vereinigtes Königreich"},"id":"UKL14"},{"arcs":[[3845,3846,3847,3848]],"type":"Polygon","properties":{"NUTS_ID":"UKL15","LEVL_CODE":3,"CNTR_CODE":"UK","NAME_LATN":"Central Valleys","NUTS_NAME":"Central Valleys","MOUNT_TYPE":3,"URBN_TYPE":1,"COAST_TYPE":2,"NAME_ENGL":"United Kingdom","NAME_FREN":"Royaume-Uni","ISO3_CODE":"GBR","SVRG_UN":"UN Member State","CAPT":"London","EU_STAT":"F","EFTA_STAT":"F","CC_STAT":"F","NAME_GERM":"Vereinigtes Königreich"},"id":"UKL15"},{"arcs":[[3849,-3846,3850,3851]],"type":"Polygon","properties":{"NUTS_ID":"UKL16","LEVL_CODE":3,"CNTR_CODE":"UK","NAME_LATN":"Gwent Valleys","NUTS_NAME":"Gwent Valleys","MOUNT_TYPE":2,"URBN_TYPE":1,"COAST_TYPE":2,"NAME_ENGL":"United Kingdom","NAME_FREN":"Royaume-Uni","ISO3_CODE":"GBR","SVRG_UN":"UN Member State","CAPT":"London","EU_STAT":"F","EFTA_STAT":"F","CC_STAT":"F","NAME_GERM":"Vereinigtes Königreich"},"id":"UKL16"},{"arcs":[[-3848,3852,3853,3854,-3842,3855]],"type":"Polygon","properties":{"NUTS_ID":"UKL17","LEVL_CODE":3,"CNTR_CODE":"UK","NAME_LATN":"Bridgend and Neath Port Talbot","NUTS_NAME":"Bridgend and Neath Port Talbot","MOUNT_TYPE":2,"URBN_TYPE":1,"COAST_TYPE":1,"NAME_ENGL":"United Kingdom","NAME_FREN":"Royaume-Uni","ISO3_CODE":"GBR","SVRG_UN":"UN Member State","CAPT":"London","EU_STAT":"F","EFTA_STAT":"F","CC_STAT":"F","NAME_GERM":"Vereinigtes Königreich"},"id":"UKL17"},{"arcs":[[3856,-3843,-3855]],"type":"Polygon","properties":{"NUTS_ID":"UKL18","LEVL_CODE":3,"CNTR_CODE":"UK","NAME_LATN":"Swansea","NUTS_NAME":"Swansea","MOUNT_TYPE":4,"URBN_TYPE":1,"COAST_TYPE":1,"NAME_ENGL":"United Kingdom","NAME_FREN":"Royaume-Uni","ISO3_CODE":"GBR","SVRG_UN":"UN Member State","CAPT":"London","EU_STAT":"F","EFTA_STAT":"F","CC_STAT":"F","NAME_GERM":"Vereinigtes Königreich"},"id":"UKL18"},{"arcs":[[3857,3858,3859,-3852,3860,3861]],"type":"Polygon","properties":{"NUTS_ID":"UKL21","LEVL_CODE":3,"CNTR_CODE":"UK","NAME_LATN":"Monmouthshire and Newport","NUTS_NAME":"Monmouthshire and Newport","MOUNT_TYPE":4,"URBN_TYPE":1,"COAST_TYPE":1,"NAME_ENGL":"United Kingdom","NAME_FREN":"Royaume-Uni","ISO3_CODE":"GBR","SVRG_UN":"UN Member State","CAPT":"London","EU_STAT":"F","EFTA_STAT":"F","CC_STAT":"F","NAME_GERM":"Vereinigtes Königreich"},"id":"UKL21"},{"arcs":[[-3860,3862,-3853,-3847,-3850]],"type":"Polygon","properties":{"NUTS_ID":"UKL22","LEVL_CODE":3,"CNTR_CODE":"UK","NAME_LATN":"Cardiff and Vale of Glamorgan","NUTS_NAME":"Cardiff and Vale of Glamorgan","MOUNT_TYPE":4,"URBN_TYPE":1,"COAST_TYPE":1,"NAME_ENGL":"United Kingdom","NAME_FREN":"Royaume-Uni","ISO3_CODE":"GBR","SVRG_UN":"UN Member State","CAPT":"London","EU_STAT":"F","EFTA_STAT":"F","CC_STAT":"F","NAME_GERM":"Vereinigtes Königreich"},"id":"UKL22"},{"arcs":[[3863,3864,3865,3866,3867,3868]],"type":"Polygon","properties":{"NUTS_ID":"PL224","LEVL_CODE":3,"CNTR_CODE":"PL","NAME_LATN":"Częstochowski","NUTS_NAME":"Częstochowski","MOUNT_TYPE":4,"URBN_TYPE":2,"COAST_TYPE":3,"NAME_ENGL":"Poland","NAME_FREN":"Pologne","ISO3_CODE":"POL","SVRG_UN":"UN Member State","CAPT":"Warsaw","EU_STAT":"T","EFTA_STAT":"F","CC_STAT":"F","NAME_GERM":"Polen"},"id":"PL224"},{"arcs":[[-3235,-2880,-334,3869,3870,-3237]],"type":"Polygon","properties":{"NUTS_ID":"PL225","LEVL_CODE":3,"CNTR_CODE":"PL","NAME_LATN":"Bielski","NUTS_NAME":"Bielski","MOUNT_TYPE":3,"URBN_TYPE":2,"COAST_TYPE":3,"NAME_ENGL":"Poland","NAME_FREN":"Pologne","ISO3_CODE":"POL","SVRG_UN":"UN Member State","CAPT":"Warsaw","EU_STAT":"T","EFTA_STAT":"F","CC_STAT":"F","NAME_GERM":"Polen"},"id":"PL225"},{"arcs":[[3871,-3870,-333,3872,3873,3874]],"type":"Polygon","properties":{"NUTS_ID":"PL227","LEVL_CODE":3,"CNTR_CODE":"PL","NAME_LATN":"Rybnicki","NUTS_NAME":"Rybnicki","MOUNT_TYPE":4,"URBN_TYPE":1,"COAST_TYPE":3,"NAME_ENGL":"Poland","NAME_FREN":"Pologne","ISO3_CODE":"POL","SVRG_UN":"UN Member State","CAPT":"Warsaw","EU_STAT":"T","EFTA_STAT":"F","CC_STAT":"F","NAME_GERM":"Polen"},"id":"PL227"},{"arcs":[[3875,3876,3877,3878,-3867]],"type":"Polygon","properties":{"NUTS_ID":"PL228","LEVL_CODE":3,"CNTR_CODE":"PL","NAME_LATN":"Bytomski","NUTS_NAME":"Bytomski","MOUNT_TYPE":4,"URBN_TYPE":1,"COAST_TYPE":3,"NAME_ENGL":"Poland","NAME_FREN":"Pologne","ISO3_CODE":"POL","SVRG_UN":"UN Member State","CAPT":"Warsaw","EU_STAT":"T","EFTA_STAT":"F","CC_STAT":"F","NAME_GERM":"Polen"},"id":"PL228"},{"arcs":[[3879,3880,-3875,3881,-3878]],"type":"Polygon","properties":{"NUTS_ID":"PL229","LEVL_CODE":3,"CNTR_CODE":"PL","NAME_LATN":"Gliwicki","NUTS_NAME":"Gliwicki","MOUNT_TYPE":4,"URBN_TYPE":1,"COAST_TYPE":3,"NAME_ENGL":"Poland","NAME_FREN":"Pologne","ISO3_CODE":"POL","SVRG_UN":"UN Member State","CAPT":"Warsaw","EU_STAT":"T","EFTA_STAT":"F","CC_STAT":"F","NAME_GERM":"Polen"},"id":"PL229"},{"arcs":[[3882,3883,-3880,-3877]],"type":"Polygon","properties":{"NUTS_ID":"PL22A","LEVL_CODE":3,"CNTR_CODE":"PL","NAME_LATN":"Katowicki","NUTS_NAME":"Katowicki","MOUNT_TYPE":4,"URBN_TYPE":1,"COAST_TYPE":3,"NAME_ENGL":"Poland","NAME_FREN":"Pologne","ISO3_CODE":"POL","SVRG_UN":"UN Member State","CAPT":"Warsaw","EU_STAT":"T","EFTA_STAT":"F","CC_STAT":"F","NAME_GERM":"Polen"},"id":"PL22A"},{"arcs":[[-3225,-3239,3884,-3883,-3876,-3866,3885]],"type":"Polygon","properties":{"NUTS_ID":"PL22B","LEVL_CODE":3,"CNTR_CODE":"PL","NAME_LATN":"Sosnowiecki","NUTS_NAME":"Sosnowiecki","MOUNT_TYPE":4,"URBN_TYPE":1,"COAST_TYPE":3,"NAME_ENGL":"Poland","NAME_FREN":"Pologne","ISO3_CODE":"POL","SVRG_UN":"UN Member State","CAPT":"Warsaw","EU_STAT":"T","EFTA_STAT":"F","CC_STAT":"F","NAME_GERM":"Polen"},"id":"PL22B"},{"arcs":[[-3885,-3238,-3871,-3872,-3881,-3884]],"type":"Polygon","properties":{"NUTS_ID":"PL22C","LEVL_CODE":3,"CNTR_CODE":"PL","NAME_LATN":"Tyski","NUTS_NAME":"Tyski","MOUNT_TYPE":4,"URBN_TYPE":1,"COAST_TYPE":3,"NAME_ENGL":"Poland","NAME_FREN":"Pologne","ISO3_CODE":"POL","SVRG_UN":"UN Member State","CAPT":"Warsaw","EU_STAT":"T","EFTA_STAT":"F","CC_STAT":"F","NAME_GERM":"Polen"},"id":"PL22C"},{"arcs":[[3886,3887,3888,3889,3890,3891,3892,3893]],"type":"Polygon","properties":{"NUTS_ID":"PL411","LEVL_CODE":3,"CNTR_CODE":"PL","NAME_LATN":"Pilski","NUTS_NAME":"Pilski","MOUNT_TYPE":4,"URBN_TYPE":3,"COAST_TYPE":3,"NAME_ENGL":"Poland","NAME_FREN":"Pologne","ISO3_CODE":"POL","SVRG_UN":"UN Member State","CAPT":"Warsaw","EU_STAT":"T","EFTA_STAT":"F","CC_STAT":"F","NAME_GERM":"Polen"},"id":"PL411"},{"arcs":[[3894,3895,3896,3897,3898,-3889,3899]],"type":"Polygon","properties":{"NUTS_ID":"PL414","LEVL_CODE":3,"CNTR_CODE":"PL","NAME_LATN":"Koniński","NUTS_NAME":"Koniński","MOUNT_TYPE":4,"URBN_TYPE":3,"COAST_TYPE":3,"NAME_ENGL":"Poland","NAME_FREN":"Pologne","ISO3_CODE":"POL","SVRG_UN":"UN Member State","CAPT":"Warsaw","EU_STAT":"T","EFTA_STAT":"F","CC_STAT":"F","NAME_GERM":"Polen"},"id":"PL414"},{"arcs":[[3900]],"type":"Polygon","properties":{"NUTS_ID":"PL415","LEVL_CODE":3,"CNTR_CODE":"PL","NAME_LATN":"Miasto Poznań","NUTS_NAME":"Miasto Poznań","MOUNT_TYPE":4,"URBN_TYPE":1,"COAST_TYPE":3,"NAME_ENGL":"Poland","NAME_FREN":"Pologne","ISO3_CODE":"POL","SVRG_UN":"UN Member State","CAPT":"Warsaw","EU_STAT":"T","EFTA_STAT":"F","CC_STAT":"F","NAME_GERM":"Polen"},"id":"PL415"},{"arcs":[[3901,3902,3903,3904,3905,3906,-3898]],"type":"Polygon","properties":{"NUTS_ID":"PL416","LEVL_CODE":3,"CNTR_CODE":"PL","NAME_LATN":"Kaliski","NUTS_NAME":"Kaliski","MOUNT_TYPE":4,"URBN_TYPE":3,"COAST_TYPE":3,"NAME_ENGL":"Poland","NAME_FREN":"Pologne","ISO3_CODE":"POL","SVRG_UN":"UN Member State","CAPT":"Warsaw","EU_STAT":"T","EFTA_STAT":"F","CC_STAT":"F","NAME_GERM":"Polen"},"id":"PL416"},{"arcs":[[3907,-3906,3908,3909,3910,3911,-3891]],"type":"Polygon","properties":{"NUTS_ID":"PL417","LEVL_CODE":3,"CNTR_CODE":"PL","NAME_LATN":"Leszczyński","NUTS_NAME":"Leszczyński","MOUNT_TYPE":4,"URBN_TYPE":3,"COAST_TYPE":3,"NAME_ENGL":"Poland","NAME_FREN":"Pologne","ISO3_CODE":"POL","SVRG_UN":"UN Member State","CAPT":"Warsaw","EU_STAT":"T","EFTA_STAT":"F","CC_STAT":"F","NAME_GERM":"Polen"},"id":"PL417"},{"arcs":[[-3899,-3907,-3908,-3890],[-3901]],"type":"Polygon","properties":{"NUTS_ID":"PL418","LEVL_CODE":3,"CNTR_CODE":"PL","NAME_LATN":"Poznański","NUTS_NAME":"Poznański","MOUNT_TYPE":4,"URBN_TYPE":2,"COAST_TYPE":3,"NAME_ENGL":"Poland","NAME_FREN":"Pologne","ISO3_CODE":"POL","SVRG_UN":"UN Member State","CAPT":"Warsaw","EU_STAT":"T","EFTA_STAT":"F","CC_STAT":"F","NAME_GERM":"Polen"},"id":"PL418"},{"arcs":[[3912]],"type":"Polygon","properties":{"NUTS_ID":"PL424","LEVL_CODE":3,"CNTR_CODE":"PL","NAME_LATN":"Miasto Szczecin","NUTS_NAME":"Miasto Szczecin","MOUNT_TYPE":4,"URBN_TYPE":2,"COAST_TYPE":2,"NAME_ENGL":"Poland","NAME_FREN":"Pologne","ISO3_CODE":"POL","SVRG_UN":"UN Member State","CAPT":"Warsaw","EU_STAT":"T","EFTA_STAT":"F","CC_STAT":"F","NAME_GERM":"Polen"},"id":"PL424"},{"arcs":[[3913,3914,3915,3916]],"type":"Polygon","properties":{"NUTS_ID":"PL426","LEVL_CODE":3,"CNTR_CODE":"PL","NAME_LATN":"Koszaliński","NUTS_NAME":"Koszaliński","MOUNT_TYPE":4,"URBN_TYPE":2,"COAST_TYPE":1,"NAME_ENGL":"Poland","NAME_FREN":"Pologne","ISO3_CODE":"POL","SVRG_UN":"UN Member State","CAPT":"Warsaw","EU_STAT":"T","EFTA_STAT":"F","CC_STAT":"F","NAME_GERM":"Polen"},"id":"PL426"},{"arcs":[[3917,-3893,3918,-2068,3919,-3914,3920]],"type":"Polygon","properties":{"NUTS_ID":"PL427","LEVL_CODE":3,"CNTR_CODE":"PL","NAME_LATN":"Szczecinecko-pyrzycki","NUTS_NAME":"Szczecinecko-pyrzycki","MOUNT_TYPE":4,"URBN_TYPE":3,"COAST_TYPE":3,"NAME_ENGL":"Poland","NAME_FREN":"Pologne","ISO3_CODE":"POL","SVRG_UN":"UN Member State","CAPT":"Warsaw","EU_STAT":"T","EFTA_STAT":"F","CC_STAT":"F","NAME_GERM":"Polen"},"id":"PL427"},{"arcs":[[-3920,-2071,-2053,-2086,-2178,3921,-2176,3922,-3915],[-3913]],"type":"Polygon","properties":{"NUTS_ID":"PL428","LEVL_CODE":3,"CNTR_CODE":"PL","NAME_LATN":"Szczeciński","NUTS_NAME":"Szczeciński","MOUNT_TYPE":4,"URBN_TYPE":2,"COAST_TYPE":1,"NAME_ENGL":"Poland","NAME_FREN":"Pologne","ISO3_CODE":"POL","SVRG_UN":"UN Member State","CAPT":"Warsaw","EU_STAT":"T","EFTA_STAT":"F","CC_STAT":"F","NAME_GERM":"Polen"},"id":"PL428"},{"arcs":[[-3892,-3912,3923,-2076,-2049,-2069,-3919]],"type":"Polygon","properties":{"NUTS_ID":"PL431","LEVL_CODE":3,"CNTR_CODE":"PL","NAME_LATN":"Gorzowski","NUTS_NAME":"Gorzowski","MOUNT_TYPE":4,"URBN_TYPE":2,"COAST_TYPE":3,"NAME_ENGL":"Poland","NAME_FREN":"Pologne","ISO3_CODE":"POL","SVRG_UN":"UN Member State","CAPT":"Warsaw","EU_STAT":"T","EFTA_STAT":"F","CC_STAT":"F","NAME_GERM":"Polen"},"id":"PL431"},{"arcs":[[-3911,3924,3925,-1705,-2085,-2077,-3924]],"type":"Polygon","properties":{"NUTS_ID":"PL432","LEVL_CODE":3,"CNTR_CODE":"PL","NAME_LATN":"Zielonogórski","NUTS_NAME":"Zielonogórski","MOUNT_TYPE":4,"URBN_TYPE":2,"COAST_TYPE":3,"NAME_ENGL":"Poland","NAME_FREN":"Pologne","ISO3_CODE":"POL","SVRG_UN":"UN Member State","CAPT":"Warsaw","EU_STAT":"T","EFTA_STAT":"F","CC_STAT":"F","NAME_GERM":"Polen"},"id":"PL432"},{"arcs":[[3926]],"type":"Polygon","properties":{"NUTS_ID":"PL514","LEVL_CODE":3,"CNTR_CODE":"PL","NAME_LATN":"Miasto Wrocław","NUTS_NAME":"Miasto Wrocław","MOUNT_TYPE":4,"URBN_TYPE":1,"COAST_TYPE":3,"NAME_ENGL":"Poland","NAME_FREN":"Pologne","ISO3_CODE":"POL","SVRG_UN":"UN Member State","CAPT":"Warsaw","EU_STAT":"T","EFTA_STAT":"F","CC_STAT":"F","NAME_GERM":"Polen"},"id":"PL514"},{"arcs":[[3927,3928,3929,-314,-311,-1703,-3926]],"type":"Polygon","properties":{"NUTS_ID":"PL515","LEVL_CODE":3,"CNTR_CODE":"PL","NAME_LATN":"Jeleniogórski","NUTS_NAME":"Jeleniogórski","MOUNT_TYPE":4,"URBN_TYPE":2,"COAST_TYPE":3,"NAME_ENGL":"Poland","NAME_FREN":"Pologne","ISO3_CODE":"POL","SVRG_UN":"UN Member State","CAPT":"Warsaw","EU_STAT":"T","EFTA_STAT":"F","CC_STAT":"F","NAME_GERM":"Polen"},"id":"PL515"},{"arcs":[[3930,-3928,-3925,-3910]],"type":"Polygon","properties":{"NUTS_ID":"PL516","LEVL_CODE":3,"CNTR_CODE":"PL","NAME_LATN":"Legnicko-głogowski","NUTS_NAME":"Legnicko-głogowski","MOUNT_TYPE":4,"URBN_TYPE":2,"COAST_TYPE":3,"NAME_ENGL":"Poland","NAME_FREN":"Pologne","ISO3_CODE":"POL","SVRG_UN":"UN Member State","CAPT":"Warsaw","EU_STAT":"T","EFTA_STAT":"F","CC_STAT":"F","NAME_GERM":"Polen"},"id":"PL516"},{"arcs":[[3931,-328,-317,-312,-3930,3932]],"type":"Polygon","properties":{"NUTS_ID":"PL517","LEVL_CODE":3,"CNTR_CODE":"PL","NAME_LATN":"Wałbrzyski","NUTS_NAME":"Wałbrzyski","MOUNT_TYPE":3,"URBN_TYPE":2,"COAST_TYPE":3,"NAME_ENGL":"Poland","NAME_FREN":"Pologne","ISO3_CODE":"POL","SVRG_UN":"UN Member State","CAPT":"Warsaw","EU_STAT":"T","EFTA_STAT":"F","CC_STAT":"F","NAME_GERM":"Polen"},"id":"PL517"},{"arcs":[[3933,-3933,-3929,-3931,-3909,-3905],[-3927]],"type":"Polygon","properties":{"NUTS_ID":"PL518","LEVL_CODE":3,"CNTR_CODE":"PL","NAME_LATN":"Wrocławski","NUTS_NAME":"Wrocławski","MOUNT_TYPE":4,"URBN_TYPE":2,"COAST_TYPE":3,"NAME_ENGL":"Poland","NAME_FREN":"Pologne","ISO3_CODE":"POL","SVRG_UN":"UN Member State","CAPT":"Warsaw","EU_STAT":"T","EFTA_STAT":"F","CC_STAT":"F","NAME_GERM":"Polen"},"id":"PL518"},{"arcs":[[3934,-3873,-336,-329,-3932,-3934,-3904]],"type":"Polygon","properties":{"NUTS_ID":"PL523","LEVL_CODE":3,"CNTR_CODE":"PL","NAME_LATN":"Nyski","NUTS_NAME":"Nyski","MOUNT_TYPE":4,"URBN_TYPE":3,"COAST_TYPE":3,"NAME_ENGL":"Poland","NAME_FREN":"Pologne","ISO3_CODE":"POL","SVRG_UN":"UN Member State","CAPT":"Warsaw","EU_STAT":"T","EFTA_STAT":"F","CC_STAT":"F","NAME_GERM":"Polen"},"id":"PL523"},{"arcs":[[-3868,-3879,-3882,-3874,-3935,-3903,3935]],"type":"Polygon","properties":{"NUTS_ID":"PL524","LEVL_CODE":3,"CNTR_CODE":"PL","NAME_LATN":"Opolski","NUTS_NAME":"Opolski","MOUNT_TYPE":4,"URBN_TYPE":2,"COAST_TYPE":3,"NAME_ENGL":"Poland","NAME_FREN":"Pologne","ISO3_CODE":"POL","SVRG_UN":"UN Member State","CAPT":"Warsaw","EU_STAT":"T","EFTA_STAT":"F","CC_STAT":"F","NAME_GERM":"Polen"},"id":"PL524"},{"arcs":[[3936,3937,3938,3939]],"type":"Polygon","properties":{"NUTS_ID":"PL613","LEVL_CODE":3,"CNTR_CODE":"PL","NAME_LATN":"Bydgosko-toruński","NUTS_NAME":"Bydgosko-toruński","MOUNT_TYPE":4,"URBN_TYPE":1,"COAST_TYPE":3,"NAME_ENGL":"Poland","NAME_FREN":"Pologne","ISO3_CODE":"POL","SVRG_UN":"UN Member State","CAPT":"Warsaw","EU_STAT":"T","EFTA_STAT":"F","CC_STAT":"F","NAME_GERM":"Polen"},"id":"PL613"},{"arcs":[[3940,3941,3942,3943,-3937,3944,3945]],"type":"Polygon","properties":{"NUTS_ID":"PL616","LEVL_CODE":3,"CNTR_CODE":"PL","NAME_LATN":"Grudziądzki","NUTS_NAME":"Grudziądzki","MOUNT_TYPE":4,"URBN_TYPE":3,"COAST_TYPE":3,"NAME_ENGL":"Poland","NAME_FREN":"Pologne","ISO3_CODE":"POL","SVRG_UN":"UN Member State","CAPT":"Warsaw","EU_STAT":"T","EFTA_STAT":"F","CC_STAT":"F","NAME_GERM":"Polen"},"id":"PL616"},{"arcs":[[3946,-3900,-3888,3947,-3939]],"type":"Polygon","properties":{"NUTS_ID":"PL617","LEVL_CODE":3,"CNTR_CODE":"PL","NAME_LATN":"Inowrocławski","NUTS_NAME":"Inowrocławski","MOUNT_TYPE":4,"URBN_TYPE":3,"COAST_TYPE":3,"NAME_ENGL":"Poland","NAME_FREN":"Pologne","ISO3_CODE":"POL","SVRG_UN":"UN Member State","CAPT":"Warsaw","EU_STAT":"T","EFTA_STAT":"F","CC_STAT":"F","NAME_GERM":"Polen"},"id":"PL617"},{"arcs":[[-3945,-3940,-3948,-3887,3948,3949]],"type":"Polygon","properties":{"NUTS_ID":"PL618","LEVL_CODE":3,"CNTR_CODE":"PL","NAME_LATN":"Świecki","NUTS_NAME":"Świecki","MOUNT_TYPE":4,"URBN_TYPE":3,"COAST_TYPE":3,"NAME_ENGL":"Poland","NAME_FREN":"Pologne","ISO3_CODE":"POL","SVRG_UN":"UN Member State","CAPT":"Warsaw","EU_STAT":"T","EFTA_STAT":"F","CC_STAT":"F","NAME_GERM":"Polen"},"id":"PL618"},{"arcs":[[3950,3951,-3895,-3947,-3938,-3944]],"type":"Polygon","properties":{"NUTS_ID":"PL619","LEVL_CODE":3,"CNTR_CODE":"PL","NAME_LATN":"Włocławski","NUTS_NAME":"Włocławski","MOUNT_TYPE":4,"URBN_TYPE":3,"COAST_TYPE":3,"NAME_ENGL":"Poland","NAME_FREN":"Pologne","ISO3_CODE":"POL","SVRG_UN":"UN Member State","CAPT":"Warsaw","EU_STAT":"T","EFTA_STAT":"F","CC_STAT":"F","NAME_GERM":"Polen"},"id":"PL619"},{"arcs":[[3952,3953,-3941,3954,3955,3956]],"type":"Polygon","properties":{"NUTS_ID":"PL621","LEVL_CODE":3,"CNTR_CODE":"PL","NAME_LATN":"Elbląski","NUTS_NAME":"Elbląski","MOUNT_TYPE":4,"URBN_TYPE":2,"COAST_TYPE":1,"NAME_ENGL":"Poland","NAME_FREN":"Pologne","ISO3_CODE":"POL","SVRG_UN":"UN Member State","CAPT":"Warsaw","EU_STAT":"T","EFTA_STAT":"F","CC_STAT":"F","NAME_GERM":"Polen"},"id":"PL621"},{"arcs":[[3957,3958,3959,-3953,3960]],"type":"Polygon","properties":{"NUTS_ID":"PL622","LEVL_CODE":3,"CNTR_CODE":"PL","NAME_LATN":"Olsztyński","NUTS_NAME":"Olsztyński","MOUNT_TYPE":4,"URBN_TYPE":2,"COAST_TYPE":3,"NAME_ENGL":"Poland","NAME_FREN":"Pologne","ISO3_CODE":"POL","SVRG_UN":"UN Member State","CAPT":"Warsaw","EU_STAT":"T","EFTA_STAT":"F","CC_STAT":"F","NAME_GERM":"Polen"},"id":"PL622"},{"arcs":[[3961,3962,-3958,3963,3964]],"type":"Polygon","properties":{"NUTS_ID":"PL623","LEVL_CODE":3,"CNTR_CODE":"PL","NAME_LATN":"Ełcki","NUTS_NAME":"Ełcki","MOUNT_TYPE":4,"URBN_TYPE":2,"COAST_TYPE":3,"NAME_ENGL":"Poland","NAME_FREN":"Pologne","ISO3_CODE":"POL","SVRG_UN":"UN Member State","CAPT":"Warsaw","EU_STAT":"T","EFTA_STAT":"F","CC_STAT":"F","NAME_GERM":"Polen"},"id":"PL623"},{"arcs":[[3965,3966]],"type":"Polygon","properties":{"NUTS_ID":"PL633","LEVL_CODE":3,"CNTR_CODE":"PL","NAME_LATN":"Trójmiejski","NUTS_NAME":"Trójmiejski","MOUNT_TYPE":4,"URBN_TYPE":1,"COAST_TYPE":1,"NAME_ENGL":"Poland","NAME_FREN":"Pologne","ISO3_CODE":"POL","SVRG_UN":"UN Member State","CAPT":"Warsaw","EU_STAT":"T","EFTA_STAT":"F","CC_STAT":"F","NAME_GERM":"Polen"},"id":"PL633"},{"arcs":[[-3966,3967,-3956,3968,3969,3970,3971]],"type":"Polygon","properties":{"NUTS_ID":"PL634","LEVL_CODE":3,"CNTR_CODE":"PL","NAME_LATN":"Gdański","NUTS_NAME":"Gdański","MOUNT_TYPE":4,"URBN_TYPE":2,"COAST_TYPE":1,"NAME_ENGL":"Poland","NAME_FREN":"Pologne","ISO3_CODE":"POL","SVRG_UN":"UN Member State","CAPT":"Warsaw","EU_STAT":"T","EFTA_STAT":"F","CC_STAT":"F","NAME_GERM":"Polen"},"id":"PL634"},{"arcs":[[3972,-3921,-3917,3973,-3971]],"type":"Polygon","properties":{"NUTS_ID":"PL636","LEVL_CODE":3,"CNTR_CODE":"PL","NAME_LATN":"Słupski","NUTS_NAME":"Słupski","MOUNT_TYPE":4,"URBN_TYPE":2,"COAST_TYPE":1,"NAME_ENGL":"Poland","NAME_FREN":"Pologne","ISO3_CODE":"POL","SVRG_UN":"UN Member State","CAPT":"Warsaw","EU_STAT":"T","EFTA_STAT":"F","CC_STAT":"F","NAME_GERM":"Polen"},"id":"PL636"},{"arcs":[[3974,-3949,-3894,-3918,-3973,-3970]],"type":"Polygon","properties":{"NUTS_ID":"PL637","LEVL_CODE":3,"CNTR_CODE":"PL","NAME_LATN":"Chojnicki","NUTS_NAME":"Chojnicki","MOUNT_TYPE":4,"URBN_TYPE":3,"COAST_TYPE":3,"NAME_ENGL":"Poland","NAME_FREN":"Pologne","ISO3_CODE":"POL","SVRG_UN":"UN Member State","CAPT":"Warsaw","EU_STAT":"T","EFTA_STAT":"F","CC_STAT":"F","NAME_GERM":"Polen"},"id":"PL637"},{"arcs":[[-3955,-3946,-3950,-3975,-3969]],"type":"Polygon","properties":{"NUTS_ID":"PL638","LEVL_CODE":3,"CNTR_CODE":"PL","NAME_LATN":"Starogardzki","NUTS_NAME":"Starogardzki","MOUNT_TYPE":4,"URBN_TYPE":2,"COAST_TYPE":2,"NAME_ENGL":"Poland","NAME_FREN":"Pologne","ISO3_CODE":"POL","SVRG_UN":"UN Member State","CAPT":"Warsaw","EU_STAT":"T","EFTA_STAT":"F","CC_STAT":"F","NAME_GERM":"Polen"},"id":"PL638"},{"arcs":[[3975]],"type":"Polygon","properties":{"NUTS_ID":"PL711","LEVL_CODE":3,"CNTR_CODE":"PL","NAME_LATN":"Miasto Łódź","NUTS_NAME":"Miasto Łódź","MOUNT_TYPE":4,"URBN_TYPE":1,"COAST_TYPE":3,"NAME_ENGL":"Poland","NAME_FREN":"Pologne","ISO3_CODE":"POL","SVRG_UN":"UN Member State","CAPT":"Warsaw","EU_STAT":"T","EFTA_STAT":"F","CC_STAT":"F","NAME_GERM":"Polen"},"id":"PL711"},{"arcs":[[3976,3977,3978],[-3976]],"type":"Polygon","properties":{"NUTS_ID":"PL712","LEVL_CODE":3,"CNTR_CODE":"PL","NAME_LATN":"Łódzki","NUTS_NAME":"Łódzki","MOUNT_TYPE":4,"URBN_TYPE":1,"COAST_TYPE":3,"NAME_ENGL":"Poland","NAME_FREN":"Pologne","ISO3_CODE":"POL","SVRG_UN":"UN Member State","CAPT":"Warsaw","EU_STAT":"T","EFTA_STAT":"F","CC_STAT":"F","NAME_GERM":"Polen"},"id":"PL712"},{"arcs":[[3979,3980,3981,3982,-3864,3983,-3977,3984]],"type":"Polygon","properties":{"NUTS_ID":"PL713","LEVL_CODE":3,"CNTR_CODE":"PL","NAME_LATN":"Piotrkowski","NUTS_NAME":"Piotrkowski","MOUNT_TYPE":4,"URBN_TYPE":3,"COAST_TYPE":3,"NAME_ENGL":"Poland","NAME_FREN":"Pologne","ISO3_CODE":"POL","SVRG_UN":"UN Member State","CAPT":"Warsaw","EU_STAT":"T","EFTA_STAT":"F","CC_STAT":"F","NAME_GERM":"Polen"},"id":"PL713"},{"arcs":[[-3978,-3984,-3869,-3936,-3902,-3897,3985]],"type":"Polygon","properties":{"NUTS_ID":"PL714","LEVL_CODE":3,"CNTR_CODE":"PL","NAME_LATN":"Sieradzki","NUTS_NAME":"Sieradzki","MOUNT_TYPE":4,"URBN_TYPE":3,"COAST_TYPE":3,"NAME_ENGL":"Poland","NAME_FREN":"Pologne","ISO3_CODE":"POL","SVRG_UN":"UN Member State","CAPT":"Warsaw","EU_STAT":"T","EFTA_STAT":"F","CC_STAT":"F","NAME_GERM":"Polen"},"id":"PL714"},{"arcs":[[3986,-3985,-3979,-3986,-3896,-3952,3987]],"type":"Polygon","properties":{"NUTS_ID":"PL715","LEVL_CODE":3,"CNTR_CODE":"PL","NAME_LATN":"Skierniewicki","NUTS_NAME":"Skierniewicki","MOUNT_TYPE":4,"URBN_TYPE":3,"COAST_TYPE":3,"NAME_ENGL":"Poland","NAME_FREN":"Pologne","ISO3_CODE":"POL","SVRG_UN":"UN Member State","CAPT":"Warsaw","EU_STAT":"T","EFTA_STAT":"F","CC_STAT":"F","NAME_GERM":"Polen"},"id":"PL715"},{"arcs":[[3988,-3982,3989]],"type":"Polygon","properties":{"NUTS_ID":"PL721","LEVL_CODE":3,"CNTR_CODE":"PL","NAME_LATN":"Kielecki","NUTS_NAME":"Kielecki","MOUNT_TYPE":4,"URBN_TYPE":2,"COAST_TYPE":3,"NAME_ENGL":"Poland","NAME_FREN":"Pologne","ISO3_CODE":"POL","SVRG_UN":"UN Member State","CAPT":"Warsaw","EU_STAT":"T","EFTA_STAT":"F","CC_STAT":"F","NAME_GERM":"Polen"},"id":"PL721"},{"arcs":[[3990,-3229,-3226,-3886,-3865,-3983,-3989,3991,3992]],"type":"Polygon","properties":{"NUTS_ID":"PL722","LEVL_CODE":3,"CNTR_CODE":"PL","NAME_LATN":"Sandomiersko-jędrzejowski","NUTS_NAME":"Sandomiersko-jędrzejowski","MOUNT_TYPE":4,"URBN_TYPE":3,"COAST_TYPE":3,"NAME_ENGL":"Poland","NAME_FREN":"Pologne","ISO3_CODE":"POL","SVRG_UN":"UN Member State","CAPT":"Warsaw","EU_STAT":"T","EFTA_STAT":"F","CC_STAT":"F","NAME_GERM":"Polen"},"id":"PL722"},{"arcs":[[3993,3994,3995,3996,3997,3998]],"type":"Polygon","properties":{"NUTS_ID":"PL811","LEVL_CODE":3,"CNTR_CODE":"PL","NAME_LATN":"Bialski","NUTS_NAME":"Bialski","MOUNT_TYPE":4,"URBN_TYPE":3,"COAST_TYPE":3,"NAME_ENGL":"Poland","NAME_FREN":"Pologne","ISO3_CODE":"POL","SVRG_UN":"UN Member State","CAPT":"Warsaw","EU_STAT":"T","EFTA_STAT":"F","CC_STAT":"F","NAME_GERM":"Polen"},"id":"PL811"},{"arcs":[[3999,4000,4001,4002,4003,-3995]],"type":"Polygon","properties":{"NUTS_ID":"PL812","LEVL_CODE":3,"CNTR_CODE":"PL","NAME_LATN":"Chełmsko-zamojski","NUTS_NAME":"Chełmsko-zamojski","MOUNT_TYPE":4,"URBN_TYPE":3,"COAST_TYPE":3,"NAME_ENGL":"Poland","NAME_FREN":"Pologne","ISO3_CODE":"POL","SVRG_UN":"UN Member State","CAPT":"Warsaw","EU_STAT":"T","EFTA_STAT":"F","CC_STAT":"F","NAME_GERM":"Polen"},"id":"PL812"},{"arcs":[[-4004,4004,-3996]],"type":"Polygon","properties":{"NUTS_ID":"PL814","LEVL_CODE":3,"CNTR_CODE":"PL","NAME_LATN":"Lubelski","NUTS_NAME":"Lubelski","MOUNT_TYPE":4,"URBN_TYPE":2,"COAST_TYPE":3,"NAME_ENGL":"Poland","NAME_FREN":"Pologne","ISO3_CODE":"POL","SVRG_UN":"UN Member State","CAPT":"Warsaw","EU_STAT":"T","EFTA_STAT":"F","CC_STAT":"F","NAME_GERM":"Polen"},"id":"PL814"},{"arcs":[[-3997,-4005,-4003,4005,-3993,4006,4007]],"type":"Polygon","properties":{"NUTS_ID":"PL815","LEVL_CODE":3,"CNTR_CODE":"PL","NAME_LATN":"Puławski","NUTS_NAME":"Puławski","MOUNT_TYPE":4,"URBN_TYPE":3,"COAST_TYPE":3,"NAME_ENGL":"Poland","NAME_FREN":"Pologne","ISO3_CODE":"POL","SVRG_UN":"UN Member State","CAPT":"Warsaw","EU_STAT":"T","EFTA_STAT":"F","CC_STAT":"F","NAME_GERM":"Polen"},"id":"PL815"},{"arcs":[[4008,4009,4010,4011,-3231,-3227,4012]],"type":"Polygon","properties":{"NUTS_ID":"PL821","LEVL_CODE":3,"CNTR_CODE":"PL","NAME_LATN":"Krośnieński","NUTS_NAME":"Krośnieński","MOUNT_TYPE":2,"URBN_TYPE":3,"COAST_TYPE":3,"NAME_ENGL":"Poland","NAME_FREN":"Pologne","ISO3_CODE":"POL","SVRG_UN":"UN Member State","CAPT":"Warsaw","EU_STAT":"T","EFTA_STAT":"F","CC_STAT":"F","NAME_GERM":"Polen"},"id":"PL821"},{"arcs":[[4013,-4010,4014,4015,-4001]],"type":"Polygon","properties":{"NUTS_ID":"PL822","LEVL_CODE":3,"CNTR_CODE":"PL","NAME_LATN":"Przemyski","NUTS_NAME":"Przemyski","MOUNT_TYPE":4,"URBN_TYPE":3,"COAST_TYPE":3,"NAME_ENGL":"Poland","NAME_FREN":"Pologne","ISO3_CODE":"POL","SVRG_UN":"UN Member State","CAPT":"Warsaw","EU_STAT":"T","EFTA_STAT":"F","CC_STAT":"F","NAME_GERM":"Polen"},"id":"PL822"},{"arcs":[[-4015,-4009,4016]],"type":"Polygon","properties":{"NUTS_ID":"PL823","LEVL_CODE":3,"CNTR_CODE":"PL","NAME_LATN":"Rzeszowski","NUTS_NAME":"Rzeszowski","MOUNT_TYPE":4,"URBN_TYPE":3,"COAST_TYPE":3,"NAME_ENGL":"Poland","NAME_FREN":"Pologne","ISO3_CODE":"POL","SVRG_UN":"UN Member State","CAPT":"Warsaw","EU_STAT":"T","EFTA_STAT":"F","CC_STAT":"F","NAME_GERM":"Polen"},"id":"PL823"},{"arcs":[[-4002,-4016,-4017,-4013,-3230,-3991,-4006]],"type":"Polygon","properties":{"NUTS_ID":"PL824","LEVL_CODE":3,"CNTR_CODE":"PL","NAME_LATN":"Tarnobrzeski","NUTS_NAME":"Tarnobrzeski","MOUNT_TYPE":4,"URBN_TYPE":3,"COAST_TYPE":3,"NAME_ENGL":"Poland","NAME_FREN":"Pologne","ISO3_CODE":"POL","SVRG_UN":"UN Member State","CAPT":"Warsaw","EU_STAT":"T","EFTA_STAT":"F","CC_STAT":"F","NAME_GERM":"Polen"},"id":"PL824"},{"arcs":[[4017,4018,4019]],"type":"Polygon","properties":{"NUTS_ID":"PL841","LEVL_CODE":3,"CNTR_CODE":"PL","NAME_LATN":"Białostocki","NUTS_NAME":"Białostocki","MOUNT_TYPE":4,"URBN_TYPE":2,"COAST_TYPE":3,"NAME_ENGL":"Poland","NAME_FREN":"Pologne","ISO3_CODE":"POL","SVRG_UN":"UN Member State","CAPT":"Warsaw","EU_STAT":"T","EFTA_STAT":"F","CC_STAT":"F","NAME_GERM":"Polen"},"id":"PL841"},{"arcs":[[-4019,4020,-3999,4021,4022,-3962,4023]],"type":"Polygon","properties":{"NUTS_ID":"PL842","LEVL_CODE":3,"CNTR_CODE":"PL","NAME_LATN":"Łomżyński","NUTS_NAME":"Łomżyński","MOUNT_TYPE":4,"URBN_TYPE":3,"COAST_TYPE":3,"NAME_ENGL":"Poland","NAME_FREN":"Pologne","ISO3_CODE":"POL","SVRG_UN":"UN Member State","CAPT":"Warsaw","EU_STAT":"T","EFTA_STAT":"F","CC_STAT":"F","NAME_GERM":"Polen"},"id":"PL842"},{"arcs":[[-2656,4024,-4020,-4024,-3965,-2669]],"type":"Polygon","properties":{"NUTS_ID":"PL843","LEVL_CODE":3,"CNTR_CODE":"PL","NAME_LATN":"Suwalski","NUTS_NAME":"Suwalski","MOUNT_TYPE":4,"URBN_TYPE":3,"COAST_TYPE":3,"NAME_ENGL":"Poland","NAME_FREN":"Pologne","ISO3_CODE":"POL","SVRG_UN":"UN Member State","CAPT":"Warsaw","EU_STAT":"T","EFTA_STAT":"F","CC_STAT":"F","NAME_GERM":"Polen"},"id":"PL843"},{"arcs":[[4025,4026]],"type":"Polygon","properties":{"NUTS_ID":"PL911","LEVL_CODE":3,"CNTR_CODE":"PL","NAME_LATN":"Miasto Warszawa","NUTS_NAME":"Miasto Warszawa","MOUNT_TYPE":4,"URBN_TYPE":1,"COAST_TYPE":3,"NAME_ENGL":"Poland","NAME_FREN":"Pologne","ISO3_CODE":"POL","SVRG_UN":"UN Member State","CAPT":"Warsaw","EU_STAT":"T","EFTA_STAT":"F","CC_STAT":"F","NAME_GERM":"Polen"},"id":"PL911"},{"arcs":[[4027,4028,4029,4030,-4027,4031,4032]],"type":"Polygon","properties":{"NUTS_ID":"PL912","LEVL_CODE":3,"CNTR_CODE":"PL","NAME_LATN":"Warszawski wschodni","NUTS_NAME":"Warszawski wschodni","MOUNT_TYPE":4,"URBN_TYPE":2,"COAST_TYPE":3,"NAME_ENGL":"Poland","NAME_FREN":"Pologne","ISO3_CODE":"POL","SVRG_UN":"UN Member State","CAPT":"Warsaw","EU_STAT":"T","EFTA_STAT":"F","CC_STAT":"F","NAME_GERM":"Polen"},"id":"PL912"},{"arcs":[[-4032,-4026,-4031,4033,4034]],"type":"Polygon","properties":{"NUTS_ID":"PL913","LEVL_CODE":3,"CNTR_CODE":"PL","NAME_LATN":"Warszawski zachodni","NUTS_NAME":"Warszawski zachodni","MOUNT_TYPE":4,"URBN_TYPE":2,"COAST_TYPE":3,"NAME_ENGL":"Poland","NAME_FREN":"Pologne","ISO3_CODE":"POL","SVRG_UN":"UN Member State","CAPT":"Warsaw","EU_STAT":"T","EFTA_STAT":"F","CC_STAT":"F","NAME_GERM":"Polen"},"id":"PL913"},{"arcs":[[-4007,-3992,-3990,-3981,4035,4036]],"type":"Polygon","properties":{"NUTS_ID":"PL921","LEVL_CODE":3,"CNTR_CODE":"PL","NAME_LATN":"Radomski","NUTS_NAME":"Radomski","MOUNT_TYPE":4,"URBN_TYPE":2,"COAST_TYPE":3,"NAME_ENGL":"Poland","NAME_FREN":"Pologne","ISO3_CODE":"POL","SVRG_UN":"UN Member State","CAPT":"Warsaw","EU_STAT":"T","EFTA_STAT":"F","CC_STAT":"F","NAME_GERM":"Polen"},"id":"PL921"},{"arcs":[[-4033,-4035,4037,4038,-3942,-3954,-3960,4039]],"type":"Polygon","properties":{"NUTS_ID":"PL922","LEVL_CODE":3,"CNTR_CODE":"PL","NAME_LATN":"Ciechanowski","NUTS_NAME":"Ciechanowski","MOUNT_TYPE":4,"URBN_TYPE":3,"COAST_TYPE":3,"NAME_ENGL":"Poland","NAME_FREN":"Pologne","ISO3_CODE":"POL","SVRG_UN":"UN Member State","CAPT":"Warsaw","EU_STAT":"T","EFTA_STAT":"F","CC_STAT":"F","NAME_GERM":"Polen"},"id":"PL922"},{"arcs":[[4040,-3988,-3951,-3943,-4039]],"type":"Polygon","properties":{"NUTS_ID":"PL923","LEVL_CODE":3,"CNTR_CODE":"PL","NAME_LATN":"Płocki","NUTS_NAME":"Płocki","MOUNT_TYPE":4,"URBN_TYPE":3,"COAST_TYPE":3,"NAME_ENGL":"Poland","NAME_FREN":"Pologne","ISO3_CODE":"POL","SVRG_UN":"UN Member State","CAPT":"Warsaw","EU_STAT":"T","EFTA_STAT":"F","CC_STAT":"F","NAME_GERM":"Polen"},"id":"PL923"},{"arcs":[[4041,-4028,-4040,-3959,-3963,-4023]],"type":"Polygon","properties":{"NUTS_ID":"PL924","LEVL_CODE":3,"CNTR_CODE":"PL","NAME_LATN":"Ostrołęcki","NUTS_NAME":"Ostrołęcki","MOUNT_TYPE":4,"URBN_TYPE":3,"COAST_TYPE":3,"NAME_ENGL":"Poland","NAME_FREN":"Pologne","ISO3_CODE":"POL","SVRG_UN":"UN Member State","CAPT":"Warsaw","EU_STAT":"T","EFTA_STAT":"F","CC_STAT":"F","NAME_GERM":"Polen"},"id":"PL924"},{"arcs":[[-4022,-3998,-4008,-4037,4042,-4029,-4042]],"type":"Polygon","properties":{"NUTS_ID":"PL925","LEVL_CODE":3,"CNTR_CODE":"PL","NAME_LATN":"Siedlecki","NUTS_NAME":"Siedlecki","MOUNT_TYPE":4,"URBN_TYPE":3,"COAST_TYPE":3,"NAME_ENGL":"Poland","NAME_FREN":"Pologne","ISO3_CODE":"POL","SVRG_UN":"UN Member State","CAPT":"Warsaw","EU_STAT":"T","EFTA_STAT":"F","CC_STAT":"F","NAME_GERM":"Polen"},"id":"PL925"},{"arcs":[[-4030,-4043,-4036,-3980,-3987,-4041,-4038,-4034]],"type":"Polygon","properties":{"NUTS_ID":"PL926","LEVL_CODE":3,"CNTR_CODE":"PL","NAME_LATN":"Żyrardowski","NUTS_NAME":"Żyrardowski","MOUNT_TYPE":4,"URBN_TYPE":3,"COAST_TYPE":3,"NAME_ENGL":"Poland","NAME_FREN":"Pologne","ISO3_CODE":"POL","SVRG_UN":"UN Member State","CAPT":"Warsaw","EU_STAT":"T","EFTA_STAT":"F","CC_STAT":"F","NAME_GERM":"Polen"},"id":"PL926"},{"arcs":[[4043,4044,-2464,-1887]],"type":"Polygon","properties":{"NUTS_ID":"PT111","LEVL_CODE":3,"CNTR_CODE":"PT","NAME_LATN":"Alto Minho","NUTS_NAME":"Alto Minho","MOUNT_TYPE":2,"URBN_TYPE":3,"COAST_TYPE":1,"NAME_ENGL":"Portugal","NAME_FREN":"Portugal","ISO3_CODE":"PRT","SVRG_UN":"UN Member State","CAPT":"Lisbon","EU_STAT":"T","EFTA_STAT":"F","CC_STAT":"F","NAME_GERM":"Portugal"},"id":"PT111"},{"arcs":[[4045,4046,4047,-4044,-1886,4048]],"type":"Polygon","properties":{"NUTS_ID":"PT112","LEVL_CODE":3,"CNTR_CODE":"PT","NAME_LATN":"Cávado","NUTS_NAME":"Cávado","MOUNT_TYPE":2,"URBN_TYPE":2,"COAST_TYPE":1,"NAME_ENGL":"Portugal","NAME_FREN":"Portugal","ISO3_CODE":"PRT","SVRG_UN":"UN Member State","CAPT":"Lisbon","EU_STAT":"T","EFTA_STAT":"F","CC_STAT":"F","NAME_GERM":"Portugal"},"id":"PT112"},{"arcs":[[4049,4050,4051,-4046,4052]],"type":"Polygon","properties":{"NUTS_ID":"PT119","LEVL_CODE":3,"CNTR_CODE":"PT","NAME_LATN":"Ave","NUTS_NAME":"Ave","MOUNT_TYPE":2,"URBN_TYPE":2,"COAST_TYPE":2,"NAME_ENGL":"Portugal","NAME_FREN":"Portugal","ISO3_CODE":"PRT","SVRG_UN":"UN Member State","CAPT":"Lisbon","EU_STAT":"T","EFTA_STAT":"F","CC_STAT":"F","NAME_GERM":"Portugal"},"id":"PT119"},{"arcs":[[-4052,4053,-3104,-3092,4054,-4047]],"type":"Polygon","properties":{"NUTS_ID":"PT11A","LEVL_CODE":3,"CNTR_CODE":"PT","NAME_LATN":"Área Metropolitana do Porto","NUTS_NAME":"Área Metropolitana do Porto","MOUNT_TYPE":4,"URBN_TYPE":1,"COAST_TYPE":1,"NAME_ENGL":"Portugal","NAME_FREN":"Portugal","ISO3_CODE":"PRT","SVRG_UN":"UN Member State","CAPT":"Lisbon","EU_STAT":"T","EFTA_STAT":"F","CC_STAT":"F","NAME_GERM":"Portugal"},"id":"PT11A"},{"arcs":[[4055,4056,-4053,-4049,-1885]],"type":"Polygon","properties":{"NUTS_ID":"PT11B","LEVL_CODE":3,"CNTR_CODE":"PT","NAME_LATN":"Alto Tâmega","NUTS_NAME":"Alto Tâmega","MOUNT_TYPE":3,"URBN_TYPE":3,"COAST_TYPE":3,"NAME_ENGL":"Portugal","NAME_FREN":"Portugal","ISO3_CODE":"PRT","SVRG_UN":"UN Member State","CAPT":"Lisbon","EU_STAT":"T","EFTA_STAT":"F","CC_STAT":"F","NAME_GERM":"Portugal"},"id":"PT11B"},{"arcs":[[4057,-3105,-4054,-4051]],"type":"Polygon","properties":{"NUTS_ID":"PT11C","LEVL_CODE":3,"CNTR_CODE":"PT","NAME_LATN":"Tâmega e Sousa","NUTS_NAME":"Tâmega e Sousa","MOUNT_TYPE":3,"URBN_TYPE":2,"COAST_TYPE":2,"NAME_ENGL":"Portugal","NAME_FREN":"Portugal","ISO3_CODE":"PRT","SVRG_UN":"UN Member State","CAPT":"Lisbon","EU_STAT":"T","EFTA_STAT":"F","CC_STAT":"F","NAME_GERM":"Portugal"},"id":"PT11C"},{"arcs":[[4058,-2536,-3112,-3106,-4058,-4050,-4057]],"type":"Polygon","properties":{"NUTS_ID":"PT11D","LEVL_CODE":3,"CNTR_CODE":"PT","NAME_LATN":"Douro","NUTS_NAME":"Douro","MOUNT_TYPE":3,"URBN_TYPE":3,"COAST_TYPE":3,"NAME_ENGL":"Portugal","NAME_FREN":"Portugal","ISO3_CODE":"PRT","SVRG_UN":"UN Member State","CAPT":"Lisbon","EU_STAT":"T","EFTA_STAT":"F","CC_STAT":"F","NAME_GERM":"Portugal"},"id":"PT11D"},{"arcs":[[-2545,-2537,-4059,-4056,-1884]],"type":"Polygon","properties":{"NUTS_ID":"PT11E","LEVL_CODE":3,"CNTR_CODE":"PT","NAME_LATN":"Terras de Trás-os-Montes","NUTS_NAME":"Terras de Trás-os-Montes","MOUNT_TYPE":3,"URBN_TYPE":3,"COAST_TYPE":3,"NAME_ENGL":"Portugal","NAME_FREN":"Portugal","ISO3_CODE":"PRT","SVRG_UN":"UN Member State","CAPT":"Lisbon","EU_STAT":"T","EFTA_STAT":"F","CC_STAT":"F","NAME_GERM":"Portugal"},"id":"PT11E"},{"arcs":[[4059,-3119,-3122,-2615]],"type":"Polygon","properties":{"NUTS_ID":"PT150","LEVL_CODE":3,"CNTR_CODE":"PT","NAME_LATN":"Algarve","NUTS_NAME":"Algarve","MOUNT_TYPE":4,"URBN_TYPE":2,"COAST_TYPE":1,"NAME_ENGL":"Portugal","NAME_FREN":"Portugal","ISO3_CODE":"PRT","SVRG_UN":"UN Member State","CAPT":"Lisbon","EU_STAT":"T","EFTA_STAT":"F","CC_STAT":"F","NAME_GERM":"Portugal"},"id":"PT150"},{"arcs":[[-3126,-3117,4060,-3101]],"type":"Polygon","properties":{"NUTS_ID":"PT16B","LEVL_CODE":3,"CNTR_CODE":"PT","NAME_LATN":"Oeste","NUTS_NAME":"Oeste","MOUNT_TYPE":4,"URBN_TYPE":3,"COAST_TYPE":1,"NAME_ENGL":"Portugal","NAME_FREN":"Portugal","ISO3_CODE":"PRT","SVRG_UN":"UN Member State","CAPT":"Lisbon","EU_STAT":"T","EFTA_STAT":"F","CC_STAT":"F","NAME_GERM":"Portugal"},"id":"PT16B"},{"arcs":[[4061,4062,4063]],"type":"Polygon","properties":{"NUTS_ID":"UKC12","LEVL_CODE":3,"CNTR_CODE":"UK","NAME_LATN":"South Teesside","NUTS_NAME":"South Teesside","MOUNT_TYPE":4,"URBN_TYPE":1,"COAST_TYPE":1,"NAME_ENGL":"United Kingdom","NAME_FREN":"Royaume-Uni","ISO3_CODE":"GBR","SVRG_UN":"UN Member State","CAPT":"London","EU_STAT":"F","EFTA_STAT":"F","CC_STAT":"F","NAME_GERM":"Vereinigtes Königreich"},"id":"UKC12"},{"arcs":[[4064,4065,4066]],"type":"Polygon","properties":{"NUTS_ID":"UKC13","LEVL_CODE":3,"CNTR_CODE":"UK","NAME_LATN":"Darlington","NUTS_NAME":"Darlington","MOUNT_TYPE":4,"URBN_TYPE":1,"COAST_TYPE":2,"NAME_ENGL":"United Kingdom","NAME_FREN":"Royaume-Uni","ISO3_CODE":"GBR","SVRG_UN":"UN Member State","CAPT":"London","EU_STAT":"F","EFTA_STAT":"F","CC_STAT":"F","NAME_GERM":"Vereinigtes Königreich"},"id":"UKC13"},{"arcs":[[4067,4068,4069,-4067,4070,4071,4072,4073]],"type":"Polygon","properties":{"NUTS_ID":"UKC14","LEVL_CODE":3,"CNTR_CODE":"UK","NAME_LATN":"Durham CC","NUTS_NAME":"Durham CC","MOUNT_TYPE":4,"URBN_TYPE":1,"COAST_TYPE":1,"NAME_ENGL":"United Kingdom","NAME_FREN":"Royaume-Uni","ISO3_CODE":"GBR","SVRG_UN":"UN Member State","CAPT":"London","EU_STAT":"F","EFTA_STAT":"F","CC_STAT":"F","NAME_GERM":"Vereinigtes Königreich"},"id":"UKC14"},{"arcs":[[4074,-4073,4075,4076,4077]],"type":"Polygon","properties":{"NUTS_ID":"UKC21","LEVL_CODE":3,"CNTR_CODE":"UK","NAME_LATN":"Northumberland","NUTS_NAME":"Northumberland","MOUNT_TYPE":4,"URBN_TYPE":2,"COAST_TYPE":1,"NAME_ENGL":"United Kingdom","NAME_FREN":"Royaume-Uni","ISO3_CODE":"GBR","SVRG_UN":"UN Member State","CAPT":"London","EU_STAT":"F","EFTA_STAT":"F","CC_STAT":"F","NAME_GERM":"Vereinigtes Königreich"},"id":"UKC21"},{"arcs":[[4078,-4074,-4075,4079]],"type":"Polygon","properties":{"NUTS_ID":"UKC22","LEVL_CODE":3,"CNTR_CODE":"UK","NAME_LATN":"Tyneside","NUTS_NAME":"Tyneside","MOUNT_TYPE":4,"URBN_TYPE":1,"COAST_TYPE":1,"NAME_ENGL":"United Kingdom","NAME_FREN":"Royaume-Uni","ISO3_CODE":"GBR","SVRG_UN":"UN Member State","CAPT":"London","EU_STAT":"F","EFTA_STAT":"F","CC_STAT":"F","NAME_GERM":"Vereinigtes Königreich"},"id":"UKC22"},{"arcs":[[-4068,-4079,4080]],"type":"Polygon","properties":{"NUTS_ID":"UKC23","LEVL_CODE":3,"CNTR_CODE":"UK","NAME_LATN":"Sunderland","NUTS_NAME":"Sunderland","MOUNT_TYPE":4,"URBN_TYPE":1,"COAST_TYPE":1,"NAME_ENGL":"United Kingdom","NAME_FREN":"Royaume-Uni","ISO3_CODE":"GBR","SVRG_UN":"UN Member State","CAPT":"London","EU_STAT":"F","EFTA_STAT":"F","CC_STAT":"F","NAME_GERM":"Vereinigtes Königreich"},"id":"UKC23"},{"arcs":[[4081,4082]],"type":"Polygon","properties":{"NUTS_ID":"UKD11","LEVL_CODE":3,"CNTR_CODE":"UK","NAME_LATN":"West Cumbria","NUTS_NAME":"West Cumbria","MOUNT_TYPE":4,"URBN_TYPE":2,"COAST_TYPE":1,"NAME_ENGL":"United Kingdom","NAME_FREN":"Royaume-Uni","ISO3_CODE":"GBR","SVRG_UN":"UN Member State","CAPT":"London","EU_STAT":"F","EFTA_STAT":"F","CC_STAT":"F","NAME_GERM":"Vereinigtes Königreich"},"id":"UKD11"},{"arcs":[[-4072,4083,4084,4085,-4082,4086,4087,4088,-4076]],"type":"Polygon","properties":{"NUTS_ID":"UKD12","LEVL_CODE":3,"CNTR_CODE":"UK","NAME_LATN":"East Cumbria","NUTS_NAME":"East Cumbria","MOUNT_TYPE":4,"URBN_TYPE":2,"COAST_TYPE":1,"NAME_ENGL":"United Kingdom","NAME_FREN":"Royaume-Uni","ISO3_CODE":"GBR","SVRG_UN":"UN Member State","CAPT":"London","EU_STAT":"F","EFTA_STAT":"F","CC_STAT":"F","NAME_GERM":"Vereinigtes Königreich"},"id":"UKD12"},{"arcs":[[4089,4090,4091,4092]],"type":"Polygon","properties":{"NUTS_ID":"UKD33","LEVL_CODE":3,"CNTR_CODE":"UK","NAME_LATN":"Manchester","NUTS_NAME":"Manchester","MOUNT_TYPE":4,"URBN_TYPE":1,"COAST_TYPE":2,"NAME_ENGL":"United Kingdom","NAME_FREN":"Royaume-Uni","ISO3_CODE":"GBR","SVRG_UN":"UN Member State","CAPT":"London","EU_STAT":"F","EFTA_STAT":"F","CC_STAT":"F","NAME_GERM":"Vereinigtes Königreich"},"id":"UKD33"},{"arcs":[[-4092,4093,4094,4095,4096]],"type":"Polygon","properties":{"NUTS_ID":"UKD34","LEVL_CODE":3,"CNTR_CODE":"UK","NAME_LATN":"Greater Manchester South West","NUTS_NAME":"Greater Manchester South West","MOUNT_TYPE":4,"URBN_TYPE":1,"COAST_TYPE":2,"NAME_ENGL":"United Kingdom","NAME_FREN":"Royaume-Uni","ISO3_CODE":"GBR","SVRG_UN":"UN Member State","CAPT":"London","EU_STAT":"F","EFTA_STAT":"F","CC_STAT":"F","NAME_GERM":"Vereinigtes Königreich"},"id":"UKD34"},{"arcs":[[4097,-4090,4098,4099]],"type":"Polygon","properties":{"NUTS_ID":"UKD35","LEVL_CODE":3,"CNTR_CODE":"UK","NAME_LATN":"Greater Manchester South East","NUTS_NAME":"Greater Manchester South East","MOUNT_TYPE":4,"URBN_TYPE":1,"COAST_TYPE":2,"NAME_ENGL":"United Kingdom","NAME_FREN":"Royaume-Uni","ISO3_CODE":"GBR","SVRG_UN":"UN Member State","CAPT":"London","EU_STAT":"F","EFTA_STAT":"F","CC_STAT":"F","NAME_GERM":"Vereinigtes Königreich"},"id":"UKD35"},{"arcs":[[4100,4101,4102,-4096,4103,4104]],"type":"Polygon","properties":{"NUTS_ID":"UKD36","LEVL_CODE":3,"CNTR_CODE":"UK","NAME_LATN":"Greater Manchester North West","NUTS_NAME":"Greater Manchester North West","MOUNT_TYPE":4,"URBN_TYPE":1,"COAST_TYPE":2,"NAME_ENGL":"United Kingdom","NAME_FREN":"Royaume-Uni","ISO3_CODE":"GBR","SVRG_UN":"UN Member State","CAPT":"London","EU_STAT":"F","EFTA_STAT":"F","CC_STAT":"F","NAME_GERM":"Vereinigtes Königreich"},"id":"UKD36"},{"arcs":[[4105,-4099,-4093,-4097,-4103,4106,4107,4108]],"type":"Polygon","properties":{"NUTS_ID":"UKD37","LEVL_CODE":3,"CNTR_CODE":"UK","NAME_LATN":"Greater Manchester North East","NUTS_NAME":"Greater Manchester North East","MOUNT_TYPE":4,"URBN_TYPE":1,"COAST_TYPE":2,"NAME_ENGL":"United Kingdom","NAME_FREN":"Royaume-Uni","ISO3_CODE":"GBR","SVRG_UN":"UN Member State","CAPT":"London","EU_STAT":"F","EFTA_STAT":"F","CC_STAT":"F","NAME_GERM":"Vereinigtes Königreich"},"id":"UKD37"},{"arcs":[[-4107,-4102,4109,4110,4111]],"type":"Polygon","properties":{"NUTS_ID":"UKD41","LEVL_CODE":3,"CNTR_CODE":"UK","NAME_LATN":"Blackburn with Darwen","NUTS_NAME":"Blackburn with Darwen","MOUNT_TYPE":4,"URBN_TYPE":1,"COAST_TYPE":2,"NAME_ENGL":"United Kingdom","NAME_FREN":"Royaume-Uni","ISO3_CODE":"GBR","SVRG_UN":"UN Member State","CAPT":"London","EU_STAT":"F","EFTA_STAT":"F","CC_STAT":"F","NAME_GERM":"Vereinigtes Königreich"},"id":"UKD41"},{"arcs":[[-3786,-3764,4112,4113,4114,4115,4116,-3788,-3780]],"type":"Polygon","properties":{"NUTS_ID":"UKJ25","LEVL_CODE":3,"CNTR_CODE":"UK","NAME_LATN":"West Surrey","NUTS_NAME":"West Surrey","MOUNT_TYPE":4,"URBN_TYPE":1,"COAST_TYPE":2,"NAME_ENGL":"United Kingdom","NAME_FREN":"Royaume-Uni","ISO3_CODE":"GBR","SVRG_UN":"UN Member State","CAPT":"London","EU_STAT":"F","EFTA_STAT":"F","CC_STAT":"F","NAME_GERM":"Vereinigtes Königreich"},"id":"UKJ25"},{"arcs":[[-3761,-3759,-3154,-3816,4117,-4113,-3763]],"type":"Polygon","properties":{"NUTS_ID":"UKJ26","LEVL_CODE":3,"CNTR_CODE":"UK","NAME_LATN":"East Surrey","NUTS_NAME":"East Surrey","MOUNT_TYPE":4,"URBN_TYPE":1,"COAST_TYPE":2,"NAME_ENGL":"United Kingdom","NAME_FREN":"Royaume-Uni","ISO3_CODE":"GBR","SVRG_UN":"UN Member State","CAPT":"London","EU_STAT":"F","EFTA_STAT":"F","CC_STAT":"F","NAME_GERM":"Vereinigtes Königreich"},"id":"UKJ26"},{"arcs":[[-3809,4118,4119,4120,-4115,4121]],"type":"Polygon","properties":{"NUTS_ID":"UKJ27","LEVL_CODE":3,"CNTR_CODE":"UK","NAME_LATN":"West Sussex (South West)","NUTS_NAME":"West Sussex (South West)","MOUNT_TYPE":4,"URBN_TYPE":1,"COAST_TYPE":1,"NAME_ENGL":"United Kingdom","NAME_FREN":"Royaume-Uni","ISO3_CODE":"GBR","SVRG_UN":"UN Member State","CAPT":"London","EU_STAT":"F","EFTA_STAT":"F","CC_STAT":"F","NAME_GERM":"Vereinigtes Königreich"},"id":"UKJ27"},{"arcs":[[-3810,-4122,-4114,-4118,-3815]],"type":"Polygon","properties":{"NUTS_ID":"UKJ28","LEVL_CODE":3,"CNTR_CODE":"UK","NAME_LATN":"West Sussex (North East)","NUTS_NAME":"West Sussex (North East)","MOUNT_TYPE":4,"URBN_TYPE":1,"COAST_TYPE":2,"NAME_ENGL":"United Kingdom","NAME_FREN":"Royaume-Uni","ISO3_CODE":"GBR","SVRG_UN":"UN Member State","CAPT":"London","EU_STAT":"F","EFTA_STAT":"F","CC_STAT":"F","NAME_GERM":"Vereinigtes Königreich"},"id":"UKJ28"},{"arcs":[[4122,4123,4124,4125]],"type":"Polygon","properties":{"NUTS_ID":"UKJ31","LEVL_CODE":3,"CNTR_CODE":"UK","NAME_LATN":"Portsmouth","NUTS_NAME":"Portsmouth","MOUNT_TYPE":4,"URBN_TYPE":1,"COAST_TYPE":1,"NAME_ENGL":"United Kingdom","NAME_FREN":"Royaume-Uni","ISO3_CODE":"GBR","SVRG_UN":"UN Member State","CAPT":"London","EU_STAT":"F","EFTA_STAT":"F","CC_STAT":"F","NAME_GERM":"Vereinigtes Königreich"},"id":"UKJ31"},{"arcs":[[4126,4127,4128]],"type":"Polygon","properties":{"NUTS_ID":"UKJ32","LEVL_CODE":3,"CNTR_CODE":"UK","NAME_LATN":"Southampton","NUTS_NAME":"Southampton","MOUNT_TYPE":4,"URBN_TYPE":1,"COAST_TYPE":1,"NAME_ENGL":"United Kingdom","NAME_FREN":"Royaume-Uni","ISO3_CODE":"GBR","SVRG_UN":"UN Member State","CAPT":"London","EU_STAT":"F","EFTA_STAT":"F","CC_STAT":"F","NAME_GERM":"Vereinigtes Königreich"},"id":"UKJ32"},{"arcs":[[4129]],"type":"Polygon","properties":{"NUTS_ID":"UKJ34","LEVL_CODE":3,"CNTR_CODE":"UK","NAME_LATN":"Isle of Wight","NUTS_NAME":"Isle of Wight","MOUNT_TYPE":4,"URBN_TYPE":2,"COAST_TYPE":1,"NAME_ENGL":"United Kingdom","NAME_FREN":"Royaume-Uni","ISO3_CODE":"GBR","SVRG_UN":"UN Member State","CAPT":"London","EU_STAT":"F","EFTA_STAT":"F","CC_STAT":"F","NAME_GERM":"Vereinigtes Königreich"},"id":"UKJ34"},{"arcs":[[[4130,-4129,4131,-4125]],[[4132,-4123,4133,-4120]]],"type":"MultiPolygon","properties":{"NUTS_ID":"UKJ35","LEVL_CODE":3,"CNTR_CODE":"UK","NAME_LATN":"South Hampshire","NUTS_NAME":"South Hampshire","MOUNT_TYPE":4,"URBN_TYPE":1,"COAST_TYPE":1,"NAME_ENGL":"United Kingdom","NAME_FREN":"Royaume-Uni","ISO3_CODE":"GBR","SVRG_UN":"UN Member State","CAPT":"London","EU_STAT":"F","EFTA_STAT":"F","CC_STAT":"F","NAME_GERM":"Vereinigtes Königreich"},"id":"UKJ35"},{"arcs":[[-4116,-4121,-4134,-4126,-4132,-4128,4134,4135,4136,-3790,4137]],"type":"Polygon","properties":{"NUTS_ID":"UKJ36","LEVL_CODE":3,"CNTR_CODE":"UK","NAME_LATN":"Central Hampshire","NUTS_NAME":"Central Hampshire","MOUNT_TYPE":4,"URBN_TYPE":1,"COAST_TYPE":1,"NAME_ENGL":"United Kingdom","NAME_FREN":"Royaume-Uni","ISO3_CODE":"GBR","SVRG_UN":"UN Member State","CAPT":"London","EU_STAT":"F","EFTA_STAT":"F","CC_STAT":"F","NAME_GERM":"Vereinigtes Königreich"},"id":"UKJ36"},{"arcs":[[-4117,-4138,-3789]],"type":"Polygon","properties":{"NUTS_ID":"UKJ37","LEVL_CODE":3,"CNTR_CODE":"UK","NAME_LATN":"North Hampshire","NUTS_NAME":"North Hampshire","MOUNT_TYPE":4,"URBN_TYPE":1,"COAST_TYPE":2,"NAME_ENGL":"United Kingdom","NAME_FREN":"Royaume-Uni","ISO3_CODE":"GBR","SVRG_UN":"UN Member State","CAPT":"London","EU_STAT":"F","EFTA_STAT":"F","CC_STAT":"F","NAME_GERM":"Vereinigtes Königreich"},"id":"UKJ37"},{"arcs":[[4138,4139,-3151,4140,4141]],"type":"Polygon","properties":{"NUTS_ID":"UKJ41","LEVL_CODE":3,"CNTR_CODE":"UK","NAME_LATN":"Medway","NUTS_NAME":"Medway","MOUNT_TYPE":4,"URBN_TYPE":1,"COAST_TYPE":1,"NAME_ENGL":"United Kingdom","NAME_FREN":"Royaume-Uni","ISO3_CODE":"GBR","SVRG_UN":"UN Member State","CAPT":"London","EU_STAT":"F","EFTA_STAT":"F","CC_STAT":"F","NAME_GERM":"Vereinigtes Königreich"},"id":"UKJ41"},{"arcs":[[[-4139,4142,4143,4144]],[[-4141,-3157,-3744,4145]]],"type":"MultiPolygon","properties":{"NUTS_ID":"UKJ43","LEVL_CODE":3,"CNTR_CODE":"UK","NAME_LATN":"Kent Thames Gateway","NUTS_NAME":"Kent Thames Gateway","MOUNT_TYPE":4,"URBN_TYPE":1,"COAST_TYPE":1,"NAME_ENGL":"United Kingdom","NAME_FREN":"Royaume-Uni","ISO3_CODE":"GBR","SVRG_UN":"UN Member State","CAPT":"London","EU_STAT":"F","EFTA_STAT":"F","CC_STAT":"F","NAME_GERM":"Vereinigtes Königreich"},"id":"UKJ43"},{"arcs":[[-3813,4146,-4144,4147]],"type":"Polygon","properties":{"NUTS_ID":"UKJ44","LEVL_CODE":3,"CNTR_CODE":"UK","NAME_LATN":"East Kent","NUTS_NAME":"East Kent","MOUNT_TYPE":4,"URBN_TYPE":1,"COAST_TYPE":1,"NAME_ENGL":"United Kingdom","NAME_FREN":"Royaume-Uni","ISO3_CODE":"GBR","SVRG_UN":"UN Member State","CAPT":"London","EU_STAT":"F","EFTA_STAT":"F","CC_STAT":"F","NAME_GERM":"Vereinigtes Königreich"},"id":"UKJ44"},{"arcs":[[-4145,-4147,-3812,-3152,-4140]],"type":"Polygon","properties":{"NUTS_ID":"UKJ45","LEVL_CODE":3,"CNTR_CODE":"UK","NAME_LATN":"Mid Kent","NUTS_NAME":"Mid Kent","MOUNT_TYPE":4,"URBN_TYPE":2,"COAST_TYPE":2,"NAME_ENGL":"United Kingdom","NAME_FREN":"Royaume-Uni","ISO3_CODE":"GBR","SVRG_UN":"UN Member State","CAPT":"London","EU_STAT":"F","EFTA_STAT":"F","CC_STAT":"F","NAME_GERM":"Vereinigtes Königreich"},"id":"UKJ45"},{"arcs":[[4148,4149,4150,-3841,4151]],"type":"Polygon","properties":{"NUTS_ID":"UKL23","LEVL_CODE":3,"CNTR_CODE":"UK","NAME_LATN":"Flintshire and Wrexham","NUTS_NAME":"Flintshire and Wrexham","MOUNT_TYPE":4,"URBN_TYPE":1,"COAST_TYPE":1,"NAME_ENGL":"United Kingdom","NAME_FREN":"Royaume-Uni","ISO3_CODE":"GBR","SVRG_UN":"UN Member State","CAPT":"London","EU_STAT":"F","EFTA_STAT":"F","CC_STAT":"F","NAME_GERM":"Vereinigtes Königreich"},"id":"UKL23"},{"arcs":[[4152,4153,-3861,-3851,-3849,-3856,-3845,-3835,-3839,-4151]],"type":"Polygon","properties":{"NUTS_ID":"UKL24","LEVL_CODE":3,"CNTR_CODE":"UK","NAME_LATN":"Powys","NUTS_NAME":"Powys","MOUNT_TYPE":2,"URBN_TYPE":3,"COAST_TYPE":2,"NAME_ENGL":"United Kingdom","NAME_FREN":"Royaume-Uni","ISO3_CODE":"GBR","SVRG_UN":"UN Member State","CAPT":"London","EU_STAT":"F","EFTA_STAT":"F","CC_STAT":"F","NAME_GERM":"Vereinigtes Königreich"},"id":"UKL24"},{"arcs":[[4154,4155,4156,-3159,4157,4158]],"type":"Polygon","properties":{"NUTS_ID":"UKK12","LEVL_CODE":3,"CNTR_CODE":"UK","NAME_LATN":"Bath and North East Somerset, North Somerset and South Gloucestershire","NUTS_NAME":"Bath and North East Somerset, North Somerset and South Gloucestershire","MOUNT_TYPE":4,"URBN_TYPE":1,"COAST_TYPE":1,"NAME_ENGL":"United Kingdom","NAME_FREN":"Royaume-Uni","ISO3_CODE":"GBR","SVRG_UN":"UN Member State","CAPT":"London","EU_STAT":"F","EFTA_STAT":"F","CC_STAT":"F","NAME_GERM":"Vereinigtes Königreich"},"id":"UKK12"},{"arcs":[[-3805,4159,4160,-4159,4161,-3858,4162,4163,4164]],"type":"Polygon","properties":{"NUTS_ID":"UKK13","LEVL_CODE":3,"CNTR_CODE":"UK","NAME_LATN":"Gloucestershire","NUTS_NAME":"Gloucestershire","MOUNT_TYPE":4,"URBN_TYPE":2,"COAST_TYPE":1,"NAME_ENGL":"United Kingdom","NAME_FREN":"Royaume-Uni","ISO3_CODE":"GBR","SVRG_UN":"UN Member State","CAPT":"London","EU_STAT":"F","EFTA_STAT":"F","CC_STAT":"F","NAME_GERM":"Vereinigtes Königreich"},"id":"UKK13"},{"arcs":[[4165,-4160,-3804]],"type":"Polygon","properties":{"NUTS_ID":"UKK14","LEVL_CODE":3,"CNTR_CODE":"UK","NAME_LATN":"Swindon","NUTS_NAME":"Swindon","MOUNT_TYPE":4,"URBN_TYPE":2,"COAST_TYPE":2,"NAME_ENGL":"United Kingdom","NAME_FREN":"Royaume-Uni","ISO3_CODE":"GBR","SVRG_UN":"UN Member State","CAPT":"London","EU_STAT":"F","EFTA_STAT":"F","CC_STAT":"F","NAME_GERM":"Vereinigtes Königreich"},"id":"UKK14"},{"arcs":[[-3803,-3791,-4137,4166,4167,-4155,-4161,-4166]],"type":"Polygon","properties":{"NUTS_ID":"UKK15","LEVL_CODE":3,"CNTR_CODE":"UK","NAME_LATN":"Wiltshire CC","NUTS_NAME":"Wiltshire CC","MOUNT_TYPE":4,"URBN_TYPE":2,"COAST_TYPE":2,"NAME_ENGL":"United Kingdom","NAME_FREN":"Royaume-Uni","ISO3_CODE":"GBR","SVRG_UN":"UN Member State","CAPT":"London","EU_STAT":"F","EFTA_STAT":"F","CC_STAT":"F","NAME_GERM":"Vereinigtes Königreich"},"id":"UKK15"},{"arcs":[[4168,4169,4170]],"type":"Polygon","properties":{"NUTS_ID":"UKK24","LEVL_CODE":3,"CNTR_CODE":"UK","NAME_LATN":"Bournemouth, Christchurch and Poole","NUTS_NAME":"Bournemouth, Christchurch and Poole","MOUNT_TYPE":4,"URBN_TYPE":1,"COAST_TYPE":1,"NAME_ENGL":"United Kingdom","NAME_FREN":"Royaume-Uni","ISO3_CODE":"GBR","SVRG_UN":"UN Member State","CAPT":"London","EU_STAT":"F","EFTA_STAT":"F","CC_STAT":"F","NAME_GERM":"Vereinigtes Königreich"},"id":"UKK24"},{"arcs":[[-4171,4171,-3827,4172,-4167,4173]],"type":"Polygon","properties":{"NUTS_ID":"UKK25","LEVL_CODE":3,"CNTR_CODE":"UK","NAME_LATN":"Dorset","NUTS_NAME":"Dorset","MOUNT_TYPE":4,"URBN_TYPE":2,"COAST_TYPE":1,"NAME_ENGL":"United Kingdom","NAME_FREN":"Royaume-Uni","ISO3_CODE":"GBR","SVRG_UN":"UN Member State","CAPT":"London","EU_STAT":"F","EFTA_STAT":"F","CC_STAT":"F","NAME_GERM":"Vereinigtes Königreich"},"id":"UKK25"},{"arcs":[[-4173,-3833,4174,-4156,-4168]],"type":"Polygon","properties":{"NUTS_ID":"UKK23","LEVL_CODE":3,"CNTR_CODE":"UK","NAME_LATN":"Somerset","NUTS_NAME":"Somerset","MOUNT_TYPE":4,"URBN_TYPE":2,"COAST_TYPE":1,"NAME_ENGL":"United Kingdom","NAME_FREN":"Royaume-Uni","ISO3_CODE":"GBR","SVRG_UN":"UN Member State","CAPT":"London","EU_STAT":"F","EFTA_STAT":"F","CC_STAT":"F","NAME_GERM":"Vereinigtes Königreich"},"id":"UKK23"},{"arcs":[[[-3831,4175]],[[4176]]],"type":"MultiPolygon","properties":{"NUTS_ID":"UKK30","LEVL_CODE":3,"CNTR_CODE":"UK","NAME_LATN":"Cornwall and Isles of Scilly","NUTS_NAME":"Cornwall and Isles of Scilly","MOUNT_TYPE":4,"URBN_TYPE":2,"COAST_TYPE":1,"NAME_ENGL":"United Kingdom","NAME_FREN":"Royaume-Uni","ISO3_CODE":"GBR","SVRG_UN":"UN Member State","CAPT":"London","EU_STAT":"F","EFTA_STAT":"F","CC_STAT":"F","NAME_GERM":"Vereinigtes Königreich"},"id":"UKK30"},{"arcs":[[4177,4178,4179,4180,4181,4182]],"type":"Polygon","properties":{"NUTS_ID":"UKM84","LEVL_CODE":3,"CNTR_CODE":"UK","NAME_LATN":"North Lanarkshire","NUTS_NAME":"North Lanarkshire","MOUNT_TYPE":4,"URBN_TYPE":1,"COAST_TYPE":2,"NAME_ENGL":"United Kingdom","NAME_FREN":"Royaume-Uni","ISO3_CODE":"GBR","SVRG_UN":"UN Member State","CAPT":"London","EU_STAT":"F","EFTA_STAT":"F","CC_STAT":"F","NAME_GERM":"Vereinigtes Königreich"},"id":"UKM84"},{"arcs":[[-4077,-4089,4183,4184,4185,4186,4187,4188]],"type":"Polygon","properties":{"NUTS_ID":"UKM91","LEVL_CODE":3,"CNTR_CODE":"UK","NAME_LATN":"Scottish Borders","NUTS_NAME":"Scottish Borders","MOUNT_TYPE":4,"URBN_TYPE":3,"COAST_TYPE":1,"NAME_ENGL":"United Kingdom","NAME_FREN":"Royaume-Uni","ISO3_CODE":"GBR","SVRG_UN":"UN Member State","CAPT":"London","EU_STAT":"F","EFTA_STAT":"F","CC_STAT":"F","NAME_GERM":"Vereinigtes Königreich"},"id":"UKM91"},{"arcs":[[-4184,-4088,4189,4190,4191,4192]],"type":"Polygon","properties":{"NUTS_ID":"UKM92","LEVL_CODE":3,"CNTR_CODE":"UK","NAME_LATN":"Dumfries & Galloway","NUTS_NAME":"Dumfries & Galloway","MOUNT_TYPE":4,"URBN_TYPE":3,"COAST_TYPE":1,"NAME_ENGL":"United Kingdom","NAME_FREN":"Royaume-Uni","ISO3_CODE":"GBR","SVRG_UN":"UN Member State","CAPT":"London","EU_STAT":"F","EFTA_STAT":"F","CC_STAT":"F","NAME_GERM":"Vereinigtes Königreich"},"id":"UKM92"},{"arcs":[[4193,-4192,4194,4195,4196]],"type":"Polygon","properties":{"NUTS_ID":"UKM93","LEVL_CODE":3,"CNTR_CODE":"UK","NAME_LATN":"East Ayrshire and North Ayrshire mainland","NUTS_NAME":"East Ayrshire and North Ayrshire mainland","MOUNT_TYPE":4,"URBN_TYPE":2,"COAST_TYPE":1,"NAME_ENGL":"United Kingdom","NAME_FREN":"Royaume-Uni","ISO3_CODE":"GBR","SVRG_UN":"UN Member State","CAPT":"London","EU_STAT":"F","EFTA_STAT":"F","CC_STAT":"F","NAME_GERM":"Vereinigtes Königreich"},"id":"UKM93"},{"arcs":[[-4191,4197,-4195]],"type":"Polygon","properties":{"NUTS_ID":"UKM94","LEVL_CODE":3,"CNTR_CODE":"UK","NAME_LATN":"South Ayrshire","NUTS_NAME":"South Ayrshire","MOUNT_TYPE":4,"URBN_TYPE":2,"COAST_TYPE":1,"NAME_ENGL":"United Kingdom","NAME_FREN":"Royaume-Uni","ISO3_CODE":"GBR","SVRG_UN":"UN Member State","CAPT":"London","EU_STAT":"F","EFTA_STAT":"F","CC_STAT":"F","NAME_GERM":"Vereinigtes Königreich"},"id":"UKM94"},{"arcs":[[4198,-4185,-4193,-4194,4199,4200,-4179]],"type":"Polygon","properties":{"NUTS_ID":"UKM95","LEVL_CODE":3,"CNTR_CODE":"UK","NAME_LATN":"South Lanarkshire","NUTS_NAME":"South Lanarkshire","MOUNT_TYPE":4,"URBN_TYPE":1,"COAST_TYPE":2,"NAME_ENGL":"United Kingdom","NAME_FREN":"Royaume-Uni","ISO3_CODE":"GBR","SVRG_UN":"UN Member State","CAPT":"London","EU_STAT":"F","EFTA_STAT":"F","CC_STAT":"F","NAME_GERM":"Vereinigtes Königreich"},"id":"UKM95"},{"arcs":[[4201,4202,4203,4204]],"type":"Polygon","properties":{"NUTS_ID":"UKN06","LEVL_CODE":3,"CNTR_CODE":"UK","NAME_LATN":"Belfast","NUTS_NAME":"Belfast","MOUNT_TYPE":4,"URBN_TYPE":1,"COAST_TYPE":1,"NAME_ENGL":"United Kingdom","NAME_FREN":"Royaume-Uni","ISO3_CODE":"GBR","SVRG_UN":"UN Member State","CAPT":"London","EU_STAT":"F","EFTA_STAT":"F","CC_STAT":"F","NAME_GERM":"Vereinigtes Königreich"},"id":"UKN06"},{"arcs":[[4205,-3496,4206,4207,4208]],"type":"Polygon","properties":{"NUTS_ID":"UKN07","LEVL_CODE":3,"CNTR_CODE":"UK","NAME_LATN":"Armagh City, Banbridge and Craigavon","NUTS_NAME":"Armagh City, Banbridge and Craigavon","MOUNT_TYPE":4,"URBN_TYPE":2,"COAST_TYPE":2,"NAME_ENGL":"United Kingdom","NAME_FREN":"Royaume-Uni","ISO3_CODE":"GBR","SVRG_UN":"UN Member State","CAPT":"London","EU_STAT":"F","EFTA_STAT":"F","CC_STAT":"F","NAME_GERM":"Vereinigtes Königreich"},"id":"UKN07"},{"arcs":[[4209,-3521,-3497,-4206,4210,4211]],"type":"Polygon","properties":{"NUTS_ID":"UKN08","LEVL_CODE":3,"CNTR_CODE":"UK","NAME_LATN":"Newry, Mourne and Down","NUTS_NAME":"Newry, Mourne and Down","MOUNT_TYPE":4,"URBN_TYPE":3,"COAST_TYPE":1,"NAME_ENGL":"United Kingdom","NAME_FREN":"Royaume-Uni","ISO3_CODE":"GBR","SVRG_UN":"UN Member State","CAPT":"London","EU_STAT":"F","EFTA_STAT":"F","CC_STAT":"F","NAME_GERM":"Vereinigtes Königreich"},"id":"UKN08"},{"arcs":[[-4212,4212,-4205,4213]],"type":"Polygon","properties":{"NUTS_ID":"UKN09","LEVL_CODE":3,"CNTR_CODE":"UK","NAME_LATN":"Ards and North Down","NUTS_NAME":"Ards and North Down","MOUNT_TYPE":4,"URBN_TYPE":1,"COAST_TYPE":1,"NAME_ENGL":"United Kingdom","NAME_FREN":"Royaume-Uni","ISO3_CODE":"GBR","SVRG_UN":"UN Member State","CAPT":"London","EU_STAT":"F","EFTA_STAT":"F","CC_STAT":"F","NAME_GERM":"Vereinigtes Königreich"},"id":"UKN09"},{"arcs":[[4214,-3821,-3493,4215,4216]],"type":"Polygon","properties":{"NUTS_ID":"UKN0A","LEVL_CODE":3,"CNTR_CODE":"UK","NAME_LATN":"Derry City and Strabane","NUTS_NAME":"Derry City and Strabane","MOUNT_TYPE":4,"URBN_TYPE":2,"COAST_TYPE":1,"NAME_ENGL":"United Kingdom","NAME_FREN":"Royaume-Uni","ISO3_CODE":"GBR","SVRG_UN":"UN Member State","CAPT":"London","EU_STAT":"F","EFTA_STAT":"F","CC_STAT":"F","NAME_GERM":"Vereinigtes Königreich"},"id":"UKN0A"},{"arcs":[[-3818,4217,-4207,-3495,-3822,-4215,4218]],"type":"Polygon","properties":{"NUTS_ID":"UKN0B","LEVL_CODE":3,"CNTR_CODE":"UK","NAME_LATN":"Mid Ulster","NUTS_NAME":"Mid Ulster","MOUNT_TYPE":4,"URBN_TYPE":3,"COAST_TYPE":2,"NAME_ENGL":"United Kingdom","NAME_FREN":"Royaume-Uni","ISO3_CODE":"GBR","SVRG_UN":"UN Member State","CAPT":"London","EU_STAT":"F","EFTA_STAT":"F","CC_STAT":"F","NAME_GERM":"Vereinigtes Königreich"},"id":"UKN0B"},{"arcs":[[-3819,-4219,-4217,4219]],"type":"Polygon","properties":{"NUTS_ID":"UKN0C","LEVL_CODE":3,"CNTR_CODE":"UK","NAME_LATN":"Causeway Coast and Glens","NUTS_NAME":"Causeway Coast and Glens","MOUNT_TYPE":4,"URBN_TYPE":3,"COAST_TYPE":1,"NAME_ENGL":"United Kingdom","NAME_FREN":"Royaume-Uni","ISO3_CODE":"GBR","SVRG_UN":"UN Member State","CAPT":"London","EU_STAT":"F","EFTA_STAT":"F","CC_STAT":"F","NAME_GERM":"Vereinigtes Königreich"},"id":"UKN0C"},{"arcs":[[4220,-4203,4221,-4208,-4218,-3817]],"type":"Polygon","properties":{"NUTS_ID":"UKN0D","LEVL_CODE":3,"CNTR_CODE":"UK","NAME_LATN":"Antrim and Newtownabbey","NUTS_NAME":"Antrim and Newtownabbey","MOUNT_TYPE":4,"URBN_TYPE":2,"COAST_TYPE":1,"NAME_ENGL":"United Kingdom","NAME_FREN":"Royaume-Uni","ISO3_CODE":"GBR","SVRG_UN":"UN Member State","CAPT":"London","EU_STAT":"F","EFTA_STAT":"F","CC_STAT":"F","NAME_GERM":"Vereinigtes Königreich"},"id":"UKN0D"},{"arcs":[[-4211,-4209,-4222,-4202,-4213]],"type":"Polygon","properties":{"NUTS_ID":"UKN0E","LEVL_CODE":3,"CNTR_CODE":"UK","NAME_LATN":"Lisburn and Castlereagh","NUTS_NAME":"Lisburn and Castlereagh","MOUNT_TYPE":4,"URBN_TYPE":2,"COAST_TYPE":2,"NAME_ENGL":"United Kingdom","NAME_FREN":"Royaume-Uni","ISO3_CODE":"GBR","SVRG_UN":"UN Member State","CAPT":"London","EU_STAT":"F","EFTA_STAT":"F","CC_STAT":"F","NAME_GERM":"Vereinigtes Königreich"},"id":"UKN0E"},{"arcs":[[[4222]],[[4223]],[[4224]],[[4225]],[[4226]],[[4227]],[[4228]],[[4229]],[[4230]]],"type":"MultiPolygon","properties":{"NUTS_ID":"PT200","LEVL_CODE":3,"CNTR_CODE":"PT","NAME_LATN":"Região Autónoma dos Açores","NUTS_NAME":"Região Autónoma dos Açores","MOUNT_TYPE":2,"URBN_TYPE":2,"COAST_TYPE":1,"NAME_ENGL":"Portugal","NAME_FREN":"Portugal","ISO3_CODE":"PRT","SVRG_UN":"UN Member State","CAPT":"Lisbon","EU_STAT":"T","EFTA_STAT":"F","CC_STAT":"F","NAME_GERM":"Portugal"},"id":"PT200"},{"arcs":[[[4231]],[[4232]],[[4233]]],"type":"MultiPolygon","properties":{"NUTS_ID":"PT300","LEVL_CODE":3,"CNTR_CODE":"PT","NAME_LATN":"Região Autónoma da Madeira","NUTS_NAME":"Região Autónoma da Madeira","MOUNT_TYPE":3,"URBN_TYPE":1,"COAST_TYPE":1,"NAME_ENGL":"Portugal","NAME_FREN":"Portugal","ISO3_CODE":"PRT","SVRG_UN":"UN Member State","CAPT":"Lisbon","EU_STAT":"T","EFTA_STAT":"F","CC_STAT":"F","NAME_GERM":"Portugal"},"id":"PT300"},{"arcs":[[4234,4235,4236,-3335,-3491,-3479,-3487,4237]],"type":"Polygon","properties":{"NUTS_ID":"RO111","LEVL_CODE":3,"CNTR_CODE":"RO","NAME_LATN":"Bihor","NUTS_NAME":"Bihor","MOUNT_TYPE":4,"URBN_TYPE":3,"COAST_TYPE":3,"NAME_ENGL":"Romania","NAME_FREN":"Roumanie","ISO3_CODE":"ROU","SVRG_UN":"UN Member State","CAPT":"Bucharest","EU_STAT":"T","EFTA_STAT":"F","CC_STAT":"F","NAME_GERM":"Rumänien"},"id":"RO111"},{"arcs":[[-3276,-3259,4238,4239]],"type":"Polygon","properties":{"NUTS_ID":"RO112","LEVL_CODE":3,"CNTR_CODE":"RO","NAME_LATN":"Bistriţa-Năsăud","NUTS_NAME":"Bistriţa-Năsăud","MOUNT_TYPE":3,"URBN_TYPE":3,"COAST_TYPE":3,"NAME_ENGL":"Romania","NAME_FREN":"Roumanie","ISO3_CODE":"ROU","SVRG_UN":"UN Member State","CAPT":"Bucharest","EU_STAT":"T","EFTA_STAT":"F","CC_STAT":"F","NAME_GERM":"Rumänien"},"id":"RO112"},{"arcs":[[-3258,4240,-4236,4241,4242,-4239]],"type":"Polygon","properties":{"NUTS_ID":"RO113","LEVL_CODE":3,"CNTR_CODE":"RO","NAME_LATN":"Cluj","NUTS_NAME":"Cluj","MOUNT_TYPE":3,"URBN_TYPE":2,"COAST_TYPE":3,"NAME_ENGL":"Romania","NAME_FREN":"Roumanie","ISO3_CODE":"ROU","SVRG_UN":"UN Member State","CAPT":"Bucharest","EU_STAT":"T","EFTA_STAT":"F","CC_STAT":"F","NAME_GERM":"Rumänien"},"id":"RO113"},{"arcs":[[-3277,-4240,-4243,4243,4244,4245]],"type":"Polygon","properties":{"NUTS_ID":"RO114","LEVL_CODE":3,"CNTR_CODE":"RO","NAME_LATN":"Maramureş","NUTS_NAME":"Maramureş","MOUNT_TYPE":3,"URBN_TYPE":3,"COAST_TYPE":3,"NAME_ENGL":"Romania","NAME_FREN":"Roumanie","ISO3_CODE":"ROU","SVRG_UN":"UN Member State","CAPT":"Bucharest","EU_STAT":"T","EFTA_STAT":"F","CC_STAT":"F","NAME_GERM":"Rumänien"},"id":"RO114"},{"arcs":[[-4245,4246,-4238,-3486,4247]],"type":"Polygon","properties":{"NUTS_ID":"RO115","LEVL_CODE":3,"CNTR_CODE":"RO","NAME_LATN":"Satu Mare","NUTS_NAME":"Satu Mare","MOUNT_TYPE":4,"URBN_TYPE":3,"COAST_TYPE":3,"NAME_ENGL":"Romania","NAME_FREN":"Roumanie","ISO3_CODE":"ROU","SVRG_UN":"UN Member State","CAPT":"Bucharest","EU_STAT":"T","EFTA_STAT":"F","CC_STAT":"F","NAME_GERM":"Rumänien"},"id":"RO115"},{"arcs":[[-4242,-4235,-4247,-4244]],"type":"Polygon","properties":{"NUTS_ID":"RO116","LEVL_CODE":3,"CNTR_CODE":"RO","NAME_LATN":"Sălaj","NUTS_NAME":"Sălaj","MOUNT_TYPE":4,"URBN_TYPE":3,"COAST_TYPE":3,"NAME_ENGL":"Romania","NAME_FREN":"Roumanie","ISO3_CODE":"ROU","SVRG_UN":"UN Member State","CAPT":"Bucharest","EU_STAT":"T","EFTA_STAT":"F","CC_STAT":"F","NAME_GERM":"Rumänien"},"id":"RO116"},{"arcs":[[-3257,-3263,-3329,-3342,-3330,-4237,-4241]],"type":"Polygon","properties":{"NUTS_ID":"RO121","LEVL_CODE":3,"CNTR_CODE":"RO","NAME_LATN":"Alba","NUTS_NAME":"Alba","MOUNT_TYPE":2,"URBN_TYPE":3,"COAST_TYPE":3,"NAME_ENGL":"Romania","NAME_FREN":"Roumanie","ISO3_CODE":"ROU","SVRG_UN":"UN Member State","CAPT":"Bucharest","EU_STAT":"T","EFTA_STAT":"F","CC_STAT":"F","NAME_GERM":"Rumänien"},"id":"RO121"},{"arcs":[[[4248,4249]],[[4250,4251,4252]],[[4253]],[[4254]]],"type":"MultiPolygon","properties":{"NUTS_ID":"TR222","LEVL_CODE":3,"CNTR_CODE":"TR","NAME_LATN":"Çanakkale","NUTS_NAME":"Çanakkale","MOUNT_TYPE":2,"URBN_TYPE":2,"COAST_TYPE":1,"NAME_ENGL":"Türkiye","NAME_FREN":"Turquie","ISO3_CODE":"TUR","SVRG_UN":"UN Member State","CAPT":"Ankara","EU_STAT":"F","EFTA_STAT":"F","CC_STAT":"T","NAME_GERM":"Türkei"},"id":"TR222"},{"arcs":[[[4255,4256,4257,4258]],[[4259]]],"type":"MultiPolygon","properties":{"NUTS_ID":"TR310","LEVL_CODE":3,"CNTR_CODE":"TR","NAME_LATN":"İzmir","NUTS_NAME":"İzmir","MOUNT_TYPE":3,"URBN_TYPE":1,"COAST_TYPE":1,"NAME_ENGL":"Türkiye","NAME_FREN":"Turquie","ISO3_CODE":"TUR","SVRG_UN":"UN Member State","CAPT":"Ankara","EU_STAT":"F","EFTA_STAT":"F","CC_STAT":"T","NAME_GERM":"Türkei"},"id":"TR310"},{"arcs":[[4260,4261,4262,-4256,4263]],"type":"Polygon","properties":{"NUTS_ID":"TR321","LEVL_CODE":3,"CNTR_CODE":"TR","NAME_LATN":"Aydın","NUTS_NAME":"Aydın","MOUNT_TYPE":3,"URBN_TYPE":2,"COAST_TYPE":1,"NAME_ENGL":"Türkiye","NAME_FREN":"Turquie","ISO3_CODE":"TUR","SVRG_UN":"UN Member State","CAPT":"Ankara","EU_STAT":"F","EFTA_STAT":"F","CC_STAT":"T","NAME_GERM":"Türkei"},"id":"TR321"},{"arcs":[[-3600,4264,-4261,4265,4266,4267]],"type":"Polygon","properties":{"NUTS_ID":"TR322","LEVL_CODE":3,"CNTR_CODE":"TR","NAME_LATN":"Denizli","NUTS_NAME":"Denizli","MOUNT_TYPE":3,"URBN_TYPE":2,"COAST_TYPE":3,"NAME_ENGL":"Türkiye","NAME_FREN":"Turquie","ISO3_CODE":"TUR","SVRG_UN":"UN Member State","CAPT":"Ankara","EU_STAT":"F","EFTA_STAT":"F","CC_STAT":"T","NAME_GERM":"Türkei"},"id":"TR322"},{"arcs":[[[-4265,-3599,-3594,4268,-4262]],[[4269]],[[4270]],[[4271]]],"type":"MultiPolygon","properties":{"NUTS_ID":"TR323","LEVL_CODE":3,"CNTR_CODE":"TR","NAME_LATN":"Muğla","NUTS_NAME":"Muğla","MOUNT_TYPE":3,"URBN_TYPE":2,"COAST_TYPE":1,"NAME_ENGL":"Türkiye","NAME_FREN":"Turquie","ISO3_CODE":"TUR","SVRG_UN":"UN Member State","CAPT":"Ankara","EU_STAT":"F","EFTA_STAT":"F","CC_STAT":"T","NAME_GERM":"Türkei"},"id":"TR323"},{"arcs":[[4272,4273,-4266,-4264,-4259,4274]],"type":"Polygon","properties":{"NUTS_ID":"TR331","LEVL_CODE":3,"CNTR_CODE":"TR","NAME_LATN":"Manisa","NUTS_NAME":"Manisa","MOUNT_TYPE":3,"URBN_TYPE":2,"COAST_TYPE":3,"NAME_ENGL":"Türkiye","NAME_FREN":"Turquie","ISO3_CODE":"TUR","SVRG_UN":"UN Member State","CAPT":"Ankara","EU_STAT":"F","EFTA_STAT":"F","CC_STAT":"T","NAME_GERM":"Türkei"},"id":"TR331"},{"arcs":[[-3588,-3598,-3601,-4268,4275,4276,4277]],"type":"Polygon","properties":{"NUTS_ID":"TR332","LEVL_CODE":3,"CNTR_CODE":"TR","NAME_LATN":"Afyonkarahisar","NUTS_NAME":"Afyonkarahisar","MOUNT_TYPE":3,"URBN_TYPE":2,"COAST_TYPE":3,"NAME_ENGL":"Türkiye","NAME_FREN":"Turquie","ISO3_CODE":"TUR","SVRG_UN":"UN Member State","CAPT":"Ankara","EU_STAT":"F","EFTA_STAT":"F","CC_STAT":"T","NAME_GERM":"Türkei"},"id":"TR332"},{"arcs":[[4278,4279,-4277,4280,-4273,4281,4282]],"type":"Polygon","properties":{"NUTS_ID":"TR333","LEVL_CODE":3,"CNTR_CODE":"TR","NAME_LATN":"Kütahya","NUTS_NAME":"Kütahya","MOUNT_TYPE":3,"URBN_TYPE":2,"COAST_TYPE":3,"NAME_ENGL":"Türkiye","NAME_FREN":"Turquie","ISO3_CODE":"TUR","SVRG_UN":"UN Member State","CAPT":"Ankara","EU_STAT":"F","EFTA_STAT":"F","CC_STAT":"T","NAME_GERM":"Türkei"},"id":"TR333"},{"arcs":[[-4276,-4267,-4274,-4281]],"type":"Polygon","properties":{"NUTS_ID":"TR334","LEVL_CODE":3,"CNTR_CODE":"TR","NAME_LATN":"Uşak","NUTS_NAME":"Uşak","MOUNT_TYPE":4,"URBN_TYPE":2,"COAST_TYPE":3,"NAME_ENGL":"Türkiye","NAME_FREN":"Turquie","ISO3_CODE":"TUR","SVRG_UN":"UN Member State","CAPT":"Ankara","EU_STAT":"F","EFTA_STAT":"F","CC_STAT":"T","NAME_GERM":"Türkei"},"id":"TR334"},{"arcs":[[4283,4284,-4283,4285,4286,4287,4288]],"type":"Polygon","properties":{"NUTS_ID":"TR411","LEVL_CODE":3,"CNTR_CODE":"TR","NAME_LATN":"Bursa","NUTS_NAME":"Bursa","MOUNT_TYPE":3,"URBN_TYPE":1,"COAST_TYPE":1,"NAME_ENGL":"Türkiye","NAME_FREN":"Turquie","ISO3_CODE":"TUR","SVRG_UN":"UN Member State","CAPT":"Ankara","EU_STAT":"F","EFTA_STAT":"F","CC_STAT":"T","NAME_GERM":"Türkei"},"id":"TR411"},{"arcs":[[-3579,-3589,-4278,-4280,4289,4290]],"type":"Polygon","properties":{"NUTS_ID":"TR412","LEVL_CODE":3,"CNTR_CODE":"TR","NAME_LATN":"Eskişehir","NUTS_NAME":"Eskişehir","MOUNT_TYPE":4,"URBN_TYPE":2,"COAST_TYPE":3,"NAME_ENGL":"Türkiye","NAME_FREN":"Turquie","ISO3_CODE":"TUR","SVRG_UN":"UN Member State","CAPT":"Ankara","EU_STAT":"F","EFTA_STAT":"F","CC_STAT":"T","NAME_GERM":"Türkei"},"id":"TR412"},{"arcs":[[4291,-4290,-4279,-4285,4292]],"type":"Polygon","properties":{"NUTS_ID":"TR413","LEVL_CODE":3,"CNTR_CODE":"TR","NAME_LATN":"Bilecik","NUTS_NAME":"Bilecik","MOUNT_TYPE":3,"URBN_TYPE":2,"COAST_TYPE":3,"NAME_ENGL":"Türkiye","NAME_FREN":"Turquie","ISO3_CODE":"TUR","SVRG_UN":"UN Member State","CAPT":"Ankara","EU_STAT":"F","EFTA_STAT":"F","CC_STAT":"T","NAME_GERM":"Türkei"},"id":"TR413"},{"arcs":[[-4289,4293,4294,4295,4296,4297]],"type":"Polygon","properties":{"NUTS_ID":"TR421","LEVL_CODE":3,"CNTR_CODE":"TR","NAME_LATN":"Kocaeli","NUTS_NAME":"Kocaeli","MOUNT_TYPE":4,"URBN_TYPE":1,"COAST_TYPE":1,"NAME_ENGL":"Türkiye","NAME_FREN":"Turquie","ISO3_CODE":"TUR","SVRG_UN":"UN Member State","CAPT":"Ankara","EU_STAT":"F","EFTA_STAT":"F","CC_STAT":"T","NAME_GERM":"Türkei"},"id":"TR421"},{"arcs":[[4298,4299,-4293,-4284,-4298,4300]],"type":"Polygon","properties":{"NUTS_ID":"TR422","LEVL_CODE":3,"CNTR_CODE":"TR","NAME_LATN":"Sakarya","NUTS_NAME":"Sakarya","MOUNT_TYPE":2,"URBN_TYPE":1,"COAST_TYPE":1,"NAME_ENGL":"Türkiye","NAME_FREN":"Turquie","ISO3_CODE":"TUR","SVRG_UN":"UN Member State","CAPT":"Ankara","EU_STAT":"F","EFTA_STAT":"F","CC_STAT":"T","NAME_GERM":"Türkei"},"id":"TR422"},{"arcs":[[4301,-4299,4302,4303]],"type":"Polygon","properties":{"NUTS_ID":"TR423","LEVL_CODE":3,"CNTR_CODE":"TR","NAME_LATN":"Düzce","NUTS_NAME":"Düzce","MOUNT_TYPE":2,"URBN_TYPE":1,"COAST_TYPE":1,"NAME_ENGL":"Türkiye","NAME_FREN":"Turquie","ISO3_CODE":"TUR","SVRG_UN":"UN Member State","CAPT":"Ankara","EU_STAT":"F","EFTA_STAT":"F","CC_STAT":"T","NAME_GERM":"Türkei"},"id":"TR423"},{"arcs":[[4304,-3580,-4291,-4292,-4300,-4302,4305,4306]],"type":"Polygon","properties":{"NUTS_ID":"TR424","LEVL_CODE":3,"CNTR_CODE":"TR","NAME_LATN":"Bolu","NUTS_NAME":"Bolu","MOUNT_TYPE":3,"URBN_TYPE":2,"COAST_TYPE":3,"NAME_ENGL":"Türkiye","NAME_FREN":"Turquie","ISO3_CODE":"TUR","SVRG_UN":"UN Member State","CAPT":"Ankara","EU_STAT":"F","EFTA_STAT":"F","CC_STAT":"T","NAME_GERM":"Türkei"},"id":"TR424"},{"arcs":[[-4288,4307,-4294]],"type":"Polygon","properties":{"NUTS_ID":"TR425","LEVL_CODE":3,"CNTR_CODE":"TR","NAME_LATN":"Yalova","NUTS_NAME":"Yalova","MOUNT_TYPE":2,"URBN_TYPE":1,"COAST_TYPE":1,"NAME_ENGL":"Türkiye","NAME_FREN":"Turquie","ISO3_CODE":"TUR","SVRG_UN":"UN Member State","CAPT":"Ankara","EU_STAT":"F","EFTA_STAT":"F","CC_STAT":"T","NAME_GERM":"Türkei"},"id":"TR425"},{"arcs":[[4308,4309,4310,4311,4312]],"type":"Polygon","properties":{"NUTS_ID":"TRC31","LEVL_CODE":3,"CNTR_CODE":"TR","NAME_LATN":"Mardin","NUTS_NAME":"Mardin","MOUNT_TYPE":4,"URBN_TYPE":2,"COAST_TYPE":3,"NAME_ENGL":"Türkiye","NAME_FREN":"Turquie","ISO3_CODE":"TUR","SVRG_UN":"UN Member State","CAPT":"Ankara","EU_STAT":"F","EFTA_STAT":"F","CC_STAT":"T","NAME_GERM":"Türkei"},"id":"TRC31"},{"arcs":[[4313,-4313,4314,4315,4316]],"type":"Polygon","properties":{"NUTS_ID":"TRC32","LEVL_CODE":3,"CNTR_CODE":"TR","NAME_LATN":"Batman","NUTS_NAME":"Batman","MOUNT_TYPE":2,"URBN_TYPE":2,"COAST_TYPE":3,"NAME_ENGL":"Türkiye","NAME_FREN":"Turquie","ISO3_CODE":"TUR","SVRG_UN":"UN Member State","CAPT":"Ankara","EU_STAT":"F","EFTA_STAT":"F","CC_STAT":"T","NAME_GERM":"Türkei"},"id":"TRC32"},{"arcs":[[4317,4318,-4309,4319,4320]],"type":"Polygon","properties":{"NUTS_ID":"TRC33","LEVL_CODE":3,"CNTR_CODE":"TR","NAME_LATN":"Şırnak","NUTS_NAME":"Şırnak","MOUNT_TYPE":3,"URBN_TYPE":2,"COAST_TYPE":3,"NAME_ENGL":"Türkiye","NAME_FREN":"Turquie","ISO3_CODE":"TUR","SVRG_UN":"UN Member State","CAPT":"Ankara","EU_STAT":"F","EFTA_STAT":"F","CC_STAT":"T","NAME_GERM":"Türkei"},"id":"TRC33"},{"arcs":[[4321,-4320,-4314,4322]],"type":"Polygon","properties":{"NUTS_ID":"TRC34","LEVL_CODE":3,"CNTR_CODE":"TR","NAME_LATN":"Siirt","NUTS_NAME":"Siirt","MOUNT_TYPE":3,"URBN_TYPE":2,"COAST_TYPE":3,"NAME_ENGL":"Türkiye","NAME_FREN":"Turquie","ISO3_CODE":"TUR","SVRG_UN":"UN Member State","CAPT":"Ankara","EU_STAT":"F","EFTA_STAT":"F","CC_STAT":"T","NAME_GERM":"Türkei"},"id":"TRC34"},{"arcs":[[-4063,4323,-4065,-4070,4324]],"type":"Polygon","properties":{"NUTS_ID":"UKC11","LEVL_CODE":3,"CNTR_CODE":"UK","NAME_LATN":"Hartlepool and Stockton-on-Tees","NUTS_NAME":"Hartlepool and Stockton-on-Tees","MOUNT_TYPE":4,"URBN_TYPE":1,"COAST_TYPE":1,"NAME_ENGL":"United Kingdom","NAME_FREN":"Royaume-Uni","ISO3_CODE":"GBR","SVRG_UN":"UN Member State","CAPT":"London","EU_STAT":"F","EFTA_STAT":"F","CC_STAT":"F","NAME_GERM":"Vereinigtes Königreich"},"id":"UKC11"},{"arcs":[[4325,4326,4327]],"type":"Polygon","properties":{"NUTS_ID":"UKD42","LEVL_CODE":3,"CNTR_CODE":"UK","NAME_LATN":"Blackpool","NUTS_NAME":"Blackpool","MOUNT_TYPE":4,"URBN_TYPE":1,"COAST_TYPE":1,"NAME_ENGL":"United Kingdom","NAME_FREN":"Royaume-Uni","ISO3_CODE":"GBR","SVRG_UN":"UN Member State","CAPT":"London","EU_STAT":"F","EFTA_STAT":"F","CC_STAT":"F","NAME_GERM":"Vereinigtes Königreich"},"id":"UKD42"},{"arcs":[[4328,-4328,4329,-4085,4330]],"type":"Polygon","properties":{"NUTS_ID":"UKD44","LEVL_CODE":3,"CNTR_CODE":"UK","NAME_LATN":"Lancaster and Wyre","NUTS_NAME":"Lancaster and Wyre","MOUNT_TYPE":4,"URBN_TYPE":1,"COAST_TYPE":1,"NAME_ENGL":"United Kingdom","NAME_FREN":"Royaume-Uni","ISO3_CODE":"GBR","SVRG_UN":"UN Member State","CAPT":"London","EU_STAT":"F","EFTA_STAT":"F","CC_STAT":"F","NAME_GERM":"Vereinigtes Königreich"},"id":"UKD44"},{"arcs":[[4331,-4111,4332,4333,-4326,-4329,4334]],"type":"Polygon","properties":{"NUTS_ID":"UKD45","LEVL_CODE":3,"CNTR_CODE":"UK","NAME_LATN":"Mid Lancashire","NUTS_NAME":"Mid Lancashire","MOUNT_TYPE":4,"URBN_TYPE":1,"COAST_TYPE":1,"NAME_ENGL":"United Kingdom","NAME_FREN":"Royaume-Uni","ISO3_CODE":"GBR","SVRG_UN":"UN Member State","CAPT":"London","EU_STAT":"F","EFTA_STAT":"F","CC_STAT":"F","NAME_GERM":"Vereinigtes Königreich"},"id":"UKD45"},{"arcs":[[4335,4336,-4108,-4112,-4332,4337]],"type":"Polygon","properties":{"NUTS_ID":"UKD46","LEVL_CODE":3,"CNTR_CODE":"UK","NAME_LATN":"East Lancashire","NUTS_NAME":"East Lancashire","MOUNT_TYPE":4,"URBN_TYPE":1,"COAST_TYPE":2,"NAME_ENGL":"United Kingdom","NAME_FREN":"Royaume-Uni","ISO3_CODE":"GBR","SVRG_UN":"UN Member State","CAPT":"London","EU_STAT":"F","EFTA_STAT":"F","CC_STAT":"F","NAME_GERM":"Vereinigtes Königreich"},"id":"UKD46"},{"arcs":[[-4101,4338,4339,4340,-4333,-4110]],"type":"Polygon","properties":{"NUTS_ID":"UKD47","LEVL_CODE":3,"CNTR_CODE":"UK","NAME_LATN":"Chorley and West Lancashire","NUTS_NAME":"Chorley and West Lancashire","MOUNT_TYPE":4,"URBN_TYPE":1,"COAST_TYPE":1,"NAME_ENGL":"United Kingdom","NAME_FREN":"Royaume-Uni","ISO3_CODE":"GBR","SVRG_UN":"UN Member State","CAPT":"London","EU_STAT":"F","EFTA_STAT":"F","CC_STAT":"F","NAME_GERM":"Vereinigtes Königreich"},"id":"UKD47"},{"arcs":[[4341,4342,4343,-4104,-4095]],"type":"Polygon","properties":{"NUTS_ID":"UKD61","LEVL_CODE":3,"CNTR_CODE":"UK","NAME_LATN":"Warrington","NUTS_NAME":"Warrington","MOUNT_TYPE":4,"URBN_TYPE":1,"COAST_TYPE":1,"NAME_ENGL":"United Kingdom","NAME_FREN":"Royaume-Uni","ISO3_CODE":"GBR","SVRG_UN":"UN Member State","CAPT":"London","EU_STAT":"F","EFTA_STAT":"F","CC_STAT":"F","NAME_GERM":"Vereinigtes Königreich"},"id":"UKD61"},{"arcs":[[-4091,-4098,4344,4345,4346,4347,-4342,-4094]],"type":"Polygon","properties":{"NUTS_ID":"UKD62","LEVL_CODE":3,"CNTR_CODE":"UK","NAME_LATN":"Cheshire East","NUTS_NAME":"Cheshire East","MOUNT_TYPE":4,"URBN_TYPE":1,"COAST_TYPE":2,"NAME_ENGL":"United Kingdom","NAME_FREN":"Royaume-Uni","ISO3_CODE":"GBR","SVRG_UN":"UN Member State","CAPT":"London","EU_STAT":"F","EFTA_STAT":"F","CC_STAT":"F","NAME_GERM":"Vereinigtes Königreich"},"id":"UKD62"},{"arcs":[[4348,-4149,4349,4350,4351,4352,-4343,-4348]],"type":"Polygon","properties":{"NUTS_ID":"UKD63","LEVL_CODE":3,"CNTR_CODE":"UK","NAME_LATN":"Cheshire West and Chester","NUTS_NAME":"Cheshire West and Chester","MOUNT_TYPE":4,"URBN_TYPE":1,"COAST_TYPE":1,"NAME_ENGL":"United Kingdom","NAME_FREN":"Royaume-Uni","ISO3_CODE":"GBR","SVRG_UN":"UN Member State","CAPT":"London","EU_STAT":"F","EFTA_STAT":"F","CC_STAT":"F","NAME_GERM":"Vereinigtes Königreich"},"id":"UKD63"},{"arcs":[[-4344,-4353,4353,4354,4355,-4339,-4105]],"type":"Polygon","properties":{"NUTS_ID":"UKD71","LEVL_CODE":3,"CNTR_CODE":"UK","NAME_LATN":"East Merseyside","NUTS_NAME":"East Merseyside","MOUNT_TYPE":4,"URBN_TYPE":1,"COAST_TYPE":1,"NAME_ENGL":"United Kingdom","NAME_FREN":"Royaume-Uni","ISO3_CODE":"GBR","SVRG_UN":"UN Member State","CAPT":"London","EU_STAT":"F","EFTA_STAT":"F","CC_STAT":"F","NAME_GERM":"Vereinigtes Königreich"},"id":"UKD71"},{"arcs":[[4356,4357,-4355]],"type":"Polygon","properties":{"NUTS_ID":"UKD72","LEVL_CODE":3,"CNTR_CODE":"UK","NAME_LATN":"Liverpool","NUTS_NAME":"Liverpool","MOUNT_TYPE":4,"URBN_TYPE":1,"COAST_TYPE":1,"NAME_ENGL":"United Kingdom","NAME_FREN":"Royaume-Uni","ISO3_CODE":"GBR","SVRG_UN":"UN Member State","CAPT":"London","EU_STAT":"F","EFTA_STAT":"F","CC_STAT":"F","NAME_GERM":"Vereinigtes Königreich"},"id":"UKD72"},{"arcs":[[-4356,-4358,4358,-4340]],"type":"Polygon","properties":{"NUTS_ID":"UKD73","LEVL_CODE":3,"CNTR_CODE":"UK","NAME_LATN":"Sefton","NUTS_NAME":"Sefton","MOUNT_TYPE":4,"URBN_TYPE":1,"COAST_TYPE":1,"NAME_ENGL":"United Kingdom","NAME_FREN":"Royaume-Uni","ISO3_CODE":"GBR","SVRG_UN":"UN Member State","CAPT":"London","EU_STAT":"F","EFTA_STAT":"F","CC_STAT":"F","NAME_GERM":"Vereinigtes Königreich"},"id":"UKD73"},{"arcs":[[-4351,4359]],"type":"Polygon","properties":{"NUTS_ID":"UKD74","LEVL_CODE":3,"CNTR_CODE":"UK","NAME_LATN":"Wirral","NUTS_NAME":"Wirral","MOUNT_TYPE":4,"URBN_TYPE":1,"COAST_TYPE":1,"NAME_ENGL":"United Kingdom","NAME_FREN":"Royaume-Uni","ISO3_CODE":"GBR","SVRG_UN":"UN Member State","CAPT":"London","EU_STAT":"F","EFTA_STAT":"F","CC_STAT":"F","NAME_GERM":"Vereinigtes Königreich"},"id":"UKD74"},{"arcs":[[4360,4361]],"type":"Polygon","properties":{"NUTS_ID":"UKE11","LEVL_CODE":3,"CNTR_CODE":"UK","NAME_LATN":"Kingston upon Hull, City of","NUTS_NAME":"Kingston upon Hull, City of","MOUNT_TYPE":4,"URBN_TYPE":1,"COAST_TYPE":1,"NAME_ENGL":"United Kingdom","NAME_FREN":"Royaume-Uni","ISO3_CODE":"GBR","SVRG_UN":"UN Member State","CAPT":"London","EU_STAT":"F","EFTA_STAT":"F","CC_STAT":"F","NAME_GERM":"Vereinigtes Königreich"},"id":"UKE11"},{"arcs":[[-4362,4362,4363,4364,4365,4366,4367,4368]],"type":"Polygon","properties":{"NUTS_ID":"UKE12","LEVL_CODE":3,"CNTR_CODE":"UK","NAME_LATN":"East Riding of Yorkshire","NUTS_NAME":"East Riding of Yorkshire","MOUNT_TYPE":4,"URBN_TYPE":1,"COAST_TYPE":1,"NAME_ENGL":"United Kingdom","NAME_FREN":"Royaume-Uni","ISO3_CODE":"GBR","SVRG_UN":"UN Member State","CAPT":"London","EU_STAT":"F","EFTA_STAT":"F","CC_STAT":"F","NAME_GERM":"Vereinigtes Königreich"},"id":"UKE12"},{"arcs":[[4369,4370,4371,-4364,4372]],"type":"Polygon","properties":{"NUTS_ID":"UKE13","LEVL_CODE":3,"CNTR_CODE":"UK","NAME_LATN":"North and North East Lincolnshire","NUTS_NAME":"North and North East Lincolnshire","MOUNT_TYPE":4,"URBN_TYPE":2,"COAST_TYPE":1,"NAME_ENGL":"United Kingdom","NAME_FREN":"Royaume-Uni","ISO3_CODE":"GBR","SVRG_UN":"UN Member State","CAPT":"London","EU_STAT":"F","EFTA_STAT":"F","CC_STAT":"F","NAME_GERM":"Vereinigtes Königreich"},"id":"UKE13"},{"arcs":[[-4367,4373]],"type":"Polygon","properties":{"NUTS_ID":"UKE21","LEVL_CODE":3,"CNTR_CODE":"UK","NAME_LATN":"York","NUTS_NAME":"York","MOUNT_TYPE":4,"URBN_TYPE":2,"COAST_TYPE":2,"NAME_ENGL":"United Kingdom","NAME_FREN":"Royaume-Uni","ISO3_CODE":"GBR","SVRG_UN":"UN Member State","CAPT":"London","EU_STAT":"F","EFTA_STAT":"F","CC_STAT":"F","NAME_GERM":"Vereinigtes Königreich"},"id":"UKE21"},{"arcs":[[-4368,-4374,-4366,4374,4375,4376,4377,-4338,-4335,-4331,-4084,-4071,-4066,-4324,-4062,4378]],"type":"Polygon","properties":{"NUTS_ID":"UKE22","LEVL_CODE":3,"CNTR_CODE":"UK","NAME_LATN":"North Yorkshire CC","NUTS_NAME":"North Yorkshire CC","MOUNT_TYPE":4,"URBN_TYPE":2,"COAST_TYPE":1,"NAME_ENGL":"United Kingdom","NAME_FREN":"Royaume-Uni","ISO3_CODE":"GBR","SVRG_UN":"UN Member State","CAPT":"London","EU_STAT":"F","EFTA_STAT":"F","CC_STAT":"F","NAME_GERM":"Vereinigtes Königreich"},"id":"UKE22"},{"arcs":[[-4372,4379,4380,4381,4382,4383,4384,-4375,-4365]],"type":"Polygon","properties":{"NUTS_ID":"UKE31","LEVL_CODE":3,"CNTR_CODE":"UK","NAME_LATN":"Barnsley, Doncaster and Rotherham","NUTS_NAME":"Barnsley, Doncaster and Rotherham","MOUNT_TYPE":4,"URBN_TYPE":1,"COAST_TYPE":2,"NAME_ENGL":"United Kingdom","NAME_FREN":"Royaume-Uni","ISO3_CODE":"GBR","SVRG_UN":"UN Member State","CAPT":"London","EU_STAT":"F","EFTA_STAT":"F","CC_STAT":"F","NAME_GERM":"Vereinigtes Königreich"},"id":"UKE31"},{"arcs":[[4385,4386,-4382]],"type":"Polygon","properties":{"NUTS_ID":"UKE32","LEVL_CODE":3,"CNTR_CODE":"UK","NAME_LATN":"Sheffield","NUTS_NAME":"Sheffield","MOUNT_TYPE":4,"URBN_TYPE":1,"COAST_TYPE":2,"NAME_ENGL":"United Kingdom","NAME_FREN":"Royaume-Uni","ISO3_CODE":"GBR","SVRG_UN":"UN Member State","CAPT":"London","EU_STAT":"F","EFTA_STAT":"F","CC_STAT":"F","NAME_GERM":"Vereinigtes Königreich"},"id":"UKE32"},{"arcs":[[4387,4388,-4336,-4378]],"type":"Polygon","properties":{"NUTS_ID":"UKE41","LEVL_CODE":3,"CNTR_CODE":"UK","NAME_LATN":"Bradford","NUTS_NAME":"Bradford","MOUNT_TYPE":4,"URBN_TYPE":1,"COAST_TYPE":3,"NAME_ENGL":"United Kingdom","NAME_FREN":"Royaume-Uni","ISO3_CODE":"GBR","SVRG_UN":"UN Member State","CAPT":"London","EU_STAT":"F","EFTA_STAT":"F","CC_STAT":"F","NAME_GERM":"Vereinigtes Königreich"},"id":"UKE41"},{"arcs":[[4389,4390,-4388,-4377]],"type":"Polygon","properties":{"NUTS_ID":"UKE42","LEVL_CODE":3,"CNTR_CODE":"UK","NAME_LATN":"Leeds","NUTS_NAME":"Leeds","MOUNT_TYPE":4,"URBN_TYPE":1,"COAST_TYPE":2,"NAME_ENGL":"United Kingdom","NAME_FREN":"Royaume-Uni","ISO3_CODE":"GBR","SVRG_UN":"UN Member State","CAPT":"London","EU_STAT":"F","EFTA_STAT":"F","CC_STAT":"F","NAME_GERM":"Vereinigtes Königreich"},"id":"UKE42"},{"arcs":[[-4391,4391,-4384,4392,-4109,-4337,-4389]],"type":"Polygon","properties":{"NUTS_ID":"UKE44","LEVL_CODE":3,"CNTR_CODE":"UK","NAME_LATN":"Calderdale and Kirklees","NUTS_NAME":"Calderdale and Kirklees","MOUNT_TYPE":4,"URBN_TYPE":1,"COAST_TYPE":3,"NAME_ENGL":"United Kingdom","NAME_FREN":"Royaume-Uni","ISO3_CODE":"GBR","SVRG_UN":"UN Member State","CAPT":"London","EU_STAT":"F","EFTA_STAT":"F","CC_STAT":"F","NAME_GERM":"Vereinigtes Königreich"},"id":"UKE44"},{"arcs":[[-4385,-4392,-4390,-4376]],"type":"Polygon","properties":{"NUTS_ID":"UKE45","LEVL_CODE":3,"CNTR_CODE":"UK","NAME_LATN":"Wakefield","NUTS_NAME":"Wakefield","MOUNT_TYPE":4,"URBN_TYPE":1,"COAST_TYPE":2,"NAME_ENGL":"United Kingdom","NAME_FREN":"Royaume-Uni","ISO3_CODE":"GBR","SVRG_UN":"UN Member State","CAPT":"London","EU_STAT":"F","EFTA_STAT":"F","CC_STAT":"F","NAME_GERM":"Vereinigtes Königreich"},"id":"UKE45"},{"arcs":[[4393]],"type":"Polygon","properties":{"NUTS_ID":"UKF11","LEVL_CODE":3,"CNTR_CODE":"UK","NAME_LATN":"Derby","NUTS_NAME":"Derby","MOUNT_TYPE":4,"URBN_TYPE":1,"COAST_TYPE":3,"NAME_ENGL":"United Kingdom","NAME_FREN":"Royaume-Uni","ISO3_CODE":"GBR","SVRG_UN":"UN Member State","CAPT":"London","EU_STAT":"F","EFTA_STAT":"F","CC_STAT":"F","NAME_GERM":"Vereinigtes Königreich"},"id":"UKF11"},{"arcs":[[4394,4395,-4386,-4381]],"type":"Polygon","properties":{"NUTS_ID":"UKF12","LEVL_CODE":3,"CNTR_CODE":"UK","NAME_LATN":"East Derbyshire","NUTS_NAME":"East Derbyshire","MOUNT_TYPE":4,"URBN_TYPE":1,"COAST_TYPE":3,"NAME_ENGL":"United Kingdom","NAME_FREN":"Royaume-Uni","ISO3_CODE":"GBR","SVRG_UN":"UN Member State","CAPT":"London","EU_STAT":"F","EFTA_STAT":"F","CC_STAT":"F","NAME_GERM":"Vereinigtes Königreich"},"id":"UKF12"},{"arcs":[[-4383,-4387,-4396,4396,4397,4398,4399,-4345,-4100,-4106,-4393],[-4394]],"type":"Polygon","properties":{"NUTS_ID":"UKF13","LEVL_CODE":3,"CNTR_CODE":"UK","NAME_LATN":"South and West Derbyshire","NUTS_NAME":"South and West Derbyshire","MOUNT_TYPE":4,"URBN_TYPE":1,"COAST_TYPE":3,"NAME_ENGL":"United Kingdom","NAME_FREN":"Royaume-Uni","ISO3_CODE":"GBR","SVRG_UN":"UN Member State","CAPT":"London","EU_STAT":"F","EFTA_STAT":"F","CC_STAT":"F","NAME_GERM":"Vereinigtes Königreich"},"id":"UKF13"},{"arcs":[[4400,4401]],"type":"Polygon","properties":{"NUTS_ID":"UKF14","LEVL_CODE":3,"CNTR_CODE":"UK","NAME_LATN":"Nottingham","NUTS_NAME":"Nottingham","MOUNT_TYPE":4,"URBN_TYPE":1,"COAST_TYPE":3,"NAME_ENGL":"United Kingdom","NAME_FREN":"Royaume-Uni","ISO3_CODE":"GBR","SVRG_UN":"UN Member State","CAPT":"London","EU_STAT":"F","EFTA_STAT":"F","CC_STAT":"F","NAME_GERM":"Vereinigtes Königreich"},"id":"UKF14"},{"arcs":[[4402,4403,4404,-4401,4405,-4397,-4395,-4380,-4371]],"type":"Polygon","properties":{"NUTS_ID":"UKF15","LEVL_CODE":3,"CNTR_CODE":"UK","NAME_LATN":"North Nottinghamshire","NUTS_NAME":"North Nottinghamshire","MOUNT_TYPE":4,"URBN_TYPE":1,"COAST_TYPE":2,"NAME_ENGL":"United Kingdom","NAME_FREN":"Royaume-Uni","ISO3_CODE":"GBR","SVRG_UN":"UN Member State","CAPT":"London","EU_STAT":"F","EFTA_STAT":"F","CC_STAT":"F","NAME_GERM":"Vereinigtes Königreich"},"id":"UKF15"},{"arcs":[[4406,-4398,-4406,-4402,-4405]],"type":"Polygon","properties":{"NUTS_ID":"UKF16","LEVL_CODE":3,"CNTR_CODE":"UK","NAME_LATN":"South Nottinghamshire","NUTS_NAME":"South Nottinghamshire","MOUNT_TYPE":4,"URBN_TYPE":1,"COAST_TYPE":3,"NAME_ENGL":"United Kingdom","NAME_FREN":"Royaume-Uni","ISO3_CODE":"GBR","SVRG_UN":"UN Member State","CAPT":"London","EU_STAT":"F","EFTA_STAT":"F","CC_STAT":"F","NAME_GERM":"Vereinigtes Königreich"},"id":"UKF16"},{"arcs":[[4407]],"type":"Polygon","properties":{"NUTS_ID":"UKF21","LEVL_CODE":3,"CNTR_CODE":"UK","NAME_LATN":"Leicester","NUTS_NAME":"Leicester","MOUNT_TYPE":4,"URBN_TYPE":1,"COAST_TYPE":3,"NAME_ENGL":"United Kingdom","NAME_FREN":"Royaume-Uni","ISO3_CODE":"GBR","SVRG_UN":"UN Member State","CAPT":"London","EU_STAT":"F","EFTA_STAT":"F","CC_STAT":"F","NAME_GERM":"Vereinigtes Königreich"},"id":"UKF21"},{"arcs":[[4408,4409,4410,4411,-4399,-4407,-4404,4412],[-4408]],"type":"Polygon","properties":{"NUTS_ID":"UKF22","LEVL_CODE":3,"CNTR_CODE":"UK","NAME_LATN":"Leicestershire CC and Rutland","NUTS_NAME":"Leicestershire CC and Rutland","MOUNT_TYPE":4,"URBN_TYPE":1,"COAST_TYPE":3,"NAME_ENGL":"United Kingdom","NAME_FREN":"Royaume-Uni","ISO3_CODE":"GBR","SVRG_UN":"UN Member State","CAPT":"London","EU_STAT":"F","EFTA_STAT":"F","CC_STAT":"F","NAME_GERM":"Vereinigtes Königreich"},"id":"UKF22"},{"arcs":[[-3796,-3802,-3807,4413,-4410,4414]],"type":"Polygon","properties":{"NUTS_ID":"UKF24","LEVL_CODE":3,"CNTR_CODE":"UK","NAME_LATN":"West Northamptonshire","NUTS_NAME":"West Northamptonshire","MOUNT_TYPE":4,"URBN_TYPE":2,"COAST_TYPE":3,"NAME_ENGL":"United Kingdom","NAME_FREN":"Royaume-Uni","ISO3_CODE":"GBR","SVRG_UN":"UN Member State","CAPT":"London","EU_STAT":"F","EFTA_STAT":"F","CC_STAT":"F","NAME_GERM":"Vereinigtes Königreich"},"id":"UKF24"},{"arcs":[[-3650,4415,-3797,-4415,-4409,-3641]],"type":"Polygon","properties":{"NUTS_ID":"UKF25","LEVL_CODE":3,"CNTR_CODE":"UK","NAME_LATN":"North Northamptonshire","NUTS_NAME":"North Northamptonshire","MOUNT_TYPE":4,"URBN_TYPE":1,"COAST_TYPE":3,"NAME_ENGL":"United Kingdom","NAME_FREN":"Royaume-Uni","ISO3_CODE":"GBR","SVRG_UN":"UN Member State","CAPT":"London","EU_STAT":"F","EFTA_STAT":"F","CC_STAT":"F","NAME_GERM":"Vereinigtes Königreich"},"id":"UKF25"},{"arcs":[[4416,-3663,-3651,-3642,-4413,-4403,-4370]],"type":"Polygon","properties":{"NUTS_ID":"UKF30","LEVL_CODE":3,"CNTR_CODE":"UK","NAME_LATN":"Lincolnshire","NUTS_NAME":"Lincolnshire","MOUNT_TYPE":4,"URBN_TYPE":2,"COAST_TYPE":1,"NAME_ENGL":"United Kingdom","NAME_FREN":"Royaume-Uni","ISO3_CODE":"GBR","SVRG_UN":"UN Member State","CAPT":"London","EU_STAT":"F","EFTA_STAT":"F","CC_STAT":"F","NAME_GERM":"Vereinigtes Königreich"},"id":"UKF30"},{"arcs":[[4417,-4163,-3862,-4154,4418]],"type":"Polygon","properties":{"NUTS_ID":"UKG11","LEVL_CODE":3,"CNTR_CODE":"UK","NAME_LATN":"Herefordshire, County of","NUTS_NAME":"Herefordshire, County of","MOUNT_TYPE":4,"URBN_TYPE":3,"COAST_TYPE":2,"NAME_ENGL":"United Kingdom","NAME_FREN":"Royaume-Uni","ISO3_CODE":"GBR","SVRG_UN":"UN Member State","CAPT":"London","EU_STAT":"F","EFTA_STAT":"F","CC_STAT":"F","NAME_GERM":"Vereinigtes Königreich"},"id":"UKG11"},{"arcs":[[-3633,-3621,-3629,4419,-4164,-4418,4420,4421]],"type":"Polygon","properties":{"NUTS_ID":"UKG12","LEVL_CODE":3,"CNTR_CODE":"UK","NAME_LATN":"Worcestershire","NUTS_NAME":"Worcestershire","MOUNT_TYPE":4,"URBN_TYPE":2,"COAST_TYPE":3,"NAME_ENGL":"United Kingdom","NAME_FREN":"Royaume-Uni","ISO3_CODE":"GBR","SVRG_UN":"UN Member State","CAPT":"London","EU_STAT":"F","EFTA_STAT":"F","CC_STAT":"F","NAME_GERM":"Vereinigtes Königreich"},"id":"UKG12"},{"arcs":[[-4414,-3806,-4165,-4420,-3628,-3631,-3630,-3626,4422,-4411]],"type":"Polygon","properties":{"NUTS_ID":"UKG13","LEVL_CODE":3,"CNTR_CODE":"UK","NAME_LATN":"Warwickshire","NUTS_NAME":"Warwickshire","MOUNT_TYPE":4,"URBN_TYPE":1,"COAST_TYPE":3,"NAME_ENGL":"United Kingdom","NAME_FREN":"Royaume-Uni","ISO3_CODE":"GBR","SVRG_UN":"UN Member State","CAPT":"London","EU_STAT":"F","EFTA_STAT":"F","CC_STAT":"F","NAME_GERM":"Vereinigtes Königreich"},"id":"UKG13"},{"arcs":[[4423,4424]],"type":"Polygon","properties":{"NUTS_ID":"UKG21","LEVL_CODE":3,"CNTR_CODE":"UK","NAME_LATN":"Telford and Wrekin","NUTS_NAME":"Telford and Wrekin","MOUNT_TYPE":4,"URBN_TYPE":2,"COAST_TYPE":3,"NAME_ENGL":"United Kingdom","NAME_FREN":"Royaume-Uni","ISO3_CODE":"GBR","SVRG_UN":"UN Member State","CAPT":"London","EU_STAT":"F","EFTA_STAT":"F","CC_STAT":"F","NAME_GERM":"Vereinigtes Königreich"},"id":"UKG21"},{"arcs":[[-4424,4425,-4421,-4419,-4153,-4150,-4349,-4347,4426]],"type":"Polygon","properties":{"NUTS_ID":"UKG22","LEVL_CODE":3,"CNTR_CODE":"UK","NAME_LATN":"Shropshire CC","NUTS_NAME":"Shropshire CC","MOUNT_TYPE":4,"URBN_TYPE":2,"COAST_TYPE":3,"NAME_ENGL":"United Kingdom","NAME_FREN":"Royaume-Uni","ISO3_CODE":"GBR","SVRG_UN":"UN Member State","CAPT":"London","EU_STAT":"F","EFTA_STAT":"F","CC_STAT":"F","NAME_GERM":"Vereinigtes Königreich"},"id":"UKG22"},{"arcs":[[4427]],"type":"Polygon","properties":{"NUTS_ID":"UKG23","LEVL_CODE":3,"CNTR_CODE":"UK","NAME_LATN":"Stoke-on-Trent","NUTS_NAME":"Stoke-on-Trent","MOUNT_TYPE":4,"URBN_TYPE":1,"COAST_TYPE":3,"NAME_ENGL":"United Kingdom","NAME_FREN":"Royaume-Uni","ISO3_CODE":"GBR","SVRG_UN":"UN Member State","CAPT":"London","EU_STAT":"F","EFTA_STAT":"F","CC_STAT":"F","NAME_GERM":"Vereinigtes Königreich"},"id":"UKG23"},{"arcs":[[-4412,-4423,-3625,-3639,-3640,-3634,-4422,-4426,-4425,-4427,-4346,-4400],[-4428]],"type":"Polygon","properties":{"NUTS_ID":"UKG24","LEVL_CODE":3,"CNTR_CODE":"UK","NAME_LATN":"Staffordshire CC","NUTS_NAME":"Staffordshire CC","MOUNT_TYPE":4,"URBN_TYPE":1,"COAST_TYPE":3,"NAME_ENGL":"United Kingdom","NAME_FREN":"Royaume-Uni","ISO3_CODE":"GBR","SVRG_UN":"UN Member State","CAPT":"London","EU_STAT":"F","EFTA_STAT":"F","CC_STAT":"F","NAME_GERM":"Vereinigtes Königreich"},"id":"UKG24"},{"arcs":[[4428,4429,4430,4431]],"type":"Polygon","properties":{"NUTS_ID":"UKM50","LEVL_CODE":3,"CNTR_CODE":"UK","NAME_LATN":"Aberdeen City and Aberdeenshire","NUTS_NAME":"Aberdeen City and Aberdeenshire","MOUNT_TYPE":4,"URBN_TYPE":2,"COAST_TYPE":1,"NAME_ENGL":"United Kingdom","NAME_FREN":"Royaume-Uni","ISO3_CODE":"GBR","SVRG_UN":"UN Member State","CAPT":"London","EU_STAT":"F","EFTA_STAT":"F","CC_STAT":"F","NAME_GERM":"Vereinigtes Königreich"},"id":"UKM50"},{"arcs":[[4432,4433,4434]],"type":"Polygon","properties":{"NUTS_ID":"UKM61","LEVL_CODE":3,"CNTR_CODE":"UK","NAME_LATN":"Caithness & Sutherland and Ross & Cromarty","NUTS_NAME":"Caithness & Sutherland and Ross & Cromarty","MOUNT_TYPE":2,"URBN_TYPE":3,"COAST_TYPE":1,"NAME_ENGL":"United Kingdom","NAME_FREN":"Royaume-Uni","ISO3_CODE":"GBR","SVRG_UN":"UN Member State","CAPT":"London","EU_STAT":"F","EFTA_STAT":"F","CC_STAT":"F","NAME_GERM":"Vereinigtes Königreich"},"id":"UKM61"},{"arcs":[[-4431,4435,4436,-4433,4437]],"type":"Polygon","properties":{"NUTS_ID":"UKM62","LEVL_CODE":3,"CNTR_CODE":"UK","NAME_LATN":"Inverness & Nairn and Moray, Badenoch & Strathspey","NUTS_NAME":"Inverness & Nairn and Moray, Badenoch & Strathspey","MOUNT_TYPE":2,"URBN_TYPE":2,"COAST_TYPE":1,"NAME_ENGL":"United Kingdom","NAME_FREN":"Royaume-Uni","ISO3_CODE":"GBR","SVRG_UN":"UN Member State","CAPT":"London","EU_STAT":"F","EFTA_STAT":"F","CC_STAT":"F","NAME_GERM":"Vereinigtes Königreich"},"id":"UKM62"},{"arcs":[[[-4434,-4437,4438,4439,4440]],[[4441]],[[4442]],[[4443]],[[4444]],[[4445]],[[4446]]],"type":"MultiPolygon","properties":{"NUTS_ID":"UKM63","LEVL_CODE":3,"CNTR_CODE":"UK","NAME_LATN":"Lochaber, Skye & Lochalsh, Arran & Cumbrae and Argyll & Bute","NUTS_NAME":"Lochaber, Skye & Lochalsh, Arran & Cumbrae and Argyll & Bute","MOUNT_TYPE":3,"URBN_TYPE":3,"COAST_TYPE":1,"NAME_ENGL":"United Kingdom","NAME_FREN":"Royaume-Uni","ISO3_CODE":"GBR","SVRG_UN":"UN Member State","CAPT":"London","EU_STAT":"F","EFTA_STAT":"F","CC_STAT":"F","NAME_GERM":"Vereinigtes Königreich"},"id":"UKM63"},{"arcs":[[[4447]],[[4448]],[[4449]],[[4450]]],"type":"MultiPolygon","properties":{"NUTS_ID":"UKM64","LEVL_CODE":3,"CNTR_CODE":"UK","NAME_LATN":"Na h-Eileanan Siar (Western Isles)","NUTS_NAME":"Na h-Eileanan Siar (Western Isles)","MOUNT_TYPE":4,"URBN_TYPE":3,"COAST_TYPE":1,"NAME_ENGL":"United Kingdom","NAME_FREN":"Royaume-Uni","ISO3_CODE":"GBR","SVRG_UN":"UN Member State","CAPT":"London","EU_STAT":"F","EFTA_STAT":"F","CC_STAT":"F","NAME_GERM":"Vereinigtes Königreich"},"id":"UKM64"},{"arcs":[[[4451]],[[4452]],[[4453]],[[4454]],[[4455]],[[4456]],[[4457]]],"type":"MultiPolygon","properties":{"NUTS_ID":"UKM65","LEVL_CODE":3,"CNTR_CODE":"UK","NAME_LATN":"Orkney Islands","NUTS_NAME":"Orkney Islands","MOUNT_TYPE":4,"URBN_TYPE":3,"COAST_TYPE":1,"NAME_ENGL":"United Kingdom","NAME_FREN":"Royaume-Uni","ISO3_CODE":"GBR","SVRG_UN":"UN Member State","CAPT":"London","EU_STAT":"F","EFTA_STAT":"F","CC_STAT":"F","NAME_GERM":"Vereinigtes Königreich"},"id":"UKM65"},{"arcs":[[[4458]],[[4459]],[[4460]]],"type":"MultiPolygon","properties":{"NUTS_ID":"UKM66","LEVL_CODE":3,"CNTR_CODE":"UK","NAME_LATN":"Shetland Islands","NUTS_NAME":"Shetland Islands","MOUNT_TYPE":4,"URBN_TYPE":3,"COAST_TYPE":1,"NAME_ENGL":"United Kingdom","NAME_FREN":"Royaume-Uni","ISO3_CODE":"GBR","SVRG_UN":"UN Member State","CAPT":"London","EU_STAT":"F","EFTA_STAT":"F","CC_STAT":"F","NAME_GERM":"Vereinigtes Königreich"},"id":"UKM66"},{"arcs":[[4461,4462,-4429]],"type":"Polygon","properties":{"NUTS_ID":"UKM71","LEVL_CODE":3,"CNTR_CODE":"UK","NAME_LATN":"Angus and Dundee City","NUTS_NAME":"Angus and Dundee City","MOUNT_TYPE":4,"URBN_TYPE":1,"COAST_TYPE":1,"NAME_ENGL":"United Kingdom","NAME_FREN":"Royaume-Uni","ISO3_CODE":"GBR","SVRG_UN":"UN Member State","CAPT":"London","EU_STAT":"F","EFTA_STAT":"F","CC_STAT":"F","NAME_GERM":"Vereinigtes Königreich"},"id":"UKM71"},{"arcs":[[4463,4464]],"type":"Polygon","properties":{"NUTS_ID":"UKM72","LEVL_CODE":3,"CNTR_CODE":"UK","NAME_LATN":"Clackmannanshire and Fife","NUTS_NAME":"Clackmannanshire and Fife","MOUNT_TYPE":4,"URBN_TYPE":1,"COAST_TYPE":1,"NAME_ENGL":"United Kingdom","NAME_FREN":"Royaume-Uni","ISO3_CODE":"GBR","SVRG_UN":"UN Member State","CAPT":"London","EU_STAT":"F","EFTA_STAT":"F","CC_STAT":"F","NAME_GERM":"Vereinigtes Königreich"},"id":"UKM72"},{"arcs":[[-4188,4465,4466]],"type":"Polygon","properties":{"NUTS_ID":"UKM73","LEVL_CODE":3,"CNTR_CODE":"UK","NAME_LATN":"East Lothian and Midlothian","NUTS_NAME":"East Lothian and Midlothian","MOUNT_TYPE":4,"URBN_TYPE":1,"COAST_TYPE":1,"NAME_ENGL":"United Kingdom","NAME_FREN":"Royaume-Uni","ISO3_CODE":"GBR","SVRG_UN":"UN Member State","CAPT":"London","EU_STAT":"F","EFTA_STAT":"F","CC_STAT":"F","NAME_GERM":"Vereinigtes Königreich"},"id":"UKM73"},{"arcs":[[-4466,-4187,4467,4468]],"type":"Polygon","properties":{"NUTS_ID":"UKM75","LEVL_CODE":3,"CNTR_CODE":"UK","NAME_LATN":"Edinburgh, City of","NUTS_NAME":"Edinburgh, City of","MOUNT_TYPE":4,"URBN_TYPE":1,"COAST_TYPE":1,"NAME_ENGL":"United Kingdom","NAME_FREN":"Royaume-Uni","ISO3_CODE":"GBR","SVRG_UN":"UN Member State","CAPT":"London","EU_STAT":"F","EFTA_STAT":"F","CC_STAT":"F","NAME_GERM":"Vereinigtes Königreich"},"id":"UKM75"},{"arcs":[[4469,-4183,4470,4471]],"type":"Polygon","properties":{"NUTS_ID":"UKM76","LEVL_CODE":3,"CNTR_CODE":"UK","NAME_LATN":"Falkirk","NUTS_NAME":"Falkirk","MOUNT_TYPE":4,"URBN_TYPE":1,"COAST_TYPE":1,"NAME_ENGL":"United Kingdom","NAME_FREN":"Royaume-Uni","ISO3_CODE":"GBR","SVRG_UN":"UN Member State","CAPT":"London","EU_STAT":"F","EFTA_STAT":"F","CC_STAT":"F","NAME_GERM":"Vereinigtes Königreich"},"id":"UKM76"},{"arcs":[[-4463,4472,-4464,4473,-4471,-4182,4474,-4439,-4436,-4430]],"type":"Polygon","properties":{"NUTS_ID":"UKM77","LEVL_CODE":3,"CNTR_CODE":"UK","NAME_LATN":"Perth & Kinross and Stirling","NUTS_NAME":"Perth & Kinross and Stirling","MOUNT_TYPE":2,"URBN_TYPE":2,"COAST_TYPE":1,"NAME_ENGL":"United Kingdom","NAME_FREN":"Royaume-Uni","ISO3_CODE":"GBR","SVRG_UN":"UN Member State","CAPT":"London","EU_STAT":"F","EFTA_STAT":"F","CC_STAT":"F","NAME_GERM":"Vereinigtes Königreich"},"id":"UKM77"},{"arcs":[[-4468,-4186,-4199,-4178,-4470,4475]],"type":"Polygon","properties":{"NUTS_ID":"UKM78","LEVL_CODE":3,"CNTR_CODE":"UK","NAME_LATN":"West Lothian","NUTS_NAME":"West Lothian","MOUNT_TYPE":4,"URBN_TYPE":1,"COAST_TYPE":1,"NAME_ENGL":"United Kingdom","NAME_FREN":"Royaume-Uni","ISO3_CODE":"GBR","SVRG_UN":"UN Member State","CAPT":"London","EU_STAT":"F","EFTA_STAT":"F","CC_STAT":"F","NAME_GERM":"Vereinigtes Königreich"},"id":"UKM78"},{"arcs":[[-4181,4476,4477,-4440,-4475]],"type":"Polygon","properties":{"NUTS_ID":"UKM81","LEVL_CODE":3,"CNTR_CODE":"UK","NAME_LATN":"East Dunbartonshire, West Dunbartonshire and Helensburgh & Lomond","NUTS_NAME":"East Dunbartonshire, West Dunbartonshire and Helensburgh & Lomond","MOUNT_TYPE":2,"URBN_TYPE":1,"COAST_TYPE":1,"NAME_ENGL":"United Kingdom","NAME_FREN":"Royaume-Uni","ISO3_CODE":"GBR","SVRG_UN":"UN Member State","CAPT":"London","EU_STAT":"F","EFTA_STAT":"F","CC_STAT":"F","NAME_GERM":"Vereinigtes Königreich"},"id":"UKM81"},{"arcs":[[-4180,-4201,4478,-4477]],"type":"Polygon","properties":{"NUTS_ID":"UKM82","LEVL_CODE":3,"CNTR_CODE":"UK","NAME_LATN":"Glasgow City","NUTS_NAME":"Glasgow City","MOUNT_TYPE":4,"URBN_TYPE":1,"COAST_TYPE":1,"NAME_ENGL":"United Kingdom","NAME_FREN":"Royaume-Uni","ISO3_CODE":"GBR","SVRG_UN":"UN Member State","CAPT":"London","EU_STAT":"F","EFTA_STAT":"F","CC_STAT":"F","NAME_GERM":"Vereinigtes Königreich"},"id":"UKM82"},{"arcs":[[-4479,-4200,-4197,4479]],"type":"Polygon","properties":{"NUTS_ID":"UKM83","LEVL_CODE":3,"CNTR_CODE":"UK","NAME_LATN":"Inverclyde, East Renfrewshire and Renfrewshire","NUTS_NAME":"Inverclyde, East Renfrewshire and Renfrewshire","MOUNT_TYPE":4,"URBN_TYPE":1,"COAST_TYPE":1,"NAME_ENGL":"United Kingdom","NAME_FREN":"Royaume-Uni","ISO3_CODE":"GBR","SVRG_UN":"UN Member State","CAPT":"London","EU_STAT":"F","EFTA_STAT":"F","CC_STAT":"F","NAME_GERM":"Vereinigtes Königreich"},"id":"UKM83"},{"arcs":[[4480,4481,-3474,-3478,-2873,-2870,-2879]],"type":"Polygon","properties":{"NUTS_ID":"SK032","LEVL_CODE":3,"CNTR_CODE":"SK","NAME_LATN":"Banskobystrický kraj","NUTS_NAME":"Banskobystrický kraj","MOUNT_TYPE":3,"URBN_TYPE":3,"COAST_TYPE":3,"NAME_ENGL":"Slovakia","NAME_FREN":"Slovaquie","ISO3_CODE":"SVK","SVRG_UN":"UN Member State","CAPT":"Bratislava","EU_STAT":"T","EFTA_STAT":"F","CC_STAT":"F","NAME_GERM":"Slowakei"},"id":"SK032"},{"arcs":[[4482,4483,-4481,-2878,-3234,-3232,-4012]],"type":"Polygon","properties":{"NUTS_ID":"SK041","LEVL_CODE":3,"CNTR_CODE":"SK","NAME_LATN":"Prešovský kraj","NUTS_NAME":"Prešovský kraj","MOUNT_TYPE":3,"URBN_TYPE":3,"COAST_TYPE":3,"NAME_ENGL":"Slovakia","NAME_FREN":"Slovaquie","ISO3_CODE":"SVK","SVRG_UN":"UN Member State","CAPT":"Bratislava","EU_STAT":"T","EFTA_STAT":"F","CC_STAT":"F","NAME_GERM":"Slowakei"},"id":"SK041"},{"arcs":[[4484,-3488,-3475,-4482,-4484]],"type":"Polygon","properties":{"NUTS_ID":"SK042","LEVL_CODE":3,"CNTR_CODE":"SK","NAME_LATN":"Košický kraj","NUTS_NAME":"Košický kraj","MOUNT_TYPE":2,"URBN_TYPE":2,"COAST_TYPE":3,"NAME_ENGL":"Slovakia","NAME_FREN":"Slovaquie","ISO3_CODE":"SVK","SVRG_UN":"UN Member State","CAPT":"Bratislava","EU_STAT":"T","EFTA_STAT":"F","CC_STAT":"F","NAME_GERM":"Slowakei"},"id":"SK042"},{"arcs":[[[4485,4486]],[[4487,-4296]]],"type":"MultiPolygon","properties":{"NUTS_ID":"TR100","LEVL_CODE":3,"CNTR_CODE":"TR","NAME_LATN":"İstanbul","NUTS_NAME":"İstanbul","MOUNT_TYPE":4,"URBN_TYPE":1,"COAST_TYPE":1,"NAME_ENGL":"Türkiye","NAME_FREN":"Turquie","ISO3_CODE":"TUR","SVRG_UN":"UN Member State","CAPT":"Ankara","EU_STAT":"F","EFTA_STAT":"F","CC_STAT":"T","NAME_GERM":"Türkei"},"id":"TR100"},{"arcs":[[-4486,4488,-4252,4489,4490,4491]],"type":"Polygon","properties":{"NUTS_ID":"TR211","LEVL_CODE":3,"CNTR_CODE":"TR","NAME_LATN":"Tekirdağ","NUTS_NAME":"Tekirdağ","MOUNT_TYPE":4,"URBN_TYPE":2,"COAST_TYPE":1,"NAME_ENGL":"Türkiye","NAME_FREN":"Turquie","ISO3_CODE":"TUR","SVRG_UN":"UN Member State","CAPT":"Ankara","EU_STAT":"F","EFTA_STAT":"F","CC_STAT":"T","NAME_GERM":"Türkei"},"id":"TR211"},{"arcs":[[-4490,-4251,4492,-774,-96,-57,4493]],"type":"Polygon","properties":{"NUTS_ID":"TR212","LEVL_CODE":3,"CNTR_CODE":"TR","NAME_LATN":"Edirne","NUTS_NAME":"Edirne","MOUNT_TYPE":4,"URBN_TYPE":2,"COAST_TYPE":1,"NAME_ENGL":"Türkiye","NAME_FREN":"Turquie","ISO3_CODE":"TUR","SVRG_UN":"UN Member State","CAPT":"Ankara","EU_STAT":"F","EFTA_STAT":"F","CC_STAT":"T","NAME_GERM":"Türkei"},"id":"TR212"},{"arcs":[[4494,-4491,-4494,-56,-46]],"type":"Polygon","properties":{"NUTS_ID":"TR213","LEVL_CODE":3,"CNTR_CODE":"TR","NAME_LATN":"Kırklareli","NUTS_NAME":"Kırklareli","MOUNT_TYPE":4,"URBN_TYPE":2,"COAST_TYPE":1,"NAME_ENGL":"Türkiye","NAME_FREN":"Turquie","ISO3_CODE":"TUR","SVRG_UN":"UN Member State","CAPT":"Ankara","EU_STAT":"F","EFTA_STAT":"F","CC_STAT":"T","NAME_GERM":"Türkei"},"id":"TR213"},{"arcs":[[[-4286,-4282,-4275,-4258,4495,-4250,4496]],[[4497]],[[4498]],[[4499]]],"type":"MultiPolygon","properties":{"NUTS_ID":"TR221","LEVL_CODE":3,"CNTR_CODE":"TR","NAME_LATN":"Balıkesir","NUTS_NAME":"Balıkesir","MOUNT_TYPE":2,"URBN_TYPE":2,"COAST_TYPE":1,"NAME_ENGL":"Türkiye","NAME_FREN":"Turquie","ISO3_CODE":"TUR","SVRG_UN":"UN Member State","CAPT":"Ankara","EU_STAT":"F","EFTA_STAT":"F","CC_STAT":"T","NAME_GERM":"Türkei"},"id":"TR221"},{"arcs":[[4500,-2927]],"type":"Polygon","properties":{"NUTS_ID":"ITG2F","LEVL_CODE":3,"CNTR_CODE":"IT","NAME_LATN":"Cagliari","NUTS_NAME":"Cagliari","MOUNT_TYPE":2,"URBN_TYPE":1,"COAST_TYPE":1,"NAME_ENGL":"Italy","NAME_FREN":"Italie","ISO3_CODE":"ITA","SVRG_UN":"UN Member State","CAPT":"Rome","EU_STAT":"T","EFTA_STAT":"F","CC_STAT":"F","NAME_GERM":"Italien"},"id":"ITG2F"},{"arcs":[[-2342,-978,-981,-975,-982]],"type":"Polygon","properties":{"NUTS_ID":"BE329","LEVL_CODE":3,"CNTR_CODE":"BE","NAME_LATN":"Arr. La Louvière","NUTS_NAME":"Arr. La Louvière","MOUNT_TYPE":4,"URBN_TYPE":1,"COAST_TYPE":3,"NAME_ENGL":"Belgium","NAME_FREN":"Belgique","ISO3_CODE":"BEL","SVRG_UN":"UN Member State","CAPT":"Brussels","EU_STAT":"T","EFTA_STAT":"F","CC_STAT":"F","NAME_GERM":"Belgien"},"id":"BE329"},{"arcs":[[4501,4502]],"type":"Polygon","properties":{"NUTS_ID":"UKH21","LEVL_CODE":3,"CNTR_CODE":"UK","NAME_LATN":"Luton","NUTS_NAME":"Luton","MOUNT_TYPE":4,"URBN_TYPE":1,"COAST_TYPE":2,"NAME_ENGL":"United Kingdom","NAME_FREN":"Royaume-Uni","ISO3_CODE":"GBR","SVRG_UN":"UN Member State","CAPT":"London","EU_STAT":"F","EFTA_STAT":"F","CC_STAT":"F","NAME_GERM":"Vereinigtes Königreich"},"id":"UKH21"},{"arcs":[[4503,-3757,-3770,-3783,-3800,4504,-4503,4505,-3647]],"type":"Polygon","properties":{"NUTS_ID":"UKH23","LEVL_CODE":3,"CNTR_CODE":"UK","NAME_LATN":"Hertfordshire","NUTS_NAME":"Hertfordshire","MOUNT_TYPE":4,"URBN_TYPE":1,"COAST_TYPE":2,"NAME_ENGL":"United Kingdom","NAME_FREN":"Royaume-Uni","ISO3_CODE":"GBR","SVRG_UN":"UN Member State","CAPT":"London","EU_STAT":"F","EFTA_STAT":"F","CC_STAT":"F","NAME_GERM":"Vereinigtes Königreich"},"id":"UKH23"},{"arcs":[[-3798,-4416,-3649,4506]],"type":"Polygon","properties":{"NUTS_ID":"UKH24","LEVL_CODE":3,"CNTR_CODE":"UK","NAME_LATN":"Bedford","NUTS_NAME":"Bedford","MOUNT_TYPE":4,"URBN_TYPE":1,"COAST_TYPE":3,"NAME_ENGL":"United Kingdom","NAME_FREN":"Royaume-Uni","ISO3_CODE":"GBR","SVRG_UN":"UN Member State","CAPT":"London","EU_STAT":"F","EFTA_STAT":"F","CC_STAT":"F","NAME_GERM":"Vereinigtes Königreich"},"id":"UKH24"},{"arcs":[[-4506,-4502,-4505,-3799,-3794,-4507,-3648]],"type":"Polygon","properties":{"NUTS_ID":"UKH25","LEVL_CODE":3,"CNTR_CODE":"UK","NAME_LATN":"Central Bedfordshire","NUTS_NAME":"Central Bedfordshire","MOUNT_TYPE":4,"URBN_TYPE":1,"COAST_TYPE":3,"NAME_ENGL":"United Kingdom","NAME_FREN":"Royaume-Uni","ISO3_CODE":"GBR","SVRG_UN":"UN Member State","CAPT":"London","EU_STAT":"F","EFTA_STAT":"F","CC_STAT":"F","NAME_GERM":"Vereinigtes Königreich"},"id":"UKH25"},{"arcs":[[[4507,4508]],[[4509,4510]]],"type":"MultiPolygon","properties":{"NUTS_ID":"UKH31","LEVL_CODE":3,"CNTR_CODE":"UK","NAME_LATN":"Southend-on-Sea","NUTS_NAME":"Southend-on-Sea","MOUNT_TYPE":4,"URBN_TYPE":1,"COAST_TYPE":1,"NAME_ENGL":"United Kingdom","NAME_FREN":"Royaume-Uni","ISO3_CODE":"GBR","SVRG_UN":"UN Member State","CAPT":"London","EU_STAT":"F","EFTA_STAT":"F","CC_STAT":"F","NAME_GERM":"Vereinigtes Königreich"},"id":"UKH31"},{"arcs":[[4511,-3747,4512,4513]],"type":"Polygon","properties":{"NUTS_ID":"UKH32","LEVL_CODE":3,"CNTR_CODE":"UK","NAME_LATN":"Thurrock","NUTS_NAME":"Thurrock","MOUNT_TYPE":4,"URBN_TYPE":1,"COAST_TYPE":1,"NAME_ENGL":"United Kingdom","NAME_FREN":"Royaume-Uni","ISO3_CODE":"GBR","SVRG_UN":"UN Member State","CAPT":"London","EU_STAT":"F","EFTA_STAT":"F","CC_STAT":"F","NAME_GERM":"Vereinigtes Königreich"},"id":"UKH32"},{"arcs":[[4514,4515,4516,-3645,-3655]],"type":"Polygon","properties":{"NUTS_ID":"UKH34","LEVL_CODE":3,"CNTR_CODE":"UK","NAME_LATN":"Essex Haven Gateway","NUTS_NAME":"Essex Haven Gateway","MOUNT_TYPE":4,"URBN_TYPE":2,"COAST_TYPE":1,"NAME_ENGL":"United Kingdom","NAME_FREN":"Royaume-Uni","ISO3_CODE":"GBR","SVRG_UN":"UN Member State","CAPT":"London","EU_STAT":"F","EFTA_STAT":"F","CC_STAT":"F","NAME_GERM":"Vereinigtes Königreich"},"id":"UKH34"},{"arcs":[[-4517,4517,-3751,-3755,-3758,-4504,-3646]],"type":"Polygon","properties":{"NUTS_ID":"UKH35","LEVL_CODE":3,"CNTR_CODE":"UK","NAME_LATN":"West Essex","NUTS_NAME":"West Essex","MOUNT_TYPE":4,"URBN_TYPE":2,"COAST_TYPE":2,"NAME_ENGL":"United Kingdom","NAME_FREN":"Royaume-Uni","ISO3_CODE":"GBR","SVRG_UN":"UN Member State","CAPT":"London","EU_STAT":"F","EFTA_STAT":"F","CC_STAT":"F","NAME_GERM":"Vereinigtes Königreich"},"id":"UKH35"},{"arcs":[[4518,4519,-4513,-3752,-4518,-4516]],"type":"Polygon","properties":{"NUTS_ID":"UKH36","LEVL_CODE":3,"CNTR_CODE":"UK","NAME_LATN":"Heart of Essex","NUTS_NAME":"Heart of Essex","MOUNT_TYPE":4,"URBN_TYPE":1,"COAST_TYPE":1,"NAME_ENGL":"United Kingdom","NAME_FREN":"Royaume-Uni","ISO3_CODE":"GBR","SVRG_UN":"UN Member State","CAPT":"London","EU_STAT":"F","EFTA_STAT":"F","CC_STAT":"F","NAME_GERM":"Vereinigtes Königreich"},"id":"UKH36"},{"arcs":[[4520,-4510,-4509,4521,-4514,-4520]],"type":"Polygon","properties":{"NUTS_ID":"UKH37","LEVL_CODE":3,"CNTR_CODE":"UK","NAME_LATN":"Essex Thames Gateway","NUTS_NAME":"Essex Thames Gateway","MOUNT_TYPE":4,"URBN_TYPE":1,"COAST_TYPE":1,"NAME_ENGL":"United Kingdom","NAME_FREN":"Royaume-Uni","ISO3_CODE":"GBR","SVRG_UN":"UN Member State","CAPT":"London","EU_STAT":"F","EFTA_STAT":"F","CC_STAT":"F","NAME_GERM":"Vereinigtes Königreich"},"id":"UKH37"},{"arcs":[[4522,4523,4524,4525,-3771,-3767,-3733]],"type":"Polygon","properties":{"NUTS_ID":"UKI31","LEVL_CODE":3,"CNTR_CODE":"UK","NAME_LATN":"Camden and City of London","NUTS_NAME":"Camden and City of London","MOUNT_TYPE":4,"URBN_TYPE":1,"COAST_TYPE":1,"NAME_ENGL":"United Kingdom","NAME_FREN":"Royaume-Uni","ISO3_CODE":"GBR","SVRG_UN":"UN Member State","CAPT":"London","EU_STAT":"F","EFTA_STAT":"F","CC_STAT":"F","NAME_GERM":"Vereinigtes Königreich"},"id":"UKI31"},{"arcs":[[-3772,-4526,4526,4527]],"type":"Polygon","properties":{"NUTS_ID":"UKI32","LEVL_CODE":3,"CNTR_CODE":"UK","NAME_LATN":"Westminster","NUTS_NAME":"Westminster","MOUNT_TYPE":4,"URBN_TYPE":1,"COAST_TYPE":1,"NAME_ENGL":"United Kingdom","NAME_FREN":"Royaume-Uni","ISO3_CODE":"GBR","SVRG_UN":"UN Member State","CAPT":"London","EU_STAT":"F","EFTA_STAT":"F","CC_STAT":"F","NAME_GERM":"Vereinigtes Königreich"},"id":"UKI32"},{"arcs":[[-4528,4528,-3787,-3776,-3773]],"type":"Polygon","properties":{"NUTS_ID":"UKI33","LEVL_CODE":3,"CNTR_CODE":"UK","NAME_LATN":"Kensington & Chelsea and Hammersmith & Fulham","NUTS_NAME":"Kensington & Chelsea and Hammersmith & Fulham","MOUNT_TYPE":4,"URBN_TYPE":1,"COAST_TYPE":1,"NAME_ENGL":"United Kingdom","NAME_FREN":"Royaume-Uni","ISO3_CODE":"GBR","SVRG_UN":"UN Member State","CAPT":"London","EU_STAT":"F","EFTA_STAT":"F","CC_STAT":"F","NAME_GERM":"Vereinigtes Königreich"},"id":"UKI33"},{"arcs":[[-3766,-3785,4529,-3742]],"type":"Polygon","properties":{"NUTS_ID":"UKI34","LEVL_CODE":3,"CNTR_CODE":"UK","NAME_LATN":"Wandsworth","NUTS_NAME":"Wandsworth","MOUNT_TYPE":4,"URBN_TYPE":1,"COAST_TYPE":1,"NAME_ENGL":"United Kingdom","NAME_FREN":"Royaume-Uni","ISO3_CODE":"GBR","SVRG_UN":"UN Member State","CAPT":"London","EU_STAT":"F","EFTA_STAT":"F","CC_STAT":"F","NAME_GERM":"Vereinigtes Königreich"},"id":"UKI34"},{"arcs":[[-3749,4530,4531,-4523,-3732,-3753]],"type":"Polygon","properties":{"NUTS_ID":"UKI41","LEVL_CODE":3,"CNTR_CODE":"UK","NAME_LATN":"Hackney and Newham","NUTS_NAME":"Hackney and Newham","MOUNT_TYPE":4,"URBN_TYPE":1,"COAST_TYPE":1,"NAME_ENGL":"United Kingdom","NAME_FREN":"Royaume-Uni","ISO3_CODE":"GBR","SVRG_UN":"UN Member State","CAPT":"London","EU_STAT":"F","EFTA_STAT":"F","CC_STAT":"F","NAME_GERM":"Vereinigtes Königreich"},"id":"UKI41"},{"arcs":[[4532,-4524,-4532]],"type":"Polygon","properties":{"NUTS_ID":"UKI42","LEVL_CODE":3,"CNTR_CODE":"UK","NAME_LATN":"Tower Hamlets","NUTS_NAME":"Tower Hamlets","MOUNT_TYPE":4,"URBN_TYPE":1,"COAST_TYPE":1,"NAME_ENGL":"United Kingdom","NAME_FREN":"Royaume-Uni","ISO3_CODE":"GBR","SVRG_UN":"UN Member State","CAPT":"London","EU_STAT":"F","EFTA_STAT":"F","CC_STAT":"F","NAME_GERM":"Vereinigtes Königreich"},"id":"UKI42"},{"arcs":[[4533,-3613,-3603,-3616]],"type":"Polygon","properties":{"NUTS_ID":"TR633","LEVL_CODE":3,"CNTR_CODE":"TR","NAME_LATN":"Osmaniye","NUTS_NAME":"Osmaniye","MOUNT_TYPE":3,"URBN_TYPE":1,"COAST_TYPE":2,"NAME_ENGL":"Türkiye","NAME_FREN":"Turquie","ISO3_CODE":"TUR","SVRG_UN":"UN Member State","CAPT":"Ankara","EU_STAT":"F","EFTA_STAT":"F","CC_STAT":"T","NAME_GERM":"Türkei"},"id":"TR633"},{"arcs":[[4534,4535,4536,-3575,4537]],"type":"Polygon","properties":{"NUTS_ID":"TR711","LEVL_CODE":3,"CNTR_CODE":"TR","NAME_LATN":"Kırıkkale","NUTS_NAME":"Kırıkkale","MOUNT_TYPE":3,"URBN_TYPE":1,"COAST_TYPE":3,"NAME_ENGL":"Türkiye","NAME_FREN":"Turquie","ISO3_CODE":"TUR","SVRG_UN":"UN Member State","CAPT":"Ankara","EU_STAT":"F","EFTA_STAT":"F","CC_STAT":"T","NAME_GERM":"Türkei"},"id":"TR711"},{"arcs":[[4538,4539,-3582,-3577,4540]],"type":"Polygon","properties":{"NUTS_ID":"TR712","LEVL_CODE":3,"CNTR_CODE":"TR","NAME_LATN":"Aksaray","NUTS_NAME":"Aksaray","MOUNT_TYPE":4,"URBN_TYPE":2,"COAST_TYPE":3,"NAME_ENGL":"Türkiye","NAME_FREN":"Turquie","ISO3_CODE":"TUR","SVRG_UN":"UN Member State","CAPT":"Ankara","EU_STAT":"F","EFTA_STAT":"F","CC_STAT":"T","NAME_GERM":"Türkei"},"id":"TR712"},{"arcs":[[4541,-3607,-3610,-3583,-4540,4542]],"type":"Polygon","properties":{"NUTS_ID":"TR713","LEVL_CODE":3,"CNTR_CODE":"TR","NAME_LATN":"Niğde","NUTS_NAME":"Niğde","MOUNT_TYPE":3,"URBN_TYPE":2,"COAST_TYPE":3,"NAME_ENGL":"Türkiye","NAME_FREN":"Turquie","ISO3_CODE":"TUR","SVRG_UN":"UN Member State","CAPT":"Ankara","EU_STAT":"F","EFTA_STAT":"F","CC_STAT":"T","NAME_GERM":"Türkei"},"id":"TR713"},{"arcs":[[4543,-4543,-4539,4544,4545]],"type":"Polygon","properties":{"NUTS_ID":"TR714","LEVL_CODE":3,"CNTR_CODE":"TR","NAME_LATN":"Nevşehir","NUTS_NAME":"Nevşehir","MOUNT_TYPE":1,"URBN_TYPE":2,"COAST_TYPE":3,"NAME_ENGL":"Türkiye","NAME_FREN":"Turquie","ISO3_CODE":"TUR","SVRG_UN":"UN Member State","CAPT":"Ankara","EU_STAT":"F","EFTA_STAT":"F","CC_STAT":"T","NAME_GERM":"Türkei"},"id":"TR714"},{"arcs":[[-4545,-4541,-3576,-4537,4546]],"type":"Polygon","properties":{"NUTS_ID":"TR715","LEVL_CODE":3,"CNTR_CODE":"TR","NAME_LATN":"Kırşehir","NUTS_NAME":"Kırşehir","MOUNT_TYPE":4,"URBN_TYPE":2,"COAST_TYPE":3,"NAME_ENGL":"Türkiye","NAME_FREN":"Turquie","ISO3_CODE":"TUR","SVRG_UN":"UN Member State","CAPT":"Ankara","EU_STAT":"F","EFTA_STAT":"F","CC_STAT":"T","NAME_GERM":"Türkei"},"id":"TR715"},{"arcs":[[-3617,-3608,-4542,-4544,4547,4548]],"type":"Polygon","properties":{"NUTS_ID":"TR721","LEVL_CODE":3,"CNTR_CODE":"TR","NAME_LATN":"Kayseri","NUTS_NAME":"Kayseri","MOUNT_TYPE":2,"URBN_TYPE":1,"COAST_TYPE":3,"NAME_ENGL":"Türkiye","NAME_FREN":"Turquie","ISO3_CODE":"TUR","SVRG_UN":"UN Member State","CAPT":"Ankara","EU_STAT":"F","EFTA_STAT":"F","CC_STAT":"T","NAME_GERM":"Türkei"},"id":"TR721"},{"arcs":[[4549,4550,-3618,-4549,4551,4552,4553,4554]],"type":"Polygon","properties":{"NUTS_ID":"TR722","LEVL_CODE":3,"CNTR_CODE":"TR","NAME_LATN":"Sivas","NUTS_NAME":"Sivas","MOUNT_TYPE":3,"URBN_TYPE":2,"COAST_TYPE":3,"NAME_ENGL":"Türkiye","NAME_FREN":"Turquie","ISO3_CODE":"TUR","SVRG_UN":"UN Member State","CAPT":"Ankara","EU_STAT":"F","EFTA_STAT":"F","CC_STAT":"T","NAME_GERM":"Türkei"},"id":"TR722"},{"arcs":[[4555,-4552,-4548,-4546,-4547,-4536,4556,4557]],"type":"Polygon","properties":{"NUTS_ID":"TR723","LEVL_CODE":3,"CNTR_CODE":"TR","NAME_LATN":"Yozgat","NUTS_NAME":"Yozgat","MOUNT_TYPE":4,"URBN_TYPE":2,"COAST_TYPE":3,"NAME_ENGL":"Türkiye","NAME_FREN":"Turquie","ISO3_CODE":"TUR","SVRG_UN":"UN Member State","CAPT":"Ankara","EU_STAT":"F","EFTA_STAT":"F","CC_STAT":"T","NAME_GERM":"Türkei"},"id":"TR723"},{"arcs":[[4558,-4306,-4304,4559,4560]],"type":"Polygon","properties":{"NUTS_ID":"TR811","LEVL_CODE":3,"CNTR_CODE":"TR","NAME_LATN":"Zonguldak","NUTS_NAME":"Zonguldak","MOUNT_TYPE":3,"URBN_TYPE":1,"COAST_TYPE":1,"NAME_ENGL":"Türkiye","NAME_FREN":"Turquie","ISO3_CODE":"TUR","SVRG_UN":"UN Member State","CAPT":"Ankara","EU_STAT":"F","EFTA_STAT":"F","CC_STAT":"T","NAME_GERM":"Türkei"},"id":"TR811"},{"arcs":[[4561,-4307,-4559,4562,4563]],"type":"Polygon","properties":{"NUTS_ID":"TR812","LEVL_CODE":3,"CNTR_CODE":"TR","NAME_LATN":"Karabük","NUTS_NAME":"Karabük","MOUNT_TYPE":3,"URBN_TYPE":2,"COAST_TYPE":3,"NAME_ENGL":"Türkiye","NAME_FREN":"Turquie","ISO3_CODE":"TUR","SVRG_UN":"UN Member State","CAPT":"Ankara","EU_STAT":"F","EFTA_STAT":"F","CC_STAT":"T","NAME_GERM":"Türkei"},"id":"TR812"},{"arcs":[[-4563,-4561,4564,4565]],"type":"Polygon","properties":{"NUTS_ID":"TR813","LEVL_CODE":3,"CNTR_CODE":"TR","NAME_LATN":"Bartın","NUTS_NAME":"Bartın","MOUNT_TYPE":3,"URBN_TYPE":2,"COAST_TYPE":1,"NAME_ENGL":"Türkiye","NAME_FREN":"Turquie","ISO3_CODE":"TUR","SVRG_UN":"UN Member State","CAPT":"Ankara","EU_STAT":"F","EFTA_STAT":"F","CC_STAT":"T","NAME_GERM":"Türkei"},"id":"TR813"},{"arcs":[[4566,4567,4568,-4564,-4566,4569]],"type":"Polygon","properties":{"NUTS_ID":"TR821","LEVL_CODE":3,"CNTR_CODE":"TR","NAME_LATN":"Kastamonu","NUTS_NAME":"Kastamonu","MOUNT_TYPE":3,"URBN_TYPE":2,"COAST_TYPE":1,"NAME_ENGL":"Türkiye","NAME_FREN":"Turquie","ISO3_CODE":"TUR","SVRG_UN":"UN Member State","CAPT":"Ankara","EU_STAT":"F","EFTA_STAT":"F","CC_STAT":"T","NAME_GERM":"Türkei"},"id":"TR821"},{"arcs":[[4570,-4538,-3581,-4305,-4562,-4569]],"type":"Polygon","properties":{"NUTS_ID":"TR822","LEVL_CODE":3,"CNTR_CODE":"TR","NAME_LATN":"Çankırı","NUTS_NAME":"Çankırı","MOUNT_TYPE":3,"URBN_TYPE":3,"COAST_TYPE":3,"NAME_ENGL":"Türkiye","NAME_FREN":"Turquie","ISO3_CODE":"TUR","SVRG_UN":"UN Member State","CAPT":"Ankara","EU_STAT":"F","EFTA_STAT":"F","CC_STAT":"T","NAME_GERM":"Türkei"},"id":"TR822"},{"arcs":[[4571,4572,-4567,4573]],"type":"Polygon","properties":{"NUTS_ID":"TR823","LEVL_CODE":3,"CNTR_CODE":"TR","NAME_LATN":"Sinop","NUTS_NAME":"Sinop","MOUNT_TYPE":3,"URBN_TYPE":2,"COAST_TYPE":1,"NAME_ENGL":"Türkiye","NAME_FREN":"Turquie","ISO3_CODE":"TUR","SVRG_UN":"UN Member State","CAPT":"Ankara","EU_STAT":"F","EFTA_STAT":"F","CC_STAT":"T","NAME_GERM":"Türkei"},"id":"TR823"},{"arcs":[[4574,4575,4576,4577,-4572,4578]],"type":"Polygon","properties":{"NUTS_ID":"TR831","LEVL_CODE":3,"CNTR_CODE":"TR","NAME_LATN":"Samsun","NUTS_NAME":"Samsun","MOUNT_TYPE":2,"URBN_TYPE":2,"COAST_TYPE":1,"NAME_ENGL":"Türkiye","NAME_FREN":"Turquie","ISO3_CODE":"TUR","SVRG_UN":"UN Member State","CAPT":"Ankara","EU_STAT":"F","EFTA_STAT":"F","CC_STAT":"T","NAME_GERM":"Türkei"},"id":"TR831"},{"arcs":[[-4553,-4556,4579,-4576,4580]],"type":"Polygon","properties":{"NUTS_ID":"TR832","LEVL_CODE":3,"CNTR_CODE":"TR","NAME_LATN":"Tokat","NUTS_NAME":"Tokat","MOUNT_TYPE":3,"URBN_TYPE":2,"COAST_TYPE":3,"NAME_ENGL":"Türkiye","NAME_FREN":"Turquie","ISO3_CODE":"TUR","SVRG_UN":"UN Member State","CAPT":"Ankara","EU_STAT":"F","EFTA_STAT":"F","CC_STAT":"T","NAME_GERM":"Türkei"},"id":"TR832"},{"arcs":[[-4578,4581,-4557,-4535,-4571,-4568,-4573]],"type":"Polygon","properties":{"NUTS_ID":"TR833","LEVL_CODE":3,"CNTR_CODE":"TR","NAME_LATN":"Çorum","NUTS_NAME":"Çorum","MOUNT_TYPE":2,"URBN_TYPE":2,"COAST_TYPE":3,"NAME_ENGL":"Türkiye","NAME_FREN":"Turquie","ISO3_CODE":"TUR","SVRG_UN":"UN Member State","CAPT":"Ankara","EU_STAT":"F","EFTA_STAT":"F","CC_STAT":"T","NAME_GERM":"Türkei"},"id":"TR833"},{"arcs":[[-4580,-4558,-4582,-4577]],"type":"Polygon","properties":{"NUTS_ID":"TR834","LEVL_CODE":3,"CNTR_CODE":"TR","NAME_LATN":"Amasya","NUTS_NAME":"Amasya","MOUNT_TYPE":3,"URBN_TYPE":2,"COAST_TYPE":3,"NAME_ENGL":"Türkiye","NAME_FREN":"Turquie","ISO3_CODE":"TUR","SVRG_UN":"UN Member State","CAPT":"Ankara","EU_STAT":"F","EFTA_STAT":"F","CC_STAT":"T","NAME_GERM":"Türkei"},"id":"TR834"},{"arcs":[[4582,4583,4584,4585,4586]],"type":"Polygon","properties":{"NUTS_ID":"TR901","LEVL_CODE":3,"CNTR_CODE":"TR","NAME_LATN":"Trabzon","NUTS_NAME":"Trabzon","MOUNT_TYPE":3,"URBN_TYPE":1,"COAST_TYPE":1,"NAME_ENGL":"Türkiye","NAME_FREN":"Turquie","ISO3_CODE":"TUR","SVRG_UN":"UN Member State","CAPT":"Ankara","EU_STAT":"F","EFTA_STAT":"F","CC_STAT":"T","NAME_GERM":"Türkei"},"id":"TR901"},{"arcs":[[4587,-4554,-4581,-4575,4588]],"type":"Polygon","properties":{"NUTS_ID":"TR902","LEVL_CODE":3,"CNTR_CODE":"TR","NAME_LATN":"Ordu","NUTS_NAME":"Ordu","MOUNT_TYPE":3,"URBN_TYPE":2,"COAST_TYPE":1,"NAME_ENGL":"Türkiye","NAME_FREN":"Turquie","ISO3_CODE":"TUR","SVRG_UN":"UN Member State","CAPT":"Ankara","EU_STAT":"F","EFTA_STAT":"F","CC_STAT":"T","NAME_GERM":"Türkei"},"id":"TR902"},{"arcs":[[4589,4590,-4555,-4588,4591,-4586]],"type":"Polygon","properties":{"NUTS_ID":"TR903","LEVL_CODE":3,"CNTR_CODE":"TR","NAME_LATN":"Giresun","NUTS_NAME":"Giresun","MOUNT_TYPE":3,"URBN_TYPE":2,"COAST_TYPE":1,"NAME_ENGL":"Türkiye","NAME_FREN":"Turquie","ISO3_CODE":"TUR","SVRG_UN":"UN Member State","CAPT":"Ankara","EU_STAT":"F","EFTA_STAT":"F","CC_STAT":"T","NAME_GERM":"Türkei"},"id":"TR903"},{"arcs":[[4592,4593,-4583,4594,4595]],"type":"Polygon","properties":{"NUTS_ID":"TR904","LEVL_CODE":3,"CNTR_CODE":"TR","NAME_LATN":"Rize","NUTS_NAME":"Rize","MOUNT_TYPE":3,"URBN_TYPE":2,"COAST_TYPE":1,"NAME_ENGL":"Türkiye","NAME_FREN":"Turquie","ISO3_CODE":"TUR","SVRG_UN":"UN Member State","CAPT":"Ankara","EU_STAT":"F","EFTA_STAT":"F","CC_STAT":"T","NAME_GERM":"Türkei"},"id":"TR904"},{"arcs":[[4596,4597,-4596,4598]],"type":"Polygon","properties":{"NUTS_ID":"TR905","LEVL_CODE":3,"CNTR_CODE":"TR","NAME_LATN":"Artvin","NUTS_NAME":"Artvin","MOUNT_TYPE":3,"URBN_TYPE":3,"COAST_TYPE":1,"NAME_ENGL":"Türkiye","NAME_FREN":"Turquie","ISO3_CODE":"TUR","SVRG_UN":"UN Member State","CAPT":"Ankara","EU_STAT":"F","EFTA_STAT":"F","CC_STAT":"T","NAME_GERM":"Türkei"},"id":"TR905"},{"arcs":[[4599,4600,-4590,-4585]],"type":"Polygon","properties":{"NUTS_ID":"TR906","LEVL_CODE":3,"CNTR_CODE":"TR","NAME_LATN":"Gümüşhane","NUTS_NAME":"Gümüşhane","MOUNT_TYPE":3,"URBN_TYPE":3,"COAST_TYPE":3,"NAME_ENGL":"Türkiye","NAME_FREN":"Turquie","ISO3_CODE":"TUR","SVRG_UN":"UN Member State","CAPT":"Ankara","EU_STAT":"F","EFTA_STAT":"F","CC_STAT":"T","NAME_GERM":"Türkei"},"id":"TR906"},{"arcs":[[4601,4602,4603,4604,4605,4606,4607,-4593,-4598]],"type":"Polygon","properties":{"NUTS_ID":"TRA11","LEVL_CODE":3,"CNTR_CODE":"TR","NAME_LATN":"Erzurum","NUTS_NAME":"Erzurum","MOUNT_TYPE":3,"URBN_TYPE":2,"COAST_TYPE":3,"NAME_ENGL":"Türkiye","NAME_FREN":"Turquie","ISO3_CODE":"TUR","SVRG_UN":"UN Member State","CAPT":"Ankara","EU_STAT":"F","EFTA_STAT":"F","CC_STAT":"T","NAME_GERM":"Türkei"},"id":"TRA11"},{"arcs":[[-4601,4608,-4607,4609,4610,4611,4612,-4550,-4591]],"type":"Polygon","properties":{"NUTS_ID":"TRA12","LEVL_CODE":3,"CNTR_CODE":"TR","NAME_LATN":"Erzincan","NUTS_NAME":"Erzincan","MOUNT_TYPE":3,"URBN_TYPE":2,"COAST_TYPE":3,"NAME_ENGL":"Türkiye","NAME_FREN":"Turquie","ISO3_CODE":"TUR","SVRG_UN":"UN Member State","CAPT":"Ankara","EU_STAT":"F","EFTA_STAT":"F","CC_STAT":"T","NAME_GERM":"Türkei"},"id":"TRA12"},{"arcs":[[-4594,-4608,-4609,-4600,-4584]],"type":"Polygon","properties":{"NUTS_ID":"TRA13","LEVL_CODE":3,"CNTR_CODE":"TR","NAME_LATN":"Bayburt","NUTS_NAME":"Bayburt","MOUNT_TYPE":3,"URBN_TYPE":3,"COAST_TYPE":3,"NAME_ENGL":"Türkiye","NAME_FREN":"Turquie","ISO3_CODE":"TUR","SVRG_UN":"UN Member State","CAPT":"Ankara","EU_STAT":"F","EFTA_STAT":"F","CC_STAT":"T","NAME_GERM":"Türkei"},"id":"TRA13"},{"arcs":[[4613,4614,4615,4616,-4604,4617,4618]],"type":"Polygon","properties":{"NUTS_ID":"TRA21","LEVL_CODE":3,"CNTR_CODE":"TR","NAME_LATN":"Ağrı","NUTS_NAME":"Ağrı","MOUNT_TYPE":3,"URBN_TYPE":2,"COAST_TYPE":3,"NAME_ENGL":"Türkiye","NAME_FREN":"Turquie","ISO3_CODE":"TUR","SVRG_UN":"UN Member State","CAPT":"Ankara","EU_STAT":"F","EFTA_STAT":"F","CC_STAT":"T","NAME_GERM":"Türkei"},"id":"TRA21"},{"arcs":[[4619,4620,-4618,-4603,4621]],"type":"Polygon","properties":{"NUTS_ID":"TRA22","LEVL_CODE":3,"CNTR_CODE":"TR","NAME_LATN":"Kars","NUTS_NAME":"Kars","MOUNT_TYPE":3,"URBN_TYPE":2,"COAST_TYPE":3,"NAME_ENGL":"Türkiye","NAME_FREN":"Turquie","ISO3_CODE":"TUR","SVRG_UN":"UN Member State","CAPT":"Ankara","EU_STAT":"F","EFTA_STAT":"F","CC_STAT":"T","NAME_GERM":"Türkei"},"id":"TRA22"},{"arcs":[[-4619,-4621,4622]],"type":"Polygon","properties":{"NUTS_ID":"TRA23","LEVL_CODE":3,"CNTR_CODE":"TR","NAME_LATN":"Iğdır","NUTS_NAME":"Iğdır","MOUNT_TYPE":2,"URBN_TYPE":2,"COAST_TYPE":3,"NAME_ENGL":"Türkiye","NAME_FREN":"Turquie","ISO3_CODE":"TUR","SVRG_UN":"UN Member State","CAPT":"Ankara","EU_STAT":"F","EFTA_STAT":"F","CC_STAT":"T","NAME_GERM":"Türkei"},"id":"TRA23"},{"arcs":[[-4622,-4602,-4597,4623]],"type":"Polygon","properties":{"NUTS_ID":"TRA24","LEVL_CODE":3,"CNTR_CODE":"TR","NAME_LATN":"Ardahan","NUTS_NAME":"Ardahan","MOUNT_TYPE":3,"URBN_TYPE":2,"COAST_TYPE":3,"NAME_ENGL":"Türkiye","NAME_FREN":"Turquie","ISO3_CODE":"TUR","SVRG_UN":"UN Member State","CAPT":"Ankara","EU_STAT":"F","EFTA_STAT":"F","CC_STAT":"T","NAME_GERM":"Türkei"},"id":"TRA24"},{"arcs":[[4624,4625,4626,-3619,-4551,-4613]],"type":"Polygon","properties":{"NUTS_ID":"TRB11","LEVL_CODE":3,"CNTR_CODE":"TR","NAME_LATN":"Malatya","NUTS_NAME":"Malatya","MOUNT_TYPE":3,"URBN_TYPE":2,"COAST_TYPE":3,"NAME_ENGL":"Türkiye","NAME_FREN":"Turquie","ISO3_CODE":"TUR","SVRG_UN":"UN Member State","CAPT":"Ankara","EU_STAT":"F","EFTA_STAT":"F","CC_STAT":"T","NAME_GERM":"Türkei"},"id":"TRB11"},{"arcs":[[4627,-4625,-4612,4628,4629]],"type":"Polygon","properties":{"NUTS_ID":"TRB12","LEVL_CODE":3,"CNTR_CODE":"TR","NAME_LATN":"Elazığ","NUTS_NAME":"Elazığ","MOUNT_TYPE":3,"URBN_TYPE":2,"COAST_TYPE":3,"NAME_ENGL":"Türkiye","NAME_FREN":"Turquie","ISO3_CODE":"TUR","SVRG_UN":"UN Member State","CAPT":"Ankara","EU_STAT":"F","EFTA_STAT":"F","CC_STAT":"T","NAME_GERM":"Türkei"},"id":"TRB12"},{"arcs":[[4630,4631,-4630,4632,-4610,-4606]],"type":"Polygon","properties":{"NUTS_ID":"TRB13","LEVL_CODE":3,"CNTR_CODE":"TR","NAME_LATN":"Bingöl","NUTS_NAME":"Bingöl","MOUNT_TYPE":3,"URBN_TYPE":3,"COAST_TYPE":3,"NAME_ENGL":"Türkiye","NAME_FREN":"Turquie","ISO3_CODE":"TUR","SVRG_UN":"UN Member State","CAPT":"Ankara","EU_STAT":"F","EFTA_STAT":"F","CC_STAT":"T","NAME_GERM":"Türkei"},"id":"TRB13"},{"arcs":[[-4633,-4629,-4611]],"type":"Polygon","properties":{"NUTS_ID":"TRB14","LEVL_CODE":3,"CNTR_CODE":"TR","NAME_LATN":"Tunceli","NUTS_NAME":"Tunceli","MOUNT_TYPE":3,"URBN_TYPE":3,"COAST_TYPE":3,"NAME_ENGL":"Türkiye","NAME_FREN":"Turquie","ISO3_CODE":"TUR","SVRG_UN":"UN Member State","CAPT":"Ankara","EU_STAT":"F","EFTA_STAT":"F","CC_STAT":"T","NAME_GERM":"Türkei"},"id":"TRB14"},{"arcs":[[4633,4634,-4321,-4322,4635,-4615]],"type":"Polygon","properties":{"NUTS_ID":"TRB21","LEVL_CODE":3,"CNTR_CODE":"TR","NAME_LATN":"Van","NUTS_NAME":"Van","MOUNT_TYPE":3,"URBN_TYPE":2,"COAST_TYPE":3,"NAME_ENGL":"Türkiye","NAME_FREN":"Turquie","ISO3_CODE":"TUR","SVRG_UN":"UN Member State","CAPT":"Ankara","EU_STAT":"F","EFTA_STAT":"F","CC_STAT":"T","NAME_GERM":"Türkei"},"id":"TRB21"},{"arcs":[[4636,-4316,4637,-4631,-4605,-4617]],"type":"Polygon","properties":{"NUTS_ID":"TRB22","LEVL_CODE":3,"CNTR_CODE":"TR","NAME_LATN":"Muş","NUTS_NAME":"Muş","MOUNT_TYPE":3,"URBN_TYPE":2,"COAST_TYPE":3,"NAME_ENGL":"Türkiye","NAME_FREN":"Turquie","ISO3_CODE":"TUR","SVRG_UN":"UN Member State","CAPT":"Ankara","EU_STAT":"F","EFTA_STAT":"F","CC_STAT":"T","NAME_GERM":"Türkei"},"id":"TRB22"},{"arcs":[[-4323,-4317,-4637,-4616,-4636]],"type":"Polygon","properties":{"NUTS_ID":"TRB23","LEVL_CODE":3,"CNTR_CODE":"TR","NAME_LATN":"Bitlis","NUTS_NAME":"Bitlis","MOUNT_TYPE":3,"URBN_TYPE":2,"COAST_TYPE":3,"NAME_ENGL":"Türkiye","NAME_FREN":"Turquie","ISO3_CODE":"TUR","SVRG_UN":"UN Member State","CAPT":"Ankara","EU_STAT":"F","EFTA_STAT":"F","CC_STAT":"T","NAME_GERM":"Türkei"},"id":"TRB23"},{"arcs":[[4638,-4318,-4635]],"type":"Polygon","properties":{"NUTS_ID":"TRB24","LEVL_CODE":3,"CNTR_CODE":"TR","NAME_LATN":"Hakkari","NUTS_NAME":"Hakkari","MOUNT_TYPE":3,"URBN_TYPE":2,"COAST_TYPE":3,"NAME_ENGL":"Türkiye","NAME_FREN":"Turquie","ISO3_CODE":"TUR","SVRG_UN":"UN Member State","CAPT":"Ankara","EU_STAT":"F","EFTA_STAT":"F","CC_STAT":"T","NAME_GERM":"Türkei"},"id":"TRB24"},{"arcs":[[4639,4640,4641,4642,-3611,-4534,-3615,4643]],"type":"Polygon","properties":{"NUTS_ID":"TRC11","LEVL_CODE":3,"CNTR_CODE":"TR","NAME_LATN":"Gaziantep","NUTS_NAME":"Gaziantep","MOUNT_TYPE":2,"URBN_TYPE":1,"COAST_TYPE":3,"NAME_ENGL":"Türkiye","NAME_FREN":"Turquie","ISO3_CODE":"TUR","SVRG_UN":"UN Member State","CAPT":"Ankara","EU_STAT":"F","EFTA_STAT":"F","CC_STAT":"T","NAME_GERM":"Türkei"},"id":"TRC11"},{"arcs":[[4644,4645,-4644,-3614,-4627]],"type":"Polygon","properties":{"NUTS_ID":"TRC12","LEVL_CODE":3,"CNTR_CODE":"TR","NAME_LATN":"Adıyaman","NUTS_NAME":"Adıyaman","MOUNT_TYPE":3,"URBN_TYPE":2,"COAST_TYPE":3,"NAME_ENGL":"Türkiye","NAME_FREN":"Turquie","ISO3_CODE":"TUR","SVRG_UN":"UN Member State","CAPT":"Ankara","EU_STAT":"F","EFTA_STAT":"F","CC_STAT":"T","NAME_GERM":"Türkei"},"id":"TRC12"},{"arcs":[[4646,-4642]],"type":"Polygon","properties":{"NUTS_ID":"TRC13","LEVL_CODE":3,"CNTR_CODE":"TR","NAME_LATN":"Kilis","NUTS_NAME":"Kilis","MOUNT_TYPE":3,"URBN_TYPE":2,"COAST_TYPE":2,"NAME_ENGL":"Türkiye","NAME_FREN":"Turquie","ISO3_CODE":"TUR","SVRG_UN":"UN Member State","CAPT":"Ankara","EU_STAT":"F","EFTA_STAT":"F","CC_STAT":"T","NAME_GERM":"Türkei"},"id":"TRC13"},{"arcs":[[-4311,4647,-4640,-4646,4648]],"type":"Polygon","properties":{"NUTS_ID":"TRC21","LEVL_CODE":3,"CNTR_CODE":"TR","NAME_LATN":"Şanlıurfa","NUTS_NAME":"Şanlıurfa","MOUNT_TYPE":4,"URBN_TYPE":2,"COAST_TYPE":3,"NAME_ENGL":"Türkiye","NAME_FREN":"Turquie","ISO3_CODE":"TUR","SVRG_UN":"UN Member State","CAPT":"Ankara","EU_STAT":"F","EFTA_STAT":"F","CC_STAT":"T","NAME_GERM":"Türkei"},"id":"TRC21"},{"arcs":[[-4315,-4312,-4649,-4645,-4626,-4628,-4632,-4638]],"type":"Polygon","properties":{"NUTS_ID":"TRC22","LEVL_CODE":3,"CNTR_CODE":"TR","NAME_LATN":"Diyarbakır","NUTS_NAME":"Diyarbakır","MOUNT_TYPE":4,"URBN_TYPE":2,"COAST_TYPE":3,"NAME_ENGL":"Türkiye","NAME_FREN":"Turquie","ISO3_CODE":"TUR","SVRG_UN":"UN Member State","CAPT":"Ankara","EU_STAT":"F","EFTA_STAT":"F","CC_STAT":"T","NAME_GERM":"Türkei"},"id":"TRC22"},{"arcs":[[[4649]],[[4650]],[[4651]],[[4652]],[[4653]],[[4654]],[[4655]],[[4656]],[[4657]],[[4658]],[[4659]],[[4660]],[[4661]],[[4662]],[[4663]],[[4664]],[[4665]]],"type":"MultiPolygon","properties":{"NUTS_ID":"NO0B2","LEVL_CODE":3,"CNTR_CODE":"NO","NAME_LATN":"Svalbard","NUTS_NAME":"Svalbard","MOUNT_TYPE":3,"URBN_TYPE":3,"COAST_TYPE":1,"NAME_ENGL":"Norway","NAME_FREN":"Norvège","ISO3_CODE":"NOR","SVRG_UN":"UN Member State","CAPT":"Oslo","EU_STAT":"F","EFTA_STAT":"T","CC_STAT":"F","NAME_GERM":"Norwegen"},"id":"NO0B2"},{"arcs":[[4666]],"type":"Polygon","properties":{"NUTS_ID":"NO0B1","LEVL_CODE":3,"CNTR_CODE":"NO","NAME_LATN":"Jan Mayen","NUTS_NAME":"Jan Mayen","MOUNT_TYPE":3,"URBN_TYPE":3,"COAST_TYPE":1,"NAME_ENGL":"Norway","NAME_FREN":"Norvège","ISO3_CODE":"NOR","SVRG_UN":"UN Member State","CAPT":"Oslo","EU_STAT":"F","EFTA_STAT":"T","CC_STAT":"F","NAME_GERM":"Norwegen"},"id":"NO0B1"}]}}}