nuts_id,region_name,country_name,2014_total_pop,2015_total_pop,2017_total_pop,2018_total_pop,2019_total_pop,2014_0-14_male,2014_0-14_female,2014_15-64_male,2014_15-64_female,2014_65+_male,2014_65+_female,2015_0-14_male,2015_0-14_female,2015_15-64_male,2015_15-64_female,2015_65+_male,2015_65+_female,2017_0-14_male,2017_0-14_female,2017_15-64_male,2017_15-64_female,2017_65+_male,2017_65+_female,2018_0-14_male,2018_0-14_female,2018_15-64_male,2018_15-64_female,2018_65+_male,2018_65+_female,2019_0-14_male,2019_0-14_female,2019_15-64_male,2019_15-64_female,2019_65+_male,2019_65+_female
AL011,Dibër,Albania,134332,131054,125579,120978,118948,11.354,10.2827,34.7356,32.3423,5.5668,5.7187,11.2076,10.0501,34.8955,32.2043,5.761,5.8815,10.9119,9.8591,35.2113,31.5602,6.228,6.2295,10.7623,9.8613,34.9097,31.5661,6.4723,6.4284,10.5786,9.9077,34.7673,31.3196,6.7324,6.6945
AL012,Durrës,Albania,276058,277989,284823,289626,290126,10.0218,9.0843,34.9278,33.5669,6.0063,6.3929,9.8101,8.9219,35.0532,33.3046,6.269,6.6413,9.3539,8.6527,35.1467,33.4014,6.5451,6.9001,9.0727,8.5241,34.9692,33.6852,6.7055,7.0432,8.8041,8.4153,34.8421,33.6636,6.9387,7.3361
AL013,Kukës,Albania,84306,82428,79559,77395,76594,11.3693,10.3789,33.8813,32.6608,5.6841,6.0257,11.2183,10.1228,33.9339,32.5375,5.9337,6.2539,11.0949,10.019,33.8491,31.7488,6.4958,6.7924,10.9839,10.0123,33.634,31.6958,6.6477,7.0263,10.8403,9.9969,33.4909,31.445,6.9849,7.2421
AL014,Lezhë,Albania,133748,131829,129019,126800,125195,10.3755,9.4656,34.3923,33.3283,5.9597,6.4786,10.1958,9.2317,34.5068,33.0777,6.2194,6.7686,9.6025,8.9545,34.6585,32.999,6.6169,7.1687,9.2137,8.8951,34.1136,33.4779,6.8304,7.4692,8.9125,8.8214,33.6922,33.6259,7.1433,7.8046
AL015,Shkodër,Albania,216477,213148,207924,204994,202895,10.2117,9.6006,34.0604,34.308,5.6131,6.2062,9.9471,9.272,34.196,34.362,5.8274,6.3956,9.3279,8.7652,34.2539,34.7473,6.1335,6.7722,8.95,8.5427,33.9161,35.3001,6.3338,6.9573,8.6636,8.3945,33.7332,35.4474,6.527,7.2343
AL021,Elbasan,Albania,294938,290666,283822,278548,274982,10.5799,9.6824,34.3733,33.3968,5.8127,6.1549,10.3283,9.4486,34.443,33.2715,6.0871,6.4215,9.7688,9.1529,34.5283,33.1458,6.5298,6.8744,9.384,9.0297,34.118,33.5264,6.7938,7.1481,9.1071,8.8533,33.7964,33.6757,7.1026,7.4649
AL022,Tiranë,Albania,816222,834151,862361,883996,895160,9.7347,9.0878,34.1604,34.9323,5.727,6.3577,9.4658,8.8261,34.2847,34.9312,5.9264,6.5658,9.0608,8.432,34.3723,35.1441,6.1882,6.8026,8.8447,8.2345,34.2371,35.3874,6.3432,6.953,8.6915,8.0848,34.1398,35.3431,6.5465,7.1942
AL031,Berat,Albania,141114,138365,131942,127432,125157,10.3264,9.4151,34.8591,33.3376,5.8605,6.2014,10.0011,9.0839,35.084,33.3032,6.107,6.4207,9.4549,8.7614,35.0707,33.3025,6.5552,6.8553,8.9868,8.6234,34.6216,33.7804,6.8272,7.1607,8.6132,8.4166,34.3776,34.0261,7.1207,7.4458
AL032,Fier,Albania,312248,308014,302507,298144,294747,10.4401,9.3983,35.1352,33.066,5.8261,6.1342,10.1323,9.0775,35.3708,32.9677,6.076,6.3757,9.5304,8.7555,35.4346,33.1093,6.4468,6.7235,9.1248,8.625,35.0639,33.5083,6.7045,6.9735,8.7387,8.4411,34.9517,33.6268,6.9884,7.2533
AL033,Gjirokastër,Albania,71567,69557,65939,62951,61423,9.9767,8.9385,35.0371,33.8662,5.891,6.2906,9.5806,8.4794,35.21,34.034,6.1374,6.5586,8.8734,8.1606,34.8352,34.3211,6.6273,7.1824,8.3875,7.9284,34.1551,34.924,6.8752,7.7298,7.9872,7.7088,33.7496,35.2474,7.1993,8.1077
AL034,Korcë,Albania,223029,220196,214321,210179,207889,10.5318,9.5234,34.6224,33.7593,5.6163,5.9468,10.2095,9.1487,34.849,33.8753,5.788,6.1295,9.6192,8.792,34.8426,34.1828,6.0871,6.4763,9.2221,8.5898,34.4925,34.7014,6.2813,6.7128,8.8316,8.3347,34.3515,34.9167,6.5496,7.0158
AL035,Vlorë,Albania,188355,188399,188795,189281,189311,9.7311,8.7967,35.2441,34.0899,5.8745,6.2637,9.4395,8.4884,35.4811,34.0793,6.0563,6.4554,8.809,8.0251,35.4888,34.3394,6.4716,6.8662,8.3844,7.7948,35.172,34.7563,6.7413,7.1513,8.0233,7.5511,35.1131,34.8247,7.0345,7.4533
AT111,Mittelburgenland,Austria,37534,37622,37752,37661,37513,6.4262,6.2237,33.1912,32.1602,9.3515,12.6472,6.3606,6.2331,33.1216,31.9786,9.5822,12.7239,6.2964,6.2699,32.9863,31.6036,9.9359,12.9079,6.2452,6.293,32.7049,31.441,10.2122,13.1037,6.2778,6.2885,32.3621,31.3678,10.4577,13.2461
AT112,Nordburgenland,Austria,152539,153637,156735,157840,158981,6.9471,6.6449,33.5658,33.4714,8.3271,11.0437,6.9625,6.628,33.3689,33.3227,8.5409,11.177,7.0948,6.6935,33.0966,32.9543,8.8985,11.2623,7.0952,6.696,32.8377,32.9238,9.0813,11.3659,7.0902,6.6933,32.6284,32.8454,9.2722,11.4706
AT113,Südburgenland,Austria,97343,97097,97455,97174,96939,6.437,6.1545,33.5176,32.8817,8.8995,12.1098,6.4152,6.1155,33.3666,32.6117,9.2052,12.2857,6.4758,6.0859,33.1137,32.1666,9.6681,12.4899,6.4606,6.1179,32.7495,32.0477,9.9595,12.6649,6.4082,5.9986,32.539,32.0129,10.1992,12.8421
AT121,Mostviertel-Eisenwurzen,Austria,241727,242689,245671,246050,246740,7.9813,7.5234,34.019,32.7109,7.6487,10.1168,7.9666,7.5001,33.9253,32.629,7.7688,10.2102,8.1043,7.5337,33.8335,32.4287,7.9094,10.1905,8.1081,7.5342,33.7118,32.3796,8.0211,10.2451,8.0838,7.5265,33.6699,32.2518,8.1414,10.3267
AT122,Niederösterreich-Süd,Austria,254011,255720,259655,259630,260480,7.3721,6.9839,33.0332,32.7529,8.5721,11.2857,7.3084,6.992,33.096,32.629,8.6391,11.3354,7.4499,7.0698,33.0323,32.3841,8.7189,11.3451,7.4044,7.0523,32.8984,32.3399,8.8422,11.4629,7.4109,7.0501,32.8148,32.2839,8.9389,11.5015
AT123,Sankt Pölten,Austria,149510,150657,154045,154885,155446,7.5152,7.0825,33.369,33.1383,8.176,10.719,7.4846,7.0146,33.403,33.0911,8.2777,10.729,7.551,7.0888,33.3805,32.9118,8.3742,10.6936,7.5766,7.1008,33.3131,32.794,8.4695,10.746,7.5808,7.1124,33.1691,32.7432,8.5682,10.8263
AT124,Waldviertel,Austria,218249,218129,219513,218161,217445,6.7368,6.4436,33.3953,32.0492,9.1835,12.1916,6.6841,6.4146,33.3211,31.954,9.383,12.2432,6.8534,6.4516,33.2317,31.6555,9.5457,12.2621,6.7647,6.4086,33.1219,31.5959,9.7226,12.3863,6.7272,6.4315,32.9398,31.4677,9.9092,12.5245
AT125,Weinviertel,Austria,123141,123544,124939,124893,124967,6.6769,6.2546,33.7913,32.5302,8.9337,11.8133,6.6486,6.2334,33.605,32.4055,9.1927,11.9148,6.64,6.4031,33.4539,32.1013,9.451,11.9506,6.6433,6.3318,33.1628,32.1331,9.6787,12.0503,6.6177,6.3177,33.0255,32.0693,9.8754,12.0944
AT126,Wiener Umland/Nordteil,Austria,312952,316251,323987,327072,330362,7.5309,7.1183,33.1099,33.4594,8.3387,10.4428,7.5329,7.0782,33.0197,33.3254,8.4708,10.5729,7.6127,7.1562,32.9405,33.1655,8.534,10.5912,7.594,7.1761,32.8964,33.1104,8.6048,10.6182,7.5814,7.2233,32.8089,33.0583,8.6641,10.6641
AT127,Wiener Umland/Südteil,Austria,325895,329788,337943,339977,342102,7.4951,7.1087,32.4476,33.497,8.5018,10.9498,7.4988,7.0955,32.416,33.3575,8.5837,11.0486,7.5001,7.1394,32.5552,33.081,8.6083,11.1161,7.4849,7.114,32.501,33.0775,8.6674,11.1552,7.4811,7.095,32.4225,33.0571,8.7135,11.2309
AT130,Wien,Austria,1766746,1797337,1867582,1888776,1897491,7.3434,6.9258,33.885,34.8433,6.9163,10.0861,7.3676,6.9352,33.9851,34.7904,6.9206,10.0011,7.4697,6.9962,34.3935,34.612,6.816,9.7127,7.5203,7.0316,34.412,34.5819,6.817,9.6371,7.5254,7.0574,34.3868,34.5642,6.8366,9.6297
AT211,Klagenfurt-Villach,Austria,279347,281395,285523,286579,287528,6.8155,6.4268,32.7639,33.9281,8.3853,11.6805,6.7897,6.423,32.7451,33.7415,8.5243,11.7763,6.8411,6.5011,32.6531,33.3493,8.7296,11.9258,6.8861,6.4977,32.471,33.1933,8.8855,12.0665,6.8776,6.4922,32.3179,33.1091,9.0409,12.1623
AT212,Oberkärnten,Austria,125600,125338,124975,124389,124252,6.9785,6.5669,32.9721,32.422,9.1704,11.8901,6.879,6.4976,32.8751,32.2648,9.3563,12.1272,6.867,6.4117,32.6361,31.9664,9.6707,12.4481,6.8591,6.3744,32.4747,31.801,9.8666,12.6241,6.7629,6.3725,32.3053,31.6244,10.1262,12.8086
AT213,Unterkärnten,Austria,150934,150908,150579,149930,149159,7.1382,6.8639,33.669,32.1969,8.4858,11.6461,7.0725,6.7935,33.6165,32.0341,8.6655,11.8178,7.0634,6.7639,33.3672,31.8484,8.9893,11.9678,7.046,6.7532,33.1481,31.7401,9.1856,12.127,6.9751,6.6821,33.0144,31.6541,9.398,12.2762
AT221,Graz,Austria,415657,421304,434969,439236,443066,6.8785,6.4731,34.6899,34.5294,7.2172,10.2118,6.8737,6.4274,34.7782,34.4255,7.2651,10.2301,7.0223,6.5402,34.9471,34.1169,7.2405,10.1329,7.08,6.5992,34.9495,33.961,7.2733,10.1369,7.112,6.6351,34.942,33.8453,7.3156,10.15
AT222,Liezen,Austria,78893,79574,80011,80082,79901,7.0323,6.5494,32.572,32.5339,9.0895,12.2229,6.947,6.472,32.4252,32.3837,9.3397,12.4325,6.919,6.4791,32.2943,31.9706,9.7449,12.592,6.9092,6.4671,32.1795,31.8698,9.8749,12.6995,6.841,6.4955,32.0797,31.7831,10.0312,12.7696
AT223,Östliche Obersteiermark,Austria,162626,161767,160777,159888,159044,6.0396,5.7395,32.5348,31.4907,10.2364,13.959,6.0272,5.6977,32.6198,31.3785,10.3155,13.9614,6.1178,5.79,32.5034,31.0623,10.4779,14.0487,6.1405,5.7984,32.3189,30.9867,10.6055,14.1499,6.1536,5.7651,32.2351,30.8959,10.697,14.2533
AT224,Oststeiermark,Austria,266450,264950,266343,266518,266912,7.1875,6.7731,34.492,32.9086,7.8807,10.7581,7.1704,6.8009,34.3827,32.7718,8.0532,10.8209,7.2039,6.8239,34.0955,32.4675,8.4016,11.0076,7.2258,6.8378,33.8555,32.3824,8.6002,11.0983,7.2297,6.8281,33.6785,32.2121,8.8078,11.2438
AT225,West- und Südsteiermark,Austria,189839,192555,194192,194100,194466,6.8105,6.5856,34.1194,33.284,8.178,11.0225,6.715,6.4968,34.1627,33.056,8.3737,11.1958,6.7608,6.5487,33.9525,32.7192,8.6919,11.3269,6.7609,6.4956,33.8042,32.6795,8.8681,11.3916,6.7539,6.4952,33.6084,32.5682,9.0417,11.5326
AT226,Westliche Obersteiermark,Austria,101781,101420,101006,100390,99663,6.7066,6.3823,33.1997,31.9087,9.206,12.5967,6.689,6.3222,33.2301,31.6999,9.3621,12.6967,6.7224,6.3798,33.0248,31.4367,9.5598,12.8765,6.6371,6.3164,32.8549,31.4145,9.7928,12.9844,6.6163,6.245,32.7012,31.3346,9.9887,13.1142
AT311,Innviertel,Austria,276781,278909,284192,286047,287640,7.6429,7.2595,34.6335,33.051,7.4113,10.0018,7.5871,7.2181,34.7102,32.9262,7.5258,10.0327,7.6645,7.2201,34.6153,32.7669,7.7113,10.0217,7.6603,7.2159,34.5408,32.6757,7.8298,10.0774,7.6759,7.2142,34.3697,32.5716,7.9951,10.1735
AT312,Linz-Wels,Austria,560587,567637,581728,587029,591781,7.5294,7.1773,33.7603,33.7275,7.5112,10.2942,7.5187,7.1942,33.7674,33.6289,7.5684,10.3224,7.6329,7.2797,33.8414,33.3444,7.6417,10.2598,7.685,7.3059,33.7668,33.211,7.7361,10.2952,7.7176,7.3216,33.7241,33.1067,7.8069,10.3231
AT313,Mühlviertel,Austria,204708,205212,208083,208483,209304,8.114,7.7711,35.0402,32.8224,7.0794,9.1731,8.0751,7.7651,34.9638,32.6799,7.2423,9.2738,8.1953,7.795,34.7131,32.3751,7.5215,9.4001,8.217,7.7949,34.4896,32.2942,7.6966,9.5077,8.2273,7.8135,34.2492,32.1709,7.9014,9.6377
AT314,Steyr-Kirchdorf,Austria,152309,152997,154978,155445,155486,7.6791,7.3371,33.6369,32.4662,8.0448,10.8359,7.6387,7.2845,33.6131,32.3582,8.1583,10.9473,7.7611,7.2281,33.6151,32.08,8.3451,10.9706,7.7011,7.2572,33.4974,32.0223,8.4544,11.0676,7.6824,7.2077,33.3721,31.9727,8.5905,11.1746
AT315,Traunviertel,Austria,231037,232496,236064,236572,237884,7.6399,7.2551,33.6206,33.0116,7.8347,10.6381,7.6565,7.219,33.5365,32.8702,7.9928,10.7249,7.6776,7.312,33.4397,32.5653,8.1906,10.8149,7.6712,7.3081,33.3091,32.4721,8.3471,10.8922,7.7092,7.2939,33.1884,32.3851,8.4474,10.9759
AT321,Lungau,Austria,20450,20458,20426,20344,20320,7.6186,7.2323,33.9609,32.3765,7.9902,10.8215,7.4396,7.1561,33.9818,32.3932,8.1142,10.915,7.2995,6.9715,33.9959,32.1992,8.3864,11.1476,7.3093,6.9259,33.8232,32.27,8.5726,11.0991,7.2146,6.8209,33.6417,32.2047,8.8337,11.2844
AT322,Pinzgau-Pongau,Austria,163578,164390,166795,167438,168035,7.8042,7.4246,33.7221,34.081,7.5114,9.4567,7.7712,7.3283,33.645,33.9431,7.7103,9.6022,7.7292,7.3593,33.5664,33.5514,7.9763,9.8174,7.7235,7.355,33.4297,33.4327,8.1057,9.9535,7.6895,7.3503,33.321,33.2633,8.2632,10.1128
AT323,Salzburg und Umgebung,Austria,350242,353727,362042,364797,366866,7.4591,7.1139,33.2502,34.266,7.6125,10.2983,7.4122,7.0781,33.2895,34.085,7.7266,10.4086,7.4323,7.0285,33.4406,33.7339,7.8496,10.5151,7.4334,7.0626,33.3276,33.5883,7.9609,10.6273,7.415,7.0737,33.2413,33.4885,8.0498,10.7317
AT331,Außerfern,Austria,31672,31691,32399,32532,32670,7.2525,6.8041,34.1374,33.6827,8.0765,10.0467,7.1314,6.8221,33.9339,33.4858,8.3936,10.2332,7.3675,6.9971,33.5751,32.9948,8.6546,10.4108,7.3005,6.8732,33.3579,32.8968,8.9204,10.6511,7.2758,6.884,33.3639,32.6599,8.9991,10.8173
AT332,Innsbruck,Austria,294259,299006,308290,310297,311428,7.0666,6.7118,34.0924,34.7007,7.4655,9.963,7.0139,6.6821,34.1816,34.5759,7.5611,9.9854,7.0745,6.7089,34.3316,34.3054,7.6334,9.9462,7.1625,6.7477,34.2227,34.1086,7.7239,10.0346,7.193,6.7842,34.1427,33.9363,7.7809,10.1629
AT333,Osttirol,Austria,48990,48896,48879,48833,48753,7.7853,7.3505,33.5334,32.5311,8.0261,10.7736,7.6918,7.2726,33.514,32.4341,8.2399,10.8475,7.6229,7.1155,33.5277,32.1222,8.5006,11.1111,7.5994,7.1304,33.3197,32.1074,8.6663,11.1769,7.5483,7.0949,33.1016,32.0698,8.8795,11.306
AT334,Tiroler Oberland,Austria,101177,101547,103190,103949,104418,8.1619,7.7419,34.7747,33.988,6.6823,8.6512,8.1204,7.6841,34.6953,33.9468,6.854,8.6994,8.0221,7.6868,34.6913,33.7048,7.0394,8.8555,8.0222,7.6499,34.6304,33.604,7.1343,8.9592,7.9957,7.6318,34.495,33.5316,7.2555,9.0904
AT335,Tiroler Unterland,Austria,245940,247686,253395,255529,257436,7.7478,7.3465,33.7989,34.062,7.5644,9.4804,7.6734,7.2475,33.7698,33.9466,7.7384,9.6243,7.733,7.289,33.6419,33.6822,7.8932,9.7607,7.7048,7.2955,33.6032,33.5895,7.9725,9.8345,7.7297,7.2667,33.4813,33.4961,8.0688,9.9574
AT341,Bludenz-Bregenzer Wald,Austria,87974,88571,90847,91399,91889,8.0762,7.6602,34.3363,33.1246,7.3579,9.4448,8.0218,7.6583,34.3284,32.8832,7.5352,9.5731,8.1709,7.8252,34.3027,32.4689,7.6689,9.5633,8.1883,7.8349,34.1514,32.4402,7.7802,9.6051,8.2056,7.78,34.0846,32.388,7.866,9.6758
AT342,Rheintal-Bodenseegebiet,Austria,287308,290021,297905,300342,302408,8.2873,7.9664,33.7864,33.7039,7.0562,9.1999,8.248,7.8874,33.6951,33.6141,7.2236,9.3317,8.2751,7.8851,33.7651,33.2529,7.3977,9.4241,8.2426,7.8407,33.6896,33.1852,7.5101,9.5318,8.2366,7.8225,33.6545,33.0431,7.6007,9.6426
BE100,Arr. de Bruxelles-Capitale/Arr. Brussel-Hoofdstad,Belgium,1172751,1184101,1199095,1205492,1215289,10.0609,9.5832,33.5276,33.6425,5.2436,7.9423,10.0866,9.6432,33.5438,33.5998,5.2408,7.8857,10.1599,9.7056,33.5757,33.5039,5.258,7.797,10.1554,9.6866,33.6016,33.4715,5.2948,7.7902,10.0924,9.6294,33.7162,33.5038,5.3161,7.7421
BE211,Arr. Antwerpen,Belgium,1024987,1030055,1041811,1047030,1053033,8.8504,8.4791,32.5697,31.8397,7.9991,10.262,8.8986,8.526,32.4529,31.7262,8.0824,10.3139,9.0148,8.614,32.2963,31.5442,8.2092,10.3215,9.0461,8.6557,32.2053,31.4363,8.2939,10.3627,9.0579,8.6641,32.1572,31.3649,8.3693,10.3865
BE212,Arr. Mechelen,Belgium,333592,335794,340671,343101,344980,8.431,8.0838,32.3308,32.1584,8.3854,10.6106,8.4686,8.0636,32.2001,32.1248,8.4859,10.6571,8.4645,8.0943,32.0327,31.9408,8.6817,10.7861,8.4509,8.1224,31.8996,31.8428,8.8146,10.8697,8.4257,8.0979,31.7723,31.7818,8.9547,10.9676
BE213,Arr. Turnhout,Belgium,448055,451184,456381,459392,462457,8.0439,7.6044,33.7465,32.5784,8.3374,9.6894,8.0637,7.6233,33.5001,32.4065,8.5535,9.853,8.0783,7.5855,33.0702,32.1249,8.9598,10.1812,8.1011,7.5968,32.8332,31.9333,9.1828,10.3528,8.0911,7.6249,32.6517,31.7305,9.3823,10.5195
BE223,Arr. Tongeren,Belgium,200958,201379,202722,203694,204289,7.8031,7.3617,33.708,32.6058,8.3759,10.1454,7.828,7.3409,33.4275,32.4383,8.6439,10.3213,7.8467,7.3939,33.0186,31.9363,9.0824,10.7221,7.8716,7.4101,32.7653,31.7103,9.3243,10.9183,7.8213,7.4341,32.5196,31.5568,9.558,11.1102
BE224,Arr. Hasselt,Belgium,409105,411309,415812,417361,419257,7.9989,7.6372,33.4626,32.8126,8.0996,9.9891,8.0054,7.6351,33.2319,32.6215,8.3008,10.2052,8.0039,7.6539,32.8257,32.2417,8.7136,10.5613,7.967,7.6203,32.6317,32.0684,8.9407,10.772,7.9295,7.6106,32.4722,31.8506,9.166,10.9711
BE225,Arr. Maaseik,Belgium,247781,248692,251130,251684,252296,8.0656,7.5873,34.1096,32.9222,8.1164,9.1988,8.0461,7.5772,33.8,32.7393,8.4148,9.4225,7.9847,7.5419,33.4679,32.267,8.8966,9.8419,8.0164,7.5321,33.1205,32.0255,9.198,10.1075,8.0069,7.5796,32.7964,31.7988,9.4492,10.3692
BE231,Arr. Aalst,Belgium,282457,283885,287018,289279,291351,8.1311,7.7283,32.8259,32.1284,8.134,11.0523,8.1501,7.7408,32.6534,32.0637,8.265,11.127,8.2277,7.8413,32.3314,31.8363,8.5427,11.2206,8.2837,7.862,32.1603,31.6898,8.7079,11.2964,8.3099,7.8895,32.0026,31.6168,8.8114,11.3698
BE232,Arr. Dendermonde,Belgium,197260,197945,199772,200423,201299,8.2444,7.8982,32.6833,32.4034,8.2353,10.5353,8.2816,7.8375,32.4999,32.267,8.3973,10.7166,8.2799,7.883,32.1707,31.9374,8.75,10.979,8.2785,7.9197,32.0203,31.7977,8.8897,11.094,8.2862,7.8883,31.945,31.6812,9.0159,11.1834
BE233,Arr. Eeklo,Belgium,83372,83755,84308,84732,85378,7.7784,7.5145,32.8504,31.1232,9.3509,11.3827,7.824,7.4599,32.7192,31.0298,9.4645,11.5026,7.845,7.3457,32.4773,30.869,9.7357,11.7272,7.7775,7.3337,32.3632,30.875,9.8334,11.8173,7.762,7.4609,32.2249,30.7187,9.9194,11.9141
BE234,Arr. Gent,Belgium,542030,545427,554633,557050,560691,8.2534,7.9499,33.2153,32.3945,7.8424,10.3444,8.2431,7.9343,33.1342,32.2918,7.9849,10.4117,8.226,7.8814,33.1226,32.2072,8.1418,10.4209,8.268,7.881,33.0121,32.093,8.2526,10.4933,8.271,7.8541,32.9661,32.0335,8.3509,10.5243
BE235,Arr. Oudenaarde,Belgium,122221,122732,123415,123923,124402,8.5771,8.2424,32.5271,31.4111,8.195,11.0472,8.5617,8.2236,32.4398,31.3463,8.3108,11.1177,8.516,8.1773,32.2181,31.2652,8.6067,11.2166,8.5198,8.2035,32.057,31.1685,8.7821,11.2691,8.4814,8.1711,31.9939,31.1289,8.9042,11.3206
BE236,Arr. Sint-Niklaas,Belgium,243786,245305,249337,250825,253163,8.7105,8.4521,32.1671,31.9575,8.3627,10.3501,8.7324,8.4748,32.0552,31.7617,8.4796,10.4963,8.7877,8.5202,31.8308,31.4751,8.7255,10.6607,8.7715,8.531,31.6862,31.455,8.8221,10.7342,8.8058,8.5518,31.6124,31.3592,8.9132,10.7575
BE241,Arr. Halle-Vilvoorde,Belgium,613421,618154,628001,632717,638030,9.0807,8.7089,31.7136,32.3562,7.8739,10.2667,9.1173,8.7441,31.5705,32.2766,7.9629,10.3287,9.2043,8.8032,31.4014,32.1152,8.0685,10.4075,9.2245,8.8425,31.3654,31.9927,8.1294,10.4456,9.2215,8.8513,31.318,31.9408,8.1863,10.4821
BE242,Arr. Leuven,Belgium,494987,496436,502643,505829,508613,8.1578,7.7764,32.9419,32.3944,8.3039,10.4257,8.1912,7.7609,32.7774,32.2436,8.4589,10.5679,8.1642,7.7476,32.5879,32.0166,8.7032,10.7804,8.1472,7.7267,32.4481,31.9398,8.8678,10.8703,8.1213,7.711,32.3263,31.8686,8.9949,10.9779
BE251,Arr. Brugge,Belgium,279956,280535,281564,282020,282520,7.0765,6.7486,31.9397,31.3264,10.1244,12.7845,7.0526,6.6944,31.7133,31.2157,10.3541,12.9699,7.0684,6.601,31.3371,30.9233,10.7379,13.3323,7.0555,6.579,31.185,30.7191,10.9499,13.5115,7.0406,6.5794,31.052,30.5327,11.1327,13.6627
BE252,Arr. Diksmuide,Belgium,50755,50885,51293,51449,51560,8.3479,7.8751,32.8283,31.1556,8.7144,11.0787,8.3482,7.9473,32.6815,30.9561,8.8887,11.1781,8.3247,7.9621,32.56,30.8444,9.1026,11.2062,8.4006,7.9904,32.3408,30.8383,9.2188,11.2111,8.5124,8.0974,32.1761,30.5275,9.3619,11.3247
BE253,Arr. Ieper,Belgium,106460,106506,106556,106511,106551,8.4576,7.9175,32.5023,30.9149,8.8728,11.3348,8.4962,7.9348,32.3212,30.7626,9.0455,11.4397,8.3637,7.8879,32.2516,30.4816,9.4082,11.607,8.3616,7.8612,32.0859,30.3931,9.5877,11.7105,8.3753,7.8817,31.9115,30.2334,9.7765,11.8216
BE254,Arr. Kortrijk,Belgium,285149,285969,288248,289349,290930,8.1715,7.8303,32.5556,31.4008,8.666,11.3758,8.161,7.8725,32.3843,31.3076,8.8279,11.4467,8.2214,7.922,32.1681,31.0902,9.0346,11.5637,8.2627,7.9444,32.025,30.973,9.1478,11.6472,8.3151,7.9899,31.8874,30.8634,9.2641,11.6801
BE255,Arr. Oostende,Belgium,154278,154924,155982,156638,157293,6.7035,6.5304,31.5508,30.294,10.9361,13.9851,6.7033,6.5038,31.3663,30.0702,11.1655,14.1908,6.7431,6.5052,31.0818,29.6194,11.6001,14.4504,6.794,6.4914,30.7875,29.5331,11.8234,14.5705,6.8401,6.5146,30.4902,29.337,12.0673,14.7508
BE256,Arr. Roeselare,Belgium,148531,149106,150936,151962,153394,8.0811,7.8502,32.6895,31.1841,8.8796,11.3155,8.062,7.832,32.6285,31.0698,9.0077,11.3999,8.1207,7.8676,32.5403,30.8787,9.127,11.4658,8.102,7.8796,32.4897,30.8373,9.1832,11.5081,8.1489,7.9156,32.4745,30.7835,9.224,11.4535
BE257,Arr. Tielt,Belgium,91864,92042,92546,92738,93040,8.4222,7.8388,33.1457,31.0818,8.6269,10.8846,8.394,7.7715,33.0664,31.0728,8.7471,10.9483,8.3602,7.8004,32.935,30.936,8.9404,11.028,8.3202,7.8048,32.8226,30.8288,9.1128,11.1109,8.2878,7.788,32.6655,30.8416,9.238,11.1791
BE258,Arr. Veurne,Belgium,60942,60990,61282,61587,61707,6.0369,5.5085,30.1303,29.4066,13.1092,15.8085,5.9305,5.4648,29.7573,29.1294,13.5383,16.1797,5.93,5.4111,29.3659,28.4048,14.0939,16.7945,5.8064,5.3989,29.0613,27.9929,14.542,17.1984,5.8275,5.3722,28.6694,27.5949,14.9497,17.5863
BE310,Arr. Nivelles,Belgium,391609,394344,399735,401508,404270,9.0136,8.6173,32.0337,32.9459,7.4337,9.9558,8.9762,8.5565,31.9206,32.8343,7.6101,10.1023,8.8649,8.4111,31.7781,32.6576,7.8825,10.4059,8.7719,8.3729,31.6995,32.5254,8.0295,10.6008,8.7432,8.3034,31.6031,32.3811,8.2014,10.7678
BE323,Arr. Mons,Belgium,257481,258320,258721,258817,259175,8.9913,8.5498,32.4098,33.2056,6.6114,10.2322,8.9772,8.5665,32.3219,33.0033,6.8233,10.3078,8.8555,8.4319,32.237,32.8361,7.1185,10.521,8.7834,8.3974,32.1876,32.6953,7.2735,10.6627,8.7597,8.338,32.0621,32.5159,7.4745,10.8498
BE328,Arr. Tournai-Mouscron,Belgium,221486,222142,223431,223981,224154,8.862,8.4321,32.603,31.9357,7.3612,10.8061,8.8407,8.3789,32.5215,31.7797,7.5096,10.9696,8.7051,8.2692,32.4995,31.625,7.7666,11.1345,8.6918,8.2324,32.4724,31.5165,7.8636,11.2233,8.6293,8.1529,32.4076,31.4663,7.9999,11.344
BE329,Arr. La Louvière,Belgium,140422,140794,141354,141252,141344,8.9153,8.4965,32.2713,32.8111,7.1029,10.4029,8.9436,8.4826,32.0497,32.7116,7.3071,10.5054,8.8041,8.408,32.096,32.5191,7.5024,10.6704,8.7808,8.3057,31.984,32.4201,7.6785,10.831,8.7078,8.2763,31.9108,32.3445,7.7959,10.9647
BE32A,Arr. Ath,Belgium,126035,126539,127318,127534,127931,9.0689,8.6666,32.7068,32.3981,7.0584,10.1012,8.9759,8.5808,32.556,32.3916,7.2768,10.219,8.7466,8.3562,32.5516,32.3403,7.5747,10.4306,8.6377,8.2425,32.5192,32.3231,7.736,10.5415,8.503,8.0903,32.5269,32.3127,7.9113,10.6557
BE32B,Arr. Charleroi,Belgium,396714,397022,396695,396981,397123,9.2218,8.8091,32.2888,32.596,6.8682,10.2162,9.2448,8.7935,32.1796,32.4448,7.0397,10.2977,9.1824,8.7412,32.0715,32.2341,7.2877,10.4831,9.148,8.7218,32.0292,32.1267,7.4253,10.5489,9.1506,8.7401,31.906,32.0047,7.5563,10.6423
BE32C,Arr. Soignies,Belgium,101028,101685,102974,103488,104562,9.1529,8.8896,32.5276,32.9572,6.908,9.5647,9.1764,8.7997,32.3086,32.8672,7.1181,9.73,9.0936,8.6701,32.2916,32.6005,7.3601,9.9841,9.0213,8.6107,32.1651,32.5477,7.5477,10.1075,9.0081,8.4859,32.2775,32.3674,7.6395,10.2217
BE32D,Arr. Thuin,Belgium,91257,91278,91560,91703,91793,8.773,8.3884,32.4731,32.3011,7.6498,10.4145,8.6253,8.2451,32.447,32.1994,7.8847,10.5984,8.4065,8.0887,32.4509,31.9201,8.2034,10.9305,8.3378,8.0161,32.3272,31.7961,8.4294,11.0934,8.334,7.9756,32.2258,31.6658,8.639,11.1599
BE331,Arr. Huy,Belgium,111522,112015,112976,113165,113528,9.1937,8.7669,33.1244,32.7604,6.8336,9.321,9.1282,8.7194,32.9474,32.6912,7.066,9.4478,8.9621,8.477,32.8309,32.5972,7.4671,9.6658,8.9082,8.4275,32.6665,32.5348,7.6437,9.8193,8.8524,8.3583,32.4907,32.5021,7.8483,9.9482
BE332,Arr. Liège,Belgium,620167,621764,625131,626222,626627,8.5782,8.246,32.6206,32.6209,7.4074,10.527,8.5954,8.2684,32.5265,32.4414,7.5406,10.6277,8.6511,8.2947,32.3316,32.171,7.7942,10.7573,8.6437,8.3282,32.2518,32.0658,7.9124,10.7981,8.6342,8.326,32.137,31.9969,8.0411,10.8648
BE334,Arr. Waremme,Belgium,78477,78955,80330,80969,81498,9.0855,8.6752,32.7561,32.9001,7.0046,9.5786,9.0102,8.6353,32.7224,32.8086,7.1826,9.6409,8.8248,8.5535,32.5906,32.5669,7.5401,9.9241,8.7564,8.5033,32.4433,32.5161,7.6671,10.1137,8.6517,8.4407,32.2953,32.4707,7.8836,10.2579
BE335,Arr. Verviers — communes francophones,Belgium,208840,209429,210298,210486,210512,9.1912,8.824,32.737,32.3832,7.1753,9.6892,9.1706,8.8087,32.5848,32.2439,7.381,9.811,9.0153,8.7471,32.3788,32.0745,7.7709,10.0134,8.965,8.7488,32.1983,31.9755,7.964,10.1484,8.9178,8.6793,32.0799,31.8547,8.1611,10.3073
BE336,Bezirk Verviers — Deutschsprachige Gemeinschaft,Belgium,76655,76740,77304,77529,77903,8.0308,7.6773,33.5438,32.4636,8.2108,10.0737,7.9711,7.6088,33.5132,32.3834,8.3372,10.1863,8.0203,7.6232,33.3088,32.1782,8.5532,10.3164,8.0422,7.6255,33.2031,32.0383,8.6548,10.4361,8.1768,7.6839,32.9127,32.0001,8.775,10.4515
BE341,Arr. Arlon,Belgium,60330,60675,62318,62520,63062,9.5243,9.1729,33.8323,32.4167,6.302,8.7519,9.5426,9.1718,33.6976,32.3791,6.3799,8.829,9.4178,9.0102,33.926,32.416,6.4636,8.7663,9.2258,8.8468,34.0499,32.4504,6.5883,8.8388,9.072,8.7343,34.3519,32.3253,6.6252,8.8912
BE342,Arr. Bastogne,Belgium,46701,47210,48745,48828,49125,9.7921,9.6379,33.6824,32.0528,6.3617,8.4731,9.8072,9.6293,33.6475,31.9551,6.4245,8.5363,9.6748,9.3302,34.1676,31.7284,6.5873,8.5116,9.6092,9.2386,33.8371,31.8526,6.7646,8.6979,9.6081,9.2214,33.6712,31.8351,6.8743,8.7898
BE343,Arr. Marche-en-Famenne,Belgium,56079,56525,56836,56870,57283,9.089,8.6057,33.4064,32.2367,7.2059,9.4563,9.0632,8.4653,33.3888,32.0584,7.4003,9.6241,8.7128,8.1621,33.8166,31.8302,7.731,9.7473,8.6742,8.0464,33.4377,31.9764,7.948,9.9174,8.6308,7.8714,33.3502,31.9065,8.2031,10.0379
BE344,Arr. Neufchâteau,Belgium,61888,62500,63162,63105,63424,9.7725,9.1876,32.6186,31.7121,7.31,9.3992,9.6864,9.2448,32.7056,31.512,7.3936,9.4576,9.569,9.1748,32.6351,31.4477,7.6818,9.4915,9.5904,9.134,32.3556,31.3668,7.8425,9.7108,9.5547,9.0991,32.308,31.3225,7.9717,9.7439
BE345,Arr. Virton,Belgium,53221,53351,53556,53687,53791,9.9566,9.5677,32.4289,31.9517,6.9014,9.1937,9.8705,9.4675,32.3818,31.93,7.0852,9.2651,9.575,9.1941,32.495,31.9012,7.368,9.4667,9.4455,9.0934,32.4827,31.8848,7.5363,9.5572,9.3175,8.9996,32.4776,31.8901,7.637,9.6782
BE351,Arr. Dinant,Belgium,109031,109782,111521,111566,112159,8.9727,8.5765,32.6311,32.1037,7.6052,10.1109,8.9049,8.556,32.5363,31.9579,7.8082,10.2367,8.7885,8.4298,32.5777,31.7877,8.0227,10.3936,8.7607,8.352,32.4104,31.7498,8.2283,10.4987,8.6547,8.3034,32.3888,31.6506,8.381,10.6215
BE352,Arr. Namur,Belgium,310628,312113,315190,316606,317552,9.0018,8.6425,32.9178,32.893,6.8439,9.701,8.9541,8.6049,32.792,32.7782,7.0436,9.8272,8.821,8.4809,32.666,32.5968,7.3959,10.0393,8.7787,8.4114,32.5793,32.4795,7.5646,10.1865,8.6836,8.3457,32.4426,32.4334,7.7483,10.3463
BE353,Arr. Philippeville,Belgium,66571,66981,67416,66986,67180,8.5037,8.2709,33.0489,32.4811,7.6204,10.075,8.5562,8.2382,32.8511,32.2793,7.8112,10.2641,8.3289,7.9403,33.0767,31.9049,8.234,10.5153,8.2734,7.8121,32.7665,31.9097,8.5063,10.7321,8.2272,7.73,32.7493,31.758,8.5814,10.9542
BG311,Видин,Bulgaria,93370,90770,85468,82884,80333,6.6981,6.3125,30.7047,29.0982,11.3206,15.8659,6.631,6.2289,30.3669,28.6769,11.6768,16.4195,6.379,5.9753,30.0744,28.1439,12.1344,17.293,6.2968,5.8491,29.9575,27.9958,12.2798,17.621,6.178,5.7722,29.7873,27.813,12.483,17.9665
BG312,Монтана,Bulgaria,139877,136978,131224,128409,125520,7.1148,6.7652,31.8051,29.423,10.1661,14.7258,7.0252,6.6799,31.6102,29.1923,10.4163,15.0761,6.8013,6.4074,31.3555,28.8918,10.7755,15.7685,6.7121,6.3633,31.2883,28.8048,10.8653,15.9662,6.6754,6.2596,31.1608,28.699,11.0014,16.2038
BG313,Враца,Bulgaria,177066,173507,166515,162849,159356,7.482,7.1205,32.6861,30.7168,8.995,12.9997,7.4896,7.0562,32.4494,30.5665,9.176,13.2623,7.3699,6.8414,32.122,30.3774,9.5283,13.7609,7.3203,6.8008,32.0579,30.3361,9.6064,13.8785,7.2473,6.7522,31.9442,30.2762,9.731,14.049
BG314,Плевен,Bulgaria,257138,252743,244126,239819,235447,7.004,6.7201,32.0205,30.1492,9.9149,14.1912,6.9703,6.6665,31.7453,29.9162,10.1522,14.5496,6.8506,6.4708,31.2539,29.5028,10.6126,15.3093,6.8172,6.4315,31.0814,29.4138,10.7577,15.4984,6.7497,6.376,30.8566,29.2465,10.9443,15.8269
BG315,Ловеч,Bulgaria,133892,131190,125726,122827,120098,7.3029,6.919,31.4485,29.4977,10.271,14.561,7.2818,6.9083,31.2059,29.2187,10.4589,14.9264,7.0582,6.7265,30.8902,28.8333,10.8649,15.6268,7.0384,6.6915,30.8483,28.7437,10.86,15.8182,7.0026,6.6454,30.7257,28.6524,10.9327,16.0411
BG321,Велико Търново,Bulgaria,243673,238456,228077,222746,217496,6.3934,6.1012,32.7878,32.6421,9.0753,13.0002,6.3366,5.9902,32.5712,32.3728,9.3283,13.4008,6.3097,5.9804,31.9866,31.5709,9.8629,14.2895,6.3418,6.0145,31.7245,31.1723,10.0603,14.6867,6.3564,6.0121,31.3987,30.7978,10.3602,15.0748
BG322,Габрово,Bulgaria,115631,113110,107820,105080,102463,6.2613,5.9906,31.3523,30.5031,10.4522,15.4405,6.2285,5.9685,31.0185,30.0911,10.7418,15.9517,6.1593,5.831,30.3932,29.4472,11.2363,16.9329,6.1515,5.8337,30.2008,29.2063,11.3647,17.2431,6.1339,5.8509,29.9777,28.9685,11.4637,17.6054
BG323,Русе,Bulgaria,223275,219109,210812,206652,202270,6.5117,6.1113,33.0386,32.146,8.9352,13.2572,6.4511,6.0837,32.754,31.8303,9.1927,13.6882,6.4176,6.0272,32.1106,31.2164,9.6982,14.53,6.4258,5.9937,31.8719,30.9932,9.8697,14.8457,6.4004,5.9554,31.5845,30.7386,10.0524,15.2687
BG324,Разград,Bulgaria,118781,116478,111865,109460,107049,7.5492,7.1072,33.4616,32.5439,7.8346,11.5035,7.4031,7.0142,33.2552,32.2516,8.1174,11.9585,7.0898,6.751,32.8557,31.8715,8.6292,12.8029,7.0007,6.6417,32.5726,31.6837,8.9046,13.1966,6.8455,6.525,32.3954,31.4762,9.1538,13.6041
BG325,Силистра,Bulgaria,112979,110812,106512,104370,101999,7.2403,6.634,32.8371,31.4952,9.284,12.5094,7.1635,6.5634,32.4838,31.0761,9.6298,13.0834,6.9307,6.3495,31.8096,30.5646,10.2364,14.1092,6.8813,6.3169,31.4861,30.2434,10.4704,14.6019,6.7314,6.1648,31.3003,30.0895,10.6619,15.0521
BG331,Варна,Bulgaria,461376,456668,446673,441668,436237,7.3625,7.0554,34.1249,33.7594,7.247,10.4507,7.3879,7.0627,33.818,33.481,7.4452,10.8052,7.4632,7.0806,33.1533,32.9586,7.8534,11.491,7.5328,7.1291,32.8656,32.6863,7.9965,11.7896,7.5576,7.1512,32.5681,32.4179,8.1839,12.1214
BG332,Добрич,Bulgaria,177676,173667,165427,161262,156954,7.4518,7.0392,33.0782,32.3465,8.3089,11.7754,7.3284,6.9409,32.784,31.9923,8.6257,12.3288,7.0575,6.6525,32.1749,31.4386,9.2996,13.3769,6.9973,6.5831,31.8252,31.1028,9.5943,13.8973,6.86,6.4223,31.5405,30.7931,9.9099,14.4743
BG333,Шумен,Bulgaria,171747,168654,162457,159212,155819,7.6816,7.2124,33.2838,32.3289,7.8656,11.6276,7.5913,7.1246,33.0066,31.9868,8.1978,12.0928,7.3398,6.8818,32.5231,31.3308,8.8713,13.0533,7.2501,6.8085,32.3047,30.9914,9.1444,13.5009,7.0967,6.65,32.1912,30.7716,9.382,13.9084
BG334,Търговище,Bulgaria,114048,111710,106956,104506,102069,7.731,7.3899,33.051,31.6419,8.2404,11.9458,7.6305,7.2652,32.8296,31.4135,8.514,12.3471,7.3619,6.9963,32.5003,30.9361,9.0177,13.1877,7.2522,6.901,32.3761,30.6901,9.1813,13.5992,7.1266,6.7454,32.236,30.4804,9.4152,13.9964
BG341,Бургас,Bulgaria,404524,400440,391912,387376,382724,8.0158,7.6527,33.6074,33.1548,7.1343,10.435,8.0679,7.6733,33.2731,32.8753,7.3584,10.7519,8.0217,7.6594,32.651,32.3948,7.841,11.4322,8.0741,7.6925,32.3691,32.1125,7.9995,11.7524,8.0416,7.6447,32.091,31.9008,8.2292,12.0928
BG342,Сливен,Bulgaria,190794,188331,183046,180421,177604,9.614,9.2655,31.7358,31.0728,7.3697,10.9422,9.666,9.2513,31.443,30.8728,7.567,11.2,9.6014,9.2403,30.9791,30.323,7.9543,11.9019,9.6491,9.3254,30.6633,29.9815,8.1387,12.2419,9.6355,9.2999,30.4576,29.715,8.2853,12.6067
BG343,Ямбол,Bulgaria,125219,123034,118294,115924,113505,7.8151,7.4525,32.0071,30.4834,9.2015,13.0404,7.8653,7.4581,31.6685,30.1925,9.4372,13.3784,7.784,7.3791,31.2662,29.7056,9.8238,14.0413,7.8189,7.3712,30.9522,29.4296,10.0497,14.3784,7.7953,7.3512,30.6797,29.1265,10.3035,14.7438
BG344,Стара Загора,Bulgaria,323359,319443,311696,307652,303649,7.6188,7.0909,32.5632,31.7876,8.4621,12.4775,7.6251,7.0898,32.3241,31.559,8.6159,12.786,7.5407,7.0418,31.8888,31.0315,8.9728,13.5244,7.5728,7.0638,31.6926,30.8131,9.0586,13.799,7.5877,7.0624,31.4798,30.609,9.1856,14.0755
BG411,София (столица),Bulgaria,1174055,1189431,1218764,1232999,1246145,6.9074,6.4955,34.8506,37.304,5.483,8.9594,6.9402,6.528,34.5093,36.7116,5.8134,9.4976,7.2463,6.8306,33.5761,35.2064,6.5242,10.6165,7.3365,6.9199,33.2295,34.632,6.797,11.0852,7.4024,6.9713,32.96,34.112,7.0437,11.5105
BG412,София,Bulgaria,357630,339729,304532,287545,271302,4.5514,4.1574,33.5864,29.5663,11.6341,16.5045,4.8889,4.4859,33.313,29.6439,11.483,16.1853,5.517,5.0789,33.1827,30.2868,10.7578,15.1767,5.9072,5.555,33.0355,30.4502,10.4102,14.6419,6.3918,6.0335,32.7034,30.5763,10.1315,14.1636
BG413,Благоевград,Bulgaria,314859,311418,304704,301109,297379,7.6742,7.3268,34.1245,33.696,7.1429,10.0356,7.6585,7.2806,33.9235,33.4939,7.3281,10.3154,7.5296,7.1732,33.522,33.0606,7.7649,10.9496,7.5076,7.1665,33.3095,32.835,7.9589,11.2225,7.4888,7.1444,33.0639,32.5867,8.1714,11.5449
BG414,Перник,Bulgaria,127255,125115,120542,118343,116107,6.4108,5.9762,32.8066,31.73,9.5108,13.5657,6.4653,6.0201,32.4477,31.4551,9.6927,13.9192,6.4982,6.0352,31.8661,31.0265,10.0123,14.5617,6.6071,6.144,31.5811,30.8544,10.0707,14.7427,6.6809,6.2253,31.2935,30.701,10.1665,14.9328
BG415,Кюстендил,Bulgaria,129281,126682,121258,118452,115743,6.4596,6.1231,32.3829,30.8011,9.9179,14.3153,6.469,6.1485,32.0953,30.4897,10.1696,14.628,6.3179,6.0367,31.6194,30.0525,10.6253,15.3483,6.3452,6.043,31.3832,29.8788,10.7664,15.5835,6.3304,6.028,31.131,29.6916,10.9579,15.861
BG421,Пловдив,Bulgaria,668255,663073,651886,646063,640277,7.0894,6.618,33.1216,33.2511,7.8976,12.0224,7.1108,6.6652,32.8738,32.993,8.0524,12.3048,7.2287,6.7661,32.327,32.4577,8.3574,12.8631,7.3104,6.836,32.0959,32.2558,8.4328,13.069,7.3651,6.9209,31.8589,32.0255,8.5386,13.291
BG422,Хасково,Bulgaria,236940,233212,225667,221777,217969,7.493,7.1828,32.5703,31.5012,8.6587,12.5939,7.494,7.1583,32.3114,31.3067,8.8503,12.8793,7.406,7.0728,31.8558,30.8685,9.2561,13.5407,7.4336,7.0909,31.5867,30.6659,9.4126,13.8103,7.3951,7.0478,31.2884,30.464,9.6518,14.1529
BG423,Пазарджик,Bulgaria,261945,257225,247445,242410,237643,7.773,7.263,33.6448,32.0915,7.6669,11.5608,7.6637,7.2069,33.4555,31.8667,7.8876,11.9195,7.4501,6.926,33.0748,31.485,8.3712,12.6929,7.4077,6.897,32.9174,31.3003,8.5289,12.9487,7.3307,6.8321,32.6881,31.0605,8.756,13.3326
BG424,Смолян,Bulgaria,114738,112159,106992,104267,101572,6.4678,6.1026,34.4873,33.5538,7.6879,11.7006,6.333,5.9719,34.2237,33.2439,8.0199,12.2077,6.0304,5.7873,33.6745,32.4576,8.7679,13.2823,5.9357,5.7036,33.3346,32.1156,9.1036,13.8069,5.853,5.5931,32.954,31.741,9.5095,14.3494
BG425,Кърджали,Bulgaria,148070,146546,143122,141336,139448,7.4485,7.0703,34.0575,32.7082,8.0442,10.6713,7.3363,6.9603,33.7607,32.482,8.366,11.0948,7.0185,6.63,33.1389,32.0105,9.1635,12.0387,6.9374,6.5291,32.751,31.6699,9.5835,12.529,6.7753,6.3966,32.4006,31.3285,10.0009,13.0981
CH011,Vaud,Switzerland,749373,761446,784822,793129,799145,8.3442,7.932,33.7538,33.8491,6.8451,9.2759,8.3134,7.8926,33.7805,33.7797,6.9164,9.3174,8.2386,7.8386,33.8673,33.709,6.9994,9.3471,8.2673,7.8835,33.8216,33.6649,7.0209,9.3419,8.3019,7.9369,33.7531,33.5656,7.0637,9.3789
CH012,Valais,Switzerland,327011,331763,339176,341463,343955,7.5609,7.1267,33.8701,33.3264,8.1058,10.0101,7.5231,7.0972,33.7449,33.1731,8.2851,10.1765,7.4787,7.0866,33.4932,32.9177,8.5811,10.4427,7.4538,7.1018,33.3489,32.7672,8.7377,10.5906,7.4786,7.1297,33.2128,32.5688,8.859,10.7511
CH013,Genève,Switzerland,469433,477385,489524,495249,499480,8.0086,7.6763,33.4714,34.3625,6.8649,9.6163,7.9806,7.6705,33.4361,34.402,6.8894,9.6214,8.0066,7.6621,33.5324,34.3142,6.8983,9.5865,8.0069,7.6711,33.5906,34.3183,6.886,9.5271,8.0436,7.7126,33.4996,34.3357,6.8768,9.5317
CH021,Bern,Switzerland,1001281,1009418,1026513,1031126,1034977,7.1682,6.8525,33.1993,33.0907,8.5213,11.168,7.1786,6.846,33.0847,32.9565,8.6766,11.2576,7.2566,6.902,32.889,32.6466,8.9321,11.3737,7.301,6.9578,32.6677,32.514,9.0952,11.4643,7.3479,7.0101,32.4723,32.3495,9.2428,11.5774
CH022,Freiburg,Switzerland,297622,303377,311914,315074,318714,8.7685,8.322,34.6191,33.6806,6.5701,8.0397,8.7053,8.2673,34.591,33.6799,6.6702,8.0863,8.6206,8.1192,34.5368,33.4964,6.9635,8.2635,8.5707,8.0914,34.43,33.3941,7.1063,8.4075,8.5613,8.0756,34.2784,33.3572,7.23,8.4976
CH023,Solothurn,Switzerland,261437,263719,269441,271432,273194,7.2488,6.8116,34.165,33.2413,8.2157,10.3176,7.2263,6.7564,34.0874,33.1603,8.3741,10.3955,7.2064,6.8126,34.0022,32.8543,8.6353,10.4891,7.2434,6.8268,33.9079,32.6885,8.7679,10.5654,7.2882,6.8867,33.7409,32.5249,8.9263,10.6331
CH024,Neuchâtel,Switzerland,176402,177327,178567,177964,176850,8.1399,7.6944,32.9747,32.914,7.6456,10.6314,8.1127,7.6582,32.9735,32.8529,7.7163,10.6865,7.997,7.5943,32.9859,32.7849,7.913,10.7248,8.0123,7.5858,32.9505,32.651,7.9758,10.8247,7.9542,7.5018,32.9059,32.5954,8.1199,10.9228
CH025,Jura,Switzerland,71738,72410,73122,73290,73419,8.1296,7.717,32.7567,32.1726,8.3986,10.8255,8.0528,7.5804,32.6336,32.0867,8.6742,10.9722,7.895,7.3726,32.6085,31.9493,8.9453,11.2292,7.8196,7.3148,32.5174,31.7642,9.165,11.419,7.8263,7.2978,32.2955,31.6975,9.3436,11.5392
CH031,Basel-Stadt,Switzerland,189335,190580,193070,193908,194766,6.488,6.0269,33.4534,33.5342,8.1871,12.3105,6.539,6.0814,33.3865,33.5995,8.2223,12.1713,6.6478,6.2863,33.4454,33.5267,8.1856,11.9081,6.7259,6.3948,33.4081,33.4932,8.1998,11.7783,6.8677,6.4929,33.3554,33.4062,8.1996,11.6781
CH032,Basel-Landschaft,Switzerland,278656,281301,285624,287023,288132,7.2505,6.8629,32.4587,32.7138,9.197,11.5171,7.2364,6.8588,32.3884,32.5377,9.3331,11.6455,7.2813,6.8615,32.2273,32.2151,9.5566,11.8582,7.3203,6.9019,32.0333,32.0643,9.6916,11.9886,7.3831,6.9489,31.8642,31.867,9.807,12.1299
CH033,Aargau,Switzerland,636362,645277,663462,670988,678207,7.8061,7.2955,34.7745,33.7201,7.4597,8.944,7.814,7.298,34.6877,33.5637,7.5885,9.0481,7.8479,7.3658,34.5598,33.1737,7.8384,9.2144,7.8866,7.3951,34.3736,32.9936,7.9908,9.3604,7.9048,7.4358,34.1845,32.8242,8.1572,9.4934
CH040,Zürich,Switzerland,1425538,1446354,1487969,1504346,1520968,7.6218,7.2093,34.667,33.7478,7.2917,9.4623,7.6528,7.2529,34.6269,33.6429,7.3417,9.4827,7.7563,7.328,34.5527,33.4663,7.4108,9.486,7.8086,7.3688,34.4701,33.377,7.4622,9.5133,7.8428,7.3994,34.4421,33.3047,7.4913,9.5196
CH051,Glarus,Switzerland,39593,39794,40147,40349,40403,7.1831,6.7411,35.3042,32.3845,8.1807,10.2063,7.1594,6.8076,35.0379,32.1908,8.4033,10.4011,7.2284,6.8797,34.6402,31.848,8.7678,10.6359,7.2393,6.9791,34.3478,31.7133,9.0287,10.6917,7.2792,6.9747,34.1163,31.5546,9.2147,10.8606
CH052,Schaffhausen,Switzerland,78783,79417,80769,81351,81991,7.1043,6.6474,33.506,32.686,8.7011,11.3552,7.0451,6.6913,33.3808,32.6555,8.8218,11.4056,7.1612,6.7093,33.3432,32.094,9.0443,11.648,7.196,6.7522,33.0715,31.9898,9.2107,11.7798,7.1996,6.8007,32.9524,31.8901,9.3169,11.8403
CH053,Appenzell Ausserrhoden,Switzerland,53691,54064,54954,55178,55234,7.4985,7.003,34.6762,32.4915,8.2081,10.1227,7.4652,7.0213,34.5738,32.3394,8.403,10.1972,7.539,7.226,34.3669,31.9886,8.6418,10.2377,7.6588,7.3236,34.0099,31.8152,8.8568,10.3356,7.8213,7.3849,33.5265,31.5585,9.1447,10.5641
CH054,Appenzell Innerrhoden,Switzerland,15778,15854,16003,16105,16145,8.1316,7.802,34.6939,31.5439,8.3978,9.4309,7.9791,7.7583,34.6348,31.5567,8.6098,9.4613,7.9423,7.8298,34.5498,31.1504,8.9796,9.5482,7.9541,7.7429,34.4676,31.127,9.0531,9.6554,7.9839,7.7733,34.0663,31.0313,9.3589,9.7863
CH055,St. Gallen,Switzerland,491699,495824,502552,504686,507697,7.7773,7.4633,34.5815,33.2205,7.519,9.4383,7.7479,7.4173,34.5056,33.1269,7.6666,9.5356,7.801,7.3955,34.2745,32.8346,7.9743,9.7202,7.8205,7.3993,34.1117,32.692,8.1405,9.836,7.8456,7.4095,33.9512,32.5446,8.2929,9.9561
CH056,Graubünden,Switzerland,194959,195886,197550,197888,198379,6.8779,6.4383,34.4154,33.0731,8.5762,10.6192,6.832,6.4099,34.2419,32.8758,8.8286,10.8119,6.738,6.3675,33.9737,32.4353,9.3278,11.1577,6.7503,6.3617,33.7519,32.2405,9.5514,11.3443,6.7517,6.3767,33.5388,32.0069,9.8024,11.5234
CH057,Thurgau,Switzerland,260278,263733,270709,273801,276472,7.7924,7.3156,35.1981,33.5656,7.2645,8.8636,7.798,7.2888,35.0309,33.4581,7.45,8.9742,7.7607,7.3588,34.7669,33.1718,7.7844,9.1574,7.8104,7.3462,34.5872,33.001,7.9393,9.3159,7.8937,7.3975,34.3069,32.8048,8.1426,9.4545
CH061,Luzern,Switzerland,390349,394604,403397,406506,409557,7.8422,7.3378,34.3931,33.8374,7.3055,9.284,7.8126,7.2734,34.3995,33.7113,7.449,9.3542,7.8166,7.329,34.2972,33.4058,7.6875,9.4639,7.8439,7.3672,34.1584,33.228,7.8208,9.5817,7.9032,7.4061,33.9921,33.1021,7.9391,9.6575
CH062,Uri,Switzerland,35865,36008,36145,36299,36433,7.9074,7.1267,34.496,31.5767,8.6909,10.2021,7.8288,7.129,34.3757,31.493,8.8925,10.281,7.6221,7.1711,34.0739,31.4456,9.2848,10.4025,7.6917,7.0828,33.8164,31.3425,9.5182,10.5485,7.6799,7.1144,33.6673,31.1119,9.7302,10.6963
CH063,Schwyz,Switzerland,151396,152759,155863,157301,159165,7.6878,7.2307,35.8939,33.1317,7.5795,8.4764,7.6009,7.14,35.7792,33.039,7.7802,8.6607,7.4752,7.096,35.6018,32.7294,8.1552,8.9425,7.4272,7.0572,35.4778,32.5904,8.3458,9.1017,7.4809,7.0581,35.276,32.4475,8.51,9.2275
CH064,Obwalden,Switzerland,36507,36834,37378,37575,37841,7.8122,7.4479,35.1111,33.0786,7.7739,8.7764,7.7646,7.4062,34.9487,32.8202,8.0361,9.0243,7.6489,7.3733,34.5417,32.4763,8.5478,9.412,7.6487,7.3959,34.2621,32.3992,8.7345,9.5595,7.6821,7.4654,33.9209,32.1635,8.9876,9.7804
CH065,Nidwalden,Switzerland,41888,42080,42556,42969,43223,7.0521,6.6917,35.4875,32.7803,8.5609,9.4275,6.9011,6.6896,35.2567,32.5832,8.8902,9.6792,7.0824,6.4856,34.8646,32.12,9.2678,10.1795,7.026,6.5047,34.7181,32.0138,9.4696,10.2679,7.0032,6.5914,34.3891,31.6868,9.7888,10.5407
CH066,Zug,Switzerland,118118,120089,123948,125421,126837,7.8455,7.4248,35.3875,33.3886,7.2207,8.7328,7.8625,7.4195,35.2788,33.247,7.3487,8.8434,7.8315,7.3991,35.147,33.1163,7.5943,8.9118,7.8647,7.4812,34.9822,32.9562,7.7108,9.0049,7.9023,7.5057,34.866,32.7665,7.8439,9.1156
CH070,Ticino,Switzerland,346539,350363,354375,353709,353343,6.9842,6.6714,32.5271,32.5528,9.0968,12.1678,6.9379,6.6274,32.4629,32.4087,9.2747,12.2884,6.8631,6.5431,32.3643,32.2105,9.5563,12.4628,6.8121,6.5014,32.2649,32.1154,9.6933,12.6129,6.7563,6.4662,32.124,32.0422,9.8519,12.7593
CY000,Κύπρος,Cyprus,860032,860846,869878,878601,890194,8.3624,7.9269,33.8604,35.8754,6.4377,7.5373,8.3529,7.8436,33.6497,35.6337,6.7038,7.8164,8.279,7.7251,33.3105,35.2453,7.1527,8.2874,8.2145,7.6893,33.1876,35.0937,7.3319,8.4829,8.1325,7.6589,33.1648,34.85,7.5248,8.669
CZ010,Hlavní město Praha,Czechia,1243201,1259079,1280508,1294513,1308632,7.2391,6.8659,33.8357,33.9575,7.3979,10.7039,7.4374,7.0573,33.5612,33.7071,7.4794,10.7576,7.8015,7.4188,33.063,33.0811,7.676,10.9596,7.9753,7.5697,32.8999,32.7653,7.757,11.0328,8.1017,7.691,32.8344,32.4908,7.8179,11.0643
CZ020,Středočeský kraj,Czechia,1302336,1315299,1338982,1352795,1369332,8.4646,8.0174,34.0537,33.1835,6.8357,9.445,8.6235,8.1626,33.6883,32.8138,7.0492,9.6627,8.8742,8.4153,33.0174,32.1448,7.4682,10.08,8.9832,8.5142,32.7489,31.8241,7.6547,10.2749,9.06,8.6086,32.5681,31.5604,7.7899,10.413
CZ031,Jihočeský kraj,Czechia,636707,637300,638782,640196,642133,7.7365,7.3238,34.1941,33.2723,7.3599,10.1134,7.7941,7.4067,33.8621,32.9344,7.6215,10.3811,7.9711,7.5447,33.2149,32.1972,8.1442,10.9278,8.031,7.6156,32.9324,31.869,8.3985,11.1535,8.0877,7.6769,32.6926,31.5173,8.6281,11.3973
CZ032,Plzeňský kraj,Czechia,573469,575123,578629,580816,584672,7.4651,7.2002,34.4067,33.071,7.5898,10.2672,7.5551,7.2692,34.0929,32.7292,7.8526,10.5011,7.7392,7.4136,33.507,32.1443,8.2963,10.8997,7.8161,7.4965,33.2298,31.809,8.5127,11.1359,7.894,7.5523,33.0319,31.4847,8.7133,11.324
CZ041,Karlovarský kraj,Czechia,300309,299293,296749,295686,294896,7.6138,7.1976,34.7389,33.653,6.9861,9.8106,7.6557,7.2083,34.3994,33.2671,7.3169,10.1526,7.7193,7.2472,33.6682,32.4685,7.9764,10.9203,7.7217,7.278,33.4108,32.1544,8.2483,11.1869,7.741,7.3358,33.1575,31.7997,8.4999,11.4661
CZ042,Ústecký kraj,Czechia,825120,823972,821377,821080,820789,8.0084,7.6014,34.6545,33.3339,6.8178,9.5839,8.0718,7.6424,34.3517,32.8775,7.1272,9.9296,8.1647,7.7579,33.7212,32.053,7.7103,10.5928,8.2061,7.8152,33.4557,31.699,7.9465,10.8775,8.2053,7.8332,33.2775,31.4283,8.1518,11.1039
CZ051,Liberecký kraj,Czechia,438609,438851,440636,441300,442356,7.9725,7.5758,34.047,33.4451,7.0398,9.92,8.0264,7.6283,33.7026,33.0244,7.3567,10.2616,8.1764,7.7965,33.0034,32.1154,7.9664,10.9419,8.2617,7.8518,32.7,31.7247,8.2205,11.2413,8.3087,7.9117,32.5087,31.3779,8.417,11.4761
CZ052,Královéhradecký kraj,Czechia,551909,551590,550804,551089,551021,7.6721,7.2354,33.828,32.8377,7.6437,10.7831,7.7257,7.304,33.5167,32.4589,7.9149,11.0798,7.8485,7.4404,32.8534,31.6741,8.4954,11.6882,7.9147,7.506,32.5775,31.2757,8.7612,11.9649,7.9659,7.5647,32.3418,30.9549,8.981,12.1917
CZ053,Pardubický kraj,Czechia,515985,516372,517087,518337,520316,7.7665,7.3378,34.3138,33.0498,7.3004,10.2317,7.8381,7.3972,34.0309,32.7074,7.5405,10.4859,7.993,7.5544,33.4259,31.9797,8.0294,11.0175,8.0278,7.618,33.1942,31.6113,8.2832,11.2655,8.0745,7.6972,33.0074,31.2756,8.4933,11.4519
CZ063,Kraj Vysočina,Czechia,510209,509895,508952,508916,509274,7.6012,7.1943,34.6672,32.8444,7.3721,10.3209,7.6861,7.2393,34.3426,32.5079,7.6239,10.6002,7.7803,7.4135,33.7281,31.8311,8.1416,11.1054,7.8412,7.483,33.425,31.5311,8.3906,11.3292,7.916,7.5217,33.1796,31.2535,8.595,11.5343
CZ064,Jihomoravský kraj,Czechia,1170078,1172853,1178812,1183207,1187667,7.5713,7.2043,34.1569,33.3101,7.203,10.5544,7.6821,7.3133,33.8689,32.9555,7.4047,10.7756,7.9175,7.5455,33.2862,32.2448,7.8051,11.2008,8.0318,7.6594,33.012,31.9233,7.9884,11.3851,8.145,7.7815,32.7501,31.6365,8.152,11.535
CZ071,Olomoucký kraj,Czechia,636356,635711,633925,633178,632492,7.5494,7.2307,34.1579,33.3928,7.1675,10.5017,7.6311,7.2967,33.8275,33.0185,7.4186,10.8076,7.8044,7.4553,33.1713,32.2833,7.9259,11.3599,7.8829,7.5483,32.9034,31.9024,8.1554,11.6076,7.9418,7.6096,32.6317,31.5767,8.3789,11.8613
CZ072,Zlínský kraj,Czechia,586299,585261,583698,583056,582921,7.4353,6.9864,34.3772,33.3712,7.1027,10.7273,7.4806,7.0365,34.1114,33.0424,7.3367,10.9924,7.6041,7.1797,33.5405,32.2958,7.8285,11.5514,7.6835,7.2557,33.2476,31.9444,8.0826,11.7862,7.7527,7.3365,32.9875,31.5801,8.303,12.0402
CZ080,Moravskoslezský kraj,Czechia,1221832,1217676,1209879,1205886,1203299,7.4952,7.1376,34.6413,33.7459,6.8285,10.1514,7.5518,7.1931,34.357,33.3732,7.069,10.456,7.6766,7.3052,33.7687,32.599,7.5732,11.0774,7.747,7.3529,33.4847,32.253,7.8064,11.356,7.8311,7.4041,33.2104,31.9237,8.0332,11.5975
DE111,"Stuttgart, Stadtkreis",Germany,604297,612441,628032,632743,634830,6.5201,6.2297,35.0003,33.8807,7.8787,10.4904,6.5513,6.2396,35.1696,33.7626,7.8548,10.4221,6.6756,6.3193,35.4784,33.6045,7.7311,10.191,6.6874,6.3354,35.5601,33.5449,7.7137,10.1585,6.6897,6.3444,35.5509,33.5679,7.7159,10.1312
DE112,Böblingen,Germany,370392,374279,385888,389548,391640,7.4772,7.0747,33.0293,32.6581,8.8231,10.9376,7.4212,7.048,33.1133,32.5607,8.8704,10.9865,7.5366,7.156,33.276,32.2658,8.8313,10.9343,7.5924,7.1855,33.3184,32.1129,8.8367,10.9542,7.6379,7.2636,33.2829,31.9475,8.8671,11.0012
DE113,Esslingen,Germany,512279,516779,528792,532447,533859,7.2382,6.8802,33.0422,32.6141,8.9473,11.278,7.1851,6.7961,33.1958,32.4884,9.0064,11.3282,7.1102,6.7416,33.7821,32.0665,8.9776,11.322,7.1228,6.7597,33.8315,31.9239,8.9954,11.3666,7.1566,6.7964,33.784,31.8232,9.032,11.4079
DE114,Göppingen,Germany,248813,250117,254618,256345,257253,6.9832,6.6902,33.0879,32.135,9.2576,11.8462,6.9068,6.6081,33.1725,32.0314,9.3692,11.912,6.9803,6.7175,33.3181,31.6238,9.4349,11.9253,7.0253,6.7557,33.309,31.4814,9.488,11.9405,7.081,6.8652,33.1518,31.3419,9.5598,12.0002
DE115,Ludwigsburg,Germany,521633,526377,537902,542630,543984,7.3952,7.0203,33.2678,32.8024,8.6177,10.8965,7.3398,6.9821,33.3098,32.7322,8.679,10.9572,7.3948,7.066,33.5145,32.3849,8.6508,10.989,7.4655,7.1242,33.5228,32.2328,8.6392,11.0154,7.4862,7.1533,33.4389,32.1471,8.7015,11.0729
DE116,Rems-Murr-Kreis,Germany,411025,414016,422698,424878,426158,7.1397,6.8229,32.9518,32.4951,9.0235,11.5669,7.0625,6.7659,32.9792,32.4239,9.1226,11.6459,7.146,6.7746,33.104,32.1889,9.1576,11.6289,7.1964,6.8055,33.0688,32.0266,9.2222,11.6805,7.2131,6.8477,32.9732,31.9323,9.2933,11.7405
DE117,"Heilbronn, Stadtkreis",Germany,118122,119841,123771,125113,125960,7.3551,6.8505,33.4815,31.9712,8.6377,11.704,7.3623,6.8466,33.6763,31.914,8.583,11.6179,7.4072,6.9645,34.4636,31.471,8.3735,11.3201,7.4565,7.0145,34.6647,31.3189,8.2877,11.2578,7.4889,7.0491,34.7277,31.2734,8.2177,11.2433
DE118,"Heilbronn, Landkreis",Germany,326035,329250,337571,340772,343068,7.3084,7.0722,34.1479,32.8986,8.2135,10.3593,7.2197,6.9804,34.2409,32.8322,8.3226,10.4043,7.266,6.9206,34.4162,32.4829,8.4412,10.4731,7.2899,6.9548,34.3946,32.2805,8.5529,10.5273,7.3988,7.01,34.2104,32.1709,8.6379,10.572
DE119,Hohenlohekreis,Germany,107866,108816,110689,111392,112010,7.437,6.9021,34.4668,32.7638,8.1332,10.297,7.3418,6.8878,34.5317,32.5926,8.2617,10.3845,7.2518,6.848,34.7623,32.1215,8.4742,10.5421,7.2761,6.9125,34.6066,32.0346,8.5805,10.5896,7.2993,6.9083,34.4657,31.8748,8.7215,10.7303
DE11A,Schwäbisch Hall,Germany,187682,188974,192958,194203,195861,7.4093,7.0438,34.5244,32.7852,7.9752,10.262,7.3444,7.0089,34.5148,32.6532,8.1286,10.3501,7.44,7.0497,34.4251,32.3215,8.3075,10.4562,7.419,7.0782,34.2914,32.1782,8.4407,10.5925,7.4568,7.1495,34.1896,31.9916,8.5494,10.6632
DE11B,Main-Tauber-Kreis,Germany,129857,130299,132274,132189,132321,6.7351,6.5149,33.2974,32.2254,9.2656,11.9616,6.6501,6.4083,33.3203,32.0977,9.4421,12.0814,6.7186,6.3807,33.4488,31.5739,9.6837,12.1944,6.7472,6.4483,33.1442,31.4633,9.8836,12.3134,6.8069,6.4721,32.9026,31.2853,10.111,12.4221
DE11C,Heidenheim,Germany,127947,128894,131498,132006,132472,7.1756,6.6129,32.9003,31.5678,9.3851,12.3582,7.1183,6.5961,32.9682,31.4887,9.4512,12.3776,7.0777,6.7712,33.1556,31.2134,9.5043,12.2778,7.0785,6.8467,33.1455,31.1289,9.598,12.2025,7.1094,6.8913,33.1844,30.9801,9.5975,12.2373
DE11D,Ostalbkreis,Germany,306933,308205,311587,312422,314002,7.355,7.083,33.5568,32.3403,8.569,11.0959,7.2351,6.9603,33.6374,32.2902,8.6968,11.1802,7.1547,6.8668,33.7479,32.0665,8.8823,11.2819,7.1125,6.843,33.6474,31.983,9.0048,11.4092,7.1289,6.8426,33.6014,31.8488,9.1038,11.4744
DE121,"Baden-Baden, Stadtkreis",Germany,53012,53342,54307,54718,55123,5.9647,5.5629,30.2328,31.8418,10.7938,15.604,5.8828,5.4741,30.4263,31.7142,10.8901,15.6125,5.9845,5.4744,30.6885,31.4729,11.0557,15.324,6.1132,5.5338,30.8747,31.3188,11.0147,15.1449,6.2116,5.6728,30.7639,31.2465,10.9936,15.1117
DE122,"Karlsruhe, Stadtkreis",Germany,299103,300051,309999,311919,313092,6.2169,5.8271,36.23,33.0281,7.8391,10.8588,6.2429,5.8123,36.1172,33.0361,7.925,10.8665,6.182,5.7716,37.0192,32.6043,7.8336,10.5894,6.1679,5.7672,37.2004,32.5152,7.8177,10.5316,6.1621,5.8267,37.2284,32.4017,7.8498,10.5314
DE123,"Karlsruhe, Landkreis",Germany,429186,431315,440337,442673,444232,7.0249,6.5477,33.5258,32.8739,8.7932,11.2345,6.9847,6.5147,33.4841,32.6355,8.9684,11.4125,7.026,6.5411,33.6217,32.1079,9.1709,11.5323,7.0646,6.5936,33.4818,31.9344,9.2856,11.64,7.0904,6.6704,33.3668,31.7717,9.3679,11.7328
DE124,Rastatt,Germany,223311,224687,228907,230216,231018,6.8281,6.4995,33.4896,32.7221,8.919,11.5418,6.8019,6.4107,33.4888,32.5858,9.0637,11.6491,6.8805,6.4515,33.4026,32.21,9.3007,11.7546,6.8636,6.4804,33.3257,32.0013,9.4455,11.8836,6.9038,6.4895,33.2191,31.8127,9.569,12.006
DE125,"Heidelberg, Stadtkreis",Germany,152113,154715,159914,160601,160355,5.8529,5.5899,34.9871,37.388,6.7529,9.4292,5.8863,5.6135,35.1246,37.1405,6.8112,9.4238,5.9745,5.7081,35.5197,36.7372,6.7611,9.2994,6.0853,5.8244,35.2233,36.6847,6.835,9.3474,6.1626,5.9094,34.9855,36.572,6.9402,9.4303
DE126,"Mannheim, Stadtkreis",Germany,296690,299844,304781,307997,309370,6.4043,6.0686,34.8515,33.7143,8.0812,10.88,6.431,6.0648,35.0516,33.5518,8.0592,10.8416,6.6333,6.1746,35.3477,33.2134,7.9575,10.6736,6.6455,6.1926,35.3503,33.3175,7.8952,10.5988,6.67,6.2239,35.3286,33.363,7.8682,10.5463
DE127,Neckar-Odenwald-Kreis,Germany,141584,141651,143278,143376,143535,6.928,6.4923,33.9106,32.3751,8.9071,11.3869,6.8125,6.4468,33.843,32.1953,9.1605,11.5417,6.7526,6.4357,34.0401,31.6985,9.446,11.627,6.7996,6.4648,33.8676,31.5855,9.5323,11.7502,6.8471,6.5085,33.6385,31.4467,9.7161,11.8431
DE128,Rhein-Neckar-Kreis,Germany,531013,534729,544400,546745,547625,7.0731,6.6198,32.6453,33.0805,9.0461,11.5351,7.0888,6.6364,32.5492,32.8774,9.1777,11.6704,7.1157,6.6855,32.7213,32.3824,9.322,11.773,7.1809,6.7295,32.5905,32.2163,9.408,11.8748,7.2276,6.7774,32.4563,32.0794,9.4952,11.964
DE129,"Pforzheim, Stadtkreis",Germany,117754,119291,123493,124289,125542,7.1989,6.7276,32.8227,32.4388,8.5101,12.3019,7.164,6.7415,33.0008,32.2732,8.5304,12.2901,7.3931,6.9664,33.2885,32.0496,8.3754,11.927,7.4182,7.1125,33.2982,31.9039,8.3885,11.8788,7.5823,7.325,33.2566,31.7607,8.3072,11.7682
DE12A,Calw,Germany,151461,152766,155960,157424,158397,7.3306,6.8394,33.3558,32.3932,8.8399,11.2412,7.2732,6.7646,33.4217,32.2454,8.985,11.3101,7.2775,6.7242,33.7676,31.8524,9.06,11.3183,7.2689,6.748,33.7414,31.7131,9.1765,11.3521,7.2931,6.7444,33.5549,31.5991,9.3512,11.4573
DE12B,Enzkreis,Germany,192811,193728,197246,198369,198905,7.0976,6.7605,33.2061,32.5609,8.9907,11.3842,7.0072,6.6542,33.227,32.4796,9.136,11.496,7.1439,6.7079,33.1875,32.2151,9.2164,11.5293,7.1498,6.7657,33.1478,32.0216,9.2938,11.6213,7.1763,6.7696,33.0746,31.8152,9.3929,11.7714
DE12C,Freudenstadt,Germany,114793,115147,116692,117456,117935,7.3829,6.8602,33.4951,32.4907,8.4465,11.3247,7.2386,6.7844,33.5641,32.4047,8.6489,11.3594,7.1736,6.8077,33.8069,32.0365,8.8361,11.3393,7.1746,6.8426,33.7199,31.9073,9.0127,11.343,7.2201,6.8572,33.5922,31.798,9.1288,11.4037
DE131,"Freiburg im Breisgau, Stadtkreis",Germany,220286,222203,227590,229636,230241,6.665,6.4353,33.9949,36.8426,6.5447,9.5176,6.6489,6.4603,34.0972,36.6399,6.6273,9.5264,6.8347,6.5328,34.0771,36.3412,6.763,9.4512,6.8299,6.5869,34.0186,36.233,6.8517,9.4798,6.8202,6.5636,33.9136,36.2077,6.9679,9.527
DE132,Breisgau-Hochschwarzwald,Germany,250137,252749,260416,262405,262795,7.3704,6.9014,32.4026,32.756,9.1062,11.4633,7.2894,6.8614,32.3847,32.6134,9.272,11.5791,7.3252,6.8663,32.4446,32.1931,9.5033,11.6675,7.323,6.905,32.3694,31.9525,9.6412,11.8088,7.3761,6.9457,32.1562,31.7183,9.7993,12.0044
DE133,Emmendingen,Germany,158177,159708,163251,164712,165383,7.3095,6.8177,33.1559,33.0421,8.6068,11.068,7.2626,6.7868,33.0797,32.9558,8.7572,11.1579,7.2882,6.7944,33.0724,32.5303,8.9721,11.3427,7.3674,6.8738,32.9029,32.2587,9.1177,11.4794,7.3756,6.9118,32.7633,32.0335,9.3051,11.6106
DE134,Ortenaukreis,Germany,412678,415639,423359,425932,429479,7.2551,6.8988,33.4668,32.5351,8.6057,11.2385,7.2233,6.8475,33.4877,32.3865,8.7665,11.2884,7.2487,6.8984,33.4489,32.0322,8.999,11.3729,7.2507,6.8943,33.3821,31.8478,9.1503,11.4748,7.276,6.9484,33.3332,31.6234,9.2701,11.5489
DE135,Rottweil,Germany,135319,135912,138327,138858,139455,7.3316,6.9709,33.152,31.9667,8.9699,11.6089,7.2216,6.8927,33.2502,31.8875,9.111,11.6369,7.3507,6.9697,33.355,31.5224,9.2245,11.5776,7.3593,6.9524,33.3153,31.4285,9.3153,11.6291,7.4081,6.9736,33.2286,31.3449,9.3916,11.6532
DE136,Schwarzwald-Baar-Kreis,Germany,205090,206116,210084,211207,212381,6.8404,6.6103,32.8861,31.9533,9.4485,12.2614,6.7971,6.6011,32.9048,31.7918,9.5509,12.3542,6.8373,6.6416,33.1448,31.3889,9.6342,12.3532,6.9126,6.656,33.0837,31.2499,9.7165,12.3812,6.9936,6.7322,32.9502,31.1398,9.7509,12.4333
DE137,Tuttlingen,Germany,133198,134607,138119,139397,140152,7.7591,7.3597,33.487,32.1101,8.4596,10.8245,7.7143,7.3481,33.6201,31.9775,8.5389,10.8011,7.7202,7.4284,33.8643,31.6416,8.5752,10.7704,7.7527,7.4707,33.8321,31.4992,8.6379,10.8073,7.8001,7.5404,33.7341,31.3659,8.7341,10.8254
DE138,Konstanz,Germany,273407,275785,282191,284015,285325,6.7957,6.5887,32.6766,33.5024,8.8754,11.5612,6.7661,6.5595,32.7266,33.3876,8.9396,11.6206,6.8454,6.5743,32.8738,33.1385,8.9932,11.5748,6.8542,6.5743,32.843,33.0468,9.0583,11.6233,6.8729,6.631,32.7388,32.913,9.1208,11.7235
DE139,Lörrach,Germany,221943,223692,227545,228314,228639,7.2974,6.9788,32.8337,33.2022,8.581,11.1069,7.2859,6.9211,32.8291,33.1255,8.6641,11.1743,7.3528,6.9758,32.8221,32.8695,8.7653,11.2145,7.3526,7.0386,32.818,32.6817,8.8426,11.2665,7.448,7.1405,32.5911,32.5255,8.9381,11.3568
DE13A,Waldshut,Germany,164265,165211,168852,170198,170619,7.5263,7.0879,32.6521,32.461,8.9301,11.3426,7.4723,7.0467,32.6419,32.3701,9.0896,11.3794,7.4586,7.0588,32.8015,32.0298,9.2466,11.4047,7.4501,7.0865,32.7812,31.7883,9.3908,11.5031,7.4605,7.1434,32.5714,31.6506,9.5447,11.6294
DE141,Reutlingen,Germany,276019,278031,284082,285754,286748,7.2212,6.8155,33.0876,32.8684,8.7248,11.2826,7.142,6.737,33.2071,32.7402,8.8091,11.3646,7.218,6.7745,33.4784,32.3245,8.8834,11.3214,7.2776,6.8513,33.3969,32.136,8.9672,11.371,7.3249,6.9361,33.2389,32.0121,9.0379,11.4501
DE142,"Tübingen, Landkreis",Germany,216535,218355,224635,225755,227331,7.1189,6.8151,34.43,35.4243,7.0377,9.174,7.0523,6.7551,34.4109,35.3104,7.2075,9.2638,7.1133,6.84,34.2809,35.0546,7.3715,9.3396,7.117,6.8375,34.1326,34.9365,7.4944,9.482,7.1227,6.8394,33.9879,34.8184,7.6268,9.6049
DE143,Zollernalbkreis,Germany,184615,186360,187401,188170,188935,6.8126,6.5211,33.1219,32.2141,9.2046,12.1258,6.8169,6.4912,33.3162,32.0428,9.2488,12.0841,6.7625,6.4397,33.2234,31.8659,9.4967,12.2118,6.7806,6.4261,33.2093,31.6629,9.6232,12.2979,6.851,6.5022,33.1124,31.4812,9.6875,12.3656
DE144,"Ulm, Stadtkreis",Germany,119218,120714,123953,125596,126329,6.8446,6.5628,34.1727,33.906,7.8587,10.6553,6.8401,6.5104,34.2479,33.7856,7.9071,10.7088,6.9494,6.563,34.6204,33.5095,7.8393,10.5185,6.9946,6.5679,34.7726,33.3108,7.853,10.5011,7.038,6.6477,34.6912,33.2624,7.8715,10.4893
DE145,Alb-Donau-Kreis,Germany,187892,189129,193318,194629,196047,7.7805,7.3196,33.9567,32.4234,8.2191,10.3006,7.6794,7.23,34.0863,32.2938,8.3493,10.3612,7.6527,7.2554,34.2808,31.9236,8.4912,10.3963,7.6643,7.2348,34.2616,31.744,8.6323,10.463,7.6645,7.2651,34.1347,31.6955,8.7198,10.5204
DE146,Biberach,Germany,188696,190438,196206,198265,199742,7.7718,7.4644,34.1205,32.7251,7.9567,9.9615,7.6912,7.4213,34.1633,32.67,8.0562,9.998,7.8168,7.378,34.2859,32.3002,8.2118,10.0073,7.8395,7.4062,34.1588,32.1882,8.3585,10.0487,7.8967,7.4656,34.0229,32.0418,8.4624,10.1105
DE147,Bodenseekreis,Germany,207450,209386,213070,214655,216227,6.9887,6.6242,32.377,32.4469,9.6433,11.92,6.9035,6.574,32.378,32.3627,9.7843,11.9975,6.9433,6.619,32.318,31.9228,9.9934,12.2035,7.0071,6.6474,32.1907,31.7342,10.0873,12.3333,7.0098,6.693,32.0788,31.6038,10.1856,12.4291
DE148,Ravensburg,Germany,273540,275339,281627,283264,284285,7.5664,7.1653,33.3651,32.9809,8.3871,10.5352,7.4741,7.0575,33.4511,32.854,8.5153,10.648,7.3945,7.0064,33.7141,32.5345,8.6643,10.6861,7.4058,6.9825,33.6679,32.4168,8.7653,10.7617,7.4418,7.0092,33.5301,32.2388,8.8995,10.8806
DE149,Sigmaringen,Germany,127101,127716,130275,130192,130873,7.3595,6.9677,33.7307,32.5568,8.4563,10.9291,7.2442,6.8762,33.8352,32.4893,8.5792,10.9759,7.2715,6.7143,34.1946,32.0545,8.7983,10.9668,7.2624,6.7792,33.8562,32.0181,8.9691,11.1151,7.2482,6.8288,33.8511,31.7835,9.063,11.2254
DE211,"Ingolstadt, Kreisfreie Stadt",Germany,129136,131002,133639,135244,136981,7.0747,6.5481,34.926,32.7469,8.1294,10.5749,7.0686,6.5694,35.1269,32.5423,8.1342,10.5586,7.1027,6.7099,35.239,32.3962,8.08,10.4722,7.1293,6.7293,35.3236,32.3534,8.0425,10.4219,7.2412,6.8447,35.3509,32.2118,7.9639,10.3876
DE212,"München, Kreisfreie Stadt",Germany,1407836,1429584,1464301,1456039,1471508,6.4626,6.1962,34.3438,35.0321,7.7113,10.2539,6.5331,6.2457,34.3664,34.9369,7.7072,10.2107,6.7264,6.4375,34.4205,34.668,7.6212,10.1264,6.8754,6.5982,34.1534,34.6014,7.6252,10.1463,6.9252,6.6384,34.2779,34.5378,7.5434,10.0773
DE213,"Rosenheim, Kreisfreie Stadt",Germany,60464,60889,62672,63080,63324,6.7693,6.6155,33.6696,32.798,8.4248,11.7227,6.75,6.6153,33.4872,32.7925,8.527,11.8281,6.8148,6.5691,33.7918,32.6509,8.4743,11.699,6.9959,6.5536,33.9141,32.454,8.4337,11.6487,7.0274,6.5694,33.9745,32.3227,8.4597,11.6465
DE214,Altötting,Germany,106965,107465,109422,110338,111210,6.963,6.6573,32.9977,32.2694,9.0029,12.1096,6.9009,6.6012,33.1047,32.0867,9.0904,12.2161,6.9995,6.7308,32.997,31.7496,9.2413,12.2818,7.0393,6.7583,32.9778,31.5739,9.3467,12.304,7.0812,6.8537,32.9098,31.3965,9.4128,12.346
DE215,Berchtesgadener Land,Germany,102346,102976,104480,105052,105722,6.4409,6.0667,32.397,31.8908,9.9105,13.2941,6.4161,6.0655,32.4105,31.7326,10.0402,13.3351,6.5113,6.048,32.3832,31.5123,10.1675,13.3777,6.5444,6.1113,32.3973,31.3435,10.1797,13.4238,6.6126,6.2295,32.3679,31.143,10.2117,13.4352
DE216,Bad Tölz-Wolfratshausen,Germany,122118,123340,125668,126572,127227,7.2676,6.8876,32.4588,32.4514,9.2738,11.6609,7.2231,6.8656,32.4672,32.3253,9.3465,11.7723,7.3066,6.8347,32.6018,32.1251,9.3508,11.781,7.3318,6.8499,32.5664,32.0134,9.4081,11.8304,7.4017,6.9168,32.4491,31.8965,9.4555,11.8803
DE217,Dachau,Germany,144407,146279,150839,152703,153884,7.5869,7.0114,34.1064,33.5219,7.9179,9.8555,7.5418,7.0229,34.0883,33.3937,8.0169,9.9365,7.4251,7.1215,34.4679,32.8953,8.1,9.9901,7.4812,7.119,34.3765,32.7413,8.1943,10.0876,7.5472,7.171,34.3207,32.5122,8.2478,10.2012
DE218,Ebersberg,Germany,133007,134873,139016,140800,142142,8.1537,7.5214,32.8802,32.7494,8.4492,10.2461,8.095,7.5382,32.9621,32.6174,8.5043,10.283,7.9638,7.4905,33.4839,32.3891,8.3861,10.2866,7.9538,7.5,33.5668,32.2692,8.3977,10.3125,8.0145,7.5382,33.5446,32.2164,8.3712,10.315
DE219,Eichstätt,Germany,125858,127189,130808,131646,132341,7.8938,7.4703,34.7717,32.9165,7.63,9.3176,7.7908,7.3819,34.9291,32.8204,7.7334,9.3444,7.7969,7.3673,35.3037,32.3535,7.816,9.3626,7.8552,7.4488,35.0242,32.2729,7.9607,9.4382,7.8744,7.5275,34.9521,32.1133,8.0459,9.4869
DE21A,Erding,Germany,130238,131839,135429,136884,137660,7.8525,7.5416,35.0412,33.6668,7.1623,8.7355,7.7815,7.3393,35.0435,33.6699,7.2877,8.8783,7.7472,7.1713,35.1298,33.4463,7.4962,9.0091,7.6912,7.1637,35.1736,33.2683,7.5977,9.1055,7.6493,7.1655,35.0712,33.2094,7.6696,9.2351
DE21B,Freising,Germany,169010,170357,175803,177997,179116,7.6451,7.1475,35.9381,33.8169,6.9807,8.4717,7.5823,7.1086,35.9105,33.7908,7.0605,8.5473,7.4987,7.0716,36.3612,33.4329,7.0568,8.5789,7.4777,7.0844,36.4579,33.314,7.0793,8.5867,7.527,7.0541,36.3647,33.2896,7.1328,8.6318
DE21C,Fürstenfeldbruck,Germany,208272,210278,216857,217831,219320,7.4038,7.0696,31.77,32.3851,9.4223,11.9493,7.3874,7.0844,31.8207,32.1869,9.4751,12.0455,7.4159,7.1669,32.1622,31.8136,9.4357,12.0056,7.4356,7.1955,32.0873,31.7769,9.4468,12.058,7.495,7.174,32.1599,31.6328,9.4451,12.0933
DE21D,Garmisch-Partenkirchen,Germany,85443,85931,87877,88155,88467,6.4066,5.9759,31.0851,31.6515,10.6925,14.1884,6.4144,5.9199,31.0901,31.4485,10.8191,14.308,6.4158,5.9572,31.3632,31.3677,10.7377,14.1584,6.433,6.0246,31.2427,31.3108,10.8241,14.1648,6.503,6.0712,31.206,31.1563,10.8617,14.2019
DE21E,Landsberg am Lech,Germany,114926,116118,118725,119141,120071,7.671,7.2673,33.4354,32.7846,8.4776,10.3641,7.4993,7.1944,33.5323,32.6487,8.6722,10.4532,7.3413,7.0246,33.9735,32.2451,8.8305,10.585,7.3191,7.0085,33.786,32.1938,8.981,10.7117,7.3273,7.045,33.6193,32.0527,9.088,10.8677
DE21F,Miesbach,Germany,96049,96773,98828,99189,99726,6.9912,6.632,31.7754,32.2804,9.7096,12.6113,6.9989,6.5907,31.8539,32.0937,9.7548,12.7081,6.9505,6.6388,32.1528,31.7623,9.7918,12.7039,7.0068,6.5965,32.0983,31.7122,9.8499,12.7363,7.0303,6.6322,32.113,31.6106,9.861,12.7529
DE21G,Mühldorf a. Inn,Germany,109227,110296,113222,114486,115250,7.1603,6.7666,34.2269,32.2484,8.5922,11.0055,7.1172,6.6947,34.3041,32.1471,8.6903,11.0466,7.1982,6.7178,34.6452,31.773,8.6874,10.9784,7.2437,6.7091,34.5833,31.6702,8.8002,10.9935,7.3484,6.7592,34.4243,31.58,8.8651,11.023
DE21H,"München, Landkreis",Germany,329981,332800,343405,346433,348871,7.8462,7.3971,32.1822,31.9609,9.1769,11.4367,7.8711,7.4096,32.1244,31.8513,9.2272,11.5165,7.8881,7.4213,32.6268,31.579,9.0992,11.3857,7.8872,7.4173,32.7518,31.4863,9.0779,11.3794,7.8327,7.4234,32.8637,31.4365,9.0644,11.3793
DE21I,Neuburg-Schrobenhausen,Germany,92700,93505,95759,96164,96680,7.4272,7.0798,34.5512,32.6138,8.0712,10.2567,7.3996,7.0606,34.5639,32.4902,8.1546,10.331,7.38,7.1012,34.6996,32.1484,8.3345,10.3364,7.4477,7.1264,34.4412,32.1503,8.4637,10.3708,7.4472,7.1318,34.3329,32.0645,8.5705,10.453
DE21J,Pfaffenhofen a. d. Ilm,Germany,119987,121594,125085,126244,127151,7.355,7.0016,35.3905,32.8777,7.7892,9.586,7.354,6.9823,35.3809,32.8232,7.8688,9.5909,7.2575,6.9833,35.659,32.3636,8.0601,9.6766,7.3065,7.0578,35.4829,32.2534,8.143,9.7565,7.4573,7.149,35.0945,32.1421,8.2846,9.8725
DE21K,"Rosenheim, Landkreis",Germany,249810,251850,257466,259449,260983,7.3288,6.9337,32.9598,32.5483,8.964,11.2654,7.2249,6.8767,32.9541,32.4411,9.1098,11.3933,7.1936,6.799,32.9857,32.1464,9.3282,11.5472,7.1729,6.7778,32.9298,32.0502,9.4396,11.6296,7.2189,6.7859,32.765,31.9442,9.5416,11.7444
DE21L,Starnberg,Germany,130811,131873,134732,135545,136092,7.6102,7.2494,30.3575,32.1395,10.0917,12.5517,7.4989,7.2047,30.5021,32.0035,10.1439,12.647,7.5877,7.1995,30.7752,31.6629,10.0993,12.6755,7.5569,7.2197,30.7787,31.6146,10.1376,12.6925,7.5611,7.1893,30.774,31.5676,10.1762,12.7318
DE21M,Traunstein,Germany,170364,171978,175431,176290,177089,6.8389,6.5841,32.3155,32.0467,9.7315,12.4833,6.7607,6.502,32.3791,31.9739,9.8303,12.5539,6.744,6.4818,32.7149,31.5611,9.9737,12.5246,6.7701,6.4955,32.6286,31.5259,10.0522,12.5277,6.7734,6.5758,32.5763,31.4119,10.0966,12.566
DE21N,Weilheim-Schongau,Germany,130387,131190,133859,134252,135348,7.3075,6.9255,32.6574,32.3253,9.3598,11.4245,7.2673,6.9312,32.568,32.2044,9.4916,11.5375,7.2225,6.8804,32.8413,31.8492,9.6385,11.5681,7.2498,6.8446,32.6923,31.7984,9.7905,11.6244,7.2716,6.9192,32.627,31.6237,9.8406,11.7179
DE221,"Landshut, Kreisfreie Stadt",Germany,66179,67509,70025,71193,72404,6.3827,6.02,32.7883,33.6043,8.6719,12.5327,6.3384,6.0407,33.0075,33.4504,8.6788,12.4843,6.532,6.2164,33.2724,33.2081,8.6455,12.1257,6.5554,6.3054,33.4569,33.0931,8.6118,11.9773,6.617,6.3684,33.726,32.8476,8.5534,11.8875
DE222,"Passau, Kreisfreie Stadt",Germany,49454,49952,51074,51781,52469,5.3241,5.308,32.9458,34.6463,8.8466,12.9292,5.3011,5.185,33.0517,34.7814,8.8745,12.8063,5.2669,5.2962,33.5533,34.2738,8.9145,12.6953,5.3128,5.2239,33.8773,34.1168,8.8276,12.6417,5.346,5.3098,34.1402,33.8238,8.8166,12.5636
DE223,"Straubing, Kreisfreie Stadt",Germany,45502,46027,47142,47586,47794,6.1184,5.4723,34.8073,32.5019,8.826,12.2742,6.1095,5.5033,34.8252,32.3897,8.9339,12.2385,6.0795,5.6171,35.1406,31.9057,9.0174,12.2396,6.1215,5.7265,35.2141,31.7089,9.0069,12.2221,6.2246,5.7915,35.1781,31.5228,9.0576,12.2254
DE224,Deggendorf,Germany,115374,115699,117601,118741,119326,6.8638,6.5101,34.2954,33.1557,8.3086,10.8664,6.7218,6.3899,34.3132,33.1109,8.4962,10.9681,6.6385,6.3809,34.299,32.805,8.7703,11.1062,6.6253,6.3744,34.3714,32.5903,8.8537,11.1848,6.6113,6.3389,34.2893,32.4305,9.0022,11.3278
DE225,Freyung-Grafenau,Germany,77626,77927,78180,78345,78355,6.5416,6.1049,34.3055,33.0418,8.6582,11.348,6.4804,5.9658,34.2641,32.9796,8.9533,11.3568,6.3661,5.9414,34.2108,32.704,9.2939,11.4838,6.2442,5.9187,34.0532,32.533,9.6241,11.6268,6.2408,5.9805,33.8064,32.3145,9.8577,11.8001
DE226,Kelheim,Germany,115232,116495,119969,121119,122258,7.4658,7.1525,34.7586,32.7235,7.9093,9.9903,7.3265,7.0527,34.9551,32.6203,8.0484,9.997,7.3636,7.011,35.2399,32.2825,8.1413,9.9617,7.3671,7.0328,35.1514,32.1023,8.2819,10.0645,7.4416,7.0384,35.0276,31.9235,8.3553,10.2136
DE227,"Landshut, Landkreis",Germany,150316,151819,155442,157239,158698,7.4902,7.103,34.9125,32.8135,8.0025,9.6783,7.395,7.0149,34.9594,32.7192,8.1268,9.7847,7.3905,7.02,34.9828,32.322,8.3581,9.9265,7.4943,7.0682,34.8908,32.1288,8.4076,10.0102,7.5477,7.1034,34.6677,32.0735,8.5218,10.0858
DE228,"Passau, Landkreis",Germany,185671,186284,188904,190504,192043,6.7943,6.3855,33.547,32.7628,8.8797,11.6308,6.6796,6.284,33.5423,32.6641,9.0652,11.7648,6.6251,6.1889,33.4678,32.2635,9.4969,11.9579,6.6062,6.2361,33.4324,32.0261,9.6218,12.0774,6.61,6.2309,33.3113,31.8403,9.7921,12.2155
DE229,Regen,Germany,76257,76265,77187,77489,77656,6.5646,6.0244,34.149,32.5439,8.8648,11.8533,6.484,5.9398,34.0222,32.4461,9.1261,11.9819,6.4506,5.8468,34.0278,32.0041,9.4886,12.1821,6.5454,5.9828,33.6499,31.8226,9.7201,12.2792,6.5185,6.0433,33.4939,31.7026,9.8808,12.3609
DE22A,Rottal-Inn,Germany,117654,118164,119617,120371,120659,6.9356,6.5846,33.7541,32.1511,8.9338,11.6409,6.8405,6.5477,33.7548,32.1164,9.0688,11.6719,6.7883,6.484,33.7494,31.9394,9.3055,11.7333,6.7691,6.4451,33.7963,31.8532,9.4109,11.7254,6.8316,6.4272,33.6684,31.744,9.5136,11.8151
DE22B,Straubing-Bogen,Germany,97323,97967,99221,99838,100649,7.2706,6.9172,34.5705,32.9141,8.0875,10.2401,7.2198,6.8309,34.6239,32.8039,8.2048,10.3167,7.1185,6.7889,34.6449,32.4407,8.4952,10.5119,7.0805,6.793,34.576,32.2182,8.7011,10.6312,7.095,6.8495,34.3779,32.1225,8.8277,10.7274
DE22C,Dingolfing-Landau,Germany,92565,93450,95035,95831,96217,6.9789,6.5986,35.8883,32.3038,8.1359,10.0945,6.9139,6.5008,36.015,32.1637,8.2504,10.1562,6.807,6.3755,36.355,31.7651,8.4895,10.2078,6.8589,6.4269,36.2346,31.7152,8.5139,10.2503,6.9374,6.5321,35.7691,31.7408,8.6877,10.3329
DE231,"Amberg, Kreisfreie Stadt",Germany,41592,41535,42348,42248,41970,6.1983,5.8689,33.5377,31.7753,9.1941,13.4257,6.1322,5.8577,33.5789,31.6287,9.3078,13.4946,6.2577,5.9696,33.6568,31.2034,9.4408,13.4717,6.2725,6.0003,33.3791,31.076,9.6028,13.6693,6.3307,5.9495,33.2285,31.0531,9.6974,13.7408
DE232,"Regensburg, Kreisfreie Stadt",Germany,140276,142292,148638,150894,152610,5.9518,5.7807,34.6239,35.5955,7.2521,10.7959,5.9919,5.8232,34.626,35.6633,7.2316,10.664,6.1196,5.8922,35.0341,35.5266,7.1516,10.276,6.2203,5.9041,35.1154,35.5223,7.1229,10.115,6.2689,5.9583,35.267,35.3889,7.1011,10.0157
DE233,"Weiden i. d. Opf, Kreisfreie Stadt",Germany,41726,41817,42494,42543,42520,6.0634,5.9244,32.0256,33.1328,9.2317,13.6222,6.0143,5.8828,32.1281,33.0464,9.3574,13.571,5.9679,5.9467,32.7811,32.4587,9.3919,13.4537,6.0527,5.9399,32.6258,32.2779,9.5221,13.5816,6.1124,5.9713,32.58,32.1378,9.619,13.5795
DE234,Amberg-Sulzbach,Germany,103074,103045,103009,102836,103109,6.7951,6.3692,34.286,32.7085,8.6423,11.1988,6.6117,6.2458,34.3976,32.6741,8.7661,11.3048,6.5305,6.0927,34.4465,32.4273,9.0565,11.4466,6.4258,6.172,34.2993,32.2805,9.308,11.5145,6.5959,6.2594,34.0543,32.0641,9.457,11.5693
DE235,Cham,Germany,125553,125844,126918,127339,127882,6.5996,6.4546,34.5496,32.7169,8.6179,11.0615,6.5351,6.3881,34.5102,32.6023,8.8101,11.1543,6.5932,6.2789,34.2836,32.3272,9.2256,11.2915,6.668,6.2856,34.127,32.0766,9.3938,11.449,6.6929,6.3355,33.9321,31.8293,9.6151,11.5951
DE236,Neumarkt i. d. OPf.,Germany,127826,128975,131662,132644,133561,7.1965,6.8257,35.0265,32.9831,7.8544,10.1137,7.0843,6.7773,35.1053,32.8676,7.9922,10.1733,7.0225,6.7096,35.2387,32.5136,8.2666,10.249,7.0655,6.7074,35.054,32.4018,8.4195,10.3518,7.1376,6.7759,34.8208,32.24,8.5796,10.4462
DE237,Neustadt a. d. Waldnaab,Germany,95447,95184,94528,94486,94352,6.8205,6.4727,34.4505,33.0225,8.3261,10.9076,6.6807,6.395,34.3608,33.0055,8.5876,10.9703,6.5928,6.232,34.119,32.7046,9.0047,11.3469,6.5047,6.2168,34.0061,32.5657,9.1971,11.5096,6.6347,6.3263,33.7375,32.3576,9.3808,11.5631
DE238,"Regensburg, Landkreis",Germany,185980,187205,190481,192200,193572,7.2787,6.8679,34.4575,33.5886,8.0035,9.8037,7.2712,6.7979,34.3351,33.3992,8.2044,9.9923,7.2763,6.8422,34.2396,32.9361,8.498,10.2078,7.2695,6.8772,34.18,32.6446,8.6805,10.3481,7.3037,6.907,34.0307,32.4582,8.8179,10.4824
DE239,Schwandorf,Germany,143060,143614,145382,146487,147189,6.7238,6.3763,34.8651,32.4927,8.3811,11.1611,6.615,6.3162,34.8852,32.4752,8.5215,11.1869,6.6177,6.2896,34.8427,32.1821,8.7893,11.2786,6.6723,6.3439,34.6229,32.0192,8.9844,11.3573,6.6894,6.3728,34.47,31.9365,9.0917,11.4397
DE23A,Tirschenreuth,Germany,73457,73250,72918,72730,72504,6.3929,6.0307,33.9056,32.1276,9.1768,12.3664,6.2894,5.9986,33.8225,32.0437,9.4253,12.4205,6.2989,6.0122,33.8051,31.7288,9.6574,12.4976,6.3138,5.9989,33.6285,31.5922,9.9065,12.5602,6.3045,6.0783,33.4368,31.4921,10.0781,12.6103
DE241,"Bamberg, Kreisfreie Stadt",Germany,71167,71952,75743,77179,77592,5.792,5.6613,32.8453,35.0935,8.289,12.3189,5.7636,5.6093,33.1165,35.0233,8.2611,12.2262,6.0917,5.8289,33.8117,34.72,8.0034,11.5443,6.2206,5.9977,34.03,34.5366,7.9037,11.3114,6.3061,5.9826,34.1105,34.4662,7.8668,11.2679
DE242,"Bayreuth, Kreisfreie Stadt",Germany,71572,71601,73065,73999,74657,5.4155,5.1207,33.9085,34.1279,8.6892,12.7382,5.3924,5.0726,33.8068,34.1378,8.7988,12.7917,5.2939,5.0996,34.2804,33.7932,8.9277,12.6052,5.3785,5.1474,34.3897,33.5775,8.9285,12.5785,5.4596,5.1971,34.483,33.4329,8.9061,12.5213
DE243,"Coburg, Kreisfreie Stadt",Germany,40994,41062,41071,41236,41249,5.8423,5.6789,32.717,32.7145,9.5209,13.5264,5.9008,5.6329,32.5142,32.6847,9.6537,13.6136,5.7851,5.566,32.9356,32.2515,9.8025,13.6593,5.7911,5.7474,32.993,31.9939,9.8749,13.5998,5.9371,5.7601,33.0287,31.7996,9.913,13.5615
DE244,"Hof, Kreisfreie Stadt",Germany,44522,44325,45183,45950,45930,5.9274,5.7634,31.7124,32.2762,9.721,14.5995,5.9786,5.7868,31.5691,32.1286,9.8455,14.6915,6.1682,5.958,31.9235,31.6314,9.7824,14.5364,6.4222,6.3308,31.9565,31.3515,9.6192,14.3199,6.5469,6.4446,31.9203,31.1365,9.6451,14.3066
DE245,"Bamberg, Landkreis",Germany,144425,144695,146042,146584,147086,7.192,6.8866,34.8568,33.4997,7.7397,9.8252,7.0742,6.7604,34.863,33.3978,7.983,9.9216,7.0582,6.798,34.7051,33.0179,8.3339,10.0868,7.054,6.7968,34.5208,32.8883,8.5105,10.2296,7.104,6.8674,34.3466,32.6571,8.6732,10.3518
DE246,"Bayreuth, Landkreis",Germany,104637,104615,103876,103805,103656,6.8083,6.3926,33.469,32.5296,8.9892,11.8113,6.7619,6.3662,33.4082,32.3539,9.1507,11.9591,6.6445,6.2555,33.2358,32.0969,9.5681,12.1992,6.6557,6.2531,33.008,31.9821,9.8126,12.2884,6.5997,6.2669,32.904,31.837,9.9965,12.3958
DE247,"Coburg, Landkreis",Germany,86719,86715,86734,86885,86906,6.4219,5.971,33.2557,32.3839,9.5446,12.4229,6.4141,5.9771,33.1165,32.2828,9.7584,12.4511,6.4058,6.0103,33.0551,31.8272,10.0376,12.664,6.4522,6.1184,32.8031,31.7247,10.1513,12.7502,6.5416,6.1779,32.664,31.5617,10.1719,12.8829
DE248,Forchheim,Germany,113424,113900,115259,115681,116099,6.9007,6.8469,34.1127,33.2619,8.2989,10.5789,6.8279,6.8104,34.0904,33.0799,8.5259,10.6655,6.8316,6.8333,33.8924,32.7098,8.8089,10.9241,6.8966,6.8222,33.7679,32.5205,8.9652,11.0277,6.9355,6.8192,33.623,32.3956,9.1431,11.0836
DE249,"Hof, Landkreis",Germany,97096,96608,95915,95773,95311,6.0487,5.784,31.8839,31.5101,10.5391,14.2344,5.9829,5.7076,31.8814,31.3432,10.6948,14.3901,5.8562,5.6884,31.9022,30.968,11.0202,14.565,5.8806,5.7438,31.9067,30.8991,11.0595,14.5104,5.9038,5.7506,31.8421,30.7845,11.1949,14.524
DE24A,Kronach,Germany,68484,67998,67613,67474,67135,5.9678,5.74,33.5363,32.0995,9.5672,13.0892,5.8061,5.6531,33.4922,31.9877,9.84,13.221,5.6602,5.6173,33.3826,31.701,10.214,13.4249,5.657,5.6051,33.3195,31.5529,10.3773,13.4882,5.6677,5.5843,33.2137,31.3607,10.5474,13.6263
DE24B,Kulmbach,Germany,72898,72541,71993,72012,71845,6.2512,5.8945,33.112,32.3054,9.4337,13.0031,6.1427,5.8339,33.0668,32.146,9.6401,13.1705,5.9742,5.7242,32.9463,31.8142,10.101,13.4402,5.9435,5.6977,32.914,31.6322,10.2927,13.52,5.9949,5.6942,32.7371,31.5011,10.4642,13.6085
DE24C,Lichtenfels,Germany,66644,66540,66640,66777,66838,6.2706,6.2811,33.5289,32.4905,9.2056,12.2232,6.2609,6.1091,33.5002,32.5203,9.3613,12.2483,6.2305,6.226,33.3914,32.1549,9.7059,12.2914,6.3121,6.2357,33.2929,31.9691,9.8148,12.3755,6.3228,6.2016,33.0785,31.8277,10.0123,12.5572
DE24D,Wunsiedel i. Fichtelgebirge,Germany,73783,73403,73260,73485,73178,5.7683,5.4145,31.6685,31.3229,10.6813,15.1444,5.7,5.3595,31.699,31.1104,10.896,15.2351,5.8408,5.4518,31.8032,30.6798,11.107,15.1174,5.9985,5.6624,31.6119,30.5015,11.1315,15.0942,6.0524,5.6766,31.5231,30.3834,11.2343,15.1302
DE251,"Ansbach, Kreisfreie Stadt",Germany,39839,40010,41532,41652,41847,6.4861,6.3004,31.921,33.6655,8.9661,12.661,6.4984,6.2959,31.9595,33.5616,9.0327,12.6518,6.6744,6.5179,32.2956,33.1865,8.9088,12.4169,6.7416,6.6719,32.2145,33.0188,8.8927,12.4604,6.9133,6.7986,32.117,32.939,8.8776,12.3545
DE252,"Erlangen, Kreisfreie Stadt",Germany,105624,106423,110238,110998,111962,6.7163,6.2628,34.6758,34.0065,7.7643,10.5743,6.7175,6.2505,34.7171,33.9382,7.7869,10.5898,6.8706,6.4288,35.0687,33.7279,7.5927,10.3113,6.8614,6.3875,35.2862,33.6024,7.583,10.2795,6.8675,6.4343,35.4745,33.5525,7.5535,10.1177
DE253,"Fürth, Kreisfreie Stadt",Germany,119808,121519,125403,126526,127748,6.9044,6.2291,33.7916,34.6287,7.7582,10.6879,6.8886,6.2402,33.9914,34.4605,7.7461,10.6732,6.9608,6.3842,34.2663,34.0765,7.7127,10.5994,7.0152,6.4698,34.2704,33.9748,7.6862,10.5836,7.0201,6.487,34.2878,33.8988,7.6972,10.6092
DE254,"Nürnberg, Kreisfreie Stadt",Germany,498876,501072,511628,515201,518365,6.4459,6.1041,33.1816,33.5947,8.6166,12.0571,6.5298,6.1861,33.1114,33.5453,8.6309,11.9965,6.7752,6.3544,33.2996,33.298,8.486,11.7867,6.8305,6.4326,33.3868,33.1791,8.4437,11.7273,6.9021,6.5199,33.4475,33.0572,8.4205,11.6528
DE255,"Schwabach, Kreisfreie Stadt",Germany,39546,39941,40707,40781,40792,7.002,6.5367,32.1271,32.6936,9.2196,12.421,7.0304,6.4771,32.2626,32.5305,9.2562,12.4434,7.0111,6.6647,32.4809,32.191,9.1999,12.4524,7.1259,6.7679,32.3288,31.9904,9.3058,12.4813,7.1828,6.9131,32.3176,31.7734,9.2714,12.5417
DE256,"Ansbach, Landkreis",Germany,178914,179419,182178,183256,183949,7.2163,6.7535,34.2539,32.6911,8.3521,10.7331,7.1247,6.6699,34.2322,32.6521,8.5125,10.8088,7.1919,6.6622,34.2808,32.263,8.7387,10.8636,7.2232,6.7179,34.2068,32.0994,8.8417,10.911,7.2053,6.7698,34.0105,31.9822,9.0427,10.9895
DE257,Erlangen-Höchstadt,Germany,132012,132830,134640,135334,136271,7.3062,6.913,33.5235,33.1402,8.731,10.3862,7.2386,6.8591,33.4857,32.9737,8.9355,10.5074,7.3767,6.9578,33.2249,32.5357,9.1459,10.7591,7.4704,7.0189,32.937,32.3562,9.2911,10.9263,7.5658,7.0984,32.7186,32.227,9.4422,10.948
DE258,"Fürth, Landkreis",Germany,114513,113847,115971,116193,117387,6.6805,6.5032,32.4112,32.8731,9.4898,12.0423,6.608,6.391,32.065,32.7958,9.7499,12.3903,6.781,6.5387,31.8899,32.3219,9.9085,12.56,6.8705,6.5822,31.6387,32.1284,10.0393,12.7409,6.9607,6.7035,31.5648,31.9575,10.0863,12.7271
DE259,Nürnberger Land,Germany,165000,165918,168893,169752,170365,6.7964,6.2024,32.6048,32.6521,9.5661,12.1782,6.7883,6.1946,32.5799,32.5257,9.6632,12.2482,6.9109,6.3212,32.5786,32.176,9.8086,12.2048,6.9655,6.4099,32.511,31.9495,9.8632,12.3009,6.9979,6.5037,32.391,31.8522,9.8852,12.3699
DE25A,Neustadt a. d. Aisch-Bad Windsheim,Germany,97482,97808,99332,99641,100364,7.0731,6.5079,33.8411,32.8317,8.6334,11.1128,6.9861,6.4443,33.8009,32.7836,8.8357,11.1494,7.036,6.5286,33.7605,32.3712,9.1481,11.1555,6.9811,6.5294,33.7451,32.1645,9.3415,11.2383,7.0145,6.603,33.6525,31.8889,9.4815,11.3597
DE25B,Roth,Germany,123431,123890,125563,126101,126958,6.9788,6.6507,33.6091,32.9407,8.8462,10.9746,6.8609,6.5857,33.6226,32.8396,8.9935,11.0977,6.8412,6.5481,33.7528,32.4929,9.1349,11.2302,6.9317,6.6019,33.5358,32.3415,9.2553,11.3338,7.0803,6.6337,33.3614,32.1398,9.3432,11.4416
DE25C,Weißenburg-Gunzenhausen,Germany,92331,92518,93974,94208,94393,6.9186,6.4778,33.7189,32.0672,8.9775,11.84,6.8398,6.4204,33.7253,31.9949,9.128,11.8917,6.9083,6.5007,33.6455,31.5609,9.31,12.0746,6.9389,6.5472,33.4101,31.4941,9.4928,12.1168,7.0037,6.5958,33.2747,31.3689,9.6119,12.145
DE261,"Aschaffenburg, Kreisfreie Stadt",Germany,67844,68167,69187,69928,70527,6.5695,6.2968,33.0361,33.9838,8.3176,11.7962,6.5486,6.3168,32.9221,33.8844,8.4748,11.8532,6.7122,6.3755,32.9527,33.2823,8.6823,11.995,6.7655,6.4695,32.9353,33.0897,8.7762,11.9637,6.7804,6.4557,33.1022,32.8583,8.7739,12.0294
DE262,"Schweinfurt, Kreisfreie Stadt",Germany,51851,51610,52724,53437,54032,6.4165,6.0365,31.8702,31.5365,9.8841,14.2562,6.4639,5.995,31.7419,31.4455,10.0136,14.3402,6.6896,6.2078,31.9684,31.0523,9.967,14.115,6.8716,6.4244,32.2099,30.681,9.8546,13.9585,7.0273,6.6146,32.4086,30.4875,9.7072,13.7548
DE263,"Würzburg, Kreisfreie Stadt",Germany,124698,124219,126010,126635,127880,5.0538,4.9319,34.0631,35.8851,7.9737,12.0924,5.1015,4.9211,33.9602,35.7417,8.1026,12.1729,5.248,5.0853,34.3187,35.3361,8.0311,11.9808,5.3255,5.1573,34.3467,35.1459,8.061,11.9635,5.373,5.2244,34.358,35.0938,8.0881,11.8627
DE264,"Aschaffenburg, Landkreis",Germany,172791,172776,173504,173969,174208,6.6815,6.439,33.9711,33.0,8.9976,10.9109,6.6329,6.3417,33.8606,32.8987,9.1882,11.0779,6.6857,6.3416,33.4782,32.6505,9.4747,11.3692,6.7857,6.4121,33.2122,32.4403,9.6557,11.494,6.8349,6.4612,33.0318,32.2144,9.8268,11.6309
DE265,Bad Kissingen,Germany,102865,102901,103100,103265,103218,6.2713,6.2733,32.6875,31.8651,9.8508,13.0521,6.2118,6.1885,32.6751,31.6741,10.0971,13.1534,6.2347,6.2134,32.4656,31.3317,10.4365,13.3181,6.2809,6.1696,32.2462,31.1993,10.657,13.447,6.2915,6.1588,32.0991,31.044,10.8886,13.518
DE266,Rhön-Grabfeld,Germany,79965,79676,79855,79796,79690,6.7792,6.6179,33.7022,32.5192,9.0302,11.3512,6.7159,6.5415,33.4856,32.3937,9.3215,11.5417,6.7159,6.5231,33.388,32.018,9.6425,11.7125,6.7635,6.583,33.1821,31.7998,9.8088,11.8628,6.7901,6.5102,32.9125,31.6602,10.0866,12.0404
DE267,Haßberge,Germany,84090,84152,84373,84464,84599,6.87,6.543,34.6212,32.9195,8.4659,10.5803,6.8246,6.455,34.4781,32.8798,8.6676,10.6949,6.8825,6.4167,34.1507,32.4808,9.1321,10.9371,6.9308,6.3956,33.9553,32.3179,9.3105,11.0899,6.9232,6.4658,33.7581,32.1079,9.5178,11.2271
DE268,Kitzingen,Germany,88097,88492,89748,90429,90909,6.763,6.5178,34.2997,32.8377,8.6836,10.8982,6.7136,6.4243,34.2562,32.6719,8.9195,11.0146,6.8135,6.4871,34.2035,32.2659,9.1801,11.0498,6.8463,6.4858,34.1185,32.1224,9.3797,11.0473,6.8497,6.4658,34.0054,32.0441,9.515,11.1199
DE269,Miltenberg,Germany,127909,127941,128543,128484,128756,6.9714,6.607,33.9398,32.7553,8.8461,10.8804,6.8797,6.5225,33.8453,32.6924,9.0409,11.0191,6.832,6.4935,33.6245,32.3915,9.3782,11.2803,6.8265,6.5129,33.4563,32.1978,9.5561,11.4505,6.8781,6.4898,33.2816,32.0715,9.6943,11.5847
DE26A,Main-Spessart,Germany,126295,125915,126301,126523,126365,6.328,6.1752,34.1217,32.4138,9.2577,11.7036,6.2717,6.1081,33.9547,32.2678,9.5215,11.8763,6.3578,6.1346,33.4764,31.9,10.011,12.1203,6.3585,6.1467,33.303,31.7152,10.2013,12.2752,6.3768,6.1948,33.0812,31.4739,10.3605,12.513
DE26B,"Schweinfurt, Landkreis",Germany,113007,113747,114823,115105,115106,6.7102,6.3067,33.9014,32.6484,9.1755,11.2577,6.7079,6.2841,33.8374,32.5398,9.2987,11.3322,6.8235,6.2966,33.6013,32.2583,9.5861,11.4341,6.9128,6.3029,33.4017,32.0186,9.7763,11.5877,7.0066,6.3698,33.2068,31.7186,9.9734,11.7248
DE26C,"Würzburg, Landkreis",Germany,158580,159253,161041,161340,161834,6.9738,6.5387,33.6348,33.4292,8.9129,10.5108,6.9512,6.4878,33.5033,33.2578,9.1138,10.6861,6.9572,6.5555,33.263,32.6184,9.5131,11.0928,6.984,6.6258,33.0625,32.3807,9.6882,11.2588,7.0572,6.6618,32.914,32.1039,9.8292,11.4339
DE271,"Augsburg, Kreisfreie Stadt",Germany,276542,281111,289584,292851,295135,6.3263,6.0703,34.0118,33.4965,8.3156,11.7794,6.3224,6.073,34.1904,33.4199,8.2871,11.7071,6.4472,6.1595,34.418,33.2802,8.1821,11.5131,6.5576,6.2219,34.4383,33.2381,8.1304,11.4137,6.58,6.2605,34.5076,33.2282,8.096,11.3277
DE272,"Kaufbeuren, Kreisfreie Stadt",Germany,41759,42014,43134,43478,43893,6.6429,6.516,32.314,31.7321,9.5309,13.2642,6.6026,6.5692,32.482,31.568,9.5873,13.1908,6.7719,6.5494,32.5915,31.263,9.7672,13.057,6.7988,6.6263,32.5015,31.133,9.8832,13.0572,6.9191,6.6206,32.3924,31.1895,9.9219,12.9565
DE273,"Kempten (Allgäu), Kreisfreie Stadt",Germany,65044,65624,67529,68330,68907,6.4387,6.1112,32.9008,32.0368,9.695,12.8175,6.4473,6.0405,32.9209,31.9411,9.7921,12.8581,6.6297,6.144,33.2035,31.6205,9.6818,12.7205,6.6501,6.1774,33.2416,31.7342,9.558,12.6387,6.6931,6.204,33.3,31.6485,9.5535,12.601
DE274,"Memmingen, Kreisfreie Stadt",Germany,41772,42201,43293,43470,43837,6.8204,6.6456,32.9264,32.055,9.0084,12.5443,6.8245,6.6823,33.0987,31.9092,9.0567,12.4286,6.8094,6.8787,33.3172,31.5409,9.1447,12.3091,6.7978,6.8691,33.3701,31.3596,9.2409,12.3625,6.8207,6.8344,33.4512,31.2932,9.2525,12.348
DE275,Aichach-Friedberg,Germany,128435,129294,131399,132596,133596,7.3687,7.1772,33.8171,32.8415,8.437,10.3585,7.329,7.0815,33.7618,32.7548,8.589,10.4839,7.357,7.1195,33.7035,32.4257,8.7641,10.6302,7.4686,7.197,33.5591,32.1548,8.8849,10.7356,7.5287,7.2375,33.3461,32.0638,9.0152,10.8087
DE276,"Augsburg, Landkreis",Germany,240911,242697,247539,249838,251534,7.2496,6.8664,33.4003,32.7731,8.7588,10.9518,7.1904,6.8274,33.4236,32.6222,8.8699,11.0665,7.2926,6.8628,33.3422,32.3303,9.0006,11.1716,7.356,6.9525,33.1999,32.1728,9.0735,11.2453,7.4384,7.0523,33.0023,32.0096,9.1777,11.3197
DE277,Dillingen a.d. Donau,Germany,93129,93478,94556,95159,96021,7.2749,6.9774,34.0055,32.8576,8.3089,10.5757,7.1225,6.777,34.1417,32.781,8.4779,10.6998,7.1577,6.723,34.0359,32.4094,8.7874,10.8867,7.1218,6.7098,34.0661,32.2071,8.8998,10.9953,7.1599,6.7777,33.9322,31.994,9.0376,11.0986
DE278,Günzburg,Germany,120696,121828,123498,124519,125747,7.3623,6.837,34.3955,32.8097,8.2198,10.3757,7.2274,6.7768,34.5651,32.6649,8.3626,10.4032,7.1807,6.6819,34.6678,32.4353,8.5977,10.4366,7.2077,6.7138,34.5008,32.3308,8.7665,10.4803,7.263,6.7604,34.439,32.155,8.8567,10.5259
DE279,Neu-Ulm,Germany,166643,167847,171011,172546,174200,7.1416,6.9682,33.5616,32.8091,8.6364,10.8831,7.0272,6.9224,33.5562,32.7846,8.755,10.9546,7.0533,6.8779,33.6318,32.4459,8.9029,11.0882,7.1071,6.8799,33.554,32.3299,8.9269,11.2022,7.1137,6.903,33.5356,32.2497,8.9891,11.209
DE27A,Lindau (Bodensee),Germany,78939,79387,80961,81148,81669,7.0725,6.6482,32.1375,31.9728,9.7658,12.4032,6.9243,6.564,32.1501,31.936,9.9462,12.4794,6.865,6.4821,32.4403,31.782,9.9394,12.4912,6.8196,6.4635,32.4346,31.7753,9.9953,12.5117,6.8557,6.4896,32.3942,31.662,10.0773,12.5213
DE27B,Ostallgäu,Germany,134771,135894,138265,139278,140316,7.3109,7.1135,33.0271,32.2547,9.1489,11.1448,7.2542,6.9944,33.1553,32.0993,9.2793,11.2176,7.2549,7.0018,33.0554,31.8974,9.5302,11.2603,7.2438,7.0578,32.9478,31.7667,9.6505,11.3334,7.3213,7.1147,32.828,31.6293,9.7152,11.3914
DE27C,Unterallgäu,Germany,137484,138712,141165,142544,144041,7.3187,6.9084,33.6774,31.6502,8.9938,11.4515,7.1306,6.773,33.8096,31.6245,9.1225,11.5397,7.1087,6.8268,33.8072,31.4306,9.3203,11.5064,7.1213,6.8379,33.7769,31.3117,9.4504,11.5017,7.1834,6.8737,33.7168,31.2113,9.5077,11.5071
DE27D,Donau-Ries,Germany,129422,130203,132298,133043,133496,7.3481,6.9718,34.6487,32.0262,8.3811,10.6242,7.2786,6.8946,34.6313,32.0077,8.5267,10.661,7.2133,6.7786,34.7995,31.7594,8.6985,10.7507,7.2195,6.7745,34.7406,31.6416,8.8197,10.804,7.2474,6.8129,34.5958,31.4998,8.9606,10.8835
DE27E,Oberallgäu,Germany,150478,150981,153759,154568,155362,6.8881,6.5312,32.4134,32.3542,9.7263,12.0868,6.7763,6.4405,32.3676,32.2749,9.933,12.2075,6.7729,6.4217,32.4482,31.9259,10.0885,12.3427,6.8093,6.4328,32.3618,31.8514,10.1483,12.3965,6.8871,6.4958,32.1629,31.7935,10.2393,12.4213
DE300,Berlin,Germany,3421829,3469849,3574830,3613495,3644826,6.6702,6.3455,33.9601,33.8645,8.1679,10.9918,6.7713,6.4374,33.8912,33.6748,8.222,11.0033,7.0801,6.6953,33.7949,33.2108,8.2378,10.981,7.1551,6.7697,33.7559,33.1057,8.2455,10.9681,7.22,6.8319,33.7232,33.0315,8.2443,10.949
DE401,"Brandenburg an der Havel, Kreisfreie Stadt",Germany,71032,71032,71664,71886,72124,5.4243,5.3159,32.3502,30.216,11.3174,15.3762,5.5707,5.4482,32.2615,29.9696,11.3245,15.4254,5.8091,5.696,32.0607,29.362,11.4995,15.5727,5.9636,5.8551,31.8004,29.0363,11.6504,15.6943,6.0535,5.9855,31.5692,28.8475,11.7603,15.7839
DE402,"Cottbus, Kreisfreie Stadt",Germany,99595,99491,100416,101036,100219,5.5244,5.2141,33.9585,32.0046,9.627,13.6714,5.6387,5.2517,33.6704,31.7546,9.8351,13.8495,6.0458,5.6595,33.0774,30.8676,10.2135,14.1362,6.2413,5.8781,32.6408,30.4941,10.3993,14.3464,6.3052,6.0009,32.1027,30.2058,10.6856,14.6998
DE403,"Frankfurt (Oder), Kreisfreie Stadt",Germany,58018,57649,58193,58237,57873,5.5603,5.4587,32.695,32.7691,9.5936,13.9233,5.6497,5.5231,32.3666,32.5053,9.8371,14.1182,6.0179,5.633,31.966,31.6,10.3311,14.4519,6.1885,5.8279,31.6586,31.1091,10.5191,14.6968,6.2499,5.8335,31.2944,30.833,10.8773,14.912
DE404,"Potsdam, Kreisfreie Stadt",Germany,161468,164042,171810,175710,178089,7.2801,6.8546,32.5377,33.8761,8.0895,11.362,7.4268,6.958,32.4216,33.6841,8.1321,11.3776,7.7068,7.1457,32.4498,33.1663,8.1875,11.3439,7.8038,7.2574,32.3835,33.0004,8.2141,11.3408,7.8478,7.3323,32.253,32.8779,8.2902,11.3988
DE405,Barnim,Germany,173754,174981,179365,180864,182760,6.5299,5.9947,33.2159,32.2652,9.716,12.2783,6.6396,6.0715,32.9693,32.1229,9.8348,12.3619,6.9501,6.3591,32.4149,31.3863,10.2305,12.6591,7.0219,6.4435,32.138,31.0974,10.4266,12.8727,7.0885,6.5474,31.8926,30.8426,10.6002,13.0286
DE406,Dahme-Spreewald,Germany,160793,161952,166074,167319,169067,6.3006,6.0152,32.9336,31.6774,10.1453,12.9278,6.3648,6.0536,32.8888,31.5853,10.1956,12.9119,6.6151,6.2334,32.5807,31.047,10.4176,13.1062,6.7936,6.3681,32.245,30.7927,10.5804,13.2203,6.8949,6.4891,32.0482,30.5163,10.7076,13.3438
DE407,Elbe-Elster,Germany,106157,104997,104397,103455,102638,5.4485,5.3374,33.2913,30.4568,10.6587,14.8073,5.4373,5.3802,33.0667,30.2542,10.8555,15.0061,5.8249,5.6362,32.3678,29.4376,11.3346,15.3989,5.8654,5.6566,32.0593,29.0271,11.7143,15.6773,5.9257,5.7493,31.5244,28.8363,12.0754,15.8889
DE408,Havelland,Germany,153874,155408,159685,160710,161909,6.8465,6.4715,33.3253,32.1614,9.2225,11.9728,6.8626,6.5067,33.2209,32.082,9.32,12.0077,7.0075,6.6418,32.8779,31.7062,9.5795,12.1871,7.0357,6.681,32.665,31.4903,9.7841,12.344,7.0577,6.6926,32.5158,31.338,9.9117,12.4842
DE409,Märkisch-Oderland,Germany,187668,188422,191685,192921,194328,6.3389,5.8641,33.6088,32.1499,9.5935,12.4448,6.4313,5.9574,33.3671,31.8901,9.768,12.5861,6.6521,6.2394,32.795,31.257,10.187,12.8696,6.796,6.2969,32.4304,31.0065,10.3887,13.0815,6.9136,6.4309,32.0926,30.6945,10.6433,13.2251
DE40A,Oberhavel,Germany,203012,204898,208639,209893,211249,6.7907,6.471,33.0843,32.2237,9.3581,12.0722,6.8171,6.5164,32.9871,32.1135,9.4491,12.1168,6.9541,6.6109,32.609,31.7141,9.7316,12.3802,6.9878,6.6591,32.3632,31.5022,9.9189,12.5688,7.0202,6.6609,32.1758,31.2915,10.0876,12.7641
DE40B,Oberspreewald-Lausitz,Germany,113842,112896,111962,111122,110476,5.3978,5.2221,32.6865,30.1391,10.8747,15.6796,5.4803,5.25,32.5459,29.8912,11.0154,15.8172,5.7779,5.5206,31.8367,29.1242,11.5405,16.2001,5.9124,5.6316,31.4456,28.7414,11.7897,16.4792,6.004,5.6782,31.1959,28.4931,11.9573,16.6715
DE40C,Oder-Spree,Germany,176850,177823,178849,178347,178658,5.9502,5.7139,32.8301,31.3412,10.4388,13.7258,6.0763,5.8086,32.6662,31.1163,10.5369,13.7957,6.2757,6.066,31.975,30.5185,10.9595,14.2053,6.3747,6.1173,31.4393,30.2635,11.2943,14.511,6.4576,6.2163,31.0034,29.9158,11.6166,14.7903
DE40D,Ostprignitz-Ruppin,Germany,98944,98886,99414,99368,99078,6.0357,5.4839,33.7929,31.6189,9.8429,13.2257,6.0544,5.5427,33.6428,31.4827,9.9984,13.2789,6.2959,5.8211,33.0114,30.7442,10.4854,13.6419,6.3612,5.8671,32.6292,30.4434,10.8455,13.8536,6.4374,5.9125,32.1444,30.1379,11.2083,14.1596
DE40E,Potsdam-Mittelmark,Germany,205520,207498,212207,213214,214664,7.0426,6.7312,33.3379,32.1721,9.0833,11.6329,7.0887,6.7649,33.2206,32.0528,9.1914,11.6816,7.2618,6.8942,32.7812,31.5598,9.5897,11.9134,7.3011,6.9737,32.4017,31.3901,9.8305,12.1029,7.3152,6.9732,32.1083,31.1995,10.0762,12.3276
DE40F,Prignitz,Germany,77993,77550,77813,77263,76508,5.4941,5.0312,33.0132,30.4232,10.8638,15.1744,5.4803,5.0509,32.8743,30.2618,11.0561,15.2766,5.7381,5.3963,32.6488,29.3152,11.448,15.4537,5.8113,5.5072,32.2095,29.0527,11.7352,15.6841,5.7981,5.5981,31.7457,28.7656,12.0942,15.9983
DE40G,Spree-Neiße,Germany,118899,118030,116826,115456,114429,5.5223,5.2221,33.3502,31.2088,10.3903,14.3063,5.6003,5.2673,33.0314,30.9752,10.6295,14.4963,5.8668,5.4936,32.1898,30.1654,11.2432,15.0412,5.9243,5.6117,31.6545,29.7793,11.6564,15.3738,6.0326,5.7206,31.1075,29.3352,12.0337,15.7705
DE40H,Teltow-Fläming,Germany,160448,161488,164771,166890,168296,6.528,6.1833,33.9649,31.8365,9.1519,12.3355,6.5776,6.263,33.8366,31.6581,9.2998,12.365,6.787,6.4805,33.3724,31.2913,9.5945,12.4743,6.8656,6.5918,33.2105,31.0402,9.713,12.5789,6.993,6.693,33.0204,30.8243,9.8047,12.6646
DE40I,Uckermark,Germany,121326,120829,120878,120349,119552,5.7514,5.4201,32.7391,31.3057,10.5641,14.2195,5.8463,5.4945,32.3672,30.9719,10.8285,14.4916,5.9928,5.6876,31.7849,30.2594,11.3015,14.9738,6.1164,5.7682,31.2591,29.864,11.6603,15.3321,6.2216,5.8075,30.8845,29.5261,11.9689,15.5915
DE501,"Bremen, Kreisfreie Stadt",Germany,548547,551767,565719,568006,569352,6.3661,5.9723,33.5034,33.0216,8.9103,12.2263,6.3906,5.9909,33.5256,32.8438,9.0183,12.2309,6.6708,6.2216,33.69,32.4198,8.987,12.0107,6.7707,6.338,33.6127,32.3053,8.9971,11.9763,6.8487,6.421,33.5634,32.221,9.0013,11.9446
DE502,"Bremerhaven, Kreisfreie Stadt",Germany,108844,110121,113034,113026,113634,6.6618,6.4882,33.0785,31.4597,9.5118,12.8,6.8216,6.5755,33.1535,31.3274,9.4423,12.6797,7.3084,6.8917,33.1838,30.8951,9.3193,12.4016,7.4293,7.0196,32.9261,30.8416,9.3509,12.4325,7.5523,6.9909,32.9813,30.7223,9.3625,12.3907
DE600,Hamburg,Germany,1746342,1762791,1810438,1830584,1841179,6.8054,6.412,33.7186,34.1352,8.0315,10.8972,6.8592,6.4828,33.731,34.0357,8.0512,10.8401,7.0944,6.7115,33.9222,33.7508,7.9377,10.5833,7.2089,6.7999,33.9157,33.7032,7.8874,10.4849,7.2867,6.8685,33.8643,33.7175,7.842,10.421
DE711,"Darmstadt, Kreisfreie Stadt",Germany,149743,151879,157437,158254,159207,6.6781,6.4644,36.1893,32.9598,7.4448,10.2636,6.7271,6.4597,36.2683,32.8353,7.5159,10.1936,6.8529,6.5474,36.7442,32.5775,7.3331,9.9449,6.9281,6.6267,36.5975,32.5698,7.3831,9.8949,6.9645,6.6153,36.6824,32.5174,7.3665,9.8538
DE712,"Frankfurt am Main, Kreisfreie Stadt",Germany,701350,717624,736414,746878,753056,6.983,6.7407,35.3467,34.911,6.8573,9.1613,7.0488,6.79,35.4138,34.8288,6.842,9.0765,7.2667,6.9832,35.3061,34.6956,6.8225,8.926,7.3594,7.0816,35.2056,34.6972,6.8033,8.8529,7.4118,7.1356,35.1364,34.6786,6.8068,8.8308
DE713,"Offenbach am Main, Kreisfreie Stadt",Germany,119203,120988,124589,126658,128744,7.8152,7.4025,34.1158,33.2685,7.5476,9.8504,7.7495,7.4842,34.2183,33.2488,7.4983,9.801,7.9582,7.6748,34.0905,33.3713,7.3369,9.5683,7.9269,7.6632,34.2331,33.4736,7.2376,9.4656,7.9755,7.7503,34.3635,33.4548,7.1382,9.3177
DE714,"Wiesbaden, Kreisfreie Stadt",Germany,273871,275116,277619,278654,278342,7.3374,6.9347,32.0337,33.9883,8.3594,11.3466,7.4151,7.0218,31.8567,33.8228,8.4622,11.4214,7.5726,7.1706,31.6769,33.6295,8.512,11.4383,7.6259,7.2452,31.6407,33.5384,8.5159,11.4339,7.6726,7.3306,31.5669,33.4531,8.523,11.4539
DE715,Bergstraße,Germany,262322,263822,267935,268780,269694,6.6445,6.2435,33.0704,32.8798,9.3229,11.8389,6.5957,6.2436,33.0079,32.6167,9.4939,12.0422,6.7035,6.284,33.0416,32.1429,9.6986,12.1294,6.7672,6.39,32.8481,31.9801,9.8043,12.2104,6.8096,6.4981,32.7304,31.7649,9.8931,12.3039
DE716,Darmstadt-Dieburg,Germany,285407,287966,294744,296048,297399,7.0124,6.6509,33.4652,33.1632,8.8768,10.8315,7.0178,6.632,33.3317,32.9692,9.0827,10.9666,7.1221,6.7292,33.3211,32.439,9.265,11.1236,7.1461,6.7989,33.1852,32.2867,9.3681,11.2151,7.2243,6.9008,33.0304,32.0953,9.4382,11.3111
DE717,Groß-Gerau,Germany,257301,260793,269045,271403,274526,7.2456,6.9759,33.5867,33.0065,8.6074,10.5779,7.3146,7.0171,33.5534,32.8257,8.6682,10.6211,7.5225,7.1259,33.7639,32.3979,8.6116,10.5782,7.5795,7.2133,33.6964,32.2336,8.6348,10.6425,7.6492,7.2652,33.7764,32.084,8.597,10.6281
DE718,Hochtaunuskreis,Germany,229167,230798,234991,235995,236564,7.5578,7.0787,30.8439,32.2376,9.7209,12.5611,7.5226,7.0785,30.8387,32.1103,9.8021,12.6479,7.6199,7.2079,30.9986,31.6799,9.8268,12.6669,7.6396,7.2413,31.01,31.563,9.8515,12.6948,7.6478,7.2171,31.0275,31.5268,9.8857,12.6951
DE719,Main-Kinzig-Kreis,Germany,404995,407619,416715,418208,418950,6.8989,6.5798,32.8609,33.0189,9.1488,11.4927,6.8858,6.536,32.8049,32.8231,9.2822,11.668,6.9899,6.5798,32.9923,32.3286,9.3858,11.7236,7.0125,6.6658,32.8286,32.1507,9.4926,11.8496,7.0994,6.7056,32.6237,32.043,9.5799,11.9484
DE71A,Main-Taunus-Kreis,Germany,228021,229976,235708,236969,237735,7.5813,7.0967,31.7177,32.6233,9.3079,11.673,7.5404,7.1151,31.6803,32.4969,9.394,11.7734,7.7341,7.2475,31.8275,32.1262,9.3285,11.7361,7.7225,7.2541,31.813,32.0439,9.3708,11.7956,7.7898,7.3174,31.8001,31.9339,9.3436,11.8153
DE71B,Odenwaldkreis,Germany,96201,96082,96473,96597,96798,6.4739,6.3118,33.1244,32.3968,9.6558,12.0373,6.5163,6.2082,32.8969,32.1788,9.9405,12.2593,6.4775,6.2225,32.5739,31.7488,10.3428,12.6346,6.5137,6.2134,32.4182,31.5248,10.5076,12.8223,6.5828,6.2708,32.1928,31.3756,10.6831,12.8949
DE71C,"Offenbach, Landkreis",Germany,338300,341669,349982,351692,354092,7.188,6.676,32.5865,32.8339,9.196,11.5197,7.2046,6.7003,32.5195,32.6289,9.3128,11.6338,7.4155,6.8472,32.5511,32.2048,9.2948,11.6866,7.4648,6.9578,32.4423,32.0138,9.3417,11.7796,7.5226,7.0131,32.3729,31.9055,9.362,11.8238
DE71D,Rheingau-Taunus-Kreis,Germany,181190,182117,185668,186602,187157,6.7879,6.422,32.3136,32.6944,9.7759,12.0062,6.7539,6.3986,32.2298,32.511,9.9513,12.1554,6.8407,6.3926,32.2613,32.0228,10.138,12.3446,6.867,6.4319,32.1159,31.8834,10.2009,12.5009,6.9001,6.4662,31.9876,31.7952,10.2486,12.6023
DE71E,Wetteraukreis,Germany,295408,297369,303914,305312,306460,7.0073,6.6373,33.2005,32.9338,8.9046,11.3166,6.9681,6.5592,33.1151,32.8501,9.0827,11.4249,6.9549,6.5999,33.2713,32.4322,9.2329,11.5088,7.0285,6.6594,33.0917,32.2706,9.3298,11.6199,7.0867,6.7562,32.8467,32.1892,9.429,11.6922
DE721,"Gießen, Landkreis",Germany,253820,259834,265699,267056,268876,6.4526,6.2064,34.1407,34.2703,8.322,10.6079,6.4233,6.1632,34.3889,34.1122,8.3623,10.5502,6.5819,6.2687,34.1605,33.9064,8.4784,10.6041,6.6267,6.3002,33.9569,33.8865,8.5716,10.6581,6.6901,6.3572,33.8108,33.7829,8.6426,10.7165
DE722,Lahn-Dill-Kreis,Germany,251327,251440,254074,254164,253777,6.866,6.4307,32.961,32.6037,9.1466,11.9919,6.8112,6.3709,32.9104,32.4734,9.3136,12.1206,6.8885,6.4694,32.9349,32.0296,9.4882,12.1894,6.9656,6.5076,32.7474,31.8975,9.5985,12.2834,7.016,6.5948,32.5597,31.7448,9.7156,12.3691
DE723,Limburg-Weilburg,Germany,169964,170385,172120,171971,172083,7.0256,6.6473,33.4765,32.7387,8.7889,11.323,6.9091,6.5716,33.5487,32.5563,8.9838,11.4306,6.9533,6.5518,33.4551,32.1723,9.2877,11.5797,6.9651,6.5883,33.2417,32.0316,9.4481,11.7252,6.9745,6.5666,33.148,31.862,9.6041,11.8449
DE724,Marburg-Biedenkopf,Germany,241656,241598,245013,246165,246648,6.6346,6.3259,33.9077,34.2296,8.2295,10.6726,6.5895,6.3188,33.9088,34.0177,8.3759,10.7894,6.7441,6.3703,33.9623,33.555,8.5363,10.8321,6.7288,6.3701,33.8976,33.5702,8.5983,10.835,6.7136,6.4047,33.8097,33.4339,8.7023,10.9358
DE725,Vogelsbergkreis,Germany,106383,105763,106737,106451,105878,6.1034,5.8647,33.3474,31.8538,10.1069,12.7238,6.0465,5.7969,33.2526,31.6878,10.3269,12.8892,6.2143,5.9127,33.2275,31.0211,10.6233,13.0011,6.2414,5.9351,33.0236,30.8424,10.8256,13.1319,6.2827,5.9663,32.7188,30.7099,11.0486,13.2738
DE731,"Kassel, Kreisfreie Stadt",Germany,194087,194747,199062,200736,201585,6.4981,6.0514,33.7735,33.791,8.1263,11.7597,6.491,6.0658,33.7715,33.7125,8.2137,11.7455,6.6748,6.2563,33.9829,33.4569,8.1854,11.4437,6.7786,6.3257,34.0612,33.3264,8.1655,11.3428,6.8924,6.4038,34.0442,33.1706,8.1777,11.3114
DE732,Fulda,Germany,216314,217326,221170,221783,222584,7.141,6.834,33.1587,32.641,8.7692,11.456,7.0516,6.7755,33.2303,32.4743,8.9106,11.5578,7.0737,6.7265,33.458,32.1364,9.0614,11.5441,7.1164,6.7607,33.3402,31.9114,9.204,11.6673,7.1029,6.7754,33.2697,31.7835,9.3129,11.7556
DE733,Hersfeld-Rotenburg,Germany,119651,119394,121037,121101,120829,6.5106,6.1404,32.6299,31.3529,10.2883,13.078,6.4869,6.131,32.5728,31.2344,10.4436,13.1313,6.6765,6.3129,32.6627,30.7146,10.5984,13.0349,6.7985,6.3352,32.5423,30.501,10.7092,13.1138,6.8527,6.3776,32.4285,30.371,10.8087,13.1616
DE734,"Kassel, Landkreis",Germany,233352,233451,236905,236674,236633,6.3659,6.0252,31.905,31.9307,10.4974,13.2757,6.326,5.9863,31.7681,31.7574,10.747,13.4152,6.4498,6.0944,31.8009,31.2007,10.9305,13.5236,6.5001,6.1523,31.5882,31.0676,11.0384,13.6534,6.6035,6.2265,31.3646,30.9576,11.1045,13.7432
DE735,Schwalm-Eder-Kreis,Germany,179429,179466,181105,180754,180222,6.5318,6.0849,33.3937,31.899,9.7615,12.3291,6.4369,6.0413,33.4292,31.6985,9.94,12.4542,6.5244,6.1346,33.4938,31.1665,10.1173,12.5634,6.5924,6.1946,33.1888,31.0322,10.2742,12.7178,6.5952,6.2351,33.006,30.9102,10.4377,12.8159
DE736,Waldeck-Frankenberg,Germany,156607,156460,157967,157256,156953,6.7219,6.3771,33.04,31.7674,9.6152,12.4784,6.6483,6.3058,32.9541,31.6221,9.8703,12.5994,6.7084,6.3463,33.1911,31.0869,10.042,12.6254,6.7768,6.3374,32.9145,30.9731,10.2305,12.7677,6.8116,6.3879,32.683,30.9857,10.3279,12.8038
DE737,Werra-Meißner-Kreis,Germany,100356,100206,100965,101101,101017,5.9219,5.7854,31.9682,31.5537,10.8304,13.9404,5.8949,5.7651,31.9861,31.1917,11.0233,14.1389,6.007,5.798,32.121,30.7404,11.2059,14.1277,6.1206,5.8308,31.9918,30.6357,11.3045,14.1166,6.2217,5.8891,31.8174,30.5038,11.4228,14.1451
DE803,"Rostock, Kreisfreie Stadt",Germany,203431,204167,207513,208409,208886,5.6928,5.4839,33.8724,32.1544,9.3762,13.4203,5.8002,5.5508,33.6778,32.0008,9.4506,13.5198,6.0011,5.7755,33.594,31.3739,9.598,13.6575,6.0856,5.8851,33.4458,31.0414,9.7467,13.7955,6.1191,5.9181,33.2952,30.8149,9.8523,14.0005
DE804,"Schwerin, Kreisfreie Stadt",Germany,91583,92138,95668,95797,95818,6.1136,5.8013,31.5626,32.066,9.8446,14.6119,6.2558,5.9281,31.2857,31.8142,10.0056,14.7105,6.6156,6.3177,31.5017,30.8766,10.0817,14.6068,6.7184,6.4491,31.1419,30.6022,10.206,14.8825,6.7993,6.503,30.8209,30.3231,10.4438,15.1099
DE80J,Mecklenburgische Seenplatte,Germany,262412,261733,261816,260574,259130,6.119,5.7951,33.4051,31.795,9.5057,13.3801,6.1838,5.8602,33.1185,31.5272,9.7431,13.5673,6.3438,6.005,32.5626,30.7602,10.2908,14.0377,6.3963,6.0712,32.0953,30.4497,10.6177,14.3698,6.4126,6.1193,31.6629,30.0814,10.9763,14.7474
DE80K,Landkreis Rostock,Germany,210555,211878,213945,214635,215113,6.4886,6.2012,34.1241,31.8088,9.2342,12.1431,6.5769,6.2956,33.9101,31.5455,9.4224,12.2495,6.8443,6.5278,33.037,30.9678,9.9343,12.6888,6.9518,6.6359,32.5348,30.6949,10.2472,12.9354,7.0191,6.6942,32.197,30.305,10.5768,13.2079
DE80L,Vorpommern-Rügen,Germany,223109,223470,224971,225123,224684,5.9218,5.7021,33.143,31.3273,10.0821,13.8237,5.9659,5.7574,32.9991,31.1778,10.2193,13.8806,6.1195,5.8763,32.4637,30.6439,10.6983,14.1983,6.217,5.9967,32.0212,30.3323,10.9891,14.4437,6.2457,6.0329,31.6391,30.0827,11.2852,14.7144
DE80M,Nordwestmecklenburg,Germany,155265,155424,156825,156993,156729,6.5855,6.239,34.2202,31.671,8.973,12.3112,6.5859,6.2352,34.0578,31.5916,9.1312,12.3983,6.6832,6.3344,33.5132,31.0894,9.6247,12.755,6.7271,6.3786,33.1531,30.8211,9.9297,12.9904,6.776,6.397,32.6691,30.651,10.2578,13.249
DE80N,Vorpommern-Greifswald,Germany,238185,237697,237374,237066,236697,6.0016,5.6989,33.7112,32.2082,9.3877,12.9924,6.0531,5.7683,33.4089,31.9651,9.6383,13.1663,6.2627,5.8945,32.6502,31.284,10.2694,13.6392,6.3143,5.9621,32.2054,31.0006,10.5705,13.9472,6.3507,6.0626,31.7427,30.7815,10.8641,14.1983
DE80O,Ludwigslust-Parchim,Germany,211965,212631,212562,212522,212618,6.2326,5.9623,34.7081,31.8911,8.9463,12.2596,6.3175,6.0603,34.4616,31.676,9.1388,12.3458,6.4052,6.2415,33.7629,31.0973,9.767,12.7262,6.4605,6.2746,33.3514,30.7836,10.0743,13.0556,6.5493,6.3405,33.0043,30.4048,10.3942,13.307
DE911,"Braunschweig, Kreisfreie Stadt",Germany,247227,248502,248667,248023,248292,6.1057,5.946,34.2786,32.7719,8.7094,12.1884,6.1488,5.9154,34.3064,32.7028,8.7657,12.1609,6.1411,5.9594,34.3845,32.5234,8.8633,12.1283,6.1797,5.9696,34.4141,32.4022,8.8859,12.1485,6.2282,6.0103,34.4103,32.341,8.894,12.1164
DE912,"Salzgitter, Kreisfreie Stadt",Germany,98197,98966,103668,104548,104948,6.7914,6.321,31.7566,31.2229,10.2254,13.6827,6.8337,6.3305,31.9433,31.0561,10.2692,13.5673,7.3909,6.7465,32.3475,30.5909,9.9664,12.9577,7.5449,6.9796,32.2656,30.4348,9.9179,12.8573,7.7962,7.1445,31.9863,30.3074,9.9583,12.8073
DE913,"Wolfsburg, Kreisfreie Stadt",Germany,122457,123027,123909,123914,124151,6.5272,6.1769,33.1039,31.7181,9.6483,12.8257,6.6587,6.2084,33.1041,31.6093,9.6499,12.7696,6.9704,6.4547,33.0807,31.2157,9.6982,12.5802,7.0379,6.5965,32.8849,31.1498,9.756,12.5749,7.1969,6.6894,32.9051,30.9977,9.6922,12.5186
DE914,Gifhorn,Germany,171475,172541,174749,175079,175920,7.4384,7.1929,33.9641,32.7377,8.3651,10.3018,7.3791,7.1392,33.8917,32.6328,8.5742,10.383,7.4335,7.1182,33.7759,32.2239,8.8424,10.6061,7.4601,7.0859,33.6362,32.0273,9.0199,10.7706,7.5676,7.205,33.3015,31.8804,9.1735,10.872
DE916,Goslar,Germany,137833,137256,137979,137563,137014,5.5785,5.2549,32.0569,30.3461,11.4225,15.341,5.5218,5.1881,32.0314,30.2806,11.5616,15.4164,5.5943,5.2754,32.0853,29.972,11.7489,15.3241,5.6091,5.295,31.9919,29.9361,11.8469,15.321,5.6221,5.3206,31.9493,29.7977,11.9375,15.3729
DE917,Helmstedt,Germany,90423,90908,92079,91720,91307,6.2163,5.7928,33.0314,31.7596,10.0472,13.1526,6.2063,5.829,33.0785,31.6408,10.1663,13.0792,6.4694,6.0893,32.9478,31.3741,10.1728,12.9465,6.618,6.2015,32.6973,31.2396,10.2562,12.9874,6.6391,6.3927,32.5572,31.0272,10.3519,13.0319
DE918,Northeim,Germany,134661,133905,133610,133046,132765,6.3255,5.9483,32.1229,31.4612,10.5086,13.6335,6.2156,5.9161,32.0347,31.3476,10.7218,13.7642,6.278,5.8828,31.8696,31.0119,11.0591,13.8987,6.2828,5.937,31.7056,30.8232,11.2405,14.0109,6.2938,5.985,31.677,30.6798,11.323,14.0414
DE91A,Peine,Germany,130147,130601,132979,133368,133965,7.304,6.8446,32.7291,32.0806,9.1504,11.8912,7.2434,6.7871,32.7616,32.0043,9.2434,11.9601,7.2553,6.9214,32.7879,31.7531,9.3646,11.9177,7.2844,6.9417,32.6765,31.6905,9.4865,11.9204,7.3631,7.072,32.616,31.5702,9.501,11.8777
DE91B,Wolfenbüttel,Germany,119900,120035,120904,120437,119960,6.578,6.1651,32.5696,31.8624,10.0509,12.774,6.4964,6.0999,32.563,31.8182,10.1879,12.8346,6.4944,6.147,32.6275,31.5523,10.3727,12.806,6.4764,6.1551,32.4302,31.4903,10.5541,12.8939,6.4922,6.1504,32.3641,31.3346,10.6352,13.0235
DE91C,Göttingen,Germany,322616,324013,327065,328036,328074,6.2477,5.9067,33.016,33.0027,9.5129,12.314,6.2291,5.8745,33.0015,32.8456,9.6675,12.3819,6.3422,5.9352,32.9097,32.5978,9.8488,12.3663,6.3572,5.9881,32.8214,32.4995,9.9651,12.3688,6.4333,6.0215,32.6487,32.3933,10.0493,12.4539
DE922,Diepholz,Germany,209955,211093,215082,216012,216886,7.0225,6.5376,32.9885,32.0131,9.5659,11.8725,6.9548,6.4379,32.9324,31.9144,9.7265,12.034,6.9578,6.5008,32.8531,31.6856,9.8767,12.1261,6.9501,6.533,32.7269,31.5969,9.9902,12.203,7.0456,6.6122,32.5715,31.4174,10.1108,12.2424
DE923,Hameln-Pyrmont,Germany,147755,147813,148265,148296,148559,6.2177,6.016,31.3011,31.651,10.5039,14.3102,6.2119,6.0259,31.2625,31.504,10.6188,14.3769,6.4378,6.1842,31.0579,31.1213,10.7982,14.4006,6.4681,6.253,30.9267,30.9658,10.9039,14.4825,6.5832,6.3389,30.8679,30.8383,10.9068,14.465
DE925,Hildesheim,Germany,274519,274554,277300,276640,276594,6.4924,6.1781,32.1898,32.483,9.6893,12.9674,6.4443,6.135,32.1452,32.3743,9.8352,13.0659,6.4832,6.1143,32.2398,32.0869,9.9863,13.0894,6.4662,6.1318,32.1924,31.9842,10.0839,13.1416,6.4821,6.1744,32.1225,31.8991,10.1716,13.1503
DE926,Holzminden,Germany,71877,71438,71510,71144,70975,6.2482,5.8183,31.9379,30.932,11.0091,14.0546,6.1536,5.7714,31.8878,30.7385,11.2111,14.2375,6.1907,5.8607,31.8976,30.3622,11.3956,14.2931,6.1607,5.9021,31.7413,30.1881,11.6018,14.406,6.2163,5.9641,31.6083,29.926,11.752,14.5333
DE927,Nienburg (Weser),Germany,119848,119631,121503,121470,121386,6.8428,6.6651,33.268,31.8445,9.2893,12.0903,6.7951,6.5501,33.2447,31.7794,9.4215,12.2092,6.9455,6.7982,33.2189,31.3054,9.5265,12.2055,6.8857,6.8173,33.1522,31.1682,9.6691,12.3076,6.8657,6.8311,33.0639,31.0374,9.829,12.3729
DE928,Schaumburg,Germany,155599,155847,157616,157883,157781,6.403,6.2224,31.9687,31.6525,10.2301,13.5232,6.3588,6.1246,31.9281,31.5681,10.416,13.6044,6.4391,6.1999,31.887,31.2354,10.5478,13.6909,6.4389,6.2325,31.8464,31.1306,10.6155,13.7361,6.4532,6.239,31.7865,31.0399,10.6724,13.809
DE929,Region Hannover,Germany,1119526,1128037,1148700,1152675,1157624,6.7934,6.4685,32.78,32.9213,8.9593,12.0773,6.8146,6.4778,32.7983,32.8233,9.0099,12.0761,6.9613,6.5859,32.8826,32.5827,9.0353,11.9521,7.022,6.6435,32.8104,32.4608,9.0808,11.9826,7.0617,6.6862,32.828,32.3521,9.1073,11.9647
DE931,Celle,Germany,175552,176157,178370,178764,178936,7.0748,6.7661,31.9683,31.7274,9.8216,12.6418,7.0358,6.7349,31.9703,31.6053,9.9548,12.6989,7.0948,6.8442,31.937,31.2082,10.1519,12.7639,7.1474,6.9102,31.7077,31.0778,10.303,12.8538,7.2003,6.8974,31.6253,30.9211,10.3842,12.9717
DE932,Cuxhaven,Germany,196607,196787,198670,198100,198213,6.752,6.4382,31.5319,31.5462,10.5861,13.1455,6.6559,6.3505,31.4045,31.4838,10.7842,13.321,6.7489,6.3714,31.1673,31.0807,11.1154,13.5164,6.7976,6.3226,30.898,30.9667,11.3125,13.7027,6.8578,6.3472,30.6902,30.8295,11.4115,13.8639
DE933,Harburg,Germany,242871,245199,250326,251511,252776,7.2886,6.9457,31.7189,32.4625,9.7159,11.8684,7.2525,6.8785,31.7909,32.284,9.7888,12.0054,7.2126,6.8519,32.2048,31.6244,9.9055,12.2009,7.2418,6.8665,32.0817,31.57,9.9435,12.2965,7.3081,6.8816,31.9619,31.5311,9.9839,12.3334
DE934,Lüchow-Dannenberg,Germany,48670,48728,48825,48357,48424,6.3304,5.827,31.052,30.3637,11.8245,14.6024,6.368,5.898,30.9309,30.2003,11.9172,14.6856,6.3185,5.8392,30.6953,30.0707,12.2785,14.7977,6.3011,5.8378,30.2976,29.9936,12.5153,15.0547,6.3811,5.8442,30.202,29.7848,12.6466,15.1413
DE935,"Lüneburg, Landkreis",Germany,176727,178122,181605,182930,183372,7.2734,7.0385,32.9469,33.6344,8.3185,10.7884,7.1956,6.9379,33.0015,33.5248,8.4599,10.8802,7.2492,6.8979,33.0354,33.2397,8.6286,10.949,7.2536,6.9136,32.8863,33.169,8.7378,11.0397,7.2574,6.9018,32.7122,33.0727,8.8618,11.1942
DE936,Osterholz,Germany,110882,111484,112695,113105,113517,6.9876,6.4212,32.2027,32.3028,9.8312,12.2545,6.9427,6.3686,32.1006,32.1311,10.0283,12.4287,7.0163,6.4386,31.8515,31.6873,10.3438,12.6625,7.0793,6.4754,31.6732,31.5388,10.4239,12.8093,7.0844,6.5373,31.5327,31.4499,10.5077,12.8879
DE937,Rotenburg (Wümme),Germany,161308,161842,163372,163377,163455,7.358,6.9191,33.8117,32.1236,8.9369,10.8507,7.2954,6.7702,33.6717,32.1085,9.1787,10.9755,7.0844,6.6364,33.9526,31.7827,9.3761,11.1678,7.0591,6.6454,33.7006,31.7083,9.5411,11.3455,7.0723,6.6661,33.4838,31.6454,9.6914,11.4411
DE938,Heidekreis,Germany,136251,136200,139641,139099,139755,7.1185,6.6612,32.8174,31.5836,9.5845,12.2348,7.0367,6.5485,32.7907,31.547,9.7401,12.337,7.1834,6.5017,33.029,31.2609,9.7901,12.2349,7.1323,6.4436,32.8406,31.2943,9.9382,12.3509,7.1253,6.5214,32.748,31.1896,10.0404,12.3752
DE939,Stade,Germany,196516,197448,201638,201887,203102,7.2956,6.9526,33.5041,32.0569,9.0089,11.1818,7.2191,6.9006,33.348,31.9958,9.2055,11.3311,7.3508,6.8782,33.148,31.7024,9.3757,11.5449,7.4036,6.9177,32.804,31.6553,9.538,11.6813,7.4829,6.9335,32.6338,31.5423,9.6331,11.7744
DE93A,Uelzen,Germany,92356,92533,92961,92744,92572,6.4121,6.1111,31.8074,31.45,10.4574,13.762,6.3188,6.0422,31.8395,31.3726,10.6286,13.7983,6.2897,6.0262,31.7832,31.1561,10.9013,13.8434,6.312,6.0166,31.5611,31.1071,11.0368,13.9664,6.3345,6.004,31.3475,31.0342,11.1891,14.0907
DE93B,Verden,Germany,132459,133215,135842,136590,136792,7.2211,7.0852,32.2477,32.5837,9.3267,11.5356,7.2019,6.9962,32.1773,32.3477,9.541,11.7359,7.2592,6.9654,32.1874,31.8554,9.8158,11.9168,7.3117,7.0825,31.9225,31.7212,9.9444,12.0177,7.3301,7.1335,31.6802,31.5647,10.0905,12.201
DE941,"Delmenhorst, Kreisfreie Stadt",Germany,74052,74804,77045,77521,77607,7.0018,6.2564,32.4299,32.2247,9.7148,12.3724,6.9956,6.2002,32.5049,32.0651,9.8163,12.4178,7.2983,6.5261,32.5446,31.7503,9.6982,12.1825,7.4625,6.7298,32.2919,31.5347,9.7586,12.2225,7.4864,6.9285,32.2973,31.3477,9.744,12.1961
DE942,"Emden, Kreisfreie Stadt",Germany,49790,50016,50486,50607,50195,6.9211,6.5696,33.4525,32.4503,8.821,11.7855,6.8658,6.4999,33.5473,32.2997,8.9691,11.8182,6.9663,6.4691,33.8252,31.8365,9.1332,11.7696,7.1038,6.5445,33.776,31.5529,9.1904,11.8324,7.174,6.5584,33.4715,31.5848,9.3276,11.8837
DE943,"Oldenburg (Oldenburg), Kreisfreie Stadt",Germany,159610,160907,165711,167081,168210,6.4839,6.3141,33.0725,35.4953,7.8805,10.7537,6.4677,6.2322,33.0172,35.4354,8.032,10.8156,6.4751,6.2603,33.1674,35.2391,8.1063,10.7519,6.5022,6.2957,33.1552,35.1548,8.1236,10.7684,6.4966,6.2951,33.1746,35.0639,8.1862,10.7835
DE944,"Osnabrück, Kreisfreie Stadt",Germany,156315,156897,164070,164374,164748,6.3813,6.0122,33.5688,34.6237,7.9353,11.4787,6.3519,6.0224,33.7368,34.4914,7.9995,11.3979,6.3735,6.0261,34.2616,34.6602,7.7772,10.9014,6.3617,6.0952,34.194,34.6679,7.8127,10.8685,6.448,6.1269,34.1631,34.6723,7.7998,10.7898
DE945,"Wilhelmshaven, Kreisfreie Stadt",Germany,75728,75534,76201,76316,76278,5.5541,5.426,32.0595,30.978,11.1927,14.7898,5.5789,5.3658,31.8029,30.8841,11.4597,14.9085,5.7716,5.5655,31.9051,30.4537,11.5497,14.7544,6.0446,5.7406,31.7103,30.3174,11.4773,14.7099,6.0909,5.8247,31.8047,30.2171,11.3925,14.67
DE946,Ammerland,Germany,118865,119917,122698,123377,124071,7.3184,6.8489,31.9236,32.42,9.6984,11.7907,7.2033,6.7714,31.8429,32.2123,9.9077,12.0625,7.2683,6.8135,31.6378,31.8489,10.1566,12.2749,7.2153,6.8019,31.4313,31.7588,10.2969,12.4958,7.1282,6.8187,31.328,31.6093,10.4335,12.6823
DE947,Aurich,Germany,187058,187998,190066,189949,189848,7.1523,6.7161,32.452,32.4669,9.3853,11.8273,7.0198,6.6006,32.4541,32.2727,9.6432,12.0097,6.9997,6.433,32.4303,31.9768,9.9371,12.2231,6.9329,6.4165,32.2487,31.8633,10.149,12.3896,6.9582,6.4072,32.0467,31.786,10.274,12.5279
DE948,Cloppenburg,Germany,160176,162350,165930,167925,169348,8.7348,8.2659,34.7661,32.4705,6.8131,8.9495,8.5827,8.1386,34.9252,32.494,6.8888,8.9707,8.5639,8.1088,34.8382,32.3679,7.1066,9.0146,8.4978,8.0893,34.9061,32.3055,7.1728,9.0284,8.4542,8.0751,34.8572,32.2431,7.2986,9.0719
DE949,Emsland,Germany,313689,315757,321391,323636,325657,7.7561,7.3079,34.8775,32.1867,7.9015,9.9704,7.6249,7.2071,34.9503,32.0826,8.0619,10.0733,7.5643,7.213,34.9624,31.8242,8.2915,10.1447,7.5372,7.2096,34.832,31.7054,8.47,10.2458,7.5463,7.1849,34.7399,31.582,8.6213,10.3256
DE94A,Friesland (DE),Germany,97093,96937,98409,98509,98460,6.6596,6.2445,30.9507,31.6233,11.0059,13.5159,6.5238,6.104,30.885,31.4421,11.265,13.7801,6.6356,6.2047,30.6893,31.0104,11.5254,13.9347,6.6309,6.1619,30.4845,30.8987,11.7218,14.1023,6.626,6.1639,30.3606,30.7282,11.8292,14.2921
DE94B,Grafschaft Bentheim,Germany,133678,134329,135770,135859,136511,7.7627,7.3116,33.3443,32.1601,8.6147,10.8066,7.6231,7.2121,33.3532,32.1293,8.7918,10.8904,7.5407,7.1835,33.3719,31.7419,9.0837,11.0783,7.538,7.1707,33.2138,31.6424,9.2596,11.1756,7.5847,7.1635,33.1241,31.5784,9.3275,11.2218
DE94C,Leer,Germany,164792,165809,168253,168946,169809,7.3189,7.1344,33.3178,32.0798,8.9331,11.216,7.2089,7.0105,33.234,32.0338,9.1485,11.3643,7.1618,6.8653,33.2553,31.8538,9.3871,11.4768,7.1455,6.8359,33.2065,31.7042,9.5439,11.5641,7.1739,6.8177,33.1043,31.5873,9.6662,11.6507
DE94D,"Oldenburg, Landkreis",Germany,125778,126798,129484,129924,130144,7.3781,6.8605,33.168,32.5272,9.0215,11.0449,7.2564,6.754,33.2592,32.4027,9.2225,11.1051,7.238,6.763,33.1431,32.1963,9.4166,11.2431,7.165,6.747,32.9216,32.178,9.5594,11.429,7.1966,6.7648,32.7629,32.0069,9.6578,11.611
DE94E,"Osnabrück, Landkreis",Germany,350302,351316,354807,356140,357343,7.6077,7.2403,33.3735,32.3318,8.3919,11.0547,7.4861,7.1471,33.3628,32.2496,8.5769,11.1774,7.4846,7.0602,33.3113,31.9751,8.8403,11.3284,7.469,7.0514,33.2021,31.8428,8.9917,11.443,7.5065,7.033,33.01,31.7726,9.136,11.5419
DE94F,Vechta,Germany,134188,136184,139671,140540,141598,8.544,7.9105,34.9912,33.2526,6.6615,8.6401,8.4099,7.7865,35.0864,33.335,6.7725,8.6097,8.3432,7.7554,35.27,33.009,6.9635,8.6589,8.3329,7.77,35.1074,32.8568,7.1752,8.7576,8.3038,7.8207,34.9454,32.795,7.313,8.8222
DE94G,Wesermarsch,Germany,88831,88765,89282,89022,88624,6.8309,6.3649,32.8962,31.6534,10.0123,12.2423,6.7279,6.2525,32.8575,31.58,10.2135,12.3686,6.7382,6.2857,32.917,31.1563,10.4321,12.4706,6.7253,6.2367,32.8256,31.0227,10.585,12.6047,6.6934,6.2049,32.6943,30.9408,10.7228,12.7437
DE94H,Wittmund,Germany,56400,56539,56881,56731,56882,6.9521,6.7801,31.711,32.1277,10.0798,12.3493,6.8608,6.5654,31.5517,31.9567,10.4459,12.6196,6.8037,6.3993,31.3866,31.5272,10.8999,12.9832,6.827,6.3052,31.2387,31.385,11.0856,13.1586,6.7754,6.2902,31.1223,31.3263,11.1846,13.3012
DEA11,"Düsseldorf, Kreisfreie Stadt",Germany,598686,604527,613230,617280,619294,6.6061,6.2627,33.269,34.0988,8.2227,11.5406,6.6781,6.3302,33.247,34.0269,8.2446,11.4731,6.8924,6.5365,33.2189,33.8358,8.1955,11.321,6.9782,6.5745,33.1914,33.8363,8.1602,11.2594,7.0422,6.6382,33.1721,33.8321,8.1173,11.1981
DEA12,"Duisburg, Kreisfreie Stadt",Germany,486855,485465,499845,498110,498590,6.8912,6.588,33.1246,32.5037,8.8059,12.0866,6.8153,6.4956,33.2036,32.4942,8.854,12.1372,7.1884,6.7451,33.635,32.1088,8.6117,11.711,7.2366,6.7778,33.5189,32.0345,8.668,11.7643,7.3604,6.8632,33.4168,31.9774,8.6799,11.7024
DEA13,"Essen, Kreisfreie Stadt",Germany,569884,573784,583084,583393,583109,6.3634,6.0676,32.7047,33.0197,8.9901,12.8545,6.4097,6.104,32.7379,32.9063,9.0346,12.8074,6.7435,6.3605,32.8279,32.5572,8.9749,12.5361,6.8983,6.4881,32.6224,32.4724,9.0239,12.4948,6.9651,6.5749,32.5016,32.3821,9.0671,12.5092
DEA14,"Krefeld, Kreisfreie Stadt",Germany,222058,222500,226812,226699,227020,6.7136,6.3155,32.2871,32.7815,9.2206,12.6818,6.7416,6.3339,32.284,32.6067,9.3106,12.7231,6.9595,6.4441,32.5649,32.1769,9.2354,12.6193,6.9943,6.4936,32.4307,32.1303,9.3035,12.6476,7.0562,6.5739,32.4333,32.0302,9.2926,12.6139
DEA15,"Mönchengladbach, Kreisfreie Stadt",Germany,255430,256853,260925,262188,261454,6.6887,6.3015,33.1637,33.1774,8.8521,11.8165,6.6914,6.348,33.2019,33.001,8.9273,11.8305,6.8947,6.4551,33.272,32.7014,8.9543,11.7225,6.987,6.5529,33.1728,32.5484,9.013,11.7259,7.09,6.6249,33.0429,32.3885,9.0746,11.7791
DEA16,"Mülheim an der Ruhr, Kreisfreie Stadt",Germany,166640,167108,170936,171265,170880,6.2524,6.0292,31.4546,32.2606,9.9514,14.0518,6.3324,6.0518,31.4485,32.1852,10.0013,13.9808,6.7101,6.2754,31.6323,31.7844,9.8809,13.7168,6.8152,6.3819,31.5132,31.6037,9.9104,13.7757,6.8686,6.5081,31.3542,31.4144,9.9906,13.8641
DEA17,"Oberhausen, Kreisfreie Stadt",Germany,209097,209292,211382,211422,210829,6.4104,6.0972,33.3252,32.9125,8.9657,12.289,6.3772,6.1159,33.2755,32.791,9.1141,12.3263,6.5923,6.3061,33.2507,32.3239,9.2245,12.3024,6.6687,6.3768,33.1337,32.1523,9.3179,12.3507,6.7809,6.4711,32.967,31.952,9.3972,12.4319
DEA18,"Remscheid, Kreisfreie Stadt",Germany,108955,109009,110611,110584,110994,6.6165,6.432,32.7254,31.9517,9.4635,12.8108,6.6756,6.4619,32.612,31.7992,9.5763,12.8751,6.8935,6.625,32.8819,31.4562,9.5262,12.6172,6.9974,6.7116,32.681,31.34,9.5891,12.6809,7.0454,6.8193,32.6955,31.2702,9.5086,12.661
DEA19,"Solingen, Kreisfreie Stadt",Germany,155768,156771,158908,158803,159360,6.8621,6.6284,32.0624,32.7731,9.1315,12.5424,6.8967,6.565,32.166,32.7044,9.1981,12.4698,7.0877,6.6353,32.3263,32.5559,9.1216,12.2731,7.1189,6.6447,32.3256,32.5384,9.1421,12.2302,7.1994,6.7081,32.2678,32.5238,9.1466,12.1542
DEA1A,"Wuppertal, Kreisfreie Stadt",Germany,343488,345425,352390,353590,354382,6.7167,6.5012,32.7004,32.685,8.952,12.4447,6.7676,6.51,32.7816,32.5263,9.0187,12.3957,7.1157,6.7661,32.9164,32.2211,8.8499,12.1309,7.2349,6.891,32.8824,32.1183,8.8164,12.0569,7.3407,6.9764,32.8521,32.0284,8.8185,11.984
DEA1B,Kleve,Germany,302698,304963,310329,311270,310974,7.0995,6.7176,33.7161,32.908,8.5574,11.0014,6.992,6.6415,33.8143,32.7577,8.6942,11.1004,6.9807,6.6104,33.9607,32.3686,8.906,11.1736,6.9865,6.5991,33.7893,32.2826,9.0487,11.2937,7.0276,6.6063,33.4993,32.1982,9.1969,11.4717
DEA1C,Mettmann,Germany,476633,477760,484770,485409,485684,6.6867,6.4116,31.2194,32.203,10.1407,13.3386,6.722,6.4509,31.1439,32.0211,10.2332,13.4289,6.8977,6.5901,31.1839,31.6742,10.2376,13.4165,6.9488,6.6507,31.0946,31.5406,10.2837,13.4816,7.0056,6.7114,31.0154,31.456,10.3036,13.508
DEA1D,Rhein-Kreis Neuss,Germany,440602,442522,447431,449408,451007,7.1037,6.7358,32.0931,32.8544,9.2317,11.9813,7.1149,6.7109,31.9684,32.7536,9.3661,12.0862,7.2092,6.7863,31.9196,32.3755,9.4683,12.2412,7.27,6.8479,31.8041,32.2384,9.5054,12.3342,7.3418,6.9114,31.7199,32.1002,9.5438,12.383
DEA1E,Viersen,Germany,294921,295067,298422,298733,298935,6.6194,6.5234,32.937,33.0831,8.9939,11.8432,6.5633,6.449,32.8566,32.9135,9.1952,12.0224,6.6647,6.4245,32.7992,32.5542,9.3984,12.159,6.6732,6.4,32.6245,32.4735,9.5597,12.2692,6.7429,6.4121,32.3736,32.3649,9.6944,12.4121
DEA1F,Wesel,Germany,457033,457244,461715,460666,459809,6.4394,6.1389,32.6528,33.0475,9.4387,12.2827,6.4045,6.102,32.5651,32.8433,9.629,12.4562,6.5421,6.1906,32.4289,32.3143,9.8491,12.6749,6.5892,6.2082,32.1194,32.1367,10.0509,12.8957,6.6534,6.2504,31.8906,31.9404,10.2016,13.0635
DEA22,"Bonn, Kreisfreie Stadt",Germany,311287,313958,322125,325490,327258,7.3048,6.911,32.6175,35.0124,7.3848,10.7695,7.3503,6.9051,32.5668,34.9502,7.4574,10.7702,7.4993,7.0262,32.7413,34.7198,7.4095,10.604,7.5204,6.9984,32.8578,34.6594,7.4282,10.5358,7.5537,7.0281,32.765,34.6451,7.4504,10.5577
DEA23,"Köln, Kreisfreie Stadt",Germany,1034175,1046680,1075935,1080394,1085664,6.7281,6.3833,34.0859,35.1239,7.6825,9.9962,6.7571,6.395,34.177,35.0339,7.6759,9.9611,6.947,6.5747,34.251,34.8376,7.5772,9.8125,6.9888,6.6103,34.2135,34.781,7.5729,9.8334,7.0304,6.655,34.1746,34.7893,7.5548,9.7958
DEA24,"Leverkusen, Kreisfreie Stadt",Germany,160819,161540,163113,163577,163838,7.0452,6.5378,32.0335,32.4812,9.3353,12.5669,7.0695,6.5817,32.0391,32.4062,9.342,12.5616,7.2753,6.7377,32.1409,32.155,9.2267,12.4644,7.3482,6.798,32.1494,32.0161,9.2103,12.4779,7.3463,6.8678,32.1433,31.9712,9.2091,12.4623
DEA26,Düren,Germany,258385,259073,262072,262889,263722,6.9571,6.5232,33.4474,32.8626,8.86,11.3497,6.8954,6.4476,33.3848,32.7475,9.0364,11.4883,6.9809,6.4891,33.3321,32.3709,9.2291,11.598,7.0147,6.5431,33.1592,32.2121,9.38,11.6909,7.0916,6.6172,33.0465,31.997,9.4448,11.803
DEA27,Rhein-Erft-Kreis,Germany,456602,459448,465549,467209,470089,7.0902,6.7464,32.4812,33.1978,9.0514,11.4329,7.0868,6.7492,32.4409,32.9776,9.1778,11.5678,7.2368,6.787,32.3074,32.5753,9.3193,11.7741,7.267,6.804,32.2958,32.3712,9.3675,11.8945,7.3307,6.8949,32.2218,32.2222,9.3876,11.9428
DEA28,Euskirchen,Germany,187437,188158,191202,192127,192840,6.9362,6.622,33.3781,32.8158,8.9198,11.3281,6.8724,6.5525,33.2874,32.6949,9.1407,11.4521,6.9272,6.5585,33.088,32.3569,9.4183,11.651,6.9418,6.6321,32.8262,32.2594,9.5718,11.7688,6.9648,6.7403,32.584,32.1007,9.7791,11.8311
DEA29,Heinsberg,Germany,248233,249310,252651,253106,254322,7.0551,6.6695,33.5173,33.1455,8.6109,11.0018,6.9821,6.6175,33.4656,33.0661,8.7686,11.1002,7.0085,6.5794,33.4612,32.6874,8.9998,11.2638,7.0239,6.6032,33.2695,32.503,9.1942,11.4063,7.0458,6.6797,33.1096,32.3197,9.3287,11.5165
DEA2A,Oberbergischer Kreis,Germany,270290,270618,273139,272968,272471,7.23,7.008,32.78,32.4714,8.8461,11.6645,7.1381,6.9145,32.8441,32.3896,8.9769,11.7368,7.2143,6.9444,32.8045,32.0979,9.1598,11.779,7.2408,6.966,32.7342,31.9257,9.2612,11.8721,7.2588,7.0297,32.6222,31.8148,9.3239,11.9506
DEA2B,Rheinisch-Bergischer Kreis,Germany,278440,279497,283304,283344,283455,7.1179,6.5824,31.3784,32.4149,9.8607,12.6458,7.0387,6.5335,31.4114,32.2927,9.9554,12.7683,7.0927,6.5873,31.4623,31.9088,10.0623,12.8865,7.0917,6.5902,31.3266,31.9124,10.0934,12.9856,7.1175,6.6226,31.279,31.8361,10.1374,13.0074
DEA2C,Rhein-Sieg-Kreis,Germany,582280,585781,597854,599056,599780,7.4291,6.9206,32.2958,33.0451,8.9867,11.3227,7.3937,6.8655,32.254,32.8935,9.1263,11.4669,7.4771,6.9062,32.3027,32.445,9.2589,11.61,7.4774,6.9174,32.1613,32.3404,9.3717,11.7318,7.5313,6.9459,32.0147,32.1683,9.4875,11.8523
DEA2D,Städteregion Aachen,Germany,545067,547661,552472,554068,555465,6.5333,6.2269,34.9948,32.5687,8.4637,11.2126,6.4765,6.1502,35.1015,32.4429,8.5573,11.2718,6.5319,6.1724,35.1918,32.0905,8.6859,11.3275,6.5295,6.1742,35.1206,32.0172,8.7686,11.3899,6.5208,6.202,35.0859,31.9224,8.8306,11.4382
DEA31,"Bottrop, Kreisfreie Stadt",Germany,116055,116017,117409,117364,117383,6.3961,6.0782,33.0964,33.1877,8.8381,12.4036,6.3284,6.0319,33.0331,33.0253,9.0176,12.5637,6.4458,6.0685,33.0545,32.5903,9.2139,12.6268,6.5352,6.1177,32.844,32.4512,9.2865,12.7654,6.5682,6.1832,32.6376,32.2704,9.4392,12.9014
DEA32,"Gelsenkirchen, Kreisfreie Stadt",Germany,257850,257651,262528,260305,260654,6.9409,6.3793,33.6762,32.2928,8.6356,12.0752,6.9652,6.4335,33.6882,32.1454,8.711,12.0566,7.328,6.7002,33.8356,31.7063,8.6505,11.7793,7.4728,6.8539,33.5314,31.5288,8.7636,11.8496,7.6251,7.0035,33.3546,31.4052,8.8098,11.8019
DEA33,"Münster, Kreisfreie Stadt",Germany,299708,302178,311846,313559,314319,6.3131,5.9778,34.4555,36.321,6.9434,9.9891,6.3224,5.9826,34.4075,36.3064,7.0293,9.9518,6.4654,6.0347,34.4016,36.2737,7.0451,9.7795,6.483,6.0719,34.3419,36.1874,7.1278,9.788,6.5109,6.0559,34.2226,36.1108,7.2547,9.8451
DEA34,Borken,Germany,364271,365191,369226,369718,370676,7.8521,7.5084,34.149,32.7811,7.7061,10.0033,7.7264,7.4082,34.1449,32.7095,7.8644,10.1467,7.6541,7.3473,34.1517,32.4555,8.1357,10.2558,7.6218,7.3256,34.0276,32.3401,8.2869,10.3982,7.6727,7.356,33.8527,32.1828,8.4359,10.4997
DEA35,Coesfeld,Germany,215282,215996,219019,219360,219929,7.3341,6.9611,33.6006,33.1514,8.1721,10.7807,7.2395,6.8473,33.5358,33.015,8.4071,10.9553,7.2217,6.8236,33.4272,32.5775,8.7417,11.2082,7.1522,6.7774,33.2686,32.4193,8.9483,11.4342,7.2546,6.8645,32.9388,32.2149,9.1698,11.5574
DEA36,Recklinghausen,Germany,613878,613092,617195,616824,615261,6.5217,6.1387,32.816,32.8236,9.23,12.4701,6.4881,6.1061,32.7324,32.6713,9.4165,12.5855,6.6396,6.217,32.6185,32.2749,9.5626,12.6874,6.7165,6.3146,32.4096,32.0912,9.6694,12.7988,6.8127,6.3831,32.1142,31.9016,9.836,12.9524
DEA37,Steinfurt,Germany,434481,437127,444409,446565,447614,7.6616,7.2553,33.5163,32.589,8.1964,10.7814,7.5781,7.1659,33.5443,32.5214,8.3365,10.8538,7.5584,7.0865,33.7264,32.2354,8.4924,10.901,7.5877,7.0861,33.5989,32.1467,8.6142,10.9664,7.6043,7.1269,33.4056,32.0785,8.7278,11.0568
DEA38,Warendorf,Germany,272623,273412,277744,277458,277783,7.528,7.1355,32.9371,32.4353,8.6379,11.3263,7.4507,7.0326,32.9228,32.3537,8.7809,11.4593,7.4061,7.0014,33.0905,31.9373,8.9233,11.6413,7.4227,6.951,32.9185,31.8549,9.1001,11.7528,7.427,6.9716,32.7633,31.7518,9.236,11.8503
DEA41,"Bielefeld, Kreisfreie Stadt",Germany,328864,329782,333451,332552,333786,7.0464,6.6842,32.8336,33.5029,8.318,11.6148,7.0713,6.6426,32.7568,33.5112,8.3937,11.6243,7.2074,6.7908,32.74,33.4118,8.3682,11.4817,7.2482,6.9042,32.5035,33.4083,8.4414,11.4944,7.2777,6.9592,32.5475,33.3288,8.4326,11.454
DEA42,Gütersloh,Germany,352334,354463,361828,363049,364083,7.6138,7.204,33.8114,32.4468,8.1621,10.7619,7.5235,7.117,33.8608,32.3814,8.2903,10.8271,7.5373,7.1119,34.0256,32.1473,8.4029,10.775,7.5238,7.1112,33.9329,32.0824,8.5041,10.8456,7.567,7.1456,33.7904,31.9869,8.5884,10.9217
DEA43,Herford,Germany,248988,249219,251074,251539,250783,7.0148,6.6328,32.5124,32.1566,9.1579,12.5255,6.9742,6.6098,32.5272,32.0614,9.2537,12.5737,7.066,6.694,32.5609,31.8257,9.3765,12.4768,7.1321,6.7047,32.4801,31.7346,9.461,12.4875,7.1668,6.7509,32.3136,31.6656,9.5497,12.5535
DEA44,Höxter,Germany,142788,142770,141855,141565,140667,7.0776,6.7401,33.3578,31.7008,9.0904,12.0332,6.9728,6.6043,33.3789,31.6985,9.2674,12.0782,6.881,6.5391,33.2318,31.3348,9.669,12.3443,6.9297,6.5419,33.0378,31.221,9.8386,12.431,6.927,6.5495,32.8414,31.0492,10.0365,12.5964
DEA45,Lippe,Germany,345374,345127,348933,349069,348391,7.3326,6.9887,31.9769,31.8808,9.272,12.549,7.3101,6.9389,31.9888,31.7101,9.4275,12.6246,7.4728,6.9902,32.0285,31.3384,9.5548,12.6153,7.522,7.0359,31.8983,31.2534,9.6537,12.6368,7.561,7.1153,31.7502,31.1136,9.7614,12.6984
DEA46,Minden-Lübbecke,Germany,309356,309216,311866,311207,310710,7.2654,6.8782,32.6401,31.8895,9.0207,12.3062,7.206,6.8383,32.6054,31.8341,9.17,12.3464,7.3509,6.8664,32.6198,31.5308,9.3508,12.2812,7.3813,6.8806,32.4813,31.4472,9.4644,12.3452,7.3857,6.909,32.3601,31.363,9.5945,12.3878
DEA47,Paderborn,Germany,296688,299071,305198,305362,306890,7.5847,7.1648,34.7608,33.457,7.307,9.7257,7.4929,7.0956,34.8747,33.3299,7.442,9.7649,7.5358,7.1226,34.9127,32.9311,7.6429,9.8549,7.5189,7.1315,34.686,32.8404,7.8327,9.9904,7.502,7.1143,34.6235,32.756,7.9322,10.072
DEA51,"Bochum, Kreisfreie Stadt",Germany,361734,361876,364920,365529,364628,6.0016,5.5743,33.2468,33.4135,8.9616,12.8022,5.9893,5.6025,33.2426,33.2072,9.0791,12.8793,6.1575,5.727,33.4213,32.8242,9.0872,12.7828,6.2359,5.7818,33.3186,32.6904,9.1755,12.7979,6.2935,5.8652,33.1916,32.5716,9.2492,12.829
DEA52,"Dortmund, Kreisfreie Stadt",Germany,575944,580511,585813,586600,587010,6.5317,6.2216,33.6779,33.1182,8.5974,11.8532,6.5959,6.3251,33.6721,32.9318,8.6548,11.8203,6.747,6.4845,33.7401,32.6626,8.6577,11.708,6.8075,6.5692,33.598,32.5973,8.7039,11.724,6.8817,6.6624,33.4979,32.4799,8.7484,11.7298
DEA53,"Hagen, Kreisfreie Stadt",Germany,185996,186716,188266,187730,188814,6.5636,6.2668,32.4502,32.1211,9.347,13.2514,6.7075,6.3214,32.385,31.9946,9.3961,13.1954,7.0947,6.6974,32.2103,31.6186,9.3904,12.9885,7.1667,6.7933,32.0897,31.4995,9.4535,12.9974,7.3395,6.8867,32.1221,31.4156,9.3526,12.8836
DEA54,"Hamm, Kreisfreie Stadt",Germany,176048,176580,179571,179185,179111,7.2304,6.9277,32.8308,32.7007,8.6812,11.6292,7.2307,6.9572,32.6923,32.6521,8.7745,11.6933,7.3013,6.9616,33.0399,32.2585,8.7809,11.6578,7.3109,7.0023,32.9503,32.0641,8.8568,11.8157,7.3072,6.9823,32.8545,32.0086,8.9833,11.8642
DEA55,"Herne, Kreisfreie Stadt",Germany,154417,154608,156774,156490,156374,6.4268,6.1858,32.9316,32.4841,9.001,12.9707,6.457,6.2228,33.0086,32.2881,9.061,12.9625,6.614,6.2689,33.2963,32.0589,9.0423,12.7196,6.7052,6.3046,33.2149,31.956,9.0702,12.7491,6.7863,6.377,33.1155,31.8806,9.1147,12.7259
DEA56,Ennepe-Ruhr-Kreis,Germany,322731,322916,325374,324670,324296,6.2216,5.8575,32.2135,32.6027,9.8295,13.2751,6.1802,5.8969,32.1471,32.4512,9.9654,13.3592,6.3634,6.0284,32.2042,32.0951,10.0106,13.2982,6.4364,6.0902,31.9882,31.9487,10.121,13.4155,6.5255,6.1499,31.8478,31.8126,10.1904,13.4738
DEA57,Hochsauerlandkreis,Germany,261999,261561,262269,261591,260475,7.0218,6.5542,33.3112,31.8352,9.1485,12.1291,6.9127,6.4666,33.3689,31.7287,9.3068,12.2163,6.8235,6.4758,33.5941,31.4616,9.4228,12.2222,6.8171,6.4551,33.5134,31.4097,9.5256,12.2791,6.8037,6.4739,33.3986,31.3136,9.6862,12.324
DEA58,Märkischer Kreis,Germany,416240,413820,414886,413383,412120,6.915,6.5573,32.8923,32.421,9.088,12.1264,6.8237,6.506,32.8887,32.2933,9.2262,12.2621,6.9646,6.5425,32.8955,31.8936,9.3999,12.3039,6.9635,6.5709,32.7645,31.7928,9.5006,12.4076,7.0375,6.624,32.5835,31.7233,9.5921,12.4396
DEA59,Olpe,Germany,134947,134759,134983,134808,134775,7.3718,6.8182,34.1334,32.5817,8.3425,10.7524,7.3004,6.683,34.1276,32.5418,8.5122,10.8349,7.2965,6.6675,34.0384,32.3493,8.7478,10.9006,7.3319,6.7021,33.8593,32.2088,8.8956,11.0023,7.3248,6.6607,33.8208,32.0586,9.0195,11.1156
DEA5A,Siegen-Wittgenstein,Germany,274904,275909,277933,277977,278210,6.6045,6.316,33.5041,32.7012,9.0282,11.846,6.5696,6.2738,33.5618,32.5658,9.1211,11.9079,6.7847,6.2771,33.6308,32.1452,9.2497,11.9126,6.865,6.3807,33.4506,31.9598,9.3652,11.9787,6.9185,6.4516,33.3658,31.7792,9.4472,12.0377
DEA5B,Soest,Germany,294971,296742,301655,301693,301902,7.1953,6.7471,33.1883,32.4435,8.7019,11.7239,7.1331,6.7045,33.2225,32.3062,8.844,11.7897,7.1681,6.6579,33.5416,31.8861,8.9934,11.7528,7.1874,6.6651,33.366,31.8065,9.1252,11.8498,7.2119,6.6916,33.2247,31.655,9.2557,11.9612
DEA5C,Unna,Germany,391622,391774,393869,393934,394782,6.6345,6.2703,32.5513,32.8529,9.214,12.4771,6.6002,6.2225,32.4537,32.7268,9.3911,12.6057,6.6476,6.2775,32.4618,32.2821,9.5732,12.7578,6.712,6.3447,32.2755,32.0863,9.6854,12.8961,6.8068,6.4322,32.1228,31.8905,9.7819,12.9659
DEB11,"Koblenz, Kreisfreie Stadt",Germany,110643,111434,113605,113844,114024,6.0754,5.788,33.0459,33.4879,8.9468,12.656,6.0771,5.7505,33.1192,33.4332,9.0179,12.6021,6.2321,5.8448,33.2679,33.1913,8.9618,12.5021,6.313,5.9072,33.2657,32.8757,9.0598,12.5786,6.3469,5.9637,33.3456,32.7396,9.0937,12.5105
DEB12,Ahrweiler,Germany,126102,126643,128455,128914,129727,6.2933,6.0047,32.354,31.9424,10.1584,13.2472,6.2388,5.9585,32.226,31.8391,10.344,13.3936,6.2933,5.9601,32.1334,31.5683,10.5819,13.4631,6.3709,6.0211,31.9709,31.3527,10.7351,13.5493,6.4566,6.146,31.776,31.1046,10.9129,13.604
DEB13,Altenkirchen (Westerwald),Germany,128373,128228,128961,128791,128705,6.7943,6.3588,33.4564,32.4492,9.0144,11.927,6.7809,6.3481,33.3757,32.2652,9.1891,12.0411,6.8176,6.4694,33.1178,31.86,9.5827,12.1525,6.8584,6.5067,32.9231,31.701,9.7305,12.2804,6.9601,6.5584,32.813,31.3741,9.8434,12.451
DEB14,Bad Kreuznach,Germany,155297,155944,157392,157549,158080,6.7451,6.4122,32.4739,32.7939,9.3505,12.2243,6.6883,6.3722,32.3398,32.5655,9.5881,12.4461,6.7424,6.4177,32.0614,32.0868,10.0107,12.6811,6.8188,6.4564,31.7882,31.9386,10.1994,12.7986,6.8535,6.498,31.6182,31.7662,10.3549,12.9093
DEB15,Birkenfeld,Germany,80673,80591,80799,80728,80720,6.2722,5.888,32.9082,31.8384,10.0294,13.0639,6.224,5.8046,32.8684,31.6685,10.2679,13.1665,6.2105,5.9035,32.7059,31.3308,10.6462,13.2031,6.2159,5.9682,32.6058,31.1131,10.7769,13.32,6.3937,6.1013,32.3439,30.8982,10.8424,13.4205
DEB17,Mayen-Koblenz,Germany,209785,210441,212968,213554,214259,6.6573,6.4237,33.3379,32.9547,9.0564,11.5699,6.6142,6.4018,33.2502,32.8306,9.2491,11.6541,6.7433,6.5024,33.1303,32.3485,9.5108,11.7647,6.7795,6.5398,32.9181,32.1366,9.6833,11.9426,6.8725,6.5888,32.6684,31.9585,9.8134,12.0984
DEB18,Neuwied,Germany,179454,179317,181537,181655,181941,6.95,6.6396,32.668,32.4367,9.2826,12.0231,6.9285,6.5287,32.5892,32.3611,9.4899,12.1026,7.0019,6.6064,32.4545,32.0414,9.7137,12.1821,7.1041,6.6522,32.2496,31.8824,9.8324,12.2793,7.1133,6.7137,32.1401,31.7597,9.9318,12.3414
DEB1A,Rhein-Lahn-Kreis,Germany,121375,121487,122553,122381,122308,6.3926,6.0671,32.9977,32.2538,9.848,12.4408,6.3982,6.0937,32.8142,32.1187,10.0348,12.5404,6.5009,6.199,32.6724,31.6867,10.3188,12.6223,6.5754,6.3024,32.4601,31.518,10.4608,12.6833,6.6357,6.388,32.2661,31.2972,10.5839,12.8291
DEB1B,Westerwaldkreis,Germany,198704,199131,201027,201039,201597,7.0522,6.7291,33.6918,32.7643,8.7376,11.0249,6.9658,6.6399,33.6321,32.6343,8.9348,11.1931,7.0961,6.6762,33.4254,32.2404,9.1833,11.3786,7.0917,6.6415,33.3149,32.1002,9.341,11.5107,7.079,6.6573,33.1915,31.9747,9.4416,11.6559
DEB1C,Cochem-Zell,Germany,63202,62041,61864,61662,61587,6.484,6.0853,33.2679,31.2996,10.0646,12.7986,6.4457,5.9606,33.199,31.2648,10.2964,12.8334,6.2314,5.8726,33.1954,30.9809,10.6282,13.0916,6.3118,5.835,32.9149,30.9186,10.8495,13.1702,6.3585,5.8519,32.7374,30.7289,10.9812,13.3421
DEB1D,Rhein-Hunsrück-Kreis,Germany,100770,101945,103026,102938,102937,6.6587,6.369,33.5487,32.4114,9.1962,11.816,6.5575,6.324,33.4396,32.2154,9.5041,11.9594,6.6071,6.3188,33.2518,31.7929,9.8703,12.1591,6.6642,6.2902,33.0461,31.6608,10.0497,12.289,6.7274,6.3194,32.7861,31.4357,10.2315,12.4999
DEB21,"Trier, Kreisfreie Stadt",Germany,107233,108472,110111,110013,110636,5.9068,5.4619,35.2942,35.5823,7.0995,10.6553,6.0513,5.5636,35.5105,35.2616,7.0829,10.5299,6.2573,5.5544,35.793,34.7822,7.2009,10.4122,6.2547,5.5775,35.6812,34.7413,7.3137,10.4315,6.2547,5.6211,35.6231,34.7563,7.3322,10.4125
DEB22,Bernkastel-Wittlich,Germany,110643,110981,112006,112134,112262,6.5056,6.3113,33.7093,32.2289,9.3255,11.9194,6.493,6.2867,33.5841,32.0406,9.5449,12.0507,6.6327,6.3747,33.3161,31.5501,9.9629,12.1636,6.7277,6.3995,32.9936,31.3946,10.2181,12.2666,6.8242,6.4251,32.7805,31.1913,10.3891,12.3898
DEB23,Eifelkreis Bitburg-Prüm,Germany,96158,96408,98021,98213,98561,7.0135,6.5101,34.3092,32.5069,8.5703,11.0901,6.9859,6.404,34.2285,32.4506,8.7337,11.1972,7.1291,6.5057,34.1621,32.0309,8.9909,11.1813,7.2098,6.5877,33.8295,31.9214,9.1882,11.2633,7.2777,6.669,33.6553,31.7123,9.3668,11.3189
DEB24,Vulkaneifel,Germany,60765,60775,60757,60705,60603,6.4396,6.2026,32.8841,31.5725,10.2312,12.6701,6.3414,6.0749,32.9856,31.3994,10.4648,12.7339,6.2478,6.0289,33.0415,31.1503,10.7938,12.7376,6.3339,6.095,32.8243,30.8788,11.032,12.8358,6.371,6.0195,32.632,30.7856,11.2041,12.9878
DEB25,Trier-Saarburg,Germany,144337,145227,147833,148532,148945,7.0384,6.7377,33.7502,33.277,8.37,10.8267,6.9849,6.7329,33.6549,33.1336,8.5335,10.9601,7.0613,6.8259,33.4946,32.7295,8.8397,11.049,7.1412,6.8598,33.2979,32.4321,9.0277,11.2413,7.1825,6.8764,33.0082,32.275,9.2726,11.3854
DEB31,"Frankenthal (Pfalz), Kreisfreie Stadt",Germany,47332,47724,48445,48417,48561,6.7058,6.3192,32.1495,32.3777,9.4524,12.9954,6.8079,6.305,32.2207,32.2416,9.3789,13.0458,7.0472,6.6013,31.9352,31.7969,9.4912,13.1283,7.2247,6.7476,31.5302,31.6335,9.538,13.3259,7.3207,6.8635,31.5665,31.4512,9.4829,13.3152
DEB32,"Kaiserslautern, Kreisfreie Stadt",Germany,97162,97382,99302,99684,99845,5.9571,5.6133,35.7774,32.8071,8.1863,11.6589,5.9559,5.6037,35.789,32.5943,8.328,11.7291,6.1066,5.7552,35.8321,32.2108,8.4208,11.6745,6.2668,5.8384,35.6717,32.0463,8.5279,11.6488,6.3579,5.9302,35.476,31.9315,8.5973,11.7071
DEB33,"Landau in der Pfalz, Kreisfreie Stadt",Germany,43825,44465,46006,46292,46677,6.332,6.17,33.0245,35.4273,7.6874,11.3588,6.2026,6.0857,33.2351,35.3806,7.7364,11.3595,6.2883,6.0753,33.0913,35.5171,7.9164,11.1116,6.3272,6.1328,33.0014,35.5353,7.9323,11.071,6.3522,6.0994,32.8299,35.5378,8.1175,11.0633
DEB34,"Ludwigshafen am Rhein, Kreisfreie Stadt",Germany,161518,163832,166621,168497,171061,7.341,6.868,33.5994,32.7394,8.4622,10.9901,7.4326,6.9492,33.6515,32.5333,8.4483,10.985,7.7559,7.2662,33.5066,32.218,8.3285,10.9248,7.8417,7.3616,33.6837,31.9709,8.2636,10.8785,7.9194,7.4441,34.1071,31.6899,8.1427,10.6968
DEB35,"Mainz, Kreisfreie Stadt",Germany,204268,206991,213528,215110,217118,6.3852,5.7312,34.2731,35.9116,7.5753,10.1235,6.3906,5.7664,34.3252,35.8368,7.5984,10.0826,6.5209,5.8625,34.5491,35.5344,7.5704,9.9626,6.5566,5.9081,34.4884,35.5255,7.5645,9.9568,6.5319,5.93,34.5439,35.4784,7.5609,9.955
DEB36,"Neustadt an der Weinstraße, Kreisfreie Stadt",Germany,52400,52564,53209,53353,53148,6.4733,6.0573,32.1431,32.2366,9.6679,13.4218,6.4455,6.1278,32.0257,31.9744,9.9288,13.4978,6.6041,6.2565,31.8987,31.4627,10.1223,13.6556,6.6913,6.3914,31.7433,31.1735,10.2918,13.7087,6.7077,6.4179,31.6004,30.9193,10.5272,13.8274
DEB37,"Pirmasens, Kreisfreie Stadt",Germany,40101,40046,40416,40632,40403,5.9201,5.7131,31.69,31.3733,10.2741,15.0296,5.9257,5.6385,31.8509,31.1941,10.3906,15.0002,6.2846,5.8393,31.8686,30.6933,10.5503,14.764,6.5613,5.9461,31.8099,30.4415,10.6271,14.6141,6.5861,6.0169,31.6313,30.3022,10.7393,14.7242
DEB38,"Speyer, Kreisfreie Stadt",Germany,49740,49855,50551,50931,50378,6.8416,6.6084,32.5714,33.1041,8.6369,12.2376,6.7977,6.5309,32.3358,32.9235,8.9219,12.4902,6.8011,6.3619,32.3653,32.5374,9.1274,12.8069,6.9231,6.2594,32.5107,32.2377,9.1791,12.89,6.8681,6.2666,32.0299,32.1787,9.4625,13.1943
DEB39,"Worms, Kreisfreie Stadt",Germany,80296,81010,82595,83081,83330,7.0365,6.8036,33.2569,33.181,8.2308,11.4912,7.1053,6.7584,33.3675,32.8392,8.3558,11.5739,7.3031,6.935,33.1969,32.3664,8.5853,11.6133,7.3133,7.016,33.2314,32.1409,8.6482,11.6501,7.3935,7.0407,33.1513,31.9261,8.7532,11.7353
DEB3A,"Zweibrücken, Kreisfreie Stadt",Germany,34084,34011,34428,34270,34209,6.2199,6.1877,33.2825,32.0238,9.4414,12.8447,6.2715,6.1157,33.2216,31.9691,9.6116,12.8106,6.3001,6.242,33.3914,31.425,9.7217,12.9197,6.2533,6.3262,33.2361,31.2314,9.93,13.0231,6.4544,6.3229,33.0586,31.024,10.0471,13.093
DEB3B,Alzey-Worms,Germany,125213,125998,128197,128519,129244,7.1494,6.675,34.395,33.6427,8.119,10.0189,7.0755,6.635,34.2878,33.522,8.3231,10.1565,7.1133,6.6983,34.0351,32.9641,8.749,10.4402,7.1616,6.7484,33.6868,32.7632,9.0111,10.6288,7.1833,6.8607,33.4313,32.4789,9.2051,10.8407
DEB3C,Bad Dürkheim,Germany,131041,131530,132960,132739,132660,6.4026,6.0119,32.5944,32.5585,9.8794,12.5533,6.3362,5.9925,32.4093,32.3599,10.1445,12.7575,6.4448,6.071,32.1036,31.8705,10.4708,13.0393,6.497,6.0932,31.7646,31.7849,10.6645,13.1958,6.5317,6.1149,31.5234,31.6667,10.8201,13.3431
DEB3D,Donnersbergkreis,Germany,75192,74962,75203,75102,75101,6.9037,6.772,33.8028,32.9157,8.5794,11.0264,6.8461,6.6047,33.6651,32.9153,8.7898,11.179,6.888,6.5383,33.4056,32.4668,9.3148,11.3865,6.8973,6.5884,33.0204,32.2242,9.6362,11.6335,6.896,6.663,32.7319,31.9556,9.8973,11.856
DEB3E,Germersheim,Germany,125434,126266,128205,128477,129075,7.1799,6.5158,34.3463,33.7078,8.0983,10.152,7.108,6.499,34.2935,33.5308,8.2849,10.2838,7.1659,6.6339,34.0985,32.9714,8.5808,10.5495,7.2083,6.6362,33.8893,32.7506,8.7689,10.7467,7.2578,6.7263,33.6882,32.4827,8.9312,10.9138
DEB3F,"Kaiserslautern, Landkreis",Germany,104117,104288,105504,105649,106057,6.9441,6.51,33.2443,33.0638,8.793,11.4448,6.8944,6.4916,33.1045,32.9117,8.9828,11.615,7.085,6.5874,32.8509,32.4386,9.3352,11.7029,7.187,6.6976,32.5285,32.2322,9.524,11.8307,7.3687,6.9227,32.1073,32.0045,9.6816,11.9153
DEB3G,Kusel,Germany,71098,70883,70899,70764,70526,6.1971,5.8651,33.6887,32.4397,9.5713,12.238,6.1679,5.8773,33.5567,32.1925,9.771,12.4346,6.2145,5.9676,33.1232,31.6916,10.2724,12.7308,6.2249,6.0115,32.8585,31.3733,10.6269,12.9049,6.4444,6.1027,32.3484,31.1559,10.908,13.0406
DEB3H,Südliche Weinstraße,Germany,109026,109735,110885,110622,110356,6.6278,6.1077,33.204,32.8307,9.4234,11.8064,6.5922,6.0482,33.1371,32.6213,9.6305,11.9707,6.6546,6.0252,32.724,32.2334,10.0446,12.3182,6.6768,6.1443,32.4167,32.0271,10.2321,12.5029,6.7645,6.2199,32.0689,31.7618,10.4987,12.6862
DEB3I,Rhein-Pfalz-Kreis,Germany,149068,150051,153043,153629,154201,6.6198,6.324,32.679,32.783,9.6493,11.9449,6.6597,6.3125,32.5509,32.5523,9.7953,12.1292,6.8941,6.4289,32.3929,31.9668,10.0299,12.2874,7.0364,6.5463,32.1365,31.8163,10.0964,12.3681,7.1712,6.642,31.9369,31.5711,10.1977,12.4811
DEB3J,Mainz-Bingen,Germany,203338,204514,209184,209785,210889,7.1615,6.7764,33.4655,33.5687,8.4824,10.5455,7.1565,6.7858,33.1982,33.4031,8.7231,10.7333,7.2768,6.8586,33.0221,32.8524,9.0251,10.965,7.3289,6.868,32.7388,32.6944,9.2404,11.1295,7.3868,6.9098,32.5365,32.4801,9.3988,11.2879
DEB3K,Südwestpfalz,Germany,96599,96410,95957,95474,95113,5.9266,5.5187,33.1215,32.4072,10.2703,12.7558,5.8002,5.5191,32.9592,32.2508,10.5456,12.925,5.8255,5.5546,32.6688,31.7715,10.9497,13.2299,5.8016,5.657,32.3386,31.4756,11.2387,13.4885,5.8541,5.6859,32.0324,31.3049,11.4401,13.6827
DEC01,Regionalverband Saarbrücken,Germany,325978,325604,329593,330150,329708,5.8878,5.5314,33.4618,33.1016,9.2426,12.7748,5.9029,5.5177,33.3494,32.8279,9.4624,12.9396,6.1925,5.7095,33.2531,32.2467,9.644,12.9542,6.3159,5.8289,33.0147,32.1021,9.7704,12.968,6.4005,5.8955,32.8597,31.8949,9.8751,13.0743
DEC02,Merzig-Wadern,Germany,103135,102987,103908,103656,103366,6.4197,6.06,33.8517,32.952,8.8282,11.8883,6.3804,5.9386,33.6596,32.7711,9.1167,12.1336,6.4653,5.9091,33.5316,32.343,9.4863,12.2647,6.4984,5.8723,33.1558,32.2355,9.7467,12.4913,6.4867,5.8452,32.9615,32.0318,9.9955,12.6792
DEC03,Neunkirchen,Germany,133222,133021,133984,133297,132206,5.689,5.355,33.183,32.5584,9.8174,13.3972,5.6705,5.3195,33.1,32.3648,10.036,13.5091,5.9515,5.6007,32.8875,31.7978,10.2908,13.4718,6.0301,5.6843,32.6474,31.5318,10.4511,13.6552,6.1397,5.7494,32.3525,31.3806,10.6092,13.7687
DEC04,Saarlouis,Germany,195976,195632,196609,195815,195201,5.9359,5.6767,33.3556,32.8515,9.3649,12.8153,5.9505,5.6617,33.1592,32.5867,9.6768,12.9652,6.1493,5.7678,32.8835,32.054,10.0067,13.1388,6.2099,5.903,32.5001,31.8117,10.2505,13.3248,6.2746,6.0061,32.2053,31.571,10.4697,13.4733
DEC05,Saarpfalz-Kreis,Germany,143851,143532,144100,143402,142631,5.8241,5.4814,32.5608,32.6824,10.0048,13.4466,5.7597,5.4615,32.4206,32.4694,10.2549,13.6339,5.9466,5.5961,32.2637,31.9223,10.5135,13.7578,6.025,5.6743,31.8845,31.7848,10.7425,13.8889,6.1305,5.7722,31.557,31.5542,10.959,14.0271
DEC06,St. Wendel,Germany,88556,88259,88457,87867,87397,5.6552,5.4824,33.7176,32.7397,9.8232,12.5819,5.6176,5.4204,33.5093,32.5123,10.1281,12.8123,5.7452,5.5439,33.1811,31.9636,10.5328,13.0335,5.7576,5.5971,32.9009,31.715,10.7959,13.2336,5.721,5.6295,32.5435,31.4759,11.1629,13.4673
DED21,"Dresden, Kreisfreie Stadt",Germany,530754,536308,547172,551072,554649,6.8525,6.4838,33.3874,31.6992,9.063,12.5141,6.9591,6.5915,33.3847,31.4623,9.0991,12.5033,7.2389,6.8691,33.3566,30.7995,9.1874,12.5485,7.3869,7.0171,33.2049,30.5875,9.2226,12.5811,7.4941,7.076,33.166,30.4126,9.2325,12.6188
DED2C,Bautzen,Germany,308350,306570,304691,302634,300880,6.4206,6.1398,32.2244,29.9128,10.5967,14.7057,6.4954,6.2263,32.0113,29.6784,10.7731,14.8155,6.7373,6.4022,31.4341,29.0777,11.2416,15.1071,6.7881,6.4847,30.9919,28.82,11.579,15.3363,6.8572,6.5531,30.673,28.5582,11.8256,15.5328
DED2D,Görlitz,Germany,262168,260188,258337,256587,254894,5.9515,5.7387,31.4138,29.5673,11.4274,15.9013,6.0256,5.8585,31.1559,29.2965,11.6231,16.0403,6.2217,6.0514,30.6073,28.5739,12.1225,16.4231,6.3121,6.0946,30.2494,28.2797,12.4122,16.6521,6.3438,6.163,29.934,28.0191,12.7249,16.8152
DED2E,Meißen,Germany,243716,243745,243889,242862,242165,6.531,6.1317,31.8227,29.9258,10.7063,14.8825,6.6204,6.2512,31.6852,29.6876,10.8248,14.9308,6.7432,6.4628,31.3126,29.021,11.2576,15.2028,6.8072,6.5239,30.9299,28.7361,11.5473,15.4557,6.8317,6.5728,30.6506,28.5219,11.7833,15.6397
DED2F,Sächsische Schweiz-Osterzgebirge,Germany,245939,245954,246066,245418,245611,6.6293,6.2532,31.7432,29.8204,10.873,14.6809,6.7504,6.3483,31.5047,29.5559,11.059,14.7816,6.9855,6.5665,30.8714,28.9382,11.4977,15.1407,7.0952,6.6405,30.5247,28.6511,11.7273,15.3611,7.2053,6.7228,30.2157,28.4169,11.9331,15.5062
DED41,"Chemnitz, Kreisfreie Stadt",Germany,242022,243521,246353,246855,247237,5.8784,5.6243,31.6083,30.1964,11.025,15.6676,5.9239,5.7059,31.6827,29.8192,11.1452,15.7231,6.265,5.9407,31.5153,28.9024,11.4494,15.9271,6.4499,6.1352,31.3103,28.524,11.5687,16.0118,6.5492,6.2159,31.2328,28.2389,11.6637,16.0995
DED42,Erzgebirgskreis,Germany,351309,349582,344136,340373,337696,6.1792,5.9147,32.115,30.3687,10.5004,14.9219,6.2646,5.9863,31.8111,29.9483,10.8358,15.1538,6.4541,6.1284,30.6667,28.8613,11.8378,16.0518,6.4849,6.1841,30.1369,28.3988,12.298,16.4972,6.5636,6.2293,29.733,28.061,12.6285,16.7846
DED43,Mittelsachsen,Germany,314591,312711,310505,308153,306185,6.0475,5.8126,32.4927,29.8225,10.8363,14.9883,6.1702,5.8827,32.2304,29.5429,11.0581,15.1156,6.3664,6.0282,31.6997,28.785,11.6005,15.5202,6.4315,6.1103,31.3743,28.4735,11.8947,15.7156,6.5065,6.146,31.1148,28.1983,12.1231,15.9113
DED44,Vogtlandkreis,Germany,233970,232390,231051,229584,227796,5.8072,5.375,31.4254,29.9769,11.2279,16.1875,5.8669,5.4344,31.133,29.7177,11.4859,16.3621,6.0523,5.5927,30.5928,28.7837,12.0861,16.8924,6.1141,5.6977,30.2691,28.4279,12.3288,17.1623,6.1862,5.7363,29.9799,28.1322,12.5858,17.3796
DED45,Zwickau,Germany,327062,325137,322099,319988,317531,5.8328,5.6173,31.5702,30.0827,11.0499,15.8471,5.9147,5.6755,31.3043,29.7884,11.2888,16.0283,6.1158,5.8594,30.7154,28.9864,11.87,16.453,6.2096,5.9315,30.403,28.6161,12.1389,16.7009,6.2756,5.9635,30.2364,28.3327,12.2952,16.8966
DED51,"Leipzig, Kreisfreie Stadt",Germany,531562,544479,571088,581980,587857,6.3857,6.1848,33.223,32.6622,8.8231,12.7212,6.5376,6.2932,33.3892,32.5519,8.7278,12.5004,6.9565,6.5992,33.5675,32.1814,8.5563,12.1391,7.0765,6.6942,33.53,32.1927,8.4977,12.0088,7.1574,6.7702,33.4287,32.1947,8.4995,11.9495
DED52,Leipzig,Germany,257596,257647,258333,258008,257763,6.3312,5.9442,32.3708,30.8405,10.2366,14.2766,6.4146,6.0222,32.158,30.5849,10.4026,14.4178,6.6499,6.2536,31.4749,29.9942,10.9208,14.7066,6.7723,6.3296,31.0952,29.7072,11.1737,14.922,6.8695,6.4687,30.8,29.4453,11.36,15.0565
DED53,Nordsachsen,Germany,197346,197042,198063,197794,197673,6.1719,5.8035,33.3333,30.8686,9.9125,13.9101,6.2444,5.8982,33.1681,30.6234,10.0578,14.0082,6.4868,6.1198,32.7128,29.9364,10.4957,14.2485,6.5422,6.2115,32.3822,29.7001,10.7678,14.3963,6.6433,6.3448,32.0231,29.3717,11.0207,14.5963
DEE01,"Dessau-Roßlau, Kreisfreie Stadt",Germany,83616,83061,82505,82111,81237,5.3495,4.8268,30.6724,30.0816,12.3194,16.7504,5.3708,4.9397,30.4945,29.6722,12.5041,17.0188,5.6809,5.1791,30.0067,28.7631,12.9216,17.4486,5.7873,5.3099,29.767,28.3738,13.0786,17.6834,5.852,5.3658,29.3278,28.0685,13.3905,17.9955
DEE02,"Halle (Saale), Kreisfreie Stadt",Germany,231565,232470,238005,239173,239257,6.0471,5.7487,32.0899,32.5783,9.6232,13.9127,6.1776,5.8756,31.9564,32.2463,9.7544,13.9898,6.5927,6.2041,32.0266,31.3834,9.7821,14.0111,6.7633,6.3774,31.8096,31.1093,9.8318,14.1086,6.929,6.5244,31.5071,30.9015,9.9274,14.2107
DEE03,"Magdeburg, Kreisfreie Stadt",Germany,231021,232306,238136,238478,238697,5.9112,5.5644,32.9749,31.7036,9.8415,14.0044,6.0106,5.6305,33.0461,31.4146,9.8327,14.0655,6.4026,5.9647,33.1218,30.6279,9.8284,14.0546,6.5826,6.1196,32.8387,30.3215,9.9238,14.2139,6.6666,6.2514,32.721,30.1097,9.9754,14.2758
DEE04,Altmarkkreis Salzwedel,Germany,86312,86071,85236,84457,83765,6.3143,5.8961,34.278,31.2216,9.2849,13.0051,6.411,5.9683,34.0684,31.0534,9.4271,13.0718,6.509,6.1242,33.67,30.5434,9.7752,13.3782,6.5844,6.2316,33.2785,30.2722,10.0465,13.5868,6.646,6.2771,32.9195,29.9994,10.274,13.8841
DEE05,Anhalt-Bitterfeld,Germany,166828,165076,163100,161264,159854,5.4859,5.212,32.9111,30.8479,10.4779,15.0652,5.5393,5.2673,32.7237,30.638,10.689,15.1427,5.6861,5.45,32.2183,29.9516,11.1717,15.5224,5.7905,5.5313,31.8062,29.5962,11.4942,15.7816,5.8284,5.6251,31.4256,29.3637,11.7445,16.0127
DEE06,Jerichower Land,Germany,91721,91359,91345,90465,89928,5.8602,5.6138,33.9748,30.9133,9.9039,13.734,5.8889,5.7028,33.7471,30.691,10.1008,13.8695,6.1755,5.9554,33.2443,29.971,10.5129,14.1409,6.1869,6.0101,32.7585,29.8193,10.876,14.3492,6.295,6.1282,32.3437,29.4747,11.1578,14.6006
DEE07,Börde,Germany,172955,172829,172959,172619,171734,6.2617,5.9137,34.417,31.9395,9.0503,12.4177,6.3068,5.9568,34.2425,31.6984,9.2739,12.5216,6.5432,6.1639,33.6791,31.086,9.7243,12.8036,6.6157,6.2803,33.2432,30.799,10.0261,13.0356,6.6772,6.3855,32.8572,30.4197,10.3451,13.3154
DEE08,Burgenlandkreis,Germany,184956,184055,183174,181968,180190,5.6294,5.2266,32.8051,30.2212,10.7609,15.3566,5.7064,5.2827,32.6946,29.94,10.9054,15.4709,5.9042,5.4893,32.4942,29.234,11.2614,15.6168,6.0126,5.562,32.137,28.9386,11.535,15.8149,6.1241,5.6712,31.6483,28.6842,11.8159,16.0564
DEE09,Harz,Germany,221043,219618,219643,216299,214446,5.6867,5.337,32.4009,30.7451,10.6635,15.1667,5.7404,5.4217,32.1813,30.492,10.8825,15.282,5.9487,5.4315,32.1285,29.726,11.2769,15.4883,5.9496,5.4998,31.5124,29.5609,11.6066,15.8706,5.9572,5.5874,31.1118,29.2456,11.9415,16.1565
DEE0A,Mansfeld-Südharz,Germany,143246,142054,139781,138013,136249,5.4752,5.1652,32.3779,30.0853,11.3001,15.5962,5.4993,5.2452,32.2124,29.7915,11.4942,15.7574,5.6596,5.4149,31.6166,29.0469,12.0167,16.2454,5.69,5.4357,31.1869,28.8118,12.338,16.5376,5.7197,5.4694,30.8318,28.5404,12.6173,16.8214
DEE0B,Saalekreis,Germany,187690,186510,185951,185494,184582,5.995,5.6716,33.3896,31.5536,9.952,13.4381,6.1053,5.76,33.0765,31.2637,10.1775,13.617,6.3839,5.9768,32.5064,30.5285,10.6507,13.9537,6.4935,6.1183,32.1299,30.1713,10.9022,14.1848,6.5494,6.2319,31.7718,29.8572,11.175,14.4147
DEE0C,Salzlandkreis,Germany,198715,196750,194575,192739,190560,5.5879,5.3504,32.4223,30.6706,10.6499,15.3189,5.6498,5.4013,32.2877,30.3939,10.7883,15.479,5.8862,5.6158,31.7955,29.7803,11.2204,15.7019,5.9256,5.6714,31.5209,29.5036,11.4601,15.9184,6.0191,5.699,31.1524,29.2496,11.7097,16.1702
DEE0D,Stendal,Germany,115471,114668,114393,113186,111982,5.9885,5.7131,33.579,31.569,9.7159,13.4345,6.0095,5.7758,33.3397,31.3828,9.9252,13.567,6.2303,5.8841,32.988,30.7554,10.3162,13.826,6.2658,5.9919,32.4934,30.4393,10.655,14.1546,6.2251,6.0206,32.1605,30.1218,10.9777,14.4943
DEE0E,Wittenberg,Germany,129438,128721,127449,126815,125840,5.615,5.1291,32.5399,30.6,10.8755,15.2405,5.6238,5.2478,32.4003,30.3276,11.0339,15.3666,5.7694,5.4061,31.8818,29.5106,11.6219,15.8102,5.8368,5.5104,31.4734,29.1701,11.9489,16.0604,5.9242,5.6087,31.0656,28.87,12.2258,16.3056
DEF01,"Flensburg, Kreisfreie Stadt",Germany,83971,84694,87432,88519,89504,6.3081,5.9544,34.157,32.9566,8.7709,11.8529,6.2295,5.9426,34.2976,32.9244,8.8578,11.7482,6.4599,6.1145,34.6361,32.4984,8.7908,11.5004,6.5093,6.2134,34.4999,32.5444,8.7947,11.4382,6.6578,6.3997,34.3962,32.4488,8.775,11.3224
DEF02,"Kiel, Kreisfreie Stadt",Germany,241533,243148,247441,247943,247548,6.1437,5.7582,34.539,35.1989,7.7873,10.5729,6.1555,5.7825,34.5469,35.1194,7.8409,10.5549,6.3336,5.9594,34.4708,34.8568,7.8831,10.4962,6.3135,5.9941,34.4462,34.7487,7.9647,10.5327,6.364,6.074,34.3388,34.6535,8.0013,10.5685
DEF03,"Lübeck, Kreisfreie Stadt",Germany,212958,214420,216712,216318,217198,6.2303,6.0045,31.9457,32.7506,9.5747,13.4942,6.2457,6.0307,31.9079,32.6593,9.6586,13.4978,6.403,6.0417,31.8819,32.5104,9.6686,13.4944,6.4757,6.0587,31.8323,32.4129,9.7158,13.5047,6.4605,6.0871,31.8525,32.3962,9.7404,13.4633
DEF04,"Neumünster, Kreisfreie Stadt",Germany,77058,77588,79680,79335,79487,6.7248,6.4808,32.4768,31.8786,9.5733,12.8656,6.8116,6.4288,32.3839,31.7356,9.7038,12.9363,6.8135,6.378,33.007,31.3278,9.6749,12.7987,6.9704,6.4776,32.6741,31.3027,9.7536,12.8216,6.9936,6.4715,32.633,31.3171,9.7412,12.8436
DEF05,Dithmarschen,Germany,132665,132685,133560,133447,133210,6.729,6.4554,31.7906,31.4778,10.5665,12.9808,6.6111,6.3866,31.7383,31.3592,10.7518,13.153,6.5798,6.3133,31.7333,31.1021,11.0213,13.2502,6.5562,6.2587,31.6178,30.9981,11.2172,13.3521,6.5018,6.2383,31.5292,30.9864,11.3047,13.4397
DEF06,Herzogtum Lauenburg,Germany,189043,190703,195063,196074,197264,7.2946,6.826,31.8208,32.0604,9.7121,12.2861,7.2081,6.7576,31.9345,31.9775,9.7754,12.3469,7.2105,6.8204,32.0343,31.7574,9.8435,12.334,7.2605,6.8821,31.9476,31.6457,9.8963,12.3678,7.3359,6.9349,31.8076,31.5608,9.9689,12.392
DEF07,Nordfriesland,Germany,161923,162203,164926,165462,165507,6.7007,6.4784,31.7169,31.9757,10.2765,12.8518,6.5751,6.3075,31.7818,31.939,10.4092,12.9874,6.5472,6.2295,31.9865,31.6269,10.5381,13.0719,6.6051,6.1488,31.7112,31.5921,10.7028,13.2399,6.5435,6.0868,31.6416,31.5521,10.8153,13.3608
DEF08,Ostholstein,Germany,197835,198355,200813,200584,200581,6.1,5.8544,30.4223,31.4181,11.6183,14.5869,6.0205,5.7553,30.3718,31.2641,11.8353,14.7528,5.9648,5.8104,30.2436,31.0204,12.1133,14.8476,5.9222,5.7627,30.1006,30.9003,12.2612,15.053,5.9238,5.7862,29.9495,30.8339,12.3691,15.1375
DEF09,Pinneberg,Germany,301223,304087,310653,312662,314391,7.031,6.7561,32.0796,32.1911,9.6463,12.2959,7.0039,6.7185,32.1073,32.101,9.7229,12.3465,7.1334,6.7571,32.1726,31.8432,9.724,12.3698,7.1684,6.7994,32.1628,31.779,9.7316,12.3587,7.2267,6.8555,32.089,31.7216,9.735,12.3722
DEF0A,Plön,Germany,126643,126865,128703,128842,128647,6.5823,6.448,30.6168,31.4482,11.1115,13.7931,6.503,6.3067,30.5411,31.3506,11.3711,13.9274,6.5772,6.3068,30.5642,31.0125,11.504,14.0354,6.5243,6.2984,30.4606,30.8774,11.6561,14.1833,6.5404,6.3974,30.2642,30.6715,11.8028,14.3237
DEF0B,Rendsburg-Eckernförde,Germany,268075,268628,272337,273022,272775,7.1555,6.7313,31.7956,32.0104,10.039,12.2682,7.0224,6.6646,31.7804,31.8429,10.2502,12.4395,7.0317,6.641,31.7386,31.5396,10.4606,12.5884,7.006,6.6474,31.6546,31.4824,10.5687,12.6407,7.0047,6.6403,31.4406,31.4032,10.7195,12.7919
DEF0C,Schleswig-Flensburg,Germany,195135,195593,198685,199503,200025,7.1868,6.7543,31.8544,31.552,10.2918,12.3607,7.0227,6.6275,31.8478,31.4745,10.5167,12.5107,7.0881,6.6558,31.7528,31.1347,10.7336,12.6351,7.1182,6.6435,31.593,31.0837,10.8349,12.7266,7.1686,6.6437,31.3876,30.9521,10.9836,12.8644
DEF0D,Segeberg,Germany,263202,264972,272235,274025,276032,7.1417,6.6819,32.4637,32.5374,9.5033,11.672,7.0358,6.635,32.5106,32.3468,9.6267,11.845,7.12,6.6703,32.6982,31.9213,9.6619,11.9283,7.1661,6.7585,32.5635,31.7891,9.7075,12.0153,7.1905,6.7789,32.5288,31.7467,9.7376,12.0174
DEF0E,Steinburg,Germany,130017,130218,131875,131613,131347,6.7853,6.5599,32.6511,32.0466,9.7172,12.2399,6.6788,6.4315,32.6622,31.9579,9.8942,12.3754,6.7132,6.45,32.7469,31.6694,10.0125,12.408,6.6893,6.4819,32.6313,31.5713,10.1077,12.5185,6.7303,6.4379,32.5184,31.5622,10.1799,12.5713
DEF0F,Stormarn,Germany,234674,236705,241811,242472,243196,7.2373,6.9501,31.3533,31.9724,9.9973,12.4897,7.2009,6.849,31.3986,31.8933,10.0847,12.5735,7.2553,6.8926,31.4241,31.5991,10.1885,12.6405,7.2883,6.9142,31.3356,31.4634,10.2758,12.7227,7.3291,6.9635,31.204,31.378,10.3291,12.7963
DEG01,"Erfurt, Kreisfreie Stadt",Germany,204880,206219,211113,212988,213699,6.3754,6.1602,32.9437,33.257,8.8779,12.3858,6.4587,6.2773,32.8437,32.9776,9.0074,12.4353,6.6287,6.4103,32.7147,32.3969,9.2453,12.6042,6.7492,6.5638,32.6295,32.1187,9.3015,12.6373,6.8606,6.6622,32.3394,31.9454,9.4292,12.7633
DEG02,"Gera, Kreisfreie Stadt",Germany,94977,94492,94750,94859,94152,5.3855,5.2434,31.615,30.8917,10.9047,15.9597,5.5264,5.3147,31.3169,30.6185,11.1036,16.1199,5.9588,5.5472,30.7842,29.6665,11.5493,16.4939,6.1512,5.7665,30.423,29.236,11.8028,16.6205,6.2696,5.8915,29.9866,28.882,12.0879,16.8823
DEG03,"Jena, Kreisfreie Stadt",Germany,107679,108207,110321,111099,111407,6.2333,6.0179,34.5025,32.8941,8.6646,11.6875,6.3665,6.1632,34.3822,32.5857,8.712,11.7904,6.7494,6.4213,34.1585,31.7845,8.9176,11.9687,6.8578,6.4744,34.0327,31.5637,9.0397,12.0316,6.9107,6.5301,33.9234,31.3616,9.1314,12.1429
DEG04,"Suhl, Kreisfreie Stadt",Germany,35665,36208,35608,35166,34835,4.8423,4.5086,30.9435,30.8958,12.48,16.3297,4.9547,4.626,31.424,30.0873,12.5525,16.3555,5.2601,4.8332,30.0916,29.1395,13.3369,17.3388,5.3176,4.9138,29.7475,28.5503,13.6495,17.8212,5.3337,5.0036,29.4244,27.9948,13.9285,18.3149
DEG05,"Weimar, Kreisfreie Stadt",Germany,63315,63477,64355,64426,65090,6.883,6.2971,32.2767,32.6747,8.9031,12.9653,6.9505,6.4118,32.0699,32.4401,9.0946,13.0331,7.0344,6.6257,32.0923,31.8452,9.2798,13.1225,7.1012,6.6666,31.8846,31.5727,9.49,13.285,7.1716,6.7046,31.8113,31.352,9.6497,13.3108
DEG06,Eichsfeld,Germany,100951,100730,101033,100645,100380,6.8459,6.6597,34.175,31.1973,9.1599,11.9622,6.9264,6.7785,33.7367,30.9203,9.4867,12.1513,7.2056,6.9413,33.0734,30.302,9.974,12.5038,7.2592,6.9899,32.6584,30.0194,10.3403,12.7329,7.2923,7.0711,32.2305,29.741,10.6505,13.0145
DEG07,Nordhausen,Germany,85380,85055,85098,84697,83822,5.9452,5.6126,32.9726,30.8082,10.4345,14.227,6.069,5.654,32.6718,30.659,10.5943,14.3519,6.3715,5.9144,32.2699,30.0571,10.9051,14.4821,6.4595,5.9801,31.9634,29.8003,11.122,14.6747,6.515,6.0819,31.586,29.4672,11.3813,14.9686
DEG09,Unstrut-Hainich-Kreis,Germany,104245,103922,103948,103504,102912,6.4406,6.1212,33.2755,31.1315,9.5937,13.4376,6.501,6.1623,33.0594,30.9213,9.7939,13.5621,6.7553,6.409,32.5538,30.2536,10.283,13.7453,6.8732,6.5138,32.1872,29.909,10.5735,13.9434,6.937,6.5376,31.8116,29.6428,10.9239,14.147
DEG0A,Kyffhäuserkreis,Germany,77656,77148,76685,75818,75009,5.8205,5.4304,33.2621,30.7935,10.4074,14.2861,5.8576,5.4648,33.0767,30.5439,10.6237,14.4333,6.1785,5.6334,32.4601,29.8285,11.1195,14.7799,6.2742,5.6886,32.0135,29.497,11.4458,15.0809,6.2806,5.7073,31.5362,29.1912,11.8759,15.4088
DEG0B,Schmalkalden-Meiningen,Germany,125574,125056,123506,122952,122347,5.7066,5.4008,33.9569,30.9953,10.1972,13.7433,5.8342,5.5079,33.6153,30.6711,10.3985,13.9729,5.9957,5.6807,32.9919,29.9362,10.997,14.3985,6.1317,5.7811,32.5501,29.6083,11.2922,14.6366,6.2445,5.8555,32.2313,29.2349,11.5344,14.8994
DEG0C,Gotha,Germany,135155,135381,135430,135521,135452,6.2595,5.9406,33.2966,31.1124,9.9434,13.4475,6.269,6.0001,33.2691,30.8396,10.0967,13.5255,6.4454,6.1663,32.8088,30.1957,10.5161,13.8677,6.4883,6.2662,32.564,29.9275,10.7592,13.9949,6.5226,6.3211,32.3406,29.7389,10.9463,14.1305
DEG0D,Sömmerda,Germany,70833,70537,70118,70027,69655,6.4405,5.9252,34.1733,31.8707,9.1991,12.3911,6.5554,6.0266,33.7908,31.616,9.4674,12.5438,6.7657,6.1439,33.1712,30.7881,10.0573,13.0737,6.8531,6.2033,32.686,30.4083,10.4445,13.4048,6.9069,6.2781,32.1915,30.0725,10.8076,13.7434
DEG0E,Hildburghausen,Germany,65032,64673,64330,63923,63553,5.8587,5.6926,34.6906,31.4338,9.2401,13.0843,5.9499,5.701,34.3513,31.217,9.5171,13.2636,6.2304,5.9475,33.6966,30.2876,10.1383,13.6997,6.2388,5.9916,33.3558,30.0862,10.425,13.9027,6.2877,6.017,32.963,29.8334,10.7328,14.1661
DEG0F,Ilm-Kreis,Germany,108958,108899,109167,108830,108742,5.8261,5.6168,34.1131,30.5889,9.9928,13.8622,5.9523,5.7108,33.8653,30.307,10.2095,13.9551,6.1649,5.8846,33.3288,29.6298,10.6946,14.2974,6.3135,6.0241,33.0378,29.1795,10.9088,14.5364,6.4851,6.0657,32.6737,28.9833,11.0822,14.71
DEG0G,Weimarer Land,Germany,81704,81641,82316,82131,81947,6.5737,6.384,33.7352,32.1318,9.1501,12.0251,6.618,6.52,33.2811,31.8222,9.4818,12.2769,6.8917,6.8213,32.6133,30.9308,10.1426,12.6002,6.9754,6.8914,32.184,30.5962,10.4796,12.8733,7.0826,6.9411,31.7449,30.3013,10.7716,13.1585
DEG0H,Sonneberg,Germany,57252,56809,56507,56361,56196,5.5649,5.1404,32.9386,30.9055,10.4101,15.0405,5.6135,5.228,32.6075,30.4776,10.699,15.3743,5.7763,5.3215,32.1252,29.8087,11.2198,15.7485,5.7824,5.3707,31.9086,29.5115,11.5026,15.9241,5.7495,5.4346,31.73,29.3366,11.7642,15.9851
DEG0I,Saalfeld-Rudolstadt,Germany,110307,109646,108315,107368,106356,5.5554,5.2871,32.454,30.028,10.9522,15.7234,5.6381,5.3591,32.1808,29.8461,11.1796,15.7963,5.8339,5.5532,31.7029,29.0689,11.6604,16.1806,5.8649,5.6106,31.3818,28.7246,12.0008,16.4174,5.9273,5.6348,30.9762,28.4272,12.3538,16.6808
DEG0J,Saale-Holzland-Kreis,Germany,84001,83966,84525,82990,83051,6.1059,5.8928,33.4448,31.3056,10.0273,13.2237,6.2335,5.9619,33.2516,30.9697,10.2482,13.3352,6.5046,6.1639,32.7039,30.2183,10.7282,13.6812,6.4381,6.155,32.1497,29.8711,11.2013,14.1848,6.5321,6.26,31.813,29.5469,11.4556,14.3924
DEG0K,Saale-Orla-Kreis,Germany,83654,82887,82362,81501,80868,5.9208,5.7021,33.2345,30.815,10.0617,14.2659,5.9599,5.7572,33.016,30.5959,10.2827,14.3883,6.276,5.8644,32.4591,29.8596,10.7574,14.7835,6.3521,5.9226,32.1272,29.5322,11.0612,15.0047,6.4018,5.9591,31.8123,29.1487,11.3963,15.2817
DEG0L,Greiz,Germany,102167,101382,99717,99275,98159,5.6408,5.2453,32.5467,30.3268,10.9233,15.3171,5.6933,5.355,32.3263,30.0132,11.1341,15.4781,5.9157,5.4845,31.4981,29.1695,11.8325,16.0996,5.9935,5.5754,31.0481,28.8612,12.2166,16.3052,6.0738,5.6317,30.5983,28.517,12.5602,16.619
DEG0M,Altenburger Land,Germany,93605,92705,91607,90650,90118,5.3298,5.1717,31.9908,29.8157,11.5998,16.0921,5.3115,5.2662,31.8634,29.527,11.7933,16.2386,5.5138,5.4767,31.1417,28.7587,12.3779,16.7313,5.6293,5.5609,30.5549,28.3376,12.791,17.1263,5.7724,5.6792,30.1427,28.0665,13.0629,17.2762
DEG0N,"Eisenach, Kreisfreie Stadt",Germany,41567,41884,42588,42710,42370,6.3175,5.6968,31.8161,30.8297,10.2678,15.0721,6.3962,5.8089,31.8403,30.4173,10.3214,15.2158,6.6169,5.8045,32.1241,29.9169,10.4959,15.0418,6.7151,5.8886,32.0581,29.7003,10.5362,15.1018,6.8256,6.0137,31.7796,29.502,10.6608,15.2183
DEG0P,Wartburgkreis,Germany,126283,125835,124729,123764,123025,6.1228,5.7355,33.9713,31.1649,9.8461,13.1593,6.3043,5.868,33.5916,30.8944,10.0624,13.2793,6.454,6.0339,32.9562,30.183,10.5998,13.7731,6.5479,6.1036,32.5442,29.911,10.9426,13.9507,6.632,6.1028,32.1699,29.6948,11.2083,14.1922
DK011,Byen København,Denmark,728243,739977,764816,775033,784618,7.9905,7.6174,36.0759,36.3839,5.028,6.9044,7.987,7.6331,36.076,36.4002,5.0449,6.8589,7.9814,7.5873,36.0315,36.5126,5.1079,6.7793,7.9714,7.5705,36.0061,36.5752,5.1271,6.7496,7.9687,7.5639,35.9955,36.567,5.1544,6.7505
DK012,Københavns omegn,Denmark,530612,535355,542601,546059,547534,9.5237,8.9276,31.6406,31.8885,7.7068,10.3128,9.4941,8.9027,31.6547,31.8187,7.7722,10.3576,9.3994,8.8365,31.7773,31.7182,7.8686,10.4001,9.3997,8.8232,31.7654,31.661,7.9156,10.435,9.3501,8.825,31.7138,31.6214,7.9884,10.5013
DK013,Nordsjælland,Denmark,450245,452874,460214,461852,463748,9.4218,9.0193,29.9697,30.6011,9.5261,11.462,9.2942,8.832,29.9478,30.4829,9.7296,11.7134,9.033,8.5856,30.0193,30.3233,9.9953,12.0435,8.9329,8.5118,29.9033,30.2616,10.16,12.2303,8.8279,8.4272,29.9413,30.1379,10.2605,12.4052
DK014,Bornholm,Denmark,40305,39919,39773,39715,39662,7.1381,6.8527,30.2742,29.9739,11.9935,13.7675,7.0317,6.7311,30.0108,29.63,12.4677,14.1286,6.8464,6.6,29.4974,29.1806,13.1773,14.6984,6.9294,6.5819,29.0898,28.9236,13.4987,14.9767,7.0143,6.4848,28.7202,28.7958,13.784,15.2009
DK021,Østsjælland,Denmark,239016,241870,246594,247774,249359,9.378,9.0027,31.254,31.4711,8.7044,10.1897,9.2095,8.8519,31.3363,31.3334,8.8291,10.4399,9.134,8.6981,31.2939,31.0802,9.0456,10.748,9.0566,8.6773,31.1966,31.0214,9.145,10.9031,9.0039,8.5916,31.1876,30.9658,9.2337,11.0174
DK022,Vest- og Sydsjælland,Denmark,577710,578610,585959,587250,587379,8.4475,7.9353,31.4012,30.8612,9.8866,11.4682,8.2869,7.7773,31.3672,30.6673,10.1623,11.739,8.0973,7.5758,31.3355,30.3634,10.5571,12.071,8.0152,7.5125,31.2167,30.1992,10.7792,12.2772,7.9024,7.4284,31.1169,30.0785,11.0012,12.4725
DK031,Fyn,Denmark,486709,488578,494049,496243,498481,8.5061,8.1038,32.1424,31.519,8.9682,10.7604,8.3796,7.9516,32.1056,31.4615,9.1852,10.9164,8.2243,7.7749,32.0001,31.3372,9.5153,11.1483,8.1533,7.7017,31.9599,31.2343,9.6785,11.2723,8.0984,7.6017,31.9208,31.1478,9.8285,11.4028
DK032,Sydjylland,Denmark,715800,717150,723175,724520,724867,8.9827,8.635,32.0736,30.9504,8.9503,10.4081,8.8544,8.4984,32.0552,30.8254,9.1706,10.5961,8.6984,8.3386,31.9386,30.6194,9.5126,10.8922,8.6147,8.2695,31.8356,30.5274,9.6892,11.0637,8.5493,8.1765,31.6991,30.4246,9.8919,11.2586
DK041,Vestjylland,Denmark,425769,425720,429169,430232,430111,9.3088,8.91,32.2353,30.6521,8.7947,10.0991,9.1645,8.7607,32.1542,30.5551,9.0569,10.3087,8.9799,8.5547,31.9956,30.3069,9.5212,10.6417,8.8961,8.4817,31.883,30.1807,9.7361,10.8223,8.7828,8.3846,31.7802,30.0025,9.9765,11.0734
DK042,Østjylland,Denmark,851769,857030,875084,883364,890567,8.9617,8.5996,33.1689,32.6596,7.6058,9.0044,8.875,8.5135,33.0916,32.5332,7.8103,9.1765,8.7514,8.3601,33.0115,32.3524,8.0976,9.427,8.6915,8.306,32.9269,32.2865,8.2447,9.5444,8.6308,8.2396,32.835,32.268,8.3728,9.6538
DK050,Nordjylland,Denmark,581057,582632,587335,589148,589755,8.4761,8.0032,32.7488,31.1009,9.1359,10.5351,8.3646,7.904,32.6698,30.9914,9.3618,10.7083,8.2321,7.7828,32.5537,30.7145,9.7118,11.0051,8.1587,7.7325,32.4713,30.5733,9.8972,11.167,8.1088,7.6944,32.3156,30.4811,10.0845,11.3155
EE001,Põhja-Eesti,Estonia,572103,575554,583028,590981,598772,8.5212,8.1001,32.1856,34.886,5.4724,10.8346,8.6412,8.2128,31.9862,34.5354,5.5944,11.0299,8.9186,8.4896,31.3352,33.9711,5.8383,11.4471,8.9749,8.5003,31.3898,33.7026,5.9049,11.5274,9.0018,8.5148,31.5207,33.4563,5.9634,11.5431
EE004,Lääne-Eesti,Estonia,147497,146759,149658,149020,149082,7.6557,7.3893,32.4488,31.4989,7.1947,13.8125,7.667,7.3917,32.3088,31.1933,7.374,14.0652,7.612,7.2853,32.913,30.8216,7.4717,13.8964,7.6708,7.3413,32.807,30.5134,7.6298,14.0377,7.7608,7.4214,32.5693,30.3444,7.7769,14.1271
EE008,Lõuna-Eesti,Estonia,324022,321716,317454,317115,317539,8.0877,7.5649,32.783,32.2466,6.6073,12.7106,8.141,7.6471,32.6241,31.9477,6.7836,12.8564,8.314,7.7756,32.399,31.2962,7.0703,13.1449,8.3556,7.8041,32.398,31.078,7.1643,13.1999,8.4201,7.9017,32.3623,30.8611,7.246,13.2088
EE009,Kesk-Eesti,Estonia,126391,125222,124984,123751,123009,8.0678,7.605,32.9035,31.4556,6.8288,13.1394,8.0793,7.5993,32.7914,31.0576,7.0435,13.429,7.9082,7.5074,33.6067,30.3007,7.1961,13.4809,8.0363,7.5999,33.3395,29.9335,7.3721,13.7187,8.1571,7.6856,33.1821,29.5791,7.5474,13.8486
EE00A,Kirde-Eesti,Estonia,145806,144020,140511,138266,136418,7.1815,6.6856,32.3519,33.43,6.2172,14.1338,7.215,6.7178,32.0608,32.9086,6.479,14.6188,7.1119,6.7482,31.6893,31.8907,7.0357,15.5241,7.0668,6.664,31.5435,31.2976,7.4371,15.9909,7.0211,6.6054,31.347,30.7643,7.7607,16.5015
EL301,Βόρειος Τομέας Αθηνών,Greece,612664,611321,607567,606203,604158,7.5381,7.1516,30.9522,34.8906,8.4454,11.0222,7.5666,7.1517,30.6785,34.6931,8.6239,11.2862,7.5695,7.1717,30.2163,34.2094,8.9822,11.8509,7.5605,7.171,30.1326,33.9319,9.1182,12.0857,7.5073,7.1268,30.0589,33.6791,9.2852,12.3428
EL302,Δυτικός Τομέας Αθηνών,Greece,491954,485820,483619,482269,481626,7.3964,7.0624,33.596,34.8823,7.3287,9.734,7.2965,6.9937,33.2461,34.9393,7.5339,9.9905,7.3049,6.9565,33.0243,34.6436,7.8057,10.2649,7.265,6.9034,32.9673,34.5284,7.9437,10.3921,7.1977,6.7964,33.0651,34.3277,8.0745,10.5387
EL303,Κεντρικός Τομέας Αθηνών,Greece,1019277,1005342,986760,989377,997050,5.8873,5.6928,33.1387,35.3022,7.9058,12.0733,5.7935,5.5832,32.8219,35.2901,8.1313,12.3802,5.6876,5.4588,32.75,34.8068,8.5598,12.7369,5.7361,5.4746,32.7892,34.5931,8.6221,12.7849,5.7439,5.4578,33.1104,34.2442,8.6646,12.7791
EL304,Νότιος Τομέας Αθηνών,Greece,544553,542007,543092,540605,537298,7.036,6.6655,31.6605,35.3613,8.1634,11.1133,6.9809,6.63,31.4107,35.242,8.3624,11.374,7.0307,6.6972,31.2435,34.6584,8.6363,11.7339,6.9938,6.6701,31.1579,34.4545,8.7811,11.9425,6.912,6.5889,31.0859,34.2702,8.9422,12.2009
EL305,Ανατολική Αττική,Greece,527840,526821,527352,525233,522092,8.5467,8.1659,33.8186,33.201,7.6552,8.6126,8.4911,8.1348,33.4888,33.12,7.8788,8.8865,8.428,8.0747,33.0278,32.8481,8.2423,9.3791,8.331,7.9658,32.8302,32.7759,8.4561,9.6411,8.1855,7.8433,32.6125,32.6944,8.7136,9.9507
EL306,Δυτική Αττική,Greece,168392,167793,167033,166041,164587,9.1067,8.6447,35.8847,32.2076,6.2034,7.9529,9.0463,8.5623,35.7131,32.164,6.3811,8.1332,8.9994,8.5175,35.3343,31.9763,6.6987,8.4738,8.9544,8.4437,35.1299,31.9674,6.8694,8.6352,8.8488,8.3178,34.8776,31.9934,7.1044,8.8579
EL307,"Πειραιάς, Νήσοι",Greece,535530,532446,527713,525752,523089,7.0175,6.6725,33.0891,33.7895,8.2694,11.162,6.9874,6.6296,32.8236,33.7202,8.441,11.3982,6.9894,6.5987,32.476,33.4881,8.7568,11.691,6.9386,6.5904,32.406,33.3425,8.8907,11.8318,6.8875,6.5335,32.3335,33.2393,9.0344,11.9718
EL411,"Λέσβος, Λήμνος",Greece,98834,97085,97841,98261,101488,7.2526,6.9794,31.3597,30.3418,10.3234,13.7432,7.067,6.8229,31.1026,30.4218,10.5588,14.0269,7.1361,6.8478,31.3478,30.107,10.6182,13.943,7.1371,6.8776,31.3532,30.0903,10.6502,13.8916,7.6551,7.3388,31.4983,29.6863,10.3638,13.4577
EL412,"Ικαρία, Σάμος",Greece,41573,40889,40874,42533,43502,6.598,6.2444,32.5836,30.1373,10.9181,13.5184,6.4027,6.1263,32.1138,30.1939,11.3527,13.8106,6.432,6.0063,31.7879,30.0851,11.7116,13.9771,6.743,6.2516,32.1421,30.0731,11.3582,13.4319,7.0158,6.5537,32.2422,29.7871,11.2087,13.1925
EL413,Χίος,Greece,51857,51233,50569,51904,52614,7.0444,6.8747,32.6938,31.2687,9.8135,12.305,6.9447,6.6969,32.3346,31.3138,10.1243,12.5856,6.9153,6.4644,32.0176,31.375,10.4333,12.7944,7.2557,6.6565,32.0996,31.2095,10.2208,12.5578,7.4847,6.8689,32.0485,30.8986,10.2083,12.491
EL421,"Κάλυμνος, Κάρπαθος – Ηρωική Νήσος Κάσος, Κως, Ρόδος",Greece,203918,202967,204006,205077,206682,8.4529,8.6044,34.072,33.5198,7.174,8.1768,8.3309,8.4063,33.7695,33.4074,7.5175,8.5684,8.3125,8.1694,33.3721,32.9608,8.0787,9.1066,8.3359,8.0935,33.21,32.8052,8.2715,9.2838,8.3012,7.9567,33.2424,32.6395,8.4473,9.413
EL422,"Άνδρος, Θήρα, Κέα, Μήλος, Μύκονος, Νάξος, Πάρος, Σύρος, Τήνος",Greece,125897,125326,124312,123816,123292,8.2035,7.978,32.475,32.7101,8.8779,9.7556,8.1882,7.8539,32.3604,32.6852,9.0045,9.9078,8.1778,7.7137,32.1811,32.4731,9.2187,10.2355,8.1492,7.6848,32.1582,32.2923,9.3114,10.4041,8.1141,7.6477,32.131,32.1335,9.4451,10.5287
EL431,Ηράκλειο,Greece,307901,307544,306727,306674,306980,8.7502,8.3277,32.3341,32.8479,7.9376,9.8025,8.7061,8.2671,32.1564,32.7901,8.0912,9.9891,8.5783,8.1783,31.8707,32.6681,8.412,10.2925,8.5361,8.1236,31.8579,32.5877,8.5058,10.3889,8.4764,8.0344,31.8913,32.4839,8.6182,10.4958
EL432,Λασίθι,Greece,76974,77289,77647,77754,77882,7.4545,7.2895,31.56,30.3739,10.3866,12.9355,7.3904,7.1938,31.4391,30.2359,10.594,13.1468,7.2405,7.1001,31.3251,29.9496,11.0333,13.3514,7.2163,7.0517,31.3219,29.7824,11.247,13.3807,7.1595,6.9772,31.2999,29.668,11.4186,13.4768
EL433,Ρέθυμνο,Greece,85929,85781,85509,85279,85018,8.8748,8.6641,32.3313,33.1099,7.576,9.4438,8.84,8.6266,32.2356,33.0318,7.673,9.593,8.8038,8.4658,32.151,32.8878,7.8553,9.8364,8.7982,8.3584,32.2084,32.8322,7.8871,9.9157,8.7076,8.2724,32.3214,32.866,7.9336,9.8991
EL434,Χανιά,Greece,157573,157564,157479,157320,157239,8.4475,7.9595,33.0755,32.4116,8.1835,9.9224,8.394,7.8971,32.9155,32.3761,8.3147,10.1026,8.2716,7.855,32.7028,32.2653,8.5376,10.3677,8.2285,7.8083,32.636,32.2356,8.6194,10.4723,8.1748,7.7538,32.5485,32.193,8.7402,10.5896
EL511,Έβρος,Greece,143783,142411,139649,138225,136788,7.6108,6.9195,32.1199,29.7128,10.3037,13.3333,7.5612,6.8731,31.921,29.7414,10.4051,13.4983,7.5382,6.8472,31.446,29.7159,10.6696,13.7831,7.5232,6.8634,31.2425,29.7059,10.8186,13.8463,7.4838,6.8076,31.0049,29.7044,11.0287,13.9705
EL512,Ξάνθη,Greece,112086,111825,111130,110707,110177,9.3553,8.7192,33.2093,32.5884,6.992,9.1358,9.235,8.5965,33.0964,32.5696,7.1469,9.3557,8.9625,8.3398,32.9236,32.5232,7.5002,9.7507,8.8097,8.2578,32.9094,32.5128,7.6526,9.8576,8.6524,8.1278,32.9243,32.5594,7.8038,9.9322
EL513,Ροδόπη,Greece,110289,109298,107580,106581,105696,7.4123,6.8266,32.2027,32.7966,9.1034,11.6585,7.3396,6.7732,32.1259,32.6877,9.2225,11.8511,7.1212,6.5207,32.0515,32.4605,9.4822,12.3638,6.9806,6.3604,32.0367,32.4138,9.6293,12.5792,6.8612,6.2434,31.9842,32.3437,9.8007,12.7668
EL514,Δράμα,Greece,94968,93818,91514,90584,89808,7.1656,6.7223,30.5155,30.5124,10.5109,14.5733,7.0146,6.6395,30.411,30.5059,10.6366,14.7925,6.8897,6.505,30.1539,30.4642,10.9939,14.9933,6.8423,6.478,30.1444,30.4093,11.0649,15.0612,6.78,6.3892,30.1733,30.328,11.1638,15.1657
EL515,"Θάσος, Καβάλα",Greece,136693,135703,133624,132890,132271,7.2791,6.8723,31.2035,31.0235,10.111,13.5106,7.2018,6.809,31.0362,30.9426,10.2223,13.7882,7.0818,6.778,30.7071,30.7078,10.4787,14.2467,7.0555,6.7507,30.6449,30.6125,10.602,14.3344,6.963,6.6832,30.7165,30.5607,10.6932,14.3833
EL521,Ημαθία,Greece,140206,138974,136859,135934,135249,8.0952,7.6808,30.6777,30.8774,10.1672,12.5016,7.9893,7.5575,30.5546,30.8446,10.289,12.765,7.8526,7.3609,30.3451,30.6271,10.5905,13.2238,7.7538,7.2535,30.339,30.5236,10.7251,13.405,7.6089,7.1039,30.466,30.3551,10.843,13.623
EL522,Θεσσαλονίκη,Greece,1122381,1116258,1108207,1106397,1105875,7.6509,7.388,32.1522,34.7761,7.7134,10.3194,7.5879,7.3135,32.0187,34.7007,7.8404,10.5389,7.4813,7.18,31.8219,34.4611,8.1204,10.9354,7.4279,7.1038,31.8072,34.3289,8.247,11.0852,7.357,7.0179,31.8807,34.1599,8.3592,11.2253
EL523,Κιλκίς,Greece,78751,77587,76052,75050,74172,7.172,6.8685,30.7475,28.6879,11.5465,14.9776,7.0669,6.7821,30.7861,28.7729,11.431,15.161,7.0518,6.8269,30.8013,28.683,11.3869,15.2501,6.974,6.7848,30.8075,28.7488,11.3991,15.2858,6.9191,6.7168,30.7946,28.7858,11.4234,15.3602
EL524,Πέλλα,Greece,138088,136741,134274,132940,131676,7.5177,7.291,31.149,30.5964,10.3811,13.0649,7.4257,7.1317,31.1523,30.6784,10.416,13.1957,7.2926,6.982,31.0202,30.5875,10.6015,13.5164,7.2424,6.8971,31.0283,30.5559,10.6808,13.5956,7.163,6.7788,31.036,30.5424,10.7939,13.6859
EL525,Πιερία,Greece,127551,126852,125164,124413,123607,8.0446,7.6518,31.2173,31.2526,9.724,12.1097,7.9187,7.4985,31.1994,31.2372,9.8264,12.3199,7.7019,7.2569,31.1407,31.1088,10.0652,12.7265,7.5997,7.1681,31.143,31.0265,10.1822,12.8805,7.4874,7.0748,31.1398,30.9335,10.2777,13.0866
EL526,Σέρρες,Greece,171172,168310,162516,160395,158403,6.3731,6.067,29.4896,29.6439,12.3472,16.0791,6.2765,5.9622,29.3946,29.5853,12.4532,16.3282,6.1139,5.8665,29.21,29.3159,12.672,16.8217,6.0613,5.7932,29.2048,29.1586,12.8314,16.9507,5.9841,5.7183,29.3101,29.0165,12.9227,17.0483
EL527,Χαλκιδική,Greece,108130,107680,106767,106311,105806,7.8896,7.5021,32.4924,30.6464,10.0684,11.4011,7.8158,7.4313,32.4712,30.6036,10.0854,11.5927,7.669,7.3141,32.3986,30.4289,10.2878,11.9016,7.6154,7.2749,32.4021,30.3026,10.3658,12.0392,7.4722,7.183,32.4745,30.2431,10.4625,12.1647
EL531,"Γρεβενά, Κοζάνη",Greece,177744,176114,172632,171086,169493,7.3235,6.9797,32.3116,30.823,10.1264,12.4359,7.2141,6.8609,32.2609,30.8266,10.2241,12.6134,6.9524,6.6616,32.1117,30.7353,10.5467,12.9924,6.8258,6.5961,32.0622,30.6448,10.7221,13.1489,6.7047,6.5071,32.0155,30.5588,10.9273,13.2867
EL532,Καστοριά,Greece,49508,49123,48275,47826,47445,6.9423,6.3242,32.5584,32.2291,10.0246,11.9213,6.8481,6.2028,32.4939,32.1438,10.205,12.1063,6.6908,6.1191,32.2444,31.8426,10.6121,12.4909,6.6324,6.072,32.0955,31.6209,10.9083,12.6709,6.5107,5.9437,31.938,31.3942,11.2509,12.9624
EL533,Φλώρινα,Greece,49889,49300,48093,47485,46860,7.8615,7.5949,31.8587,31.4839,9.3568,11.8443,7.7383,7.4422,31.931,31.5051,9.4442,11.9391,7.4793,7.1383,32.0234,31.5514,9.6896,12.1182,7.3413,6.9538,32.0691,31.5363,9.8368,12.2628,7.1703,6.6901,32.1041,31.5664,10.0534,12.4157
EL541,"Άρτα, Πρέβεζα",Greece,125833,124802,122727,121838,120981,7.0562,6.2686,30.6231,29.2682,11.7187,15.0652,6.9502,6.1594,30.4554,29.0829,11.9597,15.3924,6.8143,6.0956,30.1164,28.6253,12.4145,15.9337,6.7647,6.0589,30.0071,28.4517,12.6077,16.1099,6.692,6.02,29.9039,28.2425,12.8582,16.2835
EL542,Θεσπρωτία,Greece,43781,43550,42858,42515,42116,7.019,6.4571,31.2167,30.214,11.4136,13.6794,6.8726,6.4386,31.0402,30.023,11.6946,13.9311,6.7059,6.3792,30.6104,29.6257,12.3058,14.373,6.6471,6.3507,30.354,29.3708,12.6544,14.6231,6.5628,6.2779,30.1216,29.1766,13.0117,14.8495
EL543,Ιωάννινα,Greece,167266,165559,162628,162095,161835,6.8496,6.5315,31.3088,32.6845,10.3428,12.2828,6.8211,6.5324,31.1297,32.5382,10.4947,12.4838,6.7897,6.4694,30.7715,32.1537,10.8739,12.9418,6.8182,6.4536,30.7258,31.9442,10.9892,13.0689,6.81,6.4417,30.7956,31.6254,11.0885,13.2388
EL611,"Καρδίτσα, Τρίκαλα",Greece,243431,241563,237991,235853,234011,6.8081,6.5238,30.628,29.4042,11.8871,14.7487,6.7705,6.4339,30.5531,29.3571,12.0147,14.8707,6.7066,6.3385,30.3835,29.1788,12.3227,15.0699,6.644,6.253,30.3303,29.1228,12.4832,15.1667,6.5886,6.1655,30.2157,29.0465,12.6891,15.2946
EL612,Λάρισα,Greece,284036,281696,277556,276110,274852,8.1127,7.6508,31.5245,31.8326,9.4238,11.4556,8.0314,7.6107,31.3888,31.7417,9.5678,11.6597,7.9544,7.5297,31.1296,31.4967,9.8611,12.0286,7.9251,7.4735,31.0601,31.3614,9.9823,12.1977,7.8668,7.3818,31.0916,31.2455,10.092,12.3223
EL613,"Μαγνησία, Σποράδες",Greece,203407,201983,199168,197631,196083,7.4457,7.1851,32.1302,32.3278,9.0872,11.8241,7.3991,7.1442,31.9864,32.221,9.2231,12.0263,7.2602,6.9986,31.7184,32.0252,9.5924,12.4051,7.1613,6.9104,31.6474,31.9859,9.7454,12.5497,7.0312,6.8134,31.5611,31.9038,9.9448,12.7456
EL621,Ζάκυνθος,Greece,41119,41221,41278,41318,41395,8.1276,7.6947,33.0528,32.4667,8.4754,10.1826,8.0566,7.6539,32.9031,32.4082,8.6267,10.3515,8.0915,7.6239,32.6615,32.2472,8.9079,10.468,8.1417,7.6069,32.5355,32.2353,8.9719,10.5087,8.1749,7.542,32.4459,32.1923,9.047,10.5979
EL622,Κέρκυρα,Greece,105192,105048,104446,103979,103585,7.1184,6.587,31.7752,32.281,9.6756,12.5627,7.131,6.5789,31.5142,32.1034,9.9021,12.7704,7.1865,6.5479,31.1012,31.8251,10.3364,13.0029,7.1447,6.5475,31.0515,31.7449,10.4973,13.0142,7.1043,6.5425,30.961,31.6851,10.6676,13.0395
EL623,"Ιθάκη, Κεφαλληνία",Greece,39311,39352,39286,39182,39150,7.4279,7.1761,31.7875,31.0193,10.3432,12.2459,7.4253,7.1127,31.6629,31.02,10.4086,12.3704,7.453,6.9516,31.4158,31.0441,10.6145,12.521,7.4601,6.9394,31.3715,30.9606,10.7677,12.5006,7.4432,6.8429,31.2005,30.9246,10.9987,12.59
EL624,Λευκάδα,Greece,23945,23910,23743,23604,23438,7.2708,6.7363,31.7686,29.8517,10.4907,13.8818,7.2773,6.7754,31.4973,29.8996,10.5353,14.0151,7.3032,6.9115,31.0997,29.8993,10.7611,14.0252,7.3971,6.9522,30.9736,29.8721,10.9388,13.8663,7.4238,6.9119,30.9327,29.9684,11.0675,13.6957
EL631,Αιτωλοακαρνανία,Greece,209025,207262,203382,201257,199324,7.7608,7.2154,32.2875,29.7921,9.5878,13.3563,7.6324,7.1151,32.1964,29.6832,9.7649,13.6079,7.4879,6.9751,32.0127,29.423,10.1789,13.9226,7.3801,6.8957,31.9954,29.3595,10.3932,13.9762,7.2836,6.7689,31.9505,29.3106,10.6063,14.0801
EL632,Αχαΐα,Greece,313231,312521,310647,309720,308657,7.9073,7.4118,32.7535,33.3093,8.2195,10.3987,7.8932,7.3781,32.5412,33.1827,8.3719,10.6329,7.7532,7.2288,32.3119,33.0034,8.7063,10.9964,7.6685,7.1239,32.2934,32.9165,8.8564,11.1414,7.5654,7.0224,32.2951,32.8196,9.0262,11.2714
EL633,Ηλεία,Greece,157768,156645,154486,153604,152849,7.1136,6.6332,33.3743,30.1113,10.2809,12.4867,6.998,6.5237,33.4099,29.962,10.4485,12.6579,6.7903,6.4012,33.5092,29.5392,10.8379,12.9222,6.7264,6.3599,33.5766,29.3,11.0551,12.9821,6.6418,6.2774,33.6947,29.0816,11.2608,13.0436
EL641,Βοιωτία,Greece,116395,115018,112547,111441,110484,7.5691,7.1283,34.0479,30.4266,9.1482,11.6801,7.5171,7.0259,33.793,30.357,9.2733,12.0338,7.4858,6.9295,33.4491,30.1536,9.4938,12.4881,7.5304,6.9229,33.3549,30.05,9.5405,12.6013,7.4898,6.8815,33.3723,29.9464,9.6838,12.6263
EL642,Εύβοια,Greece,214808,213895,212544,212538,212691,7.3987,7.212,32.6496,31.0901,9.8413,11.8082,7.319,7.1007,32.4542,31.0886,10.0143,12.0232,7.223,6.9604,32.1204,30.9367,10.2929,12.4666,7.2603,6.9286,32.0056,30.8171,10.4245,12.5639,7.2518,6.8151,32.0051,30.7122,10.5505,12.6653
EL643,Ευρυτανία,Greece,19362,19025,18405,18088,17814,5.8155,5.5521,30.7045,27.0117,13.8467,17.0695,5.7398,5.4455,30.6702,27.138,13.9816,17.025,5.6235,5.1834,30.6221,27.2589,14.2624,17.0497,5.5562,5.0531,30.6557,27.1782,14.5124,17.0444,5.4171,5.0185,30.5322,26.9844,14.8759,17.1719
EL644,Φθιώτιδα,Greece,156567,154336,149967,147744,145578,7.1267,6.8488,31.2735,30.1277,10.8356,13.7877,7.0359,6.7398,31.2157,30.1109,10.886,14.0116,6.8902,6.5834,31.1195,29.9966,11.0418,14.3685,6.7752,6.4795,31.1316,29.9146,11.1727,14.5265,6.6693,6.3547,31.1228,29.8617,11.3589,14.6327
EL645,Φωκίδα,Greece,39772,39346,38475,37978,37451,6.047,5.8408,31.6605,29.4277,12.2448,14.7792,5.9701,5.66,31.6957,29.4592,12.2859,14.9291,5.8298,5.3931,31.5556,29.2502,12.6524,15.319,5.7507,5.2978,31.4287,28.9562,12.9549,15.6117,5.618,5.2522,31.3049,28.6588,13.2306,15.9355
EL651,"Αργολίδα, Αρκαδία",Greece,183607,182189,179117,177535,176001,6.9976,6.7274,32.0195,30.3714,10.9043,12.9799,6.9587,6.6755,31.8642,30.2955,11.0462,13.16,6.8961,6.5466,31.6028,30.1055,11.3283,13.5208,6.8685,6.4838,31.4806,30.0346,11.5239,13.6086,6.813,6.3721,31.3635,29.9379,11.7005,13.813
EL652,Κορινθία,Greece,146636,145995,144282,143239,142002,7.6496,7.2342,31.7555,31.6791,9.9648,11.7168,7.5859,7.1544,31.5785,31.5319,10.1688,11.9805,7.4722,7.0175,31.2471,31.1536,10.5945,12.5151,7.4247,6.9262,31.141,30.9818,10.7959,12.7305,7.3478,6.8365,31.0721,30.8334,10.9703,12.94
EL653,"Λακωνία, Μεσσηνία",Greece,247897,245903,241558,239145,236993,6.8726,6.5507,32.0436,30.2117,11.1974,13.124,6.8124,6.479,31.9402,30.1399,11.3463,13.2821,6.6833,6.3604,31.8048,29.9969,11.656,13.4986,6.6056,6.3146,31.7908,29.8944,11.8083,13.5863,6.4947,6.215,31.7701,29.7878,11.9944,13.738
ES111,A Coruña,Spain,1132596,1127596,1120302,1120074,1120432,6.2452,5.8716,32.2482,32.7649,9.6174,13.2527,6.2816,5.8769,31.988,32.5414,9.8302,13.4819,6.284,5.9012,31.6287,32.2292,10.1146,13.8423,6.2868,5.9043,31.421,32.0764,10.2932,14.0183,6.2511,5.866,31.3132,31.9933,10.4125,14.164
ES112,Lugo,Spain,341495,338430,333152,331128,329070,4.9831,4.7532,31.3243,30.5398,12.2482,16.1513,5.0087,4.7966,31.1515,30.4231,12.3831,16.237,5.083,4.8629,30.876,30.3561,12.5564,16.2655,5.1065,4.944,30.7494,30.2614,12.6531,16.2855,5.1241,4.9689,30.5677,30.1878,12.7714,16.3801
ES113,Ourense,Spain,321472,318288,311385,309290,307764,5.0045,4.7027,30.3187,29.9675,12.9476,17.059,5.0282,4.7262,30.085,29.7781,13.112,17.2705,5.0847,4.7652,29.7044,29.5178,13.3786,17.5493,5.113,4.7771,29.5147,29.4057,13.4993,17.6902,5.0441,4.7527,29.4339,29.4021,13.5779,17.7893
ES114,Pontevedra,Spain,950254,948487,944116,942556,942944,6.9087,6.3781,33.1217,33.1737,8.5174,11.9005,6.8807,6.3558,32.8756,32.9475,8.7684,12.1719,6.7677,6.2856,32.5683,32.6843,9.1528,12.5413,6.7319,6.2502,32.3534,32.5638,9.3537,12.7469,6.6372,6.1621,32.2418,32.4939,9.5288,12.9363
ES120,Asturias,Spain,1058560,1049328,1033550,1027091,1021469,5.6485,5.3387,32.546,32.9185,9.6933,13.855,5.6582,5.3612,32.2748,32.6706,9.9097,14.1255,5.6503,5.3617,31.8487,32.3463,10.2942,14.4988,5.6525,5.3439,31.6093,32.1391,10.5241,14.7311,5.6187,5.3023,31.4041,31.9549,10.7443,14.9758
ES130,Cantabria,Spain,587491,585184,581421,581533,581989,7.0326,6.594,33.4858,33.0402,8.3535,11.494,7.0335,6.5978,33.2424,32.8668,8.553,11.7066,6.9641,6.5591,32.8153,32.6196,8.9477,12.0942,6.9133,6.5248,32.6,32.5135,9.1496,12.2987,6.8197,6.4534,32.4632,32.4443,9.3105,12.509
ES211,Araba/Álava,Spain,320451,321541,325250,327763,330104,7.486,7.0195,33.4775,32.8715,8.5405,10.6051,7.6043,7.1014,33.0365,32.6114,8.7743,10.872,7.7138,7.208,32.6014,32.2469,9.0204,11.2095,7.719,7.2491,32.3731,32.0997,9.1703,11.3887,7.6591,7.1732,32.3225,31.9793,9.3013,11.5645
ES212,Gipuzkoa,Spain,708675,709766,713130,715749,719613,7.5221,7.1412,32.5526,31.9977,8.797,11.9894,7.5428,7.168,32.3238,31.7839,8.9887,12.1929,7.5117,7.1709,32.0003,31.5421,9.2733,12.5016,7.4687,7.101,31.8964,31.4735,9.4194,12.6412,7.3617,6.9826,31.9088,31.447,9.5497,12.75
ES213,Bizkaia,Spain,1143121,1141400,1141564,1143742,1147589,6.9239,6.565,32.4824,32.642,8.8775,12.5092,6.9542,6.5892,32.2441,32.4264,9.0624,12.7238,6.928,6.5756,32.0072,32.18,9.3079,13.0012,6.8833,6.5197,31.9276,32.082,9.4464,13.1411,6.7685,6.4242,31.9393,32.0461,9.5593,13.2625
ES220,Navarra,Spain,637099,637317,642075,646340,652797,8.0659,7.6321,33.4669,32.1474,8.1463,10.5414,8.0742,7.6604,33.2447,32.0177,8.321,10.6821,8.0492,7.6271,33.0181,31.9294,8.5239,10.8522,8.0272,7.6053,32.9003,31.9157,8.6114,10.9401,7.9453,7.5288,32.8948,31.9894,8.6685,10.9731
ES230,La Rioja,Spain,315736,314457,314136,314890,315967,7.6732,7.2269,33.3079,32.2209,8.5917,10.9794,7.6344,7.2226,33.042,32.1427,8.7824,11.1758,7.5837,7.1479,32.7511,32.0377,9.0636,11.4161,7.5518,7.0961,32.6527,31.9616,9.2038,11.5339,7.4748,6.9982,32.5721,32.0071,9.3111,11.6367
ES241,Huesca,Spain,223702,222677,220749,220653,220996,6.9396,6.6723,33.8781,30.677,9.8707,11.9623,6.9253,6.6805,33.7318,30.6457,9.9642,12.0524,6.9214,6.6238,33.6337,30.7055,10.0145,12.1011,6.9453,6.6262,33.5119,30.6712,10.0765,12.1689,6.9599,6.6146,33.4056,30.6499,10.15,12.2201
ES242,Teruel,Spain,139470,137871,135324,134449,134025,6.6193,6.3318,33.5198,29.8308,10.8618,12.8365,6.6417,6.3356,33.3058,29.8808,10.9349,12.9012,6.5642,6.3315,33.1626,29.9902,10.9914,12.96,6.5839,6.3489,33.0571,29.9995,11.0183,12.9923,6.6122,6.3167,33.0185,30.016,11.0599,12.9767
ES243,Zaragoza,Spain,967541,965052,959338,958391,965673,7.492,7.0107,33.2684,32.3163,8.4848,11.4279,7.5049,7.0269,33.0953,32.174,8.6196,11.5793,7.4774,7.019,32.7164,32.0458,8.8491,11.8922,7.4389,6.99,32.5816,31.9719,8.9837,12.0338,7.3407,6.9095,32.599,32.0531,9.0157,12.082
ES300,Madrid,Spain,6372553,6375737,6459297,6529923,6618078,8.117,7.7005,33.1426,34.5554,6.8025,9.682,8.1399,7.7192,32.8931,34.3319,6.9938,9.922,8.0933,7.6612,32.6651,34.1528,7.2307,10.1969,8.0164,7.5883,32.6088,34.1383,7.3342,10.314,7.8842,7.4615,32.6384,34.2068,7.4073,10.4017
ES411,Ávila,Spain,167265,165694,161782,160104,159237,6.5339,5.9995,32.8048,30.0595,11.138,13.4643,6.5301,5.9465,32.6367,30.0095,11.2979,13.5792,6.3944,5.8449,32.4684,29.9879,11.5309,13.7735,6.3565,5.8793,32.3165,29.9537,11.6737,13.8204,6.2994,5.7926,32.1213,30.0295,11.8785,13.8787
ES412,Burgos,Spain,365542,363328,358416,357165,356607,6.7751,6.3208,33.8054,31.1163,9.7094,12.273,6.771,6.3075,33.543,31.0375,9.9065,12.4345,6.7157,6.2955,33.0702,30.8692,10.3196,12.7299,6.6647,6.2851,32.8971,30.7877,10.522,12.8434,6.614,6.2366,32.6878,30.74,10.7393,12.9824
ES413,León,Spain,483681,479104,468637,464276,460247,5.5458,5.2659,32.452,31.3016,10.8613,14.5734,5.5403,5.2661,32.2955,31.1815,10.993,14.7235,5.5045,5.2384,31.9772,30.9711,11.2972,15.0116,5.4814,5.2001,31.7503,30.8941,11.4968,15.1772,5.4634,5.1438,31.5661,30.8391,11.669,15.3187
ES414,Palencia,Spain,167237,165820,163221,162064,161053,5.7517,5.5113,33.5793,31.4966,10.1933,13.4677,5.7599,5.503,33.4025,31.3804,10.3636,13.5906,5.7817,5.4711,33.0184,31.1718,10.7682,13.7887,5.7989,5.4454,32.8062,31.0112,11.0024,13.9359,5.772,5.4268,32.5688,30.8706,11.2578,14.1041
ES415,Salamanca,Spain,344104,341635,335783,333500,332044,6.1958,5.7608,31.8796,31.2533,10.7874,14.1231,6.1577,5.7263,31.6923,31.1417,10.9714,14.3106,6.0637,5.6855,31.4319,30.9396,11.2474,14.6318,5.9847,5.6453,31.2969,30.9247,11.3955,14.7529,5.9098,5.5965,31.1832,30.9077,11.5623,14.8405
ES416,Segovia,Spain,158798,157578,154854,153983,153571,6.9667,6.6474,34.0344,30.6433,9.5914,12.1167,6.9673,6.5866,33.9127,30.6312,9.6955,12.2067,6.8968,6.4467,33.6433,30.7735,9.8906,12.3491,6.8423,6.4046,33.5284,30.8372,9.9998,12.3877,6.7474,6.3293,33.4321,30.9766,10.1302,12.3845
ES417,Soria,Spain,92374,91454,89614,89329,89008,6.4109,6.0461,32.9227,29.5364,11.3744,13.7095,6.4327,6.0435,32.8362,29.5023,11.4374,13.7479,6.3182,5.9846,32.7739,29.5835,11.5841,13.7557,6.269,6.0025,32.7508,29.5671,11.6144,13.7962,6.1983,5.9613,32.6791,29.603,11.7225,13.8358
ES418,Valladolid,Spain,528486,527199,522985,520930,520483,6.8836,6.4999,33.1411,32.8991,8.9734,11.603,6.9329,6.5055,32.8089,32.6554,9.2075,11.8898,6.8943,6.5191,32.3329,32.2439,9.6494,12.3604,6.8512,6.5005,32.0694,32.0868,9.8837,12.6084,6.7889,6.4089,31.9317,31.9784,10.0678,12.8244
ES419,Zamora,Spain,186117,183885,178243,175662,173318,5.013,4.7932,31.6672,29.2708,12.9687,16.2871,4.9933,4.7693,31.5034,29.1753,13.1283,16.4304,4.9236,4.6784,31.3218,29.1142,13.3419,16.62,4.8821,4.6322,31.1342,29.0131,13.5271,16.8113,4.8662,4.5598,30.931,28.9768,13.7204,16.9457
ES421,Albacete,Spain,396017,394012,390225,388948,387818,7.7593,7.3151,34.1432,32.5072,8.0868,10.1885,7.7031,7.2437,34.1071,32.4919,8.1767,10.2776,7.5702,7.0777,34.0578,32.4759,8.3598,10.4586,7.5331,7.0061,33.9745,32.4681,8.4747,10.5436,7.4429,6.8909,33.9559,32.4596,8.5746,10.6761
ES422,Ciudad Real,Spain,518032,514152,504403,499168,495686,7.6208,7.171,33.9361,32.2868,8.1551,10.8302,7.5484,7.082,33.8655,32.2833,8.2625,10.9584,7.4161,7.0349,33.7199,32.2589,8.4163,11.154,7.3843,6.9918,33.5568,32.1906,8.5739,11.3026,7.3127,6.911,33.4405,32.149,8.7366,11.4502
ES423,Cuenca,Spain,208031,205664,200531,198922,197617,6.7072,6.4149,33.7185,30.456,10.1624,12.5409,6.621,6.3745,33.6534,30.4959,10.274,12.5812,6.5067,6.3043,33.5858,30.6152,10.3271,12.6609,6.4161,6.2502,33.5528,30.6899,10.389,12.702,6.3203,6.1523,33.5487,30.846,10.4399,12.6927
ES424,Guadalajara,Spain,255075,254458,255242,256247,259266,8.7876,8.2564,35.241,32.5402,6.9693,8.2054,8.7287,8.2257,35.0918,32.4981,7.0904,8.3652,8.6377,8.1699,34.9104,32.6228,7.1834,8.4759,8.5375,8.0953,34.9214,32.6162,7.2559,8.5738,8.4388,7.9968,34.9166,32.6969,7.3434,8.6074
ES425,Toledo,Spain,697605,694329,691021,691124,696390,8.6767,8.0561,34.4467,31.9558,7.5222,9.3425,8.6087,8.0155,34.3147,31.9,7.6707,9.4903,8.5118,7.9396,34.0767,31.9139,7.8846,9.6735,8.4556,7.9264,33.969,31.9027,7.9825,9.7638,8.3657,7.8604,33.9515,31.9872,8.0449,9.7902
ES431,Badajoz,Spain,688697,686250,679042,675742,673384,7.6572,7.2935,34.0395,32.6323,7.9226,10.4548,7.6083,7.23,33.9827,32.6055,8.0302,10.5434,7.4785,7.1085,33.854,32.623,8.2342,10.7017,7.4377,7.0601,33.7056,32.6235,8.3843,10.7887,7.3542,6.965,33.6221,32.6381,8.5309,10.8896
ES432,Cáceres,Spain,408011,405967,400066,396979,394541,6.7729,6.3528,33.7626,31.4999,9.3868,12.2252,6.6828,6.2892,33.7077,31.4954,9.4936,12.3313,6.5257,6.1622,33.565,31.5398,9.7229,12.4844,6.4676,6.1049,33.4328,31.4954,9.8789,12.6206,6.3651,6.0072,33.2893,31.4847,10.0932,12.7604
ES511,Barcelona,Spain,5459762,5453143,5507412,5556273,5622704,8.1331,7.6485,33.0287,33.0698,7.6049,10.5151,8.1297,7.6346,32.8207,32.9283,7.7794,10.7073,8.0303,7.5397,32.7349,32.8753,7.9403,10.8795,7.958,7.4634,32.7473,32.8955,7.9976,10.9383,7.818,7.3463,32.9067,32.9478,8.0259,10.9554
ES512,Girona,Spain,745189,743431,750468,756522,765476,8.5431,7.987,34.1468,32.4448,7.488,9.3904,8.545,7.9894,33.9132,32.3555,7.6361,9.5608,8.4942,7.9328,33.6938,32.2403,7.8404,9.7986,8.4366,7.9304,33.624,32.178,7.9532,9.8777,8.3296,7.8278,33.6747,32.2333,8.0218,9.9128
ES513,Lleida,Spain,432397,431044,429821,430650,432917,7.9233,7.4235,34.6036,31.4177,8.1661,10.4658,7.9226,7.4445,34.4807,31.3286,8.2532,10.5704,7.8549,7.3859,34.4469,31.2042,8.4282,10.68,7.834,7.3965,34.3813,31.1018,8.5366,10.7498,7.7565,7.3261,34.4567,31.0655,8.5996,10.7956
ES514,Tarragona,Spain,795485,793272,793077,795919,803528,8.5153,7.9142,33.8901,32.29,7.8097,9.5807,8.4823,7.8897,33.649,32.176,8.002,9.8009,8.3624,7.801,33.3472,32.0718,8.2808,10.1368,8.2868,7.7559,33.2035,32.0311,8.4352,10.2875,8.1774,7.6564,33.2261,32.0209,8.5319,10.3873
ES521,Alicante/Alacant,Spain,1848236,1838578,1836715,1839319,1855384,7.7098,7.2261,33.4633,32.6768,8.622,10.302,7.733,7.2358,33.2724,32.5533,8.7257,10.4798,7.6717,7.187,33.1234,32.4476,8.8527,10.7176,7.6484,7.1712,33.039,32.4057,8.9159,10.8197,7.5546,7.0826,33.083,32.4408,8.9657,10.8733
ES522,Castellón/Castelló,Spain,580349,577738,575433,576342,579592,7.9843,7.568,34.0247,32.7126,7.8442,9.8661,7.9616,7.5427,33.7852,32.6163,8.0427,10.0514,7.9092,7.4526,33.4833,32.4855,8.3049,10.3645,7.8493,7.3628,33.3788,32.4184,8.462,10.5286,7.7656,7.2508,33.3831,32.4223,8.5503,10.6278
ES523,Valencia/València,Spain,2531628,2528776,2531673,2542923,2554332,7.9673,7.5207,33.7808,33.1406,7.4565,10.134,7.9396,7.4922,33.6197,33.0022,7.6163,10.3299,7.829,7.3851,33.381,32.9094,7.8783,10.6171,7.7531,7.3161,33.2992,32.8714,8.0061,10.7541,7.6431,7.1988,33.2496,32.9189,8.1195,10.8701
ES531,Eivissa y Formentera,Spain,150793,152991,157571,159874,162187,7.3617,6.9599,38.7624,35.2629,5.5016,6.1515,7.3828,6.9494,38.5219,35.2929,5.6056,6.2474,7.3745,6.9861,38.2786,35.1841,5.7688,6.4079,7.3714,6.9448,38.1294,35.1621,5.8859,6.5064,7.2977,6.8735,38.0709,35.1742,5.9715,6.6121
ES532,Mallorca,Spain,862684,865877,878821,888470,901392,8.1461,7.5387,34.8729,34.0005,6.764,8.6778,8.1364,7.5215,34.7213,33.9509,6.8715,8.7984,8.0473,7.4616,34.6242,33.8865,7.0253,8.9551,7.9646,7.4125,34.6561,33.8713,7.0991,8.9965,7.8754,7.3352,34.7631,33.8982,7.1204,9.0076
ES533,Menorca,Spain,93140,92134,92100,92889,94349,7.9676,7.6423,34.8658,33.9725,7.0829,8.469,7.8874,7.5879,34.6148,33.8659,7.3133,8.7308,7.6254,7.291,34.6113,34.0445,7.5483,8.8795,7.4745,7.13,34.5778,34.1117,7.6769,9.0291,7.3959,6.972,34.6352,34.118,7.7425,9.1363
ES611,Almería,Spain,690750,694051,704871,707319,714123,8.9688,8.4352,35.5267,33.2013,6.2077,7.6602,8.9315,8.417,35.437,33.082,6.3309,7.8016,8.869,8.3753,35.428,32.8225,6.5325,7.9727,8.8744,8.3604,35.3399,32.7127,6.6382,8.0744,8.8206,8.2738,35.4355,32.6332,6.6994,8.1375
ES612,Cádiz,Spain,1245504,1245567,1244090,1243737,1243186,8.6898,8.226,34.5868,33.7775,6.4362,8.2837,8.6276,8.1559,34.4343,33.7108,6.6042,8.4671,8.4632,8.0097,34.212,33.6468,6.8874,8.7808,8.353,7.8942,34.0585,33.6172,7.0902,8.987,8.223,7.7515,33.95,33.6123,7.2686,9.1947
ES613,Córdoba,Spain,796830,794359,787735,784079,780982,7.9287,7.4524,33.5504,32.8839,7.642,10.5425,7.866,7.4036,33.4852,32.8141,7.7535,10.6775,7.739,7.2833,33.4849,32.8611,7.8617,10.7701,7.6552,7.1972,33.4177,32.839,8.0054,10.8854,7.5449,7.0977,33.3074,32.831,8.1811,11.0379
ES614,Granada,Spain,919381,917546,914780,915140,916879,8.3167,7.6987,33.9891,33.2032,7.2626,9.5298,8.2245,7.6367,33.9026,33.1895,7.3828,9.6638,8.0748,7.5051,33.8443,33.1824,7.5566,9.8368,7.9689,7.4318,33.7959,33.1814,7.6749,9.9471,7.8313,7.3129,33.7675,33.233,7.795,10.0603
ES615,Huelva,Spain,520453,520840,519144,520445,522138,8.3867,7.9145,34.5134,33.6772,6.7115,8.7968,8.3678,7.8819,34.3802,33.6286,6.8543,8.8872,8.2678,7.7564,34.2947,33.5,7.0957,9.0853,8.1755,7.6675,34.185,33.5557,7.2348,9.1816,8.0534,7.5317,34.1479,33.648,7.3509,9.268
ES616,Jaén,Spain,656162,652317,642515,637669,633375,7.7865,7.3083,34.0902,32.5217,7.817,10.4764,7.6417,7.2177,34.1193,32.532,7.9055,10.5838,7.4738,7.0431,34.1874,32.6459,7.9646,10.6852,7.366,6.9577,34.1155,32.6486,8.0979,10.8142,7.2658,6.8485,34.0587,32.6405,8.2356,10.9509
ES617,Málaga,Spain,1618101,1629179,1644147,1650068,1660348,8.3909,7.9114,33.6698,33.8595,7.2392,8.929,8.3348,7.8675,33.5145,33.7585,7.4138,9.1108,8.2253,7.7708,33.3345,33.7164,7.6032,9.3497,8.1758,7.744,33.2467,33.7043,7.6817,9.4475,8.0758,7.6509,33.2295,33.7562,7.7484,9.5391
ES618,Sevilla,Spain,1934058,1935135,1936735,1938007,1941191,8.8582,8.4193,33.7753,33.7839,6.3633,8.7999,8.8431,8.4045,33.6435,33.6598,6.5004,8.9487,8.7373,8.2937,33.5011,33.5929,6.7167,9.1584,8.6601,8.2031,33.4128,33.5541,6.8609,9.309,8.5301,8.0772,33.3564,33.5541,7.0154,9.4669
ES620,Murcia,Spain,1462734,1465195,1475275,1478718,1491312,9.1253,8.5534,34.5878,32.8544,6.5184,8.3607,9.1333,8.5447,34.4213,32.778,6.635,8.4877,9.0545,8.4692,34.3034,32.7076,6.788,8.6773,9.0037,8.43,34.2938,32.7313,6.816,8.7252,8.8885,8.3363,34.2986,32.7778,6.898,8.8008
ES630,Ceuta,Spain,84562,84561,85005,85327,85087,10.74,10.3699,35.5975,32.4046,4.7456,6.1422,10.804,10.402,35.3295,32.4961,4.7753,6.1932,10.8817,10.27,34.9697,32.6463,4.9526,6.2796,10.8125,10.1843,34.901,32.6755,5.0652,6.3614,10.5022,10.0803,35.0089,32.7336,5.2029,6.4722
ES640,Melilla,Spain,84103,85009,85918,86084,86373,12.1494,11.348,34.9571,31.8372,4.1366,5.5717,12.3493,11.3964,34.7222,31.8202,4.1678,5.5441,12.2303,11.4446,34.5422,31.9002,4.2901,5.5925,12.2009,11.3587,34.3223,32.042,4.4271,5.6491,11.9771,11.1528,34.4494,32.1455,4.572,5.7032
ES703,El Hierro,Spain,10506,10484,10711,10847,10976,6.3392,6.0251,34.4565,31.0109,10.4512,11.7171,6.1618,6.0187,34.5956,31.219,10.4349,11.57,5.8445,5.7511,34.5159,31.9205,10.5032,11.4648,5.8173,5.5591,34.3689,31.9351,10.7034,11.6161,5.7671,5.4483,34.1472,32.2157,10.7598,11.6618
ES704,Fuerteventura,Spain,106422,108294,112615,115606,119050,8.6232,8.035,39.3246,35.6167,4.2585,4.142,8.4815,7.8444,39.209,35.6853,4.4665,4.3133,8.2316,7.642,38.8714,35.7004,4.8244,4.7303,8.106,7.5333,38.6926,35.698,5.0715,4.8985,7.895,7.3482,38.6913,35.7606,5.2373,5.0676
ES705,Gran Canaria,Spain,848785,848186,847460,848204,851964,7.4878,7.1349,35.7082,35.2436,6.4264,7.9992,7.3333,6.963,35.6546,35.2413,6.6032,8.2047,6.9874,6.662,35.5645,35.183,6.9838,8.6193,6.8362,6.5133,35.4903,35.1651,7.1591,8.836,6.6344,6.318,35.5247,35.2177,7.285,9.0201
ES706,La Gomera,Spain,20966,20905,21068,21309,21494,6.0431,5.7045,35.6911,31.7705,9.5393,11.2516,5.989,5.6159,35.4078,31.758,9.7728,11.4566,5.6199,5.3683,35.281,31.9347,10.1528,11.6433,5.4296,5.195,35.2762,32.2962,10.2257,11.5773,5.3736,5.127,35.275,32.5114,10.2308,11.4823
ES707,La Palma,Spain,83118,82295,81661,82245,82711,6.6039,6.1852,34.2549,33.0133,8.915,11.0277,6.5277,6.0356,34.0653,33.0944,9.0382,11.2388,6.2564,5.8204,34.0946,33.0868,9.2394,11.5024,6.1633,5.7706,34.1176,33.0719,9.2918,11.5849,6.0693,5.6679,34.1575,33.229,9.347,11.5293
ES708,Lanzarote,Spain,139649,141098,145504,148063,150672,8.5221,7.9643,37.3744,35.5162,5.0025,5.6205,8.3885,7.8598,37.3903,35.4895,5.1043,5.7676,8.1668,7.663,37.2093,35.6203,5.3291,6.0115,8.0297,7.5009,37.1315,35.7125,5.4781,6.1474,7.8847,7.3962,37.2644,35.6921,5.5233,6.2394
ES709,Tenerife,Spain,888709,890057,896214,905307,916449,7.2931,6.8625,35.3358,35.216,6.8049,8.4877,7.1913,6.7722,35.2661,35.1818,6.9311,8.6575,7.0318,6.649,35.1407,35.1403,7.1099,8.9283,6.9487,6.6046,35.0835,35.1189,7.1955,9.0489,6.8438,6.499,35.0684,35.1654,7.2708,9.1526
FI193,Keski-Suomi,Finland,275320,275360,276196,276031,275521,8.4073,8.0732,32.3504,30.9894,8.7574,11.4223,8.4213,8.092,32.0308,30.6541,9.0917,11.7101,8.3137,8.0121,31.7561,30.1297,9.6435,12.145,8.2581,7.9194,31.5262,29.9698,9.9449,12.3816,8.1856,7.8045,31.3951,29.8191,10.1658,12.6299
FI194,Etelä-Pohjanmaa,Finland,193977,193400,191860,190910,189715,8.8645,8.3819,31.5697,29.5911,9.3532,12.2396,8.8335,8.3361,31.2647,29.3392,9.6779,12.5486,8.7022,8.3467,30.6765,28.845,10.3852,13.0444,8.6412,8.3149,30.3798,28.5779,10.7344,13.3518,8.5549,8.1833,30.1942,28.3799,11.1003,13.5872
FI195,Pohjanmaa,Finland,180384,181156,181441,180945,180794,8.8844,8.4359,32.1703,29.9012,9.1965,11.4118,8.899,8.4783,31.909,29.6242,9.4731,11.6165,8.9395,8.4959,31.5243,29.1208,9.9443,11.9752,8.9491,8.4473,31.32,28.9325,10.2142,12.1368,8.9035,8.3697,31.2184,28.7935,10.408,12.3068
FI196,Satakunta,Finland,224556,223983,221740,220398,218624,7.7762,7.4155,31.4113,30.0286,10.0505,13.3178,7.7769,7.3684,31.0751,29.7259,10.4526,13.601,7.6702,7.3568,30.6251,29.0218,11.1405,14.1855,7.5972,7.3326,30.4295,28.6904,11.4761,14.4743,7.5234,7.2627,30.2089,28.4392,11.7906,14.7751
FI197,Pirkanmaa,Finland,500166,503382,509356,512081,515095,8.3688,8.0637,32.6326,31.6537,8.1537,11.1275,8.3686,8.0466,32.351,31.4401,8.4336,11.3602,8.3097,7.9877,32.0167,31.0677,8.8692,11.749,8.2454,7.9505,31.9135,30.8941,9.071,11.9255,8.1633,7.8453,31.8396,30.8192,9.2437,12.0888
FI1B1,Helsinki-Uusimaa,Finland,1585473,1603388,1638293,1655624,1671024,8.6298,8.251,33.3976,34.0527,6.4869,9.182,8.6271,8.2502,33.2217,33.7926,6.7042,9.4041,8.6134,8.2024,33.0603,33.3672,7.0161,9.7406,8.5859,8.1685,32.9897,33.1756,7.1657,9.9146,8.5233,8.0999,32.9633,33.0502,7.2967,10.0666
FI1C1,Varsinais-Suomi,Finland,470880,472725,475543,477677,478582,7.9678,7.586,31.9534,31.9207,8.7746,11.7975,7.915,7.5462,31.7347,31.6744,9.0698,12.0599,7.7953,7.441,31.4298,31.2323,9.5758,12.5259,7.723,7.4044,31.3635,30.9803,9.7863,12.7425,7.6442,7.3294,31.3006,30.8146,9.9793,12.932
FI1C2,Kanta-Häme,Finland,175481,175350,173781,172720,171364,8.3981,8.0026,31.6353,30.825,9.0431,12.0959,8.3382,7.9572,31.4217,30.4408,9.4098,12.4323,8.2103,7.7765,30.9729,29.8312,10.0874,13.1217,8.1444,7.6557,30.7486,29.5339,10.4805,13.4368,8.0501,7.4998,30.5356,29.2664,10.8477,13.8004
FI1C3,Päijät-Häme,Finland,202424,202009,201685,201228,200629,7.7856,7.4477,31.3155,31.1584,9.3897,12.9031,7.7878,7.3888,30.8966,30.809,9.8119,13.3058,7.6927,7.2688,30.4103,30.0498,10.5491,14.0293,7.662,7.2068,30.1703,29.6609,10.8857,14.4145,7.5886,7.1331,29.9922,29.3886,11.1694,14.7282
FI1C4,Kymenlaakso,Finland,180845,179858,177659,175511,173388,7.3356,7.1039,31.8455,30.1059,10.0583,13.5508,7.2763,7.0506,31.442,29.7852,10.54,13.906,7.1052,6.9408,30.9796,29.1452,11.2389,14.5903,7.0149,6.8474,30.6761,28.772,11.6671,15.0224,6.8955,6.7352,30.4958,28.4708,12.0447,15.358
FI1C5,Etelä-Karjala,Finland,132252,131764,130506,129865,128756,7.1288,6.9662,32.3262,29.9436,10.046,13.5892,7.1104,6.9268,32.0156,29.6401,10.4164,13.8907,7.0173,6.8526,31.5242,29.1113,11.0677,14.4269,6.9588,6.8117,31.301,28.8122,11.3587,14.7576,6.8579,6.7057,31.1077,28.5594,11.688,15.0812
FI1D1,Etelä-Savo,Finland,152518,151562,148975,147194,144615,6.9231,6.5474,31.0075,29.546,11.2282,14.7478,6.8975,6.4865,30.6343,29.2151,11.656,15.1106,6.7407,6.3655,30.0695,28.541,12.4444,15.8389,6.6477,6.3168,29.7118,28.1635,12.9156,16.2445,6.5533,6.2255,29.378,27.7578,13.4398,16.6456
FI1D2,Pohjois-Savo,Finland,248430,248407,247776,246653,245602,7.8235,7.4689,32.3339,30.9049,9.2308,12.2381,7.7574,7.435,32.0861,30.63,9.5815,12.5101,7.6779,7.3474,31.5503,30.2362,10.2419,12.9464,7.6334,7.3022,31.2147,29.9518,10.6259,13.2721,7.5757,7.2341,30.9513,29.707,10.9576,13.5744
FI1D3,Pohjois-Karjala,Finland,165445,165258,164085,162986,162240,7.4647,7.3215,32.6175,30.5534,9.6123,12.4307,7.4084,7.2469,32.2393,30.3398,10.0794,12.6862,7.2603,7.1829,31.6409,29.8169,10.8669,13.2322,7.1577,7.119,31.28,29.5467,11.3415,13.5552,7.1049,6.9995,30.9461,29.3824,11.7215,13.8455
FI1D5,Keski-Pohjanmaa,Finland,68677,68832,69027,68780,68437,9.6306,9.268,31.1604,30.0319,8.773,11.1362,9.6481,9.3532,30.8359,29.6112,9.1208,11.4307,9.7397,9.3326,30.2563,29.0466,9.7339,11.891,9.7136,9.2861,29.9578,28.8151,10.0465,12.1809,9.679,9.2304,29.7529,28.5197,10.3467,12.4713
FI1D7,Lappi,Finland,182514,181748,180207,179223,178522,7.8936,7.5819,32.8035,30.6322,9.4557,11.6331,7.8856,7.5517,32.3486,30.3239,9.9176,11.9726,7.7849,7.4376,31.6636,29.8679,10.691,12.555,7.7284,7.4254,31.2376,29.6625,11.0934,12.8527,7.678,7.3795,30.8606,29.4597,11.4781,13.144
FI1D8,Kainuu,Finland,76782,76119,74803,73959,73061,7.4054,7.1696,32.4816,29.5929,10.1795,13.1711,7.3924,7.1704,32.0472,29.2424,10.632,13.5157,7.3821,6.969,31.3356,28.6526,11.4995,14.1612,7.277,7.012,30.9834,28.148,11.9985,14.5811,7.2036,6.8545,30.6402,27.8206,12.4937,14.9875
FI1D9,Pohjois-Pohjanmaa,Finland,406480,408536,411150,411856,412161,10.5486,9.9503,32.6816,30.5024,7.1824,9.1348,10.5024,9.947,32.4336,30.2363,7.4889,9.3918,10.3172,9.8424,32.082,29.7872,8.0902,9.8811,10.2041,9.749,31.9189,29.5628,8.3867,10.1786,10.0196,9.6103,31.8283,29.4509,8.6631,10.4277
FI200,Åland,Finland,28666,28916,29214,29489,29789,8.47,7.7793,32.0728,31.7763,9.3491,10.5526,8.4279,7.8123,31.9304,31.429,9.6002,10.8002,8.3487,8.0099,31.615,30.9098,9.8994,11.2172,8.4303,7.9894,31.3676,30.5063,10.119,11.5874,8.5602,8.0667,30.9342,30.2159,10.4233,11.7997
FR101,Paris,France,2220445,2206488,2187526,2175601,2165423,7.3656,7.1233,33.4027,36.5091,6.3039,9.2954,7.3437,7.0683,33.2285,36.3474,6.5151,9.4969,7.145,6.937,33.109,36.2157,6.7939,9.7994,7.0534,6.8442,33.0663,36.147,6.9409,9.9482,7.1199,6.8785,32.9473,35.976,7.018,10.0603
FR102,Seine-et-Marne,France,1377846,1390121,1403997,1412516,1421197,11.0153,10.5183,32.3257,33.3981,5.5232,7.2193,11.0176,10.5369,32.0317,33.2519,5.7383,7.4235,10.8871,10.3846,31.6868,33.0448,6.1046,7.8921,10.7939,10.3054,31.5899,32.9084,6.3068,8.0955,10.676,10.1782,31.5163,32.8262,6.501,8.3024
FR103,Yvelines,France,1421670,1427291,1438266,1441398,1448207,10.5437,10.1099,31.6648,32.693,6.4969,8.4916,10.569,10.1535,31.4764,32.451,6.6896,8.6605,10.4989,10.042,31.1513,32.1986,6.9905,9.1186,10.4886,10.0074,31.0902,32.1063,7.0955,9.212,10.4267,9.8569,31.0678,32.0752,7.2085,9.365
FR104,Essonne,France,1268228,1276233,1296130,1296641,1301659,10.6638,10.25,32.2373,32.8953,6.0372,7.9164,10.7051,10.3233,32.0449,32.6977,6.1717,8.0573,10.6377,10.2973,31.9466,32.4385,6.3623,8.3175,10.5941,10.2169,31.8896,32.3499,6.4899,8.4596,10.5629,10.1838,31.7771,32.2216,6.6321,8.6225
FR105,Hauts-de-Seine,France,1597770,1601569,1609306,1619120,1624357,9.9974,9.579,31.9297,34.3868,5.7649,8.3423,9.974,9.5696,31.8162,34.246,5.9064,8.4878,9.7609,9.4239,31.6822,34.1849,6.145,8.8032,9.7552,9.3755,31.6375,34.2184,6.1816,8.8318,9.8079,9.4036,31.5286,34.0665,6.2644,8.929
FR106,Seine-Saint-Denis,France,1571028,1592663,1623111,1632677,1644903,11.6144,11.1143,32.7018,33.3996,4.9044,6.2655,11.6282,11.1668,32.5797,33.3234,5.0046,6.2973,11.573,11.2071,32.4805,33.1555,5.156,6.428,11.5643,11.1769,32.35,33.1156,5.2468,6.5464,11.5981,11.2007,32.1996,32.9393,5.3841,6.6782
FR107,Val-de-Marne,France,1365039,1372389,1387926,1396913,1407124,10.1432,9.6523,32.2457,33.9742,5.7506,8.2341,10.1053,9.6857,32.0355,33.8682,5.9281,8.3773,10.0432,9.6383,31.9507,33.7164,6.0972,8.5543,10.0257,9.6729,31.9287,33.6831,6.1244,8.5652,10.0277,9.675,31.8351,33.5309,6.2466,8.6847
FR108,Val-d’Oise,France,1205539,1215390,1228618,1238581,1249674,11.2058,10.7724,32.1433,33.6037,5.2781,6.9967,11.2287,10.832,31.915,33.4515,5.4382,7.1347,11.2289,10.7991,31.5409,33.243,5.7328,7.4554,11.26,10.8383,31.4615,33.0721,5.833,7.5351,11.2537,10.7936,31.3576,32.9337,5.9867,7.6747
FRB01,Cher,France,310270,308992,304256,303408,302306,8.4781,8.0546,30.225,30.2159,9.9355,13.0909,8.4251,8.063,29.9134,29.9882,10.2417,13.3686,8.1277,7.8641,29.4762,29.5366,10.8576,14.1378,8.1465,7.8162,29.2751,29.3977,11.0185,14.346,8.0326,7.681,29.1718,29.2955,11.2522,14.567
FRB02,Eure-et-Loir,France,433762,434035,433233,431997,431575,10.1521,9.7457,30.9338,31.1256,7.8453,10.1975,10.0817,9.7103,30.6955,30.9164,8.1152,10.481,9.978,9.5854,30.2442,30.4624,8.6681,11.0619,9.9045,9.5167,30.0741,30.293,8.8892,11.3225,9.7964,9.3928,30.0555,30.2571,9.0517,11.4464
FRB03,Indre,France,226175,224200,222232,220595,219316,7.9691,7.7122,29.6355,29.4582,10.7373,14.4879,7.9135,7.6401,29.3064,29.244,11.0825,14.8136,7.6852,7.4395,28.8446,28.9252,11.6756,15.4298,7.5677,7.346,28.6901,28.7341,12.0234,15.6386,7.4792,7.217,28.5547,28.6039,12.2722,15.873
FRB04,Indre-et-Loire,France,603924,604966,606511,607760,610079,9.0697,8.6847,30.8042,32.0098,8.2358,11.1958,8.9575,8.6514,30.5634,31.7692,8.5501,11.5084,8.8783,8.4904,30.2455,31.4039,8.9347,12.0473,8.8189,8.416,30.1415,31.3025,9.1121,12.2089,8.7051,8.3242,30.084,31.2445,9.2808,12.3615
FRB05,Loir-et-Cher,France,333567,333050,331915,330248,329470,9.1034,8.7197,29.8555,30.056,9.6574,12.608,9.0131,8.6585,29.6577,29.8451,9.9222,12.9035,8.7986,8.4784,29.3081,29.4265,10.4554,13.533,8.6998,8.3622,29.1184,29.2762,10.7377,13.8057,8.5525,8.2268,29.0728,29.2154,10.9279,14.0046
FRB06,Loiret,France,669737,673349,678105,678845,680434,9.9541,9.4951,30.885,31.4933,7.8429,10.3297,9.8672,9.5211,30.7433,31.2398,8.0747,10.5538,9.8715,9.4507,30.3415,30.9257,8.4326,10.9779,9.8044,9.3833,30.2861,30.7764,8.5981,11.1516,9.766,9.3121,30.1785,30.6753,8.7621,11.306
FRC11,Côte-d’Or,France,531380,533147,533819,533220,534124,8.7418,8.3005,31.7848,32.464,7.8876,10.8214,8.6702,8.2773,31.5029,32.335,8.1642,11.0504,8.5094,8.1174,31.0609,32.1025,8.655,11.5549,8.3746,8.0753,30.9726,31.8921,8.8886,11.7968,8.2717,7.9747,30.8885,31.8252,9.0818,11.9581
FRC12,Nièvre,France,213569,211747,207182,205828,204452,7.7759,7.2412,29.4977,29.3104,10.9618,15.2129,7.6497,7.1633,29.1603,29.0006,11.3664,15.6597,7.4847,7.0629,28.6014,28.501,12.0117,16.3383,7.4062,7.0301,28.3975,28.2697,12.3205,16.576,7.2741,6.987,28.1846,28.0506,12.6577,16.846
FRC13,Saône-et-Loire,France,555788,555408,553595,552185,551493,8.5768,8.224,30.1131,29.9632,9.8489,13.2739,8.5436,8.1502,29.8184,29.6919,10.156,13.6399,8.4486,8.0738,29.3352,29.2224,10.7633,14.1567,8.3778,7.9808,29.1864,29.0557,10.9842,14.4151,8.2761,7.8835,29.043,28.9657,11.2175,14.6141
FRC14,Yonne,France,341814,340903,338291,337504,335707,9.1994,8.7618,30.1187,30.3279,9.291,12.3011,9.1838,8.7588,29.9009,30.0194,9.5769,12.5602,8.9671,8.49,29.4924,29.5683,10.2657,13.2164,8.85,8.3996,29.2939,29.4322,10.5219,13.5024,8.7421,8.2518,29.204,29.3268,10.7507,13.7245
FRC21,Doubs,France,534710,536959,539067,541454,543974,9.6344,9.1388,31.7684,31.8384,7.6269,9.9931,9.6149,9.1368,31.4933,31.6087,7.8639,10.2823,9.5135,9.0766,31.1382,31.2158,8.3097,10.7462,9.473,9.0584,30.9801,31.1171,8.4742,10.8971,9.4104,8.9986,30.9143,31.0272,8.6017,11.0478
FRC22,Jura,France,260681,260587,260188,259746,259199,9.2895,8.7912,30.5304,30.2454,9.0563,12.0872,9.1474,8.7272,30.353,30.135,9.3159,12.3214,8.9166,8.5381,29.9622,29.8323,9.8648,12.8861,8.7666,8.3766,29.8811,29.7306,10.1472,13.0978,8.5973,8.2088,29.8605,29.6841,10.3411,13.3083
FRC23,Haute-Saône,France,238347,237706,236659,236018,235313,9.5407,8.8375,31.1017,30.5836,8.7402,11.1963,9.4327,8.7453,30.8065,30.2962,9.1529,11.5664,9.059,8.5262,30.3035,29.9439,9.8631,12.3042,8.9451,8.3943,30.2036,29.8956,10.0713,12.4901,8.8333,8.2868,30.0714,29.7536,10.319,12.7358
FRC24,Territoire de Belfort,France,144334,144483,142622,141852,141318,9.7593,9.0138,32.6472,31.3163,7.3129,9.9505,9.7188,8.9505,32.3581,31.1338,7.6078,10.231,9.3443,8.7686,32.0841,30.7323,8.2098,10.8609,9.2054,8.6541,32.0426,30.5417,8.4518,11.1045,9.0951,8.5693,32.0044,30.4745,8.6281,11.2286
FRD11,Calvados,France,691670,693579,694002,694056,694905,9.3352,8.7529,31.1286,31.9984,7.7356,11.0493,9.2216,8.7201,30.8337,31.7344,8.0853,11.4049,8.9448,8.4432,30.4666,31.4228,8.6566,12.066,8.811,8.3172,30.3056,31.2812,8.9282,12.3568,8.66,8.189,30.2421,31.1575,9.1696,12.5817
FRD12,Manche,France,499958,499287,496883,495983,495045,8.8521,8.5625,30.6146,29.9087,9.295,12.7671,8.7723,8.3952,30.322,29.7174,9.6484,13.1447,8.5111,8.178,29.9445,29.3051,10.2932,13.7682,8.3948,8.1039,29.8512,29.1508,10.5195,13.9797,8.2308,7.9764,29.7914,29.0495,10.7562,14.1957
FRD13,Orne,France,287750,286618,283372,281593,279942,8.9418,8.4671,30.057,29.7053,9.7011,13.1277,8.8027,8.3784,29.8418,29.4476,10.0807,13.4489,8.5612,8.1536,29.3466,29.0226,10.7816,14.1344,8.4615,7.9963,29.1552,28.9006,11.0525,14.434,8.3278,7.8509,29.0746,28.8131,11.2981,14.6355
FRD21,Eure,France,598347,601948,601843,599962,599507,10.4531,9.9394,31.3193,31.5997,7.1736,9.5149,10.4283,9.8904,31.009,31.378,7.4815,9.8128,10.1289,9.7127,30.6311,31.0697,8.0222,10.4354,9.9836,9.6321,30.5041,30.9325,8.2579,10.6898,9.8179,9.5051,30.4412,30.8115,8.4955,10.9288
FRD22,Seine-Maritime,France,1257920,1257699,1254378,1255883,1255633,9.5406,9.1282,31.3019,32.4471,7.2172,10.365,9.523,9.0833,31.0665,32.2114,7.4806,10.6352,9.3975,8.9628,30.6794,31.7663,7.9676,11.2264,9.3639,8.8824,30.5412,31.6072,8.1848,11.4204,9.2696,8.7704,30.4524,31.459,8.3961,11.6526
FRE11,Nord,France,2603472,2605238,2604361,2606234,2608346,10.3104,9.816,32.0414,32.8438,6.0012,8.9873,10.2642,9.8184,31.805,32.6487,6.2344,9.2293,10.1325,9.6767,31.4881,32.3686,6.6606,9.6735,10.0295,9.6009,31.3644,32.2868,6.8387,9.8797,9.9146,9.481,31.298,32.1802,7.0358,10.0905
FRE12,Pas-de-Calais,France,1472589,1472648,1468018,1466743,1465278,10.2716,9.7999,31.6624,31.8268,6.5011,9.9383,10.1899,9.7711,31.4822,31.6403,6.7557,10.1608,9.984,9.5897,31.1818,31.2812,7.2733,10.6899,9.8758,9.4645,31.0823,31.1132,7.5319,10.9323,9.7362,9.3146,30.9949,30.9775,7.7914,11.1854
FRE21,Aisne,France,539783,538659,534490,533316,531345,9.9092,9.5022,31.2902,31.4156,7.4641,10.4188,9.9518,9.5329,30.9819,31.1548,7.7049,10.6737,9.8208,9.3091,30.5953,30.6627,8.3536,11.2586,9.7162,9.2491,30.357,30.5001,8.6536,11.5239,9.5475,9.1022,30.3291,30.3996,8.892,11.7297
FRE22,Oise,France,818680,821552,824503,827153,829419,10.5255,10.1797,32.1463,32.4061,6.3481,8.3944,10.4695,10.1114,31.895,32.1997,6.6321,8.6925,10.2925,9.9773,31.5439,31.8986,7.1016,9.1861,10.1974,9.9402,31.3706,31.7547,7.3175,9.4195,10.0739,9.8317,31.2771,31.6601,7.5259,9.6313
FRE23,Somme,France,571632,571879,572443,570662,570559,9.4767,9.0072,31.7713,32.1436,7.3859,10.2153,9.3726,8.9115,31.6312,31.9868,7.6224,10.4755,9.2516,8.7752,31.2052,31.6991,8.0897,10.9793,9.1203,8.6314,31.0336,31.5779,8.3627,11.2741,8.9687,8.4615,30.9742,31.5082,8.5847,11.5026
FRF11,Bas-Rhin,France,1112815,1116658,1125559,1133552,1140057,8.901,8.5224,32.8899,33.3498,6.9443,9.3925,8.8541,8.4857,32.6571,33.2718,7.1613,9.5701,8.7462,8.3252,32.2075,32.9967,7.6934,10.031,8.7018,8.3125,32.0332,32.8784,7.8903,10.1837,8.6602,8.2041,31.8834,32.7772,8.1048,10.3704
FRF12,Haut-Rhin,France,760134,762607,764030,764981,767086,9.3735,8.9908,32.0387,32.2688,7.4762,9.8521,9.3394,8.8974,31.8299,32.0974,7.7558,10.0802,9.2102,8.6795,31.496,31.7686,8.2989,10.5467,9.0824,8.6312,31.2938,31.5675,8.6053,10.8197,8.9989,8.5075,31.1846,31.4138,8.8238,11.0714
FRF21,Ardennes,France,279715,277752,273579,271845,270582,9.5386,9.091,31.4663,31.3952,7.7958,10.713,9.4235,8.9782,31.1451,31.1123,8.2167,11.1243,9.1209,8.7086,30.7692,30.7699,8.8633,11.7681,8.9978,8.6347,30.7245,30.5391,9.1162,11.9877,8.882,8.5002,30.5904,30.4614,9.3687,12.1974
FRF22,Aube,France,308094,309056,310020,310020,310242,9.4387,9.0674,30.8623,31.0253,8.2335,11.3728,9.4074,8.9453,30.6592,30.907,8.4933,11.5879,9.3771,8.9623,30.1839,30.5725,8.9146,11.9895,9.3997,8.8988,30.0552,30.3787,9.1184,12.1492,9.3627,8.816,29.9905,30.2187,9.2853,12.3268
FRF23,Marne,France,570817,572293,568895,567462,566855,9.3934,8.8929,32.0744,32.5588,7.169,9.9116,9.3099,8.9037,31.7902,32.3104,7.4499,10.236,9.1405,8.8164,31.4088,31.9189,7.8907,10.8247,9.0792,8.7831,31.2336,31.7041,8.0931,11.1068,8.9836,8.6976,31.1452,31.5947,8.2658,11.3131
FRF24,Haute-Marne,France,180673,179154,175640,174069,172512,8.5104,8.2115,31.2166,30.2624,9.3107,12.4883,8.4079,8.1494,30.8372,30.0401,9.7012,12.8644,8.2726,7.919,30.4333,29.6163,10.2596,13.4992,8.2025,7.7952,30.2989,29.4056,10.4895,13.8083,8.0707,7.6609,30.1289,29.2959,10.7824,14.0611
FRF31,Meurthe-et-Moselle,France,732153,734403,733481,733469,733760,8.9759,8.5214,32.3684,32.6402,7.2526,10.2416,8.9371,8.5386,32.1989,32.4435,7.4721,10.4098,8.7837,8.3933,31.8899,32.1503,7.9349,10.848,8.7337,8.3068,31.7351,32.1171,8.0869,11.0204,8.6613,8.2136,31.6455,31.955,8.2944,11.2302
FRF32,Meuse,France,191530,190626,187187,185355,184083,9.2591,8.76,31.7647,30.5775,8.3167,11.322,9.12,8.7029,31.5765,30.3332,8.6803,11.5871,8.8339,8.4579,31.2586,29.8536,9.3831,12.2129,8.6877,8.3127,31.0858,29.6005,9.7505,12.5629,8.5054,8.2137,30.9366,29.4237,10.0509,12.8697
FRF33,Moselle,France,1045154,1044486,1043522,1043524,1046543,8.8385,8.3955,32.7474,32.5975,7.3611,10.06,8.8213,8.3596,32.4897,32.373,7.6483,10.3082,8.7004,8.2609,32.0858,32.0161,8.1446,10.7922,8.6801,8.2282,31.9169,31.8828,8.327,10.9651,8.5824,8.1581,31.7369,31.6922,8.5938,11.2365
FRF34,Vosges,France,373560,372016,367673,366112,364499,8.7713,8.4637,31.1064,30.7627,8.7279,12.1681,8.6434,8.3924,30.8014,30.4799,9.1211,12.5618,8.4409,8.0691,30.337,30.0242,9.8422,13.2865,8.3529,7.9825,30.191,29.8614,10.1311,13.4811,8.1995,7.8137,30.0997,29.7348,10.4154,13.7369
FRG01,Loire-Atlantique,France,1346592,1365227,1394909,1412502,1429272,10.0152,9.5268,31.6993,32.0935,6.8797,9.7856,9.9931,9.5512,31.5252,31.9427,7.0398,9.9479,9.848,9.4005,31.2995,31.7346,7.3915,10.326,9.7463,9.3019,31.2731,31.6349,7.5604,10.4835,9.6469,9.1937,31.2323,31.5525,7.7253,10.6494
FRG02,Maine-et-Loire,France,805888,810186,813493,815883,818273,10.1664,9.7076,30.9737,31.3348,7.5039,10.3137,10.0893,9.6151,30.8106,31.1133,7.7908,10.5809,9.7155,9.2447,30.5786,30.8564,8.4118,11.193,9.6136,9.1295,30.4399,30.8528,8.5884,11.3758,9.4096,8.9495,30.4765,30.8788,8.746,11.5397
FRG03,Mayenne,France,307471,307940,307445,307084,307062,10.201,9.784,30.4985,29.7104,8.528,11.2781,10.1111,9.7051,30.2299,29.5178,8.8287,11.6075,9.7816,9.4183,30.1677,29.2651,9.2898,12.0776,9.6127,9.2372,30.1266,29.165,9.5274,12.3312,9.4649,9.0767,30.1522,29.2042,9.6785,12.4235
FRG04,Sarthe,France,568760,568445,566506,565963,566412,9.7102,9.3347,30.5598,30.7469,8.3976,11.2508,9.6801,9.3263,30.3076,30.562,8.6416,11.4824,9.5069,9.0605,29.9663,30.2214,9.1582,12.0867,9.3587,8.9409,29.8972,30.0841,9.3976,12.3215,9.2364,8.7837,29.8466,30.0732,9.577,12.4831
FRG05,Vendée,France,662122,666714,675247,679991,685442,9.541,9.1104,30.0768,29.8939,9.3225,12.0555,9.4559,9.055,29.8309,29.6547,9.6436,12.3599,9.1796,8.7843,29.4039,29.3374,10.2136,13.0811,9.0448,8.6553,29.2155,29.143,10.5647,13.3766,8.9156,8.5017,29.0916,29.0497,10.8155,13.626
FRH01,Côtes-d’Armor,France,597397,598357,598814,599584,600582,9.0509,8.6017,29.4765,29.3855,9.7895,13.6959,8.9657,8.5322,29.1958,29.1789,10.1374,13.99,8.6589,8.359,28.9116,28.8574,10.6948,14.5182,8.5262,8.2474,28.838,28.7369,10.9289,14.7225,8.3697,8.1005,28.7653,28.6372,11.1865,14.9408
FRH02,Finistère,France,905855,907796,909028,911735,915090,8.8886,8.5127,31.3721,30.5529,8.3539,12.3197,8.8285,8.4119,31.1577,30.3715,8.6602,12.5702,8.615,8.1655,30.7962,30.2308,9.1875,13.005,8.484,8.0666,30.6467,30.0956,9.4462,13.2609,8.3542,7.9138,30.5218,29.9837,9.7214,13.5051
FRH03,Ille-et-Vilaine,France,1032240,1042884,1060199,1069228,1079498,9.8804,9.5054,32.1162,32.1542,6.8568,9.487,9.9145,9.4826,31.9136,32.0008,7.0267,9.6619,9.7434,9.3056,31.7389,31.7677,7.3542,10.0902,9.6663,9.1864,31.6307,31.7267,7.536,10.2538,9.5456,9.0797,31.6214,31.7079,7.661,10.3845
FRH04,Morbihan,France,741051,744813,750863,754867,759684,9.0934,8.6461,30.4099,30.3352,9.0094,12.506,8.9616,8.5909,30.1488,30.0678,9.3713,12.8596,8.7521,8.3262,29.7361,29.7151,9.9716,13.499,8.6244,8.214,29.5934,29.5211,10.2712,13.7758,8.4667,8.0498,29.4821,29.4021,10.5478,14.0515
FRI11,Dordogne,France,416350,415417,413606,413418,413223,7.7288,7.3875,29.1363,29.8127,11.2751,14.6595,7.6581,7.3235,28.8927,29.4973,11.6326,14.9958,7.4039,7.0231,28.4885,29.0537,12.3207,15.7101,7.3335,6.99,28.2912,28.8841,12.5386,15.9625,7.1847,6.8488,28.1381,28.7356,12.8233,16.2694
FRI12,Gironde,France,1526016,1548478,1583384,1601845,1623749,8.9152,8.5067,31.7968,33.2264,7.3381,10.2168,8.9168,8.5169,31.6292,33.0706,7.518,10.3485,8.7989,8.3911,31.3259,32.7818,7.9259,10.7764,8.7178,8.4177,31.1571,32.6917,8.0641,10.9515,8.6598,8.3493,31.1022,32.5763,8.1984,11.114
FRI13,Landes,France,400477,403234,407444,410355,413690,8.6442,8.1817,30.2869,30.4936,9.6917,12.7019,8.5405,8.1003,29.9826,30.2705,10.0378,13.0683,8.3177,7.8899,29.5248,29.9823,10.6071,13.6782,8.2329,7.7911,29.3977,29.8288,10.8411,13.9084,8.1235,7.6403,29.2543,29.7032,11.0924,14.1865
FRI14,Lot-et-Garonne,France,333234,333417,332842,331970,331271,8.5213,7.9803,29.1828,30.1725,10.4974,13.6457,8.4705,8.0272,28.9712,30.0198,10.7157,13.7956,8.3433,7.9332,28.5255,29.6561,11.1948,14.347,8.2288,7.8799,28.3255,29.5222,11.4507,14.5929,8.1625,7.7375,28.2539,29.4134,11.6343,14.7985
FRI15,Pyrénées-Atlantiques,France,667249,670032,677309,679810,682621,8.3063,7.9153,30.6975,31.1818,9.124,12.775,8.2999,7.929,30.4233,31.0434,9.3225,12.9818,8.1602,7.7827,30.021,30.6941,9.8512,13.4907,8.0497,7.7151,29.8547,30.6391,10.0227,13.7187,7.9003,7.5837,29.789,30.5571,10.2345,13.9354
FRI21,Corrèze,France,241340,241871,241464,240583,240073,7.83,7.4985,30.1425,29.4638,10.4968,14.5682,7.7682,7.4515,29.9523,29.3417,10.7533,14.7331,7.6877,7.2822,29.4951,28.9994,11.3106,15.225,7.5778,7.1801,29.3371,28.8549,11.5914,15.4587,7.5085,7.097,29.2136,28.6875,11.8222,15.6711
FRI22,Creuse,France,120581,120365,118638,117503,116617,7.1678,6.7374,29.6705,28.7019,11.7896,15.9329,7.1026,6.7113,29.3931,28.3978,12.1954,16.1999,6.8696,6.7204,28.9604,28.0669,12.759,16.6237,6.7717,6.6671,28.721,27.9295,13.0192,16.8915,6.7091,6.5797,28.5765,27.785,13.3102,17.0395
FRI23,Haute-Vienne,France,376199,375795,374426,373199,372359,8.2156,7.8807,30.3114,31.3244,9.3634,12.9046,8.1824,7.8402,29.985,31.1744,9.6297,13.1883,7.9874,7.6926,29.468,30.8435,10.1921,13.8163,7.8851,7.6335,29.2769,30.7083,10.4475,14.0488,7.8516,7.5736,29.163,30.5501,10.6309,14.2309
FRI31,Charente,France,353853,353613,352335,351778,352015,8.4442,7.8242,30.3538,30.6769,9.7063,12.9947,8.3815,7.7675,30.1279,30.4545,10.0174,13.2512,8.0435,7.6424,29.7067,30.1682,10.6018,13.8374,8.04,7.615,29.5348,29.9732,10.8333,14.0037,7.9366,7.4983,29.4084,29.8536,11.0623,14.2409
FRI32,Charente-Maritime,France,637089,639938,644303,646932,651358,8.1554,7.7476,29.3251,30.2904,10.5707,13.9108,8.0377,7.6753,29.01,30.0699,10.927,14.2801,7.8235,7.4929,28.5614,29.5865,11.4994,15.0362,7.6909,7.3861,28.3415,29.3787,11.8046,15.3982,7.5266,7.2636,28.2493,29.2005,12.0554,15.7046
FRI33,Deux-Sèvres,France,373553,374435,374351,374799,374878,9.362,8.8954,30.4471,30.1794,9.2231,11.8931,9.2772,8.8306,30.1924,29.9927,9.5272,12.18,9.0696,8.7004,29.8738,29.7689,9.9412,12.6462,8.9659,8.5395,29.7805,29.6321,10.1879,12.8941,8.8471,8.3923,29.739,29.595,10.3575,13.0691
FRI34,Vienne,France,433203,434887,436876,437586,438435,8.8769,8.4665,30.9275,31.8904,8.5486,11.2901,8.8025,8.4861,30.782,31.6482,8.7563,11.5248,8.6794,8.3236,30.3585,31.3741,9.2262,12.0382,8.548,8.187,30.2839,31.307,9.4521,12.2221,8.4519,8.0603,30.2211,31.1978,9.6336,12.4354
FRJ11,Aude,France,365478,366957,370260,372806,374070,8.54,8.2585,29.3126,30.3323,10.2906,13.2659,8.5116,8.1541,29.1094,30.1406,10.5486,13.5356,8.315,8.0144,28.6807,29.8066,11.0719,14.1114,8.3397,7.9701,28.4902,29.642,11.2321,14.3259,8.245,7.805,28.3375,29.4474,11.5008,14.6644
FRJ12,Gard,France,736029,738189,744178,745458,748437,9.1923,8.7505,30.1222,31.3939,8.8454,11.6957,9.0811,8.7021,29.9899,31.1409,9.1336,11.9524,8.9062,8.5244,29.6119,30.8495,9.6752,12.4328,8.8099,8.4329,29.4161,30.67,9.9554,12.7157,8.7092,8.3159,29.3039,30.5494,10.1787,12.943
FRJ13,Hérault,France,1107398,1120190,1144892,1159220,1175623,8.7261,8.2653,30.6567,32.7376,8.448,11.1662,8.7114,8.2699,30.4207,32.4772,8.6827,11.4381,8.6315,8.255,30.0983,32.0576,9.0625,11.8951,8.5929,8.2568,29.9136,31.8518,9.2562,12.1286,8.5623,8.1928,29.8249,31.7213,9.391,12.3078
FRJ14,Lozère,France,76360,76309,76601,76520,76604,8.1168,7.8208,31.5322,29.5285,10.2213,12.7803,8.1563,7.7094,31.2086,29.5693,10.4719,12.8845,7.9842,7.5221,30.6432,29.2007,11.1422,13.5077,7.8738,7.5248,30.5293,28.7755,11.5486,13.748,7.7516,7.4526,30.4579,28.6421,11.7788,13.917
FRJ15,Pyrénées-Orientales,France,466327,471038,474452,476357,479979,8.7591,8.3609,28.7138,30.4589,10.035,13.6724,8.6963,8.2409,28.5529,30.1695,10.33,14.0103,8.3897,8.0651,28.2273,29.9109,10.8753,14.5317,8.3708,7.9619,28.0275,29.7821,11.1328,14.7249,8.2749,7.876,27.9206,29.6838,11.3345,14.9102
FRJ21,Ariège,France,152574,152499,153153,153066,153287,8.3251,7.8906,30.1795,29.8203,10.41,13.3745,8.2584,7.8374,29.9038,29.7195,10.6965,13.5844,8.0455,7.6623,29.622,29.2492,11.339,14.082,7.9933,7.5895,29.3449,29.1489,11.6081,14.3154,7.8604,7.4351,29.2543,29.1042,11.8451,14.5009
FRJ22,Aveyron,France,278644,279169,279206,279274,279595,8.1635,7.6693,29.917,28.9574,11.0804,14.2124,8.1524,7.6226,29.7608,28.751,11.2982,14.4149,7.9798,7.4973,29.4557,28.3916,11.7924,14.8833,7.8604,7.3741,29.4657,28.1863,12.0061,15.1074,7.7484,7.278,29.3811,28.0534,12.2388,15.3003
FRJ23,Haute-Garonne,France,1317668,1335103,1362672,1380672,1400039,9.1011,8.6235,33.1993,33.708,6.5162,8.8519,9.1068,8.6377,33.0622,33.5636,6.6484,8.9813,9.0094,8.6352,32.7986,33.3435,6.9069,9.3065,8.978,8.6418,32.725,33.2148,7.0211,9.4193,8.9416,8.6188,32.6507,33.1127,7.1343,9.5419
FRJ24,Gers,France,190625,190932,191091,191283,191377,8.1065,7.6858,29.4767,29.5612,11.2462,13.9237,8.0594,7.565,29.2937,29.3989,11.4727,14.2103,7.8627,7.4179,28.7936,28.9982,12.0785,14.8489,7.8658,7.3112,28.61,28.9409,12.2886,14.9836,7.7266,7.179,28.5484,28.8431,12.4827,15.2202
FRJ25,Lot,France,173648,173400,173828,173929,174094,7.5676,7.3937,29.2131,29.2563,11.6759,14.8933,7.3829,7.2399,28.8431,29.0352,12.1984,15.3005,7.2227,6.9603,28.3907,28.6225,12.8667,15.937,7.1966,6.8528,28.2362,28.4179,13.1203,16.1761,7.0858,6.7038,28.0417,28.2841,13.3997,16.4848
FRJ26,Hautes-Pyrénées,France,228950,228582,228530,229191,229567,7.8939,7.5737,29.9463,30.0367,10.2472,14.3022,7.7565,7.3759,29.669,29.8479,10.6614,14.6893,7.5662,7.1627,29.3909,29.6342,11.1447,15.1013,7.5103,7.1037,29.2385,29.6408,11.3211,15.1856,7.4166,6.9688,29.1209,29.5387,11.6123,15.3428
FRJ27,Tarn,France,384474,386543,387890,388596,389844,8.6469,8.3694,29.5744,30.2528,9.9695,13.1871,8.619,8.3685,29.3846,30.0882,10.1544,13.3853,8.472,8.1582,29.0765,29.8786,10.5553,13.8593,8.4556,8.0899,28.9537,29.7165,10.7942,13.9901,8.3477,7.9278,28.9072,29.6531,10.97,14.1941
FRJ28,Tarn-et-Garonne,France,252578,255274,258349,259124,260669,9.6501,9.2229,30.2398,30.4326,8.9196,11.5351,9.7558,9.2579,29.9043,30.1883,9.1631,11.7305,9.6807,9.1473,29.7377,30.0462,9.4504,11.9377,9.612,8.9752,29.5866,29.8923,9.7448,12.1891,9.5013,8.8024,29.5912,29.8708,9.888,12.3463
FRK11,Allier,France,343062,341613,337988,337171,335975,8.0397,7.7388,29.5273,30.0147,10.3733,14.3062,8.0056,7.6982,29.3086,29.8279,10.6217,14.5381,7.81,7.5245,28.8182,29.2135,11.2596,15.3742,7.7492,7.4917,28.6463,28.9393,11.5659,15.6075,7.6062,7.3616,28.6239,28.8271,11.7476,15.8336
FRK12,Cantal,France,146618,146219,145143,144765,144692,7.3702,7.287,30.3912,29.4398,10.8718,14.6401,7.311,7.1844,30.1596,29.1973,11.2502,14.8975,7.1619,7.0951,29.7197,28.6579,11.8649,15.5006,7.1177,7.0459,29.6308,28.5304,12.1114,15.5638,7.0647,6.9188,29.4508,28.4148,12.3766,15.7742
FRK13,Haute-Loire,France,226565,227034,227283,227552,227570,9.0354,8.6165,30.8534,29.7403,9.2525,12.5019,8.9462,8.523,30.6223,29.5009,9.6074,12.8003,8.7054,8.3015,30.3221,29.2846,10.138,13.2482,8.6099,8.2438,30.1052,29.2316,10.4011,13.4084,8.466,8.1228,30.0409,29.1321,10.6455,13.5927
FRK14,Puy-de-Dôme,France,644216,647501,653742,659048,662152,8.355,8.0797,31.8354,32.0551,8.2696,11.4052,8.4099,8.1032,31.5502,31.8446,8.4723,11.6199,8.3042,8.0516,31.091,31.421,8.9779,12.1543,8.354,8.0665,30.9502,31.2728,9.0937,12.2627,8.2736,8.008,30.8407,31.1368,9.3086,12.4323
FRK21,Ain,France,626127,631877,643350,647634,652432,10.4353,9.9052,31.9549,31.6207,7.096,8.988,10.39,9.9049,31.6867,31.4989,7.2971,9.2224,10.2697,9.7271,31.4045,31.3307,7.6445,9.6235,10.2396,9.695,31.2525,31.1803,7.8271,9.8055,10.1657,9.5933,31.1542,31.1217,8.012,9.9531
FRK22,Ardèche,France,322381,324209,325712,326606,328278,8.8582,8.5452,30.1426,30.0892,9.7906,12.5743,8.8468,8.5143,29.844,29.9581,10.0614,12.7754,8.6355,8.2195,29.488,29.6056,10.6376,13.4137,8.5302,8.1851,29.377,29.4248,10.8838,13.5993,8.374,8.0145,29.302,29.3014,11.139,13.869
FRK23,Drôme,France,499159,504637,511553,514732,516762,9.6953,9.1542,30.3056,31.0172,8.5973,11.2305,9.7,9.2247,30.0899,30.8045,8.7768,11.404,9.5605,9.1062,29.7091,30.4033,9.2338,11.987,9.4607,9.0364,29.6286,30.3665,9.3554,12.1525,9.3407,8.8834,29.5221,30.2822,9.5785,12.3931
FRK24,Isère,France,1243597,1251060,1258722,1263563,1271166,10.0912,9.542,31.9125,31.843,7.1721,9.4392,10.0751,9.5363,31.6422,31.7151,7.4108,9.6206,9.8687,9.3871,31.4252,31.4784,7.7811,10.0593,9.7717,9.3362,31.2987,31.4443,7.9097,10.2394,9.6658,9.2311,31.2591,31.3767,8.0642,10.4032
FRK25,Loire,France,757305,759411,762941,763441,765634,9.4439,8.9853,30.2548,30.6843,8.5927,12.039,9.4439,9.0378,29.9859,30.5304,8.8063,12.1958,9.4674,8.9083,29.6459,30.2306,9.1742,12.5734,9.3967,8.838,29.5821,30.0809,9.3559,12.7464,9.3499,8.7611,29.5085,29.9691,9.5317,12.8797
FRK26,Rhône,France,1801885,1821995,1843319,1859524,1875747,9.8096,9.3572,31.6691,33.2397,6.6474,9.277,9.8136,9.3716,31.5134,33.0908,6.7882,9.4224,9.7502,9.3273,31.3259,32.9098,7.0042,9.6827,9.7236,9.3059,31.2735,32.8563,7.0856,9.7552,9.7022,9.2804,31.2309,32.7676,7.1707,9.8482
FRK27,Savoie,France,426924,428204,431174,433724,436434,9.256,8.8433,31.9223,31.5871,7.8407,10.5506,9.1003,8.705,31.8351,31.4012,8.127,10.8315,8.9354,8.552,31.3753,31.1278,8.6503,11.3592,8.9458,8.519,31.2007,30.9436,8.8118,11.579,8.8568,8.423,31.1197,30.859,8.9938,11.7477
FRK28,Haute-Savoie,France,783127,793938,807360,816699,826094,9.921,9.5111,32.5629,32.6003,6.6291,8.7756,9.9457,9.497,32.3844,32.482,6.7844,8.9065,9.916,9.4202,32.079,32.1517,7.0992,9.3339,9.8359,9.334,32.0433,31.9895,7.3104,9.4868,9.7732,9.2525,31.9846,31.9002,7.453,9.6364
FRL01,Alpes-de-Haute-Provence,France,161588,161799,163915,164068,164308,8.5353,8.0365,29.5387,30.0486,10.4686,13.3723,8.4908,7.8406,29.3586,29.8247,10.7986,13.6867,8.4001,7.7223,29.098,29.5836,11.2082,13.9877,8.224,7.542,28.8661,29.4597,11.5373,14.3709,8.0891,7.5121,28.7399,29.3029,11.7645,14.5915
FRL02,Hautes-Alpes,France,139883,140916,141284,140698,141220,8.748,8.5064,30.6134,30.5784,9.5115,12.0422,8.6832,8.3858,30.433,30.4919,9.7526,12.2534,8.5523,8.1722,29.917,29.9701,10.4414,12.947,8.3747,7.9781,29.8483,29.8483,10.6128,13.3378,8.2106,7.8006,29.7366,29.7507,10.883,13.6185
FRL03,Alpes-Maritimes,France,1083312,1082440,1083310,1086219,1094283,8.1098,7.6578,29.7255,31.4054,9.5731,13.5284,8.1639,7.7094,29.5367,31.2492,9.6937,13.647,8.0856,7.7497,29.1854,30.9658,10.0265,13.987,8.1299,7.7453,28.9883,30.853,10.1667,14.1168,8.1388,7.7535,28.9381,30.7816,10.2234,14.1645
FRL04,Bouches-du-Rhône,France,2006069,2016622,2024162,2034357,2043110,9.2448,8.7867,30.7323,32.5968,7.8974,10.742,9.2083,8.787,30.5795,32.3669,8.0866,10.9718,9.114,8.7293,30.2303,32.0322,8.4747,11.4196,9.0947,8.7288,30.0502,31.9601,8.6167,11.5496,9.0572,8.6596,29.9609,31.8301,8.761,11.7312
FRL05,Var,France,1038212,1048652,1058740,1067697,1076711,8.1881,7.8363,29.4694,30.4625,10.4429,13.6009,8.1769,7.8509,29.2665,30.2999,10.6353,13.7705,8.1736,7.7032,28.8036,29.9632,11.0119,14.3446,8.084,7.6155,28.7385,29.7546,11.2232,14.5842,7.9775,7.5302,28.6515,29.6119,11.4001,14.8287
FRL06,Vaucluse,France,554374,557548,559479,559793,561469,9.4285,8.9595,30.081,31.6323,8.4892,11.4096,9.4153,8.8907,29.9449,31.3656,8.732,11.6516,9.2965,8.8284,29.4472,31.0332,9.276,12.1188,9.2856,8.8104,29.1731,30.8603,9.4985,12.3721,9.175,8.7266,29.1038,30.7093,9.6857,12.5996
FRM01,Corse-du-Sud,France,151652,152730,157249,157853,158507,7.9966,7.4711,30.9188,32.0748,9.5627,11.9761,7.9277,7.3784,30.5624,31.7475,9.9227,12.4612,7.8226,7.2395,30.2202,31.4775,10.3848,12.8554,8.0816,7.5235,29.6713,31.1366,10.5358,13.0514,8.0968,7.5814,29.4492,30.7867,10.7364,13.3496
FRM02,Haute-Corse,France,172560,174553,177689,180701,181933,8.0227,7.5145,31.5705,31.8005,9.3428,11.749,8.0709,7.5415,31.3257,31.5228,9.577,11.962,7.9588,7.3876,30.7639,31.3857,10.1177,12.3862,7.9751,7.4394,30.6374,31.1592,10.3525,12.4366,7.9123,7.3741,30.547,30.9773,10.5226,12.6668
FRY10,Guadeloupe,France,435293,433674,425587,421694,416728,10.3997,10.0337,29.1381,34.5218,6.7929,9.1139,10.1602,9.8357,29.0054,34.4515,7.0638,9.4834,9.5564,9.3271,28.7328,34.2861,7.7876,10.31,9.2773,9.1619,28.6061,34.1295,8.1173,10.708,9.2847,9.1026,28.5508,34.4165,8.0343,10.6112
FRY20,Martinique,France,383911,380877,372594,368783,364508,9.305,8.9633,29.3672,34.7693,7.563,10.0323,9.1415,8.8231,29.2751,34.556,7.8128,10.3915,8.4934,8.3423,28.8703,34.3626,8.5935,11.3378,8.3494,8.1308,28.6258,34.3633,8.8621,11.6687,8.1252,7.9381,28.5459,34.2245,9.129,12.0373
FRY30,Guyane,France,252338,259865,268700,276128,281678,17.3692,16.8354,30.0803,31.1194,2.1622,2.4336,17.0962,16.5844,30.2642,31.2709,2.2354,2.549,16.5214,16.1972,30.093,31.8381,2.5169,2.8333,16.4163,16.2178,29.7449,32.037,2.626,2.958,16.2001,16.0055,29.8003,32.1917,2.729,3.0734
FRY40,La Réunion,France,842767,850727,853659,855961,861210,12.4105,11.8047,31.7587,34.2937,4.1605,5.5719,12.3128,11.7433,31.6347,34.2233,4.3362,5.7498,11.8319,11.3735,31.264,34.4075,4.8105,6.3126,11.6494,11.3017,31.1449,34.3094,5.0318,6.5629,11.3661,11.122,31.0543,34.2061,5.3488,6.9027
FRY50,Mayotte,France,223713,232189,250143,259621,269579,22.0595,22.0778,25.1702,28.0838,1.2847,1.324,21.7487,22.0114,24.5714,28.9953,1.342,1.3312,21.7496,22.0118,24.5703,28.9958,1.3404,1.332,21.7517,22.0132,24.5708,28.9953,1.3377,1.3312,21.7532,22.0151,24.5713,28.9948,1.3358,1.3299
HR021,Bjelovarsko-bilogorska županija,Croatia,115948,114482,110268,108134,106322,7.6879,7.1454,33.9756,32.393,7.067,11.7311,7.6056,7.016,33.7826,32.3038,7.3645,11.9276,7.4908,6.9648,33.2644,31.9794,7.947,12.3535,7.4916,6.9155,32.9147,31.719,8.2851,12.6741,7.4942,6.8735,32.537,31.5288,8.6633,12.9033
HR022,Virovitičko-podravska županija,Croatia,82510,81369,77964,75761,74079,7.7833,7.267,34.3098,33.2384,6.3253,11.0762,7.6811,7.1747,34.1715,33.176,6.5652,11.2316,7.5958,7.0468,33.5834,32.9755,7.1969,11.6015,7.5118,7.0366,33.182,32.782,7.5949,11.8927,7.4893,7.0371,32.8177,32.5247,7.978,12.1532
HR023,Požeško-slavonska županija,Croatia,75525,74547,71104,68907,67236,8.1059,7.5154,33.6763,32.4422,6.9686,11.2916,7.9654,7.398,33.6325,32.4788,7.115,11.4103,7.6873,7.2485,33.2358,32.3287,7.6522,11.8474,7.6741,7.2155,32.7122,32.1796,8.05,12.1686,7.5941,7.0974,32.3279,31.9204,8.4984,12.5617
HR024,Brodsko-posavska županija,Croatia,154486,152065,144940,140187,136809,8.2655,7.6719,33.5351,32.5453,6.8116,11.1706,8.1353,7.5474,33.3739,32.5736,7.0056,11.3642,7.9274,7.2927,33.0144,32.5528,7.432,11.7807,7.8345,7.1776,32.5308,32.4131,7.8745,12.1695,7.7034,7.0734,32.3539,32.1353,8.2692,12.4648
HR025,Osječko-baranjska županija,Croatia,298212,294393,283212,275421,269455,7.5215,7.2023,34.115,33.7746,6.5289,10.8577,7.4187,7.1072,33.995,33.7015,6.7495,11.0281,7.249,6.9704,33.5907,33.5169,7.2451,11.4278,7.1774,6.8829,33.1634,33.3257,7.6534,11.7972,7.1389,6.8323,32.7914,33.0627,8.0548,12.12
HR026,Vukovarsko-srijemska županija,Croatia,174188,170778,162236,155265,150902,8.1917,7.7922,33.4828,32.7933,6.6681,11.0719,8.0953,7.6848,33.2988,32.7167,6.9037,11.3006,7.8361,7.4379,32.9267,32.5501,7.4675,11.7816,7.7352,7.3416,32.527,32.2597,7.9065,12.2301,7.5957,7.1861,32.2905,32.0055,8.267,12.6552
HR027,Karlovačka županija,Croatia,124740,122883,119217,117139,115781,6.7532,6.4695,33.4143,32.1533,8.1193,13.0904,6.7585,6.4574,33.2633,32.0948,8.2298,13.1963,6.6752,6.4462,32.8342,31.9124,8.7404,13.3915,6.6588,6.4445,32.522,31.7631,9.0013,13.6103,6.6315,6.4397,32.3006,31.4879,9.3029,13.8373
HR028,Sisačko-moslavačka županija,Croatia,164956,161991,154604,149637,146216,7.1073,6.7976,33.7429,32.1455,7.7518,12.4548,7.001,6.751,33.5833,32.045,7.9653,12.6544,6.8692,6.6803,33.058,31.809,8.5244,13.0592,6.8312,6.6628,32.5481,31.5637,8.9644,13.4298,6.7749,6.6272,32.307,31.2784,9.2897,13.7228
HR031,Primorsko-goranska županija,Croatia,291674,289155,281580,277320,273848,6.3821,6.0595,33.1843,33.9571,8.5791,11.8379,6.3903,6.0763,32.7402,33.6702,8.8994,12.2235,6.4046,6.1308,31.9604,32.9548,9.5341,13.0155,6.4474,6.1128,31.4719,32.6179,9.921,13.4289,6.4667,6.0793,31.1717,32.1876,10.2582,13.8365
HR032,Ličko-senjska županija,Croatia,48885,48016,46202,45085,44417,6.6237,6.2044,32.7728,29.7167,10.267,14.4155,6.6519,6.148,32.635,29.9067,10.2612,14.3973,6.6058,6.1902,32.4769,29.9706,10.3848,14.3717,6.6186,6.1639,32.1792,29.9257,10.5756,14.537,6.5425,6.0945,32.1273,29.8534,10.7842,14.598
HR033,Zadarska županija,Croatia,170174,168679,165369,163520,162318,7.7585,7.3836,32.5802,32.3569,8.6453,11.2755,7.7081,7.3506,32.2512,32.1605,8.9738,11.5557,7.6405,7.2692,31.5748,31.9286,9.5362,12.0506,7.6474,7.2694,31.2702,31.7246,9.8061,12.2823,7.6714,7.2044,31.0003,31.4679,10.1079,12.5482
HR034,Šibensko-kninska županija,Croatia,105738,104903,101986,100370,99202,6.9237,6.5369,32.2751,31.1402,9.7761,13.3481,6.9064,6.4803,32.0658,31.0668,10.0121,13.4686,6.7539,6.4215,31.5857,30.8003,10.5603,13.8784,6.6594,6.4023,31.2613,30.5928,10.9415,14.1427,6.5694,6.3295,31.0508,30.3401,11.3274,14.3828
HR035,Splitsko-dalmatinska županija,Croatia,450632,447522,439829,435097,431605,8.0485,7.665,33.1204,33.3603,7.3881,10.4178,7.9721,7.6019,32.8793,33.1879,7.6331,10.7257,7.864,7.4308,32.4283,32.9992,8.0891,11.1887,7.8185,7.3694,32.1843,32.823,8.363,11.4418,7.7784,7.3414,31.9818,32.5323,8.6447,11.7214
HR036,Istarska županija,Croatia,204659,203406,199871,198408,197414,6.9775,6.4273,33.4899,33.8128,7.9327,11.3599,7.048,6.4364,32.9538,33.586,8.2495,11.7263,7.0425,6.4512,32.1788,33.1389,8.8802,12.3084,7.035,6.474,31.8979,32.7371,9.2118,12.6441,7.0375,6.4656,31.7232,32.2758,9.553,12.9449
HR037,Dubrovačko-neretvanska županija,Croatia,120928,120408,118303,117248,116658,7.9742,7.5409,32.6393,32.9163,7.9857,10.9437,7.9895,7.512,32.3367,32.7553,8.2212,11.1853,7.9888,7.5273,31.7972,32.3145,8.7225,11.6497,8.0155,7.5831,31.4726,32.062,8.9895,11.8774,7.96,7.6411,31.3326,31.6515,9.221,12.1938
HR050,Grad Zagreb,Croatia,788688,787622,782586,778359,776237,7.569,7.1774,32.0411,35.1645,6.9963,11.0518,7.6293,7.2445,31.782,34.9556,7.1442,11.2445,7.7152,7.3375,31.2502,34.6119,7.4603,11.6249,7.7854,7.3828,30.9478,34.3742,7.6503,11.8594,7.8309,7.4101,30.8974,34.0231,7.7914,12.0471
HR061,Međimurska županija,Croatia,112705,111982,110208,108676,107445,8.5134,7.9491,34.3046,33.1476,6.0654,10.02,8.504,7.8361,34.0885,33.0339,6.3028,10.2347,8.3987,7.8406,33.4259,32.6973,6.9405,10.697,8.4085,7.8831,32.9429,32.5288,7.2739,10.9629,8.3717,7.8822,32.6185,32.1653,7.6495,11.3128
HR062,Varaždinska županija,Croatia,173079,171454,167541,165043,163470,7.5168,7.3071,34.5755,33.2056,6.4485,10.9464,7.4638,7.2013,34.2961,33.2118,6.7103,11.1167,7.3648,7.1015,33.8144,33.0886,7.1541,11.4766,7.3502,7.0715,33.4355,32.9956,7.4587,11.6885,7.3163,7.0178,33.252,32.7699,7.7225,11.9215
HR063,Koprivničko-križevačka županija,Croatia,113467,112031,108479,106485,104705,7.8657,7.1986,33.7402,32.9276,6.8196,11.4483,7.7737,7.1953,33.5684,32.7802,7.0159,11.6664,7.7499,7.0981,33.1336,32.5704,7.4438,12.0042,7.7391,7.0273,32.7896,32.4384,7.7551,12.2506,7.693,7.0446,32.4607,32.1828,8.1075,12.5113
HR064,Krapinsko-zagorska županija,Croatia,129945,128653,125560,124077,122653,7.3847,6.9799,34.6008,32.9986,6.5836,11.4525,7.3345,6.907,34.391,33.0999,6.7678,11.4999,7.242,6.8119,33.8595,33.1443,7.2244,11.7179,7.1955,6.7829,33.6525,33.0601,7.4373,11.8717,7.1568,6.7581,33.4113,32.8798,7.7242,12.0698
HR065,Zagrebačka županija,Croatia,316493,314576,307710,304202,301904,8.0779,7.6662,33.6576,33.844,6.6494,10.1048,8.0009,7.5918,33.3938,33.7216,6.9138,10.3781,7.8593,7.4365,32.7536,33.4799,7.5058,10.9649,7.8201,7.398,32.341,33.2381,7.8714,11.3313,7.7548,7.3556,32.1516,32.8353,8.198,11.7047
HU110,Budapest,Hungary,1733837,1741601,1728929,1723033,1722363,6.7515,6.4091,32.3975,35.202,7.0917,12.1482,6.8697,6.518,32.2902,34.9709,7.1308,12.2204,6.9844,6.6163,32.0834,34.5034,7.316,12.4965,6.9614,6.5909,32.1311,34.2921,7.4079,12.6165,6.9082,6.5248,32.1777,33.9527,7.5906,12.846
HU120,Pest,Hungary,1217628,1221637,1240780,1254436,1270416,8.4547,7.9844,33.9318,34.1133,5.9412,9.5746,8.4713,7.9982,33.7428,33.8408,6.1375,9.8095,8.4916,8.0137,33.5318,33.3377,6.4477,10.1775,8.5387,8.0384,33.4686,33.1381,6.5413,10.2751,8.5594,8.0592,33.3582,32.8783,6.7031,10.4418
HU211,Fejér,Hungary,419416,417571,416062,416567,417568,7.4127,6.9492,34.8852,34.1527,6.2511,10.3492,7.3896,6.9741,34.7337,33.8366,6.4547,10.6111,7.4208,7.0295,34.4415,33.1756,6.8545,11.0782,7.4192,7.0438,34.3486,32.9664,7.0082,11.2138,7.4103,7.0429,34.2744,32.6572,7.1852,11.43
HU212,Komárom-Esztergom,Hungary,301450,300331,299204,299445,301371,7.4002,6.9998,34.3165,34.3891,6.3334,10.561,7.4218,7.0386,34.2509,34.0794,6.4625,10.7468,7.4565,7.0728,34.1259,33.4681,6.7238,11.1529,7.4648,7.0564,34.1021,33.2786,6.8149,11.2832,7.448,7.0697,34.1523,32.9229,6.9665,11.4407
HU213,Veszprém,Hungary,348934,346619,342550,341437,341367,6.9354,6.6182,34.5664,34.0236,6.9045,10.9519,6.9474,6.6246,34.4548,33.7033,7.0807,11.1892,6.9999,6.6989,34.0741,33.0305,7.5096,11.6871,6.996,6.6879,34.0238,32.7917,7.6295,11.871,6.9699,6.6606,33.8952,32.5222,7.8139,12.1383
HU221,Győr-Moson-Sopron,Hungary,447111,447743,449751,452770,457331,7.3662,6.996,34.6413,34.3832,6.4132,10.2002,7.4051,7.0406,34.5158,34.1022,6.5567,10.3796,7.4639,7.0993,34.2701,33.569,6.8602,10.7375,7.4906,7.1206,34.2432,33.3333,6.9477,10.8647,7.5197,7.1165,34.2028,33.1123,7.0492,10.9995
HU222,Vas,Hungary,253121,251762,249811,249590,249429,6.7916,6.3677,34.6317,34.3579,6.79,11.0611,6.7766,6.3389,34.5132,34.0937,7.0285,11.2491,6.7791,6.3236,34.2495,33.4325,7.4376,11.7777,6.7322,6.3584,34.1424,33.2381,7.5993,11.9296,6.7165,6.4034,33.9997,32.9613,7.7722,12.1469
HU223,Zala,Hungary,278914,276249,271348,269037,266827,6.4662,6.1607,34.2238,34.1223,7.0886,11.9384,6.4688,6.2006,34.0635,33.7699,7.3184,12.1789,6.4607,6.1924,33.6642,33.1349,7.8571,12.6907,6.4805,6.1895,33.4645,32.8643,8.0409,12.9603,6.5008,6.1838,33.3516,32.4825,8.2439,13.2374
HU231,Baranya,Hungary,374805,372465,367848,366033,363203,7.1469,6.6917,33.5719,34.5302,6.727,11.3323,7.1086,6.7118,33.4877,34.2185,6.9107,11.5627,7.041,6.6669,33.2453,33.6827,7.2815,12.0827,7.024,6.662,33.1549,33.5063,7.4267,12.2262,7.0005,6.6431,32.9824,33.209,7.6456,12.5194
HU232,Somogy,Hungary,314691,310937,304892,301799,299253,6.9297,6.7066,33.8294,34.1335,6.8404,11.5605,6.9204,6.703,33.6477,33.7435,7.1313,11.8542,6.8277,6.6125,33.3597,33.0868,7.6417,12.4716,6.8214,6.6064,33.2317,32.8712,7.79,12.6793,6.8257,6.5901,33.0727,32.5237,8.0367,12.9512
HU233,Tolna,Hungary,227360,224998,220523,217968,215946,7.0954,6.5311,34.2589,33.9061,6.7699,11.4387,7.0983,6.5378,34.0585,33.6105,6.9938,11.701,7.0405,6.6265,33.6808,32.9018,7.4718,12.2785,7.0391,6.6413,33.5586,32.6832,7.6383,12.4394,7.061,6.6484,33.3338,32.3146,7.8973,12.7449
HU311,Borsod-Abaúj-Zemplén,Hungary,675767,668706,656394,650520,644955,8.0406,7.6596,33.8217,33.8312,5.8972,10.7497,8.0322,7.6479,33.7995,33.6052,6.0266,10.8886,8.0438,7.6603,33.6391,33.0849,6.3168,11.2551,8.0837,7.6889,33.5616,32.8503,6.4342,11.3812,8.1026,7.7246,33.4411,32.5361,6.5983,11.5974
HU312,Heves,Hungary,302963,300485,295829,294477,293185,7.3283,6.9494,33.2869,33.677,6.7335,12.0249,7.3465,6.9571,33.0952,33.397,6.9631,12.2412,7.3448,6.9124,32.9214,32.9129,7.285,12.6235,7.3452,6.9258,32.8742,32.6691,7.4165,12.7691,7.3619,6.9171,32.8073,32.4048,7.5672,12.9417
HU313,Nógrád,Hungary,197533,194627,190669,188851,187045,7.2256,6.8065,33.9503,33.3053,6.7953,11.917,7.2431,6.7981,33.8679,33.0355,6.9569,12.0985,7.1338,6.7767,33.6195,32.5396,7.374,12.5563,7.1194,6.7694,33.5476,32.3149,7.5112,12.7376,7.0475,6.7321,33.5053,31.9976,7.7345,12.983
HU321,Hajdú-Bihar,Hungary,538607,535929,530531,528397,525661,7.7752,7.3926,34.2664,34.5562,5.9999,10.0097,7.7643,7.4055,34.1394,34.2771,6.1825,10.2312,7.7306,7.4101,33.9464,33.6536,6.515,10.7443,7.734,7.3893,33.8704,33.4362,6.6543,10.9158,7.739,7.3953,33.7575,33.1955,6.8074,11.1053
HU322,Jász-Nagykun-Szolnok,Hungary,382898,378984,372454,369996,368531,7.5312,7.0356,33.8074,33.5235,6.836,11.2662,7.5251,7.0444,33.7392,33.2468,7.0029,11.4416,7.5215,7.0511,33.5488,32.7283,7.3247,11.8256,7.5209,7.0652,33.5379,32.416,7.4585,12.0015,7.5294,7.0732,33.4146,32.1436,7.6688,12.1705
HU323,Szabolcs-Szatmár-Bereg,Hungary,558502,558310,556145,551798,545799,8.4191,8.0664,34.5526,34.7186,5.0442,9.1991,8.3593,8.0187,34.5331,34.5102,5.2349,9.3437,8.2897,7.9274,34.541,33.9552,5.5955,9.6912,8.2652,7.8864,34.445,33.6944,5.8009,9.9082,8.2703,7.874,34.2359,33.4259,6.0244,10.1697
HU331,Bács-Kiskun,Hungary,516084,512470,506266,503788,501836,7.2825,6.9551,33.8551,33.822,6.6698,11.4154,7.2896,6.9413,33.7522,33.5345,6.8759,11.6065,7.2733,6.9128,33.5739,32.9951,7.2377,12.0073,7.3017,6.9341,33.4756,32.7906,7.3555,12.1426,7.3396,6.9734,33.3511,32.4716,7.5264,12.3379
HU332,Békés,Hungary,353448,348577,338809,333967,329742,6.782,6.4768,33.7574,33.6004,7.3601,12.0233,6.7328,6.4385,33.6881,33.2773,7.5642,12.2991,6.6462,6.3939,33.4593,32.6942,7.9788,12.8276,6.5971,6.3581,33.397,32.4589,8.1433,13.0456,6.5636,6.3671,33.1993,32.1615,8.3681,13.3404
HU333,Csongrád,Hungary,407148,405857,401062,399746,398444,6.939,6.6588,33.4606,34.4708,6.9275,11.5435,6.9527,6.6775,33.3857,34.1216,7.071,11.7916,6.9645,6.7119,33.1797,33.5103,7.4148,12.2188,6.9869,6.7305,33.1408,33.2183,7.5358,12.3876,6.9483,6.6699,33.0792,32.9695,7.7047,12.6284
IE041,Border,Ireland,392485,391933,399669,403729,409177,11.432,10.8748,31.8494,31.7194,6.7715,7.3529,11.442,10.8182,31.4954,31.7343,6.9586,7.5515,11.2878,10.6631,31.1198,31.6184,7.4166,7.8943,11.0881,10.4587,31.0723,31.6745,7.6274,8.0789,10.9099,10.265,30.9944,31.8275,7.7793,8.2238
IE042,West,Ireland,441263,441897,451973,456433,463229,10.8946,10.4117,32.3694,32.3243,6.6967,7.3034,10.8414,10.3608,32.1917,32.1315,6.9294,7.5452,10.6451,10.2079,31.8897,32.126,7.2622,7.8691,10.5021,10.0792,31.7871,32.0706,7.4918,8.0691,10.4041,9.9264,31.5492,32.2851,7.6088,8.2264
IE051,Mid-West,Ireland,471558,473033,478391,486102,492389,10.763,10.4519,32.6365,32.4246,6.4427,7.2812,10.725,10.3638,32.3295,32.4307,6.6293,7.5217,10.5955,10.1114,32.1164,32.1728,7.094,7.9098,10.3668,9.8446,32.1784,32.1402,7.3509,8.1191,10.2829,9.7522,32.1524,31.9873,7.5629,8.2622
IE052,South-East,Ireland,413493,415073,425507,429508,437773,11.302,10.746,32.1848,32.3887,6.3145,7.064,11.299,10.7179,31.9122,32.2897,6.5044,7.2768,11.0323,10.4266,31.6972,32.3078,6.9244,7.6116,10.8161,10.1872,31.6686,32.2886,7.1559,7.8837,10.5932,9.9654,31.8866,32.2085,7.3134,8.0329
IE053,South-West,Ireland,678128,679100,692475,698972,710143,10.7244,10.2013,32.8578,32.9178,6.1466,7.152,10.5753,10.1493,32.5513,32.9947,6.3845,7.3449,10.4597,10.0424,32.3893,32.7135,6.7496,7.6455,10.3236,9.893,32.3704,32.671,6.9574,7.7847,10.2353,9.8213,32.3476,32.6029,7.0922,7.9008
IE061,Dublin,Ireland,1281345,1308370,1349622,1363247,1391087,9.9649,9.5881,33.6281,34.9651,5.1646,6.6893,10.0046,9.5752,33.5722,34.835,5.2633,6.7496,9.9134,9.5279,33.4274,34.7219,5.4861,6.9233,9.8447,9.4893,33.3944,34.6114,5.6109,7.0494,9.7606,9.3691,33.3562,34.7257,5.6897,7.0986
IE062,Mid-East,Ireland,669980,677297,702813,715088,728419,12.4722,11.9563,32.1257,32.9649,4.9118,5.5691,12.3863,11.8735,32.0028,32.8915,5.1063,5.7396,12.1015,11.5958,32.09,32.8244,5.3953,5.9929,11.9992,11.4915,32.1049,32.736,5.5157,6.1528,11.7943,11.2844,32.2659,32.6679,5.6602,6.3273
IE063,Midland,Ireland,289600,290924,298707,302654,308094,12.0221,11.5031,32.1464,32.346,5.6585,6.3239,11.9289,11.4786,32.086,32.1259,5.8785,6.502,11.8933,11.1953,32.3956,31.9982,6.0169,6.5007,11.9747,11.1702,32.4103,31.9275,6.0323,6.485,11.7269,10.8746,32.5729,31.8098,6.2978,6.7181
IS001,Höfuðborgarsvæði,Iceland,208752,211282,216878,222484,228231,10.3874,10.0737,33.4881,33.2572,5.7494,7.0442,10.3293,9.9848,33.4236,33.1642,5.9229,7.1752,10.0397,9.6921,33.7517,32.8895,6.2196,7.4074,9.8088,9.4694,34.3211,32.6922,6.3016,7.4068,9.6481,9.2503,34.7372,32.5271,6.3821,7.4552
IS002,Landsbyggð,Iceland,116919,117818,121471,125966,128760,10.5509,10.0582,33.5856,31.834,6.9458,7.0254,10.5009,9.9391,33.4838,31.76,7.1364,7.1797,10.1407,9.6352,33.9834,31.5153,7.3861,7.3392,10.0424,9.42,34.4887,31.3751,7.3861,7.2877,9.9309,9.2404,34.5596,31.3902,7.521,7.3579
ITC11,Torino,Italy,2285336,2275771,2262336,2249616,2238663,6.8087,6.3771,31.115,31.8273,10.2802,13.5917,6.771,6.3574,30.9261,31.6295,10.4964,13.8197,6.6506,6.2386,30.921,31.3568,10.7493,14.0836,6.584,6.1718,30.8818,31.2552,10.886,14.2212,6.4785,6.0806,30.8917,31.2039,11.0138,14.3315
ITC12,Vercelli,Italy,176707,175540,173229,171904,170493,6.1514,5.7887,31.2432,31.0701,10.7036,15.043,6.1359,5.7446,31.0596,30.9103,10.9018,15.2478,5.9649,5.6388,31.1097,30.5243,11.2908,15.4714,5.9085,5.5764,31.0883,30.4734,11.4355,15.518,5.8255,5.5574,31.0881,30.352,11.6052,15.5719
ITC13,Biella,Italy,181750,180633,178042,176737,175341,6.0017,5.6517,30.6283,30.8149,11.1378,15.7656,5.9386,5.6114,30.3715,30.6893,11.4497,15.9395,5.784,5.4184,30.2709,30.3844,11.8348,16.3074,5.6762,5.322,30.2534,30.2404,12.0744,16.4335,5.5366,5.2287,30.273,30.1487,12.2652,16.5478
ITC14,Verbano-Cusio-Ossola,Italy,160906,160240,158744,158131,157278,6.1694,5.8108,31.5426,31.4314,10.5086,14.5371,6.1327,5.7826,31.353,31.2756,10.7433,14.7129,5.9303,5.6443,31.3921,30.9171,11.1292,14.987,5.8407,5.6086,31.405,30.7909,11.2761,15.0786,5.6931,5.5017,31.3375,30.729,11.5026,15.2361
ITC15,Novara,Italy,370255,369393,367314,366691,365773,6.8952,6.6027,32.1924,31.9863,9.2428,13.0804,6.8447,6.5808,32.0653,31.7981,9.4604,13.2507,6.7324,6.4773,32.0042,31.5223,9.8001,13.4637,6.6576,6.4035,31.9953,31.4199,9.9536,13.57,6.5617,6.3509,31.9914,31.3596,10.1134,13.6229
ITC16,Cuneo,Italy,592800,592331,589206,588639,587213,7.1218,6.7012,31.9239,31.3185,10.0867,12.8478,7.1087,6.6709,31.7486,31.2251,10.2657,12.9809,6.9981,6.5488,31.6492,31.0357,10.5613,13.2069,6.9284,6.511,31.6873,30.8834,10.6858,13.3041,6.8662,6.4598,31.6653,30.819,10.808,13.3817
ITC17,Asti,Italy,220111,218708,215800,214897,213504,6.703,6.2464,31.092,30.988,10.7473,14.2233,6.6564,6.185,30.9838,30.8219,10.9543,14.3987,6.5051,6.0806,30.9722,30.5602,11.2878,14.5941,6.4077,5.9712,31.0921,30.4662,11.4301,14.6326,6.2786,5.8922,31.1142,30.3858,11.5876,14.7416
ITC18,Alessandria,Italy,433059,430946,425677,423296,420300,5.9874,5.5951,30.8575,30.7884,11.3257,15.4459,5.9346,5.5819,30.7528,30.6837,11.4926,15.5544,5.8568,5.5194,30.7628,30.4148,11.7495,15.6966,5.8122,5.4607,30.8415,30.3298,11.8522,15.7034,5.7445,5.3957,30.868,30.2665,11.9743,15.7511
ITC20,Valle d’Aosta/Vallée d’Aoste,Italy,128245,127972,126677,126213,125653,7.1441,6.8354,32.0083,31.9264,9.5333,12.5525,7.1289,6.7976,31.7804,31.7398,9.7701,12.7833,6.9579,6.5884,31.7058,31.5369,10.1684,13.0426,6.8646,6.4977,31.7146,31.4247,10.3476,13.1508,6.7487,6.3628,31.6459,31.4223,10.5266,13.2938
ITC31,Imperia,Italy,216226,214981,212400,211081,209982,5.9479,5.5669,30.4422,30.7604,11.5416,15.7409,5.9215,5.5047,30.3604,30.6567,11.6592,15.8977,5.8164,5.3884,30.476,30.436,11.8324,16.0508,5.7585,5.4046,30.4935,30.404,11.9158,16.0237,5.7067,5.3476,30.5512,30.3397,12.0044,16.0504
ITC32,Savona,Italy,282258,280806,277357,275698,273732,5.9853,5.6137,29.6753,30.3265,11.9433,16.4559,5.9771,5.5896,29.6066,30.1518,12.0774,16.5976,5.8477,5.49,29.6856,29.9769,12.2445,16.7553,5.7563,5.3925,29.8406,29.9233,12.3225,16.7647,5.6457,5.3092,29.9348,29.9238,12.3931,16.7934
ITC33,Genova,Italy,860560,853201,842249,836148,831172,5.9452,5.6366,29.7241,30.6834,11.5267,16.484,5.9306,5.6369,29.5837,30.5134,11.7037,16.6317,5.8306,5.5319,29.6872,30.3651,11.9079,16.6774,5.7691,5.4737,29.7756,30.3104,11.9802,16.6911,5.694,5.4175,29.8467,30.2781,12.049,16.7147
ITC34,La Spezia,Italy,221278,220439,219373,218614,218094,5.9468,5.6119,30.4739,30.736,11.4069,15.8244,5.8892,5.6333,30.4247,30.5654,11.5715,15.916,5.8275,5.5613,30.5858,30.4873,11.6664,15.8716,5.8198,5.5271,30.6545,30.4747,11.6914,15.8325,5.8255,5.4628,30.7175,30.4979,11.7527,15.7437
ITC41,Varese,Italy,885120,885922,884887,884919,885085,7.2207,6.8082,31.9698,31.9261,9.3726,12.7026,7.1908,6.7732,31.7825,31.7397,9.5878,12.9261,7.084,6.6798,31.5984,31.4828,9.9238,13.2313,7.0071,6.6124,31.5972,31.3771,10.0754,13.3308,6.9318,6.5375,31.5789,31.3116,10.2064,13.434
ITC42,Como,Italy,596740,597842,597927,597486,597807,7.3101,6.8464,32.5299,32.1083,9.0612,12.1441,7.2556,6.8025,32.339,31.9434,9.307,12.3526,7.0858,6.6776,32.2466,31.6871,9.6475,12.6554,7.0074,6.6124,32.221,31.5494,9.8103,12.7996,6.9039,6.5237,32.2554,31.4648,9.9581,12.8941
ITC43,Lecco,Italy,337883,337162,335744,335588,335554,7.3235,7.0776,32.5139,31.595,9.2526,12.2374,7.2137,7.0097,32.3313,31.4125,9.5459,12.4869,7.0137,6.8382,32.1555,31.0659,10.0213,12.9054,6.9588,6.7032,32.0882,30.9975,10.2116,13.0407,6.8749,6.5671,32.0571,30.9065,10.3962,13.1982
ITC44,Sondrio,Italy,182348,181859,181083,181025,180680,7.0179,6.6088,32.6941,32.1073,9.1605,12.4114,6.9884,6.5314,32.4207,32.0523,9.4243,12.5828,6.8792,6.3938,32.1786,31.6385,9.9341,12.9758,6.783,6.329,32.1652,31.5222,10.108,13.0927,6.7036,6.2276,32.1115,31.4401,10.2872,13.23
ITC46,Bergamo,Italy,1104999,1105724,1105276,1106160,1107159,7.9571,7.5193,33.286,32.1336,8.22,10.884,7.8806,7.4447,33.0895,31.9971,8.4862,11.1018,7.6742,7.2394,32.907,31.7833,8.9314,11.4647,7.5567,7.1334,32.9109,31.6944,9.1166,11.588,7.4147,7.0009,32.8983,31.6405,9.3121,11.7334
ITC47,Brescia,Italy,1255637,1255890,1251873,1251306,1254419,7.8293,7.3839,32.9107,31.9509,8.4625,11.4627,7.7427,7.3133,32.7283,31.8658,8.6915,11.6583,7.5139,7.129,32.5652,31.7109,9.0977,11.9833,7.4029,7.0345,32.58,31.6121,9.2678,12.1028,7.274,6.9168,32.6585,31.5593,9.407,12.1844
ITC48,Pavia,Italy,544765,544841,543138,541617,541717,6.5331,6.1458,32.1922,31.6876,9.7332,13.7081,6.508,6.1139,32.0855,31.536,9.9178,13.8389,6.4126,6.0314,32.078,31.3003,10.1913,13.9863,6.3569,5.9705,32.1436,31.2136,10.2966,14.0189,6.302,5.9579,32.1738,31.1157,10.4167,14.0339
ITC49,Lodi,Italy,227647,227637,226686,226807,226949,7.422,6.9832,33.2502,32.2583,8.5048,11.5815,7.3617,6.9637,33.0592,32.0945,8.7503,11.7705,7.2236,6.9047,32.8556,31.8573,9.1223,12.0365,7.2304,6.8296,32.7799,31.7592,9.2625,12.1385,7.1558,6.7451,32.8356,31.7287,9.3893,12.1455
ITC4A,Cremona,Italy,360160,359489,357168,356086,356150,6.9583,6.3894,32.4253,31.4294,9.5788,13.2188,6.912,6.3574,32.2672,31.2599,9.8173,13.3862,6.801,6.2203,32.0001,31.1489,10.235,13.5947,6.7006,6.1567,32.0265,31.0209,10.4084,13.6869,6.648,6.0983,32.0924,30.8676,10.5478,13.7459
ITC4B,Mantova,Italy,412704,411971,408668,407574,407851,7.1821,6.6629,32.1841,31.4206,9.4484,13.1019,7.1282,6.6216,32.0913,31.2823,9.6429,13.2337,6.9729,6.4906,32.0629,31.0793,9.9543,13.44,6.8989,6.4393,32.057,30.9934,10.1,13.5114,6.8449,6.3938,32.1436,30.887,10.1777,13.553
ITC4C,Milano,Italy,3163522,3186367,3214702,3232728,3250077,7.1975,6.717,31.7208,32.1099,9.3012,12.9536,7.1734,6.7235,31.6889,31.9648,9.4043,13.0451,7.0864,6.6596,31.7767,31.8128,9.5249,13.1395,7.0329,6.6158,31.8611,31.7853,9.5539,13.151,6.9434,6.5438,31.9768,31.7741,9.5926,13.1693
ITC4D,Monza e della Brianza,Italy,858244,860065,863267,865666,867385,7.4973,7.0551,32.4278,32.2927,8.9128,11.8142,7.4632,7.0324,32.2698,32.1364,9.099,11.9993,7.3306,6.9196,32.0967,31.8769,9.4629,12.3132,7.2632,6.8457,32.0723,31.7708,9.608,12.44,7.1915,6.7444,32.0727,31.7022,9.7445,12.5447
ITF11,L’Aquila,Italy,305639,304136,300762,299084,297313,6.3323,5.8949,33.0835,32.329,9.6071,12.7533,6.31,5.8605,32.9658,32.1284,9.7976,12.9376,6.2431,5.783,32.7681,31.8258,10.1991,13.1809,6.2103,5.7516,32.7326,31.566,10.4322,13.3073,6.1534,5.7434,32.6343,31.3353,10.6655,13.468
ITF12,Teramo,Italy,310157,309674,307687,305894,305291,6.7427,6.39,32.5097,32.7441,9.4981,12.1155,6.6886,6.3577,32.4415,32.5568,9.6666,12.2887,6.53,6.233,32.3231,32.3806,9.9767,12.5566,6.4735,6.1858,32.3014,32.2752,10.0957,12.6684,6.3923,6.0844,32.3298,32.1408,10.2276,12.8251
ITF13,Pescara,Italy,322271,321830,320008,318034,317366,6.9842,6.5805,31.6386,32.7442,9.465,12.5875,6.9726,6.5556,31.5079,32.6017,9.6091,12.753,6.8795,6.4636,31.3752,32.3539,9.8235,13.1044,6.7892,6.3933,31.4209,32.2469,9.9266,13.2231,6.6967,6.2956,31.4986,32.1443,10.0263,13.3385
ITF14,Chieti,Italy,391851,390196,385473,383047,380675,6.5834,6.1437,31.895,32.3671,10.1161,12.8947,6.54,6.1041,31.6749,32.1907,10.3635,13.1267,6.4235,6.0461,31.453,31.8985,10.7271,13.4518,6.3765,6.0068,31.4523,31.7653,10.8535,13.5456,6.2878,5.935,31.4575,31.6199,10.9976,13.7022
ITF21,Isernia,Italy,86839,86489,85497,84971,84027,5.8891,5.5252,33.1867,32.2724,10.0162,13.1105,5.8724,5.4793,33.0724,31.9994,10.2452,13.3312,5.8037,5.3826,33.0433,31.5415,10.6284,13.6005,5.7879,5.3253,33.0725,31.2848,10.8284,13.7011,5.7374,5.3697,32.8168,31.0329,11.0893,13.9538
ITF22,Campobasso,Italy,226058,224909,222903,221593,219763,6.4138,5.9954,32.5001,32.3014,9.8435,12.9458,6.3066,5.8726,32.4011,32.141,10.0783,13.2004,6.1197,5.6661,32.5734,31.8242,10.3655,13.4511,6.0422,5.5512,32.6197,31.6454,10.5319,13.6096,5.9237,5.4622,32.541,31.589,10.7006,13.7835
ITF31,Caserta,Italy,917923,918110,916615,915730,915549,8.3568,7.9477,33.5054,34.1712,6.8982,9.1207,8.2295,7.8042,33.4909,34.0903,7.0809,9.3043,7.951,7.5465,33.5388,33.9854,7.4006,9.5777,7.8238,7.4252,33.5864,33.971,7.5174,9.6761,7.694,7.3028,33.6304,33.9239,7.6483,9.8006
ITF32,Benevento,Italy,283431,281563,278475,277579,275384,6.7918,6.4086,32.5564,32.6295,9.2534,12.3603,6.6905,6.2934,32.4798,32.6012,9.4519,12.4832,6.4451,6.0752,32.7056,32.4614,9.7039,12.6087,6.3445,5.9731,32.9182,32.3659,9.7824,12.6159,6.272,5.9048,32.8661,32.2902,9.9356,12.7313
ITF33,Napoli,Italy,3078259,3075600,3065231,3060023,3048194,8.5673,8.0977,32.8887,34.3499,6.8624,9.2341,8.4237,7.9593,32.8792,34.2594,7.0551,9.4234,8.1368,7.6819,32.9394,34.1134,7.3932,9.7354,8.002,7.5629,32.9965,34.0296,7.5452,9.8638,7.8581,7.407,32.9775,33.9741,7.7298,10.0536
ITF34,Avellino,Italy,429901,426909,420719,418123,414109,6.8127,6.4727,33.0881,33.1025,8.8995,11.6245,6.6928,6.3676,33.0595,33.0754,9.0654,11.7393,6.4753,6.1637,33.1271,32.8994,9.388,11.9465,6.3694,6.0779,33.2469,32.7385,9.5178,12.0496,6.2669,5.9649,33.163,32.674,9.7252,12.206
ITF35,Salerno,Italy,1103254,1102188,1095614,1091434,1087055,7.3432,6.9432,33.0765,33.5749,8.2568,10.8054,7.2413,6.8401,33.0628,33.4378,8.4323,10.9857,7.0383,6.6639,33.0533,33.2447,8.7582,11.2415,6.9623,6.5869,33.0516,33.1733,8.8946,11.3312,6.8795,6.4829,32.9889,33.0813,9.0827,11.4846
ITF43,Taranto,Italy,584796,582400,576041,572436,568258,7.2362,6.9154,32.1765,33.1692,8.9734,11.5293,7.1717,6.8482,31.9792,32.9828,9.2292,11.7888,6.9302,6.653,31.82,32.6418,9.6901,12.2649,6.8228,6.5331,31.8189,32.5133,9.8596,12.4522,6.6883,6.3899,31.7417,32.4346,10.0732,12.6722
ITF44,Brindisi,Italy,401494,399338,393786,390740,387817,6.9799,6.5941,32.1895,33.4005,8.908,11.9279,6.8644,6.494,32.0528,33.2177,9.1612,12.21,6.6747,6.2572,31.9554,32.9232,9.5387,12.6508,6.5335,6.1642,31.9604,32.7783,9.7149,12.8487,6.426,6.0611,32.0117,32.5878,9.915,12.9984
ITF45,Lecce,Italy,808602,804812,796925,791902,786408,6.8881,6.4745,31.4842,33.035,9.3778,12.7404,6.8012,6.3764,31.3716,32.8639,9.6046,12.9823,6.5465,6.1762,31.28,32.5894,10.0249,13.3829,6.4444,6.0953,31.3056,32.5108,10.1408,13.5031,6.3298,5.9771,31.3147,32.3182,10.3502,13.7101
ITF46,Foggia,Italy,632597,629554,621555,616829,611518,7.7349,7.3143,32.5,32.7607,8.5821,11.108,7.6005,7.2038,32.4088,32.6453,8.804,11.3376,7.3446,6.9535,32.4616,32.4906,9.1075,11.6421,7.2065,6.8226,32.5356,32.4369,9.2462,11.7522,7.0614,6.6585,32.5683,32.3676,9.4112,11.9329
ITF47,Bari,Italy,1256495,1253461,1245190,1240589,1234997,7.3088,6.9267,32.7925,33.5486,8.5612,10.8622,7.2082,6.8243,32.6869,33.3952,8.7881,11.0973,6.9799,6.609,32.5758,33.1091,9.2062,11.5201,6.8851,6.5184,32.5233,33.0042,9.3751,11.694,6.777,6.4007,32.4449,32.8924,9.5786,11.9063
ITF48,Barletta-Andria-Trani,Italy,393804,393704,390570,388470,386530,8.0545,7.6454,33.3854,33.4253,7.9022,9.5873,7.8793,7.5041,33.3695,33.3702,8.0964,9.7804,7.5697,7.1334,33.3203,33.2832,8.5071,10.1864,7.4181,6.9686,33.3449,33.278,8.6581,10.3323,7.2685,6.8023,33.3532,33.2176,8.8407,10.5177
ITF51,Potenza,Italy,375370,373323,368391,365903,362452,6.545,6.0929,33.0748,32.7847,9.2693,12.2333,6.4429,5.9817,32.984,32.6747,9.4883,12.4284,6.2306,5.802,32.9617,32.4671,9.8846,12.6539,6.1459,5.7122,32.9913,32.3479,10.0087,12.7941,6.0132,5.6159,32.9078,32.2205,10.2383,13.0042
ITF52,Matera,Italy,200444,199913,198014,197065,196135,6.96,6.4522,32.8855,32.9718,9.242,11.4885,6.832,6.3813,32.8053,32.7893,9.4621,11.7301,6.5723,6.246,32.8123,32.4603,9.7741,12.135,6.474,6.1178,32.8425,32.3173,9.9206,12.3279,6.3099,6.0433,32.8264,32.2421,10.0737,12.5047
ITF61,Cosenza,Italy,713368,710806,703066,699142,695605,6.7535,6.3853,33.0723,33.5208,9.0235,11.2445,6.6986,6.3415,32.9039,33.3531,9.2498,11.4531,6.5967,6.252,32.7019,33.001,9.6281,11.8202,6.5204,6.2178,32.6619,32.867,9.7743,11.9587,6.4501,6.1443,32.5785,32.7085,9.9552,12.1634
ITF62,Crotone,Italy,172000,171969,172635,171904,171486,8.1634,7.6407,32.925,33.1308,8.0674,10.0727,8.0573,7.5223,32.953,32.8943,8.2428,10.3304,7.74,7.2199,33.6322,32.3202,8.533,10.5546,7.6066,7.1249,33.8154,32.1237,8.6659,10.6635,7.5038,7.0023,33.9392,31.8679,8.8386,10.8481
ITF63,Catanzaro,Italy,360340,359072,356897,355000,352065,6.8813,6.6315,32.9428,33.6052,8.7326,11.2066,6.8521,6.5405,32.777,33.476,8.9536,11.4008,6.7616,6.3778,32.6371,33.1334,9.3083,11.7818,6.7031,6.3425,32.5763,32.9873,9.4856,11.9051,6.6403,6.2602,32.3784,32.8644,9.7519,12.1049
ITF64,Vibo Valentia,Italy,161634,160684,158569,157632,156378,7.4087,6.9348,32.8619,32.8687,8.9808,10.9451,7.3299,6.898,32.7288,32.6809,9.2044,11.1579,6.9913,6.6993,32.8639,32.3884,9.5782,11.4789,6.8901,6.6078,32.8093,32.312,9.7829,11.5979,6.7625,6.5016,32.7872,32.1727,10.0187,11.7574
ITF65,Reggio di Calabria,Italy,550884,549202,543930,540579,536487,7.5014,7.0312,32.3368,33.2135,8.7111,11.206,7.4268,6.9508,32.2592,33.141,8.8931,11.3292,7.2952,6.8033,32.1617,32.9195,9.219,11.6013,7.2461,6.7304,32.1781,32.808,9.3337,11.7037,7.1573,6.6639,32.0994,32.6901,9.5339,11.8555
ITG11,Trapani,Italy,433677,432813,429535,426963,424039,7.1348,6.8334,32.0757,32.5316,9.3869,12.0375,7.0016,6.7223,32.1933,32.3142,9.557,12.2115,6.7536,6.5282,32.3778,32.0542,9.8483,12.4379,6.6568,6.4415,32.414,31.9679,9.9681,12.5517,6.5494,6.3357,32.4322,31.9126,10.0974,12.6727
ITG12,Palermo,Italy,1256483,1255334,1246163,1238675,1231602,7.7863,7.3863,32.3856,33.5,8.1261,10.8157,7.7183,7.3129,32.3372,33.3287,8.2959,11.007,7.5467,7.1792,32.1836,33.0896,8.6563,11.3446,7.4698,7.106,32.0748,33.0045,8.8192,11.5258,7.3845,7.0166,31.9939,32.9006,8.9967,11.7077
ITG13,Messina,Italy,645599,641243,630489,624147,618713,6.6814,6.3677,32.2655,33.2744,9.193,12.218,6.637,6.3098,32.1189,33.1651,9.3866,12.3827,6.4788,6.172,31.9774,32.9222,9.7437,12.7059,6.4211,6.1261,31.9077,32.828,9.8893,12.8277,6.3661,6.0543,31.8038,32.6727,10.084,13.0191
ITG14,Agrigento,Italy,447397,445117,437155,432335,428003,7.4692,7.1194,32.105,32.8346,8.9301,11.5417,7.343,6.9732,32.0916,32.7213,9.1223,11.7486,7.0499,6.6784,32.2137,32.5679,9.3827,12.1074,6.9347,6.5766,32.194,32.5555,9.5125,12.2266,6.8413,6.4404,32.2044,32.4851,9.628,12.4008
ITG15,Caltanissetta,Italy,272007,270972,266428,263235,259586,7.7891,7.3509,32.0308,33.294,8.4505,11.0846,7.6539,7.1908,32.1509,33.1374,8.6275,11.2395,7.3573,6.9362,32.2932,32.9654,8.8819,11.566,7.1993,6.8023,32.3791,32.9572,8.9787,11.6835,7.0497,6.6822,32.3342,32.9421,9.0902,11.9016
ITG16,Enna,Italy,171480,169922,166296,164159,162371,7.1688,6.8014,31.9034,33.0598,9.1177,11.9489,6.9867,6.6483,31.9011,32.9622,9.3431,12.1585,6.6706,6.3411,31.9677,32.7813,9.6545,12.5848,6.5729,6.1976,32.0141,32.6379,9.8429,12.7346,6.4242,6.1027,32.0137,32.4935,10.0221,12.9438
ITG17,Catania,Italy,1094665,1093911,1086981,1081823,1077270,7.902,7.4527,32.6282,33.865,7.8422,10.3099,7.8464,7.3939,32.5779,33.725,7.9924,10.4644,7.6773,7.2578,32.4959,33.4671,8.3162,10.7857,7.6033,7.1806,32.4621,33.3749,8.4436,10.9356,7.4939,7.0872,32.4291,33.257,8.6287,11.1042
ITG18,Ragusa,Italy,317335,317146,317476,316682,315564,7.7401,7.2715,33.0767,32.7036,8.4337,10.7744,7.6328,7.1992,33.0911,32.5519,8.5708,10.9543,7.4352,7.0242,33.3836,32.3111,8.7364,11.1095,7.3825,6.9761,33.3653,32.2892,8.7968,11.1901,7.2946,6.906,33.3533,32.2515,8.9044,11.2903
ITG19,Siracusa,Italy,403111,401808,397377,394169,391400,7.4017,6.8773,32.9475,33.0026,8.8276,10.9434,7.3622,6.7965,32.8505,32.8495,9.0145,11.1267,7.1876,6.6685,32.747,32.5902,9.3254,11.4813,7.1081,6.5769,32.7159,32.5185,9.4386,11.642,6.9936,6.4862,32.7223,32.4165,9.5825,11.7989
ITG2D,Sassari,Italy,488789,488917,488453,487509,486689,6.468,6.1014,33.557,33.3269,9.029,11.5176,6.3913,6.0325,33.4169,33.1533,9.2731,11.7329,6.2319,5.8892,33.2192,32.7495,9.7117,12.1985,6.1601,5.7968,33.1598,32.5541,9.913,12.4162,6.0371,5.6599,33.0983,32.4096,10.1607,12.6344
ITG2E,Nuoro,Italy,214391,213365,210532,209100,207108,6.5726,6.0236,33.2887,32.1921,9.3255,12.5975,6.4893,5.9766,33.1455,32.0259,9.5344,12.8283,6.2603,5.7768,32.985,31.7059,9.9695,13.3025,6.2076,5.7073,32.8259,31.4983,10.2487,13.5122,6.1036,5.6063,32.711,31.3112,10.508,13.76
ITG2F,Cagliari,Italy,426740,426678,425365,425206,424105,6.342,5.9378,33.4096,34.5937,8.4262,11.2907,6.3026,5.8995,33.219,34.3046,8.6672,11.6071,6.1618,5.7214,33.0589,33.748,9.1251,12.1848,6.0578,5.6304,33.0572,33.4944,9.3282,12.4321,5.9033,5.4939,32.9503,33.2984,9.5931,12.761
ITG2G,Oristano,Italy,162007,161055,158935,158197,156623,5.6899,5.3214,33.0597,32.1943,10.3675,13.3673,5.6012,5.22,32.89,32.0152,10.6523,13.6214,5.4217,5.0297,32.5661,31.6198,11.2845,14.0781,5.3598,4.923,32.531,31.3634,11.4737,14.3492,5.2317,4.8684,32.2775,31.1461,11.7939,14.6824
ITG2H,Sud Sardegna,Italy,360601,358627,353554,351028,347732,5.8666,5.4484,33.8837,32.7434,9.7945,12.2634,5.7862,5.3942,33.6001,32.4811,10.156,12.5824,5.6014,5.2156,33.1522,31.9878,10.8207,13.2223,5.4808,5.1207,33.0028,31.7234,11.1504,13.522,5.3872,5.0487,32.7396,31.4331,11.5083,13.8831
ITH10,Bolzano-Bozen,Italy,515389,517994,523454,526772,530313,8.3644,7.8302,32.7962,32.23,8.1255,10.6537,8.308,7.7798,32.7548,32.1691,8.2418,10.7465,8.1786,7.6822,32.7538,32.0395,8.4502,10.8957,8.1447,7.649,32.7398,31.9728,8.5354,10.9583,8.1109,7.6068,32.7324,31.9057,8.6315,11.0127
ITH20,Trento,Italy,536813,538188,540280,541966,543721,7.8387,7.3683,32.3064,32.0655,8.6566,11.7644,7.7523,7.2948,32.1811,32.0078,8.8768,11.8871,7.5764,7.1282,32.0478,31.7894,9.3104,12.1478,7.4759,7.0287,32.0622,31.6725,9.5019,12.2589,7.3742,6.9482,32.0008,31.591,9.7142,12.3716
ITH31,Verona,Italy,917081,918450,918069,919179,922857,7.4865,7.0932,32.4643,32.1177,8.8668,11.9716,7.4144,7.0332,32.3802,31.9992,9.0345,12.1385,7.2957,6.8867,32.251,31.8479,9.3625,12.3562,7.2105,6.8296,32.2419,31.8149,9.4813,12.4218,7.1493,6.748,32.2931,31.7397,9.6005,12.4694
ITH32,Vicenza,Italy,866418,865350,859736,857645,856939,7.642,7.3323,32.8737,31.9884,8.5823,11.5812,7.5655,7.2286,32.7318,31.904,8.8096,11.7604,7.28,6.9946,32.6357,31.7507,9.2399,12.0991,7.1399,6.8555,32.6443,31.7171,9.4263,12.2169,7.0272,6.7228,32.6921,31.6341,9.5814,12.3424
ITH33,Belluno,Italy,207418,205906,203582,202825,202269,6.4406,6.0501,31.5325,31.4356,10.272,14.2693,6.3592,5.9809,31.3128,31.3221,10.5718,14.4532,6.1896,5.8075,31.1226,31.0062,11.0688,14.8053,6.0727,5.6679,31.1904,30.9104,11.2486,14.9099,5.9757,5.5965,31.1219,30.8411,11.4931,14.9716
ITH34,Treviso,Italy,884463,883548,881749,883346,884173,7.7277,7.33,32.4856,32.1509,8.683,11.6228,7.6355,7.2568,32.3141,32.0685,8.925,11.8,7.4272,7.0416,32.2418,31.8566,9.3404,12.0924,7.2982,6.9293,32.3324,31.7455,9.4957,12.1988,7.18,6.7919,32.3437,31.6697,9.6799,12.3348
ITH35,Venezia,Italy,854685,854245,851353,850607,851057,6.7846,6.3268,31.6128,32.1239,9.8712,13.2807,6.7351,6.2721,31.4692,31.992,10.0694,13.4623,6.5545,6.1368,31.4301,31.7625,10.3798,13.7363,6.4847,6.0626,31.4531,31.6475,10.5118,13.8404,6.3702,5.9692,31.515,31.5609,10.6624,13.9223
ITH36,Padova,Italy,932899,934138,931890,932464,933867,7.2104,6.8257,32.4799,32.5614,8.8764,12.0461,7.1373,6.7771,32.3597,32.4181,9.0962,12.2117,6.9796,6.6067,32.1938,32.2403,9.465,12.5147,6.8957,6.5246,32.1752,32.1482,9.6231,12.6332,6.7751,6.414,32.2384,32.0474,9.7937,12.7315
ITH37,Rovigo,Italy,242748,241057,236994,234870,233428,5.9238,5.5164,32.5111,32.163,10.0454,13.8403,5.8936,5.4929,32.3056,31.9509,10.298,14.0589,5.7601,5.4676,31.8928,31.7109,10.8184,14.3502,5.7342,5.4477,31.6929,31.5098,11.0861,14.5293,5.6848,5.3537,31.6547,31.3167,11.2981,14.6919
ITH41,Pordenone,Italy,312862,312003,309706,309946,310636,7.2965,6.7947,32.1247,31.7252,9.4636,12.5953,7.2557,6.7717,31.8987,31.5638,9.7102,12.7999,7.0786,6.6311,31.5819,31.3191,10.1819,13.2074,6.9912,6.5431,31.6778,31.098,10.3431,13.3468,6.9177,6.4867,31.714,30.9855,10.5039,13.3922
ITH42,Udine,Italy,538692,537054,532637,530717,529230,6.3656,6.0972,31.5182,31.5108,10.4416,14.0667,6.3301,6.0575,31.3185,31.3123,10.6976,14.284,6.1667,5.9433,31.051,31.1167,11.0879,14.6345,6.0837,5.8466,31.0452,30.9962,11.2516,14.7768,5.9639,5.7521,31.0816,30.8416,11.4359,14.9249
ITH43,Gorizia,Italy,140222,139904,138555,138218,138143,6.3991,5.8693,31.3924,30.1736,10.8571,15.3086,6.3794,5.824,31.3672,30.0406,10.994,15.3948,6.2069,5.7739,31.4482,29.882,11.215,15.474,6.1331,5.7655,31.6138,29.7725,11.2294,15.4857,6.1038,5.6905,31.8026,29.6446,11.2615,15.497
ITH44,Trieste,Italy,233208,232703,231911,232274,232405,5.8862,5.4947,29.9085,30.2987,11.5459,16.8661,5.8779,5.4993,29.8535,30.1728,11.6814,16.9151,5.7703,5.3913,30.1085,29.9585,11.827,16.9444,5.7157,5.3613,30.3,29.8897,11.8498,16.8835,5.6703,5.3174,30.412,29.8505,11.9072,16.8426
ITH51,Piacenza,Italy,288231,287469,286162,286204,286265,6.5767,6.263,31.5403,31.0647,10.4059,14.1494,6.5938,6.2692,31.4208,30.9588,10.5239,14.2335,6.5407,6.1905,31.4553,30.8832,10.6918,14.2384,6.4908,6.1432,31.6068,30.8343,10.7364,14.1885,6.4835,6.1143,31.6899,30.7816,10.7956,14.1352
ITH52,Parma,Italy,442271,443892,448455,450486,452505,6.8797,6.4659,31.6308,31.7878,9.9432,13.2925,6.9096,6.4525,31.5728,31.7584,9.9903,13.3165,6.891,6.4488,31.6611,31.6616,10.0574,13.28,6.8568,6.4204,31.8263,31.6143,10.0518,13.2304,6.8245,6.3871,31.9057,31.5656,10.1086,13.2085
ITH53,Reggio nell’Emilia,Italy,530584,529306,529479,529588,529932,7.9222,7.3545,32.1418,31.9571,8.9317,11.6928,7.855,7.3266,31.9964,31.8615,9.1106,11.8499,7.7006,7.2022,32.0755,31.727,9.2956,11.9992,7.5691,7.0934,32.1829,31.7069,9.3831,12.0645,7.4015,6.9805,32.3234,31.6626,9.4767,12.1553
ITH54,Modena,Italy,699006,700222,700472,701962,706757,7.4267,6.9722,31.8265,31.868,9.4636,12.4431,7.4152,6.9521,31.6474,31.7449,9.6342,12.6061,7.2847,6.8441,31.632,31.6163,9.8436,12.7794,7.1861,6.7702,31.7667,31.5204,9.9125,12.8441,7.119,6.7057,31.9013,31.447,9.9645,12.8624
ITH55,Bologna,Italy,998967,1002098,1009831,1012550,1017551,6.7534,6.3687,30.8536,31.715,10.3363,13.9731,6.7683,6.3678,30.7497,31.6509,10.4327,14.0306,6.7031,6.307,30.9183,31.6031,10.4863,13.9821,6.6446,6.2598,31.0137,31.5889,10.506,13.987,6.5931,6.2137,31.1191,31.5862,10.5223,13.9655
ITH56,Ferrara,Italy,354362,353293,347788,346447,345538,5.7548,5.467,30.6413,31.2677,11.3534,15.5158,5.7369,5.4966,30.548,31.0643,11.497,15.6573,5.6451,5.4226,30.4182,30.79,11.865,15.8591,5.6049,5.3633,30.5031,30.7077,11.919,15.902,5.5713,5.3172,30.493,30.6004,12.027,15.991
ITH57,Ravenna,Italy,391295,390424,389924,389939,388913,6.7744,6.3257,30.9585,31.3303,10.6043,14.0068,6.7657,6.3201,30.8103,31.1799,10.7534,14.1705,6.6474,6.2061,30.9468,31.0025,10.9167,14.2805,6.5944,6.1102,31.0626,30.9305,10.9786,14.3238,6.5074,6.0541,31.0784,30.8928,11.0745,14.3929
ITH58,Forlì-Cesena,Italy,395737,394957,393337,393867,395438,7.0418,6.5801,31.3769,31.8194,10.1027,13.0791,7.0425,6.5762,31.1429,31.7047,10.2821,13.2516,6.9195,6.5201,30.9834,31.4781,10.5591,13.5398,6.8582,6.4514,31.0894,31.3634,10.6363,13.6013,6.7937,6.3679,31.1854,31.2997,10.7076,13.6456
ITH59,Rimini,Italy,331788,332716,334320,334877,336554,7.1485,6.8128,31.6175,32.6558,9.4744,12.291,7.0934,6.7706,31.4908,32.5494,9.6178,12.4779,6.9643,6.6466,31.3756,32.4022,9.8516,12.7596,6.8739,6.5451,31.4384,32.3444,9.932,12.8662,6.7945,6.4361,31.5637,32.248,10.0061,12.9516
ITI11,Massa-Carrara,Italy,200083,198797,195187,194207,192835,5.9925,5.6796,31.3995,31.384,10.6486,14.8958,5.9785,5.651,31.2243,31.2283,10.8719,15.046,5.8569,5.5321,31.0892,31.083,11.2159,15.2228,5.7717,5.4638,31.1492,30.9942,11.3667,15.2543,5.6841,5.3917,31.1308,30.9052,11.5275,15.3608
ITI12,Lucca,Italy,393038,391332,386741,385329,383477,6.4582,6.0839,31.1649,31.7356,10.4239,14.1335,6.4081,6.0728,31.0304,31.6039,10.6163,14.2684,6.3045,5.9474,30.9838,31.4254,10.9114,14.4275,6.2329,5.8815,31.034,31.3605,11.0,14.4913,6.1193,5.8173,31.0733,31.3242,11.1399,14.526
ITI13,Pistoia,Italy,291254,291267,290462,290665,291413,6.6746,6.287,30.9208,31.8959,10.372,13.8498,6.6537,6.2791,30.767,31.7612,10.5549,13.9841,6.5795,6.1461,30.668,31.58,10.8396,14.1867,6.5044,6.0957,30.8221,31.4389,10.8809,14.258,6.4565,6.0464,30.8421,31.3963,10.957,14.3017
ITI14,Firenze,Italy,1003893,1005814,1005824,1002913,998976,6.8369,6.3436,30.4064,31.7026,10.4755,14.235,6.8245,6.3513,30.3068,31.5726,10.5931,14.3517,6.6803,6.2359,30.4708,31.4703,10.7189,14.4238,6.6009,6.1524,30.5785,31.4274,10.7695,14.4713,6.4876,6.0827,30.6067,31.4205,10.8665,14.5359
ITI15,Prato,Italy,253550,252588,254606,255259,256534,7.5062,6.971,31.7468,32.3345,9.2759,12.1656,7.4936,6.9552,31.5055,32.1239,9.5139,12.408,7.4287,6.8906,31.491,32.0283,9.5972,12.5641,7.3706,6.8291,31.6236,31.9005,9.6631,12.6131,7.2743,6.7437,31.7264,31.9205,9.7133,12.6217
ITI16,Livorno,Italy,339683,338374,335870,334483,332887,6.2626,5.9011,30.4808,31.2759,11.2069,14.8727,6.2336,5.9165,30.33,31.1067,11.3697,15.0434,6.1619,5.8347,30.4058,30.9021,11.5387,15.1568,6.1082,5.8036,30.4102,30.85,11.6347,15.1933,6.0468,5.7422,30.4392,30.8132,11.7151,15.2436
ITI17,Pisa,Italy,420380,421062,420564,419636,418300,6.826,6.4242,31.6021,31.7322,10.0609,13.3546,6.8353,6.4266,31.4704,31.5457,10.2101,13.5118,6.739,6.3769,31.434,31.4043,10.416,13.6298,6.6791,6.3131,31.4866,31.3109,10.4977,13.7126,6.5984,6.2556,31.469,31.2572,10.6216,13.7982
ITI18,Arezzo,Italy,346567,345706,342549,341375,340349,6.6233,6.2758,31.3212,31.7826,10.5374,13.4597,6.5848,6.2568,31.1667,31.6075,10.7239,13.6605,6.4724,6.1215,31.0452,31.3812,11.0203,13.9595,6.3968,6.0432,31.0931,31.3025,11.1707,13.9937,6.3259,5.978,31.1336,31.21,11.2831,14.0694
ITI19,Siena,Italy,270705,269912,267330,266880,266033,6.5451,6.2337,30.4553,31.394,10.8927,14.4792,6.5488,6.2057,30.3121,31.2695,11.048,14.6159,6.4785,6.1164,30.2259,31.2483,11.273,14.6579,6.41,6.0739,30.3931,31.1545,11.289,14.6796,6.3218,6.0229,30.509,31.0469,11.3497,14.7497
ITI1A,Grosseto,Italy,225140,224192,222258,221301,220539,6.094,5.6858,30.6223,31.4133,11.2548,14.9298,6.0524,5.6465,30.4386,31.2335,11.4928,15.1361,5.9719,5.5625,30.3557,30.9861,11.7733,15.3506,5.9096,5.4753,30.4228,30.8991,11.9123,15.3809,5.8434,5.3941,30.4073,30.7918,12.0695,15.4939
ITI21,Perugia,Italy,661638,658819,653802,650524,648829,6.8906,6.4966,31.0142,31.935,10.1306,13.5329,6.8413,6.5013,30.8711,31.7205,10.3323,13.7334,6.7398,6.3888,30.7793,31.5271,10.6232,13.9417,6.6637,6.3146,30.8776,31.4324,10.7141,13.9976,6.5631,6.2191,30.8861,31.3314,10.8888,14.1116
ITI22,Terni,Italy,230461,229469,227190,225953,224915,6.29,5.9398,30.1778,31.4821,11.2041,14.9062,6.2379,5.8892,30.0494,31.3079,11.4233,15.0922,6.0711,5.7507,30.0357,31.1347,11.6832,15.3246,5.9849,5.6645,30.0642,31.0866,11.7856,15.4143,5.8951,5.5874,30.0963,30.9468,11.9467,15.5276
ITI31,Pesaro e Urbino,Italy,362931,361969,359369,359033,358143,7.0741,6.6803,31.6079,31.865,9.8831,12.8895,7.0382,6.6412,31.4579,31.693,10.0716,13.0981,6.8879,6.4992,31.4101,31.446,10.3682,13.3887,6.7905,6.4053,31.5266,31.3542,10.4823,13.4411,6.6881,6.281,31.5399,31.3227,10.6203,13.5479
ITI32,Ancona,Italy,477487,476111,472098,470533,469166,6.9064,6.529,31.2055,31.6499,10.0197,13.6896,6.8751,6.4905,31.0917,31.5672,10.1661,13.8094,6.7651,6.372,30.98,31.3077,10.5033,14.0719,6.669,6.2882,31.024,31.2444,10.6303,14.1442,6.5938,6.1829,31.053,31.1532,10.7653,14.2519
ITI33,Macerata,Italy,321356,320894,317542,314944,313022,6.8133,6.4172,31.481,31.5728,10.1635,13.5523,6.7686,6.4012,31.4238,31.4792,10.2803,13.6469,6.669,6.3538,31.2189,31.2242,10.6017,13.9323,6.5878,6.2691,31.2109,31.1233,10.793,14.0158,6.4817,6.1734,31.1524,31.0259,10.9849,14.1818
ITI34,Ascoli Piceno,Italy,211674,211137,209440,208428,207309,6.4798,6.0362,31.4947,32.2236,10.3121,13.4537,6.4664,5.9724,31.3915,32.0867,10.4591,13.6239,6.3049,5.8671,31.3283,31.8464,10.7969,13.8565,6.2045,5.8514,31.3274,31.7083,10.9328,13.9756,6.0803,5.8078,31.3257,31.5741,11.0704,14.1417
ITI35,Fermo,Italy,176030,175758,174011,173393,172681,6.6574,6.2637,31.4554,31.8343,10.3749,13.4142,6.6193,6.2046,31.375,31.7647,10.4991,13.5374,6.5088,6.0456,31.2429,31.6072,10.7924,13.8032,6.4236,5.9737,31.4332,31.5255,10.8736,13.7705,6.3331,5.8715,31.4563,31.4105,11.0429,13.8857
ITI41,Viterbo,Italy,317858,317302,314003,313010,311761,6.4551,6.0955,32.4088,32.5315,9.8399,12.6692,6.4371,6.0835,32.2942,32.3373,9.9876,12.8603,6.3206,5.9885,32.144,32.1357,10.3063,13.105,6.2548,5.8973,32.274,31.9942,10.4102,13.1695,6.191,5.8413,32.276,31.8253,10.5674,13.299
ITI42,Rieti,Italy,158024,157477,155875,154828,153534,6.1997,5.8732,32.2502,31.8667,10.5592,13.2512,6.1685,5.7735,32.0866,31.764,10.7679,13.4394,6.0683,5.6423,31.9596,31.4521,11.2083,13.6693,5.975,5.5552,31.9955,31.3574,11.3978,13.7191,5.8638,5.4164,31.9323,31.1696,11.6293,13.9884
ITI43,Roma,Italy,4194085,4216217,4254033,4259443,4263542,7.2857,6.8561,31.854,33.4841,8.6116,11.9085,7.2834,6.8455,31.779,33.3545,8.7128,12.0248,7.1723,6.7521,31.8354,33.1721,8.8781,12.19,7.0877,6.6843,31.849,33.1262,8.9651,12.2877,6.9586,6.5585,31.8873,33.0918,9.087,12.4167
ITI44,Latina,Italy,560527,562493,563908,564169,563271,7.2175,6.9053,33.2603,33.3352,8.6262,10.6555,7.1834,6.8694,33.1407,33.0777,8.8243,10.9045,7.0457,6.7674,33.1208,32.6433,9.1476,11.2752,6.994,6.6932,33.1351,32.4849,9.2813,11.4115,6.9333,6.6098,33.0594,32.3881,9.4516,11.5578
ITI45,Frosinone,Italy,493461,491410,486273,483156,480968,6.6325,6.2516,32.912,33.0887,9.2905,11.8246,6.5931,6.2241,32.733,32.8713,9.5525,12.026,6.5046,6.2121,32.506,32.4108,9.98,12.3865,6.4739,6.1701,32.4496,32.2302,10.1752,12.5011,6.4048,6.0919,32.4273,32.0159,10.3687,12.6915
LT011,Vilniaus apskritis,Lithuania,800631,799539,795088,795134,798101,7.8351,7.4163,32.4901,36.0802,5.4166,10.7618,7.8989,7.4545,32.3852,35.8594,5.4692,10.9328,8.1991,7.6407,31.9449,35.361,5.6526,11.2018,8.3312,7.748,31.8446,35.0504,5.7312,11.2946,8.4156,7.8461,31.8387,34.9784,5.6958,11.2254
LT021,Alytaus apskritis,Lithuania,151648,150105,145039,142179,140459,6.5929,6.4887,32.8676,33.4188,7.0552,13.5768,6.4595,6.3562,32.8543,33.4926,7.1097,13.7277,6.361,6.2942,32.4678,33.1201,7.52,14.2369,6.3933,6.3237,32.0638,32.8072,7.8619,14.55,6.3449,6.1854,32.1517,32.6807,7.8457,14.7915
LT022,Kauno apskritis,Lithuania,588618,584772,572374,566447,565545,7.4364,7.063,31.7941,34.7378,6.3075,12.6612,7.3695,7.026,31.6946,34.596,6.4533,12.8606,7.435,7.0761,31.488,34.2117,6.549,13.2401,7.4745,7.1211,31.3406,33.9723,6.6709,13.4207,7.5292,7.1503,31.1759,33.9342,6.8072,13.4032
LT023,Klaipėdos apskritis,Lithuania,328931,327425,321441,318624,318729,7.8004,7.4605,32.246,34.7182,6.1423,11.6325,7.7902,7.4304,31.9924,34.5597,6.3315,11.8959,7.9131,7.5078,31.4524,34.2517,6.5741,12.3009,8.0035,7.6325,31.2509,33.8879,6.6834,12.5417,8.0256,7.6858,31.443,33.744,6.5902,12.5113
LT024,Marijampolės apskritis,Lithuania,155001,153242,147079,143567,141327,7.7045,7.2451,33.3043,33.1011,6.3193,12.3257,7.5808,7.1371,33.3479,33.111,6.4003,12.4228,7.4939,7.1451,33.1441,32.7831,6.7522,12.6816,7.4537,7.0775,33.0633,32.6837,6.8525,12.8693,7.3666,7.0135,32.9378,32.6088,7.0312,13.0421
LT025,Panevėžio apskritis,Lithuania,240206,237487,228599,223753,220699,6.9224,6.6027,32.0587,33.8122,6.9191,13.6849,6.8004,6.5444,32.1138,33.6604,7.0235,13.8576,6.7489,6.4948,32.0509,33.3309,7.2144,14.1602,6.7378,6.4768,31.6925,33.221,7.4622,14.4096,6.6552,6.5161,31.6716,32.9847,7.6638,14.5084
LT026,Šiaulių apskritis,Lithuania,286925,282811,272552,268546,265498,7.2256,6.9579,32.0669,34.332,6.4309,12.9867,7.1235,6.9092,32.0345,34.2427,6.5386,13.1515,7.0797,6.8541,31.7888,33.7613,6.798,13.7181,7.0167,6.8763,31.9483,33.4572,6.8863,13.8151,6.9677,6.8306,32.0824,33.1385,6.9579,14.0231
LT027,Tauragės apskritis,Lithuania,105356,104041,100059,97565,95733,7.5582,7.0969,33.0119,33.327,6.2597,12.7463,7.3663,6.9751,33.1456,33.3119,6.3388,12.8622,7.3077,6.9789,33.0065,33.0185,6.5721,13.1163,7.3438,7.0548,32.7658,32.9216,6.6714,13.2425,7.3172,6.8513,32.5154,32.9009,6.9339,13.4812
LT028,Telšių apskritis,Lithuania,146688,145220,140521,137417,135464,7.8841,7.5269,32.803,34.3402,5.916,11.5299,7.6952,7.355,32.9431,34.3135,5.9937,11.6995,7.5476,7.453,32.7382,33.8789,6.2681,12.1142,7.6133,7.3979,32.306,33.8466,6.4453,12.3908,7.5769,7.3946,32.3289,33.1136,6.632,12.954
LT029,Utenos apskritis,Lithuania,143858,142002,136325,132968,130645,6.1609,5.8884,33.1327,32.9728,7.4004,14.4448,6.0732,5.764,33.2115,32.8291,7.4802,14.642,5.9571,5.7957,32.9778,32.5326,7.7961,14.9408,6.0315,5.8149,32.659,32.289,7.9094,15.2962,5.988,5.8801,32.2952,31.9959,8.2598,15.5812
LU000,Luxembourg,Luxembourg,549680,562958,590667,602005,613894,8.6408,8.197,35.228,33.8581,6.1816,7.8946,8.5536,8.099,35.2652,33.9,6.2689,7.9134,8.3655,7.8743,35.4723,34.0446,6.3836,7.8598,8.2931,7.84,35.5216,34.0251,6.4473,7.8729,8.2322,7.8303,35.5607,33.9886,6.4959,7.8922
LV003,Kurzeme,Latvia,258034,254722,246317,243032,240113,7.7939,7.4684,32.0198,33.239,6.5189,12.9599,7.8635,7.5078,31.7947,32.91,6.6571,13.267,8.0993,7.6588,31.2638,32.3226,6.9232,13.7323,8.1425,7.699,31.1547,32.0526,7.0283,13.9229,8.1516,7.7255,31.1911,31.8017,7.1004,14.0296
LV005,Latgale,Latvia,289505,284653,272128,266476,261585,6.8033,6.489,33.1949,33.7113,6.2731,13.5283,6.8396,6.4963,33.0146,33.3757,6.4584,13.8154,6.9861,6.5627,32.513,32.7927,6.8192,14.3263,7.0382,6.6325,32.3249,32.4949,6.9676,14.542,7.0214,6.6258,32.3111,32.2312,7.0956,14.7149
LV006,Rīga,Latvia,643368,641007,641423,637971,632614,7.1869,6.8238,30.8073,35.7142,6.1057,13.3622,7.4456,7.0466,30.5335,35.2358,6.1996,13.5389,7.8104,7.3535,30.2061,34.5723,6.325,13.7326,7.9283,7.4447,30.1377,34.2327,6.3841,13.8724,8.0074,7.5288,30.0542,33.974,6.4455,13.9902
LV007,Pierīga,Latvia,367038,367609,364954,367266,370589,8.5016,8.0858,32.4307,33.678,5.8934,11.4105,8.688,8.249,32.3243,33.2089,5.9721,11.5577,9.1672,8.6208,31.6577,32.5701,6.1726,11.8116,9.3575,8.7789,31.5387,32.2722,6.2176,11.835,9.4263,8.8349,31.5684,32.0892,6.2768,11.8045
LV008,Vidzeme,Latvia,201915,199027,191794,188494,186095,7.3293,6.8668,32.9193,32.8698,6.5924,13.4225,7.4246,6.9523,32.7433,32.5569,6.7187,13.6042,7.7031,7.1634,32.1897,32.0849,6.9679,13.8909,7.8204,7.2114,31.9697,31.9029,7.083,14.0126,7.9239,7.2613,31.8149,31.7048,7.1974,14.0976
LV009,Zemgale,Latvia,247427,244480,236990,234234,231609,7.696,7.3278,33.5008,33.4608,5.9545,12.0601,7.7761,7.417,33.3172,33.0988,6.0856,12.3053,8.1172,7.718,32.7457,32.4094,6.3868,12.6229,8.2349,7.8516,32.4855,32.1115,6.5268,12.7898,8.2834,7.8663,32.4025,31.9357,6.6068,12.9054
ME000,Црна Гора,Montenegro,621521,622099,622387,622359,622182,9.6751,8.9155,34.0941,33.9902,5.6507,7.6744,9.6319,8.8545,33.9978,33.843,5.8033,7.8695,9.4851,8.7193,33.7899,33.5791,6.172,8.2545,9.4076,8.6575,33.6947,33.4633,6.3452,8.4316,9.3511,8.6103,33.5714,33.3086,6.5344,8.6242
MK001,Вардарски,North Macedonia,153414,153268,152569,152247,152020,8.159,7.6688,36.6459,33.9676,6.0333,7.5254,8.1433,7.682,36.4688,33.767,6.2029,7.7361,8.1465,7.6995,36.0774,33.4708,6.5557,8.0501,8.1217,7.7433,35.8549,33.2309,6.787,8.2622,8.1437,7.6648,35.5664,33.0457,7.0701,8.5094
MK002,Источен,North Macedonia,177982,177408,176261,175615,174876,7.471,7.0726,36.9858,34.6743,6.1062,7.6901,7.3802,7.0284,36.8721,34.5125,6.299,7.9078,7.2506,6.8376,36.4851,34.2316,6.8024,8.3927,7.1702,6.7665,36.2144,34.0313,7.1457,8.6718,7.0776,6.6847,35.9821,33.8245,7.4601,8.9709
MK003,Југозападен,North Macedonia,220182,220049,219729,219654,219571,8.2114,7.5887,37.1756,36.1047,4.7915,6.1281,8.0977,7.4492,37.1972,36.116,4.883,6.2568,7.7778,7.1966,37.2905,36.1072,5.0954,6.5326,7.6557,7.1012,37.2677,36.0098,5.2396,6.726,7.5415,6.9964,37.1843,35.9419,5.4397,6.8962
MK004,Југоисточен,North Macedonia,173435,173537,173517,173380,173304,8.3778,8.1425,36.6414,34.079,5.5583,7.201,8.3803,8.087,36.4752,33.9922,5.7158,7.3494,8.3081,8.0344,36.2351,33.7471,6.0323,7.6431,8.3049,7.9409,36.0555,33.6411,6.2204,7.8371,8.2214,7.8694,35.8745,33.4735,6.4684,8.0927
MK005,Пелагониски,North Macedonia,232089,231483,229993,228970,227912,7.95,7.4428,35.4463,33.8366,6.7073,8.617,7.9803,7.4541,35.3477,33.6768,6.8014,8.7397,7.9281,7.4163,35.1219,33.5175,7.0767,8.9394,7.9141,7.4158,34.9657,33.3162,7.2603,9.1278,7.8649,7.3629,34.7985,33.1694,7.4669,9.3374
MK006,Полошки,North Macedonia,318341,319436,320765,321525,322298,9.192,8.32,37.1985,36.5708,3.9473,4.7713,9.0247,8.2041,37.2935,36.5748,4.0211,4.8817,8.6303,7.8815,37.5739,36.7337,4.1261,5.0545,8.5486,7.8059,37.5246,36.6466,4.2572,5.217,8.4506,7.6997,37.5348,36.6046,4.373,5.3373
MK007,Североисточен,North Macedonia,175799,176115,176127,176219,176155,9.334,8.5649,36.4155,34.2334,5.1792,6.2731,9.1815,8.4939,36.4273,34.172,5.3278,6.3975,8.855,8.2395,36.4481,34.164,5.6079,6.6855,8.7584,8.1932,36.3497,34.0275,5.7973,6.8738,8.6078,8.0463,36.3072,33.9684,5.993,7.0773
MK008,Скопски,North Macedonia,614168,617568,624522,627498,630817,9.3717,8.843,34.0669,34.6296,5.8191,7.2697,9.4317,8.8897,33.8232,34.3645,5.9989,7.4921,9.4858,8.8783,33.5079,33.9277,6.2672,7.9331,9.48,8.8811,33.3297,33.7123,6.4346,8.1623,9.5047,8.8769,33.1351,33.4928,6.5997,8.3909
MT001,Malta,Malta,396318,406375,425832,440264,457072,7.5149,7.035,34.8104,33.192,7.7238,9.7238,7.5024,6.9549,34.8365,32.925,7.9326,9.8485,7.3752,6.8179,34.7954,32.6793,8.2927,10.0394,7.19,6.7155,35.2307,32.5936,8.2998,9.9704,7.03,6.5395,35.9059,32.4564,8.2438,9.8245
MT002,Gozo and Comino/Għawdex u Kemmuna,Malta,31838,32430,33543,34573,35896,7.2586,6.8849,33.8244,31.9492,8.7537,11.3292,7.123,6.7345,33.6633,31.7052,9.1798,11.5942,7.0208,6.6154,33.3393,31.1809,9.8858,11.9578,6.8377,6.4501,33.5377,31.1573,10.0512,11.966,6.6748,6.3489,34.0679,30.9533,10.107,11.8481
NL111,Oost-Groningen,Netherlands,148944,148966,147393,146785,146803,7.901,7.5854,32.0396,30.9855,9.7238,11.7648,7.7528,7.4775,32.0295,30.6822,10.0808,11.9772,7.5051,7.2045,31.6562,30.5225,10.7319,12.3798,7.3979,7.0722,31.4508,30.4425,11.0256,12.611,7.2437,7.0033,31.4054,30.3543,11.2532,12.7402
NL112,Delfzijl en omgeving,Netherlands,47958,47560,46850,46396,46051,7.9611,7.4878,31.8821,30.7185,9.9212,12.0293,7.8301,7.4622,31.7431,30.4647,10.2334,12.2666,7.5603,7.334,31.5945,30.2775,10.7556,12.4781,7.4856,7.2442,31.3238,30.0802,11.1195,12.7468,7.3853,7.0835,31.1481,30.0493,11.4308,12.9031
NL113,Overig Groningen,Netherlands,385826,387416,389338,389763,391136,7.6509,7.3204,35.0982,34.3541,7.0096,8.5668,7.5446,7.2096,35.0419,34.2934,7.1979,8.7126,7.3258,7.0317,34.9817,34.0601,7.6155,8.9853,7.2375,6.9455,34.8676,33.9878,7.8137,9.1479,7.0904,6.8383,34.7539,33.9708,8.0537,9.2929
NL124,Noord-Friesland,Netherlands,324368,324103,324367,324251,324653,8.7795,8.4034,33.0258,31.6554,8.2971,9.8388,8.6469,8.2998,32.8905,31.4959,8.6139,10.053,8.4016,8.0415,32.7185,31.2757,9.0845,10.4783,8.2899,7.9466,32.6068,31.1583,9.3437,10.6547,8.1093,7.8416,32.4839,31.1637,9.601,10.8005
NL125,Zuidwest-Friesland,Netherlands,135594,135377,135743,136004,135764,9.2039,8.9215,31.8023,30.446,9.1199,10.5064,9.034,8.777,31.5888,30.257,9.5363,10.8069,8.6354,8.3511,31.5213,30.1563,10.0639,11.272,8.5255,8.1189,31.3932,30.0712,10.3548,11.5364,8.2975,7.8754,31.3198,30.0529,10.642,11.8124
NL126,Zuidoost-Friesland,Netherlands,186355,186777,186764,187013,187255,8.8932,8.3888,31.9015,30.9587,8.9802,10.8776,8.7789,8.2537,31.8058,30.8544,9.1815,11.1256,8.4802,7.9416,31.7481,30.8213,9.5832,11.4256,8.3053,7.7973,31.755,30.7556,9.7822,11.6045,8.1942,7.6842,31.667,30.6245,10.0574,11.7727
NL131,Noord-Drenthe,Netherlands,189493,189359,192497,192102,191515,8.7576,8.3048,31.3732,30.9742,9.3212,11.269,8.617,8.1343,31.1641,30.8129,9.7038,11.568,8.5258,8.0012,30.8628,30.6763,10.0781,11.8558,8.3102,7.7672,30.7821,30.6228,10.3971,12.1206,8.0808,7.5153,30.8127,30.5224,10.6874,12.3813
NL132,Zuidoost-Drenthe,Netherlands,169448,168812,168131,167842,167968,8.2881,7.9145,31.9921,31.3896,9.3085,11.1072,8.0853,7.734,31.9012,31.2454,9.6687,11.3653,7.7559,7.3544,31.7574,31.0615,10.27,11.8009,7.631,7.2241,31.5845,30.9648,10.5593,12.0363,7.4973,7.1061,31.5251,30.7892,10.8056,12.2767
NL133,Zuidwest-Drenthe,Netherlands,130047,130405,131164,132156,132684,8.8983,8.5869,31.5401,30.7681,9.1552,11.0514,8.7489,8.4659,31.5249,30.6323,9.367,11.2611,8.3171,8.1501,31.4446,30.6243,9.8518,11.6122,8.2055,8.0254,31.3622,30.5737,10.0729,11.7603,8.0507,7.8864,31.3338,30.5056,10.2868,11.9366
NL211,Noord-Overijssel,Netherlands,360744,361694,366319,368819,371608,9.8932,9.4898,32.6775,31.8048,7.3041,8.8306,9.7884,9.3961,32.5775,31.7152,7.5287,8.9941,9.5207,9.0984,32.6128,31.6749,7.8598,9.2335,9.4046,8.9418,32.5726,31.6418,8.0595,9.3797,9.26,8.7926,32.5865,31.639,8.2428,9.4791
NL212,Zuidwest-Overijssel,Netherlands,152608,152982,154159,154834,155539,9.0257,8.7138,32.8993,32.2611,7.7355,9.3645,8.9226,8.5598,32.8261,32.1718,7.9624,9.5573,8.6229,8.2376,32.6539,32.0909,8.4666,9.9281,8.4271,8.0712,32.635,32.1066,8.6874,10.0727,8.2455,7.8701,32.6542,32.064,8.8807,10.2855
NL213,Twente,Netherlands,626342,625976,627209,627848,629284,9.0784,8.5902,33.0391,31.2487,8.0957,9.9478,8.928,8.4436,32.9358,31.1902,8.3585,10.144,8.6191,8.1402,32.901,31.0613,8.7995,10.479,8.4567,7.9999,32.8291,31.0169,9.0221,10.6754,8.2262,7.8319,32.8963,30.9795,9.2407,10.8255
NL221,Veluwe,Netherlands,664067,667946,677662,683240,688799,9.2486,8.7818,32.1468,31.882,7.9667,9.9741,9.1509,8.682,32.0548,31.7427,8.1884,10.1812,8.9863,8.4437,31.9589,31.5983,8.5737,10.439,8.892,8.3918,31.8986,31.4709,8.7651,10.5815,8.8066,8.2972,31.809,31.4023,8.9793,10.7056
NL224,Zuidwest-Gelderland,Netherlands,237076,237548,239890,241244,244052,9.5973,9.203,32.849,32.0446,7.4436,8.8626,9.428,8.9936,32.7357,31.9662,7.7492,9.1274,9.075,8.5898,32.6687,31.8825,8.2621,9.5219,8.9233,8.4392,32.5998,31.8134,8.5146,9.7097,8.683,8.2364,32.7168,31.8322,8.6904,9.8413
NL225,Achterhoek,Netherlands,399707,398772,399921,400416,400685,8.4962,8.1502,31.9884,30.8751,9.2628,11.2272,8.3037,7.9319,31.8809,30.7376,9.5904,11.5555,7.9016,7.538,31.7783,30.5995,10.1683,12.0144,7.7307,7.3501,31.6289,30.5692,10.4759,12.2453,7.5051,7.1662,31.5547,30.5135,10.783,12.4774
NL226,Arnhem/Nijmegen,Netherlands,718842,722312,730428,735203,738436,8.2835,7.8828,33.2143,33.6199,7.5996,9.4,8.1711,7.7743,33.0984,33.4706,7.8699,9.6157,7.9144,7.5194,33.0239,33.2238,8.3251,9.9933,7.7894,7.405,32.9113,33.1402,8.5741,10.1799,7.6621,7.2686,32.8557,33.054,8.7865,10.373
NL230,Flevoland,Netherlands,399896,401791,407818,411670,416546,10.492,9.9646,34.1519,33.9066,5.3569,6.1281,10.2986,9.8285,34.1103,33.8041,5.6044,6.354,9.9714,9.4984,34.0007,33.6927,6.0841,6.7528,9.8185,9.3558,33.8521,33.677,6.348,6.9485,9.6614,9.2115,33.7278,33.6587,6.6024,7.1382
NL310,Utrecht,Netherlands,1253672,1263572,1284504,1295484,1306912,9.3989,8.9376,32.8505,33.6139,6.7007,8.4984,9.3051,8.8627,32.766,33.5006,6.9081,8.6575,9.0897,8.66,32.7206,33.3656,7.2628,8.9014,8.9781,8.5779,32.6747,33.2964,7.437,9.0359,8.8532,8.4557,32.6936,33.2496,7.5825,9.1653
NL321,Kop van Noord-Holland,Netherlands,371616,372095,373266,374461,375659,8.8852,8.4364,32.5527,31.9324,8.6022,9.5911,8.7126,8.2613,32.3925,31.6914,8.9797,9.9625,8.3613,7.9356,32.1256,31.425,9.5969,10.5555,8.2321,7.8155,31.9721,31.2655,9.8817,10.8332,8.0594,7.6977,31.8832,31.1272,10.1377,11.0949
NL323,IJmond,Netherlands,193923,194138,196180,197182,197988,8.4889,7.9459,32.367,32.0426,8.5271,10.6284,8.3003,7.848,32.3378,31.9618,8.7592,10.7928,8.0859,7.6358,32.2642,31.8748,9.1345,11.0047,7.9703,7.5813,32.1972,31.8158,9.3381,11.0974,7.852,7.4696,32.2095,31.7827,9.4955,11.1906
NL324,Agglomeratie Haarlem,Netherlands,225680,227647,231555,232834,235141,8.5635,8.2945,31.7401,32.4189,8.1341,10.849,8.5663,8.3388,31.5137,32.2737,8.3533,10.9542,8.5833,8.2304,31.5519,32.0999,8.5207,11.0138,8.5842,8.2226,31.4224,32.0984,8.6336,11.0388,8.5872,8.1823,31.4088,32.0637,8.7126,11.0453
NL325,Zaanstreek,Netherlands,166375,167158,169499,170860,172214,8.8691,8.3192,32.7687,32.7597,7.8389,9.4443,8.8282,8.2335,32.5279,32.7026,8.069,9.6388,8.6278,8.1039,32.5506,32.5554,8.2891,9.8732,8.5175,8.0405,32.5647,32.4974,8.3934,9.9865,8.4261,7.9755,32.5903,32.4364,8.5103,10.0613
NL327,Het Gooi en Vechtstreek,Netherlands,226937,228149,231941,233827,235636,8.9271,8.5147,30.6578,31.3788,8.8685,11.653,8.8911,8.4559,30.5375,31.2283,9.0717,11.8155,8.8009,8.3853,30.4543,31.0777,9.3343,11.9474,8.7458,8.3399,30.387,31.0631,9.463,12.0012,8.688,8.2958,30.4262,31.0135,9.5159,12.0606
NL328,Alkmaar en omgeving,Netherlands,239811,240505,243632,245196,246730,8.7494,8.3437,32.2508,32.0027,8.5221,10.1313,8.6368,8.268,32.0114,31.7266,8.8875,10.4696,8.3815,7.9809,31.8681,31.5234,9.3255,10.9206,8.2563,7.8154,31.7729,31.3969,9.5817,11.1768,8.1851,7.6634,31.5945,31.3476,9.8055,11.404
NL329,Groot-Amsterdam,Netherlands,1305307,1313889,1344659,1357675,1370657,8.4153,8.0119,34.6138,35.1905,6.1583,7.6101,8.3088,7.926,34.6058,35.1955,6.2756,7.6882,8.0713,7.7092,34.7258,35.1511,6.5378,7.8047,7.9595,7.5931,34.742,35.1128,6.6794,7.9131,7.8505,7.4825,34.7644,35.1292,6.7883,7.9851
NL332,Agglomeratie ’s-Gravenhage,Netherlands,830237,838015,853987,864129,872211,8.9844,8.5733,33.2916,33.6032,6.7394,8.8081,8.9737,8.5827,33.1113,33.5282,6.9163,8.8878,8.9244,8.4991,32.9753,33.3935,7.2146,8.9931,8.8787,8.4564,32.9383,33.3181,7.354,9.0547,8.7976,8.3915,32.9251,33.2744,7.4788,9.1325
NL333,Delft en Westland,Netherlands,221743,224041,226047,229083,231157,7.809,7.5028,36.3804,32.3023,7.2828,8.7227,7.6816,7.3857,36.3438,32.2544,7.4977,8.8368,7.655,7.36,35.8452,32.1031,7.9346,9.1021,7.5732,7.255,35.8049,32.0814,8.0691,9.2163,7.5274,7.1817,35.623,32.1024,8.2277,9.3378
NL337,Agglomeratie Leiden en Bollenstreek,Netherlands,413101,415106,421296,424657,427217,8.512,8.1343,33.0224,33.311,7.6727,9.3476,8.4277,8.0286,32.8555,33.2344,7.9026,9.5513,8.209,7.8069,32.6649,33.1375,8.3191,9.8627,8.1108,7.7093,32.5225,33.1072,8.5292,10.021,8.0074,7.6455,32.4596,33.0401,8.693,10.1543
NL33A,Zuidoost-Zuid-Holland,Netherlands,399315,400229,402373,404109,405481,9.3114,8.8416,32.1668,31.9327,7.9015,9.8459,9.245,8.7555,32.0172,31.7736,8.1433,10.0655,8.9765,8.5709,31.9639,31.6438,8.5021,10.3429,8.9152,8.4848,31.8649,31.594,8.6657,10.4754,8.8315,8.3987,31.7988,31.5453,8.8243,10.6015
NL33B,Oost-Zuid-Holland,Netherlands,294815,318688,324054,327821,331621,9.1556,8.869,32.5374,32.1856,7.9073,9.3452,8.9806,8.7277,32.3297,31.9755,8.304,9.6825,8.7168,8.4452,32.2153,31.8111,8.7288,10.0829,8.6117,8.3579,32.1221,31.7344,8.9302,10.2437,8.5179,8.2434,32.0794,31.6955,9.0781,10.3857
NL33C,Groot-Rijnmond,Netherlands,1417821,1403932,1422465,1431245,1441452,8.6505,8.2589,33.0841,33.3103,7.4367,9.2594,8.5922,8.1995,32.9625,33.2513,7.6155,9.3789,8.4887,8.0858,32.8137,33.1266,7.9045,9.5806,8.4355,8.0259,32.7067,33.0973,8.0575,9.6772,8.3761,7.9466,32.6616,33.0642,8.1787,9.7728
NL341,Zeeuwsch-Vlaanderen,Netherlands,105917,105684,105641,105438,105499,7.5503,7.1547,31.4482,30.6476,10.6461,12.5532,7.4278,7.055,31.1684,30.5032,10.9998,12.8458,7.1762,6.8146,31.1461,30.242,11.3346,13.2865,7.0629,6.7291,30.9765,30.1343,11.6182,13.479,6.9669,6.6238,30.9065,29.9519,11.8949,13.6561
NL342,Overig Zeeland,Netherlands,274704,275042,275927,276866,277533,8.7145,8.2016,31.5409,31.1317,9.286,11.1254,8.5892,8.1122,31.3821,30.9411,9.5858,11.3895,8.3446,7.9231,31.2296,30.7389,10.0327,11.731,8.2459,7.8424,31.1089,30.6719,10.245,11.8859,8.1262,7.7418,30.9603,30.601,10.4921,12.0786
NL411,West-Noord-Brabant,Netherlands,622052,623882,627967,631423,634030,8.2141,7.8299,32.7764,32.5992,8.4922,10.0882,8.0964,7.7452,32.623,32.4382,8.7887,10.3085,7.8956,7.5631,32.4754,32.1383,9.2341,10.6934,7.778,7.4399,32.4497,32.0368,9.4292,10.8664,7.6902,7.355,32.3597,31.9367,9.6355,11.023
NL412,Midden-Noord-Brabant,Netherlands,465254,466683,471737,475223,478957,8.4552,7.9716,33.48,32.7978,7.8761,9.4194,8.3487,7.8711,33.3072,32.6401,8.1589,9.674,8.1274,7.681,33.1161,32.4051,8.6211,10.0492,8.0442,7.5865,33.0725,32.2912,8.7986,10.207,7.9208,7.4696,33.0084,32.2847,8.9893,10.3272
NL413,Noordoost-Noord-Brabant,Netherlands,643642,645663,651064,654822,658616,8.6068,8.3231,33.269,32.1805,8.0947,9.5259,8.4595,8.1944,33.1007,31.9953,8.4347,9.8153,8.1591,7.8814,32.8854,31.8148,8.985,10.2743,8.0271,7.7474,32.7478,31.7822,9.2376,10.4578,7.9043,7.5981,32.6734,31.7334,9.4525,10.6384
NL414,Zuidoost-Noord-Brabant,Netherlands,748326,752523,761763,766818,773203,8.3792,7.9238,33.7952,31.8298,8.2689,9.8031,8.2405,7.8198,33.7051,31.7129,8.5123,10.0093,8.0096,7.5618,33.6513,31.5899,8.8877,10.2998,7.8894,7.4377,33.6051,31.5519,9.0842,10.4317,7.7751,7.3335,33.6165,31.5207,9.2374,10.5168
NL421,Noord-Limburg,Netherlands,280517,280552,281514,281486,282067,8.1033,7.8787,33.4397,31.771,8.6376,10.1698,7.9579,7.6674,33.191,31.6216,9.0807,10.4815,7.6856,7.3112,32.8627,31.4375,9.7224,10.9806,7.5169,7.1432,32.6972,31.3309,10.068,11.2439,7.3993,7.0416,32.5827,31.1628,10.3493,11.4643
NL422,Midden-Limburg,Netherlands,235335,235351,235995,236687,236702,7.4128,7.1974,33.1795,31.7926,9.3892,11.0285,7.2772,7.0592,32.9397,31.5639,9.7786,11.3813,7.0374,6.8001,32.6325,31.2062,10.4172,11.9066,6.9467,6.6865,32.3875,31.0866,10.7551,12.1375,6.8141,6.5885,32.1396,30.9478,11.0912,12.419
NL423,Zuid-Limburg,Netherlands,604154,602038,600037,599025,597368,6.6167,6.35,32.8971,32.7057,9.6623,11.7682,6.5089,6.2634,32.6617,32.5212,10.0065,12.0383,6.3278,6.0485,32.328,32.2528,10.5623,12.4806,6.2764,5.9892,32.1107,32.0634,10.8349,12.7253,6.2271,5.9121,31.8952,31.8596,11.1231,12.9828
NO020,Innlandet,Norway,366785,368358,369893,370994,371054,8.3425,7.9109,32.446,31.1703,9.1053,11.025,8.2238,7.7962,32.4372,31.0301,9.3197,11.1929,8.0964,7.6203,32.2496,30.8865,9.6979,11.4493,8.0505,7.5459,32.152,30.7687,9.9118,11.5711,7.9792,7.4253,32.0476,30.7098,10.1233,11.7147
NO060,Trøndelag,Norway,444966,449386,458221,462354,465634,9.26,8.7694,33.8507,31.815,7.4197,8.8852,9.1658,8.6979,33.8128,31.7738,7.5895,8.9602,9.0413,8.5441,33.7507,31.6216,7.9126,9.1297,8.9793,8.5166,33.6828,31.5248,8.0726,9.2239,8.9074,8.4098,33.6217,31.4672,8.2365,9.3573
NO071,Nordland,Norway,239621,240402,241614,242076,242126,8.8502,8.3503,33.1503,31.211,8.4529,9.9854,8.7042,8.2391,33.1703,31.0522,8.7075,10.1268,8.5728,8.0571,33.0043,30.9043,9.1121,10.3496,8.5275,8.0041,32.8508,30.8048,9.3512,10.4616,8.4497,7.9219,32.6689,30.684,9.6404,10.635
NO074,Troms og Finnmark,Norway,238513,240338,243033,243925,244326,8.9798,8.5911,34.3285,31.901,7.5883,8.6113,8.7647,8.4639,34.4353,31.7757,7.784,8.7764,8.6029,8.2623,34.2809,31.576,8.2088,9.0691,8.5079,8.1746,34.1625,31.5142,8.4083,9.2323,8.3994,8.061,34.0316,31.4535,8.6405,9.4141
NO081,Oslo,Norway,634463,647676,666759,673469,681071,8.7239,8.3611,35.8894,34.8849,5.2153,6.9254,8.688,8.3661,35.8931,34.8802,5.2729,6.8997,8.7162,8.3017,35.7583,34.9243,5.4053,6.8942,8.698,8.2513,35.6787,34.9655,5.4855,6.921,8.5624,8.1727,35.7369,35.0033,5.5631,6.9615
NO082,Viken,Norway,1154995,1169037,1199404,1213729,1227305,9.6637,9.177,33.0888,31.9907,7.2354,8.8445,9.5895,9.0973,33.0465,31.9086,7.4052,8.9529,9.4682,9.0016,32.9883,31.7568,7.6704,9.1147,9.4028,8.9341,32.9435,31.6992,7.8064,9.214,9.3291,8.8342,32.9032,31.6361,7.9576,9.3399
NO091,Vestfold og Telemark,Norway,405749,408014,413702,415777,417711,8.8961,8.3865,32.7784,31.9385,8.0414,9.9591,8.8517,8.2654,32.6959,31.845,8.2509,10.0911,8.7147,8.1377,32.5384,31.6061,8.6521,10.3509,8.684,8.0897,32.3897,31.4527,8.8701,10.5138,8.5945,8.0115,32.2673,31.3185,9.1247,10.6835
NO092,Agder,Norway,292225,295644,300789,303754,305244,9.7914,9.3503,33.2244,31.7933,7.1496,8.6909,9.6819,9.2199,33.2068,31.7926,7.2936,8.8052,9.5698,9.1549,33.0876,31.5191,7.6609,9.0076,9.5123,9.0494,32.9747,31.4926,7.8333,9.1377,9.4557,8.9853,32.7951,31.4463,8.0169,9.3008
NO0A1,Rogaland,Norway,459625,466302,472024,473526,475654,10.3795,9.9566,34.571,32.0801,5.8855,7.1273,10.2599,9.8923,34.5705,32.0367,6.0429,7.1977,10.1982,9.8175,34.211,31.8986,6.4302,7.4445,10.1982,9.8037,33.9373,31.7966,6.6611,7.6032,10.1158,9.6762,33.75,31.7844,6.8773,7.7964
NO0A2,Vestland,Norway,613008,619323,629046,631608,633117,9.5787,9.1779,33.9369,31.5967,7.0723,8.6376,9.5044,9.084,33.9083,31.5556,7.2195,8.7282,9.4154,8.9442,33.7657,31.4522,7.5352,8.8873,9.3536,8.8857,33.5887,31.3847,7.7553,9.032,9.2509,8.7902,33.4363,31.3718,7.9655,9.1853
NO0A3,Møre og Romsdal,Norway,259106,261322,263832,264407,264970,9.3112,8.9681,33.5639,30.7264,7.9589,9.4714,9.2285,8.8492,33.5582,30.6549,8.1459,9.5633,9.0527,8.6938,33.3095,30.5168,8.5877,9.8396,9.0236,8.6465,33.0755,30.3793,8.8466,10.0285,8.9338,8.5753,32.9456,30.2581,9.0897,10.1974
PL213,Miasto Kraków,Poland,750378,753421,757685,760626,766683,6.816,6.3957,33.195,36.2826,6.6648,10.6458,6.8932,6.4852,32.9408,35.9091,6.8538,10.9178,7.1792,6.7878,32.26,34.9682,7.2824,11.5223,7.383,6.9817,31.861,34.4771,7.4861,11.8111,7.5618,7.1671,31.5424,34.0463,7.6474,12.0351
PL214,Krakowski,Poland,702118,706296,715099,720177,725128,8.6242,8.2181,35.2022,34.5586,5.2859,8.111,8.6444,8.183,35.027,34.4428,5.4593,8.2436,8.657,8.1811,34.6311,34.1076,5.8549,8.5683,8.7295,8.2453,34.3584,33.8889,6.0487,8.7292,8.8227,8.2952,34.061,33.6157,6.2673,8.938
PL217,Tarnowski,Poland,452658,452901,452730,452857,452713,8.1678,7.714,35.1999,34.3489,5.661,8.9085,8.055,7.6165,35.1562,34.249,5.8267,9.0967,7.9202,7.4669,34.9279,33.9823,6.194,9.5088,7.9272,7.4673,34.7107,33.7934,6.4117,9.6896,7.9627,7.4886,34.4432,33.5378,6.6437,9.9239
PL218,Nowosądecki,Poland,526815,528108,531216,532952,534399,9.5161,9.0476,35.0136,33.7545,4.9581,7.7101,9.4206,8.9525,34.975,33.6888,5.0978,7.8652,9.2821,8.7778,34.7853,33.5229,5.4298,8.2021,9.2965,8.782,34.6072,33.3561,5.6014,8.3567,9.3309,8.7906,34.42,33.1513,5.7824,8.5249
PL219,Nowotarski,Poland,333583,334053,334792,335345,335414,8.853,8.5232,34.7913,34.1642,5.2892,8.379,8.7657,8.4076,34.7068,34.0754,5.4545,8.59,8.6083,8.2529,34.5259,33.8804,5.8141,8.9184,8.6323,8.2354,34.288,33.6907,6.0132,9.1404,8.6517,8.223,34.0719,33.5323,6.2105,9.3106
PL21A,Oświęcimski,Poland,550545,549800,548281,547541,546208,7.5987,7.281,35.151,34.8028,5.9684,9.1982,7.5737,7.2512,34.9631,34.552,6.173,9.4871,7.599,7.2448,34.4477,34.0198,6.6305,10.0582,7.6531,7.2738,34.1521,33.683,6.8866,10.3514,7.7057,7.2981,33.8545,33.3595,7.1372,10.645
PL224,Częstochowski,Poland,521108,519133,514496,512128,510139,6.9275,6.5873,34.9536,35.1309,6.1884,10.2123,6.8809,6.5842,34.7797,34.8521,6.424,10.479,6.8523,6.5725,34.2082,34.1946,7.0296,11.1427,6.9016,6.6105,33.8281,33.8023,7.3493,11.5083,6.9218,6.6166,33.5838,33.4081,7.6397,11.8299
PL225,Bielski,Poland,657701,658402,659211,660324,661228,7.8834,7.5049,34.5237,35.0822,5.9002,9.1055,7.8944,7.4938,34.2895,34.792,6.145,9.3853,7.9506,7.5082,33.7159,34.1326,6.6847,10.008,8.048,7.5854,33.4033,33.7098,6.9328,10.3207,8.1377,7.6527,33.094,33.3351,7.1499,10.6305
PL227,Rybnicki,Poland,625439,624979,623357,623305,622483,7.694,7.32,35.2167,35.3611,5.9174,8.4908,7.7148,7.327,34.9225,35.0162,6.1896,8.8299,7.7878,7.3855,34.2271,34.2383,6.7581,9.6032,7.848,7.4737,33.8995,33.8178,7.0118,9.9492,7.9035,7.5252,33.6048,33.4314,7.2391,10.296
PL228,Bytomski,Poland,438532,437018,433811,432570,431037,7.0877,6.7632,34.974,35.1536,6.2914,9.73,7.086,6.7782,34.7274,34.864,6.5206,10.0238,7.1176,6.8216,34.1769,34.1976,7.0063,10.68,7.2079,6.9089,33.8572,33.782,7.2393,11.0047,7.2667,6.9829,33.5549,33.4094,7.4815,11.3046
PL229,Gliwicki,Poland,472604,470381,466947,465435,463141,6.8785,6.6066,35.0642,35.5975,6.3935,9.4597,6.9104,6.6525,34.7257,35.2831,6.6361,9.7923,7.056,6.7267,34.0287,34.4906,7.1775,10.5205,7.1806,6.8398,33.6853,34.0284,7.4169,10.849,7.3127,6.9137,33.3039,33.6168,7.6679,11.1851
PL22A,Katowicki,Poland,750768,746709,739483,736454,733268,6.74,6.4446,34.7258,35.3391,6.5175,10.233,6.7866,6.4956,34.4158,34.9514,6.769,10.5816,6.9071,6.6222,33.7313,34.1678,7.2954,11.2763,7.0148,6.7336,33.3915,33.7597,7.5175,11.5828,7.1195,6.8253,33.0706,33.3571,7.7149,11.9126
PL22B,Sosnowiecki,Poland,695070,691191,683319,679270,675084,6.5376,6.2066,35.028,35.7495,6.3684,10.1099,6.5773,6.2359,34.62,35.3762,6.7061,10.4845,6.6533,6.281,33.7662,34.4994,7.4309,11.3692,6.7135,6.3652,33.2868,34.009,7.8051,11.8203,6.7704,6.4004,32.8392,33.5092,8.195,12.2859
PL22C,Tyski,Poland,386955,387892,389904,391377,392618,7.9818,7.6479,35.6261,35.8331,5.1722,7.7389,8.0424,7.7388,35.2869,35.504,5.4211,8.0069,8.2197,7.8555,34.5793,34.7306,5.952,8.6629,8.3615,7.9754,34.1461,34.3377,6.2119,8.9673,8.4589,8.1036,33.7539,33.9014,6.5022,9.28
PL411,Pilski,Poland,408879,408357,407278,406879,406147,8.5189,8.0004,35.8192,35.0111,4.9712,7.6793,8.4624,7.9193,35.5953,34.7245,5.279,8.0195,8.3732,7.8401,35.1345,34.2169,5.8253,8.6101,8.3937,7.8601,34.8015,33.8939,6.1291,8.9218,8.381,7.8718,34.5269,33.5928,6.4095,9.2181
PL414,Koniński,Poland,655569,655320,653607,653355,652618,8.2328,7.7012,35.4913,34.9403,5.302,8.3323,8.2012,7.6589,35.2486,34.6866,5.5617,8.6431,8.139,7.6179,34.7963,34.1323,6.0578,9.2568,8.1735,7.6227,34.4802,33.8462,6.3273,9.5501,8.2143,7.6683,34.2056,33.5066,6.5738,9.8313
PL415,Miasto Poznań,Poland,545204,543757,539262,537682,535946,6.7599,6.4167,33.4093,36.24,6.4849,10.6892,6.8873,6.5145,33.0068,35.7373,6.7743,11.0798,7.1427,6.7778,32.2303,34.6815,7.3104,11.8573,7.3194,6.9602,31.8091,34.0977,7.574,12.2396,7.4619,7.0878,31.441,33.5536,7.8165,12.6391
PL416,Kaliski,Poland,667263,667214,666344,666265,665874,8.1046,7.6875,35.1296,34.9628,5.5067,8.6087,8.0854,7.6547,34.9087,34.6577,5.7593,8.9342,8.0633,7.6369,34.4372,34.0818,6.2631,9.5178,8.1179,7.6782,34.1435,33.7139,6.5159,9.8306,8.1418,7.727,33.9124,33.3868,6.7363,10.0958
PL417,Leszczyński,Poland,549365,550413,551802,552942,554079,8.6893,8.1423,35.4811,34.9407,5.0517,7.6949,8.6918,8.1235,35.2377,34.6155,5.3273,8.0042,8.6866,8.1683,34.7039,34.0108,5.8534,8.577,8.7734,8.2587,34.3917,33.6297,6.0967,8.8498,8.8451,8.3073,34.1078,33.2635,6.3433,9.133
PL418,Poznański,Poland,615160,622628,639180,648482,658508,9.2363,8.7263,35.2112,35.6011,4.4866,6.7384,9.2739,8.7534,34.9401,35.3076,4.7259,6.999,9.4446,8.8881,34.2989,34.6336,5.22,7.5148,9.5896,9.0198,33.934,34.2455,5.4382,7.7728,9.6864,9.1074,33.6339,33.9496,5.6353,7.9873
PL424,Miasto Szczecin,Poland,405358,404849,402415,401556,400859,6.5493,6.2488,34.5327,35.9036,6.5118,10.2539,6.6015,6.2836,34.1552,35.4263,6.8448,10.6887,6.7535,6.412,33.2294,34.4001,7.5884,11.6166,6.8904,6.4915,32.8012,33.8613,7.892,12.0636,6.9887,6.5602,32.4346,33.4145,8.148,12.454
PL426,Koszaliński,Poland,353542,352628,350976,350921,350291,7.5165,7.0772,35.4747,35.6682,5.4715,8.7919,7.4642,7.0306,35.1333,35.3148,5.8419,9.2151,7.4099,6.9988,34.3924,34.546,6.5842,10.0688,7.4558,7.052,33.9407,34.1282,6.9335,10.4898,7.4986,7.0715,33.539,33.736,7.2711,10.8838
PL427,Szczecinecko-pyrzycki,Poland,428233,426348,423003,420869,418331,7.8759,7.4572,36.2833,35.0066,5.1463,8.2308,7.8164,7.4099,35.9915,34.6719,5.503,8.6073,7.7061,7.3051,35.3728,34.0319,6.2042,9.3798,7.6727,7.3346,35.0114,33.662,6.565,9.7543,7.6487,7.3083,34.6752,33.2806,6.9357,10.1515
PL428,Szczeciński,Poland,504267,504661,504852,505527,506021,7.8476,7.4457,36.4882,35.7711,4.8986,7.5488,7.8084,7.4198,36.1575,35.4196,5.2612,7.9334,7.7133,7.4081,35.4444,34.6818,6.0035,8.7487,7.7385,7.4406,35.0709,34.2205,6.3569,9.1726,7.7392,7.4791,34.6889,33.7923,6.7381,9.5624
PL431,Gorzowski,Poland,381472,381262,380800,380683,380438,7.9558,7.5266,35.8136,35.3829,5.105,8.2161,7.9263,7.5106,35.5063,35.0368,5.423,8.597,7.9068,7.5305,34.8477,34.3112,6.0783,9.3256,7.9778,7.5753,34.4631,33.8812,6.4087,9.6939,7.9963,7.6118,34.1554,33.4735,6.737,10.0261
PL432,Zielonogórski,Poland,627092,626180,624092,623444,622872,7.7072,7.394,35.7219,35.5372,5.1996,8.4402,7.694,7.376,35.4012,35.1639,5.5404,8.8246,7.7032,7.3496,34.7466,34.4029,6.1976,9.6,7.7654,7.3917,34.3644,33.9506,6.5409,9.9869,7.8218,7.4227,34.008,33.5308,6.8725,10.3442
PL514,Miasto Wrocław,Poland,625960,628672,634192,636050,638659,6.5158,6.23,33.753,36.1683,6.5121,10.821,6.7024,6.3555,33.3592,35.6922,6.7434,11.1473,7.0482,6.6847,32.5001,34.6526,7.2792,11.8352,7.2652,6.8782,32.0255,34.1137,7.537,12.1805,7.4785,7.0686,31.6441,33.5959,7.7458,12.4672
PL515,Jeleniogórski,Poland,566135,563238,558059,555529,552576,7.0734,6.6894,35.9534,35.5816,5.4204,9.2817,7.0269,6.6654,35.6485,35.2229,5.7711,9.6652,6.9844,6.6043,34.9112,34.4238,6.5427,10.5337,6.9775,6.652,34.5154,33.95,6.9368,10.9683,6.9804,6.6702,34.109,33.5299,7.3203,11.3903
PL516,Legnicko-głogowski,Poland,447247,446462,444934,444025,442785,7.6584,7.2499,35.6121,35.8625,5.3288,8.2883,7.6513,7.2539,35.1759,35.4487,5.7337,8.7365,7.6672,7.2795,34.3703,34.5166,6.4951,9.6713,7.6966,7.3158,33.938,34.0161,6.8922,10.1413,7.7546,7.3699,33.5079,33.5253,7.2593,10.583
PL517,Wałbrzyski,Poland,663714,659523,650502,646064,641626,6.7204,6.3964,35.4475,35.4284,5.8308,10.1765,6.7294,6.3813,35.1061,35.0805,6.1622,10.5405,6.6959,6.3277,34.4188,34.296,6.8768,11.3847,6.7359,6.3604,33.9966,33.8273,7.2657,11.8142,6.7597,6.3839,33.6144,33.3771,7.6354,12.2294
PL518,Wrocławski,Poland,566523,570443,578531,583690,589426,8.1748,7.7743,36.0414,35.21,4.9009,7.8985,8.163,7.8164,35.7184,34.8988,5.2124,8.191,8.2564,7.8853,35.0517,34.264,5.7715,8.771,8.3637,8.0024,34.6398,33.8721,6.0686,9.0534,8.5144,8.1262,34.2141,33.4934,6.3541,9.2977
PL523,Nyski,Poland,371589,370066,366250,365003,363713,7.1854,6.7941,35.6636,35.0344,5.762,9.5606,7.1341,6.7288,35.4194,34.7657,6.0678,9.8842,7.0517,6.6318,34.918,34.1655,6.6662,10.5668,7.0788,6.6621,34.6096,33.8271,6.9564,10.8659,7.1193,6.7012,34.2883,33.4791,7.2442,11.1679
PL524,Opolski,Poland,588637,586847,584460,583805,582325,6.9153,6.504,35.1784,35.3473,6.2742,9.7809,6.911,6.5123,34.9273,35.035,6.5204,10.0939,6.9659,6.5674,34.4243,34.3035,7.0282,10.7107,7.057,6.6457,34.1402,33.9161,7.2521,10.9889,7.1215,6.7243,33.8217,33.5474,7.503,11.2822
PL613,Bydgosko-toruński,Poland,767131,767732,769556,771072,771746,7.4419,7.0543,34.3477,36.1202,5.7916,9.2443,7.447,7.0573,34.0366,35.7498,6.0901,9.6191,7.4865,7.0877,33.4221,34.932,6.6702,10.4015,7.557,7.1672,33.0886,34.5257,6.9423,10.7192,7.6193,7.2096,32.7916,34.1233,7.188,11.0681
PL616,Grudziądzki,Poland,387610,387118,385116,384695,383322,8.3935,7.8922,35.3992,34.7347,5.189,8.3914,8.3564,7.8552,35.1823,34.4916,5.4423,8.6723,8.243,7.7886,34.7407,34.0188,5.9676,9.2414,8.2814,7.8148,34.4816,33.6906,6.2101,9.5216,8.2742,7.8454,34.2279,33.3975,6.4692,9.7858
PL617,Inowrocławski,Poland,364007,363170,361420,360815,359520,7.8166,7.4875,35.9103,35.3067,5.2672,8.2117,7.7617,7.4048,35.6376,35.0492,5.5643,8.5825,7.6852,7.3352,35.1513,34.4192,6.1148,9.2942,7.7558,7.3409,34.8381,34.0609,6.3842,9.6202,7.7573,7.3623,34.5502,33.7586,6.6547,9.9168
PL618,Świecki,Poland,186792,186733,186455,186327,185908,8.6026,8.1304,35.917,34.7156,5.0173,7.617,8.5443,8.0746,35.6787,34.4529,5.3145,7.9349,8.4621,7.9875,35.1297,33.9851,5.9103,8.5254,8.4872,7.9564,34.8688,33.658,6.2186,8.8109,8.5042,7.9356,34.5924,33.3999,6.522,9.0459
PL619,Włocławski,Poland,362877,361093,358028,356839,354937,7.5643,7.2531,35.506,34.9887,5.5754,9.1125,7.5169,7.1871,35.3006,34.7237,5.8348,9.4369,7.3952,7.0922,34.8724,34.151,6.3618,10.1274,7.4059,7.0715,34.566,33.8284,6.6613,10.4669,7.3996,7.0576,34.2799,33.529,6.9567,10.7771
PL621,Elbląski,Poland,526553,524824,520777,519207,517268,8.2292,7.7776,35.9647,35.1233,4.889,8.0163,8.1624,7.706,35.7366,34.8717,5.1955,8.3279,8.0378,7.5564,35.2677,34.3012,5.8142,9.0227,8.0274,7.6004,34.941,33.9202,6.1278,9.3832,8.0579,7.5974,34.6302,33.577,6.4332,9.7043
PL622,Olsztyński,Poland,611612,610750,608208,607588,606469,7.779,7.3189,35.8418,35.8907,4.9729,8.1967,7.7709,7.3064,35.5612,35.57,5.2624,8.529,7.7372,7.247,34.9632,34.9734,5.85,9.2292,7.7483,7.3074,34.6654,34.6055,6.1168,9.5565,7.7707,7.3603,34.3309,34.2262,6.3954,9.9166
PL623,Ełcki,Poland,283099,282967,281656,281620,280704,8.1936,7.8121,36.3802,34.536,4.9629,8.1152,8.1285,7.7627,36.1869,34.3471,5.2109,8.3639,8.0662,7.7211,35.7006,33.886,5.6931,8.9329,8.0843,7.7019,35.4353,33.6155,5.9385,9.2245,8.0943,7.6903,35.1377,33.3422,6.2019,9.5335
PL633,Trójmiejski,Poland,740681,740928,742845,743330,745972,6.8743,6.4464,33.5065,35.3888,7.0401,10.7439,6.9352,6.5287,33.119,34.9721,7.3305,11.1144,7.1786,6.7882,32.2471,33.9772,7.9236,11.8853,7.3293,6.9253,31.849,33.4802,8.177,12.2392,7.4818,7.0575,31.4665,33.0853,8.3848,12.5242
PL634,Gdański,Poland,546540,553224,566182,574187,582378,9.9833,9.4403,35.3326,34.7636,4.3461,6.134,9.9569,9.4271,35.1078,34.5686,4.5616,6.3779,9.9751,9.4374,34.6203,34.1159,5.0099,6.8414,10.0925,9.5563,34.2341,33.8081,5.23,7.0789,10.1431,9.6417,33.9855,33.5145,5.4202,7.2951
PL636,Słupski,Poland,329672,329605,329051,329170,328934,8.2076,7.7577,35.6876,35.3903,5.1084,7.8484,8.1856,7.7244,35.3772,35.079,5.4198,8.2141,8.1422,7.6781,34.7475,34.4372,6.0425,8.9524,8.1894,7.7468,34.3376,34.0602,6.3615,9.3046,8.264,7.7696,33.957,33.615,6.6798,9.7147
PL637,Chojnicki,Poland,221282,221274,221803,222423,222635,9.1372,8.8087,35.5863,34.4298,4.8255,7.2125,9.0978,8.724,35.3819,34.2037,5.1,7.4925,9.063,8.6306,34.8345,33.7358,5.6487,8.0874,9.12,8.647,34.5081,33.4219,5.9153,8.3876,9.2048,8.6312,34.1626,33.1628,6.1864,8.6523
PL638,Starogardzki,Poland,426642,426528,425919,425816,425158,8.772,8.3316,35.9395,35.0193,4.6135,7.3242,8.7284,8.2918,35.6814,34.7382,4.9089,7.6513,8.6178,8.1816,35.1642,34.249,5.4919,8.2955,8.6413,8.2134,34.8378,33.9276,5.7816,8.5983,8.6596,8.2216,34.5375,33.5974,6.0695,8.9143
PL711,Miasto Łódź,Poland,709872,704228,694990,689594,684915,6.0532,5.7416,32.7215,36.1171,6.7576,12.609,6.1443,5.8012,32.3395,35.6475,7.0503,13.0171,6.3179,5.947,31.5695,34.5779,7.684,13.9037,6.4329,6.0499,31.1538,34.0033,7.9993,14.3606,6.5361,6.1497,30.7673,33.4598,8.2959,14.7912
PL712,Łódzki,Poland,382605,383288,384041,384780,385629,7.3358,6.9683,34.251,35.3563,6.0012,10.0874,7.3843,6.9864,33.9786,35.0554,6.2,10.3953,7.4463,7.0657,33.3993,34.3122,6.7042,11.0723,7.5048,7.1449,33.0651,33.9272,6.9567,11.4013,7.5801,7.2248,32.7473,33.5496,7.2049,11.6934
PL713,Piotrkowski,Poland,590586,589208,585005,583134,581062,7.8566,7.423,35.2262,34.5801,5.6202,9.294,7.8283,7.397,35.0403,34.3728,5.8394,9.5223,7.7992,7.3777,34.5241,33.8156,6.3769,10.1064,7.8179,7.413,34.1848,33.4875,6.6606,10.4362,7.8412,7.4653,33.8754,33.1035,6.9376,10.777
PL714,Sieradzki,Poland,449310,448007,445570,444385,442739,7.7138,7.2689,35.3146,34.1288,5.9576,9.6163,7.6481,7.2041,35.1861,33.9289,6.1631,9.8697,7.5952,7.1526,34.8134,33.4865,6.5992,10.353,7.6242,7.2005,34.5477,33.2293,6.8101,10.5881,7.6521,7.2207,34.2543,32.9503,7.0863,10.8362
PL715,Skierniewicki,Poland,366488,365113,362014,360555,358822,7.4439,7.0322,35.0609,34.4205,6.0747,9.9679,7.4437,7.0263,34.8487,34.1555,6.2849,10.2409,7.4483,7.0528,34.3398,33.4973,6.7674,10.8943,7.5228,7.1085,34.0314,33.1519,6.9987,11.1866,7.6054,7.1478,33.6705,32.8191,7.2766,11.4806
PL721,Kielecki,Poland,767327,764639,759368,756740,753544,7.1104,6.7673,35.2637,34.8452,6.1503,9.8631,7.0602,6.7402,35.0313,34.5674,6.4145,10.1864,7.0164,6.7052,34.4652,33.9366,6.9709,10.9056,7.0406,6.7336,34.1384,33.5685,7.2687,11.2502,7.086,6.7514,33.7773,33.1978,7.5757,11.6118
PL722,Sandomiersko-jędrzejowski,Poland,485714,483312,478150,475276,472699,7.3362,6.9142,35.5071,33.6177,6.4758,10.149,7.2769,6.8569,35.3726,33.4693,6.6777,10.3467,7.1386,6.7924,34.9597,33.0338,7.1915,10.884,7.1232,6.7464,34.6939,32.7826,7.4999,11.1539,7.1094,6.7275,34.395,32.5317,7.8143,11.4221
PL811,Bialski,Poland,304389,303090,300910,299762,298352,8.0644,7.6051,35.7092,34.016,5.5626,9.0427,8.0187,7.5516,35.5894,33.8401,5.7316,9.2685,7.9213,7.4434,35.2481,33.3788,6.1869,9.8215,7.938,7.501,34.9931,33.0766,6.4201,10.0713,7.9818,7.52,34.7067,32.773,6.6639,10.3545
PL812,Chełmsko-zamojski,Poland,635058,631554,624123,620130,615481,7.3829,7.0356,35.4572,34.181,5.9432,10.0,7.2979,6.9516,35.3172,34.0391,6.1509,10.2435,7.1164,6.8007,35.0471,33.6225,6.6102,10.803,7.1117,6.7883,34.7969,33.3741,6.8797,11.0493,7.0855,6.7563,34.5549,33.0805,7.1586,11.3641
PL814,Lubelski,Poland,709182,708197,709266,709424,709993,7.5452,7.2671,34.2832,35.6828,5.661,9.5607,7.5394,7.2576,34.0785,35.416,5.86,9.8485,7.575,7.3259,33.5626,34.7258,6.3322,10.4786,7.664,7.4093,33.2215,34.3301,6.5934,10.7818,7.738,7.4619,32.9089,33.9477,6.8433,11.1003
PL815,Puławski,Poland,485784,483469,478488,476126,473468,7.872,7.4585,34.9907,33.5719,6.1832,9.9238,7.7798,7.3916,34.8829,33.3693,6.3671,10.2093,7.6286,7.2938,34.5745,32.964,6.786,10.753,7.6129,7.3113,34.3481,32.6687,7.0292,11.0299,7.5891,7.3069,34.0897,32.3806,7.2949,11.3387
PL821,Krośnieński,Poland,474956,474657,472939,472097,471161,7.9948,7.5978,35.425,34.5491,5.5885,8.8448,7.9038,7.4949,35.2859,34.3781,5.8335,9.1038,7.7128,7.3073,34.9536,34.0479,6.3564,9.622,7.698,7.2898,34.7367,33.7626,6.6101,9.9028,7.7137,7.3041,34.454,33.451,6.8841,10.1931
PL822,Przemyski,Poland,390097,389157,386612,385648,384141,7.9265,7.5222,35.5263,34.584,5.5163,8.9247,7.7861,7.4343,35.5073,34.4208,5.6998,9.1518,7.6141,7.2861,35.2894,34.0727,6.1361,9.6016,7.61,7.2901,35.06,33.8145,6.3887,9.8367,7.5917,7.276,34.8356,33.5622,6.6283,10.1062
PL823,Rzeszowski,Poland,616737,619005,623968,627508,631399,8.2306,7.8062,35.0457,34.7941,5.49,8.6333,8.183,7.7591,34.9269,34.6466,5.662,8.8225,8.1749,7.7525,34.5914,34.2752,6.0362,9.1699,8.2566,7.8069,34.3204,33.9973,6.245,9.3737,8.3367,7.9048,34.0613,33.7006,6.4496,9.5469
PL824,Tarnobrzeski,Poland,601756,601445,601203,600624,599434,7.8848,7.4666,35.6969,34.7661,5.6295,8.5561,7.7801,7.3613,35.5717,34.6234,5.8471,8.8164,7.6342,7.2265,35.2285,34.2671,6.2999,9.3438,7.6247,7.245,34.954,33.9397,6.5847,9.652,7.623,7.269,34.6814,33.605,6.8381,9.9834
PL841,Białostocki,Poland,502320,502580,503465,504413,505188,7.2673,6.9906,35.0456,35.5066,5.6759,9.5141,7.3162,7.0068,34.8416,35.2565,5.8234,9.7555,7.4106,7.0853,34.3692,34.716,6.1806,10.2382,7.5527,7.1925,34.0419,34.3645,6.367,10.4813,7.6601,7.307,33.7577,34.0121,6.5708,10.6923
PL842,Łomżyński,Poland,395227,392931,388337,386211,383563,7.4959,7.0668,35.2929,33.2024,6.666,10.2759,7.4443,6.9997,35.2286,33.0888,6.792,10.4466,7.3604,6.8956,35.026,32.8282,7.0918,10.7981,7.369,6.9327,34.8532,32.6332,7.2556,10.9562,7.4144,6.9939,34.6102,32.415,7.4241,11.1424
PL843,Suwalski,Poland,267900,266858,265145,264232,263323,7.956,7.492,35.6573,34.2766,5.6745,8.9436,7.8536,7.3575,35.5755,34.168,5.8672,9.1783,7.7524,7.2545,35.2905,33.8373,6.2174,9.6479,7.7337,7.2539,35.1324,33.603,6.405,9.872,7.7661,7.2565,34.8978,33.3746,6.5999,10.1051
PL911,Miasto Warszawa,Poland,1719692,1731247,1750345,1761298,1775986,7.1484,6.8037,31.9443,35.7519,6.853,11.4987,7.3367,6.9786,31.6275,35.3936,6.9871,11.6765,7.7573,7.3659,30.8744,34.5077,7.3407,12.1539,7.9623,7.5477,30.5103,34.0625,7.5378,12.3793,8.1451,7.6953,30.2278,33.6576,7.6885,12.5857
PL912,Warszawski wschodni,Poland,609898,615296,626313,631724,637851,9.032,8.5572,34.2418,35.039,5.0448,8.0853,9.061,8.6108,34.0157,34.7966,5.2281,8.2879,9.1525,8.7073,33.4599,34.3044,5.6443,8.7316,9.2683,8.7929,33.1665,33.9704,5.8516,8.9503,9.3594,8.8889,32.8798,33.6599,6.0549,9.1572
PL913,Warszawski zachodni,Poland,607550,613515,625620,632012,639267,8.7601,8.2869,33.8636,35.3726,5.3596,8.3573,8.8366,8.3312,33.6132,35.0826,5.5555,8.5809,8.9518,8.4539,33.044,34.4434,6.0182,9.0887,9.0658,8.5714,32.715,34.0661,6.233,9.3487,9.1387,8.6745,32.4215,33.7111,6.4557,9.5985
PL921,Radomski,Poland,616188,614024,609946,608477,605972,7.9109,7.474,35.5867,34.4534,5.5081,9.0669,7.8743,7.439,35.4445,34.249,5.6939,9.2993,7.825,7.3544,35.069,33.7697,6.1463,9.8356,7.8419,7.4039,34.7818,33.4328,6.4029,10.1368,7.9012,7.4277,34.415,33.0877,6.6996,10.4688
PL922,Ciechanowski,Poland,343229,342182,340804,339497,338306,8.0387,7.6209,35.8108,34.3264,5.4136,8.7898,7.9569,7.5863,35.6851,34.1348,5.6248,9.0122,7.8643,7.5692,35.2995,33.7379,6.0422,9.487,7.9035,7.5476,35.0654,33.4828,6.2516,9.7491,7.9431,7.5766,34.7928,33.2022,6.4785,10.0069
PL923,Płocki,Poland,330923,330040,327970,327027,325475,7.7435,7.3238,35.152,35.055,5.6536,9.0722,7.7251,7.254,34.937,34.7867,5.9056,9.3916,7.6278,7.2077,34.4687,34.2056,6.443,10.0473,7.6498,7.2358,34.1969,33.8471,6.6897,10.3808,7.654,7.258,33.9399,33.5172,6.9305,10.7004
PL924,Ostrołęcki,Poland,385510,384741,382940,382337,381313,8.4882,8.048,35.914,33.8694,5.2689,8.4115,8.4059,7.9466,35.8449,33.7596,5.4327,8.6102,8.3486,7.8824,35.4794,33.3843,5.8688,9.0364,8.3874,7.9163,35.2082,33.1668,6.0805,9.2408,8.4419,7.9601,34.906,32.895,6.3221,9.4749
PL925,Siedlecki,Poland,420262,419580,418592,418431,417565,8.2863,7.966,35.3406,33.684,5.7655,8.9577,8.3047,7.946,35.1573,33.5152,5.9357,9.141,8.3489,7.9755,34.708,33.0484,6.3233,9.5957,8.4513,8.0427,34.399,32.7504,6.5213,9.8353,8.5374,8.1324,34.0773,32.3792,6.7678,10.106
PL926,Żyrardowski,Poland,259315,259153,258954,259024,258576,8.0315,7.6617,34.9166,34.6945,5.646,9.0496,8.064,7.6962,34.666,34.448,5.8687,9.2571,8.13,7.7438,34.1385,33.9242,6.3166,9.7469,8.2216,7.861,33.8305,33.5521,6.5446,9.9902,8.2765,7.9292,33.4884,33.1771,6.8197,10.3092
PT111,Alto Minho,Portugal,239116,236900,234026,232818,231985,6.5771,6.2581,30.5768,32.9305,9.3243,14.3332,6.409,6.1279,30.3858,32.8286,9.6024,14.6463,6.1873,5.9181,30.1108,32.3315,10.2318,15.2205,6.0751,5.8269,29.9255,32.0662,10.5516,15.5546,6.0086,5.7805,29.6864,31.8434,10.9067,15.7743
PT112,Cávado,Portugal,408766,407584,408011,409291,411441,8.0471,7.6207,33.3484,35.7329,6.2725,8.9782,7.8632,7.4213,33.1949,35.7124,6.5268,9.2815,7.5241,7.1069,33.0454,35.4892,7.0508,9.7836,7.3928,6.9747,32.9189,35.3252,7.317,10.0713,7.2742,6.8977,32.786,35.1406,7.5885,10.313
PT119,Ave,Portugal,420923,418679,417003,416788,417014,7.5788,7.1286,33.9701,35.6196,6.5497,9.1532,7.3663,6.8941,33.8398,35.5984,6.8344,9.4672,6.9767,6.5556,33.6861,35.2549,7.4563,10.0704,6.838,6.4342,33.512,35.0384,7.768,10.4094,6.7254,6.3305,33.3037,34.8027,8.0988,10.739
PT11A,Área Metropolitana do Porto,Portugal,1746629,1739297,1734840,1736162,1738752,7.4127,7.1357,32.6148,35.2331,7.3273,10.2764,7.2775,6.981,32.4037,35.1451,7.6035,10.5892,7.0106,6.7261,32.1366,34.7667,8.1633,11.1967,6.8775,6.603,32.0019,34.5955,8.4195,11.5026,6.7563,6.5087,31.8741,34.4289,8.6516,11.7805
PT11B,Alto Tâmega,Portugal,90347,89128,87085,86275,85490,5.439,5.252,30.0364,30.8001,12.0945,16.378,5.2834,5.1319,29.6641,30.6514,12.4832,16.786,5.1237,4.8872,29.0923,30.0373,13.2445,17.615,5.0524,4.8345,28.6433,29.5914,13.7143,18.164,4.9304,4.7514,28.2384,29.2362,14.252,18.5916
PT11C,Tâmega e Sousa,Portugal,423854,420037,414912,412874,411203,8.0438,7.7248,34.0233,35.3115,6.2474,8.6492,7.7903,7.4601,33.9589,35.414,6.4787,8.898,7.3524,7.0061,33.8812,35.3391,6.9742,9.4471,7.1429,6.8345,33.772,35.2529,7.2555,9.7422,6.9834,6.6855,33.6097,35.1914,7.542,9.988
PT11D,Douro,Portugal,197140,194435,190030,188288,186552,6.3934,6.1677,31.5248,32.3537,9.7099,13.8506,6.2288,6.0041,31.2747,32.2797,10.026,14.1867,5.9017,5.7028,30.9509,32.0028,10.6778,14.764,5.7752,5.5691,30.7104,31.7912,11.0076,15.1465,5.6338,5.4392,30.4173,31.6116,11.4108,15.4874
PT11E,Terras de Trás-os-Montes,Portugal,114026,112747,110683,109905,109193,5.5259,5.2769,30.0353,30.6869,12.4226,16.0525,5.4086,5.1673,29.7729,30.572,12.7409,16.3384,5.167,4.9321,29.3686,30.1275,13.3824,17.0225,5.1162,4.8478,29.066,29.8831,13.7255,17.3614,5.0104,4.7988,28.7335,29.5623,14.185,17.7099
PT150,Algarve,Portugal,449952,449965,453300,456113,459597,7.8837,7.4197,31.6612,32.9342,8.8485,11.2528,7.7604,7.2863,31.4942,32.9595,9.0416,11.458,7.5696,7.1542,31.1138,32.9153,9.4694,11.7776,7.4784,7.0873,31.0353,32.7206,9.7127,11.9657,7.361,7.0124,30.8797,32.5933,9.9874,12.1661
PT16B,Oeste,Portugal,361124,359510,358021,357612,357599,7.6099,7.1898,31.4571,32.7475,8.8881,12.1078,7.4635,7.071,31.3596,32.6853,9.0979,12.3226,7.2141,6.8812,31.1323,32.447,9.5908,12.7347,7.1214,6.8194,30.9436,32.2892,9.854,12.9724,7.0067,6.7578,30.7593,32.1536,10.1183,13.2042
PT16D,Região de Aveiro,Portugal,367813,366178,364564,364423,364904,7.2031,6.9652,32.1878,34.0513,8.2575,11.3351,7.1045,6.8396,31.9956,33.9259,8.5153,11.6192,6.8852,6.587,31.7629,33.6432,9.0157,12.106,6.8034,6.5309,31.5578,33.4589,9.3043,12.3447,6.7741,6.4335,31.3502,33.2942,9.5466,12.6014
PT16E,Região de Coimbra,Portugal,452682,449161,444049,441533,439542,6.5127,6.1491,30.8897,32.782,9.6867,13.9798,6.4055,6.0319,30.6828,32.6293,9.9608,14.2898,6.2313,5.8989,30.2618,32.2084,10.5385,14.8612,6.1567,5.8403,30.044,32.0194,10.8037,15.1359,6.1159,5.7894,29.7405,31.8368,11.1029,15.4145
PT16F,Região de Leiria,Portugal,291020,289042,286761,285799,285003,7.2696,6.8085,31.5686,32.9283,9.0599,12.3651,7.1221,6.6779,31.438,32.8513,9.3018,12.6089,6.8942,6.4789,31.2305,32.5306,9.7726,13.0931,6.8293,6.4272,30.9798,32.3483,10.0669,13.3485,6.7354,6.3936,30.773,32.1832,10.315,13.5999
PT16G,Viseu Dão Lafões,Portugal,262552,260090,256224,254651,253309,6.8653,6.5282,30.3768,32.3098,9.947,13.9729,6.6942,6.3582,30.1746,32.2081,10.2468,14.3181,6.4654,6.1462,29.8028,31.8908,10.8351,14.8597,6.3393,6.0879,29.5522,31.6449,11.1886,15.1871,6.2138,6.0393,29.2927,31.4616,11.4879,15.5048
PT16H,Beira Baixa,Portugal,86080,84987,83256,82459,81686,5.7121,5.4763,29.461,29.8443,12.2119,17.2944,5.5856,5.3855,29.3174,29.7328,12.4666,17.5121,5.429,5.226,28.828,29.3312,13.1678,18.0179,5.3809,5.205,28.5075,29.0411,13.5364,18.3291,5.3485,5.231,28.1982,28.7675,13.8518,18.6029
PT16I,Médio Tejo,Portugal,241099,238397,233903,231715,229820,6.7246,6.2547,30.363,31.2345,10.2348,15.1884,6.5869,6.1184,30.2214,31.1652,10.4754,15.4327,6.3394,5.967,29.9599,30.9111,10.9481,15.8745,6.2555,5.9012,29.7162,30.6812,11.2479,16.1979,6.1888,5.8733,29.4557,30.5248,11.5073,16.4503
PT16J,Beiras e Serra da Estrela,Portugal,228305,225152,219425,216813,214325,5.7086,5.4471,30.2832,30.6708,11.3751,16.5152,5.6047,5.3537,30.0406,30.479,11.6677,16.8544,5.3977,5.1567,29.6142,30.0358,12.3395,17.4561,5.3027,5.0749,29.293,29.7607,12.7538,17.8149,5.2215,5.0381,28.9164,29.4884,13.1795,18.1561
PT170,Área Metropolitana de Lisboa,Portugal,2815667,2820766,2836906,2849085,2859422,8.2069,7.7917,30.8563,33.6205,8.0881,11.4364,8.1512,7.7292,30.7252,33.5589,8.207,11.6285,8.0001,7.5888,30.5822,33.4641,8.4069,11.9578,7.907,7.5102,30.5654,33.4247,8.4896,12.1031,7.7974,7.4213,30.5232,33.473,8.5636,12.2215
PT181,Alentejo Litoral,Portugal,96139,95610,95015,94877,95079,6.5041,6.1973,32.4967,30.5714,10.6471,13.5835,6.379,6.1479,32.4684,30.523,10.7447,13.7371,6.2748,6.1201,32.6064,30.2163,10.8583,13.9241,6.2165,6.129,32.6549,29.9588,10.97,14.0708,6.1728,6.0897,32.8253,29.6606,11.0361,14.2155
PT184,Baixo Alentejo,Portugal,123233,121781,119035,117727,116527,6.8155,6.4496,31.5119,30.0366,10.3787,14.8077,6.7827,6.4197,31.3013,29.9842,10.4975,15.0147,6.6829,6.4174,31.1009,29.7341,10.7758,15.2888,6.6442,6.4267,30.9122,29.5744,10.9627,15.4799,6.6028,6.4002,30.7989,29.4078,11.1914,15.599
PT185,Lezíria do Tejo,Portugal,243323,241104,237584,235987,234829,7.3783,6.9874,30.8171,31.6329,9.6033,13.5811,7.2471,6.8949,30.5806,31.6295,9.824,13.8239,7.0219,6.7702,30.4191,31.3813,10.2292,14.1781,6.9093,6.7114,30.3173,31.2288,10.4387,14.3944,6.8446,6.684,30.2812,31.0417,10.5737,14.5749
PT186,Alto Alentejo,Portugal,114846,113123,109941,108580,107328,6.3145,6.096,29.725,30.2344,11.6042,16.0258,6.2339,5.9767,29.5855,30.2803,11.7014,16.2222,6.1624,5.9241,29.3275,30.0652,11.9673,16.5534,6.1282,5.9072,29.0753,29.8812,12.2361,16.772,6.1186,5.9491,28.8694,29.6549,12.4637,16.9443
PT187,Alentejo Central,Portugal,162372,160560,157483,155954,154671,6.7456,6.2665,30.7996,31.3472,10.5123,14.3288,6.6237,6.2151,30.6789,31.3328,10.6072,14.5422,6.5353,6.155,30.4242,31.0535,10.9078,14.9242,6.5154,6.1198,30.2314,30.9386,11.0924,15.1025,6.4957,6.0632,30.0877,30.764,11.2801,15.3093
PT200,Região Autónoma dos Açores,Portugal,245336,243271,240108,238964,237828,8.7557,8.3049,34.9908,34.4079,5.4236,8.117,8.576,8.1592,34.9388,34.5068,5.5428,8.2764,8.2434,7.8531,34.6582,34.6157,6.0006,8.629,8.1,7.7217,34.5445,34.5809,6.2227,8.8302,7.9696,7.5912,34.3971,34.5376,6.4631,9.0414
PT300,Região Autónoma da Madeira,Portugal,261748,257617,252313,251077,250397,8.0608,7.678,33.3546,35.3657,5.4594,10.0815,7.8104,7.4653,33.3608,35.3738,5.6739,10.3157,7.4198,7.0726,33.0399,35.3192,6.2415,10.9071,7.2563,6.8963,32.952,35.0936,6.5761,11.2256,7.068,6.7465,32.891,34.9018,6.8851,11.5077
RO111,Bihor,Romania,573691,571955,566353,564171,561404,8.2171,7.8347,34.3643,34.069,6.1985,9.3163,8.194,7.8143,34.2742,33.9516,6.3036,9.4623,8.2212,7.823,34.024,33.4189,6.6157,9.8972,8.2752,7.8521,33.88,33.1609,6.7753,10.0567,8.2994,7.8665,33.7938,32.9235,6.8746,10.2422
RO112,Bistriţa-Năsăud,Romania,283832,283210,281387,280058,278851,9.1012,8.7791,34.142,32.6267,6.495,8.8559,9.077,8.7423,34.0126,32.4685,6.6573,9.0424,9.1092,8.7264,33.6455,32.0114,7.0145,9.493,9.1285,8.7628,33.5148,31.7349,7.1842,9.6748,9.0894,8.7678,33.4189,31.5713,7.3025,9.8501
RO113,Cluj,Romania,698929,700665,702771,704619,706905,6.7835,6.4657,34.8417,35.6551,6.629,9.6249,6.9054,6.5525,34.5687,35.4089,6.7557,9.8087,7.1089,6.7406,34.102,34.8845,7.0009,10.1632,7.2424,6.8685,33.8337,34.5871,7.1378,10.3305,7.2987,6.967,33.6472,34.3652,7.2489,10.473
RO114,Maramureş,Romania,472335,470691,465402,463306,460689,8.3428,7.8679,34.8219,34.0074,6.0101,8.9498,8.2617,7.8191,34.7368,33.8549,6.149,9.1784,8.2013,7.7729,34.4167,33.4055,6.5223,9.6813,8.1875,7.7655,34.2519,33.1602,6.71,9.925,8.1563,7.7449,34.1439,32.9348,6.8558,10.1643
RO115,Satu Mare,Romania,340986,339998,336509,334589,332572,8.7033,8.2039,34.6659,34.5281,5.1902,8.7086,8.7433,8.2271,34.4596,34.2878,5.3456,8.9365,8.7172,8.2102,34.0841,33.8089,5.7535,9.4262,8.6966,8.2208,33.9509,33.519,5.9338,9.6787,8.6444,8.1567,33.8772,33.3302,6.0931,9.8983
RO116,Sălaj,Romania,220447,219024,215860,213761,211691,8.4918,8.2841,33.2597,32.0404,7.2144,10.7096,8.4361,8.2648,33.1831,31.844,7.349,10.923,8.4536,8.2215,32.8866,31.2082,7.7156,11.5144,8.4548,8.2569,32.8456,30.9079,7.8242,11.7107,8.4765,8.2956,32.7506,30.6881,7.9262,11.863
RO121,Alba,Romania,337658,335875,330961,328264,325426,7.7152,7.2342,34.3854,32.9523,7.3234,10.3895,7.6389,7.2068,34.2461,32.7985,7.4879,10.6218,7.6223,7.2117,33.8472,32.2597,7.9055,11.1536,7.6384,7.2457,33.6437,31.9024,8.1322,11.4377,7.6103,7.2321,33.414,31.6164,8.3884,11.7388
RO122,Braşov,Romania,550765,550985,550795,551185,552193,8.0243,7.5598,34.7793,34.6772,6.0389,8.9205,8.1345,7.6871,34.3385,34.3467,6.3036,9.1895,8.3908,7.9391,33.5032,33.5611,6.8379,9.7679,8.5407,8.038,33.0573,33.1547,7.1468,10.0625,8.618,8.1376,32.677,32.7655,7.424,10.3779
RO123,Covasna,Romania,208603,207596,204920,203471,202146,8.927,8.4754,34.1246,33.0973,6.4807,8.8949,8.9154,8.4245,33.9602,32.9212,6.6755,9.1033,8.7976,8.3852,33.6761,32.3468,7.0906,9.7038,8.7904,8.386,33.5119,32.0552,7.2895,9.967,8.8016,8.4033,33.3882,31.8285,7.4471,10.1313
RO124,Harghita,Romania,310336,309138,305679,304219,302308,8.5398,8.1918,34.3866,33.06,6.6486,9.1733,8.5066,8.1789,34.1851,32.8452,6.8788,9.4055,8.4599,8.1461,33.7864,32.3732,7.2507,9.9837,8.4834,8.1547,33.6172,32.0588,7.4045,10.2814,8.4583,8.1612,33.4745,31.8467,7.5674,10.4919
RO125,Mureş,Romania,547757,546415,540704,538214,535193,8.5147,8.0333,33.7699,32.9062,6.7751,10.0008,8.547,8.0274,33.601,32.645,6.9475,10.2321,8.5779,8.0543,33.3121,32.2198,7.2367,10.5991,8.5966,8.0711,33.1851,31.9713,7.3826,10.7933,8.5904,8.0627,33.0765,31.7596,7.5115,10.9994
RO126,Sibiu,Romania,400193,400138,399726,400018,401006,8.4442,8.0214,34.3822,34.5066,5.8457,8.8,8.4756,8.0475,34.1372,34.3152,6.0254,8.9991,8.5759,8.1258,33.6956,33.7724,6.3739,9.4565,8.6616,8.1829,33.4585,33.477,6.5492,9.6708,8.6714,8.2074,33.2474,33.2003,6.7396,9.934
RO211,Bacău,Romania,606589,604158,595526,591053,585146,8.9515,8.5293,33.6149,32.0896,6.9726,9.8421,8.9523,8.5027,33.4126,31.8837,7.1213,10.1273,8.9926,8.5155,33.1359,31.3486,7.3778,10.6296,8.9873,8.5541,33.0143,31.084,7.5228,10.8374,8.9371,8.5365,32.9316,30.8923,7.6384,11.0641
RO212,Botoşani,Romania,403088,399259,390334,385268,379622,9.39,8.9206,33.0404,30.9761,7.088,10.5848,9.2218,8.7918,33.1334,30.8454,7.2139,10.7937,8.9457,8.5319,33.2871,30.5666,7.4646,11.204,8.8178,8.425,33.4102,30.4398,7.5519,11.3552,8.6441,8.2448,33.6263,30.4532,7.5775,11.454
RO213,Iaşi,Romania,780948,786596,789913,791753,793559,9.2353,8.7921,34.728,33.2502,5.6959,8.2984,9.2168,8.7804,34.608,33.0139,5.8517,8.5293,9.317,8.8403,34.3275,32.4978,6.09,8.9274,9.3825,8.9093,34.2037,32.2428,6.1821,9.0796,9.3954,8.9352,34.1856,32.035,6.2474,9.2013
RO214,Neamţ,Romania,461869,459372,451517,447232,441811,8.5487,8.0739,32.9641,31.368,7.883,11.1623,8.5107,8.0297,32.8015,31.1186,8.0793,11.4602,8.4756,8.0097,32.5425,30.6575,8.3231,11.9916,8.4826,8.0236,32.4322,30.3518,8.4717,12.2382,8.4167,8.0263,32.3589,30.1514,8.5899,12.4569
RO215,Suceava,Romania,631410,631030,628319,627439,624563,9.5908,8.9904,33.234,32.0933,6.6822,9.4094,9.5444,8.9845,33.1591,31.9139,6.8022,9.5959,9.5636,9.0219,33.0065,31.4344,7.0197,9.954,9.6013,9.0533,32.9227,31.1779,7.1311,10.1138,9.6086,9.07,32.8894,30.9735,7.2078,10.2507
RO216,Vaslui,Romania,389463,389183,383931,379987,373863,9.7632,9.2792,33.4371,30.4458,7.0913,9.9835,9.7124,9.2088,33.3864,30.2485,7.2357,10.2083,9.7364,9.2506,33.2104,29.6702,7.4993,10.6332,9.7593,9.2648,33.1538,29.4671,7.5637,10.7914,9.7447,9.2628,33.0648,29.2917,7.644,10.992
RO221,Brăila,Romania,312089,308176,299077,294097,289537,7.386,6.9256,34.0124,32.5542,7.5498,11.572,7.3172,6.8665,33.7554,32.1787,7.8793,12.0029,7.2195,6.8196,33.491,31.5013,8.2942,12.6743,7.2207,6.8073,33.3655,31.1346,8.4778,12.994,7.1746,6.7608,33.2793,30.8669,8.6479,13.2705
RO222,Buzău,Romania,440931,436440,425862,419831,413723,7.8563,7.3801,33.28,31.9256,7.821,11.737,7.7901,7.2885,33.1377,31.6646,8.0527,12.0665,7.6741,7.2122,32.9231,31.1803,8.4581,12.5522,7.6717,7.1834,32.8606,30.8981,8.6073,12.779,7.6397,7.128,32.8179,30.643,8.7546,13.0169
RO223,Constanţa,Romania,684257,683339,678286,676095,673709,8.1481,7.793,34.923,34.8829,5.7877,8.4652,8.1671,7.8274,34.5356,34.4946,6.0967,8.8786,8.2349,7.8925,33.9504,33.85,6.5427,9.5295,8.3027,7.9387,33.6006,33.517,6.7905,9.8505,8.306,7.9839,33.381,33.1749,6.9822,10.172
RO224,Galaţi,Romania,527979,524574,515282,510865,504058,7.9914,7.6062,34.8351,33.5212,6.5758,9.4703,7.9119,7.5568,34.5793,33.2336,6.8492,9.8692,7.9553,7.5537,34.013,32.6241,7.3168,10.5371,8.0336,7.6361,33.759,32.258,7.4885,10.8248,7.883,7.5299,33.7045,32.0227,7.6961,11.1638
RO225,Tulcea,Romania,208242,205965,200679,197734,194421,8.2755,7.7309,35.0112,32.8214,6.8103,9.3507,8.2296,7.73,34.6583,32.3647,7.1828,9.8347,8.0626,7.6336,34.2667,31.6854,7.7806,10.5711,8.0239,7.6031,34.1165,31.33,7.9733,10.9531,7.9271,7.5856,33.9485,31.028,8.1853,11.3254
RO226,Vrancea,Romania,335596,333858,328084,324437,320723,8.6187,8.2117,32.7951,31.8928,7.5931,10.8887,8.6315,8.1864,32.586,31.6173,7.8093,11.1694,8.5484,8.1132,32.3448,31.0798,8.1436,11.7702,8.5619,8.1107,32.2121,30.8288,8.2916,11.9949,8.4939,8.0986,32.1792,30.5903,8.4094,12.2286
RO311,Argeş,Romania,604058,600256,590531,585713,579862,7.3758,6.9606,34.6783,34.1735,6.7772,10.0346,7.2931,6.8969,34.4885,33.903,7.0402,10.3784,7.2865,6.8853,34.0644,33.3432,7.4646,10.9559,7.3183,6.9024,33.8369,33.046,7.6855,11.211,7.3323,6.8935,33.6171,32.7193,7.9364,11.5014
RO312,Călăraşi,Romania,301251,298684,292835,288061,284299,8.6762,8.1145,33.0508,31.8376,7.4274,10.8936,8.589,8.0506,32.9432,31.5059,7.6583,11.253,8.5198,7.9881,32.7854,31.0065,7.9946,11.7056,8.527,7.9587,32.7542,30.7293,8.0764,11.9544,8.4844,7.9156,32.8373,30.5552,8.1309,12.0767
RO313,Dâmboviţa,Romania,512668,509531,501274,496213,491242,8.02,7.5911,34.9815,33.2156,6.332,9.8598,7.931,7.4994,34.8434,32.9737,6.5802,10.1723,7.7935,7.3136,34.6381,32.5894,7.0257,10.6397,7.7303,7.2654,34.6013,32.2982,7.2203,10.8844,7.6003,7.1932,34.597,32.0815,7.4226,11.1053
RO314,Giurgiu,Romania,278425,276632,274021,269239,266194,7.967,7.3837,33.5976,31.4817,7.7357,11.8344,7.8722,7.3112,33.5757,31.2487,7.9011,12.0912,7.6994,7.164,33.6919,30.8765,8.2081,12.36,7.7318,7.1862,33.7061,30.6921,8.2228,12.461,7.6407,7.1681,33.8471,30.5225,8.3139,12.5078
RO315,Ialomiţa,Romania,269251,267139,262231,259143,256120,8.7305,8.4468,33.5735,31.5624,7.0373,10.6495,8.7232,8.4263,33.4088,31.3204,7.2112,10.9101,8.7141,8.4353,33.2646,30.7469,7.4186,11.4205,8.7832,8.4475,33.113,30.4349,7.5572,11.6642,8.7229,8.407,33.1087,30.2323,7.6722,11.8569
RO316,Prahova,Romania,752322,747565,732833,725599,717972,7.443,7.0413,34.2687,33.4434,6.9573,10.8464,7.4309,7.041,34.0464,33.1239,7.2,11.1577,7.4361,7.0358,33.735,32.5826,7.5759,11.6346,7.4643,7.0306,33.5282,32.2968,7.7867,11.8935,7.4216,7.0474,33.3842,31.9423,7.9989,12.2056
RO317,Teleorman,Romania,367120,361479,349669,341447,334143,7.0206,6.5017,32.3289,30.0749,9.8246,14.2493,6.9857,6.474,32.1493,29.7553,10.0717,14.5641,6.9514,6.4092,31.9691,29.0452,10.4562,15.1689,6.9721,6.423,31.7912,28.6358,10.6494,15.5286,6.927,6.3937,31.7846,28.2939,10.7957,15.8052
RO321,Bucureşti,Romania,1865143,1853402,1826706,1828869,1829897,6.619,6.2165,34.3492,38.0856,5.5295,9.2002,6.8044,6.3949,33.8938,37.6482,5.7412,9.5174,7.1759,6.7349,33.1696,36.835,6.0655,10.0191,7.3665,6.9301,32.8025,36.3402,6.2955,10.2653,7.5407,7.0894,32.4955,35.9589,6.437,10.4785
RO322,Ilfov,Romania,417825,430798,460502,473422,485276,8.7032,8.1055,35.2679,35.309,5.022,7.5924,8.6811,8.1052,35.1594,35.2181,5.1412,7.695,8.719,8.1817,34.9673,35.1327,5.2445,7.7548,8.8061,8.2552,34.7907,35.0309,5.3299,7.7871,8.8259,8.2918,34.6895,34.9055,5.4336,7.8537
RO411,Dolj,Romania,650548,646455,635631,631026,625656,7.3441,6.918,34.3115,33.2922,7.3083,10.8258,7.3243,6.9109,34.1772,33.1434,7.4253,11.019,7.3713,6.9496,33.9538,32.8212,7.5956,11.3084,7.4105,7.0189,33.8217,32.5743,7.7163,11.4583,7.437,7.056,33.708,32.4304,7.7976,11.5711
RO412,Gorj,Romania,334819,331416,323626,319903,315494,7.6889,7.2353,35.4173,33.9076,6.4736,9.2773,7.5014,7.0742,35.3477,33.846,6.7058,9.5249,7.2164,6.814,35.3698,33.636,7.0164,9.9473,7.1172,6.7117,35.2594,33.4705,7.2384,10.2028,6.9684,6.5792,35.2229,33.3382,7.4372,10.4541
RO413,Mehedinţi,Romania,259011,256140,249327,244960,241262,7.5896,7.158,34.2399,32.667,7.4723,10.8733,7.5107,7.1242,34.0775,32.4077,7.7114,11.1685,7.2579,6.9158,34.0308,32.0487,8.0657,11.681,7.1591,6.8113,33.9847,31.9566,8.2511,11.837,7.0513,6.7222,33.908,31.8235,8.4286,12.0666
RO414,Olt,Romania,423352,418464,407719,400763,394389,7.2968,6.8402,34.1588,32.3183,7.8105,11.5755,7.1624,6.7155,34.1009,32.1488,8.0282,11.8443,6.9732,6.5408,33.9967,31.7861,8.3935,12.3097,6.9672,6.5473,33.8761,31.4647,8.5769,12.5678,6.918,6.487,33.8214,31.2955,8.7259,12.7521
RO415,Vâlcea,Romania,365630,363291,356676,353161,350059,7.3632,7.027,33.2648,32.447,8.2644,11.6336,7.2476,6.9121,33.0501,32.1404,8.6416,12.0083,6.9817,6.6792,32.7544,31.5286,9.2908,12.7654,6.9175,6.5777,32.5526,31.1999,9.6188,13.1334,6.8374,6.5012,32.3063,30.7571,10.006,13.592
RO421,Arad,Romania,427974,426459,421945,419135,417422,7.7813,7.2787,34.1243,34.103,6.6011,10.1116,7.7947,7.2441,33.9908,33.9071,6.7756,10.2877,7.7681,7.2564,33.7779,33.4065,7.0981,10.6931,7.8199,7.2709,33.6937,33.153,7.2146,10.8478,7.8542,7.3115,33.6113,32.8464,7.3252,11.0514
RO422,Caraş-Severin,Romania,288925,286143,279109,275041,271292,7.5051,7.0766,34.2317,33.5298,7.1347,10.5221,7.4512,7.0304,33.9991,33.2491,7.4145,10.8558,7.328,6.994,33.7191,32.6779,7.8199,11.4611,7.2666,6.9248,33.5746,32.4104,8.0497,11.7739,7.1672,6.8303,33.4938,32.1974,8.2822,12.0291
RO423,Hunedoara,Romania,407892,403554,393176,388614,383647,7.0151,6.7079,34.693,33.7469,7.2286,10.6084,7.0159,6.6616,34.4779,33.4545,7.4515,10.9386,7.0877,6.6912,34.0802,32.7372,7.828,11.5757,7.1402,6.7203,33.8356,32.3354,8.0568,11.9116,7.1826,6.7176,33.652,31.963,8.2409,12.2438
RO424,Timiş,Romania,693104,695599,698261,701506,705113,6.9893,6.644,35.9567,36.4687,5.4777,8.4637,7.0587,6.7174,35.7247,36.181,5.659,8.6592,7.3119,6.9666,35.2344,35.4925,5.9572,9.0375,7.4507,7.0932,35.0077,35.141,6.0993,9.2082,7.5369,7.2169,34.7832,34.8397,6.2597,9.3636
SE110,Stockholms län,Sweden,2163042,2198044,2269060,2308143,2344124,9.5011,8.9871,33.2442,32.6883,6.9024,8.6769,9.5756,9.053,33.1472,32.5237,6.9853,8.7152,9.6533,9.1009,33.1299,32.308,7.0868,8.721,9.6375,9.0941,33.1884,32.2409,7.1326,8.7066,9.6049,9.065,33.2391,32.2108,7.1752,8.7051
SE121,Uppsala län,Sweden,345481,348942,361373,368971,376354,8.7822,8.2662,32.7361,32.3216,8.3035,9.5904,8.882,8.3535,32.4942,32.0159,8.4968,9.7575,9.0729,8.6074,32.2074,31.6153,8.6337,9.8632,9.1137,8.698,32.2231,31.4499,8.644,9.8712,9.1459,8.7208,32.2035,31.3795,8.6692,9.8811
SE122,Södermanlands län,Sweden,277569,280666,288097,291341,294695,8.8454,8.3183,30.948,30.128,10.053,11.7074,8.9598,8.4446,30.7333,29.7938,10.241,11.8276,9.2139,8.6502,30.4897,29.32,10.4125,11.9137,9.3114,8.7598,30.3586,29.1617,10.4657,11.9427,9.4077,8.7745,30.2822,29.0701,10.5295,11.9361
SE123,Östergötlands län,Sweden,437848,442105,452105,457496,461583,8.5808,8.1446,32.5819,30.8043,9.0885,10.7999,8.695,8.2424,32.3636,30.5631,9.2202,10.9157,8.9201,8.4162,32.1793,30.1547,9.3638,10.966,8.9793,8.465,32.1579,30.0628,9.4053,10.9297,9.0062,8.4687,32.1431,29.9565,9.483,10.9426
SE124,Örebro län,Sweden,285395,288150,294941,298907,302252,8.6315,8.1312,31.6933,30.737,9.5149,11.2921,8.7323,8.2037,31.56,30.5098,9.6436,11.3507,8.8957,8.3742,31.4188,30.1772,9.7833,11.3507,8.972,8.4655,31.3218,30.0843,9.8188,11.3376,9.0302,8.5511,31.2239,29.9935,9.8593,11.3419
SE125,Västmanlands län,Sweden,259054,261703,267629,271095,273929,8.4928,8.0466,31.7154,30.4446,9.7617,11.5389,8.6205,8.1508,31.5468,30.1135,9.9109,11.6575,8.8739,8.3492,31.3023,29.7251,10.0849,11.6647,9.0079,8.431,31.2352,29.5719,10.1049,11.6491,9.083,8.4927,31.2271,29.5128,10.0829,11.6015
SE211,Jönköpings län,Sweden,341235,344262,352735,357237,360825,8.9375,8.4141,31.9352,30.3061,9.2731,11.134,9.0666,8.547,31.7857,29.9955,9.4016,11.2037,9.2911,8.7913,31.622,29.6225,9.5111,11.1619,9.3786,8.8653,31.6137,29.5059,9.5435,11.0929,9.3946,8.9229,31.6289,29.3807,9.5944,11.0785
SE212,Kronobergs län,Sweden,187156,189128,194628,197519,199886,8.712,8.2605,32.1005,30.0546,9.732,11.1404,8.8755,8.3763,31.8557,29.8015,9.879,11.212,9.1616,8.7182,31.6039,29.3488,9.9924,11.1752,9.2594,8.7951,31.5924,29.2448,9.9844,11.124,9.3563,8.8626,31.5385,29.1331,10.0212,11.0883
SE213,Kalmar län,Sweden,233874,235598,242301,243536,244670,7.8115,7.4142,31.1569,29.6921,11.1064,12.8189,7.9466,7.5327,30.9939,29.2982,11.2862,12.9424,8.3227,7.8823,30.7836,28.7428,11.3664,12.9021,8.4115,7.9865,30.5598,28.5937,11.5034,12.9451,8.4947,8.075,30.3421,28.4273,11.6557,13.0053
SE214,Gotlands län,Sweden,57161,57255,58003,58595,59249,7.6346,7.3337,31.2678,30.4876,10.7608,12.5155,7.7006,7.3007,30.82,30.2594,11.1781,12.7412,7.891,7.3962,30.3433,29.6829,11.608,13.0786,7.9461,7.4409,30.1015,29.4462,11.8474,13.2179,8.0558,7.4702,29.8908,29.2596,11.9664,13.3572
SE221,Blekinge län,Sweden,152757,154157,158453,159371,159684,8.3302,7.6926,31.5665,29.2288,10.7635,12.4184,8.479,7.868,31.3479,28.9251,10.8772,12.5028,8.6972,8.1797,31.3904,28.4166,10.8834,12.4327,8.745,8.2192,31.3363,28.2762,10.9211,12.5023,8.7322,8.2789,31.2718,28.2013,10.9911,12.5247
SE224,Skåne län,Sweden,1274069,1288908,1324565,1344689,1362164,8.847,8.4116,32.0418,31.5254,8.7003,10.4738,8.9609,8.5142,31.8733,31.3011,8.8182,10.5323,9.2183,8.7062,31.669,30.9,8.9522,10.5542,9.3076,8.7933,31.6087,30.7894,8.9812,10.5198,9.373,8.8447,31.5163,30.7415,9.0243,10.5003
SE231,Hallands län,Sweden,306840,310665,320333,324825,329352,9.019,8.494,31.1104,30.4628,9.6686,11.2453,9.1346,8.5819,30.9221,30.1762,9.8077,11.3775,9.3047,8.7712,30.7524,29.7163,10.004,11.4515,9.3287,8.802,30.6901,29.6409,10.0805,11.4579,9.3638,8.8076,30.584,29.5511,10.1636,11.5299
SE232,Västra Götalands län,Sweden,1615084,1632012,1671783,1690782,1709814,8.7408,8.2584,32.5493,31.5403,8.6562,10.2549,8.8406,8.3366,32.3831,31.3229,8.7882,10.3286,9.0138,8.5026,32.2547,30.969,8.9074,10.3524,9.0917,8.5375,32.2045,30.8521,8.955,10.3592,9.118,8.5688,32.1848,30.7344,9.0146,10.3794
SE311,Värmlands län,Sweden,273815,274691,279334,280399,281482,7.8531,7.3842,31.6663,30.1638,10.479,12.4537,7.9202,7.4942,31.4586,29.8838,10.6669,12.5763,8.2196,7.7395,31.211,29.4511,10.7982,12.5806,8.3517,7.8438,30.9766,29.2644,10.9337,12.6299,8.3963,7.9156,30.8585,29.0878,11.044,12.6978
SE312,Dalarnas län,Sweden,277349,278903,284531,286165,287191,8.0992,7.744,31.2314,29.7322,10.8282,12.3649,8.2305,7.8647,30.9695,29.3317,11.0755,12.528,8.5344,8.1253,30.7495,28.7761,11.2627,12.5519,8.616,8.2197,30.5233,28.6275,11.4196,12.5938,8.7074,8.2854,30.292,28.4549,11.5745,12.6856
SE313,Gävleborgs län,Sweden,277970,279991,284586,285637,286547,8.0653,7.6577,31.3818,29.9388,10.5983,12.3582,8.1853,7.7845,31.136,29.6577,10.7743,12.4622,8.3957,7.9786,30.9695,29.2224,10.9977,12.436,8.4719,8.042,30.7723,29.131,11.0984,12.4844,8.4949,8.1128,30.5873,28.974,11.2596,12.5714
SE321,Västernorrlands län,Sweden,242156,243061,245572,245968,245453,8.1629,7.8433,31.2893,29.576,10.6415,12.487,8.2206,7.8902,31.1235,29.3494,10.8718,12.5446,8.424,8.1011,30.9139,28.963,11.0652,12.5328,8.53,8.1523,30.7418,28.8143,11.1815,12.5801,8.5511,8.1266,30.6144,28.7049,11.3305,12.6725
SE322,Jämtlands län,Sweden,126461,126765,128673,129806,130280,8.1337,7.872,31.503,29.9539,10.555,11.9824,8.1915,7.9178,31.2989,29.7511,10.7538,12.0869,8.5014,8.1151,31.0796,29.2796,10.9308,12.0934,8.6899,8.2115,30.9547,29.0526,11.0164,12.0749,8.7366,8.2361,30.7515,29.0021,11.1521,12.1216
SE331,Västerbottens län,Sweden,261112,262362,265881,268465,270154,8.2241,7.8648,32.8671,30.9082,9.2918,10.844,8.3061,7.9047,32.6701,30.6691,9.4594,10.9905,8.5659,8.072,32.2336,30.3305,9.7273,11.0707,8.6529,8.1377,32.1286,30.163,9.8374,11.0804,8.6732,8.1505,32.061,30.0388,9.9514,11.1251
SE332,Norrbottens län,Sweden,249436,249987,250570,251295,250497,7.7411,7.3185,32.6918,29.7684,10.4512,12.0291,7.7752,7.3512,32.5361,29.5107,10.6694,12.1574,7.8665,7.4131,32.2197,29.0937,11.0165,12.3905,7.9397,7.482,32.1367,28.8593,11.1236,12.4587,7.933,7.5087,31.9421,28.6546,11.3427,12.6189
SI031,Pomurska,Slovenia,117133,116670,115477,114776,114287,6.695,6.4508,34.9978,33.1683,7.3489,11.3392,6.707,6.4695,34.7733,32.7968,7.6712,11.5822,6.7226,6.4827,33.934,32.2055,8.5134,12.1418,6.8063,6.5101,33.5087,31.7958,8.9191,12.4599,6.8328,6.4706,33.1508,31.3605,9.3773,12.8081
SI032,Podravska,Slovenia,323328,323356,322043,322058,324104,6.8178,6.4411,35.412,33.102,7.3436,10.8834,6.9097,6.508,35.118,32.8146,7.5851,11.0646,7.0071,6.6435,34.5022,32.1898,8.188,11.4693,7.0695,6.6901,34.2907,31.8005,8.4603,11.6889,7.0968,6.7108,34.2711,31.3618,8.7117,11.8477
SI033,Koroška,Slovenia,71546,71303,70761,70550,70588,7.2093,7.0276,35.8007,32.5637,7.2331,10.1655,7.2437,7.0179,35.474,32.3941,7.5411,10.3292,7.2271,7.0971,34.7211,31.9851,8.2122,10.7573,7.2374,7.1495,34.4054,31.5904,8.5613,11.056,7.3369,7.1386,34.146,31.0138,9.0114,11.3532
SI034,Savinjska,Slovenia,254131,253975,254761,254760,256359,7.6535,7.2604,35.5081,32.7119,6.902,9.9642,7.7012,7.3161,35.1586,32.4804,7.1885,10.1553,7.7681,7.3567,34.689,31.9617,7.6892,10.5354,7.7602,7.3818,34.4552,31.6541,7.9989,10.7497,7.7391,7.3846,34.4256,31.1953,8.3028,10.9526
SI035,Zasavska,Slovenia,58037,57711,57280,57061,56962,7.1558,6.5562,35.0087,33.3511,7.1558,10.7724,7.2257,6.6434,34.6589,33.1462,7.3002,11.0256,7.3568,6.7109,33.9682,32.4721,8.0412,11.4508,7.4499,6.8032,33.5676,32.1095,8.3735,11.6963,7.5296,6.8783,33.259,31.607,8.7532,11.9729
SI036,Posavska,Slovenia,75680,75619,75544,75359,75559,7.2569,7.0283,35.8232,31.8961,7.2925,10.703,7.3288,7.0392,35.4302,31.7619,7.5523,10.8875,7.4036,7.1693,34.7096,31.3724,8.133,11.212,7.4643,7.2135,34.3781,31.0023,8.4874,11.4545,7.5107,7.2447,34.2964,30.498,8.7918,11.6584
SI037,Jugovzhodna Slovenija,Slovenia,142405,142373,142711,142819,144032,8.0039,7.5131,35.7438,32.3289,6.6227,9.7876,8.1076,7.5667,35.4182,32.1079,6.8609,9.9387,8.2453,7.6168,34.8452,31.6878,7.3919,10.2129,8.2706,7.7462,34.5017,31.3922,7.6881,10.4013,8.353,7.8045,34.4882,30.9174,7.9448,10.4921
SI038,Primorsko-notranjska,Slovenia,52449,52538,52582,52334,52544,7.5693,7.31,35.3543,31.6746,7.4949,10.597,7.6192,7.2747,35.0775,31.4173,7.84,10.7713,7.7935,7.3713,34.4605,30.7976,8.404,11.173,7.9222,7.498,33.8881,30.4945,8.7687,11.4285,7.9743,7.489,33.6727,30.1005,9.1028,11.6607
SI041,Osrednjeslovenska,Slovenia,531260,534518,539672,542306,549171,7.9769,7.4728,34.0841,33.928,6.7058,9.8325,8.0675,7.5825,33.8445,33.6281,6.8948,9.9826,8.1774,7.6923,33.4322,32.9541,7.3309,10.4132,8.231,7.737,33.2689,32.6362,7.5384,10.5887,8.2249,7.7479,33.3117,32.3322,7.6818,10.7016
SI042,Gorenjska,Slovenia,203894,203850,203800,203636,204670,8.1155,7.5368,34.0834,32.5836,7.2852,10.3956,8.1638,7.5732,33.8558,32.314,7.4923,10.6009,8.1992,7.6835,33.3391,31.6943,7.998,11.0859,8.2569,7.6593,33.0948,31.4031,8.2554,11.3305,8.2953,7.6709,33.0293,30.9826,8.5181,11.5039
SI043,Goriška,Slovenia,118374,118188,117747,117260,117616,7.4003,7.0362,34.8506,31.5052,7.723,11.4848,7.4847,7.0845,34.3977,31.2392,8.0846,11.7093,7.5161,7.1688,33.6127,30.5876,8.8902,12.2245,7.5678,7.1866,33.2031,30.2243,9.2956,12.5226,7.5968,7.232,33.0542,29.7034,9.6475,12.7661
SI044,Obalno-kraška,Slovenia,112848,112773,113517,113961,115016,6.8136,6.4317,35.2926,33.3466,7.449,10.6666,6.9582,6.5911,34.8213,32.9006,7.8139,10.9148,7.1091,6.7514,33.9341,32.204,8.4349,11.5665,7.1674,6.7909,33.5431,31.8153,8.8021,11.8813,7.2103,6.8504,33.4527,31.353,9.0527,12.0809
SK010,Bratislavský kraj,Slovakia,618380,625167,641892,650838,659598,7.5816,7.2106,34.1284,36.4114,5.6761,8.9919,7.828,7.4508,33.7227,35.9645,5.8477,9.1863,8.3005,7.9054,32.9664,34.8926,6.2442,9.6909,8.576,8.1361,32.5697,34.3589,6.4216,9.9376,8.8093,8.3522,32.1794,33.8982,6.6105,10.1503
SK021,Trnavský kraj,Slovakia,557608,558677,561156,562372,563591,7.122,6.746,36.3705,35.8526,5.3753,8.5336,7.1514,6.7601,36.1325,35.6029,5.5861,8.7671,7.2741,6.8489,35.5693,34.8782,6.1136,9.3159,7.3702,6.9381,35.2277,34.4665,6.3867,9.6107,7.4579,7.018,34.8728,34.0917,6.6616,9.898
SK022,Trenčiansky kraj,Slovakia,592394,591233,588816,587364,585882,6.8112,6.5252,36.3592,35.4468,5.887,8.9706,6.7885,6.5054,36.1932,35.1851,6.0944,9.2334,6.8682,6.5681,35.6006,34.4756,6.6399,9.8476,6.9742,6.6393,35.2104,34.0864,6.933,10.1567,7.0622,6.7157,34.8519,33.6926,7.2154,10.4622
SK023,Nitriansky kraj,Slovakia,686662,684922,680779,678692,676672,6.9324,6.4642,36.1336,35.6777,5.5107,9.2814,6.9186,6.4415,35.9585,35.4588,5.7107,9.5119,6.9548,6.5061,35.447,34.7271,6.2343,10.1306,7.0092,6.576,35.1037,34.3162,6.5519,10.443,7.0647,6.6164,34.7941,33.9367,6.8321,10.756
SK031,Žilinský kraj,Slovakia,690420,690449,690778,691023,691368,8.0452,7.6167,36.177,35.3604,4.8853,7.9155,7.9805,7.5646,36.0544,35.1919,5.0764,8.1322,7.9759,7.5613,35.607,34.6217,5.5513,8.6828,8.0126,7.601,35.3243,34.3264,5.801,8.9347,8.0751,7.6493,35.0546,33.9874,6.0335,9.2
SK032,Banskobystrický kraj,Slovakia,656813,655359,651509,649788,647874,7.475,7.1644,35.7283,35.5471,5.2365,8.8486,7.4184,7.1477,35.5898,35.2959,5.4465,9.1017,7.4343,7.154,35.0766,34.6562,5.9968,9.6821,7.4737,7.1948,34.7878,34.2773,6.2682,9.9982,7.4978,7.209,34.4985,33.9157,6.5681,10.311
SK041,Prešovský kraj,Slovakia,818916,819977,822310,823826,825022,9.2836,8.8148,35.5916,34.5883,4.4903,7.2314,9.2201,8.7413,35.5023,34.4178,4.6683,7.4501,9.1683,8.7134,35.1478,33.9726,5.1091,7.8888,9.1799,8.7463,34.9384,33.6826,5.3193,8.1335,9.2001,8.7667,34.7227,33.4258,5.531,8.3537
SK042,Košický kraj,Slovakia,794756,795565,798103,799217,800414,8.8763,8.4413,35.2795,35.0211,4.652,7.7298,8.8217,8.3696,35.1406,34.8587,4.8594,7.9499,8.7778,8.3607,34.758,34.3283,5.3118,8.4633,8.8149,8.3788,34.4958,34.0035,5.5491,8.7579,8.8087,8.3995,34.2639,33.7073,5.7944,9.0262
TR100,İstanbul,Türkiye,14160467,14377018,14804116,15029231,15067724,11.8278,11.1589,35.966,35.1943,2.4568,3.3962,11.7518,11.0938,36.0015,35.2486,2.4738,3.4306,11.464,10.8388,35.9882,35.3574,2.6987,3.653,11.3668,10.753,35.9208,35.3731,2.8113,3.7749,11.3654,10.7478,35.8462,35.3604,2.844,3.8362
TR211,Tekirdağ,Türkiye,874475,906732,972875,1005463,1029927,10.932,10.3014,37.2173,34.0787,3.3271,4.1434,10.9292,10.2823,37.1351,33.9818,3.4344,4.2371,11.0411,10.3803,36.7943,33.8964,3.54,4.3478,11.1021,10.4567,36.6342,33.7452,3.6327,4.4292,11.1187,10.4947,36.3574,33.6713,3.7873,4.5706
TR212,Edirne,Türkiye,398582,400280,401701,406855,411528,8.1732,7.7008,37.1908,34.9534,5.207,6.7748,8.0001,7.5577,37.2459,34.7264,5.4687,7.0011,7.8506,7.4588,37.0305,34.4806,5.8377,7.3418,7.7664,7.3569,36.8996,34.4356,6.0503,7.4911,7.7363,7.3375,36.8867,34.0852,6.2581,7.6962
TR213,Kırklareli,Türkiye,340559,343723,351684,356050,360860,8.3704,7.907,37.5577,34.3559,5.1398,6.6693,8.1694,7.7554,37.8049,34.2584,5.2452,6.7668,8.0186,7.5491,37.3796,34.5429,5.5345,6.9753,8.0076,7.5186,37.3838,34.2278,5.7096,7.1526,7.9746,7.4616,37.4295,33.9059,5.9125,7.3159
TR221,Balıkesir,Türkiye,1162761,1189057,1196176,1204824,1226575,9.1284,8.6129,35.1263,34.3402,5.7472,7.0449,8.8655,8.3817,34.8406,34.1969,6.2099,7.5054,8.7871,8.3032,34.7608,34.0968,6.3525,7.6996,8.7696,8.2849,34.7478,33.8767,6.4712,7.8498,8.6857,8.226,34.5501,33.7308,6.7194,8.088
TR222,Çanakkale,Türkiye,502328,511790,519793,530417,540662,8.2922,7.8946,36.6949,34.1838,5.7367,7.1977,8.1635,7.7502,36.5267,34.0374,6.0445,7.4777,8.1833,7.77,36.0014,34.0803,6.2754,7.6896,8.1317,7.7273,36.2464,33.7802,6.3669,7.7475,8.1369,7.7361,35.8015,33.7862,6.5723,7.9671
TR310,İzmir,Türkiye,4061074,4113072,4223545,4279677,4320519,9.8941,9.3819,35.9782,35.428,4.0488,5.269,9.8243,9.3078,35.7908,35.3692,4.2362,5.4717,9.7229,9.2167,35.6142,35.2018,4.4939,5.7506,9.6979,9.1935,35.5254,35.0468,4.6297,5.9067,9.6782,9.1686,35.3614,34.9112,4.7828,6.0978
TR321,Aydın,Türkiye,1020957,1041979,1068260,1080839,1097746,10.1683,9.6075,34.9051,34.1343,4.9299,6.2549,9.99,9.448,34.625,34.0923,5.2804,6.5642,9.8703,9.3095,34.6195,34.0812,5.4048,6.7147,9.872,9.3242,34.5528,33.8961,5.5111,6.8439,9.8375,9.304,34.1626,33.86,5.7465,7.0893
TR322,Denizli,Türkiye,963464,978700,1005687,1018735,1027782,10.9395,10.3573,34.8822,34.4129,4.0218,5.3863,10.7921,10.2237,34.8964,34.3686,4.1693,5.55,10.5227,9.9523,34.8564,34.5775,4.3778,5.7134,10.4544,9.8849,34.8558,34.4703,4.5107,5.8239,10.3779,9.8432,34.7769,34.3289,4.6718,6.0013
TR323,Muğla,Türkiye,866665,894509,923773,938751,967487,10.0062,9.4468,36.1338,34.0185,4.806,5.5888,9.7919,9.2532,35.8494,33.9182,5.1846,6.0027,9.5994,9.0573,36.0117,33.8937,5.3109,6.1269,9.5759,8.9874,36.0507,33.7974,5.3933,6.1954,9.4301,8.826,35.909,33.7414,5.6321,6.4614
TR331,Manisa,Türkiye,1359463,1367905,1396945,1413041,1429643,10.8679,10.1902,35.0858,34.1175,4.2203,5.5183,10.7733,10.0957,35.0345,34.0456,4.3695,5.6813,10.6311,9.9825,34.9914,33.9796,4.5652,5.8503,10.6006,9.9661,34.9708,33.782,4.7016,5.9789,10.5382,9.9392,35.0207,33.5666,4.8269,6.1084
TR332,Afyonkarahisar,Türkiye,707123,706371,714523,715693,725568,11.9932,11.3943,33.4187,33.5483,4.2268,5.4186,11.8313,11.2233,33.353,33.5412,4.4171,5.6341,11.5757,10.9753,33.4632,33.6311,4.5688,5.786,11.4949,10.9337,33.3474,33.6299,4.6815,5.9126,11.4295,10.8515,33.3836,33.4594,4.8241,6.0518
TR333,Kütahya,Türkiye,572059,571554,573642,572256,577941,9.6549,9.0809,35.0632,35.2341,4.8526,6.1142,9.5041,8.9582,34.8795,35.1629,5.0973,6.398,9.3468,8.8388,34.8163,34.9858,5.3373,6.6751,9.3303,8.8841,34.551,34.8687,5.5129,6.8531,9.1968,8.7857,34.4137,34.9617,5.6463,6.9959
TR334,Uşak,Türkiye,346508,349459,358736,364971,367514,10.482,9.7836,34.7149,34.4243,4.6065,5.9886,10.3114,9.6057,34.7305,34.3637,4.8154,6.1733,10.0132,9.3453,34.9881,34.4479,4.9683,6.2372,9.9452,9.2361,34.8526,34.6126,5.0412,6.3123,9.8832,9.1705,34.6896,34.5579,5.2025,6.4964
TR411,Bursa,Türkiye,2740970,2787539,2901396,2936803,2994521,11.43,10.7398,35.2013,34.7647,3.4209,4.4434,11.3933,10.7022,35.1067,34.6977,3.5339,4.5662,11.2334,10.5909,35.1549,34.5412,3.7276,4.7521,11.2363,10.5987,34.9778,34.4658,3.8519,4.8694,11.2398,10.6187,34.8503,34.3674,3.9419,4.9819
TR412,Eskişehir,Türkiye,799724,812320,844842,860620,871187,9.2738,8.7857,36.2746,35.6517,4.3674,5.6468,9.2498,8.7464,36.1647,35.585,4.4739,5.7802,9.1972,8.712,36.0618,35.4052,4.6415,5.9823,9.272,8.7492,35.8268,35.2933,4.758,6.1007,9.2967,8.782,35.6628,35.1617,4.8704,6.2263
TR413,Bilecik,Türkiye,208888,209925,218297,221693,223448,9.7875,9.3849,37.8988,32.5615,4.3957,5.9716,9.7473,9.2905,37.4872,32.8365,4.5364,6.1022,9.5375,9.0959,38.1535,32.5282,4.618,6.067,9.4356,9.0431,38.4866,32.3199,4.6407,6.0742,9.5441,9.1279,38.0406,32.3726,4.742,6.1728
TR421,Kocaeli,Türkiye,1676202,1722795,1830772,1883270,1906391,12.2949,11.6108,35.6292,34.3274,2.7538,3.3838,12.263,11.553,35.5331,34.33,2.8427,3.4782,12.0997,11.4147,35.5325,34.3149,3.0108,3.6274,12.082,11.3973,35.4274,34.2635,3.1018,3.7281,12.12,11.4394,35.2416,34.2049,3.1698,3.8242
TR422,Sakarya,Türkiye,917373,932706,976948,990214,1010700,11.6295,10.9971,34.7612,34.3251,3.642,4.6451,11.5109,10.8783,34.7485,34.2139,3.8279,4.8205,11.2344,10.6579,35.0207,34.1825,3.9968,4.9077,11.162,10.5966,34.8709,34.2465,4.1065,5.0174,11.1698,10.5885,34.6517,34.2549,4.2077,5.1274
TR423,Düzce,Türkiye,351509,355549,370371,377610,387844,11.4751,10.9926,34.8173,34.0572,3.7976,4.8602,11.2558,10.8238,34.9122,33.9596,3.9916,5.057,10.8246,10.3863,35.212,34.2813,4.1226,5.1732,10.7431,10.3043,35.0825,34.4662,4.1877,5.2162,10.72,10.2539,35.0695,34.4272,4.2437,5.2856
TR424,Bolu,Türkiye,283496,284789,299896,303184,311810,9.6509,9.2026,34.5758,34.3645,5.3585,6.8477,9.6629,9.158,34.0968,34.4315,5.5416,7.1091,9.2622,8.733,34.664,34.6613,5.5846,7.0948,9.198,8.6901,34.708,34.5068,5.6952,7.2019,9.1665,8.6482,34.614,34.4396,5.8366,7.2951
TR425,Yalova,Türkiye,220122,226514,241665,251203,262234,10.2052,9.6846,35.1355,34.6426,4.696,5.636,10.1389,9.6899,34.8363,34.4456,4.9348,5.9546,10.2079,9.7267,34.6376,34.3124,5.0603,6.0551,10.224,9.7264,34.5915,34.1863,5.1715,6.1002,10.2706,9.7356,34.5226,33.9437,5.3159,6.2116
TR510,Ankara,Türkiye,5045083,5150072,5346518,5445026,5503985,11.1318,10.5393,35.4939,35.6218,3.0767,4.1366,11.0611,10.4761,35.5882,35.5746,3.1133,4.1868,10.8876,10.32,35.3478,35.577,3.3938,4.4738,10.84,10.2677,35.2784,35.4985,3.514,4.6015,10.8797,10.3126,35.1255,35.4369,3.5753,4.6701
TR521,Konya,Türkiye,2079225,2108808,2161303,2180149,2205609,13.1449,12.5002,33.0326,33.4275,3.4353,4.4594,12.9454,12.2957,33.0608,33.4329,3.604,4.6613,12.615,11.9546,33.2761,33.5195,3.7841,4.8507,12.5371,11.8735,33.183,33.5248,3.8966,4.985,12.4406,11.813,33.1672,33.4456,4.013,5.1206
TR522,Karaman,Türkiye,237939,240362,245610,246672,251913,12.2649,11.7408,33.2573,33.2753,4.2301,5.2316,12.0239,11.4053,33.514,33.2303,4.4146,5.4118,11.7556,11.0794,33.4286,33.6155,4.5503,5.5706,11.6588,11.0377,33.6852,33.2559,4.6698,5.6926,11.4829,10.874,33.7617,33.3397,4.7695,5.7722
TR611,Antalya,Türkiye,2158265,2222562,2328555,2364396,2426356,11.7668,11.0937,35.5301,34.6031,3.2458,3.7606,11.6596,11.0011,35.5221,34.5777,3.3455,3.8941,11.3914,10.7356,35.5176,34.6926,3.5487,4.1141,11.3221,10.6755,35.4542,34.6475,3.6629,4.2379,11.2703,10.6231,35.2992,34.6199,3.7976,4.3899
TR612,Isparta,Türkiye,417774,418780,427324,433830,441412,10.2419,9.6382,34.8069,34.409,4.7739,6.1301,10.1235,9.4914,34.7115,34.2251,5.033,6.4155,9.8859,9.3021,34.6873,34.3316,5.2064,6.5868,9.7135,9.1038,35.3927,33.8441,5.2862,6.6598,9.5781,8.9825,34.7367,34.4476,5.453,6.802
TR613,Burdur,Türkiye,257267,256898,261401,264779,269926,9.6328,9.0501,34.0829,33.9068,5.7034,7.624,9.519,8.9362,34.0602,33.7286,5.9183,7.8377,9.1538,8.5922,34.5083,33.6644,6.1014,7.9801,8.9769,8.4557,35.107,33.2602,6.1565,8.0437,8.8595,8.306,35.0133,33.4514,6.2299,8.14
TR621,Adana,Türkiye,2149260,2165595,2201670,2216475,2220125,13.469,12.7862,33.7941,33.5911,2.7438,3.6158,13.345,12.6708,33.7403,33.549,2.9008,3.7941,13.0556,12.3995,33.7936,33.5176,3.1737,4.0599,12.9754,12.3468,33.7298,33.3979,3.3265,4.2237,12.9482,12.3314,33.4183,33.4248,3.4871,4.3902
TR622,Mersin,Türkiye,1705774,1727255,1773852,1793931,1814468,12.6537,11.9933,33.7884,34.084,3.3621,4.1184,12.4917,11.8211,33.7728,34.0623,3.5432,4.309,12.2475,11.5937,33.9383,33.9635,3.7385,4.5185,12.1781,11.5556,33.8634,33.8592,3.8698,4.674,12.1317,11.4871,33.7552,33.7803,4.0186,4.8271
TR631,Hatay,Türkiye,1503066,1519836,1555165,1575226,1609856,14.918,14.1954,32.6328,32.1632,2.7629,3.3277,14.8352,14.099,32.5373,32.1924,2.885,3.4511,14.59,13.8624,32.5391,32.2927,3.0813,3.6345,14.5663,13.8284,32.4352,32.292,3.1633,3.7148,14.4868,13.7333,32.5409,32.1884,3.2553,3.7952
TR632,Kahramanmaraş,Türkiye,1075706,1089038,1112634,1127623,1144851,15.5821,14.7102,32.1141,30.7826,3.1488,3.6622,15.375,14.5183,32.1535,30.8522,3.2955,3.8055,14.9938,14.1728,32.4339,31.0298,3.426,3.9437,14.9138,14.0976,32.3166,31.1277,3.5056,4.0387,14.6788,13.8795,32.3895,31.268,3.6292,4.155
TR633,Osmaniye,Türkiye,498981,506807,522175,527724,534415,14.5787,13.8364,32.8734,32.0531,2.9133,3.745,14.4157,13.6101,33.0185,32.0019,3.0653,3.8885,14.0131,13.2232,33.2896,32.0705,3.3043,4.0994,13.9393,13.137,33.1056,32.1367,3.4512,4.2302,13.8218,13.0028,33.0749,32.1028,3.6024,4.3953
TR711,Kırıkkale,Türkiye,274658,271092,277984,278749,286602,10.6507,10.2058,35.0986,34.0766,4.3636,5.6048,10.3467,9.8948,35.1604,34.0818,4.5855,5.9308,9.9743,9.4405,35.6589,33.9865,4.76,6.1799,9.9157,9.3704,35.2629,34.2136,4.903,6.3344,9.7738,9.241,35.1575,34.2901,5.0701,6.4675
TR712,Aksaray,Türkiye,382806,384252,396673,402404,412172,13.667,13.1085,32.8945,32.7824,3.2131,4.3346,13.4383,12.8699,32.7725,32.7145,3.5198,4.6849,13.0785,12.4251,32.9478,33.0048,3.728,4.8158,13.0063,12.3224,32.9664,33.0255,3.7865,4.8928,12.9264,12.2847,32.8552,32.9964,3.9044,5.0329
TR713,Niğde,Türkiye,343658,343898,351468,352727,364707,13.5082,12.8328,32.7672,32.2315,3.7016,4.9587,13.1455,12.479,32.8786,32.2921,3.9715,5.2332,12.6896,12.0031,33.2676,32.7432,3.9964,5.3001,12.4881,11.8534,33.3731,32.8078,4.0907,5.3869,12.1923,11.5583,33.7871,32.7674,4.2278,5.4671
TR714,Nevşehir,Türkiye,285460,286250,290895,292365,298339,11.7775,11.2643,33.501,33.4765,4.1992,5.7815,11.621,11.0148,33.6342,33.1609,4.4978,6.0713,11.225,10.6214,33.4849,33.7111,4.6886,6.2689,11.0625,10.503,33.4558,33.8324,4.8101,6.3363,10.9604,10.3734,33.4515,33.7053,5.0077,6.5017
TR715,Kırşehir,Türkiye,223498,222707,229975,234529,241868,10.6753,10.231,34.9587,33.9936,4.2255,5.9159,10.4586,10.0572,34.9033,33.9271,4.4561,6.1978,10.1337,9.7067,35.1573,34.005,4.634,6.3633,10.2785,9.8841,34.8972,33.8299,4.6984,6.412,10.1613,9.8178,34.7334,33.9445,4.834,6.5089
TR721,Kayseri,Türkiye,1295355,1322376,1358980,1376722,1389680,13.3522,12.6506,33.6848,33.0238,3.1308,4.1579,13.1894,12.4744,33.6817,33.0671,3.2848,4.3026,12.8986,12.1861,33.7536,33.2093,3.4788,4.4736,12.7365,12.07,33.7723,33.2737,3.5808,4.5667,12.6282,11.9825,33.7617,33.1753,3.7409,4.7114
TR722,Sivas,Türkiye,623824,623116,621224,621301,646608,11.9292,11.3904,33.2331,32.7732,4.8195,5.8547,11.547,11.0629,32.8714,32.8408,5.3098,6.3682,11.2026,10.6765,33.202,33.0242,5.3945,6.5002,11.1191,10.5483,33.6177,32.9177,5.3388,6.4584,10.6972,10.1603,33.6592,33.0393,5.6855,6.7585
TR723,Yozgat,Türkiye,444211,432560,421041,418650,424981,12.0362,11.5659,33.4195,32.5589,4.5181,5.9015,11.6585,11.1952,33.3974,32.4928,4.9145,6.3415,11.1828,10.7028,33.5846,32.5522,5.2515,6.7262,11.0947,10.5568,33.3778,32.6502,5.4119,6.9086,10.8927,10.3631,33.3525,32.6386,5.6243,7.1288
TR811,Zonguldak,Türkiye,601567,598796,597524,596892,599698,10.2311,9.6513,35.0327,35.5507,4.0923,5.442,10.0191,9.5064,35.0396,35.4005,4.3534,5.6809,9.5661,9.1225,34.9765,35.3676,4.8333,6.134,9.3885,8.9328,34.8679,35.3617,5.0815,6.3677,9.2161,8.7878,35.0533,35.0538,5.306,6.583
TR812,Karabük,Türkiye,230251,231333,242347,244453,248014,9.0666,8.5911,36.5996,34.0585,5.1804,6.5038,8.9447,8.403,36.4833,34.073,5.3429,6.753,8.5043,7.9976,36.4543,34.8178,5.4261,6.7998,8.5027,8.0052,36.2372,34.7547,5.5761,6.924,8.5124,8.0112,36.0234,34.6642,5.7017,7.0871
TR813,Bartın,Türkiye,189139,189405,192389,193577,198999,9.4745,9.0468,34.5344,34.9082,5.3844,6.6517,9.3503,8.8572,34.148,34.931,5.7116,7.0019,9.0119,8.4178,34.4843,34.9427,5.951,7.1922,8.8321,8.2329,34.4747,34.9251,6.1619,7.3733,8.6815,8.0995,34.7328,34.7067,6.291,7.4885
TR821,Kastamonu,Türkiye,368093,368907,376945,372373,383373,9.1276,8.716,33.7363,32.698,6.9029,8.8192,8.9169,8.5,33.5995,32.5022,7.2425,9.2389,8.6047,8.2426,33.9814,32.6682,7.2989,9.2043,8.6164,8.1816,33.4283,32.9307,7.4458,9.3973,8.4049,7.9184,33.9202,32.6066,7.6083,9.5416
TR822,Çankırı,Türkiye,190909,183550,183880,186074,216362,9.7628,9.3154,33.8245,32.8156,6.4617,7.82,9.4857,9.076,33.6137,32.5257,6.9142,8.3846,9.4926,8.9798,33.5311,32.5897,6.9404,8.4664,9.3533,8.9572,33.951,32.3731,6.9053,8.4601,9.2673,8.7945,34.6937,32.5413,6.6541,8.049
TR823,Sinop,Türkiye,204568,204526,205478,207427,219733,9.4668,9.0469,32.5295,32.2607,7.508,9.1881,9.1411,8.8121,32.456,32.0282,7.934,9.6286,8.9357,8.5844,32.4677,31.9183,8.1926,9.9013,8.8238,8.3977,32.6115,32.0079,8.255,9.9042,8.6004,8.1767,32.7516,32.1649,8.3884,9.9179
TR831,Samsun,Türkiye,1261810,1269989,1295927,1312990,1335716,11.2933,10.7505,33.8954,34.3536,4.2193,5.4879,11.0551,10.507,33.9271,34.3865,4.4115,5.7126,10.6781,10.1484,34.0501,34.4445,4.7111,5.9677,10.5922,10.0576,34.054,34.4043,4.8229,6.069,10.5057,9.9808,34.1138,34.2473,4.9484,6.2041
TR832,Tokat,Türkiye,598708,597920,602662,602086,612646,11.4226,10.8135,33.113,33.346,5.099,6.206,11.1441,10.5454,33.1692,33.2834,5.3367,6.5213,10.5892,10.0207,33.4605,33.4554,5.607,6.8672,10.4307,9.9125,33.5937,33.3328,5.7224,7.0078,10.1656,9.6405,33.8804,33.2226,5.8975,7.1934
TR833,Çorum,Türkiye,532080,527220,527863,528422,536483,10.833,10.3345,33.102,33.136,5.664,6.9305,10.5679,10.0884,32.9862,33.0179,5.9863,7.3533,10.3773,9.8323,32.9794,32.8957,6.2027,7.7126,10.3366,9.7644,32.8514,32.8733,6.3188,7.8555,10.2188,9.6342,32.8851,32.8346,6.4183,8.009
TR834,Amasya,Türkiye,321977,321913,326351,329888,337508,10.4402,9.9016,33.4574,33.4157,5.67,7.1151,10.1997,9.6346,33.4708,33.3923,5.9053,7.3973,9.8768,9.2921,33.4897,33.528,6.137,7.6764,9.793,9.1492,33.8188,33.2549,6.2215,7.7626,9.5802,8.8976,34.462,32.9213,6.3033,7.8357
TR901,Trabzon,Türkiye,758237,766782,779379,786326,807903,10.6723,10.2471,34.4318,33.9304,4.295,6.4235,10.4658,10.0519,34.3594,33.916,4.5381,6.6688,10.2111,9.8263,34.4485,34.0122,4.7399,6.7621,10.167,9.7565,34.4547,34.0576,4.8124,6.7518,10.0333,9.6364,34.3711,34.0722,5.0294,6.8576
TR902,Ordu,Türkiye,731452,724268,750588,742341,771932,10.8431,10.2808,33.8739,33.0183,5.322,6.662,10.5294,9.9977,33.7414,32.9751,5.6592,7.0972,10.1504,9.6326,34.1588,33.0373,5.8172,7.2037,10.0096,9.4898,34.0007,33.1344,5.975,7.3905,9.8187,9.274,34.1709,33.2217,6.0856,7.429
TR903,Giresun,Türkiye,425007,429984,444467,437393,453912,9.5763,9.098,33.9152,33.2479,5.9103,8.2523,9.2585,8.8082,33.9748,33.2394,6.1846,8.5345,8.9129,8.4976,34.2613,33.2916,6.4164,8.6202,8.7807,8.341,34.3682,33.2525,6.5207,8.737,8.5065,8.0476,34.5915,33.3239,6.7061,8.8244
TR904,Rize,Türkiye,328205,329779,331048,331041,348608,10.4017,9.9203,34.987,33.8307,4.2504,6.6099,10.1432,9.7086,34.6884,33.91,4.5964,6.9534,9.8221,9.3482,35.1614,33.7978,4.7757,7.0947,9.6982,9.2421,35.3162,33.8221,4.8218,7.0997,9.4347,8.9298,35.4851,33.8991,5.0303,7.221
TR905,Artvin,Türkiye,169334,169674,168068,166143,174010,9.346,8.9545,34.7774,32.9325,6.1677,7.8218,9.1122,8.7385,34.6895,32.7021,6.5095,8.2482,8.7548,8.4002,34.8175,32.7147,6.7627,8.5501,8.6913,8.3464,34.817,32.7742,6.7641,8.607,8.2915,8.0317,35.1451,32.8337,6.9714,8.7265
TR906,Gümüşhane,Türkiye,141412,146353,172034,170173,162748,10.4305,9.903,35.4411,32.8254,4.798,6.602,9.9164,9.5051,35.6911,32.9723,5.0734,6.8417,10.1707,9.6911,36.2731,33.5393,4.4555,5.8704,9.8617,9.4104,36.2707,34.1024,4.4613,5.8934,9.2677,8.8013,36.3335,33.9396,5.071,6.5869
TRA11,Erzurum,Türkiye,766729,763320,762021,760476,767848,14.6399,13.9991,32.112,31.7562,3.333,4.1599,14.3385,13.6738,32.4535,31.5387,3.5612,4.4343,13.7238,13.0735,32.6618,32.3852,3.6311,4.5245,13.5239,12.9166,32.7071,32.6493,3.636,4.567,13.2706,12.6486,32.8937,32.7433,3.772,4.6718
TRA12,Erzincan,Türkiye,219996,223633,226032,231511,236034,10.7807,10.3243,35.2265,32.7979,4.7064,6.1642,10.4139,9.9985,34.8723,32.9442,5.1737,6.5974,10.3092,9.8641,35.0437,33.1037,5.1156,6.5637,10.0997,9.6384,36.1966,32.7989,4.9285,6.3379,9.8435,9.3609,35.7444,32.9525,5.3996,6.699
TRA13,Bayburt,Türkiye,75620,80607,90154,80417,82274,12.0682,11.4322,34.598,31.7839,4.4816,5.6361,11.5896,11.0772,34.5863,31.6933,5.0331,6.0206,10.7849,10.3268,35.8753,32.9292,4.5655,5.5183,10.4766,10.1857,35.8581,33.0179,4.6246,5.8371,10.459,10.2693,34.7339,33.2547,5.0988,6.1842
TRA21,Ağrı,Türkiye,551177,549435,542255,536285,539657,20.0865,19.0489,30.1604,26.8981,1.6713,2.1349,19.6081,18.6388,30.6147,27.1552,1.7303,2.2529,18.9013,17.9604,31.1863,27.7919,1.8049,2.3553,18.5808,17.6488,31.3967,28.0731,1.8567,2.4438,18.1441,17.2988,31.9683,28.123,1.9435,2.5223
TRA22,Kars,Türkiye,300874,296466,289786,287654,288878,15.5384,14.6952,32.939,29.7008,3.2469,3.8797,15.1515,14.3328,33.3155,29.7724,3.369,4.0588,14.5683,13.8264,33.8788,30.0498,3.4929,4.1838,14.3096,13.6588,34.149,30.1418,3.507,4.2339,14.0419,13.3416,34.1331,30.6237,3.5804,4.2793
TRA23,Iğdır,Türkiye,190424,192056,192785,194775,197456,16.7967,15.7664,32.2785,29.7499,2.3931,3.0154,16.604,15.5361,32.4234,29.8663,2.4722,3.0981,16.1065,15.1718,32.6307,30.1388,2.6449,3.3073,15.8342,14.9126,32.8974,30.1805,2.7473,3.4281,15.4424,14.543,33.4444,30.1581,2.8568,3.5552
TRA24,Ardahan,Türkiye,102782,100809,98335,97096,98907,12.5129,11.8532,33.859,30.5199,5.1322,6.1227,12.1209,11.494,33.9999,30.4864,5.4013,6.4974,11.4862,11.0093,34.6845,30.5517,5.5748,6.6934,11.3321,10.8769,34.8624,30.4616,5.6274,6.8396,10.9365,10.4664,35.5091,30.5378,5.7175,6.8327
TRB11,Malatya,Türkiye,762538,769544,781305,786676,797036,12.7326,12.106,33.4265,33.0961,3.7668,4.872,12.5522,11.948,33.4054,33.0774,3.9334,5.0837,12.2381,11.6453,33.496,33.1987,4.1276,5.2943,12.1453,11.5491,33.4551,33.2481,4.2129,5.3895,11.9327,11.3884,33.507,33.264,4.3544,5.5535
TRB12,Elazığ,Türkiye,568239,568753,578789,583671,595638,12.3835,11.7553,33.5695,33.9582,3.6826,4.6509,12.1851,11.5428,33.494,34.1118,3.8298,4.8365,11.819,11.1097,33.9626,34.1342,3.9759,4.9985,11.7402,11.0199,34.0229,34.1033,4.041,5.0727,11.6492,10.938,34.0069,34.0699,4.1461,5.1899
TRB13,Bingöl,Türkiye,265514,266019,269560,273354,281205,14.7416,14.0994,33.7444,31.6017,2.6371,3.1757,14.4441,13.8216,33.7412,31.8507,2.7618,3.3806,14.0421,13.456,34.0737,31.9383,2.9259,3.564,13.8864,13.3764,34.0913,32.1093,2.9387,3.5979,13.7498,13.1712,34.3006,32.1082,2.9886,3.6817
TRB14,Tunceli,Türkiye,85428,86527,82193,82498,88198,7.7211,7.2213,42.6804,30.3671,5.3636,6.6465,7.6681,7.1261,42.2504,30.5627,5.5243,6.8684,7.4812,7.0249,41.6179,30.7496,5.8448,7.2816,7.4741,6.919,42.2398,30.2795,5.7795,7.3081,7.3675,6.7745,42.1438,29.9984,6.1793,7.5365
TRB21,Van,Türkiye,1070113,1085542,1100190,1106891,1123784,19.5468,18.6944,29.9825,28.5277,1.4446,1.8039,19.0661,18.2493,30.5327,28.7393,1.5086,1.9041,18.2818,17.5034,31.1623,29.4524,1.6008,1.9992,17.9694,17.2311,31.3357,29.7591,1.6325,2.0721,17.619,16.8904,31.821,29.8448,1.6785,2.1463
TRB22,Muş,Türkiye,412553,411216,406501,404544,407992,19.628,18.7549,29.7302,27.9041,1.6686,2.3141,19.169,18.322,30.0662,28.2409,1.7521,2.4498,18.5092,17.75,30.5916,28.7094,1.8684,2.5715,18.2534,17.4668,30.6778,29.0277,1.9058,2.6684,17.9016,17.165,31.1521,28.9805,2.0334,2.7675
TRB23,Bitlis,Türkiye,337156,338023,341225,341474,349396,18.8156,17.6939,31.0568,28.1935,1.8107,2.4294,18.4097,17.3039,31.3064,28.4714,1.9079,2.6007,17.6977,16.5225,32.1846,28.8777,2.0154,2.702,17.4245,16.2976,32.1916,29.2298,2.0719,2.7847,16.9618,15.9,32.9924,29.1764,2.1271,2.8423
TRB24,Hakkari,Türkiye,273041,276287,267813,275761,286470,17.6538,16.8674,34.7047,27.9577,1.1702,1.6463,17.1416,16.3442,35.3954,28.1798,1.2252,1.7138,16.3838,15.6785,35.44,29.2443,1.3797,1.8737,15.7267,15.1069,36.7528,29.1535,1.3679,1.8922,14.8797,14.272,38.6128,28.9901,1.3499,1.8955
TRC11,Gaziantep,Türkiye,1844438,1889466,1974244,2005515,2028563,17.4062,16.6297,31.0344,30.17,2.034,2.7258,17.1812,16.42,31.1904,30.3095,2.1062,2.7928,16.8019,16.1017,31.5904,30.4419,2.2056,2.8585,16.7361,16.0475,31.5024,30.524,2.2719,2.9182,16.6883,16.0028,31.4253,30.5385,2.3515,2.9936
TRC12,Adıyaman,Türkiye,597184,597835,610484,615076,624513,15.5443,14.803,31.8347,31.286,2.8505,3.6814,15.4007,14.6616,31.7616,31.3275,2.993,3.8556,15.0985,14.3655,32.1496,31.2224,3.1483,4.0157,15.1079,14.3192,32.0042,31.1926,3.2152,4.1609,15.0285,14.2425,32.0943,31.07,3.3162,4.2486
TRC13,Kilis,Türkiye,128586,128781,130825,136319,142541,15.088,14.5739,31.6279,30.9972,3.3254,4.3877,14.9541,14.277,31.7461,30.9743,3.4951,4.5535,14.8053,13.8819,31.9473,31.1447,3.562,4.6589,14.7734,13.8125,32.6308,30.7463,3.4705,4.5665,14.7985,13.8171,32.8804,30.6214,3.4229,4.4598
TRC21,Şanlıurfa,Türkiye,1801980,1845667,1940627,1985753,2035809,21.0759,20.0918,27.5105,27.8078,1.4623,2.0517,20.8987,19.8761,27.7586,27.8559,1.4982,2.1126,20.5627,19.5505,28.2323,27.9594,1.5463,2.1487,20.4856,19.5046,28.2533,27.9845,1.5845,2.1874,20.3989,19.4285,28.4163,27.927,1.6178,2.2116
TRC22,Diyarbakır,Türkiye,1607437,1635048,1673119,1699901,1732396,18.1096,17.2522,30.4919,29.9021,1.7762,2.4679,17.8489,17.0138,30.7276,30.0326,1.8277,2.5494,17.4107,16.5885,31.1256,30.3302,1.909,2.6359,17.3007,16.4824,31.1645,30.3967,1.9536,2.7021,17.1417,16.2993,31.3911,30.4165,2.0023,2.7491
TRC31,Mardin,Türkiye,779738,788996,796237,809719,829195,18.6468,17.9222,29.445,29.0601,2.1074,2.8185,18.4115,17.6368,29.5979,29.2489,2.1769,2.9279,17.9432,17.1575,30.1458,29.5614,2.207,2.9852,17.7496,16.9842,30.2008,29.7935,2.2299,3.0419,17.5022,16.7368,30.508,29.8738,2.2796,3.0996
TRC32,Batman,Türkiye,547581,557593,576899,585252,599103,19.4592,18.5357,29.1975,28.9037,1.589,2.3149,19.0438,18.1797,29.547,29.1917,1.6254,2.4123,18.2344,17.4388,30.4523,29.7336,1.6651,2.4758,17.9449,17.1755,30.5462,30.0518,1.7169,2.5647,17.5968,16.8632,30.9468,30.2113,1.7671,2.6147
TRC33,Şırnak,Türkiye,475255,488966,483788,503236,524190,21.2953,20.1911,29.3703,26.1866,1.2111,1.7456,20.7368,19.6132,30.2354,26.3971,1.2252,1.7921,20.1049,19.0383,30.5822,27.1241,1.2762,1.8744,19.4859,18.483,31.6682,27.1992,1.2728,1.891,18.9614,17.9927,32.7129,27.1716,1.2806,1.8806
TRC34,Siirt,Türkiye,314153,318366,322664,324394,331670,19.7079,18.7584,30.021,27.2676,1.7752,2.4698,19.2857,18.3826,30.4241,27.5073,1.8341,2.5662,18.519,17.6351,31.1736,28.1398,1.8976,2.6349,18.1529,17.3446,31.2087,28.675,1.9347,2.6841,17.6802,16.9026,31.974,28.7385,1.9601,2.7446
UKC11,Hartlepool and Stockton-on-Tees,United Kingdom,286590,287333,289143,290209,290998,9.2889,8.8503,31.9352,32.5863,7.8108,9.5286,9.3205,8.849,31.7238,32.4481,7.9834,9.6752,9.433,8.9665,31.4153,32.0959,8.2451,9.8443,9.467,9.0218,31.2396,31.9425,8.386,9.9432,9.4643,9.0169,31.1311,31.816,8.5186,10.053
UKC12,South Teesside,United Kingdom,273990,274379,276244,276687,276988,9.1649,8.7503,31.4103,32.3399,8.301,10.0336,9.2474,8.7765,31.2243,32.1519,8.435,10.1648,9.3852,8.8628,31.0085,31.8374,8.6062,10.3,9.4489,8.9408,30.8565,31.6563,8.7113,10.3861,9.456,8.978,30.7454,31.5198,8.7982,10.5026
UKC13,Darlington,United Kingdom,105822,105948,106349,106426,106522,9.0926,8.7326,31.0417,32.2929,8.4916,10.3485,9.1158,8.6977,30.7991,32.1554,8.7269,10.5052,9.1595,8.6921,30.4977,31.8132,9.0212,10.8163,9.134,8.7187,30.3742,31.6708,9.1688,10.9334,9.0582,8.6808,30.3055,31.5991,9.3399,11.0165
UKC14,Durham CC,United Kingdom,516773,518463,522701,524670,527035,8.1988,7.7976,32.0222,32.5806,8.8573,10.5435,8.212,7.8017,31.8293,32.3963,9.0599,10.7009,8.2873,7.8615,31.493,32.0533,9.3753,10.9296,8.3208,7.8966,31.3395,31.9056,9.517,11.0205,8.3194,7.8911,31.237,31.806,9.6362,11.1103
UKC21,Northumberland,United Kingdom,316621,316661,318254,318440,319010,8.0228,7.5052,30.6736,31.658,10.1541,11.9863,7.9625,7.4528,30.4284,31.4298,10.4547,12.2718,7.9009,7.4221,29.9493,31.0309,10.946,12.7508,7.8834,7.3973,29.7274,30.8491,11.1842,12.9585,7.8515,7.3549,29.5386,30.7037,11.3971,13.1541
UKC22,Tyneside,United Kingdom,838554,842164,850712,854140,858694,8.3904,7.9791,33.0785,33.2055,7.659,9.6875,8.4263,8.0051,32.9927,33.0366,7.7911,9.7482,8.5276,8.0615,32.817,32.8123,7.9679,9.8138,8.5669,8.1114,32.7295,32.6891,8.0551,9.8479,8.5663,8.1128,32.6758,32.6301,8.139,9.876
UKC23,Sunderland,United Kingdom,276432,276818,277283,277643,277733,8.4155,7.8381,32.2882,33.2462,8.0056,10.2065,8.4189,7.8626,32.1392,33.0762,8.1592,10.344,8.492,7.9662,31.7845,32.7056,8.4581,10.5935,8.5286,8.0121,31.6269,32.5472,8.5934,10.6918,8.5355,8.0221,31.5004,32.4157,8.7278,10.7985
UKD11,West Cumbria,United Kingdom,234226,234182,233496,232951,232618,8.0738,7.6798,31.5114,31.283,9.9844,11.4676,8.0702,7.6684,31.2872,31.116,10.2305,11.6277,8.1209,7.7303,30.8335,30.7487,10.616,11.9505,8.1485,7.751,30.6627,30.5768,10.7752,12.0858,8.1404,7.7556,30.5166,30.4693,10.9256,12.1925
UKD12,East Cumbria,United Kingdom,264237,264363,265145,265265,265465,7.681,7.262,30.646,31.1081,10.6647,12.6383,7.7027,7.2578,30.3356,30.8549,10.9648,12.8842,7.8104,7.2639,29.8701,30.446,11.4032,13.2064,7.8322,7.2829,29.6617,30.2554,11.5993,13.3685,7.7939,7.2462,29.4996,30.1362,11.8057,13.5185
UKD33,Manchester,United Kingdom,516265,524322,543394,549785,553230,9.6015,9.2344,36.6457,34.9948,4.1632,5.3604,9.6654,9.3038,36.6231,34.9587,4.1619,5.287,9.7767,9.3781,36.7209,34.8462,4.1303,5.1478,9.8664,9.4468,36.6663,34.763,4.146,5.1115,9.8823,9.4713,36.6459,34.7364,4.174,5.0901
UKD34,Greater Manchester South West,United Kingdom,471339,476004,484573,488890,492658,9.6737,9.2418,32.9209,32.476,6.9799,8.7077,9.7514,9.3062,32.8472,32.3338,7.0552,8.7062,9.9616,9.5156,32.5831,32.1242,7.1265,8.6891,10.0438,9.5813,32.4893,32.0647,7.166,8.6549,10.0885,9.6004,32.4416,32.0701,7.1916,8.6078
UKD35,Greater Manchester South East,United Kingdom,506248,508359,514040,516210,517992,9.2295,8.8391,31.5292,32.1352,8.2462,10.0208,9.2952,8.8943,31.3092,31.9886,8.4029,10.1098,9.4199,9.0361,31.0301,31.7287,8.5812,10.2041,9.4952,9.1143,30.8576,31.591,8.6932,10.2487,9.5407,9.1436,30.7345,31.5358,8.7692,10.2762
UKD36,Greater Manchester North West,United Kingdom,600985,602967,608251,610593,612383,9.5014,8.961,32.1737,32.1619,7.9127,9.2894,9.5193,8.9871,31.992,31.9542,8.1026,9.445,9.6342,9.0823,31.7545,31.6169,8.3372,9.575,9.6716,9.1188,31.6273,31.5074,8.431,9.6439,9.6603,9.124,31.5324,31.44,8.5293,9.714
UKD37,Greater Manchester North East,United Kingdom,626982,630322,639477,642602,645740,10.2657,9.7339,31.5068,32.3178,7.234,8.9417,10.3171,9.7831,31.3632,32.1431,7.3613,9.0322,10.4266,9.9004,31.2352,31.8451,7.5097,9.0829,10.4583,9.9523,31.1119,31.7288,7.6084,9.1402,10.4389,9.9582,31.047,31.6606,7.6952,9.2001
UKD41,Blackburn with Darwen,United Kingdom,147561,147613,148595,148708,148753,11.0944,10.6525,32.5601,31.9054,6.312,7.4756,11.0715,10.6644,32.5148,31.7411,6.4418,7.5664,11.1282,10.7547,32.3503,31.5132,6.6234,7.6301,11.1036,10.7331,32.2915,31.4435,6.7293,7.699,10.9927,10.6922,32.3207,31.4347,6.8214,7.7383
UKD42,Blackpool,United Kingdom,141262,140537,139932,139586,139098,8.5196,8.3172,31.6539,31.4444,8.9975,11.0674,8.5664,8.3394,31.5511,31.28,9.1229,11.1401,8.7778,8.4434,31.3645,31.0208,9.2902,11.1033,8.8161,8.5188,31.3391,30.915,9.3426,11.0684,8.8865,8.5652,31.293,30.843,9.3941,11.0181
UKD44,Lancaster and Wyre,United Kingdom,248376,249547,252325,253180,254791,7.9247,7.2732,30.7727,31.6786,10.0787,12.2721,7.9676,7.2908,30.6804,31.4446,10.257,12.3596,7.983,7.396,30.4936,31.1408,10.5439,12.4427,8.0563,7.482,30.38,30.9444,10.6553,12.482,8.0438,7.4956,30.3731,30.8253,10.7284,12.5338
UKD45,Mid Lancashire,United Kingdom,383807,385295,389102,389876,391144,8.6416,8.2521,32.0765,31.6881,8.7531,10.5887,8.6503,8.2817,31.8992,31.4946,8.9373,10.737,8.7301,8.342,31.6447,31.1556,9.1999,10.9277,8.7751,8.387,31.4726,30.9824,9.3581,11.0248,8.798,8.3821,31.313,30.9019,9.4891,11.1159
UKD46,East Lancashire,United Kingdom,325760,326389,328662,329088,330381,9.7649,9.2455,31.5597,32.003,7.9632,9.4637,9.8024,9.3245,31.3286,31.767,8.1691,9.6085,9.9245,9.4678,30.9805,31.3638,8.4637,9.7997,9.9612,9.5221,30.8325,31.1865,8.6023,9.8955,9.9652,9.5375,30.7276,31.0883,8.7081,9.9733
UKD47,Chorley and West Lancashire,United Kingdom,222605,224437,228486,229996,231151,8.6723,8.0829,31.7239,31.9876,8.9652,10.568,8.6537,8.0798,31.5059,31.8236,9.1812,10.7558,8.573,8.1178,31.3118,31.4969,9.4767,11.0239,8.6062,8.1645,31.1671,31.3218,9.6067,11.1337,8.6026,8.1484,31.0105,31.261,9.7175,11.2602
UKD61,Warrington,United Kingdom,205920,207228,209336,210443,210829,9.1725,8.6912,32.6277,32.2373,7.7919,9.4794,9.1744,8.6557,32.456,32.1134,7.9811,9.6194,9.1594,8.677,32.2238,31.7963,8.2594,9.8841,9.173,8.7007,32.0799,31.6765,8.3923,9.9775,9.1662,8.6701,31.9539,31.5858,8.5202,10.1039
UKD62,Cheshire East,United Kingdom,373788,375148,378077,379276,380694,8.4655,8.0361,30.8825,31.402,9.6426,11.5713,8.4769,8.0155,30.6066,31.205,9.9116,11.7844,8.5948,8.092,30.1071,30.8215,10.2773,12.1073,8.6267,8.1286,29.8901,30.6552,10.4507,12.2486,8.6529,8.1357,29.7139,30.545,10.5815,12.3711
UKD63,Cheshire West and Chester,United Kingdom,331660,333095,336848,338080,339824,8.4158,8.0031,31.1539,32.3108,9.1374,10.979,8.4279,8.0049,30.9578,32.1254,9.3436,11.1404,8.5602,8.1084,30.5342,31.7535,9.678,11.3657,8.6086,8.151,30.336,31.6165,9.8157,11.4721,8.6298,8.161,30.1088,31.5481,9.9752,11.5772
UKD71,East Merseyside,United Kingdom,449280,450854,454634,455965,457712,9.1043,8.7162,31.4801,33.0502,7.9294,9.7198,9.1156,8.7394,31.301,32.8996,8.0944,9.85,9.2664,8.8247,30.9189,32.5405,8.3819,10.0677,9.333,8.8814,30.7265,32.3913,8.5079,10.16,9.3771,8.9095,30.5485,32.3026,8.6131,10.2492
UKD72,Liverpool,United Kingdom,473172,477721,489577,493633,496784,8.0282,7.7276,35.1037,34.5921,6.4962,8.0523,8.0897,7.7566,35.0441,34.5103,6.548,8.0514,8.2306,7.8603,34.9181,34.397,6.6274,7.9667,8.3262,7.9454,34.8328,34.251,6.6827,7.962,8.4103,8.0079,34.7531,34.1076,6.7317,7.9894
UKD73,Sefton,United Kingdom,273632,274007,274748,275062,275562,8.1745,7.7813,30.2709,31.5884,9.527,12.6579,8.1998,7.7903,30.1215,31.4379,9.7089,12.7416,8.3273,7.8563,29.8321,31.0619,10.0139,12.9086,8.3843,7.9011,29.6755,30.9105,10.1515,12.9771,8.4246,7.9158,29.4783,30.8217,10.283,13.0765
UKD74,Wirral,United Kingdom,321087,321591,322514,322947,323266,8.8761,8.4712,30.3718,31.9359,8.9599,11.3851,8.9098,8.4915,30.1569,31.7627,9.1825,11.4966,9.0272,8.5385,29.8679,31.3577,9.5078,11.7009,9.0705,8.5893,29.7148,31.1664,9.6524,11.8066,9.0511,8.584,29.5899,31.0657,9.7919,11.9174
UKE11,"Kingston upon Hull, City of",United Kingdom,257317,258020,260359,261049,261149,9.3185,8.7375,34.2453,32.9885,6.6237,8.0865,9.3966,8.8365,34.1718,32.8296,6.6917,8.0738,9.5998,9.011,33.9731,32.59,6.7914,8.0347,9.6825,9.0956,33.8312,32.4801,6.8677,8.0429,9.7128,9.145,33.7003,32.421,6.9531,8.0678
UKE12,East Riding of Yorkshire,United Kingdom,336640,336982,337923,338591,339625,7.8181,7.4465,30.4331,30.7192,10.7599,12.8232,7.8016,7.4295,30.1197,30.4378,11.0887,13.1227,7.8666,7.4206,29.6147,29.9027,11.5899,13.6055,7.8818,7.4332,29.4264,29.6933,11.78,13.7854,7.8819,7.4208,29.2443,29.5396,11.9479,13.9654
UKE13,North and North East Lincolnshire,United Kingdom,328971,329556,330907,331425,331871,8.971,8.636,31.4921,31.6253,8.761,10.5146,8.9684,8.6571,31.3267,31.4195,8.9636,10.6647,9.0524,8.7448,30.9963,31.0078,9.2736,10.9251,9.0778,8.7588,30.8489,30.8477,9.4269,11.0399,9.0843,8.7368,30.7077,30.7397,9.5682,11.1634
UKE21,York,United Kingdom,202875,204716,207538,208886,210235,7.5973,7.3217,33.4837,33.8203,7.7323,10.0446,7.5915,7.296,33.4546,33.7282,7.8406,10.0891,7.5875,7.2478,33.3852,33.6367,7.999,10.1437,7.6137,7.2604,33.3919,33.5039,8.0637,10.1663,7.5891,7.2076,33.4264,33.4783,8.1138,10.1848
UKE22,North Yorkshire CC,United Kingdom,604683,605332,610603,611988,613819,8.1393,7.6799,31.0434,30.7313,10.1088,12.2974,8.1212,7.6646,30.7193,30.5457,10.3936,12.5556,8.1329,7.7001,30.3543,30.0786,10.7962,12.9379,8.1431,7.717,30.1416,29.9037,10.9965,13.0981,8.1091,7.6964,29.9455,29.7902,11.1996,13.2593
UKE31,"Barnsley, Doncaster and Rotherham",United Kingdom,800470,804450,813490,817158,820943,9.0036,8.6773,31.9992,31.9915,8.2658,10.0627,9.0331,8.7032,31.8486,31.8229,8.4318,10.1604,9.1293,8.7814,31.5944,31.5137,8.6907,10.2905,9.1673,8.8109,31.4693,31.3923,8.8059,10.3543,9.1703,8.8116,31.3587,31.3129,8.9082,10.4384
UKE32,Sheffield,United Kingdom,561870,566367,575936,580108,584028,8.7908,8.3571,33.5633,33.1696,7.1901,8.9291,8.7823,8.3321,33.5803,33.1285,7.2469,8.9299,8.7871,8.3129,33.6737,33.1098,7.2619,8.8546,8.8161,8.3486,33.6572,33.0535,7.2824,8.8421,8.7968,8.3431,33.6684,33.0573,7.3038,8.8306
UKE41,Bradford,United Kingdom,526739,528708,533670,535328,536986,11.2411,10.9512,31.7958,31.9196,6.2076,7.8847,11.2548,10.9764,31.6831,31.8091,6.3218,7.9549,11.3632,11.0351,31.4084,31.6282,6.5273,8.0379,11.3605,11.04,31.3023,31.5485,6.6471,8.1016,11.2984,11.0113,31.2423,31.5241,6.7497,8.1741
UKE42,Leeds,United Kingdom,763150,769294,782935,788325,792525,8.9963,8.5944,33.3642,33.7785,6.73,8.5366,9.1,8.6743,33.1872,33.6553,6.8034,8.5798,9.28,8.8203,32.9523,33.4935,6.8754,8.5786,9.372,8.9102,32.8456,33.3827,6.9078,8.5817,9.4159,8.9504,32.7417,33.3586,6.9491,8.5845
UKE44,Calderdale and Kirklees,United Kingdom,635531,638869,645456,648752,651117,9.5265,9.3154,32.3072,32.1119,7.4541,9.285,9.5574,9.3071,32.1221,31.9435,7.6421,9.4279,9.669,9.3284,31.8093,31.6457,7.9283,9.6192,9.6946,9.3322,31.6791,31.5486,8.0552,9.6903,9.6637,9.2966,31.5889,31.5097,8.1752,9.7658
UKE45,Wakefield,United Kingdom,330797,332873,338939,340985,343932,8.8547,8.4714,32.0801,32.4166,8.1951,9.9823,8.9142,8.4954,31.8503,32.2489,8.3843,10.1069,9.0836,8.6555,31.5487,31.9373,8.5741,10.2007,9.1555,8.7118,31.3853,31.7888,8.6916,10.267,9.1844,8.743,31.2161,31.7519,8.7959,10.3087
UKF11,Derby,United Kingdom,251804,253087,256607,258148,258746,9.9828,9.4633,32.4629,32.2227,7.0253,8.843,10.046,9.5295,32.3434,32.0692,7.098,8.9139,10.0987,9.6295,32.2688,31.8405,7.2044,8.9581,10.1333,9.6708,32.1955,31.7628,7.2563,8.9813,10.0995,9.6906,32.1311,31.7574,7.3114,9.01
UKF12,East Derbyshire,United Kingdom,280561,281502,283831,284668,285393,8.0147,7.8176,31.6505,31.715,9.4543,11.348,7.9666,7.8163,31.4857,31.5834,9.6514,11.4965,8.0097,7.8448,31.0988,31.3986,9.9609,11.6872,8.0518,7.8762,30.9241,31.2859,10.0946,11.7674,8.0668,7.8604,30.7558,31.2338,10.235,11.8482
UKF13,South and West Derbyshire,United Kingdom,497993,500273,505553,507715,510300,8.3917,8.0029,31.7181,32.0183,9.0584,10.8106,8.3526,7.9333,31.524,31.8874,9.2985,11.0042,8.3509,7.8935,31.1829,31.623,9.6819,11.2679,8.347,7.8958,31.0034,31.486,9.8581,11.4097,8.3133,7.8681,30.8483,31.3958,10.011,11.5634
UKF14,Nottingham,United Kingdom,312505,316650,326963,329448,331297,8.9432,8.477,36.3476,34.457,5.2271,6.5481,9.0204,8.5223,36.294,34.4595,5.2449,6.4589,9.116,8.5826,36.2579,34.5336,5.2709,6.2389,9.1996,8.6675,36.2169,34.3969,5.2919,6.2271,9.2283,8.7025,36.217,34.2593,5.3399,6.253
UKF15,North Nottinghamshire,United Kingdom,459047,462183,469747,472688,475079,8.6484,8.3371,31.7669,31.9205,8.82,10.5072,8.6273,8.3385,31.6186,31.7405,9.02,10.6551,8.73,8.4367,31.2713,31.4293,9.3191,10.8137,8.7747,8.4629,31.0964,31.305,9.4563,10.9047,8.7788,8.4691,30.9153,31.218,9.6007,11.0182
UKF16,South Nottinghamshire,United Kingdom,339993,341736,344942,347184,349566,8.5781,8.0125,31.6359,31.9212,8.9884,10.8638,8.5692,8.0176,31.4444,31.8053,9.1553,11.0082,8.6513,8.0927,31.1073,31.4612,9.4523,11.2352,8.6937,8.1452,30.932,31.3439,9.5736,11.3116,8.7002,8.1527,30.8545,31.2593,9.6482,11.385
UKF21,Leicester,United Kingdom,336530,341221,351506,355165,357394,10.2787,9.8773,34.0846,34.139,5.1306,6.4898,10.3209,9.9414,34.1084,33.9789,5.1711,6.4794,10.3489,9.995,34.3639,33.5883,5.2486,6.4554,10.4011,10.0511,34.3083,33.4216,5.3187,6.4992,10.3888,10.024,34.2781,33.336,5.4153,6.5577
UKF22,Leicestershire CC and Rutland,United Kingdom,701796,708320,724555,729863,736439,8.5427,8.0908,32.1128,31.7773,8.916,10.5605,8.507,8.057,31.9642,31.6165,9.1118,10.7434,8.5617,8.0931,31.626,31.3795,9.3917,10.948,8.6127,8.1303,31.414,31.2256,9.541,11.0765,8.6258,8.1307,31.2724,31.1411,9.6524,11.1776
UKF24,West Northamptonshire,United Kingdom,383543,387940,397393,400857,403687,9.5601,9.2316,32.2715,32.533,7.6051,8.7988,9.5551,9.2654,32.1127,32.306,7.7912,8.9697,9.6929,9.363,31.88,31.8372,8.0155,9.2113,9.7344,9.3831,31.739,31.6642,8.1483,9.331,9.7543,9.406,31.5908,31.5475,8.2579,9.4435
UKF25,North Northamptonshire,United Kingdom,325925,329826,339398,342877,346244,9.6314,9.3568,31.5112,32.135,7.981,9.3847,9.6715,9.3677,31.3305,31.922,8.1449,9.5635,9.8085,9.4349,31.0694,31.5547,8.3524,9.78,9.8586,9.4868,30.9108,31.3687,8.4727,9.9024,9.8509,9.4939,30.7956,31.2814,8.5887,9.9895
UKF30,Lincolnshire,United Kingdom,728205,734643,747996,752671,756920,8.0455,7.7935,30.3935,31.5164,10.3714,11.8796,8.0616,7.7918,30.252,31.3117,10.557,12.026,8.1795,7.8803,29.9214,30.9506,10.8436,12.2247,8.2421,7.9407,29.7713,30.7405,10.9705,12.3349,8.2714,7.962,29.6311,30.6056,11.0792,12.4506
UKG11,"Herefordshire, County of",United Kingdom,187087,188142,190298,191274,192214,8.1363,7.6526,30.8359,30.5879,10.4465,12.3408,8.1136,7.6203,30.7055,30.3834,10.6903,12.4868,8.1162,7.5881,30.3492,30.1333,11.0422,12.771,8.1522,7.6163,30.1803,29.9351,11.2138,12.9024,8.1638,7.6087,30.0009,29.7986,11.38,13.048
UKG12,Worcestershire,United Kingdom,574268,577538,585980,589076,592158,8.4501,7.9937,31.1652,31.4508,9.6537,11.2865,8.4479,7.9934,30.9199,31.2189,9.9109,11.509,8.5191,8.1022,30.4664,30.8297,10.2611,11.8216,8.5451,8.1446,30.2771,30.6378,10.4233,11.9721,8.5374,8.1612,30.1097,30.5062,10.5604,12.1251
UKG13,Warwickshire,United Kingdom,551002,553824,561777,564043,568167,8.6165,8.1884,31.7768,31.6405,9.0023,10.7755,8.6215,8.2217,31.5914,31.4315,9.1959,10.938,8.6762,8.2878,31.3434,31.1125,9.4452,11.1348,8.7066,8.3268,31.2091,30.9299,9.573,11.2545,8.7075,8.3442,31.0953,30.8897,9.6574,11.306
UKG21,Telford and Wrekin,United Kingdom,169210,170740,174753,175986,177450,9.6324,9.5219,32.7138,32.2812,7.2395,8.6112,9.6234,9.5162,32.5536,32.119,7.4171,8.7706,9.7234,9.4877,32.2798,31.7883,7.7046,9.0162,9.7678,9.486,32.1043,31.6451,7.8591,9.1377,9.8039,9.4669,31.9335,31.5768,7.9786,9.2403
UKG22,Shropshire CC,United Kingdom,309944,311521,315963,317237,319189,7.9324,7.6869,31.4257,30.4326,10.2467,12.2758,7.8829,7.6162,31.203,30.2413,10.5296,12.5269,7.8879,7.5597,30.8096,29.9421,10.9389,12.8616,7.8932,7.5256,30.6115,29.7645,11.1447,13.0606,7.869,7.4755,30.4296,29.6611,11.3331,13.2317
UKG23,Stoke-on-Trent,United Kingdom,250576,251339,254495,255553,256127,9.4826,9.1864,32.9118,31.924,7.4752,9.02,9.5823,9.2783,32.7148,31.6962,7.618,9.1104,9.7912,9.4194,32.5944,31.3146,7.7334,9.1471,9.8531,9.4865,32.4684,31.2033,7.8133,9.1754,9.8623,9.5031,32.4035,31.1291,7.8863,9.2157
UKG24,Staffordshire CC,United Kingdom,858358,861000,868577,871101,874190,8.3152,7.894,32.061,31.5416,9.2508,10.9374,8.2962,7.8589,31.8741,31.3495,9.4847,11.1367,8.3073,7.8607,31.616,30.9922,9.8188,11.4051,8.3233,7.8828,31.4685,30.8153,9.9708,11.5394,8.2974,7.8715,31.3536,30.7018,10.0985,11.6772
UKG31,Birmingham,United Kingdom,1096887,1107271,1132613,1142772,1148862,11.0824,10.4601,32.4139,32.9817,5.7908,7.2711,11.0787,10.4622,32.4431,32.9639,5.7942,7.2578,11.0775,10.4362,32.6178,32.9522,5.7666,7.1497,11.0999,10.4784,32.5936,32.9089,5.7921,7.127,11.0601,10.4537,32.6059,32.9183,5.8312,7.1308
UKG32,Solihull,United Kingdom,209696,210526,213052,214096,215055,9.1704,8.5214,30.3434,31.5533,9.0588,11.3526,9.1908,8.5757,30.2048,31.322,9.2245,11.4822,9.3794,8.749,29.9148,30.9971,9.3813,11.5784,9.4537,8.8442,29.8007,30.8329,9.4332,11.6354,9.4706,8.9038,29.724,30.7354,9.4804,11.6858
UKG33,Coventry,United Kingdom,331742,339665,356670,363346,369461,9.5957,9.1595,33.8884,32.7571,6.5352,8.0641,9.5921,9.1128,34.1027,32.7817,6.4808,7.9299,9.55,8.9907,34.6839,32.876,6.2988,7.6006,9.6134,9.0302,34.7564,32.8373,6.2538,7.5088,9.6273,8.998,34.8914,32.8508,6.2058,7.4268
UKG36,Dudley,United Kingdom,315025,315995,318489,319401,320320,9.0669,8.7323,31.0785,31.4388,8.972,10.7115,9.1182,8.7951,30.9059,31.2897,9.0824,10.8087,9.194,8.8788,30.6557,31.073,9.2239,10.9746,9.2576,8.9076,30.5055,30.9871,9.3106,11.0316,9.2751,8.9192,30.3955,30.9846,9.36,11.0655
UKG37,Sandwell,United Kingdom,315119,317692,324039,326722,328774,10.6385,10.0622,31.939,32.0435,6.7844,8.5323,10.6984,10.1709,31.8985,31.9319,6.8113,8.489,10.8811,10.3478,31.9128,31.7465,6.7853,8.3265,10.9279,10.4021,31.8929,31.7104,6.7819,8.2847,10.944,10.3995,31.8699,31.7489,6.7788,8.2589
UKG38,Walsall,United Kingdom,272927,274882,280067,281888,283663,10.0686,9.5733,31.2072,31.4509,7.8776,9.8224,10.1203,9.6234,31.1024,31.3611,7.9329,9.8599,10.3054,9.8312,30.9233,31.225,7.9342,9.7809,10.3633,9.8787,30.841,31.1929,7.9673,9.7567,10.4095,9.9142,30.7823,31.2096,7.969,9.7154
UKG39,Wolverhampton,United Kingdom,252485,254185,258975,260596,262242,9.6948,9.2295,32.3722,31.9904,7.4872,9.2259,9.8177,9.3479,32.2147,31.8736,7.5122,9.2338,10.0307,9.626,32.0487,31.6142,7.5316,9.1488,10.1398,9.7358,31.9069,31.5112,7.5657,9.1406,10.2241,9.8173,31.8225,31.4374,7.5846,9.1141
UKH11,Peterborough,United Kingdom,189436,192081,197826,199901,201799,10.6199,10.0709,32.6849,32.3914,6.409,7.8238,10.771,10.1868,32.5821,32.1016,6.5222,7.8363,11.1113,10.4562,32.3198,31.604,6.6331,7.8756,11.212,10.5697,32.2149,31.363,6.7033,7.9369,11.3217,10.6537,32.1191,31.1245,6.7785,8.0025
UKH12,Cambridgeshire CC,United Kingdom,632047,638360,646421,650190,653412,8.844,8.3386,32.8961,32.2599,8.126,9.5354,8.8961,8.3827,32.7499,31.9879,8.3035,9.68,9.0005,8.5025,32.4436,31.5485,8.5744,9.9305,9.0423,8.5583,32.3107,31.3244,8.7055,10.0589,9.0656,8.5568,32.176,31.2057,8.8151,10.1807
UKH14,Suffolk,United Kingdom,739140,745096,754039,758050,760472,8.5924,8.2045,30.8408,30.6426,9.9736,11.7459,8.5821,8.2293,30.6667,30.4107,10.1743,11.937,8.6542,8.2921,30.2752,30.0218,10.5229,12.2337,8.6757,8.3166,30.1049,29.841,10.6785,12.3834,8.6512,8.291,29.9593,29.7135,10.835,12.55
UKH15,Norwich and East Norfolk,United Kingdom,359497,361984,367260,369269,370822,8.1183,7.728,31.8142,31.9975,9.2449,11.0972,8.1462,7.7335,31.7064,31.8484,9.3802,11.1853,8.2247,7.8016,31.4714,31.6215,9.578,11.3029,8.2663,7.855,31.402,31.466,9.6515,11.3592,8.2619,7.8318,31.3393,31.3932,9.7394,11.4343
UKH16,North and West Norfolk,United Kingdom,252164,253785,255705,256860,257538,7.4979,7.162,28.809,29.3844,12.4764,14.6702,7.5469,7.2325,28.547,29.1247,12.71,14.8389,7.6463,7.3248,28.1453,28.6713,13.0791,15.1331,7.6777,7.3826,27.9942,28.4801,13.2177,15.2476,7.6909,7.4001,27.8328,28.3387,13.3479,15.3896
UKH17,Breckland and South Norfolk,United Kingdom,262172,265258,272075,274808,277633,8.4517,8.0112,29.8789,30.3293,10.9012,12.4277,8.4378,8.0118,29.7179,30.1687,11.0832,12.5806,8.5065,8.021,29.3695,29.9289,11.3414,12.8329,8.5736,8.0627,29.2164,29.7324,11.4556,12.9592,8.6006,8.0732,29.1143,29.6272,11.5242,13.0604
UKH21,Luton,United Kingdom,208796,211884,215285,217468,218045,11.3599,10.7081,33.4551,32.3909,5.5298,6.5562,11.52,10.7936,33.3272,32.2441,5.5535,6.5616,11.7853,11.0119,33.242,31.7463,5.6172,6.5973,11.8128,11.0761,33.2201,31.6125,5.6592,6.6194,11.8219,11.1404,33.1771,31.4825,5.7043,6.6739
UKH23,Hertfordshire,United Kingdom,1147378,1159721,1178654,1188520,1194634,9.7072,9.258,31.9278,32.6401,7.3207,9.1462,9.7428,9.2917,31.8049,32.5396,7.4067,9.2143,9.8403,9.3943,31.6086,32.3438,7.5279,9.2851,9.9081,9.4679,31.479,32.2287,7.5968,9.3194,9.9326,9.4842,31.3654,32.1747,7.6649,9.3782
UKH24,Bedford,United Kingdom,162791,165210,169372,171457,173237,9.6682,9.1547,31.9096,32.355,7.6976,9.2149,9.7131,9.2331,31.8019,32.1088,7.8379,9.3051,9.9692,9.4012,31.507,31.6971,7.9925,9.4331,10.0299,9.4478,31.4067,31.5537,8.0796,9.4823,10.1058,9.5101,31.2058,31.491,8.1432,9.5442
UKH25,Central Bedfordshire,United Kingdom,265811,270124,278362,282342,285931,9.3055,8.9914,32.2759,32.5415,7.9015,8.9842,9.3546,9.0207,32.0904,32.3748,8.0448,9.1147,9.4823,9.1295,31.6678,32.1438,8.2403,9.3364,9.5406,9.1814,31.5199,32.0197,8.3197,9.4187,9.5792,9.1858,31.3883,31.9476,8.3873,9.5117
UKH31,Southend-on-Sea,United Kingdom,177298,178810,181198,182529,183453,9.1383,8.7232,31.6653,31.7449,8.2359,10.4925,9.1717,8.7702,31.4904,31.6453,8.3675,10.5548,9.2777,8.9179,31.2189,31.4612,8.5034,10.621,9.2982,8.9788,31.0734,31.3698,8.6249,10.6547,9.3157,9.0497,30.9665,31.2718,8.7052,10.691
UKH32,Thurrock,United Kingdom,162568,164930,169404,171427,173405,10.4848,10.1988,32.7432,32.9733,6.0762,7.5236,10.6069,10.2832,32.4877,32.9018,6.1802,7.5402,10.9938,10.5393,32.1002,32.5701,6.2714,7.5252,11.0858,10.6302,31.9477,32.475,6.3222,7.5391,11.1415,10.6842,31.8324,32.4368,6.3568,7.5482
UKH34,Essex Haven Gateway,United Kingdom,468809,474327,484356,488881,492514,8.7008,8.2498,30.7055,31.3467,9.4943,11.503,8.7206,8.2519,30.6107,31.1509,9.6351,11.6308,8.7671,8.3073,30.4551,30.8818,9.824,11.7647,8.7954,8.3591,30.3385,30.7335,9.9358,11.8379,8.7918,8.377,30.2511,30.6513,10.0172,11.9115
UKH35,West Essex,United Kingdom,295110,298469,303245,306031,308522,9.4724,8.9936,31.1626,32.3578,8.0516,9.962,9.5119,9.0381,31.0552,32.2583,8.1278,10.0087,9.678,9.1649,30.7679,32.11,8.2092,10.0701,9.7536,9.2448,30.64,31.9801,8.2609,10.1205,9.7854,9.2907,30.5178,31.9215,8.3161,10.1685
UKH36,Heart of Essex,United Kingdom,308777,311084,315560,317602,319145,8.6865,8.2202,31.4839,31.9004,8.9586,10.7505,8.705,8.2296,31.3301,31.7426,9.1008,10.8919,8.881,8.3021,31.0347,31.4213,9.2889,11.0721,8.9171,8.3378,30.8912,31.2961,9.4036,11.1542,8.9273,8.346,30.7478,31.2516,9.4922,11.235
UKH37,Essex Thames Gateway,United Kingdom,352709,355362,359846,362478,364848,8.8716,8.5249,30.9065,31.7332,8.9031,11.0607,8.8786,8.5172,30.7717,31.6204,9.0381,11.174,9.0578,8.6131,30.4722,31.3881,9.1786,11.2901,9.1297,8.6673,30.345,31.2678,9.2521,11.3381,9.1564,8.7127,30.2408,31.2141,9.2959,11.3801
UKI31,Camden and City of London,United Kingdom,239339,246322,258711,263267,270016,8.1061,7.8621,36.4725,35.8985,5.1839,6.477,8.2327,7.9494,36.5087,35.5283,5.2456,6.5353,8.3622,8.0561,36.7124,34.8509,5.3828,6.6356,8.4188,8.1058,36.7163,34.6101,5.4652,6.6837,8.4154,8.0662,36.7904,34.5161,5.5134,6.6985
UKI32,Westminster,United Kingdom,227609,233979,243396,246701,253137,7.7484,7.3969,38.3074,34.7697,5.5029,6.2748,7.8187,7.496,38.3646,34.4369,5.5637,6.3202,8.0211,7.6797,38.4238,33.7105,5.678,6.487,8.0729,7.7324,38.4409,33.4129,5.7458,6.595,8.1158,7.7085,38.4823,33.2792,5.7649,6.6494
UKI33,Kensington & Chelsea and Hammersmith & Fulham,United Kingdom,339046,340132,338648,338633,339909,8.0791,7.6892,35.9733,36.6994,5.1666,6.3923,8.133,7.7758,35.899,36.31,5.2944,6.5877,8.3337,8.0216,35.7339,35.3104,5.6088,6.9916,8.3509,8.045,35.6451,35.0849,5.7242,7.1499,8.3652,8.0386,35.5922,34.874,5.8145,7.3155
UKI34,Wandsworth,United Kingdom,314817,318010,322381,325001,327451,8.4224,8.1279,35.8345,38.5373,3.9404,5.1376,8.5318,8.2211,35.6838,38.4019,4.003,5.1583,8.7437,8.382,35.3262,38.1759,4.1107,5.2615,8.8264,8.4314,35.1851,38.1405,4.1252,5.2914,8.8401,8.4281,35.0443,38.2021,4.1402,5.3452
UKI41,Hackney and Newham,United Kingdom,585049,598021,620856,631042,638859,10.553,10.1877,37.3685,34.9172,3.1613,3.8123,10.5217,10.1451,37.4912,34.805,3.1912,3.8459,10.4974,10.1176,37.6711,34.4618,3.2909,3.9611,10.512,10.1011,37.6563,34.3762,3.3394,4.0151,10.4635,10.0504,37.7039,34.2949,3.4,4.0873
UKI42,Tower Hamlets,United Kingdom,279094,289198,304440,311945,319821,9.7512,9.4061,39.1434,35.6625,2.7862,3.2505,9.7636,9.387,39.3744,35.4657,2.7504,3.259,9.8003,9.438,39.5658,35.0874,2.7766,3.332,9.8075,9.4219,39.6111,34.9626,2.821,3.3759,9.7858,9.3827,39.6459,34.8951,2.8788,3.4116
UKI43,Haringey and Islington,United Kingdom,481353,490781,505189,512109,516586,8.7869,8.4988,36.9903,36.6777,4.06,4.9864,8.7609,8.4914,37.1257,36.5179,4.0794,5.0246,8.7708,8.4329,37.4191,36.119,4.1335,5.1248,8.7663,8.4113,37.5238,35.9712,4.1649,5.1624,8.7219,8.3614,37.5988,35.8682,4.2214,5.2284
UKI44,Lewisham and Southwark,United Kingdom,588370,598287,613046,621457,627380,9.5561,9.1422,35.9927,36.6479,3.7879,4.8733,9.5401,9.1309,36.0772,36.6082,3.7967,4.847,9.5662,9.1354,36.133,36.4563,3.8697,4.8394,9.5822,9.1522,36.1563,36.3917,3.8807,4.8369,9.559,9.1194,36.1896,36.3258,3.9212,4.8851
UKI45,Lambeth,United Kingdom,314658,318673,323534,326381,328244,8.6284,8.3297,37.9336,37.3307,3.4768,4.3009,8.5712,8.2473,38.0472,37.2878,3.5099,4.3367,8.511,8.1478,38.1382,37.2094,3.5653,4.4283,8.5128,8.1209,38.149,37.1342,3.6074,4.4758,8.4663,8.0629,38.1765,37.0508,3.6902,4.5533
UKI51,Bexley and Greenwich,United Kingdom,504881,512901,526582,533542,538801,10.2648,9.7577,33.0008,33.625,5.8313,7.5204,10.2996,9.7711,33.0391,33.5533,5.851,7.4859,10.3405,9.8573,33.162,33.4068,5.8473,7.3861,10.3975,9.9029,33.1522,33.3561,5.8445,7.3468,10.415,9.8972,33.179,33.327,5.8471,7.3348
UKI52,Barking & Dagenham and Havering,United Kingdom,440711,448569,464135,471305,476061,10.8913,10.3617,31.2361,32.8031,6.2408,8.467,10.995,10.478,31.199,32.7513,6.2169,8.3599,11.2299,10.7137,31.2013,32.6026,6.1094,8.1431,11.3672,10.8374,31.1323,32.5263,6.0804,8.0566,11.429,10.8837,31.1595,32.4683,6.0618,7.9977
UKI53,Redbridge and Waltham Forest,United Kingdom,558052,565113,576407,583179,587575,10.8467,10.2141,34.045,33.6725,4.9916,6.2301,10.8722,10.2307,34.067,33.5643,5.0278,6.238,10.9065,10.2625,34.2156,33.2146,5.1297,6.2711,10.8977,10.2841,34.2279,33.1281,5.1737,6.2885,10.8407,10.2321,34.3063,33.0363,5.2402,6.3446
UKI54,Enfield,United Kingdom,322389,326590,332432,336080,338201,10.9976,10.3521,31.8745,33.9677,5.6274,7.1808,11.0484,10.417,31.8589,33.8559,5.6505,7.1692,11.0826,10.4608,32.0183,33.5199,5.7088,7.2096,11.1331,10.4892,32.0275,33.3763,5.737,7.237,11.1233,10.4701,32.0472,33.2654,5.7945,7.2995
UKI61,Bromley,United Kingdom,319860,323432,328464,332040,334536,9.4945,9.0796,30.9532,33.0076,7.5877,9.8774,9.5615,9.1157,30.8581,32.9776,7.626,9.8611,9.753,9.3024,30.6606,32.7798,7.6395,9.8647,9.8443,9.3694,30.6008,32.7473,7.6163,9.822,9.9081,9.3945,30.5623,32.7403,7.6043,9.7906
UKI62,Croydon,United Kingdom,375358,378588,384082,387699,389473,10.4314,10.2052,32.3776,34.1756,5.6823,7.1279,10.4863,10.2095,32.2564,34.0972,5.7614,7.1891,10.666,10.2778,31.9723,33.849,5.9209,7.3141,10.7271,10.3005,31.8528,33.7422,6.0013,7.3761,10.706,10.2739,31.7876,33.6886,6.0798,7.4642
UKI63,"Merton, Kingston upon Thames and Sutton",United Kingdom,568003,574213,583120,589127,592763,9.663,9.2786,33.3947,34.2565,5.8989,7.5082,9.7708,9.3831,33.2725,34.0823,5.9567,7.5347,9.9698,9.5687,33.01,33.7678,6.0698,7.6139,10.0601,9.6601,32.8895,33.6651,6.1087,7.6165,10.1086,9.6597,32.8271,33.5696,6.1789,7.6562
UKI71,Barnet,United Kingdom,371032,376287,386330,391527,395839,10.3137,9.6792,32.5977,33.634,6.013,7.7624,10.2993,9.7006,32.6942,33.3878,6.111,7.8071,10.3474,9.8185,32.7523,32.9288,6.2542,7.8987,10.3658,9.8305,32.7816,32.7748,6.3217,7.9256,10.3593,9.7949,32.8341,32.6537,6.397,7.9611
UKI72,Brent,United Kingdom,318600,321774,327763,330001,331616,10.0439,9.4896,35.4846,33.9909,4.9862,6.0047,10.1372,9.5896,35.4159,33.6634,5.0824,6.1114,10.2937,9.7873,35.3179,32.9631,5.302,6.336,10.3203,9.8275,35.2505,32.7457,5.416,6.44,10.2827,9.8132,35.1678,32.6031,5.5591,6.5742
UKI73,Ealing,United Kingdom,342527,343615,343745,344882,344837,10.2193,9.7035,34.7167,33.9856,5.1313,6.2436,10.347,9.7848,34.5317,33.7165,5.269,6.351,10.5081,9.9521,34.1937,33.1353,5.5855,6.6253,10.5726,9.9854,34.0285,32.944,5.7037,6.7658,10.5662,9.9676,33.9009,32.7636,5.8613,6.9404
UKI74,Harrow and Hillingdon,United Kingdom,532741,539688,549894,555710,559903,10.0794,9.5606,33.3453,33.1429,6.2606,7.6112,10.1444,9.6613,33.3181,32.9233,6.3235,7.6294,10.3136,9.8172,33.237,32.479,6.4623,7.6909,10.3914,9.908,33.1378,32.3115,6.5405,7.7109,10.422,9.9346,33.0825,32.1816,6.6281,7.7512
UKI75,Hounslow and Richmond upon Thames,United Kingdom,454880,458937,464110,468195,471248,10.0473,9.6711,34.0732,33.6931,5.5681,6.9473,10.1489,9.7462,33.8842,33.4804,5.6988,7.0415,10.3463,9.9347,33.5481,32.967,5.9512,7.2528,10.3963,9.9779,33.4322,32.8229,6.0347,7.336,10.4157,9.9551,33.3514,32.703,6.1363,7.4385
UKJ11,Berkshire,United Kingdom,882129,889996,903632,909896,915157,10.1966,9.6482,32.9791,32.6858,6.5777,7.9126,10.2394,9.7044,32.8552,32.5066,6.6742,8.0203,10.3502,9.8132,32.6219,32.161,6.867,8.1867,10.4129,9.8652,32.4751,32.013,6.9629,8.2708,10.4223,9.8454,32.3595,31.948,7.0565,8.3684
UKJ12,Milton Keynes,United Kingdom,258296,261708,266865,269861,271677,10.9599,10.4407,33.0474,33.3234,5.4891,6.7396,11.0142,10.488,32.8442,33.0831,5.6483,6.9222,11.1101,10.6458,32.455,32.5693,5.9588,7.261,11.148,10.7,32.29,32.3407,6.0983,7.4231,11.1607,10.709,32.0837,32.1974,6.2504,7.5987
UKJ13,Buckinghamshire CC,United Kingdom,518187,524010,534519,539043,543128,9.7216,9.2735,31.216,31.8383,8.0733,9.8773,9.7393,9.3097,31.083,31.7034,8.1762,9.9884,9.8217,9.4367,30.8707,31.3994,8.3252,10.1461,9.8782,9.5033,30.7022,31.2611,8.4205,10.2346,9.8866,9.5283,30.6094,31.1562,8.4962,10.3233
UKJ14,Oxfordshire,United Kingdom,666689,671491,680498,683707,687466,8.9749,8.6397,32.876,32.415,7.7757,9.3186,8.9617,8.6298,32.7637,32.2277,7.9471,9.4701,9.0732,8.6426,32.541,31.8011,8.2165,9.7255,9.1213,8.6723,32.4225,31.604,8.3316,9.8482,9.1305,8.655,32.3103,31.5048,8.4411,9.9583
UKJ21,Brighton and Hove,United Kingdom,279321,282362,287676,290134,292169,7.824,7.4226,36.1867,35.1517,6.0579,7.3571,7.7627,7.3919,36.2761,35.1425,6.0996,7.3271,7.596,7.279,36.5223,35.2661,6.1288,7.2078,7.5793,7.2629,36.6152,35.2458,6.1306,7.1663,7.5196,7.1948,36.6839,35.297,6.1427,7.162
UKJ22,East Sussex CC,United Kingdom,537686,542765,550928,555379,558626,8.2557,7.7237,29.2306,30.3793,10.8121,13.5986,8.2395,7.7361,29.0767,30.1934,11.0151,13.7393,8.2437,7.7397,28.8355,29.8799,11.3327,13.9684,8.2689,7.7635,28.7144,29.7183,11.4664,14.0684,8.2583,7.7383,28.6061,29.6245,11.5974,14.1755
UKJ25,West Surrey,United Kingdom,767984,774131,783976,788522,791570,9.4564,8.9027,31.7776,32.0914,7.986,9.7859,9.4593,8.9316,31.7076,31.9402,8.0793,9.8822,9.5019,9.0254,31.5522,31.7192,8.2136,9.9876,9.5533,9.0677,31.453,31.5999,8.2887,10.0374,9.5606,9.0457,31.3846,31.5583,8.3578,10.093
UKJ26,East Surrey,United Kingdom,391128,394088,399192,401936,404293,9.173,8.9403,30.9911,31.7924,8.5798,10.5234,9.203,8.9447,30.8388,31.6736,8.7054,10.6344,9.3451,9.0317,30.5758,31.4007,8.8424,10.8043,9.4209,9.0736,30.4282,31.2876,8.9216,10.8681,9.4711,9.0714,30.309,31.2321,8.9888,10.9277
UKJ27,West Sussex (South West),United Kingdom,439630,443417,450736,454686,457549,8.0879,7.5247,28.9177,30.2736,11.047,14.1489,8.1091,7.5579,28.7524,30.1006,11.2235,14.2566,8.1899,7.6428,28.6154,29.8019,11.4109,14.339,8.22,7.6627,28.5034,29.6974,11.5251,14.3915,8.2037,7.6816,28.4044,29.6355,11.6366,14.4382
UKJ28,West Sussex (North East),United Kingdom,387051,391057,398879,402110,405631,9.4871,8.8676,31.3881,31.9464,8.1444,10.1664,9.5071,8.8747,31.2438,31.8404,8.2881,10.2461,9.5834,8.9511,31.0011,31.5469,8.5184,10.3991,9.6265,9.0107,30.857,31.3932,8.6342,10.4785,9.6048,9.0141,30.7592,31.3179,8.7456,10.5584
UKJ31,Portsmouth,United Kingdom,207362,209287,214027,215351,216023,8.9472,8.5855,35.3406,33.0393,6.2659,7.8216,9.0259,8.6107,35.3371,32.9046,6.3243,7.7974,9.0386,8.5938,35.5493,32.8192,6.3025,7.6967,9.0736,8.6519,35.496,32.7349,6.3552,7.6884,9.0481,8.5995,35.5143,32.7229,6.4067,7.7084
UKJ32,Southampton,United Kingdom,240985,244091,251383,253418,254361,8.7308,8.2055,36.0433,33.5938,5.9319,7.4947,8.7955,8.2359,36.0714,33.4941,5.9511,7.4521,8.8737,8.3064,36.2292,33.3897,5.9201,7.2809,8.9473,8.4098,36.207,33.234,5.9459,7.256,9.003,8.462,36.1691,33.0959,5.9868,7.2833
UKJ34,Isle of Wight,United Kingdom,138920,139535,140621,141110,141606,7.6958,7.1422,29.4472,29.928,11.724,14.0628,7.6612,7.1057,29.1912,29.7524,12.0386,14.2509,7.6134,7.0459,28.7404,29.4415,12.5465,14.6123,7.6529,7.0562,28.5494,29.2113,12.7581,14.7722,7.6106,7.0414,28.4105,28.9854,12.9938,14.9584
UKJ35,South Hampshire,United Kingdom,448506,451107,455994,458471,460523,8.7979,8.2498,30.9998,31.5902,9.1796,11.1827,8.7296,8.2162,30.89,31.4103,9.3743,11.3796,8.7188,8.2501,30.5978,31.1572,9.6477,11.6284,8.7417,8.2666,30.4495,31.0268,9.7782,11.7373,8.7107,8.2432,30.3201,30.9839,9.8951,11.847
UKJ36,Central Hampshire,United Kingdom,535267,539086,545509,548744,551640,8.4027,8.0453,29.8421,31.041,10.2319,12.437,8.3816,8.0494,29.6233,30.8645,10.4367,12.6446,8.4083,8.0728,29.2298,30.5174,10.7971,12.9747,8.4272,8.0998,29.0414,30.3641,10.9557,13.1118,8.4218,8.0917,28.8795,30.2627,11.1018,13.2425
UKJ37,North Hampshire,United Kingdom,361093,363093,366418,367980,368897,9.6651,9.1796,32.7251,32.5681,7.2544,8.6078,9.678,9.1558,32.5663,32.3664,7.4287,8.8049,9.7329,9.1941,32.3843,31.937,7.6754,9.0762,9.7402,9.2125,32.2485,31.774,7.7904,9.2345,9.7144,9.1909,32.1117,31.6804,7.9093,9.3934
UKJ41,Medway,United Kingdom,271955,274197,277282,279725,280894,9.6795,9.2648,33.0444,32.8712,6.8695,8.2705,9.739,9.3145,32.8632,32.7159,7.0085,8.359,9.8932,9.4932,32.5326,32.4219,7.1584,8.5007,9.9523,9.5362,32.3714,32.3475,7.2418,8.5509,10.0084,9.5513,32.1769,32.3133,7.3369,8.6132
UKJ43,Kent Thames Gateway,United Kingdom,345393,349687,358254,362224,366135,9.8036,9.2903,31.9167,32.1089,7.6756,9.2049,9.8428,9.3604,31.749,32.0046,7.7781,9.2651,9.9898,9.5633,31.4752,31.804,7.8807,9.287,10.0515,9.6429,31.3709,31.6989,7.9249,9.3108,10.1129,9.6937,31.2464,31.6684,7.9558,9.3228
UKJ44,East Kent,United Kingdom,515570,520451,530794,534973,538428,8.4045,7.869,30.6081,31.386,9.7647,11.9677,8.3608,7.8196,30.5377,31.2681,9.9381,12.0757,8.3522,7.8181,30.4794,30.9563,10.183,12.211,8.364,7.8292,30.4133,30.7733,10.3299,12.2903,8.3515,7.8196,30.3326,30.6511,10.4579,12.3874
UKJ45,Mid Kent,United Kingdom,282780,286360,293430,296667,300082,9.5474,9.0745,31.0736,31.8018,8.3652,10.1376,9.5432,9.0781,30.9638,31.613,8.5148,10.2871,9.6568,9.1538,30.6888,31.3782,8.7022,10.4202,9.6927,9.1864,30.5693,31.2647,8.7944,10.4926,9.7383,9.1962,30.4657,31.2321,8.8399,10.5278
UKJ46,West Kent,United Kingdom,357442,359652,365034,366974,369178,9.5683,9.1626,30.7913,31.5458,8.518,10.414,9.5723,9.1625,30.6188,31.3739,8.6892,10.5833,9.6942,9.1909,30.404,31.1464,8.8364,10.728,9.7345,9.2383,30.2891,30.9981,8.9358,10.8043,9.7173,9.2541,30.1917,30.9293,9.036,10.8717
UKK11,"Bristol, City of",United Kingdom,441110,447241,457635,462938,467099,8.981,8.6858,35.0339,34.0511,5.9067,7.3415,8.9793,8.6754,35.0677,34.0633,5.9163,7.2981,9.0343,8.6604,35.1287,34.1204,5.9008,7.1555,9.1038,8.7148,35.128,34.0601,5.8857,7.1076,9.0709,8.6752,35.2193,34.0941,5.8737,7.0668
UKK12,"Bath and North East Somerset, North Somerset and South Gloucestershire",United Kingdom,657530,664313,677946,684079,690838,8.6119,8.1797,31.618,31.7987,8.9461,10.8456,8.6128,8.1766,31.5285,31.6488,9.079,10.9543,8.6631,8.2181,31.3739,31.4976,9.215,11.0323,8.707,8.2585,31.2664,31.3742,9.2969,11.097,8.7071,8.2566,31.2235,31.3322,9.3346,11.1459
UKK13,Gloucestershire,United Kingdom,608894,614691,625630,630457,635249,8.4949,8.1482,31.5285,31.7704,9.0321,11.0259,8.4911,8.1667,31.3229,31.6183,9.2285,11.1724,8.6041,8.2482,30.9168,31.2987,9.513,11.4192,8.6471,8.2976,30.7188,31.1268,9.6677,11.5419,8.6564,8.2917,30.5586,31.0319,9.805,11.6564
UKK14,Swindon,United Kingdom,214998,216769,219463,221067,222517,9.6429,9.2326,33.5324,32.8087,6.7303,8.0531,9.7288,9.2675,33.2667,32.6781,6.8774,8.1815,9.88,9.3911,32.8588,32.3622,7.1297,8.3782,9.9269,9.4501,32.6566,32.2169,7.2625,8.487,9.9215,9.4316,32.5256,32.0668,7.4246,8.6299
UKK15,Wiltshire CC,United Kingdom,482220,486505,494110,497481,500865,9.0529,8.6811,31.3844,31.1352,9.0002,10.7461,9.0211,8.6706,31.2192,30.9436,9.2116,10.9339,9.1263,8.7058,30.794,30.5926,9.54,11.2414,9.1312,8.7201,30.6209,30.4036,9.7172,11.4071,9.0989,8.6938,30.4895,30.3072,9.8609,11.5498
UKK23,Somerset,United Kingdom,540233,544315,553301,556930,560631,8.3271,8.0462,30.1459,30.7234,10.3407,12.4167,8.3299,8.0312,29.9046,30.5185,10.5961,12.6197,8.4157,8.0681,29.4243,30.1247,11.0296,12.9376,8.4553,8.1003,29.2114,29.9237,11.223,13.0864,8.4498,8.1016,29.0273,29.7941,11.3902,13.237
UKK30,Cornwall and Isles of Scilly,United Kingdom,546137,550437,560526,564588,568612,8.0665,7.6444,29.7777,31.1014,10.7087,12.7014,8.0796,7.6659,29.5394,30.8958,10.9271,12.8921,8.139,7.7335,29.2011,30.5545,11.2275,13.1444,8.1879,7.7837,29.0382,30.3878,11.3554,13.247,8.2051,7.7891,28.9195,30.2713,11.4591,13.3559
UKK41,Plymouth,United Kingdom,259546,260961,262723,263789,264135,8.4289,8.0895,33.3667,32.7742,7.819,9.5216,8.4852,8.1219,33.205,32.583,7.9767,9.6283,8.6388,8.2589,32.9518,32.1239,8.1968,9.8297,8.6728,8.3142,32.874,31.9532,8.2797,9.906,8.6853,8.326,32.7783,31.8814,8.3609,9.968
UKK42,Torbay,United Kingdom,132711,133523,134820,135496,136051,7.8622,7.5374,29.1189,30.2891,11.3487,13.8436,7.8863,7.5927,28.9673,30.0338,11.5448,13.9751,8.0656,7.7029,28.6538,29.5327,11.8276,14.2175,8.1124,7.7397,28.4975,29.3588,11.9974,14.2941,8.097,7.7471,28.4092,29.1964,12.1624,14.388
UKK43,Devon CC,United Kingdom,761311,768497,782974,788540,795012,7.8788,7.3764,29.8954,30.715,10.8982,13.2362,7.8778,7.3735,29.7593,30.5659,11.0676,13.3559,7.904,7.4266,29.5126,30.2548,11.3554,13.5467,7.9392,7.469,29.392,30.0626,11.4836,13.6535,7.9308,7.4686,29.3138,29.947,11.5933,13.7466
UKL11,Isle of Anglesey,United Kingdom,70122,70039,69732,70036,70073,8.2656,7.8506,30.0191,29.9207,10.8425,13.1015,8.2654,7.8371,29.7963,29.662,11.1352,13.304,8.2788,7.916,29.2563,29.1889,11.6804,13.6795,8.3771,7.9845,29.0422,29.0194,11.7982,13.7786,8.3827,8.0017,28.8285,28.9298,11.9789,13.8784
UKL12,Gwynedd,United Kingdom,121775,122283,123549,123763,124147,8.2513,7.853,31.0926,30.6491,10.1031,12.0509,8.2252,7.8138,31.0035,30.5447,10.2835,12.1292,8.1142,7.7532,30.9885,30.6024,10.4493,12.0924,8.0897,7.7656,31.0586,30.1568,10.6373,12.292,8.0542,7.7827,31.06,30.0466,10.7067,12.3499
UKL13,Conwy and Denbighshire,United Kingdom,210854,211277,211913,212317,212675,8.2275,7.6802,29.4834,30.1507,11.1475,13.3106,8.2366,7.7017,29.2635,29.9166,11.4097,13.4719,8.2137,7.7612,28.9567,29.53,11.7746,13.7637,8.29,7.8241,28.8093,29.276,11.9213,13.8792,8.2708,7.8542,28.6776,29.097,12.0776,14.0228
UKL14,South West Wales,United Kingdom,383914,383585,383991,385582,386480,8.1578,7.7262,30.5146,30.9064,10.5261,12.1689,8.1343,7.7203,30.2872,30.6662,10.7986,12.3933,8.1252,7.7606,29.8114,30.3077,11.2388,12.7563,8.0704,7.7364,29.7828,30.0546,11.4061,12.9498,8.0581,7.7192,29.6334,29.9371,11.5662,13.0861
UKL15,Central Valleys,United Kingdom,295541,296258,298473,298524,299239,8.9172,8.5873,31.8078,32.5237,8.2452,9.9188,8.9226,8.5574,31.6869,32.3846,8.4096,10.0389,9.0109,8.643,31.377,32.1597,8.6524,10.157,9.0371,8.6529,31.2451,32.0092,8.7658,10.29,9.0326,8.6319,31.1564,31.9561,8.8625,10.3606
UKL16,Gwent Valleys,United Kingdom,340777,341334,342361,342706,343280,8.924,8.4968,31.6057,32.4626,8.424,10.0869,8.9033,8.4639,31.4264,32.3208,8.6317,10.2539,8.8886,8.477,31.1496,32.0182,8.952,10.5146,8.9091,8.5394,30.9484,31.8229,9.1078,10.6724,8.8895,8.5347,30.8192,31.7321,9.2309,10.7935
UKL17,Bridgend and Neath Port Talbot,United Kingdom,281080,282487,285732,285385,286272,8.5282,8.0635,31.8998,32.0019,8.7448,10.7617,8.5232,8.0701,31.8054,31.8089,8.9165,10.8759,8.5213,8.0834,31.7315,31.4781,9.146,11.0397,8.5513,8.088,31.4214,31.2865,9.3793,11.2735,8.5869,8.0794,31.2399,31.2189,9.5042,11.3707
UKL18,Swansea,United Kingdom,240572,241683,245013,245333,246217,8.4037,7.7399,32.8193,31.9821,8.3788,10.6762,8.3837,7.7204,32.8306,31.7954,8.5215,10.7484,8.3706,7.7041,32.9893,31.5836,8.593,10.7594,8.3279,7.6439,32.9829,31.3615,8.7469,10.937,8.2545,7.6128,33.0156,31.2684,8.8134,11.0354
UKL21,Monmouthshire and Newport,United Kingdom,239330,240223,243936,243493,244891,8.9842,8.5906,31.3458,31.7478,8.7716,10.5599,8.9721,8.5766,31.1906,31.6019,8.9517,10.7071,9.0753,8.6113,30.9536,31.3402,9.2032,10.8164,9.0183,8.5699,30.7779,31.2091,9.3958,11.0291,9.0146,8.5483,30.6757,31.1535,9.4732,11.1347
UKL22,Cardiff and Vale of Glamorgan,United Kingdom,481198,484140,491731,494565,497646,8.8562,8.4522,33.5629,33.8422,6.6644,8.622,8.8743,8.479,33.4265,33.7409,6.7873,8.6921,8.8719,8.5557,33.3449,33.4972,6.9536,8.7767,8.9612,8.631,33.1186,33.3153,7.0747,8.8991,8.9827,8.6369,33.0526,33.1965,7.1651,8.9662
UKL23,Flintshire and Wrexham,United Kingdom,289407,289654,290399,292539,293370,9.0561,8.6484,31.6464,31.6644,8.7983,10.1863,9.0418,8.6762,31.4275,31.4454,9.0294,10.3796,9.0689,8.6608,31.1454,31.0617,9.3836,10.6794,9.0778,8.6727,31.0157,30.8335,9.5392,10.8611,9.0728,8.658,30.9258,30.6609,9.6711,11.0114
UKL24,Powys,United Kingdom,132789,132740,132425,132279,132093,7.8448,7.4667,29.9114,29.8097,11.7209,13.2466,7.7701,7.3987,29.7062,29.6105,12.0152,13.4993,7.667,7.334,29.3525,29.2634,12.4599,13.9234,7.6565,7.3413,29.0507,28.8988,12.7964,14.2562,7.6393,7.2994,28.8267,28.6684,13.0454,14.5208
UKM50,Aberdeen City and Aberdeenshire,United Kingdom,487150,490875,491323,494624,495365,8.087,7.6675,34.2334,33.7804,7.3078,8.9239,8.0884,7.7046,34.1382,33.6513,7.4296,8.9878,8.1977,7.8126,33.7924,33.2325,7.7411,9.2237,8.2406,7.8567,33.6937,33.1088,7.828,9.2723,8.2919,7.9142,33.5234,32.9157,7.9662,9.3886
UKM61,Caithness & Sutherland and Ross & Cromarty,United Kingdom,93916,93746,93795,94841,94917,8.0902,7.6441,30.5954,31.3919,10.3103,11.9681,8.0185,7.5918,30.3373,31.1693,10.6234,12.2597,7.9013,7.4737,30.0848,30.862,11.023,12.6553,7.9617,7.5305,30.3814,31.1184,10.6547,12.3533,7.9406,7.4581,30.2211,30.9902,10.8569,12.5331
UKM62,"Inverness & Nairn and Moray, Badenoch & Strathspey",United Kingdom,200697,202069,204114,203819,204193,8.4476,7.9702,32.1445,32.3602,8.5093,10.5682,8.3699,7.9458,32.0475,32.1989,8.7173,10.7206,8.2944,7.9191,31.8797,31.867,9.0386,11.0012,8.1994,7.8094,31.5427,31.5162,9.5124,11.4199,8.1457,7.7593,31.3884,31.3973,9.7138,11.5954
UKM63,"Lochaber, Skye & Lochalsh, Arran & Cumbrae and Argyll & Bute",United Kingdom,100611,100078,99530,100161,100012,7.4545,7.1135,30.2621,31.0354,10.9352,13.1994,7.3942,7.0345,30.0126,30.8559,11.2602,13.4425,7.3907,6.9145,29.6343,30.5787,11.6658,13.8159,7.476,7.0656,30.1704,30.3641,11.3867,13.5372,7.4491,7.0432,30.0904,30.2154,11.5396,13.6624
UKM64,Na h-Eileanan Siar (Western Isles),United Kingdom,27324,27158,26919,26816,26688,7.8063,7.3562,31.0752,30.4787,10.445,12.8385,7.7583,7.3091,30.7681,30.2121,10.8329,13.1195,7.9015,7.2328,30.172,29.8154,11.2783,13.6001,7.9318,7.2121,29.9112,29.6838,11.4931,13.7679,7.8837,7.1006,29.7662,29.65,11.6757,13.9239
UKM65,Orkney Islands,United Kingdom,21568,21624,21929,21949,22055,7.7522,7.423,31.9455,31.3659,10.0427,11.4707,7.7691,7.3437,31.6546,31.1829,10.3172,11.7323,7.7888,7.3145,31.1597,30.8313,10.8258,12.0799,7.8363,7.2623,30.9262,30.6255,11.0711,12.2785,7.7669,7.2818,30.7187,30.4466,11.3534,12.4326
UKM66,Shetland Islands,United Kingdom,23210,23214,23133,23157,23125,9.1426,8.2809,33.1064,31.495,8.5179,9.4571,9.0161,8.1804,32.9672,31.3992,8.7964,9.6407,9.0045,8.2177,32.6071,30.9731,9.1903,10.0073,8.926,8.1876,32.5474,30.8201,9.3795,10.1395,8.8649,8.1859,32.4541,30.5989,9.6,10.2962
UKM71,Angus and Dundee City,United Kingdom,264628,264979,264882,265352,265465,7.8431,7.5056,32.1274,33.2807,8.4095,10.8337,7.855,7.5063,31.9795,33.1555,8.5671,10.9367,7.859,7.5064,31.7692,33.009,8.8047,11.0517,7.879,7.5296,31.699,32.8907,8.9003,11.1015,7.876,7.5392,31.6226,32.784,9.0072,11.171
UKM72,Clackmannanshire and Fife,United Kingdom,418307,418935,422262,423227,423970,8.4338,7.954,31.6437,33.0303,8.4677,10.4705,8.412,7.9566,31.3748,32.8688,8.6992,10.6885,8.3891,7.9593,31.1828,32.5554,9.0022,10.9112,8.3943,7.9744,31.0458,32.4008,9.1469,11.0378,8.3867,7.9661,30.9241,32.2499,9.2992,11.1739
UKM73,East Lothian and Midlothian,United Kingdom,187199,189376,193814,195767,197947,8.875,8.6389,30.88,33.0798,8.2276,10.2987,8.8913,8.6136,30.7431,32.9963,8.3569,10.3989,8.9503,8.5933,30.4591,32.8201,8.5582,10.6189,8.9908,8.6394,30.3284,32.7021,8.6409,10.6984,9.0398,8.6821,30.1833,32.5951,8.7387,10.761
UKM75,"Edinburgh, City of",United Kingdom,490039,495714,510193,515655,520483,7.367,7.0284,34.9886,35.7202,6.3479,8.5479,7.3789,7.0317,34.8681,35.7321,6.4241,8.5652,7.4001,7.0213,34.7923,35.7908,6.5044,8.4911,7.4232,7.052,34.7678,35.7138,6.5623,8.4809,7.4237,7.0673,34.7619,35.6269,6.6304,8.4898
UKM76,Falkirk,United Kingdom,157425,158077,159757,160517,161029,8.5819,8.2706,32.4555,33.1841,7.8139,9.6941,8.5768,8.2283,32.2836,33.0447,8.022,9.8446,8.6006,8.1167,32.0725,32.8405,8.282,10.0878,8.5754,8.1001,32.0159,32.7149,8.4022,10.1914,8.5332,8.052,31.9495,32.6326,8.532,10.3006
UKM77,Perth & Kinross and Stirling,United Kingdom,239716,241610,244764,245885,246780,7.9457,7.5535,31.4956,32.6228,9.0853,11.2971,7.8858,7.4947,31.4292,32.5338,9.2633,11.3932,7.8243,7.3986,31.3167,32.2989,9.5749,11.5867,7.8057,7.3872,31.2101,32.163,9.7456,11.6884,7.7701,7.3722,31.1038,32.0257,9.9242,11.804
UKM78,West Lothian,United Kingdom,176678,177873,180720,181904,183025,9.4924,9.0951,32.6475,33.6561,6.826,8.2829,9.4787,9.0469,32.5142,33.4969,7.0179,8.4454,9.4638,8.9536,32.2593,33.3156,7.2787,8.729,9.4627,8.8844,32.1769,33.1884,7.4061,8.8816,9.449,8.8381,32.1218,33.0441,7.5154,9.0316
UKM81,"East Dunbartonshire, West Dunbartonshire and Helensburgh & Lomond",United Kingdom,222195,222551,223862,223582,223516,8.2441,7.8332,31.759,32.6628,8.4561,11.0448,8.2417,7.8548,31.5892,32.4793,8.6254,11.2096,8.327,7.9536,31.3023,32.1068,8.9162,11.3941,8.3692,7.9756,30.8665,32.0267,9.147,11.615,8.3927,7.9806,30.6868,31.8805,9.3076,11.7517
UKM82,Glasgow City,United Kingdom,599196,604115,619172,623085,627479,7.7435,7.4518,34.8459,36.0391,5.7555,8.1641,7.7399,7.4448,34.9503,36.0329,5.7668,8.0654,7.7279,7.3983,35.2211,36.0976,5.7419,7.8133,7.7579,7.4237,35.1891,36.1331,5.7604,7.7359,7.7689,7.4423,35.2018,36.1096,5.7903,7.6871
UKM83,"Inverclyde, East Renfrewshire and Renfrewshire",United Kingdom,346140,346759,349624,350432,351257,8.4082,8.119,31.5135,33.3411,7.9786,10.6396,8.4024,8.0909,31.3662,33.2251,8.1258,10.7896,8.4362,8.0938,31.1689,32.9806,8.345,10.9755,8.4738,8.1163,31.0186,32.8643,8.465,11.0621,8.4958,8.1396,30.942,32.7148,8.5621,11.1457
UKM84,North Lanarkshire,United Kingdom,336772,337013,338558,339316,339746,8.9782,8.6132,32.4246,33.9167,6.9537,9.1136,8.932,8.5721,32.2884,33.8144,7.1315,9.2617,8.9302,8.507,32.1059,33.6722,7.3544,9.4303,8.9259,8.4856,32.0171,33.5778,7.4683,9.5253,8.8919,8.4395,31.9574,33.4862,7.5992,9.6257
UKM91,Scottish Borders,United Kingdom,113960,114027,114762,114980,115230,7.9423,7.6746,30.1632,31.3847,10.4361,12.3991,7.9148,7.6763,29.9105,31.2303,10.6633,12.6049,7.8685,7.6689,29.5673,30.9632,11.0507,12.8814,7.8718,7.6657,29.3947,30.8071,11.2298,13.031,7.8825,7.6543,29.2519,30.6309,11.4041,13.1763
UKM92,Dumfries & Galloway,United Kingdom,150124,149812,149359,149160,148871,7.6737,7.2433,30.0405,31.45,10.845,12.7475,7.6175,7.2257,29.806,31.2779,11.1413,12.9315,7.5409,7.2443,29.4137,30.9248,11.5701,13.3062,7.5107,7.2385,29.2565,30.7401,11.7746,13.4795,7.4696,7.2297,29.1131,30.5513,12.0023,13.634
UKM93,East Ayrshire and North Ayrshire mainland,United Kingdom,253002,252445,252036,251687,251307,8.2383,7.9984,31.1219,33.2037,8.6055,10.8323,8.239,7.9693,30.9156,33.0615,8.819,10.9957,8.2825,7.9255,30.5433,32.7981,9.1923,11.2583,8.2861,7.8919,30.327,32.5833,9.4248,11.4869,8.2911,7.8752,30.1599,32.4368,9.5847,11.6523
UKM94,South Ayrshire,United Kingdom,112700,112459,112576,112559,112461,7.5803,7.2121,29.8181,32.2298,10.2857,12.874,7.5494,7.2106,29.6197,31.9868,10.5603,13.0732,7.5185,7.2387,29.2283,31.5724,10.9881,13.454,7.5107,7.2406,29.0203,31.348,11.2181,13.6622,7.4959,7.2301,28.8304,31.145,11.4208,13.8777
UKM95,South Lanarkshire,United Kingdom,315056,315764,317639,318451,319317,8.2849,8.0243,32.0518,33.5528,7.8005,10.2858,8.2663,7.9943,31.9238,33.4528,7.9803,10.3824,8.3028,7.9634,31.7042,33.1984,8.2805,10.5507,8.3218,7.9698,31.5424,33.0616,8.4503,10.6541,8.3318,7.9711,31.3638,32.9262,8.64,10.767
UKN06,Belfast,United Kingdom,335998,337895,339905,340377,341506,9.4268,8.9768,32.7389,34.2788,6.0268,8.5518,9.4512,9.0146,32.7392,34.2165,6.0542,8.5242,9.6368,9.0667,32.6609,34.0174,6.1806,8.4377,9.7254,9.1272,32.5433,33.9283,6.2586,8.4171,9.7337,9.1764,32.4961,33.8782,6.3217,8.394
UKN07,"Armagh City, Banbridge and Craigavon",United Kingdom,204768,206782,211116,213219,215246,10.6867,10.1906,32.339,32.1867,6.4595,8.1375,10.6716,10.2161,32.2678,32.0245,6.6041,8.2159,10.7462,10.3493,32.0506,31.6911,6.8275,8.3352,10.7697,10.4001,31.9488,31.5507,6.9445,8.3862,10.8309,10.4165,31.8501,31.4273,7.0473,8.428
UKN08,"Newry, Mourne and Down",United Kingdom,175134,175902,178427,179777,180825,10.8386,10.315,32.2993,32.3484,6.4351,7.7638,10.8327,10.337,32.0667,32.2435,6.6196,7.9004,10.9059,10.3958,31.7306,31.8808,6.9182,8.1686,10.9163,10.4112,31.6025,31.7254,7.0604,8.2842,10.9067,10.4112,31.4774,31.578,7.2125,8.4142
UKN09,Ards and North Down,United Kingdom,157802,158378,159862,160397,160975,9.055,8.6019,30.7296,32.3304,8.5715,10.7115,9.0492,8.5814,30.5036,32.1036,8.8289,10.9333,9.0985,8.608,30.1266,31.6554,9.243,11.2685,9.0856,8.5974,29.9513,31.4626,9.4721,11.431,9.0294,8.5442,29.8388,31.3384,9.6636,11.5856
