cod_comune,comune,provincia,regione,lat,lon,num_scuole,num_scuole_over30,num_studenti,num_studenti_stranieri,num_studenti_italiani,pct_studenti_stranieri
G575,PIASCO,CUNEO,PIEMONTE,44.5688882469061,7.4471707373763865,2,0,224,36,188,16.07
G713,PISTOIA,PISTOIA,TOSCANA,43.976914760176584,10.915556927013366,40,4,12655,1706,10949,13.48
M213,ARDEA,ROMA,LAZIO,41.611242911969065,12.55292255635289,10,2,2344,357,1987,15.23
E833,MAJANO,UDINE,FRIULI-VENEZIA G.,46.186673978275806,13.06369164162521,2,0,292,41,251,14.04
E767,LUSTRA,SALERNO,CAMPANIA,40.28315802685682,15.090041870886079,1,0,53,2,51,3.77
I137,SAN RAFFAELE CIMENA,TORINO,PIEMONTE,45.1520708622465,7.855888009364867,2,0,276,20,256,7.25
I265,SANT'ANDREA DEL GARIGLIANO,FROSINONE,LAZIO,41.35582411742705,13.85153860506838,2,0,130,9,121,6.92
I953,STIENTA,ROVIGO,VENETO,44.958653174655296,11.531918884711946,2,0,193,23,170,11.92
I352,SANT'ORESTE,ROMA,LAZIO,42.238408552611006,12.521779766237701,2,0,216,20,196,9.26
F912,NOCERA INFERIORE,SALERNO,CAMPANIA,40.75430982684571,14.638889885504273,24,0,7448,235,7213,3.16
F288,MOLINELLA,BOLOGNA,EMILIA ROMAGNA,44.60847256614255,11.685898883034133,8,2,1408,356,1052,25.28
D622,FIUMEDINISI,MESSINA,SICILIA,38.045144580136835,15.36777384583648,2,0,91,3,88,3.3
D652,FOLIGNANO,ASCOLI PICENO,MARCHE,42.821381930759756,13.64831797105084,4,0,568,29,539,5.11
L736,VENEZIA,VENEZIA,VENETO,45.46691556949511,12.345913636056757,103,32,27509,6307,21202,22.93
C630,CHIES D'ALPAGO,BELLUNO,VENETO,46.1727525072231,12.426548521783802,2,0,61,3,58,4.92
A944,BOLOGNA,BOLOGNA,EMILIA ROMAGNA,44.49800916647201,11.333301449147632,106,48,40908,8766,32142,21.43
A071,AGLIANA,PISTOIA,TOSCANA,43.895856767850006,11.000873497856697,6,0,2046,357,1689,17.45
C929,COMIZIANO,NAPOLI,CAMPANIA,40.94844371419163,14.547190301554236,2,0,144,5,139,3.47
M203,ZUNGOLI,AVELLINO,CAMPANIA,41.12250031229804,15.217748663539785,2,0,31,4,27,12.9
A678,BARREA,L'AQUILA,ABRUZZO,41.76804686307581,13.978110352334326,2,0,54,8,46,14.81
G702,PISA,PISA,TOSCANA,43.67223064722877,10.354165824279836,46,5,13702,1826,11876,13.33
L725,VENAFRO,ISERNIA,MOLISE,41.46878547287855,14.041565185737976,7,0,1298,64,1234,4.93
L540,VAIRANO PATENORA,CASERTA,CAMPANIA,41.338471320742336,14.136035478714989,8,0,1783,81,1702,4.54
A149,ALBEROBELLO,BARI,PUGLIA,40.79729668598318,17.238078053060185,7,0,1050,66,984,6.29
A400,ARIANO NEL POLESINE,ROVIGO,VENETO,44.93830258632743,12.204249456750599,3,0,182,22,160,12.09
L897,VIGOLZONE,PIACENZA,EMILIA ROMAGNA,44.889969965571495,9.639455020253177,2,0,234,47,187,20.09
D897,GAMBELLARA,VICENZA,VENETO,45.45181908588072,11.339090411634563,2,1,266,85,181,31.95
B745,CARBONIA,SUD SARDEGNA,SARDEGNA,39.20172485816198,8.523905052271973,16,0,3073,97,2976,3.16
L750,VERCELLI,VERCELLI,PIEMONTE,45.31988013045988,8.411245021454393,25,4,7029,1325,5704,18.85
G604,PIETRAMONTECORVINO,FOGGIA,PUGLIA,41.546135964171874,15.156442763654786,2,0,188,13,175,6.91
L112,TERMINI IMERESE,PALERMO,SICILIA,37.959180159568895,13.742589152457182,16,0,3393,45,3348,1.33
H883,SAN GIORGIO BIGARELLO,MANTOVA,LOMBARDIA,45.183453268250624,10.883717105691902,3,0,892,152,740,17.04
C119,CASTELGOMBERTO,VICENZA,VENETO,45.58558411964042,11.403168374893529,3,0,515,60,455,11.65
G535,PIACENZA,PIACENZA,EMILIA ROMAGNA,45.04153959622599,9.718104737576944,35,15,16894,4520,12374,26.76
C405,CAVRIAGO,REGGIO EMILIA,EMILIA ROMAGNA,44.70323205605927,10.527221316694474,3,0,771,133,638,17.25
G026,OLGIATE MOLGORA,LECCO,LOMBARDIA,45.73070148825891,9.39922391247559,2,0,423,113,310,26.71
I805,SOLOFRA,AVELLINO,CAMPANIA,40.82696637236082,14.845835442769603,10,0,1278,56,1222,4.38
B563,CAMPOSAMPIERO,PADOVA,VENETO,45.569837417289214,11.947169233602358,9,1,2797,524,2273,18.73
I483,SCAFATI,SALERNO,CAMPANIA,40.76225473487659,14.536988251474822,20,0,6283,254,6029,4.04
C974,CONTURSI TERME,SALERNO,CAMPANIA,40.64904724813528,15.241929955354315,6,0,936,39,897,4.17
E976,MARSICO NUOVO,POTENZA,BASILICATA,40.42397440178764,15.732478751521112,4,0,554,23,531,4.15
M208,LAMEZIA TERME,CATANZARO,CALABRIA,38.9378820673218,16.277525811096773,32,1,10111,767,9344,7.59
E216,GRUGLIASCO,TORINO,PIEMONTE,45.05533317419521,7.5932199256189525,18,1,5767,451,5316,7.82
C052,CASTANO PRIMO,MILANO,LOMBARDIA,45.550140098285766,8.766231404127712,5,2,2144,329,1815,15.35
I443,SARROCH,CAGLIARI,SARDEGNA,39.078753112543424,8.979688139678892,2,0,259,2,257,0.77
F443,MONTEBELLUNA,TREVISO,VENETO,45.77160544958501,12.04247695134613,16,1,6093,906,5187,14.87
M433,BARDELLO CON MALGESSO E BREGAN,VARESE,LOMBARDIA,45.82662626788003,8.685184350376163,2,0,155,18,137,11.61
G331,PARENTI,COSENZA,CALABRIA,39.16064316911348,16.46002684771623,2,0,142,6,136,4.23
G815,POMPIANO,BRESCIA,LOMBARDIA,45.41918126132263,9.993953398791097,2,1,269,72,197,26.77
M055,VINADIO,CUNEO,PIEMONTE,44.26876107539821,7.1176065850959205,1,0,19,3,16,15.79
I695,SESTU,CAGLIARI,SARDEGNA,39.31596668536691,9.083488296723296,5,0,1193,8,1185,0.67
I820,SOMMA VESUVIANA,NAPOLI,CAMPANIA,40.8736365040929,14.444202738135159,12,0,3868,142,3726,3.67
E290,IMPERIA,IMPERIA,LIGURIA,43.89913228649327,8.004061125319444,25,12,5932,1528,4404,25.76
E537,LEPORANO,TARANTO,PUGLIA,40.38236584403276,17.317743535624388,3,0,436,7,429,1.61
D499,FARIGLIANO,CUNEO,PIEMONTE,44.50988270215123,7.923028858358869,2,0,143,21,122,14.69
G153,OSCHIRI,SASSARI,SARDEGNA,40.72707511081764,9.101748454432647,3,0,309,8,301,2.59
A954,BOLZANO VICENTINO,VICENZA,VENETO,45.59829677651475,11.618920647329348,3,0,410,37,373,9.02
I451,SASSANO,SALERNO,CAMPANIA,40.32119006809113,15.575858078962938,3,0,289,45,244,15.57
B396,CALCO,LECCO,LOMBARDIA,45.72525904463609,9.425622115405593,2,0,343,46,297,13.41
F729,MORIAGO DELLA BATTAGLIA,TREVISO,VENETO,45.86142937347726,12.093820375923428,2,0,150,40,110,26.67
F295,MOLITERNO,POTENZA,BASILICATA,40.21605527915324,15.853341667202917,5,0,473,45,428,9.51
I625,SEREGNO,MONZA E DELLA BRIANZA,LOMBARDIA,45.64973877549704,9.204535504817429,13,1,5616,689,4927,12.27
C261,CASTEL SAN GIOVANNI,PIACENZA,EMILIA ROMAGNA,45.05815647463596,9.427590115618292,5,3,2103,646,1457,30.72
E158,GRAZZANISE,CASERTA,CAMPANIA,41.09330570804395,14.081688306559164,4,0,675,61,614,9.04
L785,VERRONE,BIELLA,PIEMONTE,45.49888590150056,8.117152664036956,1,0,93,4,89,4.3
G678,PINO TORINESE,TORINO,PIEMONTE,45.04431283186146,7.777535615469107,3,0,443,38,405,8.58
L565,VALDOBBIADENE,TREVISO,VENETO,45.912835901956086,12.016105739963997,7,1,1339,213,1126,15.91
A706,BASSANO IN TEVERINA,VITERBO,LAZIO,42.46369322707659,12.311865904919477,1,0,42,6,36,14.29
M285,CARDEDU,NUORO,SARDEGNA,39.77121483533594,9.638969863090413,2,0,148,8,140,5.41
F333,MONASTIR,SUD SARDEGNA,SARDEGNA,39.38352434196894,9.043937299002726,2,0,296,4,292,1.35
H922,SAN GIOVANNI LA PUNTA,CATANIA,SICILIA,37.57679940426419,15.092960763407554,12,0,4433,67,4366,1.51
D514,FAVARA,AGRIGENTO,SICILIA,37.317497015993055,13.672367289672493,16,0,3758,54,3704,1.44
A681,BARUMINI,SUD SARDEGNA,SARDEGNA,39.693610336957356,9.017125666111195,2,0,78,2,76,2.56
D236,CUTRO,CROTONE,CALABRIA,39.00168367409512,16.983562617630696,8,0,788,40,748,5.08
D530,FELTRE,BELLUNO,VENETO,46.04074660613723,11.916323146155959,14,1,2878,370,2508,12.86
B780,CARINI,PALERMO,SICILIA,38.12975097966012,13.163671378294577,15,0,3637,56,3581,1.54
D605,FINO MORNASCO,COMO,LOMBARDIA,45.74187094270707,9.055773878982242,4,1,667,121,546,18.14
B640,CANZANO,TERAMO,ABRUZZO,42.64982125440046,13.803727210090011,2,0,116,9,107,7.76
I199,SANT'AGATA DI MILITELLO,MESSINA,SICILIA,38.03744434819298,14.640203352234009,10,0,2859,66,2793,2.31
L858,VIESTE,FOGGIA,PUGLIA,41.84186747616899,16.119626949220066,8,0,1693,65,1628,3.84
C129,CASTELLAMMARE DI STABIA,NAPOLI,CAMPANIA,40.69643819793563,14.481173902407175,31,0,10842,140,10702,1.29
A160,ALBIDONA,COSENZA,CALABRIA,39.92505255439674,16.488148587865034,2,0,52,0,52,0.0
D421,ERBUSCO,BRESCIA,LOMBARDIA,45.59424009070563,9.967675347752081,4,0,546,73,473,13.37
G602,PIENZA,SIENA,TOSCANA,43.06384363685136,11.694658978005432,2,0,117,14,103,11.97
B034,FIDENZA,PARMA,EMILIA ROMAGNA,44.86196878484445,10.055826527700026,10,3,4149,926,3223,22.32
H590,ROTONDA,POTENZA,BASILICATA,39.93189331366128,16.054901373032084,3,0,274,17,257,6.2
F433,MONTAZZOLI,CHIETI,ABRUZZO,41.95864280744558,14.431660143258581,2,0,29,0,29,0.0
L155,TEVEROLA,CASERTA,CAMPANIA,41.0103791905197,14.216967479597175,2,0,1108,17,1091,1.53
F723,MORETTA,CUNEO,PIEMONTE,44.76523906832822,7.538284311370913,2,0,362,53,309,14.64
I666,SERRE,SALERNO,CAMPANIA,40.57231849376544,15.124985405039794,2,0,265,21,244,7.92
C329,CASTIRAGA VIDARDO,LODI,LOMBARDIA,45.264022100343155,9.39795065102405,1,0,163,26,137,15.95
M385,CASALI DEL MANCO,COSENZA,CALABRIA,39.29574171609721,16.475304718802832,7,0,589,29,560,4.92
G496,PESCOPAGANO,POTENZA,BASILICATA,40.843006601214675,15.413035215997212,3,0,118,5,113,4.24
D383,DUINO-AURISINA,TRIESTE,FRIULI-VENEZIA G.,45.774527698621036,13.65326436483088,7,0,404,22,382,5.45
H897,SAN GIORGIO IN BOSCO,PADOVA,VENETO,45.58714448257002,11.803417999845834,3,0,438,70,368,15.98
G734,PLATANIA,CATANZARO,CALABRIA,39.01067058375179,16.317842479318966,2,0,53,1,52,1.89
F724,MORFASSO,PIACENZA,EMILIA ROMAGNA,44.72681792248042,9.72169858753094,2,0,31,2,29,6.45
C198,CASTELLUCCIO DEI SAURI,FOGGIA,PUGLIA,41.30406233245955,15.484438483542808,2,0,135,11,124,8.15
H736,SAMARATE,VARESE,LOMBARDIA,45.62357856410396,8.782276541492275,5,0,934,149,785,15.95
L206,TORANO CASTELLO,COSENZA,CALABRIA,39.505781571914184,16.180502942050513,5,0,319,21,298,6.58
E925,MARCELLINARA,CATANZARO,CALABRIA,38.9123400686331,16.464929745887844,2,0,191,11,180,5.76
I335,SANT'EUSANIO DEL SANGRO,CHIETI,ABRUZZO,42.15714473593809,14.356753936687115,2,0,169,23,146,13.61
G670,PIMONTE,NAPOLI,CAMPANIA,40.66587074148916,14.515289334084985,4,0,486,7,479,1.44
G926,PORTO VIRO,ROVIGO,VENETO,45.01497818062217,12.304621697965066,5,0,995,90,905,9.05
G271,PALENA,CHIETI,ABRUZZO,41.957990316955005,14.129364772238846,2,0,89,0,89,0.0
I689,SESTOLA,MODENA,EMILIA ROMAGNA,44.247626829549404,10.786688133598114,2,0,160,35,125,21.88
H892,SAN GIORGIO A CREMANO,NAPOLI,CAMPANIA,40.834029628138154,14.339206316414021,21,0,7161,86,7075,1.2
G282,PALMA DI MONTECHIARO,AGRIGENTO,SICILIA,37.182044961100566,13.7658667960521,17,0,2644,81,2563,3.06
G669,PIMENTEL,SUD SARDEGNA,SARDEGNA,39.49834099760498,9.06592277329441,2,0,58,5,53,8.62
I588,SELLERO,BRESCIA,LOMBARDIA,46.06566405984568,10.326701977725914,1,0,71,1,70,1.41
E668,LONDA,FIRENZE,TOSCANA,43.85433849304936,11.60021915095854,2,0,94,22,72,23.4
B917,CASALVECCHIO DI PUGLIA,FOGGIA,PUGLIA,41.62806637738495,15.130384221847317,2,0,77,8,69,10.39
E063,GIUSSANO,MONZA E DELLA BRIANZA,LOMBARDIA,45.69350150367731,9.210931662425603,8,0,2627,312,2315,11.88
C060,CASTELBELLINO,ANCONA,MARCHE,43.49620917128765,13.15902944901547,1,0,156,16,140,10.26
G969,PRADAMANO,UDINE,FRIULI-VENEZIA G.,46.031762767370445,13.29286053205953,2,0,286,28,258,9.79
F632,POTENZA PICENA,MACERATA,MARCHE,43.37071644675441,13.64462165195984,4,0,909,126,783,13.86
H996,SAN MARTINO DI VENEZZE,ROVIGO,VENETO,45.12053331991902,11.906537285132442,2,0,216,31,185,14.35
I201,SANT'AGATA FELTRIA,RIMINI,EMILIA ROMAGNA,43.85937382239414,12.197684225108084,2,1,67,18,49,26.87
E098,GORIZIA,GORIZIA,FRIULI-VENEZIA G.,45.9441508317867,13.598878897305758,29,4,5174,738,4436,14.26
A701,VASANELLO,VITERBO,LAZIO,42.42007583924777,12.34073706382332,2,0,288,51,237,17.71
B947,CASAZZA,BERGAMO,LOMBARDIA,45.74604261526091,9.906578969444846,2,1,345,109,236,31.59
I281,SANT'ANGELO DEI LOMBARDI,AVELLINO,CAMPANIA,40.924182134760684,15.175960977259157,6,0,981,28,953,2.85
H416,ROCCA IMPERIALE,COSENZA,CALABRIA,40.099071611946215,16.580347251002156,3,0,212,22,190,10.38
F765,MOSCUFO,PESCARA,ABRUZZO,42.43182100134167,14.066917206228757,2,0,158,13,145,8.23
B395,CALCIO,BERGAMO,LOMBARDIA,45.502422805662725,9.843466171101147,2,2,341,150,191,43.99
C506,CERETE,BERGAMO,LOMBARDIA,45.85553145646986,9.999275220623604,1,0,63,8,55,12.7
C973,CONTRONE,SALERNO,CAMPANIA,40.515954531116414,15.200412737412451,1,0,52,10,42,19.23
M401,BARBARANO MOSSANO,VICENZA,VENETO,45.40890123072866,11.564698422523692,4,0,418,60,358,14.35
L626,VALLIO TERME,BRESCIA,LOMBARDIA,45.611675130191784,10.388068578784113,1,0,67,7,60,10.45
B869,CASALBUTTANO ED UNITI,CREMONA,LOMBARDIA,45.24941444553092,9.963529334509522,2,2,243,82,161,33.74
C504,CERESOLE ALBA,CUNEO,PIEMONTE,44.81819852579545,7.816525628889315,2,0,135,8,127,5.93
F244,MISANO ADRIATICO,RIMINI,EMILIA ROMAGNA,43.962640542828204,12.671579428742332,4,0,902,123,779,13.64
E213,GROTTOLE,MATERA,BASILICATA,40.63274577807723,16.377595185415522,2,0,103,6,97,5.83
C067,CASTELBUONO,PALERMO,SICILIA,37.93179111402991,14.095739678329243,6,0,920,9,911,0.98
B067,BORZONASCA,GENOVA,LIGURIA,44.44681037012695,9.397737226173774,2,0,97,26,71,26.8
H458,ROCCHETTA A VOLTURNO,ISERNIA,MOLISE,41.62944185322154,14.057707060508045,1,0,32,2,30,6.25
L364,TREGNAGO,VERONA,VENETO,45.528480330327575,11.166732547817473,2,0,365,45,320,12.33
A485,ATESSA,CHIETI,ABRUZZO,42.087278727687284,14.460726427315132,9,0,1162,94,1068,8.09
L819,VEZZANO LIGURE,LA SPEZIA,LIGURIA,44.14252186880405,9.885232023100297,4,0,385,36,349,9.35
D266,DELEBIO,SONDRIO,LOMBARDIA,46.11199675695293,9.44764037502162,2,1,385,110,275,28.57
L020,SUZZARA,MANTOVA,LOMBARDIA,45.00414779869593,10.743611730870404,9,4,2717,613,2104,22.56
B792,CARMIANO,LECCE,PUGLIA,40.3433155614484,18.036107777239803,3,0,677,20,657,2.95
G927,PORTULA,BIELLA,PIEMONTE,45.69500479790097,8.145593219840089,1,0,65,2,63,3.08
H537,RONCO BRIANTINO,MONZA E DELLA BRIANZA,LOMBARDIA,45.666100196681036,9.404083263819096,2,0,257,27,230,10.51
M100,VIZZINI,CATANIA,SICILIA,37.18087462897315,14.775423973757835,6,0,540,25,515,4.63
A514,AVETRANA,TARANTO,PUGLIA,40.354361765091845,17.744256299105867,3,0,359,8,351,2.23
D745,FOSSATO DI VICO,PERUGIA,UMBRIA,43.30201407435376,12.762313354473184,2,0,148,33,115,22.3
F400,MONTALBANO ELICONA,MESSINA,SICILIA,38.01664265878265,15.019787287783627,2,0,62,4,58,6.45
E908,MARANO EQUO,ROMA,LAZIO,41.99358807990346,13.013121402183915,1,0,29,5,24,17.24
B656,CAPISTRELLO,L'AQUILA,ABRUZZO,41.97625700444699,13.376055214902435,2,0,275,35,240,12.73
M271,MAZZARRONE,CATANIA,SICILIA,37.086234907782064,14.56368526356714,4,2,330,94,236,28.48
A712,BASTIDA PANCARANA,PAVIA,LOMBARDIA,45.09698648268561,9.088533071582367,1,0,53,13,40,24.53
A594,BALLABIO,LECCO,LOMBARDIA,45.90520147047919,9.422373435699226,1,0,130,11,119,8.46
A749,BELLEGRA,ROMA,LAZIO,41.8890834225113,13.021617040284978,2,0,174,4,170,2.3
B020,BORGOMARO,IMPERIA,LIGURIA,43.97579889343859,7.908706053702917,1,0,57,17,40,29.82
C225,CASTELNUOVO DEL GARDA,VERONA,VENETO,45.44420604869569,10.740395192840083,4,0,1079,68,1011,6.3
D788,FRATTA POLESINE,ROVIGO,VENETO,45.02136028299596,11.633155818149433,2,0,130,20,110,15.38
E261,GUIDIZZOLO,MANTOVA,LOMBARDIA,45.308776862809474,10.570890464673012,3,0,746,143,603,19.17
A343,AQUARA,SALERNO,CAMPANIA,40.449250991532764,15.251655297497814,2,0,63,4,59,6.35
D085,COSEANO,UDINE,FRIULI-VENEZIA G.,46.08130926979813,13.010783916960266,2,0,173,18,155,10.4
L401,TREVIGNANO ROMANO,ROMA,LAZIO,42.15091559611365,12.253518481586426,2,0,327,58,269,17.74
H827,SAN DONATO MILANESE,MILANO,LOMBARDIA,45.412516158298274,9.25844826439008,11,2,4802,933,3869,19.43
F576,MONTENERO DI BISACCIA,CAMPOBASSO,MOLISE,41.98462513858952,14.78535691226442,3,0,435,7,428,1.61
C136,CASTELLANETA,TARANTO,PUGLIA,40.58297041603326,16.896386892416597,11,0,2143,61,2082,2.85
C056,CASTEGNERO,VICENZA,VENETO,45.43711455963802,11.603919232221273,2,0,264,33,231,12.5
I671,SERSALE,CATANZARO,CALABRIA,38.99933869010202,16.71559093864321,4,0,445,7,438,1.57
L835,VIBONATI,SALERNO,CAMPANIA,40.0986394243521,15.588267546821761,2,1,56,10,46,17.86
F687,MONTOPOLI DI SABINA,RIETI,LAZIO,42.22536368101043,12.66695167788714,2,0,211,22,189,10.43
D912,GARBAGNATE MILANESE,MILANO,LOMBARDIA,45.574713599128415,9.077107226394865,8,1,2501,435,2066,17.39
M315,GRAVEDONA ED UNITI,COMO,LOMBARDIA,46.155666033769634,9.221922446902301,2,0,302,37,265,12.25
L086,TELESE TERME,BENEVENTO,CAMPANIA,41.207708870607,14.509564679353034,5,0,1321,60,1261,4.54
H382,ROCCABASCERANA,AVELLINO,CAMPANIA,41.03285999635405,14.715931707769284,2,0,144,2,142,1.39
G762,POGGIOMARINO,NAPOLI,CAMPANIA,40.80671872222694,14.547241016360129,9,0,3048,397,2651,13.02
G342,PARONA,PAVIA,LOMBARDIA,45.28334094323206,8.761287909535667,1,0,97,14,83,14.43
B431,CALTIGNAGA,NOVARA,PIEMONTE,45.526651225375375,8.576247701415653,2,0,162,23,139,14.2
E729,LUGNANO IN TEVERINA,TERNI,UMBRIA,42.56819093860233,12.315217484481376,2,0,65,7,58,10.77
F053,MATHI,TORINO,PIEMONTE,45.26251189588178,7.543269577762365,2,0,237,29,208,12.24
D974,GERA LARIO,COMO,LOMBARDIA,46.158930777112424,9.388214663105819,2,0,197,12,185,6.09
E853,MALESCO,VERBANO-CUSIO-OSSOLA,PIEMONTE,46.092078854365596,8.4837347907757,1,0,39,5,34,12.82
C365,CAVAGLIO D'AGOGNA,NOVARA,PIEMONTE,45.6105701093664,8.473408280261904,1,0,38,7,31,18.42
D975,GERACE,REGGIO CALABRIA,CALABRIA,38.279275319639204,16.203293892865364,3,0,151,1,150,0.66
B496,CAMPAGNANO DI ROMA,ROMA,LAZIO,42.13075495308825,12.368431171156699,2,0,681,153,528,22.47
C208,CASTEL MELLA,BRESCIA,LOMBARDIA,45.49977480430822,10.143069734171158,2,0,768,107,661,13.93
I573,SEGNI,ROMA,LAZIO,41.69127994966827,13.0052906278284,4,0,537,53,484,9.87
A587,BALANGERO,TORINO,PIEMONTE,45.27695112233708,7.519459331865522,2,0,175,14,161,8.0
A290,ANGERA,VARESE,LOMBARDIA,45.77572451113972,8.593864665108873,2,0,308,59,249,19.16
A557,BAGNATICA,BERGAMO,LOMBARDIA,45.654278456269395,9.770769896192625,2,0,355,34,321,9.58
I869,SOTTO IL MONTE GIOVANNI XXIII,BERGAMO,LOMBARDIA,45.70707471387705,9.507609919252701,2,0,351,19,332,5.41
A138,ALBARETO,PARMA,EMILIA ROMAGNA,44.43463042501332,9.70023940707073,2,0,105,3,102,2.86
M140,ZAGARISE,CATANZARO,CALABRIA,39.017107255673785,16.672720311999843,2,0,70,2,68,2.86
D209,CUPELLO,CHIETI,ABRUZZO,42.03859591991289,14.685086547619015,2,0,282,2,280,0.71
E783,MACERATA,MACERATA,MARCHE,43.303276424402696,13.451902867329082,31,6,8187,1111,7076,13.57
A618,BARANZATE,MILANO,LOMBARDIA,45.52839130586054,9.111916066961314,2,2,762,579,183,75.98
E584,LIGNANO SABBIADORO,UDINE,FRIULI-VENEZIA G.,45.67228129062296,13.102853691331596,5,0,729,102,627,13.99
A233,ALTIDONA,FERMO,MARCHE,43.10573029095826,13.810629096201136,1,0,171,32,139,18.71
I182,SANTADI,SUD SARDEGNA,SARDEGNA,39.08166511756994,8.759746570239614,4,0,337,0,337,0.0
D082,CORZANO,BRESCIA,LOMBARDIA,45.43938098536607,10.01686894343054,3,0,457,40,417,8.75
L448,TROINA,ENNA,SICILIA,37.76552226507447,14.64072822949698,8,0,830,29,801,3.49
B703,CAPRIATE SAN GERVASIO,BERGAMO,LOMBARDIA,45.61337282749887,9.531591653654727,3,1,588,175,413,29.76
A793,BERGAMASCO,ALESSANDRIA,PIEMONTE,44.82797609494351,8.449569540944637,1,0,30,4,26,13.33
A393,ARGENTA,FERRARA,EMILIA ROMAGNA,44.622292580498716,11.889050197223714,11,1,1819,470,1349,25.84
F482,MONTECOSARO,MACERATA,MARCHE,43.30545297059508,13.632499671383862,3,0,644,71,573,11.02
H308,RIONERO SANNITICO,ISERNIA,MOLISE,41.722676861313474,14.148187124876287,2,0,34,2,32,5.88
I216,SANT'ALFIO,CATANIA,SICILIA,37.760903177719605,15.090699551387173,2,0,82,1,81,1.22
B954,CASEI GEROLA,PAVIA,LOMBARDIA,45.01225955900236,8.932244539305488,2,0,243,17,226,7.0
C104,CASTELFORTE,LATINA,LAZIO,41.31065611878377,13.852328077169242,5,0,401,21,380,5.24
I393,SAN VITO SULLO IONIO,CATANZARO,CALABRIA,38.71463933246659,16.381749186608666,2,0,131,5,126,3.82
B494,CASTEL CAMPAGNANO,CASERTA,CAMPANIA,41.165626791413864,14.43617340232468,2,0,83,2,81,2.41
B924,CASAMICCIOLA TERME,NAPOLI,CAMPANIA,40.74073955181616,13.90935451337046,8,0,1128,69,1059,6.12
E988,MARTINIANA PO,CUNEO,PIEMONTE,44.61628786581866,7.362256392456511,1,0,37,7,30,18.92
F890,NICOLOSI,CATANIA,SICILIA,37.65550161772425,15.014009267759965,5,0,1146,58,1088,5.06
B524,CAMPODARSEGO,PADOVA,VENETO,45.50238185962423,11.924698886357842,7,0,1035,182,853,17.58
G703,PISANO,NOVARA,PIEMONTE,45.793907588456925,8.50756873319038,1,0,54,4,50,7.41
H285,RIFREDDO,CUNEO,PIEMONTE,44.65479957579325,7.353460598581018,1,0,52,7,45,13.46
C835,COLERE,BERGAMO,LOMBARDIA,45.96215800805278,10.082639678922998,1,0,43,0,43,0.0
B541,CAMPOLATTARO,BENEVENTO,CAMPANIA,41.28931883053843,14.736923938815803,1,0,17,4,13,23.53
L658,VALVERDE,CATANIA,SICILIA,37.57939531143763,15.123423763383064,4,0,379,5,374,1.32
E272,GUSSOLA,CREMONA,LOMBARDIA,45.008545916662314,10.343315948103701,2,1,276,75,201,27.17
A852,BIBBONA,LIVORNO,TOSCANA,43.264028881281625,10.602170337691351,2,0,234,33,201,14.1
D237,CUTROFIANO,LECCE,PUGLIA,40.108706117839375,18.197842442565776,3,0,506,7,499,1.38
I707,SEULO,SUD SARDEGNA,SARDEGNA,39.87540625935381,9.233407511594454,2,0,35,0,35,0.0
C567,CESARA,VERBANO-CUSIO-OSSOLA,PIEMONTE,45.83280717513545,8.35551270893764,1,0,41,2,39,4.88
G395,PECCIOLI,PISA,TOSCANA,43.53422061196105,10.77552774992806,2,0,308,25,283,8.12
L509,USINI,SASSARI,SARDEGNA,40.6654384638367,8.527903308305895,2,0,238,0,238,0.0
F627,MONTE SAN PIETRO,BOLOGNA,EMILIA ROMAGNA,44.42628060725759,11.145855692355315,3,0,656,99,557,15.09
I362,SANTO STEFANO LODIGIANO,LODI,LOMBARDIA,45.11746334729205,9.73914917420371,1,0,99,19,80,19.19
F156,MESOLA,FERRARA,EMILIA ROMAGNA,44.899573575765295,12.219147405575047,3,0,287,32,255,11.15
F750,MORSANO AL TAGLIAMENTO,PORDENONE,FRIULI-VENEZIA G.,45.85792066854707,12.940323795020126,2,0,164,23,141,14.02
L100,TEOLO,PADOVA,VENETO,45.356398740078326,11.707967553553065,5,0,559,49,510,8.77
B927,CASANOVA LERRONE,SAVONA,LIGURIA,44.032441528425295,8.034988551180732,1,1,23,7,16,30.43
F426,MONTANO ANTILIA,SALERNO,CAMPANIA,40.15279081715174,15.360404027641605,2,0,85,2,83,2.35
D180,CROPALATI,COSENZA,CALABRIA,39.5232295415827,16.720354446908118,2,0,66,6,60,9.09
D959,GAZZUOLO,MANTOVA,LOMBARDIA,45.07042132590754,10.566383872815042,2,1,145,41,104,28.28
H766,SAN BASILIO,SUD SARDEGNA,SARDEGNA,39.51951565717054,9.209435495980676,2,0,86,1,85,1.16
H796,SAN CHIRICO RAPARO,POTENZA,BASILICATA,40.202542933761315,16.075722776373507,2,0,19,1,18,5.26
L396,TREVENZUOLO,VERONA,VENETO,45.2654026670891,10.932385676323335,2,0,223,52,171,23.32
I631,SERLE,BRESCIA,LOMBARDIA,45.57859224759492,10.358468248716411,2,0,181,7,174,3.87
G353,PASIANO DI PORDENONE,PORDENONE,FRIULI-VENEZIA G.,45.855712988131565,12.62240561400454,3,2,549,217,332,39.53
L326,TRAMUTOLA,POTENZA,BASILICATA,40.318745579229194,15.777606407729182,3,0,329,14,315,4.26
F881,NEVIANO,LECCE,PUGLIA,40.09739593454055,18.126030673126067,3,0,245,3,242,1.22
D918,GARDONE VAL TROMPIA,BRESCIA,LOMBARDIA,45.70259499465604,10.177354764907879,8,6,2447,495,1952,20.23
A017,ACCETTURA,MATERA,BASILICATA,40.4912279207495,16.151396397550794,2,0,100,1,99,1.0
F568,MONTEMILONE,POTENZA,BASILICATA,41.02608570643881,15.96572344660129,2,0,56,10,46,17.86
E271,GUSSAGO,BRESCIA,LOMBARDIA,45.590217824310486,10.151220595083766,5,0,1008,133,875,13.19
G580,PIAZZA ARMERINA,ENNA,SICILIA,37.385093965491414,14.348797978996721,15,0,2856,103,2753,3.61
C649,CHIUDUNO,BERGAMO,LOMBARDIA,45.650253061610634,9.850220077629881,2,1,533,147,386,27.58
A439,ARRONE,TERNI,UMBRIA,42.56752209519954,12.79825258277223,2,0,166,33,133,19.88
B287,BUSCEMI,SIRACUSA,SICILIA,37.08844126778587,14.869787855632188,2,0,29,1,28,3.45
E606,LIPARI,MESSINA,SICILIA,38.527194264871675,14.918378101289855,14,2,1088,109,979,10.02
B031,BORGORICCO,PADOVA,VENETO,45.53504309991809,11.968939569600483,4,0,695,117,578,16.83
B971,CASIRATE D'ADDA,BERGAMO,LOMBARDIA,45.498157866608985,9.55650883215193,2,1,302,106,196,35.1
F024,MASSA MARTANA,PERUGIA,UMBRIA,42.77324954507266,12.533423927351096,2,0,218,57,161,26.15
M188,ZONE,BRESCIA,LOMBARDIA,45.75883206123465,10.131291875071065,1,0,12,3,9,25.0
C487,CERCENASCO,TORINO,PIEMONTE,44.866300519893876,7.502495628759736,1,0,74,8,66,10.81
C824,COGOLLO DEL CENGIO,VICENZA,VENETO,45.80902122041563,11.411985056900518,2,0,266,15,251,5.64
B433,CALTRANO,VICENZA,VENETO,45.78988486799172,11.473634820763628,1,0,90,7,83,7.78
L034,TALAMELLO,RIMINI,EMILIA ROMAGNA,43.9135059988167,12.279147956070435,1,0,98,11,87,11.22
F902,NIZZA MONFERRATO,ASTI,PIEMONTE,44.76960239393871,8.35501097603991,4,1,1435,291,1144,20.28
I143,SAN RUFO,SALERNO,CAMPANIA,40.426009702951994,15.464914222585334,2,0,123,9,114,7.32
L532,VAGLIO BASILICATA,POTENZA,BASILICATA,40.671815687405406,15.92181233582992,2,0,75,3,72,4.0
E139,GRANDATE,COMO,LOMBARDIA,45.772395899250725,9.056626119314826,2,0,264,26,238,9.85
F130,MEOLO,VENEZIA,VENETO,45.613985379866605,12.462365147909106,2,0,391,88,303,22.51
C459,CENE,BERGAMO,LOMBARDIA,45.78035479017246,9.845941372007918,2,0,233,42,191,18.03
B987,CASORATE SEMPIONE,VARESE,LOMBARDIA,45.66405649008765,8.742547272050656,2,0,333,32,301,9.61
I734,SILIQUA,SUD SARDEGNA,SARDEGNA,39.2626550779678,8.791976526572695,2,0,177,8,169,4.52
L037,TALEGGIO,BERGAMO,LOMBARDIA,45.90148805499437,9.577286193827925,1,1,20,7,13,35.0
F767,MOSSA,GORIZIA,FRIULI-VENEZIA G.,45.93944520588745,13.546238370592654,1,0,84,7,77,8.33
L620,VALLE SAN NICOLAO,BIELLA,PIEMONTE,45.68093914434246,8.079355036010178,1,0,12,0,12,0.0
G776,POJANA MAGGIORE,VICENZA,VENETO,45.290588092820855,11.50627758492128,2,0,314,45,269,14.33
F784,MOTTOLA,TARANTO,PUGLIA,40.67909188345643,17.0322811884704,8,0,1880,41,1839,2.18
G805,POMARETTO,TORINO,PIEMONTE,44.950371796967026,7.17821923648542,1,0,54,9,45,16.67
I359,SANTO STEFANO DI ROGLIANO,COSENZA,CALABRIA,39.20028956310352,16.385613864225864,2,0,122,1,121,0.82
G446,PERDAXIUS,SUD SARDEGNA,SARDEGNA,39.15965638865996,8.61808157573574,2,0,75,0,75,0.0
I308,SANTA SEVERINA,CROTONE,CALABRIA,39.15590055907212,16.914411122987566,6,0,415,14,401,3.37
D896,GAMBATESA,CAMPOBASSO,MOLISE,41.51670851091224,14.907785663346264,2,0,37,0,37,0.0
C471,CENTURIPE,ENNA,SICILIA,37.60364710183631,14.756451944422633,4,0,494,15,479,3.04
F544,MONTELEPRE,PALERMO,SICILIA,38.08472789637169,13.188252279691476,2,0,354,10,344,2.82
C250,CASTELPOTO,BENEVENTO,CAMPANIA,41.128815476129944,14.698818189869232,1,0,46,9,37,19.57
E834,MAIDA,CATANZARO,CALABRIA,38.87954714368297,16.384703565989565,3,0,280,38,242,13.57
D159,CRESPIATICA,LODI,LOMBARDIA,45.34720027008646,9.575700873933272,1,0,95,15,80,15.79
I171,SANTA CATERINA ALBANESE,COSENZA,CALABRIA,39.5957402940655,16.086819484937685,2,0,57,5,52,8.77
I350,SANT'ONOFRIO,VIBO VALENTIA,CALABRIA,38.682840777140456,16.175301923480685,2,0,212,11,201,5.19
F191,MIASINO,NOVARA,PIEMONTE,45.806598765730456,8.43486587158267,1,0,76,8,68,10.53
G746,PODENZANA,MASSA-CARRARA,TOSCANA,44.20852493585545,9.918267520096702,2,1,40,8,32,20.0
I242,SANTA MARIA DI SALA,VENEZIA,VENETO,45.50219905546326,12.027209844882705,6,0,1037,146,891,14.08
G119,OROSEI,NUORO,SARDEGNA,40.40591398763144,9.723850182798465,3,0,544,23,521,4.23
B369,CAIRO MONTENOTTE,SAVONA,LIGURIA,44.40035703739067,8.312094561524736,9,2,1356,313,1043,23.08
B008,BORGOROSE,RIETI,LAZIO,42.192044136369574,13.262324494517728,6,0,274,20,254,7.3
L075,TAVIGLIANO,BIELLA,PIEMONTE,45.663528231955404,8.035441022057913,1,0,39,0,39,0.0
B816,CARPEGNA,PESARO E URBINO,MARCHE,43.76745729891186,12.320405877905914,2,0,127,25,102,19.69
C059,CASTELBELFORTE,MANTOVA,LOMBARDIA,45.2177355024188,10.8945437580818,2,1,250,69,181,27.6
D596,FILOGASO,VIBO VALENTIA,CALABRIA,38.68209938932653,16.225373587359563,2,0,80,2,78,2.5
E184,GRISIGNANO DI ZOCCO,VICENZA,VENETO,45.48195401082142,11.703942987624671,2,0,254,42,212,16.54
F688,MONTORFANO,COMO,LOMBARDIA,45.78113941206377,9.146112994864799,1,0,77,7,70,9.09
E593,LIMIDO COMASCO,COMO,LOMBARDIA,45.68711410184628,8.97765702098897,1,0,157,16,141,10.19
D926,GARLATE,LECCO,LOMBARDIA,45.81054459151042,9.400378224406237,1,0,102,19,83,18.63
F524,MONTE GRIMANO TERME,PESARO E URBINO,MARCHE,43.864960044509,12.457807347036262,1,1,42,15,27,35.71
A719,BAUCINA,PALERMO,SICILIA,37.935243481872845,13.535963074004503,2,0,138,10,128,7.25
A013,ABRIOLA,POTENZA,BASILICATA,40.51868317436408,15.793021104257218,2,0,45,0,45,0.0
G718,PIURO,SONDRIO,LOMBARDIA,46.396218884430446,9.44033031217119,1,0,76,3,73,3.95
L579,VALGOGLIO,BERGAMO,LOMBARDIA,45.98376556041709,9.879191636314749,1,0,27,0,27,0.0
H097,QUADRELLE,AVELLINO,CAMPANIA,40.95338026008106,14.671348953971844,1,0,57,0,57,0.0
D879,GALLIERA VENETA,PADOVA,VENETO,45.66899047633882,11.821699046930892,4,0,492,90,402,18.29
A103,AIELLO DEL FRIULI,UDINE,FRIULI-VENEZIA G.,45.87210465793114,13.353932059710719,2,0,181,14,167,7.73
B493,CAMPAGNA LUPIA,VENEZIA,VENETO,45.33990271885329,12.167210759339872,3,0,504,74,430,14.68
D694,FORCOLA,SONDRIO,LOMBARDIA,46.13889955271205,9.683705748002188,1,0,30,4,26,13.33
A383,ARDESIO,BERGAMO,LOMBARDIA,45.94564924950041,9.888462847397484,2,0,215,14,201,6.51
E203,GROSSO,TORINO,PIEMONTE,45.267043757591026,7.563339395305568,1,0,80,5,75,6.25
I017,SAN MARZANO OLIVETO,ASTI,PIEMONTE,44.755240992133984,8.300519164241148,1,0,81,2,79,2.47
I643,SERRA DE' CONTI,ANCONA,MARCHE,43.545296822982664,13.040214935523442,2,0,273,55,218,20.15
E806,MAGISANO,CATANZARO,CALABRIA,39.02692738736452,16.637436424976638,2,0,67,0,67,0.0
L434,TRIUGGIO,MONZA E DELLA BRIANZA,LOMBARDIA,45.664847136687456,9.281265651022359,3,0,499,54,445,10.82
L409,TREZZANO SUL NAVIGLIO,MILANO,LOMBARDIA,45.420927942255126,9.058775223125016,7,0,1571,229,1342,14.58
L974,VILLANOVA MONDOVI',CUNEO,PIEMONTE,44.358745860328035,7.750130813794748,4,0,585,79,506,13.5
A117,ALA DI STURA,TORINO,PIEMONTE,45.306905772344884,7.282074668731349,1,0,16,1,15,6.25
H540,RONCO ALL'ADIGE,VERONA,VENETO,45.326163411121634,11.224563079196846,3,2,405,131,274,32.35
E652,LODRINO,BRESCIA,LOMBARDIA,45.71436934240647,10.270758158306217,2,0,93,16,77,17.2
B576,CANALE MONTERANO,ROMA,LAZIO,42.13475599415702,12.07649137788064,2,0,321,13,308,4.05
B128,BREDA DI PIAVE,TREVISO,VENETO,45.718126516592356,12.358816120892707,4,0,495,46,449,9.29
I753,SINOPOLI,REGGIO CALABRIA,CALABRIA,38.23557663160357,15.88565283109464,2,0,155,1,154,0.65
D202,CUMIANA,TORINO,PIEMONTE,44.96780039960153,7.384428974250714,3,0,438,25,413,5.71
I448,SARULE,NUORO,SARDEGNA,40.21607171267683,9.139516733918978,2,0,67,0,67,0.0
M017,VILLASANTA,MONZA E DELLA BRIANZA,LOMBARDIA,45.60703622737193,9.308633580421668,3,0,1089,102,987,9.37
F441,MONTEBELLO DI BERTONA,PESCARA,ABRUZZO,42.41781120912691,13.861729948395505,2,0,76,3,73,3.95
B817,CARPENEDOLO,BRESCIA,LOMBARDIA,45.34924858253676,10.435315941615457,2,1,1050,331,719,31.52
F590,MONTE PORZIO CATONE,ROMA,LAZIO,41.814875441699286,12.708390804422846,3,0,593,32,561,5.4
D777,FRASSINELLO MONFERRATO,ALESSANDRIA,PIEMONTE,45.03710168311631,8.394646546711135,1,1,13,4,9,30.77
D166,CREVALCORE,BOLOGNA,EMILIA ROMAGNA,44.752509476331774,11.18581702162947,5,4,1176,436,740,37.07
B920,CASALVOLONE,NOVARA,PIEMONTE,45.400664216591856,8.468467474564568,1,1,23,9,14,39.13
F107,MELILLI,SIRACUSA,SICILIA,37.2106549890686,15.099607595236007,6,0,867,16,851,1.85
I541,SCLAFANI BAGNI,PALERMO,SICILIA,37.78224335474799,13.819544979701586,2,0,11,0,11,0.0
B620,CANOSA SANNITA,CHIETI,ABRUZZO,42.28923695656484,14.294870289912943,1,0,9,0,9,0.0
L480,UBOLDO,VARESE,LOMBARDIA,45.6096341852625,8.992105025404387,3,0,651,131,520,20.12
L722,VELO VERONESE,VERONA,VENETO,45.61211180927009,11.10666648962878,1,0,46,1,45,2.17
A826,BESOZZO,VARESE,LOMBARDIA,45.84919501046874,8.655601588649093,4,0,368,51,317,13.86
I191,SANT'AGATA BOLOGNESE,BOLOGNA,EMILIA ROMAGNA,44.66583853543332,11.127426887992684,2,0,484,90,394,18.6
B054,BORNO,BRESCIA,LOMBARDIA,45.95558958659265,10.17907451320719,2,0,155,10,145,6.45
E146,GRANZE,PADOVA,VENETO,45.153803052386785,11.720793997133487,1,0,66,3,63,4.55
D440,ESPERIA,FROSINONE,LAZIO,41.37770746716558,13.648022761942709,3,0,209,12,197,5.74
B634,CANTELLO,VARESE,LOMBARDIA,45.826398783712385,8.892049602684075,2,0,348,28,320,8.05
D348,DORNO,PAVIA,LOMBARDIA,45.14873446296662,8.952783043364134,2,0,274,48,226,17.52
L383,TREPUZZI,LECCE,PUGLIA,40.4239646293907,18.074517991634096,3,0,817,40,777,4.9
M336,COLVERDE,COMO,LOMBARDIA,45.80565917890802,9.001303112781763,2,0,186,11,175,5.91
B390,CALCI,PISA,TOSCANA,43.731038724329466,10.525471716891179,2,0,393,15,378,3.82
E343,ISOLA DEL GRAN SASSO D'ITALIA,TERAMO,ABRUZZO,42.48600334668558,13.637939050066185,2,0,296,15,281,5.07
F957,NOVE,VICENZA,VENETO,45.71608288661061,11.676095958082442,3,0,1099,68,1031,6.19
D682,FONTECHIARI,FROSINONE,LAZIO,41.67321164172847,13.664291245533471,1,0,16,0,16,0.0
B216,BRUINO,TORINO,PIEMONTE,45.014121173735624,7.474432137455978,4,0,533,37,496,6.94
A570,BAGNOLO CREMASCO,CREMONA,LOMBARDIA,45.3652529867502,9.613563841704947,2,0,420,87,333,20.71
L215,TORELLA DEL SANNIO,CAMPOBASSO,MOLISE,41.63781678969348,14.526870161190711,2,0,104,3,101,2.88
H726,SALUSSOLA,BIELLA,PIEMONTE,45.451542292742985,8.139652825833139,2,0,109,6,103,5.5
F393,MONTAGNA IN VALTELLINA,SONDRIO,LOMBARDIA,46.2216342165219,9.923949911825956,2,0,134,9,125,6.72
C494,CERCIVENTO,UDINE,FRIULI-VENEZIA G.,46.539927736718084,12.977280787193225,1,0,70,3,67,4.29
F379,MONSAMPIETRO MORICO,FERMO,MARCHE,43.057303449944285,13.557709248976144,1,0,17,5,12,29.41
G011,OGLIASTRO CILENTO,SALERNO,CAMPANIA,40.35739526543512,15.056658894468299,2,0,115,10,105,8.7
L856,VIDOR,TREVISO,VENETO,45.870387137047906,12.050760558713382,2,0,249,24,225,9.64
E662,LOMELLO,PAVIA,LOMBARDIA,45.122253059477345,8.785719740370938,2,1,140,40,100,28.57
E030,GILDONE,CAMPOBASSO,MOLISE,41.502012348216155,14.74640634230784,1,0,15,0,15,0.0
A950,BOLTIERE,BERGAMO,LOMBARDIA,45.598613161397516,9.577342450987748,2,0,460,97,363,21.09
D746,MONTEBELLO JONICO,REGGIO CALABRIA,CALABRIA,37.984644343611656,15.745656073490881,4,0,292,16,276,5.48
C532,CERRIONE,BIELLA,PIEMONTE,45.47511362342572,8.071214331296247,2,0,148,5,143,3.38
B946,CASAVATORE,NAPOLI,CAMPANIA,40.89780252763342,14.276048626918502,5,0,1223,7,1216,0.57
F770,MOTTA DI LIVENZA,TREVISO,VENETO,45.76659151695821,12.622769880949534,5,0,1451,274,1177,18.88
H015,PRECI,PERUGIA,UMBRIA,42.86389722220472,13.036402235453505,1,0,22,6,16,27.27
L122,TERRALBA,ORISTANO,SARDEGNA,39.71502278375819,8.595488485675585,5,0,794,13,781,1.64
G263,PALAZZO ADRIANO,PALERMO,SICILIA,37.65345571461644,13.378241111533915,2,0,68,2,66,2.94
H665,SAGRADO,GORIZIA,FRIULI-VENEZIA G.,45.878833069747444,13.520145121474876,1,0,66,7,59,10.61
E633,LOAZZOLO,ASTI,PIEMONTE,44.671515418597636,8.2561458076892,1,0,11,3,8,27.27
L753,VERDELLO,BERGAMO,LOMBARDIA,45.60273864341777,9.634990004521859,2,2,640,214,426,33.44
D771,FRASCAROLO,PAVIA,LOMBARDIA,45.04559235869473,8.686236068029043,1,0,58,10,48,17.24
I082,SAN PIER D'ISONZO,GORIZIA,FRIULI-VENEZIA G.,45.842484340867806,13.458655550926037,1,0,83,2,81,2.41
L310,TUSCANIA,VITERBO,LAZIO,42.392591728704396,11.827585484466908,3,0,639,64,575,10.02
F101,MELENDUGNO,LECCE,PUGLIA,40.26681648027892,18.379111383453544,3,0,517,35,482,6.77
G306,PANDINO,CREMONA,LOMBARDIA,45.410441304175116,9.538811102093872,4,1,773,189,584,24.45
B979,CASOLA IN LUNIGIANA,MASSA-CARRARA,TOSCANA,44.203235102628454,10.182788370256219,2,0,44,9,35,20.45
I758,SIROLO,ANCONA,MARCHE,43.51890471960677,13.602200949065272,2,0,244,12,232,4.92
B853,CARUNCHIO,CHIETI,ABRUZZO,41.920291303673785,14.532350219136967,1,0,12,0,12,0.0
C956,CONDRO',MESSINA,SICILIA,38.16904571646979,15.329660016169703,1,0,25,0,25,0.0
A188,ALFIANELLO,BRESCIA,LOMBARDIA,45.26639564388369,10.14954371503846,2,0,175,33,142,18.86
H941,SAN GREGORIO D'IPPONA,VIBO VALENTIA,CALABRIA,38.6470503361759,16.104234208342245,2,0,117,15,102,12.82
E929,MARCHIROLO,VARESE,LOMBARDIA,45.941484575771184,8.837758245463574,2,0,391,80,311,20.46
E484,LAURIANO,TORINO,PIEMONTE,45.15267421063771,7.989507411204151,1,0,48,10,38,20.83
A571,BAGNOLO PIEMONTE,CUNEO,PIEMONTE,44.75297217889899,7.2543313008548775,3,0,376,81,295,21.54
A988,BORETTO,REGGIO EMILIA,EMILIA ROMAGNA,44.89494559123012,10.561532527420836,2,1,414,117,297,28.26
A415,ARMENTO,POTENZA,BASILICATA,40.30362025422906,16.07043836900292,1,0,3,0,3,0.0
M347,SILLANO GIUNCUGNANO,LUCCA,TOSCANA,44.242240798086314,10.311866132932195,1,0,19,0,19,0.0
D933,GASSINO TORINESE,TORINO,PIEMONTE,45.117760061080816,7.838139687232296,3,0,485,80,405,16.49
I328,SAN TEODORO,MESSINA,SICILIA,37.83521473696976,14.694251117222645,2,0,83,0,83,0.0
G576,PIATEDA,SONDRIO,LOMBARDIA,46.0948133592454,9.910988205573274,1,0,83,5,78,6.02
I503,SCANO DI MONTIFERRO,ORISTANO,SARDEGNA,40.22268457313268,8.61975114879467,1,0,78,3,75,3.85
G553,PIANE CRATI,COSENZA,CALABRIA,39.234315217801274,16.315848059237254,2,0,93,1,92,1.08
G934,POSTA,RIETI,LAZIO,42.51713364804097,13.081108035381293,1,0,15,1,14,6.67
E865,MALONNO,BRESCIA,LOMBARDIA,46.12204025645568,10.298204208378479,2,0,215,7,208,3.26
G829,PONTE IN VALTELLINA,SONDRIO,LOMBARDIA,46.139927976057784,9.982414014443503,2,0,314,32,282,10.19
L605,VALLEMAIO,FROSINONE,LAZIO,41.36914578930176,13.806328798117969,1,0,25,1,24,4.0
L430,TRIORA,IMPERIA,LIGURIA,44.01900602814316,7.724655448662945,1,1,14,6,8,42.86
G056,OLTRONA DI SAN MAMETTE,COMO,LOMBARDIA,45.75472374108356,8.971278417141693,1,0,90,11,79,12.22
C651,CHIURO,SONDRIO,LOMBARDIA,46.23370536501895,10.013046030917359,1,0,102,10,92,9.8
D041,CORRIDO,COMO,LOMBARDIA,46.05514961726075,9.124855198611803,1,0,57,2,55,3.51
L545,VALBREMBO,BERGAMO,LOMBARDIA,45.71717311340603,9.605675184216137,1,0,187,9,178,4.81
C934,COMPIANO,PARMA,EMILIA ROMAGNA,44.53146023226375,9.677326386165774,1,1,28,10,18,35.71
H992,SAN MARTINO DI FINITA,COSENZA,CALABRIA,39.48155962845976,16.134104635212285,1,1,18,6,12,33.33
A784,BENNA,BIELLA,PIEMONTE,45.513061187995085,8.137828535781921,1,0,47,3,44,6.38
I539,SCIOLZE,TORINO,PIEMONTE,45.098799936576235,7.875940138568511,1,0,49,1,48,2.04
F958,NOVEDRATE,COMO,LOMBARDIA,45.69807833311877,9.13184997573189,1,0,119,23,96,19.33
H223,REGGIO NELL'EMILIA,REGGIO EMILIA,EMILIA ROMAGNA,44.69740522656402,10.634465594354191,74,25,25193,5099,20094,20.24
E897,MANTOVA,MANTOVA,LOMBARDIA,45.14921004962848,10.806943031838326,27,9,11475,1901,9574,16.57
L719,VELLETRI,ROMA,LAZIO,41.66265211531866,12.768140842363913,32,2,8094,761,7333,9.4
A253,AMANTEA,COSENZA,CALABRIA,39.102376740884594,16.094146567000106,10,0,1715,68,1647,3.97
G131,ORTA NOVA,FOGGIA,PUGLIA,41.32133484503744,15.721346528559668,5,0,1609,179,1430,11.12
C656,CHIUSAFORTE,UDINE,FRIULI-VENEZIA G.,46.40424941594297,13.385894104762524,1,0,18,0,18,0.0
E530,LENTATE SUL SEVESO,MONZA E DELLA BRIANZA,LOMBARDIA,45.67680578011257,9.11915904076153,5,0,916,178,738,19.43
C697,CIMITILE,NAPOLI,CAMPANIA,40.94548448198549,14.518799651604251,3,0,638,20,618,3.13
G549,PIANCOGNO,BRESCIA,LOMBARDIA,45.930723314012454,10.196823630457283,2,0,310,87,223,28.06
F705,MONZAMBANO,MANTOVA,LOMBARDIA,45.37990548722932,10.667865637020343,2,0,367,87,280,23.71
H224,REGGIO DI CALABRIA,REGGIO CALABRIA,CALABRIA,38.11277299854892,15.718164504257881,76,4,20582,1397,19185,6.79
G273,PALERMO,PALERMO,SICILIA,38.13006829836539,13.331177221200969,260,9,80556,3184,77372,3.95
L331,TRAPANI,TRAPANI,SICILIA,37.92384428045258,12.667807832519667,32,0,8348,226,8122,2.71
M334,VAL BREMBILLA,BERGAMO,LOMBARDIA,45.82955182115336,9.598764585263828,3,0,282,28,254,9.93
C769,CIVITANOVA DEL SANNIO,ISERNIA,MOLISE,41.682741877830935,14.419189790893421,2,0,48,8,40,16.67
F352,MONDRAGONE,CASERTA,CAMPANIA,41.10985311676747,13.914767501992971,14,1,3599,274,3325,7.61
F736,MORNAGO,VARESE,LOMBARDIA,45.73657085952619,8.750549008053804,3,0,294,27,267,9.18
B832,CARRARA,MASSA-CARRARA,TOSCANA,44.082212733422274,10.093747641338181,36,2,6450,700,5750,10.85
L263,TORRE DE' PASSERI,PESCARA,ABRUZZO,42.252243425060016,13.93356116228349,3,0,248,48,200,19.35
F442,MONTEBELLO VICENTINO,VICENZA,VENETO,45.460026702315886,11.382251178866662,2,0,448,64,384,14.29
D230,CUSANO MUTRI,BENEVENTO,CAMPANIA,41.34112250888767,14.505056717037895,4,0,239,6,233,2.51
B666,CAPO D'ORLANDO,MESSINA,SICILIA,38.14049905697103,14.741259863605096,11,0,2211,69,2142,3.12
E379,IVREA,TORINO,PIEMONTE,45.453817315086425,7.891197511668259,17,1,5679,623,5056,10.97
I615,SENORBI',SUD SARDEGNA,SARDEGNA,39.5272379796432,9.143696034853717,6,0,921,39,882,4.23
M050,VILMINORE DI SCALVE,BERGAMO,LOMBARDIA,46.00741663155621,10.073736824314842,3,0,142,4,138,2.82
G825,PONTASSIEVE,FIRENZE,TOSCANA,43.83406291373589,11.425599813229105,9,0,2079,289,1790,13.9
C181,CASTELVECCANA,VARESE,LOMBARDIA,45.94045051688852,8.66451798341708,2,0,193,18,175,9.33
C758,CIVIDALE DEL FRIULI,UDINE,FRIULI-VENEZIA G.,46.0826883599024,13.444059980939528,10,1,1632,177,1455,10.85
B586,CANDELO,BIELLA,PIEMONTE,45.53827895197028,8.123591798999433,2,0,285,12,273,4.21
H324,RIPI,FROSINONE,LAZIO,41.59680543881692,13.442666764037549,2,0,292,46,246,15.75
H323,RIPE SAN GINESIO,MACERATA,MARCHE,43.14259091280279,13.372959658044765,1,0,56,7,49,12.5
E205,GROTTAGLIE,TARANTO,PUGLIA,40.53742608909468,17.41387844400717,12,0,4170,55,4115,1.32
A035,ACQUALAGNA,PESARO E URBINO,MARCHE,43.63281472736336,12.633113308408275,3,0,321,23,298,7.17
F059,MATTINATA,FOGGIA,PUGLIA,41.7381746731314,16.072248450184997,2,0,418,12,406,2.87
I232,SANTA MARIA A MONTE,PISA,TOSCANA,43.70618816625741,10.686597548736918,6,1,869,114,755,13.12
G710,PISOGNE,BRESCIA,LOMBARDIA,45.79684028185557,10.137724928527668,5,1,710,100,610,14.08
D445,EUPILIO,COMO,LOMBARDIA,45.815849179277805,9.267034959998895,2,0,264,7,257,2.65
D142,CREMA,CREMONA,LOMBARDIA,45.366083863412406,9.683037970808343,26,2,9225,1371,7854,14.86
F363,MONGHIDORO,BOLOGNA,EMILIA ROMAGNA,44.21703589914557,11.321207549392081,3,3,220,69,151,31.36
E047,GIOVINAZZO,BARI,PUGLIA,41.16062820829854,16.657394899953317,8,0,1429,28,1401,1.96
A922,BOGLIASCO,GENOVA,LIGURIA,44.38976833453044,9.077385438686514,2,0,259,13,246,5.02
I339,SANTI COSMA E DAMIANO,LATINA,LAZIO,41.27994943582767,13.801937762525814,6,0,579,28,551,4.84
A911,BOCA,NOVARA,PIEMONTE,45.680918863361484,8.408064941226927,2,1,99,8,91,8.08
F084,MEDIGLIA,MILANO,LOMBARDIA,45.41003068907255,9.337911486222222,4,1,854,180,674,21.08
L048,TARANTASCA,CUNEO,PIEMONTE,44.49813578158717,7.531899529011255,1,0,81,9,72,11.11
A575,BAGNOLO SAN VITO,MANTOVA,LOMBARDIA,45.07946052950271,10.881940046512812,3,0,392,85,307,21.68
F044,MASSIGNANO,ASCOLI PICENO,MARCHE,43.047826250571134,13.814495315177624,2,0,85,7,78,8.24
C512,CERIANO LAGHETTO,MONZA E DELLA BRIANZA,LOMBARDIA,45.62963634600606,9.081261685948153,2,0,527,29,498,5.5
F621,MONTE SAN GIUSTO,MACERATA,MARCHE,43.23731018411773,13.58174195466646,2,2,513,163,350,31.77
H108,QUARONA,VERCELLI,PIEMONTE,45.765319381677905,8.254671858181498,2,0,284,10,274,3.52
B574,CANALE D'AGORDO,BELLUNO,VENETO,46.32724106457562,11.884475002188532,1,0,64,1,63,1.56
L563,VALDISOTTO,SONDRIO,LOMBARDIA,46.41829069088165,10.34875877740576,2,0,260,15,245,5.77
A891,BISUSCHIO,VARESE,LOMBARDIA,45.88012855944102,8.867247360929099,6,0,1219,84,1135,6.89
A676,BARRAFRANCA,ENNA,SICILIA,37.360252019280765,14.19166947731603,8,0,1168,20,1148,1.71
G921,PORTO SANT'ELPIDIO,FERMO,MARCHE,43.255209317129406,13.744987510816982,11,2,2774,555,2219,20.01
B907,CASALOLDO,MANTOVA,LOMBARDIA,45.25499281912303,10.48607891086486,1,1,136,41,95,30.15
B915,TRINITAPOLI,BARLETTA-ANDRIA-TRANI,PUGLIA,41.3520228914213,16.063240659775985,5,0,1591,38,1553,2.39
A955,BOMARZO,VITERBO,LAZIO,42.5038346361147,12.249928647706051,2,0,100,7,93,7.0
B428,CALTAGIRONE,CATANIA,SICILIA,37.190894837806496,14.512252905912794,28,0,5144,298,4846,5.79
I673,SOVRAMONTE,BELLUNO,VENETO,46.0706469062137,11.803123997873136,2,0,73,4,69,5.48
E679,LONGONE AL SEGRINO,COMO,LOMBARDIA,45.821857206469666,9.25528675555062,3,0,430,35,395,8.14
B819,CARPI,MODENA,EMILIA ROMAGNA,44.801687075085276,10.89250192968191,25,8,9902,2052,7850,20.72
G990,PRATA DI PRINCIPATO ULTRA,AVELLINO,CAMPANIA,40.990810208131535,14.82721092392602,2,0,142,3,139,2.11
D818,FUMANE,VERONA,VENETO,45.582099240548516,10.889950524555344,3,0,326,20,306,6.13
C675,CICCIANO,NAPOLI,CAMPANIA,40.96670381130676,14.525141192070508,7,0,2679,49,2630,1.83
H569,ROSIGNANO MONFERRATO,ALESSANDRIA,PIEMONTE,45.07280491881949,8.416172789041962,4,0,278,13,265,4.68
H319,RIPARBELLA,PISA,TOSCANA,43.37089233153574,10.603872936892325,2,0,172,23,149,13.37
F218,MINERBE,VERONA,VENETO,45.24908240745593,11.352705721042534,2,0,424,110,314,25.94
C555,CERVIGNANO D'ADDA,LODI,LOMBARDIA,45.372093845391376,9.427540382249308,1,0,83,10,73,12.05
A145,ALBENGA,SAVONA,LIGURIA,44.063693303630764,8.184296562570477,12,3,3086,629,2457,20.38
I669,SERRONE,FROSINONE,LAZIO,41.83893629565889,13.092883749487203,2,0,176,20,156,11.36
B402,CALDIERO,VERONA,VENETO,45.40644167083838,11.169402106129684,6,1,993,182,811,18.33
G933,POSSAGNO,TREVISO,VENETO,45.86644665074447,11.862686513845539,1,1,86,26,60,30.23
M059,VINCI,FIRENZE,TOSCANA,43.77339576890222,10.931425542232564,3,0,958,79,879,8.25
F257,MODENA,MODENA,EMILIA ROMAGNA,44.64396395511201,10.91519226498152,58,18,26050,4825,21225,18.52
M280,TRECASE,NAPOLI,CAMPANIA,40.779364087138845,14.439239131364216,3,0,791,6,785,0.76
H777,SAN BERNARDINO VERBANO,VERBANO-CUSIO-OSSOLA,PIEMONTE,45.99098310548164,8.45870953776336,1,0,19,0,19,0.0
C893,COLOGNE,BRESCIA,LOMBARDIA,45.5771197897318,9.931464721661095,2,0,582,137,445,23.54
G113,ORISTANO,ORISTANO,SARDEGNA,39.90935410599051,8.614115784553839,20,0,6867,116,6751,1.69
F926,NOLI,SAVONA,LIGURIA,44.210048420312084,8.398751921794203,2,0,87,12,75,13.79
C933,COMO,COMO,LOMBARDIA,45.804584132800294,9.080996988839631,41,8,13702,2463,11239,17.98
F358,MONFORTE D'ALBA,CUNEO,PIEMONTE,44.58614351650137,7.970625443997279,2,0,145,24,121,16.55
F964,NOVENTA VICENTINA,VICENZA,VENETO,45.28525715744119,11.558606995778062,7,0,2206,354,1852,16.05
D909,GARAGUSO,MATERA,BASILICATA,40.55029382392844,16.246697649098312,4,0,182,0,182,0.0
A519,AVIGLIANO,POTENZA,BASILICATA,40.77036638860492,15.757474492636753,8,0,734,12,722,1.63
C954,CONDOFURI,REGGIO CALABRIA,CALABRIA,37.98002452272692,15.879198344446737,5,1,487,65,422,13.35
A663,BARI SARDO,NUORO,SARDEGNA,39.83717849552832,9.655047148050977,2,0,222,10,212,4.5
B251,BUGGIANO,PISTOIA,TOSCANA,43.89148380402636,10.731193196994845,2,0,485,85,400,17.53
F937,NORMA,LATINA,LAZIO,41.60141227273207,12.98013528801311,2,0,221,24,197,10.86
A239,ALTOFONTE,PALERMO,SICILIA,38.033410278576284,13.319298431232774,3,0,691,8,683,1.16
D966,GENIVOLTA,CREMONA,LOMBARDIA,45.338942023572386,9.875617082796351,1,1,56,24,32,42.86
H602,ROVELLO PORRO,COMO,LOMBARDIA,45.655088892686535,9.037474648390813,2,0,390,63,327,16.15
F394,MONTAGNANA,PADOVA,VENETO,45.23888578067296,11.46179134539067,10,2,2196,248,1948,11.29
D824,FURCI SICULO,MESSINA,SICILIA,37.98852457726513,15.32054457576871,5,0,663,31,632,4.68
I317,SANT'EGIDIO DEL MONTE ALBINO,SALERNO,CAMPANIA,40.73647095284173,14.59729228532942,4,0,695,50,645,7.19
C135,CASTELLANA SICULA,PALERMO,SICILIA,37.7295706788791,13.987994827413193,5,0,246,10,236,4.07
E013,GIARDINELLO,PALERMO,SICILIA,38.071227746621744,13.184009673642933,2,0,171,1,170,0.58
E542,LERICI,LA SPEZIA,LIGURIA,44.07900037120562,9.925352972526236,5,0,512,59,453,11.52
F901,NIZZA DI SICILIA,MESSINA,SICILIA,38.01509373509766,15.363714751867041,2,0,208,3,205,1.44
C531,CERRINA MONFERRATO,ALESSANDRIA,PIEMONTE,45.11257548369506,8.20961447051939,2,0,139,32,107,23.02
F127,MENTANA,ROMA,LAZIO,42.0400900411331,12.662243236346068,5,0,1634,292,1342,17.87
E317,INZAGO,MILANO,LOMBARDIA,45.54172481003744,9.480064507645235,6,1,1935,277,1658,14.32
M103,VO',PADOVA,VENETO,45.326105853143204,11.646507892912183,2,0,212,10,202,4.72
L804,VERZUOLO,CUNEO,PIEMONTE,44.594045027310095,7.4942826066085315,6,2,1010,174,836,17.23
D003,CORI,LATINA,LAZIO,41.646557677347936,12.90590465788916,3,0,677,123,554,18.17
H789,SAN CARLO CANAVESE,TORINO,PIEMONTE,45.25477586814367,7.617745487681583,2,0,394,17,377,4.31
B196,BROGLIANO,VICENZA,VENETO,45.5908303374643,11.332602163546357,1,0,135,10,125,7.41
F012,MASERADA SUL PIAVE,TREVISO,VENETO,45.749917390807326,12.335515590740046,4,0,691,78,613,11.29
D423,ERICE,TRAPANI,SICILIA,38.01200937371339,12.614458318998809,16,0,3584,96,3488,2.68
G683,PIOBESI D'ALBA,CUNEO,PIEMONTE,44.73100520531281,7.98313249144373,1,0,93,6,87,6.45
A257,AMATO,CATANZARO,CALABRIA,38.94395035613407,16.45047072800681,1,0,21,1,20,4.76
D793,FRAZZANO',MESSINA,SICILIA,38.06326051771113,14.747964698622186,2,0,19,0,19,0.0
E329,ISCHIA,NAPOLI,CAMPANIA,40.72755107263677,13.947660190139494,9,0,3155,172,2983,5.45
F922,NOGAROLE VICENTINO,VICENZA,VENETO,45.57221196971846,11.290798671411741,1,0,70,0,70,0.0
C542,CERVA,CATANZARO,CALABRIA,39.01644954640136,16.750906059945805,2,0,58,0,58,0.0
G001,ODOLO,BRESCIA,LOMBARDIA,45.63904936000604,10.387944178091864,2,0,159,36,123,22.64
H219,REFRANCORE,ASTI,PIEMONTE,44.92983473048347,8.345972819244931,2,1,165,38,127,23.03
H465,ROCCHETTA LIGURE,ALESSANDRIA,PIEMONTE,44.69146590694146,9.058076763716883,2,0,79,17,62,21.52
D865,GALBIATE,LECCO,LOMBARDIA,45.81228047256442,9.37571311615954,3,0,477,45,432,9.43
L671,VARANO BORGHI,VARESE,LOMBARDIA,45.77071772710735,8.703952212071117,2,0,220,27,193,12.27
B704,CAPRIATI A VOLTURNO,CASERTA,CAMPANIA,41.47834353749267,14.132680765871187,2,0,104,1,103,0.96
H446,ROCCA SINIBALDA,RIETI,LAZIO,42.26156900509178,12.946440272870673,2,0,28,3,25,10.71
L690,VARZI,PAVIA,LOMBARDIA,44.812948903124315,9.205391121944645,3,1,191,53,138,27.75
C288,CASTELVETRO PIACENTINO,PIACENZA,EMILIA ROMAGNA,45.08795031786486,9.991644329927066,2,0,326,69,257,21.17
I582,SELEGAS,SUD SARDEGNA,SARDEGNA,39.57828777726337,9.103305448551309,2,0,64,0,64,0.0
H037,PREMOSELLO-CHIOVENDA,VERBANO-CUSIO-OSSOLA,PIEMONTE,46.0167411729896,8.36248108889652,1,0,41,6,35,14.63
F600,MONTE ROBERTO,ANCONA,MARCHE,43.48367152825564,13.175152239235185,3,0,526,45,481,8.56
D151,CREMOSANO,CREMONA,LOMBARDIA,45.388900567047415,9.64545726525327,1,0,87,7,80,8.05
F715,MORCIANO DI ROMAGNA,RIMINI,EMILIA ROMAGNA,43.91354245653132,12.653544903356012,5,0,2150,276,1874,12.84
D358,DOVERA,CREMONA,LOMBARDIA,45.36591910961335,9.537937671478705,2,0,239,37,202,15.48
G977,PRALBOINO,BRESCIA,LOMBARDIA,45.264302408984285,10.232519324840109,2,1,298,70,228,23.49
E730,LUGO,RAVENNA,EMILIA ROMAGNA,44.477467354086684,11.906725529239951,10,1,4883,870,4013,17.82
G834,PONTECAGNANO FAIANO,SALERNO,CAMPANIA,40.626601634426706,14.886903920705706,11,0,2209,150,2059,6.79
F152,MESAGNE,BRINDISI,PUGLIA,40.53819991275883,17.805983322211887,9,0,2212,59,2153,2.67
A661,BARGHE,BRESCIA,LOMBARDIA,45.682486269491825,10.406364072436984,1,0,51,4,47,7.84
E321,JONADI,VIBO VALENTIA,CALABRIA,38.637235635843396,16.062839233370585,3,0,214,12,202,5.61
G922,PORTOSCUSO,SUD SARDEGNA,SARDEGNA,39.20115577291326,8.411663440567526,3,0,257,0,257,0.0
F004,MASCALI,CATANIA,SICILIA,37.766479217553005,15.16671721627332,5,0,614,41,573,6.68
H277,RICIGLIANO,SALERNO,CAMPANIA,40.667454734546666,15.452772932603125,2,0,31,1,30,3.23
L689,VARSI,PARMA,EMILIA ROMAGNA,44.6428288783157,9.849199323208467,2,0,56,9,47,16.07
E473,LATISANA,UDINE,FRIULI-VENEZIA G.,45.74072158538967,13.033248893170658,8,0,1337,233,1104,17.43
L500,URBINO,PESARO E URBINO,MARCHE,43.739726321861674,12.624179749332336,14,1,3623,300,3323,8.28
I255,SANTA MARINELLA,ROMA,LAZIO,42.0451110324061,11.90343598949521,5,0,1087,133,954,12.24
E860,MALLARE,SAVONA,LIGURIA,44.29256947191083,8.295436805566274,1,0,34,5,29,14.71
B376,CALAMANDRANA,ASTI,PIEMONTE,44.73502594008951,8.33619661072594,1,0,92,19,73,20.65
D452,FABRICA DI ROMA,VITERBO,LAZIO,42.32547949753604,12.325717584583993,3,0,494,74,420,14.98
A338,APRICALE,IMPERIA,LIGURIA,43.894481782844096,7.66570621265465,1,1,12,7,5,58.33
A438,ARRE,PADOVA,VENETO,45.21271352958029,11.935714418019536,2,0,130,18,112,13.85
A455,ARZANO,NAPOLI,CAMPANIA,40.912956494886586,14.267068286252682,15,0,4941,50,4891,1.01
G474,PERTICA ALTA,BRESCIA,LOMBARDIA,45.741424622963734,10.342237603773645,1,0,17,0,17,0.0
I438,SARNO,SALERNO,CAMPANIA,40.81815966822915,14.623071529050705,20,0,4778,403,4375,8.43
G267,PALAZZOLO ACREIDE,SIRACUSA,SICILIA,37.066806294084174,14.960388875907746,8,0,974,41,933,4.21
F415,MONTALTO DELLE MARCHE,ASCOLI PICENO,MARCHE,42.992229686872975,13.625009570486469,3,0,146,12,134,8.22
B101,BOVES,CUNEO,PIEMONTE,44.3074734966127,7.559572907044902,4,0,666,72,594,10.81
A729,BEDIZZOLE,BRESCIA,LOMBARDIA,45.50022451213933,10.420615401971572,3,1,677,153,524,22.6
C817,CODROIPO,UDINE,FRIULI-VENEZIA G.,45.95888937497047,12.985660086044573,7,1,1603,268,1335,16.72
I224,SANTA MARGHERITA DI BELICE,AGRIGENTO,SICILIA,37.691196318758706,13.02563597700998,2,0,388,19,369,4.9
D883,GALLIPOLI,LECCE,PUGLIA,40.03136023077029,18.025964695335915,13,0,2814,36,2778,1.28
H831,SAN FELE,POTENZA,BASILICATA,40.81377991237143,15.592656192891452,2,0,101,9,92,8.91
E124,GRADISCA D'ISONZO,GORIZIA,FRIULI-VENEZIA G.,45.89244154586629,13.486877937395633,3,0,548,48,500,8.76
H774,SAN BENEDETTO ULLANO,COSENZA,CALABRIA,39.42505033886806,16.114342677742375,2,0,102,4,98,3.92
L558,VALDIERI,CUNEO,PIEMONTE,44.226517111373006,7.302679150417418,2,0,57,2,55,3.51
F025,MASSA E COZZILE,PISTOIA,TOSCANA,43.90695360952096,10.751347781536072,4,0,714,119,595,16.67
C983,CORATO,BARI,PUGLIA,41.096462847933566,16.36785306343569,19,0,5605,237,5368,4.23
C912,COMACCHIO,FERRARA,EMILIA ROMAGNA,44.683429643268724,12.161899068423784,11,0,1731,168,1563,9.71
G525,PETTORAZZA GRIMANI,ROVIGO,VENETO,45.119326175801916,11.998072832662983,2,0,76,3,73,3.95
L213,TORCHIAROLO,BRINDISI,PUGLIA,40.50409789200344,18.053497367230413,2,0,304,2,302,0.66
H028,PREMANA,LECCO,LOMBARDIA,46.053817750932,9.459415318666624,2,0,189,2,187,1.06
E731,LUGO DI VICENZA,VICENZA,VENETO,45.77297026767825,11.528567622327888,2,0,237,53,184,22.36
H334,RIVALTA BORMIDA,ALESSANDRIA,PIEMONTE,44.71129332163822,8.55846638103673,2,0,162,33,129,20.37
I019,SAN MARZANO SUL SARNO,SALERNO,CAMPANIA,40.774043939774444,14.581891433939148,2,1,871,247,624,28.36
I968,STRADELLA,PAVIA,LOMBARDIA,45.07589874597844,9.305132939495318,5,5,1460,546,914,37.4
L908,VILLA DI TIRANO,SONDRIO,LOMBARDIA,46.187652501132014,10.140094501339707,2,0,228,11,217,4.82
H384,ROCCABIANCA,PARMA,EMILIA ROMAGNA,44.99784990698471,10.211445833191616,2,0,195,48,147,24.62
I135,SAN QUIRICO D'ORCIA,SIENA,TOSCANA,43.05865957747194,11.604227262205189,2,0,164,25,139,15.24
I992,SUBIACO,ROMA,LAZIO,41.93543165377312,13.116046015891378,9,0,1229,97,1132,7.89
D014,CORMONS,GORIZIA,FRIULI-VENEZIA G.,45.956063030248835,13.469162393728723,4,0,439,43,396,9.79
H710,SALICETO,CUNEO,PIEMONTE,44.41857760800478,8.182993930862578,2,0,112,19,93,16.96
B009,BORGO D'ALE,VERCELLI,PIEMONTE,45.35054830289227,8.052617052634957,2,0,198,34,164,17.17
D564,FIASTRA,MACERATA,MARCHE,43.0393658974651,13.1697768055461,2,0,20,1,19,5.0
E057,GIULIANO DI ROMA,FROSINONE,LAZIO,41.550441311726104,13.25392814155359,2,0,162,5,157,3.09
L309,TORVISCOSA,UDINE,FRIULI-VENEZIA G.,45.81820594318525,13.265580039682268,2,0,112,17,95,15.18
B565,CAMPOSANO,NAPOLI,CAMPANIA,40.95346943232296,14.52542006734025,2,0,206,8,198,3.88
E241,GUARDEA,TERNI,UMBRIA,42.621701554483536,12.314539240030435,2,0,79,11,68,13.92
E358,ISOLA RIZZA,VERONA,VENETO,45.277906418788994,11.19009566613316,2,0,284,50,234,17.61
H890,SAN GIORGIO CANAVESE,TORINO,PIEMONTE,45.32117948975527,7.799732189274459,2,0,249,38,211,15.26
E072,GODIASCO SALICE TERME,PAVIA,LOMBARDIA,44.88919403145133,9.066820006817613,3,0,217,39,178,17.97
E258,GUDO VISCONTI,MILANO,LOMBARDIA,45.377099440194534,8.995951503904573,1,0,80,5,75,6.25
F405,MONTALDO DI MONDOVI',CUNEO,PIEMONTE,44.30145107010485,7.8564598179551135,1,0,13,2,11,15.38
H441,ROCCA SANTO STEFANO,ROMA,LAZIO,41.913952339005974,13.032592823786063,2,0,32,2,30,6.25
B415,CALITRI,AVELLINO,CAMPANIA,40.92323151718695,15.446766004059404,7,0,629,26,603,4.13
C485,CERASO,SALERNO,CAMPANIA,40.18779731853499,15.247360543972162,2,0,107,7,100,6.54
D193,VERONELLA,VERONA,VENETO,45.31835276013453,11.317861224020293,3,1,414,111,303,26.81
G078,OPERA,MILANO,LOMBARDIA,45.37965087777295,9.208504980454252,9,2,1455,150,1305,10.31
A691,BASCHI,TERNI,UMBRIA,42.70500787350904,12.28785361755376,4,0,149,12,137,8.05
L425,TRIGGIANO,BARI,PUGLIA,41.07138469880691,16.946628266417626,10,0,3627,112,3515,3.09
F815,MURLO,SIENA,TOSCANA,43.15195639619614,11.347612432479547,2,0,155,31,124,20.0
H819,SAN DEMETRIO NE' VESTINI,L'AQUILA,ABRUZZO,42.28352186542091,13.555580989211217,2,0,248,27,221,10.89
B823,CARPIGNANO SESIA,NOVARA,PIEMONTE,45.541469656602956,8.419728910298124,2,0,262,38,224,14.5
I170,SANTA CATERINA DELLO IONIO,CATANZARO,CALABRIA,38.536183692528915,16.523868252470006,2,0,83,16,67,19.28
L670,VARALLO POMBIA,NOVARA,PIEMONTE,45.668462632403134,8.641131490244547,2,0,346,51,295,14.74
F780,MOTTA SANTA LUCIA,CATANZARO,CALABRIA,39.08901329815613,16.30309395742061,2,0,41,1,40,2.44
E120,GOZZANO,NOVARA,PIEMONTE,45.748847931168484,8.428147039200166,3,0,1015,115,900,11.33
L050,TARCENTO,UDINE,FRIULI-VENEZIA G.,46.22387264413599,13.22618942526574,2,0,447,68,379,15.21
F660,MONTEVERDE,AVELLINO,CAMPANIA,41.012765340077316,15.53528823159445,2,0,27,3,24,11.11
D040,CORREZZOLA,PADOVA,VENETO,45.21748048530087,12.079019943878908,4,1,284,61,223,21.48
I553,SCURCOLA MARSICANA,L'AQUILA,ABRUZZO,42.057433515395175,13.352149023002351,2,0,66,11,55,16.67
F194,MIGGIANO,LECCE,PUGLIA,39.96606313894834,18.308645520011407,2,0,176,4,172,2.27
G349,PARUZZARO,NOVARA,PIEMONTE,45.74795142118538,8.510854558492362,1,0,95,4,91,4.21
D888,GALTELLI',NUORO,SARDEGNA,40.38216657780353,9.58728922338034,2,0,183,0,183,0.0
C801,COASSOLO TORINESE,TORINO,PIEMONTE,45.32528743281342,7.465604733061887,1,0,62,2,60,3.23
G653,PIEVE SANTO STEFANO,AREZZO,TOSCANA,43.67871202567283,12.058868608244383,4,0,313,48,265,15.34
G323,PAPOZZE,ROVIGO,VENETO,44.99250479095568,12.041527777730444,2,1,117,41,76,35.04
M104,VOBARNO,BRESCIA,LOMBARDIA,45.671135932871806,10.500960260001069,3,2,1245,302,943,24.26
G735,PLATI',REGGIO CALABRIA,CALABRIA,38.22186640457296,16.065620169247158,4,0,368,1,367,0.27
C356,CATTOLICA ERACLEA,AGRIGENTO,SICILIA,37.42840520696756,13.37951992416484,2,0,184,17,167,9.24
B564,CAMPO SAN MARTINO,PADOVA,VENETO,45.5551318658764,11.829858676879187,4,0,449,77,372,17.15
B581,CANCELLO ED ARNONE,CASERTA,CAMPANIA,41.061789652804094,14.027968348923082,4,0,469,81,388,17.27
A745,BELLANO,LECCO,LOMBARDIA,46.04508524456253,9.323599364752123,2,0,276,31,245,11.23
B561,CAMPOROTONDO ETNEO,CATANIA,SICILIA,37.55228941448633,15.00361476500078,2,0,335,2,333,0.6
D286,DESIO,MONZA E DELLA BRIANZA,LOMBARDIA,45.61757409488182,9.203357467827741,12,3,4581,719,3862,15.7
C240,CASTELNUOVO MAGRA,LA SPEZIA,LIGURIA,44.094962901724045,10.017165560224418,3,0,584,36,548,6.16
C538,CERRO VERONESE,VERONA,VENETO,45.569608029785705,11.031955349153632,2,0,227,29,198,12.78
F795,MUGGIA,TRIESTE,FRIULI-VENEZIA G.,45.59646148492477,13.775163840924922,5,0,547,21,526,3.84
A235,ALTINO,CHIETI,ABRUZZO,42.10587760895007,14.348509822741505,2,0,241,34,207,14.11
F751,MORSASCO,ALESSANDRIA,PIEMONTE,44.66710083061874,8.5492055949502,1,0,19,5,14,26.32
F915,NOCI,BARI,PUGLIA,40.76488497424687,17.10035218093246,6,0,1601,73,1528,4.56
H347,RIVE D'ARCANO,UDINE,FRIULI-VENEZIA G.,46.125483515095205,13.027334080275251,1,0,71,6,65,8.45
H852,SANFRONT,CUNEO,PIEMONTE,44.64061679836719,7.30267277015229,2,0,156,22,134,14.1
D505,FARRA DI SOLIGO,TREVISO,VENETO,45.90242922746658,12.117416530592893,4,0,636,116,520,18.24
D917,GARDONE RIVIERA,BRESCIA,LOMBARDIA,45.63672927169221,10.566844154627617,3,0,426,59,367,13.85
E424,LAMA DEI PELIGNI,CHIETI,ABRUZZO,42.05135339964116,14.181115930266651,2,0,56,5,51,8.93
E373,ISTRANA,TREVISO,VENETO,45.6805089941856,12.088618899511959,4,0,635,69,566,10.87
C613,CHIARAMONTI,SASSARI,SARDEGNA,40.73284889974897,8.845946636421514,2,0,93,2,91,2.15
A044,ACQUASANTA TERME,ASCOLI PICENO,MARCHE,42.76011065916883,13.407409292960521,2,0,120,11,109,9.17
L402,TREVIGNANO,TREVISO,VENETO,45.73484470425309,12.093250538487295,5,0,821,105,716,12.79
D786,UMBERTIDE,PERUGIA,UMBRIA,43.28603804395572,12.291634411058551,9,3,2405,501,1904,20.83
B134,BREGNANO,COMO,LOMBARDIA,45.69465508283566,9.05726885493404,2,0,346,47,299,13.58
H593,ROTTOFRENO,PIACENZA,EMILIA ROMAGNA,45.063433724716354,9.56555152985307,4,0,798,169,629,21.18
B266,BUONABITACOLO,SALERNO,CAMPANIA,40.28278909205983,15.62336879357373,2,0,151,4,147,2.65
L136,TERRAZZO,VERONA,VENETO,45.16379365249123,11.392328103857649,2,2,134,47,87,35.07
M264,SAN CASSIANO,LECCE,PUGLIA,40.049378364649115,18.32569737470646,2,0,95,6,89,6.32
E200,GROSIO,SONDRIO,LOMBARDIA,46.34764147117075,10.223000095677177,2,0,259,12,247,4.63
A562,SAN GIULIANO TERME,PISA,TOSCANA,43.75703631147872,10.41040350874519,12,0,1608,132,1476,8.21
B904,CASALNUOVO MONTEROTARO,FOGGIA,PUGLIA,41.626832600963866,15.073556911414835,2,0,97,16,81,16.49
E377,ITTIRI,SASSARI,SARDEGNA,40.58691302296762,8.55621795383034,3,0,474,5,469,1.05
E812,MAGLIANO SABINA,RIETI,LAZIO,42.35917177441566,12.487787453884808,4,0,535,52,483,9.72
A689,BASALUZZO,ALESSANDRIA,PIEMONTE,44.7673736849668,8.713578353281344,2,0,121,14,107,11.57
L628,VALLO DELLA LUCANIA,SALERNO,CAMPANIA,40.22455590625954,15.246926222535711,9,0,2892,92,2800,3.18
D247,DANTA DI CADORE,BELLUNO,VENETO,46.56232272933416,12.506655720612079,1,0,24,0,24,0.0
I723,SICULIANA,AGRIGENTO,SICILIA,37.36018434346254,13.387741004760967,2,0,257,6,251,2.33
A809,BERTINORO,FORLI'-CESENA,EMILIA ROMAGNA,44.15683637628567,12.145224463666155,4,0,781,103,678,13.19
I919,SPIRANO,BERGAMO,LOMBARDIA,45.58153621735069,9.667574094824541,2,1,433,126,307,29.1
F006,MASCHITO,POTENZA,BASILICATA,40.91857336588208,15.847518009646535,2,0,65,1,64,1.54
A433,ARPINO,FROSINONE,LAZIO,41.64649374975536,13.624669454926758,8,0,1035,11,1024,1.06
A262,AMELIA,TERNI,UMBRIA,42.55942954679524,12.403693050698466,7,0,832,97,735,11.66
C663,CHIUSI DELLA VERNA,AREZZO,TOSCANA,43.72546876116143,11.922255856606993,4,0,138,22,116,15.94
A885,BISENTI,TERAMO,ABRUZZO,42.528231048367594,13.80472149058969,2,0,84,3,81,3.57
L404,TREVIOLO,BERGAMO,LOMBARDIA,45.67095271181907,9.607027197433476,3,0,649,103,546,15.87
E682,LONIGO,VICENZA,VENETO,45.38571553075247,11.383009069779588,7,1,3037,625,2412,20.58
C105,CASTELFRANCI,AVELLINO,CAMPANIA,40.92104440454923,15.055193631797247,2,0,67,1,66,1.49
L934,VILLA DEL CONTE,PADOVA,VENETO,45.591580321768504,11.85862388125355,3,0,384,52,332,13.54
C395,CAVENAGO DI BRIANZA,MONZA E DELLA BRIANZA,LOMBARDIA,45.58494746837292,9.418015602888838,2,0,555,114,441,20.54
L555,VAL DELLA TORRE,TORINO,PIEMONTE,45.154141775199896,7.447414365329793,1,0,105,4,101,3.81
B912,CASALSERUGO,PADOVA,VENETO,45.305723306780834,11.91567357126772,3,0,428,28,400,6.54
G450,PERFUGAS,SASSARI,SARDEGNA,40.83254655540995,8.930594665962623,3,0,279,5,274,1.79
D569,FICARRA,MESSINA,SICILIA,38.11789169404845,14.833196338099919,2,0,40,0,40,0.0
B562,CAMPOROTONDO DI FIASTRONE,MACERATA,MARCHE,43.135802097228044,13.265945426975108,1,0,13,3,10,23.08
H207,REANO,TORINO,PIEMONTE,45.05323163120666,7.428726267667148,1,0,24,3,21,12.5
M093,VITULANO,BENEVENTO,CAMPANIA,41.173404742420196,14.625596382731,2,0,124,3,121,2.42
I011,SAN MARTINO IN RIO,REGGIO EMILIA,EMILIA ROMAGNA,44.714986306237634,10.783941116310766,2,0,588,101,487,17.18
B808,CAROSINO,TARANTO,PUGLIA,40.47208283139496,17.409720869444005,2,0,458,13,445,2.84
F789,MOZZECANE,VERONA,VENETO,45.309066445418686,10.83855352318262,2,0,661,153,508,23.15
G797,POLLINA,PALERMO,SICILIA,37.99223502802995,14.126063772654518,4,0,166,6,160,3.61
F972,NUCETTO,CUNEO,PIEMONTE,44.33909046235221,8.055772147938384,1,0,19,1,18,5.26
E320,JOLANDA DI SAVOIA,FERRARA,EMILIA ROMAGNA,44.875280821547335,11.978943792433013,2,0,137,29,108,21.17
H077,PROVAGLIO VAL SABBIA,BRESCIA,LOMBARDIA,45.68710573151519,10.444078764878736,1,0,22,0,22,0.0
G618,PIETRALUNGA,PERUGIA,UMBRIA,43.456500340597934,12.42035661420406,2,0,89,7,82,7.87
D859,GAIRO,NUORO,SARDEGNA,39.85570615816293,9.491929296011383,2,0,69,2,67,2.9
D395,ELINI,NUORO,SARDEGNA,39.90168834817089,9.594250603490252,1,0,16,0,16,0.0
B368,CAIRATE,VARESE,LOMBARDIA,45.689300494738575,8.858655740459302,3,0,432,42,390,9.72
I970,STRAMBINO,TORINO,PIEMONTE,45.383401972825084,7.903262698096897,2,0,437,56,381,12.81
H186,RAPOLLA,POTENZA,BASILICATA,40.98669164750895,15.707606433457522,2,0,288,6,282,2.08
L494,URAGO D'OGLIO,BRESCIA,LOMBARDIA,45.51902637753753,9.87262173400606,2,1,309,104,205,33.66
E265,SIZIANO,PAVIA,LOMBARDIA,45.31179438283717,9.210594171957357,2,0,620,80,540,12.9
D329,DOMASO,COMO,LOMBARDIA,46.15073175281106,9.330716617795682,1,0,88,5,83,5.68
L286,TORRI IN SABINA,RIETI,LAZIO,42.360770083449644,12.627941309952522,2,0,159,13,146,8.18
I622,SERAVEZZA,LUCCA,TOSCANA,44.01775920973683,10.227710222923493,7,0,978,74,904,7.57
B305,BUTTIGLIERA ALTA,TORINO,PIEMONTE,45.07360828008247,7.435269764400391,3,0,450,42,408,9.33
E889,MANIAGO,PORDENONE,FRIULI-VENEZIA G.,46.143414049350966,12.720957895509533,6,0,1308,234,1074,17.89
E426,LAMA MOCOGNO,MODENA,EMILIA ROMAGNA,44.29843616067013,10.699788842743168,2,0,166,27,139,16.27
H409,ROCCAFORZATA,TARANTO,PUGLIA,40.43748296907643,17.402763415991085,2,0,110,0,110,0.0
L175,TIRANO,SONDRIO,LOMBARDIA,46.21200999167341,10.179498239251348,7,0,1505,142,1363,9.44
L776,VERNOLE,LECCE,PUGLIA,40.32372125519348,18.30973620179065,3,0,388,14,374,3.61
B476,CAMEROTA,SALERNO,CAMPANIA,40.0364359198061,15.376916011442265,5,0,397,19,378,4.79
C537,CERRO MAGGIORE,MILANO,LOMBARDIA,45.58960585626712,8.965402493996967,4,0,748,87,661,11.63
E660,LOMBARDORE,TORINO,PIEMONTE,45.23510949064545,7.72655903815936,1,0,63,6,57,9.52
H121,QUATTORDIO,ALESSANDRIA,PIEMONTE,44.905260925470934,8.3879225652406,1,0,39,7,32,17.95
D260,DECIMOPUTZU,SUD SARDEGNA,SARDEGNA,39.34186181625638,8.882473911720204,2,0,276,9,267,3.26
I887,SPECCHIA,LECCE,PUGLIA,39.94166730601124,18.288368907547948,2,0,252,5,247,1.98
I057,SAN NICOLA DELL'ALTO,CROTONE,CALABRIA,39.2787228906005,16.976980774012873,2,0,17,3,14,17.65
B848,CARTURA,PADOVA,VENETO,45.27121350460019,11.870754811014038,2,0,283,37,246,13.07
B413,CALIMERA,LECCE,PUGLIA,40.24548463028798,18.292403594791868,2,0,435,7,428,1.61
H017,PREDAPPIO,FORLI'-CESENA,EMILIA ROMAGNA,44.09194606684981,11.951641514450968,3,0,374,83,291,22.19
M202,ZUMPANO,COSENZA,CALABRIA,39.31592089065764,16.27606697508656,2,0,155,7,148,4.52
B663,CAPODIMONTE,VITERBO,LAZIO,42.5556539053968,11.888528414901439,1,0,68,2,66,2.94
L581,VALGREGHENTINO,LECCO,LOMBARDIA,45.77165958454389,9.405455996648936,1,0,177,2,175,1.13
E684,LOREGGIA,PADOVA,VENETO,45.59860334260024,11.941069328779568,3,1,538,150,388,27.88
E086,GONNESA,SUD SARDEGNA,SARDEGNA,39.259305042260905,8.446641644780593,2,0,241,4,237,1.66
G558,PIANENGO,CREMONA,LOMBARDIA,45.403677363383785,9.697082175402041,1,0,111,15,96,13.51
C739,CISTERNA D'ASTI,ASTI,PIEMONTE,44.83453335159582,8.001773179201807,1,0,47,12,35,25.53
D863,GALATONE,LECCE,PUGLIA,40.145060593002235,18.065215097844792,10,0,1617,22,1595,1.36
C075,CASTEL D'AIANO,BOLOGNA,EMILIA ROMAGNA,44.27947709448358,11.016037476901719,2,0,94,6,88,6.38
L019,SUVERETO,LIVORNO,TOSCANA,43.059379244580626,10.705498315600364,2,0,144,24,120,16.67
D921,GARGALLO,NOVARA,PIEMONTE,45.724995476835986,8.410747513647632,1,0,41,8,33,19.51
A992,BORGHETTO DI VARA,LA SPEZIA,LIGURIA,44.218411628674005,9.695247688499432,1,1,18,7,11,38.89
F619,MONTE SAN GIOVANNI IN SABINA,RIETI,LAZIO,42.31540072143522,12.774339544834405,1,1,1,1,0,100.0
A261,AMEGLIA,LA SPEZIA,LIGURIA,44.05830985893408,9.969797982774672,2,0,140,35,105,25.0
I384,SAN VERO MILIS,ORISTANO,SARDEGNA,40.021633488681076,8.502255234068175,2,0,160,4,156,2.5
D007,CORINALDO,ANCONA,MARCHE,43.64856111043837,13.044263290794296,2,0,313,16,297,5.11
E182,GRINZANE CAVOUR,CUNEO,PIEMONTE,44.65939181612878,7.994126065128159,3,0,179,15,164,8.38
E745,LUNGRO,COSENZA,CALABRIA,39.746055348332966,16.111806628130775,5,0,266,13,253,4.89
G612,PIETRA DE' GIORGI,PAVIA,LOMBARDIA,45.0168976461819,9.240147606429337,1,0,48,13,35,27.08
F202,MIGNANEGO,GENOVA,LIGURIA,44.54373965517325,8.920302818802131,2,0,232,20,212,8.62
E401,LAERRU,SASSARI,SARDEGNA,40.81230203854435,8.841515128291968,1,0,19,0,19,0.0
B035,BORGO SAN GIACOMO,BRESCIA,LOMBARDIA,45.346193028773605,9.97852260694388,2,0,414,87,327,21.01
G407,SAN PAOLO,BRESCIA,LOMBARDIA,45.37434341157216,10.02842980070165,2,0,355,54,301,15.21
B289,BUSNAGO,MONZA E DELLA BRIANZA,LOMBARDIA,45.613042236399856,9.465672377897857,2,0,618,54,564,8.74
G650,PIEVE PORTO MORONE,PAVIA,LOMBARDIA,45.10765520030971,9.449366517981138,2,2,234,98,136,41.88
F208,MILIS,ORISTANO,SARDEGNA,40.04843600662619,8.640500400142415,2,0,117,4,113,3.42
L907,VILLA DI CHIAVENNA,SONDRIO,LOMBARDIA,46.32157592165197,9.496246410673736,1,0,34,1,33,2.94
M418,PIADENA DRIZZONA,CREMONA,LOMBARDIA,45.13141392781644,10.36985766086038,2,2,289,110,179,38.06
H944,SANGUINETTO,VERONA,VENETO,45.173424715656076,11.154189660701245,2,0,447,65,382,14.54
B002,BORGIA,CATANZARO,CALABRIA,38.82116858178642,16.541947491544757,3,0,440,8,432,1.82
I259,SANT'AMBROGIO DI VALPOLICELLA,VERONA,VENETO,45.538717700097116,10.84176563695983,5,1,740,125,615,16.89
C850,COLLEBEATO,BRESCIA,LOMBARDIA,45.584664774703896,10.208136367089104,2,0,276,20,256,7.25
B807,CARONNO VARESINO,VARESE,LOMBARDIA,45.73979108254674,8.830287747644109,2,0,377,16,361,4.24
I012,SAN MARTINO IN STRADA,LODI,LOMBARDIA,45.2758882706034,9.536870314920392,2,0,279,52,227,18.64
M372,CORTEOLONA E GENZONE,PAVIA,LOMBARDIA,45.167210375621806,9.364604865819375,2,2,246,116,130,47.15
A996,BORGO VELINO,RIETI,LAZIO,42.403128208496994,13.054957769820975,1,0,23,1,22,4.35
L499,URBE,SAVONA,LIGURIA,44.4823384759393,8.6220321727287,2,0,20,1,19,5.0
E338,ISOLA D'ASTI,ASTI,PIEMONTE,44.82605178361246,8.17945430236628,1,0,85,7,78,8.24
B943,CASATENOVO,LECCO,LOMBARDIA,45.682197398637186,9.323194913764357,6,0,1384,136,1248,9.83
B938,CASARILE,MILANO,LOMBARDIA,45.31464546593909,9.100918421750523,2,0,297,37,260,12.46
A350,ARADEO,LECCE,PUGLIA,40.132531072267696,18.132874207641443,4,0,564,26,538,4.61
M201,ZUMAGLIA,BIELLA,PIEMONTE,45.5941638991121,8.085925673864969,1,0,48,1,47,2.08
G257,PALATA,CAMPOBASSO,MOLISE,41.87452663224497,14.817868280916167,2,0,123,1,122,0.81
C409,CAZZAGO BRABBIA,VARESE,LOMBARDIA,45.799842282362704,8.733197740110928,1,0,73,4,69,5.48
D997,GESTURI,SUD SARDEGNA,SARDEGNA,39.7445840317845,9.010574243569708,1,0,40,1,39,2.5
E407,LAGO,COSENZA,CALABRIA,39.166080130949304,16.15525639823534,2,0,105,1,104,0.95
F872,NERVESA DELLA BATTAGLIA,TREVISO,VENETO,45.820046163340955,12.195921819619024,3,1,377,85,292,22.55
F220,MINERVINO MURGE,BARLETTA-ANDRIA-TRANI,PUGLIA,41.08070788195927,16.079427258608902,4,0,638,11,627,1.72
G590,PICERNO,POTENZA,BASILICATA,40.642246199796965,15.639129039879332,3,0,468,6,462,1.28
C640,CHIONS,PORDENONE,FRIULI-VENEZIA G.,45.86543736326592,12.751764930904667,3,0,447,72,375,16.11
L847,VICOLUNGO,NOVARA,PIEMONTE,45.476075546698944,8.457925603808459,1,1,68,31,37,45.59
G589,PICCIANO,PESCARA,ABRUZZO,42.47784924654422,13.98542133697925,1,0,41,9,32,21.95
G171,OSSAGO LODIGIANO,LODI,LOMBARDIA,45.24351005331414,9.537060180388089,1,0,71,10,61,14.08
H655,SACCOLONGO,PADOVA,VENETO,45.40818329159646,11.747556479452909,2,0,234,26,208,11.11
I164,SAN SOSTENE,CATANZARO,CALABRIA,38.61911485398222,16.475419687003797,2,0,95,2,93,2.11
L953,VILLAGRANDE STRISAILI,NUORO,SARDEGNA,39.993140019536504,9.442751454206933,3,0,147,2,145,1.36
F188,MEZZOMERICO,NOVARA,PIEMONTE,45.62046176754801,8.600519594337184,1,0,92,3,89,3.26
G743,POCENIA,UDINE,FRIULI-VENEZIA G.,45.852333472405896,13.117988160212631,1,0,73,13,60,17.81
I802,SOLIERA,MODENA,EMILIA ROMAGNA,44.74758511778018,10.941628843492085,4,0,975,163,812,16.72
C394,CAVENAGO D'ADDA,LODI,LOMBARDIA,45.28089827675504,9.591896708910406,1,0,127,36,91,28.35
I901,SPIGNO MONFERRATO,ALESSANDRIA,PIEMONTE,44.532951246991274,8.340787328330267,2,0,74,16,58,21.62
B183,BRIONA,NOVARA,PIEMONTE,45.53308569018613,8.504490176099507,1,0,39,11,28,28.21
E028,GIGNESE,VERBANO-CUSIO-OSSOLA,PIEMONTE,45.86466166088018,8.498772546773838,1,0,37,10,27,27.03
D613,FIRENZUOLA,FIRENZE,TOSCANA,44.13604567923236,11.375514489893142,3,0,248,51,197,20.56
G801,POLPENAZZE DEL GARDA,BRESCIA,LOMBARDIA,45.546193818950464,10.500424501600087,1,0,101,16,85,15.84
D257,DAVOLI,CATANZARO,CALABRIA,38.64896621688864,16.492261631664217,2,0,361,24,337,6.65
I073,SAN PAOLO BEL SITO,NAPOLI,CAMPANIA,40.91138031824119,14.550233754938345,2,0,142,5,137,3.52
I060,SAN NICOLA ARCELLA,COSENZA,CALABRIA,39.848924382699046,15.798486273570939,2,0,138,9,129,6.52
I932,STAFFOLO,ANCONA,MARCHE,43.438987712810516,13.193409002248089,2,0,133,26,107,19.55
C635,CHIGNOLO D'ISOLA,BERGAMO,LOMBARDIA,45.66605908598534,9.529002746395655,2,0,268,59,209,22.01
A889,BISTAGNO,ALESSANDRIA,PIEMONTE,44.67047272508509,8.374678943343987,2,0,185,21,164,11.35
D510,FAUGLIA,PISA,TOSCANA,43.56358371616404,10.501207389937216,2,0,202,18,184,8.91
M013,VILLAR PELLICE,TORINO,PIEMONTE,44.78901483843721,7.134696474176829,1,0,14,1,13,7.14
A990,BORGARO TORINESE,TORINO,PIEMONTE,45.14698485948968,7.66311076858969,3,0,802,54,748,6.73
A216,ALMENNO SAN BARTOLOMEO,BERGAMO,LOMBARDIA,45.75000340026467,9.566479136459815,2,0,620,29,591,4.68
A495,AULETTA,SALERNO,CAMPANIA,40.55496858214607,15.420966566367735,2,2,126,99,27,78.57
A161,ALBIGNASEGO,PADOVA,VENETO,45.34660897995204,11.868082179213234,8,0,2238,239,1999,10.68
B684,CAPRAIA E LIMITE,FIRENZE,TOSCANA,43.75877411817922,10.996157787499499,3,0,514,65,449,12.65
G155,OSIGLIA,SAVONA,LIGURIA,44.28351780168773,8.195853590826808,1,0,7,2,5,28.57
G997,PRATIGLIONE,TORINO,PIEMONTE,45.36179912731968,7.577885250268837,1,0,25,7,18,28.0
C463,CENGIO,SAVONA,LIGURIA,44.391865822895475,8.198114510645114,2,1,155,58,97,37.42
A584,BAIRO,TORINO,PIEMONTE,45.37666979175079,7.747789213917703,1,0,40,0,40,0.0
D725,FORNO CANAVESE,TORINO,PIEMONTE,45.347374740310904,7.5671844997063165,2,0,246,53,193,21.54
H268,RIARDO,CASERTA,CAMPANIA,41.26864936439018,14.144096918922228,2,0,158,12,146,7.59
E919,MARATEA,POTENZA,BASILICATA,39.99690973315847,15.728909792876737,7,0,838,41,797,4.89
D550,FERRAZZANO,CAMPOBASSO,MOLISE,41.528264022211154,14.682835494912776,2,0,182,21,161,11.54
H062,PRIGNANO CILENTO,SALERNO,CAMPANIA,40.329077478861436,15.078073694336792,2,0,70,7,63,10.0
A202,ALIMENA,PALERMO,SICILIA,37.67622659795756,14.121800890773219,3,0,122,4,118,3.28
I786,SOLARO,MILANO,LOMBARDIA,45.614860858921695,9.08056236198272,4,0,919,220,699,23.94
A150,ALBERONA,FOGGIA,PUGLIA,41.4358433574801,15.148262104312165,2,0,25,3,22,12.0
E064,GIUSTENICE,SAVONA,LIGURIA,44.18168078915008,8.222159646030779,1,0,27,2,25,7.41
B259,BUJA,UDINE,FRIULI-VENEZIA G.,46.21475534179906,13.111486984865723,4,0,354,28,326,7.91
G233,PAGAZZANO,BERGAMO,LOMBARDIA,45.534405475281744,9.675032711591216,1,1,92,28,64,30.43
F529,MONTEGROTTO TERME,PADOVA,VENETO,45.32566865662232,11.784671093267624,4,0,734,123,611,16.76
G270,PALAZZUOLO SUL SENIO,FIRENZE,TOSCANA,44.10608375989881,11.530446100141166,2,0,45,4,41,8.89
A547,BAGNACAVALLO,RAVENNA,EMILIA ROMAGNA,44.43926808783589,12.005604978679374,3,0,876,207,669,23.63
A374,ARCOLE,VERONA,VENETO,45.36540985115689,11.298693223180925,3,1,492,113,379,22.97
E486,LAURITO,SALERNO,CAMPANIA,40.16730403315937,15.399343411525978,1,0,32,1,31,3.13
F512,MONTEFUSCO,AVELLINO,CAMPANIA,41.034330600609984,14.861442062814342,2,0,45,2,43,4.44
H414,ROCCA GRIMALDA,ALESSANDRIA,PIEMONTE,44.68529903037289,8.643828675070294,1,1,15,6,9,40.0
G639,PIEVE DEL CAIRO,PAVIA,LOMBARDIA,45.058958557128506,8.808823552694786,2,1,167,44,123,26.35
L355,TRECASTAGNI,CATANIA,SICILIA,37.647851407156814,15.072139880383425,3,0,657,13,644,1.98
A655,BARESSA,ORISTANO,SARDEGNA,39.71305362463259,8.870123096241118,1,0,57,0,57,0.0
I045,SAN MICHELE SALENTINO,BRINDISI,PUGLIA,40.60612232918638,17.636447865149563,2,0,388,43,345,11.08
A270,ANCARANO,TERAMO,ABRUZZO,42.840412073847446,13.747616653890514,2,0,132,31,101,23.48
A444,ARSIERO,VICENZA,VENETO,45.83954682666051,11.308919451236106,2,0,213,42,171,19.72
D461,FAGAGNA,UDINE,FRIULI-VENEZIA G.,46.10742252404884,13.087038877476253,3,0,463,58,405,12.53
C650,CHIUPPANO,VICENZA,VENETO,45.75986574289935,11.472638358715862,1,0,82,8,74,9.76
A733,BEE,VERBANO-CUSIO-OSSOLA,PIEMONTE,45.969308653335034,8.578602421091771,1,0,59,4,55,6.78
G968,PRADALUNGA,BERGAMO,LOMBARDIA,45.73782264702922,9.7938776748714,3,0,267,40,227,14.98
E752,LURAS,SASSARI,SARDEGNA,40.9814829168853,9.190881950417799,2,0,128,6,122,4.69
H001,PRATO SESIA,NOVARA,PIEMONTE,45.663601333621905,8.369915082147868,1,0,61,1,60,1.64
M258,AVIGLIANO UMBRO,TERNI,UMBRIA,42.66460128387045,12.409895722154646,2,0,201,24,177,11.94
D841,GADESCO-PIEVE DELMONA,CREMONA,LOMBARDIA,45.16390087703216,10.120510800503986,1,0,73,15,58,20.55
M327,CASCIANA TERME LARI,PISA,TOSCANA,43.55602699974678,10.596134481313191,5,0,767,88,679,11.47
E307,INTRODACQUA,L'AQUILA,ABRUZZO,41.99773850968369,13.893007585386487,1,0,44,4,40,9.09
B256,BUGNARA,L'AQUILA,ABRUZZO,42.016484095056825,13.853175967024336,1,0,14,1,13,7.14
B887,CASALETTO LODIGIANO,LODI,LOMBARDIA,45.29786095270477,9.352016230834176,1,0,124,18,106,14.52
L743,VENZONE,UDINE,FRIULI-VENEZIA G.,46.347633949778796,13.165063896293601,2,0,91,4,87,4.4
D223,CURSI,LECCE,PUGLIA,40.15205731026758,18.321772885825382,2,0,242,9,233,3.72
C045,CASTAGNETO PO,TORINO,PIEMONTE,45.16249532035102,7.892493841175603,1,0,47,4,43,8.51
A087,AGRATE BRIANZA,MONZA E DELLA BRIANZA,LOMBARDIA,45.574905899212446,9.358700159196813,3,0,962,195,767,20.27
F322,MONACILIONI,CAMPOBASSO,MOLISE,41.62216995588032,14.817978366692772,1,0,14,1,13,7.14
H333,RIVALBA,TORINO,PIEMONTE,45.12277550993303,7.8890909960642945,1,0,29,0,29,0.0
I326,SANTE MARIE,L'AQUILA,ABRUZZO,42.11859821669501,13.210468269285602,1,0,50,4,46,8.0
F963,NOVENTA DI PIAVE,VENEZIA,VENETO,45.67136890361635,12.543304736646803,2,0,533,103,430,19.32
F225,MINUCCIANO,LUCCA,TOSCANA,44.1640655093752,10.225150308174408,3,0,69,3,66,4.35
H810,SAN CRISTOFORO,ALESSANDRIA,PIEMONTE,44.69509781215224,8.746040645619841,1,0,8,0,8,0.0
F175,MEZZANINO,PAVIA,LOMBARDIA,45.12749237030877,9.206696008477405,1,0,54,14,40,25.93
B070,BOSCHI SANT'ANNA,VERONA,VENETO,45.207665254186196,11.366642031755514,1,0,83,15,68,18.07
A215,VILLA D'ALME',BERGAMO,LOMBARDIA,45.75317649049075,9.623668775038645,2,0,330,26,304,7.88
D081,CORVINO SAN QUIRICO,PAVIA,LOMBARDIA,45.01713744932122,9.15530063358894,1,0,70,9,61,12.86
G672,PINASCA,TORINO,PIEMONTE,44.96759636581555,7.247147156413056,1,0,97,6,91,6.19
F601,MONTERODUNI,ISERNIA,MOLISE,41.51803494070156,14.168939128862815,2,0,100,4,96,4.0
C284,CASTELVETERE IN VAL FORTORE,BENEVENTO,CAMPANIA,41.43808951939272,14.935885239201383,1,0,15,0,15,0.0
C173,CASTELLINALDO D'ALBA,CUNEO,PIEMONTE,44.77512863920272,8.033626868594867,1,0,26,4,22,15.38
C729,CISANO SUL NEVA,SAVONA,LIGURIA,44.085760557259306,8.14556586929441,1,1,68,22,46,32.35
D328,DOMANICO,COSENZA,CALABRIA,39.20294798932753,16.198276906127095,2,0,53,7,46,13.21
E859,MALITO,COSENZA,CALABRIA,39.166405002061914,16.248428589497433,2,0,29,0,29,0.0
I003,SAN MARTINO BUON ALBERGO,VERONA,VENETO,45.42005409355393,11.098631489162315,4,1,1213,273,940,22.51
C964,CONSELVE,PADOVA,VENETO,45.228594290597215,11.879625355469358,5,0,1104,194,910,17.57
L142,TERZIGNO,NAPOLI,CAMPANIA,40.802872028039324,14.480674360332662,8,0,1584,263,1321,16.6
F503,MONTEFIORINO,MODENA,EMILIA ROMAGNA,44.3426848523652,10.596512570906519,2,0,113,10,103,8.85
B669,CAPOLIVERI,LIVORNO,TOSCANA,42.74550935351129,10.358198009248946,2,0,202,45,157,22.28
D702,FORIO,NAPOLI,CAMPANIA,40.72812639097486,13.87227730387115,9,0,1656,142,1514,8.57
L874,VIGGIANO,POTENZA,BASILICATA,40.355449394161816,15.905151312776857,4,0,464,20,444,4.31
F797,MUGGIO',MONZA E DELLA BRIANZA,LOMBARDIA,45.58853083401461,9.22575880772071,8,0,2486,390,2096,15.69
B033,BORGO SAN DALMAZZO,CUNEO,PIEMONTE,44.32959209169949,7.471366671651624,3,0,855,113,742,13.22
F640,MONTESCUDAIO,PISA,TOSCANA,43.3302784259204,10.592334673210518,1,0,88,7,81,7.95
G784,POLI,ROMA,LAZIO,41.8868300750286,12.884985763872065,2,0,149,10,139,6.71
D548,FERRARA,FERRARA,EMILIA ROMAGNA,44.82283639730096,11.649231002026106,50,10,16858,2782,14076,16.5
C100,CASTELFIDARDO,ANCONA,MARCHE,43.46435477370595,13.563249165642175,8,0,1813,167,1646,9.21
B429,CALTANISSETTA,CALTANISSETTA,SICILIA,37.4701154877668,14.008415874277741,34,3,9241,388,8853,4.2
M427,LUSIANA CONCO,VICENZA,VENETO,45.80585269527529,11.591404026605767,4,0,185,10,175,5.41
M210,TERME VIGLIATORE,MESSINA,SICILIA,38.1309082646831,15.152220994810946,5,0,474,63,411,13.29
D862,GALATINA,LECCE,PUGLIA,40.19254592426904,18.1366655043015,12,0,3868,112,3756,2.9
A369,ARCIDOSSO,GROSSETO,TOSCANA,42.85105662906331,11.483951378187705,5,4,562,174,388,30.96
G871,PONZA,LATINA,LAZIO,40.91836000573322,12.95795327643915,5,0,249,14,235,5.62
E709,LOZZO ATESTINO,PADOVA,VENETO,45.28892083518866,11.610112816043754,2,0,200,19,181,9.5
F239,MIRANDA,ISERNIA,MOLISE,41.641317321765584,14.25537322452532,2,0,60,2,58,3.33
D137,CRECCHIO,CHIETI,ABRUZZO,42.292952224655636,14.334309718869164,2,0,164,10,154,6.1
A475,ASSISI,PERUGIA,UMBRIA,43.08609427353485,12.625167576729286,20,1,4868,612,4256,12.57
B225,BRUSASCO,TORINO,PIEMONTE,45.15167100903415,8.06208943148145,2,0,214,16,198,7.48
E753,LURATE CACCIVIO,COMO,LOMBARDIA,45.765861532144115,8.993548004152972,3,0,604,65,539,10.76
E381,JELSI,CAMPOBASSO,MOLISE,41.517054186324565,14.799678841212721,2,0,90,4,86,4.44
B354,CAGLIARI,CAGLIARI,SARDEGNA,39.224475181425746,9.088162332862067,59,1,22035,870,21165,3.95
E340,ISOLA DEL LIRI,FROSINONE,LAZIO,41.68725958423355,13.568550544112684,7,0,1089,59,1030,5.42
A741,BELGIOIOSO,PAVIA,LOMBARDIA,45.14714332188815,9.30532908431264,2,2,616,231,385,37.5
L428,TRINITA' D'AGULTU E VIGNOLA,SASSARI,SARDEGNA,41.02648850955876,8.965556723470044,2,1,108,28,80,25.93
B867,CASALBORGONE,TORINO,PIEMONTE,45.12958614427399,7.935624143012596,2,0,171,13,158,7.6
A368,SAN NICOLO' D'ARCIDANO,ORISTANO,SARDEGNA,39.66678919855,8.653163550372573,2,0,126,4,122,3.17
E974,MARSALA,TRAPANI,SICILIA,37.814708577074825,12.539944857815552,49,0,9648,525,9123,5.44
M263,PORTO CESAREO,LECCE,PUGLIA,40.29334776698147,17.83571922869114,2,0,429,21,408,4.9
M260,CASAPESENNA,CASERTA,CAMPANIA,40.98913746500279,14.135702632833397,2,0,605,37,568,6.12
A612,BANZI,POTENZA,BASILICATA,40.89539540249866,16.031046328209776,2,0,36,3,33,8.33
F626,MONTE SAN PIETRANGELI,FERMO,MARCHE,43.1936624418054,13.575611866277283,2,0,154,16,138,10.39
A053,ACRI,COSENZA,CALABRIA,39.49435522936728,16.42843113598156,18,0,2267,91,2176,4.01
I632,SERMIDE E FELONICA,MANTOVA,LOMBARDIA,44.9783607802608,11.295114204545545,3,3,373,149,224,39.95
D455,FAEDIS,UDINE,FRIULI-VENEZIA G.,46.15993157579216,13.371941109469368,2,0,159,21,138,13.21
L271,TORREGROTTA,MESSINA,SICILIA,38.200715812249854,15.351898908258123,4,0,515,19,496,3.69
B041,BORGOSESIA,VERCELLI,PIEMONTE,45.73089079934247,8.25966912891393,7,0,1612,224,1388,13.9
L389,TRESCORE CREMASCO,CREMONA,LOMBARDIA,45.39876729869494,9.616051749694119,2,1,297,67,230,22.56
D279,DERUTA,PERUGIA,UMBRIA,42.98190480300651,12.415189803629909,5,0,752,129,623,17.15
E050,GIRIFALCO,CATANZARO,CALABRIA,38.811295983890545,16.428037716940842,5,0,709,42,667,5.92
F328,MONASTEROLO DEL CASTELLO,BERGAMO,LOMBARDIA,45.75860526985923,9.942133480591922,1,0,120,11,109,9.17
C686,CILAVEGNA,PAVIA,LOMBARDIA,45.30626055046325,8.748357270287867,2,0,394,42,352,10.66
H930,SAN GIULIANO MILANESE,MILANO,LOMBARDIA,45.38247793467082,9.280406636490994,11,6,3122,1020,2102,32.67
L669,VARALLO,VERCELLI,PIEMONTE,45.83205209527745,8.25582501282135,9,0,1219,141,1078,11.57
E754,LUSCIANO,CASERTA,CAMPANIA,40.9629821570339,14.18476264260319,3,0,881,60,821,6.81
L985,VILLANOVA DEL GHEBBO,ROVIGO,VENETO,45.06681953263561,11.659222577020092,2,1,123,43,80,34.96
L950,VILLAFRANCA TIRRENA,MESSINA,SICILIA,38.22158259708602,15.45694748104376,4,0,647,11,636,1.7
D794,FREGONA,TREVISO,VENETO,46.029663584968056,12.362423142158246,2,0,146,24,122,16.44
F348,MONDOLFO,PESARO E URBINO,MARCHE,43.75120314231296,13.12240329671607,6,0,1153,181,972,15.7
A045,ACQUASPARTA,TERNI,UMBRIA,42.69006205051213,12.555967014766114,2,0,278,55,223,19.78
L427,TRINITA',CUNEO,PIEMONTE,44.51124036815869,7.763034903014426,2,0,236,25,211,10.59
B905,CASALNUOVO DI NAPOLI,NAPOLI,CAMPANIA,40.90784854291369,14.351609935787979,18,0,4971,48,4923,0.97
F911,NOCERA UMBRA,PERUGIA,UMBRIA,43.12838630761313,12.803588098350014,6,0,500,96,404,19.2
E541,LERCARA FRIDDI,PALERMO,SICILIA,37.74422086553472,13.612973266148757,4,0,926,14,912,1.51
F943,NOTO,SIRACUSA,SICILIA,36.912301708825616,15.019943118487076,15,0,2301,63,2238,2.74
H536,RONCO SCRIVIA,GENOVA,LIGURIA,44.60587660439414,8.944775122111755,4,0,827,104,723,12.58
F543,MONTELEONE D'ORVIETO,TERNI,UMBRIA,42.908295145539654,12.04357014901888,2,0,71,10,61,14.08
E592,LIMENA,PADOVA,VENETO,45.474791970270985,11.835887802561848,3,1,517,100,417,19.34
A479,ASTI,ASTI,PIEMONTE,44.913423524275764,8.19438171094111,36,8,10614,2044,8570,19.26
H394,ROCCADASPIDE,SALERNO,CAMPANIA,40.44427353805108,15.152833348773521,9,0,1266,134,1132,10.58
I144,SAN SALVATORE MONFERRATO,ALESSANDRIA,PIEMONTE,45.004236950764124,8.561477451072326,2,0,239,14,225,5.86
C114,CASTEL FRENTANO,CHIETI,ABRUZZO,42.19350826219528,14.350981112585421,2,0,263,13,250,4.94
H630,RUDIANO,BRESCIA,LOMBARDIA,45.48795282082493,9.8932372436602,2,0,529,122,407,23.06
L302,TORRITA TIBERINA,ROMA,LAZIO,42.22908586781685,12.622943667754042,1,0,94,22,72,23.4
E716,LUCERA,FOGGIA,PUGLIA,41.49753629106922,15.35189556426724,13,0,4194,146,4048,3.48
E142,GRANITI,MESSINA,SICILIA,37.890230862815834,15.214991266754241,2,0,94,3,91,3.19
C415,CECINA,LIVORNO,TOSCANA,43.31468620141464,10.519550688326023,13,0,4512,506,4006,11.21
L308,TORTORICI,MESSINA,SICILIA,37.99589121990545,14.839389522089476,4,0,388,5,383,1.29
A837,BEVILACQUA,VERONA,VENETO,45.216001760646776,11.39186918241757,1,1,65,24,41,36.92
H829,SANDRIGO,VICENZA,VENETO,45.65627352056493,11.607575407762148,3,0,664,105,559,15.81
C020,CASSINA RIZZARDI,COMO,LOMBARDIA,45.750926397451984,9.026833140791586,1,0,139,15,124,10.79
C500,CEREGNANO,ROVIGO,VENETO,45.04694474415588,11.910131496284343,2,0,192,31,161,16.15
C034,CASSINO,FROSINONE,LAZIO,41.4789185742353,13.835440323838627,21,1,7660,269,7391,3.51
A801,BERNALDA,MATERA,BASILICATA,40.40948613642633,16.76263532420283,8,2,1227,103,1124,8.39
F242,MIRTO,MESSINA,SICILIA,38.090185710215394,14.749287503379568,2,0,45,0,45,0.0
E474,LATRONICO,POTENZA,BASILICATA,40.08378600817672,16.011929826597914,4,0,246,11,235,4.47
F540,MONTELEONE DI SPOLETO,PERUGIA,UMBRIA,42.6424541647655,12.94610618540203,2,0,14,0,14,0.0
G870,PONTREMOLI,MASSA-CARRARA,TOSCANA,44.411667476185315,9.876794759003475,5,0,781,128,653,16.39
G211,PACHINO,SIRACUSA,SICILIA,36.705399039704034,15.07692840371543,13,0,2896,241,2655,8.32
I580,SELARGIUS,CAGLIARI,SARDEGNA,39.2796841064203,9.140244244177683,11,0,2764,79,2685,2.86
G756,POGGIO BUSTONE,RIETI,LAZIO,42.50401958002674,12.889386283572208,2,0,100,9,91,9.0
G312,PANNI,FOGGIA,PUGLIA,41.21194580852412,15.284021293243077,2,0,31,1,30,3.23
E397,LACEDONIA,AVELLINO,CAMPANIA,41.05438064632129,15.438913645548563,5,0,262,22,240,8.4
A878,BIONE,BRESCIA,LOMBARDIA,45.675101814363096,10.337759261213407,1,0,54,6,48,11.11
H848,AGLIENTU,SASSARI,SARDEGNA,41.095864437900545,9.108114247103998,2,0,56,5,51,8.93
H926,SAN GIOVANNI ROTONDO,FOGGIA,PUGLIA,41.65600257124803,15.750266122556717,11,0,3448,102,3346,2.96
C086,CASTEL DEL RIO,BOLOGNA,EMILIA ROMAGNA,44.20575513414085,11.495541709066346,2,0,80,19,61,23.75
M045,VILLONGO,BERGAMO,LOMBARDIA,45.6737128383031,9.927924219522403,2,2,590,204,386,34.58
H456,ROCCELLA IONICA,REGGIO CALABRIA,CALABRIA,38.34691055400753,16.375004408371876,6,0,1541,54,1487,3.5
E208,GROTTAZZOLINA,FERMO,MARCHE,43.114776508137,13.602786407473188,2,0,229,44,185,19.21
F620,MONTE SAN GIOVANNI CAMPANO,FROSINONE,LAZIO,41.65261399372714,13.517787496574442,7,0,800,16,784,2.0
D949,GAZOLDO DEGLI IPPOLITI,MANTOVA,LOMBARDIA,45.193897758785035,10.565347053549141,4,2,571,129,442,22.59
B061,BORSO DEL GRAPPA,TREVISO,VENETO,45.83173441787718,11.783166553292299,3,0,309,41,268,13.27
F457,MONTECASTRILLI,TERNI,UMBRIA,42.64300953551528,12.47419363735084,4,0,299,29,270,9.7
B726,CARASCO,GENOVA,LIGURIA,44.35675989358861,9.35824828315887,2,0,335,59,276,17.61
F988,NUSCO,AVELLINO,CAMPANIA,40.879634010220414,15.10865626986362,3,0,255,3,252,1.18
B865,CASALBORDINO,CHIETI,ABRUZZO,42.163481352504114,14.581035473205455,4,0,400,14,386,3.5
B949,CASCIAGO,VARESE,LOMBARDIA,45.829323539936304,8.773656583691757,3,0,301,15,286,4.98
M115,VOLLA,NAPOLI,CAMPANIA,40.883140615316194,14.345173467515815,9,0,3026,40,2986,1.32
D867,GALEATA,FORLI'-CESENA,EMILIA ROMAGNA,43.99125045867814,11.913459217249285,3,0,312,77,235,24.68
B550,CAMPOMARINO,CAMPOBASSO,MOLISE,41.91523407773278,15.073526819849251,4,0,448,34,414,7.59
A998,BORGHETTO DI BORBERA,ALESSANDRIA,PIEMONTE,44.73496421581368,8.967976986774925,1,0,64,5,59,7.81
E621,LIVIGNO,SONDRIO,LOMBARDIA,46.524587569038935,10.13700650088465,4,0,601,43,558,7.15
D882,GALLIO,VICENZA,VENETO,45.90420058236226,11.563866491521868,2,0,118,0,118,0.0
D742,FOSSANO,CUNEO,PIEMONTE,44.54416749731018,7.692768768346763,13,0,4208,511,3697,12.14
C426,CELANO,L'AQUILA,ABRUZZO,42.077102188805604,13.566355680546446,3,0,775,159,616,20.52
L113,TERMOLI,CAMPOBASSO,MOLISE,41.98203193742817,14.962173489772521,20,0,5037,118,4919,2.34
A162,ALBINEA,REGGIO EMILIA,EMILIA ROMAGNA,44.608998264934414,10.612864313911707,3,0,638,46,592,7.21
G274,PALESTRINA,ROMA,LAZIO,41.81667246728358,12.857552817891303,10,0,3390,378,3012,11.15
B249,BUDRIO,BOLOGNA,EMILIA ROMAGNA,44.562683249656985,11.546619719657492,6,0,2012,266,1746,13.22
A255,AMARONI,CATANZARO,CALABRIA,38.79223103360376,16.443490979991207,2,0,104,2,102,1.92
D305,DISO,LECCE,PUGLIA,39.99871915019117,18.392072481713207,2,0,118,8,110,6.78
M281,PETROSINO,TRAPANI,SICILIA,37.70984708746203,12.525072403769697,7,0,727,78,649,10.73
H801,SAN CLEMENTE,RIMINI,EMILIA ROMAGNA,43.931215311196134,12.63215750580922,3,0,458,35,423,7.64
G763,POGGIO MIRTETO,RIETI,LAZIO,42.263408817548076,12.670614290407698,6,1,1511,215,1296,14.23
C321,CASTIGNANO,ASCOLI PICENO,MARCHE,42.936589384779396,13.625558892188185,2,0,167,21,146,12.57
F923,NOICATTARO,BARI,PUGLIA,41.044080265936124,16.986810349293012,7,0,1968,274,1694,13.92
L294,TORRICELLA,TARANTO,PUGLIA,40.347306241229745,17.49620580383282,2,0,214,3,211,1.4
E626,LIVORNO FERRARIS,VERCELLI,PIEMONTE,45.26489838243021,8.109498101460865,3,0,354,96,258,27.12
D851,GAGLIANO DEL CAPO,LECCE,PUGLIA,39.84157043101304,18.37199164343055,2,0,265,8,257,3.02
H500,ROLO,REGGIO EMILIA,EMILIA ROMAGNA,44.888607244925524,10.864087129897607,2,2,307,110,197,35.83
H943,SAN GREGORIO MAGNO,SALERNO,CAMPANIA,40.676018967096894,15.389847318509918,3,0,409,14,395,3.42
L980,VILLANOVA SULL'ARDA,PIACENZA,EMILIA ROMAGNA,45.030190556312014,10.016981266535813,2,1,88,35,53,39.77
I872,SOVERATO,CATANZARO,CALABRIA,38.690363725325355,16.532117864377962,10,0,2444,131,2313,5.36
C560,CERZETO,COSENZA,CALABRIA,39.50819868903199,16.116740061728095,2,0,63,12,51,19.05
F173,MEZZANEGO,GENOVA,LIGURIA,44.39074806985353,9.403298484521986,1,0,72,17,55,23.61
L024,TAGGIA,IMPERIA,LIGURIA,43.87553307027665,7.839169315970009,8,3,1528,344,1184,22.51
C421,CEFALU',PALERMO,SICILIA,38.00006200671459,14.024220884530997,9,0,1994,66,1928,3.31
B645,CAPACI,PALERMO,SICILIA,38.16762506937995,13.238522520047463,5,0,1317,9,1308,0.68
C101,CASTELFIORENTINO,FIRENZE,TOSCANA,43.6185435848061,10.959353317692846,10,3,2114,585,1529,27.67
I923,SPONGANO,LECCE,PUGLIA,40.0149177293899,18.35855663609127,2,0,214,38,176,17.76
G109,ORIO CANAVESE,TORINO,PIEMONTE,45.32567494185525,7.853861027865011,1,0,9,1,8,11.11
B935,CASAPULLA,CASERTA,CAMPANIA,41.078789034350756,14.291358560868298,4,0,651,21,630,3.23
L469,TURANO LODIGIANO,LODI,LOMBARDIA,45.25299207781516,9.627885221195866,1,0,64,13,51,20.31
E675,LONGIANO,FORLI'-CESENA,EMILIA ROMAGNA,44.08239058515235,12.342277794234832,4,0,618,64,554,10.36
D475,FALERIA,VITERBO,LAZIO,42.23744911773952,12.444374566814506,2,0,145,28,117,19.31
C680,CIGLIANO,VERCELLI,PIEMONTE,45.28743605617568,8.018620494136757,2,0,274,41,233,14.96
E187,GRIZZANA MORANDI,BOLOGNA,EMILIA ROMAGNA,44.248911286426676,11.130500436648562,2,0,90,22,68,24.44
B572,CAMUGNANO,BOLOGNA,EMILIA ROMAGNA,44.15276737395373,11.09589044616723,2,0,62,10,52,16.13
D654,FOLLINA,TREVISO,VENETO,45.9640478177292,12.127543819409595,2,0,239,40,199,16.74
L812,VESTONE,BRESCIA,LOMBARDIA,45.709927820046715,10.401469077559529,2,1,349,94,255,26.93
A398,ARI,CHIETI,ABRUZZO,42.286228643316534,14.256071529349056,1,1,25,8,17,32.0
D685,FONTEVIVO,PARMA,EMILIA ROMAGNA,44.84892343447791,10.202934720927278,3,0,407,100,307,24.57
I996,SUELLO,LECCO,LOMBARDIA,45.8193017407272,9.315275638122566,1,0,93,8,85,8.6
D133,CRAVANZANA,CUNEO,PIEMONTE,44.57041807358514,8.121334166135433,1,0,14,2,12,14.29
G319,VALDERICE,TRAPANI,SICILIA,38.03274702449341,12.638468440124008,4,0,557,27,530,4.85
G788,SAN PIETRO IN CERRO,PIACENZA,EMILIA ROMAGNA,45.02985708337542,9.934150312625453,1,0,28,1,27,3.57
A065,AFRICO,REGGIO CALABRIA,CALABRIA,38.07317666445862,15.978719362283163,2,0,163,2,161,1.23
E145,GRANTORTO,PADOVA,VENETO,45.6017638144532,11.73199097678652,2,0,344,65,279,18.9
A198,ALICE CASTELLO,VERCELLI,PIEMONTE,45.36941151393707,8.085908189344176,1,0,83,20,63,24.1
B798,CARNATE,MONZA E DELLA BRIANZA,LOMBARDIA,45.64766886943146,9.379878986357154,2,2,448,167,281,37.28
L475,TURRIVALIGNANI,PESCARA,ABRUZZO,42.26523053662345,14.025105274189965,1,0,23,0,23,0.0
B902,CASALNOCETO,ALESSANDRIA,PIEMONTE,44.918031273456705,8.979933946403886,1,1,16,8,8,50.0
H891,SAN GIORGIO DELLA RICHINVELDA,PORDENONE,FRIULI-VENEZIA G.,46.046156674654966,12.848349424088081,2,0,250,63,187,25.2
E483,LAURIA,POTENZA,BASILICATA,40.07003097066596,15.882911720513043,12,0,1343,57,1286,4.24
E647,LODE',NUORO,SARDEGNA,40.58445367218743,9.564113542033747,2,0,39,0,39,0.0
A165,ALBISSOLA MARINA,SAVONA,LIGURIA,44.33217599517028,8.493371449799293,2,0,364,24,340,6.59
E227,GUAGNANO,LECCE,PUGLIA,40.4124379746435,17.92236032897635,3,0,309,10,299,3.24
E599,LIMOSANO,CAMPOBASSO,MOLISE,41.67576610800709,14.624350354808676,2,0,35,2,33,5.71
E485,LAURINO,SALERNO,CAMPANIA,40.31916397400564,15.344303371699315,2,0,50,2,48,4.0
H006,PRATOLA SERRA,AVELLINO,CAMPANIA,40.980244456866735,14.85665581136475,2,0,164,10,154,6.1
E839,MAIORI,SALERNO,CAMPANIA,40.65491086237355,14.661574199640304,5,0,585,6,579,1.03
G804,POMARANCE,PISA,TOSCANA,43.268107880055695,10.829453248781036,5,1,425,96,329,22.59
E540,LEQUIO BERRIA,CUNEO,PIEMONTE,44.60661479291014,8.101344099987108,2,0,94,14,80,14.89
A328,APICE,BENEVENTO,CAMPANIA,41.12876293851825,14.957249577641138,2,0,360,15,345,4.17
I300,SANT'ANTONIO ABATE,NAPOLI,CAMPANIA,40.72407596892937,14.538302063481634,10,0,1845,39,1806,2.11
C631,CHIESINA UZZANESE,PISTOIA,TOSCANA,43.84086991563841,10.721230506184321,2,0,447,68,379,15.21
G747,PODENZANO,PIACENZA,EMILIA ROMAGNA,44.970615085333925,9.702340762392062,3,0,657,102,555,15.53
C858,COLLEFERRO,ROMA,LAZIO,41.73704124692633,12.990219144797145,13,1,3689,363,3326,9.84
I028,SAN MAURO CASTELVERDE,PALERMO,SICILIA,37.92300060831126,14.209290182862748,2,0,67,0,67,0.0
D096,COSSIGNANO,ASCOLI PICENO,MARCHE,42.98404857679586,13.684444575866651,1,0,29,7,22,24.14
I633,SIRMIONE,BRESCIA,LOMBARDIA,45.47824614618029,10.616563204011404,2,0,522,116,406,22.22
I103,SAN PIETRO DI FELETTO,TREVISO,VENETO,45.90803096230947,12.248301818243702,4,0,410,14,396,3.41
G850,PONTELONGO,PADOVA,VENETO,45.24562703009682,12.033977592205542,2,2,167,71,96,42.51
D832,FUTANI,SALERNO,CAMPANIA,40.16005787975651,15.321248964902267,2,0,79,1,78,1.27
G412,PEDRENGO,BERGAMO,LOMBARDIA,45.69545225698243,9.739980528801574,2,0,390,52,338,13.33
H321,RIPATRANSONE,ASCOLI PICENO,MARCHE,42.99273239966477,13.76631321777269,3,0,542,40,502,7.38
I088,SAN PIETRO DI CADORE,BELLUNO,VENETO,46.61755638360257,12.603593695129412,2,0,90,0,90,0.0
D889,GALZIGNANO TERME,PADOVA,VENETO,45.300845929176134,11.732883356975021,2,0,212,4,208,1.89
A241,ALTOPASCIO,LUCCA,TOSCANA,43.817067102135006,10.683173988417376,5,2,909,306,603,33.66
L775,VERNIO,PRATO,TOSCANA,44.06720512512764,11.151676847950514,3,1,328,94,234,28.66
H979,SAN MARCELLO,ANCONA,MARCHE,43.56243759762783,13.20603277992648,2,0,355,44,311,12.39
A268,ANACAPRI,NAPOLI,CAMPANIA,40.5498030081926,14.212804107604535,4,0,557,30,527,5.39
C213,CASTELNOVETTO,PAVIA,LOMBARDIA,45.25852823752564,8.62492205742119,1,0,38,9,29,23.68
E760,LUSEVERA,UDINE,FRIULI-VENEZIA G.,46.29318241780769,13.273508365300378,1,0,32,3,29,9.38
H151,RACCUJA,MESSINA,SICILIA,38.02725386246952,14.919977088948949,2,0,22,1,21,4.55
I800,SOLETO,LECCE,PUGLIA,40.198158397782855,18.197327844701658,2,0,207,17,190,8.21
L158,THIESI,SASSARI,SARDEGNA,40.51906277913393,8.6550540716983,3,0,315,19,296,6.03
F381,MONSANO,ANCONA,MARCHE,43.56784244221714,13.268176135078189,2,0,225,14,211,6.22
A697,BASIANO,MILANO,LOMBARDIA,45.581111884768475,9.463504158504515,1,0,128,33,95,25.78
G203,OZIERI,SASSARI,SARDEGNA,40.63534659673396,8.952796090307597,8,0,1333,36,1297,2.7
B306,BUTTIGLIERA D'ASTI,ASTI,PIEMONTE,45.00641176467048,7.95404693434477,2,0,140,16,124,11.43
F808,MURAVERA,SUD SARDEGNA,SARDEGNA,39.343017609094694,9.57594475677499,8,0,1038,26,1012,2.5
B961,CASELLE LANDI,LODI,LOMBARDIA,45.09830732716341,9.808121354526572,2,0,111,19,92,17.12
I151,SAN SEBASTIANO AL VESUVIO,NAPOLI,CAMPANIA,40.84279310023737,14.366468504058256,4,0,1951,11,1940,0.56
H959,SAN LORENZO,REGGIO CALABRIA,CALABRIA,38.001328985761916,15.834212936883874,4,0,66,3,63,4.55
I095,SAN PIETRO APOSTOLO,CATANZARO,CALABRIA,38.99751691766809,16.46913331719676,2,0,99,2,97,2.02
I477,SAVOCA,MESSINA,SICILIA,37.95263751372961,15.336360232676384,2,0,85,6,79,7.06
F259,MODIGLIANA,FORLI'-CESENA,EMILIA ROMAGNA,44.14918327964319,11.797818803963812,2,0,259,57,202,22.01
L869,VIGASIO,VERONA,VENETO,45.323642646598366,10.938972364219067,2,0,697,116,581,16.64
B615,CANNOBIO,VERBANO-CUSIO-OSSOLA,PIEMONTE,46.06813743167132,8.67162000691989,2,0,289,25,264,8.65
I306,SANT'ARPINO,CASERTA,CAMPANIA,40.95823410508513,14.24981414096271,4,0,1636,63,1573,3.85
A841,BIANCAVILLA,CATANIA,SICILIA,37.670426716923515,14.90070497317192,10,0,2367,83,2284,3.51
M437,SETTEVILLE,BELLUNO,VENETO,45.932532444527325,11.906795435720971,4,1,338,88,250,26.04
F100,MELEGNANO,MILANO,LOMBARDIA,45.35528472851487,9.319976228251416,7,1,2514,547,1967,21.76
A984,BORDIGHERA,IMPERIA,LIGURIA,43.79437710350817,7.673235401259445,6,0,1006,175,831,17.4
C564,CESANA TORINESE,TORINO,PIEMONTE,44.927607107246565,6.820413008664152,1,0,16,1,15,6.25
F814,MURISENGO,ALESSANDRIA,PIEMONTE,45.08271878514131,8.13779565161101,2,0,108,28,80,25.93
F913,NOCERA SUPERIORE,SALERNO,CAMPANIA,40.73822305131554,14.674753842180507,7,0,1493,21,1472,1.41
M044,VILLIMPENTA,MANTOVA,LOMBARDIA,45.137703026472096,11.015436028626041,2,2,171,57,114,33.33
I130,SAN POTITO SANNITICO,CASERTA,CAMPANIA,41.350250152466536,14.420843518042576,2,0,161,7,154,4.35
B086,BOTRUGNO,LECCE,PUGLIA,40.05538788625526,18.307331298606517,2,0,180,2,178,1.11
A177,ALCARA LI FUSI,MESSINA,SICILIA,37.98841641302949,14.708488317713561,2,0,71,1,70,1.41
G061,OME,BRESCIA,LOMBARDIA,45.62966523395267,10.124369761622027,2,0,155,13,142,8.39
H621,ROVITO,COSENZA,CALABRIA,39.30920570362064,16.316995385469102,3,0,204,16,188,7.84
H337,RIVA PRESSO CHIERI,TORINO,PIEMONTE,44.97935407720337,7.888870043065076,2,0,373,18,355,4.83
B173,BRIENZA,POTENZA,BASILICATA,40.47946062629725,15.609031966833182,3,0,311,30,281,9.65
E107,GORO,FERRARA,EMILIA ROMAGNA,44.83794423060325,12.310778965489806,2,0,210,6,204,2.86
H173,RANCIO VALCUVIA,VARESE,LOMBARDIA,45.913312619187145,8.773004592027656,1,0,43,2,41,4.65
F653,MONTE URANO,FERMO,MARCHE,43.196945619739644,13.672339143397929,2,0,470,125,345,26.6
C232,CASTELNUOVO DON BOSCO,ASTI,PIEMONTE,45.03582075522094,7.9777653153475105,4,0,565,84,481,14.87
M172,ZEVIO,VERONA,VENETO,45.362122025778284,11.122156085636995,5,1,983,220,763,22.38
C901,COLONNELLA,TERAMO,ABRUZZO,42.864179888833185,13.875309054140882,2,0,216,31,185,14.35
I435,SARMEDE,TREVISO,VENETO,45.992865673065275,12.391203095948987,2,0,130,10,120,7.69
A377,ARCUGNANO,VICENZA,VENETO,45.477965322914265,11.53443886448565,3,0,346,11,335,3.18
F117,MELPIGNANO,LECCE,PUGLIA,40.13943432632621,18.277487353033795,2,0,90,6,84,6.67
E070,SESTA GODANO,LA SPEZIA,LIGURIA,44.30841920302893,9.686346984399668,2,0,59,12,47,20.34
D216,CUREGGIO,NOVARA,PIEMONTE,45.66797803609999,8.454871937213886,1,0,69,6,63,8.7
B500,CAMPANA,COSENZA,CALABRIA,39.39790146162938,16.82960454164259,2,0,73,8,65,10.96
I327,SANTENA,TORINO,PIEMONTE,44.94421479066423,7.782725452621301,4,0,765,138,627,18.04
C322,CASTILENTI,TERAMO,ABRUZZO,42.535730959085285,13.941346414230464,2,0,94,16,78,17.02
G795,POLLENA TROCCHIA,NAPOLI,CAMPANIA,40.85783444030376,14.38330411848348,6,0,1135,44,1091,3.88
H214,RECOARO TERME,VICENZA,VENETO,45.69629338497834,11.210641660097748,4,0,703,43,660,6.12
A773,BELVEDERE MARITTIMO,COSENZA,CALABRIA,39.63953530332899,15.872745541400567,5,0,1088,42,1046,3.86
I828,SONDALO,SONDRIO,LOMBARDIA,46.343011617824196,10.36695880176855,2,0,210,13,197,6.19
C327,CASTIONS DI STRADA,UDINE,FRIULI-VENEZIA G.,45.88969689609611,13.18382651029535,2,0,192,18,174,9.38
H939,SAN GREGORIO MATESE,CASERTA,CAMPANIA,41.41390018520822,14.377400871932602,2,0,39,0,39,0.0
G370,PATERNOPOLI,AVELLINO,CAMPANIA,40.965336311731285,15.033808936441634,2,0,108,7,101,6.48
B955,CASELETTE,TORINO,PIEMONTE,45.10633705759236,7.470166802339366,2,0,378,30,348,7.94
I663,SERRAVALLE SESIA,VERCELLI,PIEMONTE,45.6726307864882,8.309256902156456,2,0,257,58,199,22.57
B512,CAMPIGLIONE FENILE,TORINO,PIEMONTE,44.80478074186923,7.3272495852337,1,0,73,4,69,5.48
F153,MESE,SONDRIO,LOMBARDIA,46.30815963912798,9.376789955583892,1,0,93,0,93,0.0
C633,CHIEUTI,FOGGIA,PUGLIA,41.87905968847093,15.16422455181018,2,0,81,6,75,7.41
E038,GIOIA DEL COLLE,BARI,PUGLIA,40.77743057750274,16.912010687546683,10,0,2836,215,2621,7.58
H744,SAMBUCA PISTOIESE,PISTOIA,TOSCANA,44.06910781863094,10.997489116803148,2,0,77,4,73,5.19
I641,SERRACAPRIOLA,FOGGIA,PUGLIA,41.82003091845559,15.18873122465123,3,0,267,42,225,15.73
G642,PIEVE DI CADORE,BELLUNO,VENETO,46.41611874113499,12.381545194742042,5,0,552,38,514,6.88
H227,REINO,BENEVENTO,CAMPANIA,41.297394601737935,14.825773679343746,1,0,23,5,18,21.74
E984,MARTIGNANO,LECCE,PUGLIA,40.23811855539575,18.2592675998043,2,0,101,1,100,0.99
M086,VITORCHIANO,VITERBO,LAZIO,42.470367086590166,12.177474199580264,2,0,372,16,356,4.3
E722,LUCITO,CAMPOBASSO,MOLISE,41.72800619047854,14.667943391308867,1,0,24,3,21,12.5
C951,CONCORDIA SULLA SECCHIA,MODENA,EMILIA ROMAGNA,44.92487715621828,11.001989099509991,2,2,557,187,370,33.57
F126,MENFI,AGRIGENTO,SICILIA,37.61210026784166,12.965855567649733,6,0,899,46,853,5.12
C759,CIVIDATE AL PIANO,BERGAMO,LOMBARDIA,45.54523810253555,9.829854786798991,2,2,327,125,202,38.23
E374,ITALA,MESSINA,SICILIA,38.0525130868043,15.428758169640561,1,0,57,3,54,5.26
F083,MEDICINA,BOLOGNA,EMILIA ROMAGNA,44.51432459704792,11.669068409017012,6,0,1506,177,1329,11.75
A746,BELLANTE,TERAMO,ABRUZZO,42.741202423888595,13.810123421202672,4,0,421,36,385,8.55
F411,MONTALENGHE,TORINO,PIEMONTE,45.33158246105294,7.834425172383083,1,0,14,1,13,7.14
B484,CAMISANO,CREMONA,LOMBARDIA,45.445066457462225,9.748174429087086,1,0,49,10,39,20.41
H479,RODI' MILICI,MESSINA,SICILIA,38.079361536943246,15.172982562936804,2,0,85,17,68,20.0
D733,FORZA D'AGRO',MESSINA,SICILIA,37.92475177568794,15.305800566873875,2,0,30,7,23,23.33
B010,BORGO DI TERZO,BERGAMO,LOMBARDIA,45.72535796049419,9.878936297065268,2,0,295,66,229,22.37
D058,CORTE FRANCA,BRESCIA,LOMBARDIA,45.630797257361266,10.002341845186969,2,0,403,39,364,9.68
L199,TOMBOLO,PADOVA,VENETO,45.63481736243309,11.824377676608965,2,0,545,148,397,27.16
H104,QUARGNENTO,ALESSANDRIA,PIEMONTE,44.953992374195984,8.486382337815641,1,0,73,11,62,15.07
A486,ATINA,FROSINONE,LAZIO,41.62121077432033,13.790806486016178,2,0,364,17,347,4.67
D453,FABRIZIA,VIBO VALENTIA,CALABRIA,38.476074432227854,16.29014583850576,2,0,113,0,113,0.0
C266,CASTEL SAN PIETRO ROMANO,ROMA,LAZIO,41.85763930106191,12.901913684867713,1,0,54,1,53,1.85
F607,MONTEROSSO CALABRO,VIBO VALENTIA,CALABRIA,38.7250901133967,16.29246706797711,2,0,75,2,73,2.67
D264,DEGO,SAVONA,LIGURIA,44.45216369370373,8.300460925141673,2,0,175,20,155,11.43
E887,MANGO,CUNEO,PIEMONTE,44.680864352252236,8.153064464403446,2,2,89,37,52,41.57
E309,INVERIGO,COMO,LOMBARDIA,45.73782650466913,9.225391268099585,4,0,599,47,552,7.85
B980,CASOLA DI NAPOLI,NAPOLI,CAMPANIA,40.696080764745226,14.537045022083921,3,0,356,1,355,0.28
D982,GERGEI,SUD SARDEGNA,SARDEGNA,39.69532067716706,9.079409732725159,2,0,42,0,42,0.0
I172,SANTA CESAREA TERME,LECCE,PUGLIA,40.053761806180056,18.446330886915213,5,0,812,53,759,6.53
G659,PIGLIO,FROSINONE,LAZIO,41.82137216378381,13.146261639493956,2,0,225,13,212,5.78
F865,NEMI,ROMA,LAZIO,41.71651366646012,12.707080932721949,2,0,122,16,106,13.11
G851,PONTE NIZZA,PAVIA,LOMBARDIA,44.85474668459999,9.115585524454668,2,0,79,12,67,15.19
E843,MALAGNINO,CREMONA,LOMBARDIA,45.13023269624584,10.116803257352007,1,0,127,14,113,11.02
L356,TRECATE,NOVARA,PIEMONTE,45.43220338756374,8.739759095170632,3,2,1620,658,962,40.62
L414,TRIBANO,PADOVA,VENETO,45.19646212148309,11.838786578858251,2,0,258,40,218,15.5
I479,SAVOGNA D'ISONZO,GORIZIA,FRIULI-VENEZIA G.,45.89231726458829,13.573165586525565,1,0,53,9,44,16.98
F858,NE,GENOVA,LIGURIA,44.3528921730925,9.445959115096423,2,0,101,23,78,22.77
E153,GRAVELLONA TOCE,VERBANO-CUSIO-OSSOLA,PIEMONTE,45.91894648172031,8.437899163417592,2,0,444,107,337,24.1
F499,MONTEFIASCONE,VITERBO,LAZIO,42.53953107602869,12.018904672755616,6,0,1454,120,1334,8.25
I600,SEMINARA,REGGIO CALABRIA,CALABRIA,38.3386798957393,15.878894382740347,2,0,33,2,31,6.06
L462,TUGLIE,LECCE,PUGLIA,40.07716517600258,18.095990644511158,2,0,305,4,301,1.31
G699,PIRAINO,MESSINA,SICILIA,38.15357544576267,14.871171570645242,4,0,207,7,200,3.38
H175,RANDAZZO,CATANIA,SICILIA,37.848117936174205,14.900929246264827,9,0,1236,83,1153,6.72
D491,FARA OLIVANA CON SOLA,BERGAMO,LOMBARDIA,45.49020599266961,9.736850562271705,1,0,65,16,49,24.62
H492,ROGNO,BERGAMO,LOMBARDIA,45.86288692832017,10.116934162859412,1,0,132,36,96,27.27
H847,SAN FRANCESCO AL CAMPO,TORINO,PIEMONTE,45.22980054268491,7.66656137784862,2,0,253,16,237,6.32
H522,RONCA',VERONA,VENETO,45.48464149865081,11.29895473418833,2,0,295,49,246,16.61
F793,MUCCIA,MACERATA,MARCHE,43.0710019177365,13.02420212065098,1,0,44,7,37,15.91
G925,PORTOVENERE,LA SPEZIA,LIGURIA,44.0601443190692,9.832049719130376,2,0,136,4,132,2.94
A214,ALME',BERGAMO,LOMBARDIA,45.73811638646582,9.613592239229531,2,0,345,43,302,12.46
G147,ORUNE,NUORO,SARDEGNA,40.41827690259915,9.328963315429883,2,0,104,0,104,0.0
I793,SOLBIATE ARNO,VARESE,LOMBARDIA,45.71797460955149,8.816133504684208,2,0,415,47,368,11.33
B176,BRIGA NOVARESE,NOVARA,PIEMONTE,45.731647954894065,8.457466276803942,1,0,113,6,107,5.31
G873,PONZANO DI FERMO,FERMO,MARCHE,43.10914583542244,13.657062955397503,2,0,90,16,74,17.78
F628,MONTE SAN SAVINO,AREZZO,TOSCANA,43.34382664648357,11.725329095325337,4,0,494,72,422,14.57
C248,CASTELPLANIO,ANCONA,MARCHE,43.50657593694399,13.104913650378613,2,1,229,67,162,29.26
H304,RIOMAGGIORE,LA SPEZIA,LIGURIA,44.10712753113747,9.744863364396409,2,0,77,4,73,5.19
B403,CALDOGNO,VICENZA,VENETO,45.61120682870857,11.512868662483866,3,0,669,71,598,10.61
A109,AIRASCA,TORINO,PIEMONTE,44.92174091453733,7.483240438571466,2,0,274,35,239,12.77
D124,COTTANELLO,RIETI,LAZIO,42.42094531948042,12.697554901135886,2,0,57,3,54,5.26
H379,ROCCA PIETORE,BELLUNO,VENETO,46.42923824861929,11.931613975696871,1,0,10,0,10,0.0
C116,CASTEL GANDOLFO,ROMA,LAZIO,41.744239071471675,12.651964350580156,3,0,613,27,586,4.4
I471,SAVIGNANO IRPINO,AVELLINO,CAMPANIA,41.213882004978714,15.20892282864773,2,0,57,8,49,14.04
B038,BORGO SAN SIRO,PAVIA,LOMBARDIA,45.24445454671425,8.925715019052497,1,0,43,3,40,6.98
C940,CONCA DEI MARINI,SALERNO,CAMPANIA,40.61739640125975,14.566276079458241,1,0,43,1,42,2.33
D577,FIESSO UMBERTIANO,ROVIGO,VENETO,44.9637776647649,11.603770746584983,2,0,236,52,184,22.03
F399,MONTALBANO JONICO,MATERA,BASILICATA,40.30388708009305,16.57542054961794,3,0,801,82,719,10.24
B711,CAPRIOLO,BRESCIA,LOMBARDIA,45.63514208179879,9.932057723947796,2,0,603,163,440,27.03
I910,SPINETE,CAMPOBASSO,MOLISE,41.54688152384673,14.494723288733473,2,0,62,0,62,0.0
H508,ROMANENGO,CREMONA,LOMBARDIA,45.383574635316094,9.787647178364828,2,0,356,81,275,22.75
H371,ROBECCHETTO CON INDUNO,MILANO,LOMBARDIA,45.5153544242331,8.762402530248249,2,0,323,47,276,14.55
G260,PALAZZO PIGNANO,CREMONA,LOMBARDIA,45.3998570484318,9.582333012577262,2,0,128,21,107,16.41
F867,NEONELI,ORISTANO,SARDEGNA,40.064957857398674,8.981192111030165,1,0,53,2,51,3.77
L703,VEDANO OLONA,VARESE,LOMBARDIA,45.773240091200464,8.887766175244085,3,0,590,75,515,12.71
B406,CALENZANO,FIRENZE,TOSCANA,43.90116575495218,11.194168659243822,4,0,1191,132,1059,11.08
C376,CAVALLERMAGGIORE,CUNEO,PIEMONTE,44.708263089606355,7.6987195885040425,2,0,453,95,358,20.97
F561,MONTE MARENZO,LECCO,LOMBARDIA,45.770596882347,9.453643594590176,1,0,104,4,100,3.85
I886,SPARONE,TORINO,PIEMONTE,45.40883284263369,7.53154089026299,1,0,23,4,19,17.39
D911,GARBAGNA NOVARESE,NOVARA,PIEMONTE,45.39181953783484,8.661651396231314,1,0,64,6,58,9.38
F080,MEDE,PAVIA,LOMBARDIA,45.09499441171916,8.738310478484069,2,0,399,93,306,23.31
D683,FONTEGRECA,CASERTA,CAMPANIA,41.457350766677735,14.185509160649962,2,0,67,1,66,1.49
B881,CASALE CREMASCO-VIDOLASCO,CREMONA,LOMBARDIA,45.44060765113071,9.717790181396264,1,0,82,18,64,21.95
H467,ROCCHETTA SANT'ANTONIO,FOGGIA,PUGLIA,41.10157502228838,15.483022890553924,2,0,92,5,87,5.43
D352,DOSSENA,BERGAMO,LOMBARDIA,45.894799583770435,9.701052186489976,1,0,33,1,32,3.03
A421,ARNARA,FROSINONE,LAZIO,41.5852056773134,13.381200247607511,1,0,56,2,54,3.57
C319,CASTIGLION FIORENTINO,AREZZO,TOSCANA,43.32929757679533,11.92687930892223,7,0,1657,191,1466,11.53
D597,FILOTTRANO,ANCONA,MARCHE,43.43926066849434,13.348273861822141,2,0,618,57,561,9.22
C428,CELENZA SUL TRIGNO,CHIETI,ABRUZZO,41.88311986782129,14.584266733359259,2,0,55,2,53,3.64
G995,PRATELLA,CASERTA,CAMPANIA,41.40319252874045,14.143917861365018,2,0,27,0,27,0.0
E523,LENI,MESSINA,SICILIA,38.556312071655235,14.826501841094515,1,0,31,1,30,3.23
G110,ORIOLO,COSENZA,CALABRIA,40.04494361774202,16.45978910350665,3,0,107,10,97,9.35
C928,COMITINI,AGRIGENTO,SICILIA,37.413979094010536,13.65943562677297,2,0,32,2,30,6.25
E954,MARIGLIANELLA,NAPOLI,CAMPANIA,40.93098956767086,14.434317975186705,2,0,461,13,448,2.82
L977,VILLANOVA DEL SILLARO,LODI,LOMBARDIA,45.240873809290804,9.473230961562985,1,0,96,27,69,28.13
E613,LISCIANO NICCONE,PERUGIA,UMBRIA,43.242542246330444,12.160979321537082,1,0,30,7,23,23.33
M108,VODO CADORE,BELLUNO,VENETO,46.41404869685422,12.213494359114597,1,0,46,8,38,17.39
H074,PROSERPIO,COMO,LOMBARDIA,45.82992065785908,9.252532561573203,1,0,67,7,60,10.45
E798,MAENZA,LATINA,LAZIO,41.54278183009301,13.183073555992008,2,0,187,6,181,3.21
M085,VITO D'ASIO,PORDENONE,FRIULI-VENEZIA G.,46.278249755368066,12.94393058495401,1,0,22,4,18,18.18
F089,MEDUNO,PORDENONE,FRIULI-VENEZIA G.,46.22529053189121,12.788569441404137,2,0,188,16,172,8.51
G546,PIAN CAMUNO,BRESCIA,LOMBARDIA,45.8302555094386,10.161988789390207,3,1,206,56,150,27.18
I405,SAN VITO DI FAGAGNA,UDINE,FRIULI-VENEZIA G.,46.08452674937245,13.054566618839644,1,0,58,4,54,6.9
I301,SANTA PAOLINA,AVELLINO,CAMPANIA,41.01624379365285,14.851532259897649,1,0,46,4,42,8.7
A119,ALAGNA VALSESIA,VERCELLI,PIEMONTE,45.84326218948271,7.9172027089262675,1,0,27,1,26,3.7
H870,SAN GIACOMO DELLE SEGNATE,MANTOVA,LOMBARDIA,44.967981950674485,11.017015239725323,2,1,144,35,109,24.31
H094,PUSIANO,COMO,LOMBARDIA,45.8177187067234,9.282820847870562,2,0,227,8,219,3.52
H618,ROVIANO,ROMA,LAZIO,42.029377372315295,12.994291672823199,2,0,62,15,47,24.19
C982,CORANA,PAVIA,LOMBARDIA,45.06716664490097,8.97162315511693,1,0,31,3,28,9.68
B984,CASOLE D'ELSA,SIENA,TOSCANA,43.31291883567193,11.07547206080125,2,0,247,26,221,10.53
H501,ROMA,ROMA,LAZIO,41.885270800141825,12.460733720023091,755,114,277886,37260,240626,13.41
E202,GROSSETO,GROSSETO,TOSCANA,42.76719550523176,11.090152044765347,44,1,11184,1239,9945,11.08
C413,CECCANO,FROSINONE,LAZIO,41.56646955784196,13.331201993543221,12,0,2802,94,2708,3.35
H842,SAN FILIPPO DEL MELA,MESSINA,SICILIA,38.18339600198069,15.27665673089518,6,0,524,33,491,6.3
F258,MODICA,RAGUSA,SICILIA,36.85392967337995,14.822814657604098,32,1,7367,436,6931,5.92
A345,L'AQUILA,L'AQUILA,ABRUZZO,42.39341818904522,13.42470322868555,34,1,9044,1009,8035,11.16
G348,PARTINICO,PALERMO,SICILIA,38.02494630787901,13.064926772939964,20,0,6032,219,5813,3.63
D828,FUSCALDO,COSENZA,CALABRIA,39.4363723129272,16.040589427686587,6,0,695,13,682,1.87
H635,RUFINA,FIRENZE,TOSCANA,43.8178734506273,11.533697148754232,3,0,411,69,342,16.79
L501,URBISAGLIA,MACERATA,MARCHE,43.204410579236,13.391550557103757,2,0,165,17,148,10.3
D474,FALCONE,MESSINA,SICILIA,38.10399371952293,15.067055281095627,3,0,163,16,147,9.82
E655,LOIANO,BOLOGNA,EMILIA ROMAGNA,44.281938743959685,11.326746605917485,3,0,319,50,269,15.67
H689,SALARA,ROVIGO,VENETO,44.98580025254129,11.422201678960825,1,0,21,4,17,19.05
L948,VILLAFRANCA PIEMONTE,TORINO,PIEMONTE,44.795722039429045,7.485096502262798,2,0,323,30,293,9.29
A737,BELFIORE,VERONA,VENETO,45.37452782597902,11.217155238144132,2,0,272,65,207,23.9
F357,SERRAMAZZONI,MODENA,EMILIA ROMAGNA,44.43368593099268,10.812212963511936,5,1,445,124,321,27.87
L810,VESTENANOVA,VERONA,VENETO,45.583113131284485,11.215723808647951,3,0,184,37,147,20.11
I304,SANTARCANGELO DI ROMAGNA,RIMINI,EMILIA ROMAGNA,44.05250404181184,12.435863572283251,8,1,2268,350,1918,15.43
A703,BASSANO DEL GRAPPA,VICENZA,VENETO,45.774084263242855,11.707222673380624,27,2,10927,992,9935,9.08
L502,URGNANO,BERGAMO,LOMBARDIA,45.60420255548672,9.707111402725284,3,0,852,181,671,21.24
L424,TRIESTE,TRIESTE,FRIULI-VENEZIA G.,45.663767180892656,13.798721787458268,79,11,19434,2785,16649,14.33
L593,VALLE LOMELLINA,PAVIA,LOMBARDIA,45.15669268165866,8.672205565030081,2,1,148,45,103,30.41
E506,LECCE,LECCE,PUGLIA,40.40201834643054,18.177766079665908,45,2,19737,1072,18665,5.43
F573,MONTEMURRO,POTENZA,BASILICATA,40.314422717793384,15.996272835413505,2,0,47,0,47,0.0
G919,PORTO RECANATI,MACERATA,MARCHE,43.43631639669736,13.645037944361617,2,2,781,311,470,39.82
A883,BISCEGLIE,BARLETTA-ANDRIA-TRANI,PUGLIA,41.205072470407096,16.485278567345677,17,0,5501,133,5368,2.42
I177,SANTA CROCE SULL'ARNO,PISA,TOSCANA,43.73462676450112,10.749657385776386,6,4,1151,500,651,43.44
E930,MARCIANA,LIVORNO,TOSCANA,42.78153848139345,10.16762966181877,2,0,38,5,33,13.16
A123,ALATRI,FROSINONE,LAZIO,41.727949595640645,13.360336427167635,18,0,3471,238,3233,6.86
C195,CASTELLUCCHIO,MANTOVA,LOMBARDIA,45.148238305039854,10.633428628614375,2,1,377,120,257,31.83
D345,DORGALI,NUORO,SARDEGNA,40.29610453381881,9.556639386386184,5,0,738,62,676,8.4
F137,NOVAFELTRIA,RIMINI,EMILIA ROMAGNA,43.900277698454,12.278333748537541,8,1,1349,217,1132,16.09
H447,ROCCASPARVERA,CUNEO,PIEMONTE,44.34496833034097,7.432912646625993,1,0,84,1,83,1.19
A048,ACQUAVIVA DELLE FONTI,BARI,PUGLIA,40.881197002355776,16.841351986188315,14,0,3608,170,3438,4.71
F976,NULE,SASSARI,SARDEGNA,40.48360197663761,9.219807660986323,2,0,71,1,70,1.41
H821,SANDIGLIANO,BIELLA,PIEMONTE,45.51209587612327,8.07823644872881,2,0,295,8,287,2.71
A310,FIUGGI,FROSINONE,LAZIO,41.80881699929072,13.221615989854364,5,0,1174,107,1067,9.11
G467,SAN GIOVANNI IN PERSICETO,BOLOGNA,EMILIA ROMAGNA,44.66039267162039,11.203302012108763,9,1,3521,571,2950,16.22
F262,MODUGNO,BARI,PUGLIA,41.08383635993088,16.784939052979027,14,0,3260,174,3086,5.34
D086,COSENZA,COSENZA,CALABRIA,39.27836834175082,16.271276505300794,38,0,12959,644,12315,4.97
A026,ACI CASTELLO,CATANIA,SICILIA,37.55592128244939,15.139422535540344,6,0,737,21,716,2.85
C230,CASTELNUOVO CALCEA,ASTI,PIEMONTE,44.786889303379624,8.286695423645202,1,0,13,0,13,0.0
B903,VILLAPIANA,COSENZA,CALABRIA,39.830247592446206,16.47467352517576,4,0,380,92,288,24.21
H301,RIOLA SARDO,ORISTANO,SARDEGNA,39.99171521861535,8.492294349193793,2,0,79,3,76,3.8
A625,BARBANIA,TORINO,PIEMONTE,45.29436067103461,7.62061771089161,1,0,43,2,41,4.65
A025,ACI BONACCORSI,CATANIA,SICILIA,37.59536224886001,15.108124448280698,3,0,600,10,590,1.67
E522,LENDINARA,ROVIGO,VENETO,45.07519928505515,11.586602872217314,3,1,571,172,399,30.12
D976,LOCRI,REGGIO CALABRIA,CALABRIA,38.23858593950995,16.239235516029122,12,0,3707,190,3517,5.13
E336,ISILI,SUD SARDEGNA,SARDEGNA,39.76804662198281,9.129787090477516,5,0,737,7,730,0.95
C890,COLOGNA VENETA,VERONA,VENETO,45.30829091790686,11.398102467602962,4,2,1014,189,825,18.64
G842,PONTE DELL'OLIO,PIACENZA,EMILIA ROMAGNA,44.85863553975799,9.664986511180405,2,0,281,55,226,19.57
D464,FAGNANO CASTELLO,COSENZA,CALABRIA,39.5556741494675,16.048311429899027,4,0,322,9,313,2.8
A512,AVERSA,CASERTA,CAMPANIA,40.97123256866952,14.207141508527743,31,0,16788,710,16078,4.23
B916,CASALUCE,CASERTA,CAMPANIA,41.01960649734838,14.202203360907667,2,0,642,36,606,5.61
A131,ALBANO DI LUCANIA,POTENZA,BASILICATA,40.60254942370917,16.036449389338244,2,0,87,2,85,2.3
H282,RIETI,RIETI,LAZIO,42.40553813256665,12.85053642676915,28,0,6911,542,6369,7.84
C938,CONA,VENEZIA,VENETO,45.17880410268615,12.080622616874054,2,0,147,18,129,12.24
I452,SASSARI,SASSARI,SARDEGNA,40.744713748765975,8.364228701814643,56,1,16637,508,16129,3.05
D502,FARINI,PIACENZA,EMILIA ROMAGNA,44.70156474041151,9.568841728155295,2,0,28,6,22,21.43
I086,SAN PIERO PATTI,MESSINA,SICILIA,38.03867364737141,14.962280420324092,2,0,143,5,138,3.5
E879,MANDELLO DEL LARIO,LECCO,LOMBARDIA,45.92534838168831,9.347100666881655,2,0,464,69,395,14.87
I690,SESTO SAN GIOVANNI,MILANO,LOMBARDIA,45.535051427342715,9.242417409632495,22,16,7282,2428,4854,33.34
C291,CASTEL VOLTURNO,CASERTA,CAMPANIA,41.025608355773095,13.97178242380543,11,0,3283,496,2787,15.11
G316,PANTIGLIATE,MILANO,LOMBARDIA,45.44069803961681,9.359903935423171,2,0,426,47,379,11.03
H798,SAN CIPRIANO D'AVERSA,CASERTA,CAMPANIA,40.99346606609673,14.119882765008382,4,0,1281,69,1212,5.39
D493,FARA IN SABINA,RIETI,LAZIO,42.18634994816516,12.696936891214623,10,1,2559,409,2150,15.98
B229,BRUSNENGO,BIELLA,PIEMONTE,45.57245528892679,8.267173089778423,2,0,126,3,123,2.38
A132,ALBANO LAZIALE,ROMA,LAZIO,41.7102167816422,12.632990964787075,10,0,3524,437,3087,12.4
D998,GESUALDO,AVELLINO,CAMPANIA,41.00653734173641,15.066015910329126,3,0,210,7,203,3.33
M184,ZOGNO,BERGAMO,LOMBARDIA,45.79424156582502,9.680243486977442,10,0,1778,73,1705,4.11
D165,CREVACUORE,BIELLA,PIEMONTE,45.696227644458475,8.210784218849765,2,0,133,22,111,16.54
H642,RUSSI,RAVENNA,EMILIA ROMAGNA,44.37262151484176,12.04750263932401,4,0,853,178,675,20.87
E504,LAZZATE,MONZA E DELLA BRIANZA,LOMBARDIA,45.674434134565026,9.08113551041757,2,0,574,41,533,7.14
I785,SOLARINO,SIRACUSA,SICILIA,37.102772084578646,15.109861883932851,2,0,515,50,465,9.71
M274,GOLFO ARANCI,SASSARI,SARDEGNA,40.9877304968825,9.57391543579411,3,0,116,10,106,8.62
H906,SAN GIOVANNI AL NATISONE,UDINE,FRIULI-VENEZIA G.,45.96452421005745,13.408132884056949,3,1,267,85,182,31.84
C980,COPPARO,FERRARA,EMILIA ROMAGNA,44.90255162738659,11.860856152116655,3,0,696,140,556,20.11
B810,CAROVILLI,ISERNIA,MOLISE,41.70884419040162,14.291880392137836,2,0,112,6,106,5.36
G634,PIEVE EMANUELE,MILANO,LOMBARDIA,45.352229009988854,9.196103798408629,5,0,996,246,750,24.7
C126,CASTELLAFIUME,L'AQUILA,ABRUZZO,41.977707095026624,13.324293995394038,1,0,37,4,33,10.81
F241,MIRANO,VENEZIA,VENETO,45.485489353604976,12.087635986360922,16,0,5712,567,5145,9.93
L938,VILLA D'OGNA,BERGAMO,LOMBARDIA,45.907959902726866,9.933344111313662,1,0,75,6,69,8.0
B639,CANTU',COMO,LOMBARDIA,45.73916658147199,9.139815041780803,18,3,4884,581,4303,11.9
A334,APPIGNANO,MACERATA,MARCHE,43.37045611058216,13.360488336417747,2,0,282,67,215,23.76
I105,SAN PIETRO DI MORUBIO,VERONA,VENETO,45.24250191769148,11.201504919634736,2,0,239,24,215,10.04
F378,MONRUPINO,TRIESTE,FRIULI-VENEZIA G.,45.717229357596224,13.802817099567493,1,0,21,0,21,0.0
I667,SERRENTI,SUD SARDEGNA,SARDEGNA,39.499986479557826,8.972430111681856,3,0,253,3,250,1.19
B365,CAINO,BRESCIA,LOMBARDIA,45.617104054512794,10.325286076047707,1,0,76,12,64,15.79
E848,MALCESINE,VERONA,VENETO,45.76886079688187,10.83073290310739,2,0,216,17,199,7.87
L711,VEGLIE,LECCE,PUGLIA,40.342506107590374,17.924599674969436,3,0,877,10,867,1.14
C904,COLORNO,PARMA,EMILIA ROMAGNA,44.94127130105028,10.380556932709633,2,2,653,211,442,32.31
L762,VERGATO,BOLOGNA,EMILIA ROMAGNA,44.291320679909056,11.085786464096104,7,4,1213,295,918,24.32
G598,PIEDIMONTE SAN GERMANO,FROSINONE,LAZIO,41.48502335738641,13.749690285828404,3,0,448,21,427,4.69
C782,CIVITELLA PAGANICO,GROSSETO,TOSCANA,43.00419545995401,11.289014709274964,3,2,171,48,123,28.07
D972,GENZANO DI ROMA,ROMA,LAZIO,41.67637672344664,12.706686075690763,10,0,3156,288,2868,9.13
E605,LIONI,AVELLINO,CAMPANIA,40.862044032307224,15.184811522631554,6,0,757,57,700,7.53
L035,TALAMONA,SONDRIO,LOMBARDIA,46.122747467093404,9.627690229564092,2,0,379,11,368,2.9
E735,LUISAGO,COMO,LOMBARDIA,45.76085951916383,9.041287168827141,1,0,101,11,90,10.89
L924,VILLACIDRO,SUD SARDEGNA,SARDEGNA,39.443353711093565,8.73438989759254,8,0,1307,24,1283,1.84
B868,CASALBUONO,SALERNO,CAMPANIA,40.217116688825506,15.694615367189025,2,0,63,7,56,11.11
C557,CERVINARA,AVELLINO,CAMPANIA,41.01594930392914,14.624871021744328,7,0,826,17,809,2.06
I917,SPINOSO,POTENZA,BASILICATA,40.24293947483239,15.961061318402393,2,0,45,3,42,6.67
D604,FINO DEL MONTE,BERGAMO,LOMBARDIA,45.907101396480506,9.996429987709817,1,0,88,2,86,2.27
I977,STREVI,ALESSANDRIA,PIEMONTE,44.69837363164571,8.521326299502258,1,1,57,27,30,47.37
C304,CASTIGLIONE D'ADDA,LODI,LOMBARDIA,45.222692331348675,9.701706463751892,2,0,320,71,249,22.19
B232,BRUZOLO,TORINO,PIEMONTE,45.158507440767025,7.198779489701853,1,0,44,1,43,2.27
F324,MONASTERACE,REGGIO CALABRIA,CALABRIA,38.45008271719281,16.559633305991543,3,0,248,19,229,7.66
I330,SANTERAMO IN COLLE,BARI,PUGLIA,40.780681641353766,16.744903725366704,11,0,2789,350,2439,12.55
C661,CHIUSDINO,SIENA,TOSCANA,43.17004547490653,11.128592150431036,2,1,116,38,78,32.76
G704,PISONIANO,ROMA,LAZIO,41.909705137145316,12.962480437496133,2,0,260,29,231,11.15
E997,MARZANO DI NOLA,AVELLINO,CAMPANIA,40.90021399385203,14.582895654112802,3,0,249,11,238,4.42
A560,BAGNI DI LUCCA,LUCCA,TOSCANA,44.03907251360827,10.638979021189158,4,1,275,38,237,13.82
G317,PAOLA,COSENZA,CALABRIA,39.36149309787141,16.062265353356285,14,0,2247,76,2171,3.38
L312,TOSCOLANO-MADERNO,BRESCIA,LOMBARDIA,45.65690618440536,10.60856829664509,2,0,374,97,277,25.94
F696,MONTORSO VICENTINO,VICENZA,VENETO,45.49146895334603,11.356041863765531,2,0,219,36,183,16.44
E448,LAPIO,AVELLINO,CAMPANIA,40.97801009924924,14.936305309911658,2,0,62,3,59,4.84
A263,AMENDOLARA,COSENZA,CALABRIA,39.957953171167055,16.5575622286205,2,0,135,5,130,3.7
I364,VILLA SANTO STEFANO,FROSINONE,LAZIO,41.50972762921661,13.313177976566358,1,0,64,5,59,7.81
I189,SANT'AGAPITO,ISERNIA,MOLISE,41.54474673711388,14.21548378316611,1,0,74,2,72,2.7
F605,MONTERONI D'ARBIA,SIENA,TOSCANA,43.2191052695725,11.3894795444832,2,0,608,134,474,22.04
A075,AGNA,PADOVA,VENETO,45.17537289117362,11.96532664296727,2,0,228,39,189,17.11
L771,VERNANTE,CUNEO,PIEMONTE,44.217080300891354,7.516322077644168,2,0,95,8,87,8.42
C269,CASTEL SANT'ELIA,VITERBO,LAZIO,42.25141632848937,12.380112303185806,2,0,138,21,117,15.22
E863,MALNATE,VARESE,LOMBARDIA,45.79714277759542,8.88229783829788,4,0,1103,127,976,11.51
A370,ARCINAZZO ROMANO,ROMA,LAZIO,41.86647778234726,13.13906019160648,1,0,15,1,14,6.67
D066,CORTENUOVA,BERGAMO,LOMBARDIA,45.53332150660194,9.802876433645972,1,0,104,29,75,27.88
M091,VITTUONE,MILANO,LOMBARDIA,45.479196737097105,8.955863737981163,4,0,1350,196,1154,14.52
E799,MAFALDA,CAMPOBASSO,MOLISE,41.951672991737524,14.708112374708898,2,0,63,0,63,0.0
I114,SAN PIETRO IN GUARANO,COSENZA,CALABRIA,39.357335287202496,16.35100302879457,2,0,147,4,143,2.72
I188,SANTA FLAVIA,PALERMO,SICILIA,38.06224328614047,13.518085322381665,4,0,588,10,578,1.7
C527,CERRETO DI SPOLETO,PERUGIA,UMBRIA,42.814994572221764,12.920303913882037,3,0,124,7,117,5.65
E056,GIULIANO TEATINO,CHIETI,ABRUZZO,42.31198231095005,14.283695324199538,2,0,95,7,88,7.37
F851,NAVE,BRESCIA,LOMBARDIA,45.589857825371,10.287627982628637,4,0,564,96,468,17.02
D673,FONTANELLATO,PARMA,EMILIA ROMAGNA,44.88079477152685,10.164300715986126,2,1,452,130,322,28.76
F111,MELITO DI NAPOLI,NAPOLI,CAMPANIA,40.919231438815785,14.230824328461736,7,0,2870,75,2795,2.61
F423,MONTANASO LOMBARDO,LODI,LOMBARDIA,45.33582834825886,9.460552427748727,1,0,124,15,109,12.1
G098,ORIA,BRINDISI,PUGLIA,40.491827841936406,17.660279027816117,6,0,1139,15,1124,1.32
A810,BERTIOLO,UDINE,FRIULI-VENEZIA G.,45.93607339093863,13.060894836797159,1,0,149,11,138,7.38
L064,TAURISANO,LECCE,PUGLIA,39.95151513067029,18.2180540756043,4,0,893,13,880,1.46
I864,SORTINO,SIRACUSA,SICILIA,37.140217303353786,15.037801773659984,4,0,498,3,495,0.6
A660,BARGE,CUNEO,PIEMONTE,44.72878942311857,7.348687919199658,5,3,751,173,578,23.04
I037,SAN MICHELE MONDOVI',CUNEO,PIEMONTE,44.368868288016856,7.920805425637224,2,2,139,45,94,32.37
H683,SALA CONSILINA,SALERNO,CAMPANIA,40.39859105214325,15.605613984178344,13,0,1632,108,1524,6.62
A033,ACQUAFORMOSA,COSENZA,CALABRIA,39.72481196398395,16.08706662115224,2,1,43,16,27,37.21
B760,CAREGGINE,LUCCA,TOSCANA,44.0966820704775,10.320892022751663,1,0,15,0,15,0.0
E155,GRAVINA IN PUGLIA,BARI,PUGLIA,40.84084860941836,16.363955612482922,17,0,4992,205,4787,4.11
I337,SANTHIA',VERCELLI,PIEMONTE,45.38315383455249,8.19557853719832,4,1,818,149,669,18.22
L667,VAPRIO D'ADDA,MILANO,LOMBARDIA,45.5737197051271,9.52127540759091,2,1,658,218,440,33.13
G009,OGGIONO,LECCO,LOMBARDIA,45.791657158141014,9.344725490345429,5,0,1794,178,1616,9.92
E027,GIFFONI VALLE PIANA,SALERNO,CAMPANIA,40.74626109797143,14.937589393448247,7,0,930,14,916,1.51
D674,FONTANELLE,TREVISO,VENETO,45.82399892756002,12.458466623083089,3,0,417,52,365,12.47
C955,CONDOVE,TORINO,PIEMONTE,45.15716794380232,7.272001402128611,2,0,383,22,361,5.74
C784,CIVITELLA SAN PAOLO,ROMA,LAZIO,42.19726289744598,12.566801167445439,2,2,106,48,58,45.28
B084,BOSSOLASCO,CUNEO,PIEMONTE,44.531940754871236,8.050864825831894,2,0,75,13,62,17.33
A817,BERZO INFERIORE,BRESCIA,LOMBARDIA,45.897309519105484,10.2956260778468,2,0,179,30,149,16.76
F148,MERLARA,PADOVA,VENETO,45.15986974041082,11.45809849311704,2,0,163,17,146,10.43
G196,OULX,TORINO,PIEMONTE,45.04446087615923,6.798528082734241,6,0,1095,110,985,10.05
C903,COLORINA,SONDRIO,LOMBARDIA,46.14110713339052,9.720989147246502,1,0,46,4,42,8.7
D095,COSSERIA,SAVONA,LIGURIA,44.37402679808491,8.243962994956895,1,0,48,3,45,6.25
G374,PATRICA,FROSINONE,LAZIO,41.59184594941975,13.256967046041446,2,0,141,7,134,4.96
C534,CERRO AL VOLTURNO,ISERNIA,MOLISE,41.659822806916196,14.110934146514023,2,0,64,5,59,7.81
B043,BORGO TICINO,NOVARA,PIEMONTE,45.69200196594571,8.599096571922095,2,0,311,39,272,12.54
F582,MONTEODORISIO,CHIETI,ABRUZZO,42.094560946576905,14.650251875475377,2,0,125,1,124,0.8
E409,LAGONEGRO,POTENZA,BASILICATA,40.15767974986457,15.776511814057399,8,0,1088,31,1057,2.85
F567,POLLENZA,MACERATA,MARCHE,43.26228496999266,13.353901681954985,3,0,442,41,401,9.28
G227,PADULI,BENEVENTO,CAMPANIA,41.1762104852012,14.897766858290998,2,0,204,6,198,2.94
L567,VALEGGIO SUL MINCIO,VERONA,VENETO,45.35377465670195,10.741720397170702,3,0,1589,249,1340,15.67
G143,LUNI,LA SPEZIA,LIGURIA,44.08329200491648,10.041275310376077,4,0,439,32,407,7.29
D309,DIVIGNANO,NOVARA,PIEMONTE,45.65556361445847,8.597981430399983,1,0,23,2,21,8.7
A256,AMASENO,FROSINONE,LAZIO,41.45119428716863,13.328667666185122,2,0,270,24,246,8.89
A874,BINETTO,BARI,PUGLIA,41.0092539122265,16.699267743421995,2,0,232,0,232,0.0
I096,SAN PIETRO AVELLANA,ISERNIA,MOLISE,41.80936635543143,14.1980836617335,1,0,7,1,6,14.29
C420,CEFALA' DIANA,PALERMO,SICILIA,37.913083856179,13.465130947878338,1,0,29,0,29,0.0
G228,PAESANA,CUNEO,PIEMONTE,44.67126030531487,7.247240342277037,2,0,161,16,145,9.94
L366,TREIA,MACERATA,MARCHE,43.31542705315938,13.315936118084931,4,0,494,101,393,20.45
L240,TORRE DI RUGGIERO,CATANZARO,CALABRIA,38.6590473348173,16.35814937263791,2,0,62,0,62,0.0
G453,PERGOLA,PESARO E URBINO,MARCHE,43.569424053704935,12.835258253767762,3,0,500,45,455,9.0
H342,RIVAROLO MANTOVANO,MANTOVA,LOMBARDIA,45.0689126213611,10.44802765186491,2,0,158,26,132,16.46
A986,BORDOLANO,CREMONA,LOMBARDIA,45.289226219952056,9.978743641676049,1,1,50,38,12,76.0
G025,OLGIATE COMASCO,COMO,LOMBARDIA,45.786073384092376,8.970348734232042,6,0,1861,190,1671,10.21
I193,SANT'AGATA DI PUGLIA,FOGGIA,PUGLIA,41.14547416707384,15.383890347476767,3,0,174,14,160,8.05
A864,BIENTINA,PISA,TOSCANA,43.72949675073926,10.641865474998802,3,0,665,56,609,8.42
E515,LEGNARO,PADOVA,VENETO,45.34330910072518,11.96483385741732,3,0,614,72,542,11.73
E906,MARANO DI NAPOLI,NAPOLI,CAMPANIA,40.89144356119198,14.169592493521654,16,0,6470,117,6353,1.81
I428,SARDARA,SUD SARDEGNA,SARDEGNA,39.60874707600502,8.807553485692848,2,0,245,5,240,2.04
D983,GERMAGNANO,TORINO,PIEMONTE,45.25196068735846,7.456585689387149,1,0,47,7,40,14.89
L397,TREVI,PERUGIA,UMBRIA,42.88151103481951,12.75564838177153,3,0,437,72,365,16.48
G402,PEDARA,CATANIA,SICILIA,37.6388223124378,15.052152042837937,4,0,1047,19,1028,1.81
L081,TAVULLIA,PESARO E URBINO,MARCHE,43.88533574129711,12.750763388729268,4,0,890,99,791,11.12
H150,RACCONIGI,CUNEO,PIEMONTE,44.77626598659458,7.673037441704587,5,0,977,196,781,20.06
H645,RUVO DI PUGLIA,BARI,PUGLIA,41.04057091647344,16.426401950564696,8,0,2902,106,2796,3.65
E141,GRANDOLA ED UNITI,COMO,LOMBARDIA,46.04376596546378,9.194658556822393,1,0,41,8,33,19.51
I258,SANT'AMBROGIO DI TORINO,TORINO,PIEMONTE,45.0967114377739,7.359328696782406,3,0,238,46,192,19.33
F848,NASO,MESSINA,SICILIA,38.12135573849421,14.774098888441053,3,0,161,2,159,1.24
B073,BOSCO CHIESANUOVA,VERONA,VENETO,45.65379370487038,11.046538554131946,3,0,234,33,201,14.1
B178,BRIGNANO GERA D'ADDA,BERGAMO,LOMBARDIA,45.54791896480251,9.654390624309348,2,1,442,131,311,29.64
A267,AMPEZZO,UDINE,FRIULI-VENEZIA G.,46.41871476054277,12.750853401361743,2,0,59,2,57,3.39
I243,SANTA MARIA HOE',LECCO,LOMBARDIA,45.74381384305036,9.378319921297404,1,0,87,11,76,12.64
F108,MELISSA,CROTONE,CALABRIA,39.304516778814765,17.044270181594246,3,0,232,20,212,8.62
H070,PRIZZI,PALERMO,SICILIA,37.735797261650134,13.45248328222232,3,0,454,3,451,0.66
G875,PONZANO VENETO,TREVISO,VENETO,45.72201595582347,12.196215917854666,5,0,1030,105,925,10.19
G600,PIEDIMULERA,VERBANO-CUSIO-OSSOLA,PIEMONTE,46.02346545103479,8.24762927335438,1,0,57,5,52,8.77
B671,CAPONAGO,MONZA E DELLA BRIANZA,LOMBARDIA,45.5660616564135,9.377909336046885,2,0,370,38,332,10.27
B767,CARESANA,VERCELLI,PIEMONTE,45.22116544577522,8.50851171702256,2,0,79,10,69,12.66
A371,ARCISATE,VARESE,LOMBARDIA,45.85491737465067,8.87041842321475,4,0,680,77,603,11.32
F711,MORAZZONE,VARESE,LOMBARDIA,45.76288106117442,8.833747704067333,2,0,218,22,196,10.09
F904,NOALE,VENEZIA,VENETO,45.55365158618327,12.067797394015832,5,0,1150,160,990,13.91
E342,MADESIMO,SONDRIO,LOMBARDIA,46.45936077877176,9.330562484928011,1,0,13,0,13,0.0
G484,PESCASSEROLI,L'AQUILA,ABRUZZO,41.80961001597713,13.791217275949396,2,0,94,9,85,9.57
D920,GARESSIO,CUNEO,PIEMONTE,44.198834863932596,7.992914020976923,2,0,166,28,138,16.87
E422,LALLIO,BERGAMO,LOMBARDIA,45.66219121314901,9.627295958775644,2,0,282,46,236,16.31
A422,ARNASCO,SAVONA,LIGURIA,44.08058788178886,8.106406430002162,1,1,15,6,9,40.0
D689,FORANO,RIETI,LAZIO,42.28376955572154,12.605494306845227,2,0,161,32,129,19.88
C430,CELICO,COSENZA,CALABRIA,39.387839176379806,16.444679247897145,2,0,97,4,93,4.12
E892,MANOPPELLO,PESCARA,ABRUZZO,42.279876095005044,14.065122763990265,3,0,501,19,482,3.79
I472,SAVIGNANO SUL RUBICONE,FORLI'-CESENA,EMILIA ROMAGNA,44.10158371907134,12.399315197028526,8,3,2222,551,1671,24.8
B238,BUCCHIANICO,CHIETI,ABRUZZO,42.304624118170054,14.176473469634423,2,0,285,17,268,5.96
I783,SOLAGNA,VICENZA,VENETO,45.84407931360319,11.721355129109321,2,0,103,9,94,8.74
H090,PULSANO,TARANTO,PUGLIA,40.37177911987262,17.365368833105936,5,0,1162,21,1141,1.81
M027,VILLASTELLONE,TORINO,PIEMONTE,44.91654673914127,7.740166191927233,2,0,275,39,236,14.18
A615,BARAGIANO,POTENZA,BASILICATA,40.694482503608,15.598478908879398,2,0,152,17,135,11.18
M369,ALTO RENO TERME,BOLOGNA,EMILIA ROMAGNA,44.12786208929941,10.936105097221414,7,2,1256,235,1021,18.71
M026,VILLASPECIOSA,SUD SARDEGNA,SARDEGNA,39.296916091088974,8.893614088234562,2,0,201,2,199,1.0
H020,PREDORE,BERGAMO,LOMBARDIA,45.685240412983894,10.018541443115014,2,0,83,8,75,9.64
H684,SALBERTRAND,TORINO,PIEMONTE,45.07505971141825,6.8827315151389366,1,1,15,10,5,66.67
C262,CASTEL SAN LORENZO,SALERNO,CAMPANIA,40.419123516781546,15.215748230873599,2,0,130,10,120,7.69
F456,MONTE CASTELLO DI VIBIO,PERUGIA,UMBRIA,42.8267226474571,12.343189232192463,1,0,18,2,16,11.11
A327,APECCHIO,PESARO E URBINO,MARCHE,43.557786499678635,12.418813271987997,3,0,94,20,74,21.28
I121,SAN PIO DELLE CAMERE,L'AQUILA,ABRUZZO,42.29034956537466,13.649188448450417,2,0,110,26,84,23.64
G820,PONDERANO,BIELLA,PIEMONTE,45.530802405899706,8.050498767738915,2,0,251,18,233,7.17
L489,ULASSAI,NUORO,SARDEGNA,39.73026432264717,9.476242414416554,2,0,86,1,85,1.16
E372,VASTO,CHIETI,ABRUZZO,42.120977786196875,14.694670994362605,15,0,6174,369,5805,5.98
H646,RUVO DEL MONTE,POTENZA,BASILICATA,40.87304311134373,15.540222681352482,2,0,35,3,32,8.57
I072,SAN PAOLO DI CIVITATE,FOGGIA,PUGLIA,41.76301717951228,15.259746562429532,2,0,361,25,336,6.93
D848,GAGLIANICO,BIELLA,PIEMONTE,45.534726267603425,8.080606521527594,2,0,195,23,172,11.79
H410,ROCCAFRANCA,BRESCIA,LOMBARDIA,45.45485725010221,9.91774641723635,2,2,410,152,258,37.07
D711,FORMIGINE,MODENA,EMILIA ROMAGNA,44.579712959010614,10.846050720685371,6,0,2448,201,2247,8.21
G521,PETTINENGO,BIELLA,PIEMONTE,45.66627421712353,8.065367916584743,2,0,50,6,44,12.0
F791,MOZZO,BERGAMO,LOMBARDIA,45.70232921633093,9.609238623258797,2,0,433,61,372,14.09
H117,QUARTO D'ALTINO,VENEZIA,VENETO,45.56082986998453,12.408922689242786,3,0,507,117,390,23.08
I026,SAN MAURO MARCHESATO,CROTONE,CALABRIA,39.08761062572521,16.93257459447008,2,0,113,1,112,0.88
G768,POGGIO RENATICO,FERRARA,EMILIA ROMAGNA,44.77031069117357,11.497552729886321,3,0,578,143,435,24.74
G111,ORIOLO ROMANO,VITERBO,LAZIO,42.173425830147025,12.128711986058477,2,0,249,9,240,3.61
H273,RICCIA,CAMPOBASSO,MOLISE,41.47564595579396,14.847410897044659,4,0,419,5,414,1.19
E968,MAROPATI,REGGIO CALABRIA,CALABRIA,38.447897190773794,16.098792064502383,2,0,92,3,89,3.26
H964,SAN LORENZO ISONTINO,GORIZIA,FRIULI-VENEZIA G.,45.93221219335369,13.526308495208987,1,0,51,2,49,3.92
D463,FAGGIANO,TARANTO,PUGLIA,40.41391086128645,17.37930141042464,2,0,236,0,236,0.0
H453,ROCCAVIONE,CUNEO,PIEMONTE,44.2995883841343,7.478107057663895,2,0,181,25,156,13.81
H320,RIPA TEATINA,CHIETI,ABRUZZO,42.36448182433643,14.247583677600971,2,0,235,46,189,19.57
L590,VALLE DI CADORE,BELLUNO,VENETO,46.40304307764256,12.303831317646848,1,0,70,7,63,10.0
I310,SANTA SOFIA,FORLI'-CESENA,EMILIA ROMAGNA,43.914364824593434,11.850218106357001,2,0,268,45,223,16.79
A591,BALDISSERO TORINESE,TORINO,PIEMONTE,45.06978762553721,7.80465156276513,2,0,278,18,260,6.47
H729,SALVE,LECCE,PUGLIA,39.85539026398623,18.25641129027651,2,0,215,11,204,5.12
F370,MONGRASSANO,COSENZA,CALABRIA,39.53099624470644,16.13161319356996,4,0,193,5,188,2.59
A220,ALONTE,VICENZA,VENETO,45.3625039382847,11.432260563825958,1,0,104,6,98,5.77
L838,VICCHIO,FIRENZE,TOSCANA,43.960344650403506,11.49460577536588,2,0,445,61,384,13.71
M392,LATERINA PERGINE VALDARNO,AREZZO,TOSCANA,43.47843787880561,11.687857724238285,6,1,399,56,343,14.04
I945,STEFANACONI,VIBO VALENTIA,CALABRIA,38.66348884486814,16.153807920597703,2,0,82,5,77,6.1
L183,TIZZANO VAL PARMA,PARMA,EMILIA ROMAGNA,44.508368452020235,10.197729388532776,3,2,151,46,105,30.46
H986,SAN MARCO LA CATOLA,FOGGIA,PUGLIA,41.51927153465534,15.009749694767615,2,0,37,0,37,0.0
G311,PANNARANO,BENEVENTO,CAMPANIA,41.00358192013288,14.695345864302327,2,0,86,1,85,1.16
H544,RONCOLA,BERGAMO,LOMBARDIA,45.778503970904964,9.545362290399341,1,0,45,9,36,20.0
H928,SAN GIULIANO DEL SANNIO,CAMPOBASSO,MOLISE,41.462876686455985,14.630444158571168,1,0,21,0,21,0.0
D847,GAGGIO MONTANO,BOLOGNA,EMILIA ROMAGNA,44.218457801749835,10.980888750521611,4,0,328,63,265,19.21
G199,OVIGLIO,ALESSANDRIA,PIEMONTE,44.86499214200028,8.48202290029571,1,0,27,1,26,3.7
M419,COLLI VERDI,PAVIA,LOMBARDIA,44.90479083130538,9.24930766676547,2,1,55,15,40,27.27
H246,RETORBIDO,PAVIA,LOMBARDIA,44.947443102815384,9.044566038671933,1,0,76,8,68,10.53
C624,CHIAVERANO,TORINO,PIEMONTE,45.50422494673792,7.90231070586704,1,0,77,8,69,10.39
I497,SCANDOLARA RAVARA,CREMONA,LOMBARDIA,45.04818196971972,10.3115750707647,1,0,96,24,72,25.0
C767,LANUVIO,ROMA,LAZIO,41.643058248852604,12.684902004229775,5,0,852,119,733,13.97
F733,MORIONDO TORINESE,TORINO,PIEMONTE,45.03538322228214,7.9368258615597,1,0,62,8,54,12.9
G688,PIOMBINO DESE,PADOVA,VENETO,45.61913824138704,12.021023426944321,4,1,674,165,509,24.48
E844,MALALBERGO,BOLOGNA,EMILIA ROMAGNA,44.68758561456938,11.50995445818572,2,1,670,171,499,25.52
E557,LETTERE,NAPOLI,CAMPANIA,40.70335323987576,14.559502604147434,3,0,370,7,363,1.89
I404,SAN VITO AL TORRE,UDINE,FRIULI-VENEZIA G.,45.89924197056931,13.380275826212294,1,0,65,12,53,18.46
G780,POLCENIGO,PORDENONE,FRIULI-VENEZIA G.,46.04118926951651,12.47387956485019,2,0,189,32,157,16.93
D623,FIUMEFREDDO DI SICILIA,CATANIA,SICILIA,37.788489832761314,15.20699632495946,5,0,624,12,612,1.92
B953,CASCINETTE D'IVREA,TORINO,PIEMONTE,45.481311113133486,7.907380825877351,1,0,63,9,54,14.29
C106,CASTELFRANCO IN MISCANO,BENEVENTO,CAMPANIA,41.29111747418873,15.10090419769041,2,0,42,1,41,2.38
I750,SINIO,CUNEO,PIEMONTE,44.6048854250147,8.025192773076279,1,0,13,3,10,23.08
H531,RONCHI DEI LEGIONARI,GORIZIA,FRIULI-VENEZIA G.,45.829665502264774,13.507674611141768,4,1,744,143,601,19.22
G514,PETRIANO,PESARO E URBINO,MARCHE,43.78203539629861,12.716626579472944,2,0,212,9,203,4.25
E519,LEIVI,GENOVA,LIGURIA,44.34959340127689,9.316396846513976,1,0,71,2,69,2.82
G286,PALMAS ARBOREA,ORISTANO,SARDEGNA,39.85377519791996,8.69050107527689,2,0,93,1,92,1.08
L749,VERCEIA,SONDRIO,LOMBARDIA,46.197233623225856,9.467522924478402,1,0,61,4,57,6.56
H752,SAMOLACO,SONDRIO,LOMBARDIA,46.24157645087631,9.379466187632863,2,0,205,9,196,4.39
I854,SORIANO CALABRO,VIBO VALENTIA,CALABRIA,38.617121663227216,16.200632864492846,3,0,306,10,296,3.27
G439,PENTONE,CATANZARO,CALABRIA,38.97882982321277,16.583721354076097,2,0,54,0,54,0.0
H725,SALUGGIA,VERCELLI,PIEMONTE,45.23578704199771,8.027865816755744,2,0,237,32,205,13.5
I752,SINNAI,CAGLIARI,SARDEGNA,39.306926746659315,9.335734671390766,6,0,1085,6,1079,0.55
L638,VAL MASINO,SONDRIO,LOMBARDIA,46.25087431533356,9.639098999513331,1,0,22,0,22,0.0
E840,MAIRAGO,LODI,LOMBARDIA,45.25587963037935,9.588999366251345,1,0,89,13,76,14.61
E905,MARANO SUL PANARO,MODENA,EMILIA ROMAGNA,44.43670778501721,10.91363862124869,2,0,459,89,370,19.39
L929,VILLA D'ADDA,BERGAMO,LOMBARDIA,45.7162104570512,9.4638811563741,2,0,261,26,235,9.96
F074,MEANA DI SUSA,TORINO,PIEMONTE,45.100568260124525,7.065882383441462,1,0,20,2,18,10.0
B847,CARTOSIO,ALESSANDRIA,PIEMONTE,44.59443676795791,8.42343133377677,1,1,16,5,11,31.25
H478,RODERO,COMO,LOMBARDIA,45.82502413074677,8.918522680039361,1,0,55,5,50,9.09
C255,CASTEL ROZZONE,BERGAMO,LOMBARDIA,45.553108111305605,9.622541298497577,2,0,198,39,159,19.7
B612,CANNETO SULL'OGLIO,MANTOVA,LOMBARDIA,45.166472395064616,10.381358766093168,2,2,327,102,225,31.19
I490,SCALENGHE,TORINO,PIEMONTE,44.89305422739008,7.487012716285201,2,0,162,14,148,8.64
H881,SAN GIORGIO ALBANESE,COSENZA,CALABRIA,39.601178278362596,16.46331683221372,2,1,84,23,61,27.38
C271,CASTELSARACENO,POTENZA,BASILICATA,40.162769515843195,15.974017445216056,2,0,60,6,54,10.0
F360,MONFUMO,TREVISO,VENETO,45.834207005144364,11.936579167821174,1,0,98,2,96,2.04
B628,CANTALUPA,TORINO,PIEMONTE,44.95165429351443,7.332814572636269,1,0,72,1,71,1.39
M158,ZELO BUON PERSICO,LODI,LOMBARDIA,45.395795894016594,9.438151742344312,2,0,671,103,568,15.35
D476,FALERNA,CATANZARO,CALABRIA,38.999220064268286,16.167787593559016,3,0,301,58,243,19.27
H706,SALGAREDA,TREVISO,VENETO,45.703004884768106,12.520517902481496,3,0,476,107,369,22.48
I389,SAN VINCENZO VALLE ROVETO,L'AQUILA,ABRUZZO,41.83310319226272,13.528576954983853,1,0,103,7,96,6.8
I728,SIGNA,FIRENZE,TOSCANA,43.79309493858796,11.096831175232827,4,0,914,189,725,20.68
C252,CASTEL RITALDI,PERUGIA,UMBRIA,42.82749448372625,12.66246689928963,2,0,202,18,184,8.91
B889,CASALETTO CEREDANO,CREMONA,LOMBARDIA,45.31370087647778,9.621191076736519,1,0,63,5,58,7.94
D021,CORNEGLIANO LAUDENSE,LODI,LOMBARDIA,45.28698649022954,9.480820096806804,1,0,103,11,92,10.68
D910,GARBAGNA,ALESSANDRIA,PIEMONTE,44.78054169557969,8.997646898669842,1,0,18,2,16,11.11
D646,FOGLIZZO,TORINO,PIEMONTE,45.26712982636318,7.823144258350169,2,0,137,8,129,5.84
G509,PETINA,SALERNO,CAMPANIA,40.52900175346228,15.380614765629842,2,0,55,3,52,5.45
B720,CARAMAGNA PIEMONTE,CUNEO,PIEMONTE,44.78570925184099,7.730494251064183,2,0,250,29,221,11.6
L315,TOVO SAN GIACOMO,SAVONA,LIGURIA,44.182069590156026,8.27033926121206,1,0,95,2,93,2.11
M094,VIU',TORINO,PIEMONTE,45.22531517260742,7.373045454947478,2,0,87,13,74,14.94
L508,USELLUS,ORISTANO,SARDEGNA,39.82644954961568,8.837796198087148,1,0,35,1,34,2.86
G212,PACIANO,PERUGIA,UMBRIA,43.02728853850989,12.05700329132273,1,0,75,9,66,12.0
H511,ROMANO CANAVESE,TORINO,PIEMONTE,45.40007890233947,7.8703777332455,1,0,100,6,94,6.0
C810,COCQUIO-TREVISAGO,VARESE,LOMBARDIA,45.86539654828219,8.696394083656564,2,0,272,49,223,18.01
G935,POSTA FIBRENO,FROSINONE,LAZIO,41.69860336898173,13.693593862731523,1,0,10,1,9,10.0
H573,ROSOLINA,ROVIGO,VENETO,45.0891465782796,12.298062527266001,3,0,339,42,297,12.39
C986,CORBETTA,MILANO,LOMBARDIA,45.46041465356539,8.929966279874293,4,0,1565,206,1359,13.16
B967,CASINA,REGGIO EMILIA,EMILIA ROMAGNA,44.5277615319183,10.48947827499643,3,0,235,37,198,15.74
C952,CONCOREZZO,MONZA E DELLA BRIANZA,LOMBARDIA,45.59126329912515,9.333586930231423,3,0,1096,198,898,18.07
G006,OFFLAGA,BRESCIA,LOMBARDIA,45.38266331959111,10.111023588805176,2,0,283,69,214,24.38
D367,DRESANO,MILANO,LOMBARDIA,45.37498264506456,9.36518282304782,2,0,381,39,342,10.24
F408,MONTALDO ROERO,CUNEO,PIEMONTE,44.77049060461249,7.916254947995715,1,0,27,4,23,14.81
G774,POGNANO,BERGAMO,LOMBARDIA,45.584295328244664,9.641074939119191,1,0,72,18,54,25.0
L572,VALERA FRATTA,LODI,LOMBARDIA,45.2555193258768,9.335755802121371,1,1,76,25,51,32.89
M102,VIZZOLO PREDABISSI,MILANO,LOMBARDIA,45.35684933064276,9.347310408687928,2,0,379,62,317,16.36
D987,GERMIGNAGA,VARESE,LOMBARDIA,45.991677337774576,8.723721862330954,2,0,414,53,361,12.8
B732,CARAVATE,VARESE,LOMBARDIA,45.87750079452811,8.654181964357047,2,0,193,9,184,4.66
C823,COGOLETO,GENOVA,LIGURIA,44.40819675127151,8.62224590937418,4,0,486,26,460,5.35
L335,TRASAGHIS,UDINE,FRIULI-VENEZIA G.,46.29467361807928,13.02941437222323,2,0,120,6,114,5.0
A690,BASCAPE',PAVIA,LOMBARDIA,45.30338674144984,9.320223273942151,1,1,67,26,41,38.81
A203,ALIMINUSA,PALERMO,SICILIA,37.86054964385655,13.781212758452096,2,0,45,2,43,4.44
D903,GANDELLINO,BERGAMO,LOMBARDIA,46.00602872319177,9.937424741362568,1,0,28,1,27,3.57
A387,ARENA PO,PAVIA,LOMBARDIA,45.08417151626101,9.377475137112734,1,1,60,19,41,31.67
H885,SAN GIORGIO DI LOMELLINA,PAVIA,LOMBARDIA,45.17444019179235,8.784357910198938,1,0,56,9,47,16.07
I545,SCOPELLO,VERCELLI,PIEMONTE,45.76193819737762,8.093109673072881,1,0,48,2,46,4.17
L528,VADO LIGURE,SAVONA,LIGURIA,44.25785114633502,8.394719140591281,4,0,486,50,436,10.29
F980,NURACHI,ORISTANO,SARDEGNA,39.966980203085434,8.541955783746738,2,0,114,1,113,0.88
B533,CAMPOFELICE DI FITALIA,PALERMO,SICILIA,37.811854307672334,13.500998848279004,1,0,17,0,17,0.0
C385,CAVASSO NUOVO,PORDENONE,FRIULI-VENEZIA G.,46.18916425906613,12.780979702658714,1,0,69,10,59,14.49
E360,ISOLA SANT'ANTONIO,ALESSANDRIA,PIEMONTE,45.031655581226026,8.84726357306424,1,0,11,3,8,27.27
H287,RIGNANO GARGANICO,FOGGIA,PUGLIA,41.6616998437506,15.580176523613131,2,0,74,6,68,8.11
D942,GAVELLO,ROVIGO,VENETO,45.02562015167396,11.951695855857258,1,1,57,18,39,31.58
D487,FANNA,PORDENONE,FRIULI-VENEZIA G.,46.17451053306016,12.76019556890204,1,0,89,13,76,14.61
H701,SALERANO SUL LAMBRO,LODI,LOMBARDIA,45.28949101851853,9.38397893344787,1,0,102,16,86,15.69
F587,MONTEPARANO,TARANTO,PUGLIA,40.44930925146571,17.413808871462226,2,0,129,0,129,0.0
F707,MORANO SUL PO,ALESSANDRIA,PIEMONTE,45.172332849437524,8.353866637952432,1,0,25,5,20,20.0
G592,PICO,FROSINONE,LAZIO,41.44807511862598,13.556556878711438,2,0,172,1,171,0.58
H002,PRATO CARNICO,UDINE,FRIULI-VENEZIA G.,46.51592862785408,12.738250925970078,1,0,30,0,30,0.0
C551,CERVESINA,PAVIA,LOMBARDIA,45.06514549320886,9.010357085360342,1,0,21,2,19,9.52
L160,TIANA,NUORO,SARDEGNA,40.06656566761933,9.151371151463554,1,0,21,0,21,0.0
G693,PIOVE DI SACCO,PADOVA,VENETO,45.29905889539562,12.052295790811597,13,1,4302,598,3704,13.9
C773,CIVITAVECCHIA,ROMA,LAZIO,42.1163092446259,11.810703604902892,27,0,7756,477,7279,6.15
G698,PRIVERNO,LATINA,LAZIO,41.47155834912885,13.166370711559678,10,1,1852,232,1620,12.53
H300,RIOFREDDO,ROMA,LAZIO,42.06168639794719,12.999488981990579,2,0,50,8,42,16.0
E472,LATINA,LATINA,LAZIO,41.466311865169956,12.877938925920155,55,3,18305,1502,16803,8.21
G337,PARMA,PARMA,EMILIA ROMAGNA,44.79365892197672,10.327589547765065,61,26,27386,5908,21478,21.57
H294,RIMINI,RIMINI,EMILIA ROMAGNA,44.03877933061487,12.530525680663859,49,10,18400,3394,15006,18.45
I881,SPADAFORA,MESSINA,SICILIA,38.20517208542205,15.392509183290455,3,0,611,20,591,3.27
I754,SIRACUSA,SIRACUSA,SICILIA,37.03918686517816,15.213598885962872,61,0,15675,703,14972,4.48
E645,LOCOROTONDO,BARI,PUGLIA,40.77208806533756,17.3388731986988,6,0,1442,86,1356,5.96
M402,BORGO VENETO,PADOVA,VENETO,45.21920048862661,11.542758602508378,4,0,434,89,345,20.51
G651,PIEVE SAN GIACOMO,CREMONA,LOMBARDIA,45.12676520989217,10.192342183827218,2,1,217,68,149,31.34
M321,FIGLINE E INCISA VALDARNO,FIRENZE,TOSCANA,43.62425536828732,11.434795431664915,11,1,2280,407,1873,17.85
F826,MUSILE DI PIAVE,VENEZIA,VENETO,45.59987769567075,12.524232914081642,4,1,730,173,557,23.7
F471,MONTICHIARI,BRESCIA,LOMBARDIA,45.41119862130727,10.381964771678561,14,3,3765,844,2921,22.42
E975,MARSCIANO,PERUGIA,UMBRIA,42.9622940468763,12.307242705790562,11,2,1688,341,1347,20.2
D208,CUORGNE',TORINO,PIEMONTE,45.39971350499883,7.632464849571487,7,0,1243,176,1067,14.16
F636,MONTESARCHIO,BENEVENTO,CAMPANIA,41.06905370560982,14.652018690344155,9,0,2578,66,2512,2.56
F035,MASSAROSA,LUCCA,TOSCANA,43.87003131245771,10.325775238257554,10,0,1282,69,1213,5.38
E493,LAVELLO,POTENZA,BASILICATA,41.07537509795371,15.839517151318361,8,1,1421,128,1293,9.01
M030,VILLAURBANA,ORISTANO,SARDEGNA,39.870868076484356,8.781623776944855,2,0,84,0,84,0.0
G831,PONTEBBA,UDINE,FRIULI-VENEZIA G.,46.51740689052463,13.300011351153282,2,0,89,8,81,8.99
G785,POLIA,VIBO VALENTIA,CALABRIA,38.7489922994976,16.31904701413049,1,0,19,3,16,15.79
A794,BERGAMO,BERGAMO,LOMBARDIA,45.69652588724178,9.66377751667992,58,19,24651,4184,20467,16.97
L788,VERRUA PO,PAVIA,LOMBARDIA,45.11080937934982,9.175158753197506,2,0,85,22,63,25.88
D815,FUCECCHIO,FIRENZE,TOSCANA,43.76465408996623,10.777990615201908,10,4,2396,700,1696,29.22
L826,VIADANA,MANTOVA,LOMBARDIA,44.97659012436533,10.582218109512024,13,6,2438,693,1745,28.42
G126,ORSENIGO,COMO,LOMBARDIA,45.777749926638876,9.175798076267398,1,0,105,2,103,1.9
F526,MONTEGRINO VALTRAVAGLIA,VARESE,LOMBARDIA,45.96760360372149,8.77878658538678,1,0,62,6,56,9.68
E339,ISOLA DI CAPO RIZZUTO,CROTONE,CALABRIA,38.959184060351554,17.084655823977368,8,0,1607,81,1526,5.04
A887,BISIGNANO,COSENZA,CALABRIA,39.521504029871515,16.27204141794166,7,0,853,38,815,4.45
L833,VIAREGGIO,LUCCA,TOSCANA,43.85436210244456,10.26739128735022,28,1,7255,670,6585,9.24
E674,LONGI,MESSINA,SICILIA,37.960322750316784,14.752466467968917,2,0,65,0,65,0.0
I470,SAVIGLIANO,CUNEO,PIEMONTE,44.621320184958606,7.6368118048710665,10,0,2746,479,2267,17.44
C207,CASTELMASSA,ROVIGO,VENETO,45.02232950984525,11.325429867527902,4,2,515,153,362,29.71
G874,PONZANO ROMANO,ROMA,LAZIO,42.263255472607995,12.55401753595456,1,0,66,18,48,27.27
A098,AIDONE,ENNA,SICILIA,37.420925652737054,14.497797430535147,4,0,282,19,263,6.74
C174,CASTELLINA MARITTIMA,PISA,TOSCANA,43.39857466739028,10.54640725339704,2,1,71,16,55,22.54
F560,MONTEMARCIANO,ANCONA,MARCHE,43.641629871559985,13.305971217062629,3,0,530,63,467,11.89
I208,SANT'AGNELLO,NAPOLI,CAMPANIA,40.621048555963156,14.403918182816977,3,0,598,19,579,3.18
H386,ROCCA CANAVESE,TORINO,PIEMONTE,45.3085205221837,7.575174260911876,2,0,136,19,117,13.97
E335,ISERNIA,ISERNIA,MOLISE,41.60739403912063,14.216108826149702,12,0,3781,179,3602,4.73
C815,CODOGNE',TREVISO,VENETO,45.869269252840404,12.42881313599945,2,0,351,44,307,12.54
G209,PACE DEL MELA,MESSINA,SICILIA,38.187574377678175,15.30482710080082,5,0,650,33,617,5.08
A539,BADIA POLESINE,ROVIGO,VENETO,45.0927977751136,11.497355793081468,6,0,1565,275,1290,17.57
A535,BACOLI,NAPOLI,CAMPANIA,40.81607224607961,14.065139251457884,10,0,1968,25,1943,1.27
C352,CATANZARO,CATANZARO,CALABRIA,38.88999272062659,16.602474050203366,59,2,13267,432,12835,3.26
C215,CASTELNOVO BARIANO,ROVIGO,VENETO,45.055742701437126,11.307402454156954,2,1,230,67,163,29.13
L778,VEROLAVECCHIA,BRESCIA,LOMBARDIA,45.31475031535013,10.04802643596164,2,0,238,61,177,25.63
E573,LICATA,AGRIGENTO,SICILIA,37.15443982070942,13.918784449347342,17,0,3703,231,3472,6.24
A201,ALI' TERME,MESSINA,SICILIA,38.01420860678001,15.423521160424109,2,0,165,1,164,0.61
L485,UGGIANO LA CHIESA,LECCE,PUGLIA,40.10911604444187,18.455553267902175,2,0,284,16,268,5.63
L945,VILLAFRANCA D'ASTI,ASTI,PIEMONTE,44.91895795287356,8.036480804217549,2,0,299,68,231,22.74
E788,MACOMER,NUORO,SARDEGNA,40.29192138287714,8.759160772780874,10,0,1375,64,1311,4.65
I676,SESSA AURUNCA,CASERTA,CAMPANIA,41.23790171364332,13.893756835309915,24,1,2831,122,2709,4.31
C388,JESOLO,VENEZIA,VENETO,45.53461883751616,12.634016977200737,10,1,2327,312,2015,13.41
B604,CANINO,VITERBO,LAZIO,42.44367452355241,11.6941013773707,2,0,365,90,275,24.66
L913,VILLA BASILICA,LUCCA,TOSCANA,43.94926373514583,10.637825154639884,2,0,88,12,76,13.64
D738,FOSSACESIA,CHIETI,ABRUZZO,42.232939165881234,14.488226500076868,2,0,404,26,378,6.44
M212,LADISPOLI,ROMA,LAZIO,41.95379662428054,12.098257423947667,18,3,4636,689,3947,14.86
G867,PONTIROLO NUOVO,BERGAMO,LOMBARDIA,45.57234114811321,9.569001645628132,2,1,334,109,225,32.63
C318,CASTIGLION FIBOCCHI,AREZZO,TOSCANA,43.543532119702384,11.75164409616163,2,0,132,18,114,13.64
A657,BARGA,LUCCA,TOSCANA,44.097456070859174,10.507760764194478,8,1,1188,150,1038,12.63
A600,BALMUCCIA,VERCELLI,PIEMONTE,45.821098803324986,8.141982376791319,1,0,52,7,45,13.46
A759,BELLUSCO,MONZA E DELLA BRIANZA,LOMBARDIA,45.615358076129,9.42147641874904,2,0,502,92,410,18.33
D977,GERACI SICULO,PALERMO,SICILIA,37.85229559170154,14.172417119270754,2,0,68,0,68,0.0
H048,PRESSANA,VERONA,VENETO,45.27476253488514,11.397215697407686,1,0,91,23,68,25.27
L584,VALLADA AGORDINA,BELLUNO,VENETO,46.37624386353404,11.934072037840187,1,0,28,1,27,3.57
C854,COLLE D'ANCHISE,CAMPOBASSO,MOLISE,41.51088463066201,14.52422707544117,1,0,17,0,17,0.0
C203,CASTEL MADAMA,ROMA,LAZIO,41.96773327463235,12.874425429472657,2,0,476,40,436,8.4
F427,MONTANO LUCINO,COMO,LOMBARDIA,45.79141851888172,9.030698421945345,3,0,399,28,371,7.02
E479,LAUREANA DI BORRELLO,REGGIO CALABRIA,CALABRIA,38.49565320568595,16.06452247415818,5,0,486,12,474,2.47
C458,CENCENIGHE AGORDINO,BELLUNO,VENETO,46.346183660741794,11.969348825074913,2,0,82,4,78,4.88
A449,ARTENA,ROMA,LAZIO,41.72795458802463,12.893304352614008,5,0,994,84,910,8.45
G178,OSSI,SASSARI,SARDEGNA,40.65444121166573,8.603462540326527,3,0,277,1,276,0.36
H795,SAN CHIRICO NUOVO,POTENZA,BASILICATA,40.67203806570458,16.069431283505363,2,0,40,0,40,0.0
E071,GODEGA DI SANT'URBANO,TREVISO,VENETO,45.90798302327101,12.413959429532085,2,0,329,68,261,20.67
A027,ACI CATENA,CATANIA,SICILIA,37.58525961288894,15.142813888670208,10,0,1732,21,1711,1.21
G833,PONTE BUGGIANESE,PISTOIA,TOSCANA,43.827423054456695,10.765894121012776,3,0,596,117,479,19.63
D947,GAVOI,NUORO,SARDEGNA,40.152863715694735,9.216097154129391,3,0,218,4,214,1.83
L348,TRAVO,PIACENZA,EMILIA ROMAGNA,44.8576347873922,9.5258853297818,2,0,101,5,96,4.95
C344,CASTRONOVO DI SICILIA,PALERMO,SICILIA,37.69739913689075,13.59827944261474,2,0,112,0,112,0.0
G555,PIANELLA,PESCARA,ABRUZZO,42.39235007763444,14.05723406220845,3,0,530,23,507,4.34
D303,DINAMI,VIBO VALENTIA,CALABRIA,38.54441682971877,16.150471689529798,4,0,125,1,124,0.8
B885,CASALE MONFERRATO,ALESSANDRIA,PIEMONTE,45.12636602959709,8.46174653333821,19,1,5144,657,4487,12.77
E694,LORO PICENO,MACERATA,MARCHE,43.16504508009421,13.418824256561942,2,0,117,15,102,12.82
B467,CAMERANA,CUNEO,PIEMONTE,44.42669175390212,8.135578100035492,1,0,16,1,15,6.25
F287,MOLINARA,BENEVENTO,CAMPANIA,41.31123164878986,14.917543177344138,2,1,65,12,53,18.46
A574,BAGNOLO DI PO,ROVIGO,VENETO,44.99937558111143,11.503016991422097,1,1,17,8,9,47.06
A857,BLERA,VITERBO,LAZIO,42.231284391213904,11.999221710614096,2,0,225,35,190,15.56
I982,STRONGOLI,CROTONE,CALABRIA,39.240946790205996,17.06710454844969,6,0,598,37,561,6.19
G574,PIARIO,BERGAMO,LOMBARDIA,45.89247445156713,9.923864391687514,1,0,49,2,47,4.08
C708,CINISI,PALERMO,SICILIA,38.155881907257815,13.117630736999207,3,0,820,31,789,3.78
M384,VAL LIONA,VICENZA,VENETO,45.40371337555393,11.46893742795199,3,0,234,23,211,9.83
E386,JERAGO CON ORAGO,VARESE,LOMBARDIA,45.70764929227444,8.793167737940765,3,0,484,35,449,7.23
E815,MAGLIE,LECCE,PUGLIA,40.12066149535818,18.29523374314307,15,0,5523,112,5411,2.03
H488,ROGGIANO GRAVINA,COSENZA,CALABRIA,39.63099255168585,16.169703706341664,5,0,845,57,788,6.75
D638,FLUMERI,AVELLINO,CAMPANIA,41.07612195512539,15.14849026825557,2,0,176,1,175,0.57
G691,PIOSSASCO,TORINO,PIEMONTE,44.98669958430265,7.449531224269076,6,0,1219,96,1123,7.88
G238,PAGNACCO,UDINE,FRIULI-VENEZIA G.,46.12529494209518,13.181855256690785,2,0,381,20,361,5.25
L212,TORCHIARA,SALERNO,CAMPANIA,40.31890919350521,15.05034985024542,2,0,130,8,122,6.15
D472,FALCONARA MARITTIMA,ANCONA,MARCHE,43.62109666127766,13.37441532786305,11,3,2283,398,1885,17.43
E632,LOANO,SAVONA,LIGURIA,44.14795273013296,8.233474858249899,6,0,1814,290,1524,15.99
B559,CAMPOROSSO,IMPERIA,LIGURIA,43.81853559500277,7.617180112124263,2,0,274,44,230,16.06
C544,CERVARESE SANTA CROCE,PADOVA,VENETO,45.40207426077698,11.693000749779545,2,0,377,25,352,6.63
A453,ARZACHENA,SASSARI,SARDEGNA,41.09081958365345,9.411429977000976,8,0,1550,145,1405,9.35
G344,PARRANO,TERNI,UMBRIA,42.86013861881749,12.13445490585941,1,0,12,1,11,8.33
I607,SENIGA,BRESCIA,LOMBARDIA,45.24614106242111,10.188542591712785,1,1,48,20,28,41.67
C340,CASTROCIELO,FROSINONE,LAZIO,41.51020096355065,13.689243778534149,2,0,231,7,224,3.03
D764,FRANCAVILLA MARITTIMA,COSENZA,CALABRIA,39.80599019197752,16.385494293520384,3,0,221,27,194,12.22
E747,LUOGOSANTO,SASSARI,SARDEGNA,41.065308282188006,9.212468925216577,2,0,103,0,103,0.0
D668,FONTANELICE,BOLOGNA,EMILIA ROMAGNA,44.25181352137696,11.545252334463914,2,0,145,30,115,20.69
D670,FONTANAFREDDA,PORDENONE,FRIULI-VENEZIA G.,45.98317724672837,12.551256199160436,4,0,1043,123,920,11.79
C996,COREGLIA ANTELMINELLI,LUCCA,TOSCANA,44.068936562051334,10.552168435847287,4,0,285,32,253,11.23
A481,ATELETA,L'AQUILA,ABRUZZO,41.87301911975416,14.173413604135707,2,0,98,14,84,14.29
B727,CARASSAI,ASCOLI PICENO,MARCHE,43.02682525979482,13.671402833502489,1,0,25,4,21,16.0
C765,CIVITA CASTELLANA,VITERBO,LAZIO,42.30111173837851,12.437373764153932,14,1,2478,396,2082,15.98
I367,SANTO STEFANO BELBO,CUNEO,PIEMONTE,44.704553397215385,8.219419055914168,2,0,304,52,252,17.11
C209,CASTELMEZZANO,POTENZA,BASILICATA,40.53148922909683,16.02341396007161,1,0,19,0,19,0.0
H861,SAN GERMANO VERCELLESE,VERCELLI,PIEMONTE,45.35574142643946,8.259696869374068,2,1,110,33,77,30.0
G240,PAGNO,CUNEO,PIEMONTE,44.607901866645605,7.4287818216123505,1,0,21,0,21,0.0
C070,SERVIGLIANO,FERMO,MARCHE,43.063928424589285,13.493207823739745,2,0,253,26,227,10.28
E970,MAROSTICA,VICENZA,VENETO,45.757634410650745,11.647233306343992,6,0,969,81,888,8.36
G786,POLICORO,MATERA,BASILICATA,40.19677681268855,16.66804121672304,9,0,2923,393,2530,13.45
B362,CAIAZZO,CASERTA,CAMPANIA,41.18314408694385,14.372581215020727,5,0,444,18,426,4.05
C313,CASTIGLIONE D'ORCIA,SIENA,TOSCANA,42.979200439301,11.639328391109478,2,0,73,8,65,10.96
F161,MESTRINO,PADOVA,VENETO,45.45444370820213,11.748681564191005,3,1,811,233,578,28.73
B504,CAMPELLO SUL CLITUNNO,PERUGIA,UMBRIA,42.84481140673349,12.819701213190696,3,0,229,27,202,11.79
E888,MANGONE,COSENZA,CALABRIA,39.20676844454303,16.325216532306317,2,0,199,9,190,4.52
H403,ROCCA DI NETO,CROTONE,CALABRIA,39.18910693234257,17.0072568687162,3,0,450,49,401,10.89
L842,VICO DEL GARGANO,FOGGIA,PUGLIA,41.868896869655806,15.979647950465525,6,0,916,19,897,2.07
I071,SAN PAOLO DI JESI,ANCONA,MARCHE,43.463152706718105,13.181329383807693,1,0,61,11,50,18.03
G657,PIEVE TORINA,MACERATA,MARCHE,43.01390802079123,13.032328977429545,2,1,52,19,33,36.54
L238,TORRAZZA PIEMONTE,TORINO,PIEMONTE,45.218537982991506,7.978785129831491,2,0,217,7,210,3.23
B597,CANEPINA,VITERBO,LAZIO,42.37848348546379,12.216854876689723,2,0,171,33,138,19.3
E226,GRUMOLO DELLE ABBADESSE,VICENZA,VENETO,45.50691217531677,11.66091505444584,2,0,394,53,341,13.45
A930,BOJANO,CAMPOBASSO,MOLISE,41.487328073489024,14.46013591013611,6,1,877,16,861,1.82
B880,CASALECCHIO DI RENO,BOLOGNA,EMILIA ROMAGNA,44.47099443449743,11.265402508769977,14,1,5988,1038,4950,17.33
C610,CHIANOCCO,TORINO,PIEMONTE,45.16647673169761,7.1709270818113335,1,0,82,3,79,3.66
B589,CANDIANA,PADOVA,VENETO,45.2223055302219,11.982668774674027,2,0,136,14,122,10.29
A896,BIVONA,AGRIGENTO,SICILIA,37.57811612832571,13.405515962055388,6,0,889,17,872,1.91
A129,ALBANO SANT'ALESSANDRO,BERGAMO,LOMBARDIA,45.68881734039679,9.775063021831189,2,2,449,179,270,39.87
L191,TOLENTINO,MACERATA,MARCHE,43.20809521084915,13.312762587622284,10,1,1824,198,1626,10.86
E532,LENTINI,SIRACUSA,SICILIA,37.33164559763593,14.91695493097708,16,0,3197,49,3148,1.53
I851,SORGONO,NUORO,SARDEGNA,40.0176976028168,9.080194331738095,4,0,424,5,419,1.18
I400,SAN VITO ROMANO,ROMA,LAZIO,41.880233614204926,12.979300558712598,2,0,197,14,183,7.11
L070,TAVERNA,CATANZARO,CALABRIA,39.119124444599336,16.57455861121699,3,0,168,0,168,0.0
B154,BRENZONE SUL GARDA,VERONA,VENETO,45.69503525849617,10.765559068936101,1,0,110,25,85,22.73
G493,PESCOCOSTANZO,L'AQUILA,ABRUZZO,41.91857180684102,14.056518976629496,1,0,51,2,49,3.92
F566,MONTEMILETTO,AVELLINO,CAMPANIA,41.004247565501764,14.90594329220803,3,0,298,14,284,4.7
I025,SAN MAURIZIO D'OPAGLIO,NOVARA,PIEMONTE,45.777452648205575,8.393282514270616,2,0,253,37,216,14.62
E177,GRIGNASCO,NOVARA,PIEMONTE,45.689036290574016,8.34470809959513,2,0,239,13,226,5.44
C121,CASTEL GUELFO DI BOLOGNA,BOLOGNA,EMILIA ROMAGNA,44.444573795581924,11.661698054270095,2,0,320,51,269,15.94
I998,SULBIATE,MONZA E DELLA BRIANZA,LOMBARDIA,45.63751380245815,9.427832894567137,2,0,461,64,397,13.88
B940,CASARSA DELLA DELIZIA,PORDENONE,FRIULI-VENEZIA G.,45.94941894834357,12.83393867815307,3,0,522,117,405,22.41
E323,IRGOLI,NUORO,SARDEGNA,40.466747002019396,9.64347105048096,2,0,235,6,229,2.55
I058,SAN NICOLA DA CRISSA,VIBO VALENTIA,CALABRIA,38.67251810522606,16.293940867529283,2,0,71,3,68,4.23
E640,LOCATELLO,BERGAMO,LOMBARDIA,45.843178153766694,9.530849182472169,1,0,29,6,23,20.69
L431,TRIPI - ABAKAINON,MESSINA,SICILIA,38.03682254338652,15.081995550214517,2,0,30,3,27,10.0
B886,CASALEONE,VERONA,VENETO,45.14480112922877,11.199108496844305,3,0,428,42,386,9.81
B566,CAMPOSANTO,MODENA,EMILIA ROMAGNA,44.80256428004851,11.144250370989223,2,2,255,104,151,40.78
B507,CAMPI BISENZIO,FIRENZE,TOSCANA,43.82255461228273,11.128545116134513,12,6,3483,1065,2418,30.58
C920,COMELICO SUPERIORE,BELLUNO,VENETO,46.62810061221372,12.473335867073926,2,0,105,3,102,2.86
H860,SAN GENNARO VESUVIANO,NAPOLI,CAMPANIA,40.86002911354509,14.526736699134792,9,0,1621,279,1342,17.21
I885,SPARANISE,CASERTA,CAMPANIA,41.1759757825259,14.101127803907163,4,0,871,157,714,18.03
H839,SAN FERDINANDO DI PUGLIA,BARLETTA-ANDRIA-TRANI,PUGLIA,41.28630425218945,16.041786240922796,7,0,1390,57,1333,4.1
G107,ORIO LITTA,LODI,LOMBARDIA,45.156716982751924,9.554101767097158,1,0,78,17,61,21.79
H763,SAN BARTOLOMEO AL MARE,IMPERIA,LIGURIA,43.94356303402646,8.099413436624287,2,0,229,50,179,21.83
E854,MALETTO,CATANIA,SICILIA,37.80197681006668,14.913327072050109,2,0,235,11,224,4.68
F730,MORICONE,ROMA,LAZIO,42.112623976853975,12.743603250173713,2,0,138,23,115,16.67
B888,CASALETTO SPARTANO,SALERNO,CAMPANIA,40.169182115585016,15.64770246356157,2,0,59,1,58,1.69
G278,PALLAGORIO,CROTONE,CALABRIA,39.31147378215151,16.905660330479666,2,0,46,1,45,2.17
E498,LAVIANO,SALERNO,CAMPANIA,40.773961501591046,15.334132650329284,2,0,125,0,125,0.0
G959,POZZOLENGO,BRESCIA,LOMBARDIA,45.40984486286683,10.622656390791592,2,0,252,41,211,16.27
H154,RADDUSA,CATANIA,SICILIA,37.493658951149534,14.533910990471748,2,0,197,3,194,1.52
D377,DUBINO,SONDRIO,LOMBARDIA,46.16616371631568,9.444714590537004,3,0,286,65,221,22.73
M032,VILLAVERLA,VICENZA,VENETO,45.64838086043118,11.498560535959761,3,0,420,43,377,10.24
I711,SEZZADIO,ALESSANDRIA,PIEMONTE,44.75859254199217,8.587027776883986,1,0,51,2,49,3.92
I868,SOSTEGNO,BIELLA,PIEMONTE,45.651224348726835,8.281284178400828,1,0,17,1,16,5.88
L010,SURANO,LECCE,PUGLIA,40.021437863320685,18.33494725494304,2,0,69,10,59,14.49
D492,FARA NOVARESE,NOVARA,PIEMONTE,45.55910246254555,8.457936026289866,2,1,188,44,144,23.4
I098,SAN PIETRO CLARENZA,CATANIA,SICILIA,37.56667363534224,15.02302190886264,3,0,516,2,514,0.39
H826,SAN DONATO DI LECCE,LECCE,PUGLIA,40.25968490356837,18.189935616152027,2,0,280,13,267,4.64
L968,VILLAMASSARGIA,SUD SARDEGNA,SARDEGNA,39.25524736856161,8.66989266346267,4,0,282,7,275,2.48
G495,PESCOLANCIANO,ISERNIA,MOLISE,41.69220917585087,14.342134368289495,1,0,21,0,21,0.0
A772,BELVEDERE DI SPINELLO,CROTONE,CALABRIA,39.20618858274317,16.91152048106619,2,0,115,11,104,9.57
C673,CICAGNA,GENOVA,LIGURIA,44.405837342943975,9.231147542408145,3,0,234,38,196,16.24
B873,CASALDUNI,BENEVENTO,CAMPANIA,41.25622962049155,14.688567138348233,2,0,60,2,58,3.33
A530,AZZANO DECIMO,PORDENONE,FRIULI-VENEZIA G.,45.882403524328545,12.691564700955059,6,1,1090,206,884,18.9
G252,PALAGIANO,TARANTO,PUGLIA,40.552193536956224,17.021229428747862,6,0,1450,65,1385,4.48
G929,POSADA,NUORO,SARDEGNA,40.64399212225649,9.715529186124689,2,0,154,6,148,3.9
G116,ORNAGO,MONZA E DELLA BRIANZA,LOMBARDIA,45.59907076445082,9.420754223984442,2,0,375,28,347,7.47
G624,PIETRAPERZIA,ENNA,SICILIA,37.40884544445551,14.130664340913523,4,0,435,9,426,2.07
C057,CASTELBALDO,PADOVA,VENETO,45.13154401534332,11.454150461857246,2,0,124,35,89,28.23
E459,LASCARI,PALERMO,SICILIA,37.99960251123442,13.934450799709724,2,0,257,8,249,3.11
B068,BOSA,ORISTANO,SARDEGNA,40.34402319941273,8.47828202121926,5,0,1029,20,1009,1.94
H542,RONCOFREDDO,FORLI'-CESENA,EMILIA ROMAGNA,44.04387128470718,12.26585506793541,2,0,141,27,114,19.15
C879,COLLIANO,SALERNO,CAMPANIA,40.71422463759597,15.308389287678645,3,0,222,4,218,1.8
F776,MOTTALCIATA,BIELLA,PIEMONTE,45.5027872950038,8.203793809208438,1,0,44,5,39,11.36
B132,BREGANZE,VICENZA,VENETO,45.69875905999878,11.579279417343276,5,0,1259,96,1163,7.63
G660,PIGNA,IMPERIA,LIGURIA,43.94893591805578,7.652094402635744,2,0,58,15,43,25.86
F538,MONTELEONE DI PUGLIA,FOGGIA,PUGLIA,41.15749052643469,15.250667745119603,2,0,32,5,27,15.63
G565,PIANIGA,VENEZIA,VENETO,45.45500360673207,12.029345188975858,4,0,693,86,607,12.41
M077,VISONE,ALESSANDRIA,PIEMONTE,44.6540642094804,8.508499795560795,1,1,64,22,42,34.38
D259,DECIMOMANNU,CAGLIARI,SARDEGNA,39.298019759721655,8.931027818738842,4,0,908,44,864,4.85
H442,ROCCASCALEGNA,CHIETI,ABRUZZO,42.06728002570264,14.321946007923092,1,0,29,2,27,6.9
M333,SANT'OMOBONO TERME,BERGAMO,LOMBARDIA,45.8176817246435,9.515138732786761,3,0,400,73,327,18.25
H805,SAN CONO,CATANIA,SICILIA,37.291121193469564,14.36580318652314,2,0,151,27,124,17.88
D018,CORNAREDO,MILANO,LOMBARDIA,45.49181359314001,9.024057932552578,8,0,1934,230,1704,11.89
B705,CAPRIE,TORINO,PIEMONTE,45.13373492105729,7.340674652866273,1,0,61,2,59,3.28
I314,SANTA VENERINA,CATANIA,SICILIA,37.68320862366486,15.142252152054576,5,0,438,23,415,5.25
C927,COMISO,RAGUSA,SICILIA,36.9639263347795,14.59419912438435,11,1,3667,534,3133,14.56
A292,ANGIARI,VERONA,VENETO,45.222234042587374,11.26600710210323,1,0,96,12,84,12.5
B627,CANTALICE,RIETI,LAZIO,42.4796856267151,12.924348280236506,2,0,101,7,94,6.93
G917,PORTO MANTOVANO,MANTOVA,LOMBARDIA,45.19234745257221,10.755748333091796,5,0,1356,200,1156,14.75
D198,CUGGIONO,MILANO,LOMBARDIA,45.504390885234464,8.799142905032154,2,1,473,114,359,24.1
F572,MONTEMURLO,PRATO,TOSCANA,43.936302081295864,11.056596886740945,5,2,2081,599,1482,28.78
G858,PONTESTURA,ALESSANDRIA,PIEMONTE,45.13476048671666,8.328614879425027,2,0,138,31,107,22.46
G487,PESCHICI,FOGGIA,PUGLIA,41.911996854826555,16.031457763685367,5,0,500,6,494,1.2
I002,SAN MARTINO SANNITA,BENEVENTO,CAMPANIA,41.05616048400278,14.83537796629363,2,0,149,3,146,2.01
I410,SANZA,SALERNO,CAMPANIA,40.248662541062615,15.543529284423569,2,0,126,5,121,3.97
E539,LEQUIO TANARO,CUNEO,PIEMONTE,44.55380228737143,7.882995932563017,1,0,10,1,9,10.0
L792,VERTEMATE CON MINOPRIO,COMO,LOMBARDIA,45.72703188549393,9.078814340892585,2,0,363,37,326,10.19
C187,CASTELLO DI BRIANZA,LECCO,LOMBARDIA,45.7551501643504,9.347891051151844,1,0,89,8,81,8.99
E221,GRUMENTO NOVA,POTENZA,BASILICATA,40.29395051945551,15.880757282524074,2,0,74,6,68,8.11
E746,LUOGOSANO,AVELLINO,CAMPANIA,40.98496844089115,14.985273471915804,2,0,67,4,63,5.97
F773,MOTTA D'AFFERMO,MESSINA,SICILIA,37.992148473329564,14.30692407395713,2,0,15,2,13,13.33
D634,FLERO,BRESCIA,LOMBARDIA,45.480549189837966,10.172171216378961,2,0,595,72,523,12.1
F217,MINEO,CATANIA,SICILIA,37.3050888103686,14.641914420922435,4,0,345,34,311,9.86
I630,SERINO,AVELLINO,CAMPANIA,40.83452310391382,14.897122928182274,5,0,403,31,372,7.69
A440,ARZAGO D'ADDA,BERGAMO,LOMBARDIA,45.47435789872189,9.56466787782405,1,0,84,23,61,27.38
D540,FERLA,SIRACUSA,SICILIA,37.13340509573125,14.932489502443966,2,0,144,0,144,0.0
L423,TRIEI,NUORO,SARDEGNA,40.019206167124146,9.622813433038603,2,0,70,1,69,1.43
D292,TEGGIANO,SALERNO,CAMPANIA,40.387450259111404,15.505554895738504,7,0,1269,69,1200,5.44
D300,DIGNANO,UDINE,FRIULI-VENEZIA G.,46.09391505668843,12.94938861240741,1,0,63,12,51,19.05
F934,NORBELLO,ORISTANO,SARDEGNA,40.1619141702599,8.800265179907516,2,0,103,4,99,3.88
I780,SOGLIANO CAVOUR,LECCE,PUGLIA,40.14741198062303,18.201252069439494,2,0,207,5,202,2.42
C510,CERIALE,SAVONA,LIGURIA,44.0977353999859,8.207110163527656,3,1,365,90,275,24.66
G779,POLAVENO,BRESCIA,LOMBARDIA,45.66340431889009,10.135953454453869,2,0,141,16,125,11.35
L827,VIADANICA,BERGAMO,LOMBARDIA,45.690542653676665,9.974302885718693,1,0,38,10,28,26.32
G384,PAULILATINO,ORISTANO,SARDEGNA,40.069260148947464,8.746657114893297,2,0,122,0,122,0.0
L806,VESCOVATO,CREMONA,LOMBARDIA,45.163045792536565,10.167138996906221,2,0,371,92,279,24.8
I273,SANT'ANGELO D'ALIFE,CASERTA,CAMPANIA,41.35579774052535,14.268653133627854,2,0,126,2,124,1.59
M417,VALDILANA,BIELLA,PIEMONTE,45.67172664812212,8.127186195356801,8,0,824,93,731,11.29
F925,NOLE,TORINO,PIEMONTE,45.24430476916417,7.568469279933744,2,0,490,44,446,8.98
E425,LA MADDALENA,SASSARI,SARDEGNA,41.22713923110963,9.42119082657619,6,0,1054,51,1003,4.84
F637,MONTESCAGLIOSO,MATERA,BASILICATA,40.506943670158,16.666746051498727,3,0,650,105,545,16.15
I692,SESTRIERE,TORINO,PIEMONTE,44.9600183115471,6.883929666952174,2,0,47,3,44,6.38
B910,CASALPUSTERLENGO,LODI,LOMBARDIA,45.195242530013324,9.62998737718757,6,4,2453,696,1757,28.37
F672,MONTICELLI BRUSATI,BRESCIA,LOMBARDIA,45.63511275079571,10.097710057752783,2,0,240,21,219,8.75
E665,LONATE CEPPINO,VARESE,LOMBARDIA,45.70687511746485,8.880728143824543,3,0,300,24,276,8.0
D443,ESTERZILI,SUD SARDEGNA,SARDEGNA,39.74239709948577,9.317673764653218,2,0,29,0,29,0.0
I959,STIMIGLIANO,RIETI,LAZIO,42.29599334307802,12.56230269808198,2,0,113,25,88,22.12
I960,STIO,SALERNO,CAMPANIA,40.31493425850445,15.253074405198802,2,0,51,5,46,9.8
D805,FRONT,TORINO,PIEMONTE,45.27352002721124,7.668058714847079,1,0,44,5,39,11.36
L002,SULZANO,BRESCIA,LOMBARDIA,45.6807712228803,10.109194749124098,1,0,95,7,88,7.37
C826,COGORNO,GENOVA,LIGURIA,44.330993067476435,9.370653026380888,4,0,464,71,393,15.3
M209,SANT'ANNA ARRESI,SUD SARDEGNA,SARDEGNA,38.99507870041322,8.612540923075475,2,0,130,3,127,2.31
F251,MISTRETTA,MESSINA,SICILIA,37.90311873982448,14.36836241068994,4,0,486,2,484,0.41
C448,CELLINO SAN MARCO,BRINDISI,PUGLIA,40.483641681955724,17.936960098026535,2,0,340,10,330,2.94
M028,VILLATA,VERCELLI,PIEMONTE,45.38692405236589,8.424996653156656,2,0,166,19,147,11.45
C107,CASTELFRANCO EMILIA,MODENA,EMILIA ROMAGNA,44.598168305782714,11.07295741408876,13,1,3244,679,2565,20.93
G973,PRAGELATO,TORINO,PIEMONTE,44.983478283582215,6.946167549683076,1,0,16,1,15,6.25
E707,LOZZA,VARESE,LOMBARDIA,45.77494596106786,8.86285687305314,1,0,94,4,90,4.26
E085,GONNOSFANADIGA,SUD SARDEGNA,SARDEGNA,39.50452216267225,8.633103203470512,2,0,340,1,339,0.29
E170,GREZZAGO,MILANO,LOMBARDIA,45.59145039866766,9.494330890946236,1,0,126,20,106,15.87
I896,SPEZZANO DELLA SILA,COSENZA,CALABRIA,39.34886751132369,16.4882021996661,3,0,238,13,225,5.46
G386,PAUPISI,BENEVENTO,CAMPANIA,41.204445676163886,14.648010842961178,2,0,76,6,70,7.89
A068,AGEROLA,NAPOLI,CAMPANIA,40.64098770258357,14.543826959290621,6,0,786,36,750,4.58
L228,TORNO,COMO,LOMBARDIA,45.850827364204434,9.128423732252012,2,0,141,12,129,8.51
I168,SANTA BRIGIDA,BERGAMO,LOMBARDIA,46.00034205045417,9.618791610537325,1,0,19,0,19,0.0
L613,VALLERMOSA,SUD SARDEGNA,SARDEGNA,39.366410826194425,8.776446467937129,2,0,95,12,83,12.63
E283,ILBONO,NUORO,SARDEGNA,39.88601161760815,9.592325967736857,2,0,114,2,112,1.75
H288,RIGNANO FLAMINIO,ROMA,LAZIO,42.19227141094928,12.483595910254554,5,0,985,218,767,22.13
H010,PRAVISDOMINI,PORDENONE,FRIULI-VENEZIA G.,45.817559124706555,12.682469684909307,2,1,229,68,161,29.69
A473,ASSAGO,MILANO,LOMBARDIA,45.402637357699476,9.135546273189467,2,0,706,44,662,6.23
I798,SOLERO,ALESSANDRIA,PIEMONTE,44.91256968682852,8.501758334325359,2,0,141,16,125,11.35
A101,AIELLO DEL SABATO,AVELLINO,CAMPANIA,40.88025643632875,14.813083502653136,2,0,199,4,195,2.01
E239,GUARDAVALLE,CATANZARO,CALABRIA,38.507209503456416,16.500448219334547,3,0,272,3,269,1.1
D527,FELITTO,SALERNO,CAMPANIA,40.38608270940734,15.252363987211927,2,0,46,4,42,8.7
B375,CALALZO DI CADORE,BELLUNO,VENETO,46.477696034073524,12.326107035372338,2,0,86,13,73,15.12
L880,VIGLIANO BIELLESE,BIELLA,PIEMONTE,45.56242305574399,8.111478103231626,3,0,562,40,522,7.12
C398,CAVEZZO,MODENA,EMILIA ROMAGNA,44.84038074631897,11.001363327497225,2,0,507,106,401,20.91
E413,LAJATICO,PISA,TOSCANA,43.4504722500811,10.725658242888459,2,0,54,9,45,16.67
E230,GUALDO TADINO,PERUGIA,UMBRIA,43.22828897102519,12.754641399376878,9,2,1359,212,1147,15.6
E351,ISOLA DEL PIANO,PESARO E URBINO,MARCHE,43.73125039239836,12.77600481449811,1,0,42,10,32,23.81
M292,ERULA,SASSARI,SARDEGNA,40.783909924999456,8.93887986840989,1,0,25,0,25,0.0
B758,CARDINALE,CATANZARO,CALABRIA,38.63496359831834,16.40183463315746,2,0,87,1,86,1.15
C429,CELENZA VALFORTORE,FOGGIA,PUGLIA,41.56241860018972,15.00238432824567,2,0,70,0,70,0.0
F203,MIGNANO MONTE LUNGO,CASERTA,CAMPANIA,41.407660032378374,13.97379720961783,3,0,184,6,178,3.26
L388,TRESCORE BALNEARIO,BERGAMO,LOMBARDIA,45.698701968418185,9.851979180211178,6,2,3415,731,2684,21.41
H873,SAN GILLIO,TORINO,PIEMONTE,45.13863188629364,7.524366675581631,1,0,150,5,145,3.33
I128,SAN POSSIDONIO,MODENA,EMILIA ROMAGNA,44.88537044709292,10.991832365386733,2,0,230,63,167,27.39
E006,GHISALBA,BERGAMO,LOMBARDIA,45.59423984946785,9.76192875877891,2,1,418,126,292,30.14
I030,SAN MAURO TORINESE,TORINO,PIEMONTE,45.103546902839796,7.765395209836,6,0,1225,95,1130,7.76
A668,BARLASSINA,MONZA E DELLA BRIANZA,LOMBARDIA,45.6542009350507,9.125937929239017,2,0,665,103,562,15.49
D649,FOIANO DELLA CHIANA,AREZZO,TOSCANA,43.2617391339765,11.809894223785289,6,0,936,187,749,19.98
A882,BISACQUINO,PALERMO,SICILIA,37.73000693086131,13.216544658180466,6,0,582,9,573,1.55
G932,POSITANO,SALERNO,CAMPANIA,40.633059903873324,14.49072861452325,2,0,217,3,214,1.38
F609,MONTEROSSO AL MARE,LA SPEZIA,LIGURIA,44.15913212395109,9.660736568926716,2,0,83,10,73,12.05
C287,CASTELVETRO DI MODENA,MODENA,EMILIA ROMAGNA,44.50225716113836,10.92987221060127,4,0,812,142,670,17.49
A402,ARIELLI,CHIETI,ABRUZZO,42.25698230173812,14.30083690378292,1,0,69,7,62,10.14
B024,BORGONE SUSA,TORINO,PIEMONTE,45.12174480254262,7.245134965929348,2,0,137,12,125,8.76
D422,ERCHIE,BRINDISI,PUGLIA,40.42509414285675,17.73516184573997,2,0,524,2,522,0.38
A825,BESNATE,VARESE,LOMBARDIA,45.70151187557802,8.762752517031007,2,0,324,21,303,6.48
D332,DOMODOSSOLA,VERBANO-CUSIO-OSSOLA,PIEMONTE,46.12288759064904,8.253966607401033,9,0,2997,252,2745,8.41
D289,DIAMANTE,COSENZA,CALABRIA,39.70109180745933,15.822857126012579,5,0,617,27,590,4.38
M139,ZAFFERANA ETNEA,CATANIA,SICILIA,37.70981767314674,15.063229239585354,5,0,785,78,707,9.94
H034,PREMILCUORE,FORLI'-CESENA,EMILIA ROMAGNA,43.9668197278193,11.781563417359417,2,1,24,7,17,29.17
A843,BIANCO,REGGIO CALABRIA,CALABRIA,38.07479988529137,16.130887587210932,2,0,354,23,331,6.5
B784,CARLANTINO,FOGGIA,PUGLIA,41.611561149969624,14.980122887700473,2,0,39,0,39,0.0
H350,RIVERGARO,PIACENZA,EMILIA ROMAGNA,44.91646573672696,9.611888406545434,3,0,376,76,300,20.21
H753,SAMONE,TORINO,PIEMONTE,45.44710289855453,7.838951761834833,1,0,91,6,85,6.59
I873,SOVERE,BERGAMO,LOMBARDIA,45.823096182717656,10.013236821964336,2,1,424,111,313,26.18
A671,BAROLO,CUNEO,PIEMONTE,44.61497837060161,7.941502570200393,2,0,166,33,133,19.88
B742,CARBONATE,COMO,LOMBARDIA,45.68900715785035,8.939436823254926,1,0,147,20,127,13.61
F085,MEDOLAGO,BERGAMO,LOMBARDIA,45.67112755664979,9.499065247735405,1,0,107,15,92,14.02
B182,BRINZIO,VARESE,LOMBARDIA,45.888253497019114,8.792902141897631,1,0,91,9,82,9.89
C093,CASTEL DI LAMA,ASCOLI PICENO,MARCHE,42.87628032806188,13.70240694383642,3,0,688,76,612,11.05
I744,SIMBARIO,VIBO VALENTIA,CALABRIA,38.617235293898304,16.3285175907768,1,0,15,0,15,0.0
D141,CREDERA RUBBIANO,CREMONA,LOMBARDIA,45.29847666315974,9.65173394783321,2,0,138,23,115,16.67
B029,BORGORATTO ALESSANDRINO,ALESSANDRIA,PIEMONTE,44.83074103746933,8.519362818244744,1,0,57,3,54,5.26
A764,BELMONTE MEZZAGNO,PALERMO,SICILIA,38.0412128819089,13.385484419851183,4,0,949,1,948,0.11
C044,CASTAGNETO CARDUCCI,LIVORNO,TOSCANA,43.1791252600907,10.59783411039524,4,1,519,129,390,24.86
D469,FAICCHIO,BENEVENTO,CAMPANIA,41.267372448172225,14.471142911169096,5,0,306,13,293,4.25
E912,MARANO VICENTINO,VICENZA,VENETO,45.69406503336017,11.433031045801648,2,0,586,51,535,8.7
D639,FLUMINIMAGGIORE,SUD SARDEGNA,SARDEGNA,39.42964324598183,8.507737496080376,2,0,119,1,118,0.84
H614,ROVESCALA,PAVIA,LOMBARDIA,45.00885483306635,9.34843793366437,1,1,20,14,6,70.0
B214,BRUGNATO,LA SPEZIA,LIGURIA,44.23804831664547,9.731110770182635,2,0,137,22,115,16.06
D192,CUASSO AL MONTE,VARESE,LOMBARDIA,45.90921564290446,8.868201817595448,2,0,228,15,213,6.58
A181,ALESSANDRIA DELLA ROCCA,AGRIGENTO,SICILIA,37.54572872558905,13.464298802539856,2,0,112,2,110,1.79
D591,FILETTINO,FROSINONE,LAZIO,41.893173714731525,13.324555026174094,1,0,12,0,12,0.0
B945,CASATISMA,PAVIA,LOMBARDIA,45.05323020015919,9.122519231044723,1,0,78,8,70,10.26
D655,FOLLO,LA SPEZIA,LIGURIA,44.17190528658765,9.837492554380272,3,0,481,51,430,10.6
L505,URURI,CAMPOBASSO,MOLISE,41.81275592349947,15.011033152563735,2,0,167,26,141,15.57
A815,BERZO SAN FERMO,BERGAMO,LOMBARDIA,45.71338927124472,9.911232480461306,1,0,87,11,76,12.64
C002,CASSANO ALL'IONIO,COSENZA,CALABRIA,39.752005117237786,16.39100796587809,14,1,1591,159,1432,9.99
E749,LURAGO D'ERBA,COMO,LOMBARDIA,45.75615604516356,9.220977238545316,2,0,411,35,376,8.52
I559,SECLI',LECCE,PUGLIA,40.12701536907578,18.106079486805722,2,0,58,1,57,1.72
F993,OCCHIEPPO SUPERIORE,BIELLA,PIEMONTE,45.57090167938285,7.996764390032779,1,0,85,7,78,8.24
H140,QUINZANO D'OGLIO,BRESCIA,LOMBARDIA,45.31231374918514,10.005368098801817,2,0,461,111,350,24.08
C763,CIVITA,COSENZA,CALABRIA,39.84915793825252,16.310481123825067,1,1,23,7,16,30.43
H865,SAN GERVASIO BRESCIANO,BRESCIA,LOMBARDIA,45.29969229625345,10.153001542278826,2,1,223,64,159,28.7
L817,VEZZA D'ALBA,CUNEO,PIEMONTE,44.761492149437856,7.9946038886417625,2,0,218,28,190,12.84
L115,TERNATE,VARESE,LOMBARDIA,45.78600295935799,8.69557677116467,1,0,112,6,106,5.36
A280,ANDORNO MICCA,BIELLA,PIEMONTE,45.64088746853265,8.006207039670448,2,0,155,31,124,20.0
L811,VESTIGNE',TORINO,PIEMONTE,45.38877496622378,7.940935508583619,2,0,131,13,118,9.92
G849,PONTELATONE,CASERTA,CAMPANIA,41.18742214662819,14.256475704087773,2,0,111,8,103,7.21
C443,CELLE LIGURE,SAVONA,LIGURIA,44.35277470542823,8.536585422332042,2,0,258,31,227,12.02
B427,CALTABELLOTTA,AGRIGENTO,SICILIA,37.58304400993681,13.200016600815609,3,0,124,8,116,6.45
B956,CASELLA,GENOVA,LIGURIA,44.5331689287675,8.996432981118625,2,0,248,11,237,4.44
F677,MONTIERI,GROSSETO,TOSCANA,43.123392293828225,11.016673165050783,3,2,80,40,40,50.0
B115,BRACIGLIANO,SALERNO,CAMPANIA,40.826163991034285,14.707230192484227,3,0,365,9,356,2.47
L251,TORRE BOLDONE,BERGAMO,LOMBARDIA,45.722072071390286,9.701394489776781,2,0,427,46,381,10.77
G716,PITIGLIANO,GROSSETO,TOSCANA,42.61326542308013,11.661071628996199,4,1,336,55,281,16.37
B528,CAMPODIPIETRA,CAMPOBASSO,MOLISE,41.55143884688421,14.739626892566722,2,0,122,14,108,11.48
F105,MELICUCCA',REGGIO CALABRIA,CALABRIA,38.29350609537622,15.869424697056612,2,0,53,5,48,9.43
A229,ALTAVILLA MILICIA,PALERMO,SICILIA,38.0179593363932,13.568677000892722,2,0,550,16,534,2.91
A960,BONARCADO,ORISTANO,SARDEGNA,40.096705724099365,8.661847356807787,2,0,113,2,111,1.77
C122,CASTELGUGLIELMO,ROVIGO,VENETO,45.0122056236315,11.546482343176384,2,0,232,56,176,24.14
B288,BUSETO PALIZZOLO,TRAPANI,SICILIA,37.989607781851674,12.736627886303946,2,0,182,5,177,2.75
B854,CARVICO,BERGAMO,LOMBARDIA,45.703985872487756,9.488131374264281,2,0,403,78,325,19.35
L850,VICOPISANO,PISA,TOSCANA,43.699575632396325,10.56552215210558,3,0,502,51,451,10.16
A330,APOLLOSA,BENEVENTO,CAMPANIA,41.09062686584736,14.703587221294375,2,0,127,8,119,6.3
I857,SORISO,NOVARA,PIEMONTE,45.736983594101076,8.398182440425565,1,0,22,4,18,18.18
D156,CRESPADORO,VICENZA,VENETO,45.64744814054611,11.189099634109755,1,1,49,21,28,42.86
C055,CASTEGNATO,BRESCIA,LOMBARDIA,45.55768462693301,10.113114900615743,2,0,628,108,520,17.2
A665,BARICELLA,BOLOGNA,EMILIA ROMAGNA,44.668492874132646,11.571353586140871,2,1,489,145,344,29.65
I699,SETTIMO SAN PIETRO,CAGLIARI,SARDEGNA,39.307840644444,9.167789624169536,3,0,402,4,398,1.0
F434,MONTE CREMASCO,CREMONA,LOMBARDIA,45.375644135915806,9.56994241530329,1,0,103,21,82,20.39
M015,VILLAR SAN COSTANZO,CUNEO,PIEMONTE,44.48675384356166,7.3938219291278156,1,0,94,3,91,3.19
I319,SANT'ELENA,PADOVA,VENETO,45.18589256506446,11.705922120889216,2,0,254,21,233,8.27
L332,TRAPPETO,PALERMO,SICILIA,38.07301628147108,13.0590434862657,2,0,183,12,171,6.56
B463,CAMBIASCA,VERBANO-CUSIO-OSSOLA,PIEMONTE,45.96907391722418,8.542374143713355,1,0,99,1,98,1.01
A963,BONATE SOPRA,BERGAMO,LOMBARDIA,45.68166869174979,9.563230888264881,3,0,787,111,676,14.1
D925,GARLASCO,PAVIA,LOMBARDIA,45.20383587423475,8.932434987764562,2,0,653,127,526,19.45
G431,POGGIRIDENTI,SONDRIO,LOMBARDIA,46.17241904934813,9.926603561063725,1,0,64,4,60,6.25
B825,CARPINETI,REGGIO EMILIA,EMILIA ROMAGNA,44.452050136851845,10.530131875082176,3,0,210,32,178,15.24
C048,CASTAGNOLE PIEMONTE,TORINO,PIEMONTE,44.894890901665725,7.566470804068006,1,0,74,12,62,16.22
M053,VIMODRONE,MILANO,LOMBARDIA,45.51541460010835,9.288073155735235,4,0,990,186,804,18.79
D835,GABIANO,ALESSANDRIA,PIEMONTE,45.1525916752831,8.206379098851054,1,1,28,10,18,35.71
L357,TRECCHINA,POTENZA,BASILICATA,40.02066040873341,15.775577069298285,2,0,106,11,95,10.38
B016,BORGOLAVEZZARO,NOVARA,PIEMONTE,45.31648994101635,8.691961460086802,1,0,61,9,52,14.75
H373,ROBECCO SUL NAVIGLIO,MILANO,LOMBARDIA,45.42661748795623,8.86932072658361,3,0,392,36,356,9.18
H356,RIVOLI VERONESE,VERONA,VENETO,45.57235273326058,10.810480467862838,1,0,101,10,91,9.9
B037,BORGO SAN MARTINO,ALESSANDRIA,PIEMONTE,45.09239622214177,8.5296448861607,1,0,43,5,38,11.63
B626,CANTAGALLO,PRATO,TOSCANA,44.023119439161164,11.09304300525593,1,0,66,18,48,27.27
C730,CISERANO,BERGAMO,LOMBARDIA,45.585428618938984,9.596082820668265,2,2,417,132,285,31.65
E389,JOPPOLO,VIBO VALENTIA,CALABRIA,38.59504819841032,15.895500733879285,3,0,52,4,48,7.69
E982,MARTIGNACCO,UDINE,FRIULI-VENEZIA G.,46.082895056350715,13.148444927602263,2,0,350,26,324,7.43
C614,CHIARANO,TREVISO,VENETO,45.73074716123125,12.570128838621546,2,0,244,56,188,22.95
C875,COLLETORTO,CAMPOBASSO,MOLISE,41.654672504682274,14.99703796444078,2,0,71,2,69,2.82
D799,FRIGNANO,CASERTA,CAMPANIA,41.01714816751321,14.17978903898618,2,0,714,34,680,4.76
E723,LUCO DEI MARSI,L'AQUILA,ABRUZZO,41.95490248612159,13.47738481123172,2,2,497,223,274,44.87
G881,PORANO,TERNI,UMBRIA,42.680313362635125,12.093472526744211,1,0,56,5,51,8.93
B736,CARBONARA SCRIVIA,ALESSANDRIA,PIEMONTE,44.85364225287709,8.858133108495602,1,0,76,5,71,6.58
G483,PESCAROLO ED UNITI,CREMONA,LOMBARDIA,45.19346064281888,10.198555492733549,1,1,79,26,53,32.91
B914,POZZAGLIO ED UNITI,CREMONA,LOMBARDIA,45.212666121442496,10.047041356149562,2,0,230,56,174,24.35
D619,FIUMARA,REGGIO CALABRIA,CALABRIA,38.21591499575109,15.699542970828045,1,0,12,2,10,16.67
I683,SESTO ED UNITI,CREMONA,LOMBARDIA,45.18286667402879,9.925776907645568,2,1,322,97,225,30.12
E893,MANSUE',TREVISO,VENETO,45.82611128007559,12.525976952601926,2,2,409,159,250,38.88
A106,AILANO,CASERTA,CAMPANIA,41.383759267928994,14.190338552404024,2,0,51,1,50,1.96
A243,ALVIGNANO,CASERTA,CAMPANIA,41.24339074711047,14.358320914533346,2,0,289,37,252,12.8
M147,ZANICA,BERGAMO,LOMBARDIA,45.63272851477578,9.697738956230953,2,0,537,104,433,19.37
A572,BAGNOLO DEL SALENTO,LECCE,PUGLIA,40.147711164103086,18.357072542316775,2,0,74,0,74,0.0
C268,CASTEL SANT'ANGELO,RIETI,LAZIO,42.3982193063982,13.018317683788638,1,0,10,1,9,10.0
B326,CADEGLIANO-VICONAGO,VARESE,LOMBARDIA,45.967751287847776,8.832310738149687,1,0,76,12,64,15.79
E437,LANDRIANO,PAVIA,LOMBARDIA,45.30967565066772,9.271046773298238,2,0,590,131,459,22.2
F651,MONTEU DA PO,TORINO,PIEMONTE,45.1627058649602,8.015566714060721,1,0,50,4,46,8.0
F346,MONDAINO,RIMINI,EMILIA ROMAGNA,43.84458943036948,12.651987943736255,2,0,82,20,62,24.39
E934,MARCIGNAGO,PAVIA,LOMBARDIA,45.24751370776679,9.085331159314391,2,0,246,40,206,16.26
A528,AZZANO SAN PAOLO,BERGAMO,LOMBARDIA,45.65727000723903,9.680620265966368,2,1,515,143,372,27.77
H755,SAMPEYRE,CUNEO,PIEMONTE,44.58321375426708,7.187023005264295,2,0,92,4,88,4.35
E868,MALTIGNANO,ASCOLI PICENO,MARCHE,42.836165547110284,13.688753800881061,2,0,184,14,170,7.61
F475,MONTECILFONE,CAMPOBASSO,MOLISE,41.90391477820929,14.845123289590761,2,0,27,1,26,3.7
E509,LEFFE,BERGAMO,LOMBARDIA,45.79036056911683,9.882352012661686,2,0,355,55,300,15.49
H168,RAMACCA,CATANIA,SICILIA,37.43681289545615,14.699722329929408,8,0,1210,46,1164,3.8
H033,PREMIA,VERBANO-CUSIO-OSSOLA,PIEMONTE,46.30627782705367,8.362105085292358,1,0,15,1,14,6.67
M436,SOVIZZO,VICENZA,VENETO,45.55388171785469,11.434391165948918,4,0,674,41,633,6.08
A462,ASCOLI PICENO,ASCOLI PICENO,MARCHE,42.85122415129792,13.568721488754829,32,1,7670,630,7040,8.21
B875,CASALE LITTA,VARESE,LOMBARDIA,45.76365534287407,8.730696442111265,1,0,110,5,105,4.55
G243,PAGO VEIANO,BENEVENTO,CAMPANIA,41.235956624398476,14.877109921869248,2,0,129,2,127,1.55
D810,FROSINONE,FROSINONE,LAZIO,41.63460387407061,13.331526288351165,31,0,8094,611,7483,7.55
D969,GENOVA,GENOVA,LIGURIA,44.44139516873273,8.893051598264757,191,50,55216,10975,44241,19.88
D122,CROTONE,CROTONE,CALABRIA,39.09290576505582,17.088000660375513,35,0,10086,282,9804,2.8
A089,AGRIGENTO,AGRIGENTO,SICILIA,37.32235519884126,13.56571039788902,30,0,8553,375,8178,4.38
C272,CASTELSARDO,SASSARI,SARDEGNA,40.893065187464366,8.719085769394898,4,0,398,7,391,1.76
A355,TORTOLI',NUORO,SARDEGNA,39.91460175469646,9.664297072787575,14,0,2122,46,2076,2.17
L339,TRAVAGLIATO,BRESCIA,LOMBARDIA,45.522079697007975,10.077682854291705,2,0,940,205,735,21.81
D708,FORMIA,LATINA,LAZIO,41.284584678874445,13.627902600098164,20,0,5338,252,5086,4.72
A390,AREZZO,AREZZO,TOSCANA,43.44504715315628,11.90428358999429,44,5,13575,1802,11773,13.27
I661,SERRAVALLE DI CHIENTI,MACERATA,MARCHE,43.036899298958794,12.938017162597736,2,2,55,23,32,41.82
F979,NUORO,NUORO,SARDEGNA,40.3394399881819,9.299530450860372,23,0,5719,119,5600,2.08
D612,FIRENZE,FIRENZE,TOSCANA,43.780128945616745,11.24500421765367,125,24,43781,8049,35732,18.38
I467,SAVA,TARANTO,PUGLIA,40.39773033069722,17.536134408160375,6,0,2032,56,1976,2.76
L188,TODI,PERUGIA,UMBRIA,42.776470872214134,12.411307807954394,11,1,2540,307,2233,12.09
B647,CAPANNOLI,PISA,TOSCANA,43.58434961288062,10.670534190449098,3,0,468,44,424,9.4
H882,SAN GIORGIO IONICO,TARANTO,PUGLIA,40.46814041128683,17.36728490357052,4,0,963,10,953,1.04
F376,MONOPOLI,BARI,PUGLIA,40.89781086931001,17.277654101910507,19,0,5720,183,5537,3.2
D045,CORSICO,MILANO,LOMBARDIA,45.4332498346696,9.101831841640655,11,7,4288,900,3388,20.99
I693,SESTRI LEVANTE,GENOVA,LIGURIA,44.286718663058075,9.428771133908889,8,1,1682,258,1424,15.34
C638,CHIOGGIA,VENEZIA,VENETO,45.21784519616342,12.246450377986111,19,0,4116,200,3916,4.86
D120,COSTIGLIOLE SALUZZO,CUNEO,PIEMONTE,44.56190799108768,7.490195956226564,2,2,222,72,150,32.43
E680,PORTO AZZURRO,LIVORNO,TOSCANA,42.7750237426223,10.38824677911337,4,2,307,69,238,22.48
F669,MONTICELLO D'ALBA,CUNEO,PIEMONTE,44.712420921281925,7.946590748561246,2,0,154,21,133,13.64
A271,ANCONA,ANCONA,MARCHE,43.572762788196194,13.492020999970077,44,11,12684,2319,10365,18.28
I855,SORIANO NEL CIMINO,VITERBO,LAZIO,42.43805794915573,12.243498492970417,2,0,422,34,388,8.06
E514,LEGNANO,MILANO,LOMBARDIA,45.59370783223278,8.907768256131575,21,5,7861,1588,6273,20.2
E395,LACCHIARELLA,MILANO,LOMBARDIA,45.32186551217948,9.157396471528452,2,0,590,81,509,13.73
F843,NARDODIPACE,VIBO VALENTIA,CALABRIA,38.45596594667371,16.349406499766467,4,0,66,0,66,0.0
I174,SANTA CRISTINA GELA,PALERMO,SICILIA,37.97610230013706,13.355236550952549,1,0,17,0,17,0.0
D372,DRONERO,CUNEO,PIEMONTE,44.45517083279337,7.32923424187489,5,1,879,156,723,17.75
F224,MINTURNO,LATINA,LAZIO,41.26651532413993,13.74389546391961,9,0,1927,62,1865,3.22
I286,SANT'ANGELO IN PONTANO,MACERATA,MARCHE,43.10321705270627,13.40341309599761,2,0,73,14,59,19.18
A272,ANDALI,CATANZARO,CALABRIA,38.98781900998809,16.80731126286236,2,0,15,0,15,0.0
G290,PALMOLI,CHIETI,ABRUZZO,41.95523489050168,14.599291968368924,2,0,99,20,79,20.2
D761,FRANCAVILLA FONTANA,BRINDISI,PUGLIA,40.52979422880699,17.563516816137927,16,0,5241,42,5199,0.8
C665,CHIVASSO,TORINO,PIEMONTE,45.20588543334879,7.895871402917935,11,0,4209,429,3780,10.19
B963,CASERTA,CASERTA,CAMPANIA,41.0876082124501,14.3577605286521,43,0,13635,537,13098,3.94
C670,CROCETTA DEL MONTELLO,TREVISO,VENETO,45.82903433153918,12.060316400693448,2,0,474,114,360,24.05
G616,PIETRAGALLA,POTENZA,BASILICATA,40.75653646227511,15.851914278934023,4,0,174,8,166,4.6
G141,ORTONA,CHIETI,ABRUZZO,42.33702997837419,14.37245234571742,13,0,2220,213,2007,9.59
A459,ARZIGNANO,VICENZA,VENETO,45.525519384480255,11.337951760329682,11,4,3614,759,2855,21.0
M092,VITULAZIO,CASERTA,CAMPANIA,41.145037384443434,14.192279828305029,3,0,595,36,559,6.05
I799,SOLESINO,PADOVA,VENETO,45.179075443486866,11.747637696180117,3,0,416,72,344,17.31
M328,CRESPINA LORENZANA,PISA,TOSCANA,43.569698132370505,10.540453034918862,3,0,375,30,345,8.0
A295,ANGROGNA,TORINO,PIEMONTE,44.860860491769735,7.177051900650622,1,0,26,2,24,7.69
B405,CALENDASCO,PIACENZA,EMILIA ROMAGNA,45.091225328422595,9.608006579121062,2,0,244,38,206,15.57
C653,CHIUSA DI PESIO,CUNEO,PIEMONTE,44.26033659409398,7.670827812293585,3,0,248,33,215,13.31
C312,CASTIGLIONE DELLE STIVIERE,MANTOVA,LOMBARDIA,45.378850459788055,10.494714874740533,8,3,2480,686,1794,27.66
F216,MILZANO,BRESCIA,LOMBARDIA,45.27454439495933,10.192907174437412,1,0,72,16,56,22.22
F104,MELFI,POTENZA,BASILICATA,41.03450441077118,15.641542346357507,14,0,2856,126,2730,4.41
G463,PEROSA ARGENTINA,TORINO,PIEMONTE,44.98207963783454,7.188097256104317,2,0,211,30,181,14.22
E232,GUALTIERI,REGGIO EMILIA,EMILIA ROMAGNA,44.881615249679825,10.616913832678243,2,0,398,83,315,20.85
F461,MONTECCHIA DI CROSARA,VERONA,VENETO,45.47768159532907,11.267799885698969,2,0,280,63,217,22.5
E055,GIULIANA,PALERMO,SICILIA,37.67227651484162,13.223606509429766,2,0,68,0,68,0.0
M287,RAGALNA,CATANIA,SICILIA,37.65995567761153,14.952656460580508,3,0,259,8,251,3.09
L454,TRUCCAZZANO,MILANO,LOMBARDIA,45.48018709125291,9.473327266663134,3,0,353,66,287,18.7
I803,SOLIGNANO,PARMA,EMILIA ROMAGNA,44.644066259322436,9.972018423159119,2,1,76,21,55,27.63
F798,MUGNANO DEL CARDINALE,AVELLINO,CAMPANIA,40.938629622312156,14.663520021394243,3,0,483,6,477,1.24
G420,PELAGO,FIRENZE,TOSCANA,43.77401891466279,11.515180731777946,3,0,685,89,596,12.99
F965,NOVI LIGURE,ALESSANDRIA,PIEMONTE,44.76515349271203,8.795250398170564,12,6,4301,917,3384,21.32
F266,MOGGIO UDINESE,UDINE,FRIULI-VENEZIA G.,46.458722591278985,13.193623719825629,2,0,92,0,92,0.0
F165,MEZZAGO,MONZA E DELLA BRIANZA,LOMBARDIA,45.6290598282384,9.444754677673078,2,0,276,52,224,18.84
G687,PIOMBINO,LIVORNO,TOSCANA,42.97528781214069,10.60391717959913,15,2,3395,586,2809,17.26
C911,COMABBIO,VARESE,LOMBARDIA,45.772283653362265,8.677662356235913,1,0,15,3,12,20.0
E341,ISOLA DEL CANTONE,GENOVA,LIGURIA,44.645659711467346,8.962973147167588,2,2,50,23,27,46.0
D593,FILIANO,POTENZA,BASILICATA,40.82965427774404,15.73415735464071,2,0,122,7,115,5.74
L014,SUSEGANA,TREVISO,VENETO,45.851649140779216,12.229302883362415,4,3,675,189,486,28.0
E131,GRAGNANO,NAPOLI,CAMPANIA,40.685785572997275,14.535687761022405,15,0,4166,32,4134,0.77
D906,GANDOSSO,BERGAMO,LOMBARDIA,45.66148680363014,9.895627969543527,1,0,39,5,34,12.82
G912,PORTOFERRAIO,LIVORNO,TOSCANA,42.6900460494237,10.317377426773758,8,0,1955,183,1772,9.36
F206,MILAZZO,MESSINA,SICILIA,38.2048124647498,15.243129891401436,20,0,5985,260,5725,4.34
C545,CERVARO,FROSINONE,LAZIO,41.476648250886285,13.898385830691051,4,0,364,21,343,5.77
A080,AGNONE,ISERNIA,MOLISE,41.80098592304382,14.360201818678897,6,0,531,34,497,6.4
H534,RONCIGLIONE,VITERBO,LAZIO,42.28711122667947,12.218001506843361,3,0,1072,138,934,12.87
D267,DELIA,CALTANISSETTA,SICILIA,37.353516325446485,13.919425206873514,2,0,246,49,197,19.92
F844,NARNI,TERNI,UMBRIA,42.504035732144146,12.514026659381335,12,1,1804,174,1630,9.65
A237,ALTIVOLE,TREVISO,VENETO,45.74971213149867,11.953404553247946,4,0,609,101,508,16.58
E648,LODI,LODI,LOMBARDIA,45.31468750607725,9.503697195374768,23,7,9530,1630,7900,17.1
G853,PONTERANICA,BERGAMO,LOMBARDIA,45.73994042777772,9.674549723898387,3,0,415,45,370,10.84
E618,MILENA,CALTANISSETTA,SICILIA,37.45879528408496,13.739253658139337,2,0,126,6,120,4.76
F868,NEPI,VITERBO,LAZIO,42.223040798962025,12.331279002071629,3,0,911,122,789,13.39
M339,MACCAGNO CON PINO E VEDDASCA,VARESE,LOMBARDIA,46.072496587356866,8.765596789239076,2,0,128,10,118,7.81
L733,VENEGONO INFERIORE,VARESE,LOMBARDIA,45.73704293648942,8.902598994759837,2,0,444,34,410,7.66
I955,STIGNANO,REGGIO CALABRIA,CALABRIA,38.38722633275243,16.486206016653643,1,0,29,3,26,10.34
H574,ROSOLINI,SIRACUSA,SICILIA,36.86413964638353,14.909689269048043,13,1,2588,304,2284,11.75
G726,PIZZOLI,L'AQUILA,ABRUZZO,42.45029462751763,13.332315592514155,2,0,237,47,190,19.83
F355,MONESIGLIO,CUNEO,PIEMONTE,44.463988601811835,8.122459713149484,2,0,40,5,35,12.5
G559,PIANEZZA,TORINO,PIEMONTE,45.113846782302055,7.553933869662612,7,0,2233,59,2174,2.64
I225,SANTA MARGHERITA LIGURE,GENOVA,LIGURIA,44.32972163118094,9.196461433688418,4,0,401,73,328,18.2
I684,SESTO FIORENTINO,FIRENZE,TOSCANA,43.83993634424561,11.222070972820672,17,3,5781,1012,4769,17.51
E816,MAGLIOLO,SAVONA,LIGURIA,44.209849091750414,8.215994000059698,1,0,31,2,29,6.45
H153,RADDA IN CHIANTI,SIENA,TOSCANA,43.4927285903406,11.363938961498977,2,0,86,22,64,25.58
G793,POLLA,SALERNO,CAMPANIA,40.509624767177066,15.488391635596653,4,3,427,307,120,71.9
C296,CASTIGLIONE DEI PEPOLI,BOLOGNA,EMILIA ROMAGNA,44.15068900249144,11.183097916344103,8,0,750,135,615,18.0
G148,ORVIETO,TERNI,UMBRIA,42.734296557104415,12.15175882516235,12,0,3064,338,2726,11.03
D599,FINALE EMILIA,MODENA,EMILIA ROMAGNA,44.849302260237536,11.266781816455637,5,2,2624,428,2196,16.31
F718,MORDANO,BOLOGNA,EMILIA ROMAGNA,44.409569814110796,11.796113634586172,3,0,318,46,272,14.47
F113,MELIZZANO,BENEVENTO,CAMPANIA,41.169582435788435,14.493563313161253,2,0,72,5,67,6.94
E428,LAMBRUGO,COMO,LOMBARDIA,45.75994824207749,9.243250412910017,1,0,101,10,91,9.9
C619,CHIAROMONTE,POTENZA,BASILICATA,40.09109107637042,16.20525884396239,2,0,134,3,131,2.24
I688,SESTO CALENDE,VARESE,LOMBARDIA,45.74021911740111,8.63546087494082,9,1,2207,315,1892,14.27
L282,TORRETTA,PALERMO,SICILIA,38.14266082962314,13.240381663026662,2,0,233,2,231,0.86
A823,BESENZONE,PIACENZA,EMILIA ROMAGNA,44.97380088355787,9.980364546010337,1,1,38,16,22,42.11
F737,MORNESE,ALESSANDRIA,PIEMONTE,44.6271697987341,8.759441450955027,2,0,73,3,70,4.11
L056,TARTANO,SONDRIO,LOMBARDIA,46.09080632605082,9.687263425531452,1,0,7,2,5,28.57
F484,MONTECRETO,MODENA,EMILIA ROMAGNA,44.26010586617577,10.732113932765229,1,0,31,9,22,29.03
H717,SALO',BRESCIA,LOMBARDIA,45.60803939345329,10.540827283604788,5,1,2543,318,2225,12.5
A851,BIBBIENA,AREZZO,TOSCANA,43.73074342404925,11.848820505179967,6,2,1270,308,962,24.25
E010,GIANICO,BRESCIA,LOMBARDIA,45.855965493833686,10.220305644661734,2,0,230,26,204,11.3
D406,ENDINE GAIANO,BERGAMO,LOMBARDIA,45.78606258608749,9.978367751657522,2,0,168,46,122,27.38
D488,FANO,PESARO E URBINO,MARCHE,43.81227796972033,12.99451950930365,22,0,7216,650,6566,9.01
F585,ROSETO DEGLI ABRUZZI,TERAMO,ABRUZZO,42.68115039295714,13.979388695773125,12,0,3663,287,3376,7.84
D410,ENTRACQUE,CUNEO,PIEMONTE,44.181623011911995,7.402972089337365,1,0,34,3,31,8.82
I480,SAVONA,SAVONA,LIGURIA,44.3359541079864,8.423587799402931,29,8,8641,1351,7290,15.63
M078,VISSO,MACERATA,MARCHE,42.935879788701165,13.052065319034257,2,0,41,10,31,24.39
H937,SAN GODENZO,FIRENZE,TOSCANA,43.92932584257659,11.642055100345383,1,0,50,8,42,16.0
C752,CIVATE,LECCO,LOMBARDIA,45.82920283571312,9.331382142142635,2,0,227,23,204,10.13
D121,COTIGNOLA,RAVENNA,EMILIA ROMAGNA,44.380121805299616,11.912165551773239,3,0,514,69,445,13.42
I468,SAVELLI,CROTONE,CALABRIA,39.32565794373923,16.75919290231855,2,0,37,1,36,2.7
L304,TORTONA,ALESSANDRIA,PIEMONTE,44.88704393884928,8.841938586153217,10,4,3261,935,2326,28.67
A488,ATRI,TERAMO,ABRUZZO,42.58416388204718,13.980251442122203,8,0,2210,94,2116,4.25
C960,CONFLENTI,CATANZARO,CALABRIA,39.04514595782509,16.279950944849087,3,0,62,4,58,6.45
I926,SPOTORNO,SAVONA,LIGURIA,44.233700716013935,8.405087151230344,2,0,182,15,167,8.24
E813,MAGLIANO ROMANO,ROMA,LAZIO,42.16000967241567,12.435651784261296,2,0,52,6,46,11.54
I531,SCHIO,VICENZA,VENETO,45.726392685159034,11.34910240404444,18,3,6941,822,6119,11.84
A589,BALDISSERO D'ALBA,CUNEO,PIEMONTE,44.76559597423211,7.889434503867951,1,0,27,1,26,3.7
D251,DARFO BOARIO TERME,BRESCIA,LOMBARDIA,45.887108424064984,10.197891407911136,13,3,2479,567,1912,22.87
F066,MAZZARRA' SANT'ANDREA,MESSINA,SICILIA,38.08033124817504,15.132213625638496,2,1,96,35,61,36.46
L868,VIGARANO MAINARDA,FERRARA,EMILIA ROMAGNA,44.85270125587919,11.495998533085643,2,0,501,55,446,10.98
L686,VARMO,UDINE,FRIULI-VENEZIA G.,45.88182883950144,12.992677688880024,2,0,229,15,214,6.55
L609,VALLELUNGA PRATAMENO,CALTANISSETTA,SICILIA,37.69865084347625,13.803360746580836,2,0,192,1,191,0.52
E569,LEZZENO,COMO,LOMBARDIA,45.94212366742159,9.194946121546007,2,0,114,13,101,11.4
C145,CASTELL'ARQUATO,PIACENZA,EMILIA ROMAGNA,44.86632050970589,9.868735814917004,3,0,277,47,230,16.97
G515,PETRIOLO,MACERATA,MARCHE,43.219916911284315,13.459617960115141,2,0,153,20,133,13.07
E708,LOZZO DI CADORE,BELLUNO,VENETO,46.50819788843283,12.423712705873994,2,0,108,11,97,10.19
B835,CARRE',VICENZA,VENETO,45.74425073581362,11.46422924313119,2,0,300,34,266,11.33
H772,SAN BENEDETTO DEI MARSI,L'AQUILA,ABRUZZO,42.006501830387556,13.602506309763244,2,0,263,47,216,17.87
I978,STRIANO,NAPOLI,CAMPANIA,40.8169348238958,14.57117696078997,4,0,1115,137,978,12.29
B091,BOTTICINO,BRESCIA,LOMBARDIA,45.55003816668669,10.314006358327026,4,0,523,93,430,17.78
M421,BORGO VALBELLUNA,BELLUNO,VENETO,46.028492953333036,12.09467340460762,8,0,828,78,750,9.42
D628,FIUMINATA,MACERATA,MARCHE,43.16598343496662,12.89749170203556,2,0,46,5,41,10.87
I720,SIANO,SALERNO,CAMPANIA,40.805901335388114,14.689410640360018,3,0,755,16,739,2.12
G134,ORTA SAN GIULIO,NOVARA,PIEMONTE,45.78988503459081,8.415309678477314,2,0,95,8,87,8.42
D434,ESINE,BRESCIA,LOMBARDIA,45.89075614467597,10.257886558285527,3,0,285,36,249,12.63
L124,TERRANOVA DA SIBARI,COSENZA,CALABRIA,39.66288405233469,16.360293176810554,3,0,300,11,289,3.67
C605,CHIAMPO,VICENZA,VENETO,45.547590951017796,11.276915498302436,4,0,853,104,749,12.19
M089,VITTORIO VENETO,TREVISO,VENETO,46.00415237805771,12.29670357247086,18,0,5031,580,4451,11.53
E036,GINOSA,TARANTO,PUGLIA,40.504716328428344,16.798251716819053,11,1,1727,165,1562,9.55
H180,RANZO,IMPERIA,LIGURIA,44.065926607746576,8.016737578045104,1,1,24,9,15,37.5
G281,PALLARE,SAVONA,LIGURIA,44.32222777182007,8.255564538540982,1,0,33,2,31,6.06
E763,LUSIGLIE',TORINO,PIEMONTE,45.31137857582717,7.770290047684929,1,0,16,2,14,12.5
H984,SAN MARCO DEI CAVOTI,BENEVENTO,CAMPANIA,41.31704705531649,14.873602992186804,4,0,312,17,295,5.45
B682,CAPRACOTTA,ISERNIA,MOLISE,41.82663694497072,14.282130979962147,2,0,22,2,20,9.09
F712,MORBEGNO,SONDRIO,LOMBARDIA,46.13347859394006,9.587076439389687,8,0,2868,265,2603,9.24
C871,COLLESANO,PALERMO,SICILIA,37.9327794002739,13.905585399775092,2,0,214,2,212,0.93
G392,PAVONE CANAVESE,TORINO,PIEMONTE,45.42901537298131,7.850965903981234,2,0,253,26,227,10.28
F184,MEZZOJUSO,PALERMO,SICILIA,37.863801663291625,13.475423288924793,2,0,166,3,163,1.81
I621,SEQUALS,PORDENONE,FRIULI-VENEZIA G.,46.15802329168606,12.847853376154331,2,0,146,11,135,7.53
A786,BERBENNO,BERGAMO,LOMBARDIA,45.80593731932415,9.568156836544993,3,0,150,11,139,7.33
H765,SAN BASILE,COSENZA,CALABRIA,39.79693536460198,16.184668457721166,2,2,16,8,8,50.0
C211,CASTEL MORRONE,CASERTA,CAMPANIA,41.124433384989345,14.351374429406155,2,0,218,5,213,2.29
G680,PINZANO AL TAGLIAMENTO,PORDENONE,FRIULI-VENEZIA G.,46.17648709351085,12.9318525024567,1,0,59,7,52,11.86
G823,PONSO,PADOVA,VENETO,45.19077245425378,11.584318159649127,2,0,212,30,182,14.15
D015,CORNA IMAGNA,BERGAMO,LOMBARDIA,45.83362087458856,9.548727993988157,1,0,30,8,22,26.67
L616,VALLESACCARDA,AVELLINO,CAMPANIA,41.079422970163876,15.259890343345385,3,0,96,2,94,2.08
G208,PACECO,TRAPANI,SICILIA,37.957610634297,12.58687998397408,4,0,584,9,575,1.54
B392,CALCINAIA,PISA,TOSCANA,43.67989496831367,10.6108403925822,4,0,978,107,871,10.94
C559,CERVO,IMPERIA,LIGURIA,43.93247976826982,8.11855198844615,1,0,74,16,58,21.62
L265,TORRE DE' ROVERI,BERGAMO,LOMBARDIA,45.701004485650344,9.774917544360287,1,0,151,19,132,12.58
F545,MONTELIBRETTI,ROMA,LAZIO,42.13347915647158,12.683508531727254,3,0,324,41,283,12.65
M376,ABETONE CUTIGLIANO,PISTOIA,TOSCANA,44.12494864672027,10.705578435433091,4,0,84,4,80,4.76
B439,CALVATONE,CREMONA,LOMBARDIA,45.13044714161637,10.4523938559921,1,0,76,22,54,28.95
L706,VEDELAGO,TREVISO,VENETO,45.69216174727757,12.022241203377739,6,1,1117,210,907,18.8
G220,PADERNO DUGNANO,MILANO,LOMBARDIA,45.57202248100927,9.166436456372557,12,2,4620,870,3750,18.83
M294,BELLIZZI,SALERNO,CAMPANIA,40.61969988695868,14.939158412535544,4,0,1094,121,973,11.06
E148,GRASSOBBIO,BERGAMO,LOMBARDIA,45.64773192824933,9.72356255619755,2,0,410,78,332,19.02
L498,URBANIA,PESARO E URBINO,MARCHE,43.65054052554002,12.52065683504376,4,1,971,187,784,19.26
C674,CICALA,CATANZARO,CALABRIA,39.02111146485096,16.47989772228306,2,0,61,2,59,3.28
H896,SAN GIORGIO DI PIANO,BOLOGNA,EMILIA ROMAGNA,44.65752632644593,11.374697882775253,2,0,666,126,540,18.92
C480,CERAMI,ENNA,SICILIA,37.81838032100835,14.49095654227206,2,0,98,1,97,1.02
G347,PARTANNA,TRAPANI,SICILIA,37.72133105253837,12.89332827920342,6,0,1014,59,955,5.82
L497,URBANA,PADOVA,VENETO,45.19977315542191,11.430374904616855,2,0,150,7,143,4.67
H560,ROSATE,MILANO,LOMBARDIA,45.35097452323628,9.018800752575256,2,0,501,55,446,10.98
F578,MONTENERODOMO,CHIETI,ABRUZZO,41.97187954717341,14.235381428904857,1,0,30,3,27,10.0
D813,FRUGAROLO,ALESSANDRIA,PIEMONTE,44.85175226224666,8.673043013386605,1,0,80,10,70,12.5
H377,ROBILANTE,CUNEO,PIEMONTE,44.282515142933974,7.517010494304544,2,0,148,29,119,19.59
B195,BROCCOSTELLA,FROSINONE,LAZIO,41.70457091132805,13.650029314213413,2,0,363,3,360,0.83
I092,SAN PIETRO AL NATISONE,UDINE,FRIULI-VENEZIA G.,46.13727224314329,13.498266349885096,5,0,585,39,546,6.67
E037,GIOI,SALERNO,CAMPANIA,40.27681816887531,15.225934186791955,2,0,64,1,63,1.56
E253,GUASTALLA,REGGIO EMILIA,EMILIA ROMAGNA,44.90510324091792,10.681475770581379,8,1,2930,568,2362,19.39
F011,MASERA' DI PADOVA,PADOVA,VENETO,45.3124790122435,11.87111684000773,3,0,579,73,506,12.61
L952,VILLAGA,VICENZA,VENETO,45.39150827165348,11.52565383308403,1,0,79,6,73,7.59
I162,SAN SIRO,COMO,LOMBARDIA,46.06102094435417,9.257981538336743,1,0,85,4,81,4.71
A186,ALFANO,SALERNO,CAMPANIA,40.17645765406236,15.427679650500933,1,0,42,0,42,0.0
I715,SGONICO,TRIESTE,FRIULI-VENEZIA G.,45.73380687888189,13.745145227160414,1,0,57,0,57,0.0
H489,ROGHUDI,REGGIO CALABRIA,CALABRIA,38.07034111442648,15.910335484334839,2,0,120,22,98,18.33
M262,CELLOLE,CASERTA,CAMPANIA,41.20292355651083,13.833733964243216,3,0,557,25,532,4.49
G403,PEDASO,FERMO,MARCHE,43.09040235838518,13.836047039050205,2,0,308,59,249,19.16
I253,SANTA MARINA,SALERNO,CAMPANIA,40.10120046491779,15.5218618073138,3,0,258,17,241,6.59
I244,SANTA MARIA IMBARO,CHIETI,ABRUZZO,42.21566508475936,14.457640341238859,1,0,33,1,32,3.03
A195,ALIA,PALERMO,SICILIA,37.7631010940553,13.732362749650934,4,0,299,9,290,3.01
I540,SCISCIANO,NAPOLI,CAMPANIA,40.90694274196745,14.479461465081476,3,0,516,5,511,0.97
F147,MERI',MESSINA,SICILIA,38.16256530493716,15.25459917759323,2,0,139,23,116,16.55
D707,FORMELLO,ROMA,LAZIO,42.06776607012772,12.409617545509748,3,0,1076,99,977,9.2
H040,PREPOTTO,UDINE,FRIULI-VENEZIA G.,46.07255205282938,13.51126158532183,1,0,65,4,61,6.15
L279,TORRE SAN PATRIZIO,FERMO,MARCHE,43.18560964219376,13.61994790203145,2,1,88,29,59,32.95
D755,FRAGNETO L'ABATE,BENEVENTO,CAMPANIA,41.27557256614027,14.780264348714827,1,0,25,1,24,4.0
C993,CORDOVADO,PORDENONE,FRIULI-VENEZIA G.,45.84282729967433,12.895044292429303,2,0,210,20,190,9.52
C963,CONSELICE,RAVENNA,EMILIA ROMAGNA,44.52715402768231,11.83355855148947,3,1,753,219,534,29.08
E096,GORIANO SICOLI,L'AQUILA,ABRUZZO,42.072194760261276,13.77160393566616,1,0,16,1,15,6.25
F598,MONTERIGGIONI,SIENA,TOSCANA,43.3676580853489,11.225591356546271,3,0,574,89,485,15.51
L087,TELGATE,BERGAMO,LOMBARDIA,45.619077003153826,9.848720153759317,2,2,350,164,186,46.86
L258,TORRE DE' PICENARDI,CREMONA,LOMBARDIA,45.13049692189886,10.290577198341389,2,1,157,47,110,29.94
H623,ROZZANO,MILANO,LOMBARDIA,45.38417420375175,9.159563751072879,14,4,4088,829,3259,20.28
B729,CARATE BRIANZA,MONZA E DELLA BRIANZA,LOMBARDIA,45.67245454767157,9.237569180825284,6,1,1982,308,1674,15.54
D719,FORNI DI SOPRA,UDINE,FRIULI-VENEZIA G.,46.42249201081364,12.562208774550735,2,0,43,0,43,0.0
F629,MONTE SANTA MARIA TIBERINA,PERUGIA,UMBRIA,43.42798831060039,12.129931889220428,1,0,27,3,24,11.11
L305,TORTORA,COSENZA,CALABRIA,39.96461922632035,15.828446351128015,3,0,385,21,364,5.45
G261,PALAZZO SAN GERVASIO,POTENZA,BASILICATA,40.91141716717566,15.952216149348581,5,0,507,31,476,6.11
A072,AGLIANO TERME,ASTI,PIEMONTE,44.78759933899124,8.246824968761656,1,0,54,10,44,18.52
I324,SANT'ELPIDIO A MARE,FERMO,MARCHE,43.243699199756485,13.697541558074805,8,0,1281,199,1082,15.53
E700,LOTZORAI,NUORO,SARDEGNA,39.97569915704563,9.653155068933696,2,0,110,1,109,0.91
D314,DOGLIANI,CUNEO,PIEMONTE,44.53620264138196,7.956520092290644,2,0,327,78,249,23.85
F986,NURRI,SUD SARDEGNA,SARDEGNA,39.708863361408945,9.21591636962009,2,0,117,1,116,0.85
M002,VILLARBASSE,TORINO,PIEMONTE,45.04453532961919,7.4739382572753,2,0,315,14,301,4.44
B772,CARGEGHE,SASSARI,SARDEGNA,40.6776324119743,8.637836432558677,1,0,26,0,26,0.0
C701,CINAGLIO,ASTI,PIEMONTE,44.96803625363708,8.09547654560391,1,0,40,6,34,15.0
F283,MOLAZZANA,LUCCA,TOSCANA,44.06888646263469,10.378329520358665,1,0,41,1,40,2.44
F463,MONTECCHIO EMILIA,REGGIO EMILIA,EMILIA ROMAGNA,44.70805130509935,10.459624563217686,5,0,1820,265,1555,14.56
H838,SAN FELICE DEL BENACO,BRESCIA,LOMBARDIA,45.58650960271794,10.580467247532729,2,0,288,31,257,10.76
F748,MORRONE DEL SANNIO,CAMPOBASSO,MOLISE,41.7167878362171,14.774321240788195,1,0,21,2,19,9.52
A937,BOLGARE,BERGAMO,LOMBARDIA,45.63144844304884,9.818862485066814,2,0,546,134,412,24.54
F921,NOGAROLE ROCCA,VERONA,VENETO,45.280369109211286,10.879158021305775,2,2,284,122,162,42.96
B062,BORTIGALI,NUORO,SARDEGNA,40.30543185004738,8.82709452082729,1,0,9,1,8,11.11
G943,POVE DEL GRAPPA,VICENZA,VENETO,45.83043465774254,11.738371627169384,2,0,341,4,337,1.17
D561,FIANO ROMANO,ROMA,LAZIO,42.156465255792064,12.596297545151955,4,0,1348,224,1124,16.62
C584,CETARA,SALERNO,CAMPANIA,40.657828643358116,14.69341609228108,2,0,80,1,79,1.25
A704,BASSANO ROMANO,VITERBO,LAZIO,42.2052978530889,12.173236873425784,4,0,1360,129,1231,9.49
A853,BIBIANA,TORINO,PIEMONTE,44.788027111405135,7.283513550883239,2,0,197,36,161,18.27
H043,PRESEGLIE,BRESCIA,LOMBARDIA,45.66869842490028,10.38524594627575,1,0,58,3,55,5.17
I288,SANT'ANGELO LE FRATTE,POTENZA,BASILICATA,40.54294152494672,15.565269275297506,2,0,81,2,79,2.47
L154,TEULADA,SUD SARDEGNA,SARDEGNA,38.96976378359115,8.727589604157373,2,0,130,2,128,1.54
B126,BREBBIA,VARESE,LOMBARDIA,45.83138454408362,8.640715175900793,2,0,397,19,378,4.79
F477,MONTE COMPATRI,ROMA,LAZIO,41.8380914434225,12.73095332739048,3,0,822,136,686,16.55
E535,LEONESSA,RIETI,LAZIO,42.568111576844785,13.000329638867761,2,0,82,12,70,14.63
H935,SAN GIUSTINO,PERUGIA,UMBRIA,43.55745723979244,12.223149587668768,5,0,862,125,737,14.5
D864,GALATRO,REGGIO CALABRIA,CALABRIA,38.46270510373629,16.16578662457832,2,0,67,2,65,2.99
M423,VALBRENTA,VICENZA,VENETO,45.87811790047259,11.701768446182546,3,0,228,35,193,15.35
H659,SADALI,SUD SARDEGNA,SARDEGNA,39.80456560932379,9.251452516718077,2,0,36,0,36,0.0
E769,LUVINATE,VARESE,LOMBARDIA,45.84854529542075,8.769577125360712,1,0,138,11,127,7.97
B521,CAMPOBELLO DI MAZARA,TRAPANI,SICILIA,37.60519224130746,12.716081632139637,6,1,767,170,597,22.16
L672,VARANO DE' MELEGARI,PARMA,EMILIA ROMAGNA,44.692985090487475,9.982959993519428,2,0,213,30,183,14.08
G879,POPPI,AREZZO,TOSCANA,43.7513713001807,11.783103611478266,6,0,836,87,749,10.41
B046,BORGO VERCELLI,VERCELLI,PIEMONTE,45.36042745841102,8.466492880145207,2,0,139,26,113,18.71
L984,VILLANOVA D'ASTI,ASTI,PIEMONTE,44.95153555008696,7.9345657574136075,3,0,455,62,393,13.63
F956,NOVATE MEZZOLA,SONDRIO,LOMBARDIA,46.24200367626349,9.506020997200979,2,0,169,8,161,4.73
E089,GONZAGA,MANTOVA,LOMBARDIA,44.954338824275574,10.831491302641343,3,0,889,86,803,9.67
F233,MIRABELLO SANNITICO,CAMPOBASSO,MOLISE,41.504884618816824,14.664287331043864,2,0,91,0,91,0.0
G058,OLZAI,NUORO,SARDEGNA,40.1725296278865,9.087704485713129,2,0,33,2,31,6.06
H971,SAN LUCIDO,COSENZA,CALABRIA,39.30694735921227,16.082538917397905,2,0,345,24,321,6.96
E978,MARTA,VITERBO,LAZIO,42.526106658950155,11.92674666992995,2,0,201,18,183,8.96
A720,BOVILLE ERNICA,FROSINONE,LAZIO,41.64078827162155,13.467045870660954,4,0,518,11,507,2.12
C297,CASTIGLIONE DI SICILIA,CATANIA,SICILIA,37.85592494810339,15.083934962502742,3,0,167,11,156,6.59
D763,FRANCAVILLA AL MARE,CHIETI,ABRUZZO,42.411792198055124,14.275980906647803,9,0,1968,144,1824,7.32
F136,MERCATINO CONCA,PESARO E URBINO,MARCHE,43.86299214364528,12.51603212605431,2,1,167,45,122,26.95
I237,SANTA MARIA DELLA VERSA,PAVIA,LOMBARDIA,44.98816052909652,9.309107321096548,2,2,191,71,120,37.17
D845,GAGGIANO,MILANO,LOMBARDIA,45.399843020368664,9.026541148315493,2,0,721,95,626,13.18
M009,VILLAROMAGNANO,ALESSANDRIA,PIEMONTE,44.84686143225515,8.897880347618605,1,0,87,10,77,11.49
G139,ORTIGNANO RAGGIOLO,AREZZO,TOSCANA,43.67190485592481,11.72190903327773,1,0,67,1,66,1.49
I154,SAN SECONDO DI PINEROLO,TORINO,PIEMONTE,44.8604862778489,7.303553459148857,2,0,344,10,334,2.91
H502,ROMAGNANO SESIA,NOVARA,PIEMONTE,45.63050100506635,8.399575998030143,4,0,653,52,601,7.96
L702,VECCHIANO,PISA,TOSCANA,43.793172210682776,10.33090388151574,4,0,592,64,528,10.81
G827,PONTE,BENEVENTO,CAMPANIA,41.22372172239102,14.684884595362279,2,0,226,31,195,13.72
L438,TRIVIGNANO UDINESE,UDINE,FRIULI-VENEZIA G.,45.93990515611125,13.337427561355964,1,0,83,1,82,1.2
C836,COLFELICE,FROSINONE,LAZIO,41.54237434567368,13.599463614760305,1,0,64,9,55,14.06
D943,GAVERINA TERME,BERGAMO,LOMBARDIA,45.758398531707684,9.882650907659565,1,0,72,15,57,20.83
I756,SIRIGNANO,AVELLINO,CAMPANIA,40.96051408685494,14.650278764307373,2,0,179,5,174,2.79
G782,POLESELLA,ROVIGO,VENETO,44.96884524540539,11.738511622732046,2,1,196,59,137,30.1
E835,MAIERA',COSENZA,CALABRIA,39.70647217213048,15.869148836671346,2,0,57,2,55,3.51
M273,SANTA MARIA LA CARITA',NAPOLI,CAMPANIA,40.71996377627212,14.511241163781538,4,0,1318,18,1300,1.37
E750,LURAGO MARINONE,COMO,LOMBARDIA,45.70470899622011,8.975776559437673,1,0,123,14,109,11.38
E003,GHIFFA,VERBANO-CUSIO-OSSOLA,PIEMONTE,45.95823426500222,8.617311956399751,1,0,52,1,51,1.92
H472,RODDI,CUNEO,PIEMONTE,44.67882330708835,7.966391786927793,1,0,53,3,50,5.66
C969,CONTIGLIANO,RIETI,LAZIO,42.41836790247453,12.761661978166225,2,0,231,22,209,9.52
C024,CASSINA VALSASSINA,LECCO,LOMBARDIA,45.91484489908941,9.488356099894977,1,0,121,20,101,16.53
A224,ALSERIO,COMO,LOMBARDIA,45.779959017768945,9.203461773026754,1,0,164,11,153,6.71
C197,CASTELMAURO,CAMPOBASSO,MOLISE,41.82829099579813,14.704614891643354,2,0,62,6,56,9.68
I157,SAN SEVERINO LUCANO,POTENZA,BASILICATA,40.01103097317215,16.170866133015117,2,0,53,2,51,3.77
A447,ARTA TERME,UDINE,FRIULI-VENEZIA G.,46.47952471825408,13.064788936966547,2,0,105,9,96,8.57
E638,LOCATE VARESINO,COMO,LOMBARDIA,45.68959278988849,8.924195197850942,1,0,155,33,122,21.29
L367,TREISO,CUNEO,PIEMONTE,44.68948467286405,8.085220796376072,1,0,60,10,50,16.67
C125,CASTELLABATE,SALERNO,CAMPANIA,40.27970698377116,14.951169622176083,5,0,562,29,533,5.16
A995,BORGHETTO LODIGIANO,LODI,LOMBARDIA,45.21195103350816,9.498623319945764,2,2,335,121,214,36.12
E574,LICCIANA NARDI,MASSA-CARRARA,TOSCANA,44.28333044490403,10.046767783951505,3,1,253,54,199,21.34
E987,MARTINENGO,BERGAMO,LOMBARDIA,45.56068847006288,9.77347403840975,2,2,662,340,322,51.36
E060,GIUNGANO,SALERNO,CAMPANIA,40.389147603566244,15.092677915738037,2,0,103,16,87,15.53
L347,TRAVESIO,PORDENONE,FRIULI-VENEZIA G.,46.20462312172955,12.848408094289187,2,0,296,36,260,12.16
L894,VIGOLO,BERGAMO,LOMBARDIA,45.72054841349225,10.007501368174834,1,1,26,8,18,30.77
G839,PONTECURONE,ALESSANDRIA,PIEMONTE,44.956386028502415,8.939968834708392,2,2,207,83,124,40.1
H474,RODELLO,CUNEO,PIEMONTE,44.62866095538723,8.063363537083644,1,0,38,7,31,18.42
C346,CASTROPIGNANO,CAMPOBASSO,MOLISE,41.61881468385375,14.561126759495107,1,0,9,2,7,22.22
C439,CELLATICA,BRESCIA,LOMBARDIA,45.578653140262965,10.178262100854633,2,0,344,42,302,12.21
G866,PONTINVREA,SAVONA,LIGURIA,44.43167872328817,8.438347698653596,1,0,18,2,16,11.11
B741,CARBONARA AL TICINO,PAVIA,LOMBARDIA,45.176659791622114,9.080962036676965,1,0,65,10,55,15.38
B670,CAPOLONA,AREZZO,TOSCANA,43.56081908370776,11.830047516807504,3,0,453,70,383,15.45
H580,ROSSANO VENETO,VICENZA,VENETO,45.705583636706855,11.80451491820279,3,0,596,103,493,17.28
B349,CAERANO DI SAN MARCO,TREVISO,VENETO,45.782711904121044,11.997249415706262,2,0,597,159,438,26.63
A365,ARCENE,BERGAMO,LOMBARDIA,45.573449671033366,9.615258029748516,2,0,350,88,262,25.14
E185,GRISOLIA,COSENZA,CALABRIA,39.721207541312374,15.915578031213688,3,0,92,3,89,3.26
A832,BETTONA,PERUGIA,UMBRIA,43.008067620670715,12.49615216755399,2,0,281,58,223,20.64
I962,STORNARA,FOGGIA,PUGLIA,41.29281938589997,15.777312599760675,3,0,585,141,444,24.1
G771,POGGIO SAN MARCELLO,ANCONA,MARCHE,43.516774659416384,13.085736626093766,1,0,25,2,23,8.0
E900,MANZIANA,ROMA,LAZIO,42.11229087203972,12.107412753445937,2,0,442,48,394,10.86
A155,ALBI,CATANZARO,CALABRIA,39.045520063334514,16.601619203066132,1,0,19,0,19,0.0
I116,SAN PIETRO MOSEZZO,NOVARA,PIEMONTE,45.46908160051666,8.540966603238758,1,0,63,11,52,17.46
A461,ASCIANO,SIENA,TOSCANA,43.24325073013464,11.52278724097688,3,0,434,91,343,20.97
A970,BONEA,BENEVENTO,CAMPANIA,41.07896521869378,14.610870715573872,1,0,41,0,41,0.0
H359,RIZZICONI,REGGIO CALABRIA,CALABRIA,38.4152663986294,15.970026944173785,4,0,488,32,456,6.56
B100,BOVEGNO,BRESCIA,LOMBARDIA,45.81357742312139,10.276335926361577,2,0,115,6,109,5.22
B056,BORORE,NUORO,SARDEGNA,40.214091937445474,8.781213979131444,2,0,145,1,144,0.69
I946,STELLA,SAVONA,LIGURIA,44.402025202176056,8.49682851350058,2,0,132,6,126,4.55
A038,ACQUANEGRA SUL CHIESE,MANTOVA,LOMBARDIA,45.15680422008549,10.454433612556803,2,0,160,43,117,26.88
G352,PASIAN DI PRATO,UDINE,FRIULI-VENEZIA G.,46.05264936494914,13.167674274820751,5,1,607,90,517,14.83
F692,MONTORIO ROMANO,ROMA,LAZIO,42.13718593785853,12.799315079111745,2,0,127,24,103,18.9
G846,PONTE DI PIAVE,TREVISO,VENETO,45.732115332855706,12.466998050362813,4,2,605,190,415,31.4
G189,OTRICOLI,TERNI,UMBRIA,42.431255393525944,12.51743587002591,2,0,72,4,68,5.56
I794,SOLBIATE OLONA,VARESE,LOMBARDIA,45.64905578673373,8.87434084986519,2,0,340,31,309,9.12
C853,COLLECORVINO,PESCARA,ABRUZZO,42.46411452901201,14.040062566896433,4,0,484,47,437,9.71
F910,NOCERA TERINESE,CATANZARO,CALABRIA,39.03353009370416,16.159771741530346,3,0,297,26,271,8.75
A855,BICINICCO,UDINE,FRIULI-VENEZIA G.,45.92693427193253,13.245511761139142,1,0,98,9,89,9.18
H731,SALVIROLA,CREMONA,LOMBARDIA,45.357018643717744,9.790424287509923,1,0,33,5,28,15.15
D546,PIANOPOLI,CATANZARO,CALABRIA,38.92940711686301,16.39036243667349,2,0,191,12,179,6.28
B346,CADORAGO,COMO,LOMBARDIA,45.72162803147439,9.042364641625452,3,0,482,65,417,13.49
A876,BIOGLIO,BIELLA,PIEMONTE,45.65663479703094,8.082886992701424,1,0,29,0,29,0.0
E040,GIOIA DEI MARSI,L'AQUILA,ABRUZZO,41.91593285033832,13.729846130700066,1,1,61,21,40,34.43
L316,TOVO DI SANT'AGATA,SONDRIO,LOMBARDIA,46.2324133751012,10.265926354702202,1,0,67,4,63,5.97
I570,SEGARIU,SUD SARDEGNA,SARDEGNA,39.569774633118215,8.98405439755774,1,0,11,0,11,0.0
D256,DAVERIO,VARESE,LOMBARDIA,45.77299571808378,8.767344395136494,1,0,144,9,135,6.25
C580,CESSALTO,TREVISO,VENETO,45.713197756270816,12.625288898655773,2,0,278,70,208,25.18
F509,MONTEFORTINO,FERMO,MARCHE,42.93473920910707,13.306886251667237,2,0,48,7,41,14.58
C979,COPIANO,PAVIA,LOMBARDIA,45.195694536647636,9.331010346690086,1,0,68,15,53,22.06
H806,SAN COSMO ALBANESE,COSENZA,CALABRIA,39.60078132437309,16.4216023285431,1,1,21,11,10,52.38
H516,ROMBIOLO,VIBO VALENTIA,CALABRIA,38.60642181361589,15.990747545425275,3,0,282,7,275,2.48
I375,SANT'URBANO,PADOVA,VENETO,45.133157338667885,11.631233419588435,2,0,279,26,253,9.32
D785,FRASSO SABINO,RIETI,LAZIO,42.22292555088244,12.814468376639752,1,0,89,6,83,6.74
B911,CASALROMANO,MANTOVA,LOMBARDIA,45.19765590617145,10.347103358735335,1,0,52,15,37,28.85
A972,BONEMERSE,CREMONA,LOMBARDIA,45.1079868043127,10.090555614386354,1,0,95,4,91,4.21
L440,TRIVOLZIO,PAVIA,LOMBARDIA,45.26109135147903,9.047150928596432,1,0,106,18,88,16.98
D760,FRANCAVILLA D'ETE,FERMO,MARCHE,43.19312263712794,13.536151723678884,1,1,14,7,7,50.0
F720,MORENGO,BERGAMO,LOMBARDIA,45.54069441910029,9.70813381386303,2,0,250,65,185,26.0
I947,STELLANELLO,SAVONA,LIGURIA,43.997231002681204,8.055744405944875,1,0,25,2,23,8.0
M083,VITICUSO,FROSINONE,LAZIO,41.52176981142888,13.981036992448312,1,0,13,1,12,7.69
E910,MARANO LAGUNARE,UDINE,FRIULI-VENEZIA G.,45.73118656838978,13.157069234453198,2,0,82,1,81,1.22
L030,TAIBON AGORDINO,BELLUNO,VENETO,46.309396587163334,11.969841668987053,1,0,83,6,77,7.23
G437,PENNA SANT'ANDREA,TERAMO,ABRUZZO,42.58524782925011,13.766146768627507,1,0,80,3,77,3.75
A626,BARBARA,ANCONA,MARCHE,43.582783139211294,13.021312822878484,1,0,60,10,50,16.67
A093,AGUGLIARO,VICENZA,VENETO,45.3247286084978,11.580300433521955,1,0,42,2,40,4.76
H913,VILLA SAN GIOVANNI IN TUSCIA,VITERBO,LAZIO,42.281610151785685,12.043903525066925,1,0,56,11,45,19.64
L923,VILLACHIARA,BRESCIA,LOMBARDIA,45.354143275404915,9.91740703406372,1,0,71,12,59,16.9
C489,CERCHIARA DI CALABRIA,COSENZA,CALABRIA,39.85419438622961,16.38056493421342,3,0,110,17,93,15.45
A207,ALLERONA,TERNI,UMBRIA,42.81227640663476,11.968952059599566,2,0,157,8,149,5.1
D388,DUSINO SAN MICHELE,ASTI,PIEMONTE,44.92018395197216,7.981810678373155,1,0,39,0,39,0.0
A358,ARBORIO,VERCELLI,PIEMONTE,45.491309368519474,8.375247580721565,2,0,119,30,89,25.21
E940,MARENO DI PIAVE,TREVISO,VENETO,45.83702675667152,12.333372186264885,2,0,625,66,559,10.56
E228,GUALDO,MACERATA,MARCHE,43.06688870436984,13.355251368969265,2,0,40,2,38,5.0
B332,CADEO,PIACENZA,EMILIA ROMAGNA,44.97560164605544,9.85071558348966,2,0,439,112,327,25.51
D963,GEMONIO,VARESE,LOMBARDIA,45.88250945497124,8.681123061429753,2,0,157,40,117,25.48
B383,CALASETTA,SUD SARDEGNA,SARDEGNA,39.0742928823942,8.379592292401139,2,0,148,1,147,0.68
H399,ROCCA DI BOTTE,L'AQUILA,ABRUZZO,42.02181978850349,13.114682956339003,1,0,15,3,12,20.0
A848,BIANZONE,SONDRIO,LOMBARDIA,46.201284545913005,10.0983073210299,1,0,54,5,49,9.26
C461,CENESELLI,ROVIGO,VENETO,45.026514682009314,11.380674012778586,1,1,32,15,17,46.88
A532,AZZIO,VARESE,LOMBARDIA,45.888189028259255,8.706837271386517,1,0,77,5,72,6.49
G891,PORPETTO,UDINE,FRIULI-VENEZIA G.,45.859027037587175,13.21100204047398,2,0,133,12,121,9.02
L015,SUSTINENTE,MANTOVA,LOMBARDIA,45.08026807675752,11.025385743017635,2,0,194,43,151,22.16
I432,SAREZZANO,ALESSANDRIA,PIEMONTE,44.86431675570191,8.926733267075022,1,0,54,8,46,14.81
H026,PREGNANA MILANESE,MILANO,LOMBARDIA,45.51585682315743,9.005282302141664,2,0,711,59,652,8.3
L607,VALLELONGA,VIBO VALENTIA,CALABRIA,38.64944053571663,16.300037432725766,1,0,35,4,31,11.43
A762,BELMONTE CALABRO,COSENZA,CALABRIA,39.173490807446505,16.09758430569245,3,0,89,1,88,1.12
I298,VILLA SANT'ANTONIO,ORISTANO,SARDEGNA,39.8582085309831,8.899866010082842,1,0,64,1,63,1.56
B616,CANNOLE,LECCE,PUGLIA,40.16438224903661,18.38814202389118,1,0,34,3,31,8.82
C210,CASTELMOLA,MESSINA,SICILIA,37.86614408739311,15.259691773363675,1,0,13,0,13,0.0
C263,CASTEL SAN NICCOLO',AREZZO,TOSCANA,43.72331324213659,11.659641594293644,2,0,124,22,102,17.74
E554,LETINO,CASERTA,CAMPANIA,41.44941108572852,14.293084302319969,2,0,30,0,30,0.0
D429,ESANATOGLIA,MACERATA,MARCHE,43.24766015975757,12.932484906555644,2,0,120,31,89,25.83
M317,RIVIGNANO TEOR,UDINE,FRIULI-VENEZIA G.,45.864606679981186,13.06117623240218,3,0,399,78,321,19.55
D712,FORMIGLIANA,VERCELLI,PIEMONTE,45.43200087295312,8.279958899157176,1,0,17,3,14,17.65
G185,OSTIANO,CREMONA,LOMBARDIA,45.22511899712552,10.259055388484866,2,1,257,72,185,28.02
D944,GAVI,ALESSANDRIA,PIEMONTE,44.68764721844006,8.815819302126203,2,0,283,48,235,16.96
D735,FOSDINOVO,MASSA-CARRARA,TOSCANA,44.144028751541015,10.02695265251241,4,0,182,17,165,9.34
F838,NANTO,VICENZA,VENETO,45.42498171801611,11.591822677309626,1,0,96,10,86,10.42
A291,ANGHIARI,AREZZO,TOSCANA,43.53786864502252,12.019927504313456,2,0,314,33,281,10.51
F978,NUMANA,ANCONA,MARCHE,43.48798994568784,13.61610485079733,2,0,177,22,155,12.43
F330,MONASTEROLO DI SAVIGLIANO,CUNEO,PIEMONTE,44.68207114426556,7.6099424102492765,1,0,79,8,71,10.13
F594,MONTERCHI,AREZZO,TOSCANA,43.47095619529058,12.092758180501576,2,0,106,14,92,13.21
A983,BORDANO,UDINE,FRIULI-VENEZIA G.,46.32394877044721,13.099053983345105,1,0,59,2,57,3.39
H129,QUINGENTOLE,MANTOVA,LOMBARDIA,45.033622361121836,11.04739768037573,1,0,34,7,27,20.59
C407,CAVRIGLIA,AREZZO,TOSCANA,43.53629111864762,11.467934857236328,4,0,447,33,414,7.38
D748,FOSSO',VENEZIA,VENETO,45.376742279066384,12.045986913336387,3,0,552,77,475,13.95
B481,CAMINI,REGGIO CALABRIA,CALABRIA,38.42554653277014,16.517141435854352,1,1,45,29,16,64.44
F115,MELLO,SONDRIO,LOMBARDIA,46.17046751997889,9.542357119658003,1,0,20,5,15,25.0
I176,SANTA CRISTINA D'ASPROMONTE,REGGIO CALABRIA,CALABRIA,38.23868614122502,15.973025639941643,1,0,11,0,11,0.0
I152,SAN SEBASTIANO DA PO,TORINO,PIEMONTE,45.16000815839612,7.943561197887055,1,0,65,6,59,9.23
B590,CANDIDA,AVELLINO,CAMPANIA,40.94646824095505,14.873082881990454,2,0,61,3,58,4.92
A492,ATZARA,NUORO,SARDEGNA,39.97656078932732,9.05894856470175,1,0,45,0,45,0.0
M098,VIVERONE,BIELLA,PIEMONTE,45.42070108813791,8.044271589444694,1,0,55,2,53,3.64
L547,VALBRONA,COMO,LOMBARDIA,45.87727004631038,9.304263985688005,1,0,90,14,76,15.56
L787,VERRUA SAVOIA,TORINO,PIEMONTE,45.15828604061411,8.105975444975117,1,0,63,2,61,3.17
E009,GIAGLIONE,TORINO,PIEMONTE,45.150036771028525,6.95345649092422,1,0,6,0,6,0.0
B809,CAROVIGNO,BRINDISI,PUGLIA,40.707480462408064,17.70170587552119,4,0,1248,61,1187,4.89
G388,PAVIA,PAVIA,LOMBARDIA,45.19775584883038,9.164921844700507,32,9,14412,2312,12100,16.04
I187,SANTA FIORA,GROSSETO,TOSCANA,42.82674433737808,11.591076507194552,3,2,215,69,146,32.09
A023,ACERNO,SALERNO,CAMPANIA,40.74151513295434,15.06492098046658,2,0,132,3,129,2.27
E243,GUARDIAGRELE,CHIETI,ABRUZZO,42.185866409775365,14.242906427422065,7,0,855,79,776,9.24
B893,CASALGRANDE,REGGIO EMILIA,EMILIA ROMAGNA,44.58905732684857,10.752727298163302,4,0,1130,173,957,15.31
D946,GAVIRATE,VARESE,LOMBARDIA,45.842556593013946,8.725247540207224,6,0,2079,174,1905,8.37
C908,COLTURANO,MILANO,LOMBARDIA,45.38031889522376,9.339622175884186,1,0,64,14,50,21.88
A893,BITONTO,BARI,PUGLIA,41.06621507447494,16.61336899220351,21,0,6884,126,6758,1.83
D347,DORMELLETTO,NOVARA,PIEMONTE,45.734472885229096,8.573876661735225,2,0,269,30,239,11.15
F450,MONTECALVO IN FOGLIA,PESARO E URBINO,MARCHE,43.809086735748984,12.641625155818357,3,0,367,54,313,14.71
I377,SAN VALENTINO TORIO,SALERNO,CAMPANIA,40.791578909708406,14.600924820866048,3,0,985,131,854,13.3
G947,POVIGLIO,REGGIO EMILIA,EMILIA ROMAGNA,44.853143433819525,10.52546451854045,2,0,547,94,453,17.18
B121,BRANDIZZO,TORINO,PIEMONTE,45.17357227435618,7.834372766981866,3,0,645,41,604,6.36
L727,VENARIA REALE,TORINO,PIEMONTE,45.140903673289124,7.618981096089058,9,0,3010,239,2771,7.94
D876,GALLICCHIO,POTENZA,BASILICATA,40.29067331795308,16.134307022891313,2,0,45,0,45,0.0
L472,TURI,BARI,PUGLIA,40.90768567441824,17.010703739351655,6,0,1175,109,1066,9.28
E349,ISOLA DELLA SCALA,VERONA,VENETO,45.27750079676384,11.020643035171771,7,0,1669,339,1330,20.31
B795,CARMIGNANO DI BRENTA,PADOVA,VENETO,45.63322924166802,11.700331921819807,2,0,476,119,357,25.0
C770,CIVITANOVA MARCHE,MACERATA,MARCHE,43.31337338198334,13.684946080717795,18,1,5207,527,4680,10.12
G494,PESCO SANNITA,BENEVENTO,CAMPANIA,41.24175161314682,14.824010247738704,2,0,98,2,96,2.04
B618,CANONICA D'ADDA,BERGAMO,LOMBARDIA,45.57658067465933,9.544290565065559,2,2,316,109,207,34.49
A259,AMBIVERE,BERGAMO,LOMBARDIA,45.72143635053856,9.538963029940671,1,0,90,10,80,11.11
D458,FAENZA,RAVENNA,EMILIA ROMAGNA,44.297222678583324,11.909775381402438,19,5,9014,1441,7573,15.99
L131,TERRASINI,PALERMO,SICILIA,38.117815201272,13.083589845097103,4,0,1213,47,1166,3.87
A734,BEINASCO,TORINO,PIEMONTE,45.01651243482147,7.5903746788396464,7,0,1080,142,938,13.15
B328,CADELBOSCO DI SOPRA,REGGIO EMILIA,EMILIA ROMAGNA,44.79593272481699,10.61851605865689,3,0,758,124,634,16.36
D875,GALLICANO NEL LAZIO,ROMA,LAZIO,41.883005395036854,12.790518922717744,2,0,457,36,421,7.88
D855,GAIBA,ROVIGO,VENETO,44.95087516382038,11.48585613855394,1,0,14,3,11,21.43
B393,CALCINATE,BERGAMO,LOMBARDIA,45.620912617426605,9.790769160920487,2,1,404,136,268,33.66
B371,CAIVANO,NAPOLI,CAMPANIA,40.97355189398848,14.319065311769402,14,0,4540,173,4367,3.81
M432,MISILISCEMI,TRAPANI,SICILIA,37.915613843314475,12.54749649488855,5,0,380,2,378,0.53
L876,VIGGIU',VARESE,LOMBARDIA,45.86914637062558,8.905052451413365,2,0,186,14,172,7.53
B982,CASOLA VALSENIO,RAVENNA,EMILIA ROMAGNA,44.20486442115509,11.61102914968146,2,0,165,25,140,15.15
F952,NOVARA,NOVARA,PIEMONTE,45.439294823835404,8.615366221136,44,16,15371,3206,12165,20.86
C618,CHIARI,BRESCIA,LOMBARDIA,45.53311872714446,9.918199820519087,6,2,3138,823,2315,26.23
F138,MERCATO SAN SEVERINO,SALERNO,CAMPANIA,40.77819092649854,14.736116050625968,14,0,3214,74,3140,2.3
E644,LOCERI,NUORO,SARDEGNA,39.807069703164856,9.60342522491719,2,0,102,5,97,4.9
F112,MELITO DI PORTO SALVO,REGGIO CALABRIA,CALABRIA,37.952473774265705,15.785156261264273,10,0,1202,121,1081,10.07
G906,PORTO CERESIO,VARESE,LOMBARDIA,45.907613451730505,8.906544492597213,2,0,199,21,178,10.55
A269,ANAGNI,FROSINONE,LAZIO,41.733683909646025,13.148424522011576,16,0,3426,243,3183,7.09
G838,PONTECORVO,FROSINONE,LAZIO,41.44819243427596,13.644939353659911,7,0,1757,54,1703,3.07
E207,GROTTAMMARE,ASCOLI PICENO,MARCHE,42.980417973289605,13.851059175401144,5,0,1879,166,1713,8.83
F133,MERATE,LECCO,LOMBARDIA,45.70226393074588,9.417949719130169,7,1,3256,414,2842,12.71
G081,OPPIDO LUCANO,POTENZA,BASILICATA,40.76421669763875,16.034652572567673,2,0,203,6,197,2.96
D901,GAMBOLO',PAVIA,LOMBARDIA,45.25850205498663,8.861901104519053,2,0,648,64,584,9.88
D451,FABRIANO,ANCONA,MARCHE,43.33177580081295,12.906442696745774,17,0,3943,442,3501,11.21
D261,DECOLLATURA,CATANZARO,CALABRIA,39.045714934940726,16.36523724098988,4,0,243,16,227,6.58
C206,CASTELMARTE,COMO,LOMBARDIA,45.83573319624552,9.243427160658397,1,0,34,8,26,23.53
A496,AULLA,MASSA-CARRARA,TOSCANA,44.20233607678999,9.99112515162456,7,1,776,155,621,19.97
H834,SAN FELICE A CANCELLO,CASERTA,CAMPANIA,40.999346757781815,14.466162978837486,9,0,1139,76,1063,6.67
C345,CASTRONUOVO DI SANT'ANDREA,POTENZA,BASILICATA,40.18234154091847,16.174180316498767,2,0,11,2,9,18.18
L854,VIDIGULFO,PAVIA,LOMBARDIA,45.28989380733338,9.23791788182612,2,0,482,103,379,21.37
B416,CALIZZANO,SAVONA,LIGURIA,44.23975416516058,8.124830296046577,2,0,116,15,101,12.93
G571,PIANSANO,VITERBO,LAZIO,42.51036106477517,11.844255062479398,2,0,175,46,129,26.29
L290,TORRICE,FROSINONE,LAZIO,41.627460985634,13.398286614196497,2,0,249,28,221,11.24
I412,SAN ZENO NAVIGLIO,BRESCIA,LOMBARDIA,45.486667736432025,10.215049826859815,2,0,274,75,199,27.37
B361,CAIANELLO,CASERTA,CAMPANIA,41.29957765737102,14.082815757736618,2,0,137,10,127,7.3
M330,MONTORO,AVELLINO,CAMPANIA,40.824332630234814,14.786622971139881,10,0,1580,80,1500,5.06
A443,ARSIE',BELLUNO,VENETO,45.977256928672325,11.743604799431472,2,0,112,11,101,9.82
A898,BIZZARONE,COMO,LOMBARDIA,45.835803758393645,8.944328633032313,1,0,65,5,60,7.69
B536,CAMPOFORMIDO,UDINE,FRIULI-VENEZIA G.,46.025758432207596,13.172075480618537,3,0,426,51,375,11.97
F738,MORNICO AL SERIO,BERGAMO,LOMBARDIA,45.5878441901342,9.80502853306807,2,1,265,79,186,29.81
H046,PRESEZZO,BERGAMO,LOMBARDIA,45.692908676466345,9.56902100739981,9,1,2443,343,2100,14.04
F275,MOIMACCO,UDINE,FRIULI-VENEZIA G.,46.092363310573965,13.36959927606356,1,0,88,4,84,4.55
F817,MURO LUCANO,POTENZA,BASILICATA,40.73561252333161,15.46780812628743,3,0,341,12,329,3.52
E921,MARCALLO CON CASONE,MILANO,LOMBARDIA,45.486460926061646,8.869476850135944,2,0,446,67,379,15.02
I163,SAN SOSSIO BARONIA,AVELLINO,CAMPANIA,41.08841423177194,15.224135132822914,2,0,97,2,95,2.06
H258,REZZOAGLIO,GENOVA,LIGURIA,44.5136794087397,9.359166626739894,2,1,54,15,39,27.78
F272,MOGORO,ORISTANO,SARDEGNA,39.664940686832104,8.746135362675517,2,0,248,0,248,0.0
G894,PORTACOMARO,ASTI,PIEMONTE,44.9486313716219,8.263281211094924,2,0,215,28,187,13.02
E891,MANOCALZATI,AVELLINO,CAMPANIA,40.94332620527334,14.843837215691284,2,0,123,4,119,3.25
L328,TRANI,BARLETTA-ANDRIA-TRANI,PUGLIA,41.23928997119732,16.38961574344882,14,0,6234,247,5987,3.96
L987,VILLANOVAFRANCA,SUD SARDEGNA,SARDEGNA,39.64613942260698,9.011780877831901,2,0,38,0,38,0.0
B378,CALANGIANUS,SASSARI,SARDEGNA,40.906105687028884,9.242037903407104,4,0,298,8,290,2.68
A920,BOFFALORA SOPRA TICINO,MILANO,LOMBARDIA,45.45949131084308,8.828644375280438,2,0,303,44,259,14.52
C733,CISLIANO,MILANO,LOMBARDIA,45.43871362933878,8.986381321721252,2,0,513,33,480,6.43
L277,TORRE PELLICE,TORINO,PIEMONTE,44.82463396763568,7.195577394851973,2,0,276,40,236,14.49
C725,CIRO',CROTONE,CALABRIA,39.38380189390512,17.04512800715507,3,0,455,13,442,2.86
C167,CASTELLETTO UZZONE,CUNEO,PIEMONTE,44.49250218650579,8.189715561245595,1,0,14,0,14,0.0
B899,CASALMAIOCCO,LODI,LOMBARDIA,45.35892378889456,9.372320538682503,1,0,107,7,100,6.54
A755,BELLONA,CASERTA,CAMPANIA,41.14629496541767,14.238811867679106,2,0,478,28,450,5.86
A076,AGNADELLO,CREMONA,LOMBARDIA,45.44301285497333,9.559033493983932,2,0,292,72,220,24.66
F671,MONTICELLI D'ONGINA,PIACENZA,EMILIA ROMAGNA,45.08960562756181,9.928867714254295,2,0,303,86,217,28.38
A252,AMANDOLA,FERMO,MARCHE,42.98923206707407,13.349892794381253,3,0,267,35,232,13.11
A489,ATRIPALDA,AVELLINO,CAMPANIA,40.91267186844409,14.837532785968415,4,0,1372,31,1341,2.26
I520,SCERNI,CHIETI,ABRUZZO,42.0979800841293,14.585160316163275,3,0,371,8,363,2.16
L837,VICARI,PALERMO,SICILIA,37.79354456112709,13.568928288209237,4,0,165,1,164,0.61
A091,AGROPOLI,SALERNO,CAMPANIA,40.35103135338554,15.008381333377656,11,1,3351,183,3168,5.46
G389,PAVIA DI UDINE,UDINE,FRIULI-VENEZIA G.,45.98179674079498,13.286467339608478,3,0,379,39,340,10.29
A576,BAGNONE,MASSA-CARRARA,TOSCANA,44.329395499790266,10.017613270876376,3,0,334,40,294,11.98
H780,SAN BIAGIO DELLA CIMA,IMPERIA,LIGURIA,43.82432435943722,7.645698055571747,1,0,47,7,40,14.89
E659,LOMAZZO,COMO,LOMBARDIA,45.69134439946019,9.032596247293895,4,0,954,146,808,15.3
D486,FANANO,MODENA,EMILIA ROMAGNA,44.188644201591295,10.782362856439809,2,0,153,32,121,20.92
D960,GELA,CALTANISSETTA,SICILIA,37.09422914939694,14.293315956612584,39,0,8947,149,8798,1.67
B486,CAMMARATA,AGRIGENTO,SICILIA,37.63054805708231,13.694622578625044,6,0,869,22,847,2.53
D030,CORNUDA,TREVISO,VENETO,45.83233677463891,11.995935116598565,2,1,475,148,327,31.16
D093,COSSANO BELBO,CUNEO,PIEMONTE,44.66334081774721,8.193770944851723,1,0,43,5,38,11.63
C515,CERISANO,COSENZA,CALABRIA,39.27962375482957,16.160015080718996,2,0,150,5,145,3.33
B198,BROLO,MESSINA,SICILIA,38.14697444872635,14.83254207945046,5,0,641,27,614,4.21
G195,OTTONE,PIACENZA,EMILIA ROMAGNA,44.62655022777581,9.300895346343905,1,0,5,0,5,0.0
A779,BENE VAGIENNA,CUNEO,PIEMONTE,44.53530974732192,7.825948654700975,2,0,293,58,235,19.8
G361,PASSIRANO,BRESCIA,LOMBARDIA,45.598662266851115,10.061690191414295,4,0,544,46,498,8.46
G623,PIETRAPERTOSA,POTENZA,BASILICATA,40.4877531357755,16.077414139956634,2,0,40,0,40,0.0
I408,SAN VITTORE DEL LAZIO,FROSINONE,LAZIO,41.4659861709223,13.942203616377538,3,0,164,6,158,3.66
H644,RUTINO,SALERNO,CAMPANIA,40.30183238312733,15.093608836039838,2,0,42,1,41,2.38
G721,PIZZIGHETTONE,CREMONA,LOMBARDIA,45.191601764363156,9.80503057160169,2,0,304,74,230,24.34
F119,MELZO,MILANO,LOMBARDIA,45.49829929496395,9.425370299346158,6,2,2057,413,1644,20.08
H816,SAN DANIELE DEL FRIULI,UDINE,FRIULI-VENEZIA G.,46.15688619040189,13.001895160601222,5,0,902,125,777,13.86
G230,PAGANI,SALERNO,CAMPANIA,40.75257977914623,14.608186748748041,11,0,3395,125,3270,3.68
L890,VIGO DI CADORE,BELLUNO,VENETO,46.49452375043372,12.554964665697877,1,0,57,1,56,1.75
E536,LEONFORTE,ENNA,SICILIA,37.6445149066821,14.365812236848065,6,0,1603,17,1586,1.06
C816,CODOGNO,LODI,LOMBARDIA,45.167481894314264,9.69535563371228,7,2,2781,440,2341,15.82
E415,LAINATE,MILANO,LOMBARDIA,45.56610439123188,9.02570174330772,6,0,1755,162,1593,9.23
H720,SALSOMAGGIORE TERME,PARMA,EMILIA ROMAGNA,44.80397188184257,9.981419854346475,6,1,1587,437,1150,27.54
E423,LA LOGGIA,TORINO,PIEMONTE,44.95329058264016,7.675779490993311,2,0,640,19,621,2.97
H975,SAN MANGO SUL CALORE,AVELLINO,CAMPANIA,40.9622561701315,14.971815989681211,2,0,30,1,29,3.33
G424,PELLEGRINO PARMENSE,PARMA,EMILIA ROMAGNA,44.74588113055087,9.90909412099825,2,1,45,10,35,22.22
E487,LAURO,AVELLINO,CAMPANIA,40.87264416172372,14.617182765278637,4,0,318,3,315,0.94
C886,COLMURANO,MACERATA,MARCHE,43.16829878632813,13.35944802299678,1,0,27,5,22,18.52
F502,MONTEFIORE CONCA,RIMINI,EMILIA ROMAGNA,43.88198684238933,12.616474187135523,1,0,58,6,52,10.34
L451,TRONZANO VERCELLESE,VERCELLI,PIEMONTE,45.32017117453695,8.186496828902603,2,0,221,32,189,14.48
H807,SAN COSTANTINO CALABRO,VIBO VALENTIA,CALABRIA,38.62839213427195,16.085440800524164,2,0,147,8,139,5.44
D341,DONGO,COMO,LOMBARDIA,46.124728414324814,9.270416717242414,2,0,236,22,214,9.32
B483,CAMINO AL TAGLIAMENTO,UDINE,FRIULI-VENEZIA G.,45.92432618932607,12.938755026925111,1,0,92,2,90,2.17
B085,BOTRICELLO,CATANZARO,CALABRIA,38.93862766314876,16.85104943500853,5,0,696,52,644,7.47
A337,APRICA,SONDRIO,LOMBARDIA,46.131312605612834,10.146563493120253,2,0,88,7,81,7.95
H095,PUTIFIGARI,SASSARI,SARDEGNA,40.569622549930806,8.44530330681011,1,0,9,0,9,0.0
I565,SEDINI,SASSARI,SARDEGNA,40.864320295438475,8.801375626017583,2,0,77,1,76,1.3
L192,TOLFA,ROMA,LAZIO,42.122621861645136,11.970706207803463,3,0,283,14,269,4.95
C251,CASTELRAIMONDO,MACERATA,MARCHE,43.20398460811211,13.05399292960697,2,0,195,31,164,15.9
F862,NEIRONE,GENOVA,LIGURIA,44.46630963590123,9.189729895424378,1,0,13,0,13,0.0
A965,BONDENO,FERRARA,EMILIA ROMAGNA,44.903202189861574,11.373788272676821,5,4,1092,359,733,32.88
E475,LATTARICO,COSENZA,CALABRIA,39.45118661112966,16.176671641491883,4,1,203,14,189,6.9
E512,LEGNAGO,VERONA,VENETO,45.1646421324478,11.301175154363866,17,3,5724,1034,4690,18.06
C695,CIMINA',REGGIO CALABRIA,CALABRIA,38.26052036830346,16.118092430411277,1,0,8,0,8,0.0
A490,ATTIGLIANO,TERNI,UMBRIA,42.52460603473906,12.290955054765767,2,0,114,30,84,26.32
C783,CIVITELLA ROVETO,L'AQUILA,ABRUZZO,41.89688990708874,13.410260481587075,3,0,226,11,215,4.87
H974,SANLURI,SUD SARDEGNA,SARDEGNA,39.54720534445042,8.878667172019114,3,0,831,18,813,2.17
L484,UGENTO,LECCE,PUGLIA,39.916786656764735,18.16265038262679,6,0,941,14,927,1.49
E238,GUARDAMIGLIO,LODI,LOMBARDIA,45.109444640970246,9.666870174897925,2,1,169,51,118,30.18
B655,CAPISTRANO,VIBO VALENTIA,CALABRIA,38.69802720507771,16.302517031410144,2,0,39,0,39,0.0
I322,VALLEFIORITA,CATANZARO,CALABRIA,38.77241774461814,16.437846611837124,2,0,103,10,93,9.71
A713,BASTIGLIA,MODENA,EMILIA ROMAGNA,44.71948567735309,10.996021367800353,1,0,167,32,135,19.16
A881,BISACCIA,AVELLINO,CAMPANIA,41.00829250436663,15.364706498562802,4,0,275,9,266,3.27
I935,STAGNO LOMBARDO,CREMONA,LOMBARDIA,45.06182072813686,10.089586835494138,1,1,36,12,24,33.33
C615,CHIARAVALLE,ANCONA,MARCHE,43.607669390425514,13.324420787237104,6,0,1306,105,1201,8.04
B144,BRENNA,COMO,LOMBARDIA,45.73942538467003,9.182961617296465,1,0,106,3,103,2.83
E990,MARTIRANO,CATANZARO,CALABRIA,39.07319100955417,16.24891293307665,2,0,40,2,38,5.0
E965,MARNATE,VARESE,LOMBARDIA,45.63044217518549,8.913475255546523,2,0,486,61,425,12.55
E133,GRAMMICHELE,CATANIA,SICILIA,37.22503214645174,14.613714761605536,5,0,985,111,874,11.27
M312,LONATO DEL GARDA,BRESCIA,LOMBARDIA,45.44260669811627,10.499778162013012,7,0,2581,370,2211,14.34
H380,ROCCAVALDINA,MESSINA,SICILIA,38.17803313072478,15.380105881166335,2,0,24,0,24,0.0
F899,NISCEMI,CALTANISSETTA,SICILIA,37.14076180556512,14.406519753591637,12,0,2800,65,2735,2.32
E838,MAIOLO,RIMINI,EMILIA ROMAGNA,43.88002001880749,12.313796165745869,1,0,16,0,16,0.0
B188,BRISIGHELLA,RAVENNA,EMILIA ROMAGNA,44.194404764407686,11.740932814573357,4,0,390,91,299,23.33
C096,CASTEL DI SANGRO,L'AQUILA,ABRUZZO,41.78169802337846,14.120511273713268,6,0,989,41,948,4.15
I902,SPIGNO SATURNIA,LATINA,LAZIO,41.317392986072235,13.701889298697298,2,0,163,2,161,1.23
L297,TORRI DI QUARTESOLO,VICENZA,VENETO,45.52638915238545,11.629896721717678,4,0,896,160,736,17.86
B543,CAMPOLI APPENNINO,FROSINONE,LAZIO,41.74945927312386,13.705177925143413,2,0,101,5,96,4.95
G324,PARABIAGO,MILANO,LOMBARDIA,45.54941255957735,8.943393031102316,8,1,4000,495,3505,12.38
C492,CERCHIO,L'AQUILA,ABRUZZO,42.04243542045668,13.596631857258162,2,0,165,27,138,16.36
B171,BRICHERASIO,TORINO,PIEMONTE,44.83244087636845,7.297927928191214,2,0,306,16,290,5.23
B138,BREMBATE DI SOPRA,BERGAMO,LOMBARDIA,45.7172614869686,9.579736467498288,2,0,541,74,467,13.68
F277,MOIO ALCANTARA,MESSINA,SICILIA,37.91025322052762,15.040206644536187,2,0,55,6,49,10.91
G293,PALOMBARA SABINA,ROMA,LAZIO,42.08065791631208,12.746451661941094,5,0,1690,173,1517,10.24
H713,SALISANO,RIETI,LAZIO,42.2758908537059,12.7432733512326,1,0,20,0,20,0.0
L009,SUPINO,FROSINONE,LAZIO,41.61016858316736,13.209234095283634,2,0,233,29,204,12.45
B676,CAPOVALLE,BRESCIA,LOMBARDIA,45.74527181841467,10.538508129613815,1,0,12,2,10,16.67
I234,SANTA MARIA CAPUA VETERE,CASERTA,CAMPANIA,41.0701763210962,14.24706712190409,18,0,5283,292,4991,5.53
C839,COLICO,LECCO,LOMBARDIA,46.12660991186728,9.367708582800603,4,0,1010,143,867,14.16
I877,SOVICILLE,SIENA,TOSCANA,43.246196361967456,11.226704607415208,3,1,568,142,426,25.0
L241,TORRE MONDOVI',CUNEO,PIEMONTE,44.326987569102386,7.909781510127648,1,0,27,5,22,18.52
A324,ANZOLA DELL'EMILIA,BOLOGNA,EMILIA ROMAGNA,44.565380408427814,11.19313985563675,3,0,833,192,641,23.05
H022,PREGANZIOL,TREVISO,VENETO,45.607491154236634,12.226730892993114,5,0,866,145,721,16.74
B804,CARONIA,MESSINA,SICILIA,37.97382671957887,14.491626132943264,4,0,190,0,190,0.0
F898,NIMIS,UDINE,FRIULI-VENEZIA G.,46.220202272324876,13.293152080930648,2,0,128,21,107,16.41
B538,CAMPO LIGURE,GENOVA,LIGURIA,44.53264873444345,8.710934739428708,2,0,152,24,128,15.79
M380,COLLI AL METAURO,PESARO E URBINO,MARCHE,43.748878442337364,12.898819366097364,6,0,981,141,840,14.37
H307,RIONERO IN VULTURE,POTENZA,BASILICATA,40.924092570802244,15.61579573418021,10,0,1585,84,1501,5.3
A976,BONNANARO,SASSARI,SARDEGNA,40.544358729893155,8.776559227645818,1,0,31,0,31,0.0
F078,MEDA,MONZA E DELLA BRIANZA,LOMBARDIA,45.66425388762927,9.15764303416618,7,0,3183,464,2719,14.58
B766,CARERI,REGGIO CALABRIA,CALABRIA,38.1830736808692,16.066726067365888,3,0,167,1,166,0.6
E033,GINESTRA,POTENZA,BASILICATA,40.92030491668463,15.745700072639636,1,0,13,0,13,0.0
A200,ALIFE,CASERTA,CAMPANIA,41.32345128574717,14.333813350727754,5,0,561,27,534,4.81
I321,SANT'ELIA FIUMERAPIDO,FROSINONE,LAZIO,41.55809971335735,13.864908150632067,3,0,338,10,328,2.96
B696,CAPRI,NAPOLI,CAMPANIA,40.55219541109925,14.245702467205195,5,0,485,41,444,8.45
G737,PLESIO,COMO,LOMBARDIA,46.06096420961918,9.215554581522559,1,0,28,2,26,7.14
H514,ROMANS D'ISONZO,GORIZIA,FRIULI-VENEZIA G.,45.8928356467032,13.432375629918907,2,0,207,19,188,9.18
E287,IMBERSAGO,LECCO,LOMBARDIA,45.70724500359787,9.445271082995863,1,0,83,6,77,7.23
L233,TORRACA,SALERNO,CAMPANIA,40.10354155249105,15.639452003858263,1,0,15,0,15,0.0
B246,BUDDUSO',SASSARI,SARDEGNA,40.59825945618873,9.260144672667296,3,0,386,11,375,2.85
B965,CASIER,TREVISO,VENETO,45.62823422611349,12.268674156459474,3,0,830,77,753,9.28
C051,CASTELL'UMBERTO,MESSINA,SICILIA,38.07346723577335,14.81358756644892,3,0,143,1,142,0.7
L243,TORRE CAJETANI,FROSINONE,LAZIO,41.78955996365475,13.262463135327677,1,0,26,3,23,11.54
A299,ANNICCO,CREMONA,LOMBARDIA,45.25269640325013,9.882780252507597,1,1,119,45,74,37.82
F552,MONTELUPONE,MACERATA,MARCHE,43.34432583450055,13.552524771698808,2,0,212,19,193,8.96
C357,CATTOLICA,RIMINI,EMILIA ROMAGNA,43.95907497761404,12.735252891197492,3,0,817,144,673,17.63
I821,SOMMACAMPAGNA,VERONA,VENETO,45.40093199295758,10.845130668554745,4,0,970,131,839,13.51
I747,SINAGRA,MESSINA,SICILIA,38.08261350742411,14.849634225939562,3,0,159,3,156,1.89
I950,STERNATIA,LECCE,PUGLIA,40.226544823732766,18.222593428815454,2,0,141,7,134,4.96
E130,GRAGLIA,BIELLA,PIEMONTE,45.571340097000345,7.939196063110071,2,0,129,8,121,6.2
G146,ORTUERI,NUORO,SARDEGNA,40.02066362874265,8.988145659646841,1,0,27,0,27,0.0
L964,VILLAMAGNA,CHIETI,ABRUZZO,42.32964130321958,14.234852326072874,2,0,107,15,92,14.02
E819,MAGNAGO,MILANO,LOMBARDIA,45.576359636566174,8.809131006973631,3,0,545,52,493,9.54
G961,POZZOLO FORMIGARO,ALESSANDRIA,PIEMONTE,44.811258250736124,8.789204997269579,2,0,290,39,251,13.45
A544,BAGALADI,REGGIO CALABRIA,CALABRIA,38.04938054589386,15.814083368362288,2,0,59,7,52,11.86
F248,MISSAGLIA,LECCO,LOMBARDIA,45.70162956503442,9.345531754775358,3,0,545,80,465,14.68
H771,SAN BENEDETTO PO,MANTOVA,LOMBARDIA,45.03439249244519,10.93000252403414,3,0,393,86,307,21.88
G674,PINEROLO,TORINO,PIEMONTE,44.89136510231546,7.347528198249788,21,1,7577,828,6749,10.93
A870,BINAGO,COMO,LOMBARDIA,45.77532828292262,8.921302444037321,2,0,392,35,357,8.93
I341,SANT'ILARIO DELLO IONIO,REGGIO CALABRIA,CALABRIA,38.215030400409326,16.19455251290001,2,0,92,22,70,23.91
D858,GAIOLE IN CHIANTI,SIENA,TOSCANA,43.44038125902021,11.446202261277355,2,1,136,49,87,36.03
L235,TORRALBA,SASSARI,SARDEGNA,40.49823713922302,8.79175989979508,1,0,67,0,67,0.0
F989,NUVOLENTO,BRESCIA,LOMBARDIA,45.54131249474028,10.387630653613568,2,0,393,65,328,16.54
C972,CONTROGUERRA,TERAMO,ABRUZZO,42.85483143661572,13.812805590641483,2,0,142,20,122,14.08
G049,OLMO AL BREMBO,BERGAMO,LOMBARDIA,45.97046679524037,9.648850596667424,2,0,62,4,58,6.45
A630,BARBARIGA,BRESCIA,LOMBARDIA,45.40727134699614,10.046002957025534,1,1,67,21,46,31.34
A932,BOLANO,LA SPEZIA,LIGURIA,44.1863372916927,9.893624329897227,2,0,567,69,498,12.17
D797,FRESONARA,ALESSANDRIA,PIEMONTE,44.7831710317972,8.691753845922792,1,0,25,2,23,8.0
I392,SAN VITO DI CADORE,BELLUNO,VENETO,46.473212734733224,12.180649545335719,3,0,241,28,213,11.62
L218,TORINO DI SANGRO,CHIETI,ABRUZZO,42.19694754291903,14.546800644720218,2,0,173,17,156,9.83
M270,MASAINAS,SUD SARDEGNA,SARDEGNA,39.035969572460615,8.615129755673241,1,0,27,0,27,0.0
I221,SANTA LUCIA DI PIAVE,TREVISO,VENETO,45.83287004091619,12.290230929007457,3,0,730,126,604,17.26
B352,CAGLI,PESARO E URBINO,MARCHE,43.563780924922064,12.654164541496614,5,0,575,65,510,11.3
C293,CASTENEDOLO,BRESCIA,LOMBARDIA,45.46728722325347,10.295313581503128,4,0,842,112,730,13.3
G754,POGGIO A CAIANO,PRATO,TOSCANA,43.8151898140125,11.044632229735276,3,0,804,188,616,23.38
B201,BRONI,PAVIA,LOMBARDIA,45.07062792587872,9.250216760791744,3,2,1213,468,745,38.58
B374,CALABRITTO,AVELLINO,CAMPANIA,40.776380208323765,15.188897238928986,2,0,100,1,99,1.0
D582,FIGLINE VEGLIATURO,COSENZA,CALABRIA,39.22415397535771,16.319659052450625,2,0,49,8,41,16.33
E772,LUZZARA,REGGIO EMILIA,EMILIA ROMAGNA,44.95388078691926,10.711247629433807,3,3,550,188,362,34.18
C094,CASTEL DI LUCIO,MESSINA,SICILIA,37.882560288495924,14.295365377984337,2,0,69,9,60,13.04
L039,TALMASSONS,UDINE,FRIULI-VENEZIA G.,45.912787496000625,13.119935804966778,2,0,244,25,219,10.25
F698,MONTRESTA,ORISTANO,SARDEGNA,40.388327250361655,8.504639473998573,1,0,10,0,10,0.0
L772,VERNASCA,PIACENZA,EMILIA ROMAGNA,44.78775809146127,9.843276647265064,2,0,89,7,82,7.87
A303,ANOIA,REGGIO CALABRIA,CALABRIA,38.44390200276065,16.069187148147694,2,0,85,0,85,0.0
B184,BRIONE,BRESCIA,LOMBARDIA,45.64377937846095,10.153760197194085,1,0,19,2,17,10.53
C162,CASTELLETTO MONFERRATO,ALESSANDRIA,PIEMONTE,44.97212124674863,8.55398877617639,1,0,54,2,52,3.7
I533,SCIACCA,AGRIGENTO,SICILIA,37.54334609739231,13.10284465027478,22,0,5898,147,5751,2.49
A573,BAGNOLO IN PIANO,REGGIO EMILIA,EMILIA ROMAGNA,44.78386539990313,10.678578846875405,2,0,784,140,644,17.86
C576,CESINALI,AVELLINO,CAMPANIA,40.896131982427015,14.83685579096525,2,0,188,3,185,1.6
F818,MUROS,SASSARI,SARDEGNA,40.6961398159363,8.617272135908097,1,0,43,0,43,0.0
F532,MONTE ISOLA,BRESCIA,LOMBARDIA,45.70905101870472,10.080062657887497,2,0,70,2,68,2.86
A789,BERCHIDDA,SASSARI,SARDEGNA,40.790576681166435,9.208241521995872,2,0,132,3,129,2.27
G030,OLGINATE,LECCO,LOMBARDIA,45.78705947890055,9.411796219056567,2,0,513,69,444,13.45
H404,ROCCA DI PAPA,ROMA,LAZIO,41.7525654016817,12.735401821614662,4,1,699,144,555,20.6
M379,TERRE ROVERESCHE,PESARO E URBINO,MARCHE,43.705123998317276,12.959065911501478,4,0,382,30,352,7.85
G016,OLCENENGO,VERCELLI,PIEMONTE,45.35582062414756,8.316614232775752,1,0,62,2,60,3.23
G308,PANICALE,PERUGIA,UMBRIA,43.039261796956026,12.13116148924096,3,0,327,75,252,22.94
I980,STRONA,BIELLA,PIEMONTE,45.623852043848665,8.171577260685634,1,0,28,5,23,17.86
H538,RONCO BIELLESE,BIELLA,PIEMONTE,45.583364808633014,8.094413705859333,2,0,148,12,136,8.11
F448,MONTECALVO IRPINO,AVELLINO,CAMPANIA,41.20006309749742,15.027371707656332,2,0,171,0,171,0.0
C880,COLLI SUL VELINO,RIETI,LAZIO,42.498450520772494,12.779631565711455,1,0,11,1,10,9.09
B471,CAMERATA CORNELLO,BERGAMO,LOMBARDIA,45.916123246024746,9.64125803591929,1,0,26,2,24,7.69
E128,GRAFFIGNANO,VITERBO,LAZIO,42.56030826464355,12.228238801210992,2,0,117,12,105,10.26
A467,ASIGLIANO VENETO,VICENZA,VENETO,45.311375344969704,11.458295249958919,1,0,40,7,33,17.5
L284,TORREVECCHIA TEATINA,CHIETI,ABRUZZO,42.393668578384236,14.233146125415553,2,0,265,17,248,6.42
E330,ISCHIA DI CASTRO,VITERBO,LAZIO,42.53049148621136,11.664548526351135,2,0,152,6,146,3.95
E611,LISCIA,CHIETI,ABRUZZO,41.95328433628892,14.552390646746538,1,0,24,0,24,0.0
L742,VENTOTENE,LATINA,LAZIO,40.79241413101996,13.428836787179094,2,1,18,3,15,16.67
H128,QUINDICI,AVELLINO,CAMPANIA,40.84994423066061,14.656597008489078,2,0,86,2,84,2.33
A081,VILLA LATINA,FROSINONE,LAZIO,41.60674902833675,13.854353531171089,2,0,129,16,113,12.4
C218,CASTELNOVO DI SOTTO,REGGIO EMILIA,EMILIA ROMAGNA,44.82163909963244,10.57764504259577,2,0,614,145,469,23.62
D913,GARBAGNATE MONASTERO,LECCO,LOMBARDIA,45.76721597386825,9.303419713123509,1,0,106,16,90,15.09
F347,MONDAVIO,PESARO E URBINO,MARCHE,43.66856865703264,12.970719120668129,2,0,161,25,136,15.53
L802,VERZINO,CROTONE,CALABRIA,39.307158892732595,16.844342592266614,2,0,92,0,92,0.0
M060,VINOVO,TORINO,PIEMONTE,44.95528472138411,7.6290744685730925,3,0,1115,67,1048,6.01
I585,SELLANO,PERUGIA,UMBRIA,42.898416981867065,12.894795239135483,2,0,21,3,18,14.29
D717,TONEZZA DEL CIMONE,VICENZA,VENETO,45.85597674353332,11.331437004359955,1,0,20,0,20,0.0
H486,ROGENO,LECCO,LOMBARDIA,45.78454378150069,9.271513718027116,1,0,71,4,67,5.63
G520,PETTENASCO,NOVARA,PIEMONTE,45.82763356988914,8.404277943908667,1,0,40,5,35,12.5
A388,ARENZANO,GENOVA,LIGURIA,44.42138855866701,8.667006747059713,3,0,837,37,800,4.42
H825,SAN DONATO DI NINEA,COSENZA,CALABRIA,39.72042430742403,16.028793863367085,2,0,31,2,29,6.45
I590,SELLIA MARINA,CATANZARO,CALABRIA,38.90920025850448,16.73925593480972,4,0,498,63,435,12.65
G591,PICINISCO,FROSINONE,LAZIO,41.65288068385898,13.907258052131487,1,0,18,1,17,5.56
A430,AROSIO,COMO,LOMBARDIA,45.72111047745591,9.210266738240701,2,0,418,46,372,11.0
L554,VALDASTICO,VICENZA,VENETO,45.87786982467779,11.35823168616363,2,0,100,5,95,5.0
B712,CAPRIVA DEL FRIULI,GORIZIA,FRIULI-VENEZIA G.,45.94740216946057,13.512056404365246,1,0,65,2,63,3.08
L016,SUTERA,CALTANISSETTA,SICILIA,37.52071664776967,13.745802558257097,2,0,40,4,36,10.0
B384,CALATABIANO,CATANIA,SICILIA,37.821234690674,15.213020303055098,3,0,303,21,282,6.93
H794,SAN CESARIO SUL PANARO,MODENA,EMILIA ROMAGNA,44.57404790685506,11.023492970603831,2,0,483,72,411,14.91
H662,SAGLIANO MICCA,BIELLA,PIEMONTE,45.65330253650825,7.991395932892438,1,0,85,8,77,9.41
D175,CROCEFIESCHI,GENOVA,LIGURIA,44.58516530033198,9.024826712750206,1,0,8,1,7,12.5
A616,BARANELLO,CAMPOBASSO,MOLISE,41.52686012836298,14.566309915922892,2,0,102,4,98,3.92
D204,CUNARDO,VARESE,LOMBARDIA,45.93522755429488,8.802606712107828,2,0,279,32,247,11.47
E814,MAGLIANO VETERE,SALERNO,CAMPANIA,40.34914166588935,15.236632830693566,1,1,11,5,6,45.45
M261,CASTRO,LECCE,PUGLIA,40.008260686863366,18.420742631020524,2,0,72,0,72,0.0
A805,BERNEZZO,CUNEO,PIEMONTE,44.38284366300505,7.426961600648628,3,0,371,32,339,8.63
F054,MATINO,LECCE,PUGLIA,40.027891757602184,18.121962524988213,3,0,655,17,638,2.6
D701,FORINO,AVELLINO,CAMPANIA,40.85792139415267,14.732833970857774,3,0,326,8,318,2.45
E785,MACERATA FELTRIA,PESARO E URBINO,MARCHE,43.81055542954595,12.449002419334567,2,0,161,36,125,22.36
E210,GROTTE DI CASTRO,VITERBO,LAZIO,42.67259528904485,11.866976987927563,2,0,160,25,135,15.63
C152,CASTELLEONE DI SUASA,ANCONA,MARCHE,43.60871199827842,12.989467718060709,2,0,76,11,65,14.47
B303,BUTI,PISA,TOSCANA,43.73716974773178,10.588177548401157,3,0,358,38,320,10.61
H398,ROCCA D'EVANDRO,CASERTA,CAMPANIA,41.38025889539778,13.904143575391158,4,0,216,5,211,2.31
B546,CAMPOLONGO MAGGIORE,VENEZIA,VENETO,45.33617832553453,12.057703141040914,3,0,736,87,649,11.82
E928,MARCHENO,BRESCIA,LOMBARDIA,45.710219595933665,10.222089229108247,3,0,427,55,372,12.88
A236,ALTISSIMO,VICENZA,VENETO,45.61490011351503,11.246825854842156,3,0,193,32,161,16.58
E431,LAMPEDUSA E LINOSA,AGRIGENTO,SICILIA,35.58704540941135,12.642928149550816,5,0,649,21,628,3.24
F032,MASSA MARITTIMA,GROSSETO,TOSCANA,43.04555211485461,10.900950114768223,8,1,952,207,745,21.74
A315,ANTRODOCO,RIETI,LAZIO,42.3990735477857,13.124485581128233,2,0,161,27,134,16.77
H589,ROTELLO,CAMPOBASSO,MOLISE,41.75912477758556,15.05067765336664,2,0,54,2,52,3.7
I844,SORBO SAN BASILE,CATANZARO,CALABRIA,39.052653665599905,16.517085000022945,2,0,38,0,38,0.0
C343,CASTRONNO,VARESE,LOMBARDIA,45.752702195462184,8.81049359734436,2,0,343,18,325,5.25
C984,CORBARA,SALERNO,CAMPANIA,40.712178329286985,14.593075597548992,2,0,243,1,242,0.41
D430,ESCALAPLANO,SUD SARDEGNA,SARDEGNA,39.634887453278616,9.355509256778275,2,0,106,1,105,0.94
F305,MOLTRASIO,COMO,LOMBARDIA,45.87152537559454,9.092243943543442,1,0,11,1,10,9.09
A379,ARDARA,SASSARI,SARDEGNA,40.628882618203505,8.821396718458713,1,0,19,0,19,0.0
C789,UBIALE CLANEZZO,BERGAMO,LOMBARDIA,45.78176857644286,9.607126987478152,1,0,33,0,33,0.0
F017,MASLIANICO,COMO,LOMBARDIA,45.84469803950592,9.048582491010555,2,0,265,32,233,12.08
I782,SOIANO DEL LAGO,BRESCIA,LOMBARDIA,45.53145145143398,10.50656238417304,1,0,79,11,68,13.92
I825,SOMMO,PAVIA,LOMBARDIA,45.122272808074726,9.079077634432327,1,0,22,0,22,0.0
A325,ANZOLA D'OSSOLA,VERBANO-CUSIO-OSSOLA,PIEMONTE,45.97050347307968,8.34026674436965,1,0,14,0,14,0.0
B258,BUGUGGIATE,VARESE,LOMBARDIA,45.78414314746638,8.807082318808853,2,0,324,13,311,4.01
E972,MARRUBIU,ORISTANO,SARDEGNA,39.77681468137269,8.669668665388546,2,0,234,3,231,1.28
E837,MAIOLATI SPONTINI,ANCONA,MARCHE,43.49572222675486,13.128396999361664,2,0,530,60,470,11.32
H991,SAN MARTINO SULLA MARRUCINA,CHIETI,ABRUZZO,42.22851233947759,14.218840475230285,1,0,39,5,34,12.82
D013,CORMANO,MILANO,LOMBARDIA,45.54369134899754,9.16423529909432,5,3,1328,436,892,32.83
H529,RONCELLO,MONZA E DELLA BRIANZA,LOMBARDIA,45.59989138476307,9.458804113111118,1,0,217,15,202,6.91
F616,MONTE SAN BIAGIO,LATINA,LAZIO,41.36589295666711,13.31684633911071,3,0,379,25,354,6.6
A597,BALLAO,SUD SARDEGNA,SARDEGNA,39.5738176698037,9.382282038761637,1,0,31,0,31,0.0
I120,SAN PIETRO VIMINARIO,PADOVA,VENETO,45.2427660333969,11.824851956761766,2,0,128,15,113,11.72
M275,LOIRI PORTO SAN PAOLO,SASSARI,SARDEGNA,40.83534432410932,9.559071479127104,3,0,175,10,165,5.71
M016,VILLASALTO,SUD SARDEGNA,SARDEGNA,39.46806403017655,9.394148428585558,1,0,15,1,14,6.67
I421,SAPPADA,UDINE,FRIULI-VENEZIA G.,46.56421771718377,12.6855873772619,2,0,107,0,107,0.0
E083,GONARS,UDINE,FRIULI-VENEZIA G.,45.89329513652626,13.249401271338654,2,0,370,28,342,7.57
A058,ADRARA SAN ROCCO,BERGAMO,LOMBARDIA,45.72571857050817,9.972647668793282,1,0,25,5,20,20.0
L589,VALLATA,AVELLINO,CAMPANIA,41.03319817636151,15.284493335862976,5,0,420,10,410,2.38
I985,STROPPO,CUNEO,PIEMONTE,44.512184753064744,7.1301384258196014,1,0,38,1,37,2.63
H086,PUEGNAGO SUL GARDA,BRESCIA,LOMBARDIA,45.57104251157369,10.510408230024654,1,0,134,25,109,18.66
C917,COMAZZO,LODI,LOMBARDIA,45.446133838034136,9.454427232755208,1,0,97,13,84,13.4
C719,CIRCELLO,BENEVENTO,CAMPANIA,41.34871070967586,14.79241356724608,3,0,212,4,208,1.89
I394,SAN VITO CHIETINO,CHIETI,ABRUZZO,42.29310856639114,14.432684831813264,4,0,284,18,266,6.34
A472,CASPERIA,RIETI,LAZIO,42.345491823447055,12.684446504667173,2,0,134,8,126,5.97
E305,INTROBIO,LECCO,LOMBARDIA,45.99983254683051,9.482812943572494,2,0,252,35,217,13.89
I292,SANT'ANNA D'ALFAEDO,VERONA,VENETO,45.63127103975528,10.950185911137392,2,0,190,11,179,5.79
D482,FALOPPIO,COMO,LOMBARDIA,45.807930350644824,8.969755679055634,2,0,426,31,395,7.28
L272,TORRE LE NOCELLE,AVELLINO,CAMPANIA,41.029986526818206,14.920984596407,2,0,39,3,36,7.69
M120,VOLPEDO,ALESSANDRIA,PIEMONTE,44.887747054402745,8.999201004888517,2,1,107,35,72,32.71
F531,MONTEIASI,TARANTO,PUGLIA,40.50106448579152,17.380315176688015,2,0,355,2,353,0.56
D812,FROSSASCO,TORINO,PIEMONTE,44.934093152783696,7.357579238789987,2,0,245,17,228,6.94
E447,LAPEDONA,FERMO,MARCHE,43.10765985727916,13.774592910646463,1,0,8,1,7,12.5
L314,TOSSICIA,TERAMO,ABRUZZO,42.54926007717349,13.635985599365808,2,0,69,7,62,10.14
E610,LISCATE,MILANO,LOMBARDIA,45.47464552782398,9.411206038394155,2,0,297,41,256,13.8
L059,TASSAROLO,ALESSANDRIA,PIEMONTE,44.725945578771544,8.768354531047919,1,0,32,0,32,0.0
B161,BRESSANVIDO,VICENZA,VENETO,45.63986421210622,11.637657991989974,1,0,144,10,134,6.94
G954,POZZILLI,ISERNIA,MOLISE,41.51694239963196,14.07150370631673,2,0,181,10,171,5.52
C998,CORENO AUSONIO,FROSINONE,LAZIO,41.33465601026912,13.783869578281553,2,0,70,3,67,4.29
E620,LIVERI,NAPOLI,CAMPANIA,40.89974863528932,14.564574738095846,1,0,17,2,15,11.76
M269,PATERNO,POTENZA,BASILICATA,40.36051291997983,15.741170333882966,2,0,168,13,155,7.74
G939,POSTIGLIONE,SALERNO,CAMPANIA,40.572620446962816,15.214888406091161,2,0,106,7,99,6.6
C521,CERNUSCO LOMBARDONE,LECCO,LOMBARDIA,45.69091308004705,9.393739771446727,2,1,577,151,426,26.17
B408,CALESTANO,PARMA,EMILIA ROMAGNA,44.59014880472278,10.130572777127645,2,2,158,59,99,37.34
H364,ROVASENDA,VERCELLI,PIEMONTE,45.535377541108694,8.31592814211526,1,0,26,6,20,23.08
F446,MONTEBUONO,RIETI,LAZIO,42.37394941066191,12.57525762457034,1,0,11,2,9,18.18
G436,PENNA SAN GIOVANNI,MACERATA,MARCHE,43.059926811883386,13.422196566041169,1,0,18,4,14,22.22
C244,CASTELNUOVO DI VAL DI CECINA,PISA,TOSCANA,43.213241599433694,10.902502095824316,2,2,152,75,77,49.34
L633,VALMACCA,ALESSANDRIA,PIEMONTE,45.104529004623245,8.597195029541172,1,0,30,6,24,20.0
E217,GRUMELLO CREMONESE ED UNITI,CREMONA,LOMBARDIA,45.2026805577737,9.862939669719761,2,0,136,34,102,25.0
D552,FERRERA ERBOGNONE,PAVIA,LOMBARDIA,45.10335754787154,8.858030438735234,1,1,81,29,52,35.8
G346,PARRE,BERGAMO,LOMBARDIA,45.90335971658199,9.882659860239503,1,0,105,4,101,3.81
G789,POLINAGO,MODENA,EMILIA ROMAGNA,44.372375797763,10.725031155596458,2,1,73,21,52,28.77
I348,SANT'OMERO,TERAMO,ABRUZZO,42.788949556201196,13.822109741203677,3,0,353,82,271,23.23
D357,DOVADOLA,FORLI'-CESENA,EMILIA ROMAGNA,44.122030092860506,11.87916851003806,2,0,74,14,60,18.92
I606,SENERCHIA,AVELLINO,CAMPANIA,40.73414366778346,15.193275628378217,1,0,13,2,11,15.38
L597,VALLE CASTELLANA,TERAMO,ABRUZZO,42.72891730089289,13.502150745184558,1,0,13,0,13,0.0
E818,MAGNACAVALLO,MANTOVA,LOMBARDIA,45.00263134622913,11.181301661026838,1,1,44,14,30,31.82
L848,ZIANO PIACENTINO,PIACENZA,EMILIA ROMAGNA,44.99076024473017,9.38348528213626,1,0,96,23,73,23.96
G862,PONTI SUL MINCIO,MANTOVA,LOMBARDIA,45.41100070504983,10.689642352382705,1,0,79,7,72,8.86
I382,SAN VENDEMIANO,TREVISO,VENETO,45.88280191431412,12.34958274091067,4,0,631,70,561,11.09
F551,MONTELUPO FIORENTINO,FIRENZE,TOSCANA,43.72340055450749,11.025057293348478,4,0,1085,129,956,11.89
L330,TRAONA,SONDRIO,LOMBARDIA,46.15136872961681,9.527429172325752,2,0,304,31,273,10.2
H877,SANGINETO,COSENZA,CALABRIA,39.61075219186661,15.913091243218654,1,0,38,0,38,0.0
H143,QUISTELLO,MANTOVA,LOMBARDIA,45.0005736441198,10.994391533797886,2,0,332,79,253,23.8
I618,SEPINO,CAMPOBASSO,MOLISE,41.412128989450395,14.621559340644026,2,0,105,4,101,3.81
F491,MONTEFALCIONE,AVELLINO,CAMPANIA,40.968298950122694,14.887520923824297,2,0,176,0,176,0.0
L007,SUNO,NOVARA,PIEMONTE,45.62734702289908,8.546177652908534,2,0,228,15,213,6.58
E103,GORLE,BERGAMO,LOMBARDIA,45.70161221296136,9.7157926680312,2,0,465,42,423,9.03
I767,SIZZANO,NOVARA,PIEMONTE,45.57728522163253,8.443127752407051,1,0,58,3,55,5.17
L386,TRESANA,MASSA-CARRARA,TOSCANA,44.24578803678913,9.90296985479745,2,0,153,28,125,18.3
H265,RIACE,REGGIO CALABRIA,CALABRIA,38.404795595982726,16.508345308068474,2,0,156,29,127,18.59
L594,VALLE AGRICOLA,CASERTA,CAMPANIA,41.42252211815175,14.263262767349444,2,0,15,1,14,6.67
H202,RAVISCANINA,CASERTA,CAMPANIA,41.37863691049876,14.237409600781959,2,0,40,3,37,7.5
B501,CAMPARADA,MONZA E DELLA BRIANZA,LOMBARDIA,45.655166172129526,9.325693579761348,1,0,97,11,86,11.34
I777,SOCCHIEVE,UDINE,FRIULI-VENEZIA G.,46.383369132956425,12.796935204628165,1,0,13,1,12,7.69
B204,BROSSASCO,CUNEO,PIEMONTE,44.581981757476996,7.32778044374412,1,0,41,3,38,7.32
A446,ARSOLI,ROMA,LAZIO,42.03081489292588,13.026479805897742,2,0,91,4,87,4.4
H867,SAN GIACOMO DEGLI SCHIAVONI,CAMPOBASSO,MOLISE,41.97041649837598,14.948531325850375,1,0,38,1,37,2.63
C147,CASTELL'AZZARA,GROSSETO,TOSCANA,42.766579436822404,11.664467185232029,2,2,70,28,42,40.0
D541,FERMIGNANO,PESARO E URBINO,MARCHE,43.666902380297486,12.661625692403765,2,0,608,125,483,20.56
B150,BRENTA,VARESE,LOMBARDIA,45.90600733822917,8.686846576220248,1,0,89,9,80,10.11
E576,LICENZA,ROMA,LAZIO,42.07794390678727,12.89230828236768,1,0,40,5,35,12.5
H385,ROCCABRUNA,CUNEO,PIEMONTE,44.492344375653694,7.323264897746182,1,0,69,6,63,8.7
D931,GARZIGLIANA,TORINO,PIEMONTE,44.833605342615066,7.368106625918567,1,0,13,0,13,0.0
B019,BORGOMANERO,NOVARA,PIEMONTE,45.69798449211595,8.469670470168607,8,1,2955,409,2546,13.84
E463,LA SPEZIA,LA SPEZIA,LIGURIA,44.10988430184779,9.821186406810146,43,11,12977,2525,10452,19.46
E932,MARCIANISE,CASERTA,CAMPANIA,41.02159981388333,14.294913746413252,23,0,7512,215,7297,2.86
F284,MOLFETTA,BARI,PUGLIA,41.182851517821945,16.570017272364833,30,1,9195,288,8907,3.13
M297,FIUMICINO,ROMA,LAZIO,41.88757621315573,12.228263014990503,29,0,8526,724,7802,8.49
E017,GIARRE,CATANIA,SICILIA,37.71857917155645,15.167961615054534,24,0,6257,189,6068,3.02
G224,PADOVA,PADOVA,VENETO,45.40340707528006,11.883123867717956,91,31,30189,5480,24709,18.15
L840,VICENZA,VICENZA,VENETO,45.54482726285521,11.553998657183216,58,13,19415,3401,16014,17.52
B120,BRANDICO,BRESCIA,LOMBARDIA,45.45386075383844,10.043614074805502,1,0,76,12,64,15.79
I537,SCILLA,REGGIO CALABRIA,CALABRIA,38.23131975679632,15.781387142824729,6,0,280,9,271,3.21
I921,SPOLETO,PERUGIA,UMBRIA,42.737398405422155,12.707964785300874,23,2,4186,547,3639,13.07
H211,RECANATI,MACERATA,MARCHE,43.40125604181536,13.531292423195994,13,0,4030,369,3661,9.16
I264,SANT'ANDREA DI CONZA,AVELLINO,CAMPANIA,40.85389574276544,15.365313310557246,1,0,43,5,38,11.63
D416,ERBA,COMO,LOMBARDIA,45.81196157800505,9.218139539804328,8,2,2847,334,2513,11.73
G333,PARETE,CASERTA,CAMPANIA,40.95566427428086,14.15375329940565,4,0,1351,97,1254,7.18
L885,VIGNOLA,MODENA,EMILIA ROMAGNA,44.48693963464096,10.996393939904573,12,6,5234,1389,3845,26.54
H274,RICCIONE,RIMINI,EMILIA ROMAGNA,43.99692760580081,12.646051009892467,12,0,4388,508,3880,11.58
F139,MERCATO SARACENO,FORLI'-CESENA,EMILIA ROMAGNA,43.983226111349275,12.166913146492638,3,0,396,76,320,19.19
E348,ISOLA DEL GIGLIO,GROSSETO,TOSCANA,42.34379495462578,10.921706298860226,2,0,42,7,35,16.67
G491,PESCIA,PISTOIA,TOSCANA,43.940770702173516,10.698401585099901,13,4,4258,816,3442,19.16
F052,MATERA,MATERA,BASILICATA,40.66989475971983,16.578523935254143,32,0,9294,476,8818,5.12
A028,ACIREALE,CATANIA,SICILIA,37.63434501669518,15.160736537445482,33,0,8223,303,7920,3.68
A234,ALTILIA,COSENZA,CALABRIA,39.127520473872146,16.257418306852493,1,0,24,0,24,0.0
I639,SERRA SAN BRUNO,VIBO VALENTIA,CALABRIA,38.557012294397154,16.321905366076614,7,0,1025,18,1007,1.76
E761,LUSIA,ROVIGO,VENETO,45.09566192454798,11.65337772111339,2,0,193,37,156,19.17
L123,TERRANUOVA BRACCIOLINI,AREZZO,TOSCANA,43.55519740474046,11.614708044616748,2,0,766,53,713,6.92
A040,ACQUAPENDENTE,VITERBO,LAZIO,42.76233439990635,11.886766179408683,4,0,737,90,647,12.21
D364,DRAPIA,VIBO VALENTIA,CALABRIA,38.64831689793373,15.91118188074377,3,0,94,3,91,3.19
I608,SENIGALLIA,ANCONA,MARCHE,43.68175933210884,13.200901929063898,25,1,7386,673,6713,9.11
E014,GIARDINI-NAXOS,MESSINA,SICILIA,37.82428895404684,15.262840210004429,6,0,914,58,856,6.35
B738,VILLASIMIUS,SUD SARDEGNA,SARDEGNA,39.154999022518474,9.509972692886777,2,0,187,12,175,6.42
I635,SERNAGLIA DELLA BATTAGLIA,TREVISO,VENETO,45.86616006722921,12.143230623059868,3,0,514,88,426,17.12
H657,SACILE,PORDENONE,FRIULI-VENEZIA G.,45.94597138747427,12.504412587822541,12,0,3168,474,2694,14.96
F511,MONTEFREDANE,AVELLINO,CAMPANIA,40.96042241484261,14.81787499198882,2,0,57,5,52,8.77
F106,MELICUCCO,REGGIO CALABRIA,CALABRIA,38.44543191869833,16.04530046832748,3,0,432,21,411,4.86
D727,FORNOVO SAN GIOVANNI,BERGAMO,LOMBARDIA,45.49415688524497,9.690589583768913,2,0,277,29,248,10.47
I251,SANTA MARIA NUOVA,ANCONA,MARCHE,43.48760695208526,13.32360879933868,2,0,236,46,190,19.49
G043,OLLASTRA,ORISTANO,SARDEGNA,39.95933759756394,8.757340219325368,2,0,68,0,68,0.0
A551,BAGNARA DI ROMAGNA,RAVENNA,EMILIA ROMAGNA,44.39266837145079,11.835165822430202,2,0,232,44,188,18.97
H570,ROSIGNANO MARITTIMO,LIVORNO,TOSCANA,43.42084595503388,10.453050635856414,13,1,2605,270,2335,10.36
A413,ARLUNO,MILANO,LOMBARDIA,45.50892367150686,8.942094109357239,4,0,939,126,813,13.42
G288,PALMI,REGGIO CALABRIA,CALABRIA,38.378182552631664,15.873005956783523,14,0,3469,116,3353,3.34
H985,SAN MARCO IN LAMIS,FOGGIA,PUGLIA,41.69972014324712,15.65726550747035,8,0,1348,6,1342,0.45
L463,TUILI,SUD SARDEGNA,SARDEGNA,39.71404456909844,8.963582895801835,1,0,57,1,56,1.75
M109,VOGHERA,PAVIA,LOMBARDIA,45.00826768730836,9.013464872600533,16,5,6114,1216,4898,19.89
C860,COLLEGNO,TORINO,PIEMONTE,45.09136477056072,7.5902583088468445,15,0,3329,316,3013,9.49
D905,GANDINO,BERGAMO,LOMBARDIA,45.82430908575817,9.930140886429523,2,0,309,40,269,12.94
B309,BUTTRIO,UDINE,FRIULI-VENEZIA G.,46.014167848429324,13.33610942911793,2,0,192,30,162,15.63
I008,SAN MARTINO DI LUPARI,PADOVA,VENETO,45.642812558829036,11.864938003411043,5,0,995,123,872,12.36
I712,SEZZE,LATINA,LAZIO,41.48951298893651,13.056893841123639,12,0,2289,289,2000,12.63
H418,ROCCALUMERA,MESSINA,SICILIA,37.98934453346541,15.378806659995712,3,0,257,16,241,6.23
H876,SAN GINESIO,MACERATA,MARCHE,43.10320957818857,13.309288120919826,5,0,419,46,373,10.98
C330,CASTO,BRESCIA,LOMBARDIA,45.689912928706164,10.299507281823981,2,0,138,26,112,18.84
B526,CAMPO DI GIOVE,L'AQUILA,ABRUZZO,41.998297853173966,14.065580647158994,1,1,22,7,15,31.82
E627,LIVRAGA,LODI,LOMBARDIA,45.18762803421838,9.543535059209331,2,2,176,57,119,32.39
B678,CAPPELLA MAGGIORE,TREVISO,VENETO,45.97784906910716,12.34858851879116,3,0,241,34,207,14.11
H176,RANICA,BERGAMO,LOMBARDIA,45.72807311863253,9.711751418368515,2,0,465,68,397,14.62
I829,SONDRIO,SONDRIO,LOMBARDIA,46.18018844280127,9.856665886242311,15,2,4646,488,4158,10.5
D008,CORIO,TORINO,PIEMONTE,45.32932836336634,7.519345531961287,3,0,152,11,141,7.24
B802,CAROLEI,COSENZA,CALABRIA,39.251729170279006,16.210333977326222,3,0,135,10,125,7.41
C968,CONTESSA ENTELLINA,PALERMO,SICILIA,37.7371047623148,13.130370427493531,2,0,65,1,64,1.54
B573,CANALE,CUNEO,PIEMONTE,44.80012646513509,8.005015977079514,2,1,438,123,315,28.08
F267,MOGLIA,MANTOVA,LOMBARDIA,44.9509126020272,10.926171639093068,2,0,346,76,270,21.97
L529,VAGLIA,FIRENZE,TOSCANA,43.88820443296405,11.289776096327289,2,0,269,19,250,7.06
H072,PROCIDA,NAPOLI,CAMPANIA,40.75616966520166,14.013918660886478,5,0,1023,43,980,4.2
C134,CASTELLANA GROTTE,BARI,PUGLIA,40.86726757226556,17.186577861077097,11,0,3268,112,3156,3.43
A529,AZZANO MELLA,BRESCIA,LOMBARDIA,45.46483771528704,10.112869019874344,2,0,499,129,370,25.85
L073,TAVERNOLA BERGAMASCA,BERGAMO,LOMBARDIA,45.70333490155715,10.045695579141256,2,0,167,9,158,5.39
M283,MANIACE,CATANIA,SICILIA,37.87678874760996,14.786223477574456,4,0,460,3,457,0.65
M391,RIO,LIVORNO,TOSCANA,42.824179812442324,10.409350632734496,2,0,160,24,136,15.0
F023,MASSA,MASSA-CARRARA,TOSCANA,44.05497547070572,10.161309479156683,42,2,7513,694,6819,9.24
E809,MAGLIANO ALFIERI,CUNEO,PIEMONTE,44.76521154563746,8.076726261740593,1,0,119,18,101,15.13
C662,CHIUSI,SIENA,TOSCANA,43.03006316018653,11.929411061157893,6,1,787,166,621,21.09
F680,MONTIRONE,BRESCIA,LOMBARDIA,45.445612550056815,10.232790499748226,2,0,399,65,334,16.29
D291,DIANO D'ALBA,CUNEO,PIEMONTE,44.64843407406848,8.02533106503677,2,0,235,28,207,11.91
F377,MONREALE,PALERMO,SICILIA,37.92499658443484,13.177900291762441,17,0,3261,37,3224,1.13
A348,AQUINO,FROSINONE,LAZIO,41.47803334041892,13.715554601776415,2,0,413,15,398,3.63
A735,BEINETTE,CUNEO,PIEMONTE,44.36975059667941,7.651137784030963,2,0,335,45,290,13.43
C004,CASSANO MAGNAGO,VARESE,LOMBARDIA,45.668435691794656,8.829112274650228,6,1,1621,178,1443,10.98
H481,RODIGO,MANTOVA,LOMBARDIA,45.19511923206081,10.641915848531681,3,0,346,79,267,22.83
G283,PALMA CAMPANIA,NAPOLI,CAMPANIA,40.858591966316226,14.557272694855914,8,0,2231,300,1931,13.45
G547,PIANCASTAGNAIO,SIENA,TOSCANA,42.824058328592685,11.692084187101518,2,0,249,50,199,20.08
G391,PAVONE DEL MELLA,BRESCIA,LOMBARDIA,45.302824727990995,10.218987023704582,2,1,234,76,158,32.48
L916,VILLABATE,PALERMO,SICILIA,38.078339864318,13.442722096773082,6,0,1650,80,1570,4.85
F489,MONTEDORO,CALTANISSETTA,SICILIA,37.45354408955303,13.823876372651295,2,0,68,5,63,7.35
I656,SERRATA,REGGIO CALABRIA,CALABRIA,38.528268025198074,16.087712498041824,2,0,26,0,26,0.0
B286,BUSCATE,MILANO,LOMBARDIA,45.545767036602996,8.81290731388175,2,0,370,50,320,13.51
C382,CAVARIA CON PREMEZZO,VARESE,LOMBARDIA,45.69359604991981,8.796490338680618,2,0,333,81,252,24.32
E629,LIZZANELLO,LECCE,PUGLIA,40.320623733115625,18.23583830081381,3,0,619,34,585,5.49
B141,BREMBIO,LODI,LOMBARDIA,45.2137913306431,9.566914177013711,2,1,227,63,164,27.75
B434,CALUSCO D'ADDA,BERGAMO,LOMBARDIA,45.68687518923299,9.477448206023602,2,2,525,213,312,40.57
I196,SANT'AGATA SUL SANTERNO,RAVENNA,EMILIA ROMAGNA,44.44685231644102,11.862508369706694,2,0,252,37,215,14.68
I342,SANT'ILARIO D'ENZA,REGGIO EMILIA,EMILIA ROMAGNA,44.75110063837504,10.467428433556748,6,1,1083,211,872,19.48
B553,CAMPO NELL'ELBA,LIVORNO,TOSCANA,42.72198587733797,10.18050052359439,2,0,316,37,279,11.71
H723,SALTRIO,VARESE,LOMBARDIA,45.876841143360835,8.924766695191945,2,0,319,14,305,4.39
D105,COSTA DI ROVIGO,ROVIGO,VENETO,45.05276753278297,11.70320529394288,2,0,146,20,126,13.7
B990,CASORIA,NAPOLI,CAMPANIA,40.90091459324552,14.30515467540999,23,0,7641,123,7518,1.61
C317,CASTIGLIONE TINELLA,CUNEO,PIEMONTE,44.73051368520618,8.191780190356786,1,1,21,10,11,47.62
I381,SAN VENANZO,TERNI,UMBRIA,42.86118231807227,12.24096507837864,2,0,52,12,40,23.08
B531,CAMPODORO,PADOVA,VENETO,45.50009426678911,11.752599320202606,2,0,278,24,254,8.63
H851,SANFRE',CUNEO,PIEMONTE,44.74967734917857,7.806611131765962,2,0,220,24,196,10.91
I939,STARANZANO,GORIZIA,FRIULI-VENEZIA G.,45.77827453613632,13.503943222544136,5,0,1356,210,1146,15.49
I312,SANTA TERESA GALLURA,SASSARI,SARDEGNA,41.202921794505386,9.22627634590965,3,0,283,35,248,12.37
B891,CASALETTO VAPRIO,CREMONA,LOMBARDIA,45.40991175534912,9.642144593231516,1,0,85,13,72,15.29
A014,ACATE,RAGUSA,SICILIA,37.01173100462551,14.441923551307019,3,0,736,201,535,27.31
G605,PIETRA LIGURE,SAVONA,LIGURIA,44.15859283804976,8.25727334226342,3,0,398,82,316,20.6
C481,CERANESI,GENOVA,LIGURIA,44.50546325654788,8.841934677189277,1,0,82,3,79,3.66
I874,SOVERIA MANNELLI,CATANZARO,CALABRIA,39.07136583744234,16.39154556930981,4,0,362,16,346,4.42
I813,SOLZA,BERGAMO,LOMBARDIA,45.67794375373044,9.487763234984868,1,0,86,13,73,15.12
I981,STRONCONE,TERNI,UMBRIA,42.48091569212741,12.661128976873604,3,0,224,22,202,9.82
D325,DOLO,VENEZIA,VENETO,45.41960810293063,12.086634337502124,9,1,3680,569,3111,15.46
C857,COLLE DI TORA,RIETI,LAZIO,42.19916133836692,12.935399796721498,1,0,15,2,13,13.33
B315,CACCAMO,PALERMO,SICILIA,37.890162037373564,13.66495669949607,6,0,1078,13,1065,1.21
B313,CABIATE,COMO,LOMBARDIA,45.67575563443465,9.17125309681316,2,0,477,72,405,15.09
E903,MARACALAGONIS,CAGLIARI,SARDEGNA,39.23302950255632,9.372139159067418,4,0,507,23,484,4.54
D697,FORESTO SPARSO,BERGAMO,LOMBARDIA,45.69253567740867,9.913967635918853,2,0,243,34,209,13.99
I628,SERIATE,BERGAMO,LOMBARDIA,45.672213437415834,9.73267408697773,9,2,3161,746,2415,23.6
M393,CASTELGERUNDO,LODI,LOMBARDIA,45.20039248526425,9.73779375520912,1,0,63,9,54,14.29
D825,FURNARI,MESSINA,SICILIA,38.10515478409432,15.109954442255617,3,0,283,49,234,17.31
H433,ROCCARAINOLA,NAPOLI,CAMPANIA,40.98897447295931,14.543571095347174,3,0,398,4,394,1.01
B777,CARIGNANO,TORINO,PIEMONTE,44.89719889074283,7.6616150803806455,6,0,1987,205,1782,10.32
B936,CASARANO,LECCE,PUGLIA,40.018154907989,18.17434645122712,15,0,5888,126,5762,2.14
I571,SEGGIANO,GROSSETO,TOSCANA,42.93324041556195,11.572208644028132,1,1,25,14,11,56.0
H936,SAN GIUSTO CANAVESE,TORINO,PIEMONTE,45.298441250524164,7.807760905179449,2,0,221,19,202,8.6
C384,CAVASO DEL TOMBA,TREVISO,VENETO,45.86523038833191,11.906345599212393,2,1,190,51,139,26.84
E989,MARTINSICURO,TERAMO,ABRUZZO,42.86636056572477,13.911298345589891,4,0,987,258,729,26.14
A811,BERTONICO,LODI,LOMBARDIA,45.24546951203443,9.671677707891249,1,0,92,12,80,13.04
H643,RUTIGLIANO,BARI,PUGLIA,40.9926556096713,17.00685931774656,6,0,2111,263,1848,12.46
M268,BLUFI,PALERMO,SICILIA,37.733606364497035,14.120326914903275,2,0,41,1,40,2.44
M326,SCARPERIA E SAN PIERO,FIRENZE,TOSCANA,44.00474503122845,11.324720337803358,4,0,798,108,690,13.53
G923,PORTO TOLLE,ROVIGO,VENETO,44.92449360362327,12.421621228803762,5,0,508,12,496,2.36
A522,AVOLA,SIRACUSA,SICILIA,36.92697413920068,15.119062873907497,14,0,3413,125,3288,3.66
M081,VITA,TRAPANI,SICILIA,37.86291530620466,12.838186647904362,2,0,91,7,84,7.69
D010,CORLETO PERTICARA,POTENZA,BASILICATA,40.39864777499623,16.035919038167084,3,0,209,5,204,2.39
C155,CASTELLETTO CERVO,BIELLA,PIEMONTE,45.519450397908194,8.243129683161275,1,0,18,3,15,16.67
H480,RODI GARGANICO,FOGGIA,PUGLIA,41.9215793916132,15.88089605619242,4,0,481,16,465,3.33
A034,ACQUAFREDDA,BRESCIA,LOMBARDIA,45.306393700451956,10.40844470475274,1,0,80,13,67,16.25
F061,MAZARA DEL VALLO,TRAPANI,SICILIA,37.701774588146066,12.64607812921037,21,1,5898,464,5434,7.87
C301,CASTIGLIONE COSENTINO,COSENZA,CALABRIA,39.36357040533899,16.283731460771854,2,0,151,3,148,1.99
C574,CESENATICO,FORLI'-CESENA,EMILIA ROMAGNA,44.17575046970458,12.380024317662937,9,0,2779,313,2466,11.26
D784,FRASSO TELESINO,BENEVENTO,CAMPANIA,41.1465489675583,14.530574827642885,2,0,137,1,136,0.73
D037,CORREGGIO,REGGIO EMILIA,EMILIA ROMAGNA,44.762743887202575,10.765477863110682,14,2,3989,612,3377,15.34
D948,GAVORRANO,GROSSETO,TOSCANA,42.93467732898127,10.951948368830577,5,2,407,92,315,22.6
F410,MONTALE,PISTOIA,TOSCANA,43.96062651148565,11.025018284411608,4,0,609,65,544,10.67
I473,SAVIGNANO SUL PANARO,MODENA,EMILIA ROMAGNA,44.47664857583044,11.021508276752645,3,1,616,174,442,28.25
A359,ARBUS,SUD SARDEGNA,SARDEGNA,39.57413718739408,8.498619410527388,4,0,384,10,374,2.6
B822,CARPIGNANO SALENTINO,LECCE,PUGLIA,40.209140735583055,18.349121080079705,2,0,196,4,192,2.04
E364,ISORELLA,BRESCIA,LOMBARDIA,45.30742521052347,10.315725562570334,2,1,317,80,237,25.24
H454,ROCCAVIVARA,CAMPOBASSO,MOLISE,41.83191012403644,14.608398228156824,1,0,19,1,18,5.26
M145,ZANE',VICENZA,VENETO,45.72159996102187,11.448656509080784,3,0,446,32,414,7.17
A010,ABBIATEGRASSO,MILANO,LOMBARDIA,45.381890349327044,8.895428701105708,11,3,4346,859,3487,19.77
A167,ALBIZZATE,VARESE,LOMBARDIA,45.72620650810193,8.800062731003361,3,0,317,35,282,11.04
E259,GUGLIONESI,CAMPOBASSO,MOLISE,41.93266047855484,14.89977588970286,3,0,676,13,663,1.92
H615,ROVETTA,BERGAMO,LOMBARDIA,45.90635908550885,9.992817998543172,2,0,421,32,389,7.6
H835,SAN FELICE SUL PANARO,MODENA,EMILIA ROMAGNA,44.84513762788958,11.150733604843658,2,2,744,269,475,36.16
I401,SAN VITO DI LEGUZZANO,VICENZA,VENETO,45.6821860849454,11.37334446676467,2,0,329,20,309,6.08
G433,PENNABILLI,RIMINI,EMILIA ROMAGNA,43.806716316174686,12.273199118898448,2,0,170,20,150,11.76
L828,VIAGRANDE,CATANIA,SICILIA,37.62225708983125,15.095570070752299,2,0,850,23,827,2.71
H525,RONCADELLE,BRESCIA,LOMBARDIA,45.53470484537722,10.142484743917576,2,0,603,137,466,22.72
I706,SEUI,SUD SARDEGNA,SARDEGNA,39.83881142586253,9.346081875726226,3,0,105,3,102,2.86
G492,PESCINA,L'AQUILA,ABRUZZO,42.01041977487367,13.6459007668971,3,0,267,56,211,20.97
D110,COSTA DI MEZZATE,BERGAMO,LOMBARDIA,45.654848275252924,9.79754386106806,2,0,328,68,260,20.73
F098,MELE,GENOVA,LIGURIA,44.47069058042427,8.74645475288012,2,0,179,9,170,5.03
E094,GORGONZOLA,MILANO,LOMBARDIA,45.52943876265519,9.409574135718932,7,0,3410,550,2860,16.13
G285,PALMARIGGI,LECCE,PUGLIA,40.1324707076266,18.38255972583813,2,0,54,0,54,0.0
E915,MARANO PRINCIPATO,COSENZA,CALABRIA,39.29484331164807,16.159628608618203,2,0,167,5,162,2.99
M335,BELLAGIO,COMO,LOMBARDIA,45.95550789811656,9.249423297707548,3,0,260,42,218,16.15
B110,BOZZOLO,MANTOVA,LOMBARDIA,45.106662122491024,10.486815095110133,2,0,320,86,234,26.88
I730,SILANUS,NUORO,SARDEGNA,40.290031755391496,8.897002042432996,2,0,150,0,150,0.0
I277,SANT'ANGELO A CUPOLO,BENEVENTO,CAMPANIA,41.07471029436162,14.799028752679936,3,0,185,4,181,2.16
H581,ROSSIGLIONE,GENOVA,LIGURIA,44.55635751971691,8.663150439954961,2,1,135,37,98,27.41
E549,LESINA,FOGGIA,PUGLIA,41.874496475910284,15.377209217674801,2,0,364,58,306,15.93
H976,SAN MANGO D'AQUINO,CATANZARO,CALABRIA,39.05974718097169,16.184377464016748,2,0,89,6,83,6.74
M368,MONTESCUDO-MONTE COLOMBO,RIMINI,EMILIA ROMAGNA,43.92555993052549,12.55055846851474,3,0,327,51,276,15.6
B310,SAN PAOLO D'ARGON,BERGAMO,LOMBARDIA,45.68615768640194,9.803178636429688,2,1,459,139,320,30.28
H428,ROCCAPALUMBA,PALERMO,SICILIA,37.80248330175734,13.647295737572046,2,0,115,0,115,0.0
E936,MARCON,VENEZIA,VENETO,45.5515975043508,12.327032530244022,4,0,1175,90,1085,7.66
C869,COLLESALVETTI,LIVORNO,TOSCANA,43.57420438124994,10.433680065964321,7,0,1093,101,992,9.24
A314,ANTONIMINA,REGGIO CALABRIA,CALABRIA,38.2819521295982,16.15741792353389,2,0,49,0,49,0.0
M043,VILLESSE,GORIZIA,FRIULI-VENEZIA G.,45.85997973167103,13.438629197450481,1,0,62,3,59,4.84
A015,ACCADIA,FOGGIA,PUGLIA,41.18101189241954,15.32885017912866,3,0,192,14,178,7.29
L006,SUNI,ORISTANO,SARDEGNA,40.308304662792494,8.576832797799515,2,0,65,1,64,1.54
C895,COLOGNO MONZESE,MILANO,LOMBARDIA,45.53333300582201,9.28024863108709,16,8,4298,1234,3064,28.71
H256,REZZATO,BRESCIA,LOMBARDIA,45.5075541169151,10.316994760245251,4,1,869,245,624,28.19
E952,MARIANO DEL FRIULI,GORIZIA,FRIULI-VENEZIA G.,45.91331515049117,13.46910042461166,2,0,203,6,197,2.96
A258,AMATRICE,RIETI,LAZIO,42.62621818482312,13.292538941138776,3,0,181,19,162,10.5
E957,MARINEO,PALERMO,SICILIA,37.947191718092974,13.417603828082866,5,0,727,12,715,1.65
L369,TREMESTIERI ETNEO,CATANIA,SICILIA,37.57389271931428,15.07347609251662,8,0,2406,18,2388,0.75
E106,GORNO,BERGAMO,LOMBARDIA,45.86627616051884,9.843080274609806,2,0,100,5,95,5.0
D284,DESENZANO DEL GARDA,BRESCIA,LOMBARDIA,45.45393663319328,10.564275586692519,10,1,4463,666,3797,14.92
D245,DALMINE,BERGAMO,LOMBARDIA,45.64644983465632,9.599409479651282,11,3,3923,648,3275,16.52
I449,SARZANA,LA SPEZIA,LIGURIA,44.11088957356441,9.971301511925237,12,0,2335,235,2100,10.06
H470,RODANO,MILANO,LOMBARDIA,45.47207796994905,9.349698479791593,2,0,300,33,267,11.0
E469,LATERZA,TARANTO,PUGLIA,40.645427812968066,16.78574450288171,6,0,1785,42,1743,2.35
L102,TEORA,AVELLINO,CAMPANIA,40.86101213481044,15.246704229896514,2,0,89,19,70,21.35
L180,TISSI,SASSARI,SARDEGNA,40.66788456162521,8.56560862275928,2,0,132,0,132,0.0
D769,FRANCOLISE,CASERTA,CAMPANIA,41.157337047090635,14.058169347199385,2,0,284,53,231,18.66
C812,CODEVIGO,PADOVA,VENETO,45.26503870680792,12.14154787664313,3,0,340,56,284,16.47
L032,TAINO,VARESE,LOMBARDIA,45.762932938796915,8.61888574455982,1,0,103,9,94,8.74
G903,PORTICO DI CASERTA,CASERTA,CAMPANIA,41.05271849031487,14.280270391359398,3,0,498,31,467,6.22
L482,UCRIA,MESSINA,SICILIA,38.02786796739896,14.884665242199915,2,0,30,0,30,0.0
I005,SAN MARTINO DALL'ARGINE,MANTOVA,LOMBARDIA,45.09494978179745,10.529288124078363,1,0,42,8,34,19.05
L521,UTA,CAGLIARI,SARDEGNA,39.22788925375852,8.916565818185386,5,0,652,25,627,3.83
H958,SAN LORENZO IN CAMPO,PESARO E URBINO,MARCHE,43.609475991266784,12.930280434845034,2,0,232,29,203,12.5
G742,POCAPAGLIA,CUNEO,PIEMONTE,44.72418220009458,7.87785438894473,3,0,263,14,249,5.32
A304,ANTEGNATE,BERGAMO,LOMBARDIA,45.4880219192194,9.800132976788477,2,1,349,112,237,32.09
I215,SANT'ALESSIO SICULO,MESSINA,SICILIA,37.92806648350489,15.331729369379024,2,0,106,8,98,7.55
B399,CALDERARA DI RENO,BOLOGNA,EMILIA ROMAGNA,44.56814230143748,11.274917099838271,3,0,892,168,724,18.83
I291,SANTA NINFA,TRAPANI,SICILIA,37.77541904528254,12.856074653755565,3,0,341,18,323,5.28
G802,POLVERARA,PADOVA,VENETO,45.312154316475564,11.949842136437132,2,0,263,21,242,7.98
B513,CAMPIONE D'ITALIA,COMO,LOMBARDIA,45.97206692870379,8.969472316376143,2,2,96,45,51,46.88
M308,CAVALLINO-TREPORTI,VENEZIA,VENETO,45.47016776798151,12.496407822341627,5,0,704,95,609,13.49
I454,SASSETTA,LIVORNO,TOSCANA,43.13093708592672,10.666801969169917,1,1,26,15,11,57.69
B442,CALVENZANO,BERGAMO,LOMBARDIA,45.488910867366386,9.601166356904008,2,0,305,72,233,23.61
G121,ORRIA,SALERNO,CAMPANIA,40.30174704145626,15.185909750564027,1,0,8,0,8,0.0
G167,OSPEDALETTO EUGANEO,PADOVA,VENETO,45.23113403343243,11.597918893619322,3,1,273,87,186,31.87
F942,NOTARESCO,TERAMO,ABRUZZO,42.66076891390466,13.886080075021663,2,0,356,32,324,8.99
H161,RAGOGNA,UDINE,FRIULI-VENEZIA G.,46.179010388962816,12.9817591909559,2,0,175,10,165,5.71
G772,POGLIANO MILANESE,MILANO,LOMBARDIA,45.53710153277063,8.990920942157276,2,0,644,98,546,15.22
G325,PARABITA,LECCE,PUGLIA,40.05669831617366,18.113524484827092,3,0,865,24,841,2.77
F231,MIRABELLA IMBACCARI,CATANIA,SICILIA,37.31928623169665,14.4614661633464,2,0,250,12,238,4.8
I437,SARNICO,BERGAMO,LOMBARDIA,45.6744677421316,9.969509730855982,7,2,1201,294,907,24.48
E011,GIANO VETUSTO,CASERTA,CAMPANIA,41.20840458365312,14.186918667235068,1,0,23,1,22,4.35
A222,ALPIGNANO,TORINO,PIEMONTE,45.10122703813121,7.516879510698413,4,0,831,47,784,5.66
C076,CASTEL D'ARIO,MANTOVA,LOMBARDIA,45.17629868935374,10.971184350454443,2,1,302,92,210,30.46
A052,ACQUI TERME,ALESSANDRIA,PIEMONTE,44.68126096472416,8.46392933524206,12,2,3227,607,2620,18.81
A096,AICURZIO,MONZA E DELLA BRIANZA,LOMBARDIA,45.642674509294835,9.416421818983935,1,0,95,21,74,22.11
A674,BARONISSI,SALERNO,CAMPANIA,40.74046551397933,14.779816369377825,9,0,1901,66,1835,3.47
H708,SALICE SALENTINO,LECCE,PUGLIA,40.37930957474532,17.896003748313174,3,0,408,18,390,4.41
C710,CINQUEFRONDI,REGGIO CALABRIA,CALABRIA,38.41047039157993,16.133994606416007,4,0,419,10,409,2.39
A651,BARDONECCHIA,TORINO,PIEMONTE,45.10080644316415,6.731142092238314,2,0,169,36,133,21.3
A191,ALFONSINE,RAVENNA,EMILIA ROMAGNA,44.544751907875884,12.00346751266692,3,1,770,169,601,21.95
A708,BASSIGNANA,ALESSANDRIA,PIEMONTE,45.00434446974128,8.73185322858984,1,0,26,3,23,11.54
L303,TORRITA DI SIENA,SIENA,TOSCANA,43.155417626330305,11.763408361421316,2,0,484,83,401,17.15
A403,ARIENZO,CASERTA,CAMPANIA,41.027324386230354,14.508823241884972,5,0,791,30,761,3.79
E726,LUGAGNANO VAL D'ARDA,PIACENZA,EMILIA ROMAGNA,44.811792339018986,9.778323071035375,3,1,237,59,178,24.89
A088,AGRATE CONTURBIA,NOVARA,PIEMONTE,45.66648180933078,8.569459331426385,1,0,84,8,76,9.52
B838,CARRO,LA SPEZIA,LIGURIA,44.27836512637493,9.609515970004187,1,0,9,1,8,11.11
L008,SUPERSANO,LECCE,PUGLIA,40.03411275402547,18.246292264332205,2,0,254,13,241,5.12
E328,ISCA SULLO IONIO,CATANZARO,CALABRIA,38.59424415607128,16.508775827730705,2,0,125,12,113,9.6
I302,SANT'APOLLINARE,FROSINONE,LAZIO,41.40160373788106,13.827498813313058,2,0,127,11,116,8.66
H541,RONCOFERRARO,MANTOVA,LOMBARDIA,45.12290478094652,10.948563208830107,4,0,483,77,406,15.94
A448,ARTEGNA,UDINE,FRIULI-VENEZIA G.,46.23930631589233,13.1459476587078,2,0,272,12,260,4.41
H591,ROTONDELLA,MATERA,BASILICATA,40.18136834895156,16.556101663768555,2,2,119,53,66,44.54
H078,PROVAGLIO D'ISEO,BRESCIA,LOMBARDIA,45.63254325783649,10.053636139766834,3,0,481,60,421,12.47
H781,SAN BIAGIO DI CALLALTA,TREVISO,VENETO,45.686451885915666,12.38731145354134,5,2,707,170,537,24.05
D730,FORTE DEI MARMI,LUCCA,TOSCANA,43.964456777417645,10.173822745580036,5,0,956,48,908,5.02
M018,VILLA SAN GIOVANNI,REGGIO CALABRIA,CALABRIA,38.22895539999335,15.66718841132687,11,0,2418,158,2260,6.53
L408,TREZZANO ROSA,MILANO,LOMBARDIA,45.58421305267845,9.48171546203758,2,0,447,68,379,15.21
B492,CAMPAGNA,SALERNO,CAMPANIA,40.66310099579645,15.126710958738945,10,0,1713,120,1593,7.01
H893,SAN GIORGIO DELLE PERTICHE,PADOVA,VENETO,45.53652386887661,11.892298123489956,4,0,715,142,573,19.86
I373,SAN STINO DI LIVENZA,VENEZIA,VENETO,45.69726561002386,12.751360302421688,6,0,1187,206,981,17.35
H598,ROVATO,BRESCIA,LOMBARDIA,45.545537767034,10.010605465502808,7,4,2624,829,1795,31.59
L203,TONCO,ASTI,PIEMONTE,45.02063418432554,8.189378887474433,1,0,41,6,35,14.63
L166,TIGGIANO,LECCE,PUGLIA,39.90337105086066,18.366589784355057,2,0,166,4,162,2.41
I133,SAN PROSPERO,MODENA,EMILIA ROMAGNA,44.78947627951802,11.032530022952287,2,0,463,82,381,17.71
E196,GROPPARELLO,PIACENZA,EMILIA ROMAGNA,44.81636670481818,9.709429578157453,2,0,81,13,68,16.05
F756,MORTEGLIANO,UDINE,FRIULI-VENEZIA G.,45.94950110278548,13.195499723196207,3,0,195,27,168,13.85
G777,POIRINO,TORINO,PIEMONTE,44.90251751800636,7.842806910279023,4,0,597,67,530,11.22
I165,SAN SOSTI,COSENZA,CALABRIA,39.66746920662142,16.037351776955163,2,0,125,12,113,9.6
D814,FUBINE MONFERRATO,ALESSANDRIA,PIEMONTE,44.95898870988101,8.423724208157575,2,1,131,32,99,24.43
L138,TERRICCIOLA,PISA,TOSCANA,43.532089431087634,10.679071561381624,3,0,269,20,249,7.43
G201,OVODDA,NUORO,SARDEGNA,40.09666194653298,9.178679027574265,2,0,116,5,111,4.31
E945,MARGARITA,CUNEO,PIEMONTE,44.40054813585541,7.674676380071314,1,0,69,4,65,5.8
F967,NOVI VELIA,SALERNO,CAMPANIA,40.22646331480916,15.341447418071171,2,0,119,0,119,0.0
A484,ATENA LUCANA,SALERNO,CAMPANIA,40.45750535887444,15.551255227603123,2,0,147,22,125,14.97
I248,SANTA MARIA LA LONGA,UDINE,FRIULI-VENEZIA G.,45.93980783984808,13.285744197281517,1,0,83,9,74,10.84
L514,USSASSAI,NUORO,SARDEGNA,39.81734502544186,9.404430311576835,1,0,11,0,11,0.0
C897,COLOGNOLA AI COLLI,VERONA,VENETO,45.42786230787388,11.188992105772689,2,0,676,133,543,19.67
M394,CENTRO VALLE INTELVI,COMO,LOMBARDIA,45.94699346643849,9.060935124586143,3,0,430,77,353,17.91
E872,MALVITO,COSENZA,CALABRIA,39.607979575252344,16.0509396111807,2,0,60,1,59,1.67
E911,MARANO DI VALPOLICELLA,VERONA,VENETO,45.55839405714695,10.915779060244253,1,0,96,5,91,5.21
L220,TORITTO,BARI,PUGLIA,40.97345939326063,16.617362295850533,3,0,543,22,521,4.05
A020,ACERENZA,POTENZA,BASILICATA,40.80227414993979,15.948045914194363,2,0,96,8,88,8.33
E233,GUALTIERI SICAMINO',MESSINA,SICILIA,38.135795685754935,15.3378324829002,2,0,84,3,81,3.57
E622,LIVINALLONGO DEL COL DI LANA,BELLUNO,VENETO,46.49795224733342,11.927429358638404,2,0,74,2,72,2.7
C479,CEPRANO,FROSINONE,LAZIO,41.5468423897584,13.498058524048252,4,0,637,37,600,5.81
G255,PALANZANO,PARMA,EMILIA ROMAGNA,44.44137833138403,10.207657057156322,2,0,52,13,39,25.0
I891,SPERLINGA,ENNA,SICILIA,37.75424138195613,14.3144362991535,2,0,17,0,17,0.0
H423,ROCCAMONFINA,CASERTA,CAMPANIA,41.28829524413299,13.984833601791754,3,0,186,4,182,2.15
M367,POLESINE ZIBELLO,PARMA,EMILIA ROMAGNA,45.012778732731526,10.117759743228183,2,2,165,60,105,36.36
E546,LESEGNO,CUNEO,PIEMONTE,44.39640908153645,7.963912761510993,1,0,91,6,85,6.59
B102,BOVEZZO,BRESCIA,LOMBARDIA,45.60109261760452,10.249461292349235,2,0,649,102,547,15.72
E570,LIBERI,CASERTA,CAMPANIA,41.23178375258732,14.279508431526368,2,0,59,3,56,5.08
L399,TREVICO,AVELLINO,CAMPANIA,41.05169649452041,15.241204289981141,2,0,18,0,18,0.0
B613,CANNETO PAVESE,PAVIA,LOMBARDIA,45.04712328476271,9.283970882898107,2,0,172,28,144,16.28
M007,VILLAR FOCCHIARDO,TORINO,PIEMONTE,45.093409392683995,7.212962456399365,1,0,32,2,30,6.25
L066,TAVAGNASCO,TORINO,PIEMONTE,45.54159868740405,7.806276459287414,1,0,27,6,21,22.22
I847,SORDEVOLO,BIELLA,PIEMONTE,45.596606882839986,7.950188278898293,1,0,34,1,33,2.94
L327,TRANA,TORINO,PIEMONTE,45.02930941778531,7.4052264962774474,3,0,190,16,174,8.42
H845,SAN FLORIANO DEL COLLIO,GORIZIA,FRIULI-VENEZIA G.,45.969311042242204,13.569046360764698,1,0,21,1,20,4.76
D957,GAZZO VERONESE,VERONA,VENETO,45.13494244208497,11.094729599272295,3,0,275,34,241,12.36
L181,TITO,POTENZA,BASILICATA,40.57597971495237,15.685637633077086,3,0,491,15,476,3.05
G993,PRATA CAMPORTACCIO,SONDRIO,LOMBARDIA,46.284668747304345,9.423402915694657,2,0,154,10,144,6.49
G151,OSASCO,TORINO,PIEMONTE,44.848629567277186,7.348293414379846,3,0,518,5,513,0.97
H990,SAN MARTINO IN PENSILIS,CAMPOBASSO,MOLISE,41.85446645919507,15.035616740917057,2,0,266,29,237,10.9
E476,LAUCO,UDINE,FRIULI-VENEZIA G.,46.445985858184734,12.930142613393715,1,0,15,0,15,0.0
H198,RAVELLO,SALERNO,CAMPANIA,40.669422702300224,14.608781021565276,2,0,129,2,127,1.55
I315,SANTA VITTORIA IN MATENANO,FERMO,MARCHE,43.01890971409378,13.495102204765566,2,0,55,8,47,14.55
A217,ALMENNO SAN SALVATORE,BERGAMO,LOMBARDIA,45.75219048164355,9.591728236302158,2,0,404,40,364,9.9
B197,BROGNATURO,VIBO VALENTIA,CALABRIA,38.58667995591452,16.387437592298706,1,0,75,4,71,5.33
D737,FOSSALTO,CAMPOBASSO,MOLISE,41.674012805064706,14.560151635253595,2,0,43,4,39,9.3
C338,CASTRO DEI VOLSCI,FROSINONE,LAZIO,41.50439086716274,13.415218819712761,2,0,286,9,277,3.15
F483,MONTECRESTESE,VERBANO-CUSIO-OSSOLA,PIEMONTE,46.21536329135223,8.389880629780897,1,0,73,3,70,4.11
L042,TAORMINA,MESSINA,SICILIA,37.84493774744591,15.264368599722903,6,0,1356,94,1262,6.93
G387,PAVAROLO,TORINO,PIEMONTE,45.07688310933482,7.83281526175861,1,0,41,4,37,9.76
D117,COSTA VOLPINO,BERGAMO,LOMBARDIA,45.8406897615741,10.089617644057746,4,1,526,173,353,32.89
E527,LENOLA,LATINA,LAZIO,41.41363698341884,13.46464344858547,2,0,218,17,201,7.8
B794,CARMIGNANO,PRATO,TOSCANA,43.799730136537605,11.018598792529342,4,0,813,138,675,16.97
C547,CERVASCA,CUNEO,PIEMONTE,44.38553795617898,7.4809813960231875,4,0,511,36,475,7.05
G529,PEZZAZE,BRESCIA,LOMBARDIA,45.78047237435578,10.224052956601286,2,0,154,16,138,10.39
A049,ACQUAVIVA PLATANI,CALTANISSETTA,SICILIA,37.56616782928296,13.69706323904713,1,0,17,0,17,0.0
E794,MADONE,BERGAMO,LOMBARDIA,45.6499383145829,9.54666998585926,2,1,306,92,214,30.07
L685,VARISELLA,TORINO,PIEMONTE,45.19930282928072,7.473444559335461,1,0,26,3,23,11.54
C862,COLLELONGO,L'AQUILA,ABRUZZO,41.89052359779762,13.572408136393639,1,0,30,5,25,16.67
C292,CASTENASO,BOLOGNA,EMILIA ROMAGNA,44.5113240485753,11.465343537006452,4,0,1160,181,979,15.6
I147,SAN SALVATORE DI FITALIA,MESSINA,SICILIA,38.06379063002056,14.783765031106217,2,0,67,7,60,10.45
A120,ALANNO,PESCARA,ABRUZZO,42.29086232097566,13.985910555033344,3,0,362,7,355,1.93
C865,COLLEPASSO,LECCE,PUGLIA,40.071664424836165,18.17050695351161,2,0,250,7,243,2.8
A137,ALBAREDO D'ADIGE,VERONA,VENETO,45.2983074216338,11.291571061830998,3,0,357,88,269,24.65
B137,BREMBATE,BERGAMO,LOMBARDIA,45.60810872134964,9.548012346268111,3,0,588,137,451,23.3
B717,CARAFFA DI CATANZARO,CATANZARO,CALABRIA,38.874335941840684,16.507783225732116,2,0,116,5,111,4.31
C236,CASTELNUOVO DI GARFAGNANA,LUCCA,TOSCANA,44.10545738916021,10.387959367247364,6,0,1395,150,1245,10.75
B609,CANNARA,PERUGIA,UMBRIA,42.98871561672334,12.547718604802032,2,0,271,56,215,20.66
L464,TULA,SASSARI,SARDEGNA,40.74367381609123,8.989770671240366,2,0,108,2,106,1.85
L795,VERTOVA,BERGAMO,LOMBARDIA,45.82882764800825,9.813639291081257,2,0,430,67,363,15.58
I197,SANT'AGATA DE' GOTI,BENEVENTO,CAMPANIA,41.10068518892599,14.495283127055721,8,0,1378,16,1362,1.16
M408,BARBERINO TAVARNELLE,FIRENZE,TOSCANA,43.53966030053469,11.1907666417832,4,0,726,112,614,15.43
D126,COVO,BERGAMO,LOMBARDIA,45.50557499979176,9.788648655158994,2,2,372,149,223,40.05
B426,CALOVETO,COSENZA,CALABRIA,39.51285465942953,16.76609407878772,2,0,73,0,73,0.0
A057,ADRARA SAN MARTINO,BERGAMO,LOMBARDIA,45.71041390355721,9.954920632584933,2,0,196,48,148,24.49
I765,SIURGUS DONIGALA,SUD SARDEGNA,SARDEGNA,39.58992282275058,9.212342628834495,2,0,85,1,84,1.18
G769,POGGIORSINI,BARI,PUGLIA,40.920676788686464,16.249585963809235,2,0,75,7,68,9.33
D560,FIAMIGNANO,RIETI,LAZIO,42.29969753086374,13.157393184771955,2,0,56,7,49,12.5
M256,SCANZANO JONICO,MATERA,BASILICATA,40.262175116869955,16.70786164929199,3,0,622,89,533,14.31
M138,ZACCANOPOLI,VIBO VALENTIA,CALABRIA,38.66107259756178,15.943766927557302,2,0,29,2,27,6.9
F420,MONTALTO DORA,TORINO,PIEMONTE,45.4937393182109,7.8627317558959895,2,0,205,30,175,14.63
I309,SANTA SOFIA D'EPIRO,COSENZA,CALABRIA,39.5753003616765,16.30403184411391,2,0,111,4,107,3.6
E235,GUANZATE,COMO,LOMBARDIA,45.72657154656162,9.011670545448496,2,0,361,51,310,14.13
C525,CERRETO SANNITA,BENEVENTO,CAMPANIA,41.29777304888612,14.582029279040336,7,0,694,19,675,2.74
D606,FIORANO AL SERIO,BERGAMO,LOMBARDIA,45.80322217057077,9.838755658316764,1,0,127,16,111,12.6
B556,CAMPOREALE,PALERMO,SICILIA,37.89440166099289,13.084729769477484,2,0,203,2,201,0.99
I653,SERRA SAN QUIRICO,ANCONA,MARCHE,43.43899497956997,13.037138122696119,3,0,143,10,133,6.99
G084,ORANI,NUORO,SARDEGNA,40.27657062310237,9.172494882934938,2,0,156,4,152,2.56
L018,SUTRIO,UDINE,FRIULI-VENEZIA G.,46.499800243214004,12.967630917855157,1,0,30,1,29,3.33
F249,MISSANELLO,POTENZA,BASILICATA,40.30100181424534,16.16706032145761,1,0,13,1,12,7.69
I880,SOZZAGO,NOVARA,PIEMONTE,45.395561531022935,8.724888273232867,1,0,67,6,61,8.96
D718,FORNI AVOLTRI,UDINE,FRIULI-VENEZIA G.,46.59933452614364,12.794849344671187,2,0,17,2,15,11.76
B557,CAMPORGIANO,LUCCA,TOSCANA,44.14789029755332,10.32696767250256,2,0,163,11,152,6.75
I578,SEGUSINO,TREVISO,VENETO,45.93390256477718,11.970266436439681,1,0,91,9,82,9.89
A795,BERGANTINO,ROVIGO,VENETO,45.06920726143969,11.25317506516094,2,0,151,28,123,18.54
M414,QUAREGNA CERRETO,BIELLA,PIEMONTE,45.58020262469974,8.161717667321373,1,0,56,6,50,10.71
B452,CALVIZZANO,NAPOLI,CAMPANIA,40.90920853000558,14.176995070934346,2,0,892,12,880,1.35
D967,GENOLA,CUNEO,PIEMONTE,44.58859565091588,7.668583382705162,2,0,274,43,231,15.69
D780,FRASSINETO PO,ALESSANDRIA,PIEMONTE,45.134414706250546,8.548635968645039,1,0,19,4,15,21.05
I973,STRANGOLAGALLI,FROSINONE,LAZIO,41.59416045699259,13.495941569236647,2,0,122,7,115,5.74
A380,ARDAULI,ORISTANO,SARDEGNA,40.08274975775979,8.914926443027467,1,0,32,1,31,3.13
I357,SANTO STEFANO DEL SOLE,AVELLINO,CAMPANIA,40.89043562508053,14.873632320302951,2,0,85,10,75,11.76
F661,MONTEVERDI MARITTIMO,PISA,TOSCANA,43.18225727425597,10.71552821182251,2,1,49,17,32,34.69
B939,CASARZA LIGURE,GENOVA,LIGURIA,44.292376599260734,9.475347475891802,2,0,440,50,390,11.36
E116,GOTTOLENGO,BRESCIA,LOMBARDIA,45.30454990156022,10.27210533283706,2,0,370,78,292,21.08
F325,MONASTERO BORMIDA,ASTI,PIEMONTE,44.639181493854515,8.32725246653449,2,0,91,13,78,14.29
F725,MORGANO,TREVISO,VENETO,45.642970679224604,12.104147375433246,2,0,351,29,322,8.26
L720,VELLEZZO BELLINI,PAVIA,LOMBARDIA,45.27360271750461,9.103626058032882,1,0,154,25,129,16.23
L537,VAIANO,PRATO,TOSCANA,43.952749576148776,11.13468201474289,3,0,586,107,479,18.26
H767,SAN BASSANO,CREMONA,LOMBARDIA,45.238810784695296,9.801069896250283,2,0,224,53,171,23.66
I414,SAN ZENO DI MONTAGNA,VERONA,VENETO,45.64840950846401,10.766070938574154,2,0,149,15,134,10.07
L700,VAZZOLA,TREVISO,VENETO,45.82916645021186,12.38314866336559,3,1,389,104,285,26.74
E079,GOLASECCA,VARESE,LOMBARDIA,45.696984031720454,8.663930155882376,2,0,161,15,146,9.32
L704,VEDANO AL LAMBRO,MONZA E DELLA BRIANZA,LOMBARDIA,45.612243829073456,9.269474938977256,2,0,504,59,445,11.71
C876,COLLEVECCHIO,RIETI,LAZIO,42.3248064840272,12.53164093247774,2,0,40,1,39,2.5
E337,ISNELLO,PALERMO,SICILIA,37.91499845664986,14.006821050981682,2,0,52,0,52,0.0
G907,PORTO VALTRAVAGLIA,VARESE,LOMBARDIA,45.959414457742454,8.696406458297243,1,0,42,1,41,2.38
E528,LENTA,VERCELLI,PIEMONTE,45.557805573940136,8.36717591658631,1,0,27,0,27,0.0
G852,PONTENURE,PIACENZA,EMILIA ROMAGNA,44.99322080439708,9.796019048621442,2,2,483,174,309,36.02
H393,ROCCA D'ARCE,FROSINONE,LAZIO,41.58657316835441,13.603123239898087,1,0,44,4,40,9.09
E778,MACCHIA D'ISERNIA,ISERNIA,MOLISE,41.57479760552584,14.171064952408024,1,0,23,0,23,0.0
L295,TORRICELLA SICURA,TERAMO,ABRUZZO,42.66644608916811,13.602412243286265,2,0,116,5,111,4.31
F172,MEZZANE DI SOTTO,VERONA,VENETO,45.4883903113577,11.12248485009475,1,0,76,6,70,7.89
G469,PERSICO DOSIMO,CREMONA,LOMBARDIA,45.183243346471244,10.083944973192297,1,0,88,11,77,12.5
L990,VILLANOVA SOLARO,CUNEO,PIEMONTE,44.73412997360333,7.573346147497642,1,0,41,5,36,12.2
B017,BORGO SAN GIOVANNI,LODI,LOMBARDIA,45.274300579328454,9.419820024864055,1,0,92,23,69,25.0
I922,SPOLTORE,PESCARA,ABRUZZO,42.440446844125105,14.138303844847925,5,0,1249,58,1191,4.64
C188,CASTELLO DI CISTERNA,NAPOLI,CAMPANIA,40.91747242425401,14.410991242774465,2,0,124,15,109,12.1
C202,CASTELLUCCIO VALMAGGIORE,FOGGIA,PUGLIA,41.352899598314586,15.209763301038654,2,0,74,0,74,0.0
L909,VILLA SANTINA,UDINE,FRIULI-VENEZIA G.,46.405724589410646,12.937324101605348,2,0,140,12,128,8.57
B894,CASALGRASSO,CUNEO,PIEMONTE,44.81664061220453,7.625278251667747,1,0,57,5,52,8.77
M125,VOLTA MANTOVANA,MANTOVA,LOMBARDIA,45.31414861268232,10.665302859308975,2,0,412,51,361,12.38
G900,PORTE,TORINO,PIEMONTE,44.89456410065462,7.267664725831899,1,1,25,12,13,48.0
A451,ARTOGNE,BRESCIA,LOMBARDIA,45.838986685434385,10.196940640387231,2,1,354,99,255,27.97
L936,VILLA DI SERIO,BERGAMO,LOMBARDIA,45.723818347865254,9.744694439424183,2,0,377,25,352,6.63
I581,SELCI,RIETI,LAZIO,42.31342518856508,12.618827194828109,1,0,26,5,21,19.23
B658,CAPITIGNANO,L'AQUILA,ABRUZZO,42.523370479028735,13.304761367189952,1,0,23,4,19,17.39
B632,MANDELA,ROMA,LAZIO,42.03996804775806,12.926346845952304,1,0,26,5,21,19.23
D927,GARLENDA,SAVONA,LIGURIA,44.028474100992334,8.096761001843436,1,0,37,5,32,13.51
I532,SCHIVENOGLIA,MANTOVA,LOMBARDIA,45.001417389108525,11.068684950910365,1,1,32,13,19,40.63
B262,BULGAROGRASSO,COMO,LOMBARDIA,45.74770417995007,9.005485855000927,1,0,150,15,135,10.0
D895,GAMBASSI TERME,FIRENZE,TOSCANA,43.51719975680558,10.947531799905846,2,0,269,35,234,13.01
E803,MAGGIORA,NOVARA,PIEMONTE,45.69905641587452,8.413998066552564,1,0,63,4,59,6.35
G664,PIGNONE,LA SPEZIA,LIGURIA,44.18322800472226,9.70549909748944,1,0,20,1,19,5.0
F839,NAPOLI,NAPOLI,CAMPANIA,40.85664983035988,14.239621544842542,349,9,113160,4738,108422,4.19
C128,CASTELLALTO,TERAMO,ABRUZZO,42.66618169869293,13.836740843249038,4,0,613,63,550,10.28
A702,BASSANO BRESCIANO,BRESCIA,LOMBARDIA,45.324362731772204,10.12874841908577,2,0,167,29,138,17.37
F914,NOCETO,PARMA,EMILIA ROMAGNA,44.80253312752997,10.13569259548174,3,0,1125,189,936,16.8
D064,CORTENO GOLGI,BRESCIA,LOMBARDIA,46.139260541582544,10.220316148692147,2,0,101,4,97,3.96
H235,RENDE,COSENZA,CALABRIA,39.347648145170744,16.21040089933788,17,0,5725,160,5565,2.79
B345,CADONEGHE,PADOVA,VENETO,45.457341980539525,11.91812927191929,5,3,1104,340,764,30.8
L624,VALLI DEL PASUBIO,VICENZA,VENETO,45.7512895276564,11.228817212072142,2,0,147,3,144,2.04
M277,SAN FERDINANDO,REGGIO CALABRIA,CALABRIA,38.48387620930258,15.935038098308654,2,0,267,16,251,5.99
A285,ANDRIA,BARLETTA-ANDRIA-TRANI,PUGLIA,41.157160250376954,16.23552819285156,37,0,12246,170,12076,1.39
I046,SAN MINIATO,PISA,TOSCANA,43.667752099130425,10.841322182873697,14,0,3563,340,3223,9.54
G015,OLBIA,SASSARI,SARDEGNA,40.92300615855688,9.480324749449514,29,0,8613,722,7891,8.38
L182,TIVOLI,ROMA,LAZIO,41.95700898700062,12.784846755365995,28,4,8511,1112,7399,13.07
L398,TREVI NEL LAZIO,FROSINONE,LAZIO,41.86523982290194,13.250556224952437,2,0,65,15,50,23.08
L781,VERONA,VERONA,VENETO,45.44860841366247,11.002033785531935,101,33,33652,6673,26979,19.83
B357,CAGNANO VARANO,FOGGIA,PUGLIA,41.84391368742012,15.734514690289505,4,0,589,11,578,1.87
I567,SEDRINA,BERGAMO,LOMBARDIA,45.77481803319407,9.629353072059669,2,0,171,13,158,7.6
C349,CASTROVILLARI,COSENZA,CALABRIA,39.811762339613296,16.237039976470363,15,0,3654,213,3441,5.83
G942,POTENZA,POTENZA,BASILICATA,40.65933705911921,15.806661835585533,36,0,10681,222,10459,2.08
M088,VITTORIA,RAGUSA,SICILIA,36.95678940869745,14.49622769435798,27,3,8319,1367,6952,16.43
L640,VALMOREA,COMO,LOMBARDIA,45.819491802576,8.934499257200784,2,0,346,17,329,4.91
D741,FOSSALTA DI PORTOGRUARO,VENEZIA,VENETO,45.781494304064125,12.910107951279974,3,0,466,31,435,6.65
G949,POVOLETTO,UDINE,FRIULI-VENEZIA G.,46.140772166423815,13.290375096581597,2,0,273,15,258,5.49
G965,POZZUOLO MARTESANA,MILANO,LOMBARDIA,45.51257768207181,9.460407328530383,3,0,509,106,403,20.83
G039,OLIVETO CITRA,SALERNO,CAMPANIA,40.69240916172635,15.214754525187821,4,0,411,24,387,5.84
G856,PONTE SAN PIETRO,BERGAMO,LOMBARDIA,45.70214725257508,9.579533432384341,4,3,669,307,362,45.89
D170,CRISPANO,NAPOLI,CAMPANIA,40.95500616426732,14.288588930067712,3,0,580,6,574,1.03
L202,TONARA,NUORO,SARDEGNA,40.02171937332004,9.170912813674907,3,0,160,5,155,3.13
G157,OSIMO,ANCONA,MARCHE,43.4842611203383,13.462310373841122,19,2,4623,387,4236,8.37
A509,AVELLINO,AVELLINO,CAMPANIA,40.9136369731701,14.78777543515968,38,1,12233,395,11838,3.23
E779,MACCHIAGODENA,ISERNIA,MOLISE,41.55710508899212,14.420027089570143,2,0,57,3,54,5.26
E986,MARTINA FRANCA,TARANTO,PUGLIA,40.68640260492615,17.303930428855995,20,0,6074,247,5827,4.07
G023,OLEVANO SUL TUSCIANO,SALERNO,CAMPANIA,40.66611577208952,15.02796315762787,4,0,406,14,392,3.45
H302,RIOLO TERME,RAVENNA,EMILIA ROMAGNA,44.27655196713919,11.701961587127974,3,2,990,220,770,22.22
I425,SARCEDO,VICENZA,VENETO,45.701248956482694,11.523043861997085,2,0,402,27,375,6.72
B998,CASSANO DELLE MURGE,BARI,PUGLIA,40.8815960807342,16.74946920698214,4,0,1397,99,1298,7.09
G570,PIANORO,BOLOGNA,EMILIA ROMAGNA,44.376520914446964,11.356723836146669,5,0,975,185,790,18.97
E958,MARINO,ROMA,LAZIO,41.76079828939679,12.623571728508995,12,0,3064,309,2755,10.08
C422,CEGGIA,VENEZIA,VENETO,45.68362875557596,12.648414708652535,2,0,449,85,364,18.93
H836,SAN FELICE CIRCEO,LATINA,LAZIO,41.253483938124646,13.085449783753399,4,1,596,147,449,24.66
F155,MESERO,MILANO,LOMBARDIA,45.495639636781114,8.850223032654872,2,0,307,18,289,5.86
A859,BIELLA,BIELLA,PIEMONTE,45.592634606613466,8.01989424429742,27,4,7502,760,6742,10.13
M214,BADESI,SASSARI,SARDEGNA,40.956348460280495,8.88000761947271,2,0,105,5,100,4.76
L103,TERAMO,TERAMO,ABRUZZO,42.65846705627919,13.71078206810469,33,0,8521,607,7914,7.12
I725,SIDERNO,REGGIO CALABRIA,CALABRIA,38.28637864839075,16.275973074920856,14,0,2482,126,2356,5.08
B974,CASLINO D'ERBA,COMO,LOMBARDIA,45.84650748228809,9.220828999702995,1,1,36,14,22,38.89
A029,ACI SANT'ANTONIO,CATANIA,SICILIA,37.62390244739723,15.117754293525383,11,0,1198,12,1186,1.0
E805,MAGIONE,PERUGIA,UMBRIA,43.124782119407875,12.204431846409445,6,0,1016,196,820,19.29
L353,TREBISACCE,COSENZA,CALABRIA,39.88012984007542,16.521684577007175,9,0,2056,199,1857,9.68
F842,NARDO',LECCE,PUGLIA,40.23230699728722,17.957136324968722,13,0,3727,134,3593,3.6
D590,FILATTIERA,MASSA-CARRARA,TOSCANA,44.366601080231725,9.94854887122275,2,0,110,9,101,8.18
A240,ALTOMONTE,COSENZA,CALABRIA,39.684785677336464,16.17581547390031,3,0,275,8,267,2.91
G787,POLIGNANO A MARE,BARI,PUGLIA,40.972352780222025,17.19146287835946,7,0,1430,93,1337,6.5
I819,SOMMA LOMBARDO,VARESE,LOMBARDIA,45.668915679135296,8.698693157496354,6,1,1522,316,1206,20.76
A534,BACENO,VERBANO-CUSIO-OSSOLA,PIEMONTE,46.31840260039627,8.279850991407459,2,0,88,2,86,2.27
D749,FOSSOMBRONE,PESARO E URBINO,MARCHE,43.66508501530826,12.801774284171895,8,0,1224,115,1109,9.4
B549,CAMPOMAGGIORE,POTENZA,BASILICATA,40.56601841484314,16.087016264601626,1,0,27,3,24,11.11
F323,MONALE,ASTI,PIEMONTE,44.936015210230266,8.07781839735482,1,1,95,30,65,31.58
E782,MACELLO,TORINO,PIEMONTE,44.849658637944295,7.415724149358826,1,0,41,4,37,9.76
A208,ALLISTE,LECCE,PUGLIA,39.9320405902236,18.0874378976215,3,0,507,15,492,2.96
G981,PRAMAGGIORE,VENEZIA,VENETO,45.80213519905321,12.729845725467298,2,0,332,92,240,27.71
C790,CLAUT,PORDENONE,FRIULI-VENEZIA G.,46.28635264123047,12.536726473541478,2,0,38,2,36,5.26
A069,AGGIUS,SASSARI,SARDEGNA,40.96768496720115,9.0278711987357,2,0,78,3,75,3.85
D650,FOIANO DI VAL FORTORE,BENEVENTO,CAMPANIA,41.35377022217149,14.977845708635051,2,0,68,2,66,2.94
B423,CALOLZIOCORTE,LECCO,LOMBARDIA,45.796095588796554,9.444009309165692,7,2,1526,244,1282,15.99
I307,SANT'ARSENIO,SALERNO,CAMPANIA,40.46669808892946,15.488969653313905,5,0,728,72,656,9.89
F372,MONGUZZO,COMO,LOMBARDIA,45.779739777551555,9.228099942901752,1,0,83,7,76,8.43
A244,ALVITO,FROSINONE,LAZIO,41.70961479172712,13.750350761596177,4,0,335,15,320,4.48
C285,CAULONIA,REGGIO CALABRIA,CALABRIA,38.39456857038388,16.40003011081049,6,0,579,28,551,4.84
L905,VILLA SANTA LUCIA,FROSINONE,LAZIO,41.491827144206,13.77510241859998,3,0,141,7,134,4.96
L419,TRICASE,LECCE,PUGLIA,39.941225429333976,18.359599662011888,11,0,3227,68,3159,2.11
L245,TORRE ANNUNZIATA,NAPOLI,CAMPANIA,40.750974848661365,14.458032680789243,20,0,6768,60,6708,0.89
C569,CESATE,MILANO,LOMBARDIA,45.5969889650423,9.080011837431988,3,0,921,178,743,19.33
F120,MENAGGIO,COMO,LOMBARDIA,46.0213101977704,9.237555370788408,4,0,911,82,829,9.0
L539,VAILATE,CREMONA,LOMBARDIA,45.45668548722386,9.596846493079433,2,0,312,81,231,25.96
F845,NARO,AGRIGENTO,SICILIA,37.28938515596842,13.821569085914671,3,0,522,84,438,16.09
E212,GROTTERIA,REGGIO CALABRIA,CALABRIA,38.37621790053891,16.268660586545995,3,0,115,5,110,4.35
I290,SANT'ANGELO MUXARO,AGRIGENTO,SICILIA,37.46724866481501,13.516854981845224,2,0,57,3,54,5.26
A385,ARDORE,REGGIO CALABRIA,CALABRIA,38.19772375078701,16.169255481796192,4,0,429,33,396,7.69
A945,BOLOGNANO,PESCARA,ABRUZZO,42.21360478653722,13.950139457230708,2,0,85,19,66,22.35
E714,LUCCA SICULA,AGRIGENTO,SICILIA,37.56154119266855,13.325407659443478,2,0,129,17,112,13.18
H945,SAN LAZZARO DI SAVENA,BOLOGNA,EMILIA ROMAGNA,44.450812567716135,11.425887769257708,14,0,5058,634,4424,12.53
D054,CORTE BRUGNATELLA,PIACENZA,EMILIA ROMAGNA,44.70817399028758,9.37106273123576,1,0,8,0,8,0.0
G441,PERANO,CHIETI,ABRUZZO,42.10759316009874,14.394881951554328,2,0,101,15,86,14.85
G292,PALOMONTE,SALERNO,CAMPANIA,40.65470842513688,15.296097853093382,3,0,280,14,266,5.0
M130,VOLTURARA IRPINA,AVELLINO,CAMPANIA,40.865652496299475,14.939778106452184,2,0,160,2,158,1.25
A751,BELLINZAGO LOMBARDO,MILANO,LOMBARDIA,45.53474913251261,9.444767431562555,2,0,286,47,239,16.43
M266,ORDONA,FOGGIA,PUGLIA,41.30756358800907,15.6199059205695,2,0,237,51,186,21.52
F743,MOROZZO,CUNEO,PIEMONTE,44.42974261890148,7.688360316230952,2,0,206,24,182,11.65
G465,PERRERO,TORINO,PIEMONTE,44.92350781554526,7.121877773923535,2,0,33,1,32,3.03
A082,AGNOSINE,BRESCIA,LOMBARDIA,45.642919356695444,10.349785995936045,2,0,131,21,110,16.03
G766,POGGIO PICENZE,L'AQUILA,ABRUZZO,42.317043812694706,13.54034672872067,1,0,31,8,23,25.81
I066,SAN PANCRAZIO SALENTINO,BRINDISI,PUGLIA,40.43054863918107,17.82614046198143,5,0,735,20,715,2.72
A831,BETTOLA,PIACENZA,EMILIA ROMAGNA,44.778542231598436,9.596578034557105,2,0,108,26,82,24.07
H700,SALEMI,TRAPANI,SICILIA,37.82250052680522,12.766275081816726,8,0,769,56,713,7.28
M413,SASSOCORVARO AUDITORE,PESARO E URBINO,MARCHE,43.80010314106626,12.522855455352888,6,0,692,111,581,16.04
D477,FALERONE,FERMO,MARCHE,43.09867132248036,13.466040289007948,3,0,203,47,156,23.15
G799,POLLUTRI,CHIETI,ABRUZZO,42.13408776257405,14.596554695662826,2,0,84,0,84,0.0
A788,BERCETO,PARMA,EMILIA ROMAGNA,44.53029246893219,9.976048623749708,2,0,78,14,64,17.95
A588,BALDICHIERI D'ASTI,ASTI,PIEMONTE,44.90696771221035,8.09431115753663,2,1,206,44,162,21.36
B858,CASACALENDA,CAMPOBASSO,MOLISE,41.76302017088957,14.84950331533651,6,0,455,45,410,9.89
F058,MATTIE,TORINO,PIEMONTE,45.096131255289826,7.106926699435517,1,0,15,0,15,0.0
A386,ARENA,VIBO VALENTIA,CALABRIA,38.536351429101565,16.25776757395025,2,0,67,6,61,8.96
E332,ISCHITELLA,FOGGIA,PUGLIA,41.8890132763468,15.84460213024752,5,0,387,16,371,4.13
D062,CORTEMILIA,CUNEO,PIEMONTE,44.57969626753648,8.189762239569044,3,0,242,31,211,12.81
F201,MIGLIONICO,MATERA,BASILICATA,40.57707881549693,16.499208032525416,2,0,130,3,127,2.31
F852,NAVELLI,L'AQUILA,ABRUZZO,42.23739353668478,13.732117104362354,1,1,13,7,6,53.85
C623,CHIAVENNA,SONDRIO,LOMBARDIA,46.32690543603131,9.405145920166687,7,0,2100,148,1952,7.05
F395,MONTAGNAREALE,MESSINA,SICILIA,38.11957311644091,14.937648200351548,2,0,72,3,69,4.17
B044,BORGO TOSSIGNANO,BOLOGNA,EMILIA ROMAGNA,44.27218257227588,11.611138252073959,2,2,193,68,125,35.23
H298,RIO SALICETO,REGGIO EMILIA,EMILIA ROMAGNA,44.827166134287786,10.803600301802462,2,0,455,106,349,23.3
E229,GUALDO CATTANEO,PERUGIA,UMBRIA,42.89471310801071,12.509624732754917,3,0,283,56,227,19.79
I274,SANT'ANGELO LODIGIANO,LODI,LOMBARDIA,45.232187430460506,9.409059644812352,5,4,1675,594,1081,35.46
M070,VISANO,BRESCIA,LOMBARDIA,45.31242013559055,10.366626789896591,2,0,186,30,156,16.13
A024,ACERRA,NAPOLI,CAMPANIA,40.965736078089634,14.387461038259627,14,0,6793,289,6504,4.25
B619,CANOSA DI PUGLIA,BARLETTA-ANDRIA-TRANI,PUGLIA,41.189766384122926,16.017147767842218,12,0,2812,95,2717,3.38
B118,BRANCALEONE,REGGIO CALABRIA,CALABRIA,37.96945486009842,16.07247428317459,3,0,230,27,203,11.74
I522,SCHEGGIA E PASCELUPO,PERUGIA,UMBRIA,43.41916575253837,12.708542227854512,2,0,50,2,48,4.0
C565,CESANO BOSCONE,MILANO,LOMBARDIA,45.44125009139742,9.087185820659682,7,1,1535,305,1230,19.87
E914,MARANO MARCHESATO,COSENZA,CALABRIA,39.30941981451221,16.16460818697349,2,0,151,0,151,0.0
A959,BOMPORTO,MODENA,EMILIA ROMAGNA,44.75327900369861,11.047905634998951,5,0,1033,124,909,12.0
E882,MANDURIA,TARANTO,PUGLIA,40.37792556695591,17.640416157160175,13,0,3662,91,3571,2.48
F907,NOCARA,COSENZA,CALABRIA,40.10934518406308,16.46522664057184,1,1,6,3,3,50.0
I645,SERRALUNGA DI CREA,ALESSANDRIA,PIEMONTE,45.09969840120556,8.289292449328624,1,0,26,6,20,23.08
B689,MARZABOTTO,BOLOGNA,EMILIA ROMAGNA,44.33849806087363,11.20251876144811,2,0,389,97,292,24.94
C226,CASTELNUOVO BELBO,ASTI,PIEMONTE,44.80518433233223,8.414774578846465,1,0,39,11,28,28.21
L698,VAUDA CANAVESE,TORINO,PIEMONTE,45.277707817627714,7.6382891307259655,1,0,36,2,34,5.56
M122,VOLPIANO,TORINO,PIEMONTE,45.19461191524923,7.783587857125991,3,0,1006,97,909,9.64
B012,MOTTEGGIANA,MANTOVA,LOMBARDIA,45.034499470438696,10.763886966410277,1,1,87,29,58,33.33
D872,GALLIATE,NOVARA,PIEMONTE,45.48527517396428,8.71210061291543,2,0,1009,208,801,20.61
G572,PIANTEDO,SONDRIO,LOMBARDIA,46.12699872547199,9.42362056603651,1,0,76,11,65,14.47
I461,SASSOFERRATO,ANCONA,MARCHE,43.44488587354662,12.83086411236065,4,0,515,74,441,14.37
D656,FOLLONICA,GROSSETO,TOSCANA,42.9615889890266,10.76379189557803,11,0,2436,199,2237,8.17
C540,CERTALDO,FIRENZE,TOSCANA,43.56354044864868,11.080642035200777,4,0,974,155,819,15.91
L738,VENOSA,POTENZA,BASILICATA,40.9828435921562,15.838006226885053,7,0,1358,44,1314,3.24
B674,CAPOSELE,AVELLINO,CAMPANIA,40.82011831100624,15.236829642142167,3,0,397,13,384,3.27
H588,ROTELLA,ASCOLI PICENO,MARCHE,42.94770961515745,13.54932897246169,1,0,16,2,14,12.5
G365,PASTRENGO,VERONA,VENETO,45.497381613609164,10.79645822186385,2,0,204,18,186,8.82
B377,CALAMONACI,AGRIGENTO,SICILIA,37.51854146036836,13.322888973954132,2,0,71,0,71,0.0
F488,MONTE DI PROCIDA,NAPOLI,CAMPANIA,40.797966621027015,14.052238798612441,8,0,956,21,935,2.2
F676,MONTICIANO,SIENA,TOSCANA,43.118310633516025,11.224759946480695,2,2,90,43,47,47.78
A001,ABANO TERME,PADOVA,VENETO,45.358991196796744,11.793305017561957,9,0,2497,370,2127,14.82
E758,LUSERNA SAN GIOVANNI,TORINO,PIEMONTE,44.80581004175776,7.238163334254846,4,1,385,90,295,23.38
H519,ROMETTA,MESSINA,SICILIA,38.1744427109501,15.421054590039805,3,0,360,12,348,3.33
B779,CARINARO,CASERTA,CAMPANIA,41.0042443653257,14.228188879656813,2,0,622,16,606,2.57
I433,SAREZZO,BRESCIA,LOMBARDIA,45.66515652380911,10.202048469831002,7,1,1670,373,1297,22.34
H013,SAMO,REGGIO CALABRIA,CALABRIA,38.10055703758545,15.997813220056075,2,0,30,0,30,0.0
A006,ABBADIA SAN SALVATORE,SIENA,TOSCANA,42.88409479547431,11.683694063802111,4,0,663,128,535,19.31
G093,ORERO,GENOVA,LIGURIA,44.416593315974986,9.285831573970812,1,0,11,3,8,27.27
D197,CUCEGLIO,TORINO,PIEMONTE,45.35801797854446,7.81245609662371,1,0,40,6,34,15.0
E810,MAGLIANO IN TOSCANA,GROSSETO,TOSCANA,42.630463979894614,11.249791559496018,2,0,135,16,119,11.85
B602,CANICATTI',AGRIGENTO,SICILIA,37.3717537797493,13.838062275958132,14,0,4479,244,4235,5.45
L723,VELO D'ASTICO,VICENZA,VENETO,45.78425820571409,11.359291986267404,1,0,91,5,86,5.49
G404,PEDAVENA,BELLUNO,VENETO,46.043682271224505,11.857235283682968,2,0,420,41,379,9.76
C743,CITTADELLA,PADOVA,VENETO,45.65463121369515,11.768810991522491,13,0,4862,550,4312,11.31
I363,SANTO STEFANO DI MAGRA,LA SPEZIA,LIGURIA,44.15365719087729,9.929311733346417,4,0,760,70,690,9.21
F935,NORCIA,PERUGIA,UMBRIA,42.78666793438281,13.122450796532268,4,0,461,82,379,17.79
F486,MONTE DI MALO,VICENZA,VENETO,45.6496633401521,11.36552135777438,2,0,168,11,157,6.55
I779,SOGLIANO AL RUBICONE,FORLI'-CESENA,EMILIA ROMAGNA,43.9727116194228,12.264991707538186,4,0,217,27,190,12.44
B876,CASALE CORTE CERRO,VERBANO-CUSIO-OSSOLA,PIEMONTE,45.92189453231999,8.40589172616508,3,0,274,13,261,4.74
I506,SCANZOROSCIATE,BERGAMO,LOMBARDIA,45.71292843253113,9.765702346346693,4,0,734,71,663,9.67
F465,MONTECCHIO PRECALCINO,VICENZA,VENETO,45.66728848162713,11.542798098920949,2,0,286,16,270,5.59
B667,CAPODRISE,CASERTA,CAMPANIA,41.04352484968686,14.302664473639668,2,0,593,25,568,4.22
E074,GODRANO,PALERMO,SICILIA,37.85651029514333,13.414585656323428,2,0,61,0,61,0.0
A989,BORGARELLO,PAVIA,LOMBARDIA,45.24056630801431,9.14874577256574,1,0,101,10,91,9.9
A185,ALEZIO,LECCE,PUGLIA,40.04773445592068,18.059764355869554,3,0,352,11,341,3.13
M378,MONTALCINO,SIENA,TOSCANA,43.05924585433658,11.487808989213026,5,0,501,95,406,18.96
M178,ZIMELLA,VERONA,VENETO,45.34779602197279,11.35812357251769,4,0,423,107,316,25.3
L965,VILLAMAINA,AVELLINO,CAMPANIA,40.971505144994474,15.094331164498826,2,0,34,0,34,0.0
L231,TORPE',NUORO,SARDEGNA,40.652308489217944,9.625047751878162,2,0,152,3,149,1.97
A067,AGAZZANO,PIACENZA,EMILIA ROMAGNA,44.96744557710427,9.501912247692495,2,0,148,23,125,15.54
B896,CASALINCONTRADA,CHIETI,ABRUZZO,42.29549965135813,14.117856430076404,2,0,159,12,147,7.55
L882,VIGNANELLO,VITERBO,LAZIO,42.382272302605074,12.30064911538488,3,0,397,46,351,11.59
E471,LATIANO,BRINDISI,PUGLIA,40.57348315538887,17.70461255442407,4,0,1136,70,1066,6.16
F732,MORINO,L'AQUILA,ABRUZZO,41.84273058721448,13.442677880206825,2,0,108,2,106,1.85
M042,VILLETTE,VERBANO-CUSIO-OSSOLA,PIEMONTE,46.13431453155712,8.537084071400427,1,0,11,2,9,18.18
E787,MACLODIO,BRESCIA,LOMBARDIA,45.48080220062338,10.040322483804932,1,0,68,19,49,27.94
C740,CISTERNA DI LATINA,LATINA,LAZIO,41.57335320493239,12.837538769796653,15,1,3897,543,3354,13.93
L969,VILLA MINOZZO,REGGIO EMILIA,EMILIA ROMAGNA,44.31825147942044,10.441474362059028,4,1,181,37,144,20.44
F429,MONTAQUILA,ISERNIA,MOLISE,41.55149758819344,14.110611344510675,2,0,152,4,148,2.63
E314,INVORIO,NOVARA,PIEMONTE,45.75749438077338,8.480218286685625,2,0,330,20,310,6.06
H174,RANCO,VARESE,LOMBARDIA,45.79783334262447,8.57538732083799,1,0,78,12,66,15.38
D296,DIANO CASTELLO,IMPERIA,LIGURIA,43.92648966186307,8.06089107149956,1,0,74,14,60,18.92
L063,TAURIANOVA,REGGIO CALABRIA,CALABRIA,38.369853101349385,15.995307096314415,9,0,1509,101,1408,6.69
H840,SAN FERMO DELLA BATTAGLIA,COMO,LOMBARDIA,45.809088337975716,9.036323268027758,3,0,547,27,520,4.94
H977,SAN MANGO PIEMONTE,SALERNO,CAMPANIA,40.70152707619111,14.839407153501341,1,0,116,2,114,1.72
F033,MASSANZAGO,PADOVA,VENETO,45.55118871152546,12.01092894359002,2,0,381,72,309,18.9
C807,COCCONATO,ASTI,PIEMONTE,45.090106487400426,8.045470437945761,2,0,182,32,150,17.58
A696,BASELICE,BENEVENTO,CAMPANIA,41.391332044151774,14.940505420364923,3,0,154,8,146,5.19
F642,MONTESE,MODENA,EMILIA ROMAGNA,44.267473541450435,10.92403970674745,2,2,194,70,124,36.08
I233,SANTA MARIA A VICO,CASERTA,CAMPANIA,41.02895879374572,14.46663601682335,10,0,2145,116,2029,5.41
G541,PIANA DI MONTE VERNA,CASERTA,CAMPANIA,41.16874577554725,14.321201715351922,2,0,110,4,106,3.64
B149,BRENO,BRESCIA,LOMBARDIA,45.9397273652574,10.403557442092653,6,1,2465,298,2167,12.09
L982,VILLANOVA CANAVESE,TORINO,PIEMONTE,45.236480428558366,7.547419275281749,1,0,70,6,64,8.57
H556,ROSA',VICENZA,VENETO,45.71731261847355,11.751238779210599,5,0,1153,155,998,13.44
H632,RUFFANO,LECCE,PUGLIA,39.98644765662916,18.246674288830114,3,0,620,31,589,5.0
M180,ZINASCO,PAVIA,LOMBARDIA,45.120068627725395,9.024394099694904,3,0,183,31,152,16.94
G869,PONTOGLIO,BRESCIA,LOMBARDIA,45.56217329219386,9.856432382700419,2,2,564,181,383,32.09
I426,SARCONI,POTENZA,BASILICATA,40.22881300286548,15.91034055961719,2,0,80,8,72,10.0
L038,TALLA,AREZZO,TOSCANA,43.601168114640195,11.761112094230645,1,0,27,2,25,7.41
E375,ITRI,LATINA,LAZIO,41.30488044445637,13.527709793915008,3,0,750,76,674,10.13
L471,TURBIGO,MILANO,LOMBARDIA,45.52651504439806,8.735169874474074,2,2,508,177,331,34.84
C279,CASTELVECCHIO SUBEQUO,L'AQUILA,ABRUZZO,42.10974305571815,13.721626455911553,2,0,84,14,70,16.67
G962,POZZOMAGGIORE,SASSARI,SARDEGNA,40.3611270777528,8.647273102120705,3,0,314,15,299,4.78
B235,BUBBIANO,MILANO,LOMBARDIA,45.32862398511691,9.003888179848515,1,0,88,13,75,14.77
G822,PONSACCO,PISA,TOSCANA,43.61646129977422,10.634802249142023,5,0,1055,196,859,18.58
A437,ARQUATA DEL TRONTO,ASCOLI PICENO,MARCHE,42.762501579309614,13.28324481657288,2,0,38,1,37,2.63
E132,GRAGNANO TREBBIENSE,PIACENZA,EMILIA ROMAGNA,45.00993438584281,9.558395468573996,2,1,311,93,218,29.9
C793,CLAVIERE,TORINO,PIEMONTE,44.92774774953381,6.75652376670013,1,0,4,0,4,0.0
L153,TETI,NUORO,SARDEGNA,40.12024325467301,9.098844771207958,1,0,11,0,11,0.0
B296,BUSSOLENGO,VERONA,VENETO,45.466321976582485,10.845994686277537,5,0,1844,385,1459,20.88
H361,ROANA,VICENZA,VENETO,45.88232589743197,11.443872509219828,3,0,219,21,198,9.59
B237,BUCCHERI,SIRACUSA,SICILIA,37.155459646132876,14.870357969056794,2,0,74,6,68,8.11
H627,RUBIANA,TORINO,PIEMONTE,45.1562562622299,7.374625146549736,1,0,35,6,29,17.14
B530,CAMPODOLCINO,SONDRIO,LOMBARDIA,46.4022247226173,9.348121641180581,2,0,62,1,61,1.61
L298,TORRIGLIA,GENOVA,LIGURIA,44.516523329850436,9.152530797356873,2,0,97,4,93,4.12
B025,BORGONOVO VAL TIDONE,PIACENZA,EMILIA ROMAGNA,45.007670490006646,9.461705964667285,4,2,912,294,618,32.24
B409,CALICE LIGURE,SAVONA,LIGURIA,44.231968763488126,8.286636517353715,1,0,69,2,67,2.9
E555,LETOJANNI,MESSINA,SICILIA,37.89059728966905,15.30771294503271,4,0,218,19,199,8.72
C536,CERRO AL LAMBRO,MILANO,LOMBARDIA,45.33225356221769,9.327574277232475,2,0,575,41,534,7.13
G206,OZZERO,MILANO,LOMBARDIA,45.36354307819019,8.921221258928638,2,0,146,6,140,4.11
G629,PIETRASTORNINA,AVELLINO,CAMPANIA,40.99329301835129,14.729666969200277,2,0,52,14,38,26.92
G707,PISCIOTTA,SALERNO,CAMPANIA,40.11468393249762,15.243347094247646,3,1,126,19,107,15.08
F116,SILEA,TREVISO,VENETO,45.64053319122295,12.32478258532069,4,0,766,80,686,10.44
D044,CORSANO,LECCE,PUGLIA,39.88352282770721,18.380302210226972,2,0,329,6,323,1.82
A739,BELFORTE DEL CHIENTI,MACERATA,MARCHE,43.16431289569228,13.243815701264571,2,0,142,17,125,11.97
D681,FONTECCHIO,L'AQUILA,ABRUZZO,42.22435046371292,13.607481279498504,1,0,23,2,21,8.7
E410,LAGOSANTO,FERRARA,EMILIA ROMAGNA,44.770310144667995,12.143199914902508,2,0,300,15,285,5.0
E602,LINGUAGLOSSA,CATANIA,SICILIA,37.812374788052345,15.092686819308835,4,0,573,45,528,7.85
F340,MONCHIO DELLE CORTI,PARMA,EMILIA ROMAGNA,44.39652728492414,10.113006602418928,2,0,24,4,20,16.67
G673,PINCARA,ROVIGO,VENETO,44.99019897845333,11.627821237511537,1,0,48,9,39,18.75
C926,COMIGNAGO,NOVARA,PIEMONTE,45.71560065067916,8.560845472146514,1,0,50,4,46,8.0
L999,VILLAR DORA,TORINO,PIEMONTE,45.11501083117775,7.378511452105973,1,0,122,4,118,3.28
L071,TAVERNERIO,COMO,LOMBARDIA,45.81318994464266,9.140636250374872,3,0,375,60,315,16.0
H594,ROTZO,VICENZA,VENETO,45.89979093661259,11.391154038692738,1,0,17,0,17,0.0
D545,FEROLETO DELLA CHIESA,REGGIO CALABRIA,CALABRIA,38.469046886864874,16.065933897221605,2,0,72,0,72,0.0
H818,SAN DEMETRIO CORONE,COSENZA,CALABRIA,39.595337549329166,16.37163918052008,3,0,213,14,199,6.57
I125,SAN POLO DEI CAVALIERI,ROMA,LAZIO,42.046127810643874,12.825923494220174,2,0,98,6,92,6.12
L734,VENEGONO SUPERIORE,VARESE,LOMBARDIA,45.75400833865731,8.902883662094148,2,0,441,41,400,9.3
F015,MASIO,ALESSANDRIA,PIEMONTE,44.86532565027491,8.419529604072006,1,1,30,10,20,33.33
D796,FRESAGRANDINARIA,CHIETI,ABRUZZO,41.98458388009847,14.657161321379533,2,0,57,7,50,12.28
H907,SAN GIOVANNI A PIRO,SALERNO,CAMPANIA,40.05483256600578,15.455131448439424,3,0,222,7,215,3.15
A293,ANGOLO TERME,BRESCIA,LOMBARDIA,45.906802493732776,10.132362399951168,2,0,117,16,101,13.68
L538,VAIE,TORINO,PIEMONTE,45.09557773477602,7.294041771510282,1,0,63,7,56,11.11
M190,ZOPPOLA,PORDENONE,FRIULI-VENEZIA G.,45.97136510283475,12.77813220680989,3,0,528,89,439,16.86
I682,SESTO CAMPANO,ISERNIA,MOLISE,41.42095316649849,14.06283454049368,2,0,100,10,90,10.0
C470,CENTOLA,SALERNO,CAMPANIA,40.07808558731081,15.313612672807299,5,0,253,12,241,4.74
L961,VILLALFONSINA,CHIETI,ABRUZZO,42.17561904646522,14.569233782427347,1,0,35,0,35,0.0
A834,BEURA-CARDEZZA,VERBANO-CUSIO-OSSOLA,PIEMONTE,46.05657144510972,8.320093855552265,1,0,38,2,36,5.26
C744,CITTA' DELLA PIEVE,PERUGIA,UMBRIA,42.953467175018865,11.997783467766256,6,0,1055,143,912,13.55
G609,PIETRACATELLA,CAMPOBASSO,MOLISE,41.56727123704868,14.862855263648896,2,0,75,0,75,0.0
F863,NEIVE,CUNEO,PIEMONTE,44.72788521085483,8.115670126927858,3,0,572,73,499,12.76
H775,SAN BENIGNO CANAVESE,TORINO,PIEMONTE,45.23198807842326,7.7863222739506535,2,0,462,28,434,6.06
L569,VALENTANO,VITERBO,LAZIO,42.58528125487996,11.794878535002216,2,0,130,7,123,5.38
I840,SORAGNA,PARMA,EMILIA ROMAGNA,44.93751832406611,10.138325068554304,2,0,357,56,301,15.69
I436,SARNANO,MACERATA,MARCHE,43.022452141759665,13.283306507585685,4,0,420,58,362,13.81
B270,BUONVICINO,COSENZA,CALABRIA,39.679858359115954,15.893679848782956,2,0,83,0,83,0.0
C280,CASTELVENERE,BENEVENTO,CAMPANIA,41.23129442538776,14.554913941845397,4,0,533,21,512,3.94
I409,SAN VITTORE OLONA,MILANO,LOMBARDIA,45.582342001200225,8.943427586449467,2,0,450,106,344,23.56
E494,LAVENA PONTE TRESA,VARESE,LOMBARDIA,45.9569364991642,8.862186863732896,2,0,425,49,376,11.53
A070,AGIRA,ENNA,SICILIA,37.60233861415877,14.54689973588918,5,0,810,13,797,1.6
I787,SOLAROLO,RAVENNA,EMILIA ROMAGNA,44.35756598674519,11.836333255332846,2,0,281,68,213,24.2
B058,BORRIANA,BIELLA,PIEMONTE,45.506766403339626,8.038190862922933,1,0,71,0,71,0.0
F662,MONTEVIALE,VICENZA,VENETO,45.560568012135484,11.470469441446168,2,0,151,6,145,3.97
I202,SANT'AGATA LI BATTIATI,CATANIA,SICILIA,37.55405381656032,15.081327342720972,5,0,1071,9,1062,0.84
F515,MONTEGALDELLA,VICENZA,VENETO,45.43644311664947,11.65069789112243,1,0,88,5,83,5.68
F043,SAN MARCO EVANGELISTA,CASERTA,CAMPANIA,41.03157845706402,14.342958026854838,2,0,372,9,363,2.42
B661,CAPIZZONE,BERGAMO,LOMBARDIA,45.788262202072346,9.579207413362417,1,0,51,0,51,0.0
C185,CASTELLO D'ARGILE,BOLOGNA,EMILIA ROMAGNA,44.68554012999798,11.30858232039959,3,0,433,104,329,24.02
B826,CARPINETO SINELLO,CHIETI,ABRUZZO,41.999192976330164,14.504952502740656,1,1,18,7,11,38.89
H091,PUMENENGO,BERGAMO,LOMBARDIA,45.470114888088645,9.864460768511174,2,1,142,48,94,33.8
E125,GRADO,GORIZIA,FRIULI-VENEZIA G.,45.71669477342302,13.380992837679322,4,0,481,73,408,15.18
I562,SEDEGLIANO,UDINE,FRIULI-VENEZIA G.,46.01696071430353,12.96508797497442,2,0,190,19,171,10.0
L287,TORRI DEL BENACO,VERONA,VENETO,45.618833832338204,10.68068124300344,1,0,82,18,64,21.95
D740,FOSSALTA DI PIAVE,VENEZIA,VENETO,45.6485293176657,12.5063423024343,3,0,715,102,613,14.27
L270,TORREGLIA,PADOVA,VENETO,45.338117662430115,11.726874139877646,2,0,288,35,253,12.15
M171,ZERO BRANCO,TREVISO,VENETO,45.607560964009316,12.141703211028693,4,0,792,70,722,8.84
B860,CASAGIOVE,CASERTA,CAMPANIA,41.083316952264205,14.306375071399854,4,0,663,59,604,8.9
B294,BUSSI SUL TIRINO,PESCARA,ABRUZZO,42.21868835619003,13.83312429692744,2,0,104,4,100,3.85
D265,DEIVA MARINA,LA SPEZIA,LIGURIA,44.23910557427683,9.549938273335366,2,0,81,16,65,19.75
B015,BORGOFRANCO D'IVREA,TORINO,PIEMONTE,45.51415959000897,7.850263661368419,2,0,173,22,151,12.72
F030,MASSA LUBRENSE,NAPOLI,CAMPANIA,40.59750828710264,14.352848600583062,8,0,971,29,942,2.99
I529,SCHIGNANO,COMO,LOMBARDIA,45.91892229445089,9.09710929461298,1,0,30,3,27,10.0
E980,MARTELLAGO,VENEZIA,VENETO,45.535001042785126,12.159409029588987,5,0,1463,182,1281,12.44
I551,SCORZE',VENEZIA,VENETO,45.57595781488634,12.141367858216887,6,0,1237,111,1126,8.97
F991,NUXIS,SUD SARDEGNA,SARDEGNA,39.148554016374796,8.761862208073197,2,0,52,5,47,9.62
F961,NOVELLO,CUNEO,PIEMONTE,44.59094566852954,7.920156160357848,1,0,39,7,32,17.95
B243,BUCINE,AREZZO,TOSCANA,43.423165990018695,11.603259330522487,4,0,467,53,414,11.35
C939,CONCA DELLA CAMPANIA,CASERTA,CAMPANIA,41.350857507687756,14.001711805811745,2,0,89,6,83,6.74
A946,BOLOGNETTA,PALERMO,SICILIA,37.973933223268794,13.480321256329256,2,0,290,5,285,1.72
F762,MOSCHIANO,AVELLINO,CAMPANIA,40.87347080285531,14.676982268730379,2,0,87,1,86,1.15
B280,BURONZO,VERCELLI,PIEMONTE,45.48424038744579,8.263747891362724,2,0,93,9,84,9.68
I181,SANTA CROCE DI MAGLIANO,CAMPOBASSO,MOLISE,41.712796239007744,15.04989721355175,3,0,339,22,317,6.49
M144,ZANDOBBIO,BERGAMO,LOMBARDIA,45.684496700856315,9.876371604228765,1,1,88,43,45,48.86
E430,LA MORRA,CUNEO,PIEMONTE,44.64734881119423,7.931844756606288,2,0,190,49,141,25.79
B292,BUSSERO,MILANO,LOMBARDIA,45.536395434698555,9.370009936950163,2,0,501,53,448,10.58
F087,MEDOLLA,MODENA,EMILIA ROMAGNA,44.83795110133376,11.075753389721976,2,0,484,91,393,18.8
F893,NICOTERA,VIBO VALENTIA,CALABRIA,38.55213030533501,15.939406430671934,7,1,750,109,641,14.53
I185,SANTA ELISABETTA,AGRIGENTO,SICILIA,37.43944500950133,13.548669664462674,2,0,135,4,131,2.96
E088,GONNOSTRAMATZA,ORISTANO,SARDEGNA,39.67558871102416,8.825716492786814,1,0,14,0,14,0.0
F534,MONTELANICO,ROMA,LAZIO,41.648650029105966,13.039832822853723,2,0,86,9,77,10.47
I801,SOLFERINO,MANTOVA,LOMBARDIA,45.368547219227956,10.55634866744746,1,0,80,17,63,21.25
I175,SANTA CRISTINA E BISSONE,PAVIA,LOMBARDIA,45.15548364372506,9.419147716408057,1,0,84,16,68,19.05
F799,MUGNANO DI NAPOLI,NAPOLI,CAMPANIA,40.908727041568866,14.2103822843355,5,0,2572,42,2530,1.63
G728,PIZZONI,VIBO VALENTIA,CALABRIA,38.62148024038717,16.247278030159656,2,0,80,2,78,2.5
D672,FONTANELLA,BERGAMO,LOMBARDIA,45.455013611614035,9.804195248047833,2,2,430,167,263,38.84
I402,SAN VITO,SUD SARDEGNA,SARDEGNA,39.41428174537276,9.50315575551037,2,0,174,2,172,1.15
D088,COSIO VALTELLINO,SONDRIO,LOMBARDIA,46.121244836242,9.526979183651136,3,0,279,31,248,11.11
I093,SAN PIETRO A MAIDA,CATANZARO,CALABRIA,38.85369956685819,16.326908952451095,2,0,264,14,250,5.3
F453,MONTECAROTTO,ANCONA,MARCHE,43.541832543076495,13.082117861284177,2,0,110,17,93,15.45
C097,CASTEL DI SASSO,CASERTA,CAMPANIA,41.187273313555956,14.29119817217676,1,0,23,1,22,4.35
C375,CAVALLERLEONE,CUNEO,PIEMONTE,44.73512672583149,7.648987287946299,1,0,7,2,5,28.57
C069,CASTELCIVITA,SALERNO,CAMPANIA,40.50462162368303,15.233321052765586,1,0,33,2,31,6.06
C488,CERCEPICCOLA,CAMPOBASSO,MOLISE,41.45700394560434,14.678932799714417,1,0,35,0,35,0.0
F385,MONTA',CUNEO,PIEMONTE,44.82366003387654,7.951686693223901,2,0,473,106,367,22.41
B688,CAPRANICA,VITERBO,LAZIO,42.26055413987711,12.154933496469402,2,0,455,58,397,12.75
F093,MEINA,NOVARA,PIEMONTE,45.78530726175364,8.528555252158604,2,0,157,21,136,13.38
G524,PETTORANO SUL GIZIO,L'AQUILA,ABRUZZO,41.967396439361416,13.946916781703997,1,0,23,2,21,8.7
F682,MONTOGGIO,GENOVA,LIGURIA,44.508387408375526,9.05130846394997,2,0,81,13,68,16.05
E405,LAGLIO,COMO,LOMBARDIA,45.88822741575014,9.133155100134251,1,0,40,1,39,2.5
C520,CERNOBBIO,COMO,LOMBARDIA,45.85540628043264,9.070420883585392,3,0,501,60,441,11.98
B796,CARNAGO,VARESE,LOMBARDIA,45.71741428653281,8.839644237735149,1,0,268,10,258,3.73
C779,CIVITELLA CASANOVA,PESCARA,ABRUZZO,42.37914311940451,13.883187585061187,2,0,79,4,75,5.06
B446,CALVI DELL'UMBRIA,TERNI,UMBRIA,42.40611357491506,12.55030934722907,2,0,87,6,81,6.9
A580,BAIANO,AVELLINO,CAMPANIA,40.93616564301054,14.631470661566784,2,0,478,16,462,3.35
H940,SAN GREGORIO DI CATANIA,CATANIA,SICILIA,37.55817666438834,15.109051396917044,6,0,1357,15,1342,1.11
C497,CERES,TORINO,PIEMONTE,45.32061364911794,7.362489343082444,2,0,106,8,98,7.55
B630,CANTALUPO NEL SANNIO,ISERNIA,MOLISE,41.52463320487429,14.387717736474256,1,0,63,7,56,11.11
I657,SERRAVALLE SCRIVIA,ALESSANDRIA,PIEMONTE,44.723374204788556,8.849515444215259,2,2,412,223,189,54.13
C169,CASTELLI,TERAMO,ABRUZZO,42.48533416132203,13.725481102674918,3,0,97,15,82,15.46
A603,BALSORANO,L'AQUILA,ABRUZZO,41.7995332743616,13.583735330023043,1,0,146,7,139,4.79
H778,SAN BIAGIO PLATANI,AGRIGENTO,SICILIA,37.51152588348651,13.542556164614657,2,0,144,2,142,1.39
A346,AQUILEIA,UDINE,FRIULI-VENEZIA G.,45.75616424544077,13.361749090928184,2,0,263,23,240,8.75
L629,VALLO TORINESE,TORINO,PIEMONTE,45.225754863095794,7.483397904896328,1,0,28,2,26,7.14
G368,PASTURO,LECCO,LOMBARDIA,45.94521755416185,9.421324630749723,1,0,91,6,85,6.59
D089,COSOLETO,REGGIO CALABRIA,CALABRIA,38.23457107594836,15.906467310549655,1,0,40,3,37,7.5
E855,MALFA,MESSINA,SICILIA,38.57471633737605,14.831183030635264,2,0,102,26,76,25.49
E751,LURANO,BERGAMO,LOMBARDIA,45.56790397503475,9.640521314901026,2,0,305,60,245,19.67
G765,POGGIO NATIVO,RIETI,LAZIO,42.213084324080455,12.78725810324735,3,1,163,44,119,26.99
L797,VERUCCHIO,RIMINI,EMILIA ROMAGNA,43.98329787612056,12.428299162616312,3,0,779,109,670,13.99
B218,BRUNATE,COMO,LOMBARDIA,45.82130137951292,9.09951270890266,1,0,29,8,21,27.59
D981,GERENZANO,VARESE,LOMBARDIA,45.634549228798384,8.989946884576337,3,1,742,177,565,23.85
M301,PADRU,SASSARI,SARDEGNA,40.721536052811345,9.51010785974017,2,0,126,2,124,1.59
F563,MONTEMESOLA,TARANTO,PUGLIA,40.564195514181996,17.337664391081553,2,0,205,0,205,0.0
B788,CARLINO,UDINE,FRIULI-VENEZIA G.,45.791622812236554,13.177569588228842,2,0,146,5,141,3.42
L634,VALMADRERA,LECCO,LOMBARDIA,45.85237458466899,9.350527749959975,2,1,560,142,418,25.36
L165,TICINETO,ALESSANDRIA,PIEMONTE,45.101966149429344,8.55768960354043,2,0,146,15,131,10.27
D200,CUGLIERI,ORISTANO,SARDEGNA,40.1497896712318,8.529709885486383,2,0,103,8,95,7.77
B997,CASSANO IRPINO,AVELLINO,CAMPANIA,40.878183671009815,15.02694806548665,2,0,64,8,56,12.5
I941,STAZZANO,ALESSANDRIA,PIEMONTE,44.737092012238776,8.899572790832497,2,0,181,20,161,11.05
A470,ASOLA,MANTOVA,LOMBARDIA,45.21936594823631,10.430003182707496,6,0,1891,418,1473,22.1
E878,MANDATORICCIO,COSENZA,CALABRIA,39.49804597498307,16.848556736514592,2,0,76,4,72,5.26
F970,NOVOLI,LECCE,PUGLIA,40.373118588120306,18.043666797667253,2,0,423,16,407,3.78
A482,ATELLA,POTENZA,BASILICATA,40.87685828515488,15.627507619777242,2,0,233,9,224,3.86
A360,ARCADE,TREVISO,VENETO,45.781878506403395,12.223967763064296,2,0,291,52,239,17.87
E869,MALVAGNA,MESSINA,SICILIA,37.926565854534985,15.051504438007226,1,0,5,0,5,0.0
C877,COLLI DEL TRONTO,ASCOLI PICENO,MARCHE,42.87042586001817,13.74544340085376,2,0,282,27,255,9.57
H933,SAN GIUSEPPE JATO,PALERMO,SICILIA,37.971261331110426,13.177499568614252,4,0,658,12,646,1.82
I254,SANTA MARINA SALINA,MESSINA,SICILIA,38.55571391033993,14.859562624814515,1,0,15,3,12,20.0
C178,CASTELLO DEL MATESE,CASERTA,CAMPANIA,41.390147952458946,14.428231818649971,2,0,68,0,68,0.0
L513,USSARAMANNA,SUD SARDEGNA,SARDEGNA,39.691020071427914,8.903637111529584,1,0,26,0,26,0.0
I240,SANTA MARIA DI LICODIA,CATANIA,SICILIA,37.62495918565365,14.897537039330189,4,0,974,34,940,3.49
I644,SERRADIFALCO,CALTANISSETTA,SICILIA,37.453119801420215,13.884409775036119,2,0,302,11,291,3.64
D524,FELETTO,TORINO,PIEMONTE,45.295340415582714,7.758462656656519,1,0,76,16,60,21.05
H354,RIVODUTRI,RIETI,LAZIO,42.52160163539361,12.86685247720033,1,0,34,3,31,8.82
H961,SAN LORENZO BELLIZZI,COSENZA,CALABRIA,39.90632677689183,16.303121396025755,2,1,19,4,15,21.05
A699,BASIGLIO,MILANO,LOMBARDIA,45.349159582192065,9.165652509341346,2,0,812,58,754,7.14
C885,COLLOREDO DI MONTE ALBANO,UDINE,FRIULI-VENEZIA G.,46.16210115588067,13.11728000318017,1,0,63,3,60,4.76
B351,CAGGIANO,SALERNO,CAMPANIA,40.56119125994306,15.495118654248634,2,2,156,107,49,68.59
I407,SAN VITO LO CAPO,TRAPANI,SICILIA,38.12434529774804,12.758950823971581,3,0,221,10,211,4.52
F983,NURAMINIS,SUD SARDEGNA,SARDEGNA,39.440870507241684,9.013462444176639,2,0,127,7,120,5.51
D111,COSTA SERINA,BERGAMO,LOMBARDIA,45.82470207551002,9.747914956507515,2,0,100,5,95,5.0
G719,PIVERONE,TORINO,PIEMONTE,45.44097791286381,8.008785422085912,2,0,205,14,191,6.83
I501,SCANNO,L'AQUILA,ABRUZZO,41.87656367614642,13.90118767730319,2,0,85,3,82,3.53
H572,ROSETO CAPO SPULICO,COSENZA,CALABRIA,39.99720855916897,16.582860304808463,2,0,103,6,97,5.83
D118,COSTERMANO SUL GARDA,VERONA,VENETO,45.59221782550505,10.73663474922248,2,0,125,9,116,7.2
C064,CASTEL BOGLIONE,ASTI,PIEMONTE,44.72766688494553,8.376700746810936,1,0,34,10,24,29.41
E651,LODI VECCHIO,LODI,LOMBARDIA,45.30192229591949,9.416474320166877,2,1,611,196,415,32.08
D162,CRESSA,NOVARA,PIEMONTE,45.645792245050586,8.509099691087057,1,0,69,5,64,7.25
A187,ALFEDENA,L'AQUILA,ABRUZZO,41.715751128203365,14.009717721807819,1,0,18,0,18,0.0
B762,CAREMA,TORINO,PIEMONTE,45.585657163546756,7.830585311444455,1,0,20,2,18,10.0
D361,DRAGONI,CASERTA,CAMPANIA,41.26512004723214,14.305116637628968,2,0,82,5,77,6.1
B840,CARROSIO,ALESSANDRIA,PIEMONTE,44.65614118233389,8.836997260589039,1,1,14,6,8,42.86
B664,CAPO DI PONTE,BRESCIA,LOMBARDIA,46.04496007083332,10.312911650464226,2,0,250,27,223,10.8
B932,CASAPE,ROMA,LAZIO,41.9106562785996,12.89448656878532,1,0,8,2,6,25.0
I831,SONICO,BRESCIA,LOMBARDIA,46.14193177024594,10.40622492404708,1,0,50,0,50,0.0
H395,ROCCA DE' BALDI,CUNEO,PIEMONTE,44.438210553322016,7.746324359272713,2,0,160,13,147,8.13
H912,SAN GIOVANNI DEL DOSSO,MANTOVA,LOMBARDIA,44.97122841068094,11.065395031766359,1,1,52,23,29,44.23
E550,LESMO,MONZA E DELLA BRIANZA,LOMBARDIA,45.64639776987495,9.305008891372585,2,0,668,57,611,8.53
D179,CROGNALETO,TERAMO,ABRUZZO,42.56691878988964,13.472310794950001,1,0,15,1,14,6.67
G890,PORNASSIO,IMPERIA,LIGURIA,44.07602554797755,7.859743801167036,1,1,23,7,16,30.43
A309,ANTICOLI CORRADO,ROMA,LAZIO,42.00944416750843,12.978889457097637,2,0,45,1,44,2.22
G408,PEDEROBBA,TREVISO,VENETO,45.86524269158278,11.970966466898073,3,0,399,72,327,18.05
G729,PLACANICA,REGGIO CALABRIA,CALABRIA,38.424433706875455,16.440083136468733,1,0,48,8,40,16.67
C717,SANTA MARIA DEL CEDRO,COSENZA,CALABRIA,39.75333690093806,15.838043604879852,3,0,345,17,328,4.93
F523,MONTEGRIDOLFO,RIMINI,EMILIA ROMAGNA,43.86655158390537,12.70811425471334,1,0,28,2,26,7.14
M337,VERDERIO,LECCO,LOMBARDIA,45.66320648117242,9.439516040875324,1,0,199,27,172,13.57
F884,NIARDO,BRESCIA,LOMBARDIA,45.95912187079616,10.365375646342883,2,0,192,33,159,17.19
C307,CASTIGLIONE TORINESE,TORINO,PIEMONTE,45.11277218822623,7.803499993367682,2,0,397,24,373,6.05
F786,MOZZANICA,BERGAMO,LOMBARDIA,45.471369676991564,9.689789794110137,2,0,331,57,274,17.22
H880,SAN GIORGIO A LIRI,FROSINONE,LAZIO,41.40239168314654,13.766269906847082,2,0,292,23,269,7.88
A105,AIETA,COSENZA,CALABRIA,39.91621253183011,15.845834428824826,2,0,35,4,31,11.43
L557,VALDIDENTRO,SONDRIO,LOMBARDIA,46.48841024381495,10.264125533892047,2,0,325,10,315,3.08
L078,TAVOLETO,PESARO E URBINO,MARCHE,43.84856510188447,12.566968046168228,1,0,28,6,22,21.43
F205,MILANO,MILANO,LOMBARDIA,45.468408112973044,9.173040891801092,312,134,129323,31952,97371,24.71
F592,MONTEPULCIANO,SIENA,TOSCANA,43.112583339144436,11.840184084597798,11,0,2355,337,2018,14.31
D205,CUNEO,CUNEO,PIEMONTE,44.41636670751313,7.552932866088322,33,4,10558,1226,9332,11.61
E118,GOVONE,CUNEO,PIEMONTE,44.79459437261933,8.103782691838811,2,0,211,9,202,4.27
H264,RHO,MILANO,LOMBARDIA,45.53105756589198,9.04942084187387,22,4,8204,1338,6866,16.31
G478,PERUGIA,PERUGIA,UMBRIA,43.136531844595595,12.395074899925373,74,9,21083,3047,18036,14.45
D704,FORLI',FORLI'-CESENA,EMILIA ROMAGNA,44.227381741134,12.049812988635697,40,8,15234,2584,12650,16.96
L843,VICO NEL LAZIO,FROSINONE,LAZIO,41.797763407141304,13.372907167632123,2,0,121,4,117,3.31
C612,CHIARAMONTE GULFI,RAGUSA,SICILIA,37.04435851272062,14.654179145595153,6,0,599,100,499,16.69
B111,BRA,CUNEO,PIEMONTE,44.70706259659991,7.8250072359029845,15,2,4275,662,3613,15.49
D843,GAETA,LATINA,LAZIO,41.23488246395052,13.540336653246154,9,0,2275,117,2158,5.14
E054,GIUGLIANO IN CAMPANIA,NAPOLI,CAMPANIA,40.92916016954573,14.101828634602656,23,0,13667,476,13191,3.48
B776,CARIFE,AVELLINO,CAMPANIA,41.0186467501451,15.212694880693752,2,0,59,5,54,8.47
B948,CASCIA,PERUGIA,UMBRIA,42.69924542354336,13.039474210777971,5,0,283,20,263,7.07
L746,VERBANIA,VERBANO-CUSIO-OSSOLA,PIEMONTE,45.935021283668284,8.540264926937859,16,1,5172,510,4662,9.86
C496,CERDA,PALERMO,SICILIA,37.893769194081436,13.823237421873587,4,0,515,43,472,8.35
H220,REFRONTOLO,TREVISO,VENETO,45.917840640855836,12.212802480090835,1,0,76,3,73,3.95
C219,CASTELNOVO NE' MONTI,REGGIO EMILIA,EMILIA ROMAGNA,44.43849871977816,10.41688843134491,9,1,2332,363,1969,15.57
E214,GROTTOLELLA,AVELLINO,CAMPANIA,40.97126334343744,14.788084385916113,2,0,103,5,98,4.85
A714,BATTAGLIA TERME,PADOVA,VENETO,45.294842559493965,11.777691539022259,2,1,179,56,123,31.28
A662,BARI,BARI,PUGLIA,41.103016718908314,16.845790320037317,108,4,38363,1665,36698,4.34
G166,OSPEDALETTO LODIGIANO,LODI,LOMBARDIA,45.17071438337998,9.584164332354113,1,1,72,31,41,43.06
C286,CASTELVETRANO,TRAPANI,SICILIA,37.654206565436276,12.816622781379595,17,0,4267,217,4050,5.09
F029,MASSA LOMBARDA,RAVENNA,EMILIA ROMAGNA,44.461535002181485,11.814324289143947,3,2,724,280,444,38.67
D344,DONORI,SUD SARDEGNA,SARDEGNA,39.441324545774926,9.134002593316923,2,0,91,0,91,0.0
I995,SUELLI,SUD SARDEGNA,SARDEGNA,39.5741479567505,9.137547921173562,2,0,109,0,109,0.0
G812,POMIGLIANO D'ARCO,NAPOLI,CAMPANIA,40.908442346560065,14.386968794922351,24,1,9755,180,9575,1.85
I629,SERINA,BERGAMO,LOMBARDIA,45.8860231862015,9.73444969068584,2,0,177,11,166,6.21
D323,DOLIANOVA,SUD SARDEGNA,SARDEGNA,39.394375345664834,9.219538522568492,2,0,608,11,597,1.81
B107,BOVOLONE,VERONA,VENETO,45.26406877810242,11.11667057593342,4,1,1425,365,1060,25.61
B088,BOTTANUCO,BERGAMO,LOMBARDIA,45.63923436141735,9.513454640318985,3,0,334,48,286,14.37
F092,MEGLIADINO SAN VITALE,PADOVA,VENETO,45.17813266517217,11.530705235207252,2,1,65,26,39,40.0
F999,ODERZO,TREVISO,VENETO,45.771973547362116,12.497902693053534,12,1,3178,584,2594,18.38
G187,OSTUNI,BRINDISI,PUGLIA,40.729991816550104,17.54877583574639,7,0,3069,172,2897,5.6
H931,SAN GIUSEPPE VESUVIANO,NAPOLI,CAMPANIA,40.82660723459707,14.502506277784331,15,3,3306,660,2646,19.96
I318,SANT'EGIDIO ALLA VIBRATA,TERAMO,ABRUZZO,42.81780894368646,13.710372911777094,6,0,911,198,713,21.73
G506,PETACCIATO,CAMPOBASSO,MOLISE,42.01171293918585,14.847559807147313,2,0,260,18,242,6.92
E441,LANUSEI,NUORO,SARDEGNA,39.79883224356561,9.575620025842323,6,0,1203,20,1183,1.66
M082,VITERBO,VITERBO,LAZIO,42.43753453359554,12.06320956530627,29,3,9659,972,8687,10.06
E209,GROTTE,AGRIGENTO,SICILIA,37.42156143676444,13.68605471253156,3,0,361,14,347,3.88
L777,VEROLANUOVA,BRESCIA,LOMBARDIA,45.337582451845265,10.078645769604098,6,0,1212,220,992,18.15
C800,CLUSONE,BERGAMO,LOMBARDIA,45.873147544437124,9.937471267845384,5,0,1335,106,1229,7.94
H809,SAN COSTANZO,PESARO E URBINO,MARCHE,43.75359005092077,13.056689331476685,2,0,303,28,275,9.24
B162,BRESSO,MILANO,LOMBARDIA,45.536482319947986,9.194970561430909,6,3,1579,470,1109,29.77
D789,FRATTAMAGGIORE,NAPOLI,CAMPANIA,40.936915350788176,14.274615899781955,14,0,7372,159,7213,2.16
F213,MILLESIMO,SAVONA,LIGURIA,44.3465984043082,8.204874776076798,2,0,329,72,257,21.88
D662,FONDI,LATINA,LAZIO,41.33593748795564,13.409613529436797,14,2,4771,729,4042,15.28
A940,BOLLATE,MILANO,LOMBARDIA,45.55030485837752,9.114639456490726,12,2,4549,652,3897,14.33
H341,RIVAROLO DEL RE ED UNITI,CREMONA,LOMBARDIA,45.03617306753395,10.470116251633112,2,0,176,34,142,19.32
I823,SOMMARIVA PERNO,CUNEO,PIEMONTE,44.74537056321437,7.889941712388011,2,0,189,18,171,9.52
G631,PIETRELCINA,BENEVENTO,CAMPANIA,41.20051147400038,14.846054797463367,2,0,185,11,174,5.95
G999,PRATO,PRATO,TOSCANA,43.87824127765791,11.085151222211284,69,36,24771,7626,17145,30.79
D907,GANGI,PALERMO,SICILIA,37.7529929258224,14.225070108379011,7,0,904,23,881,2.54
C676,CICERALE,SALERNO,CAMPANIA,40.35360926221929,15.117973342053642,2,0,21,2,19,9.52
L496,URAS,ORISTANO,SARDEGNA,39.70552992355211,8.692353795443633,2,0,130,1,129,0.77
F419,MONTALTO DI CASTRO,VITERBO,LAZIO,42.38021946203844,11.580077299434866,4,1,624,129,495,20.67
A092,AGUGLIANO,ANCONA,MARCHE,43.55439984597172,13.36469110372564,1,0,315,13,302,4.13
B895,CASAL VELINO,SALERNO,CAMPANIA,40.20556759282701,15.129179019218917,3,0,270,19,251,7.04
C300,CASTIGLIONE OLONA,VARESE,LOMBARDIA,45.75476261364122,8.866185562769886,2,0,532,42,490,7.89
M011,VILLAROSA,ENNA,SICILIA,37.59295579118403,14.1775818397295,3,0,251,7,244,2.79
E366,ISPICA,RAGUSA,SICILIA,36.759272014684235,14.933055460405356,11,3,2053,317,1736,15.44
E691,LORETO APRUTINO,PESCARA,ABRUZZO,42.411612740856846,13.9745411602255,3,0,446,33,413,7.4
I612,SENNA LODIGIANA,LODI,LOMBARDIA,45.1333961098388,9.59360790953838,2,2,131,42,89,32.06
H271,RICADI,VIBO VALENTIA,CALABRIA,38.63586427942465,15.857438978745146,4,0,319,20,299,6.27
I655,SERRASTRETTA,CATANZARO,CALABRIA,38.981933314891826,16.407207793000087,4,0,201,4,197,1.99
H844,SAN FIORANO,LODI,LOMBARDIA,45.133645572402386,9.714418527782804,1,0,103,11,92,10.68
L483,UDINE,UDINE,FRIULI-VENEZIA G.,46.06439741624545,13.245348944113688,50,18,17857,2773,15084,15.53
F917,NOEPOLI,POTENZA,BASILICATA,40.09719965491356,16.330510209159776,1,0,13,1,12,7.69
F005,MASCALUCIA,CATANIA,SICILIA,37.58716742058281,15.040008638662304,12,0,4225,32,4193,0.76
D555,FERRIERE,PIACENZA,EMILIA ROMAGNA,44.633144332558075,9.487703588962694,2,0,25,3,22,12.0
F269,MOGLIANO VENETO,TREVISO,VENETO,45.567994696060396,12.252506034251189,12,1,2772,310,2462,11.18
C412,CAZZANO DI TRAMIGNA,VERONA,VENETO,45.482706862094915,11.211411910691615,1,0,51,5,46,9.8
D027,CORNO DI ROSAZZO,UDINE,FRIULI-VENEZIA G.,46.000161439794304,13.442697080075767,2,0,161,23,138,14.29
D660,FOMBIO,LODI,LOMBARDIA,45.1340739853211,9.688405117141889,1,0,95,8,87,8.42
B789,CARLOFORTE,SUD SARDEGNA,SARDEGNA,39.14090999515263,8.275836265666904,4,0,492,7,485,1.42
D177,CRODO,VERBANO-CUSIO-OSSOLA,PIEMONTE,46.243286731552615,8.29536101453779,3,0,217,4,213,1.84
C777,CIVITELLA DI ROMAGNA,FORLI'-CESENA,EMILIA ROMAGNA,44.013468205058196,12.011719996845363,3,1,246,51,195,20.73
I512,SCARNAFIGI,CUNEO,PIEMONTE,44.688325372211864,7.5585897895626255,2,0,210,25,185,11.9
C037,CASSOLA,VICENZA,VENETO,45.744042836951365,11.781313679260336,4,1,921,147,774,15.96
H650,SABBIO CHIESE,BRESCIA,LOMBARDIA,45.64437552976377,10.431469791769837,2,0,441,67,374,15.19
G603,PIERANICA,CREMONA,LOMBARDIA,45.429046326012624,9.609095112888703,1,0,91,7,84,7.69
E931,MARCIANA MARINA,LIVORNO,TOSCANA,42.79977618284077,10.196817055760564,2,0,86,3,83,3.49
A652,BAREGGIO,MILANO,LOMBARDIA,45.47442310400502,8.99960974133725,3,0,1123,135,988,12.02
F109,MELISSANO,LECCE,PUGLIA,39.97763431813036,18.123138960859812,2,0,360,2,358,0.56
L780,VEROLI,FROSINONE,LAZIO,41.71901152260321,13.449350121470095,12,0,2168,96,2072,4.43
C030,CASSINELLE,ALESSANDRIA,PIEMONTE,44.579430650661315,8.557508983546027,1,0,11,0,11,0.0
G902,PORTICI,NAPOLI,CAMPANIA,40.81881427779456,14.34183187978639,23,0,7848,75,7773,0.96
A650,BARDOLINO,VERONA,VENETO,45.538989456642014,10.696175311439806,5,0,892,130,762,14.57
A909,BOBBIO,PIACENZA,EMILIA ROMAGNA,44.792064803618025,9.385923979554779,3,0,230,34,196,14.78
D754,FRAGAGNANO,TARANTO,PUGLIA,40.43075893866729,17.478364167688433,2,0,336,15,321,4.46
C922,COMERIO,VARESE,LOMBARDIA,45.85278297462704,8.743454308166482,2,0,296,37,259,12.5
F416,MONTALTO UFFUGO,COSENZA,CALABRIA,39.401876863957966,16.178053140814303,9,0,1803,61,1742,3.38
D636,FLORIDIA,SIRACUSA,SICILIA,37.080946170889746,15.115217375085304,8,0,2535,86,2449,3.39
H622,ROVOLON,PADOVA,VENETO,45.38068753261576,11.650465806009489,2,0,345,29,316,8.41
M276,SANT'ANTONIO DI GALLURA,SASSARI,SARDEGNA,40.97747421276883,9.32637413149467,2,0,65,1,64,1.54
L872,VIGEVANO,PAVIA,LOMBARDIA,45.307775277443376,8.868172472097141,21,11,7918,2262,5656,28.57
G582,PIAZZA AL SERCHIO,LUCCA,TOSCANA,44.19698454349271,10.293691234050893,2,0,95,5,90,5.26
H687,SALANDRA,MATERA,BASILICATA,40.54326894513535,16.318903251200023,2,0,139,4,135,2.88
I912,SPINETOLI,ASCOLI PICENO,MARCHE,42.87778681837835,13.776994085037899,3,0,508,64,444,12.6
E061,GIURDIGNANO,LECCE,PUGLIA,40.130687254574134,18.433725785391506,2,0,124,5,119,4.03
F042,MASSERANO,BIELLA,PIEMONTE,45.57013450876917,8.242193903014831,2,0,80,17,63,21.25
I548,SCORDIA,CATANIA,SICILIA,37.30098922944812,14.849815258398671,6,0,2027,41,1986,2.02
B744,CARBONERA,TREVISO,VENETO,45.698311169508166,12.301968397011118,4,0,675,120,555,17.78
D228,CURTI,CASERTA,CAMPANIA,41.074727149387584,14.274260691417387,2,0,613,26,587,4.24
D790,FRATTAMINORE,NAPOLI,CAMPANIA,40.95644187638648,14.271890812027516,6,0,1127,46,1081,4.08
D123,COTRONEI,CROTONE,CALABRIA,39.172134977801704,16.718653264578727,5,0,675,32,643,4.74
H919,SAN GIOVANNI IN FIORE,COSENZA,CALABRIA,39.267885930974174,16.649758388774973,14,0,1932,88,1844,4.55
E689,LOREO,ROVIGO,VENETO,45.06731881515945,12.190243595450266,2,0,145,19,126,13.1
D024,TARQUINIA,VITERBO,LAZIO,42.25651541311478,11.765518017881321,5,0,1728,117,1611,6.77
B544,CAMPOLIETO,CAMPOBASSO,MOLISE,41.63502789508609,14.762354931114478,1,0,17,0,17,0.0
F900,NISSORIA,ENNA,SICILIA,37.695246749788495,14.44989496562,2,0,141,2,139,1.42
H764,SAN BARTOLOMEO IN GALDO,BENEVENTO,CAMPANIA,41.42018998635145,15.03105189631405,5,0,376,15,361,3.99
H212,RECCO,GENOVA,LIGURIA,44.36955696323705,9.149381064904809,3,0,923,71,852,7.69
C237,CASTELNUOVO DI PORTO,ROMA,LAZIO,42.10917880958536,12.51631866153786,3,0,487,89,398,18.28
I016,SAN MARTINO VALLE CAUDINA,AVELLINO,CAMPANIA,41.02622924723578,14.671817408029629,2,0,232,2,230,0.86
M118,VOLPAGO DEL MONTELLO,TREVISO,VENETO,45.785779005720215,12.123142646338781,3,0,727,85,642,11.69
A062,AFFILE,ROMA,LAZIO,41.89301812137294,13.082940822524417,2,0,115,9,106,7.83
B497,CAMPAGNATICO,GROSSETO,TOSCANA,42.8536658132209,11.251017559707927,3,0,104,27,77,25.96
C819,COGGIOLA,BIELLA,PIEMONTE,45.71359460837857,8.156777169596538,2,0,90,17,73,18.89
B651,CAPESTRANO,L'AQUILA,ABRUZZO,42.272496739298255,13.79287780277675,2,0,63,17,46,26.98
D715,FORNELLI,ISERNIA,MOLISE,41.61405731576256,14.143951117717274,2,0,115,2,113,1.74
A540,BADIA CALAVENA,VERONA,VENETO,45.57471906998028,11.153906497371912,2,0,185,22,163,11.89
D061,CORTEMAGGIORE,PIACENZA,EMILIA ROMAGNA,44.99997676975663,9.921247198335802,3,2,444,129,315,29.05
M265,VAJONT,PORDENONE,FRIULI-VENEZIA G.,46.143356783556634,12.691722720224988,1,0,65,11,54,16.92
D011,CORLETO MONFORTE,SALERNO,CAMPANIA,40.44741147061926,15.400113451985655,1,0,57,17,40,29.82
A110,AIROLA,BENEVENTO,CAMPANIA,41.057384285465176,14.563660427756734,7,0,1368,45,1323,3.29
G432,PENNA IN TEVERINA,TERNI,UMBRIA,42.49293545407809,12.363010316217068,1,0,27,2,25,7.41
C659,CHIUSANO DI SAN DOMENICO,AVELLINO,CAMPANIA,40.9310125523419,14.930579772929407,2,0,99,0,99,0.0
E041,GIOIA TAURO,REGGIO CALABRIA,CALABRIA,38.42893663310176,15.921743532116917,8,0,2593,97,2496,3.74
B857,CASABONA,CROTONE,CALABRIA,39.243774967395275,16.952363855167132,2,0,129,5,124,3.88
B049,BORMIO,SONDRIO,LOMBARDIA,46.497822860289304,10.4069342228454,5,0,1056,43,1013,4.07
C516,CERMENATE,COMO,LOMBARDIA,45.7004052760148,9.082112578037123,4,0,679,73,606,10.75
B436,CALVAGESE DELLA RIVIERA,BRESCIA,LOMBARDIA,45.52869645932014,10.457463651091526,2,0,325,30,295,9.23
L583,VALGUARNERA CAROPEPE,ENNA,SICILIA,37.50985559342628,14.391149801054528,6,0,553,5,548,0.9
A771,LIZZANO IN BELVEDERE,BOLOGNA,EMILIA ROMAGNA,44.16271337205782,10.864126468761413,2,0,119,27,92,22.69
C561,CESA,CASERTA,CAMPANIA,40.95998081281628,14.227918259366483,3,0,628,57,571,9.08
C556,CERVIGNANO DEL FRIULI,UDINE,FRIULI-VENEZIA G.,45.829804223237794,13.333076298408011,7,1,1705,286,1419,16.77
L739,VENTICANO,AVELLINO,CAMPANIA,41.05957346895499,14.923184059407799,2,0,174,8,166,4.6
C591,CEVO,BRESCIA,LOMBARDIA,46.06790358405818,10.430589570543965,1,0,25,0,25,0.0
F162,META,NAPOLI,CAMPANIA,40.640475149450474,14.41844372266093,3,0,1492,20,1472,1.34
G751,POGGIARDO,LECCE,PUGLIA,40.060035479593594,18.385717182743846,5,0,573,67,506,11.69
D374,DRUOGNO,VERBANO-CUSIO-OSSOLA,PIEMONTE,46.13186615150952,8.412314068279157,2,0,38,3,35,7.89
A474,ASSEMINI,CAGLIARI,SARDEGNA,39.21109531654431,8.956793264868812,8,0,1802,61,1741,3.39
H625,RUBANO,PADOVA,VENETO,45.435621959215545,11.80220100490597,6,1,1173,232,941,19.78
H218,REDONDESCO,MANTOVA,LOMBARDIA,45.17246858949868,10.517434592175652,1,0,73,14,59,19.18
M090,VITTORITO,L'AQUILA,ABRUZZO,42.134799943883415,13.807192235949154,1,0,32,0,32,0.0
I482,SCAFA,PESCARA,ABRUZZO,42.254585915388205,13.990514352023816,2,0,236,13,223,5.51
C785,CIVO,SONDRIO,LOMBARDIA,46.17946967868077,9.584365831539358,1,0,69,4,65,5.8
D607,FIORANO MODENESE,MODENA,EMILIA ROMAGNA,44.53061054626155,10.826222655853936,5,0,1249,156,1093,12.49
F541,MONTELEONE SABINO,RIETI,LAZIO,42.22494027542275,12.868631308350489,1,0,18,0,18,0.0
H888,SAN GIORGIO LUCANO,MATERA,BASILICATA,40.109907547749806,16.389380712919763,2,0,49,6,43,12.24
F125,MENDICINO,COSENZA,CALABRIA,39.25372662326811,16.174733816286206,4,0,447,12,435,2.68
D617,FIUMALBO,MODENA,EMILIA ROMAGNA,44.171443890474514,10.653750346715903,2,0,95,4,91,4.21
H620,ROVIGO,ROVIGO,VENETO,45.06958868293721,11.795206360547633,25,2,7050,1005,6045,14.26
E991,MARTIRANO LOMBARDO,CATANZARO,CALABRIA,39.06017370888982,16.225633059760547,2,0,49,3,46,6.12
B499,CAMPAGNOLA EMILIA,REGGIO EMILIA,EMILIA ROMAGNA,44.84285780159482,10.762322852971375,2,0,385,109,276,28.31
G302,PAMPARATO,CUNEO,PIEMONTE,44.256095035416664,7.909700503183579,2,0,30,6,24,20.0
H584,ROTA D'IMAGNA,BERGAMO,LOMBARDIA,45.8351802659097,9.512901432548537,1,0,32,6,26,18.75
D940,GAVARDO,BRESCIA,LOMBARDIA,45.59008382136436,10.440471515280764,4,1,846,195,651,23.05
F806,MURA,BRESCIA,LOMBARDIA,45.71518097239477,10.341442987096066,1,0,26,6,20,23.08
B234,BRUZZANO ZEFFIRIO,REGGIO CALABRIA,CALABRIA,38.020715793275606,16.06761702900814,2,0,57,3,54,5.26
A225,ALTAMURA,BARI,PUGLIA,40.85981209908574,16.550313671759564,21,0,10011,730,9281,7.29
I809,SOLOPACA,BENEVENTO,CAMPANIA,41.19089422890144,14.551820879229547,3,0,269,21,248,7.81
C878,COLLI A VOLTURNO,ISERNIA,MOLISE,41.59149863012349,14.107550671987939,2,0,95,2,93,2.11
D298,DIANO SAN PIETRO,IMPERIA,LIGURIA,43.95321288391167,8.0613750487684,1,0,103,9,94,8.74
L426,TRIGOLO,CREMONA,LOMBARDIA,45.326837536444934,9.818245131775893,2,0,155,37,118,23.87
G320,PAPASIDERO,COSENZA,CALABRIA,39.87210555911983,15.908249236319827,2,0,13,0,13,0.0
L735,VENETICO,MESSINA,SICILIA,38.20387238525142,15.373968580783313,2,0,302,12,290,3.97
H055,PREVALLE,BRESCIA,LOMBARDIA,45.54407996054524,10.420322572346942,2,1,486,151,335,31.07
G568,PIANO DI SORRENTO,NAPOLI,CAMPANIA,40.62431836152942,14.423724950053058,5,0,1378,26,1352,1.89
M322,CASTELFRANCO PIANDISCO',AREZZO,TOSCANA,43.63842714503256,11.559705665806135,6,0,512,36,476,7.03
G522,PETTINEO,MESSINA,SICILIA,37.949652023943614,14.28416620723998,2,0,52,2,50,3.85
A756,BELLOSGUARDO,SALERNO,CAMPANIA,40.418506067314716,15.305518839093725,1,1,18,9,9,50.0
D226,CURTAROLO,PADOVA,VENETO,45.526300790600615,11.843001020125413,4,0,410,87,323,21.22
H183,RAPALLO,GENOVA,LIGURIA,44.36802188470346,9.21628522961327,11,4,2497,599,1898,23.99
H165,RUVIANO,CASERTA,CAMPANIA,41.21219090559513,14.413296969781353,2,0,120,3,117,2.5
B123,BRANZI,BERGAMO,LOMBARDIA,45.99915535023742,9.77887529871845,2,0,56,0,56,0.0
D881,GALLINARO,FROSINONE,LAZIO,41.65945987270791,13.798927287330798,1,0,17,4,13,23.53
D690,SAN GIOVANNI TEATINO,CHIETI,ABRUZZO,42.4128085093923,14.185788513755115,4,0,1215,51,1164,4.2
B473,CAMERI,NOVARA,PIEMONTE,45.51442056258794,8.665213650820387,2,0,665,87,578,13.08
B968,CASTELSILANO,CROTONE,CALABRIA,39.25926206730895,16.827593311926506,2,1,47,12,35,25.53
I054,SAN NICANDRO GARGANICO,FOGGIA,PUGLIA,41.84292124880278,15.57507062913693,5,0,1177,98,1079,8.33
A799,BERLINGO,BRESCIA,LOMBARDIA,45.50602662198577,10.03377234765785,2,0,204,39,165,19.12
H424,ROCCAMONTEPIANO,CHIETI,ABRUZZO,42.25486343075625,14.133760491858885,2,0,100,7,93,7.0
I079,SAN PELLEGRINO TERME,BERGAMO,LOMBARDIA,45.84014157433748,9.661844726675358,5,0,955,50,905,5.24
A683,BARZAGO,LECCO,LOMBARDIA,45.754564543949066,9.318361051467386,1,0,93,13,80,13.98
B036,BORGO SAN LORENZO,FIRENZE,TOSCANA,43.96341665288758,11.404807119246543,9,0,3201,490,2711,15.31
E053,GIUGGIANELLO,LECCE,PUGLIA,40.106210911142945,18.385526226543725,1,0,40,0,40,0.0
B790,CARLOPOLI,CATANZARO,CALABRIA,39.04746674340358,16.44331552537653,2,0,78,5,73,6.41
I984,STROPPIANA,VERCELLI,PIEMONTE,45.22876775826157,8.457101053232288,1,0,33,6,27,18.18
I090,SAN PIETRO VAL LEMINA,TORINO,PIEMONTE,44.928912201731286,7.289186299912915,1,0,66,5,61,7.58
C655,CHIUSA DI SAN MICHELE,TORINO,PIEMONTE,45.09870109544166,7.32317964238462,1,0,54,5,49,9.26
M348,LA VALLETTA BRIANZA,LECCO,LOMBARDIA,45.73075228494489,9.365734889021212,3,1,398,72,326,18.09
G218,PADERNO D'ADDA,LECCO,LOMBARDIA,45.67473192662054,9.45340971755301,1,0,164,49,115,29.88
C165,CASTELLETTO STURA,CUNEO,PIEMONTE,44.43140235135147,7.635664010118323,2,0,133,10,123,7.52
D128,CRACO,MATERA,BASILICATA,40.36981090535225,16.431158658246012,2,0,25,3,22,12.0
H485,ROFRANO,SALERNO,CAMPANIA,40.2074873836538,15.437769702706374,2,0,63,8,55,12.7
G658,PIEVE VERGONTE,VERBANO-CUSIO-OSSOLA,PIEMONTE,45.983526733834964,8.274069651799868,2,0,167,14,153,8.38
A007,ABBASANTA,ORISTANO,SARDEGNA,40.14017568492698,8.770091765409106,2,0,143,10,133,6.99
E039,GIOIA SANNITICA,CASERTA,CAMPANIA,41.30155266736654,14.429707487762018,3,0,134,4,130,2.99
G367,PASTURANA,ALESSANDRIA,PIEMONTE,44.75061961553737,8.746428381508268,1,0,76,5,71,6.58
D635,FLORESTA,MESSINA,SICILIA,37.96955851128503,14.911017021341582,1,0,10,2,8,20.0
I564,SEDILO,ORISTANO,SARDEGNA,40.180897445747085,8.94023265900504,2,0,113,4,109,3.54
D671,FONTANAROSA,AVELLINO,CAMPANIA,41.01275041172315,15.023193841283842,2,0,161,24,137,14.91
I048,SANNAZZARO DE' BURGONDI,PAVIA,LOMBARDIA,45.09723591318634,8.912972995026864,3,2,542,169,373,31.18
C108,CASTROLIBERO,COSENZA,CALABRIA,39.310270110857,16.205286531606895,4,0,1362,28,1334,2.06
C139,CASTELLANZA,VARESE,LOMBARDIA,45.610997207636615,8.898665455168596,7,0,1883,378,1505,20.07
C517,CERMIGNANO,TERAMO,ABRUZZO,42.58987889461281,13.800423210594996,2,0,79,5,74,6.33
G294,PALOMBARO,CHIETI,ABRUZZO,42.12562025363024,14.219873427907544,1,0,39,5,34,12.82
G297,PALU',VERONA,VENETO,45.326319278769446,11.142412273723739,1,1,61,22,39,36.07
G082,OPPIDO MAMERTINA,REGGIO CALABRIA,CALABRIA,38.28856893360213,15.977160893729256,7,0,652,16,636,2.45
C814,CODIGORO,FERRARA,EMILIA ROMAGNA,44.85817639118091,12.127735993338726,5,0,1310,176,1134,13.44
L879,VIGLIANO D'ASTI,ASTI,PIEMONTE,44.8345113373644,8.22797749947975,1,0,24,6,18,25.0
D006,CORIGLIANO D'OTRANTO,LECCE,PUGLIA,40.15485583835741,18.25114896258836,2,0,305,11,294,3.61
H712,SAN MAURO DI SALINE,VERONA,VENETO,45.560141146973514,11.109511287216831,1,0,65,4,61,6.15
G298,PALUDI,COSENZA,CALABRIA,39.53176805460019,16.676420458297944,2,0,45,10,35,22.22
E967,MARONE,BRESCIA,LOMBARDIA,45.74633342102315,10.097495623236755,2,0,217,29,188,13.36
G682,PIOBBICO,PESARO E URBINO,MARCHE,43.58407080939385,12.511604994953698,3,0,271,57,214,21.03
G684,PIOBESI TORINESE,TORINO,PIEMONTE,44.920476112398454,7.603210162980864,2,0,304,22,282,7.24
G152,OSASIO,TORINO,PIEMONTE,44.873982210505176,7.610043019425492,1,0,23,0,23,0.0
E022,GIBA,SUD SARDEGNA,SARDEGNA,39.06208103694248,8.600213697876416,2,0,124,4,120,3.23
F369,MONGRANDO,BIELLA,PIEMONTE,45.52177639062023,7.99527342635722,2,0,240,19,221,7.92
L190,TOIRANO,SAVONA,LIGURIA,44.14290607335855,8.18191478420477,2,0,250,12,238,4.8
F996,OCRE,L'AQUILA,ABRUZZO,42.279483362068945,13.46702745909086,1,0,54,2,52,3.7
H889,SAN GIORGIO MORGETO,REGGIO CALABRIA,CALABRIA,38.37516475091085,16.121889429285762,3,0,198,4,194,2.02
H855,SANGANO,TORINO,PIEMONTE,45.023353232062576,7.4449096532447685,3,0,626,21,605,3.35
F336,MONCALVO,ASTI,PIEMONTE,45.050671938863466,8.271526712800444,2,0,280,58,222,20.71
M161,ZEME,PAVIA,LOMBARDIA,45.1929883106713,8.674875690445178,1,1,24,15,9,62.5
G200,OVINDOLI,L'AQUILA,ABRUZZO,42.1334903651672,13.514313514108483,1,0,36,1,35,2.78
D750,FOZA,VICENZA,VENETO,45.90589358394369,11.628932225287011,2,0,39,0,39,0.0
L556,VALDENGO,BIELLA,PIEMONTE,45.56733152878762,8.137476193087164,2,0,322,14,308,4.35
H547,RONDISSONE,TORINO,PIEMONTE,45.246534153829494,7.960562557152871,2,0,99,6,93,6.06
B740,CARBONARA DI NOLA,NAPOLI,CAMPANIA,40.87168169598008,14.57709857972769,2,0,133,28,105,21.05
M196,ZUBIENA,BIELLA,PIEMONTE,45.48987388147407,8.00774783764251,1,0,40,3,37,7.5
E558,LETTOMANOPPELLO,PESCARA,ABRUZZO,42.22703046707269,14.051912853477972,2,0,144,3,141,2.08
B759,CARDITO,NAPOLI,CAMPANIA,40.93833344972542,14.294041336421259,5,0,1510,27,1483,1.79
M409,TRESIGNANA,FERRARA,EMILIA ROMAGNA,44.82589099164584,11.88285442876742,4,0,483,96,387,19.88
I445,SARTEANO,SIENA,TOSCANA,42.981598253168784,11.83997374035281,2,0,269,36,233,13.38
D508,FASANO,BRINDISI,PUGLIA,40.82512077598803,17.404881270830465,16,0,4108,313,3795,7.62
B610,CANNERO RIVIERA,VERBANO-CUSIO-OSSOLA,PIEMONTE,46.01429087319559,8.674904902809507,2,1,61,16,45,26.23
E025,GIFFONE,REGGIO CALABRIA,CALABRIA,38.4335610098022,16.15945231885087,2,0,126,0,126,0.0
G622,PIETRAPAOLA,COSENZA,CALABRIA,39.49454047403968,16.789351611556917,2,0,123,3,120,2.44
A468,SINALUNGA,SIENA,TOSCANA,43.22537514626414,11.73713795900136,5,1,850,197,653,23.18
C581,CESSANITI,VIBO VALENTIA,CALABRIA,38.6783199686269,16.03285846192221,3,0,178,9,169,5.06
D473,FALCONARA ALBANESE,COSENZA,CALABRIA,39.27553209386512,16.09387779471863,2,0,60,0,60,0.0
I597,SELVINO,BERGAMO,LOMBARDIA,45.78417483284115,9.74931147629762,2,0,171,14,157,8.19
H206,REANA DEL ROJALE,UDINE,FRIULI-VENEZIA G.,46.14905420693231,13.246508895009304,2,0,281,32,249,11.39
H695,SALE DELLE LANGHE,CUNEO,PIEMONTE,44.3956044500277,8.092670014444574,1,0,64,8,56,12.5
H749,SAMMICHELE DI BARI,BARI,PUGLIA,40.87360210305421,16.950230968070418,2,0,307,7,300,2.28
L570,VALENZA,ALESSANDRIA,PIEMONTE,45.01881082374026,8.629531637469116,6,0,1993,265,1728,13.3
C838,COLI,PIACENZA,EMILIA ROMAGNA,44.76049909392362,9.455549543516115,1,0,17,2,15,11.76
A763,BELMONTE CASTELLO,FROSINONE,LAZIO,41.58323244287417,13.81214188461921,1,0,14,0,14,0.0
L377,TRENTINARA,SALERNO,CAMPANIA,40.400202842341315,15.131084105849919,2,0,91,1,90,1.1
M177,ZIGNAGO,LA SPEZIA,LIGURIA,44.28905207056226,9.742572732971643,1,0,9,0,9,0.0
D026,CORNIGLIO,PARMA,EMILIA ROMAGNA,44.47564958056192,10.073125431856825,3,0,65,3,62,4.62
L157,THIENE,VICENZA,VENETO,45.69092816084324,11.48414152340457,10,2,4964,766,4198,15.43
G248,PAITONE,BRESCIA,LOMBARDIA,45.56858940200112,10.397011872760126,1,0,94,14,80,14.89
E451,LARCIANO,PISTOIA,TOSCANA,43.82708891701311,10.859609553990389,2,0,483,63,420,13.04
G020,OLEGGIO CASTELLO,NOVARA,PIEMONTE,45.7445239107471,8.530087741127476,1,0,87,6,81,6.9
C074,CASTELDACCIA,PALERMO,SICILIA,38.00922752392884,13.539344041609896,4,0,928,4,924,0.43
L681,VARESE LIGURE,LA SPEZIA,LIGURIA,44.37785645039721,9.58377511425927,2,0,99,3,96,3.03
D108,COSTACCIARO,PERUGIA,UMBRIA,43.367829226156694,12.701005325854965,2,0,35,7,28,20.0
L591,VALLE DI MADDALONI,CASERTA,CAMPANIA,41.074847970562374,14.415584563282188,2,0,155,0,155,0.0
L979,VILLANOVA DI CAMPOSAMPIERO,PADOVA,VENETO,45.49651769031102,11.980002437813035,3,0,403,47,356,11.66
C608,CHIANCIANO TERME,SIENA,TOSCANA,43.04128240469766,11.830203571079158,5,2,667,162,505,24.29
L061,TAURANO,AVELLINO,CAMPANIA,40.897096087840424,14.646783096047209,2,0,80,0,80,0.0
I878,SOVICO,MONZA E DELLA BRIANZA,LOMBARDIA,45.64586739026134,9.259490113578778,2,0,539,71,468,13.17
B608,CANNALONGA,SALERNO,CAMPANIA,40.24994417703245,15.32098819934342,1,0,32,0,32,0.0
L889,VIGNONE,VERBANO-CUSIO-OSSOLA,PIEMONTE,45.96405198233594,8.562816793978639,1,0,46,5,41,10.87
G878,POPOLI,PESCARA,ABRUZZO,42.1708601706604,13.83849967139421,4,0,379,29,350,7.65
B685,CAPRAIA ISOLA,LIVORNO,TOSCANA,43.03806904731175,9.819102500062327,2,0,10,2,8,20.0
F055,MATRICE,CAMPOBASSO,MOLISE,41.623257704387065,14.717238844145125,1,0,61,0,61,0.0
C389,CAVAZZO CARNICO,UDINE,FRIULI-VENEZIA G.,46.354355093131076,13.029434766659683,1,0,54,3,51,5.56
A604,BALVANO,POTENZA,BASILICATA,40.661181704425445,15.52816252817516,2,0,126,2,124,1.59
C334,CASTRI DI LECCE,LECCE,PUGLIA,40.27952701720596,18.267648025016392,2,0,144,14,130,9.72
B535,CAMPOFIORITO,PALERMO,SICILIA,37.759387776389936,13.266353802974795,2,0,70,2,68,2.86
G597,PIEDIMONTE ETNEO,CATANIA,SICILIA,37.80135514703807,15.139591906638941,2,0,199,6,193,3.02
D065,CORTENOVA,LECCO,LOMBARDIA,45.99664854743885,9.382846214088977,1,0,81,12,69,14.81
A329,APIRO,MACERATA,MARCHE,43.38160510414273,13.108054019696159,2,0,149,16,133,10.74
B771,CARFIZZI,CROTONE,CALABRIA,39.323913785927104,16.99562247672804,1,1,8,4,4,50.0
D562,FIANO,TORINO,PIEMONTE,45.21198135110906,7.52884332040693,2,0,298,22,276,7.38
B879,CASALE SUL SILE,TREVISO,VENETO,45.606172592091994,12.31255295730872,4,0,862,63,799,7.31
F874,NERVIANO,MILANO,LOMBARDIA,45.552729406327146,8.980298325625766,5,0,961,178,783,18.52
I627,SERGNANO,CREMONA,LOMBARDIA,45.43149434446056,9.689485367759026,2,0,357,71,286,19.89
D331,DOMICELLA,AVELLINO,CAMPANIA,40.88170779077119,14.59041244332973,3,0,223,18,205,8.07
L627,VALLO DI NERA,PERUGIA,UMBRIA,42.776812794167896,12.866951943729752,1,0,15,4,11,26.67
F992,OCCHIEPPO INFERIORE,BIELLA,PIEMONTE,45.5442831915217,8.02345509385705,2,0,227,36,191,15.86
G859,PONTEVICO,BRESCIA,LOMBARDIA,45.280197384871926,10.101857528203446,2,1,429,127,302,29.6
I538,SCILLATO,PALERMO,SICILIA,37.864491076232774,13.920609307638212,2,0,41,0,41,0.0
D312,DOBERDO' DEL LAGO,GORIZIA,FRIULI-VENEZIA G.,45.84203234404884,13.56116596510785,2,0,128,6,122,4.69
E390,JOPPOLO GIANCAXIO,AGRIGENTO,SICILIA,37.38169865536491,13.567216756299446,2,0,51,3,48,5.88
H185,RAPOLANO TERME,SIENA,TOSCANA,43.286362551169866,11.623738372059657,3,0,359,73,286,20.33
F440,MONTEBELLO DELLA BATTAGLIA,PAVIA,LOMBARDIA,45.003715039955416,9.095125980150979,1,0,44,4,40,9.09
E961,MARMENTINO,BRESCIA,LOMBARDIA,45.75188121684418,10.288921376964693,1,0,13,0,13,0.0
D092,COSSANO CANAVESE,TORINO,PIEMONTE,45.38640825937024,8.000364392293458,1,0,14,2,12,14.29
H846,SAN FLORO,CATANZARO,CALABRIA,38.849187703723985,16.514177942766896,1,0,28,4,24,14.29
L323,TRAMONTI,SALERNO,CAMPANIA,40.696258185446524,14.635667384520998,2,0,268,0,268,0.0
A897,BIVONGI,REGGIO CALABRIA,CALABRIA,38.50023819280037,16.43430306581871,2,0,89,3,86,3.37
L421,TRICESIMO,UDINE,FRIULI-VENEZIA G.,46.15945419034319,13.20806069345992,3,1,385,66,319,17.14
H797,SAN CIPIRELLO,PALERMO,SICILIA,37.940270665555644,13.181871365197516,3,0,396,10,386,2.53
G416,PEGLIO,PESARO E URBINO,MARCHE,43.70100765975918,12.493936553894244,1,0,74,8,66,10.81
M383,ALTA VALLE INTELVI,COMO,LOMBARDIA,45.975721919430384,9.03639994443624,2,0,123,12,111,9.76
I681,SESTINO,AREZZO,TOSCANA,43.723654217049734,12.27517659601532,2,1,58,14,44,24.14
F310,MOMBAROCCIO,PESARO E URBINO,MARCHE,43.80711542387088,12.865007907115672,2,0,140,23,117,16.43
E594,LIMINA,MESSINA,SICILIA,37.944528500274565,15.274487860189351,2,0,19,1,18,5.26
E736,LULA,NUORO,SARDEGNA,40.46760959980563,9.50417042736904,2,0,64,1,63,1.56
L740,VENTIMIGLIA DI SICILIA,PALERMO,SICILIA,37.96111715203854,13.542150991489446,2,0,111,5,106,4.5
L522,UZZANO,PISTOIA,TOSCANA,43.888325622283524,10.708825871740622,3,0,363,59,304,16.25
H383,ROCCABERNARDA,CROTONE,CALABRIA,39.10026971098903,16.88556839901891,2,0,200,6,194,3.0
G071,ONIFERI,NUORO,SARDEGNA,40.30440395254684,9.162155445302455,2,0,49,4,45,8.16
I735,SILIUS,SUD SARDEGNA,SARDEGNA,39.5362532987654,9.293650779191013,2,0,55,0,55,0.0
B051,BORNASCO,PAVIA,LOMBARDIA,45.266805284757396,9.212924505678924,1,0,102,12,90,11.76
F067,MAZZE',TORINO,PIEMONTE,45.28430979314697,7.939682945492654,2,0,134,24,110,17.91
D526,FELINO,PARMA,EMILIA ROMAGNA,44.679433117714765,10.23861209492355,2,0,640,152,488,23.75
G129,ORSOMARSO,COSENZA,CALABRIA,39.800221602044395,15.928658939522714,2,0,49,3,46,6.12
L227,TORNIMPARTE,L'AQUILA,ABRUZZO,42.28530123246054,13.277380533889216,2,0,235,27,208,11.49
F612,MONTEROTONDO MARITTIMO,GROSSETO,TOSCANA,43.12182022304582,10.816086614009098,2,2,87,46,41,52.87
G963,POZZONOVO,PADOVA,VENETO,45.17508103325042,11.807209840358437,2,0,155,22,133,14.19
H407,ROCCAFORTE MONDOVI',CUNEO,PIEMONTE,44.2507972634563,7.731682999809881,1,0,54,6,48,11.11
G125,ORSARA DI PUGLIA,FOGGIA,PUGLIA,41.29494984480425,15.291696427343405,2,0,133,12,121,9.02
D543,FERNO,VARESE,LOMBARDIA,45.61922680298594,8.73846389210226,2,0,441,71,370,16.1
I356,SANTO STEFANO QUISQUINA,AGRIGENTO,SICILIA,37.601419354943566,13.51341460123332,2,0,164,0,164,0.0
C072,CASTELCOVATI,BRESCIA,LOMBARDIA,45.497283215327926,9.94516541495725,2,2,578,231,347,39.97
A392,ARGELATO,BOLOGNA,EMILIA ROMAGNA,44.631070796681634,11.332940215009279,3,0,611,118,493,19.31
E394,LA CASSA,TORINO,PIEMONTE,45.18015902354741,7.518408110136309,1,0,47,2,45,4.26
F634,MONTE SAN VITO,ANCONA,MARCHE,43.60291908849987,13.27423155606207,3,0,381,26,355,6.82
F639,MONTESCHENO,VERBANO-CUSIO-OSSOLA,PIEMONTE,46.07969014631953,8.195264813642012,1,0,12,1,11,8.33
H098,QUADRI,CHIETI,ABRUZZO,41.926835697900444,14.271931578306749,2,0,29,2,27,6.9
C363,CAVAGLIA',BIELLA,PIEMONTE,45.4025731763408,8.109947609650735,3,0,379,22,357,5.8
L773,VERNATE,MILANO,LOMBARDIA,45.32150773021762,9.053895100466733,2,0,189,19,170,10.05
M388,CASSANO SPINOLA,ALESSANDRIA,PIEMONTE,44.77054235997997,8.869336596834007,2,0,139,19,120,13.67
I592,SELVA DI CADORE,BELLUNO,VENETO,46.447159422852046,12.064022367554962,1,0,27,0,27,0.0
L415,TRIBIANO,MILANO,LOMBARDIA,45.40411909227341,9.373217459473597,2,0,312,24,288,7.69
A725,BAVENO,VERBANO-CUSIO-OSSOLA,PIEMONTE,45.91572094442938,8.49352146981394,3,0,280,32,248,11.43
F088,MEDUNA DI LIVENZA,TREVISO,VENETO,45.810846288388525,12.62440627192713,2,1,236,75,161,31.78
G096,PIEVE FISSIRAGA,LODI,LOMBARDIA,45.26644688486797,9.452137092140735,1,0,75,7,68,9.33
F326,MONASTERO DI VASCO,CUNEO,PIEMONTE,44.336242007638845,7.8197824825786455,1,0,61,6,55,9.84
H192,RASURA,SONDRIO,LOMBARDIA,46.093518261417664,9.533961162261788,1,0,13,0,13,0.0
H953,SAN LEUCIO DEL SANNIO,BENEVENTO,CAMPANIA,41.08411505556141,14.761566882513902,2,0,112,7,105,6.25
F668,MONTIANO,FORLI'-CESENA,EMILIA ROMAGNA,44.073242880210444,12.298579542267467,1,0,38,7,31,18.42
E101,GORLA MAGGIORE,VARESE,LOMBARDIA,45.666313545616305,8.901246555697178,2,0,262,30,232,11.45
F422,MONTANARO,TORINO,PIEMONTE,45.23454837201312,7.849959255339063,2,0,339,12,327,3.54
D234,CUSTONACI,TRAPANI,SICILIA,38.071631948617686,12.716487092996323,3,0,339,16,323,4.72
G620,PIETRAMELARA,CASERTA,CAMPANIA,41.266970525307734,14.18418023848255,2,0,296,21,275,7.09
B152,BRENTINO BELLUNO,VERONA,VENETO,45.670455112403516,10.881661532596798,1,0,72,17,55,23.61
D467,FAGNANO OLONA,VARESE,LOMBARDIA,45.66643153091717,8.865242601120798,3,0,792,85,707,10.73
F995,OCCIMIANO,ALESSANDRIA,PIEMONTE,45.06157101025742,8.511566368255274,2,0,195,23,172,11.79
M185,ZOLA PREDOSA,BOLOGNA,EMILIA ROMAGNA,44.49510929723107,11.2103355926008,4,0,1106,167,939,15.1
I700,SETTIMO MILANESE,MILANO,LOMBARDIA,45.48011956091582,9.05393198753146,4,0,1345,179,1166,13.31
F313,MOMBELLO MONFERRATO,ALESSANDRIA,PIEMONTE,45.12534501413427,8.256148070559034,1,1,19,6,13,31.58
L807,VESIME,ASTI,PIEMONTE,44.62977422209635,8.226219236193355,2,0,59,12,47,20.34
C199,CASTELLUCCIO INFERIORE,POTENZA,BASILICATA,40.013463140731616,16.011198842833302,2,0,140,3,137,2.14
G764,POGGIO MOIANO,RIETI,LAZIO,42.19702845677325,12.883417513046476,2,0,142,32,110,22.54
L156,TEZZE SUL BRENTA,VICENZA,VENETO,45.68683294497978,11.735041654574278,5,1,869,148,721,17.03
D394,ELICE,PESCARA,ABRUZZO,42.51475460234663,13.979108611231133,2,0,99,10,89,10.1
I417,SAN ZENONE DEGLI EZZELINI,TREVISO,VENETO,45.77725236066323,11.838811587858771,4,1,562,137,425,24.38
I929,SQUILLACE,CATANZARO,CALABRIA,38.78988504730885,16.524200593921456,4,0,304,27,277,8.88
H437,ROCCA SAN CASCIANO,FORLI'-CESENA,EMILIA ROMAGNA,44.06091887887778,11.84256271538176,2,0,106,24,82,22.64
E246,GUARDIA PERTICARA,POTENZA,BASILICATA,40.35826396039118,16.109218710976954,1,0,7,0,7,0.0
F182,MEZZENILE,TORINO,PIEMONTE,45.28205689256587,7.36683520899173,1,0,30,5,25,16.67
D645,FOGLIANO REDIPUGLIA,GORIZIA,FRIULI-VENEZIA G.,45.856759059650514,13.490085554553142,2,0,211,12,199,5.69
G449,PERETO,L'AQUILA,ABRUZZO,42.05225876793056,13.128675002215564,1,0,20,0,20,0.0
H682,SALA BAGANZA,PARMA,EMILIA ROMAGNA,44.69663979834631,10.198853890707005,2,0,387,107,280,27.65
A991,BORGETTO,PALERMO,SICILIA,38.04226077560689,13.156408479993955,2,0,429,6,423,1.4
H994,SAN MARTINO D'AGRI,POTENZA,BASILICATA,40.245267410224464,16.05216921954698,2,0,29,0,29,0.0
F517,MONTE GIBERTO,FERMO,MARCHE,43.0942155862338,13.62231479284931,1,0,15,1,14,6.67
L866,VIGANO',LECCO,LOMBARDIA,45.72301910811524,9.327662076209045,1,0,79,8,71,10.13
G991,PRATA SANNITA,CASERTA,CAMPANIA,41.42603558993916,14.202375081998612,2,0,77,1,76,1.3
M123,VOLTAGGIO,ALESSANDRIA,PIEMONTE,44.60252293871885,8.845377854198317,1,0,22,3,19,13.64
E876,MANDANICI,MESSINA,SICILIA,38.011740979984594,15.326673378077745,1,0,17,0,17,0.0
G564,PIANICO,BERGAMO,LOMBARDIA,45.80608935527706,10.040258299698063,1,0,128,26,102,20.31
I142,SAN ROMANO IN GARFAGNANA,LUCCA,TOSCANA,44.18715550314646,10.349450432103486,1,0,37,2,35,5.41
F581,OSTRA VETERE,ANCONA,MARCHE,43.60272488444462,13.07065467289089,2,0,205,22,183,10.73
A367,ARCHI,CHIETI,ABRUZZO,42.08105381034126,14.384841179910131,2,0,115,11,104,9.57
G268,PALAZZOLO DELLO STELLA,UDINE,FRIULI-VENEZIA G.,45.79043245226225,13.078137959140687,2,1,183,43,140,23.5
B410,CALICE AL CORNOVIGLIO,LA SPEZIA,LIGURIA,44.23774589416106,9.836561459666127,1,0,24,3,21,12.5
G159,OSIO SOPRA,BERGAMO,LOMBARDIA,45.62960073493624,9.58555324240663,2,0,403,65,338,16.13
F591,MONTEPRANDONE,ASCOLI PICENO,MARCHE,42.90939480233886,13.839983047528836,3,0,932,117,815,12.55
E562,LEVATE,BERGAMO,LOMBARDIA,45.626904862759794,9.628088500514494,2,0,287,41,246,14.29
D028,CORNO GIOVINE,LODI,LOMBARDIA,45.133183569831694,9.768697655315549,1,0,131,25,106,19.08
D304,DIPIGNANO,COSENZA,CALABRIA,39.24084425133371,16.238928968402405,3,0,159,11,148,6.92
L737,VENIANO,COMO,LOMBARDIA,45.71703379747279,8.982103545703247,1,0,101,12,89,11.88
B124,BRAONE,BRESCIA,LOMBARDIA,45.973109415527084,10.386415191534859,1,0,64,3,61,4.69
F931,NONE,TORINO,PIEMONTE,44.940150377800705,7.548853891744309,3,0,522,49,473,9.39
I884,SPADOLA,VIBO VALENTIA,CALABRIA,38.58688603349296,16.33923522335823,1,0,92,5,87,5.43
F930,NONANTOLA,MODENA,EMILIA ROMAGNA,44.6853023798698,11.05586975268903,3,0,1100,195,905,17.73
A956,BOMBA,CHIETI,ABRUZZO,42.03787742490981,14.369561265918655,1,0,22,1,21,4.55
C845,COLLAZZONE,PERUGIA,UMBRIA,42.914507633939586,12.42713163772318,2,0,240,40,200,16.67
D961,GEMMANO,RIMINI,EMILIA ROMAGNA,43.89310846063379,12.564432388051376,1,0,39,11,28,28.21
F417,MONTALTO PAVESE,PAVIA,LOMBARDIA,44.97674137167422,9.218503586290723,1,1,22,8,14,36.36
G887,STELLA CILENTO,SALERNO,CAMPANIA,40.22677184028123,15.094293010126734,1,0,12,1,11,8.33
L392,TRESIVIO,SONDRIO,LOMBARDIA,46.198330880373746,9.951120070893468,1,0,59,4,55,6.78
G877,PONZONE,ALESSANDRIA,PIEMONTE,44.55339661632549,8.493671225774843,1,0,10,0,10,0.0
H558,ROSARNO,REGGIO CALABRIA,CALABRIA,38.47073660604636,15.99102017657289,7,0,1981,83,1898,4.19
I158,SAN SEVERO,FOGGIA,PUGLIA,41.65625207954509,15.423668456188826,23,0,6237,236,6001,3.78
G671,PINAROLO PO,PAVIA,LOMBARDIA,45.08037302094369,9.17045853390308,2,0,156,31,125,19.87
H199,RAVENNA,RAVENNA,EMILIA ROMAGNA,44.41256658553925,12.193028084170873,48,7,16313,2673,13640,16.39
H647,SABAUDIA,LATINA,LAZIO,41.34341715200886,13.030539696240163,6,1,2088,336,1752,16.09
G008,OGGIONA CON SANTO STEFANO,VARESE,LOMBARDIA,45.70000975360429,8.818564489098318,2,0,140,13,127,9.29
I361,SANTO STEFANO TICINO,MILANO,LOMBARDIA,45.48819385416494,8.912733051604716,2,0,400,66,334,16.5
M377,SAN MARCELLO PITEGLIO,PISTOIA,TOSCANA,44.05280568858252,10.796444954338863,8,1,509,66,443,12.97
E884,MANERBIO,BRESCIA,LOMBARDIA,45.35242348009895,10.146563649295217,5,3,1865,419,1446,22.47
A476,ASSO,COMO,LOMBARDIA,45.86505399140829,9.264840410783906,2,0,275,58,217,21.09
A176,ALCAMO,TRAPANI,SICILIA,37.9637117605207,12.97413097627772,18,0,5978,373,5605,6.24
E251,GUARENE,CUNEO,PIEMONTE,44.735702606061466,8.032856244662565,2,0,117,12,105,10.26
G964,POZZUOLI,NAPOLI,CAMPANIA,40.85018508079599,14.102413746516241,44,0,11621,193,11428,1.66
F783,MOTTA VISCONTI,MILANO,LOMBARDIA,45.28434173698472,8.989080499933538,2,0,641,98,543,15.29
H247,REVELLO,CUNEO,PIEMONTE,44.66912071368405,7.415888767615621,2,0,391,68,323,17.39
M176,ZIBIDO SAN GIACOMO,MILANO,LOMBARDIA,45.36823483294443,9.106515941428727,2,0,337,27,310,8.01
G275,PALESTRO,PAVIA,LOMBARDIA,45.29403555446995,8.535471428703836,2,2,122,52,70,42.62
I624,SERDIANA,SUD SARDEGNA,SARDEGNA,39.39369936017824,9.151867277962547,2,0,152,0,152,0.0
I129,SAN POTITO ULTRA,AVELLINO,CAMPANIA,40.92733628213868,14.861608389884726,2,0,120,2,118,1.67
D621,FIUME VENETO,PORDENONE,FRIULI-VENEZIA G.,45.922825057087586,12.737415631293455,4,0,829,119,710,14.35
B898,CASALMAGGIORE,CREMONA,LOMBARDIA,44.98698163755114,10.45419316814512,9,3,1995,581,1414,29.12
E052,GISSI,CHIETI,ABRUZZO,42.04088298993467,14.558548740241372,3,0,260,32,228,12.31
E004,GHILARZA,ORISTANO,SARDEGNA,40.09075238054596,8.84045527432098,5,0,482,16,466,3.32
H269,RIBERA,AGRIGENTO,SICILIA,37.46671391008662,13.288536771671932,10,1,2443,224,2219,9.17
L267,TORRE DI MOSTO,VENEZIA,VENETO,45.66510598784172,12.709086583724067,2,1,229,66,163,28.82
L947,VILLAFRANCA PADOVANA,PADOVA,VENETO,45.47904573370844,11.790693379977117,5,0,721,75,646,10.4
D971,GENZANO DI LUCANIA,POTENZA,BASILICATA,40.84757155746196,16.11837963726316,4,0,717,16,701,2.23
A577,BAGNOREGIO,VITERBO,LAZIO,42.61187683630208,12.09134382000826,3,0,423,41,382,9.69
M403,CORIGLIANO-ROSSANO,COSENZA,CALABRIA,39.606564315616524,16.55375236183394,47,0,10489,648,9841,6.18
H325,RIPOSTO,CATANIA,SICILIA,37.70265525388108,15.198299520985554,12,0,1397,46,1351,3.29
F565,MONTEMIGNAIO,AREZZO,TOSCANA,43.749277536393926,11.60538731974324,1,0,26,2,24,7.69
H390,ROCCAFLUVIONE,ASCOLI PICENO,MARCHE,42.848570594925064,13.439314794091013,2,0,134,1,133,0.75
B007,BORGO A MOZZANO,LUCCA,TOSCANA,43.974439950911105,10.517248932343756,6,1,583,59,524,10.12
I027,SAN MAURO PASCOLI,FORLI'-CESENA,EMILIA ROMAGNA,44.114558857016874,12.432090415307934,3,0,937,240,697,25.61
I895,SPEZZANO ALBANESE,COSENZA,CALABRIA,39.692455629540746,16.315272183780763,4,0,656,30,626,4.57
F513,MONTEGABBIONE,TERNI,UMBRIA,42.91080619394581,12.119839656218204,2,2,44,16,28,36.36
B781,CARINOLA,CASERTA,CAMPANIA,41.18476380844881,13.990876999037761,6,0,442,33,409,7.47
C502,CERESARA,MANTOVA,LOMBARDIA,45.25408266913083,10.559761907708568,2,0,210,34,176,16.19
F154,MESENZANA,VARESE,LOMBARDIA,45.94427686201727,8.752265364545451,2,0,315,36,279,11.43
L186,TOCCO DA CASAURIA,PESCARA,ABRUZZO,42.195849046067,13.911946569518637,2,0,160,25,135,15.63
D390,EBOLI,SALERNO,CAMPANIA,40.562134185299,15.005590747658829,18,2,4492,422,4070,9.39
B394,CALCINATO,BRESCIA,LOMBARDIA,45.45821126059701,10.402920905467555,4,3,969,289,680,29.82
C404,CAVOUR,TORINO,PIEMONTE,44.794689293832114,7.388702844518029,2,0,349,47,302,13.47
E734,LUINO,VARESE,LOMBARDIA,46.003612417752414,8.752369147940474,9,0,2460,253,2207,10.28
L949,VILLAFRANCA DI VERONA,VERONA,VENETO,45.35986441036784,10.849833052166456,17,0,5576,743,4833,13.32
A731,BEDONIA,PARMA,EMILIA ROMAGNA,44.5254358857666,9.579012464845286,3,1,430,89,341,20.7
C566,CESANO MADERNO,MONZA E DELLA BRIANZA,LOMBARDIA,45.6285927905015,9.148220914774507,12,2,4657,896,3761,19.24
H230,REMEDELLO,BRESCIA,LOMBARDIA,45.274114213653355,10.369192233374372,4,2,858,168,690,19.58
H011,PRAZZO,CUNEO,PIEMONTE,44.502065674384696,7.047856635711561,1,0,5,0,5,0.0
B960,CASELLE TORINESE,TORINO,PIEMONTE,45.17739573259645,7.650968580792192,3,0,932,81,851,8.69
G264,PALAZZOLO SULL'OGLIO,BRESCIA,LOMBARDIA,45.59216871117441,9.889962132090574,12,3,4083,833,3250,20.4
A819,BESANO,VARESE,LOMBARDIA,45.8889651602764,8.897721118754808,2,0,115,7,108,6.09
B157,BRESCIA,BRESCIA,LOMBARDIA,45.5325577372928,10.225620089734472,81,40,30526,7193,23333,23.56
G295,PALOSCO,BERGAMO,LOMBARDIA,45.58414316654961,9.831536364582934,2,0,437,105,332,24.03
H856,SAN GAVINO MONREALE,SUD SARDEGNA,SARDEGNA,39.55034911489007,8.777275021937445,5,0,1631,30,1601,1.84
F316,MOMBERCELLI,ASTI,PIEMONTE,44.827199019743965,8.296136874216279,2,0,171,42,129,24.56
D728,FORNOVO DI TARO,PARMA,EMILIA ROMAGNA,44.66847495164133,10.111918503804587,6,2,1091,275,816,25.21
C975,CONVERSANO,BARI,PUGLIA,40.95350150017566,17.10353497288929,10,0,3939,269,3670,6.83
G277,PALIZZI,REGGIO CALABRIA,CALABRIA,37.95602972112212,16.00865947763584,2,0,54,7,47,12.96
D244,DAIRAGO,MILANO,LOMBARDIA,45.564923776977245,8.85497236631373,2,0,440,49,391,11.14
B691,CAPRAROLA,VITERBO,LAZIO,42.32895079250685,12.205473994661576,3,0,482,82,400,17.01
E144,GRANTOLA,VARESE,LOMBARDIA,45.94675898583638,8.779858127890774,1,0,84,9,75,10.71
I914,SPINO D'ADDA,CREMONA,LOMBARDIA,45.39395597861858,9.486812206023782,2,1,565,169,396,29.91
H275,RICCO' DEL GOLFO DI SPEZIA,LA SPEZIA,LIGURIA,44.1477941569677,9.76487905174057,2,0,276,9,267,3.26
I247,SANTA MARIA LA FOSSA,CASERTA,CAMPANIA,41.07440132091379,14.136203965383906,2,0,158,10,148,6.33
F281,MOLARE,ALESSANDRIA,PIEMONTE,44.57302976527463,8.590190614278473,2,0,206,18,188,8.74
A818,BESANA IN BRIANZA,MONZA E DELLA BRIANZA,LOMBARDIA,45.6953232158381,9.273708737745746,6,0,1857,206,1651,11.09
L942,VILLAFALLETTO,CUNEO,PIEMONTE,44.55633551935269,7.5465829406747895,2,0,266,35,231,13.16
F452,MONTECARLO,LUCCA,TOSCANA,43.847346794346386,10.666502989956966,2,0,400,70,330,17.5
I029,SAN MAURO FORTE,MATERA,BASILICATA,40.47177936229242,16.282288272816817,2,0,59,2,57,3.39
H029,PREMARIACCO,UDINE,FRIULI-VENEZIA G.,46.04625641699029,13.386443892426314,2,0,178,17,161,9.55
H792,SAN CATALDO,CALTANISSETTA,SICILIA,37.49951490697947,13.927236051661415,11,0,1780,40,1740,2.25
F754,MORTARA,PAVIA,LOMBARDIA,45.25021655488905,8.747854260722061,6,2,2510,720,1790,28.69
L814,VETRALLA,VITERBO,LAZIO,42.31129795322997,12.024954732396543,5,0,1248,124,1124,9.94
B872,CASAL DI PRINCIPE,CASERTA,CAMPANIA,41.02427632507038,14.113629053798078,7,0,2510,248,2262,9.88
H280,RIESE PIO X,TREVISO,VENETO,45.726073999878764,11.912788420652122,5,0,688,118,570,17.15
I184,SANTA DOMENICA VITTORIA,MESSINA,SICILIA,37.933879915268264,14.967742094872982,2,0,38,4,34,10.53
H328,RIVA LIGURE,IMPERIA,LIGURIA,43.84068749349664,7.873211167057601,2,0,211,39,172,18.48
A845,BIANDRONNO,VARESE,LOMBARDIA,45.81429838665388,8.714623980904125,2,0,157,18,139,11.46
A555,BAGNASCO,CUNEO,PIEMONTE,44.29289568908181,8.047372245371239,2,0,86,20,66,23.26
C177,CASTELLIRI,FROSINONE,LAZIO,41.687604619778355,13.533663917464343,2,0,214,9,205,4.21
I930,SQUINZANO,LECCE,PUGLIA,40.46025132840885,18.042624357388977,4,0,920,20,900,2.17
E955,MARIGLIANO,NAPOLI,CAMPANIA,40.93643487150896,14.453299377551422,17,0,5174,162,5012,3.13
B455,CAMAIORE,LUCCA,TOSCANA,43.92801599815674,10.321002470658756,11,0,2599,203,2396,7.81
M259,VIDDALBA,SASSARI,SARDEGNA,40.921302042142656,8.932814547720776,2,0,69,5,64,7.25
G972,SASSO MARCONI,BOLOGNA,EMILIA ROMAGNA,44.406549325953016,11.242193766904741,6,0,1073,128,945,11.93
A401,ARICCIA,ROMA,LAZIO,41.70545950079365,12.660921630314187,7,0,2074,164,1910,7.91
G889,PORLEZZA,COMO,LOMBARDIA,46.028513894719104,9.120397316984368,3,0,715,86,629,12.03
B098,BOVALINO,REGGIO CALABRIA,CALABRIA,38.15350158042384,16.15844567568878,9,0,1466,66,1400,4.5
L449,TROMELLO,PAVIA,LOMBARDIA,45.20836070869054,8.85312799466456,2,0,250,35,215,14.0
H791,SAN CASCIANO IN VAL DI PESA,FIRENZE,TOSCANA,43.641787265619946,11.19906794278519,4,0,1034,111,923,10.74
H229,REMANZACCO,UDINE,FRIULI-VENEZIA G.,46.08027125515369,13.325436232691876,2,0,315,20,295,6.35
F508,MONTEFORTE D'ALPONE,VERONA,VENETO,45.43605102736773,11.286914809462044,3,1,743,227,516,30.55
I287,SANT'ANGELO IN VADO,PESARO E URBINO,MARCHE,43.66290055850612,12.41691285570887,2,0,277,43,234,15.52
D022,CORNELIANO D'ALBA,CUNEO,PIEMONTE,44.73677841701675,7.961413490714988,2,0,223,27,196,12.11
I294,SANT'ANTIOCO,SUD SARDEGNA,SARDEGNA,39.0326302946392,8.429031963781327,6,0,1123,19,1104,1.69
D150,CREMONA,CREMONA,LOMBARDIA,45.14092264465855,10.02976945548961,35,13,11962,2585,9377,21.61
G792,POLIZZI GENEROSA,PALERMO,SICILIA,37.77193638524096,13.97126548465229,3,0,145,4,141,2.76
F830,MUSSOMELI,CALTANISSETTA,SICILIA,37.55614300367995,13.816852134992477,10,0,2015,41,1974,2.03
F813,MURIALDO,SAVONA,LIGURIA,44.30455664487926,8.14493437465251,1,0,23,1,22,4.35
H468,ROCCHETTA TANARO,ASTI,PIEMONTE,44.85746783885111,8.347005248381137,2,1,165,51,114,30.91
E946,MARGHERITA DI SAVOIA,BARLETTA-ANDRIA-TRANI,PUGLIA,41.37652772256541,16.125932385136256,6,0,1419,56,1363,3.95
E482,LAURENZANA,POTENZA,BASILICATA,40.45338006817273,15.978641550160667,3,0,122,7,115,5.74
F250,MISTERBIANCO,CATANIA,SICILIA,37.503833973398336,15.012798127706137,14,0,4328,56,4272,1.29
G895,PORTALBERA,PAVIA,LOMBARDIA,45.09682606717764,9.319134120006279,1,0,94,11,83,11.7
L751,VERCURAGO,LECCO,LOMBARDIA,45.810662205992536,9.426503134966024,2,0,172,20,152,11.63
G717,PIUBEGA,MANTOVA,LOMBARDIA,45.21964074725716,10.526090151458588,2,1,185,36,149,19.46
I858,SORISOLE,BERGAMO,LOMBARDIA,45.75095528008328,9.652496174864305,3,0,529,70,459,13.23
D924,GARGNANO,BRESCIA,LOMBARDIA,45.70526866101038,10.642072834404114,3,0,144,20,124,13.89
F496,MONTEFANO,MACERATA,MARCHE,43.41157850585917,13.416062368116604,2,0,208,38,170,18.27
C390,CAVE,ROMA,LAZIO,41.810411655336196,12.931568064851549,5,0,1244,137,1107,11.01
G888,PORDENONE,PORDENONE,FRIULI-VENEZIA G.,45.95388729463754,12.65719389794043,27,6,10281,1820,8461,17.7
I527,SCHIAVON,VICENZA,VENETO,45.68509253801122,11.647706373710987,1,0,101,6,95,5.94
C265,CASTEL SAN PIETRO TERME,BOLOGNA,EMILIA ROMAGNA,44.39626620705918,11.548052189906333,7,0,1927,338,1589,17.54
C336,CASTRIGNANO DEL CAPO,LECCE,PUGLIA,39.82158933557533,18.3469932220154,2,0,221,6,215,2.71
G309,VILLARICCA,NAPOLI,CAMPANIA,40.913745103225715,14.155797423788657,8,0,3904,64,3840,1.64
I210,SANT'ALBANO STURA,CUNEO,PIEMONTE,44.48967962882655,7.7224429665010215,2,0,211,32,179,15.17
H585,ROTA GRECA,COSENZA,CALABRIA,39.46287262431371,16.10302766372412,2,0,46,10,36,21.74
I595,SELVAZZANO DENTRO,PADOVA,VENETO,45.39950326375415,11.789057587001748,7,1,2257,306,1951,13.56
D384,DUMENZA,VARESE,LOMBARDIA,46.033102698151254,8.795107169769864,2,0,138,9,129,6.52
A246,ALZANO LOMBARDO,BERGAMO,LOMBARDIA,45.75258487735806,9.716619779732415,5,1,1452,159,1293,10.95
B748,CARCARE,SAVONA,LIGURIA,44.34655402293239,8.2912798054076,3,0,874,106,768,12.13
A223,ALSENO,PIACENZA,EMILIA ROMAGNA,44.88724653735592,9.962544324492317,4,0,412,61,351,14.81
D589,FILANDARI,VIBO VALENTIA,CALABRIA,38.62071892310869,16.024889827562152,2,0,21,3,18,14.29
E012,GIANO DELL'UMBRIA,PERUGIA,UMBRIA,42.83876732375063,12.576763573817876,3,3,416,166,250,39.9
F063,MAZZANO,BRESCIA,LOMBARDIA,45.499610077388354,10.35414090032191,4,0,876,127,749,14.5
C728,CISANO BERGAMASCO,BERGAMO,LOMBARDIA,45.74867464269475,9.467016710807732,2,0,433,98,335,22.63
E801,MAGENTA,MILANO,LOMBARDIA,45.45327834320894,8.862416234892876,12,2,4761,781,3980,16.4
F256,MOCONESI,GENOVA,LIGURIA,44.443430292934586,9.216410612907046,2,0,169,30,139,17.75
D299,DICOMANO,FIRENZE,TOSCANA,43.91496468787033,11.5513557541072,2,1,305,94,211,30.82
I510,SCARLINO,GROSSETO,TOSCANA,42.89774988603757,10.828396329027237,3,0,192,24,168,12.5
I040,SAN MICHELE AL TAGLIAMENTO,VENEZIA,VENETO,45.708743101212974,13.002656172084334,5,0,613,105,508,17.13
F877,NESSO,COMO,LOMBARDIA,45.9041172333029,9.167934344498782,2,1,52,15,37,28.85
A172,ALBOSAGGIA,SONDRIO,LOMBARDIA,46.126033873454816,9.859561707563914,2,0,250,12,238,4.8
A646,BARDI,PARMA,EMILIA ROMAGNA,44.61856538828441,9.709663063346754,2,0,89,15,74,16.85
L612,VALLERANO,VITERBO,LAZIO,42.368762181218926,12.257255680169319,2,0,127,15,112,11.81
F820,MUSCOLINE,BRESCIA,LOMBARDIA,45.557958476044064,10.467285141516513,1,0,144,9,135,6.25
H313,RIPALIMOSANI,CAMPOBASSO,MOLISE,41.61790452393963,14.648091411614981,2,0,105,2,103,1.9
D426,ERTO E CASSO,PORDENONE,FRIULI-VENEZIA G.,46.2729966138813,12.371093482033007,1,0,8,1,7,12.5
E392,LABICO,ROMA,LAZIO,41.789494428622355,12.86372815940865,2,0,484,71,413,14.67
D494,FARA FILIORUM PETRI,CHIETI,ABRUZZO,42.249907387712675,14.173886694704628,2,0,149,25,124,16.78
I455,SASSINORO,BENEVENTO,CAMPANIA,41.37525402486393,14.650009535394062,1,0,17,4,13,23.53
L257,TORRE DE' BUSI,BERGAMO,LOMBARDIA,45.780495445469946,9.485000493280353,2,0,140,6,134,4.29
B385,CALATAFIMI-SEGESTA,TRAPANI,SICILIA,37.90063673982998,12.87763919814845,3,0,367,5,362,1.36
D094,COSSATO,BIELLA,PIEMONTE,45.552853131910595,8.184378801724602,7,0,1343,150,1193,11.17
H878,SAN GIORGIO MONFERRATO,ALESSANDRIA,PIEMONTE,45.11050874573128,8.412733858362454,1,0,68,2,66,2.94
D798,FRIGENTO,AVELLINO,CAMPANIA,41.01176626440135,15.122655403245169,4,0,402,12,390,2.99
F717,MORCONE,BENEVENTO,CAMPANIA,41.3481784029274,14.69319595723192,4,0,328,19,309,5.79
D171,CRISPIANO,TARANTO,PUGLIA,40.605672803779825,17.25545182068113,4,0,1439,17,1422,1.18
E923,MARCEDUSA,CATANZARO,CALABRIA,39.013031141869355,16.85921368473284,1,0,11,0,11,0.0
B071,BOSCO MARENGO,ALESSANDRIA,PIEMONTE,44.8194029287786,8.705462867816333,2,1,149,28,121,18.79
E960,MARLIANA,PISTOIA,TOSCANA,43.95652362400264,10.792568043148078,2,0,88,13,75,14.77
D956,GAZZO,PADOVA,VENETO,45.566467184145026,11.693311249914416,3,0,275,20,255,7.27
C298,CASTIGLIONE MESSER MARINO,CHIETI,ABRUZZO,41.871487290362644,14.443475377002331,2,0,117,7,110,5.98
A565,BAGNO DI ROMAGNA,FORLI'-CESENA,EMILIA ROMAGNA,43.86611194753475,11.945311871783979,3,0,444,37,407,8.33
L959,VILLALBA,CALTANISSETTA,SICILIA,37.64460282974994,13.86150636771385,2,0,77,2,75,2.6
G130,ORTA DI ATELLA,CASERTA,CAMPANIA,40.98215619125739,14.27853130100303,4,0,1635,83,1552,5.08
H021,PREDOSA,ALESSANDRIA,PIEMONTE,44.75431434038001,8.639041034427692,2,0,108,17,91,15.74
H372,ROBECCO D'OGLIO,CREMONA,LOMBARDIA,45.2580086821725,10.05924372370353,2,1,157,49,108,31.21
E811,MAGLIANO DE' MARSI,L'AQUILA,ABRUZZO,42.12653556554241,13.337204253594543,2,0,292,28,264,9.59
L904,VIGUZZOLO,ALESSANDRIA,PIEMONTE,44.907624025573234,8.924522852899354,2,0,253,68,185,26.88
A465,ASIAGO,VICENZA,VENETO,45.929059493952174,11.506925264067462,5,0,1165,51,1114,4.38
G223,ROBBIATE,LECCO,LOMBARDIA,45.686424226116095,9.436682358957412,2,0,630,147,483,23.33
B693,CAPRESE MICHELANGELO,AREZZO,TOSCANA,43.639736650793594,11.981438830640146,3,0,179,22,157,12.29
I249,SANTA MARIA MAGGIORE,VERBANO-CUSIO-OSSOLA,PIEMONTE,46.16296656842696,8.449825026434285,2,0,238,15,223,6.3
B461,CAMBIAGO,MILANO,LOMBARDIA,45.571590765627604,9.422480596715225,2,0,451,71,380,15.74
C905,COLOSIMI,COSENZA,CALABRIA,39.12725723802347,16.437779945681218,2,0,54,6,48,11.11
G489,PESCHIERA DEL GARDA,VERONA,VENETO,45.43832151981803,10.674336746546604,3,0,812,156,656,19.21
E939,MARENE,CUNEO,PIEMONTE,44.65801974414647,7.732498381211112,2,0,317,26,291,8.2
B202,BRONTE,CATANIA,SICILIA,37.80527910092158,14.839371523132955,12,0,2662,58,2604,2.18
G031,OLIENA,NUORO,SARDEGNA,40.29262305956983,9.44477377384261,3,0,389,2,387,0.51
C033,CASSINETTA DI LUGAGNANO,MILANO,LOMBARDIA,45.42609924407378,8.90726785445306,1,0,95,9,86,9.47
I849,SORESINA,CREMONA,LOMBARDIA,45.29066282454781,9.851217927880658,2,2,651,433,218,66.51
L561,VALDINA,MESSINA,SICILIA,38.203366112754445,15.362747165240098,2,0,139,6,133,4.32
I601,SEMPRONIANO,GROSSETO,TOSCANA,42.724858086157106,11.558003892712904,2,0,56,9,47,16.07
L195,TOLMEZZO,UDINE,FRIULI-VENEZIA G.,46.42497604415422,13.036370523530742,16,0,1862,91,1771,4.89
I709,SEVESO,MONZA E DELLA BRIANZA,LOMBARDIA,45.64379733681312,9.14509447817382,6,1,1655,274,1381,16.56
D578,FIESSO D'ARTICO,VENEZIA,VENETO,45.42194780732672,12.035136134773586,2,0,498,129,369,25.9
F861,NEGRAR DI VALPOLICELLA,VERONA,VENETO,45.53880210157446,10.95283905645871,5,0,706,115,591,16.29
F866,NEMOLI,POTENZA,BASILICATA,40.082899985907474,15.809698656874101,2,0,71,7,64,9.86
G364,PASTORANO,CASERTA,CAMPANIA,41.165101418965996,14.174884436903605,3,0,208,19,189,9.13
B675,CAPOTERRA,CAGLIARI,SARDEGNA,39.14636038764677,8.969407835536554,12,0,1769,64,1705,3.62
F065,MAZZARINO,CALTANISSETTA,SICILIA,37.267973491732825,14.242961456262524,7,0,1317,20,1297,1.52
G924,PORTO TORRES,SASSARI,SARDEGNA,40.93760504301613,8.32304860941946,11,0,2301,29,2272,1.26
I390,SAN VINCENZO,LIVORNO,TOSCANA,43.074413556582044,10.559088366540774,2,0,372,54,318,14.52
M426,COLCERESA,VICENZA,VENETO,45.7219411254652,11.614924107986392,3,0,309,10,299,3.24
E023,GIBELLINA,TRAPANI,SICILIA,37.80895530798641,12.951617058516447,2,0,240,9,231,3.75
I107,SAN PIETRO IN GU,PADOVA,VENETO,45.612845775541345,11.668615544362115,2,0,252,45,207,17.86
H205,REALMONTE,AGRIGENTO,SICILIA,37.31293147813651,13.453607649366504,2,0,257,5,252,1.95
A301,ANNONE DI BRIANZA,LECCO,LOMBARDIA,45.803363520420966,9.329977343183682,1,0,72,10,62,13.89
C501,CERENZIA,CROTONE,CALABRIA,39.254535283026435,16.82143171525919,2,0,38,2,36,5.26
L603,VALLEDOLMO,PALERMO,SICILIA,37.7612952341023,13.825627246961421,3,0,238,1,237,0.42
L815,VETTO,REGGIO EMILIA,EMILIA ROMAGNA,44.47518021640911,10.35566859512957,2,0,82,12,70,14.63
D706,FORMAZZA,VERBANO-CUSIO-OSSOLA,PIEMONTE,46.39844775768135,8.400311971173346,1,0,11,0,11,0.0
G986,PRAROSTINO,TORINO,PIEMONTE,44.866016535715104,7.26513144164,1,0,78,1,77,1.28
I391,SAN VITALIANO,NAPOLI,CAMPANIA,40.930884648462076,14.483359052750494,3,0,463,18,445,3.89
H431,ROCCAPIEMONTE,SALERNO,CAMPANIA,40.7589940195298,14.687607970009367,5,0,1634,17,1617,1.04
I370,SANTO STEFANO DI CAMASTRA,MESSINA,SICILIA,37.99134028423257,14.36859554499175,4,0,396,22,374,5.56
L614,VALLEROTONDA,FROSINONE,LAZIO,41.57151470264994,13.943030515800745,2,0,49,1,48,2.04
D611,FIORENZUOLA D'ARDA,PIACENZA,EMILIA ROMAGNA,44.93423564806952,9.91021155895194,6,3,2091,610,1481,29.17
A686,BARZANO',LECCO,LOMBARDIA,45.73107265392299,9.312646083150652,2,0,498,66,432,13.25
M415,VALCHIUSA,TORINO,PIEMONTE,45.52033360987126,7.707237388976904,2,0,123,4,119,3.25
D661,FONDACHELLI-FANTINA,MESSINA,SICILIA,38.00288221714633,15.180113734082836,2,1,29,11,18,37.93
D470,FALCADE,BELLUNO,VENETO,46.35832675758476,11.845688939520912,3,0,144,3,141,2.08
C444,CELLE DI BULGHERIA,SALERNO,CAMPANIA,40.100368109311574,15.390158603646075,3,0,90,1,89,1.11
I721,SIAPICCIA,ORISTANO,SARDEGNA,39.93536176615703,8.782221472700297,1,0,18,0,18,0.0
E841,MAIRANO,BRESCIA,LOMBARDIA,45.45566962493185,10.08342953261383,1,0,167,43,124,25.75
L946,VILLAFRANCA IN LUNIGIANA,MASSA-CARRARA,TOSCANA,44.290161955754556,9.964854316156218,4,1,634,97,537,15.3
D696,FORENZA,POTENZA,BASILICATA,40.85662947924923,15.8545452442654,2,0,77,2,75,2.6
G661,PIGNATARO MAGGIORE,CASERTA,CAMPANIA,41.17005519412019,14.139879133680685,3,0,361,35,326,9.7
B267,BUONALBERGO,BENEVENTO,CAMPANIA,41.21811918643112,14.97406680161456,2,0,90,2,88,2.22
A125,ALBA ADRIATICA,TERAMO,ABRUZZO,42.822506925635295,13.907289043193916,3,0,858,230,628,26.81
F278,MOIO DELLA CIVITELLA,SALERNO,CAMPANIA,40.25635717368312,15.270639440660904,2,0,79,3,76,3.8
B242,BUCCINO,SALERNO,CAMPANIA,40.6273307160519,15.362746580937127,4,0,505,10,495,1.98
D709,FORMICOLA,CASERTA,CAMPANIA,41.22127861139519,14.220453681217952,3,0,140,18,122,12.86
M168,ZERFALIU,ORISTANO,SARDEGNA,39.976213630521485,8.719733252528359,1,0,17,0,17,0.0
M331,VALLEFOGLIA,PESARO E URBINO,MARCHE,43.82768163061364,12.736914311221735,4,0,714,103,611,14.43
B448,CALVIGNASCO,MILANO,LOMBARDIA,45.32705429282315,9.026167279768762,1,0,76,10,66,13.16
A251,AMALFI,SALERNO,CAMPANIA,40.63425808598272,14.58378527147949,5,0,880,9,871,1.02
B698,CAPRIANO DEL COLLE,BRESCIA,LOMBARDIA,45.45206132420674,10.137568402261383,1,1,167,51,116,30.54
I203,SANTA GIULETTA,PAVIA,LOMBARDIA,45.03717061327059,9.18554764770987,2,2,113,66,47,58.41
D538,FERENTILLO,TERNI,UMBRIA,42.62848933152753,12.823034478962452,2,0,132,6,126,4.55
B418,CALLIANO MONFERRATO,ASTI,PIEMONTE,45.002822229406064,8.251606498830137,1,0,54,9,45,16.67
C703,CINGIA DE' BOTTI,CREMONA,LOMBARDIA,45.0800324715412,10.268506422197133,1,0,78,8,70,10.26
G556,PIANELLO DEL LARIO,COMO,LOMBARDIA,46.10227048882669,9.261049844870875,1,0,85,10,75,11.76
C316,CASTIGLIONE MESSER RAIMONDO,TERAMO,ABRUZZO,42.520158909401026,13.868283875928014,2,0,123,18,105,14.63
G010,OGLIANICO,TORINO,PIEMONTE,45.31829238559138,7.691413272167633,1,0,79,2,77,2.53
M398,CELLIO CON BREIA,VERCELLI,PIEMONTE,45.760867123817,8.31202254263014,1,0,17,3,14,17.65
D436,ESINO LARIO,LECCO,LOMBARDIA,45.98524170852046,9.345000972871004,1,0,34,0,34,0.0
F110,MELITO IRPINO,AVELLINO,CAMPANIA,41.10945854107707,15.032599384880292,2,0,103,1,102,0.97
H790,SAN CASCIANO DEI BAGNI,SIENA,TOSCANA,42.863120495310994,11.85815074948926,2,0,84,18,66,21.43
D239,CUVIO,VARESE,LOMBARDIA,45.88831493774456,8.737489480212044,1,0,95,16,79,16.84
H949,SAN LEO,RIMINI,EMILIA ROMAGNA,43.91478750294597,12.374751618526949,3,0,176,36,140,20.45
G722,PIZZO,VIBO VALENTIA,CALABRIA,38.75617103383417,16.19348111782377,5,0,931,65,866,6.98
F209,MILITELLO IN VAL DI CATANIA,CATANIA,SICILIA,37.28058564184873,14.788383933901324,6,0,631,5,626,0.79
F960,NOVELLARA,REGGIO EMILIA,EMILIA ROMAGNA,44.8451880754486,10.708692056141865,4,1,1121,293,828,26.14
C523,CERNUSCO SUL NAVIGLIO,MILANO,LOMBARDIA,45.52603521793776,9.332717624826351,8,1,4481,570,3911,12.72
D705,FORLIMPOPOLI,FORLI'-CESENA,EMILIA ROMAGNA,44.189553701017054,12.127780375536105,5,1,1964,342,1622,17.41
L912,VILLA BARTOLOMEA,VERONA,VENETO,45.11794866080298,11.350432490332206,3,0,405,68,337,16.79
C153,CASTELLEONE,CREMONA,LOMBARDIA,45.291484158312635,9.772096708668547,3,1,617,175,442,28.36
I014,SAN MARTINO SICCOMARIO,PAVIA,LOMBARDIA,45.15901101830087,9.11734697168753,2,0,437,75,362,17.16
L273,TORREMAGGIORE,FOGGIA,PUGLIA,41.66490014393065,15.239708273120064,7,0,2101,204,1897,9.71
H216,REDAVALLE,PAVIA,LOMBARDIA,45.046734172075816,9.20626256442524,1,0,72,16,56,22.22
C456,CENATE SOPRA,BERGAMO,LOMBARDIA,45.7198073045037,9.821782833834519,1,0,95,7,88,7.37
F667,MONTI,SASSARI,SARDEGNA,40.79660221803996,9.356832002746609,2,0,157,8,149,5.1
B398,CALDAROLA,MACERATA,MARCHE,43.12621369846785,13.20184457943093,2,0,147,17,130,11.56
F556,MONTEMAGNO,ASTI,PIEMONTE,44.97377496524091,8.32984086066424,2,1,109,32,77,29.36
M124,VOLTAGO AGORDINO,BELLUNO,VENETO,46.26022877818166,11.978081507240653,1,0,13,0,13,0.0
E180,GRIMALDI,COSENZA,CALABRIA,39.13465603004433,16.22306474435416,2,0,90,1,89,1.11
D330,DOMEGGE DI CADORE,BELLUNO,VENETO,46.44805334179848,12.429854821979914,2,0,86,9,77,10.47
I856,SORICO,COMO,LOMBARDIA,46.18828368882174,9.404133253765336,1,0,57,2,55,3.51
C771,CIVITAQUANA,PESCARA,ABRUZZO,42.339656249847835,13.92064452350273,2,0,95,10,85,10.53
G004,OFFANENGO,CREMONA,LOMBARDIA,45.38592165524056,9.749759997613257,2,0,650,114,536,17.54
F238,MIRADOLO TERME,PAVIA,LOMBARDIA,45.174450493562524,9.443918017476134,2,2,274,103,171,37.59
D531,FENEGRO',COMO,LOMBARDIA,45.695609067875296,8.99898957000569,2,0,372,61,311,16.4
E600,LINAROLO,PAVIA,LOMBARDIA,45.15001246588243,9.254279183079035,2,0,188,42,146,22.34
E581,LIERNA,LECCO,LOMBARDIA,45.96068551772319,9.318023740751816,2,0,125,12,113,9.6
G417,PEGOGNAGA,MANTOVA,LOMBARDIA,44.99794958412544,10.862328378383165,2,0,444,101,343,22.75
B646,CAPALBIO,GROSSETO,TOSCANA,42.45418176603428,11.422885908713189,3,0,156,38,118,24.36
C558,CERVINO,CASERTA,CAMPANIA,41.04051781426345,14.433161810013477,4,0,447,19,428,4.25
H238,RESANA,TREVISO,VENETO,45.6352726737139,11.967703277925741,3,0,685,121,564,17.66
G272,PALERMITI,CATANZARO,CALABRIA,38.754848292398016,16.461564488110028,2,0,57,5,52,8.77
L088,TELTI,SASSARI,SARDEGNA,40.89544730906728,9.357461052877213,2,0,154,11,143,7.14
A275,ANDEZENO,TORINO,PIEMONTE,45.03583273226916,7.866208931252855,2,0,259,13,246,5.02
C851,COLLE BRIANZA,LECCO,LOMBARDIA,45.76027369399929,9.376737935378467,1,0,69,7,62,10.14
B293,BUSSETO,PARMA,EMILIA ROMAGNA,44.95865062357853,10.060018065618353,2,2,442,172,270,38.91
H518,ROMENTINO,NOVARA,PIEMONTE,45.46381041008492,8.746872384029244,4,0,1413,201,1212,14.23
B962,SCANDICCI,FIRENZE,TOSCANA,43.73238291425207,11.150114817746633,15,1,5124,727,4397,14.19
B077,BOSCOTRECASE,NAPOLI,CAMPANIA,40.78453021208554,14.454255193248226,2,0,568,17,551,2.99
I296,SANT'ANTONINO DI SUSA,TORINO,PIEMONTE,45.09368633414732,7.2654910481002455,2,0,346,49,297,14.16
E249,GUARDIA SANFRAMONDI,BENEVENTO,CAMPANIA,41.245455567223296,14.59010004454564,4,0,299,5,294,1.67
G318,PAOLISI,BENEVENTO,CAMPANIA,41.03374092553861,14.572585913727915,2,0,143,16,127,11.19
A175,ALBUZZANO,PAVIA,LOMBARDIA,45.18876193496385,9.271497563540903,1,0,118,24,94,20.34
E299,INDUNO OLONA,VARESE,LOMBARDIA,45.856765374471564,8.835885387188211,3,0,650,74,576,11.38
H336,RIVANAZZANO TERME,PAVIA,LOMBARDIA,44.931286416716475,9.018222524682827,2,0,352,47,305,13.35
D373,DRUENTO,TORINO,PIEMONTE,45.15249525106377,7.568903691769928,2,0,824,46,778,5.58
L437,TRIVIGLIANO,FROSINONE,LAZIO,41.764157949041945,13.270072784510116,2,0,127,8,119,6.3
G251,PALAGIANELLO,TARANTO,PUGLIA,40.56782652980596,16.96884841726193,3,0,531,4,527,0.75
L193,TOLLEGNO,BIELLA,PIEMONTE,45.599879379664785,8.044011376866242,2,0,156,22,134,14.1
M025,VILLASOR,SUD SARDEGNA,SARDEGNA,39.38338892394727,8.910448052085519,2,0,354,16,338,4.52
C930,COMMESSAGGIO,MANTOVA,LOMBARDIA,45.03669435153387,10.566106756550694,1,0,97,15,82,15.46
F016,MASI TORELLO,FERRARA,EMILIA ROMAGNA,44.78292554072873,11.798308467329706,2,0,110,15,95,13.64
I549,SCORRANO,LECCE,PUGLIA,40.07564804752495,18.277624598560315,3,0,325,5,320,1.54
G798,POLLONE,BIELLA,PIEMONTE,45.60177918571025,7.963936331974728,2,0,214,12,202,5.61
I192,SANT'AGATA DI ESARO,COSENZA,CALABRIA,39.623088705692204,15.974032001258566,3,0,148,4,144,2.7
A373,ARCOLA,LA SPEZIA,LIGURIA,44.109188649780634,9.915046161864078,5,1,485,119,366,24.54
E784,MACERATA CAMPANIA,CASERTA,CAMPANIA,41.055929307042,14.27112232456434,4,0,696,46,650,6.61
H967,SAN LORENZO MAGGIORE,BENEVENTO,CAMPANIA,41.23874643733304,14.62492483286517,2,0,83,4,79,4.82
D513,VALSINNI,MATERA,BASILICATA,40.15825447446226,16.45025244642687,2,0,66,5,61,7.58
E127,GRAFFIGNANA,LODI,LOMBARDIA,45.20804058478025,9.44421520920983,2,0,296,74,222,25.0
D107,COSTABISSARA,VICENZA,VENETO,45.587040681748896,11.483870836593189,3,0,579,49,530,8.46
L168,TIGLIOLE,ASTI,PIEMONTE,44.88429777319186,8.084588789741694,1,0,49,7,42,14.29
F831,PINETO,TERAMO,ABRUZZO,42.60801436665855,14.040707291741926,5,0,1034,144,890,13.93
G242,PAGO DEL VALLO DI LAURO,AVELLINO,CAMPANIA,40.90046071219384,14.607360897425488,2,0,106,5,101,4.72
D161,CRESPINO,ROVIGO,VENETO,44.997236715002295,11.8819350947902,2,0,83,20,63,24.1
D068,CORTE PALASIO,LODI,LOMBARDIA,45.31259294674292,9.568415826921541,1,1,33,12,21,36.36
G359,PASSIGNANO SUL TRASIMENO,PERUGIA,UMBRIA,43.19008387438858,12.17205485553155,2,0,343,51,292,14.87
G383,SAN NICOLO' GERREI,SUD SARDEGNA,SARDEGNA,39.478967366754674,9.294003521530684,1,0,38,0,38,0.0
A906,BOARA PISANI,PADOVA,VENETO,45.12619324371998,11.798995872800432,2,0,162,9,153,5.56
L995,VILLANUOVA SUL CLISI,BRESCIA,LOMBARDIA,45.610543768089386,10.46410659204986,2,0,393,90,303,22.9
I546,SCOPPITO,L'AQUILA,ABRUZZO,42.360333457172494,13.221335613892853,2,0,138,9,129,6.52
G362,PASTENA,FROSINONE,LAZIO,41.46965450478695,13.488726732372669,1,0,42,0,42,0.0
A948,BOLOTANA,NUORO,SARDEGNA,40.32082286497061,8.948259781335901,2,0,110,11,99,10.0
G809,POMBIA,NOVARA,PIEMONTE,45.646353059597324,8.64649956624685,1,0,91,8,83,8.79
D968,GENONI,SUD SARDEGNA,SARDEGNA,39.79095110824339,8.97339880701218,1,0,27,0,27,0.0
A941,BOLLENGO,TORINO,PIEMONTE,45.466465351134005,7.948800129196217,1,0,76,7,69,9.21
M204,ZUNGRI,VIBO VALENTIA,CALABRIA,38.64582831628276,15.98520172201826,2,0,95,2,93,2.11
A278,ANDORA,SAVONA,LIGURIA,43.981384720951766,8.124573494427159,3,0,377,54,323,14.32
L577,VALGANNA,VARESE,LOMBARDIA,45.90274629960411,8.82598478051794,1,0,60,9,51,15.0
F497,MONTEFELCINO,PESARO E URBINO,MARCHE,43.752842602286094,12.807761940106184,2,0,170,13,157,7.65
F221,MINERVINO DI LECCE,LECCE,PUGLIA,40.08643425050977,18.41592997084553,2,0,250,3,247,1.2
F343,MONCUCCO TORINESE,ASTI,PIEMONTE,45.07072281895506,7.921427098240172,1,0,60,3,57,5.0
M004,VILLAREGGIA,TORINO,PIEMONTE,45.29239706366205,7.975753880567118,1,0,41,7,34,17.07
F871,NEROLA,ROMA,LAZIO,42.16628240221443,12.764129610934676,2,0,122,19,103,15.57
C306,CASTIGLIONE DEL GENOVESI,SALERNO,CAMPANIA,40.72878213506318,14.843134512435363,2,0,79,5,74,6.33
F373,MONIGA DEL GARDA,BRESCIA,LOMBARDIA,45.52560949704592,10.57459754081028,1,0,77,14,63,18.18
B897,CASALINO,NOVARA,PIEMONTE,45.38386645743606,8.527691554146832,2,0,133,16,117,12.03
I938,STANGHELLA,PADOVA,VENETO,45.149156131781396,11.76590539517466,2,0,260,62,198,23.85
E690,LORETO,ANCONA,MARCHE,43.4351690615181,13.618159121960298,7,0,2003,261,1742,13.03
L511,USMATE VELATE,MONZA E DELLA BRIANZA,LOMBARDIA,45.652577935448164,9.35199757981379,3,0,757,126,631,16.64
L074,TAVIANO,LECCE,PUGLIA,39.98922024193787,18.069456218598308,3,0,767,48,719,6.26
C246,CASTELPETROSO,ISERNIA,MOLISE,41.55382514658346,14.331977497690117,2,0,122,5,117,4.1
I333,SANT'EUFEMIA D'ASPROMONTE,REGGIO CALABRIA,CALABRIA,38.23146155055441,15.84799054817958,3,0,439,5,434,1.14
A613,BAONE,PADOVA,VENETO,45.252507825782146,11.681027277536872,2,0,144,2,142,1.39
E136,GRANAROLO DELL'EMILIA,BOLOGNA,EMILIA ROMAGNA,44.56131302372518,11.432780963302248,2,0,917,116,801,12.65
C883,COLLIO,BRESCIA,LOMBARDIA,45.82451244715745,10.3521438140519,3,0,90,10,80,11.11
G566,SAN BENEDETTO VAL DI SAMBRO,BOLOGNA,EMILIA ROMAGNA,44.19796139210869,11.236098715089055,3,0,236,36,200,15.25
D145,CREMENO,LECCO,LOMBARDIA,45.915920566785424,9.464841617434411,1,0,114,13,101,11.4
E874,MAMOIADA,NUORO,SARDEGNA,40.21010597103317,9.276674366368344,2,0,186,0,186,0.0
G005,OFFIDA,ASCOLI PICENO,MARCHE,42.93769239959908,13.71226165956257,3,0,258,29,229,11.24
M400,FIUMICELLO VILLA VICENTINA,UDINE,FRIULI-VENEZIA G.,45.78450268785364,13.409448316545625,3,0,394,13,381,3.3
E847,MALBORGHETTO VALBRUNA,UDINE,FRIULI-VENEZIA G.,46.509474996447715,13.439670219146283,1,0,43,4,39,9.3
C925,COMEZZANO-CIZZAGO,BRESCIA,LOMBARDIA,45.468841600942355,9.953948933864769,2,0,332,86,246,25.9
A502,AUSONIA,FROSINONE,LAZIO,41.34880960959889,13.738698826828957,2,0,191,15,176,7.85
M079,VISTARINO,PAVIA,LOMBARDIA,45.21027251648494,9.30677314519861,1,0,102,21,81,20.59
I353,SANTORSO,VICENZA,VENETO,45.73808327901998,11.395312347857583,3,0,351,32,319,9.12
F301,MOLOCHIO,REGGIO CALABRIA,CALABRIA,38.30517236816025,16.056387350132884,2,0,111,3,108,2.7
G551,PIANDIMELETO,PESARO E URBINO,MARCHE,43.74297622267322,12.396302172500699,2,1,238,71,167,29.83
D501,FARINDOLA,PESCARA,ABRUZZO,42.43206239322484,13.813580719284207,2,0,63,1,62,1.59
B075,BOSCONERO,TORINO,PIEMONTE,45.26975914382611,7.767541838963939,2,0,222,24,198,10.81
A664,BARIANO,BERGAMO,LOMBARDIA,45.51334983524849,9.709068509169823,2,2,283,99,184,34.98
M096,VIVARO,PORDENONE,FRIULI-VENEZIA G.,46.08281515911117,12.779207404657559,2,0,165,26,139,15.76
G191,OTTANA,NUORO,SARDEGNA,40.22669391771163,9.038400767183573,2,0,122,5,117,4.1
D676,FONTANETTO PO,VERCELLI,PIEMONTE,45.199737497240385,8.187944445364638,1,1,20,7,13,35.0
A335,APPIGNANO DEL TRONTO,ASCOLI PICENO,MARCHE,42.89664822108205,13.659011795599891,2,0,88,18,70,20.45
C483,CERANO,NOVARA,PIEMONTE,45.404374653173036,8.79033619179491,2,2,581,233,348,40.1
C511,CERIANA,IMPERIA,LIGURIA,43.88624856278492,7.774401346434143,2,2,46,18,28,39.13
A684,BARZANA,BERGAMO,LOMBARDIA,45.73107047147459,9.567395386925002,1,0,138,6,132,4.35
L144,TERZO D'AQUILEIA,UDINE,FRIULI-VENEZIA G.,45.77851449496856,13.313715868073901,1,0,167,7,160,4.19
M323,FISCAGLIA,FERRARA,EMILIA ROMAGNA,44.788777707590036,12.014127253619103,3,1,361,112,249,31.02
E711,LOZZOLO,VERCELLI,PIEMONTE,45.62450740726856,8.323639616016708,1,0,4,0,4,0.0
L535,VAIANO CREMASCO,CREMONA,LOMBARDIA,45.37410221414646,9.592276783622603,2,0,328,39,289,11.89
L445,TROFARELLO,TORINO,PIEMONTE,44.9751559335019,7.744649143672667,2,0,570,64,506,11.23
B662,PONTE NELLE ALPI,BELLUNO,VENETO,46.16608366985596,12.293331285773114,4,0,479,63,416,13.15
E743,LUNANO,PESARO E URBINO,MARCHE,43.74992106871714,12.435133188353817,1,0,65,12,53,18.46
B301,BUSTO GAROLFO,MILANO,LOMBARDIA,45.54456357329825,8.884531284611446,4,0,830,162,668,19.52
G904,PORTICO E SAN BENEDETTO,FORLI'-CESENA,EMILIA ROMAGNA,44.000125481549134,11.719988646115992,1,1,19,15,4,78.95
M143,ZAMBRONE,VIBO VALENTIA,CALABRIA,38.692603692895034,15.971922585256745,4,0,132,2,130,1.52
F811,MURELLO,CUNEO,PIEMONTE,44.755506256475066,7.60486548865558,1,0,42,4,38,9.52
G632,PIEVE DI TECO,IMPERIA,LIGURIA,44.05004411086958,7.915444017818897,2,2,176,62,114,35.23
H568,ROSETO VALFORTORE,FOGGIA,PUGLIA,41.35707514402867,15.110149581114651,2,0,51,1,50,1.96
I475,SAVIGNONE,GENOVA,LIGURIA,44.556850902827,8.989354486145174,2,0,100,10,90,10.0
H850,SAN FRATELLO,MESSINA,SICILIA,37.97547655139659,14.611889378684243,2,0,162,0,162,0.0
B709,CAPRINO VERONESE,VERONA,VENETO,45.61832655145738,10.802346992265702,4,1,638,127,511,19.91
A516,AVIANO,PORDENONE,FRIULI-VENEZIA G.,46.08901265429452,12.583432114412807,5,0,596,110,486,18.46
E994,MARUDO,LODI,LOMBARDIA,45.25523662397043,9.37420439153623,1,0,72,11,61,15.28
E656,LOMAGNA,LECCO,LOMBARDIA,45.670226134043254,9.37003789744089,1,0,192,52,140,27.08
H872,SANGIANO,VARESE,LOMBARDIA,45.87778067206305,8.63296458472584,1,0,66,10,56,15.15
H014,PRECENICCO,UDINE,FRIULI-VENEZIA G.,45.76176681283971,13.060648043134139,1,0,73,7,66,9.59
E949,MARIANA MANTOVANA,MANTOVA,LOMBARDIA,45.18609459545136,10.489814307095928,1,1,64,21,43,32.81
D759,FRANCAVILLA BISIO,ALESSANDRIA,PIEMONTE,44.72647591844838,8.73858821847427,1,0,9,0,9,0.0
B247,BUDOIA,PORDENONE,FRIULI-VENEZIA G.,46.06314931371574,12.516140343493495,1,0,89,11,78,12.36
H438,ROCCA SAN FELICE,AVELLINO,CAMPANIA,40.966136861261546,15.160364826097009,2,0,22,4,18,18.18
I863,SORSO,SASSARI,SARDEGNA,40.82015702885666,8.577717383805199,3,0,747,10,737,1.34
B754,CARDANO AL CAMPO,VARESE,LOMBARDIA,45.64473712352592,8.756613005197494,3,0,857,141,716,16.45
C609,CHIANNI,PISA,TOSCANA,43.463550362184996,10.64025307869833,1,0,28,4,24,14.29
I534,SCIARA,PALERMO,SICILIA,37.91867524659273,13.758287659888438,2,0,197,29,168,14.72
B468,CAMERANO,ANCONA,MARCHE,43.52562655973932,13.549526884800455,2,0,512,32,480,6.25
B989,CASOREZZO,MILANO,LOMBARDIA,45.52613114805181,8.907302269343656,2,0,342,33,309,9.65
C936,VALSOLDA,COMO,LOMBARDIA,46.03504670279365,9.050908422580704,1,0,62,2,60,3.23
E896,MANTELLO,SONDRIO,LOMBARDIA,46.15605964494195,9.47875308988885,1,0,53,7,46,13.21
F977,NULVI,SASSARI,SARDEGNA,40.79724740052035,8.755314514804104,2,0,172,2,170,1.16
I024,SAN MAURIZIO CANAVESE,TORINO,PIEMONTE,45.20443421084152,7.635830101137532,3,0,749,48,701,6.41
C977,CONZANO,ALESSANDRIA,PIEMONTE,45.03327935936602,8.462391584090849,1,0,15,1,14,6.67
D504,FARRA D'ISONZO,GORIZIA,FRIULI-VENEZIA G.,45.90832519858631,13.527826481341389,1,0,78,3,75,3.85
F010,MASERA,VERBANO-CUSIO-OSSOLA,PIEMONTE,46.14361407119378,8.353260534371529,1,0,40,3,37,7.5
G418,PEIA,BERGAMO,LOMBARDIA,45.79580226214197,9.911071357158615,1,0,54,0,54,0.0
F706,MONZUNO,BOLOGNA,EMILIA ROMAGNA,44.28299023951355,11.25070734690202,3,0,368,71,297,19.29
D403,EMPOLI,FIRENZE,TOSCANA,43.698525150515586,10.944769811703196,26,5,8483,1601,6882,18.87
C713,CINTO EUGANEO,PADOVA,VENETO,45.2899520027382,11.668370387824657,2,0,130,3,127,2.31
A153,ALBESE CON CASSANO,COMO,LOMBARDIA,45.807984408084366,9.163818065494437,2,0,229,13,216,5.68
L219,TORINO,TORINO,PIEMONTE,45.071830741441595,7.678003934806206,249,105,88672,21025,67647,23.71
C803,COAZZE,TORINO,PIEMONTE,45.05085011360907,7.232452128863334,2,1,229,50,179,21.83
A192,ALGHERO,SASSARI,SARDEGNA,40.599782083425474,8.298889650477541,24,0,4259,173,4086,4.06
A124,ALBA,CUNEO,PIEMONTE,44.687933647474644,8.030898731994467,20,2,6837,939,5898,13.73
C632,CHIETI,CHIETI,ABRUZZO,42.35838920904492,14.162188162747283,28,0,7523,488,7035,6.49
I403,SAN VITO AL TAGLIAMENTO,PORDENONE,FRIULI-VENEZIA G.,45.914310067914414,12.861673555584103,11,1,2991,428,2563,14.31
L433,TRISSINO,VICENZA,VENETO,45.566548291649674,11.348176776557045,2,0,629,104,525,16.53
D836,GABICCE MARE,PESARO E URBINO,MARCHE,43.95851351978155,12.768036821563976,3,0,404,31,373,7.67
G062,OMEGNA,VERBANO-CUSIO-OSSOLA,PIEMONTE,45.87053312668971,8.41747787311465,13,1,2047,184,1863,8.99
C514,CERIGNOLA,FOGGIA,PUGLIA,41.27848259077172,15.877410257408615,24,0,8189,235,7954,2.87
A567,BAGNOLI DEL TRIGNO,ISERNIA,MOLISE,41.699285085276024,14.476364115517507,2,0,46,2,44,4.35
F096,MELAZZO,ALESSANDRIA,PIEMONTE,44.640180717230905,8.421198333112054,1,0,32,4,28,12.5
D077,CORTONA,AREZZO,TOSCANA,43.26166658068693,11.99994506014261,17,1,2281,261,2020,11.44
E791,MADDALONI,CASERTA,CAMPANIA,41.02566697543181,14.391276836306565,19,2,5096,173,4923,3.39
L109,TERLIZZI,BARI,PUGLIA,41.1130075902289,16.5491373133549,8,0,2875,103,2772,3.58
A977,BONO,SASSARI,SARDEGNA,40.41645183106485,9.037887197810292,4,0,541,9,532,1.66
H917,SAN GIOVANNI INCARICO,FROSINONE,LAZIO,41.4963194106371,13.566986936557164,2,0,186,7,179,3.76
C726,CIRO' MARINA,CROTONE,CALABRIA,39.365508141348414,17.10869885326759,8,0,1602,132,1470,8.24
G226,PADULA,SALERNO,CAMPANIA,40.3403134325671,15.664450395476402,4,0,718,21,697,2.92
E563,LEVERANO,LECCE,PUGLIA,40.29082625393792,17.970695323348465,6,0,972,78,894,8.02
I118,VILLA SAN PIETRO,CAGLIARI,SARDEGNA,39.06270439277103,8.930217765323968,2,0,117,0,117,0.0
H857,SAN GEMINI,TERNI,UMBRIA,42.60647206208878,12.538043571891373,2,0,240,8,232,3.33
H978,SAN MARCELLINO,CASERTA,CAMPANIA,40.98796714902646,14.166764860473293,4,0,806,86,720,10.67
B430,CALTAVUTURO,PALERMO,SICILIA,37.79254120885148,13.913565147874726,2,0,175,0,175,0.0
D542,FERMO,FERMO,MARCHE,43.160804424055875,13.716847317136635,24,3,7311,916,6395,12.53
E704,LOVERE,BERGAMO,LOMBARDIA,45.8196525583429,10.070749594711707,11,1,2271,274,1997,12.07
C552,CERVETERI,ROMA,LAZIO,42.008906445923,12.094786452342047,14,0,3335,213,3122,6.39
I444,SARSINA,FORLI'-CESENA,EMILIA ROMAGNA,43.92786150717159,12.103828924767456,4,1,352,72,280,20.45
G511,PETRALIA SOTTANA,PALERMO,SICILIA,37.72119658823676,14.018694902265306,3,0,121,2,119,1.65
E252,GUASILA,SUD SARDEGNA,SARDEGNA,39.563243353807735,9.029789610873003,2,0,147,16,131,10.88
F924,NOLA,NAPOLI,CAMPANIA,40.92453867194051,14.510538640619792,18,0,6217,187,6030,3.01
F537,VIBO VALENTIA,VIBO VALENTIA,CALABRIA,38.6823888164799,16.093290743570336,32,1,8025,306,7719,3.81
D679,FONTANIVA,PADOVA,VENETO,45.629256949095584,11.753172810761509,3,1,546,122,424,22.34
E388,JESI,ANCONA,MARCHE,43.51652121338944,13.261300054192768,22,4,7124,953,6171,13.38
B470,CAMERATA PICENA,ANCONA,MARCHE,43.58173386805378,13.366693387669073,2,0,175,9,166,5.14
C714,CINTO CAOMAGGIORE,VENEZIA,VENETO,45.82193704879595,12.780588526910062,2,0,277,48,229,17.33
E466,LASTRA A SIGNA,FIRENZE,TOSCANA,43.744946703673804,11.083731518543033,5,0,1198,240,958,20.03
L184,TOANO,REGGIO EMILIA,EMILIA ROMAGNA,44.385128497289,10.545714987565502,5,0,288,70,218,24.31
M199,ZUGLIANO,VICENZA,VENETO,45.73048037731571,11.501678945789056,3,0,494,36,458,7.29
E256,GUBBIO,PERUGIA,UMBRIA,43.33113317864957,12.546650553420905,18,1,3879,348,3531,8.97
D587,FILADELFIA,VIBO VALENTIA,CALABRIA,38.78979839903892,16.310922390639266,5,0,553,24,529,4.34
E742,LUNAMATRONA,SUD SARDEGNA,SARDEGNA,39.636860143645066,8.902615430458328,2,0,124,5,119,4.03
F880,NETTUNO,ROMA,LAZIO,41.477224873294645,12.692480617302854,18,0,5414,532,4882,9.83
C685,CIGOLE,BRESCIA,LOMBARDIA,45.31208045492295,10.184422685023813,1,0,70,17,53,24.29
L928,VILLA CORTESE,MILANO,LOMBARDIA,45.56655811109466,8.886505114533305,6,0,1050,73,977,6.95
G914,PORTOGRUARO,VENEZIA,VENETO,45.75693230126505,12.851831552851369,17,0,5740,587,5153,10.23
B787,CARLENTINI,SIRACUSA,SICILIA,37.25172320239797,14.997000553212606,9,0,1556,17,1539,1.09
C133,CASTELLAMONTE,TORINO,PIEMONTE,45.40423025424172,7.7158754441104564,4,0,1137,148,989,13.02
B580,CANCELLARA,POTENZA,BASILICATA,40.726343292490036,15.922816811297356,2,0,44,1,43,2.27
H549,RONSECCO,VERCELLI,PIEMONTE,45.261910629289886,8.266864031780797,1,0,86,8,78,9.3
F158,MESSINA,MESSINA,SICILIA,38.19113918920113,15.51049211517258,115,3,24341,1379,22962,5.67
D532,FENESTRELLE,TORINO,PIEMONTE,45.02216981976191,7.058448397186075,2,0,36,1,35,2.78
G557,PIANELLO VAL TIDONE,PIACENZA,EMILIA ROMAGNA,44.92583823999642,9.410915263661913,2,1,138,40,98,28.99
B695,CAPRI LEONE,MESSINA,SICILIA,38.092987643527984,14.72109875869864,2,0,278,9,269,3.24
D762,FRANCAVILLA ANGITOLA,VIBO VALENTIA,CALABRIA,38.77938368408402,16.249999104410033,2,0,67,1,66,1.49
G523,PETTORANELLO DEL MOLISE,ISERNIA,MOLISE,41.56487845777546,14.280200075826857,1,0,20,3,17,15.0
H901,SAN GIOVANNI VALDARNO,AREZZO,TOSCANA,43.557796619821005,11.523694446232392,10,1,4102,586,3516,14.29
F050,MASULLAS,ORISTANO,SARDEGNA,39.706583292298305,8.767124316588108,2,0,55,1,54,1.82
G291,PALO DEL COLLE,BARI,PUGLIA,41.04116221034301,16.65281532139961,7,0,1401,32,1369,2.28
L728,VENAROTTA,ASCOLI PICENO,MARCHE,42.88802238115409,13.50327365483939,2,0,95,5,90,5.26
F864,NEMBRO,BERGAMO,LOMBARDIA,45.75241188307644,9.752742330818164,7,2,1318,239,1079,18.13
F589,MONTE PORZIO,PESARO E URBINO,MARCHE,43.7018372768395,13.047991998778194,2,0,195,34,161,17.44
D615,FISCIANO,SALERNO,CAMPANIA,40.77322964261379,14.80014992854695,9,0,1039,49,990,4.72
I634,SERMONETA,LATINA,LAZIO,41.54156302350191,12.969087800712428,5,0,856,32,824,3.74
A122,ALASSIO,SAVONA,LIGURIA,44.017927654187446,8.160809675028434,4,1,696,150,546,21.55
C573,CESENA,FORLI'-CESENA,EMILIA ROMAGNA,44.13050845604073,12.23488115987484,36,3,14776,1835,12941,12.42
L017,SUTRI,VITERBO,LAZIO,42.22521712353482,12.244530061366182,2,0,363,47,316,12.95
I278,SANT'ANGELO A FASANELLA,SALERNO,CAMPANIA,40.46748292939582,15.34953935620428,1,0,17,5,12,29.41
G393,PAVULLO NEL FRIGNANO,MODENA,EMILIA ROMAGNA,44.33746014309205,10.844393472475325,11,3,2876,621,2255,21.59
E566,LEVONE,TORINO,PIEMONTE,45.3202089053042,7.600794026086211,1,0,14,2,12,14.29
I434,SARMATO,PIACENZA,EMILIA ROMAGNA,45.0654289609514,9.498084267038568,2,0,237,60,177,25.32
H808,SAN COSTANTINO ALBANESE,POTENZA,BASILICATA,40.043218698344205,16.280559834053165,2,0,17,0,17,0.0
C616,CHIARAVALLE CENTRALE,CATANZARO,CALABRIA,38.69035378523485,16.393424370880147,7,0,863,41,822,4.75
L274,TORRE ORSAIA,SALERNO,CAMPANIA,40.13073285432023,15.484399774781753,3,0,224,10,214,4.46
C524,CERRETO D'ESI,ANCONA,MARCHE,43.319248967000846,12.993943724166048,2,0,196,28,168,14.29
B114,BRACCIANO,ROMA,LAZIO,42.091490164817195,12.162962635056427,8,0,2920,267,2653,9.14
C722,CIRIE',TORINO,PIEMONTE,45.219677796523754,7.5917294454381095,9,0,3228,256,2972,7.93
A958,BOMPIETRO,PALERMO,SICILIA,37.70280435458304,14.120487833118954,2,0,24,1,23,4.17
A321,ANZI,POTENZA,BASILICATA,40.53028985234279,15.916353996186754,2,0,56,0,56,0.0
E234,GUAMAGGIORE,SUD SARDEGNA,SARDEGNA,39.585490321296625,9.065483466547466,1,0,51,5,46,9.8
G036,OLIVERI,MESSINA,SICILIA,38.11174786600267,15.045186907979115,2,0,125,19,106,15.2
G587,PIAZZOLA SUL BRENTA,PADOVA,VENETO,45.54191891268295,11.776977024075967,8,0,1454,165,1289,11.35
G910,PORTOCANNONE,CAMPOBASSO,MOLISE,41.909690038907364,15.009135556467507,2,0,147,10,137,6.8
H916,SAN GIOVANNI ILARIONE,VERONA,VENETO,45.52646737048377,11.236379965488151,3,1,330,59,271,17.88
L900,VIGONZA,PADOVA,VENETO,45.448994771414256,11.971092966214604,7,1,1438,180,1258,12.52
G205,OZZANO DELL'EMILIA,BOLOGNA,EMILIA ROMAGNA,44.42834725574797,11.476026104488122,3,0,983,53,930,5.39
B281,BUSACHI,ORISTANO,SARDEGNA,40.0093501580463,8.885502455771633,1,0,20,0,20,0.0
G502,PESSANO CON BORNAGO,MILANO,LOMBARDIA,45.55078860005101,9.38941264781883,2,0,554,114,440,20.58
B440,CALVELLO,POTENZA,BASILICATA,40.447734208366434,15.861254062498064,2,0,110,12,98,10.91
M298,STATTE,TARANTO,PUGLIA,40.55159719062353,17.224144900778555,5,0,997,6,991,0.6
B099,BOVA MARINA,REGGIO CALABRIA,CALABRIA,37.94560489295899,15.941452104339701,4,0,723,71,652,9.82
A163,ALBINO,BERGAMO,LOMBARDIA,45.758355351513075,9.82224059413792,9,0,2351,226,2125,9.61
A300,CASTELLO DI ANNONE,ASTI,PIEMONTE,44.89399141559136,8.3304896655763,1,0,86,17,69,19.77
C113,CASTELFRANCO DI SOTTO,PISA,TOSCANA,43.75318270481301,10.702977448993632,4,2,1017,306,711,30.09
C079,CASTELLI CALEPIO,BERGAMO,LOMBARDIA,45.633920053701324,9.898286303964698,3,2,687,218,469,31.73
I824,SOMMATINO,CALTANISSETTA,SICILIA,37.32266037253784,14.00596042336891,2,0,431,8,423,1.86
L346,TRAVERSETOLO,PARMA,EMILIA ROMAGNA,44.634134416807825,10.372195805475085,2,0,641,177,464,27.61
I867,SOSSANO,VICENZA,VENETO,45.35173388050312,11.516143398212918,2,0,314,24,290,7.64
F519,MONTEGIORDANO,COSENZA,CALABRIA,40.04195532435584,16.5551212327264,3,1,50,9,41,18.0
L293,TORRICELLA IN SABINA,RIETI,LAZIO,42.273750872545726,12.870157958884395,2,0,118,15,103,12.71
I346,SANT'OLCESE,GENOVA,LIGURIA,44.48252795764702,8.960847066906297,3,0,353,9,344,2.55
D154,CRESCENTINO,VERCELLI,PIEMONTE,45.20327467486854,8.114382970229242,3,0,787,119,668,15.12
E951,MARIANO COMENSE,COMO,LOMBARDIA,45.69779117366346,9.174621539460363,8,1,3103,478,2625,15.4
D766,FRANCAVILLA IN SINNI,POTENZA,BASILICATA,40.05052714792435,16.21965523442299,2,0,263,16,247,6.08
E044,GIOIOSA IONICA,REGGIO CALABRIA,CALABRIA,38.35752091025338,16.3156519561566,4,0,838,40,798,4.77
I153,SAN SECONDO PARMENSE,PARMA,EMILIA ROMAGNA,44.92699921618025,10.216079429218503,3,0,1104,204,900,18.48
C303,CASTIGLIONE DI GARFAGNANA,LUCCA,TOSCANA,44.18361243257945,10.449376703756993,2,0,152,5,147,3.29
A698,BASICO',MESSINA,SICILIA,38.06075370464523,15.065434179651685,1,0,8,1,7,12.5
B731,CARAVAGGIO,BERGAMO,LOMBARDIA,45.492167401079335,9.653422125599139,5,3,1924,431,1493,22.4
G202,OZEGNA,TORINO,PIEMONTE,45.34440463900336,7.749090045635905,1,0,76,2,74,2.63
L571,VALENZANO,BARI,PUGLIA,41.03510343449284,16.886943701558973,5,0,1133,38,1095,3.35
G303,PANCALIERI,TORINO,PIEMONTE,44.83233743701281,7.583832663396052,2,0,224,39,185,17.41
I275,SANT'ANGELO DI PIOVE DI SACCO,PADOVA,VENETO,45.34139638305052,12.00532336422036,4,0,571,82,489,14.36
D229,CUSAGO,MILANO,LOMBARDIA,45.44677712201487,9.029700021013353,2,0,412,19,393,4.61
I937,STALETTI',CATANZARO,CALABRIA,38.76425909281103,16.546180678193743,2,0,116,7,109,6.03
I262,SANT'ANASTASIA,NAPOLI,CAMPANIA,40.871777714318625,14.39892165299049,14,0,3418,77,3341,2.25
A047,ACQUAVIVA PICENA,ASCOLI PICENO,MARCHE,42.940288395701224,13.803089084750747,2,0,161,8,153,4.97
B460,CAMASTRA,AGRIGENTO,SICILIA,37.25102569884283,13.806182945861751,2,0,88,21,67,23.86
B159,BRESSANA BOTTARONE,PAVIA,LOMBARDIA,45.08184816123182,9.128930466116502,2,0,236,55,181,23.31
G080,OPPEANO,VERONA,VENETO,45.31029008749484,11.113406293408966,4,0,739,153,586,20.7
D450,FABBRICO,REGGIO EMILIA,EMILIA ROMAGNA,44.87581836639998,10.81294614864632,2,1,538,195,343,36.25
I388,SAN VINCENZO LA COSTA,COSENZA,CALABRIA,39.367768035908476,16.148004667878872,2,0,120,1,119,0.83
F735,MORMANNO,COSENZA,CALABRIA,39.87708238113097,15.994059974412535,3,0,164,16,148,9.76
F625,MONTESANO SULLA MARCELLANA,SALERNO,CAMPANIA,40.26474857097544,15.726086086218354,7,0,529,50,479,9.45
C289,CASTEL VISCARDO,TERNI,UMBRIA,42.757562250537994,12.016497884780106,2,0,80,8,72,10.0
H243,ERCOLANO,NAPOLI,CAMPANIA,40.81952630287953,14.380107122495557,15,0,4164,42,4122,1.01
F200,MIGLIERINA,CATANZARO,CALABRIA,38.970844071554474,16.46801571632059,2,0,61,11,50,18.03
D874,GALLICANO,LUCCA,TOSCANA,44.048632863511656,10.438382061495284,2,0,344,42,302,12.21
E596,LIMONE SUL GARDA,BRESCIA,LOMBARDIA,45.82031451324555,10.794394420586862,2,0,101,19,82,18.81
A347,AQUILONIA,AVELLINO,CAMPANIA,40.97894685886353,15.492240793336228,2,0,67,10,57,14.93
I850,SORGA',VERONA,VENETO,45.19899221289671,10.990192697164385,2,1,220,76,144,34.55
D962,GEMONA DEL FRIULI,UDINE,FRIULI-VENEZIA G.,46.29068142058858,13.157946908419602,8,0,1944,139,1805,7.15
G217,PADERNO FRANCIACORTA,BRESCIA,LOMBARDIA,45.582825245758,10.084025997155237,2,0,222,44,178,19.82
B366,CAIOLO,SONDRIO,LOMBARDIA,46.10825697608149,9.818117623095295,1,0,33,1,32,3.03
C976,CONZA DELLA CAMPANIA,AVELLINO,CAMPANIA,40.87394235453406,15.31482594515823,1,0,87,14,73,16.09
H085,PRUNETTO,CUNEO,PIEMONTE,44.492336260715916,8.138713345748593,1,1,5,2,3,40.0
L765,VERGIATE,VARESE,LOMBARDIA,45.73158693051192,8.699907852547849,4,0,569,59,510,10.37
L276,TORRE PALLAVICINA,BERGAMO,LOMBARDIA,45.44805653628464,9.863539912502585,1,1,41,14,27,34.15
B922,CASAMARCIANO,NAPOLI,CAMPANIA,40.9349925079562,14.55950314734754,3,0,476,13,463,2.73
H448,ROCCASPINALVETI,CHIETI,ABRUZZO,41.93016161941362,14.465122542124726,2,0,54,4,50,7.41
D964,GENAZZANO,ROMA,LAZIO,41.81358577176852,12.981096443273461,3,0,537,54,483,10.06
F828,MUSSO,COMO,LOMBARDIA,46.113710776957056,9.269476567172646,1,0,39,0,39,0.0
B588,CANDIA CANAVESE,TORINO,PIEMONTE,45.33025409986452,7.897190323077883,1,0,46,3,43,6.52
D844,GAGGI,MESSINA,SICILIA,37.864015670985694,15.225704914819497,2,0,212,14,198,6.6
A861,BIENNO,BRESCIA,LOMBARDIA,45.90291099579776,10.353583638415444,2,0,288,40,248,13.89
L966,VILLAMAR,SUD SARDEGNA,SARDEGNA,39.61667144887313,8.971664379126741,4,0,332,16,316,4.82
D269,DELICETO,FOGGIA,PUGLIA,41.226054088438225,15.426901466102613,4,0,265,13,252,4.91
C937,COMUN NUOVO,BERGAMO,LOMBARDIA,45.61533860444757,9.661180000943588,2,0,346,30,316,8.67
F268,MOGLIANO,MACERATA,MARCHE,43.18921690666582,13.483493420646964,2,0,296,56,240,18.92
B901,CASALMORO,MANTOVA,LOMBARDIA,45.26990217429089,10.412612584151844,1,1,84,26,58,30.95
D630,FLAIBANO,UDINE,FRIULI-VENEZIA G.,46.056687974081484,12.968525525184337,1,0,103,10,93,9.71
D539,FERENTINO,FROSINONE,LAZIO,41.694634515226774,13.248402809404066,12,0,2451,193,2258,7.87
A757,BELLUNO,BELLUNO,VENETO,46.14063275535056,12.219189140077138,24,1,5711,533,5178,9.33
G974,PRAY,BIELLA,PIEMONTE,45.673268623731516,8.208694013392787,2,0,122,17,105,13.93
D691,FORCE,ASCOLI PICENO,MARCHE,42.961815582036735,13.495161464385854,2,0,51,7,44,13.73
H225,REGGIOLO,REGGIO EMILIA,EMILIA ROMAGNA,44.91448005866971,10.798360196658685,2,0,708,119,589,16.81
C735,CISON DI VALMARINO,TREVISO,VENETO,45.97568732222964,12.166508392406314,1,0,106,20,86,18.87
I662,SERRAVALLE A PO,MANTOVA,LOMBARDIA,45.07507976248577,11.080082960352424,1,1,50,18,32,36.0
G813,POMPEI,NAPOLI,CAMPANIA,40.74815757560909,14.496189607793578,12,0,3488,61,3427,1.75
G865,PONTINIA,LATINA,LAZIO,41.40268430791997,13.111984243965235,6,0,1411,175,1236,12.4
D965,GENGA,ANCONA,MARCHE,43.426311259541784,12.936664198196596,1,0,28,4,24,14.29
I647,SERRAMANNA,SUD SARDEGNA,SARDEGNA,39.43531960202326,8.896137147346739,5,0,729,8,721,1.1
F134,MERCALLO,VARESE,LOMBARDIA,45.75185728651618,8.669254908725408,1,0,95,4,91,4.21
G931,POSINA,VICENZA,VENETO,45.7967134144647,11.254359397884746,1,1,12,5,7,41.67
B269,BUONCONVENTO,SIENA,TOSCANA,43.1410215751534,11.472747295363327,2,0,218,39,179,17.89
E445,LANZO TORINESE,TORINO,PIEMONTE,45.27558194743392,7.480136464261909,6,0,1298,119,1179,9.17
B584,CANDELA,FOGGIA,PUGLIA,41.13450801397759,15.562294182592977,3,0,145,8,137,5.52
E591,LIMBIATE,MONZA E DELLA BRIANZA,LOMBARDIA,45.60116629198949,9.121184150801165,13,5,3991,895,3096,22.43
D819,FUMONE,FROSINONE,LAZIO,41.73148397178361,13.275506026609115,2,0,123,7,116,5.69
D829,FUSIGNANO,RAVENNA,EMILIA ROMAGNA,44.483056654940164,11.97305289859468,2,1,526,170,356,32.32
D827,FURTEI,SUD SARDEGNA,SARDEGNA,39.5573766617807,8.950998020965113,2,0,94,1,93,1.06
G757,POGGIO CATINO,RIETI,LAZIO,42.292817817190524,12.684980407061204,1,0,58,12,46,20.69
F196,MIGLIANICO,CHIETI,ABRUZZO,42.35749050287284,14.285787676749731,2,0,289,33,256,11.42
H340,RIVAROLO CANAVESE,TORINO,PIEMONTE,45.30404441434967,7.7249410292835305,5,0,2152,198,1954,9.2
G097,ORGOSOLO,NUORO,SARDEGNA,40.177274149105074,9.385405112519186,2,0,231,0,231,0.0
I140,SAN ROCCO AL PORTO,LODI,LOMBARDIA,45.0859059598815,9.699897739736485,2,0,229,52,177,22.71
L644,VALPERGA,TORINO,PIEMONTE,45.36790955890605,7.660156291189867,2,0,403,36,367,8.93
I059,SANNICOLA,LECCE,PUGLIA,40.095532020426646,18.049166855393445,2,0,295,12,283,4.07
H348,RIVELLO,POTENZA,BASILICATA,40.08157603655129,15.736384727427215,2,0,126,6,120,4.76
M346,VALVASONE ARZENE,PORDENONE,FRIULI-VENEZIA G.,45.989283784248386,12.863205428153242,2,0,261,63,198,24.14
F454,MONTECASSIANO,MACERATA,MARCHE,43.36249141988319,13.435820611861912,3,0,470,73,397,15.53
L951,VILLAFRATI,PALERMO,SICILIA,37.92729016350143,13.493065009501134,2,0,268,5,263,1.87
C091,CASTEL DI IUDICA,CATANIA,SICILIA,37.508652290913176,14.680309872547971,3,0,263,4,259,1.52
H887,SAN GIORGIO PIACENTINO,PIACENZA,EMILIA ROMAGNA,44.92384366337937,9.739966531394497,2,0,322,68,254,21.12
C498,CEREA,VERONA,VENETO,45.17366574784602,11.218082928434503,8,0,1896,274,1622,14.45
B859,CASACANDITELLA,CHIETI,ABRUZZO,42.26245696982923,14.210901136145663,2,0,63,6,57,9.52
G485,PESCATE,LECCO,LOMBARDIA,45.83104303646956,9.395450948798345,2,0,175,35,140,20.0
B445,CALVI RISORTA,CASERTA,CAMPANIA,41.20846726575384,14.126446446084856,3,0,378,9,369,2.38
F414,MONTALLEGRO,AGRIGENTO,SICILIA,37.391355674644906,13.35409830759084,2,0,166,1,165,0.6
C599,CHERASCO,CUNEO,PIEMONTE,44.645365008236624,7.832682390960414,4,0,836,107,729,12.8
I155,SANSEPOLCRO,AREZZO,TOSCANA,43.58966133448932,12.137049649543703,8,1,2016,327,1689,16.22
G955,POZZO D'ADDA,MILANO,LOMBARDIA,45.57168947301423,9.497680645913658,2,0,539,115,424,21.34
H652,SABBIONETA,MANTOVA,LOMBARDIA,45.00705389756059,10.515501164837241,2,0,226,47,179,20.8
I460,SASSOFELTRIO,RIMINI,EMILIA ROMAGNA,43.89046676676969,12.48045346852585,1,0,65,12,53,18.46
L519,USTICA,PALERMO,SICILIA,38.70516496927331,13.17539229325527,4,0,78,1,77,1.28
L393,TRESNURAGHES,ORISTANO,SARDEGNA,40.2253577735527,8.49325897017906,1,0,53,1,52,1.89
A931,BOISSANO,SAVONA,LIGURIA,44.14778549761028,8.209605936293212,1,0,102,3,99,2.94
D327,DOLZAGO,LECCO,LOMBARDIA,45.77051639640338,9.343444345579627,1,0,99,16,83,16.16
I761,SIRTORI,LECCO,LOMBARDIA,45.73552833901231,9.335502076207268,1,0,97,19,78,19.59
E852,MALEO,LODI,LOMBARDIA,45.16268611441449,9.763744144440007,2,0,253,52,201,20.55
I316,SANTA VITTORIA D'ALBA,CUNEO,PIEMONTE,44.69890411551821,7.9380827028735705,3,0,229,52,177,22.71
A722,BAUNEI,NUORO,SARDEGNA,40.09910900534629,9.631701447933649,3,0,225,4,221,1.78
B255,BUGLIO IN MONTE,SONDRIO,LOMBARDIA,46.20980156535054,9.700025759632423,1,0,97,5,92,5.15
C707,CINISELLO BALSAMO,MILANO,LOMBARDIA,45.55738779400018,9.2180917403906,25,16,8469,2980,5489,35.19
D520,FAVRIA,TORINO,PIEMONTE,45.310721975276415,7.685386724269698,2,0,461,62,399,13.45
H631,RUEGLIO,TORINO,PIEMONTE,45.47350629657084,7.738287484976077,1,0,26,1,25,3.85
D019,CORNATE D'ADDA,MONZA E DELLA BRIANZA,LOMBARDIA,45.64372422249621,9.473398646876038,4,0,767,123,644,16.04
I791,SOLARUSSA,ORISTANO,SARDEGNA,39.971450974948,8.681632200622323,2,0,138,1,137,0.72
E597,LIMONE PIEMONTE,CUNEO,PIEMONTE,44.18619988828024,7.576300511305023,2,0,103,5,98,4.85
H182,RAPAGNANO,FERMO,MARCHE,43.158248735168144,13.607707991570372,2,0,233,22,211,9.44
C102,CASTEL FOCOGNANO,AREZZO,TOSCANA,43.64170688470762,11.782512072204584,3,0,240,33,207,13.75
I430,SAREGO,VICENZA,VENETO,45.42146604301003,11.414321456483611,4,0,460,69,391,15.0
E807,MAGLIANO DI TENNA,FERMO,MARCHE,43.13454430993941,13.59098523180057,1,0,63,8,55,12.7
B284,BUSANO,TORINO,PIEMONTE,45.32238606596079,7.661002586196482,1,0,84,6,78,7.14
D629,FIVIZZANO,MASSA-CARRARA,TOSCANA,44.21256023985137,10.132024365674978,7,0,415,42,373,10.12
L920,VILLA CASTELLI,BRINDISI,PUGLIA,40.56335482334819,17.480696183151316,3,0,568,20,548,3.52
H900,SAN GIORIO DI SUSA,TORINO,PIEMONTE,45.095222639652484,7.173341092974786,1,0,32,0,32,0.0
B900,CASALMORANO,CREMONA,LOMBARDIA,45.287815202305175,9.905950858366452,2,1,163,59,104,36.2
L118,TERNO D'ISOLA,BERGAMO,LOMBARDIA,45.685613171094474,9.526956037387462,2,0,542,123,419,22.69
A366,ARCEVIA,ANCONA,MARCHE,43.52603416570569,12.953767075473241,3,0,341,57,284,16.72
C347,CASTROREALE,MESSINA,SICILIA,38.06467637030709,15.224829615468852,4,1,222,25,197,11.26
C228,CASTELNUOVO BOCCA D'ADDA,LODI,LOMBARDIA,45.10857152053028,9.868800279057602,2,0,95,17,78,17.89
F081,MEDEA,GORIZIA,FRIULI-VENEZIA G.,45.91771622663204,13.426539882259341,1,0,63,4,59,6.35
F777,MOTTA MONTECORVINO,FOGGIA,PUGLIA,41.50885037888015,15.107241665389726,2,0,16,0,16,0.0
G122,ORROLI,SUD SARDEGNA,SARDEGNA,39.651905680844195,9.260360449262429,2,0,97,0,97,0.0
H335,RIVALTA DI TORINO,TORINO,PIEMONTE,45.02244863305081,7.520365245079587,7,0,1353,122,1231,9.02
L214,TORELLA DEI LOMBARDI,AVELLINO,CAMPANIA,40.94009640295713,15.094123046554465,2,0,117,3,114,2.56
B593,CANEGRATE,MILANO,LOMBARDIA,45.56595035232002,8.92483194859056,2,0,681,117,564,17.18
E201,GROSOTTO,SONDRIO,LOMBARDIA,46.29639039637302,10.214571055492202,2,0,208,20,188,9.62
H716,SALMOUR,CUNEO,PIEMONTE,44.58192836593956,7.797611564801781,1,0,36,5,31,13.89
L691,VARZO,VERBANO-CUSIO-OSSOLA,PIEMONTE,46.2432799748954,8.196922706120883,2,0,107,6,101,5.61
G944,POVEGLIANO,TREVISO,VENETO,45.75477489372487,12.19184310246174,3,0,268,37,231,13.81
H253,REVINE LAGO,TREVISO,VENETO,46.00018285277641,12.227267991796381,1,0,64,7,57,10.94
I888,SPELLO,PERUGIA,UMBRIA,43.00472008124613,12.665607681264857,2,0,376,31,345,8.24
M207,LARIANO,ROMA,LAZIO,41.7274527653396,12.825681117882707,5,0,819,87,732,10.62
I131,SAN PRISCO,CASERTA,CAMPANIA,41.09868841704974,14.276316629576288,3,0,433,32,401,7.39
H417,ROCCALBEGNA,GROSSETO,TOSCANA,42.77932653153027,11.467735732947553,2,0,39,3,36,7.69
C041,CASTAGNARO,VERONA,VENETO,45.08962178194997,11.403353740165612,3,1,291,58,233,19.93
G237,PAGLIETA,CHIETI,ABRUZZO,42.16940816362187,14.490305154011276,3,0,270,15,255,5.56
A445,ARSITA,TERAMO,ABRUZZO,42.47296273304009,13.77591272810528,2,0,55,5,50,9.09
C795,CLETO,COSENZA,CALABRIA,39.077090286824976,16.15361880421552,2,0,56,5,51,8.93
B542,CAMPOLI DEL MONTE TABURNO,BENEVENTO,CAMPANIA,41.11389626810694,14.658876203367894,2,0,102,3,99,2.94
I463,SATRIANO,CATANZARO,CALABRIA,38.65647691634825,16.47284114925528,2,0,145,16,129,11.03
M048,VILLORBA,TREVISO,VENETO,45.72978780092644,12.252702734340554,9,1,3106,416,2690,13.39
I283,SANT'ANGELO DI BROLO,MESSINA,SICILIA,38.1031422253402,14.893512340878992,3,0,151,5,146,3.31
D189,CRUCOLI,CROTONE,CALABRIA,39.43076978732315,17.00022352275017,2,0,184,4,180,2.17
I279,SANT'ANGELO ALL'ESCA,AVELLINO,CAMPANIA,41.00696807306365,14.993423508361195,2,1,20,5,15,25.0
E090,GORDONA,SONDRIO,LOMBARDIA,46.27944693348676,9.312332622534548,2,0,181,5,176,2.76
F510,MONTEFRANCO,TERNI,UMBRIA,42.602085202759866,12.75349159336466,1,0,60,7,53,11.67
I903,SPILAMBERTO,MODENA,EMILIA ROMAGNA,44.53731899012536,11.000402969678397,3,2,954,340,614,35.64
C341,CASTROFILIPPO,AGRIGENTO,SICILIA,37.354989759433245,13.752732106943677,2,0,191,1,190,0.52
E068,GIZZERIA,CATANZARO,CALABRIA,38.96574442744647,16.196491938785787,5,0,335,46,289,13.73
M022,VILLA SANTA MARIA,CHIETI,ABRUZZO,41.96960008892655,14.35262198917018,3,0,363,17,346,4.68
C006,CASSARO,SIRACUSA,SICILIA,37.10152445150671,14.956555031878768,2,2,25,9,16,36.0
D227,CURTATONE,MANTOVA,LOMBARDIA,45.10693871658866,10.715022504077574,6,1,928,83,845,8.94
D736,FOSSA,L'AQUILA,ABRUZZO,42.30308382044833,13.4940926203995,1,0,68,2,66,2.94
D528,FELIZZANO,ALESSANDRIA,PIEMONTE,44.90836432372698,8.428631559048757,2,0,167,33,134,19.76
B462,CAMBIANO,TORINO,PIEMONTE,44.96947499271684,7.765543675808445,2,0,371,28,343,7.55
G643,PIEVE DI CENTO,BOLOGNA,EMILIA ROMAGNA,44.7336822822042,11.325373544752981,2,0,515,125,390,24.27
H187,RAPONE,POTENZA,BASILICATA,40.85526701491011,15.496253767085026,2,0,17,1,16,5.88
F229,MIRA,VENEZIA,VENETO,45.41283714973452,12.185583626447851,9,2,2023,401,1622,19.82
G601,PIEGARO,PERUGIA,UMBRIA,42.97096965857269,12.150087373799172,3,0,209,41,168,19.62
H069,PRIOLA,CUNEO,PIEMONTE,44.25331593105946,8.030840763965342,1,0,19,2,17,10.53
B716,CAPURSO,BARI,PUGLIA,41.04176914924108,16.923720745785193,3,0,995,16,979,1.61
A632,BARBERINO DI MUGELLO,FIRENZE,TOSCANA,44.02084528204461,11.234740929208831,4,0,755,126,629,16.69
C718,CIPRESSA,IMPERIA,LIGURIA,43.861544018150376,7.928369872599646,1,0,57,6,51,10.53
L280,TORRE SANTA SUSANNA,BRINDISI,PUGLIA,40.48405465160818,17.750059087487216,3,0,647,11,636,1.7
F764,MOSCIANO SANT'ANGELO,TERAMO,ABRUZZO,42.74202136991646,13.887843385276629,4,0,543,63,480,11.6
L065,TAVAGNACCO,UDINE,FRIULI-VENEZIA G.,46.11041959095982,13.221094050074866,5,0,1016,74,942,7.28
F479,MONTECORICE,SALERNO,CAMPANIA,40.240385602383554,14.987697726755144,3,0,124,5,119,4.03
E067,GIVOLETTO,TORINO,PIEMONTE,45.16228317190592,7.494400062169951,1,0,135,4,131,2.96
A666,BARILE,POTENZA,BASILICATA,40.95209438491619,15.697206415349944,2,0,133,20,113,15.04
D774,FRASCINETO,COSENZA,CALABRIA,39.850914516359175,16.275853745086504,2,0,88,6,82,6.82
L025,TAGLIACOZZO,L'AQUILA,ABRUZZO,42.06599813243722,13.255144234115301,4,0,606,86,520,14.19
D823,FURCI,CHIETI,ABRUZZO,42.02968295792311,14.606088913491073,2,0,28,2,26,7.14
B755,CARDE',CUNEO,PIEMONTE,44.74002947569216,7.473132511231778,1,0,43,2,41,4.65
H884,SAN GIORGIO SU LEGNANO,MILANO,LOMBARDIA,45.57075385106286,8.909031023421493,2,0,440,53,387,12.05
F401,OSTRA,ANCONA,MARCHE,43.61206032730606,13.136961998299217,3,0,418,52,366,12.44
C273,CASTELSEPRIO,VARESE,LOMBARDIA,45.71687930109659,8.860963736681391,1,0,78,1,77,1.28
M110,VOGHIERA,FERRARA,EMILIA ROMAGNA,44.762410327927675,11.738010542291864,2,0,323,47,276,14.55
C668,CIANCIANA,AGRIGENTO,SICILIA,37.49531043640909,13.421641365561943,2,0,175,14,161,8.0
G034,OLIVADI,CATANZARO,CALABRIA,38.731242153711094,16.41785647765317,2,0,39,2,37,5.13
E244,GUARDIALFIERA,CAMPOBASSO,MOLISE,41.815771268702456,14.794720352825456,2,0,36,9,27,25.0
I727,SIGILLO,PERUGIA,UMBRIA,43.33366397048228,12.736875695576371,2,0,146,14,132,9.59
A041,ACQUAPPESA,COSENZA,CALABRIA,39.49423449475598,15.993157658122318,3,0,236,7,229,2.97
G095,ORGIANO,VICENZA,VENETO,45.34462891922701,11.466148718633383,3,0,204,38,166,18.63
B861,CASALANGUIDA,CHIETI,ABRUZZO,42.046353161750616,14.51533496692823,1,0,12,2,10,16.67
A506,AVEGNO,GENOVA,LIGURIA,44.39222779068097,9.158872791540833,1,0,74,12,62,16.22
B828,CARPINETO ROMANO,ROMA,LAZIO,41.59840647351483,13.09092013434274,2,0,242,15,227,6.2
F841,NARCAO,SUD SARDEGNA,SARDEGNA,39.19049427886349,8.678107212106214,2,0,127,4,123,3.15
A460,ASCEA,SALERNO,CAMPANIA,40.15780726921412,15.195936583478874,4,0,329,22,307,6.69
G447,PERDIFUMO,SALERNO,CAMPANIA,40.2785284664997,15.00629260173073,2,0,55,6,49,10.91
A206,ALLEGHE,BELLUNO,VENETO,46.40410576382869,12.036684899080884,2,0,115,3,112,2.61
D554,FERRERE,ASTI,PIEMONTE,44.87276327527422,7.992543251385324,1,0,64,17,47,26.56
A319,ANZANO DEL PARCO,COMO,LOMBARDIA,45.769594109604824,9.208966777208866,1,0,90,7,83,7.78
F654,MONTEU ROERO,CUNEO,PIEMONTE,44.792004655733905,7.912354293181958,1,0,58,3,55,5.17
E400,LACONI,ORISTANO,SARDEGNA,39.861487270831006,9.049018357561692,2,0,53,0,53,0.0
A180,ALES,ORISTANO,SARDEGNA,39.7740082712422,8.804893774181867,3,0,171,2,169,1.17
H312,RIPACANDIDA,POTENZA,BASILICATA,40.89775507461472,15.728700219228516,2,0,80,10,70,12.5
G102,ORICOLA,L'AQUILA,ABRUZZO,42.06649024873131,13.043482423054968,1,0,60,2,58,3.33
F051,MATELICA,MACERATA,MARCHE,43.271617792644676,13.024512653266358,4,0,830,91,739,10.96
C014,CASSINA DE' PECCHI,MILANO,LOMBARDIA,45.51598785301614,9.375272640176028,2,0,919,167,752,18.17
F681,MONTODINE,CREMONA,LOMBARDIA,45.27812630435037,9.700096628288223,2,0,178,19,159,10.67
G979,PRALORMO,TORINO,PIEMONTE,44.85286309025783,7.8975189603640175,2,0,142,21,121,14.79
C550,CERVERE,CUNEO,PIEMONTE,44.6261454534646,7.772225710796607,2,0,155,24,131,15.48
F533,MONTELABBATE,PESARO E URBINO,MARCHE,43.84126887028639,12.776711207956149,4,0,681,94,587,13.8
I907,SPINAZZOLA,BARLETTA-ANDRIA-TRANI,PUGLIA,40.96681281500295,16.13323447268035,4,0,447,24,423,5.37
F226,MIOGLIA,SAVONA,LIGURIA,44.4863389954867,8.422862651137262,2,0,44,0,44,0.0
C894,COLOGNO AL SERIO,BERGAMO,LOMBARDIA,45.57265432676212,9.71520663850861,2,0,746,150,596,20.11
F840,NARBOLIA,ORISTANO,SARDEGNA,40.048165961662924,8.54004323482355,2,0,91,6,85,6.59
I110,SAN PIETRO IN CASALE,BOLOGNA,EMILIA ROMAGNA,44.71058892682321,11.404890671872515,4,1,936,276,660,29.49
A541,BADIA TEDALDA,AREZZO,TOSCANA,43.713438101666966,12.172819845157246,2,0,48,11,37,22.92
I956,STILO,REGGIO CALABRIA,CALABRIA,38.49797535566205,16.43515062992178,2,0,111,1,110,0.9
D407,ENEGO,VICENZA,VENETO,45.94012885598782,11.658048263950661,2,0,62,1,61,1.61
L888,VIGNOLO,CUNEO,PIEMONTE,44.358716279295926,7.476224628189733,1,0,115,6,109,5.22
L046,TARANO,RIETI,LAZIO,42.33839287353529,12.583940796265013,1,0,39,3,36,7.69
G117,ORNAVASSO,VERBANO-CUSIO-OSSOLA,PIEMONTE,45.96285259986567,8.387802725474096,2,0,211,14,197,6.64
I271,SANT'ANDREA FRIUS,SUD SARDEGNA,SARDEGNA,39.475381833823995,9.185946880778282,2,0,79,0,79,0.0
L237,TORRAZZA COSTE,PAVIA,LOMBARDIA,44.96139859153029,9.09214229350748,2,0,116,7,109,6.03
A953,BOLZANO NOVARESE,NOVARA,PIEMONTE,45.76150322145299,8.44756574793933,1,0,23,1,22,4.35
B317,POGGIO SANNITA,ISERNIA,MOLISE,41.767556303193885,14.443301696824625,1,0,12,1,11,8.33
I841,SORANO,GROSSETO,TOSCANA,42.70060318230725,11.711825871333644,3,0,156,20,136,12.82
E026,GIFFONI SEI CASALI,SALERNO,CAMPANIA,40.740123330994415,14.887705003093053,4,0,255,13,242,5.1
H575,ROSORA,ANCONA,MARCHE,43.485816207897145,13.053250771101562,2,0,150,21,129,14.0
C563,CESANA BRIANZA,LECCO,LOMBARDIA,45.81741627977776,9.297400383674631,1,0,74,9,65,12.16
G213,PADENGHE SUL GARDA,BRESCIA,LOMBARDIA,45.5082230941647,10.54553303985974,2,0,448,37,411,8.26
L994,VILLANTERIO,PAVIA,LOMBARDIA,45.22568986305909,9.364259886820562,2,2,320,139,181,43.44
E544,LESA,NOVARA,PIEMONTE,45.82379690743187,8.560928064957963,3,1,355,46,309,12.96
H843,SAN FIOR,TREVISO,VENETO,45.90582502615808,12.363471244365227,3,0,475,57,418,12.0
E547,LESIGNANO DE' BAGNI,PARMA,EMILIA ROMAGNA,44.61796200164486,10.298811325977018,2,0,346,35,311,10.12
L713,VEJANO,VITERBO,LAZIO,42.19724820178138,12.079032898802986,2,0,116,4,112,3.45
A111,AIROLE,IMPERIA,LIGURIA,43.87307029097138,7.562092717592396,1,0,26,7,19,26.92
H432,ROCCA PRIORA,ROMA,LAZIO,41.78132686905198,12.779253846876857,3,0,704,64,640,9.09
E173,GRICIGNANO DI AVERSA,CASERTA,CAMPANIA,40.99409269591086,14.242341667555795,3,0,1002,78,924,7.78
A164,ALBIOLO,COMO,LOMBARDIA,45.80555879769939,8.942009510347692,1,0,90,5,85,5.56
A752,BELLINZAGO NOVARESE,NOVARA,PIEMONTE,45.5538484555224,8.64235348868165,2,0,646,82,564,12.69
D139,CREDARO,BERGAMO,LOMBARDIA,45.66185281716686,9.918881620345035,1,1,172,62,110,36.05
C396,CAVERNAGO,BERGAMO,LOMBARDIA,45.62160025640488,9.75859425816348,2,0,296,40,256,13.51
C634,CHIEVE,CREMONA,LOMBARDIA,45.33810948148512,9.612830673303698,1,0,95,9,86,9.47
M152,ZECCONE,PAVIA,LOMBARDIA,45.25944887875527,9.190086219507018,1,0,64,2,62,3.13
F469,MONTECHIARO D'ACQUI,ALESSANDRIA,PIEMONTE,44.58996525469093,8.380525677926162,1,0,23,4,19,17.39
F013,MASI,PADOVA,VENETO,45.12491484350899,11.50110833115869,1,0,73,17,56,23.29
B841,CARRU',CUNEO,PIEMONTE,44.480814275636185,7.853940540059694,2,0,332,40,292,12.05
B295,BUSSO,CAMPOBASSO,MOLISE,41.55785960550484,14.572391207610512,1,0,30,1,29,3.33
M169,ZERI,MASSA-CARRARA,TOSCANA,44.34593886042361,9.775350872223804,2,0,28,2,26,7.14
A265,AMOROSI,BENEVENTO,CAMPANIA,41.202609666945264,14.465772618304374,2,0,163,13,150,7.98
L673,VARAPODIO,REGGIO CALABRIA,CALABRIA,38.30888016896568,15.99637739357093,2,0,121,1,120,0.83
D386,DURAZZANO,BENEVENTO,CAMPANIA,41.05905220438538,14.453349515100639,3,0,132,4,128,3.03
L729,VENASCA,CUNEO,PIEMONTE,44.55893653751352,7.396993858657738,2,0,133,15,118,11.28
H533,RONCHIS,UDINE,FRIULI-VENEZIA G.,45.82056733751805,13.00683444577029,1,0,77,8,69,10.39
D751,FRABOSA SOPRANA,CUNEO,PIEMONTE,44.251942699500376,7.813087345447542,1,0,19,1,18,5.26
G222,PADERNO PONCHIELLI,CREMONA,LOMBARDIA,45.23020205410259,9.926704289761233,1,0,71,20,51,28.17
C331,CASTORANO,ASCOLI PICENO,MARCHE,42.89517318907242,13.734155668996388,1,0,43,7,36,16.28
B424,CALOPEZZATI,COSENZA,CALABRIA,39.55714602183354,16.793578085260947,2,1,41,8,33,19.51
M069,VIRLE PIEMONTE,TORINO,PIEMONTE,44.86219973264846,7.576182042319789,1,0,34,9,25,26.47
D149,CREMOLINO,ALESSANDRIA,PIEMONTE,44.63193237443613,8.575640693451582,1,0,25,0,25,0.0
B018,BORGOMALE,CUNEO,PIEMONTE,44.629859038698605,8.121713932772114,1,0,22,3,19,13.64
E380,IZANO,CREMONA,LOMBARDIA,45.354339676652444,9.752236171111015,1,0,59,8,51,13.56
D891,GAMBARA,BRESCIA,LOMBARDIA,45.257957115266144,10.30718095318513,2,0,330,67,263,20.3
L027,TAGLIOLO MONFERRATO,ALESSANDRIA,PIEMONTE,44.612418570151824,8.696363478023276,1,0,41,2,39,4.88
G560,PIANEZZE,VICENZA,VENETO,45.73383330975612,11.636554682061998,1,0,76,3,73,3.95
A579,BAIA E LATINA,CASERTA,CAMPANIA,41.303126412907346,14.261422462886673,2,0,97,12,85,12.37
F809,MURAZZANO,CUNEO,PIEMONTE,44.475054609724914,8.013393525704505,2,0,98,13,85,13.27
F908,NOCCIANO,PESCARA,ABRUZZO,42.33922132599626,13.998069062353386,2,0,97,2,95,2.06
G635,PIEVE ALBIGNOLA,PAVIA,LOMBARDIA,45.10435603242477,8.965842252631184,1,1,33,11,22,33.33
A677,BARRALI,SUD SARDEGNA,SARDEGNA,39.47595041775039,9.105107498047053,2,0,56,0,56,0.0
F214,MILO,CATANIA,SICILIA,37.73505758234801,15.103145110798513,1,0,23,0,23,0.0
B105,BOVISIO-MASCIAGO,MONZA E DELLA BRIANZA,LOMBARDIA,45.61211991621151,9.15063526524841,2,0,1062,180,882,16.95
I493,SCAMPITELLA,AVELLINO,CAMPANIA,41.08661978104999,15.316667571470672,1,0,21,1,20,4.76
H609,ROVEREDO IN PIANO,PORDENONE,FRIULI-VENEZIA G.,46.0119836811159,12.609494324839819,2,0,424,42,382,9.91
H564,ROSCIGNO,SALERNO,CAMPANIA,40.40293960025196,15.350033693089816,1,1,10,7,3,70.0
F495,MONTEFALCONE NEL SANNIO,CAMPOBASSO,MOLISE,41.85585497360054,14.650926953986476,2,0,68,1,67,1.47
I076,SAN PAOLO SOLBRITO,ASTI,PIEMONTE,44.9519093283364,7.980660218298001,1,0,46,1,45,2.17
I113,SAN PIETRO INFINE,CASERTA,CAMPANIA,41.447280845197724,13.97577172708475,1,0,7,0,7,0.0
F462,MONTECCHIO,TERNI,UMBRIA,42.66461379917492,12.29906269067518,2,0,53,13,40,24.53
D588,FILAGO,BERGAMO,LOMBARDIA,45.63269651123139,9.55092051560435,2,1,223,59,164,26.46
F332,MONASTIER DI TREVISO,TREVISO,VENETO,45.659380392757015,12.441669852245974,2,0,337,63,274,18.69
E147,GRASSANO,MATERA,BASILICATA,40.62659164637798,16.279715958559258,3,0,295,15,280,5.08
E808,MAGLIANO ALPI,CUNEO,PIEMONTE,44.35076692212358,7.792289469691066,1,0,70,8,62,11.43
B969,CASTEL DI CASIO,BOLOGNA,EMILIA ROMAGNA,44.159403877843914,11.022300265183382,3,0,186,28,158,15.05
D038,CORREZZANA,MONZA E DELLA BRIANZA,LOMBARDIA,45.667204829336505,9.304364364518287,1,0,188,18,170,9.57
L899,VIGONOVO,VENEZIA,VENETO,45.389886402937144,12.010384435378397,4,0,548,105,443,19.16
L285,TORREVECCHIA PIA,PAVIA,LOMBARDIA,45.27631090155918,9.293220709875339,2,0,301,42,259,13.95
M428,PRESICCE-ACQUARICA,LECCE,PUGLIA,39.89634123319255,18.245276709064207,3,0,557,19,538,3.41
B437,CALVANICO,SALERNO,CAMPANIA,40.77917991900822,14.844894121192683,2,0,83,6,77,7.23
F380,MONSAMPOLO DEL TRONTO,ASCOLI PICENO,MARCHE,42.899453561072534,13.794884750415617,2,0,270,32,238,11.85
F703,MONVALLE,VARESE,LOMBARDIA,45.85161558647027,8.620602458471009,1,0,59,3,56,5.08
F359,MONFORTE SAN GIORGIO,MESSINA,SICILIA,38.135703423643164,15.394926468680907,3,0,128,8,120,6.25
C369,CAVAGNOLO,TORINO,PIEMONTE,45.14549804105428,8.03418203513781,1,0,91,9,82,9.89
B660,CAPIZZI,MESSINA,SICILIA,37.86705889661936,14.487225889272048,2,0,190,0,190,0.0
A796,BERGEGGI,SAVONA,LIGURIA,44.248329580771575,8.439528009557476,1,0,32,1,31,3.13
E291,IMPRUNETA,FIRENZE,TOSCANA,43.69714051575932,11.24647231160002,3,0,600,126,474,21.0
I751,SINISCOLA,NUORO,SARDEGNA,40.54164027788883,9.716593635786458,9,1,1669,58,1611,3.48
E438,LANGHIRANO,PARMA,EMILIA ROMAGNA,44.61464534288772,10.233330765545869,6,3,1068,525,543,49.16
L117,TERNI,TERNI,UMBRIA,42.57957589836406,12.66047593185131,45,7,13121,1947,11174,14.84
B300,BUSTO ARSIZIO,VARESE,LOMBARDIA,45.60619940866945,8.841814992612186,32,4,12113,1890,10223,15.6
I804,SULMONA,L'AQUILA,ABRUZZO,42.06558206206885,13.93435796738898,13,0,3055,252,2803,8.25
C259,CASTEL SAN GIORGIO,SALERNO,CAMPANIA,40.78146027988346,14.685317722896425,7,0,1160,13,1147,1.12
B554,CAMPONOGARA,VENEZIA,VENETO,45.37903127594336,12.08760309988585,4,0,862,98,764,11.37
B227,BRUSCIANO,NAPOLI,CAMPANIA,40.926606364960755,14.422041389554755,4,0,1118,18,1100,1.61
I535,SCICLI,RAGUSA,SICILIA,36.77671122303527,14.698015014230412,16,3,2958,557,2401,18.83
D938,GATTINARA,VERCELLI,PIEMONTE,45.60438327035657,8.357419256150955,5,0,1042,93,949,8.93
L382,TREPPO GRANDE,UDINE,FRIULI-VENEZIA G.,46.18910499763505,13.153534267335958,1,0,57,1,56,1.75
E245,GUARDIA LOMBARDI,AVELLINO,CAMPANIA,40.97528960292987,15.231358087704232,2,0,70,12,58,17.14
E693,LORO CIUFFENNA,AREZZO,TOSCANA,43.60304224324007,11.656868331341643,3,0,322,16,306,4.97
G377,PATTI,MESSINA,SICILIA,38.12387778740861,14.999141555280557,12,0,2527,126,2401,4.99
E152,GRAVELLONA LOMELLINA,PAVIA,LOMBARDIA,45.33664197887219,8.775032381286,1,0,95,10,85,10.53
L259,TORRE DEL GRECO,NAPOLI,CAMPANIA,40.787315001492914,14.403259146781268,41,0,10634,91,10543,0.86
F481,MONTECORVINO ROVELLA,SALERNO,CAMPANIA,40.689517416326574,14.984633519361568,7,0,1469,97,1372,6.6
I677,SESSA CILENTO,SALERNO,CAMPANIA,40.265446954562854,15.070118295993353,2,0,83,1,82,1.2
L407,TREVISO,TREVISO,VENETO,45.66364114165169,12.227599396477194,45,10,16482,2335,14147,14.17
E122,GRADARA,PESARO E URBINO,MARCHE,43.93272018449922,12.77490825776058,2,0,322,23,299,7.14
F494,MONTEFALCONE DI VAL FORTORE,BENEVENTO,CAMPANIA,41.32440972338152,15.023165762839403,2,0,57,6,51,10.53
F361,MONGARDINO,ASTI,PIEMONTE,44.84925945008332,8.22535585987048,1,0,55,3,52,5.45
H512,ROMANO D'EZZELINO,VICENZA,VENETO,45.789648620421474,11.765064375774916,5,0,917,106,811,11.56
A341,APRILIA,LATINA,LAZIO,41.578669629112,12.65628845368665,24,0,8327,909,7418,10.92
A783,BENEVENTO,BENEVENTO,CAMPANIA,41.149083515164854,14.782908866579877,40,0,10593,257,10336,2.43
H783,SAN BONIFACIO,VERONA,VENETO,45.39673269166133,11.286739393309254,9,3,3881,818,3063,21.08
M375,ALPAGO,BELLUNO,VENETO,46.13003729435782,12.364052488989373,3,0,381,45,336,11.81
A820,BESATE,MILANO,LOMBARDIA,45.30645463000967,8.965081153155015,2,0,152,37,115,24.34
B877,CASALE DI SCODOSIA,PADOVA,VENETO,45.183432681227025,11.485225196722842,2,0,254,62,192,24.41
M133,VOLVERA,TORINO,PIEMONTE,44.95961477031294,7.508757907771484,4,0,495,42,453,8.48
C046,CASTAGNITO,CUNEO,PIEMONTE,44.751065064051524,8.052554076152433,1,1,74,23,51,31.08
G371,PATERNO',CATANIA,SICILIA,37.53282780998043,14.85623645064699,22,0,6720,106,6614,1.58
A478,ASSORO,ENNA,SICILIA,37.576958232674656,14.451419983575624,3,0,250,11,239,4.4
B187,BRIOSCO,MONZA E DELLA BRIANZA,LOMBARDIA,45.71685296731155,9.246499857796815,3,0,412,24,388,5.83
C351,CATANIA,CATANIA,SICILIA,37.44221133812875,15.035908480791601,143,4,42700,1672,41028,3.92
A658,BARGAGLI,GENOVA,LIGURIA,44.434238912979666,9.08647021283087,2,0,123,8,115,6.5
C796,CLIVIO,VARESE,LOMBARDIA,45.85662487326215,8.922480504015217,1,0,128,10,118,7.81
D765,FRANCAVILLA DI SICILIA,MESSINA,SICILIA,37.938150879553646,15.115173746920917,3,0,275,11,264,4.0
I703,SETTIMO TORINESE,TORINO,PIEMONTE,45.1457708119513,7.7731055071294515,17,0,4747,460,4287,9.69
F382,MONSELICE,PADOVA,VENETO,45.22854657225969,11.756676301817935,13,0,2869,308,2561,10.74
L939,VILLADOSE,ROVIGO,VENETO,45.07984605854063,11.912576205689009,2,0,236,23,213,9.75
H286,RIGNANO SULL'ARNO,FIRENZE,TOSCANA,43.72849910193976,11.419909370473881,3,0,438,74,364,16.89
C495,CERCOLA,NAPOLI,CAMPANIA,40.86243261331546,14.358753036743863,6,0,1575,17,1558,1.08
L651,VALSTRONA,VERBANO-CUSIO-OSSOLA,PIEMONTE,45.9268091874742,8.282560878245285,4,0,83,0,83,0.0
L026,TAGLIO DI PO,ROVIGO,VENETO,44.94227587595059,12.256242336345752,3,0,424,52,372,12.26
I724,SIDDI,SUD SARDEGNA,SARDEGNA,39.67215445446125,8.88311722673166,1,0,31,0,31,0.0
A231,ALTAVILLA VICENTINA,VICENZA,VENETO,45.50441212409591,11.477440137078679,3,0,726,85,641,11.71
H769,SAN BENEDETTO DEL TRONTO,ASCOLI PICENO,MARCHE,42.929284087181394,13.877647362287835,19,1,6591,631,5960,9.57
H357,RIVOLTA D'ADDA,CREMONA,LOMBARDIA,45.45996369338506,9.513295680647111,2,0,500,128,372,25.6
C820,COGLIATE,MONZA E DELLA BRIANZA,LOMBARDIA,45.64530093867938,9.084757805413341,2,0,479,54,425,11.27
C469,CENTO,FERRARA,EMILIA ROMAGNA,44.775930973745204,11.30795354922585,20,5,5999,1154,4845,19.24
G454,PERINALDO,IMPERIA,LIGURIA,43.857163680929105,7.682813613003982,1,1,9,6,3,66.67
C943,CONCAMARISE,VERONA,VENETO,45.20442399369685,11.141990515041481,1,1,29,13,16,44.83
E489,LAVAGNO,VERONA,VENETO,45.440615334890865,11.131689400559425,3,0,639,85,554,13.3
B950,CASCINA,PISA,TOSCANA,43.664198640993355,10.498764745686874,16,0,4199,457,3742,10.88
E313,INVERUNO,MILANO,LOMBARDIA,45.51731631715136,8.853412848152624,7,0,1428,232,1196,16.25
D861,GALATI MAMERTINO,MESSINA,SICILIA,38.00307005010983,14.79031538811148,3,0,105,0,105,0.0
A064,AFRAGOLA,NAPOLI,CAMPANIA,40.926393816574326,14.326529648046717,20,0,9003,160,8843,1.78
E284,ILLASI,VERONA,VENETO,45.468666482714134,11.177085785700708,3,0,374,53,321,14.17
H606,ROVERCHIARA,VERONA,VENETO,45.26394519463096,11.239651098991088,2,0,212,52,160,24.53
A669,BARLETTA,BARLETTA-ANDRIA-TRANI,PUGLIA,41.288826761842856,16.216009558411812,26,0,11215,349,10866,3.11
I396,SAN VITO DEI NORMANNI,BRINDISI,PUGLIA,40.64084072853514,17.70398271876782,8,0,1570,53,1517,3.38
G510,PETRALIA SOPRANA,PALERMO,SICILIA,37.7840446126702,14.126606242019385,6,0,294,1,293,0.34
I704,SETTINGIANO,CATANZARO,CALABRIA,38.89856288738497,16.518191180849502,3,0,229,7,222,3.06
D575,FIESOLE,FIRENZE,TOSCANA,43.81301266118996,11.32839324205672,5,0,679,74,605,10.9
H455,ROCCELLA VALDEMONE,MESSINA,SICILIA,37.94442070496329,15.001980541095135,2,0,30,0,30,0.0
C383,CAVARZERE,VENEZIA,VENETO,45.12398146057591,12.119820535376146,7,1,997,182,815,18.25
G994,PRATA DI PORDENONE,PORDENONE,FRIULI-VENEZIA G.,45.87690800438011,12.579765000815808,4,1,599,182,417,30.38
A294,ANGRI,SALERNO,CAMPANIA,40.741591985580904,14.568510337894208,11,0,4649,143,4506,3.08
G398,PECETTO TORINESE,TORINO,PIEMONTE,45.01793857359544,7.753007052434415,2,0,332,10,322,3.01
M435,UGGIATE CON RONAGO,COMO,LOMBARDIA,45.82517223356765,8.96914291923698,3,0,613,31,582,5.06
H228,REITANO,MESSINA,SICILIA,37.98131788946037,14.338857671348336,1,0,12,3,9,25.0
D004,CORIANO,RIMINI,EMILIA ROMAGNA,43.96761474689816,12.569622200348565,5,0,752,77,675,10.24
G803,POLVERIGI,ANCONA,MARCHE,43.52075192863279,13.374859429853089,1,0,266,21,245,7.89
F135,MERCATELLO SUL METAURO,PESARO E URBINO,MARCHE,43.63443827216103,12.33331151026304,2,0,100,14,86,14.0
C449,CELLINO ATTANASIO,TERAMO,ABRUZZO,42.58674460104221,13.856172261492873,2,0,126,11,115,8.73
I496,SCANDIANO,REGGIO EMILIA,EMILIA ROMAGNA,44.59874174773267,10.689735930736354,11,0,3292,349,2943,10.6
A005,ABBADIA LARIANA,LECCO,LOMBARDIA,45.8976987874182,9.35778274984616,2,0,141,14,127,9.93
A389,ARESE,MILANO,LOMBARDIA,45.55048768854259,9.073496946890339,7,0,2901,194,2707,6.69
D490,FARA GERA D'ADDA,BERGAMO,LOMBARDIA,45.54541605282158,9.545587038952783,3,0,506,90,416,17.79
C377,CAVALLINO,LECCE,PUGLIA,40.29594606528442,18.19827287629909,4,0,691,15,676,2.17
I368,SANTO STEFANO D'AVETO,GENOVA,LIGURIA,44.527331551303355,9.458684575511024,1,0,15,0,15,0.0
F603,MONTE ROMANO,VITERBO,LAZIO,42.32387636285808,11.903438465024129,2,0,132,9,123,6.82
F390,MONTAFIA,ASTI,PIEMONTE,44.98504667485637,8.015717127804908,2,0,89,14,75,15.73
I293,SANT'ANTIMO,NAPOLI,CAMPANIA,40.943157553017436,14.233048392122981,12,0,4271,172,4099,4.03
A435,ARQUA' POLESINE,ROVIGO,VENETO,45.01622430870388,11.738194166674909,2,0,213,40,173,18.78
M052,VIMERCATE,MONZA E DELLA BRIANZA,LOMBARDIA,45.61564663122159,9.368300311635732,16,3,6486,840,5646,12.95
H914,SAN GIOVANNI GEMINI,AGRIGENTO,SICILIA,37.61726358286319,13.649682671446705,3,0,462,21,441,4.55
H148,RACALMUTO,AGRIGENTO,SICILIA,37.40307859790952,13.750763595602573,4,0,581,9,572,1.55
A569,BAGNOLO MELLA,BRESCIA,LOMBARDIA,45.42173913081181,10.183453152461169,3,1,995,292,703,29.35
L973,VILLANOVA DEL BATTISTA,AVELLINO,CAMPANIA,41.11275834720233,15.159143493541114,2,0,85,1,84,1.18
F655,MONTEVAGO,AGRIGENTO,SICILIA,37.68833649409763,12.95046147537427,2,0,172,15,157,8.72
F772,MOTTA CAMASTRA,MESSINA,SICILIA,37.90512352960143,15.187427776672319,2,0,30,0,30,0.0
D414,EPISCOPIA,POTENZA,BASILICATA,40.07660315858092,16.095885347120188,2,0,74,2,72,2.7
I738,SILVANO D'ORBA,ALESSANDRIA,PIEMONTE,44.67570281746386,8.67836217902945,2,0,152,19,133,12.5
E206,GROTTAMINARDA,AVELLINO,CAMPANIA,41.06497596103885,15.058813946489913,5,0,856,35,821,4.09
F656,MONTEVARCHI,AREZZO,TOSCANA,43.50065868455903,11.551442690336703,12,4,2988,574,2414,19.21
A546,BAGHERIA,PALERMO,SICILIA,38.07618469823441,13.497103276767923,23,0,9389,88,9301,0.94
E078,GOITO,MANTOVA,LOMBARDIA,45.25035987344276,10.660933195818966,4,2,722,226,496,31.3
M371,LESSONA,BIELLA,PIEMONTE,45.57223739139001,8.210162107575066,2,0,225,14,211,6.22
C283,CASTELVETERE SUL CALORE,AVELLINO,CAMPANIA,40.932220033432266,14.978012851219262,2,0,81,1,80,1.23
H957,SAN LORENZO AL MARE,IMPERIA,LIGURIA,43.858157149226344,7.962387455589774,2,0,193,24,169,12.44
E507,LECCO,LECCO,LOMBARDIA,45.85776592630769,9.422546639272376,29,5,9006,1162,7844,12.9
E885,MANFREDONIA,FOGGIA,PUGLIA,41.53241503395026,15.817638314415047,21,2,7013,176,6837,2.51
H425,ROCCAMORICE,PESCARA,ABRUZZO,42.18973164771308,14.065386306812394,1,0,22,1,21,4.55
D767,FRANCICA,VIBO VALENTIA,CALABRIA,38.61630020898078,16.125582497388137,2,0,120,5,115,4.17
C780,CIVITELLA D'AGLIANO,VITERBO,LAZIO,42.609985026036675,12.201380131695581,1,0,55,7,48,12.73
I365,SANTO STEFANO AL MARE,IMPERIA,LIGURIA,43.842793574010756,7.901368984699093,1,0,75,15,60,20.0
G461,PERNUMIA,PADOVA,VENETO,45.263041957620416,11.79943727085063,2,0,233,30,203,12.88
F760,MORUZZO,UDINE,FRIULI-VENEZIA G.,46.127243041687564,13.138607083291031,1,0,169,6,163,3.55
F889,NICHELINO,TORINO,PIEMONTE,44.98998686133222,7.62391149869864,18,0,4763,469,4294,9.85
L248,TORREBELVICINO,VICENZA,VENETO,45.71753767358808,11.296170647410875,3,0,361,29,332,8.03
B278,BURIASCO,TORINO,PIEMONTE,44.87454901966166,7.424235969373586,2,0,185,7,178,3.78
C370,CAVAION VERONESE,VERONA,VENETO,45.53119311105133,10.778143778807395,2,0,469,47,422,10.02
H859,SAN GENESIO ED UNITI,PAVIA,LOMBARDIA,45.23771868815357,9.190047088254225,2,0,343,31,312,9.04
B441,CALVENE,VICENZA,VENETO,45.784613636671025,11.510219230000194,1,0,63,2,61,3.17
I892,SPERLONGA,LATINA,LAZIO,41.268265492296784,13.439733970678752,2,0,229,26,203,11.35
B978,CASNIGO,BERGAMO,LOMBARDIA,45.825924654113955,9.871080787578212,2,0,185,14,171,7.57
E456,LARINO,CAMPOBASSO,MOLISE,41.8285651902216,14.918391923194855,8,0,780,24,756,3.08
M295,SAN CESAREO,ROMA,LAZIO,41.82672450341762,12.785815719645457,2,0,1227,200,1027,16.3
H592,ROTONDI,AVELLINO,CAMPANIA,41.03329669838665,14.59203336099773,3,0,254,17,237,6.69
D210,CUPRA MARITTIMA,ASCOLI PICENO,MARCHE,43.0206069661785,13.841458916913352,3,0,483,93,390,19.25
A242,ALVIANO,TERNI,UMBRIA,42.5884342868152,12.279228748888821,2,0,61,3,58,4.92
I997,SUISIO,BERGAMO,LOMBARDIA,45.65622669390957,9.50452416645446,2,0,344,74,270,21.51
I138,SANREMO,IMPERIA,LIGURIA,43.83796362942543,7.767249913287953,26,7,5150,1120,4030,21.75
L989,VILLANOVA MONTELEONE,SASSARI,SARDEGNA,40.472840647621055,8.471878845462012,2,0,167,1,166,0.6
I148,SAN SALVO,CHIETI,ABRUZZO,42.046628177433426,14.752422430839854,9,0,2195,166,2029,7.56
A084,AGOSTA,ROMA,LAZIO,41.97942720378255,13.039974502589438,2,0,78,10,68,12.82
B275,BURGIO,AGRIGENTO,SICILIA,37.61981051541482,13.297663705063467,2,0,138,4,134,2.9
F501,MONTEFIORE DELL'ASO,ASCOLI PICENO,MARCHE,43.0485772769863,13.750326640133677,2,0,83,11,72,13.25
G088,ORBETELLO,GROSSETO,TOSCANA,42.50436314449317,11.236070633907516,11,0,1459,97,1362,6.65
F822,MUSEI,SUD SARDEGNA,SARDEGNA,39.29860115907557,8.68935886226741,2,0,37,3,34,8.11
D351,DOSOLO,MANTOVA,LOMBARDIA,44.9638573138429,10.640609346533427,2,1,284,82,202,28.87
C657,CHIUSANICO,IMPERIA,LIGURIA,43.97836321095481,7.99441285595195,1,0,8,2,6,25.0
G945,POVEGLIANO VERONESE,VERONA,VENETO,45.34034483381932,10.88956373527273,2,0,517,88,429,17.02
D842,GADONI,NUORO,SARDEGNA,39.886951112392815,9.173912723023484,2,0,27,0,27,0.0
E551,LESSOLO,TORINO,PIEMONTE,45.48237469213372,7.821551763300725,2,0,118,10,108,8.47
H434,ROCCARASO,L'AQUILA,ABRUZZO,41.83728512662562,14.078109811816255,2,0,171,9,162,5.26
L372,TREMOSINE SUL GARDA,BRESCIA,LOMBARDIA,45.79816351328314,10.725717800285837,2,0,132,34,98,25.76
E387,JERZU,NUORO,SARDEGNA,39.73443183871327,9.542794632324444,4,0,422,2,420,0.47
H658,SACROFANO,ROMA,LAZIO,42.095103879574204,12.447349823964984,2,0,362,49,313,13.54
F857,NAZZANO,ROMA,LAZIO,42.225574793307366,12.595842382329813,1,0,68,8,60,11.76
I344,SANT'IPPOLITO,PESARO E URBINO,MARCHE,43.682166632044485,12.880968131247618,2,0,105,10,95,9.52
D399,ELMAS,CAGLIARI,SARDEGNA,39.262797310537664,9.05315186808563,5,0,1166,26,1140,2.23
L120,TERRACINA,LATINA,LAZIO,41.31580345903585,13.190944476977926,14,2,4789,460,4329,9.61
L359,TRECENTA,ROVIGO,VENETO,45.02067366848308,11.450181129920617,3,2,383,92,291,24.02
F749,MORROVALLE,MACERATA,MARCHE,43.29829224741979,13.578730659212003,3,0,702,122,580,17.38
H222,REGGELLO,FIRENZE,TOSCANA,43.69652352439486,11.520402887176722,5,0,767,61,706,7.95
G538,PIAGGINE,SALERNO,CAMPANIA,40.33262416624133,15.423221921556392,2,0,64,14,50,21.88
G712,PISTICCI,MATERA,BASILICATA,40.36245200377895,16.654675579881392,10,0,1596,104,1492,6.52
F342,MONCRIVELLO,VERCELLI,PIEMONTE,45.32349633749398,7.995705600559686,1,0,61,11,50,18.03
F623,MONTESANO SALENTINO,LECCE,PUGLIA,39.98480725400437,18.313827348213785,2,0,158,4,154,2.53
L379,TRENTOLA DUCENTA,CASERTA,CAMPANIA,40.97594932260173,14.16386783549809,5,0,2177,100,2077,4.59
L841,VICOFORTE,CUNEO,PIEMONTE,44.36378239484234,7.866206089102064,2,0,261,22,239,8.43
I119,SAN PIETRO VERNOTICO,BRINDISI,PUGLIA,40.51363654105606,18.006236551680338,6,0,929,38,891,4.09
E678,LONGOBUCCO,COSENZA,CALABRIA,39.45161999171685,16.60789774127207,5,0,202,5,197,2.48
G136,ORTELLE,LECCE,PUGLIA,40.02584526119904,18.403076304455855,2,0,93,7,86,7.53
G636,PIEVE A NIEVOLE,PISTOIA,TOSCANA,43.869395659998844,10.793307308069236,3,0,601,59,542,9.82
B710,CAPRINO BERGAMASCO,BERGAMO,LOMBARDIA,45.75915567257601,9.496765547087884,2,0,188,22,166,11.7
A166,ALBISOLA SUPERIORE,SAVONA,LIGURIA,44.36283937055701,8.469792159356286,2,0,469,59,410,12.58
F280,MOLA DI BARI,BARI,PUGLIA,41.0396214015251,17.076780000904012,8,0,2204,74,2130,3.36
I696,SETTALA,MILANO,LOMBARDIA,45.45410016259992,9.38920856848297,3,0,471,78,393,16.56
E020,GIAVENO,TORINO,PIEMONTE,45.02480033301197,7.3048024490716355,8,1,1881,174,1707,9.25
A100,AIELLI,L'AQUILA,ABRUZZO,42.075124974793,13.58193432016222,1,0,37,3,34,8.11
H195,RAVARINO,MODENA,EMILIA ROMAGNA,44.7441069848133,11.092735364421786,1,0,270,30,240,11.11
F895,NIELLA TANARO,CUNEO,PIEMONTE,44.40973030476392,7.922564053646532,1,0,26,5,21,19.23
G249,PALADINA,BERGAMO,LOMBARDIA,45.728462879149106,9.610407183258145,2,0,380,29,351,7.63
I504,SCANSANO,GROSSETO,TOSCANA,42.71122651454608,11.35299623055961,3,3,186,75,111,40.32
D398,ELLO,LECCO,LOMBARDIA,45.78325238746158,9.362443542059504,1,0,88,1,87,1.14
C457,CENATE SOTTO,BERGAMO,LOMBARDIA,45.7014905868966,9.81418780656107,2,0,424,34,390,8.02
C919,SANTO STEFANO DI CADORE,BELLUNO,VENETO,46.57497921409242,12.6103218447229,4,0,331,6,325,1.81
G276,PALIANO,FROSINONE,LAZIO,41.785108939051646,13.05201115972143,3,0,512,24,488,4.69
E280,IDRO,BRESCIA,LOMBARDIA,45.756114329969414,10.497563516435118,6,0,743,78,665,10.5
E008,GIACCIANO CON BARUCHELLA,ROVIGO,VENETO,45.06430445704868,11.440823440779036,2,2,92,38,54,41.3
A617,BARANO D'ISCHIA,NAPOLI,CAMPANIA,40.71620266350716,13.92375254054321,6,0,741,29,712,3.91
A518,AVIGLIANA,TORINO,PIEMONTE,45.075083891215954,7.392223444367865,7,0,1606,165,1441,10.27
A761,BELMONTE DEL SANNIO,ISERNIA,MOLISE,41.84098854095145,14.4127906754094,1,0,8,1,7,12.5
L011,SURBO,LECCE,PUGLIA,40.413377914900074,18.133413501131763,3,0,908,15,893,1.65
G160,OSIO SOTTO,BERGAMO,LOMBARDIA,45.61491393311243,9.58517677376261,2,0,873,210,663,24.05
A340,APRIGLIANO,COSENZA,CALABRIA,39.216039264687566,16.467419840687295,3,0,110,1,109,0.91
A313,ANTILLO,MESSINA,SICILIA,37.96083664394117,15.223450120164104,2,0,48,4,44,8.33
D318,DOLCEACQUA,IMPERIA,LIGURIA,43.866465127446844,7.615734101723906,2,0,276,37,239,13.41
A785,BENTIVOGLIO,BOLOGNA,EMILIA ROMAGNA,44.63296964018951,11.42280000524676,3,0,406,74,332,18.23
G376,PATTADA,SASSARI,SARDEGNA,40.59142720635929,9.12206281004041,2,0,178,4,174,2.25
F994,OCCHIOBELLO,ROVIGO,VENETO,44.91915205604802,11.605595044906757,4,0,778,153,625,19.67
E419,LAINO CASTELLO,COSENZA,CALABRIA,39.932960716709914,15.958263224148773,1,0,24,0,24,0.0
H921,SAN GIOVANNI IN MARIGNANO,RIMINI,EMILIA ROMAGNA,43.93488849891289,12.706890556097058,3,0,820,74,746,9.02
I018,SAN MARZANO DI SAN GIUSEPPE,TARANTO,PUGLIA,40.453905130820125,17.507254297793846,3,0,754,50,704,6.63
G806,POMARICO,MATERA,BASILICATA,40.49231556300396,16.56184024415374,2,0,216,5,211,2.31
B081,BOSISIO PARINI,LECCO,LOMBARDIA,45.7978871634786,9.293467646997849,4,1,475,67,408,14.11
B919,CASALVIERI,FROSINONE,LAZIO,41.64506173407013,13.715259582878934,2,0,105,10,95,9.52
G254,PALAIA,PISA,TOSCANA,43.60486151218339,10.76123565065379,3,0,254,24,230,9.45
B735,CARBOGNANO,VITERBO,LAZIO,42.32383222759629,12.281577596256556,2,0,138,18,120,13.04
F141,MERCOGLIANO,AVELLINO,CAMPANIA,40.92314061931688,14.725392069234186,4,0,499,31,468,6.21
G740,PLOAGHE,SASSARI,SARDEGNA,40.67750160849267,8.7549803637672,2,0,289,7,282,2.42
H490,ROGLIANO,COSENZA,CALABRIA,39.17748126472485,16.393925655031328,5,0,519,27,492,5.2
A804,BERNATE TICINO,MILANO,LOMBARDIA,45.4771263946015,8.811969743859239,2,0,190,19,171,10.0
H951,SAN LEONARDO,UDINE,FRIULI-VENEZIA G.,46.12431566441925,13.54116591427519,2,0,49,0,49,0.0
A115,ALA' DEI SARDI,SASSARI,SARDEGNA,40.67870931911536,9.343031785302902,2,0,120,4,116,3.33
L526,VACRI,CHIETI,ABRUZZO,42.292124711097934,14.231882234603285,2,0,72,10,62,13.89
H688,SALAPARUTA,TRAPANI,SICILIA,37.764152711878495,12.981681904645143,2,0,135,15,120,11.11
C406,CAVRIANA,MANTOVA,LOMBARDIA,45.34657524444399,10.605224061707164,2,0,242,40,202,16.53
A564,BAGNO A RIPOLI,FIRENZE,TOSCANA,43.73337924168815,11.340558557869713,8,0,3172,320,2852,10.09
I743,SIMAXIS,ORISTANO,SARDEGNA,39.92349923907216,8.700991690906545,2,0,100,1,99,1.0
F916,NOCIGLIA,LECCE,PUGLIA,40.02885564737989,18.321501463606385,2,0,75,7,68,9.33
C073,CASTELCUCCO,TREVISO,VENETO,45.83045549868173,11.891389698159193,2,0,194,27,167,13.92
G767,POGGIOREALE,TRAPANI,SICILIA,37.788132058563136,13.051905737875538,2,0,28,3,25,10.71
D787,FRATTA TODINA,PERUGIA,UMBRIA,42.871197723614365,12.35575296641696,2,0,164,32,132,19.51
E790,MACUGNAGA,VERBANO-CUSIO-OSSOLA,PIEMONTE,45.95344077709057,7.955779728216384,1,0,11,0,11,0.0
G840,PONTEDASSIO,IMPERIA,LIGURIA,43.93897246375027,8.000214023308061,2,1,198,78,120,39.39
D043,CORROPOLI,TERAMO,ABRUZZO,42.82745226841318,13.853392435514207,2,0,482,79,403,16.39
D802,FRINCO,ASTI,PIEMONTE,44.99572243149965,8.175573394877755,1,0,9,2,7,22.22
G579,PIAZZA BREMBANA,BERGAMO,LOMBARDIA,45.94921558098215,9.65796752435756,1,0,101,5,96,4.95
E683,LORANZE',TORINO,PIEMONTE,45.44559023189628,7.808875482126088,1,0,75,4,71,5.33
F398,MONTAIONE,FIRENZE,TOSCANA,43.55940862998073,10.882020154715905,2,0,223,32,191,14.35
M302,MONTIGLIO MONFERRATO,ASTI,PIEMONTE,45.05841891725346,8.107800062559251,2,0,79,15,64,18.99
A736,BELCASTRO,CATANZARO,CALABRIA,38.98865220935392,16.84388708707543,2,0,45,2,43,4.44
L003,SUMIRAGO,VARESE,LOMBARDIA,45.736990879347104,8.78171311805295,2,0,439,29,410,6.61
D644,FOGLIANISE,BENEVENTO,CAMPANIA,41.15987299709527,14.68548980351222,2,0,266,3,263,1.13
B143,BRENDOLA,VICENZA,VENETO,45.46524670966069,11.453541917927705,2,0,456,77,379,16.89
L062,TAURASI,AVELLINO,CAMPANIA,41.01490435848567,14.962992023277096,2,0,108,5,103,4.63
C818,CODRONGIANOS,SASSARI,SARDEGNA,40.667235356296366,8.689207420880273,1,0,56,4,52,7.14
C587,CETONA,SIENA,TOSCANA,42.94306443232069,11.90896028733991,2,0,101,21,80,20.79
C360,CAVA MANARA,PAVIA,LOMBARDIA,45.126918193568834,9.119403201783046,3,0,469,89,380,18.98
E899,MANZANO,UDINE,FRIULI-VENEZIA G.,45.9910627874338,13.376578548192743,3,3,275,99,176,36.0
C335,CASTRIGNANO DE' GRECI,LECCE,PUGLIA,40.17287764193553,18.30774368200428,2,0,207,15,192,7.25
M318,TRECASTELLI,ANCONA,MARCHE,43.68557531883982,13.107414938197024,4,0,469,90,379,19.19
B239,BUCCIANO,BENEVENTO,CAMPANIA,41.08279539258701,14.578812636032215,2,0,181,2,179,1.1
L566,VALDUGGIA,VERCELLI,PIEMONTE,45.728467160003625,8.348599158338523,2,0,105,13,92,12.38
A766,BELPASSO,CATANIA,SICILIA,37.529057486744435,14.937514814419607,9,0,2733,48,2685,1.76
G397,PECETTO DI VALENZA,ALESSANDRIA,PIEMONTE,44.98731072506638,8.673336750359754,1,0,65,0,65,0.0
G499,PESCOSANSONESCO,PESCARA,ABRUZZO,42.24642103222146,13.871523430934722,1,0,5,0,5,0.0
L666,VANZONE CON SAN CARLO,VERBANO-CUSIO-OSSOLA,PIEMONTE,45.98666677735899,8.10592595134383,2,0,73,2,71,2.74
H221,REGALBUTO,ENNA,SICILIA,37.655497698818024,14.638713736453877,3,0,643,22,621,3.42
D412,ENVIE,CUNEO,PIEMONTE,44.691636966246435,7.375531802930361,1,0,62,9,53,14.52
L844,VILLA LITERNO,CASERTA,CAMPANIA,40.98980110979078,14.051216002867193,3,0,925,121,804,13.08
E093,GORGOGLIONE,MATERA,BASILICATA,40.383792622915955,16.15617191465618,2,0,48,2,46,4.17
A454,ARZANA,NUORO,SARDEGNA,39.87482164927676,9.453396638756427,2,0,144,0,144,0.0
B690,CAPRARICA DI LECCE,LECCE,PUGLIA,40.2630252970664,18.24605719883093,2,0,146,18,128,12.33
H484,ROE' VOLCIANO,BRESCIA,LOMBARDIA,45.61773265198356,10.496783828532566,2,0,331,45,286,13.6
D637,FLORINAS,SASSARI,SARDEGNA,40.62595864799138,8.655299407822758,1,0,74,3,71,4.05
I908,SPINEA,VENEZIA,VENETO,45.49048854538868,12.155290884456278,8,2,1705,442,1263,25.92
H699,SALE MARASINO,BRESCIA,LOMBARDIA,45.710876375617964,10.128049221440682,2,0,216,25,191,11.57
G614,SATRIANO DI LUCANIA,POTENZA,BASILICATA,40.542401653482685,15.635722502284775,2,0,122,4,118,3.28
C755,CIVEZZA,IMPERIA,LIGURIA,43.87748274138767,7.9530330851846385,1,1,15,6,9,40.0
A363,ARCE,FROSINONE,LAZIO,41.56516154296226,13.557548506729944,2,0,320,17,303,5.31
L574,VALFENERA,ASTI,PIEMONTE,44.891484016377504,7.954623635747891,1,0,100,22,78,22.0
H820,SAN DIDERO,TORINO,PIEMONTE,45.13442489499924,7.216876866916626,1,0,18,0,18,0.0
H583,ROSTA,TORINO,PIEMONTE,45.075196882268564,7.466553094636332,2,0,390,12,378,3.08
L450,TRONTANO,VERBANO-CUSIO-OSSOLA,PIEMONTE,46.089430930376366,8.364359657030834,2,0,56,2,54,3.57
F480,MONTECORVINO PUGLIANO,SALERNO,CAMPANIA,40.656214915712354,14.939385172169258,6,0,801,36,765,4.49
C724,CIRIMIDO,COMO,LOMBARDIA,45.69713181984267,9.013023596000513,1,0,64,13,51,20.31
F747,MORRO D'ORO,TERAMO,ABRUZZO,42.65622933132868,13.934346548273247,2,0,225,12,213,5.33
B923,CASAMASSIMA,BARI,PUGLIA,40.94548511458702,16.92459498740623,5,0,1662,67,1595,4.03
E143,GRANOZZO CON MONTICELLO,NOVARA,PIEMONTE,45.368953385461644,8.588069334469715,1,0,54,2,52,3.7
B996,CASSAGO BRIANZA,LECCO,LOMBARDIA,45.73717660731781,9.288819424667505,2,0,397,66,331,16.62
H738,SAMASSI,SUD SARDEGNA,SARDEGNA,39.48832088406515,8.9070740597304,2,0,211,5,206,2.37
I034,SAN MICHELE DI SERINO,AVELLINO,CAMPANIA,40.87656592648408,14.842747549777085,2,0,186,13,173,6.99
D951,GAZZADA SCHIANNO,VARESE,LOMBARDIA,45.7790252166472,8.831625063076384,4,0,1190,84,1106,7.06
I486,SCALA,SALERNO,CAMPANIA,40.66175608346702,14.586914532632,2,0,84,3,81,3.57
H159,RAFFADALI,AGRIGENTO,SICILIA,37.40216527672505,13.52954309248998,4,0,800,52,748,6.5
G836,PONTECCHIO POLESINE,ROVIGO,VENETO,45.01016833122092,11.814670700033597,2,0,206,19,187,9.22
E189,GROMO,BERGAMO,LOMBARDIA,45.972988200079975,9.962719471197943,2,0,83,1,82,1.2
B509,CAMPIGLIA MARITTIMA,LIVORNO,TOSCANA,43.034913748443245,10.61431240819123,4,0,687,91,596,13.25
A844,BIANDRATE,NOVARA,PIEMONTE,45.45067145724553,8.474942168751594,2,1,208,65,143,31.25
I263,SANT'ANATOLIA DI NARCO,PERUGIA,UMBRIA,42.72087047557569,12.857864123163036,1,0,22,6,16,27.27
G044,OLLOLAI,NUORO,SARDEGNA,40.17094905289072,9.180741656894643,2,0,63,0,63,0.0
B653,CAPIAGO INTIMIANO,COMO,LOMBARDIA,45.77027369090356,9.127418447938386,3,0,411,26,385,6.33
I759,SIRONE,LECCO,LOMBARDIA,45.774867671097994,9.323639632704376,1,0,95,13,82,13.68
H087,PUGLIANELLO,BENEVENTO,CAMPANIA,41.2290522009028,14.454413918117547,1,0,48,2,46,4.17
B631,CANTALUPO IN SABINA,RIETI,LAZIO,42.30272391489677,12.641239754107653,1,0,71,6,65,8.45
A747,BELLARIA-IGEA-MARINA,RIMINI,EMILIA ROMAGNA,44.13169850118977,12.463530237789127,7,2,1491,307,1184,20.59
E350,ISOLA DELLE FEMMINE,PALERMO,SICILIA,38.190040823044164,13.248934765017808,2,0,548,11,537,2.01
D201,CUGNOLI,PESCARA,ABRUZZO,42.30915026382737,13.939216882195565,2,0,100,17,83,17.0
D667,FONTANA LIRI,FROSINONE,LAZIO,41.61960289479084,13.568381947278924,2,0,135,6,129,4.44
I178,SANTA CROCE CAMERINA,RAGUSA,SICILIA,36.820779627023185,14.52137478748895,4,4,868,424,444,48.85
H267,RIANO,ROMA,LAZIO,42.08444349463075,12.522893723528997,3,0,801,129,672,16.1
G145,ORTUCCHIO,L'AQUILA,ABRUZZO,41.94869288088978,13.620266258261784,2,0,134,34,100,25.37
L699,VAZZANO,VIBO VALENTIA,CALABRIA,38.64185892109647,16.245231609267194,2,0,41,2,39,4.88
I166,SAN SPERATE,SUD SARDEGNA,SARDEGNA,39.35243014771978,9.01359874260142,2,0,574,13,561,2.26
F368,MONGIUFFI MELIA,MESSINA,SICILIA,37.90512333772519,15.25779605631066,2,0,12,0,12,0.0
L380,TRENZANO,BRESCIA,LOMBARDIA,45.47833631634878,10.003367315712405,3,0,465,103,362,22.15
L094,TEMU',BRESCIA,LOMBARDIA,46.253455043995174,10.48113431592267,1,0,13,3,10,23.08
E933,MARCIANO DELLA CHIANA,AREZZO,TOSCANA,43.31514987813173,11.796251954519699,3,0,284,47,237,16.55
H724,SALUDECIO,RIMINI,EMILIA ROMAGNA,43.88531733044864,12.679174386080293,2,0,132,26,106,19.7
F608,MONTEROSSO GRANA,CUNEO,PIEMONTE,44.38721932579321,7.302517677235158,1,0,90,9,81,10.0
H240,RESCALDINA,MILANO,LOMBARDIA,45.622094633204796,8.951451446330921,4,0,910,204,706,22.42
H969,SAN LORENZO NUOVO,VITERBO,LAZIO,42.6689950036696,11.917558838750827,2,0,79,13,66,16.46
F982,NURALLAO,SUD SARDEGNA,SARDEGNA,39.80556171614186,9.09548568029883,2,0,42,0,42,0.0
F610,MONTEROSSO ALMO,RAGUSA,SICILIA,37.076927431291175,14.741026217042977,2,0,137,0,137,0.0
H942,SAN GREGORIO DA SASSOLA,ROMA,LAZIO,41.92337757493275,12.860034371959577,2,0,84,1,83,1.19
H505,ROMAGNESE,PAVIA,LOMBARDIA,44.83394971238968,9.324290006769997,1,0,6,1,5,16.67
D899,GAMBETTOLA,FORLI'-CESENA,EMILIA ROMAGNA,44.11835278793454,12.347680087936105,2,1,780,233,547,29.87
A962,BONATE SOTTO,BERGAMO,LOMBARDIA,45.663635830436895,9.56233802636035,2,0,429,95,334,22.14
L139,TERRUGGIA,ALESSANDRIA,PIEMONTE,45.07721242847409,8.4502829736407,1,0,67,5,62,7.46
F047,MASSINO VISCONTI,NOVARA,PIEMONTE,45.826765075936684,8.529954871921325,1,0,64,6,58,9.38
H461,ROCCHETTA DI VARA,LA SPEZIA,LIGURIA,44.25309233185367,9.781384819188665,1,0,13,2,11,15.38
D317,DOLCE',VERONA,VENETO,45.619754164671434,10.877030442858077,2,0,139,29,110,20.86
A249,ALZATE BRIANZA,COMO,LOMBARDIA,45.761041935435316,9.182574875980025,2,0,304,36,268,11.84
A296,ANGUILLARA VENETA,PADOVA,VENETO,45.14565378610511,11.892112847045851,2,0,175,25,150,14.29
B637,CANTOIRA,TORINO,PIEMONTE,45.35074356086983,7.387958521589176,1,0,36,7,29,19.44
C760,CIVIDATE CAMUNO,BRESCIA,LOMBARDIA,45.938892024462874,10.265955539677446,2,0,188,27,161,14.36
I853,SORIANELLO,VIBO VALENTIA,CALABRIA,38.59620747645629,16.262480954026394,2,0,66,3,63,4.55
I453,SASSELLO,SAVONA,LIGURIA,44.468803900826664,8.531616000544282,2,0,72,8,64,11.11
G498,PESCOROCCHIANO,RIETI,LAZIO,42.214269747673846,13.142039295413504,3,0,78,3,75,3.85
D988,GEROCARNE,VIBO VALENTIA,CALABRIA,38.585609213997664,16.21281443082022,2,0,71,0,71,0.0
A919,BOFFALORA D'ADDA,LODI,LOMBARDIA,45.35899184591357,9.486731235336984,1,0,64,9,55,14.06
L334,TRASACCO,L'AQUILA,ABRUZZO,41.950577156215836,13.539131083419655,2,0,500,116,384,23.2
C053,CASTEGGIO,PAVIA,LOMBARDIA,45.00919171034857,9.132202977947593,2,0,577,97,480,16.81
F146,MERGOZZO,VERBANO-CUSIO-OSSOLA,PIEMONTE,45.97450951513525,8.434209868720611,2,0,127,0,127,0.0
L230,TORO,CAMPOBASSO,MOLISE,41.567601595120536,14.783619270598322,2,1,28,9,19,32.14
E488,LAVAGNA,GENOVA,LIGURIA,44.30610423708577,9.375004740679142,3,0,588,100,488,17.01
D218,CURINGA,CATANZARO,CALABRIA,38.82809818371242,16.281752847635964,3,0,462,65,397,14.07
H281,RIESI,CALTANISSETTA,SICILIA,37.293749855400314,14.089876003995668,7,0,1048,37,1011,3.53
L291,TORRICELLA PELIGNA,CHIETI,ABRUZZO,42.02006005550874,14.26727809060949,1,0,55,8,47,14.55
L665,VANZAGO,MILANO,LOMBARDIA,45.519887776994466,8.984448085448431,1,0,329,41,288,12.46
H498,ROLETTO,TORINO,PIEMONTE,44.9202627574531,7.336138034566616,1,0,74,8,66,10.81
D544,FEROLETO ANTICO,CATANZARO,CALABRIA,38.944018012749346,16.367406889747617,2,0,143,1,142,0.7
E907,MARANO TICINO,NOVARA,PIEMONTE,45.630267778977945,8.630224502329744,1,0,79,6,73,7.59
I745,SIMERI CRICHI,CATANZARO,CALABRIA,38.906437776723315,16.661675876491703,3,0,254,12,242,4.72
B594,CANELLI,ASTI,PIEMONTE,44.72205924774187,8.282925793199215,6,2,1024,315,709,30.76
D752,FRABOSA SOTTANA,CUNEO,PIEMONTE,44.280735884009005,7.775580093632477,1,0,44,4,40,9.09
H760,SAN BARTOLOMEO VAL CAVARGNA,COMO,LOMBARDIA,46.097685905703486,9.15833623270081,2,0,87,1,86,1.15
H131,QUINTO DI TREVISO,TREVISO,VENETO,45.64327775191606,12.155622900240017,3,0,571,144,427,25.22
L831,VIANO,REGGIO EMILIA,EMILIA ROMAGNA,44.5497516062016,10.594332716893314,4,0,202,20,182,9.9
A531,AZZATE,VARESE,LOMBARDIA,45.78000403912178,8.790824644257372,2,0,409,46,363,11.25
H812,SAN DAMIANO MACRA,CUNEO,PIEMONTE,44.497096265533365,7.237547840228535,1,0,35,1,34,2.86
D854,GAIARINE,TREVISO,VENETO,45.885739396270274,12.497447477165844,3,0,446,79,367,17.71
B080,BOSIO,ALESSANDRIA,PIEMONTE,44.57509706815559,8.784092472886494,1,0,42,7,35,16.67
A905,BLEVIO,COMO,LOMBARDIA,45.838034992511844,9.105292296879725,1,0,30,6,24,20.0
D268,DELIANUOVA,REGGIO CALABRIA,CALABRIA,38.220181735804196,15.921349181583464,2,0,251,3,248,1.2
H449,ROCCASTRADA,GROSSETO,TOSCANA,42.99653974702818,11.130064184409877,6,2,511,145,366,28.38
A850,BIBBIANO,REGGIO EMILIA,EMILIA ROMAGNA,44.67311849345534,10.478795073225022,2,0,632,95,537,15.03
B506,CAMPI SALENTINA,LECCE,PUGLIA,40.410852925612176,18.001110735058624,4,0,610,17,593,2.79
E354,ISOLA VICENTINA,VICENZA,VENETO,45.61998377280447,11.451544923027935,3,0,663,68,595,10.26
C223,CASTELNUOVO PARANO,FROSINONE,LAZIO,41.379362500519825,13.74700073739384,1,0,27,0,27,0.0
C971,CONTRADA,AVELLINO,CAMPANIA,40.868853196622865,14.777928940979482,2,0,190,8,182,4.21
G500,PESCOSOLIDO,FROSINONE,LAZIO,41.77023077679567,13.659555069209292,1,0,28,1,27,3.57
G103,ORIGGIO,VARESE,LOMBARDIA,45.59279037505471,9.009351643077926,2,0,492,27,465,5.49
A553,BAGNARIA ARSA,UDINE,FRIULI-VENEZIA G.,45.86606657487932,13.299709799689579,1,0,109,12,97,11.01
M279,PRIOLO GARGALLO,SIRACUSA,SICILIA,37.13868953354682,15.17132603625609,6,0,873,14,859,1.6
I511,SCARMAGNO,TORINO,PIEMONTE,45.38146289479417,7.845281814341037,1,0,78,16,62,20.51
D935,GATTEO,FORLI'-CESENA,EMILIA ROMAGNA,44.13092372457755,12.391630172857726,4,0,782,137,645,17.52
G411,PEDIVIGLIANO,COSENZA,CALABRIA,39.1114385408137,16.332271681144434,1,0,6,0,6,0.0
E490,LA VALLE AGORDINA,BELLUNO,VENETO,46.28097037874862,12.0983265040624,1,0,57,0,57,0.0
I499,SCANDRIGLIA,RIETI,LAZIO,42.15641797728905,12.858929149738351,2,1,174,36,138,20.69
A592,BALESTRATE,PALERMO,SICILIA,38.04707206157247,13.00937114518823,3,0,439,10,429,2.28
G505,PESSINETTO,TORINO,PIEMONTE,45.28748302451884,7.426393835171585,1,0,13,1,12,7.69
C354,CATIGNANO,PESCARA,ABRUZZO,42.350873071260516,13.966348182832578,1,0,36,1,35,2.78
B285,BUSCA,CUNEO,PIEMONTE,44.50925062197136,7.449839384705137,4,0,862,117,745,13.57
F962,NOVENTA PADOVANA,PADOVA,VENETO,45.4122130743414,11.962255288746986,2,0,825,157,668,19.03
G957,POZZOLEONE,VICENZA,VENETO,45.66655197773529,11.676638530831694,2,0,230,18,212,7.83
F271,RUINAS,ORISTANO,SARDEGNA,39.905815338153126,8.88663870814921,1,0,39,1,38,2.56
D072,CORTIGLIONE,ASTI,PIEMONTE,44.83050424206631,8.365623678324642,1,0,20,1,19,5.0
E195,GROPELLO CAIROLI,PAVIA,LOMBARDIA,45.17381782288193,8.99693022319641,2,0,359,83,276,23.12
B994,CASSACCO,UDINE,FRIULI-VENEZIA G.,46.1814279477718,13.184902600321825,1,0,140,9,131,6.43
D807,FRONTINO,PESARO E URBINO,MARCHE,43.76581797239332,12.362759003164346,1,0,19,3,16,15.79
L207,TORANO NUOVO,TERAMO,ABRUZZO,42.821986681290895,13.776967610173962,2,0,107,21,86,19.63
F458,MONTECATINI VAL DI CECINA,PISA,TOSCANA,43.345706731131045,10.718019803904465,2,0,115,14,101,12.17
H436,ROCCAROMANA,CASERTA,CAMPANIA,41.27422212870521,14.234456548822322,2,0,54,6,48,11.11
L084,TEGLIO,SONDRIO,LOMBARDIA,46.13026702937849,10.087044128133778,3,0,265,40,225,15.09
B824,CURA CARPIGNANO,PAVIA,LOMBARDIA,45.20615322081636,9.249209215514671,1,0,160,15,145,9.38
F832,MUZZANA DEL TURGNANO,UDINE,FRIULI-VENEZIA G.,45.810432689990776,13.133272561711639,2,0,114,26,88,22.81
A491,ATTIMIS,UDINE,FRIULI-VENEZIA G.,46.18951535433682,13.332799439808076,1,0,52,0,52,0.0
I089,SAN PIETRO AL TANAGRO,SALERNO,CAMPANIA,40.452795762630366,15.487860856402278,1,0,72,12,60,16.67
E510,LEGGIUNO,VARESE,LOMBARDIA,45.8717604027332,8.6023918146409,2,0,244,29,215,11.89
L363,TREGLIO,CHIETI,ABRUZZO,42.26632500233105,14.423390324589588,1,0,53,4,49,7.55
D199,CUGLIATE-FABIASCO,VARESE,LOMBARDIA,45.94403440229416,8.818287461823891,1,0,175,15,160,8.57
F690,MONTORIO AL VOMANO,TERAMO,ABRUZZO,42.58543478785972,13.628472889632768,2,0,497,60,437,12.07
F744,MORRA DE SANCTIS,AVELLINO,CAMPANIA,40.92143703615217,15.261549942255082,2,0,58,0,58,0.0
B083,BOSSICO,BERGAMO,LOMBARDIA,45.84059598144722,10.045144141381796,1,0,43,0,43,0.0
C792,CLAVESANA,CUNEO,PIEMONTE,44.47810636624774,7.924251698673625,1,0,49,6,43,12.24
C245,CASTELPAGANO,BENEVENTO,CAMPANIA,41.41718351254472,14.80968549881243,2,0,77,11,66,14.29
F595,MONTEREALE,L'AQUILA,ABRUZZO,42.53004952325242,13.227913321954558,2,0,128,24,104,18.75
C806,COCCAGLIO,BRESCIA,LOMBARDIA,45.55476084416154,9.96799411866738,2,2,637,218,419,34.22
C353,CATENANUOVA,ENNA,SICILIA,37.57101394359091,14.694465373731019,2,0,331,19,312,5.74
D271,DEMONTE,CUNEO,PIEMONTE,44.32896361241609,7.253486619010598,2,0,190,10,180,5.26
I614,SENNORI,SASSARI,SARDEGNA,40.800469458341084,8.622702837807648,3,0,329,1,328,0.3
B782,CARISIO,VERCELLI,PIEMONTE,45.424676928781224,8.206225677131117,1,0,30,3,27,10.0
I860,SORMANO,COMO,LOMBARDIA,45.8939997400503,9.232473306692045,1,0,38,5,33,13.16
E396,LACCO AMENO,NAPOLI,CAMPANIA,40.748502871833026,13.886895669940522,2,0,317,25,292,7.89
B733,CARAVINO,TORINO,PIEMONTE,45.39944540638014,7.960895159469386,1,0,14,1,13,7.14
B358,CAGNANO AMITERNO,L'AQUILA,ABRUZZO,42.451614587046755,13.198774875801746,2,0,31,3,28,9.68
G156,OSILO,SASSARI,SARDEGNA,40.76127322977462,8.676272477208457,2,0,117,2,115,1.71
A914,BOCCIOLETO,VERCELLI,PIEMONTE,45.83162002987689,8.081103482881222,1,0,15,1,14,6.67
I852,SORI,GENOVA,LIGURIA,44.3922048450066,9.113190339645941,2,0,208,21,187,10.1
G615,PIETRAFITTA,COSENZA,CALABRIA,39.258317920908965,16.345646635807203,2,0,51,0,51,0.0
B641,CANZO,COMO,LOMBARDIA,45.84830182035586,9.290714994626454,2,0,277,63,214,22.74
I865,SOSPIRO,CREMONA,LOMBARDIA,45.10772129648089,10.160720055406225,2,1,255,68,187,26.67
M324,POGGIO TORRIANA,RIMINI,EMILIA ROMAGNA,43.99611805930878,12.387007193005129,3,0,249,36,213,14.46
H101,QUALIANO,NAPOLI,CAMPANIA,40.92300022686947,14.13373633780255,10,0,2842,71,2771,2.5
H163,RAGUSA,RAGUSA,SICILIA,36.90685596400325,14.663796929603624,31,7,9228,1267,7961,13.73
D459,FAETO,FOGGIA,PUGLIA,41.31170412293461,15.159936650764362,2,0,36,0,36,0.0
D686,FONZASO,BELLUNO,VENETO,46.0050913501956,11.803336523114911,2,0,146,22,124,15.07
L049,TARANTO,TARANTO,PUGLIA,40.46365191985689,17.300813003437817,74,0,24046,468,23578,1.95
I610,SENISE,POTENZA,BASILICATA,40.157286679631056,16.309130737683187,6,0,910,40,870,4.4
I035,SAN MICHELE DI GANZARIA,CATANIA,SICILIA,37.27795375509641,14.42464801347825,3,0,396,29,367,7.32
E625,LIVORNO,LIVORNO,TOSCANA,43.52209756961712,10.348281329918592,48,3,16787,1804,14983,10.75
G543,PIANA DEGLI ALBANESI,PALERMO,SICILIA,37.961586441691836,13.311055291898787,2,0,297,12,285,4.04
D112,COSTA MASNAGA,LECCO,LOMBARDIA,45.767319120459156,9.267832017422299,2,0,556,95,461,17.09
C846,COLLE SANNITA,BENEVENTO,CAMPANIA,41.38391355252538,14.856163260533176,4,0,262,14,248,5.34
F704,MONZA,MONZA E DELLA BRIANZA,LOMBARDIA,45.585416819954595,9.275805094717297,45,10,16700,2704,13996,16.19
C361,CAVA DE' TIRRENI,SALERNO,CAMPANIA,40.70991260951535,14.70471718072375,30,0,6671,98,6573,1.47
G181,OSSONA,MILANO,LOMBARDIA,45.50536338603419,8.898805535643355,2,0,245,41,204,16.73
E263,GUIDONIA MONTECELIO,ROMA,LAZIO,41.98069814865854,12.702934002145632,28,2,9788,1318,8470,13.47
H714,SALIZZOLE,VERONA,VENETO,45.22201045219059,11.089416093771536,2,0,345,43,302,12.46
I905,SPILINGA,VIBO VALENTIA,CALABRIA,38.61561277828113,15.92277476863502,2,0,54,5,49,9.26
G229,PAESE,TREVISO,VENETO,45.69454559302992,12.148854554696326,7,0,1669,175,1494,10.49
L744,VERANO BRIANZA,MONZA E DELLA BRIANZA,LOMBARDIA,45.68590856150889,9.224333732242968,2,0,648,38,610,5.86
L604,VALLEDORIA,SASSARI,SARDEGNA,40.92003392566243,8.819819323714706,2,0,225,13,212,5.78
H924,SAN GIOVANNI LUPATOTO,VERONA,VENETO,45.36905719975188,11.037754917481635,8,1,1842,386,1456,20.96
I748,SINDIA,NUORO,SARDEGNA,40.288418406652916,8.674403456525825,2,0,93,5,88,5.38
L506,URZULEI,NUORO,SARDEGNA,40.12703833178158,9.512493491074705,2,0,50,0,50,0.0
C990,CORCIANO,PERUGIA,UMBRIA,43.128399767497825,12.290396018379285,5,0,1579,173,1406,10.96
D442,ESTE,PADOVA,VENETO,45.21953375122487,11.65932641970971,12,2,3830,423,3407,11.04
H727,SALUZZO,CUNEO,PIEMONTE,44.67014269989405,7.490204614129756,12,1,4004,563,3441,14.06
F437,MONTE ARGENTARIO,GROSSETO,TOSCANA,42.40583050283039,11.151364583164218,6,0,822,63,759,7.66
L452,TROPEA,VIBO VALENTIA,CALABRIA,38.671968591892735,15.891566160478614,7,0,1126,56,1070,4.97
C957,CONEGLIANO,TREVISO,VENETO,45.89964060762512,12.293528152182596,26,10,7022,1184,5838,16.86
G561,PIANFEI,CUNEO,PIEMONTE,44.37312903543587,7.7110877291153,2,0,138,19,119,13.77
L845,VICO EQUENSE,NAPOLI,CAMPANIA,40.651880918529116,14.453156361392644,9,0,1756,25,1731,1.42
A717,BATTIPAGLIA,SALERNO,CAMPANIA,40.59430397413046,14.955317393106426,24,1,6961,733,6228,10.53
D643,FOGGIA,FOGGIA,PUGLIA,41.45630546273362,15.583490529001967,47,1,18192,899,17293,4.94
L429,TRINO,VERCELLI,PIEMONTE,45.21781731950415,8.266153849498375,4,1,838,182,656,21.72
A228,ALTAVILLA IRPINA,AVELLINO,CAMPANIA,41.000458729457975,14.787258889031927,3,0,305,11,294,3.61
L653,VALTOPINA,PERUGIA,UMBRIA,43.06045783950978,12.756150342440385,2,0,71,20,51,28.17
E104,GORNATE OLONA,VARESE,LOMBARDIA,45.736089998782404,8.861909880812199,1,0,72,3,69,4.17
H739,SAMATZAI,SUD SARDEGNA,SARDEGNA,39.48347884340039,9.043282944572143,2,0,88,2,86,2.27
C988,CORCHIANO,VITERBO,LAZIO,42.35371134869687,12.362027350497483,2,0,221,35,186,15.84
B846,CARTOCETO,PESARO E URBINO,MARCHE,43.77802747317989,12.911399902464582,3,0,585,86,499,14.7
B648,CAPANNORI,LUCCA,TOSCANA,43.835208006649644,10.577270507840222,19,0,3733,365,3368,9.78
I422,SAPRI,SALERNO,CAMPANIA,40.06468437649252,15.646901564147338,11,0,1842,58,1784,3.15
I726,SIENA,SIENA,TOSCANA,43.31042761379813,11.333575364866308,27,4,9835,1143,8692,11.62
G733,PLATACI,COSENZA,CALABRIA,39.90378639254061,16.42077069359133,2,2,29,11,18,37.93
I056,SAN NICOLA LA STRADA,CASERTA,CAMPANIA,41.04934164467737,14.33086460766214,6,0,1704,109,1595,6.4
F527,MONTEGROSSO D'ASTI,ASTI,PIEMONTE,44.81405977660472,8.232525183518744,2,1,228,47,181,20.61
D495,FARA SAN MARTINO,CHIETI,ABRUZZO,42.092555301184234,14.160091487891759,2,0,99,2,97,2.02
A143,ALBAVILLA,COMO,LOMBARDIA,45.809264490825285,9.185523626076032,2,0,488,34,454,6.97
G063,OMIGNANO,SALERNO,CAMPANIA,40.249713247508694,15.101908485550886,2,0,254,3,251,1.18
L709,VEDUGGIO CON COLZANO,MONZA E DELLA BRIANZA,LOMBARDIA,45.735143097426544,9.263373136247068,1,0,156,21,135,13.46
H412,ROCCAGLORIOSA,SALERNO,CAMPANIA,40.12070424431992,15.44280127004209,2,0,100,3,97,3.0
G486,PESCHE,ISERNIA,MOLISE,41.613784433400966,14.285569057875248,2,0,80,6,74,7.5
C315,CASTIGLIONE IN TEVERINA,VITERBO,LAZIO,42.65147140870372,12.181512427522703,2,0,172,44,128,25.58
F801,MULAZZANO,LODI,LOMBARDIA,45.36965637312601,9.403183510981496,2,0,500,76,424,15.2
H096,PUTIGNANO,BARI,PUGLIA,40.842351576028086,17.088609953657922,8,0,2895,83,2812,2.87
C118,CASTEL GOFFREDO,MANTOVA,LOMBARDIA,45.29613350303299,10.478354535483147,2,1,990,293,697,29.6
M411,SORBOLO MEZZANI,PARMA,EMILIA ROMAGNA,44.88721347829612,10.438837633777606,4,0,916,185,731,20.2
M422,PIEVE DEL GRAPPA,TREVISO,VENETO,45.849800458440164,11.832740088878017,4,2,549,107,442,19.49
G791,POLISTENA,REGGIO CALABRIA,CALABRIA,38.4125313970588,16.060520727260403,10,0,3204,114,3090,3.56
F596,MONTEREALE VALCELLINA,PORDENONE,FRIULI-VENEZIA G.,46.131759462018046,12.650082311895797,2,0,348,43,305,12.36
A127,ALBAIRATE,MILANO,LOMBARDIA,45.42222987215311,8.945403480410532,2,0,422,34,388,8.06
G258,PALAU,SASSARI,SARDEGNA,41.16821057044947,9.356228681976479,3,0,528,80,448,15.15
F685,MONTONE,PERUGIA,UMBRIA,43.370571059073406,12.349877072034301,2,0,98,10,88,10.2
I150,SAN SEBASTIANO CURONE,ALESSANDRIA,PIEMONTE,44.78707668342416,9.070630176025803,2,1,82,24,58,29.27
I577,SEGRATE,MILANO,LOMBARDIA,45.483910292596754,9.285475155218148,10,1,2794,386,2408,13.82
C474,CEPAGATTI,PESCARA,ABRUZZO,42.36895031570518,14.105254878729813,5,0,945,55,890,5.82
L319,TRADATE,VARESE,LOMBARDIA,45.715205362079764,8.91803636977459,11,0,5413,495,4918,9.14
D547,FERRANDINA,MATERA,BASILICATA,40.47816542077535,16.429643648046408,6,0,744,28,716,3.76
E571,LIBRIZZI,MESSINA,SICILIA,38.084989938128004,14.964581097857346,3,0,60,1,59,1.67
E901,MAPELLO,BERGAMO,LOMBARDIA,45.706434482387486,9.540329734199823,3,0,567,101,466,17.81
C621,CHIAVARI,GENOVA,LIGURIA,44.32919382791928,9.317104199789714,18,2,4959,618,4341,12.46
M410,RIVA DEL PO,FERRARA,EMILIA ROMAGNA,44.954049098404646,11.91756272326209,4,2,331,109,222,32.93
B587,CANDIA LOMELLINA,PAVIA,LOMBARDIA,45.17528112972621,8.585822160407945,2,0,159,39,120,24.53
L599,VALLECROSIA,IMPERIA,LIGURIA,43.797726142817346,7.647122462866159,2,0,476,81,395,17.02
D653,FOLIGNO,PERUGIA,UMBRIA,42.976726618214805,12.790935315736577,28,4,8250,1216,7034,14.74
L512,USSANA,SUD SARDEGNA,SARDEGNA,39.40361319877945,9.08609976925445,2,0,226,1,225,0.44
G752,POGGIBONSI,SIENA,TOSCANA,43.457733185026015,11.166775250895697,10,1,3268,488,2780,14.93
G814,POMPEIANA,IMPERIA,LIGURIA,43.86168631148737,7.891372813601674,1,0,23,2,21,8.7
A061,AFFI,VERONA,VENETO,45.557034195500215,10.776695323652614,1,0,103,9,94,8.74
F646,MONTESILVANO,PESCARA,ABRUZZO,42.493569080801855,14.141962442307497,14,0,4646,477,4169,10.27
F802,MULAZZO,MASSA-CARRARA,TOSCANA,44.30103275831111,9.883736363676249,2,0,102,18,84,17.65
B643,CAORSO,PIACENZA,EMILIA ROMAGNA,45.05348682119233,9.855656678344697,2,1,332,102,230,30.72
A407,ARITZO,NUORO,SARDEGNA,39.94016024436934,9.203210033829963,3,0,108,1,107,0.93
B551,CAMPOMORONE,GENOVA,LIGURIA,44.537699198701276,8.86264469233673,4,0,554,50,504,9.03
L507,USCIO,GENOVA,LIGURIA,44.41579211790151,9.157238033376794,2,0,121,7,114,5.79
L093,TEMPIO PAUSANIA,SASSARI,SARDEGNA,40.95020562312329,9.136453518809923,9,0,1811,74,1737,4.09
C628,CHIESA IN VALMALENCO,SONDRIO,LOMBARDIA,46.30062495947582,9.79837990413607,2,0,279,4,275,1.43
F785,MOZZAGROGNA,CHIETI,ABRUZZO,42.19742624877049,14.449564491447868,2,0,188,9,179,4.79
D870,GALLESE,VITERBO,LAZIO,42.3766358791016,12.404938200046903,2,0,136,14,122,10.29
B958,CASELLE LURANI,LODI,LOMBARDIA,45.27287666714569,9.361098411487765,2,0,348,67,281,19.25
H601,ROVELLASCA,COMO,LOMBARDIA,45.66786391785459,9.049028252830018,2,0,564,71,493,12.59
B272,BURAGO DI MOLGORA,MONZA E DELLA BRIANZA,LOMBARDIA,45.59433556351215,9.38571792247952,2,0,265,26,239,9.81
M309,FONTE NUOVA,ROMA,LAZIO,42.00223560495087,12.634710848190778,6,2,2034,518,1516,25.47
A847,BIANZE',VERCELLI,PIEMONTE,45.299734796422044,8.141922763355053,2,0,116,29,87,25.0
E738,LUMEZZANE,BRESCIA,LOMBARDIA,45.64856239708456,10.269528184759913,10,3,1633,359,1274,21.98
E630,LIZZANO,TARANTO,PUGLIA,40.374109886914134,17.451407794112395,3,0,591,12,579,2.03
A184,ALESSANO,LECCE,PUGLIA,39.89134053303673,18.32594494699739,8,0,1445,52,1393,3.6
F247,MISINTO,MONZA E DELLA BRIANZA,LOMBARDIA,45.65876569426422,9.078167689823669,1,0,226,6,220,2.65
C227,CASTELNUOVO BERARDENGA,SIENA,TOSCANA,43.36561514671329,11.4498428393605,4,0,427,64,363,14.99
E270,GUSPINI,SUD SARDEGNA,SARDEGNA,39.606809959889425,8.608470282895853,7,0,1130,18,1112,1.59
F028,MASSALENGO,LODI,LOMBARDIA,45.26334816473658,9.493880848306299,1,0,213,53,160,24.88
C339,CASTROCARO TERME E TERRA DEL S,FORLI'-CESENA,EMILIA ROMAGNA,44.171999806933975,11.934084774808815,2,0,425,75,350,17.65
L682,VARESE,VARESE,LOMBARDIA,45.82429232959551,8.812949738265658,37,12,11824,2014,9810,17.03
E435,LANCIANO,CHIETI,ABRUZZO,42.20773414559131,14.400405117710239,18,0,6771,354,6417,5.23
L752,VERDELLINO,BERGAMO,LOMBARDIA,45.602570483235304,9.611697906039172,3,3,643,285,358,44.32
E588,LIMANA,BELLUNO,VENETO,46.07565998084769,12.204403895510678,2,0,357,23,334,6.44
C117,CASTEL GIORGIO,TERNI,UMBRIA,42.70092273683977,11.982678114050351,2,0,104,9,95,8.65
C027,CASSINE,ALESSANDRIA,PIEMONTE,44.75208868637978,8.519130935765428,2,1,252,75,177,29.76
B607,CANNA,COSENZA,CALABRIA,40.090782602533544,16.51191390195718,2,0,18,3,15,16.67
C158,CASTELLETTO D'ORBA,ALESSANDRIA,PIEMONTE,44.68845365160934,8.708666498746503,2,0,73,8,65,10.96
C141,CASTELLARANO,REGGIO EMILIA,EMILIA ROMAGNA,44.52299006130383,10.701917245967376,4,0,979,121,858,12.36
H109,QUARRATA,PISTOIA,TOSCANA,43.85176584088779,10.971889269830397,9,1,2120,488,1632,23.02
A059,ADRIA,ROVIGO,VENETO,45.056874686037645,12.045354875021468,18,1,3774,425,3349,11.26
G204,OZZANO MONFERRATO,ALESSANDRIA,PIEMONTE,45.106826310248444,8.369271414791466,2,0,80,10,70,12.5
H509,ROMANO DI LOMBARDIA,BERGAMO,LOMBARDIA,45.52241965544531,9.751069690695207,11,6,3932,1102,2830,28.03
A463,ASCOLI SATRIANO,FOGGIA,PUGLIA,41.19908771455006,15.624649545746948,4,0,431,17,414,3.94
L478,TUSA,MESSINA,SICILIA,37.98450075373106,14.240600259891282,4,1,117,15,102,12.82
C991,CORDENONS,PORDENONE,FRIULI-VENEZIA G.,46.00480376943081,12.728568410980207,4,0,1419,148,1271,10.43
I990,STURNO,AVELLINO,CAMPANIA,41.023476508635056,15.136787715097887,3,0,263,6,257,2.28
L210,TORBOLE CASAGLIA,BRESCIA,LOMBARDIA,45.50725560993487,10.113309799715031,2,0,484,116,368,23.97
A414,ARMENO,NOVARA,PIEMONTE,45.83188486241902,8.463991043168269,2,0,120,6,114,5.0
A578,BAGOLINO,BRESCIA,LOMBARDIA,45.85549065955424,10.453952867282167,4,0,197,3,194,1.52
C078,CASTEL D'AZZANO,VERONA,VENETO,45.35846351976458,10.948978558730532,4,0,825,170,655,20.61
M057,VINCHIATURO,CAMPOBASSO,MOLISE,41.49234773656662,14.595690134551278,4,0,371,4,367,1.08
I963,STORNARELLA,FOGGIA,PUGLIA,41.26597615284386,15.72221087950535,3,1,509,137,372,26.92
G022,OLEVANO ROMANO,ROMA,LAZIO,41.8483454307572,13.026743060686856,3,0,838,82,756,9.79
F675,MONTICELLO CONTE OTTO,VICENZA,VENETO,45.60139586417007,11.582009660086005,2,0,557,42,515,7.54
L169,TIGNALE,BRESCIA,LOMBARDIA,45.74646309360973,10.703671720281623,2,0,57,11,46,19.3
H045,PRESENZANO,CASERTA,CAMPANIA,41.37295088473187,14.07782506543633,2,0,99,8,91,8.08
B934,CASAPROTA,RIETI,LAZIO,42.24816011816076,12.80799204226507,1,0,19,4,15,21.05
C424,CEGLIE MESSAPICA,BRINDISI,PUGLIA,40.64336815350649,17.514530538034702,8,0,1689,57,1632,3.37
F708,MORANO CALABRO,COSENZA,CALABRIA,39.86273386174067,16.11027483893908,2,0,190,3,187,1.58
B319,CACCURI,CROTONE,CALABRIA,39.21174774503329,16.807920467919573,3,0,93,3,90,3.23
E496,LAVENO-MOMBELLO,VARESE,LOMBARDIA,45.907120242391386,8.612694154435184,4,0,725,70,655,9.66
H875,SAN GIMIGNANO,SIENA,TOSCANA,43.4715504868471,11.026905599781752,6,0,787,78,709,9.91
F941,PONTE NOSSA,BERGAMO,LOMBARDIA,45.85966782053234,9.88625644964335,2,0,189,33,156,17.46
D132,CRAVAGLIANA,VERCELLI,PIEMONTE,45.86596324844284,8.198239358651081,1,0,8,0,8,0.0
H184,RAPINO,CHIETI,ABRUZZO,42.20008522465962,14.169976478272586,2,0,49,3,46,6.12
F816,MURO LECCESE,LECCE,PUGLIA,40.11076148233219,18.33958900358434,2,0,374,16,358,4.28
F478,MONTECOPIOLO,RIMINI,EMILIA ROMAGNA,43.839719835897405,12.364546840307444,2,0,60,5,55,8.33
E578,LICODIA EUBEA,CATANIA,SICILIA,37.138365666517764,14.677680421804057,2,0,167,27,140,16.17
F190,MIANE,TREVISO,VENETO,45.94217265558088,12.084631913093013,2,0,157,34,123,21.66
C541,CERTOSA DI PAVIA,PAVIA,LOMBARDIA,45.25006974752802,9.123423470901823,2,0,365,60,305,16.44
L406,TREVISO BRESCIANO,BRESCIA,LOMBARDIA,45.7127001621718,10.469066271657981,1,0,12,2,10,16.67
L317,TRABIA,PALERMO,SICILIA,37.98855220466851,13.614359530270159,5,0,692,7,685,1.01
G690,PIORACO,MACERATA,MARCHE,43.18192079168927,12.993323205437974,2,0,86,20,66,23.26
G075,ONORE,BERGAMO,LOMBARDIA,45.888436949385415,10.027081896840231,1,0,72,1,71,1.39
E250,GUARDISTALLO,PISA,TOSCANA,43.31242641553148,10.62800966237102,1,0,123,21,102,17.07
D297,DIANO MARINA,IMPERIA,LIGURIA,43.908706330648364,8.069536228394195,2,1,338,112,226,33.14
E671,LONGARE,VICENZA,VENETO,45.47136894743918,11.606643379991471,3,0,346,29,317,8.38
D958,GAZZOLA,PIACENZA,EMILIA ROMAGNA,44.93932491608965,9.553798911014738,1,0,57,7,50,12.28
F618,MONTE SAN GIACOMO,SALERNO,CAMPANIA,40.33477056708999,15.510354219680119,2,0,57,5,52,8.77
L956,VILLA GUARDIA,COMO,LOMBARDIA,45.77455797005211,9.022629551942707,2,0,598,49,549,8.19
H793,SAN CESARIO DI LECCE,LECCE,PUGLIA,40.304991125756416,18.16218589301987,2,0,450,23,427,5.11
I951,STEZZANO,BERGAMO,LOMBARDIA,45.64494797269648,9.651002121973562,3,0,981,175,806,17.84
M141,ZAGAROLO,ROMA,LAZIO,41.85324805311625,12.793786503885402,7,0,2251,346,1905,15.37
D319,DOLCEDO,IMPERIA,LIGURIA,43.90629931308427,7.921720283932806,1,0,68,9,59,13.24
D849,GAGLIANO CASTELFERRATO,ENNA,SICILIA,37.717398360469446,14.534589469897975,3,0,252,1,251,0.4
M072,VISCIANO,NAPOLI,CAMPANIA,40.91804141640129,14.608583976138174,2,0,231,8,223,3.46
E223,GRUMO APPULA,BARI,PUGLIA,40.950773162641305,16.69449124590387,7,0,1305,44,1261,3.37
D803,FRISA,CHIETI,ABRUZZO,42.266393752148986,14.376777206156138,2,0,104,3,101,2.88
L972,VILLANOVA MONFERRATO,ALESSANDRIA,PIEMONTE,45.18361368512547,8.472643916175223,2,0,162,4,158,2.47
C935,COMUNANZA,ASCOLI PICENO,MARCHE,42.91827781885079,13.415471629930712,2,0,230,44,186,19.13
A536,BADALUCCO,IMPERIA,LIGURIA,43.91955043131484,7.815150597841172,2,1,80,19,61,23.75
G628,PIETRASANTA,LUCCA,TOSCANA,43.95967119789191,10.22025256729428,11,1,1490,140,1350,9.4
D830,FUSINE,SONDRIO,LOMBARDIA,46.10050370125075,9.763542126895832,1,0,33,5,28,15.15
E953,MARIANOPOLI,CALTANISSETTA,SICILIA,37.600565430115935,13.89637686490303,2,0,76,0,76,0.0
C746,CITTADUCALE,RIETI,LAZIO,42.38705788333392,12.966962988671755,5,0,394,44,350,11.17
G186,OSTIGLIA,MANTOVA,LOMBARDIA,45.08579372340804,11.15079026070271,6,3,1968,460,1508,23.37
A787,BERBENNO DI VALTELLINA,SONDRIO,LOMBARDIA,46.19156572923674,9.738255310084845,2,0,301,22,279,7.31
D415,ERACLEA,VENEZIA,VENETO,45.5951076123865,12.719813758142037,4,0,648,117,531,18.06
E031,GIMIGLIANO,CATANZARO,CALABRIA,38.98375267938651,16.5230137825783,2,0,112,7,105,6.25
C309,CASTIGLIONE DEL LAGO,PERUGIA,UMBRIA,43.10494214649976,12.01709092403822,7,2,1561,315,1246,20.18
E922,MARCARIA,MANTOVA,LOMBARDIA,45.10438297708041,10.597085568423738,4,2,411,120,291,29.2
D119,COSTIGLIOLE D'ASTI,ASTI,PIEMONTE,44.785130958049905,8.177726369961729,4,1,401,68,333,16.96
M425,CADREZZATE CON OSMATE,VARESE,LOMBARDIA,45.79139934785158,8.647912215012958,1,0,84,9,75,10.71
F001,MARZI,COSENZA,CALABRIA,39.16170069421379,16.338496862390993,1,0,84,5,79,5.95
C003,CASSANO D'ADDA,MILANO,LOMBARDIA,45.526629769293706,9.51758504929725,6,2,1772,458,1314,25.85
I469,SAVIANO,NAPOLI,CAMPANIA,40.89981422066057,14.502680895116644,7,0,1381,47,1334,3.4
G916,PORTOMAGGIORE,FERRARA,EMILIA ROMAGNA,44.69818981285872,11.839065896319456,4,4,846,428,418,50.59
H962,SAN LORENZO DEL VALLO,COSENZA,CALABRIA,39.68465965226219,16.264770829722696,3,0,188,6,182,3.19
L216,TORGIANO,PERUGIA,UMBRIA,43.041145924624544,12.450547229235767,2,0,443,49,394,11.06
I441,SARONNO,VARESE,LOMBARDIA,45.62706675136395,9.036135766833544,15,5,7723,1283,6440,16.61
G753,POGGIO RUSCO,MANTOVA,LOMBARDIA,44.9634955311375,11.158116485567483,3,0,848,172,676,20.28
C741,CISTERNINO,BRINDISI,PUGLIA,40.75015451248506,17.42637050159796,5,0,1713,55,1658,3.21
D853,GAGLIOLE,MACERATA,MARCHE,43.242004395197995,13.076151443559166,1,0,71,5,66,7.04
L503,URI,SASSARI,SARDEGNA,40.63382727031746,8.466791725807674,2,0,146,1,145,0.68
M126,VOLTERRA,PISA,TOSCANA,43.399429746580545,10.88723575985572,10,0,1426,132,1294,9.26
B444,CALVI,BENEVENTO,CAMPANIA,41.08630817728122,14.899794685745457,2,0,169,6,163,3.55
E367,ISPRA,VARESE,LOMBARDIA,45.81375061807637,8.612412398885185,2,0,340,47,293,13.82
C172,CASTELLINA IN CHIANTI,SIENA,TOSCANA,43.456980829609556,11.266061994449124,2,2,154,51,103,33.12
A266,CORTINA D'AMPEZZO,BELLUNO,VENETO,46.557154450498444,12.12277948460278,6,0,572,28,544,4.9
H898,SAN GIORGIO LA MOLARA,BENEVENTO,CAMPANIA,41.26947736942752,14.952447882698799,2,0,179,2,177,1.12
E346,ISOLABONA,IMPERIA,LIGURIA,43.90235967696974,7.6305406169325956,1,1,31,11,20,35.48
L361,TREDOZIO,FORLI'-CESENA,EMILIA ROMAGNA,44.06234207523077,11.750772872901077,2,0,68,9,59,13.24
A083,AGORDO,BELLUNO,VENETO,46.30296044358657,12.047479334424073,5,0,773,40,733,5.17
H918,SAN GIOVANNI IN CROCE,CREMONA,LOMBARDIA,45.07656588845838,10.378394707291848,2,1,283,82,201,28.98
F674,MONTICELLO BRIANZA,LECCO,LOMBARDIA,45.713401651100185,9.30936067150638,4,0,1541,98,1443,6.36
G165,OSPEDALETTO D'ALPINOLO,AVELLINO,CAMPANIA,40.938892945821216,14.742984142482808,2,0,74,6,68,8.11
H970,SAN LUCA,REGGIO CALABRIA,CALABRIA,38.152817721918794,16.007528676543174,2,0,302,0,302,0.0
C184,CASTELLO D'AGOGNA,PAVIA,LOMBARDIA,45.23044044093502,8.686623666257256,1,0,91,17,74,18.68
F082,MEDESANO,PARMA,EMILIA ROMAGNA,44.73971528176754,10.080207318962916,6,2,707,156,551,22.07
C948,CONCESIO,BRESCIA,LOMBARDIA,45.611488662764096,10.214182056437547,3,0,889,148,741,16.65
A128,ALBANELLA,SALERNO,CAMPANIA,40.49260029823634,15.097123228768638,4,0,470,57,413,12.13
L801,VERZEGNIS,UDINE,FRIULI-VENEZIA G.,46.37007316483816,12.957300577847093,1,0,21,2,19,9.52
E356,ISOLA DOVARESE,CREMONA,LOMBARDIA,45.170113536750364,10.311208341959125,1,1,27,9,18,33.33
E429,LAMON,BELLUNO,VENETO,46.05823145577726,11.723504322732053,2,0,134,7,127,5.22
C588,CETRARO,COSENZA,CALABRIA,39.53693937866239,15.96759877584711,10,0,1108,29,1079,2.62
B304,BUTTAPIETRA,VERONA,VENETO,45.342881505983755,11.002795012855564,3,0,733,94,639,12.82
I464,SAURIS,UDINE,FRIULI-VENEZIA G.,46.46746794176753,12.701418343646353,1,0,12,0,12,0.0
L975,VILLANOVA D'ALBENGA,SAVONA,LIGURIA,44.042314086701886,8.126537175927801,1,0,121,19,102,15.7
C049,CASTAGNOLE DELLE LANZE,ASTI,PIEMONTE,44.75744287432855,8.143516794286578,2,0,273,42,231,15.38
H641,RUOTI,POTENZA,BASILICATA,40.701206795614986,15.691539315431804,2,0,155,1,154,0.65
C870,COLLE SAN MAGNO,FROSINONE,LAZIO,41.55932287128366,13.713730851222701,1,0,4,1,3,25.0
A802,BERNAREGGIO,MONZA E DELLA BRIANZA,LOMBARDIA,45.64958903596033,9.402759356947685,3,0,756,105,651,13.89
B988,CASORATE PRIMO,PAVIA,LOMBARDIA,45.30690755784104,9.01302091543469,2,0,645,78,567,12.09
D419,ERBE',VERONA,VENETO,45.24178898569492,10.973544410450941,1,0,96,20,76,20.83
A218,ALMESE,TORINO,PIEMONTE,45.11824722468237,7.4199928678173235,4,0,509,46,463,9.04
I686,SESTO AL REGHENA,PORDENONE,FRIULI-VENEZIA G.,45.862494523534785,12.83848671864979,2,0,293,27,266,9.22
D420,ERBEZZO,VERONA,VENETO,45.66109704985242,10.997193994188056,2,0,45,0,45,0.0
A154,ALBETTONE,VICENZA,VENETO,45.35917925139264,11.596891227604287,2,0,111,16,95,14.41
L246,TORREANO,UDINE,FRIULI-VENEZIA G.,46.14601028271404,13.418423799929684,1,0,49,8,41,16.33
F073,MEANA SARDO,NUORO,SARDEGNA,39.92743859727599,9.067947461225547,2,0,65,0,65,0.0
G736,TAIPANA,UDINE,FRIULI-VENEZIA G.,46.261407574463306,13.351977139339764,1,0,22,3,19,13.64
H691,SALASSA,TORINO,PIEMONTE,45.35918101438623,7.692652724083023,1,0,40,7,33,17.5
I797,SOLEMINIS,SUD SARDEGNA,SARDEGNA,39.34328069290341,9.176715350800809,2,0,104,0,104,0.0
L384,TREQUANDA,SIENA,TOSCANA,43.1682113070758,11.6752966961435,2,0,101,8,93,7.92
C848,COLLE UMBERTO,TREVISO,VENETO,45.94341574438502,12.348301222996666,2,0,348,22,326,6.32
B240,BUCCINASCO,MILANO,LOMBARDIA,45.407119980285586,9.109342449029738,6,0,1809,127,1682,7.02
G184,OSTELLATO,FERRARA,EMILIA ROMAGNA,44.723754721011076,11.977853674691557,4,0,431,68,363,15.78
H344,RIVAROSSA,TORINO,PIEMONTE,45.25350338293737,7.702222857867015,1,0,37,5,32,13.51
C750,CITTA' SANT'ANGELO,PESCARA,ABRUZZO,42.51207085410386,14.061462228406866,6,0,1607,106,1501,6.6
B485,CAMISANO VICENTINO,VICENZA,VENETO,45.52555071124171,11.711880232241512,4,1,770,162,608,21.04
G381,PAULARO,UDINE,FRIULI-VENEZIA G.,46.539737253962834,13.129905793706095,2,0,131,0,131,0.0
B302,BUTERA,CALTANISSETTA,SICILIA,37.19187581726036,14.129478167041828,3,0,230,8,222,3.48
H608,ROVERE' VERONESE,VERONA,VENETO,45.60063300018901,11.078045811978237,3,0,171,11,160,6.43
F829,MUSSOLENTE,VICENZA,VENETO,45.77084344818847,11.808467552801043,3,0,617,56,561,9.08
H730,SAVOIA DI LUCANIA,POTENZA,BASILICATA,40.588491929719815,15.584815202008249,2,0,40,2,38,5.0
I954,STIGLIANO,MATERA,BASILICATA,40.376887873064184,16.30030266632842,5,0,319,23,296,7.21
E883,MANERBA DEL GARDA,BRESCIA,LOMBARDIA,45.55266323148142,10.582381714628868,2,0,360,78,282,21.67
F522,MONTEGRANARO,FERMO,MARCHE,43.23739212850881,13.629460742630163,4,1,792,185,607,23.36
E326,IRSINA,MATERA,BASILICATA,40.74600558399435,16.250871537185606,4,0,242,30,212,12.4
I812,SOLTO COLLINA,BERGAMO,LOMBARDIA,45.78445500739137,10.024470754735093,1,0,98,8,90,8.16
I466,SAUZE D'OULX,TORINO,PIEMONTE,45.017824099452234,6.869793594851508,1,0,22,3,19,13.64
I115,SAN PIETRO IN LAMA,LECCE,PUGLIA,40.29507514081037,18.10698960396693,2,0,250,25,225,10.0
G253,PALAGONIA,CATANIA,SICILIA,37.35028950151438,14.76761242045155,10,0,1641,75,1566,4.57
B381,CALASCIBETTA,ENNA,SICILIA,37.6316210669489,14.24502446546371,2,0,199,0,199,0.0
B866,CASALBORE,AVELLINO,CAMPANIA,41.24274068150397,15.01469170540373,2,0,89,0,89,0.0
H894,SAN GIORGIO DEL SANNIO,BENEVENTO,CAMPANIA,41.104079970753716,14.876665069556685,6,0,794,14,780,1.76
L898,VIGONE,TORINO,PIEMONTE,44.83751202799449,7.496236420639813,2,0,364,42,322,11.54
F514,MONTEGALDA,VICENZA,VENETO,45.461033567515074,11.66347145073035,2,0,239,31,208,12.97
A055,ADELFIA,BARI,PUGLIA,40.99140689569572,16.87064740266011,3,0,1052,61,991,5.8
I485,SCALA COELI,COSENZA,CALABRIA,39.45186886395249,16.898725603994833,2,0,26,1,25,3.85
G128,ORSOGNA,CHIETI,ABRUZZO,42.2274403260626,14.291022397359757,2,0,256,34,222,13.28
I848,SORDIO,LODI,LOMBARDIA,45.34024143636854,9.372651022370556,1,0,170,34,136,20.0
G421,PELLA,NOVARA,PIEMONTE,45.810408851482606,8.385933715443954,1,0,66,12,54,18.18
H122,QUATTRO CASTELLA,REGGIO EMILIA,EMILIA ROMAGNA,44.62978159973047,10.513683455694341,4,0,886,96,790,10.84
F721,MORES,SASSARI,SARDEGNA,40.55660617303077,8.846183351111925,2,0,128,9,119,7.03
D196,CUCCIAGO,COMO,LOMBARDIA,45.739664888409386,9.097024961859468,2,0,311,13,298,4.18
H245,RESUTTANO,CALTANISSETTA,SICILIA,37.680569697696725,14.050164530781524,2,0,86,2,84,2.33
L816,VEZZA D'OGLIO,BRESCIA,LOMBARDIA,46.26739394298403,10.396589256099741,2,0,190,11,179,5.79
A667,BARISCIANO,L'AQUILA,ABRUZZO,42.34884421801413,13.584319239276564,2,1,93,26,67,27.96
B959,CASELLE IN PITTARI,SALERNO,CAMPANIA,40.18609410267162,15.537119066444117,2,0,129,4,125,3.1
B842,CARSOLI,L'AQUILA,ABRUZZO,42.116418072677504,13.114087134096048,3,0,483,67,416,13.87
D511,FAULE,CUNEO,PIEMONTE,44.796526288581525,7.571177784093693,1,0,52,6,46,11.54
C242,CASTELNUOVO RANGONE,MODENA,EMILIA ROMAGNA,44.56207136754202,10.929370948571558,3,0,1105,232,873,21.0
F990,NUVOLERA,BRESCIA,LOMBARDIA,45.53406147390035,10.366115029510244,1,0,189,39,150,20.63
M111,VOGOGNA,VERBANO-CUSIO-OSSOLA,PIEMONTE,46.02191427174706,8.298054030053505,2,0,109,5,104,4.59
B812,CARPANETO PIACENTINO,PIACENZA,EMILIA ROMAGNA,44.89922392833665,9.796886073724442,2,0,557,118,439,21.18
A431,ARPAIA,BENEVENTO,CAMPANIA,41.03250556987427,14.548540520094114,2,0,90,6,84,6.67
G372,PATERNO CALABRO,COSENZA,CALABRIA,39.21256301939746,16.26846451073103,2,0,63,11,52,17.46
B718,CARAFFA DEL BIANCO,REGGIO CALABRIA,CALABRIA,38.06841513856979,16.100800170236045,2,0,80,1,79,1.25
H127,QUINCINETTO,TORINO,PIEMONTE,45.55686302605404,7.778108227379186,1,0,40,3,37,7.5
H955,SAN LORENZELLO,BENEVENTO,CAMPANIA,41.27020739810065,14.537971135570851,2,0,115,2,113,1.74
H910,SAN GIOVANNI BIANCO,BERGAMO,LOMBARDIA,45.880990774827396,9.646508679049465,2,0,248,3,245,1.21
L254,TORRECUSO,BENEVENTO,CAMPANIA,41.19426634259857,14.700039871823751,2,0,110,6,104,5.45
G886,PORCIA,PORDENONE,FRIULI-VENEZIA G.,45.94677084702544,12.607111700121044,5,0,848,134,714,15.8
I084,SAN PIER NICETO,MESSINA,SICILIA,38.13163030742675,15.364281131165159,3,0,86,9,77,10.47
G607,PIETRABRUNA,IMPERIA,LIGURIA,43.88489388893155,7.903519747484392,1,1,9,6,3,66.67
H194,RAVANUSA,AGRIGENTO,SICILIA,37.24924772962736,13.985598496506979,4,0,1322,42,1280,3.18
E100,GORLAGO,BERGAMO,LOMBARDIA,45.67205638563168,9.833603726496992,2,2,321,125,196,38.94
I611,SENNA COMASCO,COMO,LOMBARDIA,45.76064349558781,9.101698635460993,2,0,265,11,254,4.15
A768,BELSITO,COSENZA,CALABRIA,39.172918544679696,16.28191083911162,2,0,57,14,43,24.56
G975,PRAIA A MARE,COSENZA,CALABRIA,39.890957007844506,15.803260469464119,6,0,627,39,588,6.22
E983,MARTIGNANA DI PO,CREMONA,LOMBARDIA,45.00558526523294,10.374937347323911,1,0,97,16,81,16.49
I862,SORRENTO,NAPOLI,CAMPANIA,40.61726222781402,14.381043022775753,12,0,3707,114,3593,3.08
F604,MONTERONI DI LECCE,LECCE,PUGLIA,40.31665324134011,18.089527574114754,5,0,767,61,706,7.95
H030,PREMENO,VERBANO-CUSIO-OSSOLA,PIEMONTE,45.98281599324899,8.599765735418812,1,0,10,1,9,10.0
D143,CREMELLA,LECCO,LOMBARDIA,45.742358049311235,9.305307734123573,1,0,76,12,64,15.79
F701,MONTU' BECCARIA,PAVIA,LOMBARDIA,45.03060237068995,9.3203483718758,2,0,168,43,125,25.6
A409,ARIZZANO,VERBANO-CUSIO-OSSOLA,PIEMONTE,45.95530277476088,8.581766851640348,1,0,81,4,77,4.94
G164,OSPEDALETTI,IMPERIA,LIGURIA,43.810201065307574,7.7118242653259115,2,0,177,37,140,20.9
L474,TURRIACO,GORIZIA,FRIULI-VENEZIA G.,45.82325349483976,13.440441353403564,1,0,95,9,86,9.47
C446,CELLENO,VITERBO,LAZIO,42.560104239931796,12.12541897905642,2,0,94,9,85,9.57
A525,AZEGLIO,TORINO,PIEMONTE,45.42242802185251,7.993077582579635,1,0,54,5,49,9.26
L675,VARAZZE,SAVONA,LIGURIA,44.39360772227538,8.568042455443091,3,0,714,73,641,10.22
A312,ANTIGNANO,ASTI,PIEMONTE,44.84068288654637,8.137394685190905,1,0,52,6,46,11.54
H784,SAN BUONO,CHIETI,ABRUZZO,41.99281491034914,14.579198876562938,2,0,43,0,43,0.0
F679,MONTIGNOSO,MASSA-CARRARA,TOSCANA,44.01127014889037,10.171203844813862,5,0,565,35,530,6.19
G988,PRASCORSANO,TORINO,PIEMONTE,45.36397351485496,7.618223180141655,1,0,19,1,18,5.26
H938,SAN GREGORIO NELLE ALPI,BELLUNO,VENETO,46.12144631027298,12.029304204998754,1,0,50,2,48,4.0
E590,LIMBADI,VIBO VALENTIA,CALABRIA,38.5627038830114,15.979128563709821,3,0,241,14,227,5.81
E962,MARMIROLO,MANTOVA,LOMBARDIA,45.240967680231584,10.74578454974065,3,0,515,108,407,20.97
C852,COLLECCHIO,PARMA,EMILIA ROMAGNA,44.75111614703155,10.207603842825204,3,0,1180,222,958,18.81
F504,MONTEFLAVIO,ROMA,LAZIO,42.112967783983,12.837008417912918,2,0,41,7,34,17.07
D885,GALLODORO,MESSINA,SICILIA,37.904830767589765,15.305700636384994,1,0,4,1,3,25.0
C637,CHIGNOLO PO,PAVIA,LOMBARDIA,45.14699497532546,9.500055124891452,2,1,252,71,181,28.17
F951,NOVARA DI SICILIA,MESSINA,SICILIA,38.01631926586263,15.129184996427762,2,0,52,6,46,11.54
M150,ZAVATTARELLO,PAVIA,LOMBARDIA,44.86679585134115,9.27696901022881,2,0,59,10,49,16.95
I602,SENAGO,MILANO,LOMBARDIA,45.57346339254819,9.119102105232527,6,0,1423,222,1201,15.6
D411,ENTRATICO,BERGAMO,LOMBARDIA,45.703172472756336,9.88176143981368,1,0,104,14,90,13.46
I117,SAN PIETRO MUSSOLINO,VICENZA,VENETO,45.58842256017308,11.251589177807107,2,0,161,28,133,17.39
M031,VILLAVALLELONGA,L'AQUILA,ABRUZZO,41.83931692987729,13.66416108379862,1,0,19,4,15,21.05
A849,BIASSONO,MONZA E DELLA BRIANZA,LOMBARDIA,45.62977015661218,9.276986156262074,3,0,664,94,570,14.16
A157,ALBIANO D'IVREA,TORINO,PIEMONTE,45.431766868188944,7.943831864211817,1,0,67,4,63,5.97
E877,MANDAS,SUD SARDEGNA,SARDEGNA,39.64796645738791,9.129598181565122,2,0,141,0,141,0.0
C900,COLONNA,ROMA,LAZIO,41.831389144061546,12.757705796712793,2,0,320,43,277,13.44
L578,VALGIOIE,TORINO,PIEMONTE,45.07616510723534,7.333873615500991,1,0,25,0,25,0.0
E016,GIARRATANA,RAGUSA,SICILIA,37.063259901487875,14.804243916022614,2,0,159,29,130,18.24
I716,SGURGOLA,FROSINONE,LAZIO,41.674527261498476,13.149594380519398,2,0,120,32,88,26.67
G513,PETRELLA SALTO,RIETI,LAZIO,42.3080732405462,13.06301808220374,2,0,33,3,30,9.09
L944,VILLAFRANCA SICULA,AGRIGENTO,SICILIA,37.56509452454545,13.280941185763824,2,0,90,11,79,12.22
G074,ONO SAN PIETRO,BRESCIA,LOMBARDIA,46.0333271056235,10.292851879101743,1,0,32,2,30,6.25
B534,CAMPOFILONE,FERMO,MARCHE,43.07565131567965,13.815469606577816,2,1,120,27,93,22.5
E264,GUIGLIA,MODENA,EMILIA ROMAGNA,44.40159542446782,10.956017678133755,3,1,252,65,187,25.79
E021,GIAVERA DEL MONTELLO,TREVISO,VENETO,45.798200315318276,12.166194574217036,4,1,386,66,320,17.1
L132,TERRASSA PADOVANA,PADOVA,VENETO,45.24768364263607,11.924132824679482,2,0,182,16,166,8.79
H439,ROCCA SAN GIOVANNI,CHIETI,ABRUZZO,42.2626192828423,14.461541416582154,2,0,79,0,79,0.0
F697,MONTOTTONE,FERMO,MARCHE,43.07076995818325,13.58504980406126,2,0,84,16,68,19.05
I418,SAONARA,PADOVA,VENETO,45.37593044436795,11.981825420212921,3,0,779,158,621,20.28
E454,LARDIRAGO,PAVIA,LOMBARDIA,45.239397598103544,9.24724532013003,2,0,331,61,270,18.43
L677,VAREDO,MONZA E DELLA BRIANZA,LOMBARDIA,45.59840214016539,9.165053288812448,5,0,1020,160,860,15.69
I605,SENEGHE,ORISTANO,SARDEGNA,40.087208651050496,8.587783702888364,2,0,101,3,98,2.97
A060,ADRO,BRESCIA,LOMBARDIA,45.620026703546145,9.965624753138759,2,0,613,60,553,9.79
E295,INCISA SCAPACCINO,ASTI,PIEMONTE,44.8144842812909,8.387662059692444,2,0,189,51,138,26.98
D744,FOSSATO SERRALTA,CATANZARO,CALABRIA,39.001141371021,16.56309348140659,1,0,21,0,21,0.0
G724,PIZZOFERRATO,CHIETI,ABRUZZO,41.92539618606793,14.233831088366351,2,0,34,2,32,5.88
M257,PORTOPALO DI CAPO PASSERO,SIRACUSA,SICILIA,36.67269471262893,15.1014974657178,2,0,274,21,253,7.66
H338,RIVARA,TORINO,PIEMONTE,45.32615963967147,7.631860218299093,1,0,87,15,72,17.24
D695,FORDONGIANUS,ORISTANO,SARDEGNA,39.99169986267422,8.81420727170718,1,0,42,0,42,0.0
A692,BASCIANO,TERAMO,ABRUZZO,42.587860377268385,13.735316530311573,2,0,128,9,119,7.03
D980,GERENZAGO,PAVIA,LOMBARDIA,45.19950894415376,9.362912346528752,1,0,112,16,96,14.29
A074,AGLIE',TORINO,PIEMONTE,45.36612218741803,7.776114788754185,2,0,225,40,185,17.78
D993,GERRE DE' CAPRIOLI,CREMONA,LOMBARDIA,45.08887576842469,10.037625469422165,1,0,76,10,66,13.16
H276,RICENGO,CREMONA,LOMBARDIA,45.40995187467728,9.737155413608972,1,0,54,15,39,27.78
G149,ORZINUOVI,BRESCIA,LOMBARDIA,45.397875384226595,9.93642402098099,6,1,2230,507,1723,22.74
H815,SAN DANIELE PO,CREMONA,LOMBARDIA,45.05516847078785,10.179751587884905,1,1,96,31,65,32.29
B892,CASALFIUMANESE,BOLOGNA,EMILIA ROMAGNA,44.29518163813927,11.536183502852495,3,2,161,49,112,30.43
E999,MARZANO,PAVIA,LOMBARDIA,45.248159515441195,9.290341202627134,1,0,115,17,98,14.78
L779,VEROLENGO,TORINO,PIEMONTE,45.197782900768885,7.9851426147947295,2,0,321,35,286,10.9
D932,GASPERINA,CATANZARO,CALABRIA,38.73695008896562,16.506692411634983,2,0,86,5,81,5.81
F622,MONTE SAN MARTINO,MACERATA,MARCHE,43.029368798385676,13.425573655802507,2,0,22,0,22,0.0
D945,GAVIGNANO,ROMA,LAZIO,41.704300014009654,13.068188780359094,2,0,113,12,101,10.62
G476,PERTOSA,SALERNO,CAMPANIA,40.54608900002317,15.452179417664693,1,1,17,16,1,94.12
B129,CASTELVERDE,CREMONA,LOMBARDIA,45.19982137428353,9.989916290581364,2,0,351,81,270,23.08
G161,OSNAGO,LECCO,LOMBARDIA,45.677617924760135,9.387250608426713,1,1,171,60,111,35.09
E092,GORGO AL MONTICANO,TREVISO,VENETO,45.783450227153665,12.566256132799092,2,0,258,59,199,22.87
I536,SCIDO,REGGIO CALABRIA,CALABRIA,38.23166776390158,15.94735669669291,1,0,41,6,35,14.63
H562,ROSCIANO,PESCARA,ABRUZZO,42.33385872012527,14.04488882552971,2,0,182,6,176,3.3
M211,ACQUEDOLCI,MESSINA,SICILIA,38.04941099046839,14.583427495877746,2,0,354,16,338,4.52
E719,LUCINASCO,IMPERIA,LIGURIA,43.96242272541327,7.961677805051837,1,0,6,1,5,16.67
H628,RUBIERA,REGGIO EMILIA,EMILIA ROMAGNA,44.67024558873918,10.787479880706663,5,1,1036,161,875,15.54
I927,SPRESIANO,TREVISO,VENETO,45.775677240346866,12.274289272013958,4,0,781,155,626,19.85
E718,LUCIGNANO,AREZZO,TOSCANA,43.27945230683878,11.733311509427862,2,0,213,17,196,7.98
G663,PIGNOLA,POTENZA,BASILICATA,40.577820858181475,15.78932204660219,3,0,312,7,305,2.24
B264,BULTEI,SASSARI,SARDEGNA,40.487648748542995,9.082957256211794,2,0,29,0,29,0.0
G234,PAGLIARA,MESSINA,SICILIA,37.99921958838447,15.331454103385147,1,0,20,2,18,10.0
H303,RIOLUNATO,MODENA,EMILIA ROMAGNA,44.23062135348638,10.652090654217986,1,0,21,2,19,9.52
L349,TREBASELEGHE,PADOVA,VENETO,45.59302684624926,12.044111554334233,5,0,886,156,730,17.61
G179,OSSIMO,BRESCIA,LOMBARDIA,45.96575863823677,10.230427859077952,1,0,38,2,36,5.26
L747,VERBICARO,COSENZA,CALABRIA,39.75990894505972,15.935158317332174,3,0,147,2,145,1.36
F375,MONNO,BRESCIA,LOMBARDIA,46.23469987353173,10.322017914888221,1,0,9,0,9,0.0
H694,SALE,ALESSANDRIA,PIEMONTE,44.96502168147961,8.800510612350404,2,0,282,54,228,19.15
E285,ILLORAI,SASSARI,SARDEGNA,40.35659355939497,8.989102337683837,2,0,28,0,28,0.0
B028,BORGO PRIOLO,PAVIA,LOMBARDIA,44.95506754121204,9.144851116854985,1,0,52,11,41,21.15
L299,TORRILE,PARMA,EMILIA ROMAGNA,44.90164771961928,10.342655885000829,3,0,674,139,535,20.62
F473,MONTECHIARUGOLO,PARMA,EMILIA ROMAGNA,44.704236865383386,10.392711449580707,4,0,812,151,661,18.6
H862,SAN GERMANO CHISONE,TORINO,PIEMONTE,44.88883311276655,7.236092756773973,1,0,60,2,58,3.33
B719,CARAGLIO,CUNEO,PIEMONTE,44.42706312207953,7.440472749270723,2,0,502,100,402,19.92
M311,CAMPOLONGO TAPOGLIANO,UDINE,FRIULI-VENEZIA G.,45.867343908383155,13.400820246794648,1,0,67,3,64,4.48
D934,GATTATICO,REGGIO EMILIA,EMILIA ROMAGNA,44.80003714227007,10.471606634713163,3,1,415,87,328,20.96
L224,TORNARECCIO,CHIETI,ABRUZZO,42.029302999026484,14.423296442069784,2,0,87,4,83,4.6
G816,POMPONESCO,MANTOVA,LOMBARDIA,44.93950576471544,10.595307761914958,1,0,115,28,87,24.35
B236,BUBBIO,ASTI,PIEMONTE,44.65816558624106,8.293112644206957,1,0,38,6,32,15.79
C585,CETO,BRESCIA,LOMBARDIA,45.9938478117222,10.411486236275717,1,0,37,3,34,8.11
H768,SAN BELLINO,ROVIGO,VENETO,45.026439067223556,11.588244912633673,1,0,52,10,42,19.23
D471,FALCIANO DEL MASSICO,CASERTA,CAMPANIA,41.141585795581285,13.963149408083972,2,0,235,8,227,3.4
M272,CIAMPINO,ROMA,LAZIO,41.79308795353485,12.614825993147663,13,0,4687,381,4306,8.13
C130,CASTELLAMMARE DEL GOLFO,TRAPANI,SICILIA,38.010970384997165,12.827137473413242,12,0,1359,66,1293,4.86
G611,PIETRADEFUSI,AVELLINO,CAMPANIA,41.04839319182507,14.886439305300451,3,0,153,3,150,1.96
I462,SASSUOLO,MODENA,EMILIA ROMAGNA,44.533118348377236,10.778269685763979,23,6,7353,1252,6101,17.03
G488,PESCHIERA BORROMEO,MILANO,LOMBARDIA,45.44230042862808,9.303489276556508,6,1,1790,240,1550,13.41
G482,PESCARA,PESCARA,ABRUZZO,42.455794467952046,14.203382509900324,43,1,20484,1164,19320,5.68
L892,VIGODARZERE,PADOVA,VENETO,45.48199427073221,11.873771356565767,5,0,737,143,594,19.4
L194,TOLLO,CHIETI,ABRUZZO,42.34466000292846,14.318635851742842,2,0,246,49,197,19.92
M253,SICIGNANO DEGLI ALBURNI,SALERNO,CAMPANIA,40.581036757174765,15.301246035242501,2,0,146,1,145,0.68
E289,IMOLA,BOLOGNA,EMILIA ROMAGNA,44.38773938850669,11.716040865358753,29,7,9632,1531,8101,15.89
H114,QUARTO,NAPOLI,CAMPANIA,40.88387528384978,14.128972162705228,13,0,5020,58,4962,1.16
C342,ENNA,ENNA,SICILIA,37.51890775107861,14.288771320447427,18,0,3567,116,3451,3.25
L013,SUSA,TORINO,PIEMONTE,45.13503179521161,7.077109448418112,9,0,1316,138,1178,10.49
B644,CAPACCIO PAESTUM,SALERNO,CAMPANIA,40.44424307381462,15.027340161589295,15,2,2732,337,2395,12.34
I031,SAN MAURO CILENTO,SALERNO,CAMPANIA,40.221452744418386,15.035976326109108,1,0,20,1,19,5.0
B215,BRUGNERA,PORDENONE,FRIULI-VENEZIA G.,45.904211760708144,12.552166822108346,6,1,1237,190,1047,15.36
M320,VALSAMOGGIA,BOLOGNA,EMILIA ROMAGNA,44.44400538671958,11.091329638309206,11,2,2458,590,1868,24.0
M290,STINTINO,SASSARI,SARDEGNA,40.88931102324526,8.226963385212201,2,0,63,1,62,1.59
B314,CABRAS,ORISTANO,SARDEGNA,39.93480515570113,8.46551859754237,3,0,409,12,397,2.93
I838,SORA,FROSINONE,LAZIO,41.73264263894717,13.5759095713243,21,0,4047,202,3845,4.99
M286,TORRENOVA,MESSINA,SICILIA,38.09421526013765,14.688085260893793,2,0,246,8,238,3.25
B642,CAORLE,VENEZIA,VENETO,45.63962660714864,12.87004331402648,3,0,522,76,446,14.56
A056,ADRANO,CATANIA,SICILIA,37.69457290975507,14.857134936218834,12,0,4799,63,4736,1.31
A112,AIRUNO,LECCO,LOMBARDIA,45.75465707228948,9.421884768974916,2,1,157,45,112,28.66
B519,CAMPOBASSO,CAMPOBASSO,MOLISE,41.56789292044067,14.662113597703764,25,0,7958,235,7723,2.95
I826,SONA,VERONA,VENETO,45.42843453081746,10.813896222827845,6,0,1225,165,1060,13.47
M416,GATTICO-VERUNO,NOVARA,PIEMONTE,45.70516410775936,8.526995131146164,3,0,492,37,455,7.52
A182,ALESSANDRIA,ALESSANDRIA,PIEMONTE,44.90902116820524,8.644421454327492,37,15,9731,2632,7099,27.05
C111,CASTELFRANCO VENETO,TREVISO,VENETO,45.666950155520134,11.934607303541517,25,2,8610,994,7616,11.54
G135,ORTE,VITERBO,LAZIO,42.44452806301322,12.391394621932273,5,1,1331,272,1059,20.44
H422,ROCCAMENA,PALERMO,SICILIA,37.83022232695448,13.165727901134954,2,0,85,10,75,11.76
G705,PISCINA,TORINO,PIEMONTE,44.92049280286061,7.425986690302455,2,0,238,19,219,7.98
B180,BRINDISI,BRINDISI,PUGLIA,40.606215364413885,17.898808371480897,40,0,13337,321,13016,2.41
G150,ORZIVECCHI,BRESCIA,LOMBARDIA,45.42120292884198,9.964310776826524,5,0,497,61,436,12.27
L400,TREVIGLIO,BERGAMO,LOMBARDIA,45.53062107173813,9.594439560563227,17,7,7187,1563,5624,21.75
H118,QUARTU SANT'ELENA,CAGLIARI,SARDEGNA,39.22686137370997,9.29233305488221,27,0,6221,172,6049,2.76
B042,BORGO VAL DI TARO,PARMA,EMILIA ROMAGNA,44.501767883571006,9.800861212772888,5,2,776,184,592,23.71
E692,LORIA,TREVISO,VENETO,45.719449481946384,11.845960395992037,5,0,628,109,519,17.36
C781,CIVITELLA DEL TRONTO,TERAMO,ABRUZZO,42.77934721228376,13.65957709512183,5,1,234,39,195,16.67
D020,CORNEDO VICENTINO,VICENZA,VENETO,45.61609610183635,11.348961184067596,4,0,759,113,646,14.89
D999,GHEDI,BRESCIA,LOMBARDIA,45.400300251515255,10.278861604838639,4,0,2099,350,1749,16.67
A230,ALTAVILLA SILENTINA,SALERNO,CAMPANIA,40.52821210692483,15.122437315320347,4,1,480,53,427,11.04
I741,SILVI,TERAMO,ABRUZZO,42.552731712919126,14.096633080668521,6,0,1111,92,1019,8.28
D869,GALLARATE,VARESE,LOMBARDIA,45.66304842092224,8.792905163619315,25,8,9525,1790,7735,18.79
H134,QUINTO VICENTINO,VICENZA,VENETO,45.56987856629857,11.643042392875278,2,0,297,21,276,7.07
H982,SAN MARCO D'ALUNZIO,MESSINA,SICILIA,38.05692244787182,14.710722720860387,2,0,87,1,86,1.15
D009,CORLEONE,PALERMO,SICILIA,37.800116884446325,13.316913964203303,6,0,1508,14,1494,0.93
I217,SANTA LUCE,PISA,TOSCANA,43.462939395737145,10.548707206446615,2,0,111,14,97,12.61
G966,POZZUOLO DEL FRIULI,UDINE,FRIULI-VENEZIA G.,45.99494932742992,13.2054550545243,3,0,572,86,486,15.03
F384,MONSUMMANO TERME,PISTOIA,TOSCANA,43.85491182244286,10.82951243864306,9,0,1697,224,1473,13.2
A892,BITETTO,BARI,PUGLIA,41.0382711544958,16.758736302102868,4,0,2094,77,2017,3.68
L057,TARVISIO,UDINE,FRIULI-VENEZIA G.,46.47813182409278,13.585298113327681,5,0,371,30,341,8.09
F243,MISANO DI GERA D'ADDA,BERGAMO,LOMBARDIA,45.46786673926057,9.627329056968286,2,0,203,42,161,20.69
A781,BENETUTTI,SASSARI,SARDEGNA,40.43008591966549,9.165677794987989,2,0,94,1,93,1.06
B490,CAMOGLI,GENOVA,LIGURIA,44.33538247826811,9.167630299429108,4,0,746,67,679,8.98
A323,ANZIO,ROMA,LAZIO,41.50183950531478,12.607887693951943,25,3,7441,1020,6421,13.71
L926,VILLA COLLEMANDINA,LUCCA,TOSCANA,44.19392446041453,10.396445648603466,2,0,22,1,21,4.55
G796,POLLICA,SALERNO,CAMPANIA,40.192942901842784,15.062189367220752,2,0,87,3,84,3.45
C058,CASTEL BARONIA,AVELLINO,CAMPANIA,41.0437757948444,15.178172275489818,2,0,54,0,54,0.0
B830,CARPINONE,ISERNIA,MOLISE,41.597984578320975,14.334133187710059,1,0,25,0,25,0.0
C958,CONFIENZA,PAVIA,LOMBARDIA,45.33444728035686,8.575277393139281,2,2,86,36,50,41.86
F351,MONDOVI',CUNEO,PIEMONTE,44.40880602221739,7.813283387882694,18,3,4216,690,3526,16.37
D570,FICULLE,TERNI,UMBRIA,42.82395267623371,12.069895429317613,2,0,82,18,64,21.95
H007,PRATOLA PELIGNA,L'AQUILA,ABRUZZO,42.09902960558542,13.897007588308057,4,0,904,111,793,12.28
M284,SANTA MARIA COGHINAS,SASSARI,SARDEGNA,40.893953496302295,8.869248209875737,2,0,77,3,74,3.9
F246,MISILMERI,PALERMO,SICILIA,38.01748879833207,13.438220332411753,9,0,2264,20,2244,0.88
A194,ALI',MESSINA,SICILIA,38.04359130294802,15.403607236673741,2,0,35,0,35,0.0
B104,BOVINO,FOGGIA,PUGLIA,41.26970107324255,15.369377336984751,4,0,247,7,240,2.83
F606,MONTEROSI,VITERBO,LAZIO,42.18452697739129,12.297481811017512,2,0,358,79,279,22.07
C747,CITTANOVA,REGGIO CALABRIA,CALABRIA,38.36062080643385,16.073878765878426,6,0,1858,152,1706,8.18
A552,BAGNARA CALABRA,REGGIO CALABRIA,CALABRIA,38.281625825983035,15.816622136657243,11,0,1066,21,1045,1.97
G596,PIEDIMONTE MATESE,CASERTA,CAMPANIA,41.373601786170674,14.37825753568886,14,0,3418,90,3328,2.63
G648,PIEVE FOSCIANA,LUCCA,TOSCANA,44.14729229442793,10.452163538446742,1,0,96,7,89,7.29
G133,ORTACESUS,SUD SARDEGNA,SARDEGNA,39.52328074740275,9.088359384524818,1,0,22,2,20,9.09
B106,BOVOLENTA,PADOVA,VENETO,45.26796480934558,11.953839095297948,2,0,168,16,152,9.52
F230,MIRABELLA ECLANO,AVELLINO,CAMPANIA,41.050483514650985,14.988697313050007,6,0,1013,40,973,3.95
G980,PRALUNGO,BIELLA,PIEMONTE,45.60689002486545,8.02296527832687,2,0,116,7,109,6.03
F611,MONTEROTONDO,ROMA,LAZIO,42.06786061835439,12.622412551385054,20,1,8051,1097,6954,13.63
B026,BORGO PACE,PESARO E URBINO,MARCHE,43.64134786315443,12.253704996789718,1,0,18,3,15,16.67
A872,BINASCO,MILANO,LOMBARDIA,45.330691223053904,9.102676112319887,2,0,613,110,503,17.94
A297,ANGUILLARA SABAZIA,ROMA,LAZIO,42.07746414047876,12.263629315198674,6,0,2007,157,1850,7.82
B724,CARAPELLE,FOGGIA,PUGLIA,41.36220192271091,15.702271245676677,3,0,619,106,513,17.12
H981,SAN MARCO ARGENTANO,COSENZA,CALABRIA,39.582310169916475,16.165311586017168,9,0,983,43,940,4.37
L197,TOLVE,POTENZA,BASILICATA,40.70482356959073,16.040749824731616,2,0,168,4,164,2.38
A339,APRICENA,FOGGIA,PUGLIA,41.7766082410445,15.457475681691824,8,0,1546,80,1466,5.17
F597,MONTERENZIO,BOLOGNA,EMILIA ROMAGNA,44.29656248182739,11.423577758214243,3,3,290,97,193,33.45
F918,NOGARA,VERONA,VENETO,45.187749953048595,11.0645907567407,3,2,647,261,386,40.34
H068,PRIOCCA,CUNEO,PIEMONTE,44.79189545944643,8.061066509494262,2,0,220,28,192,12.73
I061,SAN NICOLA BARONIA,AVELLINO,CAMPANIA,41.059946611528076,15.206255273550882,2,0,46,7,39,15.22
I832,SONNINO,LATINA,LAZIO,41.40069462576203,13.233921813745173,4,0,480,61,419,12.71
B515,CAMPLI,TERAMO,ABRUZZO,42.734544296794084,13.697235667050615,5,0,324,69,255,21.3
H126,QUILIANO,SAVONA,LIGURIA,44.29530306188004,8.3749092779571,3,0,415,30,385,7.23
F631,MONTE SANT'ANGELO,FOGGIA,PUGLIA,41.738728453344535,15.944338576703728,8,0,1100,12,1088,1.09
B181,BRINDISI MONTAGNA,POTENZA,BASILICATA,40.60179674280517,15.920472300564146,2,0,23,1,22,4.35
B212,BRUGHERIO,MONZA E DELLA BRIANZA,LOMBARDIA,45.552701919076924,9.301291497213187,8,0,2159,329,1830,15.24
G843,PONTEDERA,PISA,TOSCANA,43.64662348943861,10.646994202627283,18,5,7963,1257,6706,15.79
D280,DERVIO,LECCO,LOMBARDIA,46.07450493094032,9.31333614255777,2,0,157,19,138,12.1
F299,PORTO EMPEDOCLE,AGRIGENTO,SICILIA,37.31046339321585,13.507210118978966,8,0,1227,26,1201,2.12
G378,PATU',LECCE,PUGLIA,39.82847385332756,18.319234603406887,2,0,86,7,79,8.14
F464,MONTECCHIO MAGGIORE,VICENZA,VENETO,45.51304002856973,11.407659148431806,11,5,2624,708,1916,26.98
I423,SARACENA,COSENZA,CALABRIA,39.780283154579976,16.125857655668632,2,0,192,1,191,0.52
C705,CINIGIANO,GROSSETO,TOSCANA,42.89946825729175,11.379752197744212,3,2,120,46,74,38.33
I640,SERRA RICCO',GENOVA,LIGURIA,44.51383074153963,8.94600058373362,4,0,472,27,445,5.72
F364,MONGIANA,VIBO VALENTIA,CALABRIA,38.5054144423278,16.324505400206444,2,0,29,0,29,0.0
F335,MONCALIERI,TORINO,PIEMONTE,44.98839945496348,7.702662327461767,22,2,6409,972,5437,15.17
L278,TORRE SAN GIORGIO,CUNEO,PIEMONTE,44.72759666925189,7.527893475594163,1,0,34,4,30,11.76
E995,MARUGGIO,TARANTO,PUGLIA,40.322667480882934,17.55292310395378,4,0,645,12,633,1.86
F716,MORCIANO DI LEUCA,LECCE,PUGLIA,39.847658604931816,18.305866996593185,2,0,135,7,128,5.19
E607,LIPOMO,COMO,LOMBARDIA,45.790840239006435,9.121787915205074,2,0,335,50,285,14.93
I652,SERRARA FONTANA,NAPOLI,CAMPANIA,40.71401416565338,13.89397535305259,1,0,71,0,71,0.0
M288,CASTIADAS,SUD SARDEGNA,SARDEGNA,39.24303507619644,9.519289070707131,2,0,89,2,87,2.25
E502,LAZISE,VERONA,VENETO,45.48590174896457,10.710835370534282,3,0,430,49,381,11.4
B520,CAMPOBELLO DI LICATA,AGRIGENTO,SICILIA,37.23657197183068,13.91902928196344,6,0,843,47,796,5.58
I594,SELVA DI PROGNO,VERONA,VENETO,45.64196069959396,11.142665103998494,3,0,91,8,83,8.79
L887,VIGNOLE BORBERA,ALESSANDRIA,PIEMONTE,44.709462542539,8.909015104396667,2,0,182,35,147,19.23
E406,LAGNASCO,CUNEO,PIEMONTE,44.632444217368295,7.557972665733621,1,0,43,7,36,16.28
H156,RADICOFANI,SIENA,TOSCANA,42.91899403771828,11.769358359810434,2,0,61,4,57,6.56
D184,CROSIA,COSENZA,CALABRIA,39.58671772988721,16.77876812044464,7,0,967,79,888,8.17
D496,FARA VICENTINO,VICENZA,VENETO,45.7356607187898,11.55967288892388,3,0,297,13,284,4.38
D512,FAVALE DI MALVARO,GENOVA,LIGURIA,44.45914940825668,9.258712317530838,1,0,11,0,11,0.0
A281,ANDRANO,LECCE,PUGLIA,39.9820584536613,18.36668409679953,2,0,240,19,221,7.92
H610,ROVEREDO DI GUA',VERONA,VENETO,45.27331055644554,11.462952131171907,1,0,87,14,73,16.09
F559,MONTEMARANO,AVELLINO,CAMPANIA,40.911553844485866,15.005453418142196,2,0,130,2,128,1.54
I489,SCALEA,COSENZA,CALABRIA,39.80166572012943,15.804748451602846,3,0,1401,190,1211,13.56
B722,CARAMANICO TERME,PESCARA,ABRUZZO,42.150590341982934,14.029981113282485,2,0,81,3,78,3.7
H166,RAIANO,L'AQUILA,ABRUZZO,42.09994314479104,13.809721433629644,2,0,249,33,216,13.25
I822,SOMMARIVA DEL BOSCO,CUNEO,PIEMONTE,44.77357035368155,7.78110838472294,2,0,405,81,324,20.0
A434,ARQUA' PETRARCA,PADOVA,VENETO,45.26863466618075,11.721963265097349,2,0,132,4,128,3.03
G686,PIOLTELLO,MILANO,LOMBARDIA,45.49151703459932,9.323475321558982,12,8,3922,1571,2351,40.06
B539,CAMPOGALLIANO,MODENA,EMILIA ROMAGNA,44.699522643150814,10.841284995812842,2,1,584,165,419,28.25
E548,TERENZO,PARMA,EMILIA ROMAGNA,44.61119267994796,10.067356213347855,1,0,27,7,20,25.93
F944,NOVA MILANESE,MONZA E DELLA BRIANZA,LOMBARDIA,45.58894973981118,9.19632268577857,7,1,1539,332,1207,21.57
G475,PERTICA BASSA,BRESCIA,LOMBARDIA,45.76058661527499,10.377326710189628,1,0,15,3,12,20.0
E904,MARANELLO,MODENA,EMILIA ROMAGNA,44.50809437698366,10.870090420282745,7,0,2080,295,1785,14.18
B805,CARONNO PERTUSELLA,VARESE,LOMBARDIA,45.59528358348279,9.045942680024787,4,0,1291,163,1128,12.63
A780,BENESTARE,REGGIO CALABRIA,CALABRIA,38.16716545318122,16.132039980674794,3,0,165,2,163,1.21
I376,SAN VALENTINO IN ABRUZZO CITER,PESCARA,ABRUZZO,42.23134187920718,13.98170942112437,2,0,161,5,156,3.11
A700,BASILIANO,UDINE,FRIULI-VENEZIA G.,46.01623909966045,13.096416580825416,3,0,354,54,300,15.25
E049,GIRASOLE,NUORO,SARDEGNA,39.95365499597116,9.64448231022709,1,0,40,2,38,5.0
F781,MOTTA SANT'ANASTASIA,CATANIA,SICILIA,37.495974923910225,14.966084449918123,2,0,914,37,877,4.05
L710,VEGGIANO,PADOVA,VENETO,45.43537743626655,11.715597765139727,2,0,301,39,262,12.96
I563,SEDICO,BELLUNO,VENETO,46.18711300012376,12.123692735206335,4,0,636,56,580,8.81
F428,MONTAPPONE,FERMO,MARCHE,43.136984681749574,13.459966254053558,2,0,149,31,118,20.81
D360,DOZZA,BOLOGNA,EMILIA ROMAGNA,44.38209425937503,11.637345888672963,3,0,398,51,347,12.81
A501,AURONZO DI CADORE,BELLUNO,VENETO,46.565122821052846,12.339040288450724,2,0,148,3,145,2.03
G905,PORTIGLIOLA,REGGIO CALABRIA,CALABRIA,38.2205962250902,16.212515613616702,1,0,34,2,32,5.88
F788,MOZZATE,COMO,LOMBARDIA,45.67530276432674,8.949822636355007,2,0,721,144,577,19.97
E858,MALGRATE,LECCO,LOMBARDIA,45.84781154353843,9.378880957667777,2,1,276,74,202,26.81
G864,PONTIDA,BERGAMO,LOMBARDIA,45.730797078198655,9.49965005441611,2,0,185,50,135,27.03
D334,DOMUSNOVAS,SUD SARDEGNA,SARDEGNA,39.36483210358015,8.621584452175025,3,0,334,5,329,1.5
G087,ORBASSANO,TORINO,PIEMONTE,45.00605273349241,7.555831919066068,10,0,2899,217,2682,7.49
G920,PORTO SAN GIORGIO,FERMO,MARCHE,43.178207595639755,13.786228306052513,5,0,1192,99,1093,8.31
E102,GORLA MINORE,VARESE,LOMBARDIA,45.64767509247133,8.913474314569047,2,0,429,56,373,13.05
B937,CASARGO,LECCO,LOMBARDIA,46.04043592667235,9.400241076608019,1,0,47,4,43,8.51
M424,VERMEZZO CON ZELO,MILANO,LOMBARDIA,45.39111246248678,8.980895399995065,2,0,438,41,397,9.36
H157,RADICONDOLI,SIENA,TOSCANA,43.224554705140974,11.017467708822066,2,0,51,11,40,21.57
D773,FRASCATI,ROMA,LAZIO,41.82471255868035,12.669919184589348,12,0,5446,354,5092,6.5
I965,STRA,VENEZIA,VENETO,45.410455924295675,12.030819994028288,3,3,453,223,230,49.23
E737,LUMARZO,GENOVA,LIGURIA,44.44942126498691,9.13330630677082,1,0,30,6,24,20.0
G512,PETRELLA TIFERNINA,CAMPOBASSO,MOLISE,41.6905016883857,14.700944691911085,2,0,98,1,97,1.02
E417,LAINO BORGO,COSENZA,CALABRIA,39.965891568779185,15.942867635094354,2,0,114,1,113,0.88
E169,GREVE IN CHIANTI,FIRENZE,TOSCANA,43.60456586408142,11.330974464135407,5,3,679,197,482,29.01
A284,ANDRETTA,AVELLINO,CAMPANIA,40.94214457198921,15.326373447172713,2,0,66,4,62,6.06
H147,RACALE,LECCE,PUGLIA,39.96112686053679,18.068582130197665,4,0,709,13,696,1.83
F003,MASATE,MILANO,LOMBARDIA,45.56453730369136,9.462865719883814,2,0,380,66,314,17.37
C888,COLOBRARO,MATERA,BASILICATA,40.20545367756532,16.407364583814008,2,0,34,1,33,2.94
F223,MINORI,SALERNO,CAMPANIA,40.658949416902914,14.625667304977785,3,0,193,4,189,2.07
A210,ALLUMIERE,ROMA,LAZIO,42.14122848419424,11.895378797819037,2,0,247,21,226,8.5
B818,CARPENETO,ALESSANDRIA,PIEMONTE,44.69187887601815,8.615568160588994,1,0,30,7,23,23.33
B387,LUNGAVILLA,PAVIA,LOMBARDIA,45.03608918279607,9.081381136395846,2,0,216,31,185,14.35
D181,CROPANI,CATANZARO,CALABRIA,38.955185746959394,16.786512161171586,4,0,394,40,354,10.15
D134,CRAVEGGIA,VERBANO-CUSIO-OSSOLA,PIEMONTE,46.17532372695059,8.509222119992906,1,0,20,0,20,0.0
C987,CORBOLA,ROVIGO,VENETO,44.99726710851278,12.110938781503108,2,0,142,33,109,23.24
C166,CASTELLETTO SOPRA TICINO,NOVARA,PIEMONTE,45.71132184220398,8.620921310130052,3,0,616,105,511,17.05
E156,GRAVINA DI CATANIA,CATANIA,SICILIA,37.55475420094369,15.062716868423342,8,0,2165,20,2145,0.92
H036,PREMOLO,BERGAMO,LOMBARDIA,45.898482079583175,9.84784525304246,1,0,27,3,24,11.11
A542,BADOLATO,CATANZARO,CALABRIA,38.56965466586259,16.511420492039637,2,0,182,17,165,9.34
G848,PONTELANDOLFO,BENEVENTO,CAMPANIA,41.293553083173954,14.680657087764466,2,0,88,9,79,10.23
L492,UMBRIATICO,CROTONE,CALABRIA,39.35924830128132,16.936850574484286,3,0,35,0,35,0.0
B829,CARPINO,FOGGIA,PUGLIA,41.825748047100376,15.869756784718465,5,0,426,57,369,13.38
M014,VILLAR PEROSA,TORINO,PIEMONTE,44.91931997225733,7.259660753917929,2,0,296,43,253,14.53
A607,BANCHETTE,TORINO,PIEMONTE,45.4585462390475,7.854724372685444,2,1,315,58,257,18.41
M386,ALTA VAL TIDONE,PIACENZA,EMILIA ROMAGNA,44.899118073349044,9.358838341862025,3,0,128,26,102,20.31
B532,CAMPOFELICE DI ROCCELLA,PALERMO,SICILIA,37.98797576149967,13.873833829673034,4,0,593,14,579,2.36
D614,FIRMO,COSENZA,CALABRIA,39.71845030640826,16.182974105696964,2,0,117,5,112,4.27
E062,GIUSSAGO,PAVIA,LOMBARDIA,45.280998671021806,9.151114146102152,2,0,372,58,314,15.59
H369,ROBBIO,PAVIA,LOMBARDIA,45.3006899972719,8.610818179530737,2,0,386,62,324,16.06
I566,SEDRIANO,MILANO,LOMBARDIA,45.48744494131164,8.97486580304118,3,1,931,214,717,22.99
B474,CAMERINO,MACERATA,MARCHE,43.13558457723275,13.074668225665494,7,0,1471,134,1337,9.11
F740,MOROLO,FROSINONE,LAZIO,41.64087568944169,13.19061858755007,3,0,199,10,189,5.03
F020,MASONE,GENOVA,LIGURIA,44.50192241389159,8.721835461251652,2,0,194,18,176,9.28
C143,CASTELLARO,IMPERIA,LIGURIA,43.87440314964058,7.870175339112085,1,0,24,5,19,20.83
M300,DUE CARRARE,PADOVA,VENETO,45.29909927403464,11.827191146532682,4,0,500,36,464,7.2
L140,TERTENIA,NUORO,SARDEGNA,39.68575106194583,9.59568202371203,2,0,267,2,265,0.75
C704,CINGOLI,MACERATA,MARCHE,43.38334008360982,13.230834073189419,7,0,1239,194,1045,15.66
E759,LUSERNETTA,TORINO,PIEMONTE,44.79520569691443,7.244079867212531,1,0,34,3,31,8.82
L741,VENTIMIGLIA,IMPERIA,LIGURIA,43.821901718338125,7.560223743559544,12,1,2755,471,2284,17.1
B617,CANOLO,REGGIO CALABRIA,CALABRIA,38.320688521624504,16.18153881476302,1,0,9,0,9,0.0
G528,PEZZANA,VERCELLI,PIEMONTE,45.260558083175525,8.500040525589558,1,0,62,3,59,4.84
H678,SALA BOLOGNESE,BOLOGNA,EMILIA ROMAGNA,44.62595877540802,11.26771679313511,3,0,581,78,503,13.43
L187,TOCENO,VERBANO-CUSIO-OSSOLA,PIEMONTE,46.17506211485023,8.479831215128474,1,0,23,0,23,0.0
I109,SAN PIETRO IN CARIANO,VERONA,VENETO,45.50648319351645,10.898478749730662,9,0,2555,154,2401,6.03
F779,MOTTA SAN GIOVANNI,REGGIO CALABRIA,CALABRIA,38.00204840894076,15.703143536209609,4,0,268,14,254,5.22
G645,PIEVE DI SOLIGO,TREVISO,VENETO,45.90566566673029,12.177717170660193,6,1,1416,236,1180,16.67
A320,ANZANO DI PUGLIA,FOGGIA,PUGLIA,41.11178471139264,15.290304684428085,2,0,58,8,50,13.79
M438,SANTA CATERINA D'ESTE,PADOVA,VENETO,45.17348461593407,11.617996374949438,2,0,170,6,164,3.53
C359,CAUTANO,BENEVENTO,CAMPANIA,41.14847895518511,14.619338751176583,2,0,116,7,109,6.03
D324,SAN DORLIGO DELLA VALLE-DOLINA,TRIESTE,FRIULI-VENEZIA G.,45.61216396007592,13.857311988766655,7,0,417,12,405,2.88
C204,CASTEL MAGGIORE,BOLOGNA,EMILIA ROMAGNA,44.57173367123057,11.353398300488422,8,1,2320,293,2027,12.63
I654,SERRA SANT'ABBONDIO,PESARO E URBINO,MARCHE,43.48998413549426,12.762135537820551,1,0,48,13,35,27.08
L576,VALFURVA,SONDRIO,LOMBARDIA,46.4275753180508,10.508595982663453,2,0,139,1,138,0.72
E193,GRONTARDO,CREMONA,LOMBARDIA,45.20228167299969,10.14267639412459,2,0,214,36,178,16.82
E236,GUARCINO,FROSINONE,LAZIO,41.813585417301304,13.309019570471639,2,0,75,2,73,2.67
G455,PERITO,SALERNO,CAMPANIA,40.30172851796211,15.142519838134708,1,0,20,1,19,5.0
F846,NARZOLE,CUNEO,PIEMONTE,44.59615760780309,7.872962267831301,2,2,277,110,167,39.71
H355,RIVOLI,TORINO,PIEMONTE,45.06704677419828,7.5232830265368795,21,0,5344,340,5004,6.36
G280,PALLANZENO,VERBANO-CUSIO-OSSOLA,PIEMONTE,46.0419977557879,8.249600451121484,1,0,35,6,29,17.14
L418,TRICARICO,MATERA,BASILICATA,40.64536620739104,16.149394581993345,5,0,352,8,344,2.27
G003,OFFAGNA,ANCONA,MARCHE,43.52922249499795,13.443236266255916,2,0,174,9,165,5.17
F468,MONTECHIARO D'ASTI,ASTI,PIEMONTE,45.01245031322773,8.113990754292914,2,0,218,55,163,25.23
D791,FRATTE ROSA,PESARO E URBINO,MARCHE,43.63981615543941,12.911895364843874,1,0,56,4,52,7.14
I053,SANNICANDRO DI BARI,BARI,PUGLIA,40.97692593666956,16.788482633438317,2,0,633,58,575,9.16
A102,AIELLO CALABRO,COSENZA,CALABRIA,39.11372414108251,16.17422471495125,2,0,46,0,46,0.0
I993,SUCCIVO,CASERTA,CAMPANIA,40.987183018151754,14.258218520359454,2,0,911,46,865,5.05
C689,CIMADOLMO,TREVISO,VENETO,45.778771663184486,12.354599644391552,2,0,298,56,242,18.79
D238,CUVEGLIO,VARESE,LOMBARDIA,45.90918244080781,8.744955723239688,2,0,365,56,309,15.34
I457,SASSO DI CASTALDA,POTENZA,BASILICATA,40.48901988385527,15.694167758027856,2,0,46,1,45,2.17
L185,TOCCO CAUDIO,BENEVENTO,CAMPANIA,41.11837439741093,14.607467384827538,2,0,60,0,60,0.0
H811,SAN DAMIANO D'ASTI,ASTI,PIEMONTE,44.84547923119699,8.051995223196322,6,3,760,206,554,27.11
B248,BUDONI,SASSARI,SARDEGNA,40.7045265662149,9.684477357405358,4,0,527,45,482,8.54
G300,PALUZZA,UDINE,FRIULI-VENEZIA G.,46.572471083174484,12.982989544895387,3,0,157,5,152,3.18
B925,CASANDRINO,NAPOLI,CAMPANIA,40.926743913941166,14.247127958616412,4,0,609,80,529,13.14
L992,VILLANOVA TULO,SUD SARDEGNA,SARDEGNA,39.789828177988156,9.191854671379224,2,0,49,0,49,0.0
A918,BODIO LOMNAGO,VARESE,LOMBARDIA,45.789141576788786,8.751939560324772,1,0,100,7,93,7.0
D168,CREVOLADOSSOLA,VERBANO-CUSIO-OSSOLA,PIEMONTE,46.165102131966876,8.278870877737118,3,0,296,6,290,2.03
A351,ARAGONA,AGRIGENTO,SICILIA,37.42059678380501,13.61273880782529,6,0,1345,69,1276,5.13
M080,VISTRORIO,TORINO,PIEMONTE,45.44580747707416,7.751401794714545,1,0,60,1,59,1.67
F648,MONTESPERTOLI,FIRENZE,TOSCANA,43.64752070023255,11.068222197639017,3,0,681,107,574,15.71
L764,VERGHERETO,FORLI'-CESENA,EMILIA ROMAGNA,43.80399606646842,12.05548841549879,4,0,97,14,83,14.43
G115,ORMELLE,TREVISO,VENETO,45.77066143397434,12.423604956591069,2,0,322,82,240,25.47
A707,BASSIANO,LATINA,LAZIO,41.55044957501764,13.031838797407255,2,0,116,2,114,1.72
G287,SAN GIOVANNI SUERGIU,SUD SARDEGNA,SARDEGNA,39.10958329408227,8.506575490236608,2,0,296,6,290,2.03
I660,SERRAVALLE PISTOIESE,PISTOIA,TOSCANA,43.88847987737253,10.87114619889558,3,0,781,85,696,10.88
D221,CURNO,BERGAMO,LOMBARDIA,45.68638048929307,9.60687217257427,2,0,478,95,383,19.87
H210,RECALE,CASERTA,CAMPANIA,41.05599583776985,14.305282509386393,3,0,441,24,417,5.44
F219,MINERBIO,BOLOGNA,EMILIA ROMAGNA,44.61640766547958,11.502657865846682,3,1,616,146,470,23.7
H555,ROURE,TORINO,PIEMONTE,45.01109502079089,7.127648613922853,1,0,23,1,22,4.35
F870,NERETO,TERAMO,ABRUZZO,42.81803721747508,13.812179823156303,5,3,1559,322,1237,20.65
G976,PRAIANO,SALERNO,CAMPANIA,40.61607393605327,14.527715542132693,2,0,98,3,95,3.06
B511,CAMPIGLIA DEI BERICI,VICENZA,VENETO,45.3332101453365,11.544353685747925,2,0,159,9,150,5.66
L269,TORRE D'ISOLA,PAVIA,LOMBARDIA,45.22420752938936,9.070130769944482,1,0,100,9,91,9.0
E553,LESTIZZA,UDINE,FRIULI-VENEZIA G.,45.97138706896505,13.113687421440149,2,0,236,20,216,8.47
I320,SANT'ELIA A PIANISI,CAMPOBASSO,MOLISE,41.64743490551747,14.88967264842613,2,0,111,3,108,2.7
B598,CANEVA,PORDENONE,FRIULI-VENEZIA G.,45.994309175553475,12.447604851706377,3,0,369,48,321,13.01
A605,BALZOLA,ALESSANDRIA,PIEMONTE,45.1849795402686,8.41176699522318,1,0,40,9,31,22.5
B820,CARPIANO,MILANO,LOMBARDIA,45.34368098964303,9.271270896134526,1,0,213,28,185,13.15
F260,TAVAZZANO CON VILLAVESCO,LODI,LOMBARDIA,45.333203782967416,9.408503241781998,2,2,440,144,296,32.73
F775,MOTTAFOLLONE,COSENZA,CALABRIA,39.65006946796055,16.032402420065843,2,0,50,2,48,4.0
L820,VEZZANO SUL CROSTOLO,REGGIO EMILIA,EMILIA ROMAGNA,44.57945178923186,10.530574441293,3,0,314,49,265,15.61
E875,MANCIANO,GROSSETO,TOSCANA,42.57185032220947,11.49274304066154,8,4,450,106,344,23.56
M374,VAL DI ZOLDO,BELLUNO,VENETO,46.352986027236206,12.152045032262112,2,0,122,5,117,4.1
A743,BELLA,POTENZA,BASILICATA,40.74901292435638,15.600070700118648,4,0,248,40,208,16.13
E538,LEQUILE,LECCE,PUGLIA,40.27430355377377,18.133098527185965,2,0,564,43,521,7.62
D758,FRAMURA,LA SPEZIA,LIGURIA,44.22018449733139,9.571284303105932,1,0,6,0,6,0.0
M132,VOLTURINO,FOGGIA,PUGLIA,41.494411326925615,15.162132585231243,2,0,88,3,85,3.41
I351,SANTOPADRE,FROSINONE,LAZIO,41.59972305040597,13.639553409911962,2,0,74,1,73,1.35
M278,VILLAPERUCCIO,SUD SARDEGNA,SARDEGNA,39.11382965980895,8.648926575774182,1,0,20,4,16,20.0
H787,SAN CANZIAN D'ISONZO,GORIZIA,FRIULI-VENEZIA G.,45.77808194538133,13.463905231845862,3,0,480,55,425,11.46
A710,BASTIA UMBRA,PERUGIA,UMBRIA,43.0642545687931,12.528743622481256,7,1,1493,261,1232,17.48
L470,TURATE,COMO,LOMBARDIA,45.661204517499776,9.004740206952508,2,0,713,127,586,17.81
H802,SAN COLOMBANO CERTENOLI,GENOVA,LIGURIA,44.393572111603135,9.322526710429285,3,0,195,11,184,5.64
I145,SAN SALVATORE TELESINO,BENEVENTO,CAMPANIA,41.235526682603606,14.498202776803062,3,0,370,31,339,8.38
M373,CAMPIGLIA CERVO,BIELLA,PIEMONTE,45.660987759908416,8.00172141805395,1,0,22,5,17,22.73
C324,CASTIONE DELLA PRESOLANA,BERGAMO,LOMBARDIA,45.91857475558342,10.058755568920764,2,0,178,13,165,7.3
E836,MAIERATO,VIBO VALENTIA,CALABRIA,38.723214742412516,16.220932944101538,2,0,104,4,100,3.85
C577,CESIOMAGGIORE,BELLUNO,VENETO,46.11229989020862,11.958851449635729,3,0,222,16,206,7.21
D811,FROSOLONE,ISERNIA,MOLISE,41.61068648277575,14.440432055240517,2,0,166,0,166,0.0
G086,ORATINO,CAMPOBASSO,MOLISE,41.58941953181453,14.594577380982951,1,0,29,2,27,6.9
B250,BUGGERRU,SUD SARDEGNA,SARDEGNA,39.401856007187455,8.433542733839479,2,0,44,1,43,2.27
H629,RUDA,UDINE,FRIULI-VENEZIA G.,45.837173100378024,13.387425554425198,2,0,189,12,177,6.35
G477,PERTUSIO,TORINO,PIEMONTE,45.350532148148865,7.639455236594774,1,0,36,2,34,5.56
G250,PALAGANO,MODENA,EMILIA ROMAGNA,44.32914977534459,10.642706765111413,4,0,136,26,110,19.12
L411,TREZZO SULL'ADDA,MILANO,LOMBARDIA,45.608989849500844,9.505510108243897,5,1,2119,430,1689,20.29
C476,CEPPALONI,BENEVENTO,CAMPANIA,41.055363735540354,14.746804197626787,2,0,119,12,107,10.08
E687,LORENZAGO DI CADORE,BELLUNO,VENETO,46.45855103858665,12.487265810485447,1,0,38,1,37,2.63
B537,CAMPOFRANCO,CALTANISSETTA,SICILIA,37.48813049908257,13.70096137772273,3,0,187,3,184,1.6
E091,GORGA,ROMA,LAZIO,41.646831633740696,13.121253874880601,1,0,29,4,25,13.79
E560,LEVANTO,LA SPEZIA,LIGURIA,44.187496152900266,9.632746267524674,3,0,416,27,389,6.49
E266,GUILMI,CHIETI,ABRUZZO,41.99170657741641,14.482221968912645,1,0,22,6,16,27.27
L466,TUORO SUL TRASIMENO,PERUGIA,UMBRIA,43.20231524529839,12.068856490630848,2,0,188,38,150,20.21
C914,COMANO,MASSA-CARRARA,TOSCANA,44.30991761806727,10.133979083483727,1,1,8,4,4,50.0
A441,ARSAGO SEPRIO,VARESE,LOMBARDIA,45.69679055575105,8.734452328890141,2,0,335,34,301,10.15
M289,MASSA DI SOMMA,NAPOLI,CAMPANIA,40.840973849984444,14.389111813671802,2,0,217,9,208,4.15
A159,ALBIATE,MONZA E DELLA BRIANZA,LOMBARDIA,45.65491281011032,9.250438407873288,2,0,402,68,334,16.92
I893,SPERONE,AVELLINO,CAMPANIA,40.94879313468567,14.620004987561988,2,0,230,8,222,3.48
D567,FICARAZZI,PALERMO,SICILIA,38.09059587933626,13.46442070976211,3,0,1182,9,1173,0.76
F312,MOMBASIGLIO,CUNEO,PIEMONTE,44.35693638580371,7.963534902722652,1,0,38,2,36,5.26
L998,VILLAPUTZU,SUD SARDEGNA,SARDEGNA,39.53485659813934,9.551328875482316,3,0,282,4,278,1.42
A458,ARZERGRANDE,PADOVA,VENETO,45.26524568721156,12.061829220796135,3,0,343,64,279,18.66
G749,POFI,FROSINONE,LAZIO,41.553621180270405,13.420407150641145,2,0,218,8,210,3.67
B578,CANARO,ROVIGO,VENETO,44.9379553829848,11.679337445055076,2,0,154,27,127,17.53
G818,PONCARALE,BRESCIA,LOMBARDIA,45.458103401691695,10.18313916820558,2,0,344,48,296,13.95
D333,DOMUS DE MARIA,SUD SARDEGNA,SARDEGNA,38.95188178994088,8.854144255339659,2,0,54,1,53,1.85
H365,ROASIO,VERCELLI,PIEMONTE,45.59567637990655,8.290729782030473,2,0,147,7,140,4.76
C332,CASTREZZATO,BRESCIA,LOMBARDIA,45.50868050481887,9.982163750192738,2,1,629,207,422,32.91
E043,GIOIOSA MAREA,MESSINA,SICILIA,38.15769900669734,14.92033994622579,3,0,305,17,288,5.57
E666,LONATE POZZOLO,VARESE,LOMBARDIA,45.58988518639709,8.734925691545088,4,0,700,127,573,18.14
A971,BONEFRO,CAMPOBASSO,MOLISE,41.71010661786681,14.917119672971111,2,0,44,1,43,2.27
H413,ROCCAGORGA,LATINA,LAZIO,41.52704840280793,13.1320443953173,3,0,266,29,237,10.9
G516,PETRITOLI,FERMO,MARCHE,43.06466808965972,13.661266682562186,2,1,111,25,86,22.52
L881,VIGNALE MONFERRATO,ALESSANDRIA,PIEMONTE,45.00781994428339,8.400668281639046,2,1,71,19,52,26.76
L774,VERNAZZA,LA SPEZIA,LIGURIA,44.140777240993195,9.69899136729597,1,0,8,0,8,0.0
L085,TEGLIO VENETO,VENEZIA,VENETO,45.817056322609695,12.892168037100959,1,0,69,4,65,5.8
D996,GESSOPALENA,CHIETI,ABRUZZO,42.05380346159549,14.273099063656234,1,0,41,5,36,12.2
H076,PROSSEDI,LATINA,LAZIO,41.49733076306247,13.25788459336046,2,0,75,6,69,8.0
E851,MALEGNO,BRESCIA,LOMBARDIA,45.95994995495624,10.270721400347332,2,0,155,12,143,7.74
G137,ORTEZZANO,FERMO,MARCHE,43.03015699424468,13.609086988874324,1,0,50,14,36,28.0
G517,PETRIZZI,CATANZARO,CALABRIA,38.70021435100987,16.47953927500843,2,0,36,3,33,8.33
B502,CAMPEGINE,REGGIO EMILIA,EMILIA ROMAGNA,44.77907582847677,10.524945253285377,2,0,451,118,333,26.16
G354,PASPARDO,BRESCIA,LOMBARDIA,46.04254922926247,10.382236375533255,2,0,50,0,50,0.0
L307,TORTORETO,TERAMO,ABRUZZO,42.79913803827863,13.910243123718656,3,0,667,104,563,15.59
M382,VALFORNACE,MACERATA,MARCHE,43.05490682933068,13.112334140151248,2,0,48,9,39,18.75
L524,VACCARIZZO ALBANESE,COSENZA,CALABRIA,39.58749548921981,16.435820563973394,2,2,88,30,58,34.09
C013,PERO,MILANO,LOMBARDIA,45.51076080202019,9.077071209509167,3,2,722,290,432,40.17
C910,COLZATE,BERGAMO,LOMBARDIA,45.83418570016095,9.839998145443618,1,0,45,8,37,17.78
G198,OVARO,UDINE,FRIULI-VENEZIA G.,46.48363403481278,12.858789793620748,2,0,107,6,101,5.61
D523,FEISOGLIO,CUNEO,PIEMONTE,44.544729732885315,8.103374143197835,1,0,35,4,31,11.43
M325,SISSA TRECASALI,PARMA,EMILIA ROMAGNA,44.94841992177742,10.27976223201329,3,1,540,136,404,25.19
G259,PALAZZAGO,BERGAMO,LOMBARDIA,45.750835312479836,9.5328748319213,1,0,140,21,119,15.0
G697,PIOZZO,CUNEO,PIEMONTE,44.51638610817849,7.880904270896938,1,0,34,1,33,2.94
F311,MOMBARUZZO,ASTI,PIEMONTE,44.77689600289297,8.449229715415205,2,1,98,30,68,30.61
M170,ZERMEGHEDO,VICENZA,VENETO,45.47634030153274,11.374100074341108,1,0,80,17,63,21.25
A196,ALIANO,MATERA,BASILICATA,40.305412760947426,16.2535171646276,2,0,33,7,26,21.21
C992,CORDIGNANO,TREVISO,VENETO,45.95399046023085,12.417678721948374,4,0,457,50,407,10.94
M412,SOLBIATE CON CAGNO,COMO,LOMBARDIA,45.80056804860235,8.919719481782174,2,0,181,11,170,6.08
D290,SCIGLIANO,COSENZA,CALABRIA,39.12731493934741,16.31050926989515,4,1,122,29,93,23.77
C950,CONCORDIA SAGITTARIA,VENEZIA,VENETO,45.72055003135195,12.83239680015317,4,0,620,54,566,8.71
C867,COLLERETTO CASTELNUOVO,TORINO,PIEMONTE,45.43935405895151,7.6690016057624355,1,0,71,19,52,26.76
D783,FRASSINORO,MODENA,EMILIA ROMAGNA,44.26361238247847,10.539047306151911,2,0,72,10,62,13.89
F887,NIBIONNO,LECCO,LOMBARDIA,45.75005019544024,9.263510983244792,1,0,146,36,110,24.66
D568,FICAROLO,ROVIGO,VENETO,44.95757757096821,11.445953970514767,2,0,184,38,146,20.65
I875,SOVERIA SIMERI,CATANZARO,CALABRIA,38.92806924036256,16.68738656774681,2,0,70,3,67,4.29
A586,BAISO,REGGIO EMILIA,EMILIA ROMAGNA,44.48151921860049,10.621654384497093,3,0,163,33,130,20.25
H785,SAN CALOGERO,VIBO VALENTIA,CALABRIA,38.554377972012354,16.020535344087293,2,0,264,9,255,3.41
D281,DESANA,VERCELLI,PIEMONTE,45.26155780229182,8.340393297693161,1,0,60,11,49,18.33
A054,ACUTO,FROSINONE,LAZIO,41.792394884866454,13.175071854760978,2,0,116,4,112,3.45
F586,MONTEPAONE,CATANZARO,CALABRIA,38.72265878773727,16.498095044248927,3,0,412,21,391,5.1
A118,ALAGNA,PAVIA,LOMBARDIA,45.16627876817716,8.892154694358277,1,0,18,3,15,16.67
D826,FURORE,SALERNO,CAMPANIA,40.619092005949064,14.5486475481683,1,0,17,1,16,5.88
L859,VIETRI DI POTENZA,POTENZA,BASILICATA,40.610066265422155,15.522852582320079,2,0,163,4,159,2.45
G855,PONTE SAN NICOLO',PADOVA,VENETO,45.3563366225814,11.926445775274729,4,0,902,153,749,16.96
E793,MADIGNANO,CREMONA,LOMBARDIA,45.33693043064735,9.723133405153158,1,0,100,18,82,18.0
D915,GARDA,VERONA,VENETO,45.57654221678424,10.687365373321061,4,1,1038,195,843,18.79
B763,CARENNO,LECCO,LOMBARDIA,45.80301688013738,9.474218671845346,2,0,104,4,100,3.85
B844,CARTIGLIANO,VICENZA,VENETO,45.707815650964015,11.700469432367433,2,0,277,23,254,8.3
I266,SANT'ANDREA APOSTOLO DELLO ION,CATANZARO,CALABRIA,38.61604462414183,16.517736168636436,1,0,38,1,37,2.63
H756,SAMUGHEO,ORISTANO,SARDEGNA,39.94820219480421,8.948385899820371,2,0,148,0,148,0.0
B069,BOSARO,ROVIGO,VENETO,45.002883057755554,11.77335450624485,1,1,76,28,48,36.84
G194,OTTOBIANO,PAVIA,LOMBARDIA,45.15380393958624,8.828597234552328,1,1,48,20,28,41.67
F492,MONTEFALCO,PERUGIA,UMBRIA,42.88036404097301,12.64735000775331,3,0,324,43,281,13.27
A792,BEREGUARDO,PAVIA,LOMBARDIA,45.25307484909309,9.014188254563035,2,0,282,49,233,17.38
I447,SARTIRANA LOMELLINA,PAVIA,LOMBARDIA,45.107101200557274,8.664584721962372,2,1,110,30,80,27.27
A854,BICCARI,FOGGIA,PUGLIA,41.42198968308924,15.219324264649629,2,0,157,20,137,12.74
D428,ERVE,LECCO,LOMBARDIA,45.825079464826835,9.455416112644501,1,0,30,0,30,0.0
B636,CANTIANO,PESARO E URBINO,MARCHE,43.468343662957615,12.627137008845786,2,0,94,3,91,3.19
E635,LOCANA,TORINO,PIEMONTE,45.43622431091671,7.41071931487138,2,0,80,12,68,15.0
B282,BUSALLA,GENOVA,LIGURIA,44.584034399620464,8.970291192333608,3,0,343,63,280,18.37
A183,ALESSANDRIA DEL CARRETTO,COSENZA,CALABRIA,39.965041182590774,16.392107094214754,1,1,10,5,5,50.0
F354,MONEGLIA,GENOVA,LIGURIA,44.24331307966519,9.498402226522744,2,0,138,17,121,12.32
E677,LONGOBARDI,COSENZA,CALABRIA,39.20466583466234,16.089456534906034,3,0,92,4,88,4.35
D518,FAVIGNANA,TRAPANI,SICILIA,37.95301200110392,12.237793022126288,3,0,163,2,161,1.23
F144,MERETO DI TOMBA,UDINE,FRIULI-VENEZIA G.,46.042380396700594,13.052717662924412,1,0,72,8,64,11.11
E786,MACHERIO,MONZA E DELLA BRIANZA,LOMBARDIA,45.63792550846266,9.263635645939207,3,0,496,51,445,10.28
H523,RONCADE,TREVISO,VENETO,45.61336623020767,12.395327998122179,5,0,999,88,911,8.81
F095,MELARA,ROVIGO,VENETO,45.07795844680981,11.203085421900017,2,0,97,27,70,27.84
C438,CELLARENGO,ASTI,PIEMONTE,44.87266978271656,7.928646269273478,1,0,47,8,39,17.02
M197,ZUCCARELLO,SAVONA,LIGURIA,44.108685512630124,8.123021652376817,1,0,66,9,57,13.64
M396,BORGO MANTOVANO,MANTOVA,LOMBARDIA,45.02681329794702,11.115240535252463,4,1,311,76,235,24.44
G406,PEDEMONTE,VICENZA,VENETO,45.911130736920086,11.330481937556222,1,1,11,4,7,36.36
A621,BARATILI SAN PIETRO,ORISTANO,SARDEGNA,39.98258748959665,8.568830371309021,2,0,77,3,74,3.9
B156,BRESCELLO,REGGIO EMILIA,EMILIA ROMAGNA,44.883462249890755,10.490913709872391,2,0,338,92,246,27.22
E001,GHEMME,NOVARA,PIEMONTE,45.59704427502897,8.424938496297322,2,0,206,53,153,25.73
G028,OLGIATE OLONA,VARESE,LOMBARDIA,45.62986357567909,8.877517062702077,4,0,855,105,750,12.28
B778,CARIMATE,COMO,LOMBARDIA,45.70808918350117,9.110910897439284,3,0,374,13,361,3.48
G210,PACENTRO,L'AQUILA,ABRUZZO,42.0549778523606,14.027245651466087,2,0,49,6,43,12.24
L177,TIRIOLO,CATANZARO,CALABRIA,38.93665981838874,16.52056125599264,3,0,218,9,209,4.13
D886,GALLUCCIO,CASERTA,CAMPANIA,41.34271946447256,13.944412919025392,2,0,110,3,107,2.73
G144,ORTOVERO,SAVONA,LIGURIA,44.05802111613589,8.088011096077922,2,0,214,48,166,22.43
I942,STAZZEMA,LUCCA,TOSCANA,44.01222667121759,10.299963700753015,2,0,106,10,96,9.43
D408,ENEMONZO,UDINE,FRIULI-VENEZIA G.,46.40497355213419,12.882947488891144,1,0,50,2,48,4.0
C568,CESARO',MESSINA,SICILIA,37.86921483757938,14.664027835959116,2,0,118,0,118,0.0
A964,BONAVIGO,VERONA,VENETO,45.24637008589959,11.295797380080003,1,0,61,18,43,29.51
B785,CARLAZZO,COMO,LOMBARDIA,46.05221297347758,9.158008269450262,1,0,140,8,132,5.71
E432,LAMPORECCHIO,PISTOIA,TOSCANA,43.81702840207907,10.901766774544685,2,0,423,82,341,19.39
L573,VALFABBRICA,PERUGIA,UMBRIA,43.17963571152451,12.633624646824419,3,0,198,35,163,17.68
H578,ROSSANA,CUNEO,PIEMONTE,44.53181730556092,7.412306891090168,1,0,32,2,30,6.25
I561,SECUGNAGO,LODI,LOMBARDIA,45.23022622615644,9.593372269116609,1,0,70,18,52,25.71
F232,MIRABELLO MONFERRATO,ALESSANDRIA,PIEMONTE,45.03330462182606,8.525985849798506,1,0,29,3,26,10.34
G518,PETRONA',CATANZARO,CALABRIA,39.065266540811535,16.72727198499569,2,0,181,1,180,0.55
A836,BEVERINO,LA SPEZIA,LIGURIA,44.19398527681714,9.774729534550664,1,0,54,2,52,3.7
C038,CASSOLNOVO,PAVIA,LOMBARDIA,45.36844491139647,8.802803870923011,2,0,364,55,309,15.11
B228,BRUSIMPIANO,VARESE,LOMBARDIA,45.940666966196346,8.884566383037354,1,0,54,8,46,14.81
C466,CENTALLO,CUNEO,PIEMONTE,44.488255440999474,7.592883256781981,3,0,620,96,524,15.48
E715,LUCCA,LUCCA,TOSCANA,43.8646576086496,10.473492038652548,50,9,13721,1871,11850,13.64
H703,SALERNO,SALERNO,CAMPANIA,40.67792264948595,14.809963936849758,67,1,20744,734,20010,3.54
A561,MONTECATINI-TERME,PISTOIA,TOSCANA,43.89833273369817,10.781432542639937,9,5,3102,703,2399,22.66
G526,PEVERAGNO,CUNEO,PIEMONTE,44.310694221577776,7.618103380091663,3,0,363,43,320,11.85
D579,FIGINO SERENZA,COMO,LOMBARDIA,45.71284413953273,9.134937316870692,2,0,369,41,328,11.11
C486,CERCEMAGGIORE,CAMPOBASSO,MOLISE,41.448014272328315,14.734821112522065,2,0,226,8,218,3.54
E617,LISSONE,MONZA E DELLA BRIANZA,LOMBARDIA,45.61729068557623,9.241714562728358,16,2,5157,741,4416,14.37
F027,MASSAFRA,TARANTO,PUGLIA,40.597885223555544,17.116631507591762,14,0,3786,170,3616,4.49
G847,PONTE LAMBRO,COMO,LOMBARDIA,45.829589517896544,9.219151411697041,4,2,396,98,298,24.75
G646,PIEVE LIGURE,GENOVA,LIGURIA,44.383752378515084,9.092036871250711,2,0,158,1,157,0.63
A638,BARCELLONA POZZO DI GOTTO,MESSINA,SICILIA,38.13257271958746,15.22751433547116,31,4,5551,627,4924,11.3
G426,PELLEZZANO,SALERNO,CAMPANIA,40.71877813419361,14.75836291352108,5,0,406,17,389,4.19
L851,VICOVARO,ROMA,LAZIO,42.01360639547532,12.882580439888732,2,0,286,27,259,9.44
F240,MIRANDOLA,MODENA,EMILIA ROMAGNA,44.90742954225216,11.124763115909351,10,3,4365,997,3368,22.84
D700,FORGARIA NEL FRIULI,UDINE,FRIULI-VENEZIA G.,46.230560296452985,12.989877725268347,2,0,114,10,104,8.77
C639,CHIOMONTE,TORINO,PIEMONTE,45.10223904011078,6.985910390915933,1,0,27,4,23,14.81
H233,RENATE,MONZA E DELLA BRIANZA,LOMBARDIA,45.72204479752757,9.27889126338268,2,0,313,68,245,21.73
L551,VALDAGNO,VICENZA,VENETO,45.64691551579002,11.284443432106945,13,2,3665,514,3151,14.02
E281,IGLESIAS,SUD SARDEGNA,SARDEGNA,39.321174288110534,8.533927449888738,15,0,3134,80,3054,2.55
D391,EDOLO,BRESCIA,LOMBARDIA,46.181847784854064,10.382283474183508,5,0,982,65,917,6.62
F955,NOVATE MILANESE,MILANO,LOMBARDIA,45.53188621352851,9.13996832059149,5,0,1525,208,1317,13.64
G662,PIGNATARO INTERAMNA,FROSINONE,LAZIO,41.43320798292013,13.770484221334709,2,0,123,11,112,8.94
M136,VOTTIGNASCO,CUNEO,PIEMONTE,44.561514264198166,7.578950066056478,1,0,22,4,18,18.18
I530,SCHILPARIO,BERGAMO,LOMBARDIA,46.02428377916162,10.17282981603994,2,0,84,2,82,2.38
I492,SCALETTA ZANCLEA,MESSINA,SICILIA,38.0527756303631,15.454587011290757,2,0,106,0,106,0.0
G479,PESARO,PESARO E URBINO,MARCHE,43.87294920783642,12.855914759156361,38,1,13870,1309,12561,9.44
H823,SAN DONA' DI PIAVE,VENEZIA,VENETO,45.62738568528944,12.597037763528059,18,2,6695,952,5743,14.22
I775,SOAVE,VERONA,VENETO,45.43628617429481,11.241994271251249,3,0,695,109,586,15.68
B477,CAMIGLIANO,CASERTA,CAMPANIA,41.18134370541124,14.217824156348893,2,0,142,23,119,16.2
C408,CAZZAGO SAN MARTINO,BRESCIA,LOMBARDIA,45.57537099977709,10.035783122751074,4,0,703,84,619,11.95
D255,DAVAGNA,GENOVA,LIGURIA,44.464451310627155,9.077195483864552,2,0,47,1,46,2.13
G953,POZZALLO,RAGUSA,SICILIA,36.738811009032105,14.858331377069733,12,0,2220,140,2080,6.31
I420,SAPONARA,MESSINA,SICILIA,38.18708922109268,15.446274820716392,3,0,122,2,120,1.64
M406,BORGOCARBONARA,MANTOVA,LOMBARDIA,45.0326313690164,11.218058652641327,2,1,187,68,119,36.36
B076,BOSCOREALE,NAPOLI,CAMPANIA,40.77936934927022,14.50618430380452,15,0,2102,68,2034,3.24
A515,AVEZZANO,L'AQUILA,ABRUZZO,42.037295596705114,13.446006745412484,23,5,7769,881,6888,11.34
E219,GRUMELLO DEL MONTE,BERGAMO,LOMBARDIA,45.6382804556086,9.874654678598805,2,0,564,143,421,25.35
L229,TORNOLO,PARMA,EMILIA ROMAGNA,44.449684633279375,9.544702908085824,1,0,10,0,10,0.0
C539,CERSOSIMO,POTENZA,BASILICATA,40.03768118000794,16.373898136704522,1,0,16,0,16,0.0
F383,MONSERRATO,CAGLIARI,SARDEGNA,39.26589578193796,9.13331844660903,6,0,1174,38,1136,3.24
M329,PRATOVECCHIO STIA,AREZZO,TOSCANA,43.816873435851534,11.70563216234674,2,0,281,57,224,20.28
H061,PRIGNANO SULLA SECCHIA,MODENA,EMILIA ROMAGNA,44.448562866178925,10.710109729331947,3,0,182,30,152,16.48
G811,POMEZIA,ROMA,LAZIO,41.66203140677705,12.505053735168506,23,3,9472,1151,8321,12.15
D049,CORTALE,CATANZARO,CALABRIA,38.82782570868172,16.404965542332913,2,0,93,23,70,24.73
A929,BOGOGNO,NOVARA,PIEMONTE,45.662448545198615,8.534174183852489,1,0,41,4,37,9.76
C222,CASTELNUOVO DELLA DAUNIA,FOGGIA,PUGLIA,41.61204864181205,15.15283045724375,2,0,75,3,72,4.0
L040,TAMBRE,BELLUNO,VENETO,46.11405897392383,12.438755178758136,2,0,76,9,67,11.84
D454,FABRO,TERNI,UMBRIA,42.87224589330749,12.000649112865311,3,0,208,27,181,12.98
G630,PIETRAVAIRANO,CASERTA,CAMPANIA,41.32409563426888,14.189021444503036,2,0,190,11,179,5.79
H599,ROVEGNO,GENOVA,LIGURIA,44.56771741933164,9.310639070533508,2,1,35,10,25,28.57
M340,BORGO VIRGILIO,MANTOVA,LOMBARDIA,45.08185728493689,10.786609822009101,3,1,1065,290,775,27.23
C774,CIVITELLA IN VAL DI CHIANA,AREZZO,TOSCANA,43.41040019409596,11.73974120064933,3,0,573,74,499,12.91
G114,ORMEA,CUNEO,PIEMONTE,44.156133802561385,7.867288659457394,3,1,199,14,185,7.04
I415,SAN ZENONE AL LAMBRO,MILANO,LOMBARDIA,45.32340591150722,9.365056987940095,1,0,146,14,132,9.59
A302,ANNONE VENETO,VENEZIA,VENETO,45.765253688545464,12.700768249855217,2,2,299,98,201,32.78
F734,MORLUPO,ROMA,LAZIO,42.143035856119525,12.503307137589443,4,1,1355,230,1125,16.97
A043,ACQUARO,VIBO VALENTIA,CALABRIA,38.53430311685142,16.20381445194339,5,1,95,2,93,2.11
I305,SANT'ARCANGELO,POTENZA,BASILICATA,40.2493972490754,16.310629254712858,7,0,1049,62,987,5.91
G188,OTRANTO,LECCE,PUGLIA,40.16276577665315,18.4578295853363,4,0,518,28,490,5.41
B681,CAPPELLE SUL TAVO,PESCARA,ABRUZZO,42.46898078010028,14.10374961918327,2,0,314,18,296,5.73
D231,CUSANO MILANINO,MILANO,LOMBARDIA,45.55264105878039,9.184688631317611,7,0,1612,229,1383,14.21
C085,CASTEL DEL PIANO,GROSSETO,TOSCANA,42.92612874188343,11.509411860516384,4,3,505,174,331,34.46
C978,COPERTINO,LECCE,PUGLIA,40.269279209637624,18.05164697312792,12,0,3116,141,2975,4.53
G508,PETILIA POLICASTRO,CROTONE,CALABRIA,39.113685064777535,16.7794802353253,9,0,1016,19,997,1.87
C745,CITTA' DI CASTELLO,PERUGIA,UMBRIA,43.44426439062293,12.248234905585512,23,1,4518,560,3958,12.39
I139,SAN ROBERTO,REGGIO CALABRIA,CALABRIA,38.20805865439049,15.77620642958592,2,0,55,7,48,12.73
L906,VILLADOSSOLA,VERBANO-CUSIO-OSSOLA,PIEMONTE,46.0712965182952,8.258612566616351,4,0,381,44,337,11.55
B194,BRIVIO,LECCO,LOMBARDIA,45.74867147413799,9.437447669385815,2,0,228,34,194,14.91
L639,VALMONTONE,ROMA,LAZIO,41.77015657170711,12.917395073355069,9,0,1723,159,1564,9.23
A910,BOBBIO PELLICE,TORINO,PIEMONTE,44.78450911542683,7.066492970432977,1,0,43,0,43,0.0
A494,AUGUSTA,SIRACUSA,SICILIA,37.26213792126168,15.149155436200955,19,0,3738,121,3617,3.24
A375,ARCONATE,MILANO,LOMBARDIA,45.539840481764436,8.841459901389918,3,0,1037,57,980,5.5
F966,NOVI DI MODENA,MODENA,EMILIA ROMAGNA,44.873058394369934,10.929444479356862,3,2,606,186,420,30.69
L937,VILLA ESTENSE,PADOVA,VENETO,45.16861137357789,11.675078575569124,2,0,185,5,180,2.7
C275,CASTELTERMINI,AGRIGENTO,SICILIA,37.52940475284492,13.62739762360679,7,0,719,10,709,1.39
E215,GRUARO,VENEZIA,VENETO,45.824781649812834,12.838677389248614,2,0,157,10,147,6.37
F097,MELDOLA,FORLI'-CESENA,EMILIA ROMAGNA,44.09700004087754,12.064453218714855,2,0,677,174,503,25.7
E161,GRECI,AVELLINO,CAMPANIA,41.25958243461,15.17307981651649,2,0,18,3,15,16.67
I827,SONCINO,CREMONA,LOMBARDIA,45.40679346330088,9.852424052310168,3,1,517,105,412,20.31
F086,MEDOLE,MANTOVA,LOMBARDIA,45.329194761144414,10.521898865436244,2,1,339,92,247,27.14
F157,MESORACA,CROTONE,CALABRIA,39.060227143998226,16.806926271799988,5,0,742,11,731,1.48
E526,LENO,BRESCIA,LOMBARDIA,45.36109678809067,10.218464460530752,9,2,2494,471,2023,18.89
H444,ROCCASECCA DEI VOLSCI,LATINA,LAZIO,41.464065491807155,13.226765516322782,2,0,61,6,55,9.84
D984,GERMAGNO,VERBANO-CUSIO-OSSOLA,PIEMONTE,45.89905400909745,8.385540508339064,1,0,5,1,4,20.0
C553,CERVIA,RAVENNA,EMILIA ROMAGNA,44.25124155889079,12.31500080121745,14,1,2339,364,1975,15.56
B774,CARIATI,COSENZA,CALABRIA,39.487914247425024,16.951887519344357,8,0,1055,101,954,9.57
F520,MONTEGIORGIO,FERMO,MARCHE,43.13508961065609,13.540275425796867,6,0,760,95,665,12.5
G882,PORCARI,LUCCA,TOSCANA,43.82873906203741,10.617042683898143,4,1,1089,214,875,19.65
B297,BUSSOLENO,TORINO,PIEMONTE,45.13129741730751,7.136543565846804,4,1,939,95,844,10.12
H743,SAMBUCA DI SICILIA,AGRIGENTO,SICILIA,37.65550380194735,13.113849571898706,2,0,316,19,297,6.01
A399,ARIANO IRPINO,AVELLINO,CAMPANIA,41.168644086981224,15.110790609242287,21,0,3155,58,3097,1.84
C231,CASTELNUOVO CILENTO,SALERNO,CAMPANIA,40.212592452946794,15.17870308025588,5,0,683,55,628,8.05
G315,PANTELLERIA,TRAPANI,SICILIA,36.78738650465271,11.994429045443463,6,0,674,34,640,5.04
G019,OLEGGIO,NOVARA,PIEMONTE,45.59682733664385,8.64625187003741,5,0,1251,141,1110,11.27
B516,CAMPO CALABRO,REGGIO CALABRIA,CALABRIA,38.21770309612535,15.667740921385839,3,0,334,14,320,4.19
L342,TRAVEDONA-MONATE,VARESE,LOMBARDIA,45.804912688113745,8.671754421697647,2,0,231,23,208,9.96
F151,MERONE,COMO,LOMBARDIA,45.78379454686052,9.24839520702956,2,0,330,34,296,10.3
A077,AGNANA CALABRA,REGGIO CALABRIA,CALABRIA,38.30630834911568,16.2299245060136,2,0,24,1,23,4.17
M267,ZAPPONETA,FOGGIA,PUGLIA,41.456091706806916,15.906222888773005,2,0,209,26,183,12.44
F506,MONTEFORTE IRPINO,AVELLINO,CAMPANIA,40.90031777322361,14.705188442971302,3,0,563,36,527,6.39
B450,CALVISANO,BRESCIA,LOMBARDIA,45.352421222561674,10.350389516158552,3,0,540,122,418,22.59
E773,LUZZI,COSENZA,CALABRIA,39.44952477478493,16.302468523840457,8,0,644,7,637,1.09
D287,DESULO,NUORO,SARDEGNA,40.009044075015105,9.254121337371986,3,0,132,1,131,0.76
L460,TUFINO,NAPOLI,CAMPANIA,40.95211993751196,14.570278701190068,2,0,138,6,132,4.35
C417,CEDEGOLO,BRESCIA,LOMBARDIA,46.06151055249728,10.383200447073998,2,0,120,21,99,17.5
H565,ROSE,COSENZA,CALABRIA,39.39785418852003,16.326101447583433,4,0,284,14,270,4.93
I796,SOLDANO,IMPERIA,LIGURIA,43.83418888238193,7.658345356734803,1,0,29,7,22,24.14
B649,CAPENA,ROMA,LAZIO,42.12758629964107,12.570612816098347,3,0,967,152,815,15.72
A466,ASIGLIANO VERCELLESE,VERCELLI,PIEMONTE,45.264859042313255,8.410741434805892,2,0,136,13,123,9.56
A566,BAGNOLI IRPINO,AVELLINO,CAMPANIA,40.80793444772361,15.096218356613837,4,0,199,0,199,0.0
A226,ALTARE,SAVONA,LIGURIA,44.3252245535962,8.333467551443206,2,1,128,26,102,20.31
I904,SPILIMBERGO,PORDENONE,FRIULI-VENEZIA G.,46.10797371414096,12.876602369101043,5,2,1617,300,1317,18.55
L435,TRIVENTO,CAMPOBASSO,MOLISE,41.77623992685489,14.578015985847474,3,0,377,16,361,4.24
M381,TERRE DEL RENO,FERRARA,EMILIA ROMAGNA,44.80708228145458,11.40514125507226,5,2,744,200,544,26.88
E589,LIMATOLA,BENEVENTO,CAMPANIA,41.13460327068846,14.397930442168622,2,0,254,13,241,5.12
G481,PESCANTINA,VERONA,VENETO,45.49065024912646,10.861217731707914,5,0,1199,116,1083,9.67
G190,OTTAVIANO,NAPOLI,CAMPANIA,40.842873659213346,14.47657372334694,12,0,4908,341,4567,6.95
E894,MANTA,CUNEO,PIEMONTE,44.61297484709887,7.503376478665674,2,0,323,47,276,14.55
F207,MILETO,VIBO VALENTIA,CALABRIA,38.58345538797797,16.078758131629005,5,0,486,35,451,7.2
E864,MALO,VICENZA,VENETO,45.657646041180605,11.423801461052452,5,0,1011,131,880,12.96
E191,GRONDONA,ALESSANDRIA,PIEMONTE,44.694069217058406,8.969608431685485,1,0,6,0,6,0.0
G284,PALMANOVA,UDINE,FRIULI-VENEZIA G.,45.907412024061735,13.32473774575326,5,0,801,133,668,16.6
B063,BORTIGIADAS,SASSARI,SARDEGNA,40.880919124615744,8.992408795753823,1,0,9,0,9,0.0
D379,DUEVILLE,VICENZA,VENETO,45.628923373776885,11.555003239551425,4,0,938,147,791,15.67
B851,CARUGO,COMO,LOMBARDIA,45.716480593152724,9.193967850498199,2,0,361,61,300,16.9
L083,TEANO,CASERTA,CAMPANIA,41.24500421744162,14.059315069600794,10,0,1203,64,1139,5.32
H895,SAN GIORGIO DI NOGARO,UDINE,FRIULI-VENEZIA G.,45.810841032282646,13.216787021952928,4,0,586,70,516,11.95
E058,GIULIANOVA,TERAMO,ABRUZZO,42.740941573042306,13.941281656456653,10,0,3093,298,2795,9.63
I815,SOMAGLIA,LODI,LOMBARDIA,45.149037284599714,9.643412400563843,2,0,381,84,297,22.05
L883,VIGNATE,MILANO,LOMBARDIA,45.498414361990484,9.379149233534708,2,0,654,117,537,17.89
A436,ARQUATA SCRIVIA,ALESSANDRIA,PIEMONTE,44.670233153399906,8.889135541084332,2,0,483,103,380,21.33
E149,GRATTERI,PALERMO,SICILIA,37.97422141177814,13.978335232000813,2,0,32,0,32,0.0
G438,PENNE,PESCARA,ABRUZZO,42.46768799188857,13.906582037443448,7,0,1541,89,1452,5.78
I626,SEREN DEL GRAPPA,BELLUNO,VENETO,45.95190249595303,11.834061548849315,2,0,162,17,145,10.49
I702,SETTIMO VITTONE,TORINO,PIEMONTE,45.567468928926566,7.856502440823234,2,0,168,19,149,11.31
G445,PERDASDEFOGU,NUORO,SARDEGNA,39.66818395152704,9.453884297046388,3,0,180,1,179,0.56
G649,PIEVEPELAGO,MODENA,EMILIA ROMAGNA,44.18181622473693,10.577930160991137,5,1,245,54,191,22.04
D380,DUGENTA,BENEVENTO,CAMPANIA,41.138957616898146,14.45458046737811,2,0,190,4,186,2.11
B001,BORGHI,FORLI'-CESENA,EMILIA ROMAGNA,44.01741053262988,12.352724814145903,2,0,150,20,130,13.33
G046,OLMEDO,SASSARI,SARDEGNA,40.65066758992299,8.383587039061595,2,0,249,4,245,1.61
B715,CAPUA,CASERTA,CAMPANIA,41.115296761543924,14.209710568909333,14,0,5069,353,4716,6.96
D195,CUCCARO VETERE,SALERNO,CAMPANIA,40.17449270766189,15.308980438962637,1,0,11,0,11,0.0
F686,MONTOPOLI IN VAL D'ARNO,PISA,TOSCANA,43.66667123080582,10.738095965633256,6,0,765,111,654,14.51
I220,SANTA LUCIA DEL MELA,MESSINA,SICILIA,38.097738798172614,15.299871701450074,2,0,274,4,270,1.46
C847,COLLE DI VAL D'ELSA,SIENA,TOSCANA,43.392312584134324,11.094833782808694,10,1,3095,381,2714,12.31
F356,MONFALCONE,GORIZIA,FRIULI-VENEZIA G.,45.798956690041145,13.5438747254852,12,10,3386,1627,1759,48.05
L058,TARZO,TREVISO,VENETO,45.96330532333951,12.225395362845893,2,0,198,24,174,12.12
C436,CELLAMARE,BARI,PUGLIA,41.017027278710664,16.931527391398813,2,0,449,5,444,1.11
E998,MARZANO APPIO,CASERTA,CAMPANIA,41.3195279002693,14.050800819216828,2,0,92,1,91,1.09
M183,ZOCCA,MODENA,EMILIA ROMAGNA,44.36086449577911,10.99483231142579,3,1,465,111,354,23.87
L126,TERRANOVA DI POLLINO,POTENZA,BASILICATA,39.961010708350756,16.279232902970563,2,0,33,0,33,0.0
H800,SAN CIPRIANO PICENTINO,SALERNO,CAMPANIA,40.70094208177218,14.869944105325498,4,0,459,9,450,1.96
E956,MARINA DI GIOIOSA IONICA,REGGIO CALABRIA,CALABRIA,38.320465509333516,16.33395087375017,4,0,558,43,515,7.71
D600,FINALE LIGURE,SAVONA,LIGURIA,44.18884251796291,8.34248354533989,8,0,1658,181,1477,10.92
E204,GROTTAFERRATA,ROMA,LAZIO,41.78800751851692,12.679097189817549,6,0,2742,139,2603,5.07
E045,GIOVE,TERNI,UMBRIA,42.50808566034454,12.328753207461823,2,0,127,7,120,5.51
C148,CASTELLAZZO BORMIDA,ALESSANDRIA,PIEMONTE,44.83672575575881,8.582920345880705,2,0,335,52,283,15.52
E979,MARTANO,LECCE,PUGLIA,40.20795749584132,18.291168110797184,7,0,1337,55,1282,4.11
B223,BRUSAPORTO,BERGAMO,LOMBARDIA,45.67002405874942,9.763639032032415,2,0,421,24,397,5.7
H106,QUARNA SOPRA,VERBANO-CUSIO-OSSOLA,PIEMONTE,45.889087123965155,8.362496073322937,1,0,9,0,9,0.0
I183,SANTA DOMENICA TALAO,COSENZA,CALABRIA,39.82604538098426,15.845009446813403,2,0,55,1,54,1.82
H443,ROCCASECCA,FROSINONE,LAZIO,41.5348897910421,13.639523447300782,4,0,406,9,397,2.22
L919,VILLA CARCINA,BRESCIA,LOMBARDIA,45.63624445511016,10.191804900867943,5,1,715,161,554,22.52
M364,VENTASSO,REGGIO EMILIA,EMILIA ROMAGNA,44.35269974609833,10.280925165514438,6,0,157,23,134,14.65
A376,ARCORE,MONZA E DELLA BRIANZA,LOMBARDIA,45.62959342155335,9.3239147390357,4,0,940,175,765,18.62
F064,MAZZANO ROMANO,ROMA,LAZIO,42.191295123736865,12.397504236123535,2,0,220,33,187,15.0
E333,ISEO,BRESCIA,LOMBARDIA,45.66304885979328,10.042126777030626,6,0,2007,204,1803,10.16
B169,BRIATICO,VIBO VALENTIA,CALABRIA,38.70235933643905,16.020736000430112,2,0,118,13,105,11.02
F210,MILITELLO ROSMARINO,MESSINA,SICILIA,38.00034953570342,14.660315526063442,2,0,44,0,44,0.0
L477,TURSI,MATERA,BASILICATA,40.25560052684376,16.486658389944015,4,0,599,109,490,18.2
D808,FRONTONE,PESARO E URBINO,MARCHE,43.50408273643963,12.718246099008045,1,0,47,8,39,17.02
C627,CHIERI,TORINO,PIEMONTE,45.003638077558364,7.827997312219522,14,0,4661,611,4050,13.11
H203,RE,VERBANO-CUSIO-OSSOLA,PIEMONTE,46.14912397403838,8.567441172702576,1,0,25,2,23,8.0
F859,NEBBIUNO,NOVARA,PIEMONTE,45.808997133768145,8.514746319883823,1,0,80,10,70,12.5
L055,TARSIA,COSENZA,CALABRIA,39.62623781406533,16.272660388381798,2,0,112,0,112,0.0
D995,GESSATE,MILANO,LOMBARDIA,45.55547998574983,9.434207075302277,2,0,610,103,507,16.89
F009,MASER,TREVISO,VENETO,45.800945445547576,11.962661342390632,2,0,342,38,304,11.11
H824,SAN DONATO VAL DI COMINO,FROSINONE,LAZIO,41.715495681200586,13.809948164787663,2,0,127,17,110,13.39
M341,TREMEZZINA,COMO,LOMBARDIA,45.984442207592075,9.187208285585214,2,0,364,60,304,16.48
E654,LOGRATO,BRESCIA,LOMBARDIA,45.48751582260005,10.068747027516011,2,1,375,107,268,28.53
I311,SANTA TERESA DI RIVA,MESSINA,SICILIA,37.95662480035142,15.346242055140316,8,0,1167,44,1123,3.77
E661,LOMBRIASCO,TORINO,PIEMONTE,44.84475138265037,7.63584160461569,1,0,40,7,33,17.5
B985,CASOLI,CHIETI,ABRUZZO,42.12803125971887,14.292090236317087,5,0,774,94,680,12.14
L656,VALVA,SALERNO,CAMPANIA,40.75536508178038,15.264210202469183,2,0,100,1,99,1.0
D042,CORRIDONIA,MACERATA,MARCHE,43.249781295900306,13.507853693713221,7,2,1358,298,1060,21.94
B213,BRUGINE,PADOVA,VENETO,45.29038541294286,11.990505703638668,3,0,461,54,407,11.71
I063,SAN NICOLO' DI COMELICO,BELLUNO,VENETO,46.615255621379745,12.545307426229723,1,0,31,2,29,6.45
M187,ZOLLINO,LECCE,PUGLIA,40.20509249839109,18.250443327397015,2,0,90,7,83,7.78
B005,BORGIO VEREZZI,SAVONA,LIGURIA,44.16447128547712,8.307773481597446,2,0,287,27,260,9.41
A791,BEREGAZZO CON FIGLIARO,COMO,LOMBARDIA,45.77246102387019,8.95206596717184,1,0,196,15,181,7.65
D756,FRAGNETO MONFORTE,BENEVENTO,CAMPANIA,41.239554623022826,14.755745065026932,2,0,136,10,126,7.35
A999,BORGHETTO SANTO SPIRITO,SAVONA,LIGURIA,44.11530234556912,8.229315534661342,2,1,222,63,159,28.38
B850,CARUGATE,MILANO,LOMBARDIA,45.55135541237702,9.342872652377018,3,0,1020,156,864,15.29
D720,FORNI DI SOTTO,UDINE,FRIULI-VENEZIA G.,46.3907201125738,12.655522525794593,1,0,20,0,20,0.0
F892,NICOSIA,ENNA,SICILIA,37.75961827198865,14.367224889154432,12,0,1597,21,1576,1.31
C190,CASTELLO DI GODEGO,TREVISO,VENETO,45.69158956686286,11.874285887058763,2,0,484,46,438,9.5
C648,CHITIGNANO,AREZZO,TOSCANA,43.66065680871312,11.885144060594335,1,1,21,7,14,33.33
C529,CERRETO GUIDI,FIRENZE,TOSCANA,43.75749307308462,10.856209747601152,5,1,659,130,529,19.73
H841,SAN FILI,COSENZA,CALABRIA,39.3346068173367,16.128475252833642,2,0,114,3,111,2.63
E820,MAGNANO IN RIVIERA,UDINE,FRIULI-VENEZIA G.,46.22091914743753,13.179282260343696,1,0,84,4,80,4.76
B791,CARMAGNOLA,TORINO,PIEMONTE,44.85831811434459,7.735507422403419,17,0,3503,437,3066,12.48
D270,DELLO,BRESCIA,LOMBARDIA,45.41633904603999,10.099772114548177,3,0,539,111,428,20.59
I374,SANTU LUSSURGIU,ORISTANO,SARDEGNA,40.15833374193396,8.666031264813455,2,0,135,3,132,2.22
L036,TALANA,NUORO,SARDEGNA,40.03107498296706,9.497765376556243,2,0,73,0,73,0.0
E224,GRUMO NEVANO,NAPOLI,CAMPANIA,40.93463936835393,14.259202037014054,6,0,2285,179,2106,7.83
B592,CANDIOLO,TORINO,PIEMONTE,44.96373825250203,7.578368166581401,2,0,442,29,413,6.56
E873,MAMMOLA,REGGIO CALABRIA,CALABRIA,38.376115158340056,16.213698854214847,2,0,157,1,156,0.64
E971,MARRADI,FIRENZE,TOSCANA,44.0617713449216,11.633938306716715,2,0,161,21,140,13.04
I284,SANT'ANGELO ROMANO,ROMA,LAZIO,42.031804767932705,12.704974839627571,2,0,177,19,158,10.73
I329,SAN TEODORO,SASSARI,SARDEGNA,40.77436588494076,9.639011836666478,2,0,266,16,250,6.02
H426,ROCCANOVA,POTENZA,BASILICATA,40.22774965552369,16.209054660444405,2,0,47,5,42,10.64
M163,ZENSON DI PIAVE,TREVISO,VENETO,45.67782648436929,12.481585112750388,2,0,149,30,119,20.13
C749,CITTAREALE,RIETI,LAZIO,42.60263343326881,13.147980570638966,1,0,4,1,3,25.0
H402,ROCCA DI MEZZO,L'AQUILA,ABRUZZO,42.19675781084772,13.509079235247878,2,0,77,8,69,10.39
D693,FORCHIA,BENEVENTO,CAMPANIA,41.03182380419334,14.530713929068021,2,0,103,1,102,0.97
A357,ARBOREA,ORISTANO,SARDEGNA,39.77203699534485,8.575811288218283,2,0,238,1,237,0.42
H822,SAN DONACI,BRINDISI,PUGLIA,40.45314351759399,17.89848446211154,2,0,404,15,389,3.71
C127,CASTELL'ALFERO,ASTI,PIEMONTE,44.97863865881921,8.203539632334481,2,0,245,29,216,11.84
G327,PARATICO,BRESCIA,LOMBARDIA,45.656004744290065,9.95738502426363,2,0,360,38,322,10.56
L642,VALNEGRA,BERGAMO,LOMBARDIA,45.956986693851505,9.685011414654852,1,0,57,7,50,12.28
L664,VANZAGHELLO,MILANO,LOMBARDIA,45.58246975100357,8.78123026294584,2,0,396,50,346,12.63
F546,MONTELLA,AVELLINO,CAMPANIA,40.829329525965235,15.009955803895025,4,0,980,33,947,3.37
A508,AVELLA,AVELLINO,CAMPANIA,40.9762378658763,14.613596328610583,3,0,506,15,491,2.96
I494,SCANDALE,CROTONE,CALABRIA,39.130645663911636,17.000199343786186,3,0,189,9,180,4.76
F274,MOIANO,BENEVENTO,CAMPANIA,41.08162054082541,14.540163290391384,3,0,275,2,273,0.73
F424,MONTANERA,CUNEO,PIEMONTE,44.45838524017575,7.674565468362489,1,1,19,6,13,31.58
H119,QUARTUCCIU,CAGLIARI,SARDEGNA,39.25819443287168,9.264500778180302,3,0,546,10,536,1.83
C654,CHIUSA SCLAFANI,PALERMO,SICILIA,37.67128265716081,13.293984144701472,2,0,117,0,117,0.0
C742,CITERNA,PERUGIA,UMBRIA,43.50992298186121,12.127949562779735,3,0,223,26,197,11.66
E639,LOCATE DI TRIULZI,MILANO,LOMBARDIA,45.357987182645914,9.230258027691226,2,0,771,177,594,22.96
H604,ROVERBELLA,MANTOVA,LOMBARDIA,45.26131923456203,10.807555065972378,3,2,591,171,420,28.93
I698,SETTIME,ASTI,PIEMONTE,44.9585617560633,8.112348447764049,1,1,9,9,0,100.0
E804,MAGHERNO,PAVIA,LOMBARDIA,45.220112145519685,9.332570106680539,2,0,103,21,82,20.39
A429,ARONA,NOVARA,PIEMONTE,45.75987026094876,8.54308363542862,7,2,1778,327,1451,18.39
I169,SANTA CATERINA VILLARMOSA,CALTANISSETTA,SICILIA,37.59553857809735,14.090155224194687,2,0,250,9,241,3.6
M395,VALVARRONE,LECCO,LOMBARDIA,46.083198166462275,9.362913998166963,1,0,26,3,23,11.54
I124,SAN POLO DI PIAVE,TREVISO,VENETO,45.79221895613981,12.391977448501105,2,1,257,81,176,31.52
L860,VIETRI SUL MARE,SALERNO,CAMPANIA,40.67474385482317,14.708779243071307,5,0,323,5,318,1.55
L967,VILLAMARZANA,ROVIGO,VENETO,45.017899669970205,11.688281509164725,1,0,44,6,38,13.64
I207,SANTA GIUSTINA IN COLLE,PADOVA,VENETO,45.57761348671104,11.895482572017636,3,0,495,70,425,14.14
I236,TRAVACO' SICCOMARIO,PAVIA,LOMBARDIA,45.14920244874014,9.173329300500425,1,0,82,8,74,9.76
G694,PIOVENE ROCCHETTE,VICENZA,VENETO,45.75684851402492,11.423788454978801,3,0,542,134,408,24.72
B801,CAROBBIO DEGLI ANGELI,BERGAMO,LOMBARDIA,45.662952622944495,9.838183248485254,2,2,426,150,276,35.21
E924,MARCELLINA,ROMA,LAZIO,42.01350712442649,12.796889188050308,2,0,472,114,358,24.15
C589,CEVA,CUNEO,PIEMONTE,44.37577132577667,8.026308730336456,4,1,749,228,521,30.44
H088,PULA,CAGLIARI,SARDEGNA,39.00756649497314,8.922927015163001,5,0,668,7,661,1.05
E518,LEINI,TORINO,PIEMONTE,45.187509293550995,7.719760881784713,3,0,1272,134,1138,10.53
F547,MONTELLO,BERGAMO,LOMBARDIA,45.67187524070166,9.800758039614484,2,2,213,112,101,52.58
I156,SAN SEVERINO MARCHE,MACERATA,MARCHE,43.26835032672371,13.173934092762565,6,0,1512,233,1279,15.41
A895,BITTI,NUORO,SARDEGNA,40.54570448333172,9.391705847610927,2,0,148,4,144,2.7
C065,CASTEL BOLOGNESE,RAVENNA,EMILIA ROMAGNA,44.32060150053205,11.786836516143598,3,1,702,206,496,29.34
H735,SALZANO,VENEZIA,VENETO,45.53261857370001,12.11355453366014,3,0,793,91,702,11.48
G761,POGGIO IMPERIALE,FOGGIA,PUGLIA,41.83472364309103,15.375489002741569,2,0,149,34,115,22.82
G844,PONTE DI LEGNO,BRESCIA,LOMBARDIA,46.27836944236301,10.524346710933232,2,0,179,10,169,5.59
B435,CALUSO,TORINO,PIEMONTE,45.28125679190911,7.88271501752319,9,1,2283,240,2043,10.51
H367,ROBASSOMERO,TORINO,PIEMONTE,45.19057705147374,7.578329515116995,2,0,182,7,175,3.85
A978,BONORVA,SASSARI,SARDEGNA,40.43004067643787,8.837935233576406,3,0,235,15,220,6.38
G775,POGNO,NOVARA,PIEMONTE,45.75801773567178,8.376673120131628,1,0,60,9,51,15.0
B350,CAFASSE,TORINO,PIEMONTE,45.24422974757916,7.507996628290574,2,0,140,13,127,9.29
G170,OSPITALETTO,BRESCIA,LOMBARDIA,45.551450666312476,10.074948335433685,2,1,1237,411,826,33.23
C410,CAZZANO SANT'ANDREA,BERGAMO,LOMBARDIA,45.81085503244329,9.880718099550945,1,0,65,3,62,4.62
I261,SAN TAMMARO,CASERTA,CAMPANIA,41.063926908894764,14.194916001352688,2,0,343,40,303,11.66
C669,CANOSSA,REGGIO EMILIA,EMILIA ROMAGNA,44.5511539584578,10.412733490001756,3,0,239,44,195,18.41
L544,VALBONDIONE,BERGAMO,LOMBARDIA,46.04436458435981,10.009906470936464,2,0,49,4,45,8.16
I206,SANTA GIUSTINA,BELLUNO,VENETO,46.09280052212437,12.03258360692178,3,0,426,44,382,10.33
E240,GUARDA VENETA,ROVIGO,VENETO,44.98453917277063,11.80171388792014,1,0,35,7,28,20.0
C325,CASTIONE ANDEVENNO,SONDRIO,LOMBARDIA,46.18463090717525,9.806222393128895,1,0,40,3,37,7.5
I123,SAN POLO D'ENZA,REGGIO EMILIA,EMILIA ROMAGNA,44.62112241951085,10.441136996370226,2,0,399,67,332,16.79
B650,CAPERGNANICA,CREMONA,LOMBARDIA,45.333712612543685,9.643464135982054,1,0,79,6,73,7.59
F304,MOLTENO,LECCO,LOMBARDIA,45.78148789539876,9.301794942543152,2,0,456,62,394,13.6
D624,FIUMEFREDDO BRUZIO,COSENZA,CALABRIA,39.239816623483,16.098740451076214,3,0,195,5,190,2.56
D878,GALLIERA,BOLOGNA,EMILIA ROMAGNA,44.747008046565114,11.429355897339585,2,1,416,139,277,33.41
H315,RIPALTA CREMASCA,CREMONA,LOMBARDIA,45.32796610373313,9.681881546241254,2,0,236,26,210,11.02
I219,SANTA LUCIA DI SERINO,AVELLINO,CAMPANIA,40.874420937354806,14.878489551144064,1,0,53,0,53,0.0
E160,GRECCIO,RIETI,LAZIO,42.45001272027801,12.754747175470529,2,0,104,11,93,10.58
E114,GOSSOLENGO,PIACENZA,EMILIA ROMAGNA,44.988015433629336,9.624064996723371,3,0,491,38,453,7.74
D768,FRANCOFONTE,SIRACUSA,SICILIA,37.22686411096652,14.866146720357774,6,0,1184,55,1129,4.65
L598,VALLECORSA,FROSINONE,LAZIO,41.432804280661344,13.40244653292864,2,0,115,2,113,1.74
A912,BOCCHIGLIERO,COSENZA,CALABRIA,39.39981142649613,16.72781603887902,3,3,31,18,13,58.06
B274,BURCEI,SUD SARDEGNA,SARDEGNA,39.36081442212085,9.401261035652373,2,0,170,3,167,1.76
H459,ROCCHETTA E CROCE,CASERTA,CAMPANIA,41.23456378308975,14.153280858049712,1,0,17,3,14,17.65
A949,BOLSENA,VITERBO,LAZIO,42.634505329469626,11.975726956720141,2,0,161,15,146,9.32
G007,OGGEBBIO,VERBANO-CUSIO-OSSOLA,PIEMONTE,45.994895470970256,8.644473411400673,1,0,36,6,30,16.67
B977,CASNATE CON BERNATE,COMO,LOMBARDIA,45.75976521411806,9.073455360593927,1,0,188,13,175,6.91
C243,CASTELNUOVO SCRIVIA,ALESSANDRIA,PIEMONTE,44.975177065482015,8.874586700352298,2,0,303,54,249,17.82
A405,ARIGNANO,TORINO,PIEMONTE,45.03808006673824,7.898707919462213,1,0,39,7,32,17.95
C696,CIMINNA,PALERMO,SICILIA,37.876580760145394,13.556830872891197,3,0,348,12,336,3.45
E248,GUARDIAREGIA,CAMPOBASSO,MOLISE,41.419154695339785,14.54258838217567,1,0,13,0,13,0.0
D253,DASA',VIBO VALENTIA,CALABRIA,38.56538118612579,16.17741071275441,2,0,101,3,98,2.97
E941,MARENTINO,TORINO,PIEMONTE,45.06547696082692,7.879422760506774,1,0,13,3,10,23.08
I991,SUBBIANO,AREZZO,TOSCANA,43.59387709439838,11.904604694825794,2,0,213,34,179,15.96
F882,NEVIANO DEGLI ARDUINI,PARMA,EMILIA ROMAGNA,44.54275060541856,10.312747098415949,4,1,163,39,124,23.93
M420,LU E CUCCARO MONFERRATO,ALESSANDRIA,PIEMONTE,45.00211969082337,8.483313180826372,1,0,30,0,30,0.0
I205,SANTA GIUSTA,ORISTANO,SARDEGNA,39.84473589092768,8.62898408691812,2,0,132,1,131,0.76
A973,BONIFATI,COSENZA,CALABRIA,39.57403773748504,15.915666810628569,3,0,115,5,110,4.35
B603,CANICATTINI BAGNI,SIRACUSA,SICILIA,37.03508809495395,15.081366270320823,4,0,586,18,568,3.07
G480,PESCAGLIA,LUCCA,TOSCANA,43.96218694294573,10.420887095133446,3,0,168,22,146,13.1
D801,VILLA DI BRIANO,CASERTA,CAMPANIA,41.016358799017375,14.15656051716521,2,0,516,37,479,7.17
A568,BAGNOLI DI SOPRA,PADOVA,VENETO,45.18148200004726,11.898295337358507,2,0,206,33,173,16.02
E977,MARSICOVETERE,POTENZA,BASILICATA,40.37912343410594,15.822291968248118,3,0,653,9,644,1.38
G207,PABILLONIS,SUD SARDEGNA,SARDEGNA,39.60785667003538,8.711689855033677,2,0,109,1,108,0.92
A835,BEVAGNA,PERUGIA,UMBRIA,42.94486568844678,12.579231760208797,3,0,276,28,248,10.14
A333,APPIANO GENTILE,COMO,LOMBARDIA,45.73598955497115,8.96794351257912,3,0,955,84,871,8.8
E242,GUARDIA PIEMONTESE,COSENZA,CALABRIA,39.48794105585767,16.016646257556964,2,0,138,7,131,5.07
A894,BITRITTO,BARI,PUGLIA,41.03660013659004,16.823418480920868,2,0,787,27,760,3.43
I372,SANTO STEFANO ROERO,CUNEO,PIEMONTE,44.80098694494056,7.925054684925006,1,0,23,2,21,8.7
F968,NOVIGLIO,MILANO,LOMBARDIA,45.36254634354277,9.067188347277886,2,0,275,20,255,7.27
G197,OVADA,ALESSANDRIA,PIEMONTE,44.62435899202908,8.637783091294846,7,1,1493,239,1254,16.01
I371,SANTO STEFANO IN ASPROMONTE,REGGIO CALABRIA,CALABRIA,38.17223313672248,15.816539641572431,2,0,53,10,43,18.87
A382,ARDENNO,SONDRIO,LOMBARDIA,46.18090165378329,9.646087250776201,2,0,260,19,241,7.31
A471,ASOLO,TREVISO,VENETO,45.78873295288532,11.910451835156987,2,0,538,105,433,19.52
F614,MONTERUBBIANO,FERMO,MARCHE,43.09020219820055,13.716377822507116,2,0,141,16,125,11.35
B425,CALOSSO,ASTI,PIEMONTE,44.74541047505275,8.235120308215647,1,0,22,2,20,9.09
D665,FONNI,NUORO,SARDEGNA,40.09860447506356,9.283769288151499,2,0,243,0,243,0.0
D211,CUPRAMONTANA,ANCONA,MARCHE,43.45007216051713,13.120501972196754,2,0,278,41,237,14.75
H063,PRIMALUNA,LECCO,LOMBARDIA,45.989565472106904,9.427012992489818,1,0,59,16,43,27.12
L726,VENAUS,TORINO,PIEMONTE,45.172577206890246,6.9883097581720826,1,0,53,1,52,1.89
F493,MONTEFALCONE APPENNINO,FERMO,MARCHE,42.988692905979754,13.455035516471389,2,0,34,5,29,14.71
I976,STRESA,VERBANO-CUSIO-OSSOLA,PIEMONTE,45.88700201336327,8.525561161122758,5,0,1003,109,894,10.87
L447,TROIA,FOGGIA,PUGLIA,41.36515815125035,15.361538259940941,2,0,437,17,420,3.89
F149,MERLINO,LODI,LOMBARDIA,45.43093349785534,9.444636008365535,1,0,56,16,40,28.57
D952,GAZZANIGA,BERGAMO,LOMBARDIA,45.81069049350427,9.800045474786268,5,0,1358,132,1226,9.72
M342,LONGARONE,BELLUNO,VENETO,46.26387010627713,12.254537638808529,4,1,490,76,414,15.51
E171,GREZZANA,VERONA,VENETO,45.547078234394974,11.017568881955517,4,0,627,93,534,14.83
G385,PAULLO,MILANO,LOMBARDIA,45.416850711818334,9.403936111968239,3,0,761,179,582,23.52
A740,BELFORTE ALL'ISAURO,PESARO E URBINO,MARCHE,43.71229573301269,12.365515027340436,1,0,40,12,28,30.0
G120,OROTELLI,NUORO,SARDEGNA,40.31692193236162,9.104829048055066,2,0,123,1,122,0.81
I062,SAN NICOLA MANFREDI,BENEVENTO,CAMPANIA,41.08210958633619,14.831652022665748,2,0,69,1,68,1.45
B883,CASALEGGIO NOVARA,NOVARA,PIEMONTE,45.48752339924724,8.502476866094835,1,0,44,12,32,27.27
A842,BIANCHI,COSENZA,CALABRIA,39.10276535293621,16.432266887677763,2,0,44,0,44,0.0
H477,RODENGO SAIANO,BRESCIA,LOMBARDIA,45.593205844051006,10.111254413862332,2,0,675,57,618,8.44
B261,BULCIAGO,LECCO,LOMBARDIA,45.75332015109716,9.28900243733431,1,0,104,27,77,25.96
C311,COLLEDARA,TERAMO,ABRUZZO,42.552146823088414,13.687188118726379,2,0,158,13,145,8.23
B701,CAPRIATA D'ORBA,ALESSANDRIA,PIEMONTE,44.72902006473789,8.694136605498962,2,0,131,21,110,16.03
E505,LECCE NEI MARSI,L'AQUILA,ABRUZZO,41.89422963293825,13.686079416241162,1,1,90,43,47,47.78
L873,VIGGIANELLO,POTENZA,BASILICATA,39.974611385875924,16.10770003841443,4,0,187,8,179,4.28
B279,BUROLO,TORINO,PIEMONTE,45.484286777201994,7.926879581150617,1,0,182,14,168,7.69
A709,BASTIA MONDOVI',CUNEO,PIEMONTE,44.448304665214515,7.900778697181278,1,0,61,2,59,3.28
G826,PONT-CANAVESE,TORINO,PIEMONTE,45.432696095910494,7.584817217662911,2,2,223,77,146,34.53
G266,PALAZZOLO VERCELLESE,VERCELLI,PIEMONTE,45.186109905214614,8.232741030153235,1,0,23,3,20,13.04
E414,LAIGUEGLIA,SAVONA,LIGURIA,43.978274760273166,8.156633540563309,2,0,126,21,105,16.67
B686,CAPRALBA,CREMONA,LOMBARDIA,45.43577851647382,9.642574817860122,2,0,149,29,120,19.46
C864,COLLEPARDO,FROSINONE,LAZIO,41.76693528867311,13.398154734510804,1,0,18,0,18,0.0
G123,ORSAGO,TREVISO,VENETO,45.92082528549974,12.443907604065176,2,0,239,35,204,14.64
L963,VILLALVERNIA,ALESSANDRIA,PIEMONTE,44.8102819705262,8.858303525455332,1,1,28,11,17,39.29
L808,VESPOLATE,NOVARA,PIEMONTE,45.345947367637294,8.661047863648665,2,0,263,53,210,20.15
H803,SAN COLOMBANO AL LAMBRO,MILANO,LOMBARDIA,45.17883921874095,9.487933330182221,2,0,510,113,397,22.16
I866,SOSPIROLO,BELLUNO,VENETO,46.16842189597084,12.060839139980509,2,0,213,6,207,2.82
C732,CISLAGO,VARESE,LOMBARDIA,45.65332002992652,8.963748134123827,2,0,717,133,584,18.55
A975,BONITO,AVELLINO,CAMPANIA,41.08799001781589,14.988832428978283,2,0,129,3,126,2.33
M167,ZERBOLO',PAVIA,LOMBARDIA,45.21312646259632,9.01928293092444,1,0,44,5,39,11.36
E113,GOSALDO,BELLUNO,VENETO,46.21097542830806,11.974558055289235,1,0,7,1,6,14.29
D680,FONTE,TREVISO,VENETO,45.78649297692422,11.872402647364808,2,1,421,118,303,28.03
L546,VALBREVENNA,GENOVA,LIGURIA,44.557398754053416,9.08608299341587,1,0,29,1,28,3.45
I136,SAN QUIRINO,PORDENONE,FRIULI-VENEZIA G.,46.03798633680604,12.68376728936115,2,0,248,31,217,12.5
F981,NURAGUS,SUD SARDEGNA,SARDEGNA,39.77343398653834,9.04495824491513,1,0,38,1,37,2.63
F553,MONTEMAGGIORE BELSITO,PALERMO,SICILIA,37.83034788624463,13.760196390987959,2,0,124,1,123,0.81
G335,PARGHELIA,VIBO VALENTIA,CALABRIA,38.68072509724272,15.936520393378624,1,0,39,2,37,5.13
A425,ARNESANO,LECCE,PUGLIA,40.33824016429641,18.080884913023194,2,0,290,10,280,3.45
A942,NOVA SIRI,MATERA,BASILICATA,40.14437226901206,16.56963709714288,4,0,799,88,711,11.01
E192,GRONE,BERGAMO,LOMBARDIA,45.73078718194892,9.930987170081579,1,0,74,17,57,22.97
B040,BORGOSATOLLO,BRESCIA,LOMBARDIA,45.47847860854747,10.239380543897848,2,0,606,124,482,20.46
F317,MOMO,NOVARA,PIEMONTE,45.56956490791543,8.56449686941783,2,0,205,31,174,15.12
A282,ANDRATE,TORINO,PIEMONTE,45.546261923882085,7.885956827642399,1,0,17,0,17,0.0
F657,MONTEVECCHIA,LECCO,LOMBARDIA,45.70475751634738,9.3731233583772,1,0,106,11,95,10.38
M182,ZOAGLI,GENOVA,LIGURIA,44.3464928300749,9.267945639722278,2,0,153,13,140,8.5
B391,CALCIANO,MATERA,BASILICATA,40.58080637243977,16.181821241519636,2,0,35,0,35,0.0
H929,SAN GIULIANO DI PUGLIA,CAMPOBASSO,MOLISE,41.68325354616665,15.01685409721878,2,0,44,2,42,4.55
D675,FONTANETO D'AGOGNA,NOVARA,PIEMONTE,45.64065612740238,8.468680697476906,2,0,228,20,208,8.77
C751,CITTIGLIO,VARESE,LOMBARDIA,45.906566818201505,8.66133404835131,2,0,167,41,126,24.55
G050,OLTRE IL COLLE,BERGAMO,LOMBARDIA,45.91252574428414,9.784321281282033,1,0,26,2,24,7.69
C310,CASTIGLIONE DELLA PESCAIA,GROSSETO,TOSCANA,42.822285234541965,10.900165015479239,3,0,276,34,242,12.32
M071,VISCHE,TORINO,PIEMONTE,45.34270999751018,7.939192159539938,1,0,35,5,30,14.29
G108,ORIO AL SERIO,BERGAMO,LOMBARDIA,45.67009597103446,9.697815947433895,1,0,55,14,41,25.45
H242,RESIA,UDINE,FRIULI-VENEZIA G.,46.35117282440877,13.344970337579946,2,0,35,4,31,11.43
C672,CIBIANA DI CADORE,BELLUNO,VENETO,46.374368659917494,12.270505902678297,1,0,19,4,15,21.05
D136,CREAZZO,VICENZA,VENETO,45.53761860419657,11.469844226438235,3,0,735,96,639,13.06
L189,TOFFIA,RIETI,LAZIO,42.205798000868946,12.75954158206751,1,0,42,8,34,19.05
B706,CAPRIGLIA IRPINA,AVELLINO,CAMPANIA,40.956424358261835,14.77864429978009,1,0,83,1,82,1.2
A816,BERZO DEMO,BRESCIA,LOMBARDIA,46.10350674055004,10.342543404207445,1,0,37,2,35,5.41
G163,OSOPPO,UDINE,FRIULI-VENEZIA G.,46.24380016896939,13.066989717993486,2,1,105,33,72,31.43
M316,MAPPANO,TORINO,PIEMONTE,45.15090384223035,7.703702256320802,2,0,564,23,541,4.08
C378,CAVALLIRIO,NOVARA,PIEMONTE,45.662404706500546,8.403302183339981,1,0,52,1,51,1.92
C302,CASTIGLIONE CHIAVARESE,GENOVA,LIGURIA,44.2758121890174,9.524806782402202,1,0,84,14,70,16.67
B276,BURGOS,SASSARI,SARDEGNA,40.39997264646019,8.981612324494378,1,0,22,0,22,0.0
D576,FIESSE,BRESCIA,LOMBARDIA,45.228809849385684,10.33389677921986,1,0,75,22,53,29.33
C549,CERVENO,BRESCIA,LOMBARDIA,46.014376392925655,10.285347828881376,1,0,64,2,62,3.13
