procom,dzcom,pop_2015,agmax_50
1001,Agliè,2631,0.0459
1002,Airasca,3794,0.1056
1003,Ala di Stura,469,0.1233
1004,Albiano d'Ivrea,1718,0.0418
1005,Alice Superiore,700,0.0458
1006,Almese,6401,0.098
1007,Alpette,261,0.0543
1008,Alpignano,17008,0.0766
1009,Andezeno,1984,0.0449
1010,Andrate,505,0.0448
1011,Angrogna,889,0.1349
1012,Arignano,1078,0.0441
1013,Avigliana,12516,0.1168
1014,Azeglio,1316,0.0404
1015,Bairo,790,0.046
1016,Balangero,3156,0.0647
1017,Baldissero Canavese,550,0.0462
1018,Baldissero Torinese,3750,0.0481
1019,Balme,115,0.1324
1020,Banchette,3231,0.0435
1021,Barbania,1607,0.0556
1022,Bardonecchia,3215,0.1187
1023,Barone Canavese,586,0.0423
1024,Beinasco,18159,0.0655
1025,Bibiana,3442,0.1347
1026,Bobbio Pellice,563,0.1346
1027,Bollengo,2137,0.042
1028,Borgaro Torinese,13592,0.0539
1029,Borgiallo,569,0.0498
1030,Borgofranco d'Ivrea,3732,0.045
1031,Borgomasino,806,0.0404
1032,Borgone Susa,2229,0.1313
1033,Bosconero,3167,0.0461
1034,Brandizzo,8687,0.0445
1035,Bricherasio,4616,0.1345
1036,Brosso,420,0.0463
1037,Brozolo,471,0.039
1038,Bruino,8639,0.0893
1039,Brusasco,1665,0.0389
1040,Bruzolo,1524,0.1329
1041,Buriasco,1410,0.1222
1042,Burolo,1180,0.0426
1043,Busano,1687,0.051414285714286
1044,Bussoleno,6094,0.1346
1045,Buttigliera Alta,6419,0.0929
1046,Cafasse,3451,0.0654
1047,Caluso,7586,0.0431
1048,Cambiano,6107,0.0537
1049,Campiglione Fenile,1390,0.134
1050,Candia Canavese,1258,0.0416
1051,Candiolo,5669,0.0728
1052,Canischio,277,0.0563
1053,Cantalupa,2553,0.1307
1054,Cantoira,564,0.0889
1055,Caprie,2086,0.1143
1056,Caravino,923,0.0413
1057,Carema,774,0.048
1058,Carignano,9261,0.0679
1059,Carmagnola,29079,0.0655
1060,Casalborgone,1930,0.0428
1061,Cascinette d'Ivrea,1485,0.0432
1062,Caselette,3060,0.0913
1063,Caselle Torinese,19136,0.0556
1064,Castagneto Po,1784,0.0427
1065,Castagnole Piemonte,2245,0.0837
1066,Castellamonte,9859,0.0497
1067,Castelnuovo Nigra,433,0.0505
1068,Castiglione Torinese,6416,0.0465
1069,Cavagnolo,2237,0.0392
1070,Cavour,5545,0.132
1071,Cercenasco,1803,0.1017
1072,Ceres,1065,0.0987
1073,Ceresole Reale,156,0.1253
1074,Cesana Torinese,967,0.1167
1075,Chialamberto,345,0.1039
1076,Chianocco,1675,0.1341
1077,Chiaverano,2095,0.0431
1078,Chieri,36595,0.0494
1079,Chiesanuova,205,0.0512
1080,Chiomonte,916,0.1339
1081,Chiusa di San Michele,1647,0.1217
1082,Chivasso,26749,0.0435
1083,Ciconio,384,0.0459
1084,Cintano,258,0.05
1085,Cinzano,340,0.0422
1086,Ciriè,18909,0.0595
1087,Claviere,214,0.1167
1088,Coassolo Torinese,1547,0.0712
1089,Coazze,3287,0.1345
1090,Collegno,49905,0.0632
1091,Colleretto Castelnuovo,332,0.05
1092,Colleretto Giacosa,582,0.0441
1093,Condove,4638,0.1309
1094,Corio,3277,0.0634
1095,Cossano Canavese,494,0.0404
1096,Cuceglio,997,0.0439
1097,Cumiana,7826,0.1271
1098,Cuorgnè,9906,0.0527
1099,Druento,8622,0.0642
1100,Exilles,273,0.1317
1101,Favria,5196,0.0501
1102,Feletto,2310,0.046
1103,Fenestrelle,544,0.1347
1104,Fiano,2695,0.0661
1105,Fiorano Canavese,822,0.0442
1106,Foglizzo,2361,0.044
1107,Forno Canavese,3446,0.0569
1108,Frassinetto,274,0.0528
1109,Front,1677,0.0503
1110,Frossasco,2864,0.1303
1111,Garzigliana,572,0.131
1112,Gassino Torinese,9432,0.0452
1113,Germagnano,1201,0.0749
1114,Giaglione,631,0.134
1115,Giaveno,16455,0.1341
1116,Givoletto,3914,0.0735
1117,Gravere,692,0.1344
1118,Groscavallo,204,0.1299
1119,Grosso,1018,0.0583
1120,Grugliasco,37966,0.0639
1121,Ingria,52,0.0543
1122,Inverso Pinasca,730,0.1345
1123,Isolabella,396,0.0458
1124,Issiglio,392,0.047475
1125,Ivrea,23606,0.0439
1126,La Cassa,1788,0.0725
1127,La Loggia,8874,0.0608
1256,Sant'Antonino di Susa,4306,0.1298
1257,Santena,10830,0.0522
1258,Sauze di Cesana,244,0.1307
1259,Sauze d'Oulx,1109,0.1203
1260,Scalenghe,3339,0.1149
1261,Scarmagno,838,0.0432
1262,Sciolze,1459,0.0441
1263,Sestriere,929,0.1228
1264,Settimo Rottaro,490,0.0402
1265,Settimo Torinese,47669,0.0488
1266,Settimo Vittone,1560,0.047
1267,Sparone,1038,0.061
1268,Strambinello,263,0.045866666666667
1269,Strambino,6263,0.0419
1270,Susa,6466,0.1347
1271,Tavagnasco,791,0.0469
1272,Torino,890529,0.0647
1273,Torrazza Piemonte,2881,0.0401
1274,Torre Canavese,598,0.0461
1275,Torre Pellice,4551,0.135
1276,Trana,3877,0.1139
1277,Trausella,119,0.05
1278,Traversella,343,0.0525
1279,Traves,518,0.0871
1280,Trofarello,11010,0.0533
1281,Usseaux,186,0.1343
1282,Usseglio,209,0.1344
1283,Vaie,1458,0.1265
1284,Val della Torre,3869,0.0933
1285,Valgioie,951,0.1227
1286,Vallo Torinese,774,0.0707
1287,Valperga,3166,0.0512
1288,Valprato Soana,108,0.0609
1289,Varisella,810,0.0781
1290,Vauda Canavese,1464,0.0521
1291,Venaus,907,0.134
1292,Venaria Reale,34193,0.0588
1293,Verolengo,4909,0.0409
1294,Verrua Savoia,1443,0.0384
1295,Vestignè,805,0.0411
1296,Vialfrè,256,0.044
1297,Vico Canavese,849,0.0531
1298,Vidracco,507,0.0464
1299,Vigone,5182,0.1195
1300,Villafranca Piemonte,4729,0.1257
1301,Villanova Canavese,1186,0.0622
1302,Villarbasse,3509,0.0878
1303,Villar Dora,2932,0.1065
1304,Villareggia,1044,0.0403
1305,Villar Focchiardo,2042,0.1342
1306,Villar Pellice,1076,0.1349
1307,Villar Perosa,4092,0.134
1308,Villastellone,4779,0.0572
1309,Vinovo,14887,0.0645
1310,Virle Piemonte,1206,0.0782
1311,Vische,1328,0.041
1312,Vistrorio,534,0.046814285714286
1313,Viù,1051,0.112
1314,Volpiano,15416,0.0479
1315,Volvera,8840,0.0939
2002,Alagna Valsesia,408,0.0844
2003,Albano Vercellese,318,0.0367
2004,Alice Castello,2714,0.0393
2006,Arborio,908,0.0377
2007,Asigliano Vercellese,1429,0.0369
2008,Balmuccia,112,0.0544
2009,Balocco,231,0.0377
2011,Bianzè,1968,0.0384
2014,Boccioleto,205,0.0598
2015,Borgo d'Ale,2446,0.0397
2016,Borgosesia,12922,0.0468
2017,Borgo Vercelli,2260,0.0366
2019,Breia,174,0.0455
2021,Buronzo,880,0.0383
2025,Campertogno,237,0.0582
2029,Carcoforo,78,0.0712
2030,Caresana,1024,0.0388
2031,Caresanablot,1131,0.0365
2032,Carisio,857,0.0382
2033,Casanova Elvo,237,0.0372
2035,San Giacomo Vercellese,313,0.0379
2038,Cellio,810,0.0436
2041,Cervatto,47,0.058
2042,Cigliano,4570,0.0397
2043,Civiasco,263,0.0469
2045,Collobiano,97,0.0367
2047,Costanzana,797,0.0371
2048,Cravagliana,251,0.0561
2049,Crescentino,7878,0.0386
2052,Crova,418,0.037
2054,Desana,1075,0.0365
2057,Fobello,196,0.0641
2058,Fontanetto Po,1162,0.0374
2059,Formigliana,501,0.0375
2061,Gattinara,8084,0.039
2062,Ghislarengo,887,0.0378
2065,Greggio,355,0.0371
2066,Guardabosone,346,0.0485
2067,Lamporo,536,0.0382
2068,Lenta,868,0.0383
2070,Lignana,539,0.0365
2071,Livorno Ferraris,4483,0.0388
2072,Lozzolo,822,0.0393
2078,Mollia,95,0.059
2079,Moncrivello,1407,0.0404
2082,Motta de' Conti,786,0.0393
2088,Olcenengo,805,0.0366
2089,Oldenico,252,0.0366
2090,Palazzolo Vercellese,1197,0.0372
2091,Pertengo,332,0.0372
2093,Pezzana,1315,0.0377
2096,Pila,142,0.0511
2097,Piode,202,0.0535
2102,Postua,569,0.0476
2104,Prarolo,705,0.0371
2107,Quarona,4158,0.0463
2108,Quinto Vercellese,393,0.0366
2110,Rassa,71,0.0554
2111,Rima San Giuseppe,59,0.0722
2112,Rimasco,106,0.0633
2113,Rimella,134,0.063
2114,Riva Valdobbia,258,0.066
2115,Rive,463,0.0375
2116,Roasio,2366,0.0393
2118,Ronsecco,578,0.0368
2121,Rossa,180,0.0592
2122,Rovasenda,978,0.0385
2123,Sabbia,58,0.0546
2126,Salasco,222,0.0366
2127,Sali Vercellese,123,0.0364
2128,Saluggia,4042,0.0396
2131,San Germano Vercellese,1691,0.037
2133,Santhià,8578,0.038
2134,Scopa,381,0.0532
2135,Scopello,387,0.0517
2137,Serravalle Sesia,4994,0.0407
2142,Stroppiana,1238,0.0377
2147,Tricerro,730,0.0366
2148,Trino,7265,0.0372
2150,Tronzano Vercellese,3522,0.038
2152,Valduggia,2056,0.0428
2156,Varallo,7262,0.052
2158,Vercelli,46754,0.0369
2163,Villarboit,455,0.0374
2164,Villata,1584,0.0365
2166,Vocca,174,0.0534
3001,Agrate Conturbia,1568,0.0377
3002,Ameno,860,0.0416
3006,Armeno,2167,0.0445
3008,Arona,14152,0.0393
3012,Barengo,832,0.0375
3016,Bellinzago Novarese,9691,0.0374
3018,Biandrate,1308,0.0368
3019,Boca,1278,0.0387
3021,Bogogno,1308,0.0378
3022,Bolzano Novarese,1180,0.0408
3023,Borgolavezzaro,2067,0.0393
3024,Borgomanero,21735,0.0391
3025,Borgo Ticino,5113,0.0377
3026,Briga Novarese,2978,0.04
3027,Briona,1192,0.0374
3030,Caltignaga,2580,0.0372
3032,Cameri,11019,0.0374
3036,Carpignano Sesia,2529,0.0376
3037,Casalbeltrame,975,0.0368
3039,Casaleggio Novara,926,0.037
3040,Casalino,1554,0.0369
3041,Casalvolone,857,0.0367
3042,Castellazzo Novarese,346,0.0372
3043,Castelletto sopra Ticino,9938,0.0379
3044,Cavaglietto,388,0.03764
3045,Cavaglio d'Agogna,1229,0.0377
3047,Cavallirio,1335,0.0393
3049,Cerano,6911,0.0399
3051,Colazza,430,0.0403
3052,Comignago,1233,0.0381
3055,Cressa,1631,0.0378
3058,Cureggio,2654,0.0384
3060,Divignano,1486,0.0374
3062,Dormelletto,2583,0.0381
3065,Fara Novarese,2035,0.0376
3066,Fontaneto d'Agogna,2659,0.0382
3068,Galliate,15670,0.0379
3069,Garbagna Novarese,1410,0.0377
3070,Gargallo,1850,0.0399
3071,Gattico,3430,0.0385
3073,Ghemme,3656,0.0381
3076,Gozzano,5575,0.0407
3077,Granozzo con Monticello,1416,0.0374
3079,Grignasco,4582,0.0403
3082,Invorio,4446,0.0402
3083,Landiona,576,0.0371
3084,Lesa,2276,0.0398
3088,Maggiora,1686,0.0394
3090,Mandello Vitta,238,0.0372
3091,Marano Ticino,1596,0.0373
3093,Massino Visconti,1049,0.0411
3095,Meina,2479,0.0393
3097,Mezzomerico,1215,0.0373
3098,Miasino,820,0.0425
3100,Momo,2549,0.0373
3103,Nebbiuno,1831,0.0404
3104,Nibbiola,770,0.0379
3106,Novara,104380,0.0376
3108,Oleggio,14031,0.0374
3109,Oleggio Castello,2036,0.0389
3112,Orta San Giulio,1185,0.0432
3114,Paruzzaro,2165,0.0388
3115,Pella,1011,0.044
3116,Pettenasco,1380,0.0453
3119,Pisano,793,0.041125
3120,Pogno,1479,0.0421
3121,Pombia,2205,0.0374
3122,Prato Sesia,1908,0.0393
3129,Recetto,948,0.037
3130,Romagnano Sesia,3974,0.039
3131,Romentino,5640,0.0383
3133,San Maurizio d'Opaglio,3050,0.0423
3134,San Nazzaro Sesia,724,0.0368
3135,San Pietro Mosezzo,2005,0.037
3138,Sillavengo,561,0.0374
3139,Sizzano,1468,0.0377
3140,Soriso,761,0.0405
3141,Sozzago,1069,0.0386
3143,Suno,2807,0.0375
3144,Terdobbiate,467,0.0383
3146,Tornaco,895,0.0393
3149,Trecate,20390,0.0388
3153,Vaprio d'Agogna,1003,0.0373
3154,Varallo Pombia,4951,0.0375
3157,Veruno,1872,0.038
3158,Vespolate,2086,0.0385
3159,Vicolungo,888,0.037
3164,Vinzaglio,546,0.037
4001,Acceglio,162,0.129
4002,Aisone,248,0.1477
4003,Alba,31437,0.0491
4004,Albaretto della Torre,242,0.0501
4005,Alto,128,0.1244
4006,Argentera,83,0.1262
4007,Arguello,199,0.0495
4008,Bagnasco,1035,0.0759
4009,Bagnolo Piemonte,6024,0.1352
4010,Baldissero d'Alba,1069,0.0509
4011,Barbaresco,658,0.0465
4012,Barge,7774,0.1352
4013,Barolo,740,0.053
4014,Bastia Mondovì,669,0.0636
4015,Battifollo,219,0.0696
4016,Beinette,3423,0.1101
4017,Bellino,109,0.1269
4018,Belvedere Langhe,366,0.0563
4019,Bene Vagienna,3671,0.0669
4020,Benevello,474,0.0483
4021,Bergolo,71,0.0498
4022,Bernezzo,4104,0.1441
1128,Lanzo Torinese,5086,0.0682
1129,Lauriano,1478,0.0403
1130,Leini,16356,0.0514
1131,Lemie,179,0.126
1132,Lessolo,1938,0.0446
1133,Levone,442,0.0551
1134,Locana,1498,0.083
1135,Lombardore,1742,0.0492
1136,Lombriasco,1050,0.0689
1137,Loranzè,1173,0.0446
1138,Lugnacco,360,0.0455
1139,Luserna San Giovanni,7395,0.1351
1140,Lusernetta,506,0.135
1141,Lusigliè,559,0.0459
1142,Macello,1229,0.1276
1143,Maglione,440,0.0396
1144,Marentino,1351,0.0446
1145,Massello,51,0.1341
1146,Mathi,3921,0.0617
1147,Mattie,687,0.1348
1148,Mazzè,4184,0.0409
1149,Meana di Susa,826,0.1346
1150,Mercenasco,1257,0.0431
1151,Meugliano,80,0.0488
1152,Mezzenile,786,0.1105
1153,Mombello di Torino,415,0.0429
1154,Mompantero,659,0.1347
1155,Monastero di Lanzo,350,0.0774
1156,Moncalieri,57294,0.058
1157,Moncenisio,36,0.1337
1158,Montaldo Torinese,743,0.045616666666667
1159,Montalenghe,1001,0.043
1160,Montalto Dora,3406,0.0443
1161,Montanaro,5323,0.0442
1162,Monteu da Po,883,0.039825
1163,Moriondo Torinese,823,0.042
1164,Nichelino,48123,0.0671
1165,Noasca,137,0.1083
1166,Nole,6892,0.0591
1167,Nomaglio,287,0.0455
1168,None,8005,0.0887
1169,Novalesa,534,0.1345
1170,Oglianico,1506,0.0488
1171,Orbassano,23188,0.0762
1172,Orio Canavese,801,0.043
1173,Osasco,1141,0.1306
1174,Osasio,936,0.0727
1175,Oulx,3307,0.1208
1176,Ozegna,1230,0.046833333333333
1177,Palazzo Canavese,837,0.041
1178,Pancalieri,2038,0.0883
1179,Parella,453,0.0444
1180,Pavarolo,1102,0.0455
1181,Pavone Canavese,3895,0.0431
1182,Pecco,223,0.046433333333333
1183,Pecetto Torinese,3995,0.0521
1184,Perosa Argentina,3285,0.1348
1185,Perosa Canavese,533,0.0436
1186,Perrero,659,0.1349
1187,Pertusio,778,0.0513
1188,Pessinetto,606,0.073
1189,Pianezza,15152,0.0703
1190,Pinasca,3051,0.1344
1191,Pinerolo,35808,0.1333
1192,Pino Torinese,8379,0.0503
1193,Piobesi Torinese,3763,0.0748
1194,Piossasco,18589,0.1092
1195,Piscina,3388,0.1135
1196,Piverone,1381,0.0407
1197,Poirino,10553,0.0513
1198,Pomaretto,1009,0.1349
1199,Pont-Canavese,3483,0.0543
1200,Porte,1083,0.13374
1201,Pragelato,776,0.1309
1202,Prali,246,0.1345
1203,Pralormo,1957,0.049
1204,Pramollo,258,0.1349
1205,Prarostino,1273,0.1347
1206,Prascorsano,745,0.0529
1207,Pratiglione,535,0.053
1208,Quagliuzzo,328,0.0453
1209,Quassolo,354,0.0456
1210,Quincinetto,1031,0.0484
1211,Reano,1818,0.1028
1212,Ribordone,53,0.0656
1213,Rivalba,1143,0.0439
1214,Rivalta di Torino,19887,0.0827
1215,Riva presso Chieri,4610,0.0472
1216,Rivara,2659,0.0532
1217,Rivarolo Canavese,12488,0.0486
1218,Rivarossa,1610,0.0506
1219,Rivoli,48791,0.0788
1220,Robassomero,3057,0.060114285714286
1221,Rocca Canavese,1708,0.0575
1222,Roletto,2009,0.1312
1223,Romano Canavese,2752,0.0426
1224,Ronco Canavese,314,0.0687
1225,Rondissone,1889,0.0409
1226,Rorà,257,0.1351
1227,Roure,848,0.1349
1228,Rosta,4903,0.0862
1229,Rubiana,2400,0.1115
1230,Rueglio,757,0.048
1231,Salassa,1838,0.0483
1232,Salbertrand,596,0.1282
1233,Salerano Canavese,505,0.044
1234,Salza di Pinerolo,75,0.1339
1235,Samone,1600,0.0438
1236,San Benigno Canavese,5992,0.0464
1237,San Carlo Canavese,4031,0.0563
1238,San Colombano Belmonte,383,0.0527
1239,San Didero,551,0.1328
1240,San Francesco al Campo,5005,0.0526
1241,Sangano,3707,0.0975
1242,San Germano Chisone,1854,0.1346
1243,San Gillio,3174,0.0694
1244,San Giorgio Canavese,2643,0.0449
1245,San Giorio di Susa,1024,0.1347
1246,San Giusto Canavese,3406,0.0449
1247,San Martino Canavese,852,0.0451
1248,San Maurizio Canavese,10237,0.0575
1249,San Mauro Torinese,19085,0.0494
1250,San Pietro Val Lemina,1448,0.1331
1251,San Ponso,267,0.0498
1252,San Raffaele Cimena,3147,0.0447
1253,San Sebastiano da Po,1930,0.0418
1254,San Secondo di Pinerolo,3575,0.1337
1255,Sant'Ambrogio di Torino,4755,0.1156
4023,Bonvicino,92,0.0553
4024,Borgomale,381,0.0479
4025,Borgo San Dalmazzo,12468,0.148
4026,Bosia,177,0.049
4027,Bossolasco,679,0.0528
4028,Boves,9835,0.1412
4029,Bra,29737,0.0584
4030,Briaglia,318,0.0686
4031,Briga Alta,39,0.1436
4032,Brondello,290,0.1329
4033,Brossasco,1084,0.136
4034,Busca,10181,0.1361
4035,Camerana,631,0.0569
4036,Camo,201,0.0469
4037,Canale,5686,0.0459
4038,Canosio,80,0.1359
4039,Caprauna,104,0.1273
4040,Caraglio,6836,0.1395
4041,Caramagna Piemonte,3034,0.0615
4042,Cardè,1122,0.1174
4043,Carrù,4486,0.0649
4044,Cartignano,190,0.1391
4045,Casalgrasso,1480,0.0749
4046,Castagnito,2163,0.0454
4047,Casteldelfino,157,0.1328
4048,Castellar,295,0.1265
4049,Castelletto Stura,1351,0.1061
4050,Castelletto Uzzone,331,0.0518
4051,Castellinaldo d'Alba,938,0.0455
4052,Castellino Tanaro,312,0.0604
4053,Castelmagno,66,0.1462
4054,Castelnuovo di Ceva,110,0.0612
4055,Castiglione Falletto,700,0.0519
4056,Castiglione Tinella,895,0.045
4057,Castino,483,0.0481
4058,Cavallerleone,644,0.0745
4059,Cavallermaggiore,5533,0.0754
4060,Celle di Macra,100,0.142
4061,Centallo,6954,0.115
4062,Ceresole Alba,2090,0.055
4063,Cerretto Langhe,442,0.0507
4064,Cervasca,5013,0.1407
4065,Cervere,2236,0.0636
4066,Ceva,5782,0.0653
4067,Cherasco,9076,0.0621
4068,Chiusa di Pesio,3676,0.1347
4069,Cigliè,190,0.062
4070,Cissone,85,0.0521
4071,Clavesana,825,0.0595
4072,Corneliano d'Alba,2118,0.0483
4073,Cortemilia,2331,0.0492
4074,Cossano Belbo,958,0.047
4075,Costigliole Saluzzo,3375,0.1288
4076,Cravanzana,411,0.0501
4077,Crissolo,168,0.135
4078,Cuneo,56081,0.1367
4079,Demonte,2003,0.1504
4080,Diano d'Alba,3570,0.0504
4081,Dogliani,4781,0.057
4082,Dronero,7035,0.1422
4083,Elva,97,0.1334
4084,Entracque,774,0.1528
4085,Envie,2074,0.134
4086,Farigliano,1755,0.06
4087,Faule,486,0.0821
4088,Feisoglio,316,0.0513
4089,Fossano,24739,0.0982
4090,Frabosa Soprana,759,0.1084
4091,Frabosa Sottana,1497,0.1024
4092,Frassino,265,0.137
4093,Gaiola,582,0.1476
4094,Gambasca,371,0.1345
4095,Garessio,3244,0.1096
4096,Genola,2625,0.0806
4097,Gorzegno,304,0.0522
4098,Gottasecca,148,0.0537
4099,Govone,2203,0.044
4100,Grinzane Cavour,1995,0.0497
4101,Guarene,3596,0.0466
4102,Igliano,74,0.0582
4103,Isasca,76,0.1342
4104,Lagnasco,1453,0.1088
4105,La Morra,2724,0.0536
4106,Lequio Berria,487,0.0494
4107,Lequio Tanaro,782,0.0592
4108,Lesegno,794,0.0633
4109,Levice,231,0.0509
4110,Limone Piemonte,1485,0.1507
4111,Lisio,201,0.0722
4112,Macra,59,0.1382
4113,Magliano Alfieri,2153,0.0449
4114,Magliano Alpi,2253,0.1119
4115,Mango,1308,0.0473
4116,Manta,3787,0.127
4117,Marene,3175,0.0695
4118,Margarita,1441,0.0954
4119,Marmora,68,0.1393
4120,Marsaglia,245,0.0593
4121,Martiniana Po,734,0.1348
4122,Melle,292,0.1374
4123,Moiola,234,0.1499
4124,Mombarcaro,268,0.0556
4125,Mombasiglio,609,0.0667
4126,Monastero di Vasco,1297,0.0807
4127,Monasterolo Casotto,89,0.0726
4128,Monasterolo di Savigliano,1371,0.0905
4129,Monchiero,571,0.05655
4130,Mondovì,22484,0.0872
4131,Monesiglio,645,0.0539
4132,Monforte d'Alba,2056,0.0544
4133,Montà,4733,0.0474
4134,Montaldo di Mondovì,557,0.0841
4135,Montaldo Roero,844,0.0495
4136,Montanera,760,0.0899
4137,Montelupo Albese,529,0.0502
4138,Montemale di Cuneo,241,0.1415
4139,Monterosso Grana,505,0.1475
4140,Monteu Roero,1634,0.0504
4141,Montezemolo,259,0.0594
4142,Monticello d'Alba,2292,0.05
4143,Moretta,4136,0.1007
4144,Morozzo,2086,0.1002
4145,Murazzano,834,0.0572
4146,Murello,966,0.0848
4147,Narzole,3437,0.0585
4148,Neive,3405,0.0458
4149,Neviglie,382,0.0463
4150,Niella Belbo,372,0.0536
4151,Niella Tanaro,1046,0.0666
4152,Novello,987,0.0556
4153,Nucetto,430,0.0647
4154,Oncino,76,0.1354
4155,Ormea,1617,0.1289
4156,Ostana,83,0.1352
4157,Paesana,2784,0.1356
4158,Pagno,585,0.1308
4159,Pamparato,302,0.095
4160,Paroldo,211,0.0574
4161,Perletto,292,0.0483
4162,Perlo,116,0.0657
4163,Peveragno,5543,0.1325
4164,Pezzolo Valle Uzzone,344,0.0507
4165,Pianfei,2202,0.0913
4166,Piasco,2774,0.1313
4167,Pietraporzio,77,0.1294
4168,Piobesi d'Alba,1288,0.048
4169,Piozzo,995,0.0608
4170,Pocapaglia,3339,0.0526
4171,Polonghera,1160,0.0835
4172,Pontechianale,179,0.1325
4173,Pradleves,250,0.1447
4174,Prazzo,170,0.1334
4175,Priero,529,0.0623
4176,Priocca,2017,0.0444
4177,Priola,701,0.0812
4178,Prunetto,451,0.053
4179,Racconigi,10038,0.0727
4180,Revello,4262,0.1334
4181,Rifreddo,1078,0.1343
4182,Rittana,109,0.147
4183,Roaschia,107,0.1504
4184,Roascio,97,0.0592
4185,Robilante,2306,0.1475
4186,Roburent,495,0.0971
4187,Roccabruna,1585,0.1392
4188,Rocca Cigliè,142,0.0605
4189,Rocca de' Baldi,1662,0.08
4190,Roccaforte Mondovì,2085,0.1209
4191,Roccasparvera,741,0.1462
4192,Roccavione,2761,0.1481
4193,Rocchetta Belbo,167,0.0475
4194,Roddi,1607,0.0507
4195,Roddino,400,0.053
4196,Rodello,980,0.0488
4197,Rossana,908,0.1355
4198,Ruffia,367,0.0883
4199,Sale delle Langhe,486,0.0597
4200,Sale San Giovanni,183,0.0585
4201,Saliceto,1323,0.0574
4202,Salmour,704,0.0625
4203,Saluzzo,16960,0.1259
4204,Sambuco,92,0.1391
4205,Sampeyre,1022,0.1371
4206,San Benedetto Belbo,179,0.0548
4207,San Damiano Macra,430,0.1418
4208,Sanfrè,3040,0.0594
4209,Sanfront,2395,0.1354
4210,San Michele Mondovì,2003,0.07
4211,Sant'Albano Stura,2422,0.0807
4212,Santa Vittoria d'Alba,2795,0.0505
4213,Santo Stefano Belbo,3984,0.0464
4214,Santo Stefano Roero,1390,0.0478
4215,Savigliano,21441,0.1014
4216,Scagnello,194,0.0711
4217,Scarnafigi,2162,0.1057
4218,Serralunga d'Alba,564,0.0516
4219,Serravalle Langhe,315,0.0513
4220,Sinio,522,0.0508
4221,Somano,356,0.0545
4222,Sommariva del Bosco,6361,0.0588
4223,Sommariva Perno,2797,0.0524
4224,Stroppo,103,0.1368
4225,Tarantasca,2122,0.1214
4226,Torre Bormida,200,0.0496
4227,Torre Mondovì,498,0.0742
4228,Torre San Giorgio,730,0.1033
4229,Torresina,52,0.0572
4230,Treiso,820,0.0471
4231,Trezzo Tinella,331,0.0472
4232,Trinità,2263,0.0722
4233,Valdieri,935,0.1506
4234,Valgrana,786,0.1436
4235,Valloriate,109,0.1494
4236,Valmala,52,0.1369
4237,Venasca,1437,0.135
4238,Verduno,588,0.0512
4239,Vernante,1178,0.15
4240,Verzuolo,6459,0.1276
4241,Vezza d'Alba,2287,0.0469
4242,Vicoforte,3136,0.074
4243,Vignolo,2600,0.1425
4244,Villafalletto,2925,0.1195
4245,Villanova Mondovì,5792,0.0883
4246,Villanova Solaro,772,0.0951
4247,Villar San Costanzo,1547,0.1376
4248,Vinadio,644,0.144
4249,Viola,391,0.0799
4250,Vottignasco,537,0.1037
5001,Agliano Terme,1642,0.0451
5002,Albugnano,529,0.0415
5003,Antignano,974,0.0424
5004,Aramengo,607,0.0406
5005,Asti,76202,0.0424
5006,Azzano d'Asti,391,0.0424
5007,Baldichieri d'Asti,1110,0.0416
5008,Belveglio,350,0.0459
5009,Berzano di San Pietro,415,0.0413
5010,Bruno,321,0.0535
5011,Bubbio,893,0.0483
5012,Buttigliera d'Asti,2626,0.0431
5013,Calamandrana,1761,0.0489
5014,Calliano,1317,0.0397
5015,Calosso,1279,0.0455
5016,Camerano Casasco,471,0.0405
5017,Canelli,10485,0.0472
5018,Cantarana,982,0.0432
5019,Capriglio,290,0.041
5020,Casorzo,633,0.0403
5021,Cassinasco,611,0.0486
5022,Castagnole delle Lanze,3798,0.0446
5023,Castagnole Monferrato,1245,0.0417
5024,Castel Boglione,609,0.0507
5025,Castell'Alfero,2763,0.0398
5026,Castellero,302,0.0417
5027,Castelletto Molina,180,0.0538
5028,Castello di Annone,1860,0.0445
5029,Castelnuovo Belbo,895,0.0516
5030,Castelnuovo Calcea,759,0.0458
5031,Castelnuovo Don Bosco,3272,0.0418
5032,Castel Rocchero,395,0.0523
5033,Cellarengo,720,0.0456
5034,Celle Enomondo,484,0.04275
5035,Cerreto d'Asti,224,0.040466666666667
5036,Cerro Tanaro,626,0.0455
5037,Cessole,403,0.048
5038,Chiusano d'Asti,220,0.04058
5039,Cinaglio,446,0.040933333333333
5040,Cisterna d'Asti,1245,0.0447
5041,Coazzolo,302,0.0451
5042,Cocconato,1493,0.0396
5044,Corsione,218,0.0395
5045,Cortandone,329,0.041
5046,Cortanze,277,0.0399
5047,Cortazzone,654,0.0407
5048,Cortiglione,571,0.047
5049,Cossombrato,528,0.0396
5050,Costigliole d'Asti,5914,0.0442
5051,Cunico,496,0.0395
5052,Dusino San Michele,1022,0.0437
5053,Ferrere,1608,0.0447
5054,Fontanile,567,0.0532
5055,Frinco,768,0.03945
5056,Grana,600,0.04
5057,Grazzano Badoglio,615,0.0396
5058,Incisa Scapaccino,2288,0.0491
5059,Isola d'Asti,2071,0.0431
5060,Loazzolo,359,0.0469
5061,Maranzana,277,0.05835
5062,Maretto,375,0.04142
5063,Moasca,494,0.04598
5064,Mombaldone,209,0.0496
5065,Mombaruzzo,1117,0.0566
5066,Mombercelli,2259,0.0447
5067,Monale,984,0.0413
5068,Monastero Bormida,931,0.0493
5069,Moncalvo,3033,0.039
5070,Moncucco Torinese,883,0.0433
5071,Mongardino,921,0.0425
5072,Montabone,333,0.051
5073,Montafia,937,0.042
5074,Montaldo Scarampi,755,0.0435
5075,Montechiaro d'Asti,1276,0.0399
5076,Montegrosso d'Asti,2344,0.044
5077,Montemagno,1153,0.0417
5079,Moransengo,192,0.0393
5080,Nizza Monferrato,10429,0.0498
5081,Olmo Gentile,80,0.0488
5082,Passerano Marmorito,455,0.0405
5083,Penango,488,0.0394
5084,Piea,583,0.0402
5085,Pino d'Asti,230,0.0412
5086,Piovà Massaia,637,0.0399
5087,Portacomaro,2006,0.0412
5088,Quaranti,183,0.0554
5089,Refrancore,1591,0.0431
5090,Revigliasco d'Asti,767,0.0422
5091,Roatto,400,0.0419
5092,Robella,473,0.0388
5093,Rocca d'Arazzo,936,0.0435
5094,Roccaverano,399,0.049
5095,Rocchetta Palafea,338,0.0497
5096,Rocchetta Tanaro,1450,0.0463
5097,San Damiano d'Asti,8315,0.044
5098,San Giorgio Scarampi,122,0.0479
5099,San Martino Alfieri,666,0.0428
5100,San Marzano Oliveto,1047,0.0463
5101,San Paolo Solbrito,1208,0.0434
5103,Scurzolengo,555,0.0407
5104,Serole,123,0.0496
5105,Sessame,271,0.0491
5106,Settime,530,0.0405
5107,Soglio,145,0.0402
5108,Tigliole,1699,0.0424
5109,Tonco,866,0.0391
5110,Tonengo,236,0.0399
5111,Vaglio Serra,275,0.0472
5112,Valfenera,2462,0.0449
5113,Vesime,622,0.0476
5114,Viale,257,0.0404
5115,Viarigi,929,0.0431
5116,Vigliano d'Asti,835,0.043
5117,Villafranca d'Asti,3094,0.0422
5118,Villanova d'Asti,5745,0.0455
5119,Villa San Secondo,395,0.0394
5120,Vinchio,601,0.0462
5121,Montiglio Monferrato,1643,0.0393
6001,Acqui Terme,19896,0.0588
6002,Albera Ligure,325,0.098
6003,Alessandria,93943,0.077
6004,Alfiano Natta,744,0.0388
6005,Alice Bel Colle,766,0.0575
6006,Alluvioni Cambiò,912,0.0629
6007,Altavilla Monferrato,468,0.0432
6008,Alzano Scrivia,377,0.070175
6009,Arquata Scrivia,6409,0.0939
6010,Avolasca,294,0.0951
6011,Balzola,1360,0.0378
6012,Basaluzzo,2087,0.0836
6013,Bassignana,1709,0.0601
6014,Belforte Monferrato,515,0.0725
6015,Bergamasco,744,0.0525
6016,Berzano di Tortona,157,0.090875
6017,Bistagno,1887,0.0513
6018,Borghetto di Borbera,1966,0.0959
6019,Borgoratto Alessandrino,584,0.0601
6020,Borgo San Martino,1428,0.0422
6021,Bosco Marengo,2457,0.0808
6022,Bosio,1227,0.0864
6023,Bozzole,319,0.0474
6024,Brignano-Frascata,456,0.096
6025,Cabella Ligure,528,0.0987
6026,Camagna Monferrato,528,0.0432
6027,Camino,807,0.0373
6028,Cantalupo Ligure,527,0.0975
6029,Capriata d'Orba,1904,0.0843
6030,Carbonara Scrivia,1122,0.0864
6031,Carentino,340,0.0556
6032,Carezzano,431,0.093
6033,Carpeneto,977,0.0757
6034,Carrega Ligure,84,0.0988
6035,Carrosio,510,0.09
6036,Cartosio,747,0.0524
6037,Casal Cermelli,1234,0.0702
6038,Casaleggio Boiro,372,0.0797
6039,Casale Monferrato,34437,0.0415
6040,Casalnoceto,980,0.0909
6041,Casasco,129,0.0946
6042,Cassano Spinola,1731,0.0923
6043,Cassine,2961,0.0634
6044,Cassinelle,914,0.0609
6045,Castellania,90,0.0938
6046,Castellar Guidobono,399,0.090033333333333
6047,Castellazzo Bormida,4570,0.0722
6048,Castelletto d'Erro,148,0.0514
6049,Castelletto d'Orba,2047,0.0839
6050,Castelletto Merli,476,0.0383
6051,Castelletto Monferrato,1537,0.0488
6052,Castelnuovo Bormida,694,0.0681
6053,Castelnuovo Scrivia,5274,0.0784
6054,Castelspina,416,0.0636
6055,Cavatore,291,0.0556
6056,Cella Monte,495,0.0397
6057,Cereseto,437,0.0386
6058,Cerreto Grue,323,0.0922
6059,Cerrina Monferrato,1435,0.0381
6060,Coniolo,464,0.0382
6061,Conzano,979,0.0432
6062,Costa Vescovato,335,0.0931
6063,Cremolino,1086,0.0684
6064,Cuccaro Monferrato,340,0.0441
6065,Denice,176,0.0495
6066,Dernice,185,0.0967
6067,Fabbrica Curone,656,0.0989
6068,Felizzano,2344,0.0492
6069,Fraconalto,336,0.0892
6070,Francavilla Bisio,531,0.0867
6071,Frascaro,440,0.0588
6072,Frassinello Monferrato,502,0.0408
6073,Frassineto Po,1460,0.0421
6074,Fresonara,731,0.0781
6075,Frugarolo,1968,0.0744
6076,Fubine,1653,0.0462
6077,Gabiano,1167,0.0376
6078,Gamalero,844,0.0602
6079,Garbagna,696,0.0959
6080,Gavazzana,180,0.0928
6081,Gavi,4614,0.092
6082,Giarole,718,0.0452
6083,Gremiasco,324,0.0971
6084,Grognardo,259,0.0575
6085,Grondona,510,0.0959
6086,Guazzora,305,0.0649
6087,Isola Sant'Antonio,717,0.0674
6088,Lerma,869,0.0788
6089,Lu,1122,0.0463
6090,Malvicino,85,0.0519
6091,Masio,1420,0.0503
6092,Melazzo,1325,0.0545
6093,Merana,189,0.05
6094,Mirabello Monferrato,1374,0.0452
6095,Molare,2181,0.0648
6096,Molino dei Torti,605,0.07
6097,Mombello Monferrato,1038,0.038
6098,Momperone,223,0.0947
6099,Moncestino,213,0.0378
6100,Mongiardino Ligure,165,0.0971
6101,Monleale,566,0.0932
6102,Montacuto,278,0.0974
6103,Montaldeo,265,0.0829
6104,Montaldo Bormida,664,0.0689
6105,Montecastello,321,0.0605
6106,Montechiaro d'Acqui,560,0.0513
6107,Montegioco,313,0.0932
6108,Montemarzino,341,0.094
6109,Morano sul Po,1441,0.0375
6110,Morbello,402,0.0595
6111,Mornese,737,0.0824
6112,Morsasco,679,0.0645
6113,Murisengo,1436,0.0387
6114,Novi Ligure,28154,0.0911
6115,Occimiano,1319,0.0441
6116,Odalengo Grande,442,0.0382
6117,Odalengo Piccolo,262,0.0383
6118,Olivola,122,0.040825
6119,Orsara Bormida,424,0.0651
6120,Ottiglio,629,0.0398
6121,Ovada,11477,0.0731
6122,Oviglio,1265,0.0538
6123,Ozzano Monferrato,1436,0.0388
6124,Paderna,220,0.0911
6125,Pareto,554,0.0522
6126,Parodi Ligure,715,0.0875
6127,Pasturana,1318,0.086
6128,Pecetto di Valenza,1267,0.0566
6129,Pietra Marazzi,904,0.0605
6130,Piovera,851,0.0687
6131,Pomaro Monferrato,355,0.0463
6132,Pontecurone,3723,0.0856
6133,Pontestura,1488,0.0379
6134,Ponti,606,0.0503
6135,Ponzano Monferrato,356,0.0385
6136,Ponzone,1051,0.0554
6137,Pozzol Groppo,328,0.0947
6138,Pozzolo Formigaro,4775,0.0878
6139,Prasco,521,0.0603
6140,Predosa,2048,0.0779
6141,Quargnento,1398,0.0486
6142,Quattordio,1637,0.0458
6143,Ricaldone,684,0.0559
6144,Rivalta Bormida,1446,0.0654
6145,Rivarone,381,0.0603
6146,Roccaforte Ligure,136,0.0964
6147,Rocca Grimalda,1512,0.0786
6148,Rocchetta Ligure,200,0.0968
6149,Rosignano Monferrato,1568,0.0408
6150,Sala Monferrato,352,0.0389
6151,Sale,4172,0.074
6152,San Cristoforo,608,0.0863
6153,San Giorgio Monferrato,1265,0.0391
6154,San Salvatore Monferrato,4299,0.0502
6155,San Sebastiano Curone,583,0.0967
6156,Sant'Agata Fossili,425,0.0936
6157,Sardigliano,406,0.0943
6158,Sarezzano,1171,0.0911
6159,Serralunga di Crea,562,0.0381
6160,Serravalle Scrivia,6128,0.0927
6161,Sezzadio,1246,0.0723
6162,Silvano d'Orba,1988,0.0801
6163,Solero,1645,0.0511
6164,Solonghello,226,0.0378
6165,Spigno Monferrato,1050,0.051
6166,Spineto Scrivia,337,0.0898
6167,Stazzano,2486,0.0942
6168,Strevi,2019,0.0618
6169,Tagliolo Monferrato,1581,0.0761
6170,Tassarolo,672,0.0886
6171,Terruggia,936,0.0407
6172,Terzo,923,0.0527
6173,Ticineto,1371,0.0431
6174,Tortona,27437,0.0882
6175,Treville,281,0.0385
6176,Trisobbio,655,0.0679
6177,Valenza,19178,0.0532
6178,Valmacca,1021,0.045
6179,Vignale Monferrato,1006,0.0424
6180,Vignole Borbera,2182,0.0943
6181,Viguzzolo,3148,0.0897
6182,Villadeati,479,0.0387
6183,Villalvernia,955,0.0909
6184,Villamiroglio,306,0.038
6185,Villanova Monferrato,1876,0.0384
6186,Villaromagnano,715,0.0911
6187,Visone,1194,0.0585
6188,Volpedo,1227,0.0931
6189,Volpeglino,148,0.0895
6190,Voltaggio,738,0.0906
7001,Allein,229,0.1109
7002,Antey-Saint-André,602,0.0864
7003,Aosta,34390,0.102
7004,Arnad,1273,0.0545
7005,Arvier,873,0.1056
7006,Avise,305,0.1123
7007,Ayas,1401,0.1039
7008,Aymavilles,2086,0.0986
7009,Bard,119,0.052533333333333
7010,Bionaz,236,0.1392
7011,Brissogne,1008,0.083
7012,Brusson,897,0.0687
7013,Challand-Saint-Anselme,751,0.0595
7014,Challand-Saint-Victor,564,0.0585
7015,Chambave,931,0.0719
7016,Chamois,97,0.0863
7017,Champdepraz,712,0.063
7018,Champorcher,388,0.0608
7019,Charvensod,2468,0.0933
7020,Châtillon,4772,0.0776
7021,Cogne,1417,0.0898
7022,Courmayeur,2807,0.1355
7023,Donnas,2563,0.0512
7024,Doues,510,0.1183
7025,Emarèse,226,0.0629
7026,Etroubles,501,0.1255
7027,Fénis,1813,0.0743
7028,Fontainemore,440,0.0515
7029,Gaby,468,0.0561
7030,Gignod,1710,0.1103
7031,Gressan,3387,0.0961
7032,Gressoney-La-Trinité,303,0.0945
7033,Gressoney-Saint-Jean,807,0.0702
7034,Hône,1166,0.0519
7035,Introd,658,0.1028
7036,Issime,423,0.0552
7037,Issogne,1400,0.0577
7038,Jovençan,736,0.0986
7039,La Magdeleine,109,0.0792
7040,La Salle,2087,0.1184
7041,La Thuile,761,0.1097
7042,Lillianes,462,0.0522
7043,Montjovet,1801,0.0641
7044,Morgex,2104,0.1149
7045,Nus,2984,0.1049
7046,Ollomont,157,0.134
7047,Oyace,219,0.1146
7048,Perloz,477,0.053
7049,Pollein,1569,0.0866
7050,Pontboset,185,0.0535
7051,Pontey,817,0.0682
7052,Pont-Saint-Martin,3840,0.0494
7053,Pré-Saint-Didier,1050,0.112
7054,Quart,4039,0.0994
7055,Rhêmes-Notre-Dame,89,0.1177
7056,Rhêmes-Saint-Georges,194,0.1035
7057,Roisan,1036,0.1064
7058,Saint-Christophe,3432,0.0982
7059,Saint-Denis,378,0.0748
7060,Saint-Marcel,1362,0.0796
7061,Saint-Nicolas,311,0.1068
7062,Saint-Oyen,203,0.121766666666667
7063,Saint-Pierre,3165,0.1096
7064,Saint-Rhémy-en-Bosses,338,0.1295
7065,Saint-Vincent,4660,0.0701
7066,Sarre,4927,0.1088
7067,Torgnon,558,0.1026
7068,Valgrisenche,196,0.1116
7069,Valpelline,657,0.1116
7070,Valsavarenche,161,0.1172
7071,Valtournenche,2277,0.1298
7072,Verrayes,1302,0.0831
7073,Verrès,2696,0.0568
7074,Villeneuve,1289,0.1007
8001,Airole,407,0.1488
8002,Apricale,629,0.1589
8003,Aquila d'Arroscia,166,0.1303
8004,Armo,111,0.1357
8005,Aurigo,347,0.1581
8006,Badalucco,1136,0.1623
8007,Bajardo,312,0.162
8008,Bordighera,10469,0.1369
8009,Borghetto d'Arroscia,456,0.1487
8010,Borgomaro,865,0.1604
8011,Camporosso,5632,0.1424
8012,Caravonica,282,0.1572
8013,Carpasio,168,0.1618
8014,Castellaro,1256,0.1592
8015,Castel Vittorio,287,0.1625
8016,Ceriana,1250,0.1612
8017,Cervo,1187,0.1491
8018,Cesio,283,0.1535
8019,Chiusanico,607,0.1569
8020,Chiusavecchia,577,0.157766666666667
8021,Cipressa,1290,0.1549
8022,Civezza,609,0.1534
8023,Cosio d'Arroscia,221,0.1402
8024,Costarainera,828,0.1496
8025,Diano Arentino,722,0.1552
8026,Diano Castello,2214,0.15306
8027,Diano Marina,5977,0.1499
8028,Diano San Pietro,1145,0.153
8029,Dolceacqua,2074,0.1546
8030,Dolcedo,1415,0.1602
8031,Imperia,42034,0.1568
8032,Isolabona,679,0.1566
8033,Lucinasco,272,0.1584
8034,Mendatica,185,0.1491
8035,Molini di Triora,617,0.1626
8036,Montalto Ligure,377,0.1621
8037,Montegrosso Pian Latte,118,0.1521
8038,Olivetta San Michele,211,0.1405
8039,Ospedaletti,3367,0.1392
8040,Perinaldo,870,0.1539
8041,Pietrabruna,501,0.1585
8042,Pieve di Teco,1338,0.1546
8043,Pigna,859,0.1622
8044,Pompeiana,823,0.156
8045,Pontedassio,2323,0.158
8046,Pornassio,685,0.1509
8047,Prelà,503,0.1612
8048,Ranzo,557,0.1438
8049,Rezzo,366,0.1595
8050,Riva Ligure,2910,0.158833333333333
8051,Rocchetta Nervina,298,0.1572
8052,San Bartolomeo al Mare,3129,0.1504
8053,San Biagio della Cima,1329,0.1454
8054,San Lorenzo al Mare,1297,0.153675
8055,Sanremo,54807,0.1562
8056,Santo Stefano al Mare,2197,0.154466666666667
8057,Seborga,315,0.145
8058,Soldano,977,0.147366666666667
8059,Taggia,14116,0.1613
8060,Terzorio,216,0.1525
8061,Triora,355,0.1617
8062,Vallebona,1310,0.1428
8063,Vallecrosia,6956,0.1341
8064,Vasia,389,0.1605
8065,Ventimiglia,24310,0.1439
8066,Vessalico,282,0.1499
8067,Villa Faraldi,444,0.1529
9001,Alassio,10934,0.1423
9002,Albenga,24213,0.1352
9003,Albissola Marina,5487,0.0546
9004,Albisola Superiore,10163,0.0532
9005,Altare,2108,0.0582
9006,Andora,7552,0.1478
9007,Arnasco,645,0.1319
9008,Balestrino,595,0.1143
9009,Bardineto,756,0.0995
9010,Bergeggi,1129,0.0582
9011,Boissano,2492,0.102
9012,Borghetto Santo Spirito,4948,0.1119
9013,Borgio Verezzi,2205,0.088566666666667
9014,Bormida,387,0.0729
9015,Cairo Montenotte,13269,0.0558
9016,Calice Ligure,1730,0.0759
9017,Calizzano,1475,0.0836
9018,Carcare,5587,0.0571
9019,Casanova Lerrone,749,0.1524
9020,Castelbianco,330,0.1272
9021,Castelvecchio di Rocca Barbena,145,0.1164
9022,Celle Ligure,5237,0.0528
9023,Cengio,3563,0.0567
9024,Ceriale,5561,0.1209
9025,Cisano sul Neva,2085,0.1298
9026,Cosseria,1105,0.0565
9027,Dego,1985,0.0526
9028,Erli,245,0.1126
9029,Finale Ligure,11711,0.0831
9030,Garlenda,1254,0.1474
9031,Giustenice,977,0.0927
9032,Giusvalla,441,0.0517
9033,Laigueglia,1810,0.1393
9034,Loano,11407,0.099
9035,Magliolo,974,0.0825
9036,Mallare,1146,0.0665
9037,Massimino,113,0.0713
9038,Millesimo,3383,0.0612
9039,Mioglia,526,0.0513
9040,Murialdo,841,0.0688
9041,Nasino,207,0.1229
9042,Noli,2736,0.0689
9043,Onzo,219,0.1409
9044,Orco Feglino,890,0.071
9045,Ortovero,1586,0.1392
9046,Osiglia,444,0.0707
9047,Pallare,923,0.0611
9048,Piana Crixia,788,0.0511
9049,Pietra Ligure,8992,0.096
9050,Plodio,650,0.0578
9051,Pontinvrea,847,0.0523
9052,Quiliano,7232,0.0619
9053,Rialto,564,0.0782
9054,Roccavignale,752,0.0601
9055,Sassello,1777,0.0564
9056,Savona,61345,0.056
9057,Spotorno,3803,0.0633
9058,Stella,3009,0.0525
9059,Stellanello,808,0.1535
9060,Testico,196,0.151
9061,Toirano,2644,0.109
9062,Tovo San Giacomo,2582,0.0866
9063,Urbe,700,0.0585
9064,Vado Ligure,8336,0.0627
9065,Varazze,13251,0.053
9066,Vendone,388,0.1338
9067,Vezzi Portio,809,0.0654
9068,Villanova d'Albenga,2657,0.1393
9069,Zuccarello,309,0.1234
10001,Arenzano,11519,0.0564
10002,Avegno,2525,0.0858
10003,Bargagli,2708,0.0829
10004,Bogliasco,4488,0.08
10005,Borzonasca,2049,0.1387
10006,Busalla,5563,0.0932
10007,Camogli,5378,0.0804
10008,Campo Ligure,2955,0.0711
10009,Campomorone,6996,0.0833
10010,Carasco,3733,0.1133
10011,Casarza Ligure,6826,0.1289
10012,Casella,3144,0.0894
10013,Castiglione Chiavarese,1616,0.1253
10014,Ceranesi,3875,0.0761
10015,Chiavari,27398,0.107
10016,Cicagna,2502,0.096
10017,Cogoleto,9172,0.0538
10018,Cogorno,5676,0.1112
10019,Coreglia Ligure,285,0.0962
10020,Crocefieschi,548,0.0945
10021,Davagna,1884,0.0916
10022,Fascia,81,0.101
10023,Favale di Malvaro,466,0.1019
10024,Fontanigorda,277,0.1054
10025,Genova,586655,0.083
10026,Gorreto,97,0.1023
10027,Isola del Cantone,1540,0.0956
10028,Lavagna,12791,0.114
10029,Leivi,2442,0.1033
10030,Lorsica,468,0.1
10031,Lumarzo,1535,0.0918
10032,Masone,3679,0.0687
10033,Mele,2725,0.064
10034,Mezzanego,1537,0.1266
10035,Mignanego,3675,0.0876
10036,Moconesi,2614,0.0988
10037,Moneglia,2809,0.1152
10038,Montebruno,240,0.1027
10039,Montoggio,2067,0.0927
10040,Ne,2259,0.137
10041,Neirone,916,0.0982
10042,Orero,565,0.1045
10043,Pieve Ligure,2544,0.0776
10044,Portofino,420,0.0785
10045,Propata,142,0.0988
10046,Rapallo,29796,0.0927
10047,Recco,9752,0.0801
10048,Rezzoaglio,995,0.1271
10049,Ronco Scrivia,4417,0.093
10050,Rondanina,62,0.0997
10051,Rossiglione,2779,0.0708
10052,Rovegno,554,0.1102
10053,San Colombano Certenoli,2683,0.1098
10054,Santa Margherita Ligure,9338,0.081
10055,Sant'Olcese,5906,0.0854
10056,Santo Stefano d'Aveto,1126,0.1561
10057,Savignone,3205,0.0924
10058,Serra Riccò,7885,0.0855
10059,Sestri Levante,18578,0.1215
10060,Sori,4205,0.0828
10061,Tiglieto,546,0.0614
10062,Torriglia,2311,0.0979
10063,Tribogna,614,0.0907
10064,Uscio,2284,0.0881
10065,Valbrevenna,798,0.0967
10066,Vobbia,409,0.0967
10067,Zoagli,2472,0.0958
11001,Ameglia,4365,0.1261
11002,Arcola,10607,0.1311
11003,Beverino,2429,0.1385
11004,Bolano,7813,0.1534
11005,Bonassola,862,0.1135
11006,Borghetto di Vara,938,0.1333
11007,Brugnato,1270,0.1412
11008,Calice al Cornoviglio,1138,0.1657
11009,Carro,545,0.14
11010,Carrodano,503,0.1339
11011,Castelnuovo Magra,8415,0.1474
11012,Deiva Marina,1392,0.1208
11013,Follo,6337,0.1423
11014,Framura,666,0.1202
11015,La Spezia,93959,0.1299
11016,Lerici,10228,0.1271
11017,Levanto,5499,0.1234
11018,Maissana,616,0.1482
11019,Monterosso al Mare,1464,0.1219
11020,Ortonovo,8277,0.1453
11021,Pignone,565,0.1291
11022,Portovenere,3630,0.1093
11023,Riccò del Golfo di Spezia,3698,0.1307
11024,Riomaggiore,1576,0.1123
11025,Rocchetta di Vara,703,0.1672
11026,Santo Stefano di Magra,9360,0.1449
11027,Sarzana,21976,0.1504
11028,Sesta Godano,1377,0.1788
11029,Varese Ligure,2059,0.1807
11030,Vernazza,848,0.1181
11031,Vezzano Ligure,7356,0.1347
11032,Zignago,532,0.1703
12001,Agra,397,0.041
12002,Albizzate,5341,0.0377
12003,Angera,5607,0.0387
12004,Arcisate,9975,0.0384
12005,Arsago Seprio,4957,0.0375
12006,Azzate,4648,0.038
12007,Azzio,796,0.039183333333333
12008,Barasso,1656,0.038566666666667
12009,Bardello,1582,0.0386
12010,Bedero Valcuvia,671,0.0386
12011,Besano,2544,0.0384
12012,Besnate,5554,0.0376
12013,Besozzo,9106,0.0392
12014,Biandronno,3347,0.0383
12015,Bisuschio,4355,0.0384
12016,Bodio Lomnago,2151,0.038
12017,Brebbia,3254,0.0394
12018,Bregano,855,0.0384
12019,Brenta,1747,0.0399
12020,Brezzo di Bedero,1213,0.0409
12021,Brinzio,847,0.0385
12022,Brissago-Valtravaglia,1263,0.0398
12023,Brunello,984,0.03798
12024,Brusimpiano,1194,0.0386
12025,Buguggiate,3060,0.038
12026,Busto Arsizio,83106,0.0383
12027,Cadegliano-Viconago,2125,0.0391
12028,Cadrezzate,1817,0.0385
12029,Cairate,7827,0.0384
12030,Cantello,4728,0.0384
12031,Caravate,2563,0.0395
12032,Cardano al Campo,14789,0.0376
12033,Carnago,6630,0.0381
12034,Caronno Pertusella,17525,0.0419
12035,Caronno Varesino,4952,0.0381
12036,Casale Litta,2690,0.0379
12037,Casalzuigno,1378,0.0395
12038,Casciago,3809,0.0383
12039,Casorate Sempione,5699,0.0376
12040,Cassano Magnago,21622,0.038
12041,Cassano Valcuvia,664,0.03915
12042,Castellanza,14295,0.0385
12043,Castello Cabiaglio,581,0.0388
12044,Castelseprio,1307,0.0383
12045,Castelveccana,1999,0.0418
12046,Castiglione Olona,7753,0.0383
12047,Castronno,5268,0.0379
12048,Cavaria con Premezzo,5819,0.03784
12049,Cazzago Brabbia,827,0.0381
12050,Cislago,10329,0.0393
12051,Cittiglio,3960,0.0405
12052,Clivio,1980,0.038466666666667
12053,Cocquio-Trevisago,4742,0.0389
12054,Comabbio,1164,0.038066666666667
12055,Comerio,2803,0.0385
12056,Cremenaga,804,0.0393
12057,Crosio della Valle,617,0.03785
12058,Cuasso al Monte,3612,0.0386
12059,Cugliate-Fabiasco,3114,0.0388
12060,Cunardo,2934,0.0389
12061,Curiglia con Monteviasco,182,0.0401
12062,Cuveglio,3402,0.039
12063,Cuvio,1680,0.0387
12064,Daverio,3113,0.0379
12065,Dumenza,1458,0.0404
12066,Duno,138,0.0392
12067,Fagnano Olona,12440,0.0384
12068,Ferno,6907,0.0377
12069,Ferrera di Varese,725,0.0389
12070,Gallarate,53343,0.038
12071,Galliate Lombardo,986,0.038066666666667
12072,Gavirate,9323,0.0387
12073,Gazzada Schianno,4647,0.0381
12074,Gemonio,2875,0.0392
12075,Gerenzano,10839,0.0398
12076,Germignaga,3880,0.0415
12077,Golasecca,2699,0.0375
12078,Gorla Maggiore,4989,0.0386
12079,Gorla Minore,8479,0.0389
12080,Gornate Olona,2243,0.0383
12081,Grantola,1275,0.0392
12082,Inarzo,1066,0.038
12083,Induno Olona,10329,0.0383
12084,Ispra,5345,0.0391
12085,Jerago con Orago,5173,0.0377
12086,Lavena Ponte Tresa,5681,0.0387
12087,Laveno-Mombello,8813,0.0419
12088,Leggiuno,3776,0.0405
12089,Lonate Ceppino,4959,0.0384
12090,Lonate Pozzolo,11903,0.0377
12091,Lozza,1262,0.038283333333333
12092,Luino,14786,0.0413
12093,Luvinate,1309,0.0384
12095,Malgesso,1309,0.03884
12096,Malnate,16847,0.0384
12097,Marchirolo,3457,0.038833333333333
12098,Marnate,7698,0.0387
12099,Marzio,337,0.03875
12100,Masciago Primo,294,0.0388
12101,Mercallo,1819,0.0379
12102,Mesenzana,1485,0.0394
12103,Montegrino Valtravaglia,1483,0.0397
12104,Monvalle,1948,0.0395
12105,Morazzone,4259,0.0381
12106,Mornago,5029,0.0378
12107,Oggiona con Santo Stefano,4284,0.0379
12108,Olgiate Olona,12394,0.0384
12109,Origgio,7700,0.0407
12110,Orino,847,0.0389
12111,Osmate,805,0.0381
12113,Porto Ceresio,2938,0.0385
12114,Porto Valtravaglia,2368,0.0416
12115,Rancio Valcuvia,902,0.039
12116,Ranco,1314,0.039
12117,Saltrio,3027,0.0385
12118,Samarate,16040,0.0379
12119,Saronno,39401,0.0416
12120,Sesto Calende,11079,0.038
12121,Solbiate Arno,4212,0.0379
12122,Solbiate Olona,5508,0.0384
12123,Somma Lombardo,17779,0.0375
12124,Sumirago,6202,0.0378
12125,Taino,3709,0.0385
12126,Ternate,2555,0.038
12127,Tradate,18750,0.0388
12128,Travedona-Monate,4029,0.0386
12129,Tronzano Lago Maggiore,238,0.0429
12130,Uboldo,10658,0.04
12131,Valganna,1576,0.0386
12132,Varano Borghi,2461,0.0379
12133,Varese,80799,0.0383
12134,Vedano Olona,7360,0.0385
12136,Venegono Inferiore,6170,0.0385
12137,Venegono Superiore,7293,0.0385
12138,Vergiate,8814,0.0378
12139,Viggiù,5292,0.0385
12140,Vizzola Ticino,566,0.0374
12141,Sangiano,1526,0.0399
12142,Maccagno con Pino e Veddasca,2568,0.0434
13003,Albavilla,6449,0.0439
13004,Albese con Cassano,4201,0.0428
13005,Albiolo,2739,0.0389
13006,Alserio,1227,0.044733333333333
13007,Alzate Brianza,5026,0.045
13009,Anzano del Parco,1771,0.0458
13010,Appiano Gentile,7719,0.0393
13011,Argegno,681,0.0398
13012,Arosio,4983,0.047133333333333
13013,Asso,3587,0.0456
13015,Barni,599,0.0441
13021,Bene Lario,330,0.0397
13022,Beregazzo con Figliaro,2745,0.0389
13023,Binago,4821,0.0387
13024,Bizzarone,1552,0.0387
13025,Blessagno,272,0.0395
13026,Blevio,1187,0.0411
13028,Bregnano,6501,0.04108
13029,Brenna,2133,0.0455
13030,Brienno,359,0.04
13032,Brunate,1749,0.0412
13034,Bulgarograsso,3992,0.03956
13035,Cabiate,7553,0.0455
13036,Cadorago,7897,0.0405
13037,Caglio,451,0.044
13038,Cagno,2063,0.0386
13040,Campione d'Italia,1995,0.0387
13041,Cantù,39930,0.0446
13042,Canzo,5081,0.0483
13043,Capiago Intimiano,5584,0.0422
13044,Carate Urio,1171,0.0405
13045,Carbonate,2941,0.039016666666667
13046,Carimate,4485,0.04346
13047,Carlazzo,3103,0.0395
13048,Carugo,6396,0.0461
13050,Casasco d'Intelvi,464,0.03945
13052,Caslino d'Erba,1669,0.0451
13053,Casnate con Bernate,4926,0.0408
13055,Cassina Rizzardi,3290,0.0396
13058,Castelmarte,1320,0.045975
13059,Castelnuovo Bozzente,929,0.038925
13060,Castiglione d'Intelvi,1182,0.0394
13062,Cavargna,227,0.039
13063,Cerano d'Intelvi,557,0.0395
13064,Cermenate,9144,0.0415
13065,Cernobbio,6745,0.0398
13068,Cirimido,2106,0.040075
13071,Claino con Osteno,544,0.0393
13074,Colonno,504,0.0397
13075,Como,84495,0.0413
13077,Corrido,843,0.0392
13083,Cremia,710,0.0407
13084,Cucciago,3476,0.0419
13085,Cusino,223,0.0394
13087,Dizzasco,624,0.0396
13089,Domaso,1472,0.042
13090,Dongo,3432,0.0406
13092,Dosso del Liro,264,0.0408
13095,Erba,16415,0.0466
13097,Eupilio,2633,0.0481
13098,Faggeto Lario,1212,0.0424
13099,Faloppio,4735,0.0391
13100,Fenegrò,3213,0.0395
13101,Figino Serenza,5255,0.0434
13102,Fino Mornasco,9823,0.0403
13106,Garzeno,806,0.0397
13107,Gera Lario,1027,0.0446
13110,Grandate,2871,0.0405
13111,Grandola ed Uniti,1302,0.0399
13113,Griante,629,0.0412
13114,Guanzate,5788,0.0398
13118,Inverigo,9136,0.0471
13119,Laglio,885,0.0408
13120,Laino,499,0.039471428571429
13121,Lambrugo,2466,0.048
13123,Lasnigo,482,0.0448
13126,Lezzeno,2060,0.0415
13128,Limido Comasco,3899,0.03954
13129,Lipomo,5878,0.0419
13130,Livo,172,0.0431
13131,Locate Varesino,4349,0.0388
13133,Lomazzo,9849,0.0407
13134,Longone al Segrino,1878,0.047666666666667
13135,Luisago,2750,0.04022
13136,Lurago d'Erba,5438,0.0464
13137,Lurago Marinone,2581,0.0394
13138,Lurate Caccivio,9934,0.0392
13139,Magreglio,665,0.0434
13143,Mariano Comense,24484,0.0466
13144,Maslianico,3326,0.04055
13145,Menaggio,3143,0.0408
13147,Merone,4147,0.0473
13152,Moltrasio,1607,0.0402
13153,Monguzzo,2302,0.046
13154,Montano Lucino,5149,0.0398
13155,Montemezzo,243,0.0437
13157,Montorfano,2603,0.04276
13159,Mozzate,8964,0.0392
13160,Musso,1001,0.041633333333333
13161,Nesso,1240,0.0428
13163,Novedrate,2892,0.0437
13165,Olgiate Comasco,11597,0.0391
13169,Oltrona di San Mamette,2380,0.0392
13170,Orsenigo,2823,0.0445
13178,Peglio,167,0.0417
13183,Pianello del Lario,1058,0.0406
13184,Pigra,258,0.0399
13185,Plesio,835,0.0401
13186,Pognana Lario,744,0.0419
13187,Ponna,254,0.0394
13188,Ponte Lambro,4334,0.0439
13189,Porlezza,4890,0.0394
13192,Proserpio,926,0.04745
13193,Pusiano,1367,0.0484
13195,Rezzago,306,0.0444
13197,Rodero,1326,0.0386
13199,Ronago,1740,0.039
13201,Rovellasca,7724,0.0409
13202,Rovello Porro,6212,0.0411
13203,Sala Comacina,552,0.0403
13204,San Bartolomeo Val Cavargna,1027,0.0392
13205,San Fedele Intelvi,1808,0.0393
13206,San Fermo della Battaglia,7682,0.0396
13207,San Nazzaro Val Cavargna,314,0.0391
13211,Schignano,864,0.0396
13212,Senna Comasco,3234,0.0416
13215,Solbiate,2565,0.038766666666667
13216,Sorico,1246,0.0459
13217,Sormano,639,0.0437
13218,Stazzona,615,0.0407
13222,Tavernerio,5770,0.0424
13223,Torno,1155,0.0408
13226,Trezzone,239,0.0436
13227,Turate,9356,0.0403
13228,Uggiate-Trevano,4906,0.0388
13229,Valbrona,2722,0.0469
13232,Valmorea,2669,0.038725
13233,Val Rezzo,173,0.039
13234,Valsolda,1559,0.0391
13236,Veleso,231,0.0417
13238,Veniano,2957,0.0395
13239,Vercana,757,0.0425
13242,Vertemate con Minoprio,4076,0.041
13245,Villa Guardia,8022,0.0399
13246,Zelbio,211,0.0422
13248,San Siro,1739,0.0409
13249,Gravedona ed Uniti,4218,0.0413
13250,Bellagio,3758,0.0427
13251,Colverde,5434,0.0393
13252,Tremezzina,5180,0.041
13253,Alta Valle Intelvi,2885,0.0392
14001,Albaredo per San Marco,315,0.0526
14002,Albosaggia,3094,0.0803
14003,Andalo Valtellino,548,0.0465
14004,Aprica,1588,0.0697
14005,Ardenno,3262,0.0588
14006,Bema,121,0.0514
14007,Berbenno di Valtellina,4210,0.0784
14008,Bianzone,1285,0.0922
14009,Bormio,4121,0.11
14010,Buglio in Monte,2016,0.0768
14011,Caiolo,1085,0.0761
14012,Campodolcino,985,0.0554
14013,Caspoggio,1411,0.1093
14014,Castello dell'Acqua,622,0.0828
14015,Castione Andevenno,1575,0.0805
14016,Cedrasco,460,0.0624
14017,Cercino,784,0.0485
14018,Chiavenna,7379,0.0518
14019,Chiesa in Valmalenco,2514,0.1147
14020,Chiuro,2534,0.1147
14021,Cino,367,0.0472
14022,Civo,1109,0.0543
14023,Colorina,1410,0.0639
14024,Cosio Valtellino,5498,0.0489
14025,Dazio,453,0.055275
14026,Delebio,3207,0.0455
14027,Dubino,3675,0.046
14028,Faedo Valtellino,566,0.094225
14029,Forcola,811,0.0581
14030,Fusine,579,0.0647
14031,Gerola Alta,160,0.052
14032,Gordona,1959,0.0472
14033,Grosio,4443,0.118
14034,Grosotto,1622,0.1094
14035,Madesimo,525,0.0597
14036,Lanzada,1341,0.122
14037,Livigno,6389,0.1244
14038,Lovero,661,0.0748
14039,Mantello,756,0.0468
14040,Mazzo di Valtellina,1022,0.0843
14041,Mello,952,0.0499
14043,Mese,1800,0.048
14044,Montagna in Valtellina,3032,0.115
14045,Morbegno,12221,0.054
14046,Novate Mezzola,1882,0.0592
14047,Pedesina,39,0.0478
14048,Piantedo,1357,0.0445
14049,Piateda,2219,0.0902
14050,Piuro,1929,0.0706
14051,Poggiridenti,1924,0.104166666666667
14052,Ponte in Valtellina,2362,0.108
14053,Postalesio,657,0.07715
14054,Prata Camportaccio,2952,0.0524
14055,Rasura,289,0.0487
14056,Rogolo,558,0.0465
14057,Samolaco,2888,0.0472
14058,San Giacomo Filippo,373,0.0529
14059,Sernio,486,0.0839
14060,Sondalo,4136,0.0956
14061,Sondrio,21778,0.0914
14062,Spriana,97,0.1012
14063,Talamona,4720,0.054
14064,Tartano,195,0.0574
14065,Teglio,4540,0.102
14066,Tirano,9130,0.0834
14067,Torre di Santa Maria,773,0.1008
14068,Tovo di Sant'Agata,628,0.0713
14069,Traona,2715,0.0493
14070,Tresivio,2030,0.1073
14071,Valdidentro,4125,0.1239
14072,Valdisotto,3556,0.1134
14073,Valfurva,2638,0.1008
14074,Val Masino,908,0.0846
14075,Verceia,1134,0.0499
14076,Vervio,217,0.0895
14077,Villa di Chiavenna,1010,0.0587
14078,Villa di Tirano,3000,0.0827
15002,Abbiategrasso,32585,0.0432
15005,Albairate,4684,0.0425
15007,Arconate,6671,0.0385
15009,Arese,19187,0.0438
15010,Arluno,11895,0.04
15011,Assago,8879,0.0491
15012,Bareggio,17293,0.0423
15014,Basiano,3650,0.078
15015,Basiglio,7769,0.0521
15016,Bellinzago Lombardo,3836,0.0723
15019,Bernate Ticino,3076,0.0386
15022,Besate,2064,0.0482
15024,Binasco,7265,0.0511
15026,Boffalora sopra Ticino,4143,0.0389
15027,Bollate,36392,0.046
15032,Bresso,26263,0.0494
15035,Bubbiano,2411,0.0478
15036,Buccinasco,27224,0.0473
15038,Buscate,4777,0.0382
15040,Bussero,8582,0.0641
15041,Busto Garolfo,13838,0.0391
15042,Calvignasco,1199,0.0487
15044,Cambiago,6843,0.071885714285714
15046,Canegrate,12511,0.039
15050,Carpiano,4122,0.0579
15051,Carugate,15146,0.063883333333333
15055,Casarile,4091,0.0526
15058,Casorezzo,5483,0.0393
15059,Cassano d'Adda,18880,0.0895
15060,Cassina de' Pecchi,13652,0.0639
15061,Cassinetta di Lugagnano,1914,0.0406
15062,Castano Primo,11305,0.038
15070,Cernusco sul Naviglio,33436,0.0604
15071,Cerro al Lambro,5061,0.0617
15072,Cerro Maggiore,15257,0.0396
15074,Cesano Boscone,23792,0.0456
15076,Cesate,14215,0.0429
15077,Cinisello Balsamo,75078,0.051
15078,Cisliano,4760,0.0434
15081,Cologno Monzese,47971,0.0554
15082,Colturano,2100,0.0598
15085,Corbetta,18285,0.0413
15086,Cormano,20118,0.048583333333333
15087,Cornaredo,20459,0.0427
15093,Corsico,35032,0.0462
15096,Cuggiono,8226,0.0382
15097,Cusago,3902,0.0437
15098,Cusano Milanino,18886,0.0475
15099,Dairago,6331,0.0384
15101,Dresano,3059,0.06184
15103,Gaggiano,9032,0.0457
15105,Garbagnate Milanese,27175,0.0432
15106,Gessate,8872,0.0731
15108,Gorgonzola,20233,0.0683
15110,Grezzago,3030,0.087
15112,Gudo Visconti,1667,0.0448
15113,Inveruno,8604,0.0386
15114,Inzago,10927,0.0831
15115,Lacchiarella,8944,0.0578
15116,Lainate,25708,0.0412
15118,Legnano,60262,0.0388
15122,Liscate,4095,0.0666
15125,Locate di Triulzi,10050,0.0557
15130,Magenta,23654,0.0397
15131,Magnago,9278,0.0379
15134,Marcallo con Casone,6240,0.0394
15136,Masate,3530,0.078
15139,Mediglia,12215,0.0618
15140,Melegnano,17716,0.0591
15142,Melzo,18710,0.0715
15144,Mesero,4151,0.0388
15146,Milano,1345851,0.0534
15150,Morimondo,1140,0.0468
15151,Motta Visconti,7849,0.0493
15154,Nerviano,17343,0.0407
15155,Nosate,685,0.0376
15157,Novate Milanese,20065,0.0463
15158,Noviglio,4560,0.0487
15159,Opera,13748,0.0534
15164,Ossona,4268,0.0392
15165,Ozzero,1495,0.0432
15166,Paderno Dugnano,46633,0.0489
15167,Pantigliate,6064,0.0595
15168,Parabiago,27692,0.0398
15169,Paullo,11455,0.0645
15170,Pero,11084,0.0442
15171,Peschiera Borromeo,23397,0.0576
15172,Pessano con Bornago,9109,0.0685
15173,Pieve Emanuele,16183,0.0558
15175,Pioltello,36912,0.0577
15176,Pogliano Milanese,8379,0.04125
15177,Pozzo d'Adda,6032,0.0837
15178,Pozzuolo Martesana,8458,0.0769
15179,Pregnana Milanese,7204,0.0414
15181,Rescaldina,14144,0.0394
15182,Rho,50434,0.0432
15183,Robecchetto con Induno,4903,0.0379
15184,Robecco sul Naviglio,6812,0.0401
15185,Rodano,4646,0.0599
15188,Rosate,5683,0.0477
15189,Rozzano,42475,0.0509
15191,San Colombano al Lambro,7343,0.0829
15192,San Donato Milanese,32492,0.0546
15194,San Giorgio su Legnano,6826,0.038875
15195,San Giuliano Milanese,38226,0.0579
15200,Santo Stefano Ticino,5003,0.0398
15201,San Vittore Olona,8420,0.0392
15202,San Zenone al Lambro,4496,0.0628
15204,Sedriano,11969,0.0415
15205,Segrate,35037,0.0556
15206,Senago,21795,0.0444
15209,Sesto San Giovanni,81608,0.0533
15210,Settala,7430,0.0659
15211,Settimo Milanese,19913,0.044
15213,Solaro,14205,0.0426
15219,Trezzano Rosa,5141,0.0839
15220,Trezzano sul Naviglio,20790,0.0459
15221,Trezzo sull'Adda,12063,0.09
15222,Tribiano,3515,0.0616
15224,Truccazzano,6000,0.0807
15226,Turbigo,7335,0.0377
15229,Vanzago,9141,0.041
15230,Vaprio d'Adda,8808,0.0904
15235,Vermezzo,3920,0.0445
15236,Vernate,3348,0.0502
15237,Vignate,9310,0.0635
15242,Vimodrone,17028,0.0555
15243,Vittuone,8977,0.0404
15244,Vizzolo Predabissi,3928,0.0611
15246,Zelo Surrigone,1771,0.044
15247,Zibido San Giacomo,6861,0.051
15248,Villa Cortese,6213,0.0386
15249,Vanzaghello,5379,0.0379
15250,Baranzate,11824,0.045
16001,Adrara San Martino,2225,0.1297
16002,Adrara San Rocco,837,0.1265
16003,Albano Sant'Alessandro,8252,0.1252
16004,Albino,18074,0.1206
16005,Almè,5652,0.095125
16006,Almenno San Bartolomeo,6209,0.0937
16007,Almenno San Salvatore,5749,0.0897
16008,Alzano Lombardo,13636,0.1138
16009,Ambivere,2398,0.081825
16010,Antegnate,3206,0.1279
16011,Arcene,4811,0.1082
16012,Ardesio,3518,0.076
16013,Arzago d'Adda,2718,0.0925
16014,Averara,188,0.0552
16015,Aviatico,543,0.1029
16016,Azzano San Paolo,7602,0.1193
16017,Azzone,406,0.0709
16018,Bagnatica,4292,0.128
16019,Barbata,707,0.1228
16020,Bariano,4342,0.1214
16021,Barzana,1951,0.0885
16022,Bedulita,746,0.0772
16023,Berbenno,2377,0.0738
16024,Bergamo,119381,0.1179
16025,Berzo San Fermo,1362,0.1259
16026,Bianzano,629,0.1125
16027,Blello,71,0.0737
16028,Bolgare,6151,0.1336
16029,Boltiere,6013,0.106466666666667
16030,Bonate Sopra,9630,0.0966625
16031,Bonate Sotto,6670,0.0996
16032,Borgo di Terzo,1146,0.12434
16033,Bossico,993,0.0986
16034,Bottanuco,5148,0.0891
16035,Bracca,717,0.0906
16036,Branzi,713,0.0622
16037,Brembate,8616,0.09984
16038,Brembate di Sopra,7892,0.0936
16040,Brignano Gera d'Adda,6031,0.121
16041,Brumano,109,0.0618
16042,Brusaporto,5569,0.126
16043,Calcinate,5958,0.1322
16044,Calcio,5352,0.1317
16046,Calusco d'Adda,8328,0.0832
16047,Calvenzano,4188,0.1007
16048,Camerata Cornello,630,0.0668
16049,Canonica d'Adda,4474,0.0964
16050,Capizzone,1270,0.081
16051,Capriate San Gervasio,8066,0.0966
16052,Caprino Bergamasco,3105,0.0725
16053,Caravaggio,16049,0.1177
16055,Carobbio degli Angeli,4697,0.1313
16056,Carona,335,0.0628
16057,Carvico,4656,0.0756
16058,Casazza,4026,0.1219
16059,Casirate d'Adda,4115,0.0954
16060,Casnigo,3273,0.1005
16061,Cassiglio,109,0.0575
16062,Castelli Calepio,10377,0.1355
16063,Castel Rozzone,2916,0.112475
16064,Castione della Presolana,3452,0.0886
16065,Castro,1356,0.1108
16066,Cavernago,2624,0.1304
16067,Cazzano Sant'Andrea,1675,0.10785
16068,Cenate Sopra,2545,0.1234
16069,Cenate Sotto,3745,0.1267
16070,Cene,4300,0.1112
16071,Cerete,1610,0.0975
16072,Chignolo d'Isola,3335,0.0918
16073,Chiuduno,5990,0.1337
16074,Cisano Bergamasco,6394,0.071
16075,Ciserano,5769,0.1085
16076,Cividate al Piano,5215,0.1337
16077,Clusone,8610,0.0915
16078,Colere,1136,0.0738
16079,Cologno al Serio,11133,0.1254
16080,Colzate,1668,0.0941
16081,Comun Nuovo,4331,0.1178
16082,Corna Imagna,968,0.0705
16083,Cortenuova,1978,0.1312
16084,Costa di Mezzate,3333,0.1299
16085,Costa Valle Imagna,600,0.0669
16086,Costa Volpino,9262,0.106
16087,Covo,4041,0.1298
16088,Credaro,3542,0.132683333333333
16089,Curno,7651,0.1057
16090,Cusio,246,0.0541
16091,Dalmine,23281,0.1108
16092,Dossena,947,0.0759
16093,Endine Gaiano,3496,0.1187
16094,Entratico,1947,0.1285
16096,Fara Gera d'Adda,7979,0.0956
16097,Fara Olivana con Sola,1293,0.1224
16098,Filago,3218,0.0953
16099,Fino del Monte,1130,0.091675
16100,Fiorano al Serio,3000,0.1056
16101,Fontanella,4511,0.1256
16102,Fonteno,637,0.1237
16103,Foppolo,193,0.0584
16104,Foresto Sparso,3100,0.1316
16105,Fornovo San Giovanni,3429,0.1189
16106,Fuipiano Valle Imagna,220,0.0645
16107,Gandellino,1012,0.0666
16108,Gandino,5434,0.1077
16109,Gandosso,1491,0.13225
16110,Gaverina Terme,874,0.117
16111,Gazzaniga,5092,0.1044
16113,Ghisalba,6175,0.1308
16114,Gorlago,5159,0.1303
16115,Gorle,6610,0.118633333333333
16116,Gorno,1612,0.0886
16117,Grassobbio,6406,0.1272
16118,Gromo,1213,0.0691
16119,Grone,910,0.1262
16120,Grumello del Monte,7366,0.1345
16121,Isola di Fondra,186,0.0623
16122,Isso,650,0.1196
16123,Lallio,4172,0.113525
16124,Leffe,4531,0.112
16125,Lenna,612,0.0647
16126,Levate,3809,0.1124
16127,Locatello,822,0.06605
16128,Lovere,5270,0.1051
16129,Lurano,2792,0.1134
16130,Luzzana,912,0.1253
16131,Madone,3959,0.0938
16132,Mapello,6815,0.0863
16133,Martinengo,10448,0.1326
16134,Mezzoldo,172,0.0563
16135,Misano di Gera d'Adda,2964,0.1028
16136,Moio de' Calvi,211,0.0614
16137,Monasterolo del Castello,1150,0.1178
16139,Montello,3260,0.1278
16140,Morengo,2554,0.1246
16141,Mornico al Serio,2965,0.1327
16142,Mozzanica,4589,0.1122
16143,Mozzo,7481,0.105775
16144,Nembro,11622,0.1162
16145,Olmo al Brembo,499,0.0588
16146,Oltre il Colle,1024,0.0806
16147,Oltressenda Alta,161,0.0764
16148,Oneta,622,0.0874
16149,Onore,866,0.0879
16150,Orio al Serio,1770,0.12288
16151,Ornica,155,0.053
16152,Osio Sopra,5235,0.1071
16153,Osio Sotto,12443,0.1082
16154,Pagazzano,2090,0.1156
16155,Paladina,4055,0.10126
16156,Palazzago,4475,0.0829
16157,Palosco,5819,0.1341
16158,Parre,2751,0.0848
16159,Parzanica,362,0.1243
16160,Pedrengo,6042,0.1208
16161,Peia,1839,0.1071
16162,Pianico,1460,0.11
16163,Piario,1095,0.0856
16164,Piazza Brembana,1222,0.06
16165,Piazzatorre,410,0.0583
16166,Piazzolo,88,0.0579
16167,Pognano,1602,0.113375
16168,Ponte Nossa,1819,0.0903
16169,Ponteranica,6849,0.1073
16170,Ponte San Pietro,11478,0.0972
16171,Pontida,3301,0.0778
16172,Pontirolo Nuovo,4974,0.1027
16173,Pradalunga,4673,0.118
16174,Predore,1853,0.1333
16175,Premolo,1138,0.084
16176,Presezzo,4898,0.095
16177,Pumenengo,1712,0.1299
16178,Ranica,5981,0.1108
16179,Ranzanico,1207,0.113
16180,Riva di Solto,881,0.1199
16182,Rogno,3923,0.1011
16183,Romano di Lombardia,20217,0.1264
16184,Roncobello,424,0.0674
16185,Roncola,766,0.0806
16186,Rota d'Imagna,928,0.0674
16187,Rovetta,4075,0.0969
16188,San Giovanni Bianco,4864,0.0739
16189,San Paolo d'Argon,5591,0.1266
16190,San Pellegrino Terme,4862,0.0825
16191,Santa Brigida,553,0.0568
16193,Sarnico,6660,0.133083333333333
16194,Scanzorosciate,10076,0.1219
16195,Schilpario,1201,0.0682
16196,Sedrina,2444,0.09
16197,Selvino,2010,0.1067
16198,Seriate,25182,0.1257
16199,Serina,2122,0.0824
16200,Solto Collina,1785,0.1146
16201,Songavazzo,719,0.0933
16202,Sorisole,9073,0.1027
16203,Sotto il Monte Giovanni XXIII,4408,0.0803
16204,Sovere,5385,0.1094
16205,Spinone al Lago,1029,0.11644
16206,Spirano,5700,0.1182
16207,Stezzano,13018,0.1169
16208,Strozza,1083,0.0854
16209,Suisio,3846,0.087275
16210,Taleggio,576,0.0694
16211,Tavernola Bergamasca,2101,0.134
16212,Telgate,5050,0.1347
16213,Terno d'Isola,8014,0.0892
16214,Torre Boldone,8690,0.1147
16216,Torre de' Roveri,2436,0.122633333333333
16217,Torre Pallavicina,1068,0.1253
16218,Trescore Balneario,9951,0.1277
16219,Treviglio,29706,0.1073
16220,Treviolo,10682,0.1085
16221,Ubiale Clanezzo,1394,0.0852
16222,Urgnano,9735,0.1256
16223,Valbondione,1065,0.0676
16224,Valbrembo,4229,0.1023
16225,Valgoglio,597,0.0656
16226,Valleve,136,0.0574
16227,Valnegra,204,0.061
16229,Valtorta,278,0.0562
16230,Vedeseta,204,0.0615
16232,Verdellino,7663,0.1107
16233,Verdello,8018,0.1137
16234,Vertova,4720,0.0996
16235,Viadanica,1120,0.1323
16236,Vigano San Martino,1348,0.1214
16237,Vigolo,592,0.13
16238,Villa d'Adda,4723,0.0738
16239,Villa d'Almè,6712,0.0944
16240,Villa di Serio,6668,0.1176
16241,Villa d'Ogna,1920,0.0805
16242,Villongo,8006,0.132
16243,Vilminore di Scalve,1493,0.0676
16244,Zandobbio,2720,0.1311
16245,Zanica,8616,0.1243
16246,Zogno,9029,0.1012
16247,Costa Serina,933,0.0953
16248,Algua,676,0.0987
16249,Cornalba,312,0.0844
16250,Medolago,2332,0.0856
16251,Solza,2079,0.0844
16252,Sant'Omobono Terme,3918,0.0704
16253,Val Brembilla,4397,0.0806
17001,Acquafredda,1591,0.1306
17002,Adro,7086,0.1383
17003,Agnosine,1790,0.1518
17004,Alfianello,2513,0.1087
17005,Anfo,486,0.1437
17006,Angolo Terme,2447,0.0896
17007,Artogne,3660,0.1098
17008,Azzano Mella,3158,0.1448
17009,Bagnolo Mella,12775,0.1462
17010,Bagolino,3897,0.1346
17011,Barbariga,2327,0.1365
17012,Barghe,1189,0.1489
17013,Bassano Bresciano,2337,0.1199
17014,Bedizzole,12296,0.1587
17015,Berlingo,2730,0.1399
17016,Berzo Demo,1671,0.0596
17017,Berzo Inferiore,2475,0.0999
17018,Bienno,3863,0.1044
17019,Bione,1386,0.1475
17020,Borgo San Giacomo,5423,0.1202
17021,Borgosatollo,9264,0.1498
17022,Borno,2630,0.0789
17023,Botticino,10914,0.1549
17024,Bovegno,2226,0.129
17025,Bovezzo,7516,0.1489
17026,Brandico,1667,0.139
17027,Braone,683,0.0798
17028,Breno,4853,0.0948
17029,Brescia,196480,0.154
17030,Brione,714,0.144
17031,Caino,2151,0.1534
17032,Calcinato,12924,0.1571
17033,Calvagese della Riviera,3583,0.1589
17034,Calvisano,8491,0.1478
17035,Capo di Ponte,2440,0.0644
17036,Capovalle,369,0.1511
17037,Capriano del Colle,4674,0.1437
17038,Capriolo,9397,0.1355
17039,Carpenedolo,13012,0.1463
17040,Castegnato,8334,0.1461
17041,Castelcovati,6583,0.136
17042,Castel Mella,11056,0.1461
17043,Castenedolo,11457,0.1553
17044,Casto,1778,0.1455
17045,Castrezzato,7116,0.1386
17046,Cazzago San Martino,10996,0.1402
17047,Cedegolo,1223,0.0626
17048,Cellatica,4941,0.1467
17049,Cerveno,660,0.0694
17050,Ceto,1912,0.0762
17051,Cevo,898,0.0664
17052,Chiari,18887,0.1372
17053,Cigole,1564,0.1229
17054,Cimbergo,551,0.0687
17055,Cividate Camuno,2733,0.090985714285714
17056,Coccaglio,8767,0.1383
17057,Collebeato,4622,0.1469
17058,Collio,2108,0.1262
17059,Cologne,7667,0.1373
17060,Comezzano-Cizzago,3803,0.135
17061,Concesio,15465,0.1474
17062,Corte Franca,7233,0.1375
17063,Corteno Golgi,1976,0.0675
17064,Corzano,1416,0.135
17065,Darfo Boario Terme,15599,0.0977
17066,Dello,5720,0.14
17067,Desenzano del Garda,28650,0.1611
17068,Edolo,4572,0.0651
17069,Erbusco,8633,0.1389
17070,Esine,5300,0.1059
17071,Fiesse,2074,0.0992
17072,Flero,8732,0.1469
17073,Gambara,4710,0.1163
17074,Gardone Riviera,2660,0.16
17075,Gardone Val Trompia,11657,0.1401
17076,Gargnano,2934,0.1599
17077,Gavardo,12056,0.1592
17078,Ghedi,18905,0.151
17079,Gianico,2160,0.1042
17080,Gottolengo,5249,0.1313
17081,Gussago,16753,0.1464
17082,Idro,1966,0.1498
17083,Incudine,385,0.0684
17084,Irma,132,0.1295
17085,Iseo,9179,0.1369
17086,Isorella,4079,0.1285
17087,Lavenone,555,0.1444
17088,Leno,14387,0.142
17089,Limone sul Garda,1181,0.1474
17090,Lodrino,1698,0.1403
17091,Lograto,3819,0.1431
17092,Lonato del Garda,16246,0.1581
17093,Longhena,576,0.1404
17094,Losine,608,0.0729
17095,Lozio,398,0.069
17096,Lumezzane,22644,0.1491
17097,Maclodio,1480,0.1395
17098,Magasa,142,0.146
17099,Mairano,3501,0.143
17100,Malegno,2037,0.0763
17101,Malonno,3261,0.06
17102,Manerba del Garda,5287,0.1625
17103,Manerbio,13083,0.1312
17104,Marcheno,4364,0.1416
17105,Marmentino,675,0.1349
17106,Marone,3238,0.1251
17107,Mazzano,12222,0.1575
17108,Milzano,1784,0.1112
17109,Moniga del Garda,2533,0.162425
17110,Monno,555,0.0683
17111,Monte Isola,1754,0.1321
17112,Monticelli Brusati,4516,0.1399
17113,Montichiari,25198,0.1557
17114,Montirone,5165,0.1488
17115,Mura,796,0.1434
17116,Muscoline,2641,0.1591
17117,Nave,11029,0.1524
17118,Niardo,1978,0.0846
17119,Nuvolento,3992,0.1584
17120,Nuvolera,4696,0.1589
17121,Odolo,1985,0.156
17122,Offlaga,4134,0.1356
17123,Ome,3205,0.141
17124,Ono San Pietro,994,0.064
17125,Orzinuovi,12644,0.1304
17126,Orzivecchi,2498,0.1314
17127,Ospitaletto,14509,0.1446
17128,Ossimo,1451,0.0757
17129,Padenghe sul Garda,4458,0.1632
17130,Paderno Franciacorta,3734,0.1418
17131,Paisco Loveno,183,0.0625
17132,Paitone,2130,0.1593
17133,Palazzolo sull'Oglio,20134,0.1361
17134,Paratico,4714,0.1343
17135,Paspardo,614,0.0647
17136,Passirano,7098,0.1408
17137,Pavone del Mella,2794,0.1197
17138,San Paolo,4552,0.1305
17139,Pertica Alta,563,0.1404
17140,Pertica Bassa,651,0.141
17141,Pezzaze,1500,0.1277
17142,Pian Camuno,4638,0.1081
17143,Pisogne,8022,0.1236
17144,Polaveno,2555,0.1388
17145,Polpenazze del Garda,2611,0.1589
17146,Pompiano,3855,0.1333
17147,Poncarale,5283,0.1472
17148,Ponte di Legno,1729,0.0653
17149,Pontevico,7105,0.1136
17150,Pontoglio,6935,0.1353
17151,Pozzolengo,3497,0.1598
17152,Pralboino,3009,0.1081
17153,Preseglie,1514,0.1543
17155,Prevalle,6999,0.1592
17156,Provaglio d'Iseo,7318,0.1391
17157,Provaglio Val Sabbia,918,0.1542
17158,Puegnago sul Garda,3410,0.159
17159,Quinzano d'Oglio,6250,0.1131
17160,Remedello,3425,0.1238
17161,Rezzato,13472,0.1557
17162,Roccafranca,4920,0.1334
17163,Rodengo Saiano,9504,0.1449
17164,Roè Volciano,4574,0.1588
17165,Roncadelle,9538,0.1465
17166,Rovato,19209,0.1403
17167,Rudiano,5830,0.1332
17168,Sabbio Chiese,3905,0.1584
17169,Sale Marasino,3362,0.1366
17170,Salò,10693,0.1609
17171,San Felice del Benaco,3391,0.1617
17172,San Gervasio Bresciano,2531,0.1159
17173,San Zeno Naviglio,4673,0.1486
17174,Sarezzo,13553,0.1445
17175,Saviore dell'Adamello,916,0.0608
17176,Sellero,1466,0.0622
17177,Seniga,1471,0.0989
17178,Serle,3023,0.1576
17179,Sirmione,8137,0.1629
17180,Soiano del Lago,1896,0.1591
17181,Sonico,1264,0.0584
17182,Sulzano,1917,0.1356
17183,Tavernole sul Mella,1303,0.1311
17184,Temù,1105,0.0627
17185,Tignale,1256,0.1584
17186,Torbole Casaglia,6522,0.146
17187,Toscolano-Maderno,7990,0.1613
17188,Travagliato,13910,0.1455
17189,Tremosine sul Garda,2100,0.1541
17190,Trenzano,5401,0.1378
17191,Treviso Bresciano,545,0.1552
17192,Urago d'Oglio,3876,0.1345
17193,Vallio Terme,1405,0.1573
17194,Valvestino,184,0.1517
17195,Verolanuova,8226,0.1276
17196,Verolavecchia,3842,0.1211
17197,Vestone,4390,0.1485
17198,Vezza d'Oglio,1457,0.0654
17199,Villa Carcina,11004,0.1452
17200,Villachiara,1463,0.1155
17201,Villanuova sul Clisi,5773,0.1591
17202,Vione,691,0.0628
17203,Visano,2002,0.1299
17204,Vobarno,8103,0.1584
17205,Zone,1076,0.128
17206,Piancogno,4640,0.0799
18001,Alagna,875,0.0534
18002,Albaredo Arnaboldi,250,0.0877
18003,Albonese,560,0.0398
18004,Albuzzano,3513,0.0791
18005,Arena Po,1574,0.0928
18006,Badia Pavese,363,0.0887
18007,Bagnaria,658,0.0968
18008,Barbianello,872,0.0884
18009,Bascapè,1776,0.0637
18011,Bastida Pancarana,1023,0.0781
18012,Battuda,660,0.0545
18013,Belgioioso,6187,0.086
18014,Bereguardo,2794,0.0536
18015,Borgarello,2729,0.0615
18016,Borgo Priolo,1474,0.0951
18017,Borgoratto Mormorolo,432,0.096
18018,Borgo San Siro,1019,0.0501
18019,Bornasco,2649,0.064
18020,Bosnasco,634,0.0939
18021,Brallo di Pregola,599,0.1023
18022,Breme,800,0.045
18023,Bressana Bottarone,3529,0.0831
18024,Broni,9364,0.0922
18025,Calvignano,122,0.0924
18026,Campospinoso,1032,0.089433333333333
18027,Candia Lomellina,1550,0.0412
18028,Canevino,109,0.0967
18029,Canneto Pavese,1353,0.094
18030,Carbonara al Ticino,1548,0.0663
18031,Casanova Lonati,458,0.0862
18032,Casatisma,899,0.0857
18033,Casei Gerola,2500,0.0777
18034,Casorate Primo,8709,0.0491
18035,Cassolnovo,7042,0.041
18036,Castana,721,0.0934
18037,Casteggio,6805,0.0913
18038,Castelletto di Branduzzo,1033,0.0836
18039,Castello d'Agogna,1202,0.0419
18040,Castelnovetto,603,0.0397
18041,Cava Manara,6707,0.0747
18042,Cecima,236,0.0957
18043,Ceranova,2154,0.0655
18044,Ceretto Lomellina,196,0.0403
18045,Cergnago,735,0.0457
18046,Certosa di Pavia,5452,0.0591
18047,Cervesina,1204,0.0769
18048,Chignolo Po,4017,0.0857
18049,Cigognola,1351,0.0927
18050,Cilavegna,5568,0.0417
18051,Codevilla,997,0.0917
18052,Confienza,1649,0.0376
18053,Copiano,1701,0.0777
18054,Corana,812,0.0716
18057,Corvino San Quirico,1039,0.091
18058,Costa de' Nobili,370,0.0869
18059,Cozzo,350,0.0411
18060,Cura Carpignano,4851,0.073
18061,Dorno,4656,0.0627
18062,Ferrera Erbognone,1189,0.0591
18063,Filighera,876,0.0806
18064,Fortunago,390,0.0965
18065,Frascarolo,1209,0.053
18066,Galliavola,211,0.0541
18067,Gambarana,225,0.0579
18068,Gambolò,10091,0.0484
18069,Garlasco,9787,0.0545
18071,Gerenzago,1403,0.078
18072,Giussago,5168,0.0605
18073,Godiasco Salice Terme,3229,0.0952
18074,Golferenzo,190,0.096625
18075,Gravellona Lomellina,2707,0.041
18076,Gropello Cairoli,4599,0.0622
18077,Inverno e Monteleone,1489,0.0781
18078,Landriano,6327,0.0613
18079,Langosco,387,0.0392
18080,Lardirago,1210,0.0686
18081,Linarolo,2821,0.0809
18082,Lirio,122,0.095475
18083,Lomello,2206,0.0524
18084,Lungavilla,2429,0.0861
18085,Magherno,1730,0.0747
18086,Marcignago,2465,0.0563
18087,Marzano,1699,0.0679
18088,Mede,6693,0.0543
18089,Menconico,360,0.0995
18090,Mezzana Bigli,1098,0.0666
18091,Mezzana Rabattone,497,0.0736
18092,Mezzanino,1440,0.0853
18093,Miradolo Terme,3810,0.0835
18094,Montalto Pavese,890,0.0953
18095,Montebello della Battaglia,1628,0.09
18096,Montecalvo Versiggia,521,0.0958
18097,Montescano,404,0.0942
18098,Montesegale,298,0.0957
18099,Monticelli Pavese,678,0.0898
18100,Montù Beccaria,1690,0.0952
18101,Mornico Losana,641,0.093
18102,Mortara,15386,0.0455
18103,Nicorvo,340,0.0397
18104,Olevano di Lomellina,729,0.0446
18105,Oliva Gessi,176,0.0933
18106,Ottobiano,1090,0.0522
18107,Palestro,1935,0.0377
18108,Pancarana,316,0.0764
18109,Parona,1923,0.0426
18110,Pavia,72576,0.0748
18111,Pietra de' Giorgi,862,0.0944
18112,Pieve Albignola,873,0.0662
18113,Pieve del Cairo,2063,0.0623
18114,Pieve Porto Morone,2648,0.091
18115,Pinarolo Po,1696,0.0851
18116,Pizzale,735,0.0841
18117,Ponte Nizza,807,0.0965
18118,Portalbera,1524,0.0904
18119,Rea,425,0.0795
18120,Redavalle,1069,0.0918
18121,Retorbido,1538,0.0929
18122,Rivanazzano Terme,5312,0.093
18123,Robbio,5929,0.0388
18124,Robecco Pavese,565,0.0874
18125,Rocca de' Giorgi,87,0.0963
18126,Rocca Susella,225,0.0945
18127,Rognano,649,0.0542
18128,Romagnese,687,0.0995
18129,Roncaro,1557,0.0698
18130,Rosasco,607,0.0388
18131,Rovescala,901,0.0955
18132,Ruino,723,0.0971
18133,San Cipriano Po,488,0.0877
18134,San Damiano al Colle,656,0.094925
18135,San Genesio ed Uniti,3856,0.0653
18136,San Giorgio di Lomellina,1099,0.0494
18137,San Martino Siccomario,6182,0.0739
18138,Sannazzaro de' Burgondi,5515,0.0637
18139,Santa Cristina e Bissone,2003,0.0867
18140,Santa Giuletta,1643,0.0907
18141,Sant'Alessio con Vialone,957,0.0702
18142,Santa Margherita di Staffora,473,0.0997
18143,Santa Maria della Versa,2430,0.0964
18144,Sant'Angelo Lomellina,818,0.0403
18145,San Zenone al Po,596,0.0911
18146,Sartirana Lomellina,1657,0.0473
18147,Scaldasole,938,0.0586
18148,Semiana,231,0.0483
18149,Silvano Pietra,672,0.0721
18150,Siziano,5989,0.0572
18151,Sommo,1145,0.0753
18152,Spessa,605,0.089
18153,Stradella,11622,0.0929
18154,Suardi,624,0.0581
18155,Torrazza Coste,1680,0.0927
18156,Torre Beretti e Castellaro,567,0.05
18157,Torre d'Arese,966,0.0709
18158,Torre de' Negri,329,0.0866
18159,Torre d'Isola,2417,0.0603
18160,Torrevecchia Pia,3541,0.0668
18161,Torricella Verzate,844,0.09108
18162,Travacò Siccomario,4436,0.0778
18163,Trivolzio,2146,0.05528
18164,Tromello,3856,0.0506
18165,Trovo,1041,0.0517
18166,Val di Nizza,624,0.0972
18167,Valeggio,217,0.0536
18168,Valle Lomellina,2197,0.0459
18169,Valle Salimbene,1511,0.0765
18170,Valverde,287,0.0975
18171,Varzi,3279,0.0983
18172,Velezzo Lomellina,95,0.047
18173,Vellezzo Bellini,3253,0.0558
18174,Verretto,395,0.08734
18175,Verrua Po,1272,0.0836
18176,Vidigulfo,6311,0.0626
18177,Vigevano,63310,0.0496
18178,Villa Biscossi,78,0.0526
18179,Villanova d'Ardenghi,772,0.0616
18180,Villanterio,3185,0.0751
18181,Vistarino,1578,0.077
18182,Voghera,39421,0.0872
18183,Volpara,134,0.0966
18184,Zavattarello,991,0.0984
18185,Zeccone,1719,0.063266666666667
18186,Zeme,1074,0.0447
18187,Zenevredo,486,0.0937
18188,Zerbo,429,0.0912
18189,Zerbolò,1752,0.061
18190,Zinasco,3262,0.073
18191,Cornale e Bastida,867,0.0696
18192,Corteolona e Genzone,2580,0.0841
19001,Acquanegra Cremonese,1189,0.079
19002,Agnadello,3845,0.0865
19003,Annicco,2049,0.0896
19004,Azzanello,656,0.1059
19005,Bagnolo Cremasco,4798,0.0814
19006,Bonemerse,1531,0.0817
19007,Bordolano,606,0.1032
19008,Ca' d'Andrea,428,0.0775
19009,Calvatone,1208,0.0827
19010,Camisano,1268,0.1164
19011,Campagnola Cremasca,673,0.0964
19012,Capergnanica,2137,0.0793
19013,Cappella Cantone,573,0.0834
19014,Cappella de' Picenardi,450,0.0811
19015,Capralba,2362,0.0991
19016,Casalbuttano ed Uniti,3905,0.0933
19017,Casale Cremasco-Vidolasco,1894,0.1128
19018,Casaletto Ceredano,1192,0.0755
19019,Casaletto di Sopra,570,0.1158
19020,Casaletto Vaprio,1776,0.0921
19021,Casalmaggiore,15351,0.0836
19022,Casalmorano,1622,0.0982
19023,Casteldidone,586,0.075
19024,Castel Gabbiano,474,0.1161
19025,Castelleone,9455,0.0915
19026,Castelverde,5727,0.086
19027,Castelvisconti,309,0.1007
19028,Cella Dati,509,0.0795
19029,Chieve,2296,0.0788
19030,Cicognolo,982,0.0809
19031,Cingia de' Botti,1273,0.0785
19032,Corte de' Cortesi con Cignone,1084,0.102
19033,Corte de' Frati,1416,0.0952
19034,Credera Rubbiano,1621,0.0775
19035,Crema,34371,0.0967
19036,Cremona,71901,0.0822
19037,Cremosano,1764,0.0886
19038,Crotta d'Adda,657,0.0796
19039,Cumignano sul Naviglio,444,0.1067
19040,Derovere,290,0.0773
19041,Dovera,3889,0.0753
19042,Drizzona,557,0.0862
19043,Fiesco,1229,0.0955
19044,Formigara,1055,0.0783
19045,Gabbioneta-Binanuova,852,0.0946
19046,Gadesco-Pieve Delmona,1991,0.0803
19047,Genivolta,1248,0.1099
19048,Gerre de' Caprioli,1319,0.0857
19049,Gombito,622,0.0783
19050,Grontardo,1441,0.0874
19051,Grumello Cremonese ed Uniti,1789,0.0815
19052,Gussola,2772,0.0849
19053,Isola Dovarese,1159,0.0888
19054,Izano,2014,0.0963
19055,Madignano,2925,0.0927
19056,Malagnino,1717,0.0805
19057,Martignana di Po,2036,0.0813
19058,Monte Cremasco,2294,0.07942
19059,Montodine,2542,0.0798
19060,Moscazzano,810,0.0796
19061,Motta Baluffi,926,0.0823
19062,Offanengo,6048,0.1047
19063,Olmeneta,949,0.0928
19064,Ostiano,2928,0.1006
19065,Paderno Ponchielli,1439,0.0916
19066,Palazzo Pignano,3800,0.0834
19067,Pandino,9024,0.0818
19068,Persico Dosimo,3408,0.0859
19069,Pescarolo ed Uniti,1583,0.0904
19070,Pessina Cremonese,645,0.0916
19071,Piadena,3570,0.0785
19072,Pianengo,2541,0.1005
19073,Pieranica,1162,0.0911
19074,Pieve d'Olmi,1305,0.0882
19075,Pieve San Giacomo,1594,0.0784
19076,Pizzighettone,6548,0.0792
19077,Pozzaglio ed Uniti,1486,0.0882
19078,Quintano,945,0.092525
19079,Ricengo,1777,0.1088
19080,Ripalta Arpina,1008,0.083271428571429
19081,Ripalta Cremasca,3426,0.0823
19082,Ripalta Guerina,531,0.0824
19083,Rivarolo del Re ed Uniti,1991,0.0747
19084,Rivolta d'Adda,8114,0.0844
19085,Robecco d'Oglio,2365,0.0993
19086,Romanengo,3090,0.1085
19087,Salvirola,1160,0.0996
19088,San Bassano,2186,0.0815
19089,San Daniele Po,1387,0.0861
19090,San Giovanni in Croce,1905,0.0752
19091,San Martino del Lago,437,0.076
19092,Scandolara Ravara,1413,0.0775
19093,Scandolara Ripa d'Oglio,547,0.0931
19094,Sergnano,3605,0.1087
19095,Sesto ed Uniti,3196,0.0826
19096,Solarolo Rainerio,958,0.0762
19097,Soncino,7691,0.1222
19098,Soresina,8964,0.0974
19099,Sospiro,3174,0.081
19100,Spinadesco,1537,0.081
19101,Spineda,611,0.0741
19102,Spino d'Adda,6895,0.0725
19103,Stagno Lombardo,1554,0.0924
19104,Ticengo,444,0.112
19105,Torlino Vimercati,469,0.090383333333333
19106,Tornata,448,0.0763
19107,Torre de' Picenardi,1737,0.0795
19108,Torricella del Pizzo,618,0.0839
19109,Trescore Cremasco,2883,0.0878
19110,Trigolo,1746,0.1033
19111,Vaiano Cremasco,3755,0.0804
19112,Vailate,4596,0.0944
19113,Vescovato,3918,0.0835
19114,Volongo,530,0.0923
19115,Voltido,374,0.0772
20001,Acquanegra sul Chiese,2948,0.0873
20002,Asola,10151,0.1189
20003,Bagnolo San Vito,5971,0.0866
20004,Bigarello,2087,0.0976
20006,Borgofranco sul Po,784,0.0907
20007,Bozzolo,4183,0.0789
20008,Canneto sull'Oglio,4455,0.0891
20009,Carbonara di Po,1297,0.0942
20010,Casalmoro,2253,0.1246
20011,Casaloldo,2695,0.1143
20012,Casalromano,1499,0.0935
20013,Castelbelforte,3221,0.1029
20014,Castel d'Ario,4736,0.0968
20015,Castel Goffredo,12547,0.1334
20016,Castellucchio,5186,0.0921
20017,Castiglione delle Stiviere,23212,0.1545
20018,Cavriana,3919,0.1518
20019,Ceresara,2671,0.1243
20020,Commessaggio,1094,0.0748
20021,Curtatone,14804,0.0888
20022,Dosolo,3440,0.0861
20023,Felonica,1359,0.1072
20024,Gazoldo degli Ippoliti,3039,0.098
20025,Gazzuolo,2324,0.0775
20026,Goito,10364,0.1258
20027,Gonzaga,9150,0.118
20028,Guidizzolo,6122,0.1419
20029,Magnacavallo,1561,0.1006
20030,Mantova,48671,0.0949
20031,Marcaria,6674,0.0899
20032,Mariana Mantovana,735,0.0876
20033,Marmirolo,7825,0.1259
20034,Medole,4064,0.1459
20035,Moglia,5600,0.1204
20036,Monzambano,4863,0.1557
20037,Motteggiana,2652,0.0911
20038,Ostiglia,6818,0.0858
20039,Pegognaga,7160,0.1037
20040,Pieve di Coriano,1035,0.0924
20041,Piubega,1699,0.1088
20042,Poggio Rusco,6625,0.1168
20043,Pomponesco,1701,0.0868
20044,Ponti sul Mincio,2357,0.1584
20045,Porto Mantovano,16422,0.0992
20046,Quingentole,1203,0.0927
20047,Quistello,5595,0.1119
20048,Redondesco,1296,0.0944
20049,Revere,2521,0.0917
20050,Rivarolo Mantovano,2576,0.0748
20051,Rodigo,5342,0.1044
20052,Roncoferraro,7130,0.0903
20053,Roverbella,8571,0.1325
20054,Sabbioneta,4251,0.0772
20055,San Benedetto Po,7258,0.0976
20056,San Giacomo delle Segnate,1639,0.1116
20057,San Giorgio di Mantova,9519,0.1034
20058,San Giovanni del Dosso,1248,0.1107
20059,San Martino dall'Argine,1751,0.0802
20060,Schivenoglia,1203,0.1026
20061,Sermide e Felonica,6189,0.1142
20062,Serravalle a Po,1541,0.0866
20063,Solferino,2642,0.1507
20064,Sustinente,2109,0.0868
20065,Suzzara,21161,0.0969
20066,Viadana,19926,0.0884
20067,Villa Poma,2023,0.102
20068,Villimpenta,2186,0.0866
20070,Volta Mantovana,7369,0.1439
20071,Borgo Virgilio,14646,0.0853
21001,Aldino/Aldein,1670,0.0607
21002,Andriano/Andrian,1023,0.0484
21003,Anterivo/Altrei,395,0.0615
21004,Appiano sulla strada del vino/Eppan an der Weinstraße,14775,0.0531
21005,Avelengo/Hafling,764,0.0452
21006,Badia/Abtei,3484,0.0698
21007,Barbiano/Barbian,1688,0.0528
21008,Bolzano/Bozen,106441,0.0546
21009,Braies/Prags,652,0.0683
21010,Brennero/Brenner,2187,0.0398
21011,Bressanone/Brixen,21535,0.0551
21012,Bronzolo/Branzoll,2751,0.0546
21013,Brunico/Bruneck,16109,0.0555
21014,Caines/Kuens,396,0.043466666666667
21015,Caldaro sulla strada del vino/Kaltern an der Weinstraße,7908,0.0554
21016,Campo di Trens/Freienfeld,2666,0.044
21017,Campo Tures/Sand in Taufers,5371,0.0508
21018,Castelbello-Ciardes/Kastelbell-Tschars,2309,0.0494
21019,Castelrotto/Kastelruth,6802,0.0606
21020,Cermes/Tscherms,1531,0.0445
21021,Chienes/Kiens,2792,0.0513
21022,Chiusa/Klausen,5220,0.054
21023,Cornedo all'Isarco/Karneid,3388,0.0579
21024,Cortaccia sulla strada del vino/Kurtatsch an der Weinstraße,2225,0.0563
21025,Cortina sulla strada del vino/Kurtinig an der Weinstraße,642,0.0577
21026,Corvara in Badia/Corvara,1358,0.0668
21027,Curon Venosta/Graun im Vinschgau,2381,0.1174
21028,Dobbiaco/Toblach,3351,0.076
21029,Egna/Neumarkt,5232,0.0578
21030,Falzes/Pfalzen,2753,0.0515
21031,Fiè allo Sciliar/Völs am Schlern,3539,0.0579
21032,Fortezza/Franzensfeste,989,0.0465
21033,Funes/Villnöß,2612,0.0578
21034,Gais/Gais,3219,0.0527
21035,Gargazzone/Gargazon,1687,0.0462
21036,Glorenza/Glurns,896,0.1131
21037,Laces/Latsch,5188,0.0547
21038,Lagundo/Algund,5029,0.0447
21039,Laion/Lajen,2647,0.0549
21040,Laives/Leifers,17700,0.0546
21041,Lana/Lana,11929,0.0457
21042,Lasa/Laas,3993,0.0904
21043,Lauregno/Laurein,342,0.0479
21044,Luson/Lüsen,1515,0.0548
21045,Magrè sulla strada del vino/Margreid an der Weinstraße,1279,0.0564
21046,Malles Venosta/Mals,5162,0.1209
21047,Marebbe/Enneberg,3013,0.0691
21048,Marlengo/Marling,2634,0.0442
21049,Martello/Martell,869,0.0666
21050,Meltina/Mölten,1661,0.0476
21051,Merano/Meran,39462,0.0447
21052,Monguelfo-Tesido/Welsberg-Taisten,2895,0.059
21053,Montagna/Montan,1641,0.0569
21054,Moso in Passiria/Moos in Passeier,2099,0.0437
21055,Nalles/Nals,1942,0.0473
21056,Naturno/Naturns,5739,0.0468
21057,Naz-Sciaves/Natz-Schabs,3120,0.0494
21058,Nova Levante/Welschnofen,1925,0.0634
21059,Nova Ponente/Deutschnofen,3883,0.0646
21060,Ora/Auer,3648,0.0553
21061,Ortisei/St. Ulrich,4780,0.0581
21062,Parcines/Partschins,3652,0.0455
21063,Perca/Percha,1532,0.0547
21064,Plaus/Plaus,719,0.0448
21065,Ponte Gardena/Waidbruck,194,0.0561
21066,Postal/Burgstall,1858,0.0457
21067,Prato allo Stelvio/Prad am Stilfserjoch,3474,0.111
21068,Predoi/Prettau,571,0.0456
21069,Proves/Proveis,261,0.0474
21070,Racines/Ratschings,4401,0.0424
21071,Rasun-Anterselva/Rasen-Antholz,2853,0.0558
21072,Renon/Ritten,7795,0.0538
21073,Rifiano/Riffian,1310,0.0428
21074,Rio di Pusteria/Mühlbach,3065,0.0477
21075,Rodengo/Rodeneck,1189,0.0516
21076,Salorno/Salurn,3758,0.0589
21077,San Candido/Innichen,3305,0.0728
21079,San Genesio Atesino/Jenesien,3047,0.0501
21080,San Leonardo in Passiria/St. Leonhard in Passeier,3582,0.0423
21081,San Lorenzo di Sebato/St. Lorenzen,3870,0.055
21082,San Martino in Badia/St. Martin in Thurn,1709,0.0599
21083,San Martino in Passiria/St. Martin in Passeier,3210,0.0424
21084,San Pancrazio/St. Pankraz,1554,0.0464
21085,Santa Cristina Valgardena/St. Christina in Gröden,1965,0.0613
21086,Sarentino/Sarntal,7035,0.0492
21087,Scena/Schenna,2927,0.0439
21088,Selva dei Molini/Mühlwald,1442,0.0485
21089,Selva di Val Gardena/Wolkenstein in Gröden,2622,0.0635
21091,Senales/Schnals,1267,0.0642
21092,Sesto/Sexten,1893,0.0784
21093,Silandro/Schlanders,6016,0.0703
21094,Sluderno/Schluderns,1804,0.1052
21095,Stelvio/Stilfs,1161,0.1122
21096,Terento/Terenten,1743,0.0487
21097,Terlano/Terlan,4365,0.0489
21098,Termeno sulla strada del vino/Tramin an der Weinstraße,3348,0.0554
21099,Tesimo/Tisens,1902,0.0469
21100,Tires/Tiers,978,0.0608
21101,Tirolo/Tirol,2469,0.0437
21102,Trodena nel parco naturale/Truden im Naturpark,1026,0.0595
21103,Tubre/Taufers im Münstertal,977,0.1219
21104,Ultimo/Ulten,2872,0.0523
21105,Vadena/Pfatten,1038,0.0538
21106,Valdaora/Olang,3132,0.0589
21107,Val di Vizze/Pfitsch,2966,0.042
21108,Valle Aurina/Ahrntal,5968,0.0461
21109,Valle di Casies/Gsies,2293,0.0595
21110,Vandoies/Vintl,3316,0.0485
21111,Varna/Vahrn,4450,0.049
21112,Verano/Vöran,936,0.046
21113,Villabassa/Niederdorf,1565,0.0632
21114,Villandro/Villanders,1854,0.051
21115,Vipiteno/Sterzing,6849,0.041
21116,Velturno/Feldthurns,2817,0.0516
21117,La Valle/Wengen,1364,0.0622
21118,Senale-San Felice/Unsere Liebe Frau im Walde-St. Felix,786,0.0477
22001,Ala,8913,0.1637
22002,Albiano,1514,0.0647
22003,Aldeno,3059,0.0968
22005,Andalo,1076,0.0597
22006,Arco,17526,0.1258
22007,Avio,4133,0.1637
22009,Baselga di Pinè,5031,0.0691
22011,Bedollo,1483,0.0701
22013,Besenello,2654,0.1081
22015,Bieno,423,0.1002
22017,Bleggio Superiore,1568,0.0881
22018,Bocenago,389,0.0593
22021,Bondone,670,0.1402
22022,Borgo Valsugana,6945,0.103
22025,Brentonico,4015,0.1529
22026,Bresimo,252,0.0488
22027,Brez,741,0.0486
22029,Caderzone Terme,661,0.058
22030,Cagnò,340,0.0491
22032,Calceranica al Lago,1387,0.0883
22033,Caldes,1102,0.0491
22034,Caldonazzo,3631,0.0956
22035,Calliano,1807,0.096
22036,Campitello di Fassa,731,0.0668
22037,Campodenno,1500,0.0542
22038,Canal San Bovo,1528,0.1357
22039,Canazei,1908,0.0748
22040,Capriana,588,0.0604
22041,Carano,1098,0.0616
22042,Carisolo,978,0.0546
22043,Carzano,518,0.098866666666667
22045,Castel Condino,229,0.1018
22046,Castelfondo,625,0.0484
22047,Castello-Molina di Fiemme,2286,0.074
22048,Castello Tesino,1211,0.1282
22049,Castelnuovo,1042,0.105
22050,Cavalese,4100,0.0724
22051,Cavareno,1061,0.0518
22052,Cavedago,517,0.0572
22053,Cavedine,2987,0.1031
22054,Cavizzana,252,0.0491
22058,Cimone,728,0.0895
22059,Cinte Tesino,370,0.1219
22060,Cis,309,0.049325
22061,Civezzano,4002,0.0723
22062,Cles,6982,0.051
22063,Cloz,701,0.0491
22064,Commezzadura,995,0.0507
22068,Croviana,697,0.0498
22070,Daiano,647,0.0629
22071,Dambel,435,0.0497
22074,Denno,1297,0.0527
22078,Drena,570,0.1033
22079,Dro,4944,0.1035
22080,Faedo,616,0.0592
22081,Fai della Paganella,894,0.06
22083,Fiavè,1117,0.097
22085,Fierozzo,469,0.0754
22087,Folgaria,3191,0.1333
22088,Fondo,1448,0.0491
22089,Fornace,1355,0.0671
22090,Frassilongo,338,0.0786
22091,Garniga Terme,388,0.0891
22092,Giovo,2513,0.0625
22093,Giustino,751,0.0562
22095,Grigno,2221,0.1453
22097,Imer,1168,0.1375
22098,Isera,2735,0.1252
22102,Lavarone,1138,0.1094
22103,Lavis,8915,0.0611
22104,Levico Terme,7915,0.1052
22106,Livo,867,0.0484
22108,Lona-Lases,890,0.0641
22109,Luserna,276,0.1157
22110,Malè,2179,0.0495
22111,Malosco,464,0.0494
22112,Massimeno,127,0.058
22113,Mazzin,541,0.0685
22114,Mezzana,895,0.0508
22115,Mezzano,1615,0.1636
22116,Mezzocorona,5446,0.0575
22117,Mezzolombardo,7067,0.0581
22118,Moena,2680,0.0807
22120,Molveno,1134,0.0593
22123,Mori,9678,0.144
22124,Nago-Torbole,2867,0.144
22126,Nave San Rocco,1398,0.0598
22127,Nogaredo,2065,0.1174
22128,Nomi,1398,0.1087
22129,Novaledo,1076,0.0888
22130,Ospedaletto,815,0.1126
22131,Ossana,858,0.0523
22133,Palù del Fersina,173,0.0746
22134,Panchià,825,0.0742
22135,Ronzo-Chienis,976,0.1256
22136,Peio,1860,0.0612
22137,Pellizzano,794,0.0551
22138,Pelugo,392,0.0634
22139,Pergine Valsugana,21280,0.0821
22142,Pieve Tesino,667,0.1047
22143,Pinzolo,3118,0.056
22144,Pomarolo,2452,0.1093
22145,Pozza di Fassa,2282,0.0753
22147,Predazzo,4536,0.0897
22150,Rabbi,1372,0.0551
22152,Revò,1245,0.0493
22153,Riva del Garda,16926,0.1378
22154,Romallo,620,0.0495
22155,Romeno,1385,0.0508
22156,Roncegno Terme,2879,0.0917
22157,Ronchi Valsugana,434,0.0817
22159,Ronzone,424,0.050375
22160,Roverè della Luna,1636,0.0567
22161,Rovereto,39289,0.1478
22162,Ruffrè-Mendola,424,0.0505
22163,Rumo,820,0.0482
22164,Sagron Mis,193,0.156
22165,Samone,547,0.1086
22167,San Michele all'Adige,3042,0.0586
22168,Sant'Orsola Terme,1098,0.0708
22169,Sanzeno,923,0.0499
22170,Sarnonico,761,0.0499
22171,Scurelle,1425,0.0973
22172,Segonzano,1505,0.0649
22173,Sfruz,334,0.0526
22176,Soraga,711,0.0787
22177,Sover,838,0.0659
22179,Spiazzo,1265,0.0637
22180,Spormaggiore,1289,0.0568
22181,Sporminore,700,0.0556
22182,Stenico,1170,0.0741
22183,Storo,4682,0.136
22184,Strembo,558,0.0592
22188,Telve,2019,0.0943
22189,Telve di Sopra,589,0.0816
22190,Tenna,993,0.0943
22191,Tenno,2069,0.1104
22193,Terragnolo,716,0.1394
22195,Terzolas,631,0.0495
22196,Tesero,2929,0.0741
22199,Tione di Trento,3635,0.0846
22200,Ton,1338,0.0555
22202,Torcegno,697,0.0857
22203,Trambileno,1452,0.1453
22205,Trento,117317,0.0884
22209,Valfloriana,504,0.0712
22210,Vallarsa,1395,0.1594
22211,Varena,850,0.0642
22213,Vermiglio,1882,0.0543
22216,Vignola-Falesina,162,0.0771
22217,Vigo di Fassa,1263,0.069
22222,Villa Lagarina,3778,0.1103
22224,Volano,3169,0.1162
22225,Zambana,1733,0.0605
22226,Ziano di Fiemme,1718,0.0767
22228,Comano Terme,2956,0.0973
22229,Ledro,5395,0.1372
22230,Predaia,6655,0.0543
22231,San Lorenzo Dorsino,1599,0.0713
22232,Valdaone,1205,0.0958
22233,Dimaro Folgarida,2208,0.0515
22234,Pieve di Bono-Prezzo,1474,0.1065
22235,Altavalle,1648,0.0623
22236,Altopiano della Vigolana,4942,0.101
22237,Amblar-Don,521,0.0519
22238,Borgo Chiese,2029,0.1186
22239,Borgo Lares,698,0.086
22240,Castel Ivano,3301,0.1086
22241,Cembra Lisignago,2364,0.0628
22242,Contà,1454,0.0522
22243,Madruzzo,2884,0.0777
22244,Porte di Rendena,1796,0.0679
22245,Primiero San Martino di Castrozza,5407,0.1648
22246,Sella Giudicarie,2943,0.093
22247,Tre Ville,1463,0.0701
22248,Vallelaghi,5044,0.0714
22249,Ville d'Anaunia,4884,0.0549
23001,Affi,2336,0.1652
23002,Albaredo d'Adige,5254,0.1197
23003,Angiari,2218,0.0922
23004,Arcole,6191,0.1328
23005,Badia Calavena,2649,0.1651
23006,Bardolino,7049,0.1649
23007,Belfiore,3144,0.1441
23008,Bevilacqua,1758,0.085
23009,Bonavigo,2010,0.0987
23010,Boschi Sant'Anna,1431,0.0814
23011,Bosco Chiesanuova,3600,0.1657
23012,Bovolone,15888,0.1257
23013,Brentino Belluno,1395,0.1653
23014,Brenzone sul Garda,2474,0.1628
23015,Bussolengo,19938,0.1635
23016,Buttapietra,7060,0.1453
23017,Caldiero,7804,0.1499
23018,Caprino Veronese,8371,0.1654
23019,Casaleone,5806,0.0833
23020,Castagnaro,3750,0.0796
23021,Castel d'Azzano,11767,0.147
23022,Castelnuovo del Garda,13214,0.1623
23023,Cavaion Veronese,5849,0.1651
23024,Cazzano di Tramigna,1533,0.1613
23025,Cerea,16529,0.0965
23026,Cerro Veronese,2471,0.1655
23027,Cologna Veneta,8646,0.1045
23028,Colognola ai Colli,8627,0.1536
23029,Concamarise,1077,0.0973
23030,Costermano sul Garda,3738,0.165
23031,Dolcè,2625,0.1656
23032,Erbè,1847,0.1089
23033,Erbezzo,740,0.1655
23034,Ferrara di Monte Baldo,226,0.1642
23035,Fumane,4119,0.1657
23036,Garda,4092,0.1645
23037,Gazzo Veronese,5402,0.087
23038,Grezzana,10788,0.1657
23039,Illasi,5265,0.1609
23040,Isola della Scala,11536,0.1342
23041,Isola Rizza,3266,0.1126
23042,Lavagno,8435,0.1596
23043,Lazise,6901,0.1641
23044,Legnago,25351,0.0836
23045,Malcesine,3736,0.1601
23046,Marano di Valpolicella,3175,0.1657
23047,Mezzane di Sotto,2519,0.1629
23048,Minerbe,4619,0.0969
23049,Montecchia di Crosara,4370,0.1596
23050,Monteforte d'Alpone,8891,0.1518
23051,Mozzecane,7506,0.1376
23052,Negrar,17119,0.1657
23053,Nogara,8586,0.0995
23054,Nogarole Rocca,3677,0.1306
23055,Oppeano,9900,0.1383
23056,Palù,1262,0.1312
23057,Pastrengo,3092,0.1643
23058,Pescantina,17128,0.1644
23059,Peschiera del Garda,10354,0.1603
23060,Povegliano Veronese,7113,0.1474
23061,Pressana,2512,0.0942
23062,Rivoli Veronese,2180,0.1655
23063,Roncà,3807,0.1563
23064,Ronco all'Adige,6029,0.133
23065,Roverchiara,2771,0.1039
23066,Roveredo di Guà,1573,0.0844
23067,Roverè Veronese,2115,0.1655
23068,Salizzole,3779,0.1043
23069,San Bonifacio,21284,0.1411
23070,San Giovanni Ilarione,5113,0.1636
23071,San Giovanni Lupatoto,25066,0.1493
23072,Sanguinetto,4101,0.0873
23073,San Martino Buon Albergo,14940,0.1601
23074,San Mauro di Saline,582,0.1649
23075,San Pietro di Morubio,3008,0.1011
23076,San Pietro in Cariano,12897,0.165
23077,Sant'Ambrogio di Valpolicella,11737,0.1655
23078,Sant'Anna d'Alfaedo,2553,0.1657
23079,San Zeno di Montagna,1355,0.1642
23080,Selva di Progno,933,0.1652
23081,Soave,7116,0.1562
23082,Sommacampagna,14821,0.1583
23083,Sona,17683,0.1623
23084,Sorgà,3042,0.1019
23085,Terrazzo,2242,0.0778
23086,Torri del Benaco,3023,0.1637
23087,Tregnago,4938,0.164
23088,Trevenzuolo,2753,0.123
23089,Valeggio sul Mincio,15098,0.1559
23090,Velo Veronese,770,0.1655
23091,Verona,258765,0.1644
23092,Veronella,5059,0.117
23093,Vestenanova,2608,0.1649
23094,Vigasio,9973,0.1419
23095,Villa Bartolomea,5841,0.0802
23096,Villafranca di Verona,33194,0.152
23097,Zevio,14953,0.1467
23098,Zimella,4952,0.1273
24001,Agugliaro,1404,0.0842
24002,Albettone,2081,0.0968
24003,Alonte,1666,0.1171
24004,Altavilla Vicentina,12056,0.1489
24005,Altissimo,2230,0.1646
24006,Arcugnano,7820,0.1394
24007,Arsiero,3192,0.145
24008,Arzignano,25844,0.1611
24009,Asiago,6426,0.1562
24010,Asigliano Veneto,848,0.0968
24011,Barbarano Vicentino,4594,0.1217
24012,Bassano del Grappa,43372,0.1829
24013,Bolzano Vicentino,6542,0.159
24014,Breganze,8677,0.1676
24015,Brendola,6666,0.1425
24016,Bressanvido,3154,0.1616
24017,Brogliano,3962,0.1638
24018,Caldogno,11301,0.164
24019,Caltrano,2552,0.1587
24020,Calvene,1314,0.1603
24021,Camisano Vicentino,11115,0.1381
24022,Campiglia dei Berici,1716,0.0916
24023,Campolongo sul Brenta,818,0.1738
24024,Carrè,3667,0.1622
24025,Cartigliano,3800,0.173
24026,Cassola,14619,0.1869
24027,Castegnero,2939,0.1149
24028,Castelgomberto,6109,0.1631
24029,Chiampo,13026,0.1635
24030,Chiuppano,2598,0.1612
24031,Cismon del Grappa,906,0.1859
24032,Cogollo del Cengio,3254,0.1561
24033,Conco,2158,0.1679
24034,Cornedo Vicentino,12080,0.1641
24035,Costabissara,7436,0.1607
24036,Creazzo,11331,0.1527
24037,Crespadoro,1330,0.1649
24038,Dueville,13939,0.163
24039,Enego,1699,0.1663
24040,Fara Vicentino,3852,0.1668
24041,Foza,695,0.1577
24042,Gallio,2396,0.1522
24043,Gambellara,3398,0.1517
24044,Gambugliano,846,0.1613
24045,Grancona,1862,0.1289
24046,Grisignano di Zocco,4275,0.1214
24047,Grumolo delle Abbadesse,3760,0.1306
24048,Isola Vicentina,10214,0.1639
24049,Laghi,133,0.144
24050,Lastebasse,208,0.1208
24051,Longare,5688,0.1306
24052,Lonigo,16391,0.1359
24053,Lugo di Vicenza,3691,0.1626
24054,Lusiana,2660,0.1643
24055,Malo,14951,0.165
24056,Marano Vicentino,9515,0.164
24057,Marostica,13989,0.1751
24058,Mason Vicentino,3503,0.1696
24059,Molvena,2576,0.1683
24060,Montebello Vicentino,6571,0.1498
24061,Montecchio Maggiore,23664,0.1583
24062,Montecchio Precalcino,5038,0.1657
24063,Monte di Malo,2885,0.164
24064,Montegalda,3391,0.1212
24065,Montegaldella,1806,0.1153
24066,Monteviale,2789,0.1559
24067,Monticello Conte Otto,9098,0.1599
24068,Montorso Vicentino,3153,0.1548
24069,Mossano,1788,0.1118
24070,Mussolente,7658,0.1921
24071,Nanto,3086,0.1183
24072,Nogarole Vicentino,1172,0.163
24073,Nove,5038,0.1711
24074,Noventa Vicentina,8947,0.0853
24075,Orgiano,3057,0.1039
24076,Pedemonte,774,0.1144
24077,Pianezze,2144,0.17
24078,Piovene Rocchette,8346,0.1614
24079,Pojana Maggiore,4336,0.0891
24080,Posina,566,0.1526
24081,Pove del Grappa,3083,0.1811
24082,Pozzoleone,2775,0.165
24083,Quinto Vicentino,5792,0.1498
24084,Recoaro Terme,6453,0.1636
24085,Roana,4321,0.1476
24086,Romano d'Ezzelino,14478,0.1874
24087,Rosà,14417,0.1833
24088,Rossano Veneto,8091,0.1831
24089,Rotzo,666,0.1363
24090,Salcedo,1028,0.1659
24091,Sandrigo,8453,0.1663
24092,San Germano dei Berici,1178,0.1226
24093,San Nazario,1696,0.1729
24094,San Pietro Mussolino,1625,0.1641
24095,Santorso,5769,0.1604
24096,San Vito di Leguzzano,3608,0.1637
24097,Sarcedo,5271,0.1662
24098,Sarego,6794,0.1383
24099,Schiavon,2627,0.1696
24100,Schio,39355,0.1633
24101,Solagna,1901,0.1783
24102,Sossano,4403,0.1061
24103,Sovizzo,7500,0.1571
24104,Tezze sul Brenta,12827,0.1726
24105,Thiene,24363,0.1653
24106,Tonezza del Cimone,521,0.1397
24107,Torrebelvicino,5917,0.1622
24108,Torri di Quartesolo,11809,0.1416
24110,Trissino,8784,0.1624
24111,Valdagno,26234,0.1644
24112,Valdastico,1297,0.1351
24113,Valli del Pasubio,3242,0.1589
24114,Valstagna,1816,0.1676
24115,Velo d'Astico,2403,0.1541
24116,Vicenza,112953,0.1582
24117,Villaga,1914,0.1189
24118,Villaverla,6127,0.1649
24119,Zanè,6653,0.1638
24120,Zermeghedo,1411,0.1543
24121,Zovencedo,773,0.1254
24122,Zugliano,6835,0.1644
25001,Agordo,4124,0.1378
25002,Alano di Piave,2827,0.2264
25003,Alleghe,1224,0.1025
25004,Arsiè,2368,0.182
25005,Auronzo di Cadore,3350,0.1097
25006,Belluno,35870,0.2558
25007,Borca di Cadore,781,0.1116
25008,Calalzo di Cadore,2085,0.1175
25010,Cencenighe Agordino,1311,0.1059
25011,Cesiomaggiore,4029,0.2175
25012,Chies d'Alpago,1377,0.2551
25013,Cibiana di Cadore,393,0.1431
25014,Colle Santa Lucia,360,0.0886
25015,Comelico Superiore,2238,0.0998
25016,Cortina d'Ampezzo,5907,0.0942
25017,Danta di Cadore,463,0.1071
25018,Domegge di Cadore,2441,0.1607
25019,Falcade,1951,0.0949
25021,Feltre,20649,0.2268
25022,Fonzaso,3228,0.1822
25023,Canale d'Agordo,1131,0.1067
25025,Gosaldo,644,0.1705
25026,Lamon,2887,0.145
25027,La Valle Agordina,1108,0.1644
25028,Lentiai,3017,0.2383
25029,Limana,5209,0.2558
25030,Livinallongo del Col di Lana,1314,0.0796
25032,Lorenzago di Cadore,549,0.1506
25033,Lozzo di Cadore,1383,0.1179
25034,Mel,5984,0.2522
25035,Ospitale di Cadore,292,0.1847
25036,Pedavena,4453,0.1907
25037,Perarolo di Cadore,380,0.1856
25039,Pieve di Cadore,3794,0.1761
25040,Ponte nelle Alpi,8363,0.2525
25043,Rivamonte Agordino,634,0.1653
25044,Rocca Pietore,1256,0.0937
25045,San Gregorio nelle Alpi,1613,0.2122
25046,San Nicolò di Comelico,406,0.0998
25047,San Pietro di Cadore,1624,0.1097
25048,Santa Giustina,6807,0.2308
25049,San Tomaso Agordino,644,0.0983
25050,Santo Stefano di Cadore,2609,0.1296
25051,San Vito di Cadore,1857,0.1053
25052,Sappada,1317,0.1332
25053,Sedico,9997,0.231
25054,Selva di Cadore,520,0.0991
25055,Seren del Grappa,2448,0.2048
25056,Sospirolo,3140,0.2159
25057,Soverzene,389,0.23
25058,Sovramonte,1444,0.1658
25059,Taibon Agordino,1759,0.133
25060,Tambre,1371,0.2562
25061,Trichiana,4868,0.2547
25062,Vallada Agordina,489,0.0958
25063,Valle di Cadore,1964,0.1539
25065,Vigo di Cadore,1440,0.1615
25066,Vodo Cadore,853,0.1276
25067,Voltago Agordino,862,0.1435
25069,Zoppè di Cadore,229,0.1188
25070,Quero Vas,3237,0.2292
25071,Longarone,5359,0.2222
25072,Alpago,6994,0.2564
25073,Val di Zoldo,3242,0.1677
26001,Altivole,6911,0.2099
26002,Arcade,4470,0.2032
26003,Asolo,9128,0.2139
26004,Borso del Grappa,5924,0.1946
26005,Breda di Piave,7851,0.1512
26006,Caerano di San Marco,8017,0.2222
26007,Cappella Maggiore,4710,0.2467
26008,Carbonera,11190,0.1565
26009,Casale sul Sile,13018,0.1099
26010,Casier,11341,0.1211
26011,Castelcucco,2215,0.2136
26012,Castelfranco Veneto,33234,0.1875
26013,Castello di Godego,7177,0.1851
26014,Cavaso del Tomba,2960,0.2205
26015,Cessalto,3849,0.1073
26016,Chiarano,3731,0.1146
26017,Cimadolmo,3393,0.1815
26018,Cison di Valmarino,2647,0.2543
26019,Codognè,5343,0.2085
26020,Colle Umberto,5111,0.2419
26021,Conegliano,34891,0.243
26022,Cordignano,7020,0.2405
26023,Cornuda,6267,0.2304
26024,Crespano del Grappa,4520,0.2009
26025,Crocetta del Montello,6080,0.2344
26026,Farra di Soligo,8913,0.2498
26027,Follina,3873,0.2517
26028,Fontanelle,5774,0.1875
26029,Fonte,5923,0.2064
26030,Fregona,3013,0.2565
26031,Gaiarine,6110,0.2039
26032,Giavera del Montello,5142,0.227
26033,Godega di Sant'Urbano,6062,0.2323
26034,Gorgo al Monticano,4190,0.1394
26035,Istrana,9299,0.1795
26036,Loria,9310,0.1941
26037,Mansuè,5008,0.1752
26038,Mareno di Piave,9661,0.2102
26039,Maser,5070,0.2242
26040,Maserada sul Piave,9380,0.1714
26041,Meduna di Livenza,2861,0.1427
26042,Miane,3329,0.2488
26043,Mogliano Veneto,27659,0.1091
26044,Monastier di Treviso,4276,0.1132
26045,Monfumo,1398,0.2234
26046,Montebelluna,31228,0.2234
26047,Morgano,4487,0.1551
26048,Moriago della Battaglia,2761,0.2387
26049,Motta di Livenza,10768,0.1322
26050,Nervesa della Battaglia,6789,0.2334
26051,Oderzo,20379,0.1556
26052,Ormelle,4478,0.1576
26053,Orsago,3873,0.2231
26054,Paderno del Grappa,2192,0.2075
26055,Paese,21968,0.1824
26056,Pederobba,7451,0.2331
26057,Pieve di Soligo,12106,0.2499
26058,Ponte di Piave,8342,0.1392
26059,Ponzano Veneto,12540,0.1778
26060,Portobuffolè,755,0.1633
26061,Possagno,2177,0.2079
26062,Povegliano,5251,0.1929
26063,Preganziol,16749,0.1243
26064,Quinto di Treviso,9844,0.1472
26065,Refrontolo,1747,0.2492
26066,Resana,9522,0.16
26067,Revine Lago,2208,0.256
26068,Riese Pio X,11067,0.2002
26069,Roncade,14369,0.114
26070,Salgareda,6688,0.1201
26071,San Biagio di Callalta,12950,0.1327
26072,San Fior,6970,0.2298
26073,San Pietro di Feletto,5321,0.2477
26074,San Polo di Piave,4857,0.1797
26075,Santa Lucia di Piave,9151,0.224
26076,San Vendemiano,10054,0.2339
26077,San Zenone degli Ezzelini,7411,0.1989
26078,Sarmede,3086,0.2517
26079,Segusino,1887,0.2348
26080,Sernaglia della Battaglia,6202,0.2433
26081,Silea,10167,0.1294
26082,Spresiano,12176,0.1926
26083,Susegana,11835,0.2405
26084,Tarzo,4399,0.2552
26085,Trevignano,10761,0.2014
26086,Treviso,83731,0.1576
26087,Valdobbiadene,10388,0.2439
26088,Vazzola,6969,0.1993
26089,Vedelago,16873,0.1961
26090,Vidor,3766,0.2401
26091,Villorba,18056,0.1776
26092,Vittorio Veneto,28232,0.2566
26093,Volpago del Montello,10151,0.2286
26094,Zenson di Piave,1805,0.1122
26095,Zero Branco,11261,0.1378
27001,Annone Veneto,3954,0.1206
27002,Campagna Lupia,7142,0.0708
27003,Campolongo Maggiore,10550,0.0686
27004,Camponogara,13154,0.0739
27005,Caorle,11672,0.0807
27006,Cavarzere,14193,0.0592
27007,Ceggia,6196,0.0987
27008,Chioggia,49706,0.0608
27009,Cinto Caomaggiore,3243,0.1276
27010,Cona,2985,0.0593
27011,Concordia Sagittaria,10386,0.0981
27012,Dolo,14888,0.0807
27013,Eraclea,12396,0.0815
27014,Fiesso d'Artico,8124,0.078
27015,Fossalta di Piave,4114,0.0987
27016,Fossalta di Portogruaro,6054,0.1041
27017,Fossò,7008,0.0746
27018,Gruaro,2811,0.1137
27019,Jesolo,26122,0.0758
27020,Marcon,17380,0.0962
27021,Martellago,21528,0.1072
27022,Meolo,6427,0.0987
27023,Mira,38575,0.0825
27024,Mirano,27045,0.0966
27025,Musile di Piave,11522,0.0934
27026,Noale,15969,0.1169
27027,Noventa di Piave,6985,0.1006
27028,Pianiga,12280,0.0906
27029,Portogruaro,25142,0.1096
27030,Pramaggiore,4654,0.1274
27031,Quarto d'Altino,8200,0.0965
27032,Salzano,12777,0.1034
27033,San Donà di Piave,41778,0.1006
27034,San Michele al Tagliamento,11930,0.107
27035,Santa Maria di Sala,17602,0.1053
27036,San Stino di Livenza,12928,0.1072
27037,Scorzè,18863,0.1193
27038,Spinea,27927,0.0917
27039,Stra,7627,0.0752
27040,Teglio Veneto,2285,0.1111
27041,Torre di Mosto,4749,0.0937
27042,Venezia,263352,0.0992
27043,Vigonovo,9972,0.0757
27044,Cavallino-Treporti,13501,0.0704
28001,Abano Terme,19950,0.0794
28002,Agna,3368,0.0599
28003,Albignasego,25577,0.0736
28004,Anguillara Veneta,4451,0.0614
28005,Arquà Petrarca,1874,0.0687
28006,Arre,2152,0.0608
28007,Arzergrande,4767,0.0606
28008,Bagnoli di Sopra,3618,0.0614
28009,Baone,3110,0.0697
28010,Barbona,671,0.0659
28011,Battaglia Terme,3881,0.0687
28012,Boara Pisani,2555,0.0629
28013,Borgoricco,8755,0.1158
28014,Bovolenta,3482,0.0635
28015,Brugine,7034,0.067
28016,Cadoneghe,16206,0.0957
28017,Campodarsego,14668,0.1126
28018,Campodoro,2685,0.1227
28019,Camposampiero,12134,0.1339
28020,Campo San Martino,5752,0.1326
28021,Candiana,2393,0.0606
28022,Carceri,1580,0.0665
28023,Carmignano di Brenta,7621,0.161
28026,Cartura,4665,0.0657
28027,Casale di Scodosia,4859,0.0723
28028,Casalserugo,5348,0.0681
28029,Castelbaldo,1549,0.0717
28030,Cervarese Santa Croce,5747,0.0989
28031,Cinto Euganeo,2025,0.076
28032,Cittadella,20155,0.1721
28033,Codevigo,6440,0.0612
28034,Conselve,10302,0.0624
28035,Correzzola,5298,0.0596
28036,Curtarolo,7325,0.1253
28037,Este,16562,0.0685
28038,Fontaniva,8170,0.161
28039,Galliera Veneta,7146,0.1737
28040,Galzignano Terme,4371,0.0753
28041,Gazzo,4307,0.1462
28042,Grantorto,4666,0.1506
28043,Granze,2041,0.0634
28044,Legnaro,8797,0.0713
28045,Limena,7952,0.1099
28046,Loreggia,7598,0.1426
28047,Lozzo Atestino,3158,0.0789
28048,Maserà di Padova,9081,0.0689
28049,Masi,1805,0.0703
28050,Massanzago,6045,0.119
28051,Megliadino San Fidenzio,1939,0.0766
28052,Megliadino San Vitale,1959,0.0701
28053,Merlara,2691,0.074
28054,Mestrino,11431,0.1104
28055,Monselice,17599,0.0671
28056,Montagnana,9214,0.0833
28057,Montegrotto Terme,11331,0.073
28058,Noventa Padovana,11265,0.08525
28059,Ospedaletto Euganeo,5738,0.0728
28060,Padova,210401,0.0926
28061,Pernumia,3892,0.0666
28062,Piacenza d'Adige,1341,0.068
28063,Piazzola sul Brenta,11251,0.1445
28064,Piombino Dese,9534,0.1541
28065,Piove di Sacco,19718,0.0654
28066,Polverara,3275,0.0662
28067,Ponso,2471,0.0682
28068,Pontelongo,3819,0.0602
28069,Ponte San Nicolò,13529,0.0717
28070,Pozzonovo,3587,0.0627
28071,Rovolon,4970,0.0958
28072,Rubano,16173,0.096
28073,Saccolongo,4940,0.0915
28074,Saletto,2749,0.0754
28075,San Giorgio delle Pertiche,10214,0.1212
28076,San Giorgio in Bosco,6263,0.1484
28077,San Martino di Lupari,13177,0.1695
28078,San Pietro in Gu,4523,0.1613
28079,San Pietro Viminario,3039,0.0649
28080,Santa Giustina in Colle,7219,0.1441
28081,Santa Margherita d'Adige,2296,0.0692
28082,Sant'Angelo di Piove di Sacco,7256,0.0706
28083,Sant'Elena,2468,0.0644
28084,Sant'Urbano,2064,0.0666
28085,Saonara,10311,0.0736
28086,Selvazzano Dentro,22886,0.0895
28087,Solesino,7072,0.0632
28088,Stanghella,4197,0.0631
28089,Teolo,9065,0.082
28090,Terrassa Padovana,2686,0.0629
28091,Tombolo,8352,0.1616
28092,Torreglia,6162,0.0782
28093,Trebaseleghe,12840,0.1341
28094,Tribano,4427,0.0627
28095,Urbana,2145,0.0792
28096,Veggiano,4694,0.1026
28097,Vescovana,1821,0.0638
28098,Vighizzolo d'Este,924,0.0665
28099,Vigodarzere,13014,0.108
28100,Vigonza,22748,0.0975
28101,Villa del Conte,5521,0.1454
28102,Villa Estense,2212,0.0653
28103,Villafranca Padovana,10217,0.114
28104,Villanova di Camposampiero,6139,0.101
28105,Vo',3372,0.0807
28106,Due Carrare,9050,0.0694
29001,Adria,19746,0.0632
29002,Ariano nel Polesine,4328,0.0628
29003,Arquà Polesine,2749,0.0757
29004,Badia Polesine,10509,0.0769
29005,Bagnolo di Po,1293,0.091
29006,Bergantino,2565,0.0835
29007,Bosaro,1491,0.0729
29008,Calto,743,0.0963
29009,Canaro,2806,0.1004
29010,Canda,949,0.0803
29011,Castelguglielmo,1580,0.0883
29012,Castelmassa,4252,0.0923
29013,Castelnovo Bariano,2762,0.089
29014,Ceneselli,1719,0.0909
29015,Ceregnano,3635,0.0636
29017,Corbola,2428,0.0614
29018,Costa di Rovigo,2642,0.0716
29019,Crespino,1865,0.0709
29021,Ficarolo,2438,0.1137
29022,Fiesso Umbertiano,4142,0.096
29023,Frassinelle Polesine,1442,0.0837
29024,Fratta Polesine,2694,0.079
29025,Gaiba,1063,0.1018
29026,Gavello,1539,0.0641
29027,Giacciano con Baruchella,2162,0.0811
29028,Guarda Veneta,1153,0.0759
29029,Lendinara,11873,0.0758
29030,Loreo,3539,0.0583
29031,Lusia,3533,0.0674
29032,Melara,1803,0.085
29033,Occhiobello,11979,0.1139
29034,Papozze,1520,0.0637
29035,Pettorazza Grimani,1617,0.0598
29036,Pincara,1165,0.0865
29037,Polesella,4012,0.0856
29038,Pontecchio Polesine,2223,0.0666
29039,Porto Tolle,9826,0.0613
29040,Rosolina,6483,0.0569
29041,Rovigo,51867,0.0666
29042,Salara,1160,0.0946
29043,San Bellino,1118,0.0812
29044,San Martino di Venezze,3960,0.0617
29045,Stienta,3253,0.1044
29046,Taglio di Po,8356,0.0622
29047,Trecenta,2805,0.0892
29048,Villadose,5099,0.0623
29049,Villamarzana,1196,0.0751
29050,Villanova del Ghebbo,2022,0.0704
29051,Villanova Marchesana,942,0.0646
29052,Porto Viro,14494,0.0585
30001,Aiello del Friuli,2270,0.1394
30002,Amaro,823,0.2511
30003,Ampezzo,1006,0.2298
30004,Aquileia,3359,0.1127
30005,Arta Terme,2171,0.2147
30006,Artegna,2885,0.2603
30007,Attimis,1805,0.2612
30008,Bagnaria Arsa,3525,0.1356
30009,Basiliano,5356,0.1888
30010,Bertiolo,2473,0.1431
30011,Bicinicco,1885,0.1479
30012,Bordano,754,0.2603
30013,Buja,6563,0.2571
30014,Buttrio,4074,0.2087
30015,Camino al Tagliamento,1626,0.1417
30016,Campoformido,7884,0.1889
30018,Carlino,2797,0.1032
30019,Cassacco,2938,0.2502
30020,Castions di Strada,3825,0.1362
30021,Cavazzo Carnico,1052,0.2578
30022,Cercivento,679,0.176
30023,Cervignano del Friuli,13844,0.1284
30024,Chiopris-Viscone,648,0.1759
30025,Chiusaforte,672,0.2484
30026,Cividale del Friuli,11292,0.2493
30027,Codroipo,16148,0.1599
30028,Colloredo di Monte Albano,2223,0.242
30029,Comeglians,516,0.1764
30030,Corno di Rosazzo,3219,0.2181
30031,Coseano,2187,0.2211
30032,Dignano,2317,0.2235
30033,Dogna,175,0.2312
30034,Drenchia,115,0.2448
30035,Enemonzo,1319,0.2438
30036,Faedis,2945,0.2592
30037,Fagagna,6385,0.2259
30038,Fiumicello,4971,0.1234
30039,Flaibano,1156,0.1987
30040,Forni Avoltri,588,0.1362
30041,Forni di Sopra,993,0.1926
30042,Forni di Sotto,600,0.2259
30043,Gemona del Friuli,10964,0.2623
30044,Gonars,4795,0.1357
30045,Grimacco,342,0.2493
30046,Latisana,13600,0.0988
30047,Lauco,729,0.2248
30048,Lestizza,3824,0.1611
30049,Lignano Sabbiadoro,6950,0.0763
30050,Ligosullo,116,0.1685
30051,Lusevera,643,0.2634
30052,Magnano in Riviera,2336,0.2586
30053,Majano,5945,0.2535
30054,Malborghetto Valbruna,951,0.2265
30055,Manzano,6455,0.2145
30056,Marano Lagunare,1844,0.096
30057,Martignacco,6924,0.2107
30058,Mereto di Tomba,2648,0.1984
30059,Moggio Udinese,1714,0.2524
30060,Moimacco,1675,0.2386
30061,Montenars,538,0.2626
30062,Mortegliano,5010,0.1568
30063,Moruzzo,2456,0.2277
30064,Muzzana del Turgnano,2527,0.1109
30065,Nimis,2740,0.2631
30066,Osoppo,2936,0.2608
30067,Ovaro,1922,0.2089
30068,Pagnacco,5044,0.2295
30069,Palazzolo dello Stella,2972,0.1013
30070,Palmanova,5444,0.1569
30071,Paluzza,2217,0.1894
30072,Pasian di Prato,9444,0.1946
30073,Paularo,2623,0.2042
30074,Pavia di Udine,5603,0.1854
30075,Pocenia,2536,0.118
30076,Pontebba,1433,0.2149
30077,Porpetto,2617,0.1233
30078,Povoletto,5471,0.2504
30079,Pozzuolo del Friuli,6940,0.1841
30080,Pradamano,3574,0.2034
30081,Prato Carnico,904,0.1755
30082,Precenicco,1479,0.0981
30083,Premariacco,4163,0.2327
30084,Preone,246,0.2514
30085,Prepotto,769,0.245
30086,Pulfero,962,0.2595
30087,Ragogna,2909,0.2503
30088,Ravascletto,536,0.1827
30089,Raveo,458,0.2154
30090,Reana del Rojale,4966,0.2532
30091,Remanzacco,6185,0.2388
30092,Resia,1033,0.261
30093,Resiutta,309,0.2567
30094,Rigolato,448,0.1613
30095,Rive d'Arcano,2444,0.2343
30097,Ronchis,2057,0.1055
30098,Ruda,2935,0.1353
30099,San Daniele del Friuli,8013,0.2434
30100,San Giorgio di Nogaro,7572,0.111
30101,San Giovanni al Natisone,6197,0.2054
30102,San Leonardo,1129,0.2514
30103,San Pietro al Natisone,2171,0.255
30104,Santa Maria la Longa,2336,0.1616
30105,San Vito al Torre,1269,0.1616
30106,San Vito di Fagagna,1671,0.209
30107,Sauris,416,0.1877
30108,Savogna,411,0.256
30109,Sedegliano,3868,0.1888
30110,Socchieve,908,0.2425
30111,Stregna,356,0.2464
30112,Sutrio,1332,0.1965
30113,Taipana,636,0.2637
30114,Talmassons,4044,0.1365
30116,Tarcento,9012,0.2621
30117,Tarvisio,4326,0.2318
30118,Tavagnacco,14910,0.2274
30120,Terzo d'Aquileia,2866,0.1089
30121,Tolmezzo,10440,0.2443
30122,Torreano,2139,0.2594
30123,Torviscosa,2867,0.1288
30124,Trasaghis,2227,0.2611
30125,Treppo Carnico,618,0.1908
30126,Treppo Grande,1708,0.2542
30127,Tricesimo,7600,0.2461
30128,Trivignano Udinese,1620,0.1715
30129,Udine,99169,0.2234
30130,Varmo,2804,0.1308
30131,Venzone,2117,0.2607
30132,Verzegnis,863,0.2517
30133,Villa Santina,2233,0.2376
30134,Villa Vicentina,1384,0.1203
30135,Visco,785,0.1479
30136,Zuglio,595,0.22
30137,Forgaria nel Friuli,1786,0.259
30138,Campolongo Tapogliano,1167,0.1477
30188,Rivignano Teor,6349,0.1224
31001,Capriva del Friuli,1713,0.1985
31002,Cormons,7414,0.2058
31003,Doberdò del Lago,1404,0.1775
31004,Dolegna del Collio,370,0.2295
31005,Farra d'Isonzo,1733,0.1875
31006,Fogliano Redipuglia,3054,0.152
31007,Gorizia,34844,0.2092
31008,Gradisca d'Isonzo,6497,0.1701
31009,Grado,8251,0.106
31010,Mariano del Friuli,1530,0.1745
31011,Medea,953,0.1662
31012,Monfalcone,28258,0.143
31013,Moraro,768,0.1872
31014,Mossa,1584,0.19882
31015,Romans d'Isonzo,3709,0.1608
31016,Ronchi dei Legionari,11963,0.1477
31017,Sagrado,2193,0.175
31018,San Canzian d'Isonzo,6195,0.1302
31019,San Floriano del Collio,796,0.2082
31020,San Lorenzo Isontino,1564,0.1907
31021,San Pier d'Isonzo,2029,0.1473
31022,Savogna d'Isonzo,1717,0.1852
31023,Staranzano,7183,0.1254
31024,Turriaco,2826,0.13405
31025,Villesse,1720,0.1519
32001,Duino-Aurisina,8561,0.1504
32002,Monrupino,893,0.1504
32003,Muggia,13137,0.0978
32004,San Dorligo della Valle-Dolina,5801,0.1387
32005,Sgonico,2062,0.1526
32006,Trieste,204420,0.1414
33001,Agazzano,2096,0.0986
33002,Alseno,4714,0.147
33003,Besenzone,978,0.1308
33004,Bettola,2828,0.1318
33005,Bobbio,3577,0.1039
33006,Borgonovo Val Tidone,7892,0.0972
33007,Cadeo,6118,0.109
33008,Calendasco,2514,0.0919
33009,Caminata,252,0.0974
33010,Caorso,4749,0.0946
33011,Carpaneto Piacentino,7715,0.1222
33012,Castell'Arquato,4713,0.1396
33013,Castel San Giovanni,13726,0.0951
33014,Castelvetro Piacentino,5456,0.0908
33015,Cerignale,127,0.1088
33016,Coli,879,0.1108
33017,Corte Brugnatella,586,0.1084
33018,Cortemaggiore,4644,0.1125
33019,Farini,1290,0.1542
33020,Ferriere,1294,0.1538
33021,Fiorenzuola d'Arda,15297,0.1351
33022,Gazzola,2056,0.1001
33023,Gossolengo,5637,0.0987
33024,Gragnano Trebbiense,4554,0.0975
33025,Gropparello,2293,0.1244
33026,Lugagnano Val d'Arda,4116,0.1351
33027,Monticelli d'Ongina,5302,0.0908
33028,Morfasso,1024,0.1551
33029,Nibbiano,2177,0.0977
33030,Ottone,516,0.1122
33031,Pecorara,730,0.0998
33032,Piacenza,102191,0.0963
33033,Pianello Val Tidone,2202,0.0987
33034,Piozzano,641,0.1002
33035,Podenzano,9167,0.1027
33036,Ponte dell'Olio,4794,0.1101
33037,Pontenure,6512,0.1014
33038,Rivergaro,7005,0.1034
33039,Rottofreno,12127,0.0944
33040,San Giorgio Piacentino,5792,0.1088
33041,San Pietro in Cerro,878,0.1023
33042,Sarmato,2879,0.095
33043,Travo,2087,0.1043
33044,Vernasca,2131,0.1496
33045,Vigolzone,4297,0.1049
33046,Villanova sull'Arda,1811,0.1101
33047,Zerba,77,0.1024
33048,Ziano Piacentino,2556,0.0971
34001,Albareto,2156,0.2019
34002,Bardi,2227,0.1984
34003,Bedonia,3482,0.1948
34004,Berceto,2109,0.2016
34005,Bore,749,0.1576
34006,Borgo Val di Taro,6999,0.2031
34007,Busseto,7054,0.144
34008,Calestano,2100,0.164
34009,Collecchio,14403,0.1566
34010,Colorno,8991,0.0959
34011,Compiano,1112,0.1997
34012,Corniglio,1936,0.2042
34013,Felino,8790,0.1572
34014,Fidenza,26770,0.1552
34015,Fontanellato,7033,0.1495
34016,Fontevivo,5597,0.1472
34017,Fornovo di Taro,6100,0.1588
34018,Langhirano,10315,0.1595
34019,Lesignano de' Bagni,5028,0.1579
34020,Medesano,10828,0.1569
34021,Mezzani,3273,0.0978
34022,Monchio delle Corti,933,0.2041
34023,Montechiarugolo,10813,0.1562
34024,Neviano degli Arduini,3649,0.1613
34025,Noceto,13001,0.1561
34026,Palanzano,1142,0.1967
34027,Parma,192836,0.1567
34028,Pellegrino Parmense,1048,0.157
34030,Roccabianca,3068,0.1077
34031,Sala Baganza,5561,0.1567
34032,Salsomaggiore Terme,19831,0.1556
34033,San Secondo Parmense,5721,0.1251
34035,Solignano,1773,0.1712
34036,Soragna,4834,0.1365
34037,Sorbolo,9544,0.1241
34038,Terenzo,1196,0.1675
34039,Tizzano Val Parma,2077,0.1748
34040,Tornolo,1010,0.1947
34041,Torrile,7698,0.1162
34042,Traversetolo,9425,0.1576
34044,Valmozzola,539,0.1977
34045,Varano de' Melegari,2676,0.1585
34046,Varsi,1230,0.1842
34049,Sissa Trecasali,7890,0.1273
34050,Polesine Zibello,3232,0.1019
35001,Albinea,8860,0.1619
35002,Bagnolo in Piano,9712,0.152
35003,Baiso,3315,0.1598
35004,Bibbiano,10268,0.1576
35005,Boretto,5272,0.093
35006,Brescello,5617,0.1033
35008,Cadelbosco di Sopra,10628,0.143
35009,Campagnola Emilia,5650,0.1444
35010,Campegine,5029,0.1349
35011,Carpineti,4064,0.1613
35012,Casalgrande,19310,0.1639
35013,Casina,4504,0.1584
35014,Castellarano,15232,0.1616
35015,Castelnovo di Sotto,8462,0.1255
35016,Castelnovo ne' Monti,10465,0.1717
35017,Cavriago,9839,0.1553
35018,Canossa,3844,0.1585
35020,Correggio,25897,0.1594
35021,Fabbrico,6693,0.1409
35022,Gattatico,5837,0.1392
35023,Gualtieri,6556,0.1157
35024,Guastalla,15225,0.1147
35026,Luzzara,9250,0.1058
35027,Montecchio Emilia,10530,0.1555
35028,Novellara,13731,0.1414
35029,Poviglio,7311,0.1114
35030,Quattro Castella,13195,0.1599
35032,Reggiolo,9178,0.1288
35033,Reggio nell'Emilia,171345,0.1628
35034,Rio Saliceto,6213,0.1483
35035,Rolo,4105,0.1402
35036,Rubiera,14864,0.1622
35037,San Martino in Rio,8099,0.161
35038,San Polo d'Enza,6083,0.1581
35039,Sant'Ilario d'Enza,11205,0.1452
35040,Scandiano,25483,0.1636
35041,Toano,4463,0.1675
35042,Vetto,1860,0.1652
35043,Vezzano sul Crostolo,4259,0.1594
35044,Viano,3374,0.1605
35045,Villa Minozzo,3750,0.2031
35046,Ventasso,4295,0.2048
36001,Bastiglia,4193,0.1572
36002,Bomporto,10157,0.1579
36003,Campogalliano,8845,0.1626
36004,Camposanto,3201,0.1548
36005,Carpi,70699,0.1589
36006,Castelfranco Emilia,32677,0.1647
36007,Castelnuovo Rangone,14896,0.1648
36008,Castelvetro di Modena,11185,0.1648
36009,Cavezzo,7026,0.1522
36010,Concordia sulla Secchia,8641,0.1372
36011,Fanano,2989,0.2004
36012,Finale Emilia,15699,0.1534
36013,Fiorano Modenese,17160,0.1639
36014,Fiumalbo,1280,0.2034
36015,Formigine,34323,0.1647
36016,Frassinoro,1926,0.203
36017,Guiglia,3931,0.1607
36018,Lama Mocogno,2734,0.1756
36019,Maranello,17359,0.164
36020,Marano sul Panaro,5060,0.1622
36021,Medolla,6308,0.1522
36022,Mirandola,23875,0.1472
36023,Modena,184973,0.1641
36024,Montecreto,940,0.1785
36025,Montefiorino,2203,0.1688
36026,Montese,3353,0.1727
36027,Nonantola,15839,0.1616
36028,Novi di Modena,10247,0.1519
36029,Palagano,2194,0.1769
36030,Pavullo nel Frignano,17383,0.1625
36031,Pievepelago,2222,0.2042
36032,Polinago,1672,0.1601
36033,Prignano sulla Secchia,3747,0.1602
36034,Ravarino,6233,0.1569
36035,Riolunato,712,0.193
36036,San Cesario sul Panaro,6407,0.1638
36037,San Felice sul Panaro,10900,0.1536
36038,San Possidonio,3619,0.1431
36039,San Prospero,5860,0.1556
36040,Sassuolo,40853,0.1644
36041,Savignano sul Panaro,9177,0.1643
36042,Serramazzoni,8282,0.1603
36043,Sestola,2508,0.1874
36044,Soliera,15461,0.1576
36045,Spilamberto,12621,0.1646
36046,Vignola,25353,0.1641
36047,Zocca,4719,0.1604
37001,Anzola dell'Emilia,12267,0.1653
37002,Argelato,9844,0.165
37003,Baricella,6951,0.1601
37005,Bentivoglio,5469,0.1658
37006,Bologna,386663,0.1713
37007,Borgo Tossignano,3288,0.2092
37008,Budrio,18412,0.179
37009,Calderara di Reno,13196,0.1656
37010,Camugnano,1885,0.2003
37011,Casalecchio di Reno,36327,0.1659
37012,Casalfiumanese,3438,0.2081
37013,Castel d'Aiano,1906,0.162
37014,Castel del Rio,1246,0.2078
37015,Castel di Casio,3448,0.1991
37016,Castel Guelfo di Bologna,4455,0.1981
37017,Castello d'Argile,6550,0.1581
37019,Castel Maggiore,18231,0.168
37020,Castel San Pietro Terme,20811,0.2029
37021,Castenaso,14925,0.1759
37022,Castiglione dei Pepoli,5648,0.2012
37024,Crevalcore,13465,0.1574
37025,Dozza,6652,0.2051
37026,Fontanelice,1943,0.2083
37027,Gaggio Montano,4878,0.1775
37028,Galliera,5439,0.1563
37030,Granarolo dell'Emilia,11910,0.1722
37031,Grizzana Morandi,3916,0.1681
37032,Imola,69797,0.2086
37033,Lizzano in Belvedere,2212,0.2009
37034,Loiano,4294,0.1794
37035,Malalbergo,8943,0.1615
37036,Marzabotto,6779,0.1618
37037,Medicina,16739,0.1936
37038,Minerbio,8793,0.1675
37039,Molinella,15797,0.174
37040,Monghidoro,3749,0.1887
37041,Monterenzio,6035,0.1951
37042,Monte San Pietro,10982,0.1645
37044,Monzuno,6328,0.1671
37045,Mordano,4760,0.1976
37046,Ozzano dell'Emilia,13596,0.1884
37047,Pianoro,17460,0.177
37048,Pieve di Cento,7019,0.1576
37050,Sala Bolognese,8353,0.165
37051,San Benedetto Val di Sambro,4315,0.182
37052,San Giorgio di Piano,8512,0.1608
37053,San Giovanni in Persiceto,27982,0.1635
37054,San Lazzaro di Savena,32065,0.1798
37055,San Pietro in Casale,12202,0.1589
37056,Sant'Agata Bolognese,7291,0.1614
37057,Sasso Marconi,14735,0.1653
37059,Vergato,7639,0.1634
37060,Zola Predosa,18770,0.1651
37061,Valsamoggia,30561,0.1644
37062,Alto Reno Terme,6960,0.201
38001,Argenta,21851,0.1663
38002,Berra,4870,0.0728
38003,Bondeno,14655,0.1456
38004,Cento,35686,0.157
38005,Codigoro,11999,0.0887
38006,Comacchio,22566,0.1489
38007,Copparo,16567,0.1131
38008,Ferrara,133155,0.156
38009,Formignana,2785,0.1146
38010,Jolanda di Savoia,2985,0.1038
38011,Lagosanto,4908,0.0992
38012,Masi Torello,2341,0.1397
38014,Mesola,6929,0.0653
38017,Ostellato,6200,0.1457
38018,Poggio Renatico,9852,0.1564
38019,Portomaggiore,11841,0.1559
38020,Ro,3247,0.0938
38022,Vigarano Mainarda,7694,0.1477
38023,Voghiera,3777,0.1515
38024,Tresigallo,4493,0.1186
38025,Goro,3798,0.0681
38027,Fiscaglia,9118,0.1308
38028,Terre del Reno,10119,0.1552
39001,Alfonsine,12038,0.1627
39002,Bagnacavallo,16739,0.183
39003,Bagnara di Romagna,2429,0.1955
39004,Brisighella,7639,0.2107
39005,Casola Valsenio,2617,0.2102
39006,Castel Bolognese,9554,0.2079
39007,Cervia,28940,0.1812
39008,Conselice,9856,0.179
39009,Cotignola,7474,0.1965
39010,Faenza,58541,0.2091
39011,Fusignano,8222,0.1728
39012,Lugo,32390,0.186
39013,Massa Lombarda,10653,0.1852
39014,Ravenna,159116,0.1898
39015,Riolo Terme,5720,0.2097
39016,Russi,12247,0.1854
39017,Sant'Agata sul Santerno,2862,0.1829
39018,Solarolo,4488,0.2032
40001,Bagno di Romagna,6026,0.2099
40003,Bertinoro,11059,0.2077
40004,Borghi,2843,0.186
40005,Castrocaro Terme e Terra del Sole,6426,0.2099
40007,Cesena,96758,0.2074
40008,Cesenatico,25796,0.1838
40009,Civitella di Romagna,3786,0.2104
40011,Dovadola,1653,0.2108
40012,Forlì,117913,0.2082
40013,Forlimpopoli,13290,0.2061
40014,Galeata,2516,0.2105
40015,Gambettola,10660,0.1896
40016,Gatteo,9068,0.1857
40018,Longiano,7126,0.1904
40019,Meldola,9970,0.2097
40020,Mercato Saraceno,6886,0.2065
40022,Modigliana,4560,0.2108
40028,Montiano,1716,0.1918
40031,Portico e San Benedetto,756,0.2101
40032,Predappio,6346,0.2106
40033,Premilcuore,799,0.2105
40036,Rocca San Casciano,1910,0.2108
40037,Roncofreddo,3386,0.2003
40041,San Mauro Pascoli,11690,0.1852
40043,Santa Sofia,4136,0.2104
40044,Sarsina,3446,0.2089
40045,Savignano sul Rubicone,17766,0.1866
40046,Sogliano al Rubicone,3195,0.1951
40049,Tredozio,1212,0.2108
40050,Verghereto,1907,0.2116
41001,Acqualagna,4393,0.1765
41002,Apecchio,1882,0.2275
41003,Auditore,1566,0.1795
41005,Belforte all'Isauro,769,0.1848
41006,Borgo Pace,606,0.2286
41007,Cagli,8731,0.1987
41008,Cantiano,2245,0.1985
41009,Carpegna,1674,0.1889
41010,Cartoceto,7887,0.1858
41013,Fano,60888,0.1847
41014,Fermignano,8596,0.1751
41015,Fossombrone,9575,0.1807
41016,Fratte Rosa,966,0.1802
41017,Frontino,293,0.1777
41018,Frontone,1300,0.1825
41019,Gabicce Mare,5781,0.1832
41020,Gradara,4835,0.1842
41021,Isola del Piano,594,0.1809
41022,Lunano,1527,0.1748
41023,Macerata Feltria,1990,0.1745
41025,Mercatello sul Metauro,1378,0.2254
41026,Mercatino Conca,1086,0.1773
41027,Mombaroccio,2152,0.1862
41028,Mondavio,3810,0.1862
41029,Mondolfo,14277,0.1834
41030,Montecalvo in Foglia,2718,0.1799
41031,Monte Cerignone,669,0.175
41032,Monteciccardo,1690,0.1864
41033,Montecopiolo,1128,0.1765
41034,Montefelcino,2671,0.186
41035,Monte Grimano Terme,1136,0.1757
41036,Montelabbate,6938,0.1861
41038,Monte Porzio,2836,0.1857
41041,Peglio,696,0.1756
41043,Pergola,6333,0.1771
41044,Pesaro,94582,0.1854
41045,Petriano,2829,0.1804
41047,Piandimeleto,2167,0.1799
41048,Pietrarubbia,660,0.1756
41049,Piobbico,2029,0.1909
41051,San Costanzo,4786,0.1846
41054,San Lorenzo in Campo,3414,0.181
41057,Sant'Angelo in Vado,4133,0.1911
41058,Sant'Ippolito,1563,0.1806
41059,Sassocorvaro,3504,0.1756
41060,Sassofeltrio,1388,0.1773
41061,Serra Sant'Abbondio,1027,0.1796
41064,Tavoleto,867,0.1796
41065,Tavullia,8003,0.1859
41066,Urbania,7099,0.1838
41067,Urbino,15019,0.1802
41068,Vallefoglia,15018,0.1864
41069,Colli al Metauro,12452,0.1865
41070,Terre Roveresche,5405,0.1865
42001,Agugliano,4865,0.1836
42002,Ancona,100861,0.183
42003,Arcevia,4612,0.1774
42004,Barbara,1368,0.18
42005,Belvedere Ostrense,2234,0.1854
42006,Camerano,7322,0.181
42007,Camerata Picena,2567,0.1834
42008,Castelbellino,4947,0.1796
42010,Castelfidardo,18733,0.1828
42011,Castelleone di Suasa,1676,0.1805
42012,Castelplanio,3540,0.1776
42013,Cerreto d'Esi,3817,0.1775
42014,Chiaravalle,14796,0.1836
42015,Corinaldo,4998,0.1861
42016,Cupramontana,4756,0.1766
42017,Fabriano,31480,0.22
42018,Falconara Marittima,26565,0.1825
42019,Filottrano,9499,0.1843
42020,Genga,1797,0.1749
42021,Jesi,40399,0.185
42022,Loreto,12814,0.1823
42023,Maiolati Spontini,6248,0.1813
42024,Mergo,1037,0.1747
42025,Monsano,3405,0.1844
42026,Montecarotto,1987,0.1837
42027,Montemarciano,9992,0.1832
42029,Monte Roberto,3061,0.1795
42030,Monte San Vito,6848,0.1842
42031,Morro d'Alba,1903,0.1846
42032,Numana,3775,0.1793
42033,Offagna,1935,0.1833
42034,Osimo,34977,0.1838
42035,Ostra,6875,0.1856
42036,Ostra Vetere,3311,0.1859
42037,Poggio San Marcello,693,0.1796
42038,Polverigi,4508,0.1838
42040,Rosora,1985,0.1753
42041,San Marcello,2057,0.1852
42042,San Paolo di Jesi,933,0.1794
42043,Santa Maria Nuova,4179,0.1842
42044,Sassoferrato,7285,0.1888
42045,Senigallia,45027,0.1845
42046,Serra de' Conti,3746,0.1798
42047,Serra San Quirico,2850,0.1748
42048,Sirolo,4051,0.1797
42049,Staffolo,2253,0.1793
42050,Trecastelli,7625,0.1853
43002,Apiro,2280,0.1746
43003,Appignano,4213,0.1786
43004,Belforte del Chienti,1886,0.1768
43005,Bolognola,142,0.22
43006,Caldarola,1823,0.1838
43007,Camerino,6974,0.2206
43008,Camporotondo di Fiastrone,563,0.1772
43009,Castelraimondo,4587,0.1929
43010,Castelsantangelo sul Nera,281,0.2516
43011,Cessapalombo,512,0.1863
43012,Cingoli,10352,0.1837
43013,Civitanova Marche,41983,0.1831
43014,Colmurano,1263,0.1751
43015,Corridonia,15430,0.1813
43016,Esanatoglia,2034,0.2029
43017,Fiastra,680,0.2265
43019,Fiuminata,1402,0.2329
43020,Gagliole,620,0.1802
43021,Gualdo,815,0.1785
43022,Loro Piceno,2401,0.1748
43023,Macerata,42473,0.1828
43024,Matelica,9981,0.1891
43025,Mogliano,4696,0.1749
43026,Montecassiano,7125,0.1834
43027,Monte Cavallo,145,0.2411
43028,Montecosaro,7113,0.1832
43029,Montefano,3541,0.1836
43030,Montelupone,3596,0.1832
43031,Monte San Giusto,8191,0.1828
43032,Monte San Martino,765,0.1786
43033,Morrovalle,10195,0.1831
43034,Muccia,915,0.2332
43035,Penna San Giovanni,1108,0.1778
43036,Petriolo,1998,0.1749
43038,Pieve Torina,1458,0.2425
43039,Pioraco,1134,0.1967
43040,Poggio San Vicino,246,0.1737
43041,Pollenza,6618,0.1745
43042,Porto Recanati,12531,0.1812
43043,Potenza Picena,15936,0.1832
43044,Recanati,21349,0.1834
43045,Ripe San Ginesio,852,0.1752
43046,San Ginesio,3498,0.1834
43047,San Severino Marche,12726,0.176
43048,Sant'Angelo in Pontano,1436,0.1764
43049,Sarnano,3264,0.1959
43050,Sefro,422,0.2288
43051,Serrapetrona,966,0.1789
43052,Serravalle di Chienti,1070,0.2424
43053,Tolentino,20069,0.1758
43054,Treia,9403,0.1768
43055,Urbisaglia,2628,0.1747
43056,Ussita,444,0.2445
43057,Visso,1107,0.2509
43058,Valfornace,1068,0.2338
44001,Acquasanta Terme,2916,0.2507
44002,Acquaviva Picena,3831,0.1821
44005,Appignano del Tronto,1785,0.1769
44006,Arquata del Tronto,1178,0.2571
44007,Ascoli Piceno,49407,0.1952
44010,Carassai,1100,0.1778
44011,Castel di Lama,8634,0.1764
44012,Castignano,2796,0.1774
44013,Castorano,2380,0.1761
44014,Colli del Tronto,3668,0.1761
44015,Comunanza,3166,0.1917
44016,Cossignano,978,0.1763
44017,Cupra Marittima,5398,0.1815
44020,Folignano,9241,0.179
44021,Force,1354,0.1799
44023,Grottammare,16006,0.1807
44027,Maltignano,2401,0.177
44029,Massignano,1638,0.1823
44031,Monsampolo del Tronto,4611,0.1776
44032,Montalto delle Marche,2122,0.176
44034,Montedinove,488,0.1762
44036,Montefiore dell'Aso,2123,0.1829
44038,Montegallo,523,0.2405
44044,Montemonaco,604,0.2451
44045,Monteprandone,12655,0.1813
44054,Offida,5058,0.1763
44056,Palmiano,196,0.1839
44063,Ripatransone,4309,0.1828
44064,Roccafluvione,2010,0.1989
44065,Rotella,906,0.1782
44066,San Benedetto del Tronto,47303,0.1807
44071,Spinetoli,7215,0.1761
44073,Venarotta,2066,0.1836
45001,Aulla,11263,0.193
45002,Bagnone,1887,0.2044
45003,Carrara,63133,0.1641
45004,Casola in Lunigiana,988,0.2042
45005,Comano,714,0.2048
45006,Filattiera,2309,0.2041
45007,Fivizzano,7925,0.2049
45008,Fosdinovo,4883,0.1673
45009,Licciana Nardi,4949,0.2045
45010,Massa,69479,0.1807
45011,Montignoso,10323,0.1383
45012,Mulazzo,2424,0.1973
45013,Podenzana,2180,0.1666
45014,Pontremoli,7357,0.2039
45015,Tresana,2044,0.1825
45016,Villafranca in Lunigiana,4770,0.2013
45017,Zeri,1094,0.1985
46001,Altopascio,15481,0.1291
46002,Bagni di Lucca,6161,0.2031
46003,Barga,10034,0.2045
46004,Borgo a Mozzano,6994,0.1832
46005,Camaiore,32513,0.1467
46006,Camporgiano,2176,0.2032
46007,Capannori,46252,0.1496
46008,Careggine,564,0.199
46009,Castelnuovo di Garfagnana,5950,0.2021
46010,Castiglione di Garfagnana,1818,0.205
46011,Coreglia Antelminelli,5215,0.2034
46013,Forte dei Marmi,7510,0.1278
46014,Fosciandora,602,0.2047
46015,Gallicano,3807,0.1912
46017,Lucca,89046,0.1555
46018,Massarosa,22471,0.1293
46019,Minucciano,2102,0.2032
46020,Molazzana,1043,0.1983
46021,Montecarlo,4428,0.1313
46022,Pescaglia,3526,0.1704
46023,Piazza al Serchio,2367,0.205
46024,Pietrasanta,24007,0.1367
46025,Pieve Fosciana,2414,0.2049
46026,Porcari,8845,0.1305
46027,San Romano in Garfagnana,1410,0.205
46028,Seravezza,13073,0.1643
46030,Stazzema,3193,0.1804
46031,Vagli Sotto,939,0.1998
46033,Viareggio,62467,0.1227
46034,Villa Basilica,1633,0.1689
46035,Villa Collemandina,1334,0.205
46036,Fabbriche di Vergemoli,768,0.1847
46037,Sillano Giuncugnano,1085,0.205
47002,Agliana,17525,0.1527
47003,Buggiano,8825,0.1366
47005,Lamporecchio,7508,0.131
47006,Larciano,6394,0.1307
47007,Marliana,3210,0.1815
47008,Massa e Cozzile,7983,0.1537
47009,Monsummano Terme,21338,0.1349
47010,Montale,10737,0.1801
47011,Montecatini-Terme,20409,0.1465
47012,Pescia,19644,0.1877
47013,Pieve a Nievole,9266,0.1344
47014,Pistoia,90315,0.2012
47016,Ponte Buggianese,8804,0.1325
47017,Quarrata,26190,0.136
47018,Sambuca Pistoiese,1626,0.2007
47020,Serravalle Pistoiese,11659,0.1486
47021,Uzzano,5770,0.1435
47022,Chiesina Uzzanese,4552,0.1318
47023,Abetone Cutigliano,2109,0.2029
47024,San Marcello Piteglio,8099,0.2016
48001,Bagno a Ripoli,25611,0.1361
48002,Barberino di Mugello,10836,0.2045
48003,Barberino Val d'Elsa,4386,0.1385
48004,Borgo San Lorenzo,18211,0.2098
48005,Calenzano,17489,0.1748
48006,Campi Bisenzio,46166,0.1333
48008,Capraia e Limite,7670,0.1261
48010,Castelfiorentino,17504,0.1401
48011,Cerreto Guidi,10870,0.1263
48012,Certaldo,16121,0.1386
48013,Dicomano,5515,0.2097
48014,Empoli,48109,0.1281
48015,Fiesole,13969,0.1467
48017,Firenze,382808,0.1345
48018,Firenzuola,4726,0.2081
48019,Fucecchio,23618,0.1259
48020,Gambassi Terme,4870,0.1415
48021,Greve in Chianti,13862,0.1263
48022,Impruneta,14615,0.1259
48024,Lastra a Signa,20156,0.1267
48025,Londa,1840,0.2072
48026,Marradi,3139,0.2108
48027,Montaione,3700,0.1415
48028,Montelupo Fiorentino,14098,0.124
48030,Montespertoli,13537,0.1276
48031,Palazzuolo sul Senio,1154,0.21
48032,Pelago,7660,0.169
48033,Pontassieve,20603,0.1903
48035,Reggello,16290,0.1632
48036,Rignano sull'Arno,8651,0.1378
48037,Rufina,7346,0.1837
48038,San Casciano in Val di Pesa,17062,0.1235
48039,San Godenzo,1167,0.21
48041,Scandicci,50609,0.1276
48043,Sesto Fiorentino,48958,0.1456
48044,Signa,19179,0.1295
48045,Tavarnelle Val di Pesa,7800,0.1208
48046,Vaglia,5073,0.1741
48049,Vicchio,8044,0.2101
48050,Vinci,14604,0.1288
48052,Figline e Incisa Valdarno,23505,0.1294
48053,Scarperia e San Piero,12217,0.2084
49001,Bibbona,3175,0.1319
49002,Campiglia Marittima,13218,0.0613
49003,Campo nell'Elba,4805,0.0311
49004,Capoliveri,4033,0.0327
49005,Capraia Isola,415,0.0317
49006,Castagneto Carducci,9010,0.1058
49007,Cecina,28046,0.1133
49008,Collesalvetti,16827,0.1401
49009,Livorno,159219,0.1369
49010,Marciana,2186,0.0302
49011,Marciana Marina,1977,0.0307
49012,Piombino,34060,0.0593
49013,Porto Azzurro,3751,0.0338
49014,Portoferraio,11992,0.0338
49015,Rio Marina,2198,0.036
49016,Rio nell'Elba,1148,0.0354
49017,Rosignano Marittimo,31394,0.1373
49018,San Vincenzo,6911,0.061
49019,Sassetta,514,0.084
49020,Suvereto,3072,0.0746
50001,Bientina,8062,0.1233
50002,Buti,5791,0.1223
50003,Calci,6426,0.1219
50004,Calcinaia,12439,0.1226
50005,Capannoli,6381,0.1413
50006,Casale Marittimo,1122,0.1227
50008,Cascina,45257,0.1295
50009,Castelfranco di Sotto,13427,0.1249
50010,Castellina Marittima,2025,0.1379
50011,Castelnuovo di Val di Cecina,2231,0.1404
50012,Chianni,1392,0.1406
50014,Fauglia,3682,0.1408
50015,Guardistallo,1234,0.1343
50016,Lajatico,1336,0.1407
50019,Montecatini Val di Cecina,1749,0.1401
50020,Montescudaio,2144,0.1343
50021,Monteverdi Marittimo,758,0.1283
50022,Montopoli in Val d'Arno,11148,0.1344
50023,Orciano Pisano,647,0.1391
50024,Palaia,4612,0.1416
50025,Peccioli,4807,0.1415
50026,Pisa,89158,0.1298
50027,Pomarance,5897,0.1404
50028,Ponsacco,15611,0.1399
50029,Pontedera,29223,0.1379
50030,Riparbella,1603,0.1397
50031,San Giuliano Terme,31399,0.1235
50032,San Miniato,27934,0.1391
50033,Santa Croce sull'Arno,14601,0.1198
50034,Santa Luce,1684,0.1401
50035,Santa Maria a Monte,13253,0.1251
50036,Terricciola,4627,0.1413
50037,Vecchiano,12189,0.1241
50038,Vicopisano,8559,0.1183
50039,Volterra,10519,0.1408
50040,Casciana Terme Lari,12529,0.1412
50041,Crespina Lorenzana,5457,0.141
51001,Anghiari,5638,0.2199
51002,Arezzo,99543,0.1911
51003,Badia Tedalda,1087,0.2253
51004,Bibbiena,12241,0.2096
51005,Bucine,10164,0.1361
51006,Capolona,5438,0.17
51007,Caprese Michelangelo,1426,0.2161
51008,Castel Focognano,3149,0.1753
51010,Castel San Niccolò,2707,0.184
51011,Castiglion Fibocchi,2167,0.1489
51012,Castiglion Fiorentino,13244,0.1674
51013,Cavriglia,9614,0.1233
51014,Chitignano,899,0.1955
51015,Chiusi della Verna,2023,0.2115
51016,Civitella in Val di Chiana,9121,0.1514
51017,Cortona,22450,0.189
51018,Foiano della Chiana,9516,0.1505
51019,Laterina,3517,0.1396
51020,Loro Ciuffenna,5819,0.1398
51021,Lucignano,3581,0.1482
51022,Marciano della Chiana,3466,0.1507
51023,Montemignaio,566,0.1699
51024,Monterchi,1757,0.2117
51025,Monte San Savino,8743,0.1511
51026,Montevarchi,24378,0.1278
51027,Ortignano Raggiolo,878,0.1743
51028,Pergine Valdarno,3162,0.1385
51030,Pieve Santo Stefano,3183,0.2258
51031,Poppi,6160,0.2112
51033,San Giovanni Valdarno,17018,0.1252
51034,Sansepolcro,15884,0.2291
51035,Sestino,1355,0.2106
51037,Subbiano,6331,0.1925
51038,Talla,1062,0.158
51039,Terranuova Bracciolini,12346,0.1358
51040,Castelfranco Piandiscò,9632,0.1353
51041,Pratovecchio Stia,5845,0.2104
52001,Abbadia San Salvatore,6444,0.1409
52002,Asciano,7118,0.143
52003,Buonconvento,3173,0.1422
52004,Casole d'Elsa,3897,0.1412
52005,Castellina in Chianti,2859,0.14
52006,Castelnuovo Berardenga,9097,0.1379
52007,Castiglione d'Orcia,2346,0.1431
52008,Cetona,2755,0.1461
52009,Chianciano Terme,7105,0.1456
52010,Chiusdino,1903,0.1404
52011,Chiusi,8704,0.1487
52012,Colle di Val d'Elsa,21620,0.1412
52013,Gaiole in Chianti,2758,0.1233
52015,Montepulciano,14097,0.1509
52016,Monteriggioni,9810,0.1413
52017,Monteroni d'Arbia,9088,0.1419
52018,Monticiano,1571,0.1405
52019,Murlo,2389,0.1411
52020,Piancastagnaio,4230,0.141
52021,Pienza,2107,0.1445
52022,Poggibonsi,29196,0.141
52023,Radda in Chianti,1613,0.1213
52024,Radicofani,1097,0.1443
52025,Radicondoli,914,0.1403
52026,Rapolano Terme,5249,0.1419
52027,San Casciano dei Bagni,1632,0.1445
52028,San Gimignano,7820,0.1413
52030,San Quirico d'Orcia,2662,0.1432
52031,Sarteano,4717,0.1452
52032,Siena,53903,0.1415
52033,Sinalunga,12764,0.1492
52034,Sovicille,10116,0.1413
52035,Torrita di Siena,7434,0.1493
52036,Trequanda,1254,0.1446
52037,Montalcino,5946,0.1441
53001,Arcidosso,4285,0.1408
53002,Campagnatico,2412,0.1355
53003,Capalbio,4129,0.0769
53004,Castel del Piano,4690,0.1413
53005,Castell'Azzara,1476,0.1408
53006,Castiglione della Pescaia,7308,0.0752
53007,Cinigiano,2618,0.141
53008,Civitella Paganico,3154,0.1405
53009,Follonica,21605,0.0643
53010,Gavorrano,8580,0.1069
53011,Grosseto,82087,0.1163
53012,Isola del Giglio,1442,0.0341
53013,Magliano in Toscana,3619,0.0774
53014,Manciano,7354,0.1389
53015,Massa Marittima,8375,0.135
53016,Monte Argentario,12660,0.0449
53017,Montieri,1204,0.1399
53018,Orbetello,14878,0.0588
53019,Pitigliano,3818,0.1403
53020,Roccalbegna,1044,0.1394
53021,Roccastrada,9199,0.1402
53022,Santa Fiora,2622,0.1398
53023,Scansano,4427,0.1289
53024,Scarlino,3847,0.0645
53025,Seggiano,961,0.1414
53026,Sorano,3428,0.1409
53027,Monterotondo Marittimo,1371,0.135
53028,Semproniano,1059,0.1395
54001,Assisi,28299,0.2347
54002,Bastia Umbra,21874,0.2251
54003,Bettona,4367,0.2113
54004,Bevagna,5081,0.2176
54005,Campello sul Clitunno,2442,0.2434
54006,Cannara,4305,0.2204
54007,Cascia,3217,0.2594
54008,Castel Ritaldi,3278,0.2224
54009,Castiglione del Lago,15527,0.155
54010,Cerreto di Spoleto,1075,0.2534
54011,Citerna,3531,0.2252
54012,Città della Pieve,7712,0.1497
54013,Città di Castello,39913,0.2314
54014,Collazzone,3473,0.1782
54015,Corciano,21332,0.1833
54016,Costacciaro,1216,0.213
54017,Deruta,9669,0.1851
54018,Foligno,57155,0.2424
54019,Fossato di Vico,2840,0.2204
54020,Fratta Todina,1839,0.1586
54021,Giano dell'Umbria,3846,0.1956
54022,Gualdo Cattaneo,6155,0.1996
54023,Gualdo Tadino,15208,0.2335
54024,Gubbio,32216,0.2335
54025,Lisciano Niccone,613,0.1844
54026,Magione,14865,0.1856
54027,Marsciano,18902,0.1659
54028,Massa Martana,3770,0.1749
54029,Monte Castello di Vibio,1567,0.1562
54030,Montefalco,5679,0.2237
54031,Monteleone di Spoleto,599,0.2557
54032,Monte Santa Maria Tiberina,1183,0.2204
54033,Montone,1680,0.2319
54034,Nocera Umbra,5839,0.2359
54035,Norcia,4957,0.2592
54036,Paciano,975,0.1517
54037,Panicale,5692,0.1559
54038,Passignano sul Trasimeno,5746,0.1775
54039,Perugia,166134,0.2311
54040,Piegaro,3669,0.1552
54041,Pietralunga,2111,0.2319
54042,Poggiodomo,117,0.2523
54043,Preci,724,0.2539
54044,San Giustino,11297,0.2302
54045,Sant'Anatolia di Narco,564,0.2513
54046,Scheggia e Pascelupo,1393,0.205
54047,Scheggino,461,0.2455
54048,Sellano,1079,0.2464
54049,Sigillo,2404,0.2135
54050,Spello,8645,0.2342
54051,Spoleto,38218,0.2396
54052,Todi,16851,0.1675
54053,Torgiano,6725,0.2047
54054,Trevi,8469,0.2391
54055,Tuoro sul Trasimeno,3780,0.1604
54056,Umbertide,16681,0.2298
54057,Valfabbrica,3389,0.234
54058,Vallo di Nera,364,0.2537
54059,Valtopina,1398,0.2365
55001,Acquasparta,4778,0.1752
55002,Allerona,1794,0.1448
55003,Alviano,1463,0.1498
55004,Amelia,11897,0.1552
55005,Arrone,2763,0.2195
55006,Attigliano,2028,0.145
55007,Baschi,2722,0.1534
55008,Calvi dell'Umbria,1856,0.1569
55009,Castel Giorgio,2131,0.1441
55010,Castel Viscardo,2938,0.1445
55011,Fabro,2876,0.146
55012,Ferentillo,1913,0.2425
55013,Ficulle,1669,0.147
55014,Giove,1928,0.146
55015,Guardea,1836,0.1525
55016,Lugnano in Teverina,1494,0.1491
55017,Montecastrilli,5022,0.1593
55018,Montecchio,1676,0.1527
55019,Montefranco,1276,0.2006
55020,Montegabbione,1216,0.1513
55021,Monteleone d'Orvieto,1467,0.1478
55022,Narni,19785,0.1601
55023,Orvieto,20630,0.1519
55024,Otricoli,1869,0.1555
55025,Parrano,534,0.1501
55026,Penna in Teverina,1099,0.1464
55027,Polino,233,0.2394
55028,Porano,1966,0.1443
55029,San Gemini,5018,0.1605
55030,San Venanzo,2218,0.1554
55031,Stroncone,4917,0.1696
55032,Terni,111501,0.1869
55033,Avigliano Umbro,2558,0.1572
56001,Acquapendente,5506,0.1442
56002,Arlena di Castro,854,0.139
56003,Bagnoregio,3650,0.1447
56004,Barbarano Romano,1077,0.1243
56005,Bassano Romano,5000,0.0836
56006,Bassano in Teverina,1313,0.1367
56007,Blera,3344,0.1335
56008,Bolsena,3991,0.1434
56009,Bomarzo,1805,0.1436
56010,Calcata,918,0.0928
56011,Canepina,3082,0.1206
56012,Canino,5286,0.1361
56013,Capodimonte,1731,0.1409
56014,Capranica,6487,0.1142
56015,Caprarola,5487,0.1229
56016,Carbognano,1995,0.0997
56017,Castel Sant'Elia,2683,0.1029
56018,Castiglione in Teverina,2329,0.1461
56019,Celleno,1355,0.144
56020,Cellere,1188,0.1395
56021,Civita Castellana,16491,0.1414
56022,Civitella d'Agliano,1640,0.1464
56023,Corchiano,3869,0.1305
56024,Fabrica di Roma,8340,0.1047
56025,Faleria,2179,0.1169
56026,Farnese,1527,0.1396
56027,Gallese,2849,0.1394
56028,Gradoli,1353,0.1408
56029,Graffignano,2292,0.1452
56030,Grotte di Castro,2683,0.1413
56031,Ischia di Castro,2326,0.1394
56032,Latera,836,0.1405
56033,Lubriano,909,0.1442
56034,Marta,3499,0.1408
56035,Montalto di Castro,9039,0.0918
56036,Montefiascone,13432,0.1426
56037,Monte Romano,2054,0.1391
56038,Monterosi,4448,0.0771
56039,Nepi,9687,0.0941
56040,Onano,995,0.1408
56041,Oriolo Romano,3811,0.0833
56042,Orte,8923,0.1486
56043,Piansano,2079,0.1402
56044,Proceno,557,0.1418
56045,Ronciglione,8669,0.1116
56046,Villa San Giovanni in Tuscia,1331,0.1316
56047,San Lorenzo Nuovo,2091,0.142
56048,Soriano nel Cimino,8403,0.1394
56049,Sutri,6709,0.0839
56050,Tarquinia,16475,0.118
56051,Tessennano,345,0.1365
56052,Tuscania,8451,0.1403
56053,Valentano,2868,0.1403
56054,Vallerano,2621,0.1051
56055,Vasanello,4068,0.1348
56056,Vejano,2254,0.1034
56057,Vetralla,14037,0.1376
56058,Vignanello,4652,0.1185
56059,Viterbo,67173,0.1437
56060,Vitorchiano,5233,0.1415
57001,Accumoli,667,0.2595
57002,Amatrice,2657,0.2602
57003,Antrodoco,2588,0.2556
57004,Ascrea,234,0.174
57005,Belmonte in Sabina,636,0.1769
57006,Borbona,617,0.2593
57007,Borgorose,4591,0.2529
57008,Borgo Velino,972,0.2426
57009,Cantalice,2755,0.2416
57010,Cantalupo in Sabina,1685,0.1548
57011,Casaprota,744,0.1612
57012,Casperia,1246,0.1593
57013,Castel di Tora,288,0.1722
57014,Castelnuovo di Farfa,1059,0.1557
57015,Castel Sant'Angelo,1308,0.2419
57016,Cittaducale,6828,0.2349
57017,Cittareale,482,0.2601
57018,Collalto Sabino,442,0.1792
57019,Colle di Tora,372,0.1663
57020,Collegiove,213,0.1778
57021,Collevecchio,1577,0.1508
57022,Colli sul Velino,533,0.1827
57023,Concerviano,291,0.1931
57024,Configni,633,0.1599
57025,Contigliano,3783,0.1796
57026,Cottanello,563,0.1651
57027,Fara in Sabina,13742,0.154
57028,Fiamignano,1413,0.2511
57029,Forano,3179,0.1516
57030,Frasso Sabino,743,0.16238
57031,Greccio,1558,0.1718
57032,Labro,374,0.1949
57033,Leonessa,2435,0.2587
57034,Longone Sabino,597,0.1912
57035,Magliano Sabina,3774,0.1487
57036,Marcetelli,89,0.1816
57037,Micigliano,127,0.2532
57038,Mompeo,530,0.1589
57039,Montasola,395,0.1604
57040,Montebuono,883,0.1555
57041,Monteleone Sabino,1224,0.1636
57042,Montenero Sabino,299,0.1651
57043,Monte San Giovanni in Sabina,714,0.164
57044,Montopoli di Sabina,4210,0.1559
57045,Morro Reatino,373,0.2123
57046,Nespolo,246,0.1757
57047,Orvinio,405,0.1625
57048,Paganico Sabino,172,0.1733
57049,Pescorocchiano,2075,0.2495
57050,Petrella Salto,1197,0.2394
57051,Poggio Bustone,2055,0.2315
57052,Poggio Catino,1341,0.1566
57053,Poggio Mirteto,6315,0.1551
57054,Poggio Moiano,2751,0.1642
57055,Poggio Nativo,2622,0.1585
57056,Poggio San Lorenzo,589,0.1644
57057,Posta,694,0.2596
57058,Pozzaglia Sabina,360,0.1675
57059,Rieti,47698,0.2389
57060,Rivodutri,1253,0.2359
57061,Roccantica,563,0.1583
57062,Rocca Sinibalda,815,0.1894
57063,Salisano,567,0.1581
57064,Scandriglia,3108,0.1604
57065,Selci,1106,0.1521
57066,Stimigliano,2328,0.149
57067,Tarano,1444,0.154
57068,Toffia,1058,0.1562
57069,Torricella in Sabina,1342,0.1675
57070,Torri in Sabina,1256,0.156
57071,Turania,241,0.1666
57072,Vacone,256,0.1582
57073,Varco Sabino,187,0.1969
58001,Affile,1548,0.1576
58002,Agosta,1765,0.1596
58003,Albano Laziale,41715,0.1658
58004,Allumiere,4060,0.0913
58005,Anguillara Sabazia,19357,0.0731
58006,Anticoli Corrado,915,0.1579
58007,Anzio,54211,0.1252
58008,Arcinazzo Romano,1348,0.1599
58009,Ariccia,19407,0.1661
58010,Arsoli,1586,0.1616
58011,Artena,14276,0.1677
58012,Bellegra,2887,0.1555
58013,Bracciano,19384,0.0734
58014,Camerata Nuova,447,0.1704
58015,Campagnano di Roma,11571,0.0838
58016,Canale Monterano,4191,0.08
58017,Canterano,351,0.1578
58018,Capena,10592,0.1329
58019,Capranica Prenestina,351,0.1551
58020,Carpineto Romano,4524,0.1203
58021,Casape,744,0.1551
58022,Castel Gandolfo,8997,0.1661
58023,Castel Madama,7399,0.1543
58024,Castelnuovo di Porto,8630,0.1184
58025,Castel San Pietro Romano,902,0.1665
58026,Cave,11287,0.1687
58027,Cerreto Laziale,1118,0.1556
58028,Cervara di Roma,455,0.1632
58029,Cerveteri,37441,0.0626
58030,Ciciliano,1336,0.1545
58031,Cineto Romano,601,0.1584
58032,Civitavecchia,52991,0.0656
58033,Civitella San Paolo,2066,0.1407
58034,Colleferro,21595,0.1612
58035,Colonna,4287,0.169266666666667
58036,Fiano Romano,15360,0.1423
58037,Filacciano,477,0.1498
58038,Formello,12918,0.0807
58039,Frascati,22087,0.1674
58040,Gallicano nel Lazio,6334,0.1703
58041,Gavignano,1916,0.1368
58042,Genazzano,6036,0.1646
58043,Genzano di Roma,23970,0.1657
58044,Gerano,1263,0.1559
58045,Gorga,710,0.1268
58046,Grottaferrata,20327,0.1676
58047,Guidonia Montecelio,88673,0.1583
58048,Jenne,366,0.1645
58049,Labico,6379,0.1701
58050,Lanuvio,13632,0.1641
58051,Licenza,1011,0.1568
58052,Magliano Romano,1448,0.0962
58053,Mandela,917,0.1571
58054,Manziana,7681,0.0722
58055,Marano Equo,779,0.1592
58056,Marcellina,7280,0.152
58057,Marino,43026,0.1663
58058,Mazzano Romano,3165,0.1014
58059,Mentana,22921,0.1387
58060,Monte Compatri,11978,0.169
58061,Monteflavio,1348,0.1568
58062,Montelanico,2131,0.1224
58063,Montelibretti,5323,0.1522
58064,Monte Porzio Catone,8693,0.168
58065,Monterotondo,40830,0.1347
58066,Montorio Romano,1984,0.1563
58067,Moricone,2650,0.1518
58068,Morlupo,8696,0.1172
58069,Nazzano,1436,0.1467
58070,Nemi,1943,0.16645
58071,Nerola,1926,0.1545
58072,Nettuno,49167,0.1295
58073,Olevano Romano,6687,0.1549
58074,Palestrina,21672,0.1706
58075,Palombara Sabina,13269,0.1539
58076,Percile,255,0.1593
58077,Pisoniano,770,0.1542
58078,Poli,2418,0.1607
58079,Pomezia,62966,0.162
58080,Ponzano Romano,1155,0.1462
58081,Riano,10466,0.1125
58082,Rignano Flaminio,10277,0.1257
58083,Riofreddo,781,0.1623
58084,Rocca Canterano,196,0.1574
58085,Rocca di Cave,377,0.1599
58086,Rocca di Papa,17034,0.1674
58087,Roccagiovine,263,0.156
58088,Rocca Priora,11962,0.1691
58089,Rocca Santo Stefano,975,0.1562
58090,Roiate,737,0.1556
58091,Roma,2864731,0.1685
58092,Roviano,1351,0.1588
58093,Sacrofano,7740,0.0885
58094,Sambuci,925,0.155
58095,San Gregorio da Sassola,1619,0.1664
58096,San Polo dei Cavalieri,2992,0.1551
58097,Santa Marinella,18783,0.0601
58098,Sant'Angelo Romano,5018,0.1435
58099,Sant'Oreste,3687,0.1399
58100,San Vito Romano,3273,0.1548
58101,Saracinesco,185,0.1567
58102,Segni,9159,0.1499
58103,Subiaco,9074,0.1659
58104,Tivoli,56533,0.1662
58105,Tolfa,5127,0.1157
58106,Torrita Tiberina,1089,0.1493
58107,Trevignano Romano,5725,0.0739
58108,Vallepietra,283,0.1753
58109,Vallinfreda,283,0.1618
58110,Valmontone,15959,0.1695
58111,Velletri,53303,0.1666
58112,Vicovaro,4019,0.1546
58113,Vivaro Romano,182,0.165
58114,Zagarolo,17843,0.1707
58115,Lariano,13432,0.1677
58116,Ladispoli,41078,0.0576
58117,Ardea,49183,0.1623
58118,Ciampino,38412,0.1659
58119,San Cesareo,15153,0.1703
58120,Fiumicino,78395,0.0826
58122,Fonte Nuova,32562,0.1383
59001,Aprilia,73446,0.1621
59002,Bassiano,1583,0.0912
59003,Campodimele,622,0.1067
59004,Castelforte,4386,0.1146
59005,Cisterna di Latina,36868,0.1533
59006,Cori,11065,0.164
59007,Fondi,39809,0.0937
59008,Formia,38127,0.093
59009,Gaeta,20834,0.0788
59010,Itri,10677,0.0941
59011,Latina,125985,0.1061
59012,Lenola,4189,0.1194
59013,Maenza,3074,0.1171
59014,Minturno,19783,0.097
59015,Monte San Biagio,6286,0.0887
59016,Norma,3946,0.1114
59017,Pontinia,14920,0.0789
59018,Ponza,3337,0.0491
59019,Priverno,14525,0.098
59020,Prossedi,1202,0.1256
59021,Roccagorga,4591,0.0968
59022,Rocca Massima,1136,0.1581
59023,Roccasecca dei Volsci,1146,0.1049
59024,Sabaudia,20432,0.0694
59025,San Felice Circeo,10032,0.0614
59026,Santi Cosma e Damiano,6897,0.1026
59027,Sermoneta,9842,0.096
59028,Sezze,24894,0.093
59029,Sonnino,7520,0.0909
59030,Sperlonga,3333,0.0757
59031,Spigno Saturnia,2961,0.1001
59032,Terracina,46039,0.0756
59033,Ventotene,739,0.0565
60001,Acquafondata,263,0.265
60002,Acuto,1920,0.1564
60003,Alatri,28952,0.1911
60004,Alvito,2713,0.2591
60005,Amaseno,4368,0.1315
60006,Anagni,21464,0.1558
60007,Aquino,5370,0.189
60008,Arce,5756,0.2028
60009,Arnara,2309,0.1598
60010,Arpino,7262,0.2441
60011,Atina,4316,0.2583
60012,Ausonia,2619,0.1071
60013,Belmonte Castello,739,0.2547
60014,Boville Ernica,8737,0.1799
60015,Broccostella,2741,0.2488
60016,Campoli Appennino,1725,0.2584
60017,Casalattico,574,0.2508
60018,Casalvieri,2698,0.2545
60019,Cassino,36142,0.2413
60020,Castelliri,3454,0.2139
60021,Castelnuovo Parano,883,0.1189
60022,Castrocielo,3965,0.215
60023,Castro dei Volsci,4781,0.1504
60024,Ceccano,23565,0.1537
60025,Ceprano,8897,0.1744
60026,Cervaro,8109,0.2455
60027,Colfelice,1932,0.2045
60028,Collepardo,968,0.1796
60029,Colle San Magno,699,0.2431
60030,Coreno Ausonio,1644,0.1153
60031,Esperia,3828,0.1199
60032,Falvaterra,554,0.1562
60033,Ferentino,21213,0.1589
60034,Filettino,565,0.19
60035,Fiuggi,10536,0.1623
60036,Fontana Liri,2953,0.2203
60037,Fontechiari,1303,0.2475
60038,Frosinone,46323,0.1625
60039,Fumone,2102,0.1602
60040,Gallinaro,1269,0.2588
60041,Giuliano di Roma,2400,0.137
60042,Guarcino,1623,0.1766
60043,Isola del Liri,11715,0.2302
60044,Monte San Giovanni Campano,12929,0.2103
60045,Morolo,3257,0.1422
60046,Paliano,8281,0.1556
60047,Pastena,1462,0.1429
60048,Patrica,3171,0.1491
60049,Pescosolido,1555,0.2552
60050,Picinisco,1218,0.2656
60051,Pico,2888,0.1374
60052,Piedimonte San Germano,6535,0.2134
60053,Piglio,4666,0.1588
60054,Pignataro Interamna,2595,0.1662
60055,Pofi,4204,0.1598
60056,Pontecorvo,13242,0.169
60057,Posta Fibreno,1139,0.2516
60058,Ripi,5270,0.1717
60059,Rocca d'Arce,959,0.2224
60060,Roccasecca,7365,0.225
60061,San Biagio Saracinisco,349,0.267
60062,San Donato Val di Comino,2107,0.262
60063,San Giorgio a Liri,3164,0.1344
60064,San Giovanni Incarico,3336,0.1673
60065,Sant'Ambrogio sul Garigliano,966,0.136
60066,Sant'Andrea del Garigliano,1505,0.1243
60067,Sant'Apollinare,1919,0.1421
60068,Sant'Elia Fiumerapido,6166,0.2599
60069,Santopadre,1357,0.2404
60070,San Vittore del Lazio,2636,0.2381
60071,Serrone,3099,0.1559
60072,Settefrati,728,0.2635
60073,Sgurgola,2676,0.1414
60074,Sora,26144,0.2448
60075,Strangolagalli,2491,0.1779
60076,Supino,4873,0.1479
60077,Terelle,422,0.249
60078,Torre Cajetani,1376,0.1639
60079,Torrice,4816,0.1673
60080,Trevi nel Lazio,1822,0.1702
60081,Trivigliano,1705,0.1627
60082,Vallecorsa,2643,0.125
60083,Vallemaio,937,0.1255
60084,Vallerotonda,1581,0.2669
60085,Veroli,20560,0.2064
60086,Vicalvi,783,0.2544
60087,Vico nel Lazio,2234,0.1876
60088,Villa Latina,1241,0.2598
60089,Villa Santa Lucia,2632,0.2188
60090,Villa Santo Stefano,1720,0.1367
60091,Viticuso,353,0.2611
61001,Ailano,1369,0.2181
61002,Alife,7616,0.2434
61003,Alvignano,4824,0.1905
61004,Arienzo,5365,0.1774
61005,Aversa,53047,0.1402
61006,Baia e Latina,2197,0.1852
61007,Bellona,6053,0.12
61008,Caianello,1824,0.1342
61009,Caiazzo,5595,0.1623
61010,Calvi Risorta,5707,0.113
61011,Camigliano,1943,0.122
61012,Cancello ed Arnone,5675,0.1027
61013,Capodrise,10094,0.1295
61014,Capriati a Volturno,1541,0.2594
61015,Capua,18820,0.1221
61016,Carinaro,7181,0.1327
61017,Carinola,7283,0.1035
61018,Casagiove,13651,0.1264
61019,Casal di Principe,21389,0.1162
61020,Casaluce,10078,0.1227
61021,Casapulla,8628,0.124975
61022,Caserta,76326,0.1428
61023,Castel Campagnano,1581,0.1717
61024,Castel di Sasso,1171,0.1404
61025,Castello del Matese,1494,0.2681
61026,Castel Morrone,3858,0.1386
61027,Castel Volturno,25281,0.1152
61028,Cervino,5031,0.1522
61029,Cesa,8841,0.1436
61030,Ciorlano,426,0.2496
61031,Conca della Campania,1239,0.1612
61032,Curti,7132,0.122833333333333
61033,Dragoni,2108,0.1933
61034,Fontegreca,811,0.246
61035,Formicola,1488,0.1314
61036,Francolise,4922,0.1103
61037,Frignano,9008,0.1192
61038,Gallo Matese,579,0.2555
61039,Galluccio,2154,0.1416
61040,Giano Vetusto,647,0.1223
61041,Gioia Sannitica,3638,0.2566
61042,Grazzanise,7067,0.1031
61043,Gricignano di Aversa,11881,0.1369
61044,Letino,712,0.2627
61045,Liberi,1153,0.1478
61046,Lusciano,15362,0.1359
61047,Macerata Campania,10609,0.1237
61048,Maddaloni,39166,0.158
61049,Marcianise,39803,0.1483
61050,Marzano Appio,2226,0.1413
61051,Mignano Monte Lungo,3250,0.1915
61052,Mondragone,28624,0.0916
61053,Orta di Atella,27191,0.1493
61054,Parete,11442,0.1398
61055,Pastorano,3033,0.1184
61056,Piana di Monte Verna,2390,0.1397
61057,Piedimonte Matese,11297,0.2679
61058,Pietramelara,4722,0.146
61059,Pietravairano,2984,0.1823
61060,Pignataro Maggiore,6084,0.1188
61061,Pontelatone,1703,0.1362
61062,Portico di Caserta,7802,0.1257
61063,Prata Sannita,1502,0.2444
61064,Pratella,1565,0.2181
61065,Presenzano,1766,0.1852
61066,Raviscanina,1319,0.2363
61067,Recale,7773,0.1272
61068,Riardo,2321,0.136
61069,Rocca d'Evandro,3283,0.1521
61070,Roccamonfina,3511,0.1199
61071,Roccaromana,856,0.1636
61072,Rocchetta e Croce,460,0.1271
61073,Ruviano,1655,0.1988
61074,San Cipriano d'Aversa,13653,0.1175
61075,San Felice a Cancello,17568,0.1728
61076,San Gregorio Matese,988,0.2681
61077,San Marcellino,14155,0.1246
61078,San Nicola la Strada,22448,0.1334
61079,San Pietro Infine,944,0.2111
61080,San Potito Sannitico,1925,0.2666
61081,San Prisco,12345,0.1226
61082,Santa Maria a Vico,14022,0.1683
61083,Santa Maria Capua Vetere,32802,0.1222
61084,Santa Maria la Fossa,2729,0.1108
61085,San Tammaro,5549,0.119
61086,Sant'Angelo d'Alife,2270,0.236
61087,Sant'Arpino,14307,0.1448
61088,Sessa Aurunca,21727,0.1146
61089,Sparanise,7429,0.1097
61090,Succivo,8457,0.144825
61091,Teano,12577,0.1319
61092,Teverola,14291,0.1265
61093,Tora e Piccilli,910,0.1407
61094,Trentola-Ducenta,19429,0.1317
61095,Vairano Patenora,6594,0.1867
61096,Valle Agricola,890,0.2563
61097,Valle di Maddaloni,2742,0.1436
61098,Villa di Briano,7087,0.11955
61099,Villa Literno,11985,0.1196
61100,Vitulazio,7420,0.1189
61101,Falciano del Massico,3695,0.0954
61102,Cellole,7830,0.0936
61103,Casapesenna,6987,0.1208
61104,San Marco Evangelista,6532,0.142
62001,Airola,8195,0.1897
62002,Amorosi,2797,0.1934
62003,Apice,5686,0.2703
62004,Apollosa,2658,0.2291
62005,Arpaia,1992,0.1765
62006,Arpaise,761,0.2216
62007,Baselice,2397,0.188
62008,Benevento,60091,0.2661
62009,Bonea,1448,0.198
62010,Bucciano,2100,0.1901
62011,Buonalbergo,1730,0.2592
62012,Calvi,2682,0.2675
62013,Campolattaro,1072,0.2649
62014,Campoli del Monte Taburno,1546,0.2195
62015,Casalduni,1378,0.2657
62016,Castelfranco in Miscano,916,0.1982
62017,Castelpagano,1483,0.2179
62018,Castelpoto,1254,0.2448
62019,Castelvenere,2562,0.2512
62020,Castelvetere in Val Fortore,1240,0.174
62021,Cautano,2044,0.2293
62022,Ceppaloni,3415,0.2287
62023,Cerreto Sannita,3940,0.2655
62024,Circello,2388,0.2577
62025,Colle Sannita,2431,0.2291
62026,Cusano Mutri,4091,0.268
62027,Dugenta,2798,0.1587
62028,Durazzano,2230,0.1577
62029,Faicchio,3634,0.2492
62030,Foglianise,3385,0.2516
62031,Foiano di Val Fortore,1410,0.1898
62032,Forchia,1235,0.1795
62033,Fragneto l'Abate,1049,0.2638
62034,Fragneto Monforte,1840,0.2659
62035,Frasso Telesino,2318,0.2007
62036,Ginestra degli Schiavoni,476,0.2054
62037,Guardia Sanframondi,5078,0.2599
62038,Limatola,4073,0.1437
62039,Melizzano,1858,0.1913
62040,Moiano,4094,0.1819
62041,Molinara,1618,0.2237
62042,Montefalcone di Val Fortore,1525,0.1962
62043,Montesarchio,13500,0.2132
62044,Morcone,4932,0.2669
62045,Paduli,3978,0.2686
62046,Pago Veiano,2406,0.2645
62047,Pannarano,2130,0.2121
62048,Paolisi,2072,0.1853
62049,Paupisi,1633,0.2532
62050,Pesco Sannita,1972,0.2658
62051,Pietraroja,545,0.268
62052,Pietrelcina,3114,0.2673
62053,Ponte,2580,0.263
62054,Pontelandolfo,2167,0.2664
62055,Puglianello,1349,0.2208
62056,Reino,1210,0.2621
62057,San Bartolomeo in Galdo,4867,0.1633
62058,San Giorgio del Sannio,10022,0.2675
62059,San Giorgio La Molara,2994,0.2569
62060,San Leucio del Sannio,3106,0.243
62061,San Lorenzello,2227,0.2579
62062,San Lorenzo Maggiore,2154,0.2624
62063,San Lupo,801,0.2657
62064,San Marco dei Cavoti,3371,0.2567
62065,San Martino Sannita,1230,0.2487
62066,San Nazzaro,884,0.25768
62067,San Nicola Manfredi,3722,0.2582
62068,San Salvatore Telesino,3999,0.2392
62069,Santa Croce del Sannio,927,0.2469
62070,Sant'Agata de' Goti,11216,0.1885
62071,Sant'Angelo a Cupolo,4325,0.2495
62072,Sassinoro,618,0.264
62073,Solopaca,3820,0.2422
62074,Telese Terme,7486,0.2156
62075,Tocco Caudio,1508,0.2107
62076,Torrecuso,3407,0.2626
62077,Vitulano,2944,0.2483
62078,Sant'Arcangelo Trimonte,573,0.2668
63001,Acerra,59573,0.1721
63002,Afragola,65057,0.1688
63003,Agerola,7673,0.0975
63004,Anacapri,6946,0.084
63005,Arzano,34886,0.1648
63006,Bacoli,26560,0.1669
63007,Barano d'Ischia,10113,0.155
63008,Boscoreale,28072,0.1498
63009,Boscotrecase,10363,0.1542
63010,Brusciano,16466,0.1746
63011,Caivano,37879,0.1629
63012,Calvizzano,12329,0.1574
63013,Camposano,5333,0.18255
63014,Capri,7205,0.084
63015,Carbonara di Nola,2429,0.1781
63016,Cardito,22755,0.1596
63017,Casalnuovo di Napoli,49855,0.1703
63018,Casamarciano,3289,0.185
63019,Casamicciola Terme,8362,0.1567
63020,Casandrino,14336,0.1582
63021,Casavatore,18661,0.1681
63022,Casola di Napoli,3898,0.1128
63023,Casoria,77642,0.1697
63024,Castellammare di Stabia,66466,0.123
63025,Castello di Cisterna,7869,0.1728
63026,Cercola,18267,0.1706
63027,Cicciano,12906,0.1836
63028,Cimitile,7280,0.1806
63029,Comiziano,1814,0.1828
63030,Crispano,12354,0.15825
63031,Forio,17615,0.1427
63032,Frattamaggiore,30329,0.1612
63033,Frattaminore,16208,0.151766666666667
63034,Giugliano in Campania,122974,0.1518
63035,Gragnano,29136,0.1135
63036,Grumo Nevano,18061,0.1563
63037,Ischia,19915,0.1584
63038,Lacco Ameno,4853,0.1497
63039,Lettere,6188,0.1121
63040,Liveri,1607,0.1809
63041,Marano di Napoli,59874,0.1621
63042,Mariglianella,7787,0.175233333333333
63043,Marigliano,30157,0.1764
63044,Massa Lubrense,14243,0.0983
63045,Melito di Napoli,37826,0.1551
63046,Meta,8015,0.1007
63047,Monte di Procida,12886,0.1669
63048,Mugnano di Napoli,34828,0.1601
63049,Napoli,974074,0.1698
63050,Nola,34431,0.1832
63051,Ottaviano,23860,0.1734
63052,Palma Campania,15978,0.1773
63053,Piano di Sorrento,13109,0.0959
63054,Pimonte,5980,0.1075
63055,Poggiomarino,21976,0.1643
63056,Pollena Trocchia,13562,0.1712
63057,Pomigliano d'Arco,39922,0.1732
63058,Pompei,25358,0.1425
63059,Portici,55274,0.1679
63060,Pozzuoli,81661,0.1669
63061,Procida,10530,0.1637
63062,Qualiano,25702,0.1439
63063,Quarto,40930,0.1576
63064,Ercolano,53709,0.1676
63065,Roccarainola,7082,0.1869
63066,San Gennaro Vesuviano,11966,0.1743
63067,San Giorgio a Cremano,45557,0.1696
63068,San Giuseppe Vesuviano,30657,0.166
63069,San Paolo Bel Sito,3513,0.18205
63070,San Sebastiano al Vesuvio,9196,0.16948
63071,Sant'Agnello,9122,0.0966
63072,Sant'Anastasia,27671,0.1729
63073,Sant'Antimo,33905,0.1525
63074,Sant'Antonio Abate,19743,0.1187
63075,San Vitaliano,6461,0.1781
63076,Saviano,15982,0.1797
63077,Scisciano,5994,0.17842
63078,Serrara Fontana,3173,0.1482
63079,Somma Vesuviana,35233,0.1747
63080,Sorrento,16679,0.0974
63081,Striano,8397,0.1632
63082,Terzigno,18968,0.1666
63083,Torre Annunziata,42789,0.149183333333333
63084,Torre del Greco,86275,0.1633
63085,Tufino,3776,0.18706
63086,Vico Equense,20969,0.1055
63087,Villaricca,31122,0.1513
63088,Visciano,4454,0.1849
63089,Volla,23755,0.1708
63090,Santa Maria la Carità,11722,0.1207
63091,Trecase,9097,0.1623
63092,Massa di Somma,5444,0.1698
64001,Aiello del Sabato,3958,0.1831
64002,Altavilla Irpina,4196,0.2238
64003,Andretta,1927,0.2688
64004,Aquilonia,1739,0.2283
64005,Ariano Irpino,22700,0.2685
64006,Atripalda,11020,0.2057
64007,Avella,7890,0.197
64008,Avellino,54857,0.2074
64009,Bagnoli Irpino,3217,0.2256
64010,Baiano,4718,0.1943
64011,Bisaccia,3831,0.2597
64012,Bonito,2448,0.2701
64013,Cairano,326,0.2642
64014,Calabritto,2391,0.2449
64015,Calitri,4666,0.2565
64016,Candida,1147,0.2163
64017,Caposele,3483,0.2624
64018,Capriglia Irpina,2398,0.2102
64019,Carife,1408,0.2694
64020,Casalbore,1800,0.2388
64021,Cassano Irpino,982,0.2173
64022,Castel Baronia,1129,0.2692
64023,Castelfranci,2041,0.2486
64024,Castelvetere sul Calore,1615,0.2459
64025,Cervinara,9658,0.2018
64026,Cesinali,2584,0.1936
64027,Chianche,475,0.2279
64028,Chiusano di San Domenico,2277,0.236
64029,Contrada,3053,0.172
64030,Conza della Campania,1373,0.2692
64031,Domicella,1862,0.179
64032,Flumeri,2963,0.269
64033,Fontanarosa,3170,0.2666
64034,Forino,5384,0.173
64035,Frigento,3780,0.2709
64036,Gesualdo,3516,0.2702
64037,Greci,691,0.1994
64038,Grottaminarda,8137,0.2711
64039,Grottolella,1869,0.2157
64040,Guardia Lombardi,1718,0.2706
64041,Lacedonia,2340,0.2233
64042,Lapio,1572,0.2484
64043,Lauro,3509,0.1802
64044,Lioni,6201,0.2668
64045,Luogosano,1187,0.258
64046,Manocalzati,3160,0.2203
64047,Marzano di Nola,1727,0.1822
64048,Melito Irpino,1920,0.2709
64049,Mercogliano,12267,0.1955
64050,Mirabella Eclano,7684,0.2691
64051,Montaguto,423,0.1893
64052,Montecalvo Irpino,3725,0.268
64053,Montefalcione,3359,0.2377
64054,Monteforte Irpino,11467,0.19
64055,Montefredane,2297,0.2179
64056,Montefusco,1338,0.2478
64057,Montella,7780,0.2149
64058,Montemarano,2851,0.2431
64059,Montemiletto,5313,0.2554
64060,Monteverde,784,0.2089
64063,Morra De Sanctis,1297,0.2701
64064,Moschiano,1673,0.1806
64065,Mugnano del Cardinale,5373,0.196
64066,Nusco,4203,0.2519
64067,Ospedaletto d'Alpinolo,2145,0.2011
64068,Pago del Vallo di Lauro,1830,0.1835
64069,Parolise,663,0.22948
64070,Paternopoli,2384,0.2598
64071,Petruro Irpino,349,0.23254
64072,Pietradefusi,2348,0.2569
64073,Pietrastornina,1553,0.2168
64074,Prata di Principato Ultra,2944,0.2323
64075,Pratola Serra,3764,0.2246
64076,Quadrelle,1865,0.198175
64077,Quindici,1938,0.1746
64078,Roccabascerana,2354,0.2204
64079,Rocca San Felice,851,0.2706
64080,Rotondi,3591,0.191
64081,Salza Irpina,772,0.209
64082,San Mango sul Calore,1185,0.2525
64083,San Martino Valle Caudina,4884,0.2105
64084,San Michele di Serino,2530,0.18646
64085,San Nicola Baronia,771,0.2597
64086,San Potito Ultra,1558,0.2102
64087,San Sossio Baronia,1643,0.2529
64088,Santa Lucia di Serino,1402,0.1855
64089,Sant'Andrea di Conza,1539,0.2665
64090,Sant'Angelo all'Esca,801,0.2619
64091,Sant'Angelo a Scala,730,0.2117
64092,Sant'Angelo dei Lombardi,4250,0.2705
64093,Santa Paolina,1256,0.2401
64095,Santo Stefano del Sole,2208,0.1955
64096,Savignano Irpino,1140,0.2114
64097,Scampitella,1234,0.2313
64098,Senerchia,842,0.227
64099,Serino,7034,0.1746
64100,Sirignano,2933,0.1971
64101,Solofra,12495,0.1598
64102,Sorbo Serpico,583,0.1997
64103,Sperone,3706,0.2
64104,Sturno,3080,0.2707
64105,Summonte,1583,0.2041
64106,Taurano,1546,0.1858
64107,Taurasi,2377,0.2588
64108,Teora,1537,0.266
64109,Torella dei Lombardi,2144,0.2658
64110,Torre Le Nocelle,1324,0.2595
64111,Torrioni,549,0.2268
64112,Trevico,993,0.26
64113,Tufo,889,0.226
64114,Vallata,2714,0.26
64115,Vallesaccarda,1386,0.2375
64116,Venticano,2537,0.263
64117,Villamaina,995,0.2682
64118,Villanova del Battista,1690,0.263
64119,Volturara Irpina,3289,0.2082
64120,Zungoli,1099,0.2349
64121,Montoro,19671,0.1607
65001,Acerno,2783,0.1776
65002,Agropoli,21481,0.0866
65003,Albanella,6513,0.1115
65004,Alfano,1023,0.1101
65005,Altavilla Silentina,7051,0.1179
65006,Amalfi,5149,0.0962
65007,Angri,34002,0.1341
65008,Aquara,1545,0.124
65009,Ascea,5820,0.0902
65010,Atena Lucana,2336,0.2345
65011,Atrani,846,0.1006
65012,Auletta,2336,0.2207
65013,Baronissi,17003,0.1191
65014,Battipaglia,50786,0.1107
65015,Bellosguardo,794,0.126
65016,Bracigliano,5565,0.1539
65017,Buccino,5047,0.2384
65018,Buonabitacolo,2549,0.2108
65019,Caggiano,2765,0.2502
65020,Calvanico,1518,0.1403
65021,Camerota,6985,0.1013
65022,Campagna,16703,0.1683
65023,Campora,439,0.1092
65024,Cannalonga,1063,0.1031
65025,Capaccio Paestum,22810,0.0974
65026,Casalbuono,1194,0.2336
65027,Casaletto Spartano,1420,0.2094
65028,Casal Velino,5268,0.0865
65029,Caselle in Pittari,1956,0.1524
65030,Castelcivita,1739,0.1376
65031,Castellabate,9188,0.0808
65032,Castelnuovo Cilento,2732,0.0872
65033,Castelnuovo di Conza,619,0.2658
65034,Castel San Giorgio,13702,0.1352
65035,Castel San Lorenzo,2471,0.1098
65036,Castiglione del Genovesi,1383,0.1162
65037,Cava de' Tirreni,53659,0.1183
65038,Celle di Bulgheria,1922,0.1029
65039,Centola,5168,0.0951
65040,Ceraso,2397,0.0967
65041,Cetara,2141,0.0996
65042,Cicerale,1220,0.0971
65043,Colliano,3638,0.2549
65044,Conca dei Marini,696,0.0962
65045,Controne,875,0.1221
65046,Contursi Terme,3394,0.1915
65047,Corbara,2545,0.1158
65048,Corleto Monforte,592,0.1676
65049,Cuccaro Vetere,573,0.098
65050,Eboli,40115,0.1207
65051,Felitto,1283,0.1152
65052,Fisciano,13820,0.1398
65053,Furore,776,0.095566666666667
65054,Futani,1204,0.101
65055,Giffoni Sei Casali,5264,0.1345
65056,Giffoni Valle Piana,12001,0.1456
65057,Gioi,1278,0.0978
65058,Giungano,1280,0.0942
65059,Ispani,1026,0.126
65060,Laureana Cilento,1174,0.0824
65061,Laurino,1548,0.1208
65062,Laurito,788,0.1082
65063,Laviano,1438,0.263
65064,Lustra,1075,0.0851
65065,Magliano Vetere,695,0.1067
65066,Maiori,5573,0.0998
65067,Mercato San Severino,22322,0.1417
65068,Minori,2752,0.1023
65069,Moio della Civitella,1827,0.1018
65070,Montano Antilia,2077,0.1044
65071,Montecorice,2628,0.0775
65072,Montecorvino Pugliano,10701,0.1157
65073,Montecorvino Rovella,12739,0.1314
65074,Monteforte Cilento,564,0.0996
65075,Monte San Giacomo,1572,0.184
65076,Montesano sulla Marcellana,6704,0.2603
65077,Morigerati,665,0.1429
65078,Nocera Inferiore,46043,0.137
65079,Nocera Superiore,24263,0.1191
65080,Novi Velia,2324,0.1102
65081,Ogliastro Cilento,2270,0.0888
65082,Olevano sul Tusciano,6878,0.1304
65083,Oliveto Citra,3802,0.2038
65084,Omignano,1645,0.0858
65085,Orria,1089,0.0969
65086,Ottati,618,0.1542
65087,Padula,5368,0.2527
65088,Pagani,35834,0.1318
65089,Palomonte,3985,0.217
65090,Pellezzano,10965,0.1138
65091,Perdifumo,1790,0.0799
65092,Perito,931,0.0921
65093,Pertosa,690,0.2219
65094,Petina,1159,0.1855
65095,Piaggine,1311,0.1394
65096,Pisciotta,2641,0.089
65097,Polla,5279,0.2353
65098,Pollica,2393,0.0788
65099,Pontecagnano Faiano,26097,0.1075
65100,Positano,3955,0.0985
65101,Postiglione,2151,0.1515
65102,Praiano,2047,0.093
65103,Prignano Cilento,1018,0.0877
65104,Ravello,2490,0.1048
65105,Ricigliano,1144,0.2572
65106,Roccadaspide,7209,0.1091
65107,Roccagloriosa,1722,0.1143
65108,Roccapiemonte,9060,0.1265
65109,Rofrano,1576,0.124
65110,Romagnano al Monte,368,0.2497
65111,Roscigno,817,0.133
65112,Rutino,842,0.0864
65113,Sacco,492,0.1413
65114,Sala Consilina,12664,0.2424
65115,Salento,1977,0.0922
65116,Salerno,135261,0.1145
65117,Salvitelle,560,0.239
65118,San Cipriano Picentino,6631,0.1176
65119,San Giovanni a Piro,3780,0.1131
65120,San Gregorio Magno,4286,0.2545
65121,San Mango Piemonte,2649,0.1152
65122,San Marzano sul Sarno,10442,0.1415
65123,San Mauro Cilento,889,0.0793
65124,San Mauro la Bruca,603,0.0913
65125,San Pietro al Tanagro,1695,0.195
65126,San Rufo,1754,0.1734
65127,Santa Marina,3243,0.1318
65128,Sant'Angelo a Fasanella,635,0.1551
65129,Sant'Arsenio,2815,0.2049
65130,Sant'Egidio del Monte Albino,8909,0.1229
65131,Santomenna,443,0.2646
65132,San Valentino Torio,10947,0.1521
65133,Sanza,2608,0.1971
65134,Sapri,6770,0.1566
65135,Sarno,31529,0.1693
65136,Sassano,5013,0.2153
65137,Scafati,50787,0.1443
65138,Scala,1533,0.1008
65139,Serramezzana,331,0.0788
65140,Serre,3995,0.136
65141,Sessa Cilento,1337,0.0832
65142,Siano,9979,0.1432
65143,Sicignano degli Alburni,3519,0.1957
65144,Stella Cilento,738,0.0826
65145,Stio,872,0.1025
65146,Teggiano,7976,0.1998
65147,Torchiara,1871,0.084
65148,Torraca,1263,0.1675
65149,Torre Orsaia,2118,0.1219
65150,Tortorella,523,0.1817
65151,Tramonti,4171,0.1091
65152,Trentinara,1646,0.099
65153,Valle dell'Angelo,248,0.1266
65154,Vallo della Lucania,8531,0.1012
65155,Valva,1643,0.251
65156,Vibonati,3293,0.1446
65157,Vietri sul Mare,7902,0.104
65158,Bellizzi,13568,0.1033
66001,Acciano,327,0.2596
66002,Aielli,1475,0.2604
66003,Alfedena,864,0.2688
66004,Anversa degli Abruzzi,341,0.2616
66005,Ateleta,1181,0.2566
66006,Avezzano,42515,0.255
66007,Balsorano,3569,0.2485
66008,Barete,737,0.2606
66009,Barisciano,1828,0.2609
66010,Barrea,726,0.266
66011,Bisegna,223,0.2625
66012,Bugnara,1125,0.2608
66013,Cagnano Amiterno,1369,0.2602
66014,Calascio,137,0.2538
66015,Campo di Giove,803,0.2504
66016,Campotosto,542,0.2599
66017,Canistro,995,0.2215
66018,Cansano,274,0.2565
66019,Capestrano,884,0.2534
66020,Capistrello,5252,0.2353
66021,Capitignano,665,0.2605
66022,Caporciano,230,0.2592
66023,Cappadocia,528,0.1968
66024,Carapelle Calvisio,87,0.2562
66025,Carsoli,5396,0.1943
66026,Castel del Monte,413,0.2488
66027,Castel di Ieri,303,0.2609
66028,Castel di Sangro,6538,0.2708
66029,Castellafiume,1106,0.2043
66030,Castelvecchio Calvisio,153,0.2567
66031,Castelvecchio Subequo,982,0.2608
66032,Celano,11017,0.2609
66033,Cerchio,1635,0.2601
66034,Civita d'Antino,979,0.2233
66035,Civitella Alfedena,296,0.264
66036,Civitella Roveto,3268,0.2246
66037,Cocullo,230,0.2612
66038,Collarmele,894,0.2608
66039,Collelongo,1233,0.2537
66040,Collepietro,237,0.2555
66041,Corfinio,1051,0.258
66042,Fagnano Alto,418,0.2607
66043,Fontecchio,369,0.2606
66044,Fossa,721,0.261
66045,Gagliano Aterno,254,0.2609
66046,Gioia dei Marsi,1989,0.262
66047,Goriano Sicoli,569,0.2608
66048,Introdacqua,2126,0.261
66049,L'Aquila,69753,0.261
66050,Lecce nei Marsi,1702,0.2602
66051,Luco dei Marsi,6079,0.2488
66052,Lucoli,1011,0.2601
66053,Magliano de' Marsi,3690,0.2536
66054,Massa d'Albe,1476,0.2578
66055,Molina Aterno,386,0.2598
66056,Montereale,2581,0.2605
66057,Morino,1448,0.2131
66058,Navelli,554,0.2581
66059,Ocre,1167,0.261
66060,Ofena,506,0.2515
66061,Opi,420,0.2628
66062,Oricola,1244,0.1642
66063,Ortona dei Marsi,542,0.262
66064,Ortucchio,1860,0.2592
66065,Ovindoli,1227,0.2601
66066,Pacentro,1174,0.2541
66067,Pereto,682,0.1776
66068,Pescasseroli,2203,0.2623
66069,Pescina,4133,0.2609
66070,Pescocostanzo,1128,0.2603
66071,Pettorano sul Gizio,1376,0.2614
66072,Pizzoli,4326,0.2606
66073,Poggio Picenze,1136,0.2606
66074,Prata d'Ansidonia,496,0.2598
66075,Pratola Peligna,7577,0.2575
66076,Prezza,945,0.2604
66077,Raiano,2815,0.2597
66078,Rivisondoli,700,0.2621
66079,Roccacasale,693,0.255
66080,Rocca di Botte,856,0.1684
66081,Rocca di Cambio,533,0.2607
66082,Rocca di Mezzo,1526,0.2609
66083,Rocca Pia,178,0.2623
66084,Roccaraso,1627,0.263
66085,San Benedetto dei Marsi,3909,0.2597
66086,San Benedetto in Perillis,113,0.2584
66087,San Demetrio ne' Vestini,1854,0.2606
66088,San Pio delle Camere,661,0.2587
66089,Sante Marie,1166,0.2201
66090,Sant'Eusanio Forconese,394,0.261
66091,Santo Stefano di Sessanio,111,0.2571
66092,San Vincenzo Valle Roveto,2347,0.2368
66093,Scanno,1847,0.2628
66094,Scontrone,574,0.2676
66095,Scoppito,3727,0.2591
66096,Scurcola Marsicana,2824,0.2417
66097,Secinaro,359,0.2607
66098,Sulmona,24557,0.2574
66099,Tagliacozzo,6889,0.2332
66100,Tione degli Abruzzi,310,0.2606
66101,Tornimparte,3187,0.2577
66102,Trasacco,6246,0.2555
66103,Villalago,568,0.2624
66104,Villa Santa Lucia degli Abruzzi,123,0.2411
66105,Villa Sant'Angelo,424,0.2609
66106,Villavallelonga,919,0.2584
66107,Villetta Barrea,653,0.2635
66108,Vittorito,873,0.2582
67001,Alba Adriatica,12353,0.1758
67002,Ancarano,1857,0.1764
67003,Arsita,829,0.2084
67004,Atri,10772,0.176
67005,Basciano,2434,0.1884
67006,Bellante,7152,0.1776
67007,Bisenti,1952,0.1887
67008,Campli,7209,0.1859
67009,Canzano,1934,0.1791
67010,Castel Castagna,500,0.1935
67011,Castellalto,7513,0.1778
67012,Castelli,1159,0.2332
67013,Castiglione Messer Raimondo,2324,0.1829
67014,Castilenti,1508,0.1778
67015,Cellino Attanasio,2520,0.1812
67016,Cermignano,1649,0.185
67017,Civitella del Tronto,5116,0.183
67018,Colledara,2179,0.204
67019,Colonnella,3734,0.178
67020,Controguerra,2436,0.177
67021,Corropoli,5045,0.1767
67022,Cortino,656,0.2531
67023,Crognaleto,1297,0.2578
67024,Fano Adriano,296,0.2568
67025,Giulianova,24050,0.1743
67026,Isola del Gran Sasso d'Italia,4773,0.2525
67027,Montefino,1027,0.1797
67028,Montorio al Vomano,8218,0.2361
67029,Morro d'Oro,3661,0.175
67030,Mosciano Sant'Angelo,9308,0.1756
67031,Nereto,5242,0.1757
67032,Notaresco,6907,0.1766
67033,Penna Sant'Andrea,1698,0.1836
67034,Pietracamela,271,0.2564
67035,Pineto,14904,0.1695
67036,Rocca Santa Maria,537,0.252
67037,Roseto degli Abruzzi,25537,0.1738
67038,Sant'Egidio alla Vibrata,9811,0.1787
67039,Sant'Omero,5243,0.1764
67040,Silvi,15626,0.1638
67041,Teramo,54892,0.199
67042,Torano Nuovo,1611,0.176
67043,Torricella Sicura,2641,0.2024
67044,Tortoreto,11542,0.1751
67045,Tossicia,1406,0.2341
67046,Valle Castellana,977,0.2543
67047,Martinsicuro,16033,0.1787
68001,Abbateggio,400,0.198
68002,Alanno,3487,0.1942
68003,Bolognano,1108,0.239
68004,Brittoli,290,0.2325
68005,Bussi sul Tirino,2518,0.253
68006,Cappelle sul Tavo,4016,0.1629
68007,Caramanico Terme,1929,0.2422
68008,Carpineto della Nora,662,0.2196
68009,Castiglione a Casauria,831,0.2423
68010,Catignano,1399,0.1865
68011,Cepagatti,10887,0.1752
68012,Città Sant'Angelo,14969,0.174
68013,Civitaquana,1247,0.2023
68014,Civitella Casanova,1815,0.2019
68015,Collecorvino,5997,0.1743
68016,Corvara,256,0.2352
68017,Cugnoli,1506,0.2006
68018,Elice,1712,0.1757
68019,Farindola,1518,0.2037
68020,Lettomanoppello,2975,0.1886
68021,Loreto Aprutino,7479,0.1836
68022,Manoppello,6996,0.1842
68023,Montebello di Bertona,991,0.1944
68024,Montesilvano,53738,0.157
68025,Moscufo,3202,0.1742
68026,Nocciano,1810,0.1838
68027,Penne,12267,0.1869
68028,Pescara,121014,0.1496
68029,Pescosansonesco,517,0.2438
68030,Pianella,8633,0.1788
68031,Picciano,1351,0.1754
68032,Pietranico,484,0.2053
68033,Popoli,5172,0.2574
68034,Roccamorice,939,0.193
68035,Rosciano,3900,0.1828
68036,Salle,308,0.2479
68037,Sant'Eufemia a Maiella,278,0.2394
68038,San Valentino in Abruzzo Citeriore,1922,0.2066
68039,Scafa,3759,0.202285714285714
68040,Serramonacesca,562,0.185
68041,Spoltore,19366,0.1661
68042,Tocco da Casauria,2688,0.246
68043,Torre de' Passeri,3147,0.2033
68044,Turrivalignani,857,0.1863
68045,Vicoli,390,0.1983
68046,Villa Celiera,681,0.1978
69001,Altino,3062,0.155
69002,Archi,2203,0.1368
69003,Ari,1170,0.1508
69004,Arielli,1133,0.146
69005,Atessa,10639,0.138
69006,Bomba,816,0.1375
69007,Borrello,354,0.1865
69008,Bucchianico,5242,0.1718
69009,Montebello sul Sangro,88,0.1483
69010,Canosa Sannita,1376,0.1422
69011,Carpineto Sinello,608,0.1175
69012,Carunchio,600,0.138
69013,Casacanditella,1307,0.1661
69014,Casalanguida,922,0.1061
69015,Casalbordino,6166,0.1005
69016,Casalincontrada,3074,0.1748
69017,Casoli,5664,0.1692
69018,Castel Frentano,4347,0.1379
69019,Castelguidone,382,0.1737
69020,Castiglione Messer Marino,1790,0.1574
69021,Celenza sul Trigno,915,0.1451
69022,Chieti,51815,0.1702
69023,Civitaluparella,351,0.1869
69024,Civitella Messer Raimondo,848,0.1811
69025,Colledimacine,202,0.1962
69026,Colledimezzo,505,0.1389
69027,Crecchio,2891,0.1332
69028,Cupello,4840,0.1067
69029,Dogliola,359,0.1191
69030,Fara Filiorum Petri,1943,0.1738
69031,Fara San Martino,1414,0.2011
69032,Filetto,972,0.1632
69033,Fossacesia,6362,0.1077
69034,Fraine,337,0.1404
69035,Francavilla al Mare,25422,0.1327
69036,Fresagrandinaria,961,0.1146
69037,Frisa,1764,0.119
69038,Furci,988,0.1069
69039,Gamberale,320,0.2415
69040,Gessopalena,1433,0.1715
69041,Gissi,2819,0.1071
69042,Giuliano Teatino,1249,0.1343
69043,Guardiagrele,9084,0.18
69044,Guilmi,421,0.1148
69045,Lama dei Peligni,1271,0.1963
69046,Lanciano,35444,0.1314
69047,Lentella,689,0.1104
69048,Lettopalena,358,0.2174
69049,Liscia,713,0.1217
69050,Miglianico,4829,0.1392
69051,Montazzoli,971,0.1417
69052,Monteferrante,129,0.147
69053,Montelapiano,82,0.1594
69054,Montenerodomo,690,0.2023
69055,Monteodorisio,2511,0.091
69056,Mozzagrogna,2405,0.1101
69057,Orsogna,3952,0.1595
69058,Ortona,23446,0.1146
69059,Paglieta,4374,0.1038
69060,Palena,1392,0.2546
69061,Palmoli,923,0.1252
69062,Palombaro,1026,0.1761
69063,Pennadomo,277,0.1579
69064,Pennapiedimonte,476,0.1908
69065,Perano,1628,0.1358
69066,Pizzoferrato,1130,0.2265
69067,Poggiofiorito,870,0.1369
69068,Pollutri,2265,0.0941
69069,Pretoro,934,0.1834
69070,Quadri,815,0.1927
69071,Rapino,1318,0.1785
69072,Ripa Teatina,4088,0.1442
69073,Roccamontepiano,1707,0.1784
69074,Rocca San Giovanni,2360,0.1019
69075,Roccascalegna,1219,0.1558
69076,Roccaspinalveti,1339,0.1387
69077,Roio del Sangro,103,0.1544
69078,Rosello,237,0.1694
69079,San Buono,967,0.1176
69080,San Giovanni Lipioni,185,0.1544
69081,San Giovanni Teatino,14100,0.1532
69082,San Martino sulla Marrucina,941,0.1682
69083,San Salvo,20016,0.103
69084,Santa Maria Imbaro,1997,0.1072
69085,Sant'Eusanio del Sangro,2508,0.1497
69086,San Vito Chietino,5361,0.1064
69087,Scerni,3288,0.0996
69088,Schiavi di Abruzzo,860,0.1944
69089,Taranta Peligna,376,0.2059
69090,Tollo,4158,0.1214
69091,Torino di Sangro,3123,0.0943
69092,Tornareccio,1838,0.1292
69093,Torrebruna,825,0.1535
69094,Torrevecchia Teatina,4218,0.1364
69095,Torricella Peligna,1353,0.1821
69096,Treglio,1618,0.1053
69097,Tufillo,406,0.1306
69098,Vacri,1686,0.1579
69099,Vasto,41087,0.1008
69100,Villalfonsina,952,0.0914
69101,Villamagna,2351,0.1516
69102,Villa Santa Maria,1346,0.1584
69103,Pietraferrazzana,134,0.1481
69104,Fallo,139,0.1537
70001,Acquaviva Collecroce,672,0.1717
70002,Baranello,2673,0.2565
70003,Bojano,8058,0.2688
70004,Bonefro,1384,0.2102
70005,Busso,1273,0.2506
70006,Campobasso,49431,0.2383
70007,Campochiaro,646,0.2691
70008,Campodipietra,2570,0.222
70009,Campolieto,839,0.2183
70010,Campomarino,7712,0.1883
70011,Casacalenda,2135,0.2105
70012,Casalciprano,564,0.2508
70013,Castelbottaccio,312,0.2053
70014,Castellino del Biferno,545,0.2144
70015,Castelmauro,1505,0.1852
70016,Castropignano,947,0.2439
70017,Cercemaggiore,3777,0.2395
70018,Cercepiccola,681,0.2397
70019,Civitacampomarano,417,0.1988
70020,Colle d'Anchise,807,0.2626
70021,Colletorto,1938,0.2094
70022,Duronia,405,0.2403
70023,Ferrazzano,3344,0.2355
70024,Fossalto,1345,0.2269
70025,Gambatesa,1464,0.1973
70026,Gildone,809,0.2235
70027,Guardialfiera,1065,0.1961
70028,Guardiaregia,801,0.269
70029,Guglionesi,5321,0.166
70030,Jelsi,1781,0.2061
70031,Larino,6793,0.2001
70032,Limosano,768,0.2264
70033,Lucito,696,0.2173
70034,Lupara,505,0.2055
70035,Macchia Valfortore,576,0.2088
70036,Mafalda,1211,0.1249
70037,Matrice,1115,0.2212
70038,Mirabello Sannitico,2180,0.2405
70039,Molise,167,0.2422
70040,Monacilioni,523,0.2135
70041,Montagano,1086,0.2224
70042,Montecilfone,1348,0.1553
70043,Montefalcone nel Sannio,1556,0.1696
70044,Montelongo,365,0.2072
70045,Montemitro,395,0.1389
70046,Montenero di Bisaccia,6675,0.1293
70047,Montorio nei Frentani,437,0.207
70048,Morrone del Sannio,587,0.215
70049,Oratino,1641,0.2402
70050,Palata,1726,0.1742
70051,Petacciato,3819,0.1116
70052,Petrella Tifernina,1170,0.2173
70053,Pietracatella,1375,0.2083
70054,Pietracupa,215,0.2313
70055,Portocannone,2551,0.1578
70056,Provvidenti,119,0.2109
70057,Riccia,5262,0.197
70058,Ripabottoni,514,0.214
70059,Ripalimosani,3114,0.2295
70060,Roccavivara,815,0.1682
70061,Rotello,1212,0.2076
70062,Salcito,683,0.2186
70063,San Biase,189,0.2111
70064,San Felice del Molise,634,0.1502
70065,San Giacomo degli Schiavoni,1406,0.1237
70066,San Giovanni in Galdo,580,0.2188
70067,San Giuliano del Sannio,1029,0.257
70068,San Giuliano di Puglia,1042,0.2097
70069,San Martino in Pensilis,4793,0.2023
70070,San Massimo,855,0.2684
70071,San Polo Matese,470,0.2691
70072,Santa Croce di Magliano,4435,0.2089
70073,Sant'Angelo Limosano,352,0.2196
70074,Sant'Elia a Pianisi,1818,0.2131
70075,Sepino,1964,0.2673
70076,Spinete,1320,0.2622
70077,Tavenna,718,0.1361
70078,Termoli,33739,0.1348
70079,Torella del Sannio,795,0.2386
70080,Toro,1391,0.2146
70081,Trivento,4730,0.2044
70082,Tufara,925,0.1757
70083,Ururi,2693,0.2006
70084,Vinchiaturo,3324,0.2619
71001,Accadia,2376,0.2103
71002,Alberona,985,0.1478
71003,Anzano di Puglia,1284,0.2256
71004,Apricena,13328,0.2079
71005,Ascoli Satriano,6244,0.1995
71006,Biccari,2800,0.1466
71007,Bovino,3309,0.1912
71008,Cagnano Varano,7330,0.2076
71009,Candela,2728,0.2053
71010,Carapelle,6570,0.14
71011,Carlantino,980,0.2069
71012,Carpino,4182,0.2069
71013,Casalnuovo Monterotaro,1556,0.2067
71014,Casalvecchio di Puglia,1877,0.2057
71015,Castelluccio dei Sauri,2131,0.1721
71016,Castelluccio Valmaggiore,1318,0.156
71017,Castelnuovo della Daunia,1445,0.2078
71018,Celenza Valfortore,1598,0.1999
71019,Celle di San Vito,166,0.1712
71020,Cerignola,58396,0.1957
71021,Chieuti,1698,0.1972
71022,Deliceto,3828,0.2001
71023,Faeto,627,0.1746
71024,Foggia,151991,0.1853
71025,Ischitella,4432,0.2014
71026,Isole Tremiti,469,0.15
71027,Lesina,6410,0.204
71028,Lucera,33724,0.1915
71029,Manfredonia,57279,0.2058
71031,Mattinata,6310,0.2072
71032,Monteleone di Puglia,1021,0.2288
71033,Monte Sant'Angelo,12657,0.2078
71034,Motta Montecorvino,730,0.1696
71035,Orsara di Puglia,2767,0.1861
71036,Orta Nova,17802,0.1777
71037,Panni,804,0.207
71038,Peschici,4521,0.1978
71039,Pietramontecorvino,2721,0.1916
71040,Poggio Imperiale,2724,0.2047
71041,Rignano Garganico,2117,0.2073
71042,Rocchetta Sant'Antonio,1875,0.2121
71043,Rodi Garganico,3693,0.175
71044,Roseto Valfortore,1074,0.1676
71046,San Giovanni Rotondo,27184,0.2079
71047,San Marco in Lamis,13831,0.2079
71048,San Marco la Catola,1012,0.1849
71049,San Nicandro Garganico,15566,0.2078
71050,San Paolo di Civitate,5818,0.2079
71051,San Severo,53905,0.208
71052,Sant'Agata di Puglia,1959,0.2217
71053,Serracapriola,3931,0.2077
71054,Stornara,5742,0.1703
71055,Stornarella,5388,0.1772
71056,Torremaggiore,17311,0.208
71058,Troia,7195,0.1535
71059,Vico del Gargano,7766,0.204
71060,Vieste,13975,0.206
71061,Volturara Appula,430,0.172
71062,Volturino,1743,0.1653
71063,Ordona,2822,0.1708
71064,Zapponeta,3396,0.14
72001,Acquaviva delle Fonti,20799,0.0939
72002,Adelfia,17184,0.0733
72003,Alberobello,10745,0.0696
72004,Altamura,70396,0.1465
72006,Bari,326344,0.0785
72008,Binetto,2234,0.1133
72010,Bitetto,11971,0.0783
72011,Bitonto,55540,0.1367
72012,Bitritto,11278,0.0745
72014,Capurso,15735,0.0693
72015,Casamassima,19890,0.0749
72016,Cassano delle Murge,14732,0.0877
72017,Castellana Grotte,19635,0.067
72018,Cellamare,5775,0.0681
72019,Conversano,26150,0.0689
72020,Corato,48312,0.1826
72021,Gioia del Colle,27753,0.1168
72022,Giovinazzo,20480,0.102
72023,Gravina in Puglia,43872,0.1687
72024,Grumo Appula,12961,0.0903
72025,Locorotondo,14162,0.0643
72027,Modugno,38515,0.0775
72028,Mola di Bari,25695,0.0635
72029,Molfetta,59874,0.1377
72030,Monopoli,49133,0.0654
72031,Noci,19283,0.0934
72032,Noicattaro,26115,0.0671
72033,Palo del Colle,21651,0.1092
72034,Poggiorsini,1450,0.1546
72035,Polignano a Mare,18023,0.0641
72036,Putignano,26859,0.0755
72037,Rutigliano,18662,0.0682
72038,Ruvo di Puglia,25534,0.1745
72039,Sammichele di Bari,6566,0.0754
72040,Sannicandro di Bari,9957,0.081
72041,Santeramo in Colle,26734,0.1113
72043,Terlizzi,26983,0.1398
72044,Toritto,8530,0.1107
72046,Triggiano,27269,0.0671
72047,Turi,13046,0.0717
72048,Valenzano,17993,0.0705
73001,Avetrana,6793,0.0547
73002,Carosino,7010,0.0611
73003,Castellaneta,17170,0.1548
73004,Crispiano,13802,0.1088
73005,Faggiano,3542,0.0617
73006,Fragagnano,5277,0.059
73007,Ginosa,22632,0.1568
73008,Grottaglie,32234,0.0677
73009,Laterza,15290,0.1557
73010,Leporano,8068,0.0638
73011,Lizzano,10125,0.0588
73012,Manduria,31420,0.0561
73013,Martina Franca,49118,0.0928
73014,Maruggio,5383,0.0572
73015,Massafra,33003,0.1428
73016,Monteiasi,5623,0.0636
73017,Montemesola,3949,0.068
73018,Monteparano,2441,0.0599
73019,Mottola,15997,0.1458
73020,Palagianello,7857,0.1521
73021,Palagiano,16067,0.1496
73022,Pulsano,11311,0.0601
73023,Roccaforzata,1827,0.0597
73024,San Giorgio Ionico,15344,0.0629
73025,San Marzano di San Giuseppe,9282,0.0579
73026,Sava,16208,0.0573
73027,Taranto,201100,0.1172
73028,Torricella,4205,0.0582
73029,Statte,13983,0.1204
74001,Brindisi,88302,0.0497
74002,Carovigno,16615,0.0513
74003,Ceglie Messapica,20076,0.0592
74004,Cellino San Marco,6655,0.0483
74005,Cisternino,11611,0.0603
74006,Erchie,8840,0.0534
74007,Fasano,39780,0.0601
74008,Francavilla Fontana,36641,0.0578
74009,Latiano,14671,0.0518
74010,Mesagne,27164,0.0512
74011,Oria,15296,0.0543
74012,Ostuni,31318,0.0601
74013,San Donaci,6768,0.0493
74014,San Michele Salentino,6351,0.053
74015,San Pancrazio Salentino,10050,0.0517
74016,San Pietro Vernotico,13786,0.047
74017,San Vito dei Normanni,19360,0.0513
74018,Torchiarolo,5477,0.0462
74019,Torre Santa Susanna,10595,0.0524
74020,Villa Castelli,9305,0.0588
75001,Acquarica del Capo,4766,0.0613
75002,Alessano,6434,0.0665
75003,Alezio,5668,0.0563
75004,Alliste,6745,0.0579
75005,Andrano,4871,0.0654
75006,Aradeo,9516,0.0543
75007,Arnesano,4088,0.049
75008,Bagnolo del Salento,1836,0.0565
75009,Botrugno,2805,0.0587
75010,Calimera,7159,0.0532
75011,Campi Salentina,10472,0.0487
75012,Cannole,1723,0.0586
75013,Caprarica di Lecce,2474,0.0521
75014,Carmiano,12173,0.0496
75015,Carpignano Salentino,3811,0.0564
75016,Casarano,20285,0.058
75017,Castri di Lecce,2918,0.0514
75018,Castrignano de' Greci,3927,0.0551
75019,Castrignano del Capo,5298,0.0692
75020,Cavallino,12710,0.0508
75021,Collepasso,6134,0.0565
75022,Copertino,24287,0.0521
75023,Corigliano d'Otranto,5802,0.0564
75024,Corsano,5558,0.0704
75025,Cursi,4184,0.0572
75026,Cutrofiano,9045,0.057
75027,Diso,2980,0.0672
75028,Gagliano del Capo,5183,0.069
75029,Galatina,27109,0.0544
75030,Galatone,15567,0.0548
75031,Gallipoli,20724,0.0569
75032,Giuggianello,1214,0.0591
75033,Giurdignano,1970,0.0607
75034,Guagnano,5775,0.0508
75035,Lecce,94773,0.0492
75036,Lequile,8685,0.0514
75037,Leverano,14281,0.0519
75038,Lizzanello,11824,0.0503
75039,Maglie,14418,0.0578
75040,Martano,9225,0.0549
75041,Martignano,1670,0.0528
75042,Matino,11501,0.0567
75043,Melendugno,9924,0.0556
75044,Melissano,7178,0.0574
75045,Melpignano,2233,0.0562
75046,Miggiano,3564,0.0627
75047,Minervino di Lecce,3654,0.0642
75048,Monteroni di Lecce,14013,0.0498
75049,Montesano Salentino,2671,0.0621
75050,Morciano di Leuca,3352,0.0649
75051,Muro Leccese,4976,0.0583
75052,Nardò,31564,0.0545
75053,Neviano,5393,0.0553
75054,Nociglia,2327,0.06
75055,Novoli,8141,0.0482
75056,Ortelle,2304,0.0655
75057,Otranto,5731,0.0682
75058,Palmariggi,1517,0.0585
75059,Parabita,9175,0.056
75060,Patù,1690,0.0651
75061,Poggiardo,6112,0.0635
75062,Presicce,5435,0.0631
75063,Racale,10971,0.0577
75064,Ruffano,9812,0.06
75065,Salice Salentino,8370,0.052
75066,Salve,4634,0.0633
75067,Sanarica,1484,0.0595
75068,San Cesario di Lecce,8275,0.0497
75069,San Donato di Lecce,5724,0.0521
75070,Sannicola,5890,0.0556
75071,San Pietro in Lama,3555,0.0503
75072,Santa Cesarea Terme,3015,0.0681
75073,Scorrano,7000,0.0586
75074,Seclì,1880,0.0547
75075,Sogliano Cavour,4114,0.0551
75076,Soleto,5496,0.0546
75077,Specchia,4801,0.0624
75078,Spongano,3733,0.0632
75079,Squinzano,14207,0.0474
75080,Sternatia,2320,0.0531
75081,Supersano,4471,0.0604
75082,Surano,1655,0.0614
75083,Surbo,15155,0.0474
75084,Taurisano,11928,0.06
75085,Taviano,12186,0.0569
75086,Tiggiano,2863,0.0678
75087,Trepuzzi,14656,0.0475
75088,Tricase,17581,0.0673
75089,Tuglie,5249,0.0555
75090,Ugento,12437,0.0597
75091,Uggiano la Chiesa,4400,0.0655
75092,Veglie,14143,0.0509
75093,Vernole,7175,0.0517
75094,Zollino,2003,0.0537
75095,San Cassiano,2032,0.0594
75096,Castro,2426,0.0677
75097,Porto Cesareo,6056,0.0532
76001,Abriola,1531,0.2536
76002,Acerenza,2402,0.143
76003,Albano di Lucania,1435,0.1864
76004,Anzi,1696,0.2125
76005,Armento,631,0.2078
76006,Atella,3827,0.2018
76007,Avigliano,11577,0.1946
76008,Balvano,1830,0.257
76009,Banzi,1361,0.156
76010,Baragiano,2671,0.2481
76011,Barile,2785,0.1835
76012,Bella,5171,0.2502
76013,Brienza,4078,0.2549
76014,Brindisi Montagna,908,0.2029
76015,Calvello,1948,0.2532
76016,Calvera,387,0.1948
76017,Campomaggiore,811,0.1781
76018,Cancellara,1309,0.1719
76019,Carbone,638,0.249
76020,San Paolo Albanese,294,0.1433
76021,Castelgrande,943,0.2634
76022,Castelluccio Inferiore,2131,0.2629
76023,Castelluccio Superiore,824,0.2634
76024,Castelmezzano,800,0.1834
76025,Castelsaraceno,1384,0.2635
76026,Castronuovo di Sant'Andrea,1067,0.1876
76027,Cersosimo,656,0.1329
76028,Chiaromonte,1965,0.2088
76029,Corleto Perticara,2511,0.2121
76030,Episcopia,1434,0.2479
76031,Fardella,627,0.2409
76032,Filiano,2926,0.1698
76033,Forenza,2122,0.1532
76034,Francavilla in Sinni,4215,0.1935
76035,Gallicchio,862,0.1635
76036,Genzano di Lucania,5750,0.1415
76037,Grumento Nova,1700,0.262
76038,Guardia Perticara,552,0.1647
76039,Lagonegro,5584,0.26
76040,Latronico,4556,0.2638
76041,Laurenzana,1797,0.2175
76042,Lauria,12919,0.2639
76043,Lavello,13626,0.196
76044,Maratea,5139,0.1978
76045,Marsico Nuovo,4098,0.2595
76046,Marsicovetere,5546,0.2597
76047,Maschito,1670,0.1635
76048,Melfi,17767,0.206
76049,Missanello,566,0.1459
76050,Moliterno,4062,0.2637
76051,Montemilone,1617,0.1931
76052,Montemurro,1235,0.2341
76053,Muro Lucano,5497,0.261
76054,Nemoli,1495,0.2535
76055,Noepoli,878,0.1495
76056,Oppido Lucano,3813,0.1386
76057,Palazzo San Gervasio,4914,0.1611
76058,Pescopagano,1910,0.2659
76059,Picerno,5985,0.2549
76060,Pietragalla,4160,0.1654
76061,Pietrapertosa,1032,0.1751
76062,Pignola,6962,0.2396
76063,Potenza,67122,0.2288
76064,Rapolla,4432,0.1913
76065,Rapone,990,0.2423
76066,Rionero in Vulture,13230,0.2022
76067,Ripacandida,1744,0.1718
76068,Rivello,2767,0.2378
76069,Roccanova,1543,0.1563
76070,Rotonda,3494,0.2616
76071,Ruoti,3579,0.2233
76072,Ruvo del Monte,1083,0.2234
76073,San Chirico Nuovo,1368,0.1778
76074,San Chirico Raparo,1084,0.2424
76075,San Costantino Albanese,729,0.1678
76076,San Fele,3004,0.2474
76077,San Martino d'Agri,801,0.2382
76078,San Severino Lucano,1563,0.236
76079,Sant'Angelo Le Fratte,1429,0.2547
76080,Sant'Arcangelo,6533,0.127
76081,Sarconi,1404,0.2627
76082,Sasso di Castalda,835,0.257
76083,Satriano di Lucania,2374,0.2553
76084,Savoia di Lucania,1127,0.2553
76085,Senise,7115,0.1374
76086,Spinoso,1462,0.2562
76087,Teana,613,0.2097
76088,Terranova di Pollino,1208,0.2371
76089,Tito,7332,0.2547
76090,Tolve,3251,0.1797
76091,Tramutola,3089,0.2607
76092,Trecchina,2316,0.2271
76093,Trivigno,678,0.19
76094,Vaglio Basilicata,2047,0.187
76095,Venosa,11863,0.1908
76096,Vietri di Potenza,2832,0.2559
76097,Viggianello,3025,0.2609
76098,Viggiano,3329,0.2578
76099,Ginestra,747,0.1688
76100,Paterno,3368,0.2597
77001,Accettura,1856,0.1743
77002,Aliano,1008,0.1338
77003,Bernalda,12453,0.1181
77004,Calciano,777,0.1765
77005,Cirigliano,375,0.1383
77006,Colobraro,1266,0.111
77007,Craco,745,0.1107
77008,Ferrandina,8853,0.1632
77009,Garaguso,1073,0.169
77010,Gorgoglione,989,0.1406
77011,Grassano,5189,0.1682
77012,Grottole,2208,0.1661
77013,Irsina,4960,0.1465
77014,Matera,60436,0.1598
77015,Miglionico,2510,0.1627
77016,Montalbano Jonico,7357,0.0953
77017,Montescaglioso,9942,0.158
77018,Nova Siri,6775,0.0989
77019,Oliveto Lucano,450,0.1711
77020,Pisticci,17768,0.115
77021,Policoro,17313,0.0873
77022,Pomarico,4145,0.1559
77023,Rotondella,2657,0.0974
77024,Salandra,2829,0.1672
77025,San Giorgio Lucano,1217,0.1212
77026,San Mauro Forte,1552,0.1564
77027,Stigliano,4361,0.131
77028,Tricarico,5388,0.1871
77029,Tursi,5037,0.104
77030,Valsinni,1544,0.1078
77031,Scanzano Jonico,7564,0.0844
78001,Acquaformosa,1106,0.2505
78002,Acquappesa,1907,0.1816
78003,Acri,20858,0.276
78004,Aiello Calabro,1729,0.2564
78005,Aieta,823,0.2333
78006,Albidona,1352,0.1363
78007,Alessandria del Carretto,462,0.1564
78008,Altilia,711,0.2714
78009,Altomonte,4488,0.2659
78010,Amantea,13975,0.2113
78011,Amendolara,2952,0.116
78012,Aprigliano,2890,0.2766
78013,Belmonte Calabro,2003,0.2268
78014,Belsito,923,0.2721
78015,Belvedere Marittimo,9371,0.1534
78016,Bianchi,1305,0.2762
78017,Bisignano,10203,0.2755
78018,Bocchigliero,1298,0.2276
78019,Bonifati,2858,0.1778
78020,Buonvicino,2247,0.1658
78021,Calopezzati,1369,0.204
78022,Caloveto,1263,0.2103
78023,Campana,1813,0.2124
78024,Canna,747,0.1045
78025,Cariati,8355,0.1939
78026,Carolei,3330,0.2679
78027,Carpanzano,255,0.2764
78028,Casole Bruzio,2578,0.2762
78029,Cassano all'Ionio,18495,0.2382
78030,Castiglione Cosentino,2896,0.2758
78031,Castrolibero,9894,0.265
78032,Castroregio,303,0.1256
78033,Castrovillari,22240,0.2534
78034,Celico,2802,0.2766
78035,Cellara,504,0.276375
78036,Cerchiara di Calabria,2385,0.2272
78037,Cerisano,3196,0.2641
78038,Cervicati,829,0.2694
78039,Cerzeto,1373,0.2677
78040,Cetraro,10128,0.1905
78041,Civita,902,0.2123
78042,Cleto,1301,0.2447
78043,Colosimi,1247,0.2762
78044,Corigliano Calabro,40427,0.2656
78045,Cosenza,67546,0.2751
78046,Cropalati,1084,0.2206
78047,Crosia,9762,0.199
78048,Diamante,5329,0.1377
78049,Dipignano,4376,0.2712
78050,Domanico,943,0.265
78051,Fagnano Castello,3885,0.2272
78052,Falconara Albanese,1427,0.2387
78053,Figline Vegliaturo,1137,0.2759
78054,Firmo,2115,0.2579
78055,Fiumefreddo Bruzio,2994,0.2342
78056,Francavilla Marittima,2910,0.1998
78057,Frascineto,2154,0.229
78058,Fuscaldo,8140,0.226
78059,Grimaldi,1680,0.267
78060,Grisolia,2249,0.199
78061,Guardia Piemontese,1911,0.2172
78062,Lago,2624,0.2584
78063,Laino Borgo,1921,0.2621
78064,Laino Castello,848,0.2622
78065,Lappano,941,0.2757
78066,Lattarico,4013,0.2717
78067,Longobardi,2312,0.2294
78068,Longobucco,3183,0.2649
78069,Lungro,2592,0.257
78070,Luzzi,9396,0.2765
78071,Maierà,1224,0.1528
78072,Malito,783,0.2692
78073,Malvito,1795,0.2536
78074,Mandatoriccio,2872,0.2046
78075,Mangone,1891,0.2764
78076,Marano Marchesato,3553,0.2593
78077,Marano Principato,3180,0.254914285714286
78078,Marzi,989,0.2761
78079,Mendicino,9450,0.2685
78080,Mongrassano,1607,0.2706
78081,Montalto Uffugo,19669,0.2734
78082,Montegiordano,1857,0.1059
78083,Morano Calabro,4576,0.2605
78084,Mormanno,3027,0.2606
78085,Mottafollone,1236,0.2465
78086,Nocara,397,0.1087
78087,Oriolo,2223,0.1276
78088,Orsomarso,1265,0.2362
78089,Paludi,1062,0.2263
78090,Panettieri,351,0.2751
78091,Paola,16013,0.2203
78092,Papasidero,734,0.2395
78093,Parenti,2188,0.2763
78094,Paterno Calabro,1398,0.2748
78095,Pedace,1907,0.2766
78096,Pedivigliano,831,0.276
78097,Piane Crati,1423,0.2756
78098,Pietrafitta,1310,0.2765
78099,Pietrapaola,1141,0.2149
78100,Plataci,739,0.1523
78101,Praia a Mare,6725,0.1817
78102,Rende,35338,0.2737
78103,Rocca Imperiale,3312,0.0991
78104,Roggiano Gravina,7208,0.2674
78105,Rogliano,5637,0.2765
78106,Rose,4373,0.2765
78107,Roseto Capo Spulico,1941,0.1077
78108,Rossano,36842,0.2521
78109,Rota Greca,1156,0.2534
78110,Rovito,3158,0.2764
78111,San Basile,1055,0.2565
78112,San Benedetto Ullano,1555,0.2591
78113,San Cosmo Albanese,591,0.2638
78114,San Demetrio Corone,3559,0.2716
78115,San Donato di Ninea,1360,0.255
78116,San Fili,2719,0.2545
78117,Sangineto,1338,0.1583
78118,San Giorgio Albanese,1432,0.262
78119,San Giovanni in Fiore,17372,0.2706
78120,San Lorenzo Bellizzi,644,0.2157
78121,San Lorenzo del Vallo,3394,0.2628
78122,San Lucido,6047,0.2291
78123,San Marco Argentano,7424,0.2702
78124,San Martino di Finita,1100,0.2659
78125,San Nicola Arcella,1957,0.1617
78126,San Pietro in Amantea,505,0.2188
78127,San Pietro in Guarano,3663,0.2767
78128,San Sosti,2185,0.2601
78129,Santa Caterina Albanese,1222,0.2437
78130,Santa Domenica Talao,1263,0.1839
78131,Sant'Agata di Esaro,1890,0.2179
78132,Santa Maria del Cedro,4954,0.152
78133,Santa Sofia d'Epiro,2628,0.2742
78134,Santo Stefano di Rogliano,1725,0.2766
78135,San Vincenzo La Costa,2195,0.2623
78136,Saracena,3828,0.258
78137,Scala Coeli,1014,0.2015
78138,Scalea,10913,0.1489
78139,Scigliano,1226,0.2758
78140,Serra d'Aiello,458,0.2328
78141,Serra Pedace,986,0.2766
78142,Spezzano Albanese,7028,0.2602
78143,Spezzano della Sila,4541,0.2767
78144,Spezzano Piccolo,2079,0.2766
78145,Tarsia,2054,0.2697
78146,Terranova da Sibari,5100,0.264
78147,Terravecchia,823,0.1917
78148,Torano Castello,4614,0.2707
78149,Tortora,6187,0.2443
78150,Trebisacce,9055,0.1339
78151,Trenta,2633,0.2754
78152,Vaccarizzo Albanese,1125,0.2614
78153,Verbicaro,3056,0.2302
78154,Villapiana,5387,0.1633
78155,Zumpano,2570,0.2742
79002,Albi,949,0.2618
79003,Amaroni,1855,0.2509
79004,Amato,835,0.2735
79005,Andali,769,0.2107
79007,Argusto,522,0.2236
79008,Badolato,3085,0.1945
79009,Belcastro,1399,0.2143
79011,Borgia,7611,0.2507
79012,Botricello,5220,0.2018
79017,Caraffa di Catanzaro,1866,0.2653
79018,Cardinale,2188,0.2294
79020,Carlopoli,1516,0.2753
79023,Catanzaro,90612,0.2619
79024,Cenadi,563,0.252
79025,Centrache,401,0.2354
79027,Cerva,1223,0.2181
79029,Chiaravalle Centrale,5759,0.2512
79030,Cicala,968,0.2724
79033,Conflenti,1392,0.2722
79034,Cortale,2117,0.2653
79036,Cropani,4778,0.2136
79039,Curinga,6779,0.2692
79042,Davoli,5607,0.211
79043,Decollatura,3159,0.2758
79047,Falerna,4028,0.2508
79048,Feroleto Antico,2171,0.2749
79052,Fossato Serralta,594,0.2645
79055,Gagliato,505,0.2176
79056,Gasperina,2160,0.2175
79058,Gimigliano,3381,0.2743
79059,Girifalco,5945,0.2607
79060,Gizzeria,4982,0.259
79061,Guardavalle,4560,0.2041
79063,Isca sullo Ionio,1633,0.2012
79065,Jacurso,624,0.2675
79068,Magisano,1258,0.2483
79069,Maida,4566,0.2706
79071,Marcedusa,448,0.2058
79072,Marcellinara,2285,0.2686
79073,Martirano,884,0.2696
79074,Martirano Lombardo,1112,0.2658
79077,Miglierina,767,0.2739
79080,Montauro,1732,0.2213
79081,Montepaone,5282,0.223
79083,Motta Santa Lucia,845,0.2756
79087,Nocera Terinese,4731,0.26
79088,Olivadi,529,0.2437
79089,Palermiti,1213,0.2406
79092,Pentone,2113,0.2592
79094,Petrizzi,1131,0.2248
79095,Petronà,2629,0.2365
79096,Pianopoli,2589,0.2739
79099,Platania,2172,0.2751
79108,San Floro,716,0.2591
79110,San Mango d'Aquino,1564,0.2534
79114,San Pietro a Maida,4200,0.2692
79115,San Pietro Apostolo,1691,0.2701
79116,San Sostene,1370,0.2107
79117,Santa Caterina dello Ionio,2175,0.1976
79118,Sant'Andrea Apostolo dello Ionio,1937,0.1981
79122,San Vito sullo Ionio,1811,0.2552
79123,Satriano,3448,0.2166
79126,Sellia,530,0.2484
79127,Sellia Marina,7513,0.2144
79129,Serrastretta,3176,0.2753
79130,Sersale,4630,0.2371
79131,Settingiano,3124,0.2633
79133,Simeri Crichi,4698,0.2462
79134,Sorbo San Basile,809,0.2717
79137,Soverato,9204,0.2045
79138,Soveria Mannelli,3076,0.276
79139,Soveria Simeri,1564,0.2277
79142,Squillace,3608,0.2373
79143,Stalettì,2433,0.2161
79146,Taverna,2703,0.2717
79147,Tiriolo,3870,0.2691
79148,Torre di Ruggiero,1033,0.2468
79151,Vallefiorita,1771,0.2485
79157,Zagarise,1647,0.2465
79160,Lamezia Terme,70714,0.2747
80001,Africo,3075,0.2566
80002,Agnana Calabra,562,0.206
80003,Anoia,2212,0.2694
80004,Antonimina,1317,0.2369
80005,Ardore,5088,0.2157
80006,Bagaladi,1039,0.2657
80007,Bagnara Calabra,10255,0.2652
80008,Benestare,2556,0.2132
80009,Bianco,4273,0.2014
80010,Bivongi,1398,0.2036
80011,Bova,448,0.2248
80012,Bovalino,8905,0.2044
80013,Bova Marina,4235,0.2061
80014,Brancaleone,3584,0.1934
80015,Bruzzano Zeffirio,1111,0.2067
80016,Calanna,934,0.2687
80017,Camini,801,0.1621
80018,Campo Calabro,4536,0.2605
80019,Candidoni,416,0.2696
80020,Canolo,746,0.2325
80021,Caraffa del Bianco,539,0.2043
80022,Cardeto,1641,0.2691
80023,Careri,2360,0.2531
80024,Casignana,759,0.2158
80025,Caulonia,7110,0.2064
80026,Ciminà,568,0.2464
80027,Cinquefrondi,6539,0.2649
80028,Cittanova,10410,0.2691
80029,Condofuri,5113,0.2506
80030,Cosoleto,859,0.268
80031,Delianuova,3352,0.2667
80032,Feroleto della Chiesa,1695,0.268
80033,Ferruzzano,772,0.202
80034,Fiumara,1018,0.263
80035,Galatro,1709,0.2657
80036,Gerace,2652,0.215
80037,Giffone,1907,0.259
80038,Gioia Tauro,19864,0.2679
80039,Gioiosa Ionica,7181,0.203
80040,Grotteria,3154,0.2217
80041,Laganadi,413,0.2699
80042,Laureana di Borrello,5174,0.2692
80043,Locri,12504,0.2033
80044,Mammola,2847,0.2408
80045,Marina di Gioiosa Ionica,6625,0.1846
80046,Maropati,1524,0.2662
80047,Martone,530,0.2031
80048,Melicuccà,930,0.2669
80049,Melicucco,5101,0.26856
80050,Melito di Porto Salvo,11355,0.2497
80051,Molochio,2564,0.2621
80052,Monasterace,3454,0.1385
80053,Montebello Ionico,6214,0.2652
80054,Motta San Giovanni,6208,0.2659
80055,Oppido Mamertina,5332,0.2679
80056,Palizzi,2480,0.1994
80057,Palmi,18930,0.2634
80058,Pazzano,568,0.1967
80059,Placanica,1200,0.1854
80060,Platì,3812,0.2529
80061,Polistena,10496,0.2666
80062,Portigliola,1201,0.2004
80063,Reggio di Calabria,183035,0.2716
80064,Riace,2238,0.1468
80065,Rizziconi,7829,0.2695
80066,Roccaforte del Greco,476,0.2669
80067,Roccella Ionica,6557,0.1804
80068,Roghudi,1104,0.2645
80069,Rosarno,14841,0.2697
80070,Samo,809,0.261
80071,San Giorgio Morgeto,3058,0.2617
80072,San Giovanni di Gerace,481,0.2126
80073,San Lorenzo,2640,0.2657
80074,San Luca,3881,0.2642
80075,San Pietro di Caridà,1195,0.2677
80076,San Procopio,534,0.2676
80077,San Roberto,1750,0.2703
80078,Santa Cristina d'Aspromonte,929,0.2658
80079,Sant'Agata del Bianco,592,0.2182
80080,Sant'Alessio in Aspromonte,343,0.2708
80081,Sant'Eufemia d'Aspromonte,4120,0.2694
80082,Sant'Ilario dello Ionio,1377,0.2068
80083,Santo Stefano in Aspromonte,1263,0.271
80084,Scido,931,0.2647
80085,Scilla,4964,0.2697
80086,Seminara,2811,0.2669
80087,Serrata,845,0.2697
80088,Siderno,18191,0.1995
80089,Sinopoli,2089,0.2686
80090,Staiti,248,0.2017
80091,Stignano,1335,0.1566
80092,Stilo,2622,0.2159
80093,Taurianova,15636,0.2689
80094,Terranova Sappo Minulio,523,0.2668
80095,Varapodio,2160,0.268
80096,Villa San Giovanni,13784,0.2578
80097,San Ferdinando,4490,0.2656
81001,Alcamo,45307,0.1525
81002,Buseto Palizzolo,2957,0.0785
81003,Calatafimi-Segesta,6712,0.1364
81004,Campobello di Mazara,11956,0.0974
81005,Castellammare del Golfo,15394,0.0998
81006,Castelvetrano,31806,0.1464
81007,Custonaci,5566,0.0725
81008,Erice,28291,0.0642
81009,Favignana,4230,0.0417
81010,Gibellina,4115,0.1581
81011,Marsala,83194,0.0711
81012,Mazara del Vallo,51718,0.0872
81013,Paceco,11459,0.0593
81014,Pantelleria,7701,0.05
81015,Partanna,10607,0.154
81016,Poggioreale,1494,0.1701
81017,Salaparuta,1696,0.1669
81018,Salemi,10794,0.1081
81019,Santa Ninfa,5043,0.1403
81020,San Vito Lo Capo,4654,0.0712
81021,Trapani,68759,0.0813
81022,Valderice,12151,0.0601
81023,Vita,2056,0.0905
81024,Petrosino,8105,0.0594
82001,Alia,3623,0.1045
82002,Alimena,2032,0.117
82003,Aliminusa,1236,0.1452
82004,Altavilla Milicia,8210,0.1801
82005,Altofonte,10284,0.1854
82006,Bagheria,55387,0.1808
82007,Balestrate,6436,0.1364
82008,Baucina,2008,0.1641
82009,Belmonte Mezzagno,11273,0.1823
82010,Bisacquino,4599,0.1666
82011,Bolognetta,4179,0.1739
82012,Bompietro,1401,0.1219
82013,Borgetto,7419,0.1844
82014,Caccamo,8196,0.1703
82015,Caltavuturo,4017,0.1489
82016,Campofelice di Fitalia,511,0.1106
82017,Campofelice di Roccella,7537,0.1816
82018,Campofiorito,1302,0.1391
82019,Camporeale,3373,0.1703
82020,Capaci,11446,0.1677
82021,Carini,38455,0.1769
82022,Castelbuono,8943,0.183
82023,Casteldaccia,11685,0.18
82024,Castellana Sicula,3411,0.1448
82025,Castronovo di Sicilia,3085,0.0925
82026,Cefalà Diana,1041,0.1429
82027,Cefalù,14393,0.1825
82028,Cerda,5330,0.1751
82029,Chiusa Sclafani,2838,0.1126
82030,Ciminna,3780,0.1459
82031,Cinisi,12418,0.1617
82032,Collesano,4054,0.182
82033,Contessa Entellina,1766,0.1695
82034,Corleone,11234,0.1601
82035,Ficarazzi,12933,0.1781
82036,Gangi,6811,0.1577
82037,Geraci Siculo,1945,0.1817
82038,Giardinello,2337,0.1836
82039,Giuliana,1952,0.1395
82040,Godrano,1181,0.1395
82041,Gratteri,963,0.1823
82042,Isnello,1589,0.1823
82043,Isola delle Femmine,7290,0.1499
82044,Lascari,3588,0.1816
82045,Lercara Friddi,6748,0.0948
82046,Marineo,6647,0.1714
82047,Mezzojuso,2920,0.1345
82048,Misilmeri,29258,0.1811
82049,Monreale,39389,0.1874
82050,Montelepre,6280,0.1751
82051,Montemaggiore Belsito,3365,0.1345
82052,Palazzo Adriano,2135,0.1024
82053,Palermo,674435,0.1832
82054,Partinico,32079,0.1753
82055,Petralia Soprana,3360,0.1691
82056,Petralia Sottana,2821,0.1771
82057,Piana degli Albanesi,6293,0.1851
82058,Polizzi Generosa,3407,0.1675
82059,Pollina,2974,0.182
82060,Prizzi,4858,0.1068
82061,Roccamena,1505,0.1696
82062,Roccapalumba,2516,0.113
82063,San Cipirello,5372,0.1774
82064,San Giuseppe Jato,8650,0.1846
82065,San Mauro Castelverde,1701,0.1832
82066,Santa Cristina Gela,1008,0.1804
82067,Santa Flavia,11272,0.1802
82068,Sciara,2822,0.1723
82069,Sclafani Bagni,426,0.146
82070,Termini Imerese,26263,0.1801
82071,Terrasini,12320,0.1584
82072,Torretta,4358,0.178
82073,Trabia,10505,0.1794
82074,Trappeto,3174,0.1549
82075,Ustica,1344,0.15
82076,Valledolmo,3594,0.1069
82077,Ventimiglia di Sicilia,1953,0.175
82078,Vicari,2901,0.1117
82079,Villabate,20252,0.1804
82080,Villafrati,3368,0.1601
82081,Scillato,613,0.1654
82082,Blufi,1029,0.1196
83001,Alcara li Fusi,1980,0.1849
83002,Alì,768,0.244
83003,Alì Terme,2539,0.2512
83004,Antillo,919,0.2124
83005,Barcellona Pozzo di Gotto,41583,0.1901
83006,Basicò,612,0.2017
83007,Brolo,5783,0.177
83008,Capizzi,3176,0.1783
83009,Capo d'Orlando,13254,0.1653
83010,Capri Leone,4515,0.173
83011,Caronia,3364,0.1843
83012,Casalvecchio Siculo,842,0.2237
83013,Castel di Lucio,1294,0.1823
83014,Castell'Umberto,3128,0.1859
83015,Castelmola,1088,0.2202
83016,Castroreale,2504,0.2032
83017,Cesarò,2439,0.1835
83018,Condrò,493,0.1705
83019,Falcone,2808,0.1998
83020,Ficarra,1469,0.1861
83021,Fiumedinisi,1409,0.2357
83022,Floresta,485,0.1955
83023,Fondachelli-Fantina,1019,0.2064
83024,Forza d'Agrò,911,0.2359
83025,Francavilla di Sicilia,3945,0.2061
83026,Frazzanò,711,0.1789
83027,Furci Siculo,3382,0.2279
83028,Furnari,3784,0.199
83029,Gaggi,3184,0.2091
83030,Galati Mamertino,2627,0.1872
83031,Gallodoro,367,0.2291
83032,Giardini-Naxos,9415,0.2067
83033,Gioiosa Marea,7074,0.1959
83034,Graniti,1492,0.2101
83035,Gualtieri Sicaminò,1807,0.1825
83036,Itala,1640,0.2448
83037,Leni,696,0.1805
83038,Letojanni,2861,0.2269
83039,Librizzi,1660,0.1995
83040,Limina,836,0.2192
83041,Lipari,12753,0.25
83042,Longi,1473,0.185
83043,Malfa,982,0.1805
83044,Malvagna,733,0.1984
83045,Mandanici,601,0.2222
83046,Mazzarrà Sant'Andrea,1531,0.2012
83047,Merì,2338,0.1695
83048,Messina,238439,0.2559
83049,Milazzo,31646,0.1685
83050,Militello Rosmarino,1324,0.1846
83051,Mirto,974,0.1755
83052,Mistretta,4791,0.1835
83053,Moio Alcantara,717,0.1972
83054,Monforte San Giorgio,2777,0.2299
83055,Mongiuffi Melia,600,0.221
83056,Montagnareale,1615,0.1981
83057,Montalbano Elicona,2287,0.2014
83058,Motta Camastra,845,0.2073
83059,Motta d'Affermo,739,0.1796
83060,Naso,3813,0.1781
83061,Nizza di Sicilia,3667,0.247
83062,Novara di Sicilia,1337,0.2046
83063,Oliveri,2181,0.1997
83064,Pace del Mela,6239,0.1616
83065,Pagliara,1170,0.2435
83066,Patti,13431,0.2
83067,Pettineo,1350,0.1832
83068,Piraino,3962,0.1877
83069,Raccuja,1041,0.1969
83070,Reitano,806,0.1822
83071,Roccafiorita,197,0.217533333333333
83072,Roccalumera,4141,0.2398
83073,Roccavaldina,1133,0.1792
83074,Roccella Valdemone,666,0.2002
83075,Rodì Milici,2056,0.2008
83076,Rometta,6650,0.2232
83077,San Filippo del Mela,7115,0.1617
83078,San Fratello,3707,0.1845
83079,San Marco d'Alunzio,1996,0.1808
83080,San Pier Niceto,2837,0.2094
83081,San Piero Patti,2915,0.2004
83082,San Salvatore di Fitalia,1319,0.1849
83083,Santa Domenica Vittoria,980,0.1978
83084,Sant'Agata di Militello,12624,0.1835
83085,Sant'Alessio Siculo,1554,0.233875
83086,Santa Lucia del Mela,4650,0.2029
83087,Santa Marina Salina,903,0.1805
83088,Sant'Angelo di Brolo,3090,0.1938
83089,Santa Teresa di Riva,9377,0.241
83090,San Teodoro,1403,0.1679
83091,Santo Stefano di Camastra,4694,0.1825
83092,Saponara,3988,0.2231
83093,Savoca,1732,0.2349
83094,Scaletta Zanclea,2140,0.2522
83095,Sinagra,2705,0.1908
83096,Spadafora,5021,0.1729
83097,Taormina,10960,0.2102
83098,Torregrotta,7431,0.191166666666667
83099,Tortorici,6435,0.1904
83100,Tripi,873,0.2027
83101,Tusa,2925,0.183
83102,Ucria,1058,0.1942
83103,Valdina,1355,0.1644
83104,Venetico,3911,0.1585
83105,Villafranca Tirrena,8584,0.2062
83106,Terme Vigliatore,7395,0.1961
83107,Acquedolci,5744,0.1765
83108,Torrenova,4386,0.1709
84001,Agrigento,59770,0.0626
84002,Alessandria della Rocca,2988,0.0747
84003,Aragona,9463,0.0642
84004,Bivona,3717,0.0838
84005,Burgio,2672,0.1006
84006,Calamonaci,1339,0.0794
84007,Caltabellotta,3681,0.1459
84008,Camastra,2083,0.0571
84009,Cammarata,6355,0.0822
84010,Campobello di Licata,10092,0.0618
84011,Canicattì,35698,0.0635
84012,Casteltermini,8267,0.0707
84013,Castrofilippo,2940,0.0596
84014,Cattolica Eraclea,3761,0.0665
84015,Cianciana,3474,0.0708
84016,Comitini,968,0.062
84017,Favara,32654,0.059
84018,Grotte,5746,0.0631
84019,Joppolo Giancaxio,1245,0.061
84020,Lampedusa e Linosa,6569,0.05
84021,Licata,37797,0.0644
84022,Lucca Sicula,1805,0.0887
84023,Menfi,12592,0.1659
84024,Montallegro,2519,0.0646
84025,Montevago,3006,0.1629
84026,Naro,7817,0.0639
84027,Palma di Montechiaro,23302,0.056
84028,Porto Empedocle,17044,0.0571
84029,Racalmuto,8307,0.0631
84030,Raffadali,12856,0.0611
84031,Ravanusa,11766,0.0649
84032,Realmonte,4571,0.0572
84033,Ribera,19232,0.0833
84034,Sambuca di Sicilia,5877,0.1667
84035,San Biagio Platani,3304,0.0697
84036,San Giovanni Gemini,8056,0.0758
84037,Santa Elisabetta,2474,0.0633
84038,Santa Margherita di Belice,6363,0.1686
84039,Sant'Angelo Muxaro,1390,0.0656
84040,Santo Stefano Quisquina,4684,0.0784
84041,Sciacca,40928,0.1602
84042,Siculiana,4547,0.061
84043,Villafranca Sicula,1410,0.0899
85001,Acquaviva Platani,948,0.0707
85002,Bompensiere,556,0.0661
85003,Butera,4754,0.1016
85004,Caltanissetta,63360,0.0796
85005,Campofranco,3100,0.0679
85006,Delia,4277,0.0629
85007,Gela,75827,0.1562
85008,Marianopoli,1906,0.078
85009,Mazzarino,12145,0.1249
85010,Milena,3018,0.0647
85011,Montedoro,1631,0.0656
85012,Mussomeli,10780,0.0766
85013,Niscemi,27558,0.1689
85014,Resuttano,2038,0.1028
85015,Riesi,11586,0.0723
85016,San Cataldo,23253,0.0723
85017,Santa Caterina Villarmosa,5388,0.0877
85018,Serradifalco,6091,0.0676
85019,Sommatino,7038,0.0668
85020,Sutera,1410,0.0694
85021,Vallelunga Pratameno,3461,0.0922
85022,Villalba,1633,0.0847
86001,Agira,8345,0.1157
86002,Aidone,4889,0.1462
86003,Assoro,5191,0.1022
86004,Barrafranca,13380,0.0789
86005,Calascibetta,4528,0.1057
86006,Catenanuova,4866,0.119
86007,Centuripe,5470,0.1528
86008,Cerami,2006,0.1716
86009,Enna,28019,0.0993
86010,Gagliano Castelferrato,3593,0.1244
86011,Leonforte,13439,0.1062
86012,Nicosia,13899,0.1708
86013,Nissoria,3000,0.1256
86014,Piazza Armerina,21886,0.1429
86015,Pietraperzia,7013,0.0766
86016,Regalbuto,7277,0.1253
86017,Sperlinga,805,0.1481
86018,Troina,9373,0.1568
86019,Valguarnera Caropepe,7866,0.089
86020,Villarosa,4937,0.091
87001,Aci Bonaccorsi,3524,0.22725
87002,Aci Castello,18723,0.212
87003,Aci Catena,29851,0.2255
87004,Acireale,52622,0.226
87005,Aci Sant'Antonio,17984,0.2289
87006,Adrano,36122,0.2161
87007,Belpasso,28108,0.2263
87008,Biancavilla,24007,0.2177
87009,Bronte,19172,0.2104
87010,Calatabiano,5308,0.2194
87011,Caltagirone,38686,0.2408
87012,Camporotondo Etneo,5023,0.1967
87013,Castel di Iudica,4625,0.151
87014,Castiglione di Sicilia,3215,0.219
87015,Catania,314555,0.2497
87016,Fiumefreddo di Sicilia,9623,0.222
87017,Giarre,27659,0.2229
87018,Grammichele,13418,0.2293
87019,Gravina di Catania,25838,0.2179
87020,Licodia Eubea,3081,0.2672
87021,Linguaglossa,5403,0.2254
87022,Maletto,3920,0.2138
87023,Mascali,14282,0.2263
87024,Mascalucia,31958,0.2274
87025,Militello in Val di Catania,7443,0.2614
87026,Milo,1087,0.2241
87027,Mineo,5159,0.2467
87028,Mirabella Imbaccari,4912,0.1412
87029,Misterbianco,49410,0.2166
87030,Motta Sant'Anastasia,12116,0.2177
87031,Nicolosi,7463,0.2276
87032,Palagonia,16608,0.2302
87033,Paternò,48228,0.1989
87034,Pedara,14102,0.2289
87035,Piedimonte Etneo,3963,0.226
87036,Raddusa,3178,0.1144
87037,Ramacca,10894,0.2213
87038,Randazzo,10900,0.2165
87039,Riposto,14838,0.2121
87040,San Cono,2697,0.112
87041,San Giovanni la Punta,23060,0.2258
87042,San Gregorio di Catania,11966,0.2159
87043,San Michele di Ganzaria,3245,0.1389
87044,San Pietro Clarenza,7743,0.218
87045,Sant'Agata li Battiati,9479,0.2296
87046,Sant'Alfio,1582,0.2261
87047,Santa Maria di Licodia,7641,0.2114
87048,Santa Venerina,8592,0.2236
87049,Scordia,17095,0.2605
87050,Trecastagni,10910,0.2294
87051,Tremestieri Etneo,20589,0.225
87052,Valverde,7840,0.2247
87053,Viagrande,8563,0.2296
87054,Vizzini,6241,0.2761
87055,Zafferana Etnea,9517,0.227
87056,Mazzarrone,4078,0.2305
87057,Maniace,3765,0.1732
87058,Ragalna,3924,0.2225
88001,Acate,10954,0.1992
88002,Chiaramonte Gulfi,8238,0.2586
88003,Comiso,30156,0.2145
88004,Giarratana,3048,0.2726
88005,Ispica,16061,0.1669
88006,Modica,54633,0.2641
88007,Monterosso Almo,3032,0.2699
88008,Pozzallo,19552,0.1262
88009,Ragusa,73313,0.259
88010,Santa Croce Camerina,10823,0.1306
88011,Scicli,27077,0.1519
88012,Vittoria,63339,0.2061
89001,Augusta,36305,0.2671
89002,Avola,31708,0.2367
89003,Buccheri,1999,0.2798
89004,Buscemi,1051,0.2785
89005,Canicattini Bagni,7109,0.265
89006,Carlentini,17798,0.2804
89007,Cassaro,821,0.279
89008,Ferla,2523,0.2803
89009,Floridia,22762,0.2678
89010,Francofonte,12800,0.2791
89011,Lentini,24085,0.2722
89012,Melilli,13621,0.2787
89013,Noto,23913,0.2702
89014,Pachino,22205,0.1208
89015,Palazzolo Acreide,8808,0.2766
89016,Rosolini,21427,0.2447
89017,Siracusa,122291,0.2614
89018,Solarino,8091,0.2699
89019,Sortino,8690,0.2803
89020,Portopalo di Capo Passero,3887,0.1005
89021,Priolo Gargallo,12091,0.2631
90001,Aggius,1523,0.05
90002,Alà dei Sardi,1899,0.05
90003,Alghero,44019,0.05
90004,Anela,657,0.05
90005,Ardara,782,0.05
90006,Arzachena,13562,0.05
90007,Banari,592,0.05
90008,Benetutti,1889,0.05
90009,Berchidda,2810,0.05
90010,Bessude,410,0.05
90011,Bonnanaro,987,0.05
90012,Bono,3565,0.05
90013,Bonorva,3470,0.05
90014,Bortigiadas,775,0.05
90015,Borutta,287,0.05
90016,Bottidda,694,0.05
90017,Buddusò,3897,0.05
90018,Bultei,967,0.05
90019,Bulzi,524,0.05
90020,Burgos,938,0.05
90021,Calangianus,4172,0.05
90022,Cargeghe,758,0.05
90023,Castelsardo,6006,0.05
90024,Cheremule,437,0.05
90025,Chiaramonti,1664,0.05
90026,Codrongianos,1325,0.05
90027,Cossoine,860,0.05
90028,Esporlatu,398,0.05
90029,Florinas,1533,0.05
90030,Giave,551,0.05
90031,Illorai,886,0.05
90032,Ittireddu,525,0.05
90033,Ittiri,8695,0.05
90034,Laerru,924,0.05
90035,La Maddalena,11332,0.05
90036,Luogosanto,1897,0.05
90037,Luras,2591,0.05
90038,Mara,622,0.05
90039,Martis,530,0.05
90040,Monteleone Rocca Doria,106,0.05
90041,Monti,2425,0.05
90042,Mores,1896,0.05
90043,Muros,841,0.05
90044,Nughedu San Nicolò,827,0.05
90045,Nule,1392,0.05
90046,Nulvi,2771,0.05
90047,Olbia,59368,0.05
90048,Olmedo,4173,0.05
90049,Oschiri,3320,0.05
90050,Osilo,3100,0.05
90051,Ossi,5865,0.05
90052,Ozieri,10682,0.05
90053,Padria,635,0.05
90054,Palau,4214,0.05
90055,Pattada,3127,0.05
90056,Perfugas,2385,0.05
90057,Ploaghe,4579,0.05
90058,Porto Torres,22313,0.05
90059,Pozzomaggiore,2646,0.05
90060,Putifigari,728,0.05
90061,Romana,550,0.05
90062,Aglientu,1201,0.05
90063,Santa Teresa Gallura,5232,0.05
90064,Sassari,127525,0.05
90065,Sedini,1355,0.05
90066,Semestene,163,0.05
90067,Sennori,7318,0.05
90068,Siligo,880,0.05
90069,Sorso,14714,0.05
90070,Tempio Pausania,14243,0.05
90071,Thiesi,3021,0.05
90072,Tissi,2364,0.05
90073,Torralba,976,0.05
90074,Trinità d'Agultu e Vignola,2211,0.05
90075,Tula,1574,0.05
90076,Uri,2999,0.05
90077,Usini,4412,0.05
90078,Villanova Monteleone,2313,0.05
90079,Valledoria,4251,0.05
90080,Telti,2291,0.05
90081,Badesi,1852,0.05
90082,Viddalba,1738,0.05
90083,Golfo Aranci,2429,0.05
90084,Loiri Porto San Paolo,3399,0.05
90085,Sant'Antonio di Gallura,1514,0.05
90086,Tergu,592,0.05
90087,Santa Maria Coghinas,1412,0.05
90088,Erula,759,0.05
90089,Stintino,1626,0.05
90090,Padru,2144,0.05
90091,Budoni,5133,0.05
90092,San Teodoro,4934,0.05
91001,Aritzo,1284,0.05
91002,Arzana,2468,0.05
91003,Atzara,1154,0.05
91004,Austis,828,0.05
91005,Bari Sardo,3975,0.05
91006,Baunei,3654,0.05
91007,Belvì,637,0.05
91008,Birori,540,0.05
91009,Bitti,2894,0.05
91010,Bolotana,2656,0.05
91011,Borore,2143,0.05
91012,Bortigali,1342,0.05
91016,Desulo,2395,0.05
91017,Dorgali,8548,0.05
91018,Dualchi,625,0.05
91019,Elini,564,0.05
91024,Fonni,3970,0.05
91025,Gadoni,819,0.05
91026,Gairo,1463,0.05
91027,Galtellì,2471,0.05
91028,Gavoi,2695,0.05
91031,Girasole,1275,0.05
91032,Ilbono,2158,0.05
91033,Irgoli,2339,0.05
91035,Jerzu,3159,0.05
91037,Lanusei,5455,0.05
91038,Lei,516,0.05
91039,Loceri,1276,0.05
91040,Loculi,518,0.05
91041,Lodè,1730,0.05
91042,Lotzorai,2207,0.05
91043,Lula,1422,0.05
91044,Macomer,10226,0.05
91046,Mamoiada,2555,0.05
91047,Meana Sardo,1832,0.05
91050,Noragugume,324,0.05
91051,Nuoro,37091,0.05
91055,Oliena,7145,0.05
91056,Ollolai,1318,0.05
91057,Olzai,875,0.05
91058,Onanì,391,0.05
91059,Onifai,746,0.05
91060,Oniferi,898,0.05
91061,Orani,2891,0.05
91062,Orgosolo,4229,0.05
91063,Orosei,7015,0.05
91064,Orotelli,2054,0.05
91066,Ortueri,1175,0.05
91067,Orune,2406,0.05
91068,Osidda,259,0.05
91069,Osini,806,0.05
91070,Ottana,2334,0.05
91071,Ovodda,1621,0.05
91072,Perdasdefogu,1957,0.05
91073,Posada,2965,0.05
91077,Sarule,1691,0.05
91083,Silanus,2177,0.05
91084,Sindia,1733,0.05
91085,Siniscola,11486,0.05
91086,Sorgono,1693,0.05
91088,Talana,1046,0.05
91089,Tertenia,3888,0.05
91090,Teti,677,0.05
91091,Tiana,503,0.05
91093,Tonara,2014,0.05
91094,Torpè,2880,0.05
91095,Tortolì,11059,0.05
91097,Triei,1124,0.05
91098,Ulassai,1465,0.05
91099,Urzulei,1260,0.05
91100,Ussassai,575,0.05
91101,Villagrande Strisaili,3282,0.05
91103,Cardedu,1892,0.05
91104,Lodine,348,0.05
92003,Assemini,26686,0.05
92009,Cagliari,154460,0.05
92011,Capoterra,23661,0.05
92015,Decimomannu,8139,0.05
92037,Maracalagonis,7912,0.05
92050,Pula,7422,0.05
92051,Quartu Sant'Elena,71125,0.05
92066,Sarroch,5244,0.05
92068,Selargius,28975,0.05
92074,Sestu,20786,0.05
92075,Settimo San Pietro,6697,0.05
92080,Sinnai,17225,0.05
92090,Uta,8553,0.05
92099,Villa San Pietro,2098,0.05
92105,Quartucciu,13224,0.05
92108,Elmas,9395,0.05
92109,Monserrato,20055,0.05
93001,Andreis,259,0.2563
93002,Arba,1309,0.2529
93004,Aviano,9106,0.2561
93005,Azzano Decimo,15775,0.1752
93006,Barcis,256,0.2561
93007,Brugnera,9311,0.2017
93008,Budoia,2569,0.256
93009,Caneva,6424,0.2509
93010,Casarsa della Delizia,8540,0.1704
93011,Castelnovo del Friuli,880,0.2581
93012,Cavasso Nuovo,1525,0.2575
93013,Chions,5190,0.1413
93014,Cimolais,397,0.2273
93015,Claut,956,0.247
93016,Clauzetto,380,0.2589
93017,Cordenons,18301,0.2214
93018,Cordovado,2780,0.1155
93019,Erto e Casso,387,0.2306
93020,Fanna,1583,0.2567
93021,Fiume Veneto,11697,0.1788
93022,Fontanafredda,12205,0.2354
93024,Frisanco,622,0.2575
93025,Maniago,11698,0.2569
93026,Meduno,1574,0.258
93027,Montereale Valcellina,4433,0.2565
93028,Morsano al Tagliamento,2830,0.1207
93029,Pasiano di Pordenone,7733,0.1656
93030,Pinzano al Tagliamento,1525,0.2511
93031,Polcenigo,3163,0.2554
93032,Porcia,15293,0.2093
93033,Pordenone,51229,0.2132
93034,Prata di Pordenone,8480,0.1866
93035,Pravisdomini,3437,0.1307
93036,Roveredo in Piano,5967,0.2263
93037,Sacile,19837,0.226
93038,San Giorgio della Richinvelda,4650,0.2223
93039,San Martino al Tagliamento,1468,0.1961
93040,San Quirino,4383,0.2365
93041,San Vito al Tagliamento,15078,0.1535
93042,Sequals,2200,0.2516
93043,Sesto al Reghena,6356,0.1311
93044,Spilimbergo,12124,0.2397
93045,Tramonti di Sopra,321,0.2534
93046,Tramonti di Sotto,387,0.2582
93047,Travesio,1776,0.2581
93049,Vito d'Asio,769,0.2596
93050,Vivaro,1352,0.2405
93051,Zoppola,8572,0.1989
93052,Vajont,1719,0.2567
93053,Valvasone Arzene,3988,0.1903
94001,Acquaviva d'Isernia,425,0.2728
94002,Agnone,5139,0.2212
94003,Bagnoli del Trigno,735,0.2298
94004,Belmonte del Sannio,768,0.1669
94005,Cantalupo nel Sannio,739,0.2674
94006,Capracotta,903,0.2297
94007,Carovilli,1359,0.2461
94008,Carpinone,1157,0.2645
94009,Castel del Giudice,346,0.2366
94010,Castelpetroso,1680,0.266
94011,Castelpizzuto,155,0.2662
94012,Castel San Vincenzo,516,0.2726
94013,Castelverrino,115,0.1973
94014,Cerro al Volturno,1281,0.2736
94015,Chiauci,233,0.2343
94016,Civitanova del Sannio,945,0.2453
94017,Colli a Volturno,1349,0.2738
94018,Conca Casale,200,0.2553
94019,Filignano,648,0.2704
94020,Forlì del Sannio,675,0.2722
94021,Fornelli,1909,0.2739
94022,Frosolone,3170,0.2572
94023,Isernia,21842,0.2729
94024,Longano,690,0.2645
94025,Macchia d'Isernia,1035,0.2731
94026,Macchiagodena,1854,0.2657
94027,Miranda,1047,0.2605
94028,Montaquila,2456,0.2725
94029,Montenero Val Cocchiara,538,0.2726
94030,Monteroduni,2264,0.2712
94031,Pesche,1661,0.2611
94032,Pescolanciano,855,0.2405
94033,Pescopennataro,285,0.1858
94034,Pettoranello del Molise,460,0.2665
94035,Pietrabbondante,759,0.2258
94036,Pizzone,329,0.2701
94037,Poggio Sannita,702,0.2047
94038,Pozzilli,2380,0.2672
94039,Rionero Sannitico,1118,0.2719
94040,Roccamandolfi,938,0.2677
94041,Roccasicura,550,0.256
94042,Rocchetta a Volturno,1113,0.2733
94043,San Pietro Avellana,503,0.2604
94044,Sant'Agapito,1496,0.2628
94045,Santa Maria del Molise,665,0.2665
94046,Sant'Angelo del Pesco,364,0.2186
94047,Sant'Elena Sannita,275,0.2611
94048,Scapoli,680,0.2722
94049,Sessano del Molise,727,0.2549
94050,Sesto Campano,2388,0.2229
94051,Vastogirardi,704,0.263
94052,Venafro,11280,0.2564
95001,Abbasanta,2747,0.05
95002,Aidomaggiore,460,0.05
95003,Albagiara,263,0.05
95004,Ales,1459,0.05
95005,Allai,360,0.05
95006,Arborea,3965,0.05
95007,Ardauli,874,0.05
95008,Assolo,392,0.05
95009,Asuni,349,0.05
95010,Baradili,84,0.05
95011,Baratili San Pietro,1332,0.05
95012,Baressa,678,0.05
95013,Bauladu,696,0.05
95014,Bidonì,148,0.05
95015,Bonarcado,1597,0.05
95016,Boroneddu,151,0.05
95017,Busachi,1315,0.05
95018,Cabras,9213,0.05
95019,Cuglieri,2697,0.05
95020,Fordongianus,904,0.05
95021,Ghilarza,4489,0.05
95022,Gonnoscodina,488,0.05
95023,Gonnosnò,765,0.05
95024,Gonnostramatza,918,0.05
95025,Marrubiu,4882,0.05
95026,Masullas,1082,0.05
95027,Milis,1592,0.05
95028,Mogorella,447,0.05
95029,Mogoro,4190,0.05
95030,Morgongiori,730,0.05
95031,Narbolia,1798,0.05
95032,Neoneli,669,0.05
95033,Norbello,1210,0.05
95034,Nughedu Santa Vittoria,489,0.05
95035,Nurachi,1793,0.05
95036,Nureci,360,0.05
95037,Ollastra,1239,0.05
95038,Oristano,31630,0.05
95039,Palmas Arborea,1493,0.05
95040,Pau,308,0.05
95041,Paulilatino,2265,0.05
95042,Pompu,256,0.05
95043,Riola Sardo,2146,0.05
95044,Ruinas,668,0.05
95045,Samugheo,3081,0.05
95046,San Nicolò d'Arcidano,2683,0.05
95047,Santa Giusta,4814,0.05
95048,Villa Sant'Antonio,357,0.05
95049,Santu Lussurgiu,2383,0.05
95050,San Vero Milis,2517,0.05
95051,Scano di Montiferro,1522,0.05
95052,Sedilo,2144,0.05
95053,Seneghe,1764,0.05
95054,Senis,450,0.05
95055,Sennariolo,183,0.05
95056,Siamaggiore,949,0.05
95057,Siamanna,832,0.05
95058,Simala,330,0.05
95059,Simaxis,2256,0.05
95060,Sini,506,0.05
95061,Siris,222,0.05
95062,Solarussa,2427,0.05
95063,Sorradile,386,0.05
95064,Tadasuni,152,0.05
95065,Terralba,10265,0.05
95066,Tramatza,979,0.05
95067,Tresnuraghes,1178,0.05
95068,Ulà Tirso,567,0.05
95069,Uras,2881,0.05
95070,Usellus,787,0.05
95071,Villanova Truschedu,307,0.05
95072,Villaurbana,1659,0.05
95073,Villa Verde,325,0.05
95074,Zeddiani,1163,0.05
95075,Zerfaliu,1099,0.05
95076,Siapiccia,364,0.05
95077,Curcuris,312,0.05
95078,Soddì,115,0.05
95079,Bosa,7936,0.05
95080,Flussio,455,0.05
95082,Laconi,1915,0.05
95083,Magomadas,661,0.05
95084,Modolo,171,0.05
95085,Montresta,506,0.05
95086,Sagama,197,0.05
95087,Suni,1118,0.05
95088,Tinnura,257,0.05
96001,Ailoche,346,0.0464
96002,Andorno Micca,3274,0.0474
96003,Benna,1169,0.0394
96004,Biella,44733,0.0463
96005,Bioglio,922,0.0498
96006,Borriana,899,0.0409
96007,Brusnengo,2054,0.0395
96008,Callabiana,134,0.0458
96009,Camandona,368,0.047371428571429
96010,Camburzano,1167,0.0424
96012,Candelo,7740,0.04
96013,Caprile,189,0.0494
96014,Casapinta,422,0.0407
96015,Castelletto Cervo,820,0.0387
96016,Cavaglià,3591,0.039
96017,Cerreto Castello,636,0.0405
96018,Cerrione,2913,0.04
96019,Coggiola,1875,0.048
96020,Cossato,14804,0.0398
96021,Crevacuore,1545,0.0418
96023,Curino,469,0.0416
96024,Donato,693,0.0448
96025,Dorzano,516,0.039
96026,Gaglianico,3825,0.0405
96027,Gifflenga,129,0.0385
96028,Graglia,1559,0.0457
96030,Magnano,410,0.0406
96031,Massazza,550,0.0391
96032,Masserano,2129,0.0399
96033,Mezzana Mortigliengo,521,0.0413
96034,Miagliano,624,0.04905
96035,Mongrando,3883,0.0424
96037,Mottalciata,1437,0.0389
96038,Muzzano,609,0.045
96039,Netro,1009,0.0436
96040,Occhieppo Inferiore,4005,0.0419
96041,Occhieppo Superiore,2776,0.043
96042,Pettinengo,1555,0.0505
96043,Piatto,510,0.0411
96044,Piedicavallo,193,0.0521
96046,Pollone,2109,0.047
96047,Ponderano,3827,0.0409
96048,Portula,1269,0.0456
96049,Pralungo,2510,0.044
96050,Pray,2180,0.0431
96051,Quaregna,1432,0.0406
96053,Ronco Biellese,1518,0.043683333333333
96054,Roppolo,898,0.0392
96055,Rosazza,108,0.0492
96056,Sagliano Micca,1637,0.0507
96057,Sala Biellese,587,0.0419
96058,Salussola,1974,0.0392
96059,Sandigliano,2720,0.0404
96062,Soprana,726,0.0439
96063,Sordevolo,1373,0.0466
96064,Sostegno,774,0.0412
96065,Strona,1083,0.0432
96066,Tavigliano,942,0.0506
96067,Ternengo,292,0.0416
96068,Tollegno,2527,0.0426
96069,Torrazzo,213,0.0425
96070,Trivero,5764,0.0488
96071,Valdengo,2470,0.0406
96072,Vallanzengo,226,0.04535
96073,Valle Mosso,3403,0.0425
96074,Valle San Nicolao,1024,0.0491
96075,Veglio,506,0.0465
96076,Verrone,1257,0.0397
96077,Vigliano Biellese,7866,0.041
96078,Villa del Bosco,374,0.0396
96079,Villanova Biellese,192,0.0385
96080,Viverone,1418,0.0396
96081,Zimone,410,0.0398
96082,Zubiena,1209,0.0409
96083,Zumaglia,1068,0.0421
96084,Mosso,1526,0.0451
96085,Lessona,2765,0.0402
96086,Campiglia Cervo,505,0.0485
97001,Abbadia Lariana,3200,0.0503
97002,Airuno,2879,0.06112
97003,Annone di Brianza,2328,0.0516
97004,Ballabio,4069,0.0536
97005,Barzago,2437,0.0539
97006,Barzanò,5140,0.0536
97007,Barzio,1312,0.0534
97008,Bellano,3231,0.0418
97009,Bosisio Parini,3457,0.0498
97010,Brivio,4631,0.0669
97011,Bulciago,2887,0.052133333333333
97012,Calco,5289,0.0691
97013,Calolziocorte,14015,0.0661
97014,Carenno,1466,0.0636
97015,Casargo,830,0.0442
97016,Casatenovo,12951,0.0575
97017,Cassago Brianza,4399,0.05162
97018,Cassina Valsassina,482,0.0554
97019,Castello di Brianza,2594,0.05698
97020,Cernusco Lombardone,3876,0.065066666666667
97021,Cesana Brianza,2370,0.0488
97022,Civate,3909,0.0505
97023,Colico,7724,0.0437
97024,Colle Brianza,1713,0.0584
97025,Cortenova,1192,0.0454
97026,Costa Masnaga,4841,0.04896
97027,Crandola Valsassina,251,0.0457
97028,Cremella,1741,0.0527
97029,Cremeno,1522,0.0537
97030,Dervio,2669,0.0415
97031,Dolzago,2452,0.05474
97032,Dorio,327,0.0427
97033,Ello,1225,0.0549
97034,Erve,722,0.0612
97035,Esino Lario,745,0.0459
97036,Galbiate,8533,0.0571
97037,Garbagnate Monastero,2445,0.0525
97038,Garlate,2732,0.058066666666667
97039,Imbersago,2400,0.0711
97040,Introbio,1988,0.0495
97041,Introzzo,121,0.0428
97042,Lecco,47999,0.0591
97043,Lierna,2141,0.0448
97044,Lomagna,4935,0.06105
97045,Malgrate,4228,0.053
97046,Mandello del Lario,10425,0.0487
97047,Margno,386,0.0447
97048,Merate,14852,0.0684
97049,Missaglia,8681,0.0603
97050,Moggio,475,0.0573
97051,Molteno,3585,0.0508
97052,Monte Marenzo,1947,0.068425
97053,Montevecchia,2623,0.0627
97054,Monticello Brianza,4215,0.05525
97055,Morterone,36,0.0554
97056,Nibionno,3702,0.0498
97057,Oggiono,8944,0.0537
97058,Olgiate Molgora,6397,0.0611
97059,Olginate,7001,0.058
97060,Oliveto Lario,1225,0.0452
97061,Osnago,4806,0.0641
97062,Paderno d'Adda,3907,0.07976
97063,Pagnona,374,0.0445
97064,Parlasco,141,0.0429
97065,Pasturo,1997,0.0506
97067,Perledo,941,0.0426
97068,Pescate,2180,0.0581
97069,Premana,2281,0.0477
97070,Primaluna,2246,0.0484
97071,Robbiate,6324,0.0729
97072,Rogeno,3182,0.0489
97074,Santa Maria Hoè,2206,0.0596
97075,Sirone,2400,0.0528
97076,Sirtori,2819,0.0548
97077,Sueglio,144,0.042
97078,Suello,1756,0.0503
97079,Taceno,543,0.0438
97080,Torre de' Busi,2072,0.0697
97081,Tremenico,167,0.0436
97082,Valgreghentino,3464,0.0612
97083,Valmadrera,11659,0.0511
97084,Varenna,786,0.0424
97085,Vendrogno,312,0.0425
97086,Vercurago,2831,0.0611
97089,Vestreno,308,0.0419
97090,Viganò,2100,0.0558
97091,Verderio,5729,0.0745
97092,La Valletta Brianza,4687,0.0582
98001,Abbadia Cerreto,289,0.0737
98002,Bertonico,1143,0.0759
98003,Boffalora d'Adda,1747,0.0701
98004,Borghetto Lodigiano,4424,0.0775
98005,Borgo San Giovanni,2388,0.0709
98006,Brembio,2668,0.0763
98007,Camairago,676,0.0776
98008,Casaletto Lodigiano,2994,0.066
98009,Casalmaiocco,3159,0.0621
98010,Casalpusterlengo,15347,0.0793
98011,Caselle Landi,1578,0.0871
98012,Caselle Lurani,3059,0.0669
98013,Castelnuovo Bocca d'Adda,1638,0.0839
98014,Castiglione d'Adda,4683,0.0765
98015,Castiraga Vidardo,2740,0.0699
98016,Cavacurta,830,0.0772
98017,Cavenago d'Adda,2248,0.0745
98018,Cervignano d'Adda,2182,0.0638
98019,Codogno,15844,0.0784
98020,Comazzo,2244,0.072
98021,Cornegliano Laudense,2923,0.0695
98022,Corno Giovine,1170,0.0805
98023,Cornovecchio,209,0.0809
98024,Corte Palasio,1540,0.0747
98025,Crespiatica,2257,0.0762
98026,Fombio,2328,0.0801
98027,Galgagnano,1241,0.0658
98028,Graffignana,2666,0.0778
98029,Guardamiglio,2718,0.0859
98030,Livraga,2568,0.0788
98031,Lodi,44945,0.0715
98032,Lodi Vecchio,7537,0.0682
98033,Maccastorna,69,0.0811
98034,Mairago,1402,0.0737
98035,Maleo,3155,0.0792
98036,Marudo,1655,0.0694
98037,Massalengo,4538,0.0729
98038,Meleti,462,0.0798
98039,Merlino,1777,0.0706
98040,Montanaso Lombardo,2291,0.0676
98041,Mulazzano,5758,0.0639
98042,Orio Litta,2064,0.0842
98043,Ospedaletto Lodigiano,1921,0.0798
98044,Ossago Lodigiano,1428,0.0731
98045,Pieve Fissiraga,1775,0.0707
98046,Salerano sul Lambro,2628,0.0676
98047,San Fiorano,1822,0.0825
98048,San Martino in Strada,3641,0.0718
98049,San Rocco al Porto,3536,0.09
98050,Sant'Angelo Lodigiano,13170,0.0781
98051,Santo Stefano Lodigiano,1926,0.0842
98052,Secugnago,2029,0.0747
98053,Senna Lodigiana,1911,0.0884
98054,Somaglia,3811,0.0833
98055,Sordio,3322,0.063366666666667
98056,Tavazzano con Villavesco,6130,0.0652
98057,Terranova dei Passerini,897,0.076
98058,Turano Lodigiano,1557,0.0753
98059,Valera Fratta,1685,0.0687
98060,Villanova del Sillaro,1830,0.0729
98061,Zelo Buon Persico,7240,0.0666
99001,Bellaria-Igea Marina,19519,0.1835
99002,Cattolica,17125,0.1836
99003,Coriano,10502,0.1845
99004,Gemmano,1158,0.1817
99005,Misano Adriatico,13014,0.1846
99006,Mondaino,1394,0.1857
99008,Montefiore Conca,2269,0.1854
99009,Montegridolfo,1012,0.1857
99011,Morciano di Romagna,7045,0.1849
99013,Riccione,34965,0.1839
99014,Rimini,147750,0.1848
99015,Saludecio,3120,0.1855
99016,San Clemente,5577,0.185
99017,San Giovanni in Marignano,9417,0.1848
99018,Santarcangelo di Romagna,22089,0.1871
99020,Verucchio,10078,0.1829
99021,Casteldelci,407,0.2108
99022,Maiolo,848,0.1801
99023,Novafeltria,7164,0.1899
99024,Pennabilli,2869,0.1914
99025,San Leo,2972,0.1785
99026,Sant'Agata Feltria,2151,0.1972
99027,Talamello,1104,0.1837
99028,Poggio Torriana,5135,0.1856
99029,Montescudo-Monte Colombo,6779,0.1849
100001,Cantagallo,3105,0.2008
100002,Carmignano,14450,0.1324
100003,Montemurlo,18456,0.1811
100004,Poggio a Caiano,10007,0.1302
100005,Prato,191150,0.1649
100006,Vaiano,9895,0.1832
100007,Vernio,6060,0.2016
101001,Belvedere di Spinello,2297,0.201
101002,Caccuri,1663,0.2143
101003,Carfizzi,661,0.1897
101004,Casabona,2718,0.2004
101005,Castelsilano,1015,0.2138
101006,Cerenzia,1152,0.2113
101007,Cirò,2936,0.1876
101008,Cirò Marina,14902,0.1666
101009,Cotronei,5480,0.2432
101010,Crotone,62178,0.1835
101011,Crucoli,3115,0.1906
101012,Cutro,10541,0.1948
101013,Isola di Capo Rizzuto,17643,0.1775
101014,Melissa,3549,0.1861
101015,Mesoraca,6523,0.2291
101016,Pallagorio,1217,0.2049
101017,Petilia Policastro,9173,0.2283
101018,Roccabernarda,3393,0.207
101019,Rocca di Neto,5687,0.1914
101020,San Mauro Marchesato,2157,0.2007
101021,San Nicola dell'Alto,856,0.1904
101022,Santa Severina,2131,0.2043
101023,Savelli,1271,0.2193
101024,Scandale,3169,0.1916
101025,Strongoli,6571,0.1825
101026,Umbriatico,863,0.2017
101027,Verzino,1851,0.2081
102001,Acquaro,2484,0.265
102002,Arena,1456,0.2595
102003,Briatico,4053,0.2579
102004,Brognaturo,735,0.2291
102005,Capistrano,1042,0.2649
102006,Cessaniti,3290,0.261
102007,Dasà,1208,0.2661
102008,Dinami,2168,0.2695
102009,Drapia,2085,0.2415
102010,Fabrizia,2195,0.2326
102011,Filadelfia,5384,0.2691
102012,Filandari,1853,0.2673
102013,Filogaso,1417,0.2695
102014,Francavilla Angitola,1939,0.2703
102015,Francica,1651,0.2698
102016,Gerocarne,2248,0.2681
102017,Ionadi,4238,0.268
102018,Joppolo,1926,0.2447
102019,Limbadi,3695,0.2669
102020,Maierato,2188,0.2705
102021,Mileto,6763,0.2696
102022,Mongiana,740,0.2219
102023,Monterosso Calabro,1729,0.2698
102024,Nardodipace,1305,0.2154
102025,Nicotera,6290,0.2639
102026,Parghelia,1300,0.2365
102027,Pizzo,9278,0.2699
102028,Pizzoni,1143,0.2654
102029,Polia,1023,0.2692
102030,Ricadi,4900,0.2109
102031,Rombiolo,4569,0.2657
102032,San Calogero,4315,0.2691
102033,San Costantino Calabro,2239,0.2692
102034,San Gregorio d'Ippona,2527,0.2694
102035,San Nicola da Crissa,1335,0.2647
102036,Sant'Onofrio,3067,0.2695
102037,Serra San Bruno,6734,0.246
102038,Simbario,966,0.2464
102039,Sorianello,1176,0.2595
102040,Soriano Calabro,2421,0.2687
102041,Spadola,825,0.2254
102042,Spilinga,1464,0.2491
102043,Stefanaconi,2494,0.2698
102044,Tropea,6441,0.208
102045,Vallelonga,706,0.26
102046,Vazzano,1067,0.2683
102047,Vibo Valentia,33941,0.269
102048,Zaccanopoli,752,0.24864
102049,Zambrone,1775,0.2461
102050,Zungri,1976,0.2612
103001,Antrona Schieranco,428,0.1151
103002,Anzola d'Ossola,427,0.0554
103003,Arizzano,1993,0.0455
103004,Arola,243,0.046333333333333
103005,Aurano,111,0.0481
103006,Baceno,918,0.1417
103007,Bannio Anzino,475,0.0708
103008,Baveno,4959,0.0466
103009,Bee,728,0.044366666666667
103010,Belgirate,542,0.0405
103011,Beura-Cardezza,1485,0.0677
103012,Bognanco,219,0.1069
103013,Brovello-Carpugnino,701,0.0412
103014,Calasca-Castiglione,649,0.081
103015,Cambiasca,1664,0.0464
103016,Cannero Riviera,969,0.0439
103017,Cannobio,5182,0.0468
103018,Caprezzo,174,0.047425
103019,Casale Corte Cerro,3461,0.05
103020,Cavaglio-Spoccia,267,0.0481
103021,Ceppo Morelli,321,0.093
103022,Cesara,603,0.0472
103023,Cossogno,644,0.0537
103024,Craveggia,745,0.0597
103025,Crevoladossola,4655,0.0907
103026,Crodo,1404,0.1365
103027,Cursolo-Orasso,94,0.0531
103028,Domodossola,18192,0.0956
103029,Druogno,1027,0.0672
103030,Falmenta,137,0.0491
103031,Formazza,445,0.1182
103032,Germagno,197,0.04935
103033,Ghiffa,2413,0.0435
103034,Gignese,966,0.0436
103035,Gravellona Toce,7777,0.05
103036,Gurro,217,0.0515
103037,Intragna,106,0.0472
103038,Loreglia,246,0.0512
103039,Macugnaga,557,0.0998
103040,Madonna del Sasso,399,0.0449
103041,Malesco,1434,0.0568
103042,Masera,1529,0.0738
103043,Massiola,127,0.0537
103044,Mergozzo,2185,0.0538
103045,Miazzina,361,0.0508
103046,Montecrestese,1266,0.0845
103047,Montescheno,413,0.0843
103048,Nonio,876,0.0462
103049,Oggebbio,867,0.0449
103050,Omegna,15398,0.0476
103051,Ornavasso,3439,0.0539
103052,Pallanzeno,1133,0.0701
103053,Piedimulera,1528,0.0672
103054,Pieve Vergonte,2593,0.0645
103055,Premeno,733,0.0443
103056,Premia,564,0.1171
103057,Premosello-Chiovenda,2035,0.0603
103058,Quarna Sopra,259,0.0486
103059,Quarna Sotto,388,0.0508
103060,Re,772,0.0562
103061,San Bernardino Verbano,1341,0.0552
103062,Santa Maria Maggiore,1266,0.0688
103064,Stresa,4994,0.0455
103065,Toceno,770,0.0626
103066,Trarego Viggiona,402,0.0457
103067,Trasquera,194,0.1377
103068,Trontano,1660,0.0706
103069,Valstrona,1253,0.0594
103070,Vanzone con San Carlo,407,0.0769
103071,Varzo,2046,0.1565
103072,Verbania,30961,0.0477
103074,Vignone,1210,0.0453
103075,Villadossola,6653,0.0768
103076,Villette,268,0.0549
103077,Vogogna,1731,0.0625
103078,Borgomezzavalle,318,0.0795
108001,Agrate Brianza,15426,0.0684
108002,Aicurzio,2101,0.0711
108003,Albiate,6289,0.0513
108004,Arcore,17874,0.0589
108005,Barlassina,6956,0.0444
108006,Bellusco,7354,0.072
108007,Bernareggio,10992,0.0665
108008,Besana in Brianza,15467,0.0529
108009,Biassono,12091,0.054
108010,Bovisio-Masciago,17017,0.0466
108011,Briosco,6010,0.0494
108012,Brugherio,34255,0.0577
108013,Burago di Molgora,4273,0.070525
108014,Camparada,2049,0.05875
108015,Carate Brianza,17884,0.0507
108016,Carnate,7280,0.06526
108017,Cavenago di Brianza,7261,0.073
108018,Ceriano Laghetto,6516,0.0423
108019,Cesano Maderno,38391,0.0462
108020,Cogliate,8527,0.0432
108021,Concorezzo,15631,0.0601
108022,Correzzana,2941,0.05505
108023,Desio,41865,0.0501
108024,Giussano,25529,0.0482
108025,Lazzate,7804,0.0418
108026,Lesmo,8505,0.0563
108027,Limbiate,35279,0.0454
108028,Lissone,44923,0.0522
108029,Macherio,7449,0.05356
108030,Meda,23351,0.0459
108031,Mezzago,4408,0.0769
108032,Misinto,5515,0.04222
108033,Monza,122671,0.0574
108034,Muggiò,23403,0.0508
108035,Nova Milanese,23292,0.0486
108036,Ornago,4931,0.0727
108037,Renate,4129,0.0514
108038,Ronco Briantino,3456,0.0654
108039,Seregno,44651,0.0493
108040,Seveso,23431,0.0458
108041,Sovico,8393,0.0518
108042,Sulbiate,4186,0.073085714285714
108043,Triuggio,8852,0.0535
108044,Usmate Velate,10205,0.0623
108045,Varedo,13256,0.0469
108046,Vedano al Lambro,7587,0.054533333333333
108047,Veduggio con Colzano,4396,0.0506
108048,Verano Brianza,9221,0.0488
108049,Villasanta,13894,0.0572
108050,Vimercate,25938,0.068
108051,Busnago,6750,0.0805
108052,Caponago,5245,0.0642
108053,Cornate d'Adda,10648,0.0826
108054,Lentate sul Seveso,15897,0.0441
108055,Roncello,4431,0.0776
109001,Altidona,3390,0.1821
109002,Amandola,3629,0.1911
109003,Belmonte Piceno,646,0.1752
109004,Campofilone,1916,0.1822
109005,Falerone,3337,0.1756
109006,Fermo,37655,0.183
109007,Francavilla d'Ete,964,0.1772
109008,Grottazzolina,3398,0.1762
109009,Lapedona,1166,0.1829
109010,Magliano di Tenna,1452,0.1776
109011,Massa Fermana,963,0.1744
109012,Monsampietro Morico,659,0.1756
109013,Montappone,1682,0.1746
109014,Montefalcone Appennino,424,0.1798
109015,Montefortino,1178,0.2273
109016,Monte Giberto,801,0.1778
109017,Montegiorgio,6851,0.1754
109018,Montegranaro,12990,0.1832
109019,Monteleone di Fermo,395,0.1754
109020,Montelparo,778,0.1765
109021,Monte Rinaldo,379,0.1757
109022,Monterubbiano,2230,0.183
109023,Monte San Pietrangeli,2458,0.1773
109024,Monte Urano,8353,0.1831
109025,Monte Vidon Combatte,433,0.1761
109026,Monte Vidon Corrado,731,0.1747
109027,Montottone,979,0.1755
109028,Moresco,598,0.1818
109029,Ortezzano,774,0.1757
109030,Pedaso,2800,0.1811
109031,Petritoli,2335,0.1777
109032,Ponzano di Fermo,1674,0.1775
109033,Porto San Giorgio,16121,0.1819
109034,Porto Sant'Elpidio,26152,0.1823
109035,Rapagnano,2145,0.1773
109036,Santa Vittoria in Matenano,1330,0.1768
109037,Sant'Elpidio a Mare,17110,0.1832
109038,Servigliano,2336,0.1757
109039,Smerillo,365,0.1787
109040,Torre San Patrizio,2048,0.1829
110001,Andria,100440,0.1912
110002,Barletta,94814,0.1761
110003,Bisceglie,55422,0.1607
110004,Canosa di Puglia,30294,0.1944
110005,Margherita di Savoia,11974,0.1362
110006,Minervino Murge,9032,0.1941
110007,San Ferdinando di Puglia,13987,0.1769
110008,Spinazzola,6621,0.1831
110009,Trani,56217,0.1769
110010,Trinitapoli,14733,0.154
111001,Arbus,6387,0.05
111002,Armungia,481,0.05
111003,Ballao,831,0.05
111004,Barrali,1124,0.05
111005,Barumini,1292,0.05
111006,Buggerru,1080,0.05
111007,Burcei,2778,0.05
111008,Calasetta,2922,0.05
111009,Carbonia,28755,0.05
111010,Carloforte,6190,0.05
111011,Castiadas,1657,0.05
111012,Collinas,857,0.05
111013,Decimoputzu,4425,0.05
111014,Dolianova,9707,0.05
111015,Domus de Maria,1691,0.05
111016,Domusnovas,6247,0.05
111017,Donori,2108,0.05
111018,Escalaplano,2201,0.05
111019,Escolca,594,0.05
111020,Esterzili,668,0.05
111021,Fluminimaggiore,2918,0.05
111022,Furtei,1658,0.05
111023,Genoni,834,0.05
111024,Genuri,336,0.05
111025,Gergei,1236,0.05
111026,Gesico,849,0.05
111027,Gesturi,1249,0.05
111028,Giba,2080,0.05
111029,Goni,492,0.05
111030,Gonnesa,5033,0.05
111031,Gonnosfanadiga,6633,0.05
111032,Guamaggiore,994,0.05
111033,Guasila,2691,0.05
111034,Guspini,11975,0.05
111035,Iglesias,27189,0.05
111036,Isili,2741,0.05
111037,Las Plassas,240,0.05
111038,Lunamatrona,1722,0.05
111039,Mandas,2201,0.05
111040,Masainas,1311,0.05
111041,Monastir,4577,0.05
111042,Muravera,5248,0.05
111043,Musei,1536,0.05
111044,Narcao,3266,0.05
111045,Nuragus,913,0.05
111046,Nurallao,1287,0.05
111047,Nuraminis,2559,0.05
111048,Nurri,2184,0.05
111049,Nuxis,1590,0.05
111050,Orroli,2298,0.05
111051,Ortacesus,956,0.05
111052,Pabillonis,2818,0.05
111053,Pauli Arbarei,630,0.05
111054,Perdaxius,1463,0.05
111055,Pimentel,1171,0.05
111056,Piscinas,869,0.05
111057,Portoscuso,5188,0.05
111058,Sadali,971,0.05
111059,Samassi,5206,0.05
111060,Samatzai,1700,0.05
111061,San Basilio,1251,0.05
111062,San Gavino Monreale,8736,0.05
111063,San Giovanni Suergiu,6103,0.05
111064,San Nicolò Gerrei,788,0.05
111065,San Sperate,8314,0.05
111066,San Vito,3710,0.05
111067,Sanluri,8532,0.05
111068,Santadi,3473,0.05
111069,Sant'Andrea Frius,1801,0.05
111070,Sant'Anna Arresi,2746,0.05
111071,Sant'Antioco,11313,0.05
111072,Sardara,4078,0.05
111073,Segariu,1203,0.05
111074,Selegas,1382,0.05
111075,Senorbì,4869,0.05
111076,Serdiana,2655,0.05
111077,Serramanna,9206,0.05
111078,Serrenti,4892,0.05
111079,Serri,660,0.05
111080,Setzu,151,0.05
111081,Seui,1310,0.05
111082,Seulo,845,0.05
111083,Siddi,655,0.05
111084,Siliqua,3888,0.05
111085,Silius,1202,0.05
111086,Siurgus Donigala,2028,0.05
111087,Soleminis,1912,0.05
111088,Suelli,1127,0.05
111089,Teulada,3643,0.05
111090,Tratalias,1080,0.05
111091,Tuili,1023,0.05
111092,Turri,431,0.05
111093,Ussana,4208,0.05
111094,Ussaramanna,545,0.05
111095,Vallermosa,1924,0.05
111096,Villacidro,14099,0.05
111097,Villamar,2756,0.05
111098,Villamassargia,3616,0.05
111099,Villanova Tulo,1108,0.05
111100,Villanovaforru,638,0.05
111101,Villanovafranca,1372,0.05
111102,Villaperuccio,1094,0.05
111103,Villaputzu,4798,0.05
111104,Villasalto,1062,0.05
111105,Villasimius,3663,0.05
111106,Villasor,6945,0.05
111107,Villaspeciosa,2516,0.05
