procom,dzcom,pop_2018,var_perc,ivsm,agmax_50,e31_pct,a7,a7_pct,persone_per_abitazione,erecq_txt
069001,Altino,3104,9.142053445850914,98.36733903419044,0.155,1.281,261,18.419,2.191,entro il 1980
069002,Archi,2136,-6.315789473684211,98.01829439441585,0.1368,3.66,477,33.83,1.515,entro il 1960
069003,Ari,1148,-1.119724375538329,101.3924490890255,0.1508,0.563,172,27.564,1.84,entro il 1980
069004,Arielli,1129,-1.138353765323993,100.33622525190482,0.146,4.507,64,12.598,2.222,entro il 1990
069005,Atessa,10580,-1.736788334726479,97.98170340827868,0.138,3.105,1044,20.339,2.061,entro il 1980
069006,Bomba,785,-11.5990990990991,97.4012284372985,0.1375,1.49,447,53.986,0.948,entro il 1918
069007,Borrello,335,-9.703504043126685,100.90621344641904,0.1865,1.377,780,80.997,0.348,entro il 1970
069008,Bucchianico,5126,-1.9135093761959432,99.74264677518836,0.1718,0.367,562,23.417,2.136,entro il 1980
069010,Canosa Sannita,1345,-6.597222222222222,100.43142606304562,0.1422,0.68,69,11.275,2.198,entro il 1980
069011,Carpineto Sinello,574,-13.030303030303031,97.1721600512882,0.1175,0.0,55,15.11,1.577,entro il 1970
069012,Carunchio,640,0.1564945226917058,97.81543674176274,0.138,0.248,988,77.612,0.503,entro il 1970
069013,Casacanditella,1262,-6.171003717472119,100.06921346023695,0.1661,0.172,225,30.529,1.712,entro il 1980
069014,Casalanguida,889,-11.45418326693227,98.38132290325557,0.1061,0.0,110,19.856,1.605,entro il 1970
069015,Casalbordino,6090,-3.164255048497376,98.93226133269538,0.1005,1.139,1528,37.626,1.5,entro il 1980
069016,Casalincontrada,3047,-3.2391235312797715,97.94949420924685,0.1748,0.525,106,8.275,2.379,entro il 1990
069017,Casoli,5585,-4.52991452991453,98.95132398470751,0.1692,2.93,657,22.211,1.888,entro il 1980
069018,Castel Frentano,4385,1.59870250231696,98.67279272251824,0.1379,5.501,1119,39.879,1.563,entro il 1980
069019,Castelguidone,363,-12.530120481927712,96.6639754310717,0.1737,13.274,554,74.966,0.491,entro il 1970
069020,Castiglione Messer Marino,1712,-9.370037056643726,100.38370002004127,0.1574,0.476,3489,81.064,0.398,entro il 1980
069021,Celenza sul Trigno,904,-6.707946336429309,96.8230821100006,0.1451,0.375,419,50.421,1.088,entro il 1990
069022,Chieti,50770,-1.273699562469616,99.56653951057147,0.1702,0.838,3832,15.727,2.084,entro il 1980
069023,Civitaluparella,327,-6.303724928366762,97.39964014621289,0.1869,0.938,169,49.853,0.965,entro il 1970
069024,Civitella Messer Raimondo,818,-4.994192799070848,97.75464654540305,0.1811,0.0,212,35.75,1.379,entro il 1980
069025,Colledimacine,188,-17.903930131004365,98.68916886453195,0.1962,6.271,669,83.002,0.233,entro il 1960
069026,Colledimezzo,482,-8.712121212121213,102.45456674557587,0.1389,4.114,219,48.451,1.066,entro il 1945
069027,Crecchio,2842,-3.135650988411725,100.41941606823497,0.1332,1.662,262,19.48,2.113,entro il 1980
069028,Cupello,4832,-0.7599096323680428,99.40033705385665,0.1067,0.0,332,15.139,2.203,entro il 1990
069029,Dogliola,346,-11.282051282051283,95.95326057449279,0.1191,0.0,112,41.328,1.277,entro il 1970
069104,Fallo,138,-4.827586206896552,105.47736797989795,0.1537,0.935,141,64.384,0.63,entro il 1945
069030,Fara Filiorum Petri,1986,1.1716760061130922,98.67241506991607,0.1738,0.448,244,25.026,2.037,entro il 1980
069031,Fara San Martino,1379,-9.63302752293578,97.92026036343209,0.2011,5.994,367,36.517,1.372,entro il 1960
069032,Filetto,918,-10.526315789473683,98.76143224368113,0.1632,0.795,124,21.793,1.613,entro il 1980
069033,Fossacesia,6358,1.4358647096362476,98.23560230657937,0.1077,4.305,892,27.497,1.96,entro il 1990
069034,Fraine,318,-19.083969465648856,98.9243034290349,0.1404,1.829,155,44.16,0.906,entro il 1970
069035,Francavilla al Mare,25663,7.89573260458272,99.41595279307992,0.1327,0.632,4865,33.621,1.774,entro il 1990
069036,Fresagrandinaria,946,-10.076045627376425,100.6568974222886,0.1146,11.242,343,43.583,1.202,entro il 1980
069037,Frisa,1737,-7.557211282597126,100.03124791112285,0.119,1.244,162,19.104,2.048,entro il 1990
069038,Furci,926,-15.045871559633028,99.24995196955237,0.1069,2.284,869,63.897,0.681,entro il 1980
069039,Gamberale,300,-8.536585365853659,96.99749118862404,0.2415,1.412,709,82.634,0.35,entro il 1970
069040,Gessopalena,1360,-12.144702842377262,98.17054675786895,0.1715,5.597,737,52.418,0.967,entro il 1980
069041,Gissi,2706,-7.865168539325842,98.20251997097404,0.1071,1.314,439,26.768,1.65,entro il 1980
069042,Giuliano Teatino,1220,-3.0976965845909454,99.55683937913406,0.1343,0.433,151,23.231,1.877,entro il 1980
069043,Guardiagrele,8966,-4.035106496842556,98.7675633813839,0.18,1.006,571,13.579,2.132,entro il 1970
069044,Guilmi,412,-3.9627039627039626,99.16731414297669,0.1148,1.205,204,50.246,1.015,entro il 1945
069045,Lama dei Peligni,1200,-12.023460410557185,98.45757051973885,0.1963,1.44,539,46.266,1.03,entro il 1980
069046,Lanciano,35002,-2.403524425607852,99.9742633711329,0.1314,3.431,3065,18.271,2.087,entro il 1990
069047,Lentella,714,-2.191780821917808,97.78748535979898,0.1104,0.0,98,23.729,1.729,entro il 1990
069048,Lettopalena,339,-6.868131868131869,99.29444101218047,0.2174,0.893,195,53.867,0.936,entro il 1960
069049,Liscia,700,-1.9607843137254901,97.147980368178,0.1217,8.966,107,25.598,1.675,entro il 1970
069050,Miglianico,4754,-1.4102032351721276,100.61458494634033,0.1392,0.431,432,20.037,2.205,entro il 1990
069051,Montazzoli,930,-9.70873786407767,96.7686147935759,0.1417,0.0,273,39.508,1.346,entro il 1960
069009,Montebello sul Sangro,88,-10.204081632653061,102.12785251804758,0.1483,0.0,113,66.082,0.515,entro il 1980
069052,Monteferrante,123,-11.510791366906476,98.86275489240107,0.147,5.217,165,67.901,0.506,entro il 1970
069053,Montelapiano,79,-2.4691358024691357,93.91219989399956,0.1594,0.0,467,90.68,0.153,entro il 1918
069054,Montenerodomo,656,-10.626702997275205,99.29380228823179,0.2023,0.0,196,41.004,1.372,entro il 1980
069055,Monteodorisio,2474,-3.4724931720639876,99.58935060325987,0.091,0.663,1000,52.438,1.297,entro il 1980
069056,Mozzagrogna,2444,6.585259485390319,97.02902540810962,0.1101,3.264,349,29.181,2.043,entro il 1990
069057,Orsogna,3821,-4.7369733233607585,99.45414415943635,0.1595,2.944,384,19.552,1.946,entro il 1980
069058,Ortona,23111,-1.2561418500320445,99.15095128274682,0.1146,3.069,1938,17.529,2.09,entro il 1990
069059,Paglieta,4308,-3.1257027209354624,98.04392046420458,0.1038,0.142,385,18.836,2.108,entro il 1980
069060,Palena,1332,-5.330490405117271,99.15032473463913,0.2546,0.195,887,58.976,0.886,entro il 1970
069061,Palmoli,922,-5.918367346938775,97.60447593807643,0.1252,0.0,334,43.433,1.199,entro il 1960
069062,Palombaro,1001,-9.08265213442325,97.92454606098843,0.1761,0.185,660,57.692,0.875,entro il 1960
069063,Pennadomo,251,-18.241042345276874,100.52609866105685,0.1579,0.0,298,65.639,0.553,entro il 1960
069064,Pennapiedimonte,445,-13.592233009708737,100.95257269854744,0.1908,0.462,309,57.328,0.826,entro il 1945
069065,Perano,1592,-4.21179302045728,99.42719055527891,0.1358,0.375,157,19.503,1.978,entro il 1970
069103,Pietraferrazzana,133,6.4,93.5484355843005,0.1481,0.0,95,61.688,0.864,entro il 1945
069066,Pizzoferrato,1062,-5.347593582887701,97.54629336511616,0.2265,1.117,1777,77.395,0.463,entro il 1980
069067,Poggiofiorito,861,-8.30670926517572,100.0833362647728,0.1369,3.039,126,26.471,1.809,entro il 1980
069068,Pollutri,2188,-4.993486756404689,99.3867690839092,0.0941,0.646,281,23.773,1.851,entro il 1980
069069,Pretoro,965,-2.2289766970618032,98.8220008158649,0.1834,0.739,448,53.911,1.161,entro il 1980
069070,Quadri,778,-9.429569266589057,99.95517009550944,0.1927,0.0,199,35.536,1.389,entro il 1980
069071,Rapino,1275,-5.625462620281273,98.37447118004236,0.1785,0.731,1255,69.839,0.71,entro il 1970
069072,Ripa Teatina,4050,-3.4104459813975674,100.32988325810662,0.1442,1.484,163,9.825,2.441,entro il 1990
069074,Rocca San Giovanni,2333,-0.5965061780997017,98.91315368318568,0.1019,0.553,434,32.22,1.732,entro il 1980
069073,Roccamontepiano,1671,-7.063403781979978,99.92008024850324,0.1784,1.722,337,33.466,1.659,entro il 1980
069075,Roccascalegna,1172,-8.651597817614965,101.03543635320331,0.1558,2.976,291,35.273,1.421,entro il 1970
069076,Roccaspinalveti,1275,-10.526315789473683,99.62513403747174,0.1387,2.435,208,25.968,1.592,entro il 1980
069077,Roio del Sangro,101,-0.9803921568627451,100.72652456032223,0.1544,0.0,226,76.61,0.342,entro il 1960
069078,Rosello,226,-11.71875,94.40306918219635,0.1694,0.0,306,67.55,0.499,entro il 1970
069079,San Buono,928,-8.751229105211406,97.68812062747179,0.1176,2.102,577,56.128,0.903,entro il 1970
069080,San Giovanni Lipioni,164,-22.641509433962266,103.20677890471742,0.1544,0.391,202,64.127,0.521,entro il 1960
069081,San Giovanni Teatino,14380,12.81085745665647,98.84990429325097,0.1532,0.586,810,14.183,2.518,entro il 1990
069082,San Martino sulla Marrucina,920,-4.46521287642783,98.7495856682334,0.1682,2.638,158,29.588,1.723,entro il 1990
069083,San Salvo,20184,6.776702110776068,98.1157412145779,0.103,1.142,5309,43.488,1.653,entro il 1990
069086,San Vito Chietino,5270,0.8226516166060839,98.89421907258955,0.1064,1.71,970,31.514,1.712,entro il 1980
069084,Santa Maria Imbaro,2013,10.422380691168403,98.72039550217957,0.1072,0.0,88,11.702,2.677,entro il 1990
069085,Sant'Eusanio del Sangro,2471,1.063394683026585,99.82666576479794,0.1497,0.0,207,17.221,2.056,entro il 1990
069087,Scerni,3227,-4.8924255820807545,98.58240096577741,0.0996,0.788,319,18.943,1.916,entro il 1980
069088,Schiavi di Abruzzo,815,-12.081984897518879,102.12720243314614,0.1944,0.784,1381,70.28,0.415,entro il 1970
069089,Taranta Peligna,353,-10.85858585858586,98.79261440150303,0.2059,0.962,188,47.716,0.896,entro il 1970
069090,Tollo,4091,0.39263803680981596,99.96230514761878,0.1214,0.99,335,18.549,2.265,entro il 1980
069091,Torino di Sangro,3049,0.5938634114153745,98.58283752907043,0.0943,0.065,971,44.747,1.405,entro il 1980
069092,Tornareccio,1784,-6.8893528183716075,98.43950840114223,0.1292,1.942,415,34.962,1.503,entro il 1980
069093,Torrebruna,801,-12.36323851203501,100.31561065741536,0.1535,0.0,152,26.027,1.372,entro il 1970
069094,Torrevecchia Teatina,4206,2.8613352898019073,98.82707640449976,0.1364,0.815,326,18.071,2.331,entro il 1990
069095,Torricella Peligna,1292,-7.0503597122302155,99.52674576187378,0.1821,2.402,688,51.768,0.972,entro il 1960
069096,Treglio,1669,6.102987921169739,99.09031453546281,0.1053,0.395,56,8.589,2.56,entro il 2000
069097,Tufillo,390,-16.129032258064516,97.7823141374327,0.1306,5.839,181,46.41,1.0,entro il 1945
069098,Vacri,1631,-3.548196333530455,103.32077444897631,0.1579,0.0,177,22.405,2.065,entro il 1980
069099,Vasto,41433,6.808104763868839,98.7519436798209,0.1008,0.381,2702,15.282,2.343,entro il 1990
069102,Villa Santa Maria,1338,-7.018763029881862,99.48475013991481,0.1584,2.788,507,44.241,1.168,entro il 1970
069100,Villalfonsina,952,-2.9561671763506627,98.93820999788335,0.0914,0.0,179,30.494,1.622,entro il 1980
069101,Villamagna,2306,-5.141916906622789,102.7612051775781,0.1516,4.521,180,17.094,2.19,entro il 1980
066001,Acciano,315,-8.16326530612245,98.3856791312198,0.2596,0.602,422,69.294,0.517,entro il 1960
066002,Aielli,1465,0.8258774948382657,98.20966368365723,0.2604,2.629,441,42.282,1.405,entro il 1970
066003,Alfedena,884,13.624678663239074,100.45096437723741,0.2688,0.1,1873,83.691,0.395,entro il 1990
066004,Anversa degli Abruzzi,317,-11.699164345403899,101.28461982447679,0.2616,0.0,331,64.023,0.613,entro il 1918
066005,Ateleta,1156,0.3472222222222222,101.30455087319712,0.2566,0.0,440,47.722,1.254,entro il 1970
066006,Avezzano,42492,4.029770356950497,99.83702316289069,0.255,0.763,4374,21.904,2.128,entro il 1990
066007,Balsorano,3455,-5.3165250753631135,101.20778071153251,0.2485,0.869,591,30.495,1.783,entro il 1980
066008,Barete,683,0.7374631268436578,100.03452227501946,0.2606,0.182,535,63.09,0.805,entro il 1970
066009,Barisciano,1764,-4.700162074554295,98.2052153106882,0.2609,0.0,308,33.083,1.895,entro il 1990
066010,Barrea,706,-2.7548209366391188,97.17055914817449,0.266,0.0,831,72.387,0.615,entro il 1970
066011,Bisegna,216,-15.953307392996107,102.26780981249517,0.2625,1.299,434,74.061,0.369,entro il 1945
066012,Bugnara,1106,-0.45004500450045004,97.4447918687932,0.2608,1.434,159,25.77,1.793,entro il 1980
066013,Cagnano Amiterno,1262,-8.218181818181817,100.96894853907554,0.2602,2.667,728,53.49,0.927,entro il 1970
066014,Calascio,134,-2.18978102189781,101.75305112807752,0.2538,0.0,343,82.254,0.321,entro il 1918
066015,Campo di Giove,795,-6.028368794326241,97.53776870718077,0.2504,0.156,2715,87.299,0.256,entro il 1980
066016,Campotosto,524,-10.120068610634648,99.63834436959891,0.2599,0.131,553,63.857,0.605,entro il 1970
066017,Canistro,991,-3.0332681017612524,100.098263840485,0.2215,0.792,268,40.0,1.479,entro il 1980
066018,Cansano,244,-11.594202898550725,102.74543409916713,0.2565,2.11,233,65.634,0.687,entro il 1945
066019,Capestrano,897,1.2415349887133182,98.09701619933993,0.2534,0.593,390,46.875,1.078,entro il 1960
066020,Capistrello,5154,-3.4469838890970403,99.23596795023346,0.2353,1.708,1890,47.727,1.302,entro il 1980
066021,Capitignano,662,-1.7804154302670623,99.81054066356467,0.2605,1.259,606,65.941,0.72,entro il 1980
066022,Caporciano,215,-7.725321888412018,101.28058352882294,0.2592,0.417,196,61.635,0.676,entro il 1945
066023,Cappadocia,546,-0.9074410163339384,96.6526511636635,0.1968,0.372,3689,91.675,0.136,entro il 1970
066024,Carapelle Calvisio,86,1.1764705882352942,93.83360320515625,0.2562,0.0,22,41.509,1.623,entro il 1918
066025,Carsoli,5314,-1.9014214509876317,100.2592144586894,0.1943,1.288,1618,41.712,1.37,entro il 1970
066026,Castel del Monte,437,-0.228310502283105,97.84105208052728,0.2488,0.112,793,76.841,0.423,entro il 1960
066027,Castel di Ieri,310,-5.487804878048781,100.0201686561516,0.2609,0.0,653,81.118,0.385,entro il 1970
066028,Castel di Sangro,6705,12.04879679144385,100.1968848970554,0.2708,0.972,1773,41.013,1.551,entro il 2000
066029,Castellafiume,1092,-0.6369426751592357,102.34463113221723,0.2043,0.686,430,50.827,1.291,entro il 1970
066030,Castelvecchio Calvisio,143,-10.062893081761008,94.95403914553535,0.2567,4.587,138,62.727,0.65,entro il 1918
066031,Castelvecchio Subequo,919,-12.808349146110057,98.6011254364776,0.2608,1.406,247,33.469,1.245,entro il 1980
066032,Celano,10885,0.6938020351526364,98.938318305726,0.2609,0.937,1087,21.099,2.113,entro il 1980
066033,Cerchio,1569,-5.310802655401328,98.92444409934089,0.2601,0.407,236,26.339,1.751,entro il 1980
066034,Civita d'Antino,1013,1.9114688128772637,99.24069469119719,0.2233,1.848,379,48.158,1.287,entro il 1970
066035,Civitella Alfedena,280,-6.666666666666667,95.2436109307049,0.264,0.431,388,73.905,0.533,entro il 1980
066036,Civitella Roveto,3166,-5.96970596970597,98.9508650166759,0.2246,1.802,555,30.629,1.747,entro il 1980
066037,Cocullo,219,-16.730038022813687,98.47112274052323,0.2612,1.435,354,69.141,0.428,entro il 1945
066038,Collarmele,867,-8.447729672650475,99.50973963828538,0.2608,0.504,248,38.994,1.363,entro il 1990
066039,Collelongo,1190,-9.229595728451564,100.95015654654351,0.2537,0.136,302,36.038,1.42,entro il 1945
066040,Collepietro,229,1.3274336283185841,101.33068200354634,0.2555,0.0,137,53.937,0.902,entro il 1945
066041,Corfinio,1036,-3.985171455050973,99.24016534623753,0.258,0.0,227,34.498,1.574,entro il 1990
066042,Fagnano Alto,416,-5.454545454545454,98.92969430435284,0.2607,0.0,141,46.844,1.382,entro il 1970
066043,Fontecchio,341,-17.0316301703163,100.9545337382496,0.2606,0.0,150,46.584,1.059,entro il 1990
066044,Fossa,705,1.585014409221902,95.5083835207982,0.261,0.0,71,25.357,2.518,dopo il 2005
066045,Gagliano Aterno,257,0.7843137254901961,99.13637784858545,0.2609,28.804,756,86.203,0.293,entro il 1918
066046,Gioia dei Marsi,1815,-13.653663177925784,100.83531882773715,0.262,1.399,537,37.897,1.281,entro il 1970
066047,Goriano Sicoli,528,-11.557788944723619,98.31813505042128,0.2608,0.545,379,59.404,0.828,entro il 1960
066048,Introdacqua,2101,-1.454033771106942,97.73916826423307,0.261,0.303,438,34.434,1.652,entro il 1980
066049,L'Aquila,69439,3.7874598311038037,98.24380389592719,0.261,1.489,4117,13.675,2.306,entro il 1990
066050,Lecce nei Marsi,1662,-3.9861351819757362,103.18883706657984,0.2602,0.152,577,45.008,1.296,entro il 1980
066051,Luco dei Marsi,6065,3.1813542021095613,100.39769463168611,0.2488,3.712,674,24.175,2.175,entro il 1980
066052,Lucoli,967,-5.288932419196866,97.5889828262344,0.2601,0.322,1693,77.625,0.443,entro il 1970
066053,Magliano de' Marsi,3626,-2.9702970297029703,100.74053044308008,0.2536,0.529,1047,41.897,1.451,entro il 1980
066054,Massa d'Albe,1461,-2.6,99.46160491266842,0.2578,0.105,686,52.167,1.111,entro il 1980
066055,Molina Aterno,379,-9.761904761904763,94.70007931479023,0.2598,0.389,139,40.762,1.111,entro il 1970
066056,Montereale,2483,-11.542572141075881,99.1077601521174,0.2605,0.823,2429,66.421,0.679,entro il 1980
066057,Morino,1417,-5.4072096128170895,98.07125758327682,0.2131,3.019,704,53.823,1.083,entro il 1980
066058,Navelli,541,-3.2200357781753133,98.66587006545208,0.2581,0.0,500,67.204,0.727,entro il 1945
066059,Ocre,1159,4.226618705035971,96.63563787562026,0.261,0.247,204,32.33,1.837,entro il 2000
066060,Ofena,471,-10.62618595825427,96.36317746097528,0.2515,0.0,541,69.716,0.607,entro il 1945
066061,Opi,406,-5.5813953488372094,98.40643059577556,0.2628,1.508,213,52.334,0.998,entro il 1970
066062,Oricola,1251,8.782608695652174,98.09449796607537,0.1642,0.0,370,44.365,1.5,entro il 1990
066063,Ortona dei Marsi,496,-15.646258503401361,100.28550726855747,0.262,0.564,660,65.737,0.494,entro il 1945
066064,Ortucchio,1796,-3.492745835572273,100.5916720156078,0.2592,0.0,448,36.782,1.475,entro il 1980
066065,Ovindoli,1203,1.3479359730412805,98.27498908804242,0.2601,3.069,2372,80.407,0.408,entro il 1980
066066,Pacentro,1140,-4.920767306088407,97.98101035781227,0.2541,3.518,353,41.825,1.351,entro il 1945
066067,Pereto,669,-9.472259810554803,99.34447610597728,0.1776,0.0,593,63.152,0.712,entro il 1980
066068,Pescasseroli,2203,-0.6762849413886384,100.99090602118284,0.2623,0.0,2237,72.465,0.714,entro il 1980
066069,Pescina,4054,-5.058548009367682,99.51556213776779,0.2609,0.356,752,29.865,1.61,entro il 1980
066070,Pescocostanzo,1090,-5.052264808362369,99.79104273342844,0.2603,0.281,2291,80.556,0.383,entro il 1980
066071,Pettorano sul Gizio,1414,3.287070854638422,98.2637799362642,0.2614,5.598,1668,75.169,0.637,entro il 1980
066072,Pizzoli,4611,21.919619249074564,98.72720087222713,0.2606,0.845,1438,48.239,1.547,entro il 1990
066073,Poggio Picenze,1105,3.367633302151544,100.64510335615581,0.2606,0.0,108,21.951,2.246,dopo il 2005
066074,Prata d'Ansidonia,486,-2.4096385542168677,95.27997729471926,0.2598,0.0,87,27.019,1.509,entro il 1960
066075,Pratola Peligna,7528,-4.089692954516499,99.24778048580181,0.2575,4.592,1292,29.667,1.729,entro il 1970
066076,Prezza,947,-6.144697720515362,99.80073680980298,0.2604,0.165,381,48.045,1.194,entro il 1970
066077,Raiano,2767,-1.7400568181818181,99.13207986341443,0.2597,0.785,593,34.417,1.606,entro il 1990
066078,Rivisondoli,688,4.242424242424243,99.8664042343252,0.2621,0.427,3044,90.353,0.204,entro il 1970
066080,Rocca di Botte,842,1.6908212560386473,97.87721405585549,0.1684,1.685,600,58.48,0.821,entro il 1980
066081,Rocca di Cambio,512,2.19560878243513,97.2043815681532,0.2607,0.0,1045,78.808,0.386,entro il 1990
066082,Rocca di Mezzo,1474,0.8207934336525308,96.7575463682911,0.2609,0.0,3806,82.811,0.321,entro il 1970
066083,Rocca Pia,176,3.5294117647058822,98.97598522327792,0.2623,1.036,408,82.927,0.358,entro il 1918
066079,Roccacasale,671,-7.192254495159059,98.81258060790753,0.255,0.606,235,43.68,1.247,entro il 1980
066084,Roccaraso,1702,4.353157572041693,101.16373970066803,0.263,0.0,4452,86.262,0.33,entro il 1980
066085,San Benedetto dei Marsi,3907,0.05121638924455826,101.15330860685351,0.2597,1.394,224,13.046,2.275,entro il 1980
066086,San Benedetto in Perillis,103,-18.89763779527559,99.5544211463217,0.2584,0.709,99,58.235,0.606,entro il 1960
066087,San Demetrio ne' Vestini,1909,4.203056768558952,100.65379395940779,0.2606,0.0,167,19.351,2.212,dopo il 2005
066088,San Pio delle Camere,681,6.907378335949764,99.57846145198518,0.2587,0.0,322,58.867,1.245,dopo il 2005
066092,San Vincenzo Valle Roveto,2299,-5.156765676567657,100.02994717263758,0.2368,7.949,1099,51.62,1.08,entro il 1980
066089,Sante Marie,1159,-2.1114864864864864,99.18297148060223,0.2201,0.397,1224,66.45,0.629,entro il 1970
066090,Sant'Eusanio Forconese,394,-5.966587112171838,100.664813125382,0.261,0.0,54,25.0,1.824,dopo il 2005
066091,Santo Stefano di Sessanio,110,0.9174311926605505,93.86841580097027,0.2571,0.0,141,67.788,0.529,entro il 1945
066093,Scanno,1780,-8.057851239669422,98.61416856622975,0.2628,0.0,1184,56.408,0.848,entro il 1970
066094,Scontrone,582,-0.8517887563884157,101.458661139753,0.2676,0.549,230,48.421,1.225,entro il 1990
066095,Scoppito,3805,15.268100575583157,96.30354038362054,0.2591,0.354,425,25.556,2.288,entro il 2000
066096,Scurcola Marsicana,2794,1.0488245931283906,99.33278848349902,0.2417,0.264,491,30.919,1.759,entro il 1990
066097,Secinaro,352,-7.611548556430446,98.32711407977389,0.2607,0.341,493,73.145,0.522,entro il 1945
066098,Sulmona,24173,-0.14458030403172506,99.19444447334058,0.2574,0.659,2240,19.132,2.065,entro il 1980
066099,Tagliacozzo,6755,-2.7777777777777777,99.35470453406433,0.2332,1.451,5132,63.601,0.837,entro il 1970
066100,Tione degli Abruzzi,287,-11.419753086419753,94.71976844628252,0.2606,0.0,465,72.77,0.449,entro il 1945
066101,Tornimparte,3152,2.0064724919093853,98.04390389169203,0.2577,0.602,1105,46.429,1.324,entro il 1980
066102,Trasacco,6198,0.7149821254468639,101.52557847239974,0.2555,0.876,682,22.978,2.088,entro il 1980
066104,Villa Santa Lucia degli Abruzzi,107,-23.021582733812952,101.71474131599336,0.2411,0.503,167,66.008,0.423,entro il 1945
066105,Villa Sant'Angelo,428,0.234192037470726,99.85989631499473,0.2609,0.0,52,23.009,1.894,dopo il 2005
066103,Villalago,551,-6.132879045996593,96.72501693162259,0.2624,1.757,444,60.573,0.752,entro il 1970
066106,Villavallelonga,879,-5.787781350482315,99.82755491351679,0.2584,2.452,586,61.684,0.925,entro il 1945
066107,Villetta Barrea,642,-1.3824884792626728,96.0711191633326,0.2635,0.0,459,59.844,0.837,entro il 1980
066108,Vittorito,850,-4.921700223713646,97.97660364374181,0.2582,0.168,369,49.004,1.129,entro il 1980
068001,Abbateggio,371,-15.296803652968036,101.75446281058494,0.198,5.329,205,54.377,0.984,entro il 1970
068002,Alanno,3466,-3.69547096415671,99.39552851309499,0.1942,2.014,580,30.193,1.804,entro il 1980
068003,Bolognano,1095,-5.358686257562662,98.6811755198186,0.239,2.935,234,33.004,1.544,entro il 1970
068004,Brittoli,272,-18.31831831831832,98.34175992207093,0.2325,0.268,247,60.391,0.665,entro il 1960
068005,Bussi sul Tirino,2447,-7.099468488990129,98.81568561979847,0.253,0.662,120,9.926,2.024,entro il 1980
068006,Cappelle sul Tavo,4016,1.8772196854388634,103.28100534866931,0.1629,1.297,115,7.85,2.741,entro il 1990
068007,Caramanico Terme,1872,-6.726457399103139,99.36897805841075,0.2422,3.723,962,53.894,1.049,entro il 1960
068008,Carpineto della Nora,623,-8.784773060029282,100.03674874853321,0.2196,12.913,110,28.133,1.593,entro il 1960
068009,Castiglione a Casauria,802,-8.342857142857143,99.65067346612403,0.2423,3.052,316,48.69,1.236,entro il 1960
068010,Catignano,1337,-7.538035961272476,99.71368907735561,0.1865,6.59,267,32.403,1.623,entro il 1980
068011,Cepagatti,11014,5.57898773006135,100.3403011719727,0.1752,0.83,469,11.315,2.657,entro il 1990
068012,Città Sant'Angelo,15034,4.373785059705638,100.23478229180515,0.174,0.842,837,14.013,2.517,entro il 2000
068013,Civitaquana,1225,-7.12661106899166,102.11498778064106,0.2023,5.23,330,39.952,1.483,entro il 1980
068014,Civitella Casanova,1759,-5.3283100107642625,100.68820964255661,0.2019,0.179,487,39.085,1.412,entro il 1960
068015,Collecorvino,6060,2.659664577333559,100.88436132439178,0.1743,2.829,764,26.835,2.129,entro il 1990
068016,Corvara,232,-16.546762589928058,100.29268125974662,0.2352,11.055,129,51.6,0.928,entro il 1980
068017,Cugnoli,1466,-7.566204287515762,100.3272428377777,0.2006,5.482,211,25.763,1.79,entro il 1980
068018,Elice,1693,-1.7411491584445733,101.76973468369901,0.1757,1.361,90,12.931,2.432,entro il 1990
068019,Farindola,1456,-9.113607990012484,100.92672897170401,0.2037,2.108,234,25.407,1.581,entro il 1970
068020,Lettomanoppello,2887,-4.403973509933775,97.10284921024294,0.1886,0.351,93,7.623,2.366,entro il 1990
068021,Loreto Aprutino,7369,-3.013951039747302,100.61080483127172,0.1836,1.739,1017,27.273,1.976,entro il 1990
068022,Manoppello,6920,-1.4245014245014245,99.31336943758508,0.1842,0.347,476,15.247,2.217,entro il 1990
068023,Montebello di Bertona,945,-7.443682664054848,99.67971191368515,0.1944,0.208,251,37.296,1.404,entro il 1980
068024,Montesilvano,54194,7.1175854367204945,100.6125433688203,0.157,0.317,5109,20.26,2.149,entro il 1990
068025,Moscufo,3168,-3.326212999694843,100.23851442987328,0.1742,2.737,317,21.862,2.185,entro il 1990
068026,Nocciano,1796,0.2232142857142857,101.03423630193726,0.1838,0.316,119,16.103,2.43,entro il 1990
068027,Penne,12113,-4.51679016238373,101.35012133015599,0.1869,2.249,521,10.276,2.389,entro il 1990
068028,Pescara,119217,2.0291665953477227,100.55647748855611,0.1496,1.031,11401,19.039,1.991,entro il 1990
068029,Pescosansonesco,497,-4.054054054054054,101.28069525985116,0.2438,0.0,124,36.364,1.457,entro il 1970
068030,Pianella,8652,2.7797576621525306,99.80890930659918,0.1788,1.88,383,11.009,2.487,entro il 1990
068031,Picciano,1346,0.44776119402985076,98.520234937444,0.1754,2.277,173,25.706,2.0,entro il 1980
068032,Pietranico,477,-6.8359375,99.08445780819689,0.2053,0.557,165,42.092,1.217,entro il 1960
068033,Popoli,5035,-7.359705611775529,98.82501368050163,0.2574,0.514,196,7.977,2.049,entro il 1980
068034,Roccamorice,930,-6.532663316582915,100.05484441043332,0.193,0.0,305,44.526,1.358,entro il 1970
068035,Rosciano,3949,7.164179104477612,100.66614849068553,0.1828,1.388,420,24.75,2.327,entro il 1990
068036,Salle,291,-8.201892744479496,98.88158042413886,0.2479,1.058,193,55.942,0.843,entro il 1960
068038,San Valentino in Abruzzo Citeriore,1911,-1.444043321299639,98.68678932595388,0.2066,0.0,318,30.171,1.813,entro il 1990
068037,Sant'Eufemia a Maiella,263,-11.74496644295302,97.67492541282984,0.2394,11.652,561,76.016,0.356,entro il 2000
068039,Scafa,3656,-4.642670839853938,97.56647728146078,0.20228571428571426,0.49,229,13.845,2.21,entro il 1980
068040,Serramonacesca,552,-5.641025641025641,103.31289441323503,0.185,3.55,414,63.79,0.851,entro il 1960
068041,Spoltore,19378,4.5255946922703485,99.26507662252979,0.1661,1.709,1029,13.024,2.453,entro il 1990
068042,Tocco da Casauria,2640,-2.9054799558661273,99.67146380058011,0.246,1.959,468,31.622,1.784,entro il 1960
068043,Torre de' Passeri,3045,-3.761061946902655,100.2441390435834,0.2033,0.83,168,12.009,2.177,entro il 1980
068044,Turrivalignani,887,0.681044267877412,100.12754377977302,0.1863,0.0,100,23.419,2.077,entro il 1980
068045,Vicoli,378,-4.060913705583756,103.55839773892868,0.1983,6.954,205,55.108,1.016,entro il 1990
068046,Villa Celiera,652,-12.600536193029491,101.19742733366616,0.1978,3.681,178,34.834,1.276,entro il 1990
067001,Alba Adriatica,12462,7.709593777009507,100.92321799131417,0.1758,0.858,7111,58.565,1.026,entro il 1990
067002,Ancarano,1890,0.5319148936170213,100.00584609501873,0.1764,0.0,149,17.909,2.272,entro il 1990
067003,Arsita,812,-6.8807339449541285,100.00985073766846,0.2084,0.323,106,24.709,1.893,entro il 1980
067004,Atri,10635,-4.2840428404284046,99.60410816524734,0.176,0.466,1174,22.201,2.011,entro il 1980
067005,Basciano,2373,-3.0241111565181855,97.85915753664594,0.1884,1.176,179,16.999,2.254,entro il 1980
067006,Bellante,6997,-2.0439591208175836,101.18019106372371,0.1776,0.627,403,13.353,2.318,entro il 1990
067007,Bisenti,1885,-8.716707021791766,100.94345317567056,0.1887,3.837,262,24.486,1.762,entro il 1960
067008,Campli,7110,-2.01212789415656,98.7960908075924,0.1859,2.785,734,21.074,2.041,entro il 1980
067009,Canzano,1901,-3.109072375127421,99.38729302444894,0.1791,2.322,281,27.712,1.875,entro il 1990
067010,Castel Castagna,490,-0.8097165991902834,98.20927867777,0.1935,4.523,68,27.53,1.984,entro il 1960
067011,Castellalto,7578,3.2003268418902358,100.68649355626285,0.1778,0.839,457,14.643,2.428,entro il 1990
067012,Castelli,1098,-10.294117647058822,99.44740169445116,0.2332,2.455,304,35.597,1.286,entro il 1960
067013,Castiglione Messer Raimondo,2247,-4.585987261146497,102.79681540356569,0.1829,2.462,298,27.14,2.046,entro il 1980
067014,Castilenti,1419,-8.51063829787234,98.48695290333818,0.1778,1.663,188,26.404,1.993,entro il 1990
067015,Cellino Attanasio,2493,-3.3346258239627766,100.31202934376155,0.1812,4.324,297,23.023,1.933,entro il 1980
067016,Cermignano,1591,-10.76836791923724,102.40289627252066,0.185,6.302,341,32.663,1.524,entro il 1970
067017,Civitella del Tronto,4918,-7.504231709610683,100.77029233661113,0.183,2.029,969,32.604,1.655,entro il 1980
067018,Colledara,2151,-3.9303260384100045,98.86670702368001,0.204,1.944,326,27.911,1.842,entro il 1980
067019,Colonnella,3744,-1.109350237717908,99.0461954296262,0.178,1.42,347,19.342,2.087,entro il 2000
067020,Controguerra,2365,-1.82648401826484,102.14334730996167,0.177,4.021,266,22.278,1.981,entro il 1980
067021,Corropoli,5054,5.931670509327185,99.47967363381426,0.1767,1.91,477,21.371,2.264,entro il 1990
067022,Cortino,631,-7.613469985358712,100.10148228094009,0.2531,0.572,435,57.162,0.829,entro il 1990
067023,Crognaleto,1245,-11.951909476661953,101.70211299503589,0.2578,0.865,1362,66.601,0.609,entro il 1980
067024,Fano Adriano,278,-19.88472622478386,95.9310762338463,0.2568,0.0,476,70.414,0.411,entro il 1960
067025,Giulianova,23875,2.962739347938589,99.80876481881754,0.1743,1.693,2200,19.388,2.104,entro il 1980
067026,Isola del Gran Sasso d'Italia,4684,-3.1230610134436403,99.16998117897415,0.2525,0.556,1201,39.3,1.533,entro il 1970
067047,Martinsicuro,15992,3.3008203604418322,101.20139724089098,0.1787,0.787,7385,55.038,1.192,entro il 1990
067027,Montefino,1018,-6.86184812442818,98.75017840596354,0.1797,0.0,242,37.346,1.571,entro il 1980
067028,Montorio al Vomano,8013,-2.2685693377241125,100.44042834955127,0.2361,1.536,509,14.242,2.242,entro il 1980
067029,Morro d'Oro,3593,-1.0465436518865325,99.85544097384383,0.175,1.144,178,12.396,2.502,entro il 1990
067030,Mosciano Sant'Angelo,9316,0.9208103130755065,100.45990155379569,0.1756,1.584,502,13.252,2.459,entro il 2000
067031,Nereto,5342,4.827315541601256,102.12178771617735,0.1757,1.787,387,17.269,2.384,entro il 1990
067032,Notaresco,6702,-2.2462077012835473,99.7910308338148,0.1766,1.007,295,10.806,2.455,entro il 1990
067033,Penna Sant'Andrea,1763,2.262180974477958,102.14409950939043,0.1836,0.568,394,37.739,1.689,entro il 1990
067034,Pietracamela,251,-17.704918032786885,100.39155940104848,0.2564,4.117,530,76.7,0.363,entro il 1945
067035,Pineto,14915,2.0596688107294376,99.13801694711543,0.1695,2.313,3725,39.784,1.593,entro il 1990
067036,Rocca Santa Maria,502,-11.307420494699647,100.1294588773805,0.252,1.581,377,59.37,0.791,entro il 1970
067037,Roseto degli Abruzzi,25588,2.306984926632282,98.91366335017274,0.1738,0.884,5359,35.772,1.708,entro il 1990
067038,Sant'Egidio alla Vibrata,9753,1.004556752278376,100.0933970306464,0.1787,0.51,487,12.574,2.518,entro il 1990
067039,Sant'Omero,5317,0.20731247644176404,101.87224985408534,0.1764,3.153,379,16.8,2.357,entro il 1990
067040,Silvi,15708,2.039755748993114,100.34146139848039,0.1638,1.338,6793,52.975,1.225,entro il 1990
067041,Teramo,54338,0.23611879726987642,99.36840728194431,0.199,1.002,4167,15.858,2.068,entro il 1990
067042,Torano Nuovo,1584,-4.520795660036167,103.19590058203883,0.176,0.204,93,14.242,2.426,entro il 1980
067043,Torricella Sicura,2621,-1.7247844019497562,98.81073231115776,0.2024,1.093,272,21.283,2.051,entro il 1970
067044,Tortoreto,11757,12.87442396313364,100.041011418962,0.1751,0.913,5288,53.301,1.185,entro il 1990
067045,Tossicia,1333,-5.39389638041164,98.76122690506288,0.2341,0.0,298,35.434,1.585,entro il 1970
067046,Valle Castellana,952,-7.482993197278912,100.65738675159828,0.2543,1.436,993,66.244,0.635,entro il 1970
077001,Accettura,1807,-8.737373737373737,102.0771227208808,0.1743,1.589,745,45.07,1.093,entro il 1970
077002,Aliano,967,-10.296846011131725,100.93023923477858,0.1338,19.334,508,51.004,0.971,entro il 1980
077003,Bernalda,12453,1.2274426922451633,100.23471928031054,0.1181,1.722,3136,39.338,1.562,entro il 1990
077004,Calciano,739,-7.277289836888332,99.63163727563625,0.1765,0.0,48,11.594,1.785,entro il 1980
077005,Cirigliano,359,1.1267605633802817,100.94927047624103,0.1383,3.695,298,60.816,0.733,entro il 1945
077006,Colobraro,1203,-10.557620817843866,99.67668220621859,0.111,6.438,435,41.667,1.152,entro il 1980
077007,Craco,725,-5.844155844155844,104.20032001147996,0.1107,2.315,152,30.339,1.447,entro il 1990
077008,Ferrandina,8593,-3.967367009387573,99.71574722053768,0.1632,4.174,1358,28.058,1.775,entro il 1980
077009,Garaguso,1038,-8.384819064430715,99.42889222214258,0.169,2.513,233,33.671,1.5,entro il 2000
077010,Gorgoglione,960,-8.484270734032412,100.3671076362304,0.1406,3.641,357,43.484,1.169,entro il 1970
077011,Grassano,5077,-5.841988130563798,98.595054118629,0.1682,0.183,781,26.261,1.707,entro il 1990
077012,Grottole,2116,-10.376958915713681,99.30126780401388,0.1661,0.696,513,33.974,1.401,entro il 1980
077013,Irsina,4909,-3.289992119779354,100.33269782649185,0.1465,5.879,715,25.017,1.718,entro il 1970
077014,Matera,60403,0.9088023521943234,98.75237830074566,0.1598,0.783,3002,11.971,2.409,entro il 1990
077015,Miglionico,2454,-3.461841070023604,96.56532093727742,0.1627,3.815,813,44.378,1.34,entro il 1980
077016,Montalbano Jonico,7208,-2.76541211385404,101.1455697511828,0.0953,4.111,889,23.506,1.906,entro il 1980
077017,Montescaglioso,9877,-2.0915939730372717,98.82173668775926,0.158,5.143,1205,23.744,1.946,entro il 1980
077018,Nova Siri,6810,3.1818181818181817,100.70021487233913,0.0989,3.237,1018,28.483,1.905,entro il 1990
077019,Oliveto Lucano,417,-14.19753086419753,97.90680003961275,0.1711,0.571,280,52.434,0.781,entro il 1970
077020,Pisticci,17602,1.510957324106113,100.17380270093477,0.115,1.783,3556,33.719,1.669,entro il 1980
077021,Policoro,17694,10.477022977022978,100.68685619654569,0.0873,1.5,1798,23.68,2.33,entro il 1990
077022,Pomarico,4084,-3.7473485741220838,99.48296646586844,0.1559,1.831,1005,36.559,1.486,entro il 1980
077023,Rotondella,2592,-3.678929765886288,100.0121505698832,0.0974,0.755,310,20.889,1.747,entro il 1980
077024,Salandra,2745,-5.960945529290853,99.6645047518706,0.1672,0.599,401,25.871,1.771,entro il 1980
077025,San Giorgio Lucano,1157,-9.4679186228482,101.37703803473698,0.1212,0.453,500,44.723,1.035,entro il 1970
077026,San Mauro Forte,1473,-13.657678780773741,100.341792577064,0.1564,0.0,379,31.066,1.207,entro il 1980
077031,Scanzano Jonico,7624,6.21342992477013,100.87224554736692,0.0844,1.946,549,17.018,2.363,entro il 1980
077027,Stigliano,4112,-11.91088260497001,98.63177509941542,0.131,5.744,1800,45.685,1.044,entro il 1960
077028,Tricarico,5202,-7.994340290060134,100.39256991528953,0.1871,1.126,996,30.412,1.588,entro il 1990
077029,Tursi,4981,-3.3378614399379005,99.91861159653175,0.104,1.935,630,23.145,1.83,entro il 1980
077030,Valsinni,1486,-8.83435582822086,101.53515395729323,0.1078,0.968,325,31.553,1.443,entro il 1990
076001,Abriola,1479,-5.856142584341184,100.39994316878735,0.2536,3.821,800,54.385,1.005,entro il 1980
076002,Acerenza,2337,-8.064516129032258,100.27079660749844,0.143,0.603,817,43.878,1.255,entro il 1980
076003,Albano di Lucania,1409,-4.668470906630582,97.27657027241334,0.1864,4.604,292,32.92,1.589,entro il 1960
076004,Anzi,1648,-5.989731888191671,100.5319488720102,0.2125,1.36,750,50.201,1.103,entro il 1980
076005,Armento,604,-10.782865583456426,101.18620404247646,0.2078,6.965,418,57.655,0.833,entro il 1990
076006,Atella,3829,-0.6228912535686478,100.04224906284142,0.2018,2.807,777,33.535,1.653,entro il 1990
076007,Avigliano,11350,-3.51921115266916,98.22443595867134,0.1946,2.851,1097,20.455,2.116,entro il 1990
076008,Balvano,1828,-1.5086206896551724,99.92106977538775,0.257,2.508,450,38.726,1.573,entro il 2000
076009,Banzi,1322,-5.84045584045584,98.62802076888588,0.156,0.444,343,34.893,1.345,entro il 1970
076010,Baragiano,2615,-1.9129782445611403,98.67080708607692,0.2481,0.579,238,17.41,1.913,entro il 2000
076011,Barile,2729,-6.026170798898072,98.84984395167935,0.1835,9.793,248,17.331,1.907,entro il 1970
076012,Bella,5014,-3.9095438865465697,99.64900883802278,0.2502,2.115,473,19.004,2.014,entro il 1990
076013,Brienza,4030,-1.1528084375766494,98.45514993177069,0.2549,1.082,890,35.931,1.627,entro il 2000
076014,Brindisi Montagna,881,-4.962243797195254,99.19724622930646,0.2029,2.834,263,40.276,1.349,entro il 1990
076015,Calvello,1931,-1.1770726714431934,99.93137851036721,0.2532,0.58,1192,58.69,0.951,entro il 1970
076016,Calvera,384,-10.48951048951049,104.06894083423357,0.1948,0.373,144,41.618,1.11,entro il 1960
076017,Campomaggiore,786,-7.311320754716981,98.26212762198386,0.1781,3.571,349,49.364,1.112,entro il 1970
076018,Cancellara,1276,-8.201438848920864,99.0443994191552,0.1719,1.049,337,36.198,1.371,entro il 1970
076019,Carbone,608,-13.142857142857142,100.75050435748236,0.249,2.717,327,49.848,0.927,entro il 1945
076021,Castelgrande,914,-9.594460929772502,98.76112824849358,0.2634,0.0,359,43.201,1.1,entro il 1990
076022,Castelluccio Inferiore,2072,-4.735632183908046,98.31045343232616,0.2629,3.751,841,48.222,1.188,entro il 1970
076023,Castelluccio Superiore,796,-7.87037037037037,98.11329594773385,0.2634,10.129,366,48.8,1.061,entro il 1945
076024,Castelmezzano,789,-6.516587677725119,97.44780696246822,0.1834,7.126,497,55.039,0.874,entro il 1945
076025,Castelsaraceno,1349,-8.974358974358974,100.48810676902181,0.2635,0.931,786,56.751,0.974,entro il 1970
076026,Castronuovo di Sant'Andrea,1016,-10.08849557522124,101.52152789008382,0.1876,1.829,333,37.416,1.142,entro il 1970
076027,Cersosimo,622,-12.885154061624648,99.6216911947524,0.1329,1.422,219,38.22,1.086,entro il 1990
076028,Chiaromonte,1922,-1.435897435897436,100.44311869500224,0.2088,2.341,315,27.607,1.684,entro il 1980
076029,Corleto Perticara,2521,-3.3358895705521476,100.63028495508672,0.2121,3.057,929,43.35,1.176,entro il 1960
076030,Episcopia,1389,-5.381471389645776,97.64261081322239,0.2479,3.01,127,17.373,1.9,entro il 1990
076031,Fardella,631,1.1217948717948718,101.42691331536047,0.2409,3.333,144,34.123,1.495,entro il 1960
076032,Filiano,2890,-6.351263771872976,97.94128203561225,0.1698,2.745,504,28.362,1.626,entro il 1990
076033,Forenza,2018,-8.272727272727273,100.41360665139577,0.1532,0.574,1233,55.817,0.914,entro il 1970
076034,Francavilla in Sinni,4158,-2.8731604765241765,101.88665383853005,0.1935,3.226,768,31.207,1.69,entro il 1980
076035,Gallicchio,888,-0.6711409395973155,102.84847951647252,0.1635,7.965,411,51.119,1.104,entro il 1980
076036,Genzano di Lucania,5688,-3.593220338983051,98.45180861191945,0.1415,0.431,1422,37.981,1.519,entro il 1980
076099,Ginestra,751,2.0380434782608696,99.5710900840019,0.1688,1.25,250,44.563,1.339,entro il 1970
076037,Grumento Nova,1694,-0.819672131147541,99.12045612119607,0.262,0.528,523,41.246,1.336,entro il 1980
076038,Guardia Perticara,543,-6.379310344827586,99.27714619720992,0.1647,0.0,334,55.025,0.895,entro il 1980
076039,Lagonegro,5442,-4.893393918210416,99.09734449355514,0.26,2.691,691,24.06,1.895,entro il 1990
076040,Latronico,4420,-6.947368421052631,98.78193155398587,0.2638,2.452,1208,37.621,1.377,entro il 1970
076041,Laurenzana,1735,-10.659114315139032,98.15934433282162,0.2175,0.557,650,43.189,1.153,entro il 1990
076042,Lauria,12694,-4.225139580503999,98.54694771696713,0.2639,3.716,1513,23.523,1.974,entro il 1990
076043,Lavello,13411,-1.4187003822405175,100.08806073448467,0.196,2.774,1106,17.882,2.168,entro il 1990
076044,Maratea,5088,-1.2422360248447204,100.82639329571562,0.1978,0.947,1230,36.738,1.52,entro il 1990
076045,Marsico Nuovo,4014,-7.276507276507277,98.84877694496656,0.2595,1.791,1057,36.638,1.391,entro il 1990
076046,Marsicovetere,5531,3.518622496724687,99.0925691193175,0.2597,0.738,953,32.559,1.89,entro il 2000
076047,Maschito,1621,-6.19212962962963,100.54341850910234,0.1635,0.605,771,49.455,1.04,entro il 1970
076048,Melfi,17878,2.599713055954089,100.39480325165817,0.206,1.619,1631,20.136,2.207,entro il 1970
076049,Missanello,564,3.296703296703297,100.76082045717143,0.1459,0.0,189,40.385,1.205,entro il 1970
076050,Moliterno,3916,-6.248503710797223,97.38023197943537,0.2637,1.498,1056,38.15,1.415,entro il 1990
076051,Montemilone,1556,-9.953703703703704,100.18105389409106,0.1931,0.355,864,53.039,0.955,entro il 2005
076052,Montemurro,1206,-8.288973384030419,102.36236293482888,0.2341,3.46,356,39.25,1.33,entro il 1980
076053,Muro Lucano,5344,-3.9539899352983463,100.85884785983602,0.261,0.383,644,22.732,1.886,entro il 1990
076054,Nemoli,1471,-2.5182239893969514,99.04692040458691,0.2535,1.324,248,30.318,1.798,entro il 2000
076055,Noepoli,841,-13.388259526261587,100.81238914631132,0.1495,4.032,324,40.806,1.059,entro il 1970
076056,Oppido Lucano,3763,-2.7145811789038263,98.34474127305346,0.1386,3.104,656,30.784,1.766,entro il 1990
076057,Palazzo San Gervasio,4825,-3.8461538461538463,101.35124491586483,0.1611,1.85,804,28.963,1.738,entro il 1970
076100,Paterno,3327,-3.0594405594405596,100.2178815997611,0.2597,0.0,431,23.048,1.779,entro il 1990
076058,Pescopagano,1851,-8.18452380952381,97.5675672119496,0.2659,1.592,653,45.066,1.277,entro il 1990
076059,Picerno,5869,-3.375041159038525,98.70169097446616,0.2549,2.116,835,26.192,1.841,entro il 1990
076060,Pietragalla,4064,-4.286387187941592,96.90584537192535,0.1654,2.145,1118,38.552,1.401,entro il 1980
076061,Pietrapertosa,992,-10.063463281958295,101.49351357948596,0.1751,2.904,297,36.22,1.21,entro il 1970
076062,Pignola,6908,3.027591349739001,99.49333673718269,0.2396,0.299,638,21.46,2.324,entro il 2000
076063,Potenza,67211,0.7691385049026958,98.99921815664344,0.2288,1.181,6033,19.636,2.188,entro il 1990
076064,Rapolla,4353,-1.981535690159874,102.2838362367395,0.1913,1.983,591,25.662,1.89,entro il 1990
076065,Rapone,952,-6.021717670286279,102.00773149491182,0.2423,2.959,571,57.677,0.962,entro il 1980
076066,Rionero in Vulture,13236,-1.4518650882287245,99.04132612661348,0.2022,1.212,1280,19.641,2.031,entro il 1990
076067,Ripacandida,1696,-2.360391479562464,98.73253661751436,0.1718,1.088,965,56.203,0.988,entro il 1945
076068,Rivello,2731,-3.600423579244617,99.29323676441372,0.2378,1.4,506,30.137,1.627,entro il 1980
076069,Roccanova,1477,-10.647307924984876,105.1779351325697,0.1563,0.829,298,29.86,1.48,entro il 1980
076070,Rotonda,3435,-2.080957810718358,98.70847543915414,0.2616,1.914,554,27.756,1.721,entro il 1980
076071,Ruoti,3542,-0.028224668360146768,100.2221861183642,0.2233,1.514,378,21.38,2.003,entro il 1990
076072,Ruvo del Monte,1064,-2.295684113865932,102.22454525628557,0.2234,0.625,612,55.285,0.961,entro il 1990
076073,San Chirico Nuovo,1332,-9.01639344262295,98.25732562307881,0.1778,2.921,397,38.619,1.296,entro il 1970
076074,San Chirico Raparo,1032,-10.416666666666668,100.19122259574351,0.2424,6.919,670,54.516,0.84,entro il 1960
076075,San Costantino Albanese,686,-11.711711711711711,103.95194814966108,0.1678,0.559,188,30.323,1.106,entro il 1990
076076,San Fele,2927,-7.2266244057052305,100.04717497513614,0.2474,1.406,724,33.519,1.355,entro il 1980
076077,San Martino d'Agri,757,-7.795371498172959,100.5009476076593,0.2382,7.491,559,59.531,0.806,entro il 1970
076020,San Paolo Albanese,260,-14.754098360655737,99.57687944286182,0.1433,7.192,173,50.437,0.758,entro il 1990
076078,San Severino Lucano,1518,-8.443908323281061,98.05793848858335,0.236,2.5,488,39.134,1.217,entro il 1980
076079,Sant'Angelo Le Fratte,1395,-4.05777166437414,100.96875203696995,0.2547,1.942,247,28.1,1.587,entro il 2000
076080,Sant'Arcangelo,6448,-0.7541942434969986,100.6299124057988,0.127,0.0,1060,29.444,1.791,entro il 1990
076081,Sarconi,1417,3.9618488628026407,99.4027198591178,0.2627,1.228,246,31.179,1.796,entro il 1990
076082,Sasso di Castalda,831,0.36231884057971014,98.62585076496676,0.257,1.104,421,53.426,1.055,entro il 1990
076083,Satriano di Lucania,2342,-2.660016625103907,101.62831327221588,0.2553,3.28,663,41.724,1.474,entro il 2000
076084,Savoia di Lucania,1089,-4.807692307692308,99.77340354204946,0.2553,1.837,274,37.483,1.49,entro il 2000
076085,Senise,6995,-1.3955455314350156,100.46114432377354,0.1374,2.212,766,22.184,2.026,entro il 1980
076086,Spinoso,1422,-8.846153846153847,99.67276513691898,0.2562,0.0,551,47.175,1.217,entro il 1970
076087,Teana,585,-9.020217729393467,101.79405192396554,0.2097,3.492,138,33.659,1.427,entro il 1970
076088,Terranova di Pollino,1141,-13.691376701966718,97.29562525493677,0.2371,3.571,390,36.967,1.082,entro il 1990
076089,Tito,7355,2.323316638842515,98.34259647876428,0.2547,0.663,588,18.216,2.279,entro il 1990
076090,Tolve,3190,-5.172413793103448,100.39550544282186,0.1797,3.515,634,31.988,1.609,entro il 1980
076091,Tramutola,3033,-3.683709114004446,98.18448888247626,0.2607,2.959,713,36.905,1.57,entro il 2000
076092,Trecchina,2297,-1.1192423590185105,98.87307722736004,0.2271,2.399,581,35.042,1.385,entro il 1990
076093,Trivigno,660,-7.433380084151472,100.2941113006175,0.19,1.104,652,66.328,0.671,entro il 1960
076094,Vaglio Basilicata,1994,-3.3446437227338826,99.15704448227162,0.187,0.0,221,19.767,1.784,entro il 1980
076095,Venosa,11732,-3.4562211981566824,99.44655332410544,0.1908,3.232,833,15.287,2.153,entro il 1980
076096,Vietri di Potenza,2787,-4.587470044505306,101.7857774367247,0.2559,3.195,609,36.207,1.657,entro il 1990
076097,Viggianello,2940,-6.339598598279707,98.91641250579868,0.2609,0.706,281,17.061,1.785,entro il 1980
076098,Viggiano,3347,7.138284250960307,100.98386769634998,0.2578,1.329,821,41.029,1.673,entro il 1990
079002,Albi,911,-9.443339960238568,100.89746722207985,0.2618,4.089,360,47.809,1.21,entro il 1960
079003,Amaroni,1810,-3.978779840848806,102.93580984508179,0.2509,6.344,526,42.939,1.478,entro il 1980
079004,Amato,824,-2.137767220902613,103.62708402050296,0.2735,4.27,334,48.974,1.208,entro il 1980
079005,Andali,723,-8.712121212121213,104.25358028686425,0.2107,4.706,388,52.933,0.986,entro il 1970
079007,Argusto,512,-2.846299810246679,105.02493131737553,0.2236,1.294,382,63.88,0.856,entro il 1980
079008,Badolato,2974,-6.419131529263687,103.07850927128517,0.1945,0.668,1577,54.248,1.023,entro il 2000
079009,Belcastro,1387,-0.9285714285714286,104.8121269002488,0.2143,5.29,489,47.019,1.334,entro il 1980
079011,Borgia,7593,2.2488553730137353,100.71999953117287,0.2507,1.526,771,21.263,2.094,entro il 1990
079012,Botricello,5274,7.10804224207961,102.23110439030857,0.2018,2.619,2251,55.145,1.292,entro il 1990
079017,Caraffa di Catanzaro,1814,-7.637474541751528,103.64334311129073,0.2653,1.44,412,35.184,1.549,entro il 1970
079018,Cardinale,2068,-11.244635193133048,105.02142481191572,0.2294,7.658,547,36.515,1.381,entro il 1980
079020,Carlopoli,1525,-5.279503105590062,100.75528671739761,0.2753,1.43,690,49.041,1.084,entro il 1980
079023,Catanzaro,89718,0.4467134652201659,101.80668593036609,0.2619,2.218,6263,15.57,2.23,entro il 1990
079024,Cenadi,549,-7.885906040268456,98.81290712741105,0.252,2.368,274,50.46,1.011,entro il 1980
079025,Centrache,397,-4.1062801932367154,100.34386297760413,0.2354,3.343,298,58.203,0.775,entro il 1960
079027,Cerva,1198,-4.617834394904459,98.46144441974062,0.2181,5.439,309,39.666,1.538,entro il 1980
079029,Chiaravalle Centrale,5536,-5.577349479788504,101.94530290949213,0.2512,2.374,755,23.877,1.751,entro il 1990
079030,Cicala,952,-5.928853754940711,101.1579453203523,0.2724,4.483,292,40.165,1.309,entro il 1970
079033,Conflenti,1396,-2.785515320334262,101.39644779796163,0.2722,0.0,368,37.475,1.422,entro il 1970
079034,Cortale,2069,-6.082614616432138,98.45188363592743,0.2653,5.326,640,40.816,1.32,entro il 1980
079036,Cropani,4822,11.646214401481824,102.15098505620284,0.2136,0.895,2228,57.246,1.239,entro il 2000
079039,Curinga,6719,0.04466944609886837,99.63941402052794,0.2692,0.557,960,28.36,1.985,entro il 1990
079042,Davoli,5531,2.577893175074184,102.22117072077124,0.211,2.148,1185,36.372,1.698,entro il 1990
079043,Decollatura,3163,-2.6169950738916254,99.27120225202097,0.2758,3.912,807,36.698,1.438,entro il 1980
079047,Falerna,3929,3.231739358906989,102.08687015684679,0.2508,0.635,2819,65.665,0.915,entro il 1990
079048,Feroleto Antico,2093,0.38369304556354916,98.80330430223124,0.2749,1.337,493,37.72,1.601,entro il 1990
079052,Fossato Serralta,587,-4.397394136807818,106.89996785051073,0.2645,0.0,218,46.383,1.249,entro il 1960
079055,Gagliato,462,-11.83206106870229,101.71257439939333,0.2176,1.276,295,53.832,0.843,entro il 1945
079056,Gasperina,2151,0.046511627906976744,104.61988031369013,0.2175,4.324,556,38.056,1.472,entro il 1980
079058,Gimigliano,3292,-3.8832116788321165,102.18257157298339,0.2743,0.403,470,24.505,1.716,entro il 1970
079059,Girifalco,5827,-4.834231585823943,100.83992281877175,0.2607,1.371,1232,34.413,1.628,entro il 1980
079060,Gizzeria,5296,16.780595369349506,104.66991331710341,0.259,2.288,2474,57.097,1.222,entro il 1990
079061,Guardavalle,4529,-4.53204047217538,103.75267522137067,0.2041,7.289,1493,44.58,1.352,entro il 1980
079063,Isca sullo Ionio,1603,-0.5583126550868486,102.12157796089068,0.2012,1.596,858,54.894,1.026,entro il 1990
079065,Jacurso,614,-0.967741935483871,95.80220773319722,0.2675,1.42,226,43.048,1.17,entro il 1960
079160,Lamezia Terme,70834,0.7180537189495086,102.06745661263614,0.2747,2.511,4549,14.815,2.307,entro il 1990
079068,Magisano,1201,-6.318252730109204,99.93102571740022,0.2483,5.394,363,42.258,1.398,entro il 1990
079069,Maida,4668,4.429530201342282,98.88028432001214,0.2706,1.053,873,33.006,1.765,entro il 1980
079071,Marcedusa,436,2.588235294117647,101.93649107893039,0.2058,0.0,182,48.663,1.166,entro il 1970
079072,Marcellinara,2257,0.08869179600886917,100.12364097838676,0.2686,0.96,327,28.361,1.958,entro il 1990
079073,Martirano,880,-5.376344086021505,102.79240484904892,0.2696,0.0,210,34.426,1.443,entro il 1970
079074,Martirano Lombardo,1071,-7.751937984496124,100.14151541657671,0.2658,3.019,238,30.435,1.37,entro il 1970
079077,Miglierina,747,-6.273525721455458,104.40869141789454,0.2739,1.026,190,36.75,1.445,entro il 2000
079080,Montauro,1773,12.286257124762507,101.22100914139041,0.2213,0.203,710,47.302,1.181,entro il 1990
079081,Montepaone,5390,14.534636634084148,101.83487726284869,0.223,2.509,2339,55.624,1.282,entro il 2000
079083,Motta Santa Lucia,827,-5.377574370709382,99.58465464702687,0.2756,2.074,218,38.38,1.456,entro il 1970
079087,Nocera Terinese,4787,1.290732120186204,100.24435130437311,0.26,2.28,3763,65.879,0.838,entro il 1980
079088,Olivadi,538,-6.759098786828423,99.98670190165305,0.2437,3.581,318,55.401,0.937,entro il 1980
079089,Palermiti,1181,-6.861198738170347,103.72948589430968,0.2406,2.27,503,47.498,1.115,entro il 1980
079092,Pentone,2038,-7.782805429864253,101.91775030024006,0.2592,0.43,366,29.756,1.657,entro il 1970
079094,Petrizzi,1110,-5.0470487596236095,100.85472277007511,0.2248,7.192,397,44.96,1.257,entro il 1980
079095,Petronà,2569,-4.213273676360925,102.08237194002955,0.2365,11.438,526,33.848,1.653,entro il 1980
079096,Pianopoli,2620,2.785406041584935,99.46535872457459,0.2739,1.832,383,28.668,1.961,entro il 1990
079099,Platania,2115,-5.622489959839357,100.95935799486415,0.2751,5.969,660,42.526,1.363,entro il 1970
079108,San Floro,730,4.285714285714286,99.78122197129252,0.2591,3.426,298,47.68,1.168,entro il 1990
079110,San Mango d'Aquino,1526,-6.78069639584606,99.30259959348811,0.2534,2.767,414,38.369,1.414,entro il 1970
079114,San Pietro a Maida,4103,-4.780691575771641,100.55466953515895,0.2692,2.14,517,23.803,1.889,entro il 1980
079115,San Pietro Apostolo,1693,-4.780652418447694,99.49016973941497,0.2701,0.097,600,46.44,1.31,entro il 1970
079116,San Sostene,1377,5.436447166921899,103.93527615073579,0.2107,4.332,731,56.976,1.073,entro il 2000
079122,San Vito sullo Ionio,1779,-3.0517711171662123,101.74510948797804,0.2552,1.361,483,38.952,1.435,entro il 1980
079117,Santa Caterina dello Ionio,2165,0.9794776119402986,102.35203926659263,0.1976,3.738,671,41.651,1.344,entro il 1980
079118,Sant'Andrea Apostolo dello Ionio,1872,-9.521507974867086,101.1586149625491,0.1981,0.148,1761,64.886,0.69,entro il 1970
079123,Satriano,3476,4.1966426858513195,100.49728876046771,0.2166,3.315,852,39.39,1.607,entro il 1990
079126,Sellia,535,4.085603112840467,103.53590988646876,0.2484,2.222,165,40.943,1.328,entro il 1960
079127,Sellia Marina,7763,10.584045584045585,102.68433871362735,0.2144,1.161,4357,60.725,1.082,entro il 1990
079129,Serrastretta,3107,-4.31167231290422,97.12563400682669,0.2753,2.102,1046,42.869,1.273,entro il 1980
079130,Sersale,4556,-4.546406871988267,99.51095839394891,0.2371,1.068,1335,42.843,1.462,entro il 1980
079131,Settingiano,3159,6.867388362652233,99.11026479035485,0.2633,2.041,158,12.392,2.478,entro il 1990
079133,Simeri Crichi,4710,5.110466413746932,102.57846061235247,0.2462,3.453,2192,55.089,1.184,entro il 1990
079134,Sorbo San Basile,790,-4.474002418379685,100.86538998707236,0.2717,0.45,943,73.557,0.616,entro il 1980
079137,Soverato,9095,3.1062237841514566,101.26555981190174,0.2045,1.547,1819,32.529,1.626,entro il 1990
079138,Soveria Mannelli,3034,-3.1289910600255424,98.81041804568223,0.276,1.911,456,25.983,1.729,entro il 1980
079139,Soveria Simeri,1544,-5.91102985984156,100.7837423589379,0.2277,0.0,417,39.229,1.452,entro il 1980
079142,Squillace,3652,7.728613569321534,101.1418703552883,0.2373,0.107,1050,43.121,1.5,entro il 1990
079143,Stalettì,2418,-1.1447260834014716,99.65461136041709,0.2161,3.955,2733,71.601,0.633,entro il 1980
079146,Taverna,2651,-1.960059171597633,101.17689261651375,0.2717,1.351,1708,62.019,0.963,entro il 1990
079147,Tiriolo,3874,-0.4880554842024146,101.9868593514879,0.2691,5.306,861,35.244,1.586,entro il 1970
079148,Torre di Ruggiero,995,-11.239964317573595,102.19167609178726,0.2468,2.149,400,44.643,1.11,entro il 1990
079151,Vallefiorita,1725,-6.554712892741062,102.2689497463666,0.2485,4.179,560,42.553,1.311,entro il 1980
079157,Zagarise,1604,-7.336799537839399,100.32094059979687,0.2465,3.83,1143,61.452,0.862,entro il 1980
078001,Acquaformosa,1108,-3.9861351819757362,105.89767419417987,0.2505,3.959,223,31.453,1.563,entro il 1970
078002,Acquappesa,1853,-2.984293193717278,101.1899109436781,0.1816,2.336,1834,68.28,0.69,entro il 1980
078003,Acri,20442,-4.708185716949469,99.71518025743953,0.276,1.708,1949,18.715,1.963,entro il 1980
078004,Aiello Calabro,1671,-12.052631578947368,102.14013046282915,0.2564,10.852,421,32.712,1.298,entro il 1980
078005,Aieta,810,-2.9940119760479043,104.42877422888431,0.2333,0.238,167,33.201,1.61,entro il 1918
078006,Albidona,1300,-10.529938059187888,106.64152380457297,0.1363,4.644,388,38.8,1.3,entro il 1970
078007,Alessandria del Carretto,432,-17.557251908396946,104.09657195563659,0.1564,1.528,542,66.422,0.529,entro il 1960
078008,Altilia,698,-4.514363885088919,98.51376973916072,0.2714,1.067,209,40.27,1.345,entro il 1980
078009,Altomonte,4382,1.1075219197046609,102.33708720608692,0.2659,0.889,208,10.959,2.309,entro il 1990
078010,Amantea,13975,1.4003773037295022,100.5840366349602,0.2113,2.636,3866,41.718,1.508,entro il 1990
078011,Amendolara,2902,-2.845664546367593,101.22843701436024,0.116,1.009,940,42.805,1.321,entro il 1990
078012,Aprigliano,2821,-5.1126807938109655,98.76978619368452,0.2766,2.996,383,24.013,1.769,entro il 1960
078013,Belmonte Calabro,1966,-2.140368342458935,100.57046969320577,0.2268,9.283,1371,61.015,0.875,entro il 1980
078014,Belsito,925,-3.4446764091858038,102.6121621447406,0.2721,0.606,129,27.682,1.985,entro il 1980
078015,Belvedere Marittimo,9239,1.2715115641784502,101.72960686368076,0.1534,1.385,2888,44.595,1.427,entro il 1990
078016,Bianchi,1279,-6.231671554252199,99.6583337630978,0.2762,2.059,476,46.897,1.26,entro il 1980
078017,Bisignano,10128,-1.8984889577683068,101.94970101961553,0.2755,2.175,672,14.322,2.159,entro il 1990
078018,Bocchigliero,1250,-15.19674355495251,104.3815407166021,0.2276,6.167,595,46.924,0.986,entro il 1970
078019,Bonifati,2788,-4.0605643496214725,102.9517040305948,0.1778,2.033,2898,69.033,0.664,entro il 1980
078020,Buonvicino,2229,-4.662104362703165,104.10206890283604,0.1658,1.35,269,24.432,2.025,entro il 1980
078021,Calopezzati,1361,5.4221533694810224,100.00659554037726,0.204,0.0,1248,68.647,0.749,entro il 1990
078022,Caloveto,1215,-6.0324825986078885,104.07768934710889,0.2103,3.879,163,25.629,1.91,entro il 1970
078023,Campana,1723,-11.867007672634271,103.85152358781488,0.2124,0.232,1584,63.82,0.694,entro il 1970
078024,Canna,709,-9.79643765903308,104.28159986385836,0.1045,0.364,334,50.0,1.061,entro il 1960
078025,Cariati,8156,-5.787224211620654,105.27476313665602,0.1939,1.05,5495,62.578,0.929,entro il 1990
078026,Carolei,3375,-1.803898748908932,101.92762979733499,0.2679,4.58,424,24.064,1.915,entro il 1990
078027,Carpanzano,237,-19.93243243243243,100.11334440822772,0.2764,5.341,459,74.513,0.385,entro il 1960
078156,Casali del Manco,10025,-3.5222788951977675,100.05707374021466,0.2754,3.363,1950,32.784,1.685,entro il 1980
078029,Cassano all'Ionio,18270,5.539830165790538,104.65648563396459,0.2382,3.543,6736,51.652,1.401,entro il 1990
078030,Castiglione Cosentino,2961,-0.5040322580645161,100.75942329904366,0.2758,2.719,77,6.291,2.419,entro il 1990
078031,Castrolibero,9809,-1.6247116638250927,99.69216841337995,0.265,1.108,220,5.697,2.54,entro il 1990
078032,Castroregio,276,-19.767441860465116,107.72421535136095,0.1256,1.79,287,59.916,0.576,entro il 1918
078033,Castrovillari,22037,-2.07518663348738,102.15301271427349,0.2534,4.195,3878,30.632,1.741,entro il 1990
078034,Celico,2824,-1.808066759388039,99.86640553633771,0.2766,0.466,552,31.029,1.587,entro il 1990
078035,Cellara,491,-5.029013539651837,99.05747246923991,0.276375,0.0,82,26.974,1.615,entro il 1990
078036,Cerchiara di Calabria,2344,-5.177993527508091,101.6156248962952,0.2272,3.478,946,45.922,1.138,entro il 1970
078037,Cerisano,3128,-4.575960951799878,100.13009791530848,0.2641,0.0,2713,67.842,0.782,entro il 2000
078038,Cervicati,816,-7.796610169491526,98.76903033225065,0.2694,0.0,364,49.189,1.103,entro il 1980
078039,Cerzeto,1359,2.7210884353741496,100.72459188868635,0.2677,2.475,412,42.256,1.394,entro il 1990
078040,Cetraro,10048,-2.123514513929476,102.87549864921449,0.1905,1.998,3702,47.165,1.28,entro il 1980
078041,Civita,912,-3.8988408851422554,102.61760501339646,0.2123,0.506,255,39.11,1.399,entro il 1945
078042,Cleto,1279,-3.106060606060606,101.14985156270497,0.2447,1.823,586,52.228,1.14,entro il 1980
078043,Colosimi,1243,-5.186880244088482,101.69428949252499,0.2762,1.637,377,41.657,1.373,entro il 1970
078157,Corigliano-Rossano,77076,2.949190575412726,103.65213764317282,0.2521,7.081,18781,40.083,1.645,entro il 1990
078045,Cosenza,67239,-3.080315959409594,102.17197942793604,0.2751,6.541,6089,17.484,1.931,entro il 1970
078046,Cropalati,1064,-3.096539162112933,99.06943872782843,0.2206,3.373,187,29.128,1.657,entro il 1990
078047,Crosia,9863,3.7664387164650184,102.49972845890535,0.199,1.845,2628,41.941,1.574,entro il 1990
078048,Diamante,5295,4.602923745555117,103.16037687703458,0.1377,0.571,5514,72.888,0.7,entro il 1990
078049,Dipignano,4351,-1.98242847488173,100.93110955886006,0.2712,1.089,239,12.559,2.286,entro il 1990
078050,Domanico,935,-1.6824395373291272,102.73840264083918,0.265,10.039,327,44.011,1.258,entro il 1990
078051,Fagnano Castello,3839,-2.8593117408906883,103.03746740122429,0.2272,2.766,891,36.501,1.573,entro il 1980
078052,Falconara Albanese,1456,3.9257673090649536,106.2027402005263,0.2387,4.009,2507,80.456,0.467,entro il 1980
078053,Figline Vegliaturo,1129,2.357207615593835,98.21417993330984,0.2759,0.0,260,38.235,1.66,entro il 1970
078054,Firmo,2044,-7.006369426751593,100.75414687496979,0.2579,0.132,114,11.937,2.14,entro il 1980
078055,Fiumefreddo Bruzio,2944,-3.979125896934116,102.05014629426334,0.2342,0.277,2797,67.823,0.714,entro il 1980
078056,Francavilla Marittima,2870,-5.092592592592593,101.55853504909334,0.1998,1.101,831,39.365,1.36,entro il 1980
078057,Frascineto,2074,-7.2450805008944545,100.95758836953831,0.229,1.812,342,27.121,1.645,entro il 1980
078058,Fuscaldo,8108,0.5207041904289611,102.16937477163597,0.226,1.919,2010,38.728,1.562,entro il 1990
078059,Grimaldi,1643,-5.193306405077899,102.83070441788018,0.267,4.853,1148,60.358,0.864,entro il 1970
078060,Grisolia,2223,-3.766233766233766,101.92834371740017,0.199,3.925,1369,57.691,0.937,entro il 1980
078061,Guardia Piemontese,1913,0.737230121116377,100.54384896742259,0.2172,1.766,2233,72.736,0.623,entro il 1990
078062,Lago,2533,-5.766369047619048,102.4658316030812,0.2584,1.112,493,31.124,1.599,entro il 1980
078063,Laino Borgo,1879,-7.392804337111877,101.46815214440994,0.2621,4.461,571,40.873,1.345,entro il 1980
078064,Laino Castello,819,-6.292906178489703,100.18600942368025,0.2622,1.25,138,27.711,1.645,entro il 1990
078065,Lappano,928,-6.167846309403438,99.88041007963837,0.2757,4.899,140,25.594,1.697,entro il 1980
078066,Lattarico,3959,-1.9564140663694898,101.83988592113079,0.2717,1.445,346,19.116,2.187,entro il 1980
078067,Longobardi,2338,3.58883473637572,101.10296457428078,0.2294,3.792,828,46.78,1.321,entro il 1980
078068,Longobucco,3008,-13.736736449670204,101.05931120829061,0.2649,1.97,1002,39.248,1.178,entro il 1960
078069,Lungro,2504,0.07993605115907274,100.21760792783509,0.257,0.192,265,21.423,2.024,entro il 1970
078070,Luzzi,9206,-3.237334454488123,101.66108671598273,0.2765,3.349,635,14.896,2.16,entro il 1990
078071,Maierà,1226,0.49180327868852464,101.66822726964669,0.1528,1.316,537,50.565,1.154,entro il 1990
078072,Malito,777,-3.717472118959108,102.03964980821104,0.2692,0.217,190,36.053,1.474,entro il 1960
078073,Malvito,1746,-6.631016042780749,101.77619732996743,0.2536,0.294,514,41.352,1.405,entro il 1990
078074,Mandatoriccio,2765,-4.720882150241213,104.27308504726948,0.2046,2.313,2466,64.487,0.723,entro il 1990
078075,Mangone,1890,3.8461538461538463,101.11651297407948,0.2764,5.903,194,21.871,2.131,entro il 1990
078076,Marano Marchesato,3492,0.7501442585112521,101.6733584235227,0.2593,13.774,172,12.437,2.525,entro il 2000
078077,Marano Principato,3177,1.5340364333652923,101.41141197900316,0.2549142857142857,0.99,157,12.59,2.548,entro il 2000
078078,Marzi,989,-1.0999999999999999,98.87031510491168,0.2761,3.067,156,29.104,1.845,entro il 1990
078079,Mendicino,9503,2.5024269226620643,100.36011462264673,0.2685,2.351,397,10.859,2.599,entro il 2000
078080,Mongrassano,1562,-5.619335347432024,100.03192244554577,0.2706,6.036,326,34.388,1.648,entro il 1970
078081,Montalto Uffugo,20213,10.981167298083786,99.4096088695634,0.2734,1.507,1557,17.752,2.305,entro il 1990
078082,Montegiordano,1793,-9.307030854830552,100.90079228737645,0.1059,0.188,988,51.62,0.937,entro il 1980
078083,Morano Calabro,4413,-4.542504866969501,100.51576517157696,0.2605,1.537,871,31.999,1.621,entro il 1980
078084,Mormanno,2955,-9.132841328413283,98.09725349221998,0.2606,6.889,966,41.584,1.272,entro il 1970
078085,Mottafollone,1215,-4.631083202511774,101.1535731676067,0.2465,2.256,299,36.463,1.482,entro il 1970
078086,Nocara,369,-12.559241706161137,102.28831266887616,0.1087,12.032,246,55.281,0.829,entro il 1945
078087,Oriolo,2107,-10.720338983050848,100.72224478004253,0.1276,1.965,655,36.715,1.181,entro il 1960
078088,Orsomarso,1243,-6.259426847662142,102.12769927392948,0.2362,1.163,510,48.204,1.175,entro il 1970
078089,Paludi,1038,-8.787346221441124,101.52370856501128,0.2263,3.436,299,37.375,1.298,entro il 1980
078090,Panettieri,343,-0.8670520231213872,96.60405688579723,0.2751,0.0,104,40.31,1.329,entro il 1970
078091,Paola,15716,-4.106412837879065,102.4794465862844,0.2203,1.729,2290,26.973,1.851,entro il 1990
078092,Papasidero,696,-13.216957605985039,100.91856018636345,0.2395,0.86,343,49.282,1.0,entro il 1960
078093,Parenti,2130,-5.333333333333334,100.34145800706125,0.2763,2.159,335,28.608,1.819,entro il 1980
078094,Paterno Calabro,1393,1.604668125455872,100.35598493259208,0.2748,0.398,241,32.133,1.857,entro il 1990
078096,Pedivigliano,802,-8.027522935779817,103.25284217122693,0.276,4.83,220,36.304,1.323,entro il 1970
078097,Piane Crati,1406,-0.28368794326241137,100.00115008397417,0.2756,0.0,256,31.96,1.755,entro il 1990
078098,Pietrafitta,1261,-8.224163027656479,101.53837877164544,0.2765,0.224,262,34.748,1.672,entro il 1980
078099,Pietrapaola,1109,-5.617021276595745,101.66430295597597,0.2149,1.927,1150,69.613,0.671,entro il 1980
078100,Plataci,733,-11.259079903147699,102.2428578729072,0.1523,12.798,440,53.659,0.894,entro il 1960
078101,Praia a Mare,6717,3.657407407407407,103.91867372225168,0.1817,1.046,3491,56.234,1.082,entro il 1990
078102,Rende,35727,6.216553692472352,99.3715215174931,0.2737,1.802,2070,12.926,2.231,entro il 2000
078103,Rocca Imperiale,3325,0.9717582751290618,101.71244864384374,0.0991,4.076,1391,50.692,1.212,entro il 1980
078104,Roggiano Gravina,7205,0.027766208524226017,103.83181848547811,0.2674,2.497,519,15.901,2.207,entro il 1980
078105,Rogliano,5758,1.3019000703729768,99.17042028172585,0.2765,1.235,417,16.138,2.228,entro il 1980
078106,Rose,4395,1.3373299515794328,101.74755795023945,0.2765,7.419,833,32.59,1.719,entro il 1990
078107,Roseto Capo Spulico,1909,2.4691358024691357,101.38885672414912,0.1077,0.551,3227,80.035,0.473,entro il 1990
078109,Rota Greca,1106,-6.666666666666667,99.05922113098251,0.2534,2.299,189,27.352,1.601,entro il 1970
078110,Rovito,3166,2.8589993502274202,99.68865616991658,0.2764,3.457,290,19.476,2.126,entro il 1990
078111,San Basile,1034,-2.6365348399246704,100.43637252120479,0.2565,0.0,149,25.297,1.756,entro il 1945
078112,San Benedetto Ullano,1511,-5.798004987531172,104.31715189269887,0.2591,3.905,162,20.796,1.94,entro il 1990
078113,San Cosmo Albanese,582,-8.201892744479496,99.78169221241195,0.2638,3.861,72,19.407,1.569,entro il 1960
078114,San Demetrio Corone,3442,-5.827633378932968,99.97521368013304,0.2716,0.296,1054,38.216,1.248,entro il 1980
078115,San Donato di Ninea,1283,-13.718897108271689,101.03409171564158,0.255,4.928,830,54.178,0.837,entro il 1960
078116,San Fili,2670,-1.802133137182788,99.45035236843687,0.2545,0.744,352,24.667,1.871,entro il 1980
078118,San Giorgio Albanese,1406,-9.465550547327753,101.8668732779675,0.262,1.716,289,30.55,1.486,entro il 1980
078119,San Giovanni in Fiore,17059,-4.724937168388718,99.05858786265942,0.2706,1.249,2886,29.04,1.717,entro il 1980
078120,San Lorenzo Bellizzi,620,-15.989159891598916,100.7797551490495,0.2157,3.387,338,45.737,0.839,entro il 1990
078121,San Lorenzo del Vallo,3371,-2.5440878866724486,105.81689484531755,0.2628,0.193,119,8.802,2.493,entro il 1990
078122,San Lucido,6062,1.7455521987244043,101.66891811003129,0.2291,0.383,2259,48.602,1.304,entro il 1990
078123,San Marco Argentano,7380,0.9990420145066375,100.18236543731096,0.2702,6.164,687,19.623,2.108,entro il 1990
078124,San Martino di Finita,1036,-14.024896265560166,100.94698336180096,0.2659,3.142,240,32.877,1.419,entro il 1970
078125,San Nicola Arcella,1995,14.326647564469914,101.28831690192038,0.1617,1.427,4230,84.651,0.399,entro il 1990
078126,San Pietro in Amantea,498,-7.262569832402235,96.75451019451756,0.2188,8.267,397,62.128,0.779,entro il 1970
078127,San Pietro in Guarano,3646,-0.2735229759299781,99.16140230363632,0.2767,2.05,534,26.344,1.799,entro il 1980
078128,San Sosti,2169,-1.2295081967213115,101.8299128664882,0.2601,4.358,342,27.057,1.716,entro il 1980
078135,San Vincenzo La Costa,2168,0.2311604253351826,100.49147769612023,0.2623,0.0,164,16.532,2.185,entro il 1990
078117,Sangineto,1297,-2.7736131934032984,100.17554472263382,0.1583,0.171,1407,69.413,0.64,entro il 1980
078129,Santa Caterina Albanese,1207,-2.73972602739726,101.43725745111634,0.2437,0.534,224,30.939,1.667,entro il 1980
078130,Santa Domenica Talao,1216,-4.702194357366771,101.04910129862935,0.1839,0.0,172,24.642,1.742,entro il 1970
078132,Santa Maria del Cedro,4961,0.8538320796909941,102.99101294025996,0.152,0.604,6901,78.779,0.566,entro il 1990
078133,Santa Sofia d'Epiro,2528,-7.500914745700696,101.7169217421311,0.2742,2.196,411,26.898,1.654,entro il 1980
078131,Sant'Agata di Esaro,1841,-7.06713780918728,103.95691828971474,0.2179,2.193,700,47.329,1.245,entro il 1970
078134,Santo Stefano di Rogliano,1720,4.368932038834951,100.2216587675407,0.2766,1.471,155,20.104,2.231,entro il 2000
078136,Saracena,3744,-5.263157894736842,99.85964381643208,0.258,6.766,932,37.295,1.498,entro il 1980
078137,Scala Coeli,956,-15.473032714412025,107.98834177006668,0.2015,0.718,766,59.472,0.742,entro il 1980
078138,Scalea,11022,8.420224277001772,103.47510728857777,0.1489,0.763,17454,80.922,0.511,entro il 1990
078139,Scigliano,1225,-5.986185725249425,99.25478357949632,0.2758,2.655,735,54.444,0.907,entro il 1980
078140,Serra d'Aiello,472,-12.915129151291513,103.33395900540968,0.2328,0.0,173,44.359,1.21,entro il 1980
078142,Spezzano Albanese,6977,-2.4332261222206686,103.28440932797135,0.2602,2.949,502,15.272,2.123,entro il 1980
078143,Spezzano della Sila,4566,1.6700066800267204,98.74034563768683,0.2767,1.362,3442,64.919,0.861,entro il 1990
078145,Tarsia,2040,-4.583723105706268,102.15317073288435,0.2697,0.0,274,24.574,1.83,entro il 1980
078146,Terranova da Sibari,4990,-0.3395246654683443,102.18625581359007,0.264,2.369,474,19.791,2.084,entro il 1980
078147,Terravecchia,737,-26.73956262425447,111.1265845397078,0.1917,2.304,364,45.902,0.929,entro il 1970
078148,Torano Castello,4605,0.4800349116299367,100.99292477654767,0.2707,1.291,900,34.026,1.741,entro il 1990
078149,Tortora,6163,2.750916972324108,104.51081492707769,0.2443,1.011,4127,63.659,0.951,entro il 1990
078150,Trebisacce,9095,3.812350188334665,102.24200909261194,0.1339,3.856,2009,36.257,1.641,entro il 1990
078152,Vaccarizzo Albanese,1082,-8.305084745762711,101.75111101904605,0.2614,4.244,278,35.733,1.391,entro il 1970
078153,Verbicaro,2948,-8.276291225886744,105.99459481740729,0.2302,5.213,1176,47.115,1.181,entro il 1980
078154,Villapiana,5367,4.213592233009709,102.51746964048584,0.1633,3.432,4675,68.669,0.788,entro il 1980
078155,Zumpano,2605,5.167541380702462,99.88741789502616,0.2742,1.789,147,14.121,2.502,entro il 2000
101001,Belvedere di Spinello,2258,-3.006872852233677,101.66259201061662,0.201,4.066,482,33.801,1.583,entro il 1970
101002,Caccuri,1621,-4.139562389118864,102.73160645639362,0.2143,2.148,825,54.6,1.073,entro il 1980
101003,Carfizzi,638,-14.24731182795699,100.75845149366572,0.1897,0.199,351,50.071,0.91,entro il 1990
101004,Casabona,2628,-7.52990851513019,105.0141937654858,0.2004,0.154,856,41.533,1.275,entro il 1980
101005,Castelsilano,979,-5.4106280193236715,101.03163129310596,0.2138,2.009,357,42.652,1.17,entro il 1960
101006,Cerenzia,1123,-7.190082644628099,99.98588796670812,0.2113,2.145,286,37.095,1.457,entro il 1980
101007,Cirò,2786,-10.446801671488268,105.13430618378024,0.1876,15.587,548,31.314,1.592,entro il 1970
101008,Cirò Marina,14794,-2.0200013245910324,108.34980426771519,0.1666,2.066,3228,37.57,1.722,entro il 1990
101009,Cotronei,5465,0.3120411160058737,101.01120698152606,0.2432,4.556,4571,67.588,0.808,entro il 1990
101010,Crotone,63941,8.70807052143015,104.02368312036823,0.1835,2.145,4559,17.681,2.48,entro il 2000
101011,Crucoli,3034,-6.473489519112208,100.61036319307779,0.1906,0.812,1709,55.941,0.993,entro il 1980
101012,Cutro,10462,3.7690934338424915,106.03701732813487,0.1948,1.345,10384,71.545,0.721,entro il 1990
101013,Isola di Capo Rizzuto,17832,12.405446293494705,115.09658148688249,0.1775,3.526,9736,64.872,1.188,entro il 1990
101014,Melissa,3511,-0.1989766913018761,101.73669054297514,0.1861,1.381,1867,56.869,1.069,entro il 1980
101015,Mesoraca,6357,-5.048543689320388,104.37782574486826,0.2291,1.783,3883,61.15,1.001,entro il 1990
101016,Pallagorio,1164,-11.751326762699014,102.15020741189704,0.2049,0.505,372,40.129,1.256,entro il 1980
101017,Petilia Policastro,9073,-1.9770959377700952,102.17802913227091,0.2283,1.765,2136,38.563,1.638,entro il 1980
101019,Rocca di Neto,5681,1.4645472405786748,103.77776301488026,0.1914,1.825,421,17.304,2.335,entro il 1990
101018,Roccabernarda,3374,-2.372685185185185,104.67731938938334,0.207,1.989,505,27.947,1.867,entro il 1980
101020,San Mauro Marchesato,2102,-3.3563218390804597,103.22528716285268,0.2007,0.0,477,35.491,1.564,entro il 1990
101021,San Nicola dell'Alto,786,-12.276785714285714,100.71445093778195,0.1904,0.281,379,47.673,0.989,entro il 1980
101022,Santa Severina,2050,-9.452296819787986,103.03793015103095,0.2043,1.252,381,31.102,1.673,entro il 1980
101023,Savelli,1189,-9.924242424242424,101.61797268564744,0.2193,0.153,796,57.933,0.865,entro il 1970
101024,Scandale,3100,-6.485671191553545,104.90516210059981,0.1916,0.745,1153,49.147,1.321,entro il 1980
101025,Strongoli,6518,0.43143297380585516,102.34125229552059,0.1825,1.502,4599,64.358,0.912,entro il 1990
101026,Umbriatico,821,-11.05092091007584,101.92834170366024,0.2017,0.0,287,42.082,1.204,entro il 1990
101027,Verzino,1774,-10.177215189873417,99.8248703549763,0.2081,4.142,610,43.509,1.265,entro il 1960
080001,Africo,3008,-5.970615817442951,107.274204993439,0.2566,0.0,138,12.0,2.616,entro il 1970
080002,Agnana Calabra,543,-5.2356020942408374,98.43197967098493,0.206,0.931,321,54.685,0.925,entro il 1970
080003,Anoia,2181,-3.23868677905945,103.84114774016416,0.2694,3.538,2042,70.854,0.757,entro il 1970
080004,Antonimina,1278,-6.098457016899339,101.4806170868068,0.2369,7.513,174,24.964,1.834,entro il 1980
080005,Ardore,5114,7.121910347716799,101.95772775192508,0.2157,0.939,1199,38.233,1.631,entro il 1980
080006,Bagaladi,1027,-5.0831792975970425,102.31078135362763,0.2657,0.967,301,40.241,1.373,entro il 1980
080007,Bagnara Calabra,10120,-4.582311898925137,105.64475788253823,0.2652,2.221,646,14.436,2.261,entro il 1980
080008,Benestare,2562,4.571428571428571,102.4804080175474,0.2132,0.668,681,42.219,1.588,entro il 1980
080009,Bianco,4274,3.46163156620673,102.37125780185156,0.2014,7.656,1218,43.407,1.523,entro il 1990
080010,Bivongi,1332,-5.128205128205128,104.5037729392021,0.2036,1.584,471,42.663,1.207,entro il 1970
080011,Bova,457,0.6607929515418502,99.48184945343358,0.2248,0.0,340,59.649,0.802,entro il 1960
080013,Bova Marina,4220,1.7112557242709086,102.73097029093302,0.2061,0.073,1160,40.194,1.462,entro il 1990
080012,Bovalino,8898,1.1711199545196136,102.09943438498676,0.2044,1.683,1419,29.042,1.821,entro il 1990
080014,Brancaleone,3550,-1.9878520154610713,106.03712044283529,0.1934,0.211,653,29.165,1.586,entro il 1980
080015,Bruzzano Zeffirio,1094,-10.180623973727423,101.04103457161769,0.2067,0.0,214,26.918,1.376,entro il 1990
080016,Calanna,906,-6.885919835560124,101.1755323832748,0.2687,7.692,204,32.381,1.438,entro il 1970
080017,Camini,866,20.61281337047354,110.62479900901594,0.1621,0.899,210,42.254,1.742,entro il 1970
080018,Campo Calabro,4535,2.6250282869427473,99.86608291322092,0.2605,2.687,906,36.995,1.852,entro il 1990
080019,Candidoni,418,8.290155440414509,103.82535257372446,0.2696,11.647,125,43.103,1.441,entro il 1980
080020,Canolo,706,-11.19496855345912,102.04524412310646,0.2325,2.691,325,46.628,1.013,entro il 1990
080021,Caraffa del Bianco,525,-0.5681818181818182,99.2107714144286,0.2043,1.107,360,60.302,0.879,entro il 1970
080022,Cardeto,1562,-14.222954420647996,102.84371554946365,0.2691,0.282,595,43.718,1.148,entro il 1990
080023,Careri,2317,-3.9386401326699834,102.6956773634122,0.2531,0.694,520,36.086,1.608,entro il 1980
080024,Casignana,742,-5.357142857142857,101.46329295589689,0.2158,0.285,150,31.712,1.569,entro il 1960
080025,Caulonia,7110,0.8224617129892229,104.5979055040045,0.2064,4.564,3954,57.221,1.029,entro il 1990
080026,Ciminà,558,-6.375838926174497,101.50416941294048,0.2464,6.265,224,46.281,1.153,entro il 1990
080027,Cinquefrondi,6480,-0.2616592273356934,106.5744299963581,0.2649,0.531,1182,33.743,1.85,entro il 1980
080028,Cittanova,10284,-0.8484381025838797,103.34476423336892,0.2691,2.334,2608,40.117,1.582,entro il 1980
080029,Condofuri,5053,-0.2959747434885556,102.33188364648156,0.2506,1.157,1601,45.111,1.424,entro il 1990
080030,Cosoleto,847,-7.330415754923414,107.56003991194704,0.268,0.0,249,40.954,1.393,entro il 1970
080031,Delianuova,3324,-3.146853146853147,105.04653279683154,0.2667,3.759,651,35.189,1.797,entro il 1980
080032,Feroleto della Chiesa,1650,-6.779661016949152,101.67573265601904,0.268,1.477,805,53.991,1.107,entro il 1980
080033,Ferruzzano,785,5.652759084791386,99.34337830028488,0.202,1.691,228,38.191,1.315,entro il 2000
080034,Fiumara,935,-7.8817733990147785,102.46977819024393,0.263,6.061,94,18.182,1.809,entro il 1970
080035,Galatro,1671,-5.379388448471121,99.74952510006,0.2657,5.956,487,40.182,1.379,entro il 1980
080036,Gerace,2600,-6.0354174195880015,100.52225688260455,0.215,2.755,682,37.868,1.444,entro il 1980
080037,Giffone,1811,-6.504904491481672,115.78335660816185,0.259,2.141,869,56.246,1.172,entro il 1970
080038,Gioia Tauro,20076,5.137470542026708,106.94499923178509,0.2679,1.923,1546,18.76,2.436,entro il 1980
080039,Gioiosa Ionica,7059,0.5555555555555556,106.89329238843983,0.203,3.704,1303,33.462,1.813,entro il 1980
080040,Grotteria,3106,-4.811523138216366,103.24100985059724,0.2217,2.235,1667,54.317,1.012,entro il 1970
080041,Laganadi,424,2.912621359223301,103.35256480080314,0.2699,3.02,193,50.789,1.116,entro il 1970
080042,Laureana di Borrello,5080,-4.024182883053089,104.77946395460265,0.2692,7.97,1036,32.754,1.606,entro il 1980
080043,Locri,12367,-0.5868167202572347,102.9050870440759,0.2033,2.365,1000,18.132,2.242,entro il 1980
080044,Mammola,2732,-7.920458375463431,106.68686731229052,0.2408,4.199,899,42.932,1.305,entro il 1960
080045,Marina di Gioiosa Ionica,6603,1.3196255945987416,104.80307043001584,0.1846,3.569,1744,42.115,1.595,entro il 1990
080046,Maropati,1469,-6.966434452184927,104.19775953205678,0.2662,3.166,401,38.154,1.398,entro il 1970
080047,Martone,514,-6.715063520871143,105.80108660616901,0.2031,12.183,421,66.719,0.815,entro il 1970
080048,Melicuccà,895,-10.767696909272182,103.56931712452953,0.2669,3.981,310,40.576,1.171,entro il 1960
080049,Melicucco,5057,-0.019770660340055358,105.71569408263906,0.26856,3.865,588,25.477,2.191,entro il 1990
080050,Melito di Porto Salvo,11240,0.8252601363473269,103.01650619139029,0.2497,4.329,2213,34.611,1.758,entro il 1990
080051,Molochio,2513,-4.882664647993944,102.29328173270677,0.2621,4.265,676,39.906,1.483,entro il 1980
080052,Monasterace,3510,5.818510702441966,102.57430671553806,0.1385,3.92,1072,44.243,1.449,entro il 1990
080053,Montebello Ionico,6179,-1.0409993593850098,103.83434982644194,0.2652,3.592,2378,48.759,1.267,entro il 1980
080054,Motta San Giovanni,6086,-0.5230467473030402,98.83981764187257,0.2659,2.511,2429,49.27,1.234,entro il 1980
080055,Oppido Mamertina,5290,-1.8370755242159955,104.49723801981668,0.2679,3.141,644,23.781,1.953,entro il 1980
080056,Palizzi,2436,6.190061028770706,102.8049756476141,0.1994,0.632,2761,73.158,0.645,entro il 1980
080057,Palmi,18810,0.5129849310676499,102.66809523026896,0.2634,1.145,1842,20.329,2.076,entro il 1980
080058,Pazzano,529,-16.69291338582677,103.5133329691021,0.1967,7.311,345,50.073,0.768,entro il 1945
080059,Placanica,1150,-7.630522088353414,105.54062800931817,0.1854,1.359,423,42.857,1.165,entro il 1970
080060,Platì,3841,3.7547271745002697,110.1099017733421,0.2529,0.852,472,27.896,2.27,entro il 1990
080061,Polistena,10373,-3.273032450578142,104.69479444561026,0.2666,5.749,984,20.466,2.157,entro il 1980
080062,Portigliola,1201,-0.743801652892562,102.47914385276496,0.2004,0.251,708,58.609,0.994,entro il 1970
080063,Reggio di Calabria,181447,0.40283534105434404,101.81434276143867,0.2716,8.235,26223,27.33,1.891,entro il 1980
080064,Riace,2313,23.425827107790823,104.67763274784151,0.1468,3.012,372,34.097,2.12,entro il 1990
080065,Rizziconi,7783,-0.638325035107877,103.18137263584532,0.2695,1.983,419,13.613,2.529,entro il 1990
080066,Roccaforte del Greco,445,-18.34862385321101,101.29883348886392,0.2669,0.0,164,39.518,1.072,entro il 1980
080067,Roccella Ionica,6450,0.3110419906687403,100.78672665195997,0.1804,1.969,2701,50.885,1.215,entro il 1980
080068,Roghudi,1036,-11.452991452991453,108.28198466607527,0.2645,0.422,378,46.84,1.284,entro il 2000
080069,Rosarno,14776,2.5185596336640534,107.81349238805609,0.2697,2.247,1819,27.004,2.194,entro il 1990
080070,Samo,784,-9.573241061130334,101.20867603169064,0.261,0.234,247,41.235,1.309,entro il 1990
080097,San Ferdinando,4977,16.013986013986013,104.44471462034035,0.2656,2.901,891,37.28,2.082,entro il 1990
080071,San Giorgio Morgeto,3047,-2.8689831048772714,105.69064874323165,0.2617,3.354,628,35.42,1.719,entro il 1980
080072,San Giovanni di Gerace,469,-11.174242424242424,109.34993169672984,0.2126,1.231,224,51.494,1.078,entro il 1960
080073,San Lorenzo,2562,-4.402985074626866,104.60730711880223,0.2657,1.03,546,31.93,1.498,entro il 1980
080074,San Luca,3715,-7.7934971456937205,106.11344587850364,0.2642,2.05,698,34.486,1.835,entro il 1980
080075,San Pietro di Caridà,1143,-9.715639810426541,102.42301379234965,0.2677,5.122,587,51.177,0.997,entro il 1970
080076,San Procopio,537,-0.9225092250922509,107.27451344305459,0.2676,3.241,104,34.551,1.784,entro il 1980
080077,San Roberto,1698,-7.0098576122672505,104.80071427944482,0.2703,11.46,452,39.067,1.468,entro il 1980
080078,Santa Cristina d'Aspromonte,870,-14.11648568608095,105.67055847994796,0.2658,7.2,292,39.728,1.184,entro il 1970
080079,Sant'Agata del Bianco,600,-10.44776119402985,101.79998634435692,0.2182,0.501,271,50.0,1.107,entro il 1980
080080,Sant'Alessio in Aspromonte,356,9.876543209876543,102.38800836035931,0.2708,0.806,142,48.136,1.207,entro il 1970
080081,Sant'Eufemia d'Aspromonte,4079,0.8405438813349814,102.18453379672296,0.2694,8.53,1057,41.033,1.583,entro il 1990
080082,Sant'Ilario dello Ionio,1434,7.335329341317365,101.81484528820579,0.2068,3.037,949,61.663,0.932,entro il 1980
080083,Santo Stefano in Aspromonte,1241,-0.9577015163607342,100.23071153261976,0.271,6.588,1104,64.941,0.73,entro il 1990
080084,Scido,913,-6.741573033707865,102.23135025765822,0.2647,2.559,231,39.759,1.571,entro il 1980
080085,Scilla,4885,-4.290752351097179,103.61433363376162,0.2697,3.998,1370,40.377,1.44,entro il 1990
080086,Seminara,2714,-3.7247250798155376,105.20428924710639,0.2669,3.596,1028,47.97,1.266,entro il 1980
080087,Serrata,821,-8.370535714285714,98.74558247424491,0.2697,3.038,127,24.612,1.591,entro il 1980
080088,Siderno,18231,7.875739644970414,102.20429860185531,0.1995,3.212,1876,23.771,2.31,entro il 1990
080089,Sinopoli,2042,-4.7130191320578625,106.01686301135908,0.2686,4.42,255,26.316,2.107,entro il 1990
080090,Staiti,238,-14.079422382671481,102.46663627380114,0.2017,7.927,358,69.786,0.464,entro il 1960
080091,Stignano,1367,2.0911127707244215,102.3766856581026,0.1566,5.02,593,52.431,1.209,entro il 1980
080092,Stilo,2573,-4.099888184867686,104.93800608105867,0.2159,1.496,1336,56.851,1.095,entro il 1980
080093,Taurianova,15501,1.2673940027438426,103.80586171770439,0.2689,0.603,1830,24.491,2.075,entro il 1980
080094,Terranova Sappo Minulio,521,-4.051565377532229,105.9836848295203,0.2668,6.545,81,27.931,1.797,entro il 1990
080095,Varapodio,2094,-5.7605760576057605,104.14031006900113,0.268,4.496,249,23.228,1.953,entro il 1970
080096,Villa San Giovanni,13667,1.893685230746291,101.59340331770836,0.2578,3.987,1464,22.222,2.075,entro il 1990
102001,Acquaro,2331,-4.701553556827474,104.52679348286624,0.265,0.068,1031,52.442,1.186,entro il 1990
102002,Arena,1436,-5.650459921156373,102.01010481956402,0.2595,13.976,638,51.744,1.165,entro il 1980
102003,Briatico,4427,11.51133501259446,101.95918600889416,0.2579,1.888,1512,49.444,1.448,entro il 1990
102004,Brognaturo,720,7.946026986506746,101.43907536100991,0.2291,1.295,160,35.477,1.596,entro il 1980
102005,Capistrano,1019,-7.110300820419326,102.45546704920838,0.2649,1.825,332,41.972,1.288,entro il 1970
102006,Cessaniti,3232,-4.85722696496909,103.43841544431778,0.261,1.501,761,37.086,1.575,entro il 1990
102007,Dasà,1175,-6.449044585987261,101.39983976603439,0.2661,5.611,252,33.114,1.544,entro il 1980
102008,Dinami,2062,-14.969072164948455,103.96207860502874,0.2695,4.229,607,36.369,1.235,entro il 1970
102009,Drapia,2047,-2.2911694510739857,98.06103419897974,0.2415,4.95,1248,58.509,0.96,entro il 1990
102010,Fabrizia,2162,-8.46740050804403,104.13945743725478,0.2326,4.723,1039,52.211,1.086,entro il 1970
102011,Filadelfia,5247,-6.8359375,100.9708953655965,0.2691,2.971,1646,43.27,1.379,entro il 1980
102012,Filandari,1866,1.193058568329718,104.1581774927797,0.2673,1.13,717,52.759,1.373,entro il 1990
102013,Filogaso,1416,-1.9390581717451523,102.24369759589851,0.2695,2.817,356,40.317,1.604,entro il 1990
102014,Francavilla Angitola,1906,-3.640040444893832,100.04939287715911,0.2703,0.639,491,38.876,1.509,entro il 1990
102015,Francica,1656,-0.36101083032490977,103.08736251235344,0.2698,1.314,409,41.271,1.671,entro il 1990
102016,Gerocarne,2146,-9.527824620573355,104.06972293075478,0.2681,2.033,689,44.252,1.378,entro il 1980
102017,Ionadi,4333,13.75689157259123,99.50408847144348,0.268,3.245,371,22.691,2.65,entro il 2000
102018,Joppolo,1916,-8.456760630673674,102.45528596940113,0.2447,0.07,897,47.561,1.016,entro il 1990
102019,Limbadi,3606,2.999143101970865,102.90248556808788,0.2669,0.728,698,35.36,1.827,entro il 1980
102020,Maierato,2175,-0.730260155180283,101.13986385691992,0.2705,1.947,449,33.836,1.639,entro il 1980
102021,Mileto,6742,-2.0485253523173035,103.12061161227604,0.2696,4.55,1412,36.15,1.726,entro il 1980
102022,Mongiana,709,-11.041405269761606,105.45296461364379,0.2219,0.0,234,43.333,1.313,entro il 1960
102023,Monterosso Calabro,1663,-7.5597554196775985,99.9021876622885,0.2698,3.846,745,50.27,1.122,entro il 1945
102024,Nardodipace,1256,-8.78721859114016,108.80338597107011,0.2154,10.931,610,53.275,1.097,entro il 1980
102025,Nicotera,6155,-4.927401915353722,102.11561090083096,0.2639,3.183,1615,38.27,1.459,entro il 1990
102026,Parghelia,1288,-1.8292682926829267,101.70776605274587,0.2365,2.978,1553,71.699,0.595,entro il 2000
102027,Pizzo,9329,5.020826297422042,101.65080727392858,0.2699,2.468,1410,29.271,1.937,entro il 1990
102028,Pizzoni,1094,-10.912052117263844,105.7555472076091,0.2654,7.377,603,53.081,0.963,entro il 1970
102029,Polia,974,-7.677725118483412,100.89298813532866,0.2692,6.475,1154,70.885,0.598,entro il 1945
102030,Ricadi,4939,4.132405650432216,100.811698968834,0.2109,1.393,3952,66.7,0.834,entro il 2000
102031,Rombiolo,4524,-2.6259147653895822,101.28828964125987,0.2657,5.801,430,20.216,2.127,entro il 1980
102032,San Calogero,4178,-6.322869955156952,102.80475963252516,0.2691,1.153,477,23.44,2.053,entro il 1980
102033,San Costantino Calabro,2196,-1.6569637259292433,100.40976427777866,0.2692,5.418,451,35.456,1.726,entro il 1980
102034,San Gregorio d'Ippona,2624,8.654244306418219,100.52948438512931,0.2694,5.051,214,19.633,2.407,entro il 1980
102035,San Nicola da Crissa,1312,-7.213578500707214,100.22228566129986,0.2647,3.465,578,47.107,1.069,entro il 1960
102036,Sant'Onofrio,3088,-1.8124006359300475,104.07462807781823,0.2695,2.225,909,43.576,1.48,entro il 1980
102037,Serra San Bruno,6604,-3.337236533957846,105.0282207281561,0.246,5.302,1367,35.259,1.703,entro il 1980
102038,Simbario,957,-0.20855057351407716,100.94439606381613,0.2464,6.064,445,50.454,1.085,entro il 1970
102039,Sorianello,1181,-2.557755775577558,101.23838514981179,0.2595,0.917,282,37.701,1.579,entro il 1980
102040,Soriano Calabro,2372,-3.967611336032389,104.27586544840555,0.2687,0.527,500,35.587,1.688,entro il 1970
102041,Spadola,811,-5.6976744186046515,103.581315770734,0.2254,0.0,319,46.637,1.186,entro il 1990
102042,Spilinga,1458,-0.7488087134104833,97.97604483271284,0.2491,2.742,298,33.296,1.629,entro il 1990
102043,Stefanaconi,2412,-4.513064133016627,102.21079050002216,0.2698,4.329,386,29.669,1.854,entro il 1990
102044,Tropea,6307,-3.577434643020945,102.34103492796169,0.208,13.276,1778,40.52,1.437,entro il 1980
102045,Vallelonga,719,5.425219941348973,101.58134259776789,0.26,16.706,632,68.845,0.783,entro il 1970
102046,Vazzano,1029,-5.941499085923217,99.7548617499275,0.2683,4.065,279,36.662,1.352,entro il 1970
102047,Vibo Valentia,33642,0.8271893544326561,101.95299598047863,0.269,2.37,3224,21.017,2.193,entro il 1990
102048,Zaccanopoli,726,-9.363295880149813,98.99780289050001,0.24863999999999997,1.423,284,47.892,1.224,entro il 1980
102049,Zambrone,1763,-2.109938922820655,104.03878883793193,0.2461,2.27,999,60.036,1.059,entro il 1990
102050,Zungri,1959,-0.8603238866396761,106.7366975539428,0.2612,0.0,356,33.648,1.852,entro il 1990
064001,Aiello del Sabato,4010,1.4932928372563907,101.20422580993294,0.1831,3.42,637,31.379,1.975,entro il 2000
064002,Altavilla Irpina,4158,-2.736842105263158,101.33987216151623,0.2238,1.296,1025,38.606,1.566,entro il 1990
064003,Andretta,1853,-9.56564177647633,98.38899121739982,0.2688,2.735,638,42.848,1.244,entro il 1990
064004,Aquilonia,1677,-7.194244604316546,100.46717624313986,0.2283,2.822,520,41.009,1.323,entro il 1980
064005,Ariano Irpino,22448,-0.12457732692649937,99.94398681895753,0.2685,1.466,1275,13.1,2.306,entro il 1990
064006,Atripalda,10968,0.6053935057787562,101.69015054982933,0.2057,1.398,665,14.548,2.399,entro il 1990
064007,Avella,7810,-0.10232796111537479,101.8158285549708,0.197,1.566,152,5.365,2.757,entro il 1990
064008,Avellino,54353,0.1529390086604017,101.17823708746315,0.2074,3.508,2526,11.041,2.376,entro il 1990
064009,Bagnoli Irpino,3139,-3.859111791730475,98.43293801037755,0.2256,1.841,950,41.09,1.358,entro il 1990
064010,Baiano,4742,0.61531932951411,102.77001298367692,0.1943,1.918,204,10.927,2.54,entro il 1990
064011,Bisaccia,3815,-2.5044722719141324,99.17048208820607,0.2597,0.094,1789,52.112,1.111,entro il 1990
064012,Bonito,2404,-4.489471593166468,101.2314765340341,0.2701,0.189,397,28.894,1.75,entro il 1990
064013,Cairano,313,-10.057471264367816,100.5992520200753,0.2642,3.273,253,60.238,0.745,entro il 1990
064014,Calabritto,2317,-6.910405785456006,102.23100226785824,0.2449,0.825,636,37.106,1.352,entro il 1990
064015,Calitri,4582,-6.718241042345277,98.87535968102804,0.2565,1.201,1273,37.786,1.36,entro il 1990
064016,Candida,1121,-2.6909722222222223,100.10766287790788,0.2163,0.0,165,29.204,1.984,entro il 1990
064017,Caposele,3430,-2.9428409734012453,101.62895812166416,0.2624,0.275,353,22.398,2.176,entro il 1990
064018,Capriglia Irpina,2404,-0.6200909466721786,101.50178683377634,0.2102,2.597,294,26.18,2.141,entro il 2000
064019,Carife,1381,-7.563587684069612,99.62522276842509,0.2694,2.172,585,46.282,1.093,entro il 1990
064020,Casalbore,1772,-7.708333333333334,101.10513177612786,0.2388,0.0,595,44.074,1.313,entro il 1980
064021,Cassano Irpino,964,-0.10362694300518134,99.35334484914885,0.2173,0.181,258,40.758,1.523,entro il 1990
064022,Castel Baronia,1102,-4.006968641114982,99.60258252092676,0.2692,0.0,346,42.875,1.366,entro il 1990
064023,Castelfranci,1986,-5.473584007615421,99.68611530986637,0.2486,1.232,264,23.077,1.736,entro il 1990
064024,Castelvetere sul Calore,1569,-5.991611743559018,99.76200730002762,0.2459,1.064,399,36.876,1.45,entro il 1990
064025,Cervinara,9488,-4.633631520755855,101.78989393648271,0.2018,0.775,1051,22.607,2.041,entro il 1990
064026,Cesinali,2594,4.512489927477841,98.26646907110327,0.1936,0.504,65,6.871,2.742,entro il 1990
064027,Chianche,487,-11.61524500907441,102.18871024261824,0.2279,4.211,228,48.927,1.045,entro il 1990
064028,Chiusano di San Domenico,2219,-5.049208386820711,102.67954970341717,0.236,7.164,364,28.305,1.726,entro il 1990
064029,Contrada,3063,1.8284574468085106,101.3758299486405,0.172,0.77,101,8.875,2.692,entro il 1990
064030,Conza della Campania,1329,-6.932773109243698,102.1390430662497,0.2692,0.738,400,40.08,1.332,entro il 1990
064031,Domicella,1850,-1.3333333333333335,102.83420617364602,0.179,0.53,180,18.634,1.915,entro il 1990
064032,Flumeri,2944,-3.2533683864607297,98.95920075497548,0.269,1.028,440,26.458,1.77,entro il 1990
064033,Fontanarosa,3109,-5.3864881314668285,101.46040001252044,0.2666,2.051,523,31.02,1.844,entro il 1990
064034,Forino,5357,-0.5014858841010401,102.02186326032812,0.173,0.424,339,15.1,2.386,entro il 1990
064035,Frigento,3663,-7.289293849658314,101.42493074594184,0.2709,0.583,560,26.679,1.745,entro il 1990
064036,Gesualdo,3446,-4.197942730052822,101.39615012786122,0.2702,4.119,322,18.776,2.009,entro il 1990
064037,Greci,659,-9.972677595628415,100.58648837174003,0.1994,6.676,439,54.467,0.818,entro il 1990
064038,Grottaminarda,8004,-3.7170696499458677,101.52129450890033,0.2711,1.213,570,16.652,2.338,entro il 1990
064039,Grottolella,1903,-2.659846547314578,98.93841205804127,0.2157,0.0,528,42.512,1.532,entro il 1990
064040,Guardia Lombardi,1662,-7.512520868113523,100.74900851482695,0.2706,0.479,665,45.61,1.14,entro il 1990
064041,Lacedonia,2275,-7.104940792160066,99.66495417989728,0.2233,1.34,649,38.425,1.347,entro il 1980
064042,Lapio,1546,-6.018237082066869,100.59660710836256,0.2484,0.0,293,33.295,1.757,entro il 2000
064043,Lauro,3445,-4.755322090129941,102.16245023290728,0.1802,0.234,417,24.202,1.999,entro il 1990
064044,Lioni,6153,-2.9035821366577244,100.24522214784959,0.2668,0.131,1229,34.571,1.731,entro il 2000
064045,Luogosano,1164,-5.977382875605816,99.24956992176637,0.25799999999999995,0.148,273,36.159,1.542,entro il 1990
064046,Manocalzati,3198,-0.8679479231246126,98.86567091909093,0.2203,0.154,143,10.941,2.447,entro il 2000
064047,Marzano di Nola,1700,1.4925373134328357,102.98226329550452,0.1822,1.322,88,12.447,2.405,entro il 1960
064048,Melito Irpino,1927,-0.15544041450777202,100.22848381456241,0.2709,0.142,91,10.859,2.3,entro il 1980
064049,Mercogliano,12369,-0.1856036152356359,100.50006028540489,0.1955,0.223,856,15.767,2.278,entro il 1990
064050,Mirabella Eclano,7573,-3.9690590920618813,100.53450951367893,0.2691,1.314,1540,33.728,1.659,entro il 1990
064051,Montaguto,408,-9.131403118040089,98.85864966456225,0.1893,5.738,694,75.19,0.442,entro il 1980
064052,Montecalvo Irpino,3591,-7.686375321336761,99.87166694709695,0.268,3.578,1010,38.801,1.38,entro il 1990
064053,Montefalcione,3285,-4.171528588098016,98.2400231006939,0.2377,3.945,383,23.818,2.043,entro il 1990
064054,Monteforte Irpino,11933,8.471957094809563,100.37393555451139,0.19,0.683,589,13.019,2.638,entro il 2000
064055,Montefredane,2239,-2.9054640069384217,98.22408498423425,0.2179,0.987,160,15.399,2.155,entro il 1990
064056,Montefusco,1304,-6.321839080459771,98.4640617888332,0.2478,2.355,307,37.761,1.604,entro il 1990
064057,Montella,7692,-2.187182095625636,99.41308445864703,0.2149,1.566,1102,28.206,1.969,entro il 1990
064058,Montemarano,2809,-6.147677915135316,101.17676845086393,0.2431,0.217,497,27.084,1.531,entro il 1990
064059,Montemiletto,5288,-1.2511671335200747,97.7073953867789,0.2554,3.009,499,19.477,2.064,entro il 1990
064060,Monteverde,771,-6.771463119709795,98.94454878792149,0.2089,2.482,368,50.205,1.052,entro il 1960
064121,Montoro,19776,1.4674191893278605,102.92893971226803,0.1607,1.423,926,12.337,2.635,entro il 1990
064063,Morra De Sanctis,1231,-6.030534351145038,100.82467390149995,0.2701,0.77,594,51.562,1.069,entro il 2005
064064,Moschiano,1664,0.06013229104028864,105.34055847554346,0.1806,0.202,156,21.11,2.252,entro il 1990
064065,Mugnano del Cardinale,5270,-1.0142749812171301,100.99315988256174,0.196,2.603,229,10.367,2.386,entro il 1990
064066,Nusco,4153,-2.2823529411764705,99.43838815974514,0.2519,0.904,726,29.31,1.677,entro il 2000
064067,Ospedaletto d'Alpinolo,2123,7.548125633232017,99.46260466445315,0.2011,0.456,539,42.541,1.676,entro il 2005
064068,Pago del Vallo di Lauro,1798,-2.4945770065075923,103.41489006256177,0.1835,0.209,146,18.069,2.225,entro il 1990
064069,Parolise,661,-2.6509572901325478,100.79425505313084,0.22948,2.632,96,25.806,1.777,entro il 1980
064070,Paternopoli,2377,-4.538152610441767,99.3574149996658,0.2598,0.1,302,22.354,1.759,entro il 1990
064071,Petruro Irpino,337,-1.1730205278592376,102.36180689615176,0.23254000000000002,0.503,130,45.775,1.187,entro il 1970
064072,Pietradefusi,2320,-1.192504258943782,100.02476237525711,0.2569,3.215,191,17.332,2.105,entro il 1990
064073,Pietrastornina,1532,-2.5445292620865136,100.36835399889235,0.2168,2.22,938,57.195,0.934,entro il 1990
064074,Prata di Principato Ultra,3040,2.3224503534163583,98.35831435025896,0.2323,0.344,304,20.106,2.011,entro il 1990
064075,Pratola Serra,3866,3.924731182795699,99.55139309493953,0.2246,0.58,419,23.646,2.182,entro il 2000
064076,Quadrelle,1877,0.053304904051172705,101.29487830353175,0.198175,2.771,77,10.294,2.509,entro il 2000
064077,Quindici,1914,7.3471676948962426,103.38295575540603,0.1746,0.718,490,39.967,1.561,entro il 1990
064079,Rocca San Felice,835,-4.022988505747127,96.5151926419161,0.2706,0.0,227,38.605,1.42,entro il 1990
064078,Roccabascerana,2370,0.29623360135421073,102.52547107894767,0.2204,1.959,1297,59.251,1.083,entro il 1990
064080,Rotondi,3654,2.152641878669276,101.66990948196376,0.191,4.498,247,17.37,2.57,entro il 1990
064081,Salza Irpina,742,-2.6246719160104988,98.24173224829036,0.209,0.0,165,34.884,1.569,entro il 1990
064082,San Mango sul Calore,1169,-1.682085786375105,98.8609653306291,0.2525,0.482,325,40.676,1.463,entro il 2000
064083,San Martino Valle Caudina,4892,3.2285292255750155,102.2286837877354,0.2105,1.024,1334,42.336,1.553,entro il 1990
064084,San Michele di Serino,2490,-3.9722329348245276,101.26462880265306,0.18646000000000001,1.131,237,20.17,2.119,entro il 2000
064085,San Nicola Baronia,765,-2.0486555697823303,97.5029633116625,0.2597,0.268,295,47.352,1.228,entro il 1990
064086,San Potito Ultra,1535,-3.3983637507866584,100.10280568969415,0.2102,0.207,219,27.07,1.897,entro il 2000
064087,San Sossio Baronia,1598,-5.778301886792453,100.30043164772772,0.2529,0.765,330,32.29,1.564,entro il 1990
064088,Santa Lucia di Serino,1400,-2.5748086290883787,102.39814176987242,0.1855,0.0,136,20.7,2.131,entro il 1990
064093,Santa Paolina,1191,-12.555066079295155,100.68055779945944,0.2401,0.158,323,38.18,1.408,entro il 1990
064089,Sant'Andrea di Conza,1482,-10.127349909035779,101.10856406827003,0.2665,0.433,400,37.879,1.403,entro il 1990
064091,Sant'Angelo a Scala,737,-1.602136181575434,101.49837616984824,0.2117,0.683,215,39.305,1.347,entro il 1990
064090,Sant'Angelo all'Esca,801,-4.529201430274136,100.34568719795811,0.2619,1.141,239,42.832,1.435,entro il 1990
064092,Sant'Angelo dei Lombardi,4207,-1.7285680915673909,100.52974762463965,0.2705,1.569,370,18.29,2.08,entro il 1990
064095,Santo Stefano del Sole,2169,-0.6868131868131868,99.85783692703657,0.1955,0.144,174,17.938,2.236,entro il 1990
064096,Savignano Irpino,1128,-3.4246575342465753,101.3959381978377,0.2114,2.932,1493,74.205,0.561,entro il 1990
064097,Scampitella,1190,-11.260253542132737,101.54767125792581,0.2313,4.498,231,27.632,1.423,entro il 1980
064098,Senerchia,804,-20.474777448071215,103.10988743269495,0.227,0.82,300,39.894,1.069,entro il 2000
064099,Serino,6968,-2.0385210178546322,101.54313428576108,0.1746,1.744,604,19.297,2.226,entro il 1990
064100,Sirignano,2863,-1.0369858278603528,102.25660113031665,0.1971,4.415,449,31.051,1.98,entro il 2000
064101,Solofra,12470,0.3864112059249718,101.67823051429579,0.1598,1.509,351,7.847,2.788,entro il 1990
064102,Sorbo Serpico,602,1.6891891891891893,97.39153245069048,0.1997,2.618,118,33.239,1.696,entro il 1990
064103,Sperone,3747,2.91128810766273,103.16593758750165,0.2,0.0,176,12.13,2.582,entro il 1990
064104,Sturno,3038,-3.186743148502231,98.30666637634259,0.2707,0.143,392,23.976,1.858,entro il 1990
064105,Summonte,1577,-1.9278606965174128,102.25824970007874,0.2041,0.16,229,27.59,1.9,entro il 1990
064106,Taurano,1512,-5.381727158948686,100.42525865478922,0.1858,5.149,33,5.366,2.459,entro il 1980
064107,Taurasi,2316,-5.198526401964798,99.09428582312262,0.2588,6.13,532,34.501,1.502,entro il 1990
064108,Teora,1494,-3.4259857789269557,100.85206321790544,0.266,0.0,490,43.096,1.314,entro il 1990
064109,Torella dei Lombardi,2081,-6.765232974910394,100.7187586162328,0.2658,0.0,365,29.967,1.709,entro il 1990
064110,Torre Le Nocelle,1263,-7.13235294117647,99.6531741377402,0.2595,0.307,637,52.995,1.051,entro il 2000
064111,Torrioni,543,-6.055363321799308,99.16002428812438,0.2268,1.579,96,28.571,1.616,entro il 1990
064112,Trevico,932,-12.815715622076706,100.56256108263155,0.26,0.186,287,40.767,1.324,entro il 1980
064113,Tufo,854,-6.666666666666667,101.95663203964729,0.226,0.59,202,34.53,1.46,entro il 1990
064114,Vallata,2659,-6.4061950017599445,99.89535802834477,0.26,1.545,905,43.198,1.269,entro il 1990
064115,Vallesaccarda,1326,-6.3559322033898304,98.75782207670123,0.2375,2.976,443,45.02,1.348,entro il 1990
064116,Venticano,2539,-0.4704037632301058,98.66900818118388,0.263,1.763,274,23.519,2.179,entro il 1990
064117,Villamaina,977,-5.329457364341085,100.92950839395114,0.2682,1.502,89,18.427,2.023,entro il 1990
064118,Villanova del Battista,1619,-8.11577752553916,103.5422964129673,0.263,3.33,509,39.488,1.256,entro il 1990
064119,Volturara Irpina,3207,-5.731922398589065,99.94959370510442,0.2082,0.881,271,16.718,1.978,entro il 1990
064120,Zungoli,1073,-9.983221476510067,99.4519553110837,0.2349,0.738,356,40.501,1.221,entro il 1990
062001,Airola,8390,4.133052004468165,100.20525825899564,0.1897,0.183,265,8.429,2.669,entro il 1990
062002,Amorosi,2749,-3.0677009873060648,101.31111210124597,0.1934,0.707,342,24.569,1.975,entro il 1990
062003,Apice,5578,-3.7113757983773517,100.03656042575017,0.2703,2.658,720,25.078,1.943,entro il 1990
062004,Apollosa,2667,-1.0389610389610389,100.07018433570224,0.2291,1.148,435,28.732,1.762,entro il 1990
062005,Arpaia,2046,0.7385524372230428,105.08715834542596,0.1765,0.0,216,22.618,2.142,entro il 1990
062006,Arpaise,760,-8.872901678657074,96.90183158736463,0.2216,2.312,391,49.746,0.967,entro il 1990
062007,Baselice,2313,-8.901142181961402,102.0774068245635,0.188,1.668,327,24.385,1.725,entro il 1980
062008,Benevento,59789,-2.4601530254335446,102.03862351489398,0.2661,1.516,3235,12.411,2.294,entro il 1990
062009,Bonea,1415,-4.649595687331536,106.84652588457067,0.198,1.408,151,21.664,2.03,entro il 1980
062010,Bucciano,2098,0.8169149447381067,100.41240280792809,0.1901,0.781,113,12.418,2.305,entro il 1990
062011,Buonalbergo,1677,-7.907742998352553,99.39950865955925,0.2592,1.752,299,28.314,1.588,entro il 1970
062012,Calvi,2637,1.073208125718666,99.35594563509551,0.2675,0.577,526,35.88,1.799,entro il 1990
062013,Campolattaro,1033,-5.662100456621005,100.49962975896361,0.2649,0.0,130,22.727,1.806,entro il 1990
062014,Campoli del Monte Taburno,1649,6.939040207522698,97.66191209336955,0.2195,1.205,59,9.72,2.717,entro il 1990
062015,Casalduni,1317,-10.772357723577237,100.53885032348927,0.2657,0.214,106,15.704,1.951,entro il 1990
062016,Castelfranco in Miscano,864,-7.494646680942184,99.65385593699203,0.1982,2.979,169,30.179,1.543,entro il 1980
062017,Castelpagano,1461,-5.681084570690769,99.29945458621303,0.2179,3.499,246,29.391,1.746,entro il 1990
062018,Castelpoto,1197,-9.111617312072893,100.43497788705893,0.2448,2.222,245,30.284,1.48,entro il 1990
062019,Castelvenere,2652,1.4925373134328357,101.16962002581351,0.2512,1.102,225,17.388,2.049,entro il 1980
062020,Castelvetere in Val Fortore,1165,-15.457184325108852,99.27931980445464,0.174,3.056,634,49.147,0.903,entro il 1980
062021,Cautano,2017,-3.8149737720553167,97.55531602333393,0.2293,1.393,320,27.85,1.755,entro il 1990
062022,Ceppaloni,3370,0.0,100.14660975942641,0.2287,6.748,590,30.523,1.743,entro il 1990
062023,Cerreto Sannita,3852,-5.239852398523985,100.57127387016087,0.2655,0.201,304,16.889,2.14,entro il 1990
062024,Circello,2322,-6.257569640694388,102.31359715739077,0.2577,0.522,244,21.864,2.081,entro il 1990
062025,Colle Sannita,2387,-4.710578842315369,99.1153424434537,0.2291,1.254,233,19.596,2.008,entro il 1990
062026,Cusano Mutri,4028,-3.567153459420637,100.95152702717056,0.268,2.629,1055,38.434,1.467,entro il 1980
062027,Dugenta,2929,6.393025790047221,99.03793315364555,0.1587,0.551,204,16.101,2.312,entro il 1990
062028,Durazzano,2201,-1.5652951699463327,102.34545847742379,0.1577,0.313,325,29.492,1.997,entro il 1980
062029,Faicchio,3637,-1.3828633405639914,101.0975400567297,0.2492,5.617,810,36.635,1.645,entro il 1980
062030,Foglianise,3289,-5.947955390334572,100.03059965218372,0.2516,3.106,367,22.71,2.035,entro il 1980
062031,Foiano di Val Fortore,1403,-4.88135593220339,100.15462698938151,0.1898,0.544,187,22.973,1.724,entro il 1990
062032,Forchia,1221,-0.40783034257748774,101.46631673826015,0.1795,0.0,262,37.216,1.734,entro il 1990
062033,Fragneto l'Abate,1020,-8.273381294964029,100.16152377504172,0.2638,1.342,341,42.151,1.261,entro il 1970
062034,Fragneto Monforte,1840,-2.748414376321353,99.55594182686316,0.2659,1.569,346,33.333,1.773,entro il 1990
062035,Frasso Telesino,2260,-5.794080867027928,102.11238373546824,0.2007,0.0,168,14.52,1.953,entro il 1970
062036,Ginestra degli Schiavoni,479,-9.280303030303031,100.70563151778984,0.2054,1.385,721,76.055,0.505,entro il 1980
062037,Guardia Sanframondi,4920,-5.9812726925281865,98.8024796828438,0.2599,0.347,934,31.051,1.636,entro il 1990
062038,Limatola,4095,-0.09758477677482312,100.0288343457722,0.1437,0.0,212,13.006,2.512,entro il 1990
062039,Melizzano,1811,-3.567625133120341,99.28121774162072,0.1913,3.817,211,20.85,1.79,entro il 1990
062040,Moiano,4099,-0.7506053268765133,101.19833429747504,0.1819,0.281,414,20.773,2.057,entro il 1990
062041,Molinara,1593,-4.2092603728202045,97.05211331913947,0.2237,0.0,220,24.887,1.802,entro il 1980
062042,Montefalcone di Val Fortore,1455,-11.71116504854369,99.73889341830868,0.1962,1.0,488,40.198,1.199,entro il 1980
062043,Montesarchio,13508,2.3953911461491817,101.55914043325407,0.2132,2.927,1365,21.998,2.177,entro il 1990
062044,Morcone,4897,-2.740814299900695,99.2101962330447,0.2669,0.772,1440,41.667,1.417,entro il 1980
062045,Paduli,3881,-4.854130914439814,100.3401417470197,0.2686,1.064,459,22.566,1.908,entro il 1990
062046,Pago Veiano,2410,-5.080740448995667,101.43315984774547,0.2645,3.455,294,22.773,1.867,entro il 1990
062047,Pannarano,2145,2.582496413199426,100.90756435588328,0.2121,0.677,181,17.173,2.035,entro il 1990
062048,Paolisi,2104,6.477732793522267,102.27594138081542,0.1853,1.091,239,25.158,2.215,entro il 1990
062049,Paupisi,1633,3.551046290424857,98.97987745665164,0.2532,0.758,91,12.331,2.213,entro il 2000
062050,Pesco Sannita,1945,-6.445406445406446,98.47180094816909,0.2658,0.318,308,26.19,1.654,entro il 1980
062051,Pietraroja,529,-9.726962457337883,100.85539576180975,0.268,10.152,206,47.248,1.213,entro il 1918
062052,Pietrelcina,3094,0.8803390935767852,101.16447717362938,0.2673,0.858,289,19.714,2.111,entro il 1990
062053,Ponte,2573,-2.7956176803928976,97.5950560510782,0.263,2.406,228,18.167,2.05,entro il 1990
062054,Pontelandolfo,2169,-5.283842794759825,99.03445796648313,0.2664,3.39,579,39.254,1.471,entro il 1980
062055,Puglianello,1334,-3.3333333333333335,98.09755049483572,0.2208,0.0,116,17.236,1.982,entro il 1990
062056,Reino,1152,-8.280254777070063,98.09716513004996,0.2621,0.172,165,22.917,1.6,entro il 1990
062057,San Bartolomeo in Galdo,4743,-6.578688201693914,98.89232006133395,0.1633,4.381,1514,40.677,1.274,entro il 1990
062058,San Giorgio del Sannio,10064,2.318015453436356,100.0741069970837,0.2675,1.051,327,8.538,2.628,entro il 1990
062059,San Giorgio La Molara,2952,-3.086014445173999,99.81482736299729,0.2569,2.491,258,18.736,2.144,entro il 1980
062060,San Leucio del Sannio,3096,-4.562268803945746,99.44456450868563,0.243,0.0,341,22.317,2.026,entro il 1990
062061,San Lorenzello,2207,-4.582792909641158,97.49384605196512,0.2579,0.0,1413,60.879,0.951,entro il 1970
062062,San Lorenzo Maggiore,2123,-2.0756457564575648,99.67064939086993,0.2624,0.125,269,24.278,1.916,entro il 1990
062063,San Lupo,783,-8.741258741258742,96.55389726868238,0.2657,1.877,168,32.812,1.529,entro il 1980
062064,San Marco dei Cavoti,3295,-6.9209039548022595,100.55414710836962,0.2567,0.356,392,22.659,1.905,entro il 1980
062065,San Martino Sannita,1265,-1.4029618082618862,99.94044999461366,0.2487,0.197,325,40.473,1.575,entro il 1990
062066,San Nazzaro,906,-0.5488474204171241,99.19349015171818,0.25768,0.0,117,24.477,1.895,entro il 1990
062067,San Nicola Manfredi,3702,1.675363911013458,100.40034236014021,0.2582,1.35,186,11.9,2.369,entro il 1990
062068,San Salvatore Telesino,4075,0.8913097301312206,99.93600000296551,0.2392,1.891,786,33.291,1.726,entro il 1990
062069,Santa Croce del Sannio,897,-8.934010152284264,96.98845008376051,0.2469,0.0,864,64.526,0.67,entro il 1960
062070,Sant'Agata de' Goti,11151,-1.248671625929862,100.94537458131347,0.1885,4.668,1306,23.85,2.036,entro il 1980
062071,Sant'Angelo a Cupolo,4300,0.5612722170252572,99.51073800727312,0.2495,2.079,691,33.126,2.061,entro il 1990
062078,Sant'Arcangelo Trimonte,535,-16.275430359937403,102.63352462984022,0.2668,0.325,188,40.605,1.156,entro il 1980
062072,Sassinoro,615,-6.25,102.13929510163433,0.264,0.882,142,36.132,1.565,entro il 1945
062073,Solopaca,3778,-4.8362720403022665,100.25815005046422,0.2422,1.627,410,21.058,1.94,entro il 1970
062074,Telese Terme,7700,10.521027702023826,102.31684999796425,0.2156,1.134,695,20.678,2.291,entro il 2000
062075,Tocco Caudio,1551,1.108213820078227,100.97957363433697,0.2107,5.616,246,28.907,1.823,entro il 1990
062076,Torrecuso,3407,-0.5545826036193812,99.78106963521185,0.2626,1.767,348,20.268,1.984,entro il 1990
062077,Vitulano,2923,-0.44277929155313356,99.88727286347806,0.2483,0.989,443,28.86,1.904,entro il 1980
061001,Ailano,1330,-3.5532994923857872,98.99321436303944,0.2181,3.975,82,12.312,1.997,entro il 1980
061002,Alife,7638,-0.3782444241554715,102.78452942088462,0.2434,0.23,293,9.043,2.357,entro il 1980
061003,Alvignano,4742,-3.283703854782786,102.3750569162107,0.1905,1.092,422,18.412,2.069,entro il 1980
061004,Arienzo,5374,0.9012392039053698,104.2394831157692,0.1774,0.879,96,5.192,2.906,entro il 2000
061005,Aversa,52794,0.13656538067599863,108.30008573958557,0.1402,0.978,3140,14.984,2.519,entro il 1980
061006,Baia e Latina,2160,-3.9573143619386393,101.1107353487969,0.1852,0.834,170,16.882,2.145,entro il 1980
061007,Bellona,6106,6.450488145048815,104.92417161300449,0.12,1.496,371,15.74,2.591,entro il 1990
061008,Caianello,1865,4.598990465507572,99.78722464558419,0.1342,1.376,712,53.095,1.391,entro il 1980
061009,Caiazzo,5489,-2.8839348903043174,101.67269890401563,0.1623,1.489,1139,34.328,1.654,entro il 1980
061010,Calvi Risorta,5624,-2.749438007954349,101.96391953694405,0.113,3.081,400,16.084,2.261,entro il 1980
061011,Camigliano,1968,3.9619651347068143,101.89523512912707,0.122,1.709,185,20.857,2.219,entro il 1980
061012,Cancello ed Arnone,5715,4.958677685950414,107.63080971415975,0.1027,0.077,140,6.594,2.692,entro il 1980
061013,Capodrise,10133,3.970859839934332,104.77363526517452,0.1295,1.95,666,16.789,2.554,entro il 2000
061014,Capriati a Volturno,1538,-3.5736677115987465,102.66246099190234,0.2594,0.0,131,17.147,2.013,entro il 1970
061015,Capua,18484,-2.864049608492301,102.52040756362784,0.1221,3.169,1668,19.67,2.18,entro il 1990
061016,Carinaro,7104,2.8670721112076456,105.95577630693536,0.1327,0.979,88,3.687,2.976,entro il 2000
061017,Carinola,7248,-9.884371503170458,100.10139643005746,0.1035,1.777,493,13.954,2.052,entro il 1970
061018,Casagiove,13559,-0.8410121398274097,101.93459234609664,0.1264,1.299,567,10.311,2.466,entro il 1980
061019,Casal di Principe,21482,3.408106286704535,114.97811504697094,0.1162,0.399,2027,23.51,2.492,entro il 1990
061020,Casaluce,9893,-1.1392025582092535,110.20942806153657,0.1227,2.17,764,19.269,2.495,entro il 1990
061103,Casapesenna,7066,6.239663208540069,113.88965899778533,0.1208,0.452,366,14.605,2.82,entro il 1990
061021,Casapulla,8597,5.4458481540537225,101.11153608005479,0.12497499999999999,0.614,266,8.477,2.74,entro il 1990
061022,Caserta,75561,-0.08462809917355371,100.97538596325879,0.1428,1.066,5483,16.074,2.215,entro il 1990
061023,Castel Campagnano,1528,-4.915992532669571,99.81295391744327,0.1717,0.0,430,38.6,1.372,entro il 1970
061024,Castel di Sasso,1143,-3.5443037974683547,102.02726892448555,0.1404,3.587,133,23.09,1.984,entro il 1960
061026,Castel Morrone,3790,-3.2669729453802963,101.23555847070949,0.1386,1.2,278,16.267,2.218,entro il 1980
061027,Castel Volturno,25847,12.736075369651504,113.97985845236644,0.1152,1.628,15034,62.717,1.078,entro il 1990
061025,Castello del Matese,1436,-5.089226701916721,99.65421702251018,0.2681,5.094,268,33.086,1.773,entro il 1990
061102,Cellole,7937,3.171714545690888,102.6075093453407,0.0936,1.319,4998,62.923,0.999,entro il 1990
061028,Cervino,5011,-0.29844807003581375,104.15429487464837,0.1522,0.945,258,13.487,2.619,entro il 1990
061029,Cesa,9039,6.029325513196481,110.12776257010121,0.1436,1.767,650,19.578,2.723,entro il 1990
061030,Ciorlano,433,-0.45977011494252873,98.4343307832031,0.2496,0.0,126,38.182,1.312,entro il 1960
061031,Conca della Campania,1196,-4.2433947157726175,99.82894408867837,0.1612,3.244,320,38.05,1.422,entro il 1960
061032,Curti,7077,-0.4501336334224223,100.81759331886454,0.12283333333333335,0.904,459,15.249,2.351,entro il 1990
061033,Dragoni,2119,-1.8981481481481481,103.21783598066278,0.1933,0.443,341,30.338,1.885,entro il 1980
061101,Falciano del Massico,3621,-1.6567083107007063,101.2686285613668,0.0954,2.032,194,12.263,2.289,entro il 1980
061034,Fontegreca,792,-7.584597432905485,99.3582233562202,0.246,0.0,64,15.61,1.932,entro il 1970
061035,Formicola,1457,-3.0605455755156354,102.46027347712028,0.1314,0.0,235,27.357,1.696,entro il 1970
061036,Francolise,4860,-1.098901098901099,101.24336142036005,0.1103,1.567,456,20.0,2.132,entro il 1980
061037,Frignano,9131,4.49759670405127,109.7653912078638,0.1192,2.229,785,21.431,2.493,entro il 1990
061038,Gallo Matese,537,-16.873065015479877,100.6679381833295,0.2555,3.478,331,54.711,0.888,entro il 1970
061039,Galluccio,2152,-3.713646532438479,100.35962891717155,0.1416,3.523,647,41.079,1.366,entro il 1980
061040,Giano Vetusto,655,-0.1524390243902439,98.68535150500436,0.1223,2.658,156,34.978,1.469,entro il 1980
061041,Gioia Sannitica,3554,-1.9856591285162712,103.43926553079069,0.2566,1.395,226,13.623,2.142,entro il 1980
061042,Grazzanise,7041,-0.48056537102473496,104.05478318467452,0.1031,0.621,486,16.38,2.373,entro il 1990
061043,Gricignano di Aversa,12296,15.879747431910282,109.46391561333968,0.1369,1.502,5,0.148,3.63,entro il 2000
061044,Letino,703,-1.5406162464985995,100.61999796416383,0.2627,1.734,319,51.535,1.136,entro il 1970
061045,Liberi,1135,-1.9861830742659756,103.35415730504036,0.1478,1.742,202,30.104,1.692,entro il 1980
061046,Lusciano,15556,6.796649732253192,107.39893270632633,0.1359,2.554,899,15.659,2.71,entro il 1980
061047,Macerata Campania,10507,-0.5018939393939394,103.91824358481999,0.1237,0.798,801,18.041,2.366,entro il 1980
061048,Maddaloni,39026,-0.9944695316860317,106.25118755698504,0.158,2.986,2627,17.074,2.536,entro il 1990
061049,Marcianise,39792,-1.3168663045904323,103.67373909803595,0.1483,0.079,1455,9.786,2.676,entro il 1980
061050,Marzano Appio,2224,-4.875962360992301,102.74068846257896,0.1413,1.078,446,32.867,1.639,entro il 1970
061051,Mignano Monte Lungo,3160,-3.245560318432333,99.88234427832721,0.1915,1.207,646,33.043,1.616,entro il 1990
061052,Mondragone,28797,6.183628318584071,107.26142906646055,0.0916,3.332,3991,28.273,2.04,entro il 1990
061053,Orta di Atella,27311,9.414686911582068,109.54547816180384,0.1493,1.114,658,7.696,3.194,entro il 1990
061054,Parete,11666,5.996729056878067,106.52443535883494,0.1398,1.425,15,0.391,3.038,entro il 1990
061055,Pastorano,3057,4.799451491258142,99.72009161093105,0.1184,1.525,257,18.828,2.24,entro il 1990
061056,Piana di Monte Verna,2312,-3.1014249790444257,101.24306812020454,0.1397,2.758,245,22.539,2.127,entro il 1970
061057,Piedimonte Matese,10986,-4.477871489435701,103.53366960241301,0.2679,1.793,571,11.648,2.241,entro il 1980
061058,Pietramelara,4692,0.2992731936725096,100.5121033244403,0.146,0.655,240,12.579,2.459,entro il 1980
061059,Pietravairano,2965,-1.3639387890884898,99.75220299525411,0.1823,0.47,352,23.8,2.005,entro il 1970
061060,Pignataro Maggiore,5964,-4.054054054054054,100.28822195211859,0.1188,0.24,339,12.593,2.215,entro il 1980
061061,Pontelatone,1680,-4.328018223234624,101.97922251511787,0.1362,0.543,258,27.862,1.814,entro il 1990
061062,Portico di Caserta,7903,2.145534444875275,101.68902525601065,0.1257,2.222,366,12.348,2.666,entro il 1990
061063,Prata Sannita,1463,-6.338028169014084,101.29763585390346,0.2444,0.299,245,30.247,1.806,entro il 1960
061064,Pratella,1533,-4.959702417854929,103.47047712660319,0.2181,0.35,113,16.166,2.193,entro il 1980
061065,Presenzano,1778,1.8327605956471937,99.76805009541441,0.1852,4.475,190,21.469,2.009,entro il 1980
061066,Raviscanina,1306,-4.5321637426900585,100.41921972256574,0.2363,2.609,93,13.985,1.964,entro il 1960
061067,Recale,7710,1.420678768745067,102.94249661709232,0.1272,1.37,269,9.292,2.663,entro il 1980
061068,Riardo,2319,-3.4152436484798003,100.50247773477763,0.136,0.124,185,17.257,2.163,entro il 1990
061069,Rocca d'Evandro,3178,-5.360333531864205,102.10125054569151,0.1521,1.954,505,28.056,1.766,entro il 1990
061070,Roccamonfina,3399,-5.897009966777408,99.15857615147921,0.1199,4.883,838,36.183,1.468,entro il 1980
061071,Roccaromana,858,-1.8306636155606408,102.2421038535984,0.1636,0.569,225,37.943,1.447,entro il 1970
061072,Rocchetta e Croce,446,-2.832244008714597,99.7445292167356,0.1271,0.787,122,38.854,1.42,entro il 1980
061073,Ruviano,1617,-11.976047904191617,100.14639606091993,0.1988,1.535,380,34.358,1.462,entro il 1990
061074,San Cipriano d'Aversa,13668,1.5302332491457435,111.26695106941402,0.1175,2.839,803,15.41,2.623,entro il 1990
061075,San Felice a Cancello,17462,2.3383930141241285,105.22376727807116,0.1728,1.621,619,9.748,2.75,entro il 1990
061076,San Gregorio Matese,946,-7.797270955165692,101.52270966045944,0.2681,2.269,232,35.858,1.462,entro il 1970
061077,San Marcellino,14251,13.139091775166719,111.41478816321867,0.1246,1.467,866,17.081,2.811,entro il 1990
061104,San Marco Evangelista,6577,4.446561854851517,102.95235887481964,0.142,2.944,444,17.203,2.548,entro il 1990
061078,San Nicola la Strada,22753,7.062864671560323,101.41294535908632,0.1334,0.435,1473,16.305,2.519,entro il 1990
061079,San Pietro Infine,921,-3.56020942408377,104.07764678431084,0.2111,0.262,102,19.101,1.725,entro il 1980
061080,San Potito Sannitico,1922,-3.8038038038038042,101.22780441795315,0.2666,0.909,201,20.552,1.965,entro il 1980
061081,San Prisco,12333,3.45608589883399,101.54433592972612,0.1226,1.21,803,16.754,2.573,entro il 2000
061085,San Tammaro,5529,8.860011813349084,100.7512265671733,0.119,0.0,231,11.441,2.738,entro il 1990
061082,Santa Maria a Vico,14004,-1.0457885811192764,104.57150083009222,0.1683,0.341,1740,26.819,2.158,entro il 1980
061083,Santa Maria Capua Vetere,32893,1.0382429734295806,102.92133403517019,0.1222,0.38,1553,11.438,2.423,entro il 1990
061084,Santa Maria la Fossa,2681,0.0373134328358209,104.80400727797141,0.1108,1.695,21,2.241,2.861,entro il 1980
061086,Sant'Angelo d'Alife,2233,-1.932367149758454,100.93034545654697,0.236,1.109,266,21.661,1.818,entro il 1970
061087,Sant'Arpino,14606,3.875968992248062,108.30792196510728,0.1448,0.66,869,16.443,2.764,entro il 1990
061088,Sessa Aurunca,21252,-4.3478260869565215,101.50697553080484,0.1146,2.906,6829,44.704,1.391,entro il 1980
061089,Sparanise,7376,-1.9018486500864475,102.5660219716919,0.1097,0.44,230,7.869,2.523,entro il 1980
061090,Succivo,8476,4.500061644680064,105.44925313994152,0.144825,0.275,430,13.578,2.676,entro il 1990
061091,Teano,12303,-2.1396754692968503,101.48227715740994,0.1319,1.093,985,17.605,2.199,entro il 1970
061092,Teverola,14570,6.888709559093244,106.18744378718404,0.1265,0.602,234,4.974,3.097,entro il 2000
061093,Tora e Piccilli,872,-7.43099787685775,99.02482150179034,0.1407,4.598,283,41.254,1.271,entro il 2000
061094,Trentola-Ducenta,19844,11.495673671199011,107.26181684140909,0.1317,0.651,658,9.766,2.945,entro il 2000
061095,Vairano Patenora,6515,-2.1918630836210777,100.97880920042788,0.1867,2.772,513,16.981,2.157,entro il 1980
061096,Valle Agricola,853,-12.42299794661191,104.8575543574963,0.2563,1.677,722,62.457,0.738,entro il 1980
061097,Valle di Maddaloni,2726,-3.2990422135509045,101.73522060738865,0.1436,3.256,183,15.522,2.312,entro il 1980
061098,Villa di Briano,7094,16.371391076115486,109.5125262622931,0.11955,1.332,1325,39.946,2.139,entro il 2000
061099,Villa Literno,12184,13.013635098784897,109.68788675538228,0.1196,1.668,1098,23.258,2.581,entro il 1990
061100,Vitulazio,7436,6.198229077406455,102.52810850672799,0.1189,0.894,609,19.811,2.419,entro il 1990
063001,Acerra,59910,5.904189499734842,107.64775613799664,0.1721,3.102,3475,15.963,2.752,entro il 2000
063002,Afragola,64817,1.648213781639118,119.2146976740367,0.1688,1.439,3898,16.411,2.729,entro il 1990
063003,Agerola,7695,4.636932281751427,102.8344786666736,0.0975,1.041,1234,30.674,1.913,entro il 1980
063004,Anacapri,6962,6.2090007627765065,103.08079767274971,0.084,0.341,1008,29.167,2.014,entro il 1980
063005,Arzano,34217,-2.0215903559258943,112.08586687223966,0.1648,0.365,1562,12.397,2.716,entro il 1980
063006,Bacoli,26412,-0.8744604991555639,105.71192983402264,0.1669,0.023,1757,15.882,2.387,entro il 1980
063007,Barano d'Ischia,10001,1.1632611774226178,104.94269690638932,0.155,0.451,725,16.176,2.231,entro il 2000
063008,Boscoreale,27927,1.8527298588569967,110.6985045488642,0.1498,0.561,1889,17.254,2.551,entro il 1980
063009,Boscotrecase,10247,-1.7733895705521474,108.52346029601082,0.1542,2.211,1343,26.796,2.044,entro il 1970
063010,Brusciano,16371,2.305961754780652,108.59251996314852,0.1746,1.471,515,9.35,2.972,entro il 1990
063011,Caivano,37654,-0.023896131481825664,115.8013586646491,0.1629,1.64,2283,16.227,2.676,entro il 1980
063012,Calvizzano,12182,-2.7850929694357993,110.90309331176175,0.1574,1.964,560,12.348,2.686,entro il 1990
063013,Camposano,5320,-0.7832898172323759,104.13367545578014,0.18255000000000002,0.093,163,8.093,2.642,entro il 1980
063014,Capri,7159,5.171147348317908,101.95628991305287,0.084,0.425,2088,43.554,1.493,entro il 1970
063015,Carbonara di Nola,2437,6.048738033072237,104.32207947923688,0.1781,1.354,136,14.88,2.666,entro il 2000
063016,Cardito,22601,1.1456701722980533,113.15834718734997,0.1596,2.079,1119,13.925,2.812,entro il 1980
063017,Casalnuovo di Napoli,49250,1.458530756870339,109.4965383170004,0.1703,1.317,1595,9.437,2.914,entro il 1990
063018,Casamarciano,3277,0.4906470407850353,102.89989861103837,0.185,0.0,146,10.823,2.429,entro il 2000
063019,Casamicciola Terme,8205,1.4591319401508593,104.69369671565974,0.1567,1.037,841,20.643,2.014,entro il 1990
063020,Casandrino,14125,5.741877526575834,115.63225042735371,0.1582,0.601,642,13.496,2.969,entro il 1990
063021,Casavatore,18752,0.7413774578274417,113.42289576348718,0.1681,14.684,289,4.633,3.006,entro il 1990
063022,Casola di Napoli,3845,-0.05198856251624642,110.33829108633127,0.11280000000000001,2.778,176,12.8,2.796,entro il 1990
063023,Casoria,77087,-1.7161143906263947,110.40937449865467,0.1697,1.48,1885,6.929,2.834,entro il 1990
063024,Castellammare di Stabia,65922,0.11694130154149898,108.5753950602626,0.123,0.663,1651,6.946,2.773,entro il 1980
063025,Castello di Cisterna,7907,5.5956196581196584,110.14218435152138,0.1728,0.778,216,8.279,3.031,entro il 1990
063026,Cercola,18007,-0.5302988454952218,108.86858902827016,0.1706,0.258,442,7.047,2.871,entro il 1990
063027,Cicciano,12897,1.4872521246458925,103.2408393272849,0.1836,2.568,568,11.115,2.524,entro il 1990
063028,Cimitile,7167,1.0575296108291032,103.02673971797533,0.1806,1.33,208,7.394,2.548,entro il 1990
063029,Comiziano,1792,-2.55573681348559,101.1017346449764,0.1828,0.0,58,7.398,2.286,entro il 1980
063030,Crispano,12240,-0.7942940508996595,114.80536533272793,0.15825,2.929,473,11.335,2.933,entro il 1990
063064,Ercolano,52763,-1.4420472588026525,116.08204119546117,0.1676,0.226,3564,17.023,2.52,entro il 1970
063031,Forio,17840,7.2953629638539725,104.79461260720102,0.1427,0.656,1903,20.837,1.953,entro il 1980
063032,Frattamaggiore,29934,-0.7230034491907668,108.79011926863191,0.1612,4.075,1302,11.222,2.58,entro il 1970
063033,Frattaminore,16131,2.334580980777771,112.99878646731848,0.1517666666666667,0.614,318,6.068,3.078,entro il 1980
063034,Giugliano in Campania,124361,14.193234408286198,111.82969656531371,0.1518,1.019,4646,11.753,3.146,entro il 1990
063035,Gragnano,28897,-1.8844221105527637,107.37525620735695,0.1135,3.164,1627,14.925,2.651,entro il 1980
063036,Grumo Nevano,17939,-0.2391280169057947,111.24020280239088,0.1563,1.95,813,12.151,2.681,entro il 1980
063037,Ischia,20118,7.894454574707713,102.37166186004009,0.1584,2.618,1796,18.993,2.128,entro il 1980
063038,Lacco Ameno,4805,2.71483539974348,106.03939796175095,0.1497,0.375,570,22.556,1.901,entro il 1980
063039,Lettere,6256,1.3774104683195594,106.66402682564274,0.1121,0.581,9,0.463,3.218,entro il 1980
063040,Liveri,1616,-4.6044864226682405,103.96912297149497,0.1809,1.985,20,3.053,2.467,entro il 1990
063041,Marano di Napoli,59862,4.546010234198991,109.72649257378274,0.1621,2.963,2202,10.571,2.874,entro il 1990
063042,Mariglianella,7924,4.373024236037935,105.2132959793873,0.17523333333333332,0.494,483,16.378,2.687,entro il 1990
063043,Marigliano,29879,-1.2819242078831732,104.74712255921132,0.1764,1.629,2341,18.502,2.361,entro il 1990
063092,Massa di Somma,5353,-3.895870736086176,112.58534267724808,0.1698,0.542,122,6.424,2.819,entro il 1980
063044,Massa Lubrense,14294,1.9107372023385143,103.57601319552538,0.0983,0.622,2159,31.069,2.057,entro il 1990
063045,Melito di Napoli,37943,2.5181702737024128,115.5740543594849,0.1551,0.982,1217,9.868,3.077,entro il 2000
063046,Meta,7947,-0.32610058948952714,103.52634879343672,0.1007,1.766,487,14.568,2.377,entro il 1960
063047,Monte di Procida,12743,-1.7729129730979727,105.58274419360856,0.1669,0.878,1006,18.606,2.357,entro il 1980
063048,Mugnano di Napoli,34996,1.5996516185222818,109.81000199557012,0.1601,3.135,881,7.312,2.904,entro il 1990
063049,Napoli,966144,0.5241877586863467,111.17054737507334,0.1698,3.946,14496,4.005,2.669,entro il 1980
063050,Nola,34467,1.5677029615441282,104.83056486026177,0.1832,1.338,3241,21.272,2.262,entro il 1990
063051,Ottaviano,23710,0.6965089611823665,108.04852085214594,0.1734,0.896,2497,24.742,2.349,entro il 1990
063052,Palma Campania,18218,22.022772940388478,104.77048018293318,0.1773,5.847,880,14.613,3.025,entro il 1990
063053,Piano di Sorrento,13008,0.1925595008857737,103.27591766035813,0.0959,1.566,678,13.247,2.542,entro il 1980
063054,Pimonte,6003,0.11674449633088727,110.41216058196586,0.1075,0.0,309,14.856,2.886,entro il 1980
063055,Poggiomarino,21993,3.379712324903638,108.19761451459009,0.1643,5.477,2161,23.849,2.427,entro il 1990
063056,Pollena Trocchia,13478,-0.11857121683711278,108.87044101512033,0.1712,0.864,372,8.156,2.955,entro il 1990
063057,Pomigliano d'Arco,39819,-0.6239237315630537,104.03481061567764,0.1732,0.511,1776,11.428,2.562,entro il 1980
063058,Pompei,25207,-1.0131553112114668,104.45632257981025,0.1425,0.266,916,9.792,2.694,entro il 1980
063059,Portici,54577,-2.2127857808356626,105.73510422269925,0.1679,8.327,2007,9.086,2.471,entro il 1970
063060,Pozzuoli,81141,1.049839348427109,110.69991053184737,0.1669,0.32,5142,16.274,2.568,entro il 1990
063061,Procida,10465,2.3371797379229413,101.49990856270658,0.1637,2.173,1494,26.096,1.828,entro il 1980
063062,Qualiano,25755,4.220621560375526,112.46619774149204,0.1439,0.918,1791,18.744,2.695,entro il 1990
063063,Quarto,41151,5.068171373129755,109.65004713970976,0.1576,1.522,1854,13.076,2.902,entro il 1990
063065,Roccarainola,6940,-2.664796633941094,105.04982376738386,0.1869,0.842,103,3.921,2.642,entro il 1990
063066,San Gennaro Vesuviano,11910,7.597795645496432,105.53562232040497,0.1743,3.182,381,9.48,2.963,entro il 1990
063067,San Giorgio a Cremano,45122,-0.7784325798223238,105.50602410629801,0.1696,4.397,1036,6.123,2.667,entro il 1970
063068,San Giuseppe Vesuviano,31612,15.225077455804628,109.08088893794051,0.166,0.784,2476,21.767,2.779,entro il 1980
063069,San Paolo Bel Sito,3468,1.1668611435239207,101.82953086672688,0.18205,0.717,196,14.327,2.535,entro il 1990
063070,San Sebastiano al Vesuvio,9057,-1.189177394719616,107.36488975913751,0.16948,0.848,220,6.687,2.753,entro il 1980
063075,San Vitaliano,6469,3.669871794871795,107.36631052151122,0.1781,1.155,169,7.616,2.915,entro il 1990
063090,Santa Maria la Carità,11706,0.48931238732938453,106.14783860303787,0.1207,1.794,661,15.473,2.74,entro il 1990
063071,Sant'Agnello,9125,0.6285840317600353,104.20116132882615,0.0966,1.544,325,9.168,2.574,entro il 1980
063072,Sant'Anastasia,27690,1.5178178618565772,106.3968846901492,0.1729,2.769,1398,13.601,2.694,entro il 1990
063073,Sant'Antimo,33892,-0.6565834212686129,119.6400465196521,0.1525,3.384,5391,33.654,2.116,entro il 1990
063074,Sant'Antonio Abate,19704,0.7001584300097102,106.08472614919025,0.1187,1.866,490,7.303,2.937,entro il 1990
063076,Saviano,16182,4.352872896111434,104.19562612728086,0.1797,2.997,562,9.396,2.706,entro il 1990
063077,Scisciano,6099,5.756892665163863,101.07859224890237,0.17842,0.46,489,19.854,2.476,entro il 1990
063078,Serrara Fontana,3139,-0.7901390644753475,103.65710627904065,0.1482,4.252,790,39.284,1.561,entro il 1990
063079,Somma Vesuviana,34981,1.2006017473818202,105.7522627542147,0.1747,1.772,2145,16.162,2.636,entro il 1990
063080,Sorrento,16405,-0.8221993833504625,103.12936355059918,0.0974,2.238,739,10.834,2.405,entro il 1980
063081,Striano,8522,3.5857542238969247,106.25351941938126,0.1632,2.116,876,24.179,2.352,entro il 1990
063082,Terzigno,18584,6.7432510051694425,109.43287182124057,0.1666,2.975,1123,16.556,2.74,entro il 1990
063083,Torre Annunziata,42406,-2.4476650563607083,111.13320333163522,0.14918333333333333,0.324,1844,10.879,2.502,entro il 1980
063084,Torre del Greco,85332,-0.602220177288029,108.86156831678173,0.1633,2.718,3050,9.526,2.665,entro il 1970
063091,Trecase,8969,-1.3745326588959752,105.5941956310498,0.1623,0.67,300,8.621,2.577,entro il 1980
063085,Tufino,3674,-2.9069767441860463,105.22036660599585,0.18706,0.0,297,17.197,2.127,entro il 1990
063086,Vico Equense,20919,0.273224043715847,103.16185445881865,0.1055,1.067,1698,19.215,2.367,entro il 1990
063087,Villaricca,31223,4.1391501567607225,110.07313954603268,0.1513,0.42,1580,14.411,2.848,entro il 2000
063088,Visciano,4396,-3.4058448692595036,102.94427152483333,0.1849,2.402,368,19.564,2.337,entro il 1990
063089,Volla,24354,5.850139082058414,113.01752755396656,0.1708,0.0,703,9.407,3.259,entro il 1990
065001,Acerno,2715,-5.565217391304348,101.59119223755243,0.1776,0.0,418,27.609,1.793,entro il 1990
065002,Agropoli,21874,6.035193174657037,103.00393575290904,0.0866,0.886,5200,38.436,1.617,entro il 1990
065003,Albanella,6394,-1.7063797079169871,102.31378523633295,0.1115,0.984,715,22.541,2.016,entro il 1990
065004,Alfano,1011,-7.502287282708142,106.46871467226536,0.1101,0.0,103,19.216,1.886,entro il 1990
065005,Altavilla Silentina,7083,1.09905795032829,100.9372282800244,0.1179,2.563,476,15.068,2.242,entro il 1990
065006,Amalfi,5102,-1.162340178225494,104.42055101568273,0.0962,0.0,551,22.049,2.042,entro il 1960
065007,Angri,34126,4.7291698634340955,104.74014628165425,0.1341,9.154,1706,14.212,2.843,entro il 2000
065008,Aquara,1476,-4.835589941972921,99.4364891846929,0.124,1.916,176,20.537,1.722,entro il 1980
065009,Ascea,5855,5.154454022988506,100.72111055937962,0.0902,1.184,3090,57.36,1.087,entro il 1990
065010,Atena Lucana,2402,5.350877192982456,101.95479752487071,0.2345,1.504,125,12.626,2.426,entro il 1990
065011,Atrani,869,-0.5720823798627002,102.19790464652063,0.10060000000000001,0.0,252,40.711,1.404,entro il 1918
065012,Auletta,2264,-5.901911886949293,101.62483343686687,0.2207,5.882,187,18.138,2.196,entro il 1990
065013,Baronissi,17051,1.645305514157973,100.83922488239521,0.1191,2.278,825,12.201,2.522,entro il 1990
065014,Battipaglia,51005,1.1000991080277502,102.64137674760495,0.1107,1.75,2185,10.952,2.557,entro il 1990
065158,Bellizzi,13619,4.898713702534083,103.49927213568805,0.1033,2.151,366,7.802,2.903,entro il 1990
065015,Bellosguardo,780,-8.343125734430082,103.05462045132958,0.126,2.037,216,36.797,1.329,entro il 1960
065016,Bracigliano,5524,1.5627872770729916,103.4817895900405,0.1539,9.413,433,19.54,2.493,entro il 1990
065017,Buccino,4889,-6.662848415425734,102.47032697133079,0.2384,0.863,411,16.893,2.009,entro il 1990
065018,Buonabitacolo,2554,-0.9309542280837859,100.92152453138829,0.2108,1.085,307,24.135,2.008,entro il 1990
065019,Caggiano,2676,-4.360257326661901,101.03044449870227,0.2502,4.591,1255,54.353,1.159,entro il 1990
065020,Calvanico,1481,-5.6687898089171975,101.42762491915596,0.1403,0.491,165,21.797,1.956,entro il 1990
065021,Camerota,7107,5.335704757670076,104.27196088409347,0.1013,1.963,1974,41.237,1.485,entro il 1980
065022,Campagna,17169,7.460724791888341,102.41899913150955,0.1683,1.857,804,12.592,2.689,entro il 1990
065023,Campora,391,-15.367965367965366,100.78603561744525,0.1092,0.0,127,37.574,1.157,entro il 1970
065024,Cannalonga,1040,-3.614457831325301,102.37001663354951,0.1031,0.0,53,10.928,2.144,entro il 1990
065025,Capaccio Paestum,22802,3.607778989458379,102.80138894181543,0.0974,0.846,3145,26.832,1.945,entro il 1990
065028,Casal Velino,5322,7.885667950537198,102.20340723864467,0.0865,0.741,2504,55.41,1.178,entro il 1990
065026,Casalbuono,1168,-3.868312757201646,100.96720118788014,0.2336,0.0,155,24.682,1.86,entro il 1980
065027,Casaletto Spartano,1376,-5.299380591878871,105.06790895317096,0.2094,5.507,389,38.939,1.377,entro il 2000
065029,Caselle in Pittari,1946,-1.4184397163120568,100.95302036565023,0.1524,3.565,313,29.696,1.846,entro il 1990
065034,Castel San Giorgio,13784,2.5671552942927303,103.05291155182753,0.1352,3.191,764,14.451,2.607,entro il 1990
065035,Castel San Lorenzo,2392,-9.153057349031522,99.94909271816107,0.1098,0.6,418,26.846,1.536,entro il 1990
065030,Castelcivita,1653,-9.573304157549234,100.53132488259276,0.1376,1.976,214,20.4,1.576,entro il 1980
065031,Castellabate,9233,12.364609954971401,99.84862829441812,0.0808,2.219,3233,47.614,1.36,entro il 1990
065032,Castelnuovo Cilento,2819,8.381391772395233,103.31845716822909,0.0872,0.166,285,23.171,2.292,entro il 1990
065033,Castelnuovo di Conza,598,-6.708268330733229,105.13843834243897,0.2658,0.388,140,33.097,1.414,entro il 1990
065036,Castiglione del Genovesi,1365,0.8869179600886918,99.80973898010696,0.1162,2.091,184,27.139,2.013,entro il 1980
065037,Cava de' Tirreni,53130,-1.2526949669169578,103.22569818735921,0.1183,1.524,2017,9.942,2.619,entro il 1990
065038,Celle di Bulgheria,1861,-5.002552322613578,105.84125357162723,0.1029,8.557,413,36.007,1.622,entro il 1990
065039,Centola,5153,1.8178225647105317,102.34752939012894,0.0951,1.013,2780,57.355,1.063,entro il 1990
065040,Ceraso,2310,-7.526020816653323,99.97741329394854,0.0967,0.946,469,31.926,1.572,entro il 1980
065041,Cetara,2080,-8.891809023215067,104.14107899073718,0.0996,2.548,371,30.212,1.694,entro il 1970
065042,Cicerale,1194,-3.3980582524271843,99.5964887439716,0.0971,0.0,274,32.814,1.43,entro il 1990
065043,Colliano,3590,-4.597395694924263,102.063715365881,0.2549,2.71,293,16.686,2.044,entro il 2000
065044,Conca dei Marini,673,-8.185538881309688,106.13391316457059,0.0962,1.068,258,45.583,1.189,entro il 1980
065045,Controne,867,-0.6872852233676976,100.02971019385672,0.1221,3.548,123,26.059,1.837,entro il 1960
065046,Contursi Terme,3332,0.09011715229798738,101.21761821709906,0.1915,0.117,487,27.829,1.904,entro il 2000
065047,Corbara,2520,0.8807045636509208,102.34745446774708,0.1158,2.335,149,14.665,2.48,entro il 1980
065048,Corleto Monforte,567,-10.989010989010989,98.97604864454046,0.1676,0.0,159,35.177,1.254,entro il 1980
065049,Cuccaro Vetere,566,-1.9064124783362217,99.02611474151597,0.098,0.755,247,50.719,1.162,entro il 1990
065050,Eboli,40058,4.982047854915219,105.09455216855095,0.1207,1.785,2366,14.8,2.506,entro il 1990
065051,Felitto,1227,-5.104408352668213,101.30017039973428,0.1152,4.364,341,37.68,1.356,entro il 1980
065052,Fisciano,13967,2.06065034709536,100.71506548535486,0.1398,2.203,1180,19.466,2.304,entro il 1990
065053,Furore,756,-9.352517985611511,104.00866749052568,0.09556666666666665,0.0,142,28.862,1.537,entro il 1980
065054,Futani,1170,-4.176904176904177,101.27382867988335,0.101,0.873,297,38.077,1.5,entro il 1980
065055,Giffoni Sei Casali,5139,-2.318950769815624,101.26467134559923,0.1345,5.004,152,7.57,2.559,entro il 2000
065056,Giffoni Valle Piana,11899,-1.0231242721676925,101.53370638375014,0.1456,4.475,610,12.164,2.373,entro il 1990
065057,Gioi,1230,-7.796101949025487,100.0416248407565,0.0978,0.0,327,35.934,1.352,entro il 1970
065058,Giungano,1321,5.007949125596185,103.2004033026775,0.0942,1.111,182,28.889,2.097,entro il 1990
065059,Ispani,983,-3.43811394891945,102.60362012588145,0.126,0.586,768,62.848,0.804,entro il 1990
065060,Laureana Cilento,1180,2.608695652173913,103.13194701549484,0.0824,1.273,498,50.868,1.205,entro il 1980
065061,Laurino,1475,-13.388138578978273,101.63228251530951,0.1208,0.42,408,36.106,1.305,entro il 1970
065062,Laurito,782,-6.793802145411204,100.97081239220891,0.1082,1.862,36,9.424,2.047,entro il 1970
065063,Laviano,1373,-7.914151576123407,102.48042631731606,0.263,1.075,225,29.723,1.814,entro il 2000
065064,Lustra,1043,-5.353901996370237,100.5533746618985,0.0851,0.225,156,26.712,1.786,entro il 1980
065065,Magliano Vetere,673,-8.310626702997276,101.82515765772654,0.1067,3.365,291,46.935,1.085,entro il 1970
065066,Maiori,5570,0.05388898868331237,104.09656282168723,0.0998,0.141,1381,38.468,1.552,entro il 1970
065067,Mercato San Severino,22335,1.0770692854233606,101.49293636071212,0.1417,0.497,835,9.672,2.587,entro il 1980
065068,Minori,2718,-3.342816500711238,101.47496368635119,0.1023,0.641,518,31.663,1.661,entro il 1960
065069,Moio della Civitella,1859,0.4321988114532685,100.40313053907597,0.1018,0.651,334,32.713,1.821,entro il 1990
065070,Montano Antilia,2019,-9.745194456861869,102.71429080295088,0.1044,2.541,313,25.656,1.655,entro il 1970
065075,Monte San Giacomo,1550,-5.430140329469189,101.48502934388843,0.184,0.791,442,39.928,1.4,entro il 1980
065071,Montecorice,2681,5.261091480172752,100.61598578215072,0.0775,0.11,2974,71.49,0.644,entro il 1990
065072,Montecorvino Pugliano,10863,7.917742896880588,102.33817504106784,0.1157,1.387,514,13.247,2.8,entro il 2000
065073,Montecorvino Rovella,12682,0.8508946322067594,102.95019713228524,0.1314,2.233,458,9.755,2.701,entro il 1990
065074,Monteforte Cilento,545,-3.368794326241135,102.788395852815,0.0996,0.0,21,7.473,1.94,entro il 1980
065076,Montesano sulla Marcellana,6544,-3.438099454035709,100.8998248617889,0.2603,1.702,785,23.15,1.93,entro il 1990
065077,Morigerati,653,-6.714285714285714,104.53527127809411,0.1429,2.036,199,41.116,1.349,entro il 1990
065078,Nocera Inferiore,45784,-1.5736520767047897,104.40564800179054,0.137,7.131,1609,9.325,2.653,entro il 1980
065079,Nocera Superiore,24369,0.8775924162768557,103.26454334638495,0.1191,2.056,1308,14.336,2.671,entro il 1980
065080,Novi Velia,2292,-0.3911342894393742,102.99692396121297,0.1102,2.317,29,3.507,2.771,entro il 1990
065081,Ogliastro Cilento,2250,0.8064516129032258,101.32121515761206,0.0888,0.628,354,28.502,1.812,entro il 1980
065082,Olevano sul Tusciano,6743,-2.1335268505079825,103.62209774971767,0.1304,4.245,187,7.462,2.691,entro il 1990
065083,Oliveto Citra,3739,-2.2739153162571877,101.73888819923255,0.2038,4.568,279,15.727,2.108,entro il 1990
065084,Omignano,1645,4.577240940877305,100.27835320521062,0.0858,2.353,115,16.382,2.343,entro il 1990
065085,Orria,1068,-7.6923076923076925,103.66936204394635,0.0969,0.188,213,29.874,1.498,entro il 1970
065086,Ottati,606,-11.532846715328466,101.05604195484361,0.1542,0.372,63,17.26,1.66,entro il 1960
065087,Padula,5377,2.0690964312832194,100.3811414833838,0.2527,0.273,534,20.73,2.087,entro il 1970
065088,Pagani,35537,2.4357200507321575,106.82924116482224,0.1318,3.511,2135,15.938,2.653,entro il 1990
065089,Palomonte,3931,-2.914299827117807,99.54815623087639,0.217,5.094,4,0.265,2.602,entro il 1990
065090,Pellezzano,11101,4.746178524249858,102.03444748454777,0.1138,1.839,145,3.743,2.866,entro il 1990
065091,Perdifumo,1769,0.16987542468856173,99.7884168298736,0.0799,0.0,587,42.383,1.277,entro il 1990
065092,Perito,898,-10.2,103.37316043994915,0.0921,4.515,263,38.62,1.319,entro il 1980
065093,Pertosa,683,-2.28898426323319,99.16044960007586,0.2219,0.353,130,32.02,1.682,entro il 1990
065094,Petina,1110,-8.188585607940446,101.76654484288167,0.1855,2.005,136,22.479,1.835,entro il 1970
065095,Piaggine,1304,-9.444444444444445,103.71674068202748,0.1394,5.547,422,39.811,1.23,entro il 1945
065096,Pisciotta,2628,-4.297159504734159,99.72642479670175,0.089,1.75,1170,48.487,1.089,entro il 1980
065097,Polla,5273,-0.9579263711495115,100.32684468294224,0.2353,1.174,2161,52.249,1.275,entro il 1980
065098,Pollica,2363,-1.3772954924874792,102.14840075724261,0.0788,0.347,1908,62.825,0.778,entro il 1980
065099,Pontecagnano Faiano,26242,4.808690789999201,102.75274901288039,0.1075,4.129,1681,15.721,2.454,entro il 1990
065100,Positano,3913,1.3730569948186528,104.2102944902713,0.0985,0.534,750,33.557,1.751,entro il 1970
065101,Postiglione,2090,-4.653284671532846,102.58307549486375,0.1515,1.724,341,28.997,1.777,entro il 1980
065102,Praiano,2019,-2.9326923076923075,102.71655085007602,0.093,0.329,400,31.974,1.614,entro il 1970
065103,Prignano Cilento,1068,6.4805583250249255,100.55111890880006,0.0877,2.552,285,40.311,1.511,entro il 1990
065104,Ravello,2487,1.1798209926769732,104.11371424569515,0.1048,0.127,590,37.484,1.58,entro il 1990
065105,Ricigliano,1116,-6.844741235392321,102.47959750949272,0.2572,0.0,381,42.007,1.23,entro il 1990
065106,Roccadaspide,7116,-3.236333967908621,99.77895093155307,0.1091,3.152,1079,26.827,1.769,entro il 1980
065107,Roccagloriosa,1698,-1.5081206496519721,102.94877071158412,0.1143,0.0,510,42.394,1.411,entro il 1990
065108,Roccapiemonte,8977,-1.5787742572086392,103.6537367302018,0.1265,5.294,256,7.633,2.677,entro il 1970
065109,Rofrano,1509,-8.434466019417476,104.08082921528609,0.124,0.0,44,5.752,1.973,entro il 1980
065110,Romagnano al Monte,375,-3.10077519379845,105.13736175746804,0.2497,0.0,78,31.325,1.506,entro il 2000
065111,Roscigno,792,-4.2321644498186215,102.0632647128523,0.133,0.0,155,29.301,1.497,entro il 1970
065112,Rutino,828,-6.86164229471316,103.03347776598503,0.0864,0.321,158,31.164,1.633,entro il 1970
065113,Sacco,480,-13.200723327305605,100.98040079140976,0.1413,0.0,307,53.299,0.833,entro il 1970
065114,Sala Consilina,12636,3.159441587068332,100.8389246310858,0.2424,5.609,1177,21.105,2.266,entro il 1980
065115,Salento,1957,-1.855566700100301,101.0105165834295,0.0922,0.0,192,20.042,2.043,entro il 1990
065116,Salerno,133970,0.9258631470306838,102.59576129780149,0.1145,6.419,6097,10.932,2.402,entro il 1980
065117,Salvitelle,526,-8.996539792387544,102.57363113673476,0.239,0.0,188,41.593,1.164,entro il 2000
065118,San Cipriano Picentino,6571,-1.1433729502030991,101.91062528731062,0.1176,0.515,331,12.8,2.541,entro il 1990
065119,San Giovanni a Piro,3763,-1.285414480587618,104.94184270545668,0.1131,0.328,1343,46.729,1.309,entro il 1980
065120,San Gregorio Magno,4221,-4.198819791193826,101.21954722811503,0.2545,0.062,686,28.103,1.729,entro il 1990
065121,San Mango Piemonte,2670,3.7699183832102605,101.4246287203241,0.1152,0.0,125,12.794,2.733,entro il 2000
065122,San Marzano sul Sarno,10499,2.850705329153605,106.5091121219225,0.1415,4.521,406,11.105,2.872,entro il 1990
065123,San Mauro Cilento,865,-11.008230452674898,98.08191474858462,0.0793,1.6,757,62.1,0.71,entro il 2000
065124,San Mauro la Bruca,571,-11.609907120743033,102.45942836741781,0.0913,2.607,241,46.346,1.098,entro il 2000
065125,San Pietro al Tanagro,1707,-1.0434782608695654,99.55289182833967,0.195,1.583,352,34.817,1.688,entro il 1990
065126,San Rufo,1702,-2.2400919012062035,101.80085679061426,0.1734,0.0,312,31.611,1.724,entro il 1990
065132,San Valentino Torio,10937,4.3606870229007635,104.98456085313578,0.1521,0.311,1088,24.113,2.424,entro il 1990
065127,Santa Marina,3237,2.4691358024691357,102.65714103528914,0.1318,1.261,1333,51.23,1.244,entro il 2000
065128,Sant'Angelo a Fasanella,567,-20.140845070422536,104.08416740296109,0.1551,2.19,177,35.83,1.148,entro il 1945
065129,Sant'Arsenio,2815,2.5127458120903134,101.94272791826872,0.2049,0.838,262,19.894,2.137,entro il 1990
065130,Sant'Egidio del Monte Albino,8906,1.9926706367384335,106.27042709075099,0.1229,0.365,344,10.717,2.774,entro il 1990
065131,Santomenna,441,-5.769230769230769,101.51321828259381,0.2646,0.0,173,42.822,1.092,entro il 1990
065133,Sanza,2565,-5.210643015521065,100.28399125033309,0.1971,0.0,538,34.958,1.667,entro il 1980
065134,Sapri,6716,-1.6835016835016834,103.45836594714915,0.1566,1.501,830,23.321,1.887,entro il 1980
065135,Sarno,31625,2.026002516372552,105.71861209960718,0.1693,0.185,2332,17.829,2.418,entro il 1990
065136,Sassano,4935,-1.4773407865841486,100.68306669120724,0.2153,6.227,563,22.2,1.946,entro il 1990
065137,Scafati,50686,1.3760550422016882,105.57969213315184,0.1443,0.704,1376,7.724,2.845,entro il 1990
065138,Scala,1516,0.066006600660066,100.83005677083906,0.1008,1.449,296,34.339,1.759,entro il 1980
065139,Serramezzana,308,-11.494252873563218,105.38586394200823,0.0788,0.503,111,40.809,1.132,entro il 1970
065140,Serre,3932,-0.5060728744939271,101.83392243687587,0.136,0.955,438,22.29,2.001,entro il 1990
065141,Sessa Cilento,1302,-4.824561403508771,100.43385354870593,0.0832,3.957,282,32.753,1.512,entro il 1960
065142,Siano,9883,-1.769207832223437,104.73137642701789,0.1432,0.557,426,11.172,2.592,entro il 1990
065143,Sicignano degli Alburni,3411,-0.08787346221441124,101.87208328751356,0.1957,0.883,378,21.649,1.954,entro il 1980
065144,Stella Cilento,708,-7.8125,100.11922066688626,0.0826,0.0,80,19.56,1.731,entro il 1970
065145,Stio,853,-8.867521367521368,101.92328819217609,0.1025,2.477,153,28.229,1.574,entro il 1990
065146,Teggiano,7794,-4.637220115012847,100.68853885733813,0.1998,2.143,913,22.421,1.914,entro il 1990
065147,Torchiara,1826,1.1074197120708749,99.86346526317215,0.084,0.172,271,27.71,1.867,entro il 2000
065148,Torraca,1251,-1.2628255722178374,103.49190137176896,0.1675,3.643,222,32.035,1.805,entro il 1990
065149,Torre Orsaia,2082,-4.31985294117647,101.34450355708886,0.1219,0.654,690,43.782,1.321,entro il 1990
065150,Tortorella,506,-10.124333925399645,106.20591640017803,0.1817,0.0,87,25.74,1.497,entro il 1970
065151,Tramonti,4122,0.831702544031311,103.9307621189484,0.1091,1.327,750,33.467,1.839,entro il 1990
065152,Trentinara,1625,-4.016538688718252,103.02774690237253,0.099,0.645,210,24.249,1.876,entro il 1980
065153,Valle dell'Angelo,231,-16.60649819494585,98.0866027705613,0.1266,0.0,171,55.7,0.752,entro il 1918
065154,Vallo della Lucania,8425,-2.8034148592524226,102.26903051131188,0.1012,1.03,754,19.539,2.183,entro il 1990
065155,Valva,1620,-4.537418974661167,99.23248075178208,0.251,0.179,180,20.785,1.871,entro il 1990
065156,Vibonati,3321,3.1366459627329193,102.15509529016336,0.1446,0.457,743,34.915,1.561,entro il 1990
065157,Vietri sul Mare,7726,-3.8935190944147284,104.85458026559407,0.104,2.247,399,11.68,2.262,entro il 1970
037062,Alto Reno Terme,6925,-0.4170261719873454,99.66094681948938,0.201,0.542,2663,45.328,1.179,entro il 1970
037001,Anzola dell'Emilia,12310,3.271812080536913,99.08227515769947,0.1653,0.838,613,10.902,2.189,entro il 2000
037002,Argelato,9865,2.280974598237429,97.47835811726814,0.165,4.454,429,9.487,2.182,entro il 2000
037003,Baricella,7030,3.9940828402366866,99.1766614626618,0.1601,2.171,406,12.687,2.197,entro il 1990
037005,Bentivoglio,5513,3.1238309016086796,97.55259320548741,0.1658,2.112,258,10.295,2.2,entro il 2000
037006,Bologna,389261,4.879415655622644,98.4887993741223,0.1713,0.691,24012,11.617,1.883,entro il 1970
037007,Borgo Tossignano,3240,-2.085222121486854,100.11239048207753,0.2092,2.322,401,22.515,1.819,entro il 1980
037008,Budrio,18440,2.313710259113355,98.71521557773038,0.179,1.218,1021,11.872,2.144,entro il 1990
037009,Calderara di Reno,13224,0.6469289900296826,98.71929225719907,0.1656,2.667,647,10.524,2.151,entro il 1990
037010,Camugnano,1839,-7.911867801702553,95.76529614199622,0.2003,2.392,1649,63.059,0.703,entro il 1980
037011,Casalecchio di Reno,36456,3.4858635176564094,98.89787048307036,0.1659,0.462,1134,6.517,2.095,entro il 1980
037012,Casalfiumanese,3460,0.0,99.50242922044912,0.2081,0.673,425,22.788,1.855,entro il 1990
037013,Castel d'Aiano,1865,-3.517847904811174,97.99343902796426,0.162,0.879,1863,65.368,0.654,entro il 1980
037014,Castel del Rio,1209,-0.8203445447087777,98.47877356270313,0.2078,0.847,421,42.959,1.234,entro il 1970
037015,Castel di Casio,3418,-1.4985590778097981,98.4847530852146,0.1991,0.564,1190,42.714,1.227,entro il 1980
037016,Castel Guelfo di Bologna,4506,4.717638856611666,97.92807776048222,0.1981,0.142,319,15.47,2.185,entro il 1990
037019,Castel Maggiore,18349,4.85742042402423,97.79393298706,0.168,0.795,889,10.454,2.158,entro il 2000
037020,Castel San Pietro Terme,20862,2.02963759964787,98.1445562219773,0.2029,1.266,943,9.668,2.139,entro il 1990
037017,Castello d'Argile,6583,1.6365601358653699,97.64456737823113,0.1581,0.669,361,11.895,2.169,entro il 2000
037021,Castenaso,15363,7.007034895869611,97.69686597264428,0.1759,1.625,478,7.155,2.3,entro il 1990
037022,Castiglione dei Pepoli,5514,-6.0807358201328565,97.59709144388466,0.2012,0.529,1989,42.885,1.189,entro il 1970
037024,Crevalcore,13501,0.014815912289799242,101.06551066118837,0.1574,2.024,957,14.753,2.081,entro il 1990
037025,Dozza,6588,2.250504423405246,99.43773367737388,0.2051,2.746,329,10.967,2.196,entro il 1990
037026,Fontanelice,1944,0.0514668039114771,97.98689903179451,0.2083,1.169,318,27.919,1.707,entro il 1980
037027,Gaggio Montano,4846,-4.399289800749655,99.2009257514056,0.1775,1.358,1859,45.664,1.19,entro il 1980
037028,Galliera,5451,0.0,100.76513609916591,0.1563,1.175,329,12.777,2.117,entro il 1980
037030,Granarolo dell'Emilia,12032,11.655530809205644,98.27947881018842,0.1722,0.732,479,9.392,2.359,entro il 2000
037031,Grizzana Morandi,3894,-2.209944751381215,98.49768144389441,0.1681,0.754,1149,38.313,1.298,entro il 1980
037032,Imola,69936,3.3623505416709776,98.61674675234445,0.2086,0.805,5091,14.729,2.023,entro il 1980
037033,Lizzano in Belvedere,2191,-4.739130434782609,97.12263457351769,0.2009,0.699,3471,74.758,0.472,entro il 1980
037034,Loiano,4288,-3.7053671682012124,99.86179680274044,0.1794,1.671,1291,38.343,1.274,entro il 1980
037035,Malalbergo,9087,3.8514285714285714,98.11332874757312,0.1615,0.402,525,12.312,2.131,entro il 1990
037036,Marzabotto,6853,2.2225536992840094,99.2221487711863,0.1618,2.022,765,20.856,1.868,entro il 1990
037037,Medicina,16768,1.2621535116854883,98.4486924146259,0.1936,2.239,1117,13.952,2.094,entro il 1990
037038,Minerbio,8760,1.2365653530567433,97.13145126662849,0.1675,1.003,415,9.971,2.105,entro il 1990
037039,Molinella,15642,0.1985779258215361,99.1528004931384,0.174,1.297,1188,15.343,2.02,entro il 1990
037040,Monghidoro,3689,-3.150433184562877,99.14916885533204,0.1887,0.402,2009,52.91,0.972,entro il 1980
037042,Monte San Pietro,10960,1.2377609458710512,97.32806606692543,0.1645,1.12,867,16.005,2.023,entro il 1990
037041,Monterenzio,6110,4.124062713019768,98.26303386285068,0.1951,0.771,413,13.854,2.05,entro il 1990
037044,Monzuno,6375,3.8442743117771627,98.31840098812205,0.1671,0.681,1270,31.99,1.606,entro il 1990
037045,Mordano,4692,0.6219172206733862,97.69535381418686,0.1976,2.786,215,10.417,2.273,entro il 1990
037046,Ozzano dell'Emilia,13819,7.0410534469403565,97.3794369271781,0.1884,0.854,615,9.875,2.219,entro il 2000
037047,Pianoro,17503,3.5129221124844756,98.01870171491224,0.177,1.069,873,10.56,2.117,entro il 1990
037048,Pieve di Cento,7068,2.7624309392265194,98.85456295186972,0.1576,1.375,482,14.61,2.142,entro il 1980
037050,Sala Bolognese,8372,1.4296098861158226,97.29829111876249,0.165,0.399,381,10.223,2.246,entro il 2000
037051,San Benedetto Val di Sambro,4198,-4.43888003642158,98.60937001280766,0.182,0.853,2746,57.957,0.886,entro il 1980
037052,San Giorgio di Piano,8749,6.526238889565324,97.98135396439139,0.1608,1.138,252,6.792,2.358,entro il 2000
037053,San Giovanni in Persiceto,28153,4.444444444444445,98.41052410918606,0.1635,0.526,1759,13.435,2.15,entro il 1990
037054,San Lazzaro di Savena,32473,4.438298009198212,98.67634745429734,0.1798,0.32,1341,8.818,2.135,entro il 1990
037055,San Pietro in Casale,12418,5.469678953626635,98.1827520611506,0.1589,0.755,681,12.102,2.207,entro il 1990
037056,Sant'Agata Bolognese,7344,2.2271714922048997,99.3717735870403,0.1614,0.084,340,10.391,2.244,entro il 1990
037057,Sasso Marconi,14903,2.468371837183718,97.76174938689435,0.1653,1.63,1057,14.322,2.019,entro il 1990
037061,Valsamoggia,30849,4.800244598450877,98.99996200601394,0.1644,2.079,3179,20.173,1.958,entro il 1990
037059,Vergato,7664,0.6302521008403361,99.74665833858789,0.1634,0.494,1982,36.135,1.397,entro il 1990
037060,Zola Predosa,18939,3.90629286223734,98.16822242496151,0.1651,0.38,868,9.731,2.123,entro il 1980
038001,Argenta,21521,-2.6199095022624435,99.77057029971475,0.1663,1.787,1776,15.981,1.937,entro il 1980
038002,Berra,4709,-8.509811540703323,98.0250861281993,0.0728,1.004,778,25.813,1.562,entro il 1980
038003,Bondeno,14217,-5.578800557880056,98.38928915439351,0.1456,1.993,1294,16.56,1.819,entro il 1980
038004,Cento,35547,2.3966585049690337,98.62317705397854,0.157,0.48,3438,19.596,2.026,entro il 1990
038005,Codigoro,11740,-5.330215305217322,98.00498090187709,0.0887,2.022,652,10.382,1.869,entro il 1990
038006,Comacchio,22188,-1.6620130301821565,98.23776766662591,0.1489,0.274,32488,75.864,0.518,entro il 1990
038007,Copparo,16294,-4.152941176470589,97.42662807488074,0.1131,1.401,1231,13.941,1.845,entro il 1980
038008,Ferrara,132278,-0.012850069919498091,97.38890160396828,0.156,0.944,12895,17.151,1.759,entro il 1980
038027,Fiscaglia,8898,-6.257901390644753,98.76195321353127,0.1308,2.614,866,17.047,1.752,entro il 1980
038009,Formignana,2716,-3.138373751783167,96.71777685429343,0.1146,2.391,215,14.716,1.859,entro il 1990
038025,Goro,3742,-4.026673506027186,96.92350322682569,0.0681,0.477,242,12.757,1.973,entro il 1990
038010,Jolanda di Savoia,2838,-5.33689126084056,98.45159773553272,0.1038,1.796,237,15.35,1.838,entro il 1970
038011,Lagosanto,4844,-2.1414141414141414,97.98374761095714,0.0992,1.105,392,15.699,1.94,entro il 2000
038012,Masi Torello,2299,-2.626005929690809,97.78990363265707,0.1397,0.888,172,14.345,1.917,entro il 1990
038014,Mesola,6778,-4.360095950331593,98.27501830688834,0.0653,0.585,602,16.471,1.854,entro il 1980
038017,Ostellato,6030,-6.4826302729528535,98.39210455843349,0.1457,1.531,496,15.104,1.836,entro il 1980
038018,Poggio Renatico,9791,1.3036730470770823,98.30323073264726,0.1564,0.969,547,11.83,2.117,entro il 2000
038019,Portomaggiore,11630,-4.169413315754779,100.47642933894014,0.1559,2.185,705,11.829,1.951,entro il 1980
038020,Ro,3211,-4.32061978545888,97.78830184690518,0.0938,0.89,303,17.003,1.802,entro il 1980
038028,Terre del Reno,10031,-5.081377744133232,98.65137371508209,0.1552,0.903,951,17.889,1.887,entro il 1990
038024,Tresigallo,4387,-3.730524467851657,98.23278933662826,0.1186,2.522,296,12.715,1.884,entro il 1980
038022,Vigarano Mainarda,7592,2.1253699219800914,96.75050703117408,0.1477,1.666,232,6.905,2.26,entro il 1990
038023,Voghiera,3694,-3.374313366466126,97.14849451318543,0.1515,0.103,248,12.937,1.927,entro il 1980
040001,Bagno di Romagna,5874,-4.03528835157654,98.8935790479788,0.2099,1.623,969,27.797,1.685,entro il 1970
040003,Bertinoro,10947,1.2298871832809322,98.11751567259643,0.2077,1.783,438,9.037,2.259,entro il 1980
040004,Borghi,2857,5.114054451802796,99.90655068873701,0.186,1.297,439,29.622,1.928,entro il 1980
040005,Castrocaro Terme e Terra del Sole,6350,-2.5924221506366005,98.58769012403569,0.2099,0.085,760,21.414,1.789,entro il 1980
040007,Cesena,96760,0.8431386853706581,98.09147591568282,0.2074,1.078,4185,9.603,2.22,entro il 1980
040008,Cesenatico,25959,2.108327105377021,99.02771682586861,0.1838,0.221,9373,47.07,1.304,entro il 1990
040009,Civitella di Romagna,3758,-0.7657776604172167,101.41019135379476,0.2104,2.666,500,24.19,1.818,entro il 1980
040011,Dovadola,1581,-4.471299093655589,99.6256111995675,0.2108,0.993,225,24.752,1.739,entro il 1970
040012,Forlì,117863,1.2890695495990994,99.33336154436579,0.2082,0.714,7112,12.484,2.069,entro il 1980
040013,Forlimpopoli,13294,2.3245073891625614,98.93258521163234,0.2061,0.495,703,11.635,2.2,entro il 1980
040014,Galeata,2511,-0.11933174224343676,102.10710020138302,0.2105,0.272,323,24.231,1.884,entro il 1980
040015,Gambettola,10704,4.236050248320187,98.98740845672415,0.1896,0.871,330,7.71,2.501,entro il 1980
040016,Gatteo,8988,0.8075370121130552,99.85001690902025,0.1857,0.393,1127,25.0,1.994,entro il 1990
040018,Longiano,7190,5.1477040070195965,98.8852618852624,0.1904,1.637,365,12.656,2.493,entro il 1990
040019,Meldola,9978,-0.2698650674662669,99.97961484093364,0.2097,2.939,728,14.979,2.053,entro il 1980
040020,Mercato Saraceno,6837,-2.230802230802231,98.19025396419251,0.2065,1.882,714,20.505,1.964,entro il 1980
040022,Modigliana,4482,-5.082592121982211,98.6054348773164,0.2108,0.549,737,26.742,1.626,entro il 1980
040028,Montiano,1694,-0.35294117647058826,99.68067978956427,0.1918,0.451,127,16.601,2.214,entro il 1980
040031,Portico e San Benedetto,772,0.651890482398957,101.69833304361573,0.2101,0.0,296,43.658,1.139,entro il 1945
040032,Predappio,6287,-3.6917892156862746,99.17489154367415,0.2106,0.914,307,10.288,2.107,entro il 1980
040033,Premilcuore,777,-2.386934673366834,100.46696101028786,0.2105,0.0,395,49.748,0.979,entro il 1960
040036,Rocca San Casciano,1874,-6.253126563281642,96.99925803259126,0.2108,0.373,336,27.541,1.536,entro il 1970
040037,Roncofreddo,3388,0.2960331557134399,98.0722415347943,0.2003,0.88,470,26.213,1.89,entro il 1990
040041,San Mauro Pascoli,11929,7.1980589503953984,99.90721757974556,0.1852,1.978,1122,21.351,2.27,entro il 1990
040043,Santa Sofia,4120,-1.2937230474365118,99.27715771021118,0.2104,1.923,868,32.916,1.562,entro il 1980
040044,Sarsina,3412,-5.116796440489433,98.5558166803117,0.2089,1.263,604,29.052,1.641,entro il 1970
040045,Savignano sul Rubicone,17744,1.1630558722919042,99.43021571170645,0.1866,0.47,827,11.194,2.402,entro il 1980
040046,Sogliano al Rubicone,3230,-0.3701418877236274,98.15057495020072,0.1951,2.296,562,30.215,1.737,entro il 1970
040049,Tredozio,1165,-7.832278481012659,97.42570177800697,0.2108,1.243,353,37.158,1.226,entro il 1980
040050,Verghereto,1860,-5.343511450381679,98.65731170727275,0.2116,1.008,1356,61.385,0.842,entro il 1970
036001,Bastiglia,4234,5.717852684144819,98.86349699197525,0.1572,0.0,136,7.606,2.368,entro il 1990
036002,Bomporto,10170,3.8709018486365028,99.45586639079073,0.1579,0.703,588,13.595,2.351,entro il 2000
036003,Campogalliano,8808,3.4288398309065293,99.02878295129283,0.1626,0.59,353,9.454,2.359,entro il 1990
036004,Camposanto,3192,0.15688735487919672,100.66161293000793,0.1548,1.695,257,17.459,2.168,entro il 1980
036005,Carpi,71148,5.631356246752282,99.26032593574868,0.1589,0.448,4443,13.848,2.218,entro il 1980
036006,Castelfranco Emilia,32894,4.01593726283835,98.98925870935197,0.1647,1.674,2111,14.046,2.189,entro il 1990
036007,Castelnuovo Rangone,15035,6.359649122807018,98.50407323569178,0.1648,1.003,1203,17.749,2.218,entro il 1990
036008,Castelvetro di Modena,11303,2.234081041968162,98.70991778499815,0.1648,2.14,737,14.525,2.228,entro il 2000
036009,Cavezzo,7031,-2.2521896288057834,98.79707836072033,0.1522,3.718,468,14.041,2.11,entro il 1990
036010,Concordia sulla Secchia,8440,-5.635062611806798,99.95108231011572,0.1372,2.179,629,15.424,2.07,entro il 1980
036011,Fanano,2946,-2.3533311236327474,97.0303343533917,0.2004,1.914,2753,65.144,0.697,entro il 1980
036012,Finale Emilia,15581,-0.8716121643975061,100.08422971204371,0.1534,1.545,592,8.333,2.193,entro il 1980
036013,Fiorano Modenese,17099,1.1117024421973865,99.74121805427562,0.1639,0.743,913,12.473,2.336,entro il 1980
036014,Fiumalbo,1240,-4.688700999231361,101.01870863130549,0.2034,0.361,2248,78.822,0.435,entro il 1980
036015,Formigine,34347,1.9804038004750595,98.18747780236228,0.1647,0.271,1583,10.611,2.302,entro il 1990
036016,Frassinoro,1876,-5.4911838790931995,96.4218518629455,0.203,6.954,2093,68.466,0.614,entro il 1990
036017,Guiglia,3910,-2.7121174421497884,98.41844938297172,0.1607,2.483,1103,38.352,1.36,entro il 1980
036018,Lama Mocogno,2708,-4.547056750088122,98.61512735282649,0.1756,1.162,2209,61.191,0.75,entro il 1980
036019,Maranello,17590,5.86819139331929,99.28786500411586,0.164,0.92,516,7.484,2.551,entro il 1990
036020,Marano sul Panaro,5167,6.999378753365086,99.07548762777469,0.1622,1.855,648,24.933,1.988,entro il 1990
036021,Medolla,6253,-0.7145125436646554,98.00219231132935,0.1522,1.632,504,16.242,2.015,entro il 1980
036022,Mirandola,23650,-1.108091156178131,99.27255981557522,0.1472,0.709,2504,20.181,1.906,entro il 1980
036023,Modena,185273,3.4495658728607723,99.31243385448505,0.1641,0.397,17105,18.212,1.973,entro il 1980
036024,Montecreto,918,-7.366296670030273,98.34931525512192,0.1785,0.889,1472,75.025,0.468,entro il 1980
036025,Montefiorino,2147,-4.5777777777777775,97.81772528777238,0.1688,1.809,1345,56.229,0.898,entro il 1980
036026,Montese,3325,-0.7166318303971335,98.65650951317394,0.1727,2.361,2636,62.111,0.783,entro il 1990
036027,Nonantola,15957,4.980263157894737,98.63370555556111,0.1616,1.693,410,6.458,2.513,entro il 1990
036028,Novi di Modena,10107,-7.900492072170586,100.84084175017986,0.1519,0.625,557,11.766,2.135,entro il 1980
036029,Palagano,2148,-8.40085287846482,98.19703953555693,0.1769,5.322,1402,56.946,0.872,entro il 1980
036030,Pavullo nel Frignano,17361,0.918444457362088,99.14860098290725,0.1625,0.971,2621,27.057,1.792,entro il 1980
036031,Pievepelago,2317,3.3452274754683318,98.47553623627076,0.2042,1.071,1926,64.936,0.781,entro il 1980
036032,Polinago,1649,-5.120828538550057,100.76738919615282,0.1601,1.756,1053,55.981,0.877,entro il 1970
036033,Prignano sulla Secchia,3766,0.15957446808510636,99.11754778710772,0.1602,1.76,1037,40.023,1.453,entro il 1980
036034,Ravarino,6132,-0.2602472348731295,99.62913331511803,0.1569,1.536,389,13.913,2.193,entro il 1990
036035,Riolunato,688,-9.114927344782034,97.26303564264899,0.193,1.488,869,70.823,0.561,entro il 1980
036036,San Cesario sul Panaro,6460,5.607323851561223,98.22992841501288,0.1638,1.048,618,19.669,2.056,entro il 1980
036037,San Felice sul Panaro,10802,-1.9248229526057745,99.53178666643464,0.1536,1.451,332,7.012,2.281,entro il 1980
036038,San Possidonio,3545,-1.9634955752212389,99.4835500900551,0.1431,2.864,305,17.952,2.087,entro il 1980
036039,San Prospero,5933,1.366820433965488,97.99278476975776,0.1556,4.015,235,9.234,2.331,entro il 2000
036040,Sassuolo,40826,2.2388059701492535,100.3595504444474,0.1644,1.317,1960,11.06,2.304,entro il 1980
036041,Savignano sul Panaro,9142,-1.3914356595836481,100.37975639773205,0.1643,1.305,497,11.87,2.183,entro il 1980
036042,Serramazzoni,8304,3.386454183266932,98.50253598540435,0.1603,2.67,3208,47.653,1.234,entro il 1990
036043,Sestola,2490,-4.120138621486331,97.56782432957813,0.1874,0.731,3157,70.88,0.559,entro il 1990
036044,Soliera,15296,1.405462741978255,98.07252353451142,0.1576,0.892,658,9.994,2.323,entro il 1990
036045,Spilamberto,12767,5.2080758137618455,100.40650061911339,0.1646,0.588,531,9.754,2.345,entro il 1980
036046,Vignola,25313,4.108743933536235,99.83892728018051,0.1641,1.648,1499,13.179,2.226,entro il 1980
036047,Zocca,4608,-5.438128462959163,100.34463293307563,0.1604,2.635,2342,51.002,1.003,entro il 1980
034001,Albareto,2160,0.13908205841446453,96.78959892178824,0.2019,1.724,1119,51.33,0.991,entro il 1980
034002,Bardi,2174,-6.574989256553502,97.51207665731144,0.1984,10.267,1247,51.211,0.893,entro il 1945
034003,Bedonia,3355,-7.269209508015479,98.46445860400658,0.1948,2.53,1770,50.099,0.95,entro il 1970
034004,Berceto,2022,-5.3813757604117916,96.42165393133371,0.2016,4.844,1421,55.638,0.792,entro il 1960
034005,Bore,718,-8.99873257287706,95.95007213219677,0.1576,2.641,2054,81.379,0.284,entro il 1980
034006,Borgo Val di Taro,6907,-5.305730737592542,98.43872121216386,0.2031,2.671,1621,32.787,1.397,entro il 1980
034007,Busseto,6939,-1.4206563432305725,101.9568385788528,0.144,2.313,351,10.698,2.115,entro il 1990
034008,Calestano,2147,5.659448818897637,99.09549178428527,0.164,0.417,647,42.068,1.396,entro il 1970
034009,Collecchio,14634,5.477872279083177,97.9912696853974,0.1566,0.795,437,6.868,2.3,entro il 1990
034010,Colorno,9056,1.7756799280737243,99.95356965880097,0.0959,1.704,543,13.202,2.202,entro il 1980
034011,Compiano,1093,-2.323503127792672,97.62397586916669,0.1997,5.811,344,40.187,1.277,entro il 1970
034012,Corniglio,1863,-6.287726358148893,98.12163631948833,0.2042,0.823,1495,58.951,0.735,entro il 1980
034013,Felino,8873,2.8157589803012746,97.68500629160047,0.1572,1.201,407,10.42,2.272,entro il 1990
034014,Fidenza,26898,5.420340975896531,98.58825472163056,0.1552,0.58,1181,9.583,2.183,entro il 1980
034015,Fontanellato,7034,1.1213341000575043,98.5970048687348,0.1495,3.455,413,12.645,2.154,entro il 1980
034016,Fontevivo,5615,3.4641606780910266,97.50837764164696,0.1472,1.061,337,13.032,2.171,entro il 1990
034017,Fornovo di Taro,6004,-2.5957170668397147,101.17130311394841,0.1588,1.606,602,18.661,1.861,entro il 1980
034018,Langhirano,10346,5.614536545528788,98.40920722525439,0.1595,1.543,1191,22.6,1.963,entro il 1980
034019,Lesignano de' Bagni,5005,4.772870002093364,97.1166493559318,0.1579,0.208,394,16.513,2.098,entro il 1990
034020,Medesano,10850,1.887501173819138,99.55506265186816,0.1569,2.008,1370,24.06,1.906,entro il 1990
034021,Mezzani,3218,-4.48204214900564,99.15655655502283,0.0978,3.472,299,18.734,2.016,entro il 1970
034022,Monchio delle Corti,893,-8.970438328236494,97.32549261667357,0.2041,1.264,1303,68.579,0.47,entro il 1970
034023,Montechiarugolo,10976,4.553248237759573,97.69506818863307,0.1562,0.723,539,10.882,2.216,entro il 1980
034024,Neviano degli Arduini,3607,-1.5556768558951966,98.49643881977704,0.1613,0.399,1629,48.338,1.07,entro il 1980
034025,Noceto,12993,2.3877068557919623,97.41194513536638,0.1561,0.462,599,10.229,2.219,entro il 1980
034026,Palanzano,1123,-2.4326672458731537,95.79431216418958,0.1967,1.339,878,59.164,0.757,entro il 1970
034027,Parma,195687,11.285699662196745,98.41288872185773,0.1567,1.098,13928,14.735,2.07,entro il 1980
034028,Pellegrino Parmense,1032,-3.551401869158879,96.94445778685152,0.157,0.666,684,55.974,0.845,entro il 1970
034050,Polesine Zibello,3191,-4.26042604260426,98.76326496971986,0.1019,3.548,391,22.368,1.826,entro il 1970
034030,Roccabianca,2970,-3.540110425462813,99.54256731286983,0.1077,1.437,330,20.899,1.881,entro il 1980
034031,Sala Baganza,5622,3.4977908689248896,97.36745128964832,0.1567,0.097,422,15.841,2.11,entro il 1990
034032,Salsomaggiore Terme,19710,1.0976610586787032,98.73846861826324,0.1556,0.717,2589,22.893,1.743,entro il 1980
034033,San Secondo Parmense,5685,3.0451332245785756,99.60808564548527,0.1251,0.217,215,8.801,2.327,entro il 1990
034049,Sissa Trecasali,7843,-1.7537266691719906,98.81119075615379,0.1273,3.804,768,20.126,2.055,entro il 1980
034035,Solignano,1767,-1.9966722129783694,99.06151362200613,0.1712,3.163,626,43.715,1.234,entro il 1980
034036,Soragna,4840,-0.5751848808545604,98.05259244578815,0.1365,4.18,500,20.877,2.021,entro il 1980
034037,Sorbolo,9563,-0.3127280308558324,97.87815629119811,0.1241,1.857,454,10.403,2.191,entro il 1980
034038,Terenzo,1200,1.1804384485666104,98.73151965671215,0.1675,2.914,858,59.254,0.829,entro il 1980
034039,Tizzano Val Parma,2083,-0.7622677465459743,102.16988202784894,0.1748,3.601,2079,67.5,0.676,entro il 1980
034040,Tornolo,963,-12.135036496350365,96.19682841512834,0.1947,2.502,976,61.345,0.605,entro il 1970
034041,Torrile,7774,4.377013963480128,97.52036917931078,0.1162,2.854,235,7.117,2.354,entro il 2000
034042,Traversetolo,9474,2.233732599546779,98.58060269063624,0.1576,1.073,546,12.466,2.163,entro il 1990
034044,Valmozzola,514,-8.377896613190732,97.24756978279162,0.1977,0.369,488,61.307,0.646,entro il 1990
034045,Varano de' Melegari,2626,-1.7583239805462028,98.5725208686807,0.1585,2.444,603,33.895,1.476,entro il 1980
034046,Varsi,1209,-5.473025801407349,99.03342048552479,0.1842,4.173,926,56.95,0.744,entro il 1970
033001,Agazzano,2055,-0.436046511627907,97.86499868187809,0.0986,2.402,343,27.506,1.648,entro il 1970
033002,Alseno,4695,-2.5529265255292652,97.98420800130329,0.147,0.161,403,16.571,1.931,entro il 1990
033049,Alta Val Tidone,3052,-8.320817062180835,97.65599432550813,0.0974,2.915,2709,62.319,0.702,entro il 1970
033003,Besenzone,953,-1.5495867768595042,97.71623423776346,0.1308,0.0,88,18.526,2.006,entro il 1970
033004,Bettola,2759,-7.941274607941275,96.92637937796532,0.1318,1.038,1316,47.236,0.99,entro il 1980
033005,Bobbio,3589,-3.0785849311369162,98.12074331234722,0.1039,0.367,1834,49.235,0.963,entro il 1980
033006,Borgonovo Val Tidone,7952,3.8391224862888484,98.95283302350639,0.0972,0.159,468,12.903,2.192,entro il 1980
033007,Cadeo,6083,0.6119748594111809,98.49122403731813,0.109,0.418,195,7.466,2.329,entro il 1990
033008,Calendasco,2459,0.44934640522875813,98.07858010085819,0.0919,0.0,160,13.617,2.093,entro il 1980
033010,Caorso,4736,-2.0678246484698097,98.19130069366662,0.0946,0.774,433,18.057,1.975,entro il 1980
033011,Carpaneto Piacentino,7733,2.532484752055158,97.53359955370063,0.1222,0.842,445,12.385,2.152,entro il 1990
033013,Castel San Giovanni,13756,0.902222548228563,99.72435867147433,0.0951,1.472,588,9.535,2.231,entro il 1990
033012,Castell'Arquato,4621,-1.4922191430398637,97.31009330398504,0.1396,0.536,827,29.14,1.628,entro il 1980
033014,Castelvetro Piacentino,5331,-4.410973641742872,96.97584614605458,0.0908,1.419,416,14.91,1.911,entro il 1980
033015,Cerignale,123,-20.64516129032258,98.28661278949404,0.1088,0.562,319,75.414,0.291,entro il 1960
033016,Coli,873,-7.6190476190476195,95.42633242746966,0.1108,0.095,837,59.658,0.622,entro il 1980
033017,Corte Brugnatella,580,-12.386706948640484,99.22135275862651,0.1084,1.447,594,61.875,0.604,entro il 1980
033018,Cortemaggiore,4679,4.6054102392130565,97.79544225860052,0.1125,0.934,359,15.991,2.084,entro il 1980
033019,Farini,1198,-17.832647462277095,99.31635131943894,0.1542,2.453,1496,65.7,0.526,entro il 1960
033020,Ferriere,1238,-12.632321806633733,96.65966647127746,0.1538,0.319,2261,71.709,0.393,entro il 1960
033021,Fiorenzuola d'Arda,15276,2.5854543012557922,99.6372784425562,0.1351,2.774,600,8.617,2.194,entro il 1980
033022,Gazzola,2052,2.344139650872818,97.77432133770849,0.1001,0.556,397,30.538,1.578,entro il 2000
033023,Gossolengo,5652,3.8397942311225424,95.8080248577896,0.0987,0.0,273,10.946,2.266,entro il 2000
033024,Gragnano Trebbiense,4600,5.046814341173784,98.88421895060718,0.0975,0.285,230,11.236,2.247,entro il 2000
033025,Gropparello,2268,-2.3255813953488373,98.0210654765927,0.1244,2.267,503,30.954,1.396,entro il 1980
033026,Lugagnano Val d'Arda,3976,-4.054054054054054,98.42409330597555,0.1351,0.752,746,29.816,1.589,entro il 1980
033027,Monticelli d'Ongina,5287,-2.2193452931385242,99.26117938383001,0.0908,3.102,877,27.718,1.671,entro il 1980
033028,Morfasso,972,-10.825688073394495,96.49854498988377,0.1551,13.16,704,53.414,0.737,entro il 1960
033030,Ottone,495,-12.389380530973451,98.50511683634856,0.1122,0.334,1075,74.394,0.343,entro il 1945
033032,Piacenza,103082,2.881381306452418,99.08795237706082,0.0963,0.463,10744,19.243,1.846,entro il 1980
033033,Pianello Val Tidone,2233,-2.701525054466231,97.30529175919062,0.0987,2.759,558,34.81,1.393,entro il 1970
033034,Piozzano,624,-3.8520801232665636,100.21897138880013,0.1002,0.203,339,51.914,0.956,entro il 1970
033035,Podenzano,9144,1.4985014985014986,97.13990140981183,0.1027,0.0,285,7.175,2.302,entro il 1990
033036,Ponte dell'Olio,4691,-4.343393148450245,97.74027227733208,0.1101,0.602,546,19.985,1.717,entro il 1980
033037,Pontenure,6499,2.249842668344871,98.36846584561796,0.1014,2.048,215,7.562,2.286,entro il 1990
033038,Rivergaro,7066,3.258804617857665,97.02871268622107,0.1034,0.376,1110,27.007,1.719,entro il 2000
033039,Rottofreno,12220,4.417670682730924,97.42819993856608,0.0944,0.971,733,13.26,2.211,entro il 1990
033040,San Giorgio Piacentino,5673,-2.575991756826378,98.40730427084836,0.1088,0.623,667,21.719,1.847,entro il 1990
033041,San Pietro in Cerro,835,-10.695187165775401,97.84680920463136,0.1023,0.282,69,14.839,1.796,entro il 1960
033042,Sarmato,2845,-2.5017135023989034,98.98649416825478,0.095,1.048,219,15.521,2.016,entro il 1990
033043,Travo,2121,6.369107321965897,95.15903099438908,0.1043,0.974,1420,55.818,0.834,entro il 1970
033044,Vernasca,2079,-7.021466905187836,97.03635088680457,0.1496,3.324,759,42.073,1.152,entro il 1980
033045,Vigolzone,4294,0.6799531066822978,97.81177479955606,0.1049,0.732,383,17.037,1.91,entro il 1990
033046,Villanova sull'Arda,1728,-10.69767441860465,99.30396509709924,0.1101,2.253,216,22.477,1.798,entro il 1980
033047,Zerba,77,-15.384615384615385,100.98341060227864,0.1024,0.251,373,84.966,0.175,entro il 1960
033048,Ziano Piacentino,2527,-3.6599313762866945,98.34665764065487,0.0971,1.61,792,39.62,1.264,entro il 1970
039001,Alfonsine,11953,-2.312847335730631,98.75328660284129,0.1627,2.688,701,11.762,2.006,entro il 1990
039002,Bagnacavallo,16780,0.74447646493756,99.4354688817437,0.183,0.607,1246,14.73,1.984,entro il 1980
039003,Bagnara di Romagna,2439,2.95483326298016,96.90993779925867,0.1955,1.685,135,12.465,2.252,entro il 1980
039004,Brisighella,7579,-1.0832680762203082,98.53307426532312,0.2107,2.364,1117,24.961,1.694,entro il 1980
039005,Casola Valsenio,2601,-4.480352552331987,99.63571660063253,0.2102,2.587,462,28.188,1.587,entro il 1960
039006,Castel Bolognese,9628,1.1769651113913409,98.58124605094173,0.2079,1.309,242,5.801,2.308,entro il 1990
039007,Cervia,28700,-0.6542282529682578,99.62004151939041,0.1812,0.24,12085,48.033,1.141,entro il 1990
039008,Conselice,9779,-0.4073734596191058,100.03430818972902,0.179,0.663,755,15.513,2.009,entro il 1970
039009,Cotignola,7479,1.3277333694621325,98.85679453154656,0.1965,0.219,501,14.229,2.124,entro il 1980
039010,Faenza,58797,1.867669225038549,98.660717807802,0.2091,1.459,5003,16.893,1.985,entro il 1980
039011,Fusignano,8164,-1.1502603220728902,98.86670533790374,0.1728,0.636,331,8.663,2.137,entro il 1980
039012,Lugo,32317,0.9306973984196883,98.86703757697977,0.186,0.547,2609,16.069,1.99,entro il 1980
039013,Massa Lombarda,10646,1.1688681934809466,100.16321125880815,0.1852,1.315,430,8.802,2.179,entro il 1980
039014,Ravenna,159115,3.6863506627220475,98.77657536669021,0.1898,0.897,27207,28.463,1.665,entro il 1990
039015,Riolo Terme,5681,-1.8656071860424943,97.7965171217324,0.2097,0.23,551,18.928,1.952,entro il 1980
039016,Russi,12309,1.7861572810716944,98.67469367210086,0.1854,2.759,435,7.743,2.191,entro il 1980
039017,Sant'Agata sul Santerno,2918,3.9914468995010695,98.6319322127582,0.1829,1.486,148,11.028,2.174,entro il 1980
039018,Solarolo,4460,-1.1305697184659722,99.93440524522585,0.2032,0.377,247,12.487,2.255,entro il 1990
035001,Albinea,8830,0.7875813263326105,98.12353265646908,0.1619,0.428,655,15.764,2.125,entro il 1990
035002,Bagnolo in Piano,9752,3.7115814101882374,99.15188369832377,0.152,2.016,469,11.67,2.426,entro il 1990
035003,Baiso,3265,-3.9705882352941173,99.57105417015583,0.1598,0.192,439,23.976,1.783,entro il 1990
035004,Bibbiano,10241,2.6357987572659853,98.32328830488788,0.1576,0.43,325,7.77,2.448,entro il 1990
035005,Boretto,5345,1.7126546146527115,100.45181569249522,0.093,1.131,172,7.883,2.45,entro il 1990
035006,Brescello,5601,1.5962270995828043,99.32111069267442,0.1033,4.701,258,10.909,2.368,entro il 1980
035008,Cadelbosco di Sopra,10691,2.906920781595919,100.47031836129436,0.143,5.522,581,13.006,2.393,entro il 1990
035009,Campagnola Emilia,5639,3.0142491779320424,100.71345753128783,0.1444,1.679,370,15.296,2.331,entro il 1990
035010,Campegine,5121,0.5892751915144373,99.5060823827151,0.1349,0.942,261,11.585,2.273,entro il 1990
035018,Canossa,3762,-1.1560693641618496,99.24284972956914,0.1585,1.461,1008,38.859,1.45,entro il 1980
035011,Carpineti,4011,-3.9511494252873565,98.73848592141482,0.1613,1.112,1891,51.442,1.091,entro il 1990
035012,Casalgrande,19234,2.916153887313393,99.4472315881261,0.1639,1.784,947,11.584,2.353,entro il 1990
035013,Casina,4492,-0.37702373031714354,98.21096466948579,0.1584,4.882,1518,43.873,1.298,entro il 1990
035014,Castellarano,15326,3.0388597552776657,98.03008097835472,0.1616,1.062,847,12.878,2.33,entro il 2000
035015,Castelnovo di Sotto,8459,-1.9473745218500058,99.99102537071684,0.1255,1.35,530,13.763,2.197,entro il 1980
035016,Castelnovo ne' Monti,10473,-0.20962363030014292,99.29138719139492,0.1717,1.113,2241,33.259,1.554,entro il 1980
035017,Cavriago,9917,2.3637489677952104,98.62762053926353,0.1553,0.121,567,12.522,2.19,entro il 1990
035020,Correggio,25664,3.396317634261311,99.40021951748975,0.1594,1.208,1205,11.042,2.352,entro il 1990
035021,Fabbrico,6609,-1.0332434860736748,101.39385932176259,0.1409,0.608,282,9.605,2.251,entro il 1990
035022,Gattatico,5744,-2.561492790500424,98.4883014490896,0.1392,2.852,340,12.962,2.19,entro il 1980
035023,Gualtieri,6471,-2.0880617339990923,100.70531730813752,0.1157,1.145,208,7.597,2.363,entro il 1980
035024,Guastalla,15032,1.7876489707475622,98.76196054867766,0.1147,1.361,947,13.833,2.196,entro il 1980
035026,Luzzara,8962,-2.3108785698713756,99.9103810102518,0.1058,1.329,486,12.594,2.322,entro il 1980
035027,Montecchio Emilia,10578,3.4118682178121027,97.85721526155142,0.1555,2.268,835,17.01,2.155,entro il 1990
035028,Novellara,13721,2.0907738095238093,100.20474504741044,0.1414,1.7,672,11.572,2.363,entro il 1990
035029,Poviglio,7285,3.7158314350797266,99.64196290633497,0.1114,1.892,280,9.211,2.396,entro il 1990
035030,Quattro Castella,13217,2.4891439205955335,98.40065972402354,0.1599,0.475,818,13.886,2.244,entro il 2000
035033,Reggio nell'Emilia,171944,5.7661315125791965,99.27137752369184,0.1628,0.785,6529,8.732,2.3,entro il 1990
035032,Reggiolo,9110,-0.9244154431756388,101.84223663420241,0.1288,1.065,240,6.7,2.543,entro il 1990
035034,Rio Saliceto,6136,0.34341782502044155,99.4667750813412,0.1483,0.404,341,12.878,2.317,entro il 1990
035035,Rolo,4062,0.37064492216456635,99.88902627327374,0.1402,0.0,182,10.737,2.396,entro il 1980
035036,Rubiera,14833,2.6647286821705425,97.74831654286511,0.1622,1.327,811,12.253,2.241,entro il 2000
035037,San Martino in Rio,8111,4.455891822279459,98.28832175912649,0.161,3.091,454,13.267,2.37,entro il 1990
035038,San Polo d'Enza,6156,3.5840484603735483,98.55088927774864,0.1581,3.261,739,23.203,1.933,entro il 1990
035039,Sant'Ilario d'Enza,11263,2.8208873470878215,98.98717640685958,0.1452,0.884,414,8.57,2.331,entro il 1990
035040,Scandiano,25758,3.875468806710489,98.2504520203229,0.1636,1.207,1349,11.986,2.289,entro il 1990
035041,Toano,4433,0.2714318027595567,98.12759530571564,0.1675,1.482,1360,42.144,1.374,entro il 1980
035046,Ventasso,4218,-4.418762746431,98.67103637757964,0.2048,2.6,5476,71.47,0.551,entro il 1980
035042,Vetto,1852,-5.3653551354113445,100.84307227986805,0.1652,0.459,669,42.83,1.186,entro il 1980
035043,Vezzano sul Crostolo,4262,0.8757396449704142,97.87990882523569,0.1594,2.765,720,29.292,1.734,entro il 1990
035044,Viano,3337,-0.7731192387749034,98.27524322800599,0.1605,1.131,797,35.917,1.504,entro il 1980
035045,Villa Minozzo,3658,-6.13292276109828,98.44013158409973,0.2031,1.81,3077,61.961,0.737,entro il 1980
099001,Bellaria-Igea Marina,19580,5.009117236940899,100.41473605224343,0.1835,1.045,3929,34.109,1.7,entro il 1990
099021,Casteldelci,389,-11.791383219954648,99.94481685564902,0.2108,1.07,419,67.363,0.625,entro il 1970
099002,Cattolica,17177,3.763440860215054,99.6841163139017,0.1836,1.104,2283,24.021,1.807,entro il 1980
099003,Coriano,10522,4.821677625024905,100.28206875782435,0.1845,0.922,876,18.722,2.249,entro il 2000
099004,Gemmano,1138,-0.3502626970227671,99.13917210867203,0.1817,3.03,169,26.121,1.759,entro il 1980
099022,Maiolo,819,-2.5,99.96078213992705,0.1801,1.493,244,42.732,1.434,entro il 1970
099005,Misano Adriatico,13330,8.683245006114962,100.2347692191274,0.1846,1.053,3894,44.185,1.513,entro il 2000
099006,Mondaino,1390,-3.2707028531663185,99.20974234922525,0.1857,2.725,225,28.02,1.731,entro il 1980
099008,Montefiore Conca,2278,3.0303030303030303,99.76999236520176,0.1854,3.36,365,29.061,1.814,entro il 1970
099009,Montegridolfo,1003,-2.1463414634146343,98.76681370381323,0.1857,0.334,115,22.908,1.998,entro il 1990
099029,Montescudo-Monte Colombo,6853,3.6605657237936775,98.98739678462427,0.1849,0.603,497,15.986,2.204,entro il 2000
099011,Morciano di Romagna,7020,2.049716528565199,100.38178820980467,0.1849,1.004,676,19.888,2.065,entro il 1990
099023,Novafeltria,7119,-2.063557573256294,98.62305677296946,0.1899,0.568,692,18.917,1.946,entro il 1980
099024,Pennabilli,2772,-7.815098104423013,99.10005406394333,0.1914,0.763,1144,47.156,1.143,entro il 1970
099028,Poggio Torriana,5191,3.654153354632588,97.83044593191595,0.1856,1.398,448,19.285,2.235,entro il 1990
099013,Riccione,35003,1.2876902598530007,99.87990640829157,0.1839,0.074,6070,29.011,1.673,entro il 1980
099014,Rimini,149403,6.924932189197507,99.28152958949512,0.1848,0.855,11828,16.807,2.123,entro il 1980
099015,Saludecio,3063,1.089108910891089,98.99993328882262,0.1855,2.253,502,29.357,1.791,entro il 1980
099016,San Clemente,5536,4.551463644948065,99.16534150975697,0.185,2.402,514,20.212,2.177,entro il 2005
099017,San Giovanni in Marignano,9455,5.6778808539175145,99.54272557766905,0.1848,2.448,2475,41.278,1.577,entro il 1990
099025,San Leo,2883,-2.7983816587997303,99.92123217408052,0.1785,2.492,513,29.93,1.682,entro il 1970
099026,Sant'Agata Feltria,2121,-6.769230769230769,98.45599241109777,0.1972,2.792,622,39.821,1.358,entro il 1980
099018,Santarcangelo di Romagna,22171,6.48895292987512,98.65283641945057,0.1871,3.014,1557,16.173,2.303,entro il 2000
099027,Talamello,1097,3.6862003780718333,97.97033096315425,0.1837,1.619,315,41.667,1.451,entro il 1980
099020,Verucchio,10012,0.33069445836256134,99.47129012105627,0.1829,7.123,675,15.362,2.279,entro il 1990
031001,Capriva del Friuli,1717,-0.9803921568627451,95.43878927917144,0.1985,0.0,79,9.838,2.138,entro il 2000
031002,Cormons,7347,-2.6371587596077393,97.778152787354,0.2058,0.628,654,16.633,1.869,entro il 1980
031003,Doberdò del Lago,1385,-3.6186499652052886,95.94326154094718,0.1775,1.473,75,11.177,2.064,entro il 1990
031004,Dolegna del Collio,347,-9.87012987012987,97.38342921908446,0.2295,2.273,61,27.727,1.577,entro il 1970
031005,Farra d'Isonzo,1717,-1.8296169239565465,96.10345830020121,0.1875,0.355,81,9.62,2.039,entro il 1990
031006,Fogliano Redipuglia,3048,0.1643115346697338,97.05018027053897,0.152,0.481,55,3.917,2.171,entro il 1990
031007,Gorizia,34411,-2.2636900704385368,98.30228031023233,0.2092,1.126,3169,16.157,1.754,entro il 1980
031008,Gradisca d'Isonzo,6452,-0.8757105546166846,97.24343576493665,0.1701,0.559,196,6.185,2.036,entro il 1990
031009,Grado,8173,-2.7949571836346334,97.31123677002016,0.106,1.04,8435,67.072,0.65,entro il 1980
031010,Mariano del Friuli,1486,-6.775407779171895,96.1418749394387,0.1745,0.345,142,16.647,1.742,entro il 1990
031011,Medea,962,-1.4344262295081966,97.97873430669571,0.1662,1.042,94,17.905,1.832,entro il 1990
031012,Monfalcone,28107,4.258318186876368,100.41264818707816,0.143,1.602,1308,9.478,2.037,entro il 1980
031013,Moraro,753,-2.461139896373057,95.70829515693482,0.1872,0.0,52,13.472,1.951,entro il 1990
031014,Mossa,1553,-5.6500607533414335,96.21943881515165,0.19881999999999997,0.428,43,5.795,2.093,entro il 1990
031015,Romans d'Isonzo,3717,0.21569156106767323,97.40644643635042,0.1608,0.563,239,12.767,1.986,entro il 1990
031016,Ronchi dei Legionari,11971,0.29323056300268097,97.10705505145947,0.1477,0.496,465,7.956,2.048,entro il 1980
031017,Sagrado,2183,-1.8435251798561152,96.48282695450962,0.175,0.297,143,12.522,1.912,entro il 2000
031018,San Canzian d'Isonzo,6227,-1.0645058786145534,96.93652627341068,0.1302,2.628,338,10.967,2.02,entro il 1990
031019,San Floriano del Collio,775,-2.882205513784461,100.01199075260118,0.2082,0.719,39,11.048,2.195,entro il 1990
031020,San Lorenzo Isontino,1540,-1.345291479820628,95.77796571394958,0.1907,1.954,64,8.684,2.09,entro il 1990
031021,San Pier d'Isonzo,2023,0.5467196819085487,97.21153793066625,0.1473,0.0,91,9.64,2.143,entro il 2000
031022,Savogna d'Isonzo,1718,-0.23228803716608595,95.85707596311835,0.1852,0.93,47,6.421,2.347,entro il 1990
031023,Staranzano,7297,1.417651146629604,97.21775203767336,0.1254,0.323,130,4.059,2.278,entro il 2000
031024,Turriaco,2832,1.5781922525107603,97.45755157691137,0.13405,0.565,201,13.978,1.969,entro il 2000
031025,Villesse,1698,-0.6436512580456407,97.0468294005802,0.1519,1.354,75,9.146,2.071,entro il 1990
093001,Andreis,248,-11.743772241992882,96.22174407140865,0.2563,1.991,333,67.821,0.505,entro il 1980
093002,Arba,1278,-2.0689655172413794,97.91248330650211,0.2529,2.258,315,36.585,1.484,entro il 1990
093004,Aviano,9080,0.9225297321329331,97.60260284032573,0.2561,1.892,4043,51.054,1.147,entro il 1980
093005,Azzano Decimo,15744,1.2345679012345678,96.25844269527954,0.1752,1.038,992,14.085,2.235,entro il 1990
093006,Barcis,256,-2.6615969581749046,95.49683803413016,0.2561,0.0,286,64.706,0.579,entro il 1960
093007,Brugnera,9290,0.22656165713669218,97.5660481611397,0.2017,1.524,478,12.304,2.391,entro il 1990
093008,Budoia,2571,0.27301092043681746,96.99697178479175,0.256,0.376,879,43.601,1.275,entro il 1980
093009,Caneva,6339,-2.3567467652495377,97.46268051674244,0.2509,1.868,791,23.683,1.898,entro il 1980
093010,Casarsa della Delizia,8404,-0.7557864903164856,98.30836202039839,0.1704,1.182,420,11.018,2.205,entro il 1990
093011,Castelnovo del Friuli,864,-5.054945054945055,96.65852988815773,0.2581,0.729,363,46.125,1.098,entro il 1990
093012,Cavasso Nuovo,1533,-3.9473684210526314,96.66274717392862,0.2575,0.286,427,40.094,1.439,entro il 1980
093013,Chions,5180,-0.34628703347441325,98.13420442414136,0.1413,1.646,227,10.568,2.412,entro il 1990
093014,Cimolais,363,-13.365155131264917,95.59957544958392,0.2273,0.0,263,56.926,0.786,entro il 1980
093015,Claut,946,-5.588822355289421,97.75631499346831,0.247,3.96,570,54.389,0.903,entro il 1970
093016,Clauzetto,380,-1.5544041450777202,93.61387084538906,0.2589,0.157,508,69.78,0.522,entro il 1980
093017,Cordenons,18210,0.04395121415229096,96.3654281463019,0.2214,0.376,727,9.113,2.283,entro il 1990
093018,Cordovado,2736,-0.145985401459854,96.51184337705058,0.1155,2.994,143,11.367,2.175,entro il 1990
093019,Erto e Casso,371,-3.1331592689295036,96.48548232467307,0.2306,5.801,360,66.176,0.682,entro il 1960
093020,Fanna,1554,-0.06430868167202572,97.31096409368857,0.2567,0.675,207,23.576,1.77,entro il 1990
093021,Fiume Veneto,11729,1.946979574098218,95.90622528796216,0.1788,0.364,509,10.123,2.333,entro il 1990
093022,Fontanafredda,12521,8.510269520755697,96.6128276502148,0.2354,2.455,448,8.842,2.471,entro il 1990
093024,Frisanco,600,-6.832298136645963,96.44192487843638,0.2575,5.678,419,56.317,0.806,entro il 1918
093025,Maniago,11746,-0.919443272880641,97.38490435574683,0.2569,0.995,907,15.935,2.064,entro il 1980
093026,Meduno,1541,-7.168674698795181,95.84360545218019,0.258,0.112,298,29.187,1.509,entro il 1980
093027,Montereale Valcellina,4365,-3.1721384205856253,96.45561879647688,0.2565,1.165,833,30.58,1.602,entro il 1980
093028,Morsano al Tagliamento,2788,-2.4833857992305,97.31567054028321,0.1207,1.389,208,15.77,2.114,entro il 1980
093029,Pasiano di Pordenone,7736,-1.5400280005091,98.3765722594673,0.1656,0.937,380,12.156,2.475,entro il 1990
093030,Pinzano al Tagliamento,1514,-3.5054174633524537,97.56470093413505,0.2511,0.516,448,39.506,1.335,entro il 1990
093031,Polcenigo,3151,-0.8183821214982688,96.70730093818909,0.2554,2.773,1048,42.776,1.286,entro il 1970
093032,Porcia,15280,0.2690465253625566,96.75623555825008,0.2093,0.558,859,12.034,2.141,entro il 1990
093033,Pordenone,51127,1.5129554253946191,97.6995956795369,0.2132,0.992,3399,13.267,1.996,entro il 1990
093034,Prata di Pordenone,8426,-0.4018912529550827,97.21760454996227,0.1866,1.719,338,9.789,2.44,entro il 1990
093035,Pravisdomini,3500,0.5458201666187876,99.05328988230747,0.1307,0.931,322,20.226,2.198,entro il 1990
093036,Roveredo in Piano,5939,2.662057044079516,96.56104527204981,0.2263,1.49,592,20.463,2.053,entro il 2000
093037,Sacile,19905,0.18622911214012483,96.95809851764591,0.226,1.162,928,10.333,2.216,entro il 1990
093038,San Giorgio della Richinvelda,4633,2.0709407358449,97.51122966958305,0.2223,1.038,211,10.571,2.321,entro il 1990
093039,San Martino al Tagliamento,1476,-1.3368983957219251,97.18510333250846,0.1961,2.235,111,16.276,2.164,entro il 1980
093040,San Quirino,4328,1.2634534394010295,96.35821361506633,0.2365,0.774,446,21.028,2.041,entro il 1980
093041,San Vito al Tagliamento,15063,0.3798480607756897,97.76030520038807,0.1535,0.992,920,13.117,2.148,entro il 2000
093042,Sequals,2231,0.540784136998648,96.78140103408845,0.2516,0.55,275,22.955,1.862,entro il 1990
093043,Sesto al Reghena,6367,0.6481188744862473,96.13613401131694,0.1311,0.157,413,14.188,2.187,entro il 1990
093044,Spilimbergo,12151,1.9208186545881565,97.87230753742381,0.2397,1.798,1222,19.618,1.951,entro il 1980
093045,Tramonti di Sopra,301,-15.211267605633802,96.67284558657137,0.2534,5.955,300,61.35,0.616,entro il 1970
093046,Tramonti di Sotto,367,-10.268948655256724,93.62908977121803,0.2582,0.0,478,69.578,0.534,entro il 1960
093047,Travesio,1790,-0.5555555555555556,99.04024872146945,0.2581,0.463,333,30.108,1.618,entro il 1980
093052,Vajont,1677,-2.1586931155192532,101.3619591088705,0.25670000000000004,0.0,111,14.194,2.145,entro il 1980
093053,Valvasone Arzene,3921,-1.1595664229896647,96.80465702656981,0.1903,1.231,286,14.888,2.041,entro il 1990
093049,Vito d'Asio,734,-9.60591133004926,98.2780999817237,0.2596,2.228,729,63.668,0.641,entro il 1990
093050,Vivaro,1343,-4.0028591851322375,97.65212345115414,0.2405,0.332,187,25.304,1.817,entro il 1980
093051,Zoppola,8483,0.7482185273159145,96.25207528638896,0.1989,1.699,276,7.816,2.402,entro il 1980
032001,Duino-Aurisina,8480,-1.2345679012345678,97.23485621037277,0.1504,0.288,392,9.3,2.012,entro il 1990
032002,Monrupino,883,0.7990867579908676,99.14173065078295,0.1504,0.0,40,10.724,2.367,entro il 1990
032003,Muggia,13111,0.3136954858454476,97.59057856693063,0.0978,0.573,556,8.5,2.004,entro il 1980
032004,San Dorligo della Valle-Dolina,5754,-2.2259983007646555,97.05942467051399,0.1387,0.704,338,11.847,2.017,entro il 1980
032005,Sgonico,2072,-0.38461538461538464,97.09835303250438,0.1526,0.727,110,11.53,2.172,entro il 1990
032006,Trieste,204338,1.25065654513562,97.85711998487072,0.1414,1.537,12189,10.886,1.825,entro il 1970
030001,Aiello del Friuli,2243,-1.2329370321444297,96.108728411562,0.1394,0.285,136,12.687,2.092,entro il 1980
030002,Amaro,857,2.0238095238095237,96.9509977973239,0.2511,1.818,119,24.286,1.749,entro il 1980
030003,Ampezzo,983,-4.00390625,96.88739329938136,0.2298,0.181,420,45.504,1.065,entro il 1970
030004,Aquileia,3306,-3.783469150174622,96.73835620194585,0.1127,0.0,155,9.128,1.947,entro il 1990
030005,Arta Terme,2076,-7.362784471218206,97.52787443000007,0.2147,2.083,968,50.496,1.083,entro il 1990
030006,Artegna,2871,0.3144654088050315,94.90664205403388,0.2603,0.0,234,15.843,1.944,entro il 1990
030007,Attimis,1744,-6.1861215707369555,97.0488703949623,0.2612,0.0,219,20.739,1.652,entro il 1990
030008,Bagnaria Arsa,3483,-2.5734265734265733,96.06040646551402,0.1356,0.0,141,8.736,2.158,entro il 1990
030009,Basiliano,5345,-0.3170458784035807,96.0863279319854,0.1888,1.567,261,10.705,2.192,entro il 1980
030010,Bertiolo,2423,-6.048856145792943,96.26385871263503,0.1431,1.459,268,20.536,1.857,entro il 1980
030011,Bicinicco,1867,-2.861602497398543,96.912021407129,0.1479,1.685,143,16.38,2.139,entro il 1980
030012,Bordano,736,-7.421383647798742,97.45167255797365,0.2603,0.0,169,31.947,1.391,entro il 1990
030013,Buja,6484,-2.0247809005741915,97.40653110233626,0.2571,0.449,842,22.775,1.754,entro il 1990
030014,Buttrio,4011,-0.4467609828741623,96.39070477427946,0.2087,1.296,94,5.281,2.253,entro il 1980
030015,Camino al Tagliamento,1614,-1.9441069258809234,97.79865009352648,0.1417,0.786,213,25.088,1.901,entro il 1990
030016,Campoformido,7891,2.5471085120207926,96.95430356398413,0.1889,1.636,328,9.423,2.267,entro il 1990
030138,Campolongo Tapogliano,1155,-4.545454545454546,95.56303632422784,0.1477,4.627,100,16.447,1.9,entro il 1970
030018,Carlino,2784,-0.21505376344086022,95.72355794385818,0.1032,1.697,238,17.962,2.101,entro il 1990
030019,Cassacco,2910,-0.41067761806981523,97.89975369015666,0.2502,2.078,220,14.956,1.978,entro il 1980
030020,Castions di Strada,3767,-2.4093264248704664,96.77049761757449,0.1362,1.118,185,10.681,2.175,entro il 1990
030021,Cavazzo Carnico,1024,-6.739526411657559,98.77477336933782,0.2578,0.739,257,35.205,1.403,entro il 1990
030022,Cercivento,672,-3.170028818443804,98.2902160052603,0.176,1.562,787,70.837,0.605,entro il 1980
030023,Cervignano del Friuli,13881,3.5509138381201044,97.84161482042973,0.1284,1.006,564,8.746,2.152,entro il 1990
030024,Chiopris-Viscone,648,4.854368932038835,94.14429505412694,0.1759,0.0,47,14.826,2.044,entro il 1980
030025,Chiusaforte,628,-10.285714285714285,98.22212390452013,0.2484,0.423,610,63.874,0.658,entro il 1980
030026,Cividale del Friuli,11176,-2.2222222222222223,98.01053476171462,0.2493,0.852,952,16.327,1.917,entro il 1980
030027,Codroipo,16165,2.3101265822784813,96.6975969332676,0.1599,2.48,1315,16.599,2.041,entro il 1980
030028,Colloredo di Monte Albano,2187,-1.9282511210762334,95.23741537871726,0.242,0.248,121,11.362,2.054,entro il 1990
030029,Comeglians,491,-8.05243445692884,97.37866044394433,0.1764,1.62,511,65.513,0.629,entro il 1980
030030,Corno di Rosazzo,3170,-3.058103975535168,97.50484722963209,0.2181,2.567,151,10.3,2.162,entro il 1990
030031,Coseano,2181,-3.580901856763926,97.12773638484468,0.2211,7.143,165,15.306,2.023,entro il 1980
030032,Dignano,2302,-3.883089770354906,96.26963983498632,0.2235,3.063,250,20.358,1.875,entro il 1980
030033,Dogna,168,-11.578947368421053,96.9423965446586,0.2312,11.062,253,70.868,0.471,entro il 1980
030034,Drenchia,113,-15.671641791044777,92.89619564451796,0.2448,0.948,134,59.556,0.502,entro il 1990
030035,Enemonzo,1305,-3.261675315048184,96.39224579015153,0.2438,0.46,269,31.206,1.514,entro il 1990
030036,Faedis,2871,-4.649618067087347,96.919868681017,0.2592,1.22,450,25.892,1.652,entro il 1980
030037,Fagagna,6296,0.47877433769549954,96.52936805702365,0.2259,1.324,268,9.156,2.151,entro il 1990
030190,Fiumicello Villa Vicentina,6340,-1.014832162373146,95.84797614571387,0.1203,0.444,367,11.846,2.046,entro il 1990
030039,Flaibano,1122,-6.3439065108514185,95.60819719567081,0.1987,2.119,123,19.743,1.801,entro il 1980
030137,Forgaria nel Friuli,1773,-2.7960526315789473,98.07329996761663,0.259,0.223,641,43.311,1.198,entro il 1990
030040,Forni Avoltri,562,-11.912225705329153,97.70848550020148,0.1362,1.828,470,60.802,0.727,entro il 1980
030041,Forni di Sopra,955,-7.101167315175097,97.23827070372032,0.1926,0.0,1386,71.665,0.494,entro il 1980
030042,Forni di Sotto,583,-4.269293924466338,98.17900203848703,0.2259,2.972,437,57.576,0.768,entro il 2000
030043,Gemona del Friuli,10869,-2.397629310344828,97.1623985615151,0.2623,0.055,986,17.256,1.902,entro il 1990
030044,Gonars,4718,-1.482564209647108,97.067983218583,0.1357,1.118,295,13.059,2.089,entro il 1990
030045,Grimacco,334,-9.72972972972973,97.3936476120996,0.2493,6.189,158,46.746,0.988,entro il 1960
030046,Latisana,13478,-1.165945589205837,98.0528832640902,0.0988,1.48,1576,21.489,1.838,entro il 1990
030047,Lauco,726,-6.443298969072164,95.09674760450724,0.2248,0.0,510,55.738,0.793,entro il 1960
030048,Lestizza,3771,-2.6084710743801653,95.74251551455598,0.1611,1.412,260,14.357,2.082,entro il 1980
030049,Lignano Sabbiadoro,6948,8.106426015248172,98.98385144653925,0.0763,0.627,23948,88.223,0.256,entro il 1990
030051,Lusevera,625,-10.841654778887303,96.4639772517827,0.2634,0.152,464,56.448,0.76,entro il 1990
030052,Magnano in Riviera,2328,-1.062473438164046,96.3586351126507,0.2586,0.341,144,12.766,2.064,entro il 1990
030053,Majano,5932,-1.917989417989418,97.33172779197984,0.2535,0.688,602,19.063,1.878,entro il 1990
030054,Malborghetto Valbruna,919,-4.46985446985447,97.30698797552908,0.2265,1.572,720,62.016,0.792,entro il 1990
030055,Manzano,6431,-2.100776373877302,97.56953113876612,0.2145,0.658,207,6.857,2.13,entro il 1980
030056,Marano Lagunare,1811,-7.318321392016376,95.92074382554436,0.096,0.658,428,33.025,1.397,entro il 1980
030057,Martignacco,6812,-0.01467782181124321,96.2784766842414,0.2107,1.688,256,8.184,2.178,entro il 1990
030058,Mereto di Tomba,2606,-3.3024118738404455,96.2454467149309,0.1984,3.198,172,13.333,2.02,entro il 1980
030059,Moggio Udinese,1703,-5.178173719376392,95.22124047037653,0.2524,0.415,515,37.729,1.248,entro il 1990
030060,Moimacco,1678,2.7556644213104717,96.73203539968209,0.2386,0.0,78,10.484,2.255,entro il 1990
030061,Montenars,513,-7.7338129496402885,95.39198325111647,0.2626,0.683,130,32.911,1.299,entro il 1990
030062,Mortegliano,4969,-1.603960396039604,96.91316483515968,0.1568,0.275,231,9.805,2.109,entro il 1990
030063,Moruzzo,2499,4.081632653061225,94.7268534065115,0.2277,0.953,226,18.802,2.079,entro il 1990
030064,Muzzana del Turgnano,2499,-5.626888217522659,98.01089532841942,0.1109,0.698,139,11.911,2.141,entro il 1980
030065,Nimis,2711,-2.2005772005772006,99.37826190173318,0.2631,1.511,297,19.88,1.815,entro il 1990
030066,Osoppo,2865,-4.212637913741224,98.58072724066338,0.2608,0.33,90,6.569,2.091,entro il 1990
030067,Ovaro,1875,-6.296851574212893,96.32194360808278,0.2089,0.887,779,46.286,1.114,entro il 1980
030068,Pagnacco,5059,0.6165473349244232,95.24184359411237,0.2295,0.157,151,6.67,2.235,entro il 1990
030069,Palazzolo dello Stella,2893,-4.458388375165125,96.63252945591542,0.1013,3.32,929,42.811,1.333,entro il 1990
030070,Palmanova,5419,0.6687720601894854,98.15302268124447,0.1569,3.145,185,7.335,2.149,entro il 1990
030071,Paluzza,2158,-8.481764206955047,97.45188399085644,0.1894,0.824,614,38.066,1.338,entro il 1970
030072,Pasian di Prato,9363,-0.18123667377398722,96.99584045371095,0.1946,0.928,387,8.736,2.114,entro il 1990
030073,Paularo,2556,-6.167400881057269,97.18642068821886,0.2042,2.324,546,31.986,1.497,entro il 1980
030074,Pavia di Udine,5573,-2.1078517477604075,95.86039829824607,0.1854,1.61,299,11.296,2.105,entro il 1990
030075,Pocenia,2479,-4.470134874759153,96.96222596730624,0.118,4.338,60,5.687,2.35,entro il 1990
030076,Pontebba,1397,-6.6800267201068815,97.19400570576887,0.2149,0.659,535,42.027,1.097,entro il 1980
030077,Porpetto,2577,-2.7547169811320753,95.92439708794912,0.1233,0.93,94,8.217,2.253,entro il 1990
030078,Povoletto,5425,-2.4280575539568345,95.85186249132772,0.2504,0.563,280,10.857,2.104,entro il 1990
030079,Pozzuolo del Friuli,6927,0.8296943231441047,96.75210156011647,0.1841,0.759,333,10.472,2.178,entro il 1990
030080,Pradamano,3617,2.580828133862734,96.59815088992146,0.2034,1.077,123,7.551,2.22,entro il 1990
030081,Prato Carnico,898,-2.813852813852814,95.91136781009138,0.1755,1.324,451,49.452,0.985,entro il 1990
030082,Precenicco,1450,-2.2252191503708696,96.01523585815634,0.0981,2.768,104,14.345,2.0,entro il 1990
030083,Premariacco,4071,-2.8169014084507045,95.9046421322973,0.2327,1.128,154,8.537,2.257,entro il 1990
030084,Preone,234,-11.02661596958175,98.33198455174734,0.2514,0.478,151,53.546,0.83,entro il 1980
030085,Prepotto,753,-6.691449814126393,97.3412479610688,0.245,3.03,219,39.388,1.354,entro il 1980
030086,Pulfero,923,-10.475266731328807,98.20235624931941,0.2595,0.651,311,38.586,1.145,entro il 1918
030087,Ragogna,2858,-5.42686962276638,96.54234361823084,0.2503,0.754,409,23.042,1.61,entro il 1990
030088,Ravascletto,530,-6.028368794326241,95.93842858289841,0.1827,0.998,812,74.495,0.486,entro il 1980
030089,Raveo,446,-12.03155818540434,97.10715742376215,0.2154,0.0,88,28.947,1.467,entro il 1980
030090,Reana del Rojale,4905,-2.4268947682514423,96.3802165055211,0.2532,0.731,382,15.195,1.951,entro il 1980
030091,Remanzacco,6104,0.6762328880092363,96.43660730336853,0.2388,1.055,187,6.918,2.258,entro il 2000
030092,Resia,1000,-7.663896583564174,94.77359462116182,0.261,0.581,553,50.595,0.915,entro il 1990
030093,Resiutta,286,-8.626198083067091,92.96886721403222,0.2567,0.0,110,41.667,1.083,entro il 1990
030094,Rigolato,428,-14.056224899598394,93.61464897407252,0.1613,14.261,444,62.623,0.604,entro il 1990
030095,Rive d'Arcano,2467,-0.12145748987854252,98.91239405305298,0.2343,0.649,252,19.611,1.92,entro il 1980
030188,Rivignano Teor,6265,-1.8794048551292093,96.28700024437343,0.1224,1.293,380,12.566,2.072,entro il 1980
030097,Ronchis,2013,-1.9961051606621225,97.00968879352288,0.1055,3.191,115,12.017,2.103,entro il 1980
030098,Ruda,2900,-3.204272363150868,97.15673183529304,0.1353,3.168,178,12.378,2.017,entro il 1990
030099,San Daniele del Friuli,7987,-0.8688097306689836,96.32977701400205,0.2434,0.167,782,18.344,1.874,entro il 1990
030100,San Giorgio di Nogaro,7467,-2.646675358539765,97.43088537767241,0.111,0.659,470,12.901,2.05,entro il 1980
030101,San Giovanni al Natisone,6137,0.3597710547833197,96.41496492379534,0.2054,0.921,322,11.314,2.156,entro il 1980
030102,San Leonardo,1110,-3.9792387543252596,98.24701363400776,0.2514,1.06,145,21.936,1.679,entro il 1980
030103,San Pietro al Natisone,2134,-3.8305543037404237,96.18803735603319,0.255,2.526,207,17.692,1.824,entro il 1990
030105,San Vito al Torre,1268,-4.157218442932729,98.11164126889624,0.1616,0.633,78,12.808,2.082,entro il 1970
030106,San Vito di Fagagna,1661,-1.0720667063728408,96.20706936592228,0.209,5.673,177,20.345,1.909,entro il 2000
030104,Santa Maria la Longa,2313,-3.7453183520599254,97.99111546727393,0.1616,4.212,49,4.995,2.358,entro il 1990
030189,Sappada,1315,0.6891271056661562,96.06451745057593,0.1332,0.321,1886,76.264,0.532,entro il 1990
030107,Sauris,405,-3.800475059382423,99.68330421842747,0.1877,0.816,340,61.706,0.735,entro il 1980
030108,Savogna,380,-20.335429769392032,95.58161993693898,0.256,0.0,163,40.955,0.955,entro il 1918
030109,Sedegliano,3766,-4.246122552758709,96.71301019667348,0.1888,0.878,256,13.704,2.016,entro il 1980
030110,Socchieve,896,-5.485232067510549,96.44820170506283,0.2425,1.282,431,49.712,1.033,entro il 1970
030111,Stregna,341,-15.384615384615385,95.56953437853032,0.2464,8.091,129,39.091,1.033,entro il 1990
030112,Sutrio,1296,-5.193855157278712,97.76151579255121,0.1965,0.515,365,37.942,1.347,entro il 1980
030113,Taipana,596,-12.094395280235988,95.96474709592108,0.2637,0.581,426,53.856,0.753,entro il 1990
030114,Talmassons,4045,-2.388996138996139,96.4447207867817,0.1365,1.064,336,16.716,2.012,entro il 1990
030116,Tarcento,8964,-1.5053290847159653,97.54798615095976,0.2621,0.809,910,18.503,1.823,entro il 1990
030117,Tarvisio,4224,-7.490144546649145,97.69096137545684,0.2318,0.919,2057,49.364,1.014,entro il 1990
030118,Tavagnacco,14981,4.8722436121806085,96.79218196743007,0.2274,1.29,1084,14.484,2.002,entro il 1990
030120,Terzo d'Aquileia,2843,-1.2504341785342132,97.81929973579476,0.1089,0.0,55,4.404,2.276,entro il 2000
030121,Tolmezzo,10191,-3.4577491474043196,97.24978700420986,0.2443,0.091,632,12.17,1.962,entro il 1980
030122,Torreano,2129,-3.5778985507246377,96.54994361330579,0.2594,0.883,211,17.806,1.797,entro il 1980
030123,Torviscosa,2829,-4.651162790697675,97.38565017859898,0.1288,0.175,125,8.865,2.006,entro il 1990
030124,Trasaghis,2222,-2.8846153846153846,97.17985239875608,0.2611,0.189,489,32.753,1.488,entro il 1990
030126,Treppo Grande,1719,-1.206896551724138,95.89257342641542,0.2542,0.133,241,24.197,1.726,entro il 1980
030191,Treppo Ligosullo,711,-8.494208494208493,96.48556925709647,0.1685,2.007,395,52.18,0.939,entro il 1990
030127,Tricesimo,7687,0.9322478991596639,97.27822135905079,0.2461,0.574,568,14.666,1.985,entro il 1990
030128,Trivignano Udinese,1632,-3.546099290780142,96.57647886772203,0.1715,2.202,92,12.073,2.142,entro il 1970
030129,Udine,99518,1.3689979016847638,98.13153159599734,0.2234,1.133,7659,14.121,1.835,entro il 1980
030130,Varmo,2725,-3.880070546737213,95.80039660464965,0.1308,0.721,381,25.033,1.79,entro il 1980
030131,Venzone,2011,-10.062611806797854,96.72112931311202,0.2607,0.247,369,27.786,1.514,entro il 1990
030132,Verzegnis,863,-3.8975501113585747,97.86892887909805,0.2517,0.888,385,48.734,1.092,entro il 1980
030133,Villa Santina,2204,-0.45167118337850043,97.78271315842329,0.2376,0.31,279,22.628,1.788,entro il 1990
030135,Visco,786,1.9455252918287937,96.506551982063,0.1479,0.791,50,13.369,2.102,entro il 1980
030136,Zuglio,583,-3.316749585406302,95.46917135140467,0.22,1.837,184,40.175,1.273,entro il 1970
060001,Acquafondata,267,-4.642857142857143,97.59352395141332,0.265,0.0,330,69.474,0.562,entro il 1970
060002,Acuto,1899,-0.6799163179916319,98.20497408387506,0.1564,2.643,648,44.628,1.308,entro il 1970
060003,Alatri,28763,0.41193925641473206,101.29226363340993,0.1911,0.441,1657,14.021,2.434,entro il 1990
060004,Alvito,2650,-6.788603587759409,99.78301211685817,0.2591,0.609,833,40.833,1.299,entro il 1960
060005,Amaseno,4313,0.0,100.78084772161448,0.1315,0.354,305,16.258,2.299,entro il 1980
060006,Anagni,21404,0.032714866570079916,99.6069625050829,0.1558,0.233,2307,22.189,2.059,entro il 1980
060007,Aquino,5319,0.3774297037176826,101.41092102981236,0.189,1.199,353,15.15,2.283,entro il 1980
060008,Arce,5670,-1.8521724078241302,99.72471541713249,0.2028,2.379,1233,33.939,1.561,entro il 1990
060009,Arnara,2292,-3.4134007585335016,98.71033025260839,0.1598,0.239,189,17.26,2.093,entro il 1980
060010,Arpino,7150,-2.800435019032083,99.45179784165254,0.2441,1.385,1088,26.964,1.772,entro il 1980
060011,Atina,4245,-4.305680793507665,101.77718510555447,0.2583,0.639,919,34.679,1.602,entro il 1990
060012,Ausonia,2591,-2.263296869105998,100.6925367365536,0.1071,1.127,397,28.789,1.879,entro il 1980
060013,Belmonte Castello,708,-9.230769230769232,99.7362619654566,0.2547,0.313,158,35.426,1.587,entro il 1980
060014,Boville Ernica,8525,-3.113990226162064,98.87535733327518,0.1799,0.328,845,21.36,2.155,entro il 1980
060015,Broccostella,2708,-3.216583273766976,101.80003028824186,0.2488,0.12,168,15.135,2.44,entro il 1990
060016,Campoli Appennino,1686,-3.6571428571428575,99.3853021634402,0.2584,0.0,436,37.457,1.448,entro il 1980
060017,Casalattico,549,-14.35257410296412,105.59772178034352,0.2508,0.0,244,48.996,1.102,entro il 1980
060018,Casalvieri,2665,-6.980802792321117,103.32570213753529,0.2545,0.626,184,13.64,1.976,entro il 1970
060019,Cassino,36497,8.531580825502557,101.50503341123871,0.2413,1.149,2962,18.276,2.252,entro il 1990
060020,Castelliri,3411,-3.1241124680488497,99.92213725499187,0.2139,7.429,270,17.219,2.175,entro il 1980
060021,Castelnuovo Parano,886,-1.5555555555555556,99.43889350036521,0.1189,1.553,172,33.792,1.741,entro il 1980
060023,Castro dei Volsci,4740,-3.3047735618115053,100.42727541204796,0.1504,1.591,401,17.277,2.042,entro il 1980
060022,Castrocielo,3978,0.32786885245901637,98.83070343988314,0.215,0.0,440,23.835,2.155,entro il 1990
060024,Ceccano,23380,1.1858391759716091,99.5768228459847,0.1537,0.167,1272,12.944,2.379,entro il 1980
060025,Ceprano,8823,1.053716641850876,100.26378376211575,0.1744,1.446,421,11.381,2.385,entro il 1980
060026,Cervaro,8093,4.250933917300013,101.1526827736436,0.2455,1.063,843,21.749,2.088,entro il 1990
060027,Colfelice,1907,1.8152696209289907,101.16692149279636,0.2045,0.263,214,22.503,2.005,entro il 1980
060029,Colle San Magno,666,-9.878213802435724,101.83615023767173,0.2431,0.959,234,43.414,1.236,entro il 1970
060028,Collepardo,947,-1.865284974093264,99.42274334036726,0.1796,0.195,411,50.678,1.168,entro il 1990
060030,Coreno Ausonio,1613,-3.7014925373134324,101.37904477846739,0.1153,1.745,397,37.595,1.527,entro il 1980
060031,Esperia,3802,-2.5378108177390413,100.9705659003236,0.1199,2.828,645,29.093,1.715,entro il 1980
060032,Falvaterra,548,-2.664298401420959,97.91378863074054,0.1562,0.0,272,51.613,1.04,entro il 1980
060033,Ferentino,20992,0.04289186484296812,100.37244171666484,0.1589,1.899,2392,22.543,1.978,entro il 1980
060034,Filettino,538,-2.888086642599278,97.41191755012454,0.19,8.083,2827,90.406,0.172,entro il 1970
060035,Fiuggi,10511,9.284674568517364,99.34517655540965,0.1623,1.193,1563,28.377,1.908,entro il 1990
060036,Fontana Liri,2906,-3.0040053404539386,99.98716976209549,0.2203,0.325,470,26.919,1.664,entro il 1980
060037,Fontechiari,1306,-0.38138825324180015,99.89317934749947,0.2475,3.231,320,38.232,1.56,entro il 1980
060038,Frosinone,46063,-1.160844562698481,101.53289163560673,0.1625,0.848,7869,29.321,1.716,entro il 1990
060039,Fumone,2081,-4.32183908045977,101.10203591179908,0.1602,0.596,373,30.877,1.723,entro il 1980
060040,Gallinaro,1232,-1.1235955056179776,100.04152139873777,0.2588,0.321,185,25.17,1.676,entro il 1980
060041,Giuliano di Roma,2417,2.7199320016999575,99.94336984505811,0.137,1.204,715,42.636,1.441,entro il 1980
060042,Guarcino,1580,-4.646952323476162,99.38388417718437,0.1766,0.129,534,43.134,1.276,entro il 1960
060043,Isola del Liri,11482,-4.028752925442996,100.10374357330957,0.2302,1.108,546,10.402,2.187,entro il 1980
060044,Monte San Giovanni Campano,12706,-1.2972888992464848,99.2671520827037,0.2103,1.231,1139,20.124,2.245,entro il 1980
060045,Morolo,3250,-0.428921568627451,100.19601128572747,0.1422,1.548,758,37.102,1.591,entro il 1980
060046,Paliano,8163,0.4182556279985238,99.38476192975273,0.1556,1.542,925,22.354,1.973,entro il 1990
060047,Pastena,1424,-6.438896189224705,100.77761921510033,0.1429,1.592,171,21.537,1.793,entro il 1980
060048,Patrica,3161,2.496757457846952,99.70490485420362,0.1491,1.763,672,35.406,1.665,entro il 1980
060049,Pescosolido,1518,-2.5673940949935816,100.44195747449513,0.2552,2.005,692,53.81,1.18,entro il 1990
060050,Picinisco,1173,-6.60828025477707,101.45669027986631,0.2656,1.07,1064,67.684,0.746,entro il 1990
060051,Pico,2825,-5.833333333333333,99.44508037402703,0.1374,0.294,252,17.847,2.001,entro il 1980
060052,Piedimonte San Germano,6469,7.0671962926183385,100.68685422048772,0.2134,1.789,293,10.612,2.343,entro il 1990
060053,Piglio,4601,-1.1175585643670751,97.9860178289593,0.1588,0.317,1784,48.69,1.256,entro il 1980
060054,Pignataro Interamna,2543,-0.741608118657299,101.40228737653993,0.1662,1.4,61,5.701,2.377,entro il 1990
060055,Pofi,4134,-3.6363636363636362,99.83174884398152,0.1598,0.983,132,7.556,2.366,entro il 1980
060056,Pontecorvo,13125,-0.605831124574025,100.01062647003556,0.169,1.145,755,13.398,2.329,entro il 1990
060057,Posta Fibreno,1101,-8.857615894039734,102.4157277065403,0.2516,4.16,663,53.859,0.894,entro il 1970
060058,Ripi,5249,-1.7041198501872659,102.49965216468397,0.1717,0.258,216,10.693,2.599,entro il 1980
060059,Rocca d'Arce,936,-3.4055727554179565,99.42812317094867,0.2224,1.838,506,53.545,0.99,entro il 1980
060060,Roccasecca,7481,-0.45242847638057215,100.25312400164145,0.225,0.0,928,23.434,1.889,entro il 1980
060061,San Biagio Saracinisco,332,-7.262569832402235,101.63369836532381,0.267,0.0,285,60.254,0.702,entro il 1960
060062,San Donato Val di Comino,2051,-3.436911487758945,98.65836590591793,0.262,0.705,982,51.066,1.067,entro il 1970
060063,San Giorgio a Liri,3123,-1.5137180700094608,99.40254280453303,0.1344,0.346,217,15.303,2.202,entro il 1980
060064,San Giovanni Incarico,3291,-3.6028119507908607,99.59097942909379,0.1673,0.466,573,29.265,1.681,entro il 1980
060070,San Vittore del Lazio,2571,-3.59955005624297,102.68781046276685,0.2381,0.0,240,19.063,2.042,entro il 1980
060065,Sant'Ambrogio sul Garigliano,964,-2.131979695431472,101.70527451509469,0.136,0.966,85,17.49,1.984,entro il 1970
060066,Sant'Andrea del Garigliano,1454,-6.555269922879177,101.46287597359121,0.1243,0.168,149,20.245,1.976,entro il 1980
060067,Sant'Apollinare,1901,-1.6045548654244308,100.87342071095343,0.1421,3.752,312,28.184,1.717,entro il 1980
060068,Sant'Elia Fiumerapido,6048,-2.9836381135707413,100.26268248518748,0.2599,0.972,600,19.953,2.011,entro il 1990
060069,Santopadre,1325,-5.761024182076813,99.64386614636179,0.2404,5.052,409,41.692,1.351,entro il 1980
060071,Serrone,3048,-0.19646365422396855,98.05462047853139,0.1559,1.126,1226,48.884,1.215,entro il 1980
060072,Settefrati,718,-8.651399491094146,103.36645457003513,0.2635,0.0,350,52.161,1.07,entro il 1960
060073,Sgurgola,2651,1.1446012972148036,101.01274683376033,0.1414,3.03,989,47.411,1.271,entro il 1980
060074,Sora,25972,-1.0251133722038033,100.50942293340881,0.2448,0.886,2361,19.389,2.133,entro il 1980
060075,Strangolagalli,2414,-3.362690152121697,100.79922389727402,0.1779,2.205,307,25.498,2.005,entro il 1980
060076,Supino,4825,-1.389740445534437,99.61063974506031,0.1479,3.316,564,23.067,1.973,entro il 1980
060077,Terelle,376,-18.43817787418655,98.77832450708858,0.249,0.0,278,53.053,0.718,entro il 1960
060078,Torre Cajetani,1358,-2.0908435472242246,102.55999913394785,0.1639,0.446,447,43.567,1.324,entro il 1980
060079,Torrice,4843,4.963155613350672,100.1259139765675,0.1673,0.282,333,17.174,2.498,entro il 1990
060080,Trevi nel Lazio,1768,-4.638619201725998,99.80923198785104,0.1702,0.105,2180,72.209,0.586,entro il 1980
060081,Trivigliano,1676,-0.9456264775413712,98.86769442268528,0.1627,1.925,332,33.843,1.708,entro il 1980
060082,Vallecorsa,2574,-8.333333333333332,101.07989163377027,0.125,0.829,625,34.684,1.428,entro il 1970
060083,Vallemaio,934,-6.693306693306693,101.57701919753788,0.1255,3.377,103,20.518,1.861,entro il 1980
060084,Vallerotonda,1532,-7.766405779650813,100.53856377085722,0.2669,3.502,1168,60.487,0.793,entro il 1970
060085,Veroli,20414,-1.6429775957600579,99.6669876141651,0.2064,0.635,2135,22.516,2.153,entro il 1980
060086,Vicalvi,770,-4.3478260869565215,102.1108875916172,0.2544,0.546,168,33.939,1.556,entro il 1980
060087,Vico nel Lazio,2199,-2.396804260985353,100.11047140897725,0.1876,5.152,474,34.725,1.611,entro il 1980
060088,Villa Latina,1206,-5.85480093676815,102.4787902288809,0.2598,0.374,130,19.146,1.776,entro il 1990
060089,Villa Santa Lucia,2605,-1.288366805608185,99.21676586280425,0.2188,0.665,282,22.083,2.04,entro il 1980
060090,Villa Santo Stefano,1703,0.05875440658049354,101.82119158927391,0.1367,0.342,183,20.89,1.944,entro il 1980
060091,Viticuso,324,-12.668463611859837,104.82924201889975,0.2611,0.0,197,53.1,0.873,entro il 1980
059001,Aprilia,74190,10.800800501807103,101.09998642530441,0.1621,1.098,5275,17.475,2.458,entro il 1990
059002,Bassiano,1530,-3.4700315457413247,98.74258169231422,0.0912,0.514,411,36.894,1.373,entro il 1980
059003,Campodimele,598,-6.416275430359937,102.3952889214535,0.1067,0.0,228,48.203,1.264,entro il 1945
059004,Castelforte,4221,-4.002729133500114,98.955416148182,0.1146,2.771,280,13.841,2.087,entro il 1980
059005,Cisterna di Latina,36980,3.964014619061006,101.93822305028215,0.1533,0.26,1671,12.141,2.687,entro il 1980
059006,Cori,10893,-1.5455531453362255,99.43782814711903,0.164,0.205,820,16.123,2.142,entro il 1990
059007,Fondi,39779,6.927046932960594,101.6616026291908,0.0937,2.725,4649,25.409,2.174,entro il 1990
059008,Formia,38032,4.794445056761821,100.10622452630965,0.093,0.556,6786,32.784,1.837,entro il 1990
059009,Gaeta,20545,-0.8445945945945946,101.40211876543123,0.0788,2.54,6884,44.643,1.332,entro il 1990
059010,Itri,10761,2.691096478671629,99.76140560740811,0.0941,1.388,948,18.647,2.117,entro il 2000
059011,Latina,126470,7.396399456521739,100.25020121088608,0.1061,1.218,8003,14.952,2.363,entro il 1990
059012,Lenola,4184,0.6495068559057012,101.22315136498807,0.1194,0.624,596,27.863,1.956,entro il 1980
059013,Maenza,3118,1.6628627323117053,98.06636238232292,0.1171,1.331,552,30.115,1.701,entro il 1980
059014,Minturno,19804,1.7206841645693152,101.31167196373458,0.097,1.808,4938,39.413,1.581,entro il 1980
059015,Monte San Biagio,6308,2.7696318018898665,100.0730498350864,0.0887,1.081,528,18.34,2.191,entro il 1980
059016,Norma,4046,0.3472222222222222,100.28938117895139,0.1114,3.261,902,34.786,1.56,entro il 1990
059017,Pontinia,14915,7.884267631103074,101.34738087851089,0.0789,4.311,683,12.493,2.728,entro il 1980
059018,Ponza,3366,3.728813559322034,103.36659113469278,0.0491,1.093,1266,47.398,1.26,entro il 1970
059019,Priverno,14365,3.182014078437006,100.77085004211354,0.098,1.756,1096,17.695,2.319,entro il 1990
059020,Prossedi,1203,-2.195121951219512,99.69662886351104,0.1256,0.323,320,37.647,1.415,entro il 1980
059022,Rocca Massima,1135,3.1818181818181817,98.36969507583464,0.1581,2.419,255,35.027,1.559,entro il 1970
059021,Roccagorga,4478,-2.18435998252512,99.13164929147804,0.0968,1.135,618,25.548,1.851,entro il 1980
059023,Roccasecca dei Volsci,1150,2.0408163265306123,99.36631980075852,0.1049,0.0,158,25.199,1.834,entro il 1970
059024,Sabaudia,20536,9.077388856429595,100.96094302507498,0.0694,1.44,3564,31.365,1.807,entro il 1990
059025,San Felice Circeo,10054,15.218886087554434,102.32588549491592,0.0614,0.864,4834,56.584,1.177,entro il 1980
059026,Santi Cosma e Damiano,6972,1.2048192771084338,100.23479363698767,0.1026,1.703,926,26.203,1.973,entro il 1980
059027,Sermoneta,10077,9.176598049837487,100.98103346742232,0.096,0.343,385,10.333,2.705,entro il 1990
059028,Sezze,24954,3.132749214746239,99.98244588870999,0.093,0.571,2926,24.613,2.099,entro il 1980
059029,Sonnino,7560,3.774879890185312,99.7455051123125,0.0909,1.093,1303,31.695,1.839,entro il 1990
059030,Sperlonga,3318,-0.24052916416115455,101.03080817201844,0.0757,0.205,673,31.941,1.575,entro il 1980
059031,Spigno Saturnia,2937,1.0667584308327598,100.60330026516617,0.1001,3.321,165,13.819,2.46,entro il 1990
059032,Terracina,46323,4.6752835901839385,100.95294352453153,0.0756,0.417,13824,43.369,1.453,entro il 1990
059033,Ventotene,775,11.99421965317919,106.22430940769699,0.0565,0.571,362,52.388,1.122,entro il 1970
057001,Accumoli,628,-3.9755351681957185,99.23346703049695,0.2595,1.178,800,71.238,0.559,entro il 1960
057002,Amatrice,2500,-5.1233396584440225,99.23663772667015,0.2602,3.242,3979,75.69,0.476,entro il 1970
057003,Antrodoco,2498,-7.788851974898487,99.10232829795,0.2556,4.156,962,45.614,1.184,entro il 1980
057004,Ascrea,245,-7.196969696969697,100.18063335791639,0.174,0.629,323,68.432,0.519,entro il 1980
057005,Belmonte in Sabina,634,-1.2461059190031152,101.54948636057827,0.1769,0.0,245,45.287,1.172,entro il 1960
057006,Borbona,596,-8.588957055214724,99.16802346212862,0.2593,0.499,921,72.577,0.47,entro il 1960
057008,Borgo Velino,941,-4.853387259858443,98.6279576376101,0.2426,1.575,453,53.483,1.111,entro il 1980
057007,Borgorose,4486,-3.0682800345721692,100.78080946928787,0.2529,1.786,1728,48.282,1.253,entro il 1970
057009,Cantalice,2654,-2.5339698861549764,99.1448254629381,0.2416,1.378,723,39.379,1.446,entro il 1980
057010,Cantalupo in Sabina,1682,-2.7745664739884393,100.15765446875145,0.1548,0.0,354,33.302,1.582,entro il 1990
057011,Casaprota,732,1.3850415512465373,97.0760060049991,0.1612,0.0,916,71.956,0.575,entro il 1980
057012,Casperia,1257,2.528548123980424,100.08682083601911,0.1593,0.159,352,40.0,1.428,entro il 1970
057013,Castel di Tora,270,-9.090909090909092,94.91633814079795,0.1722,3.583,381,70.818,0.502,entro il 1980
057015,Castel Sant'Angelo,1302,1.4809041309431021,102.14772890495398,0.2419,8.433,840,59.701,0.925,entro il 1960
057014,Castelnuovo di Farfa,1036,-1.1450381679389312,99.2342029553891,0.1557,1.109,312,40.258,1.337,entro il 1980
057016,Cittaducale,6719,-2.396862289366647,98.94197882845367,0.2349,2.827,918,25.123,1.839,entro il 1980
057017,Cittareale,462,-1.4925373134328357,99.97327138751913,0.2601,0.747,576,69.649,0.559,entro il 1980
057018,Collalto Sabino,416,-5.454545454545454,96.26713051799969,0.1792,0.483,586,70.688,0.502,entro il 1970
057019,Colle di Tora,353,-9.02061855670103,98.83006678243532,0.1663,0.0,254,57.336,0.797,entro il 1970
057020,Collegiove,150,-11.242603550295858,95.2578038239304,0.1778,0.826,245,69.014,0.423,entro il 1980
057021,Collevecchio,1561,-1.8856065367693273,99.59989813099526,0.1508,0.0,358,35.202,1.535,entro il 1990
057022,Colli sul Velino,510,-1.9230769230769231,99.55623049813988,0.1827,0.0,178,44.724,1.281,entro il 1980
057023,Concerviano,277,-10.932475884244374,99.25471157681581,0.1931,0.995,277,62.812,0.628,entro il 1960
057024,Configni,610,-8.955223880597014,101.28269411764931,0.1599,0.0,153,33.189,1.323,entro il 1960
057025,Contigliano,3884,8.643356643356643,98.46868891607728,0.1796,0.635,561,27.023,1.871,entro il 1980
057026,Cottanello,538,-4.946996466431095,99.28721037156546,0.1651,0.26,203,42.918,1.137,entro il 1960
057027,Fara in Sabina,13904,12.957998212689903,99.76630632606197,0.154,1.057,1576,24.831,2.191,entro il 1990
057028,Fiamignano,1337,-7.474048442906573,99.14902687272807,0.2511,1.666,1399,66.778,0.638,entro il 1960
057029,Forano,3167,8.310533515731874,99.23591554631243,0.1516,0.368,139,10.251,2.336,entro il 1980
057030,Frasso Sabino,765,11.842105263157894,101.57287528661021,0.16238,1.672,157,35.123,1.711,entro il 1970
057031,Greccio,1554,2.982107355864811,99.05837396921781,0.1718,1.258,533,43.228,1.26,entro il 1970
057032,Labro,351,1.7391304347826086,101.89444142055035,0.1949,0.287,282,62.667,0.78,entro il 1980
057033,Leonessa,2349,-4.744525547445255,98.08243568281493,0.2587,0.435,3504,73.076,0.49,entro il 1970
057034,Longone Sabino,556,-4.3029259896729775,98.4076958489175,0.1912,3.315,28,8.589,1.706,entro il 1960
057035,Magliano Sabina,3693,-2.790207949460384,100.6908867846926,0.1487,2.784,885,36.983,1.543,entro il 1980
057036,Marcetelli,76,-20.0,96.64542543777584,0.1816,0.0,233,76.645,0.25,entro il 1918
057037,Micigliano,133,2.307692307692308,96.85356950496246,0.2532,3.62,341,79.487,0.31,entro il 1945
057038,Mompeo,503,-6.5055762081784385,97.2303357449205,0.1589,0.0,279,50.727,0.915,entro il 1980
057039,Montasola,391,-3.9312039312039313,100.39896318505038,0.1604,0.0,152,45.373,1.167,entro il 1960
057043,Monte San Giovanni in Sabina,681,-8.46774193548387,97.93820322649358,0.164,0.0,189,37.132,1.338,entro il 1970
057040,Montebuono,891,-2.7292576419213974,99.88508973502599,0.1555,7.287,339,45.2,1.188,entro il 1970
057041,Monteleone Sabino,1230,0.24449877750611246,97.05273029176588,0.1636,0.541,420,44.728,1.31,entro il 1990
057042,Montenero Sabino,287,-3.040540540540541,96.78577463739589,0.1651,0.0,144,52.364,1.044,entro il 1945
057044,Montopoli di Sabina,4123,-2.298578199052133,100.60765114573903,0.1559,0.327,484,22.273,1.897,entro il 1990
057045,Morro Reatino,365,4.885057471264368,99.88205037429493,0.2123,0.339,235,58.603,0.91,entro il 1970
057046,Nespolo,234,-13.970588235294118,98.66933786012949,0.1757,0.0,280,66.194,0.553,entro il 1960
057047,Orvinio,387,-13.808463251670378,97.71709174119708,0.1625,0.0,542,67.162,0.48,entro il 1980
057048,Paganico Sabino,166,-4.046242774566474,100.02999665979677,0.1733,0.0,225,69.659,0.514,entro il 1960
057049,Pescorocchiano,2050,-7.113729043951064,100.06794501105252,0.2495,0.591,1594,60.447,0.777,entro il 1970
057050,Petrella Salto,1146,-4.8962655601659755,97.83904833101349,0.2394,0.375,639,50.554,0.907,entro il 1960
057051,Poggio Bustone,2024,-4.3478260869565215,98.2179096752536,0.2315,0.124,316,27.055,1.733,entro il 1970
057052,Poggio Catino,1288,-3.8088125466766245,101.08046557224353,0.1566,0.482,434,42.885,1.273,entro il 1980
057053,Poggio Mirteto,6391,6.641081261471717,99.27994853510246,0.1551,0.983,382,13.551,2.267,entro il 1990
057054,Poggio Moiano,2651,-5.422761327149483,100.40378558757934,0.1642,0.0,485,29.957,1.637,entro il 1990
057055,Poggio Nativo,2558,3.6046982584042127,99.62201724059682,0.1585,2.736,510,33.487,1.68,entro il 1990
057056,Poggio San Lorenzo,550,-4.844290657439446,100.62951551280375,0.1644,0.0,212,43.711,1.134,entro il 1990
057057,Posta,649,-5.255474452554744,101.65900035307166,0.2596,1.01,1156,77.067,0.433,entro il 1945
057058,Pozzaglia Sabina,331,-10.054347826086957,100.34247198500515,0.1675,0.279,687,75.082,0.362,entro il 1980
057059,Rieti,47436,2.9538795442213783,99.7548777884125,0.2389,0.815,6571,25.921,1.871,entro il 1980
057060,Rivodutri,1214,-6.830391404451267,100.33872274073316,0.2359,0.469,402,42.812,1.293,entro il 1970
057062,Rocca Sinibalda,780,-8.018867924528301,98.18106531467404,0.1894,0.245,680,61.041,0.7,entro il 1980
057061,Roccantica,552,-7.537688442211055,99.73587041747473,0.1583,0.242,193,42.048,1.203,entro il 1970
057063,Salisano,550,-1.6100178890876566,101.09582170492118,0.1581,4.778,155,39.34,1.396,entro il 1980
057064,Scandriglia,3139,7.426420260095824,99.73337871033945,0.1604,0.151,704,34.425,1.535,entro il 1980
057065,Selci,1099,-0.4528985507246377,98.08863549965193,0.1521,0.617,566,54.951,1.067,entro il 1980
057066,Stimigliano,2321,2.246696035242291,98.10061395748767,0.149,4.489,265,20.932,1.833,entro il 1990
057067,Tarano,1431,0.06993006993006994,100.42430750426382,0.154,0.164,246,29.639,1.724,entro il 1980
057068,Toffia,1053,4.671968190854871,99.00805122954775,0.1562,0.0,568,57.548,1.067,entro il 1990
057070,Torri in Sabina,1240,-0.3215434083601286,99.17589649268031,0.156,2.647,367,40.869,1.381,entro il 1980
057069,Torricella in Sabina,1367,-2.8429282160625444,99.44712606746091,0.1675,3.628,741,53.118,0.98,entro il 1980
057071,Turania,238,-3.2520325203252036,97.822904183812,0.1666,0.0,361,72.636,0.479,entro il 1970
057072,Vacone,240,-9.090909090909092,100.27910409983738,0.1582,0.0,90,41.284,1.101,entro il 1970
057073,Varco Sabino,172,-17.703349282296653,98.22930841820029,0.1969,2.083,346,73.774,0.367,entro il 1990
058001,Affile,1502,-3.1592520954223082,101.42691342421044,0.1576,0.496,469,42.598,1.364,entro il 1980
058002,Agosta,1742,-1.3590033975084939,100.02512815476635,0.1596,0.5,527,41.108,1.359,entro il 1980
058003,Albano Laziale,41314,7.678273561301084,101.3025487572385,0.1658,0.227,2090,12.33,2.437,entro il 1990
058004,Allumiere,4059,-1.7429193899782136,98.28649544796595,0.0913,0.0,469,21.231,1.837,entro il 1980
058005,Anguillara Sabazia,19426,4.39034875597829,102.63516839338506,0.0731,0.658,462,6.315,2.655,entro il 2000
058006,Anticoli Corrado,896,-5.2854122621564485,98.14920711971504,0.1579,2.141,389,47.789,1.101,entro il 1970
058007,Anzio,54710,9.881502309700743,101.73096609991882,0.1252,0.266,13822,39.874,1.578,entro il 2000
058008,Arcinazzo Romano,1344,-2.2545454545454544,101.26050817494139,0.1599,1.693,1019,62.286,0.822,entro il 1980
058117,Ardea,49663,11.32955233248896,101.9152051418506,0.1623,1.673,11738,38.479,1.628,entro il 2000
058009,Ariccia,18851,2.904088651127245,100.96360347041005,0.1661,1.633,700,9.259,2.494,entro il 1990
058010,Arsoli,1534,-7.030303030303029,98.7800025452395,0.1616,2.145,354,33.876,1.468,entro il 1980
058011,Artena,14107,3.196781272860278,100.80827950652187,0.1677,1.218,576,10.282,2.518,entro il 1990
058012,Bellegra,2841,-3.760162601626017,98.81736165337149,0.1555,3.156,410,25.933,1.797,entro il 1980
058013,Bracciano,19219,3.628814838779251,101.20292134742598,0.0734,1.105,617,7.552,2.352,entro il 2000
058014,Camerata Nuova,445,-1.7660044150110374,100.97029461164652,0.1704,1.493,791,77.246,0.435,entro il 1970
058015,Campagnano di Roma,11561,3.872416891284816,103.22759583661855,0.0838,0.214,741,14.885,2.322,entro il 1990
058016,Canale Monterano,4165,2.535696701132447,99.39872654874335,0.08,0.262,296,15.018,2.113,entro il 2000
058017,Canterano,325,-9.47075208913649,100.64918264670814,0.1578,0.0,136,49.097,1.173,entro il 1970
058018,Capena,10799,14.033790918690602,101.7135549312764,0.1329,1.208,576,13.321,2.497,entro il 2005
058019,Capranica Prenestina,332,1.529051987767584,98.06444843036216,0.1551,0.0,432,69.231,0.532,entro il 1945
058020,Carpineto Romano,4425,-4.674709177078845,98.31402172640573,0.1203,1.242,1120,36.988,1.461,entro il 1970
058021,Casape,699,-4.8979591836734695,98.08273409786221,0.1551,12.308,254,42.689,1.175,entro il 1960
058022,Castel Gandolfo,8922,1.7447827574409853,100.92205876760221,0.1661,0.877,293,8.173,2.489,entro il 1980
058023,Castel Madama,7328,-0.16348773841961853,100.42768433806486,0.1543,0.664,312,9.744,2.289,entro il 1980
058025,Castel San Pietro Romano,876,2.576112412177986,102.42857626792802,0.1665,0.0,156,30.588,1.718,entro il 1980
058024,Castelnuovo di Porto,8564,6.504166148488993,101.97494745147624,0.1184,0.834,494,13.586,2.355,entro il 1990
058026,Cave,11381,9.002969064265876,101.41596511196752,0.1687,3.366,777,16.147,2.365,entro il 1990
058027,Cerreto Laziale,1104,-7.304785894206549,98.14654899021414,0.1556,0.0,399,44.137,1.221,entro il 1980
058028,Cervara di Roma,438,-7.59493670886076,95.88594117509363,0.1632,0.0,1133,82.042,0.317,entro il 1980
058029,Cerveteri,37977,7.498301630434782,101.211689513483,0.0626,0.548,4252,22.711,2.028,entro il 2000
058118,Ciampino,38645,3.9402904787520168,101.12715620092598,0.1659,1.087,1171,7.467,2.464,entro il 1990
058030,Ciciliano,1331,-1.915991156963891,100.01186953477225,0.1545,0.407,493,46.378,1.252,entro il 1980
058031,Cineto Romano,586,-9.006211180124224,98.20547151843407,0.1584,1.061,376,56.036,0.873,entro il 1970
058032,Civitavecchia,52671,2.7506291332592028,100.765354092342,0.0656,1.027,1373,6.416,2.461,entro il 2000
058033,Civitella San Paolo,2049,16.75213675213675,102.50421943586106,0.1407,0.568,172,18.396,2.191,entro il 1990
058034,Colleferro,21394,-0.6685857554090444,100.64958534250592,0.1612,0.489,1034,10.688,2.211,entro il 1980
058035,Colonna,4312,7.0506454816285995,101.39359745858717,0.16926666666666668,1.002,150,9.036,2.598,entro il 1990
058036,Fiano Romano,15688,20.094924596187706,100.24777960454328,0.1423,0.338,346,6.294,2.854,entro il 2000
058037,Filacciano,461,-5.338809034907597,97.68723510232044,0.1498,0.0,63,20.792,1.521,entro il 1990
058120,Fiumicino,79630,17.71749574987065,101.81112968476498,0.0826,1.305,5717,17.517,2.44,entro il 1990
058122,Fonte Nuova,33193,8.477401222262165,103.4995023889348,0.1383,0.775,942,7.718,2.72,entro il 2000
058038,Formello,13070,8.934822470411735,103.33817576594392,0.0807,2.349,885,17.023,2.514,entro il 1990
058039,Frascati,22450,8.171918666281199,102.32130729819589,0.1674,2.414,1543,15.868,2.309,entro il 1990
058040,Gallicano nel Lazio,6343,10.217202432667245,100.51151331464612,0.1703,3.729,427,16.31,2.423,entro il 1990
058041,Gavignano,1905,-2.756508422664625,97.33267533703007,0.1368,3.678,342,31.933,1.779,entro il 1990
058042,Genazzano,5949,-0.28494803888702647,101.31830184524905,0.1646,0.0,248,9.358,2.245,entro il 1990
058043,Genzano di Roma,23892,0.5809547865622632,101.1795343960501,0.1657,0.727,1276,12.58,2.356,entro il 1990
058044,Gerano,1250,0.16025641025641024,100.03060575905647,0.1559,0.171,345,38.419,1.392,entro il 1980
058045,Gorga,712,-7.170795306388526,99.04062007523885,0.1268,0.0,210,39.548,1.341,entro il 1980
058046,Grottaferrata,20460,6.941250261342254,103.36791157289963,0.1676,0.392,1412,16.32,2.365,entro il 1990
058047,Guidonia Montecelio,89288,9.504770781721405,100.94811409793928,0.1583,1.589,4003,11.716,2.613,entro il 2000
058048,Jenne,347,-12.151898734177214,98.30845709177655,0.1645,0.0,519,72.996,0.488,entro il 1960
058049,Labico,6469,7.816666666666666,100.4375036708094,0.1701,0.868,327,12.894,2.551,entro il 2005
058116,Ladispoli,41604,11.97114867047045,102.27274422185825,0.0576,3.244,4899,24.191,2.054,entro il 2000
058050,Lanuvio,13580,4.606378061931906,100.6728069902243,0.1641,3.363,677,12.459,2.499,entro il 1990
058115,Lariano,13448,4.038372272938264,101.95237585329369,0.1677,1.084,451,9.076,2.706,entro il 1990
058051,Licenza,950,-5.847373637264618,99.42151498326794,0.1568,0.602,329,41.28,1.192,entro il 1970
058052,Magliano Romano,1397,-5.030591434398368,97.85563715924889,0.0962,0.0,160,21.164,1.848,entro il 2000
058053,Mandela,912,1.6722408026755853,98.22969428736164,0.1571,2.062,152,28.952,1.737,entro il 1990
058054,Manziana,7737,8.92580599746586,101.25297329407725,0.0722,0.887,330,9.982,2.34,entro il 1990
058055,Marano Equo,783,-0.12755102040816327,99.39945182255263,0.1592,0.476,333,48.121,1.132,entro il 1980
058056,Marcellina,7325,6.328930178545507,101.8076643508817,0.152,0.235,524,16.64,2.326,entro il 1980
058057,Marino,44472,15.939308618801814,101.06029729916617,0.1663,1.286,2105,12.138,2.564,entro il 1990
058058,Mazzano Romano,3119,2.06151832460733,100.98222737657895,0.1014,0.642,298,18.372,1.923,entro il 2000
058059,Mentana,23126,11.488212891095792,102.24062316291935,0.1387,0.826,766,8.855,2.674,entro il 2000
058060,Monte Compatri,12134,8.117259199857434,101.18713299485172,0.169,0.635,514,10.209,2.41,entro il 1990
058064,Monte Porzio Catone,8718,1.5137401024685608,102.00566552359403,0.168,1.845,231,6.638,2.505,entro il 1980
058061,Monteflavio,1285,-8.475783475783476,97.51671232384716,0.1568,0.219,705,54.779,0.998,entro il 1980
058062,Montelanico,2125,-1.254646840148699,100.53757143417981,0.1224,2.643,463,33.454,1.535,entro il 1980
058063,Montelibretti,5326,2.423076923076923,98.9163480901123,0.1522,0.51,511,19.452,2.027,entro il 1980
058065,Monterotondo,41144,4.259686288422066,100.832778420937,0.1347,0.728,1511,8.672,2.361,entro il 1990
058066,Montorio Romano,1913,-5.902606984751599,99.18383928225552,0.1563,0.26,278,25.505,1.755,entro il 1970
058067,Moricone,2559,-4.586129753914989,99.86380788398849,0.1518,0.0,390,26.585,1.744,entro il 1990
058068,Morlupo,8689,7.178981127420747,99.96727779783252,0.1172,2.394,495,12.921,2.268,entro il 2000
058069,Nazzano,1395,1.380813953488372,99.5141818116657,0.1467,0.243,181,23.415,1.805,entro il 1980
058070,Nemi,1907,-2.803261977573904,102.93572555368864,0.16645,0.0,151,17.297,2.184,entro il 1980
058071,Nerola,1969,8.365437534397358,99.10042272326031,0.1545,0.137,174,18.432,2.086,entro il 1980
058072,Nettuno,49852,9.755399484819797,101.63371448805758,0.1295,0.1,5097,21.991,2.151,entro il 1990
058073,Olevano Romano,6664,-1.024803208079608,98.97033412183728,0.1549,2.288,612,18.641,2.03,entro il 1990
058074,Palestrina,21872,6.474539966897089,101.25942413706709,0.1706,0.904,995,11.322,2.489,entro il 1990
058075,Palombara Sabina,13200,8.249958996227653,101.12430569347056,0.1539,3.153,1328,21.853,2.172,entro il 1990
058076,Percile,233,-15.884476534296029,104.50068805075212,0.1593,0.0,303,68.864,0.53,entro il 1945
058077,Pisoniano,739,-8.65265760197775,99.83216921539349,0.1542,9.459,549,58.404,0.786,entro il 1970
058078,Poli,2399,-1.5188834154351396,100.89545512549027,0.1607,0.17,392,27.625,1.691,entro il 1990
058079,Pomezia,63641,12.884687017755466,100.69027645525937,0.162,1.73,11442,33.282,1.851,entro il 1990
058080,Ponzano Romano,1140,-2.564102564102564,99.04310973449942,0.1462,1.034,125,19.904,1.815,entro il 1980
058081,Riano,10649,11.788788578626916,101.19939594134009,0.1125,1.484,630,14.617,2.471,entro il 2005
058082,Rignano Flaminio,10328,7.40432612312812,101.42825388948012,0.1257,0.601,363,8.551,2.433,entro il 2000
058083,Riofreddo,749,-0.9259259259259258,99.5295567096474,0.1623,0.541,378,51.081,1.012,entro il 1980
058084,Rocca Canterano,189,-9.569377990430622,99.09606412713971,0.1574,0.0,176,62.411,0.67,entro il 1945
058085,Rocca di Cave,371,-4.381443298969072,97.37326401547917,0.1599,1.859,195,51.047,0.971,entro il 1980
058086,Rocca di Papa,17201,10.262820512820513,102.01503963926967,0.1674,0.545,1039,15.331,2.538,entro il 1990
058088,Rocca Priora,12060,11.542730299667037,101.35889705249022,0.1691,0.268,1089,20.858,2.31,entro il 1980
058089,Rocca Santo Stefano,967,-5.103042198233562,98.97553840509013,0.1562,2.073,250,37.994,1.47,entro il 1970
058087,Roccagiovine,260,-8.450704225352112,100.07331219603527,0.156,0.73,131,50.775,1.008,entro il 1980
058090,Roiate,710,-4.56989247311828,101.53852745015281,0.1556,3.676,350,52.239,1.06,entro il 1970
058091,Roma,2872800,9.88947936760762,101.03395332166242,0.1685,1.74,122258,9.706,2.281,entro il 1990
058092,Roviano,1341,-3.2467532467532463,97.86194841496453,0.1588,1.991,405,40.179,1.33,entro il 1970
058093,Sacrofano,7799,16.979151042447878,102.13802501482499,0.0885,1.608,356,11.898,2.607,entro il 2000
058094,Sambuci,901,-4.148936170212766,99.32162142838831,0.155,0.587,438,52.392,1.078,entro il 1970
058119,San Cesareo,15552,12.801914847319939,102.38532806922758,0.1703,1.474,1147,18.678,2.532,entro il 2000
058095,San Gregorio da Sassola,1582,2.394822006472492,99.32206175808187,0.1664,1.797,256,27.205,1.681,entro il 1990
058096,San Polo dei Cavalieri,2919,-2.50501002004008,100.5678150788012,0.1551,0.235,776,36.882,1.387,entro il 1980
058100,San Vito Romano,3313,-1.310694072088174,99.63956421883701,0.1548,0.415,540,28.587,1.754,entro il 1980
058097,Santa Marinella,18921,8.39873961615583,99.97244003629963,0.0601,0.66,7499,47.929,1.209,entro il 1990
058098,Sant'Angelo Romano,4987,10.380699424524126,101.17684886395013,0.1435,0.884,310,14.432,2.322,entro il 2005
058099,Sant'Oreste,3648,-1.2185215272136474,100.05451871024293,0.1399,0.0,561,27.141,1.765,entro il 1990
058101,Saracinesco,175,-4.891304347826087,95.98286232645393,0.1567,0.243,329,76.69,0.408,entro il 1945
058102,Segni,9192,0.9998901219646192,99.7136734111934,0.1499,1.624,900,19.689,2.011,entro il 1980
058103,Subiaco,8916,-1.4479938101027965,100.11674076471455,0.1659,1.313,1627,30.885,1.692,entro il 1980
058104,Tivoli,56542,6.840255470314803,101.14707821849741,0.1662,1.182,2055,9.022,2.482,entro il 1990
058105,Tolfa,5006,-2.7583527583527583,101.52452908964109,0.1157,1.863,140,6.214,2.222,entro il 1980
058106,Torrita Tiberina,1056,-1.7674418604651163,99.25614466144593,0.1493,2.749,95,16.493,1.833,entro il 1990
058107,Trevignano Romano,5711,8.677450047573739,99.94649715425581,0.0739,0.141,344,12.605,2.093,entro il 2000
058108,Vallepietra,268,-11.55115511551155,94.71375839753219,0.1753,1.773,307,66.307,0.579,entro il 1960
058109,Vallinfreda,291,-7.32484076433121,99.62275835995813,0.1618,0.0,448,73.684,0.479,entro il 1970
058110,Valmontone,16073,7.131906951942944,101.72485961601777,0.1695,2.717,690,11.007,2.564,entro il 1990
058111,Velletri,53188,1.8439444710387745,101.75869826475073,0.1666,0.692,3391,14.552,2.283,entro il 1990
058112,Vicovaro,3968,0.532049657968077,101.12835944854396,0.1546,2.448,381,19.71,2.053,entro il 1980
058113,Vivaro Romano,158,-10.227272727272728,98.04211653896208,0.165,0.0,334,76.43,0.362,entro il 1945
058114,Zagarolo,17933,5.924394565859421,103.78401632384235,0.1707,1.769,1252,16.731,2.396,entro il 1990
056001,Acquapendente,5439,-3.768577494692144,98.22529827674488,0.1442,0.265,706,22.377,1.724,entro il 1980
056002,Arlena di Castro,870,-1.4722536806342015,99.21228000819443,0.139,0.313,109,23.747,1.895,entro il 1980
056003,Bagnoregio,3609,-1.6353229762878168,96.82898536332677,0.1447,0.497,589,27.511,1.686,entro il 1990
056004,Barbarano Romano,1066,-0.929368029739777,97.38250116380716,0.1243,0.206,309,36.439,1.257,entro il 1990
056006,Bassano in Teverina,1280,-0.078064012490242,98.2323990284565,0.1367,0.0,342,37.377,1.399,entro il 1970
056005,Bassano Romano,4854,0.5385252692626347,99.77526963495697,0.0836,5.059,543,21.378,1.911,entro il 1990
056007,Blera,3289,-2.2004162949747252,97.82498131707372,0.1335,0.114,432,23.427,1.784,entro il 1980
056008,Bolsena,3941,-4.852728150651859,98.36659242772755,0.1434,0.073,1077,36.558,1.338,entro il 1980
056009,Bomarzo,1810,-0.05521811154058532,97.39061057193683,0.1436,0.0,274,25.161,1.662,entro il 1970
056010,Calcata,927,1.9801980198019802,99.04800319569706,0.0928,1.818,318,43.443,1.266,entro il 1980
056011,Canepina,3025,-3.876707975850016,98.23155842065623,0.1206,0.35,542,30.381,1.696,entro il 1980
056012,Canino,5284,0.20860989948795752,99.63772764975236,0.1361,0.0,493,18.165,1.947,entro il 1980
056013,Capodimonte,1718,-0.6936416184971098,97.36322686565221,0.1409,0.315,576,40.0,1.193,entro il 1980
056014,Capranica,6430,-3.235515425131678,99.05590549136024,0.1142,0.23,796,22.953,1.854,entro il 1990
056015,Caprarola,5395,0.9921377761138152,98.09210624051197,0.1229,1.068,640,21.71,1.83,entro il 1980
056016,Carbognano,1976,-3.7037037037037033,98.09286594308566,0.0997,0.908,196,18.473,1.862,entro il 1990
056017,Castel Sant'Elia,2626,2.498048399687744,98.93476606641615,0.1029,0.0,320,23.988,1.969,entro il 2000
056018,Castiglione in Teverina,2321,-3.412401165210154,98.26306056095095,0.1461,0.114,331,24.464,1.715,entro il 1980
056019,Celleno,1336,-0.6691449814126395,98.64740464051741,0.144,0.474,167,23.13,1.85,entro il 1980
056020,Cellere,1168,-4.88599348534202,98.7190834528083,0.1395,1.293,365,39.459,1.263,entro il 1960
056021,Civita Castellana,16262,4.043506078055023,100.39542941886783,0.1414,1.134,691,10.189,2.398,entro il 1980
056022,Civitella d'Agliano,1557,-6.148282097649186,101.11370760691702,0.1464,1.05,515,41.566,1.257,entro il 1970
056023,Corchiano,3793,1.4985282312014987,99.82395902705414,0.1305,0.352,185,11.635,2.386,entro il 1980
056024,Fabrica di Roma,8256,1.6748768472906401,99.50849526483901,0.1047,0.055,399,11.475,2.374,entro il 2000
056025,Faleria,2135,0.5178907721280603,100.99810739313322,0.1169,0.161,117,11.283,2.059,entro il 1990
056026,Farnese,1483,-8.850645359557467,100.1434740305017,0.1396,1.202,415,36.056,1.288,entro il 1980
056027,Gallese,2821,-5.966666666666667,99.53386680197848,0.1394,1.241,169,12.15,2.028,entro il 1980
056028,Gradoli,1348,-8.857336037863421,99.80354727704095,0.1408,0.245,337,33.566,1.343,entro il 1980
056029,Graffignano,2226,-3.8029386343993083,98.95214549647041,0.1452,0.0,344,25.538,1.653,entro il 1970
056030,Grotte di Castro,2652,-4.225352112676056,98.72401693757196,0.1413,0.762,303,20.08,1.757,entro il 1980
056031,Ischia di Castro,2285,-4.031919361612768,99.13979523919917,0.1394,0.0,422,29.739,1.61,entro il 1980
056032,Latera,828,-10.679611650485436,99.1174586847461,0.1405,0.0,388,47.087,1.005,entro il 1970
056033,Lubriano,893,-2.7233115468409586,98.22911107383119,0.1442,2.594,239,38.611,1.443,entro il 1990
056034,Marta,3416,-2.844141069397042,99.46412210325609,0.1408,1.724,798,33.742,1.444,entro il 1980
056035,Montalto di Castro,8978,2.4067525949583666,100.05832433877141,0.0918,1.398,5245,57.398,0.982,entro il 1990
056037,Monte Romano,1962,-2.485089463220676,97.14684961414326,0.1391,0.0,246,21.789,1.738,entro il 1990
056036,Montefiascone,13498,0.7764670748096163,98.00728214699153,0.1426,0.402,535,8.713,2.198,entro il 1980
056038,Monterosi,4558,17.93014230271669,101.41797027864114,0.0771,0.094,107,6.926,2.95,entro il 2005
056039,Nepi,9549,1.9756514310123878,100.46606662266967,0.0941,0.147,584,13.722,2.244,entro il 1990
056040,Onano,990,-2.75049115913556,98.91366886738557,0.1408,0.273,495,49.749,0.995,entro il 1970
056041,Oriolo Romano,3781,3.6174294327212935,99.09034439419891,0.0833,0.102,308,17.236,2.116,entro il 2000
056042,Orte,8795,1.758648617378225,98.13667396224193,0.1486,0.89,526,12.804,2.141,entro il 1980
056043,Piansano,1975,-8.09678920428106,99.24709640554444,0.1402,0.0,486,35.116,1.427,entro il 1980
056044,Proceno,602,-0.16583747927031509,98.79208088792295,0.1418,0.0,167,37.194,1.341,entro il 1945
056045,Ronciglione,8537,2.843030960125286,99.5199085810754,0.1116,1.783,934,20.746,1.896,entro il 1980
056047,San Lorenzo Nuovo,2131,-0.9298000929800093,97.25514654422642,0.142,0.886,426,31.839,1.593,entro il 1990
056048,Soriano nel Cimino,8290,-2.813599062133646,98.82691502375827,0.1394,1.169,343,8.833,2.135,entro il 1990
056049,Sutri,6643,0.9727922176622587,99.39790735849816,0.0839,1.186,450,14.01,2.068,entro il 2000
056050,Tarquinia,16269,1.687605475342209,99.35962243240921,0.118,1.286,4323,38.768,1.459,entro il 1990
056051,Tessennano,327,-6.0344827586206895,100.22220208504525,0.1365,0.588,136,44.737,1.076,entro il 1945
056052,Tuscania,8369,2.952392668224874,99.29913468592142,0.1403,0.215,440,11.452,2.178,entro il 1980
056053,Valentano,2879,-0.4495159059474412,97.29168246635413,0.1403,0.507,1226,48.382,1.136,entro il 1990
056054,Vallerano,2590,-0.7662835249042145,98.94781444596845,0.1051,1.919,425,27.832,1.696,entro il 1980
056055,Vasanello,4037,-3.119750419966403,99.0256684810823,0.1348,1.208,289,15.091,2.108,entro il 1980
056056,Vejano,2239,-2.6521739130434785,99.31140242677102,0.1034,0.0,469,31.732,1.515,entro il 1990
056057,Vetralla,14020,3.9288361749444034,98.93681332007101,0.1376,0.715,872,13.121,2.11,entro il 1980
056058,Vignanello,4523,-6.025348015790567,99.23390629776763,0.1185,1.486,849,29.926,1.594,entro il 1990
056046,Villa San Giovanni in Tuscia,1311,-0.3041825095057034,100.17461819226453,0.1316,0.358,186,25.479,1.796,entro il 1990
056059,Viterbo,67798,7.462355365351085,99.17288349768744,0.1437,2.493,5216,16.326,2.122,entro il 1990
056060,Vitorchiano,5235,5.672184093661688,98.34557868415872,0.1415,0.171,438,18.936,2.263,entro il 2000
010001,Arenzano,11478,-0.6749740394600208,98.90776005273825,0.0564,0.81,3326,37.951,1.31,entro il 1970
010002,Avegno,2504,-1.066772026866851,99.97571333700556,0.0858,2.108,235,16.667,1.776,entro il 1980
010003,Bargagli,2700,-3.7433155080213902,98.29748925967405,0.0829,3.065,828,37.722,1.23,entro il 1960
010004,Bogliasco,4462,-1.1738648947951273,98.68284057970135,0.08,0.951,535,19.662,1.64,entro il 1970
010005,Borzonasca,2035,-4.504927264195214,98.98354705598916,0.1387,2.125,368,25.609,1.416,entro il 1960
010006,Busalla,5545,-3.397212543554007,98.70320498049712,0.0932,0.576,504,15.894,1.749,entro il 1970
010007,Camogli,5300,-2.841429880843263,98.1117767252666,0.0804,0.0,2449,47.242,1.022,entro il 1960
010008,Campo Ligure,2885,-4.879657105176393,98.04637387380886,0.0711,3.543,566,28.258,1.44,entro il 1970
010009,Campomorone,6849,-6.178082191780822,99.3712286888117,0.0833,3.777,675,16.431,1.667,entro il 1970
010010,Carasco,3738,2.6923076923076925,100.4706702454176,0.1133,1.917,446,22.222,1.862,entro il 1980
010011,Casarza Ligure,6851,1.919071704849747,99.82122641794302,0.1289,1.347,911,23.558,1.772,entro il 1980
010012,Casella,3136,-2.7898326100433977,97.23169559304738,0.0894,0.873,524,26.122,1.563,entro il 1980
010013,Castiglione Chiavarese,1574,-4.548211036992116,98.55020473653563,0.1253,0.0,603,43.601,1.138,entro il 1980
010014,Ceranesi,3797,-5.003752814610958,99.30219842521251,0.0761,3.203,444,19.768,1.691,entro il 1990
010015,Chiavari,27410,0.421322586554314,99.81475561429507,0.107,0.47,4731,26.446,1.532,entro il 1970
010016,Cicagna,2470,-3.440187646598905,103.65368728872095,0.096,1.667,296,20.584,1.718,entro il 1970
010017,Cogoleto,9123,-0.15322315858596913,98.95954415813056,0.0538,1.679,2468,35.778,1.323,entro il 1980
010018,Cogorno,5731,1.7578125,99.24982100140716,0.1112,3.26,511,16.932,1.899,entro il 1980
010019,Coreglia Ligure,259,-7.168458781362006,106.2616201050908,0.0962,0.0,82,39.614,1.251,entro il 1945
010020,Crocefieschi,541,-3.046594982078853,96.46575027642614,0.0945,2.423,579,65.87,0.615,entro il 1970
010021,Davagna,1905,-1.0903426791277258,98.17537716247368,0.0916,6.24,868,45.805,1.005,entro il 1970
010022,Fascia,71,-30.392156862745097,95.78107540444135,0.101,2.119,257,75.588,0.209,entro il 1970
010023,Favale di Malvaro,467,-6.6000000000000005,99.16019786935549,0.1019,0.585,247,51.674,0.977,entro il 1970
010024,Fontanigorda,264,-2.941176470588235,94.8795268001949,0.1054,1.091,906,82.967,0.242,entro il 1945
010025,Genova,580097,-0.7777382475489357,99.08234534597469,0.083,1.594,33202,10.721,1.873,entro il 1960
010026,Gorreto,93,-12.264150943396226,95.28365168337425,0.1023,0.725,397,83.403,0.195,entro il 1945
010027,Isola del Cantone,1488,-3.3766233766233764,97.9231406444283,0.0956,2.229,598,43.971,1.094,entro il 1945
010028,Lavagna,12617,0.4538216560509554,100.51588812711178,0.114,1.526,4065,39.474,1.225,entro il 1970
010029,Leivi,2443,3.957446808510638,99.68123691339491,0.1033,0.911,1184,53.309,1.1,entro il 1980
010030,Lorsica,437,-14.814814814814813,97.43843674488497,0.1,5.329,204,44.835,0.96,entro il 1918
010031,Lumarzo,1527,-4.62211118051218,98.10703682906191,0.0918,1.763,1453,63.589,0.668,entro il 1970
010032,Masone,3694,-1.3091103393000267,97.88594515725781,0.0687,0.141,688,29.314,1.574,entro il 1970
010033,Mele,2708,0.8190618019359642,96.77734334927894,0.064,1.096,234,15.768,1.825,entro il 1970
010034,Mezzanego,1541,-5.921855921855921,101.40603788486123,0.1266,1.179,132,15.295,1.786,entro il 1990
010035,Mignanego,3607,-3.6591880341880345,98.394487380499,0.0876,3.622,601,26.051,1.564,entro il 1970
010036,Moconesi,2534,-5.588673621460507,99.87800928254156,0.0988,1.687,395,23.695,1.52,entro il 1980
010037,Moneglia,2798,-2.9819694868238558,98.42682075360878,0.1152,1.27,3003,66.778,0.622,entro il 1990
010038,Montebruno,231,5.963302752293578,97.85405435095709,0.1027,1.773,339,72.128,0.491,entro il 1980
010039,Montoggio,1993,-2.7330405075646658,97.61198556845724,0.0927,0.944,1003,49.678,0.987,entro il 1960
010040,Ne,2220,-5.8124734832414084,99.09894751467479,0.137,3.605,707,38.445,1.207,entro il 1970
010041,Neirone,849,-13.101330603889458,98.0289417777559,0.0982,2.798,697,57.272,0.698,entro il 1960
010042,Orero,540,-10.0,100.38609900819607,0.1045,12.253,103,25.879,1.357,entro il 1960
010043,Pieve Ligure,2497,-3.1419705197827774,98.53354290647093,0.0776,0.769,596,33.074,1.386,entro il 1960
010044,Portofino,401,-8.656036446469248,104.8836357678229,0.0785,0.0,339,59.894,0.708,entro il 1945
010045,Propata,136,-15.0,97.15220005473202,0.0988,0.312,370,77.895,0.286,entro il 1960
010046,Rapallo,29728,2.0318506315211424,99.45520233816994,0.0927,2.104,11240,44.364,1.173,entro il 1970
010047,Recco,9683,-4.0432068179565945,99.71985708733777,0.0801,0.812,1696,26.282,1.501,entro il 1970
010048,Rezzoaglio,964,-10.575139146567718,97.58937691183935,0.1271,3.82,1099,62.231,0.546,entro il 1960
010049,Ronco Scrivia,4365,-4.548436474961732,98.06012258483004,0.093,1.901,684,24.076,1.536,entro il 1970
010050,Rondanina,60,-11.76470588235294,100.0075418459224,0.0997,0.621,197,79.757,0.243,entro il 1945
010051,Rossiglione,2693,-7.805546045874701,99.71128188376554,0.0708,5.362,530,26.553,1.349,entro il 1960
010052,Rovegno,511,-11.438474870017332,96.47959306833229,0.1102,0.122,1059,74.894,0.361,entro il 1970
010053,San Colombano Certenoli,2632,-2.698706099815157,99.97041342412206,0.1098,1.488,600,32.751,1.437,entro il 1980
010054,Santa Margherita Ligure,9124,-5.743801652892562,99.32106471476952,0.081,1.48,5034,52.079,0.944,entro il 1970
010056,Santo Stefano d'Aveto,1098,-9.030654515327258,98.11477652501182,0.1561,0.096,1760,72.043,0.449,entro il 1970
010055,Sant'Olcese,5911,0.0,98.03345515672285,0.0854,1.346,408,13.002,1.884,entro il 1970
010057,Savignone,3112,-3.503875968992248,98.75091256078699,0.0924,1.636,1005,40.524,1.255,entro il 1970
010058,Serra Riccò,7826,-1.5101938082053865,97.89729857526551,0.0855,1.879,841,19.249,1.791,entro il 1980
010059,Sestri Levante,18339,0.8912361775870606,99.45430045242261,0.1215,0.906,5523,38.862,1.29,entro il 1980
010060,Sori,4112,-6.630336058128973,97.48848450452856,0.0828,0.433,989,32.038,1.332,entro il 1970
010061,Tiglieto,538,-6.108202443280978,95.23352296088068,0.0614,0.515,651,65.957,0.545,entro il 1970
010062,Torriglia,2270,-4.781879194630872,98.1090359114867,0.0979,3.618,3103,69.248,0.507,entro il 1960
010063,Tribogna,598,-3.079416531604538,98.70721676720851,0.0907,6.197,137,30.649,1.338,entro il 1980
010064,Uscio,2222,-1.8551236749116609,99.0421915507417,0.0881,2.066,344,23.922,1.545,entro il 1970
010065,Valbrevenna,788,-2.595797280593325,93.93896239091325,0.0967,1.565,1046,68.725,0.518,entro il 1970
010066,Vobbia,398,-13.100436681222707,97.57698230728631,0.0967,2.385,1531,84.306,0.219,entro il 1980
010067,Zoagli,2439,-2.6347305389221556,98.22310490646022,0.0958,0.199,1565,55.183,0.86,entro il 1970
008001,Airole,408,-10.91703056768559,96.37334905683576,0.1488,12.15,310,55.16,0.726,entro il 1918
008002,Apricale,618,-0.9615384615384616,100.6659665995468,0.1589,0.0,405,53.642,0.819,entro il 1970
008003,Aquila d'Arroscia,158,-9.195402298850574,96.68071495236369,0.1303,0.0,54,39.416,1.153,entro il 1970
008004,Armo,113,-8.130081300813007,101.13830508582708,0.1357,1.053,51,44.737,0.991,entro il 1960
008005,Aurigo,337,-1.1730205278592376,100.28212579788793,0.1581,0.704,139,43.302,1.05,entro il 1970
008006,Badalucco,1123,-4.425531914893617,102.11463752315468,0.1623,1.736,469,45.534,1.09,entro il 1945
008007,Bajardo,326,4.823151125401929,95.53674888825454,0.162,1.942,565,74.244,0.428,entro il 1970
008008,Bordighera,10412,0.4631416441528367,100.86218231852847,0.1369,0.471,6208,55.001,0.922,entro il 1980
008009,Borghetto d'Arroscia,449,-3.023758099352052,98.6640565879706,0.1487,1.193,249,50.405,0.909,entro il 1960
008010,Borgomaro,881,2.085747392815759,98.43449828781634,0.1604,0.55,2226,83.905,0.332,entro il 1960
008011,Camporosso,5559,2.4322830292979547,102.45209262979643,0.1424,2.591,510,18.722,2.041,entro il 1980
008012,Caravonica,266,-11.333333333333332,97.99882452953155,0.1572,0.0,73,33.953,1.237,entro il 1970
008015,Castel Vittorio,288,-12.462006079027356,96.61953726953978,0.1625,3.93,171,47.238,0.796,entro il 1945
008014,Castellaro,1268,3.341483292583537,97.94254812055703,0.1592,0.0,283,35.199,1.577,entro il 1990
008016,Ceriana,1214,-3.343949044585987,99.16542281091206,0.1612,0.152,490,43.401,1.075,entro il 2000
008017,Cervo,1139,0.975177304964539,100.38097138132342,0.1491,0.0,1112,65.566,0.672,entro il 1980
008018,Cesio,283,0.7117437722419928,97.41357634241187,0.1535,0.592,131,47.81,1.033,entro il 1918
008019,Chiusanico,578,-4.1459369817578775,98.49554702547714,0.1569,3.095,313,50.977,0.941,entro il 1960
008020,Chiusavecchia,556,-1.592920353982301,97.91124505843959,0.1577666666666667,0.0,271,50.372,1.033,entro il 1960
008021,Cipressa,1272,0.6329113924050633,98.28098363202638,0.1549,0.73,910,59.868,0.837,entro il 1980
008022,Civezza,599,-6.842923794712286,103.04344014252172,0.1534,1.527,316,51.382,0.974,entro il 2000
008023,Cosio d'Arroscia,204,-16.73469387755102,97.69445244717262,0.1402,2.319,400,72.333,0.369,entro il 1970
008024,Costarainera,816,1.8726591760299627,102.84209865991465,0.1496,0.926,840,69.25,0.673,entro il 1980
008025,Diano Arentino,719,5.735294117647059,96.87168537471628,0.1552,11.317,621,64.823,0.751,entro il 1990
008026,Diano Castello,2251,0.580875781948168,100.04516418362961,0.15306,5.135,926,48.583,1.181,entro il 1990
008027,Diano Marina,5867,-1.6594032852832719,99.60904048064594,0.1499,2.516,5701,65.132,0.67,entro il 1980
008028,Diano San Pietro,1150,3.1390134529147984,97.92925420405113,0.153,1.311,312,37.365,1.377,entro il 1990
008029,Dolceacqua,2093,5.707070707070707,100.63026718352852,0.1546,1.419,520,36.801,1.481,entro il 1980
008030,Dolcedo,1385,-4.876373626373627,99.9849179274294,0.1602,1.309,842,56.246,0.925,entro il 1990
008031,Imperia,42318,-0.016538688718251624,100.66704826478833,0.1568,0.672,6742,26.04,1.634,entro il 1990
008032,Isolabona,695,3.731343283582089,105.16003325670114,0.1566,5.66,227,41.499,1.271,entro il 1960
008033,Lucinasco,283,1.0714285714285714,98.81558602208824,0.1584,0.84,218,61.408,0.797,entro il 1918
008034,Mendatica,187,-7.8817733990147785,99.80768598191095,0.1491,2.957,626,81.299,0.243,entro il 1970
008035,Molini di Triora,604,-2.106969205834684,97.03481227887993,0.1626,2.603,1145,75.131,0.396,entro il 1945
008068,Montalto Carpasio,543,4.826254826254826,96.60174401281178,0.1618,3.704,567,66.706,0.639,entro il 1918
008037,Montegrosso Pian Latte,124,3.3333333333333335,100.60321120366108,0.1521,0.0,127,64.141,0.626,entro il 1980
008038,Olivetta San Michele,214,-4.888888888888889,102.03136300100093,0.1405,2.198,231,66.189,0.613,entro il 1945
008039,Ospedaletti,3292,-2.7474150664697192,99.43531779352155,0.1392,0.39,3215,65.081,0.666,entro il 1990
008040,Perinaldo,871,-4.808743169398907,98.67661044711444,0.1539,0.363,708,60.825,0.748,entro il 1980
008041,Pietrabruna,472,-12.104283054003725,101.76519786547063,0.1585,0.0,201,44.273,1.04,entro il 1945
008042,Pieve di Teco,1339,-4.9680624556423,99.98231451292175,0.1546,5.144,589,46.858,1.065,entro il 1960
008043,Pigna,843,-5.915178571428571,98.68391367043779,0.1622,0.0,640,57.971,0.764,entro il 1945
008044,Pompeiana,842,3.6945812807881775,101.53511410261287,0.156,0.283,476,55.543,0.982,entro il 1980
008045,Pontedassio,2318,-0.8554319931565441,98.49247555437186,0.158,2.61,358,26.112,1.691,entro il 1980
008046,Pornassio,681,18.229166666666664,98.89765826969216,0.1509,1.826,254,45.357,1.216,entro il 1970
008047,Prelà,498,-0.4,102.39961733821693,0.1612,1.484,552,66.747,0.602,entro il 1945
008048,Ranzo,555,0.9090909090909091,100.29152970374773,0.1438,4.852,292,51.957,0.988,entro il 1970
008049,Rezzo,339,-8.62533692722372,97.58853019066501,0.1595,1.991,393,64.638,0.558,entro il 1918
008050,Riva Ligure,2878,0.6293706293706294,100.10994953350715,0.15883333333333335,1.044,462,26.69,1.663,entro il 1990
008051,Rocchetta Nervina,299,9.124087591240876,98.76596613988097,0.1572,0.0,143,49.481,1.035,entro il 1918
008052,San Bartolomeo al Mare,3069,-1.7919999999999998,99.6168605153909,0.1504,1.347,4742,74.984,0.485,entro il 1980
008053,San Biagio della Cima,1305,2.032838154808444,100.55635048635975,0.1454,12.137,85,13.514,2.075,entro il 1980
008054,San Lorenzo al Mare,1273,-7.619738751814223,100.02725892424432,0.153675,0.674,1060,61.201,0.735,entro il 1980
008055,Sanremo,54529,0.9011509566633359,100.02502368823832,0.1562,1.321,14818,36.792,1.354,entro il 1980
008056,Santo Stefano al Mare,2172,-2.600896860986547,98.33297201569903,0.15446666666666667,0.885,1854,63.341,0.742,entro il 1980
008057,Seborga,297,-7.187499999999999,97.39841678186357,0.145,2.404,174,51.786,0.884,entro il 1980
008058,Soldano,1029,4.467005076142132,102.04341034522204,0.14736666666666667,0.962,154,26.46,1.768,entro il 1990
008059,Taggia,14003,0.6034916301458438,99.9404704968715,0.1613,1.313,3421,34.987,1.432,entro il 1980
008060,Terzorio,233,-0.4273504273504274,95.97929843248546,0.1525,0.0,63,37.725,1.395,entro il 1970
008061,Triora,349,-8.157894736842106,98.9891334898808,0.1617,0.135,707,75.858,0.374,entro il 1918
008062,Vallebona,1319,-0.677710843373494,99.06042354573843,0.1428,0.474,205,25.689,1.653,entro il 2000
008063,Vallecrosia,6972,-1.1764705882352942,101.28447715543207,0.1341,0.869,1320,29.55,1.561,entro il 1990
008064,Vasia,405,-4.25531914893617,100.10450324926016,0.1605,2.806,304,56.089,0.747,entro il 1945
008065,Ventimiglia,24065,0.8295973519922907,102.04764654414042,0.1439,1.818,1923,15.467,1.936,entro il 1980
008066,Vessalico,286,0.3508771929824561,96.51857044985444,0.1499,7.763,152,52.595,0.99,entro il 1960
008067,Villa Faraldi,472,6.787330316742081,100.24265200401791,0.1529,2.179,276,56.557,0.967,entro il 1945
011001,Ameglia,4366,-2.1734259466726416,99.18821479674368,0.1261,0.322,2091,49.351,1.03,entro il 1980
011002,Arcola,10549,2.5568734201827725,99.37010742741491,0.1311,0.907,663,12.929,2.057,entro il 1980
011003,Beverino,2396,-0.16666666666666669,97.50106174282332,0.1385,1.477,537,33.689,1.503,entro il 1990
011004,Bolano,7836,1.08359133126935,98.40766975546929,0.1534,0.434,399,11.133,2.186,entro il 1980
011005,Bonassola,833,-15.25940996948118,96.91262984824048,0.1135,0.0,1002,65.49,0.544,entro il 1980
011006,Borghetto di Vara,920,-7.258064516129033,99.00886222068607,0.1333,0.183,414,45.898,1.02,entro il 1970
011007,Brugnato,1309,3.5601265822784813,99.58488217686539,0.1412,0.0,394,41.737,1.387,entro il 1980
011008,Calice al Cornoviglio,1105,-3.4090909090909087,99.71497338846315,0.1657,3.322,547,48.579,0.981,entro il 2000
011009,Carro,528,-7.530647985989491,96.7316854381673,0.14,0.184,505,60.191,0.629,entro il 1980
011010,Carrodano,488,-5.973025048169557,97.09190596412498,0.1339,0.218,368,55.842,0.741,entro il 1970
011011,Castelnuovo Magra,8346,1.0656333252603536,98.90500521285492,0.1474,1.356,563,13.932,2.065,entro il 1980
011012,Deiva Marina,1338,-6.6294487090020935,98.85120010901419,0.1208,0.162,1945,70.934,0.488,entro il 1980
011013,Follo,6296,-0.6783404322448336,99.64530232105426,0.1423,1.493,488,15.551,2.006,entro il 1990
011014,Framura,653,-3.687315634218289,99.27872688314463,0.1202,0.0,1137,74.023,0.425,entro il 1970
011015,La Spezia,93311,0.966261983596269,99.99006591548375,0.1299,3.495,6282,12.856,1.91,entro il 1970
011016,Lerici,10133,1.158031346710592,98.38452041474731,0.1271,0.997,2468,32.152,1.32,entro il 1970
011017,Levanto,5403,-1.9775036284470244,97.7825365420785,0.1234,1.004,1947,43.228,1.2,entro il 1970
011018,Maissana,610,-7.435508345978755,96.3152921402172,0.1482,2.56,601,60.1,0.61,entro il 1970
011019,Monterosso al Mare,1422,-3.5278154681139755,100.43403222248625,0.1219,0.851,1015,57.507,0.806,entro il 1960
011020,Ortonovo,8360,-0.34569078555250926,98.59094839138324,0.1453,1.043,994,22.914,1.927,entro il 1980
011021,Pignone,567,-5.025125628140704,96.59901526280302,0.1291,0.299,303,51.884,0.971,entro il 1990
011022,Portovenere,3543,-4.009753454348415,98.24473434249765,0.1093,2.442,834,30.673,1.303,entro il 1970
011023,Riccò del Golfo di Spezia,3672,3.8461538461538463,97.20018329259271,0.1307,0.388,692,30.565,1.622,entro il 1980
011024,Riomaggiore,1496,-10.204081632653061,97.64841676766257,0.1123,0.133,1018,53.438,0.785,entro il 1960
011025,Rocchetta di Vara,701,-10.358056265984656,98.35139906549696,0.1672,2.778,486,56.709,0.818,entro il 1970
011026,Santo Stefano di Magra,9613,9.300739056281978,98.71909410113764,0.1449,0.532,276,6.989,2.434,entro il 1980
011027,Sarzana,22133,1.8545789231477219,99.17721414846432,0.1504,0.964,1740,15.383,1.957,entro il 1980
011028,Sesta Godano,1339,-6.884561891515995,97.79380468442284,0.1788,2.294,775,49.648,0.858,entro il 1970
011029,Varese Ligure,1984,-5.162523900573614,99.13076746962649,0.1807,4.617,1357,54.021,0.79,entro il 1960
011030,Vernazza,824,-10.532030401737243,97.63322772092947,0.1181,1.674,617,53.652,0.717,entro il 1945
011031,Vezzano Ligure,7320,-0.6649477541050346,97.97659713731686,0.1347,0.402,196,5.783,2.16,entro il 1970
011032,Zignago,515,-3.5580524344569286,96.02290257304004,0.1703,0.0,304,52.87,0.896,entro il 1980
009001,Alassio,10791,-1.935659760087241,99.26476035961393,0.1423,0.908,6989,55.394,0.855,entro il 1980
009002,Albenga,24042,2.0112016293279025,100.75342447108302,0.1352,0.324,4117,28.081,1.64,entro il 1980
009004,Albisola Superiore,10033,-3.249758919961427,98.86380439984376,0.0532,0.486,2303,30.801,1.342,entro il 1980
009003,Albissola Marina,5387,-3.0940816693649937,98.73764244398924,0.054599999999999996,0.457,1454,34.406,1.275,entro il 1970
009005,Altare,2034,-3.9660056657223794,98.03994074831704,0.0582,7.172,202,15.574,1.568,entro il 1960
009006,Andora,7528,0.7764390896921017,99.20464985267665,0.1478,0.187,9046,71.578,0.596,entro il 1990
009007,Arnasco,632,1.282051282051282,103.76261361933497,0.1319,0.0,118,30.102,1.612,entro il 1980
009008,Balestrino,553,-8.896210873146623,98.43856404145079,0.1143,0.0,177,39.509,1.234,entro il 1980
009009,Bardineto,744,7.0503597122302155,96.60668370992789,0.0995,0.0,771,68.11,0.657,entro il 1970
009010,Bergeggi,1105,-1.4272970561998217,98.84016546585178,0.0582,0.613,1343,70.388,0.579,entro il 1980
009011,Boissano,2474,2.0627062706270625,100.54251851532709,0.102,0.368,521,33.919,1.611,entro il 1990
009012,Borghetto Santo Spirito,4802,-6.393762183235867,100.23913023805174,0.1119,2.061,8885,77.093,0.417,entro il 1980
009013,Borgio Verezzi,2203,-5.043103448275862,98.17365227751094,0.08856666666666667,0.76,1846,61.187,0.73,entro il 1970
009014,Bormida,382,-4.0201005025125625,100.31837648968082,0.0729,0.87,158,43.052,1.041,entro il 1960
009015,Cairo Montenotte,13145,-0.48451813157695506,98.98142740472973,0.0558,2.636,610,8.923,1.923,entro il 1970
009016,Calice Ligure,1726,3.044776119402985,98.0752392996635,0.0759,0.784,384,33.773,1.518,entro il 1980
009017,Calizzano,1483,-4.0129449838187705,98.38124581580078,0.0836,2.075,997,55.948,0.832,entro il 1970
009018,Carcare,5534,-1.4250089063056643,99.12521337626181,0.0571,1.972,424,13.682,1.786,entro il 1970
009019,Casanova Lerrone,739,0.0,96.31857595626015,0.1524,9.747,364,48.728,0.989,entro il 1980
009020,Castelbianco,325,0.9316770186335404,102.06130482187129,0.1272,0.592,64,30.476,1.548,entro il 1960
009021,Castelvecchio di Rocca Barbena,135,-20.118343195266274,97.46074506318531,0.1164,1.015,203,65.909,0.438,entro il 1970
009022,Celle Ligure,5184,-2.9576937476600524,98.43110557892398,0.0528,0.708,3338,56.509,0.878,entro il 1980
009023,Cengio,3453,-6.066376496191513,99.92585094805995,0.0567,1.321,494,22.054,1.542,entro il 1980
009024,Ceriale,5571,-4.064060616497331,100.48564555230624,0.1209,0.816,7444,72.356,0.542,entro il 1980
009025,Cisano sul Neva,2085,5.945121951219512,99.78836370952355,0.1298,0.1,686,45.132,1.372,entro il 1990
009026,Cosseria,1081,0.4646840148698885,96.01007404726731,0.0565,0.457,193,27.85,1.56,entro il 1980
009027,Dego,1985,-0.8986520219670495,97.10467127698955,0.0526,5.459,675,40.835,1.201,entro il 1970
009028,Erli,235,-9.615384615384617,101.75730168129066,0.1126,3.965,327,70.474,0.506,entro il 1970
009029,Finale Ligure,11613,-0.7944643772424398,99.185217029663,0.0831,0.632,6258,51.753,0.96,entro il 1970
009030,Garlenda,1263,4.122011541632316,98.7627524102828,0.1474,0.0,519,47.053,1.145,entro il 1990
009031,Giustenice,998,5.832449628844114,97.0678442861845,0.0927,1.916,21,4.93,2.343,entro il 1980
009032,Giusvalla,426,-7.792207792207792,96.41264627489514,0.0517,2.771,286,53.659,0.799,entro il 1980
009033,Laigueglia,1780,-0.5030743432084964,101.16658417032568,0.1393,5.9,3484,78.806,0.403,entro il 1980
009034,Loano,11224,-2.577901223852096,99.86897465419604,0.099,2.0,7508,56.72,0.848,entro il 1980
009035,Magliolo,985,6.832971800433839,95.75498366699134,0.0825,0.423,281,40.028,1.403,entro il 1990
009036,Mallare,1111,-7.339449541284404,96.17340426285732,0.0665,1.375,223,27.84,1.387,entro il 1970
009037,Massimino,103,-13.445378151260504,97.40145500063625,0.0713,2.4,99,60.0,0.624,entro il 1960
009038,Millesimo,3326,-3.4822983168891466,98.29465447522539,0.0612,0.0,359,17.825,1.651,entro il 1970
009039,Mioglia,518,-3.5381750465549344,96.9535771757232,0.0513,0.364,321,50.872,0.821,entro il 1980
009040,Murialdo,837,-0.5938242280285035,99.2660580150661,0.0688,0.492,417,48.545,0.974,entro il 1970
009041,Nasino,193,-10.648148148148149,95.00133409654006,0.1229,0.847,97,43.498,0.865,entro il 1918
009042,Noli,2692,-3.7540221666070788,97.32854426791181,0.0689,0.75,2263,61.295,0.729,entro il 1980
009043,Onzo,216,-8.085106382978724,99.91863121272272,0.1409,2.548,91,45.5,1.08,entro il 1970
009044,Orco Feglino,890,-0.2242152466367713,99.44901918941974,0.071,0.687,129,24.022,1.657,entro il 1960
009045,Ortovero,1566,-1.1987381703470033,102.18343622283267,0.1392,0.394,206,24.122,1.834,entro il 2000
009046,Osiglia,464,-0.8547008547008548,95.42083869908936,0.0707,1.07,338,55.776,0.766,entro il 1970
009047,Pallare,922,-2.9473684210526314,96.48960414626397,0.0611,0.0,176,27.892,1.461,entro il 1980
009048,Piana Crixia,807,-5.834305717619603,96.83416218288754,0.0511,0.342,404,47.474,0.948,entro il 1970
009049,Pietra Ligure,8837,-0.5066426480522405,99.522979752831,0.096,0.282,8861,66.394,0.662,entro il 1980
009050,Plodio,635,-2.006172839506173,97.59686113178866,0.0578,1.304,82,22.652,1.754,entro il 1990
009051,Pontinvrea,829,-2.5851938895417157,99.13336597881805,0.0523,1.957,542,54.803,0.838,entro il 1980
009052,Quiliano,7137,-2.950775088387272,98.42403106993899,0.0619,1.097,573,14.806,1.844,entro il 1970
009053,Rialto,562,-0.7067137809187279,97.86132597621778,0.0782,0.0,118,32.329,1.54,entro il 1970
009054,Roccavignale,766,2.8187919463087248,97.02189228979958,0.0601,0.0,253,41.612,1.26,entro il 1960
009055,Sassello,1757,-6.492815327301757,96.5630501307049,0.0564,0.812,1976,66.689,0.593,entro il 1980
009056,Savona,60632,0.06106114365871772,99.69051957852972,0.056,3.621,5334,15.538,1.766,entro il 1970
009057,Spotorno,3711,-4.503345342254246,98.67597699818873,0.0633,0.913,3932,66.52,0.628,entro il 1970
009058,Stella,3006,-1.2807881773399015,97.97175741384473,0.0525,1.104,1457,49.625,1.024,entro il 1980
009059,Stellanello,809,-5.269320843091335,99.64357453931282,0.1535,6.163,421,50.48,0.97,entro il 1970
009060,Testico,198,-5.263157894736842,99.70953261600916,0.151,3.279,183,61.616,0.667,entro il 1980
009061,Toirano,2665,0.5660377358490566,99.51099282107249,0.109,1.997,494,28.855,1.557,entro il 1990
009062,Tovo San Giacomo,2543,2.4164317358034633,97.21478201490788,0.0866,0.485,291,21.133,1.847,entro il 1990
009063,Urbe,701,-7.884362680683312,95.59885091857772,0.0585,1.058,1837,79.284,0.303,entro il 1980
009064,Vado Ligure,8369,2.335534360479335,98.42738859609399,0.0627,4.629,237,5.726,2.022,entro il 1960
009065,Varazze,13113,-2.6286478057473825,98.4445336900791,0.053,1.624,4765,41.883,1.153,entro il 1970
009066,Vendone,370,-6.801007556675064,98.67883446723502,0.1338,1.376,107,35.314,1.221,entro il 1960
009067,Vezzi Portio,826,2.736318407960199,96.29437736458654,0.0654,2.477,191,34.107,1.475,entro il 1980
009068,Villanova d'Albenga,2702,6.377952755905512,100.92373035206101,0.1393,1.77,480,29.907,1.683,entro il 2000
009069,Zuccarello,317,-0.6269592476489028,104.32812862756317,0.1234,5.839,107,43.145,1.278,entro il 1918
016001,Adrara San Martino,2239,3.657407407407407,99.04194823809948,0.1297,0.168,386,32.301,1.874,entro il 2000
016002,Adrara San Rocco,825,-1.7857142857142856,98.97795439136185,0.1265,4.023,242,42.16,1.437,entro il 1990
016003,Albano Sant'Alessandro,8244,2.8828154249344813,97.16969725941344,0.1252,0.763,258,7.669,2.451,entro il 2000
016004,Albino,17903,-1.1320963110227522,97.55210532206208,0.1206,0.892,2119,22.392,1.892,entro il 1990
016248,Algua,673,-6.657420249653259,97.57550341869124,0.0987,2.709,627,67.275,0.722,entro il 1980
016005,Almè,5604,-1.1465866995942848,96.7862810001378,0.095125,0.295,241,9.583,2.228,entro il 1980
016006,Almenno San Bartolomeo,6247,3.392916252896392,96.40324959769472,0.0937,1.338,695,22.757,2.046,entro il 1990
016007,Almenno San Salvatore,5677,-2.3731728288907994,96.27836365354636,0.0897,0.423,317,12.515,2.241,entro il 1990
016008,Alzano Lombardo,13637,0.1027673786977905,97.84525466598723,0.1138,0.731,910,13.697,2.053,entro il 1990
016009,Ambivere,2348,-0.4240882103477523,96.13005641006846,0.081825,0.251,115,11.047,2.256,entro il 1990
016010,Antegnate,3206,3.1863533955584167,99.54160717831476,0.1279,2.294,171,12.62,2.366,entro il 2000
016011,Arcene,4868,2.6354627872654435,98.47351334257355,0.1082,1.248,158,7.849,2.418,entro il 1990
016012,Ardesio,3485,-3.835540838852097,95.87047612646194,0.076,1.845,1008,40.876,1.413,entro il 1990
016013,Arzago d'Adda,2715,-0.9846827133479212,97.1659953610174,0.0925,1.278,119,9.983,2.278,entro il 2000
016014,Averara,178,-2.197802197802198,96.34294004503464,0.0552,0.0,418,81.481,0.347,entro il 1970
016015,Aviatico,568,10.29126213592233,94.41248560780313,0.1029,0.659,1584,85.947,0.308,entro il 1990
016016,Azzano San Paolo,7617,0.3557312252964427,97.45640711304337,0.1193,0.43,269,8.164,2.312,entro il 1990
016017,Azzone,387,-10.623556581986143,95.61887866795173,0.0709,1.128,277,57.829,0.808,entro il 1960
016018,Bagnatica,4317,3.923928743379875,96.50029444671416,0.128,0.986,68,4.052,2.573,entro il 1990
016019,Barbata,712,3.6390101892285296,104.7674653886817,0.1228,1.136,1,0.377,2.687,entro il 2000
016020,Bariano,4270,-2.041752695572379,96.343009936956,0.1214,0.13,133,7.405,2.378,entro il 1990
016021,Barzana,1980,10.0,97.51085937148211,0.0885,0.904,73,9.932,2.694,entro il 2000
016022,Bedulita,732,1.5256588072122053,95.43724243342169,0.0772,3.114,248,46.792,1.381,entro il 1980
016023,Berbenno,2357,-3.6385936222403923,96.6305743202907,0.0738,1.063,857,47.532,1.307,entro il 1980
016024,Bergamo,120923,4.80957581430825,98.43828155772547,0.1179,0.53,8160,13.5,2.001,entro il 1980
016025,Berzo San Fermo,1377,6.332046332046332,98.78661143816892,0.1259,1.587,146,23.397,2.207,entro il 1980
016026,Bianzano,610,0.6600660066006601,95.83886184243038,0.1125,0.0,441,61.335,0.848,entro il 2000
016027,Blello,75,-1.3157894736842104,96.7819674102564,0.0737,1.449,86,72.269,0.63,entro il 1980
016028,Bolgare,6237,7.757429163787146,97.98928564216766,0.1336,0.248,350,14.368,2.56,entro il 2000
016029,Boltiere,6102,5.116279069767442,97.43872769220337,0.10646666666666667,0.61,295,11.128,2.302,entro il 2000
016030,Bonate Sopra,10020,12.206047032474803,97.19060192263258,0.09666250000000001,1.246,318,8.377,2.64,entro il 2000
016031,Bonate Sotto,6704,4.131717924821373,96.71955505777325,0.0996,0.126,203,7.374,2.435,entro il 1990
016032,Borgo di Terzo,1164,6.593406593406594,97.11916968375738,0.12433999999999998,0.498,171,29.432,2.003,entro il 2000
016033,Bossico,993,1.9507186858316223,95.6454252548647,0.0986,0.942,374,50.884,1.351,entro il 2000
016034,Bottanuco,5137,-0.7918115102356121,97.3552474409308,0.0891,1.585,205,9.327,2.337,entro il 1990
016035,Bracca,706,-5.23489932885906,96.61762879876284,0.0906,0.649,335,51.858,1.093,entro il 1990
016036,Branzi,712,-2.063273727647868,96.0255587384568,0.0622,7.065,1249,79.402,0.453,entro il 1980
016037,Brembate,8551,2.9125045131784812,97.2672764915755,0.09984000000000001,4.052,168,4.786,2.436,entro il 1990
016038,Brembate di Sopra,7868,1.040195197123411,96.91798619034331,0.0936,0.713,402,11.957,2.34,entro il 1990
016040,Brignano Gera d'Adda,6009,0.9576612903225806,98.18103356130557,0.121,2.128,167,6.71,2.414,entro il 1990
016041,Brumano,119,25.263157894736842,98.48512350205773,0.0618,1.031,304,85.393,0.334,entro il 1980
016042,Brusaporto,5600,3.473762010347376,95.43409437453006,0.126,1.092,92,4.281,2.606,entro il 2000
016043,Calcinate,5985,3.2252500862366333,99.93499149301142,0.1322,0.149,171,7.661,2.681,entro il 2000
016044,Calcio,5326,-0.5415499533146592,100.44225749695674,0.1317,1.064,443,18.223,2.191,entro il 1990
016046,Calusco d'Adda,8378,1.5761396702230843,97.5707678546646,0.0832,1.948,304,8.53,2.351,entro il 1990
016047,Calvenzano,4240,4.665514687731425,95.8598062125938,0.1007,2.904,165,9.071,2.331,entro il 1990
016048,Camerata Cornello,616,-1.282051282051282,96.15846014568241,0.0668,0.325,189,42.664,1.391,entro il 2000
016049,Canonica d'Adda,4504,7.41712377772478,97.11434026001054,0.0964,1.311,174,9.034,2.339,entro il 1990
016050,Capizzone,1231,-5.670498084291188,96.41014702640358,0.081,0.875,228,31.319,1.691,entro il 1990
016051,Capriate San Gervasio,8173,4.82236757727331,97.24837222688262,0.0966,0.684,220,6.454,2.397,entro il 1980
016052,Caprino Bergamasco,3079,-1.660811242414564,97.35054988328248,0.0725,1.196,349,21.65,1.91,entro il 1980
016053,Caravaggio,16261,2.528373266078184,97.47921186705486,0.1177,0.358,643,9.06,2.291,entro il 1990
016055,Carobbio degli Angeli,4700,3.160667251975417,100.54615669067707,0.1313,1.104,218,11.602,2.501,entro il 1990
016056,Carona,313,-11.830985915492958,98.022586563676,0.0628,0.0,1119,84.709,0.237,entro il 1990
016057,Carvico,4659,-0.5761843790012804,97.17723694925715,0.0756,0.989,278,13.076,2.191,entro il 2000
016058,Casazza,4004,-0.5711447727837099,101.64445153275182,0.1219,1.364,92,6.065,2.639,entro il 1980
016059,Casirate d'Adda,4120,5.83097867968148,97.83503048822371,0.0954,2.837,218,12.186,2.303,entro il 1990
016060,Casnigo,3221,-3.5917390002993113,95.74664338627449,0.1005,3.834,378,21.824,1.86,entro il 1980
016061,Cassiglio,110,-9.836065573770492,97.34405306098087,0.0575,1.042,150,73.529,0.539,entro il 1980
016063,Castel Rozzone,2849,-1.520912547528517,95.90638051880117,0.112475,0.0,82,6.777,2.355,entro il 1990
016062,Castelli Calepio,10453,8.478621834786217,98.2351794497009,0.1355,0.423,524,12.408,2.475,entro il 1990
016064,Castione della Presolana,3419,-0.8410672853828306,94.71536464285828,0.0886,0.745,6536,82.183,0.43,entro il 1980
016065,Castro,1306,-5.36231884057971,99.20930678319678,0.1108,0.0,76,11.293,1.941,entro il 1980
016066,Cavernago,2587,3.273453093812375,98.70821436891195,0.1304,0.0,185,16.957,2.371,entro il 2005
016067,Cazzano Sant'Andrea,1670,4.833647206528562,95.32226646884209,0.10785,0.0,114,15.659,2.294,entro il 1990
016068,Cenate Sopra,2571,2.798880447820872,96.68494569511009,0.1234,0.407,227,19.518,2.211,entro il 1990
016069,Cenate Sotto,3825,8.850313033579967,97.58922228337477,0.1267,1.622,370,21.893,2.263,entro il 2000
016070,Cene,4267,1.0419133317546767,96.52198166674374,0.1112,0.241,210,10.638,2.162,entro il 1990
016071,Cerete,1597,-2.7405602923264314,95.67131258585115,0.0975,1.775,849,54.81,1.031,entro il 1990
016072,Chignolo d'Isola,3417,6.548175865294668,97.42938649723052,0.0918,0.962,170,11.989,2.41,entro il 2000
016073,Chiuduno,6037,3.0556503926254694,98.32723300846774,0.1337,1.047,246,10.107,2.48,entro il 1980
016074,Cisano Bergamasco,6377,1.6254980079681274,97.36639059382895,0.071,1.461,612,19.716,2.054,entro il 1980
016075,Ciserano,5696,-0.34989503149055284,100.27713379450051,0.1085,1.266,269,11.199,2.371,entro il 2000
016076,Cividate al Piano,5185,0.05789270551910459,96.25995374878117,0.1337,0.612,308,13.533,2.278,entro il 1990
016077,Clusone,8608,-0.6922011998154131,97.19990628489664,0.0915,0.89,2511,40.409,1.385,entro il 1980
016078,Colere,1122,-1.3192612137203166,93.39583262171878,0.0738,1.247,590,55.766,1.06,entro il 1990
016079,Cologno al Serio,11180,5.5812635754084425,97.39527349223845,0.1254,1.216,248,5.837,2.631,entro il 1990
016080,Colzate,1638,-1.8573996405032953,96.51178476684267,0.0941,3.977,343,33.108,1.581,entro il 1980
016081,Comun Nuovo,4389,5.277044854881266,96.61077502502393,0.1178,0.215,181,10.056,2.438,entro il 2000
016082,Corna Imagna,921,-4.460580912863071,100.65317148115402,0.0705,0.87,340,50.0,1.354,entro il 1980
016249,Cornalba,305,0.6600660066006601,94.28578020424543,0.0844,0.382,783,83.121,0.324,entro il 1980
016083,Cortenuova,1986,2.107969151670951,100.5629217077075,0.1312,0.824,146,16.46,2.239,entro il 1990
016084,Costa di Mezzate,3374,3.0229007633587783,98.26710187367625,0.1299,0.536,82,6.222,2.56,entro il 2000
016247,Costa Serina,912,-6.172839506172839,95.32527720220206,0.0953,1.045,1932,82.038,0.387,entro il 1990
016085,Costa Valle Imagna,587,-5.169628432956381,96.52526439843678,0.0669,5.882,635,69.934,0.646,entro il 1980
016086,Costa Volpino,9151,-0.5434191935659168,97.97839518084615,0.106,0.316,890,19.243,1.979,entro il 1980
016087,Covo,4088,0.7889546351084813,99.19113779446725,0.1298,0.495,170,10.192,2.451,entro il 2000
016088,Credaro,3517,4.859868813357186,100.73899828655273,0.13268333333333332,1.996,99,7.174,2.549,entro il 1980
016089,Curno,7574,-0.9157509157509158,96.73723134566443,0.1057,0.654,202,6.019,2.257,entro il 1990
016090,Cusio,238,-5.179282868525896,96.6703593646819,0.0541,0.474,399,76.145,0.454,entro il 1970
016091,Dalmine,23495,2.840759870436838,97.14040799802596,0.1108,0.231,1056,10.392,2.312,entro il 1990
016092,Dossena,919,-4.270833333333333,95.14584856400172,0.0759,1.179,599,60.812,0.933,entro il 1990
016093,Endine Gaiano,3460,-1.2275192691978303,97.16194444226872,0.1187,2.871,482,24.442,1.755,entro il 1990
016094,Entratico,1979,5.378061767838125,96.58005579529018,0.1285,0.0,59,7.642,2.563,entro il 1990
016096,Fara Gera d'Adda,8017,1.3399064593603842,97.58832212364287,0.0956,1.362,324,9.41,2.328,entro il 1990
016097,Fara Olivana con Sola,1292,1.7322834645669292,96.48375629969092,0.1224,0.0,138,22.186,2.077,entro il 2000
016098,Filago,3182,0.2204724409448819,96.28453485527776,0.0953,0.227,29,2.335,2.562,entro il 1990
016099,Fino del Monte,1142,0.9725906277630416,96.09843058001474,0.09167499999999999,0.471,672,58.435,0.993,entro il 1990
016100,Fiorano al Serio,3016,-1.2442698100851344,97.75338220944137,0.1056,0.0,155,10.954,2.131,entro il 1990
016101,Fontanella,4464,2.7624309392265194,100.19080304847111,0.1256,0.0,222,11.846,2.382,entro il 1990
016102,Fonteno,583,-15.261627906976743,98.07626313550574,0.1237,0.294,420,58.824,0.817,entro il 1970
016103,Foppolo,185,-8.415841584158416,98.498616762026,0.0584,0.0,1626,94.206,0.107,entro il 1990
016104,Foresto Sparso,3130,-0.7609384908053266,97.93230357765873,0.1316,1.959,427,26.44,1.938,entro il 1990
016105,Fornovo San Giovanni,3435,3.1221855298709094,97.89296623582085,0.1189,0.607,207,14.526,2.411,entro il 2005
016106,Fuipiano Valle Imagna,211,-4.090909090909091,96.28596928400827,0.0645,0.292,355,77.342,0.46,entro il 1980
016107,Gandellino,991,-4.894433781190019,94.75288007406735,0.0666,1.72,1033,69.282,0.665,entro il 1980
016108,Gandino,5390,-3.1446540880503147,96.91071253188616,0.1077,0.061,808,26.285,1.753,entro il 1980
016109,Gandosso,1478,-1.9243530192435303,98.51061903640154,0.13225,1.592,250,30.525,1.805,entro il 1990
016110,Gaverina Terme,868,0.23094688221709006,99.25263201763067,0.117,6.72,399,52.848,1.15,entro il 1980
016111,Gazzaniga,5058,-2.1852639721523883,98.15129922665021,0.1044,1.538,738,25.545,1.751,entro il 1980
016113,Ghisalba,6170,4.099881896406277,98.77601976097728,0.1308,0.347,238,10.042,2.603,entro il 2000
016114,Gorlago,5188,2.916088077762349,98.38327874155154,0.1303,0.693,180,8.563,2.468,entro il 1990
016115,Gorle,6557,1.5487068297971194,96.91260514868391,0.11863333333333335,0.0,173,6.183,2.343,entro il 2000
016116,Gorno,1580,-3.4229828850855744,95.92280160745261,0.0886,0.191,417,36.483,1.382,entro il 1980
016117,Grassobbio,6401,0.8984867591424969,96.4991444528444,0.1272,0.936,173,6.737,2.493,entro il 1990
016118,Gromo,1205,-2.82258064516129,96.40296305812934,0.0691,0.305,1869,77.009,0.496,entro il 1980
016119,Grone,905,-0.44004400440044,98.09946378636482,0.1262,0.0,321,47.275,1.333,entro il 1980
016120,Grumello del Monte,7427,2.7105517909002903,98.13024158038527,0.1345,0.302,330,11.078,2.493,entro il 1990
016121,Isola di Fondra,174,-8.421052631578947,93.21209187031441,0.0623,1.86,350,76.419,0.38,entro il 1970
016122,Isso,638,-3.625377643504532,100.13269061863586,0.1196,0.0,9,3.586,2.542,entro il 2000
016123,Lallio,4112,-0.36346014053792103,96.54025333338214,0.113525,0.471,116,6.528,2.314,entro il 2000
016124,Leffe,4463,-4.53475935828877,98.20437181710226,0.112,2.3,700,26.758,1.706,entro il 1980
016125,Lenna,592,-7.644305772230889,94.99902844378853,0.0647,1.892,499,62.065,0.736,entro il 1970
016126,Levate,3780,-0.657030223390276,97.36159512681141,0.1124,1.544,176,10.564,2.269,entro il 1990
016127,Locatello,810,-1.8181818181818181,101.51167083901841,0.06605,0.0,325,51.343,1.28,entro il 1970
016128,Lovere,5224,-1.6751364577451533,98.36939310841953,0.1051,0.45,543,18.756,1.804,entro il 1980
016129,Lurano,2841,10.458786936236391,96.70891101856292,0.1134,2.151,66,6.31,2.716,entro il 2000
016130,Luzzana,917,2.9180695847362514,95.67711391489226,0.1253,0.0,68,16.268,2.194,entro il 1990
016131,Madone,4068,3.0656194578160627,99.07067538926624,0.0938,2.311,192,11.463,2.429,entro il 2000
016132,Mapello,6840,5.816831683168317,97.00503387816471,0.0863,1.193,333,11.66,2.395,entro il 2000
016133,Martinengo,10560,4.440708139649886,99.68613117008522,0.1326,0.755,731,16.599,2.398,entro il 1990
016250,Medolago,2398,2.8301886792452833,98.81501418208366,0.0856,0.0,130,12.922,2.384,entro il 2000
016134,Mezzoldo,161,-15.706806282722512,96.35830408428191,0.0563,0.49,422,79.323,0.303,entro il 1980
016135,Misano di Gera d'Adda,2957,1.2671232876712328,96.54323550947043,0.1028,0.419,67,5.305,2.341,entro il 1990
016136,Moio de' Calvi,206,-1.9047619047619049,94.05193838397724,0.0614,2.532,238,71.471,0.619,entro il 1970
016137,Monasterolo del Castello,1147,-3.043110735418428,96.40570529896385,0.1178,0.932,293,36.902,1.445,entro il 1990
016139,Montello,3263,2.288401253918495,100.53558430839284,0.1278,2.616,65,5.183,2.602,entro il 2000
016140,Morengo,2535,-1.9721577726218096,97.2753264148331,0.1246,0.0,100,9.276,2.352,entro il 2000
016141,Mornico al Serio,2942,1.65860400829302,97.9738106772938,0.1327,0.192,120,10.017,2.456,entro il 1990
016142,Mozzanica,4551,-0.3939592908732764,96.23102133887764,0.1122,0.675,84,4.69,2.541,entro il 1990
016143,Mozzo,7425,-0.30880773361976366,97.18130420991736,0.10577500000000001,0.209,162,5.159,2.365,entro il 1990
016144,Nembro,11530,-0.2508867549095942,97.84342357779794,0.1162,0.241,733,13.534,2.129,entro il 1980
016145,Olmo al Brembo,500,-3.6608863198458574,93.57878159601492,0.0588,0.463,321,56.714,0.883,entro il 1970
016146,Oltre il Colle,1004,-5.283018867924529,95.93604431085859,0.0806,1.994,2383,83.147,0.35,entro il 1980
016147,Oltressenda Alta,146,-16.091954022988507,94.05440169875843,0.0764,0.599,282,78.116,0.404,entro il 1918
016148,Oneta,598,-8.141321044546851,92.78624829990353,0.0874,2.26,845,73.478,0.52,entro il 1980
016149,Onore,896,5.660377358490567,95.47320132072984,0.0879,0.0,1463,77.778,0.476,entro il 2000
016150,Orio al Serio,1734,-0.28752156411730884,97.32318308376374,0.12288000000000002,0.0,46,6.093,2.297,entro il 1990
016151,Ornica,152,-8.982035928143713,98.13164555153837,0.053,1.869,271,76.124,0.427,entro il 1970
016152,Osio Sopra,5273,3.656379005307647,97.12306815253716,0.1071,0.0,193,8.964,2.449,entro il 1990
016153,Osio Sotto,12474,3.5272636733338865,99.3300478253774,0.1082,0.82,359,7.084,2.461,entro il 1990
016154,Pagazzano,2083,0.8716707021791767,98.49930900419717,0.1156,0.595,108,12.245,2.362,entro il 2000
016155,Paladina,4048,1.3013013013013013,95.75323735835788,0.10125999999999999,1.431,189,10.362,2.219,entro il 1980
016156,Palazzago,4497,4.362961243908099,94.7666703632507,0.0829,1.469,305,14.713,2.169,entro il 2000
016157,Palosco,5808,0.6237006237006237,96.78196043265795,0.1341,0.105,247,10.506,2.47,entro il 1990
016158,Parre,2732,-2.810387762362149,96.74693466899392,0.0848,2.742,896,44.334,1.352,entro il 1980
016159,Parzanica,362,-4.485488126649076,97.36436275467881,0.1243,0.61,255,56.793,0.806,entro il 1960
016160,Pedrengo,6026,3.771310487342862,97.62122286974184,0.1208,0.741,120,5.087,2.554,entro il 1990
016161,Peia,1818,-1.6765819361817198,95.96303964403072,0.1071,1.143,175,19.401,2.016,entro il 1990
016162,Pianico,1452,-4.536489151873767,98.72519765291943,0.11,0.0,97,14.14,2.117,entro il 1980
016163,Piario,1074,-2.805429864253394,95.93646987480243,0.08560000000000001,0.5,193,30.979,1.724,entro il 2000
016164,Piazza Brembana,1213,-1.3821138211382114,96.59474365045376,0.06,1.527,688,55.261,0.974,entro il 1980
016165,Piazzatorre,399,-7.424593967517401,96.87964527645015,0.0583,1.155,1953,89.505,0.183,entro il 1980
016166,Piazzolo,92,8.235294117647058,92.11594087688495,0.0579,4.839,236,85.507,0.333,entro il 1980
016167,Pognano,1625,2.3944549464398235,97.12121454840275,0.113375,0.0,54,8.157,2.455,entro il 1990
016168,Ponte Nossa,1761,-7.897489539748954,97.11980793757846,0.0903,2.865,387,30.593,1.392,entro il 1970
016170,Ponte San Pietro,11502,2.0314024660693693,98.52573963051944,0.0972,0.85,425,8.421,2.279,entro il 1980
016169,Ponteranica,6862,1.1199528440907751,97.40168970125242,0.1073,0.724,388,12.228,2.163,entro il 1980
016171,Pontida,3358,4.545454545454546,96.84487564925297,0.0778,1.28,195,13.07,2.251,entro il 1980
016172,Pontirolo Nuovo,4983,-0.3798480607756897,98.60990155847617,0.1027,0.359,284,12.622,2.215,entro il 1990
016173,Pradalunga,4674,0.6026689625484287,96.70311572209577,0.118,0.114,263,12.482,2.218,entro il 1990
016174,Predore,1864,0.43103448275862066,95.83670379257532,0.1333,0.391,368,31.48,1.595,entro il 1980
016175,Premolo,1122,-4.429301533219761,94.8375168238889,0.084,1.289,496,49.206,1.113,entro il 1990
016176,Presezzo,4905,-0.7285974499089253,97.91967411070122,0.095,0.444,206,9.745,2.32,entro il 2000
016177,Pumenengo,1715,1.3593380614657211,98.22986974557362,0.1299,0.926,109,15.118,2.379,entro il 1990
016178,Ranica,5945,-0.48543689320388345,96.20169725806026,0.1108,0.122,253,9.377,2.203,entro il 1990
016179,Ranzanico,1230,-2.3034154090548054,96.87730570480193,0.113,1.6,666,52.732,0.974,entro il 1980
016180,Riva di Solto,913,5.793742757821553,96.08569628061039,0.1199,1.263,61,12.979,1.943,entro il 1990
016182,Rogno,3931,1.0280133641737343,97.81325119840469,0.1011,1.043,401,20.449,2.005,entro il 1990
016183,Romano di Lombardia,20486,8.869639156082266,98.09396031174299,0.1264,2.264,1353,15.559,2.356,entro il 1990
016184,Roncobello,433,1.8823529411764703,96.91555316128539,0.0674,0.2,1106,85.077,0.333,entro il 1970
016185,Roncola,780,5.121293800539084,94.46866950680393,0.0806,1.166,1041,75.0,0.562,entro il 1980
016186,Rota d'Imagna,920,-1.2875536480686696,99.74320613533399,0.0674,5.235,1327,75.656,0.525,entro il 1970
016187,Rovetta,4168,5.332322466515037,95.84634853644124,0.0969,0.529,2001,54.702,1.139,entro il 1990
016188,San Giovanni Bianco,4798,-5.346222134543303,96.60326756983945,0.0739,1.077,791,27.774,1.685,entro il 1990
016189,San Paolo d'Argon,5725,6.670393143283027,97.73430740989289,0.12660000000000002,1.673,169,7.781,2.636,entro il 2000
016190,San Pellegrino Terme,4827,-2.208265802269044,96.5631315948406,0.0825,3.176,739,25.776,1.684,entro il 1990
016191,Santa Brigida,545,-8.557046979865772,94.9625511556764,0.0568,0.802,814,75.092,0.503,entro il 1990
016252,Sant'Omobono Terme,3940,1.4940752189592994,99.56519273719705,0.0704,2.987,1569,50.016,1.256,entro il 1980
016193,Sarnico,6688,4.549007347193998,98.0122277514667,0.13308333333333333,1.518,375,12.108,2.16,entro il 1990
016194,Scanzorosciate,10076,2.4921167734716714,96.2551955863576,0.1219,0.142,450,10.531,2.358,entro il 1990
016195,Schilpario,1184,-4.746580852775542,96.89230739937719,0.0682,1.436,1738,75.434,0.514,entro il 1970
016196,Sedrina,2465,-1.4788169464428458,94.93834279433675,0.09,2.128,161,13.69,2.096,entro il 1990
016197,Selvino,2044,2.1999999999999997,94.69676054990873,0.1067,0.362,3539,81.095,0.468,entro il 2000
016198,Seriate,25358,3.662823971874744,97.78301474938672,0.1257,0.423,1158,10.249,2.244,entro il 1990
016199,Serina,2077,-3.8425925925925926,95.48131691717658,0.0824,0.534,3058,76.911,0.522,entro il 1980
016200,Solto Collina,1799,3.5097813578826234,97.22752734788624,0.1146,0.138,396,34.226,1.555,entro il 1990
016251,Solza,2075,5.49059481443823,97.41143383143144,0.0844,0.353,122,13.754,2.339,entro il 2000
016201,Songavazzo,706,0.8571428571428572,95.45595934181239,0.0933,5.698,1001,77.477,0.546,entro il 1990
016202,Sorisole,9042,-0.7246376811594203,96.23116386813729,0.1027,9.613,757,17.572,2.099,entro il 1990
016203,Sotto il Monte Giovanni XXIII,4505,5.0606343283582085,95.17573465316023,0.0803,1.985,201,10.984,2.462,entro il 2000
016204,Sovere,5319,-3.4138369348102415,97.93127715202836,0.1094,0.502,612,22.246,1.933,entro il 2000
016205,Spinone al Lago,1023,-1.3500482160077145,98.6853311871828,0.11644000000000002,0.395,236,35.812,1.552,entro il 1980
016206,Spirano,5730,1.5057573073516386,98.20984947833044,0.1182,1.622,109,4.925,2.589,entro il 2000
016207,Stezzano,13112,3.8656527249683146,96.65838073541002,0.1169,0.879,173,3.333,2.526,entro il 2000
016208,Strozza,1071,0.5633802816901409,95.13109718465337,0.0854,0.365,83,16.148,2.084,entro il 1990
016209,Suisio,3780,-2.476780185758514,97.81869938923016,0.087275,2.105,94,6.049,2.432,entro il 2000
016210,Taleggio,552,-7.38255033557047,95.20331256811242,0.0694,5.947,1242,81.496,0.362,entro il 1990
016211,Tavernola Bergamasca,2042,-4.6685340802987865,96.09133104655434,0.134,0.0,438,32.883,1.533,entro il 1980
016212,Telgate,5040,3.194103194103194,104.92458714166693,0.1347,0.309,122,6.573,2.716,entro il 1990
016213,Terno d'Isola,8106,5.382215288611544,98.28023419286741,0.0892,0.741,307,9.38,2.477,entro il 2005
016214,Torre Boldone,8755,4.599761051373955,97.1596854827837,0.1147,0.639,26,0.75,2.527,entro il 1990
016215,Torre de' Busi,2135,5.797819623389495,95.84174659505757,0.0697,0.156,393,32.942,1.79,entro il 1980
016216,Torre de' Roveri,2470,6.557377049180328,95.44161075735613,0.12263333333333333,0.546,128,12.476,2.407,entro il 2000
016217,Torre Pallavicina,1067,-4.046762589928058,98.13759854261872,0.1253,2.373,43,9.091,2.256,entro il 1990
016218,Trescore Balneario,9814,3.972878482890137,100.36554984573071,0.1277,1.004,202,5.292,2.571,entro il 2005
016219,Treviglio,29815,4.62871982032566,97.95771345853778,0.1073,1.369,1653,12.015,2.167,entro il 1980
016220,Treviolo,10870,5.452076057431121,96.16655673157469,0.1085,2.477,250,5.772,2.51,entro il 1990
016221,Ubiale Clanezzo,1377,-1.5725518227305217,96.09365372823271,0.0852,2.564,154,22.158,1.981,entro il 1980
016222,Urgnano,9908,3.66185394433982,97.10003184264825,0.1256,0.357,368,9.179,2.471,entro il 1990
016253,Val Brembilla,4328,-4.226598805045364,96.85671348991116,0.0806,2.358,950,35.185,1.603,entro il 1980
016223,Valbondione,1051,-3.044280442804428,94.3515852583121,0.0676,2.161,2027,79.898,0.414,entro il 1980
016224,Valbrembo,4280,9.54696698233939,96.441624086809,0.1023,0.0,159,9.425,2.537,entro il 1990
016225,Valgoglio,596,-1.9736842105263157,94.39696841022683,0.0656,0.0,565,68.902,0.727,entro il 1990
016226,Valleve,133,-2.9197080291970803,94.7543915036688,0.0574,1.802,566,89.274,0.21,entro il 2005
016227,Valnegra,211,1.932367149758454,95.92679746520884,0.061,0.0,177,62.324,0.743,entro il 1945
016229,Valtorta,270,-7.216494845360824,93.69011714687176,0.0562,1.095,373,74.451,0.539,entro il 1990
016230,Vedeseta,205,-3.30188679245283,97.28111167302774,0.0615,0.431,381,78.557,0.423,entro il 1980
016232,Verdellino,7569,-0.8254716981132075,102.59185869523759,0.11069999999999999,1.036,329,10.545,2.426,entro il 1990
016233,Verdello,8082,5.083864256923677,98.2699051898033,0.1137,0.301,436,12.685,2.351,entro il 1990
016234,Vertova,4642,-4.288659793814433,96.66104545417987,0.0996,0.785,564,22.031,1.813,entro il 1980
016235,Viadanica,1135,4.898336414048059,99.21593869157896,0.1323,4.082,115,21.617,2.133,entro il 1980
016236,Vigano San Martino,1345,7.5139888089528375,98.94434147829074,0.1214,5.988,111,18.5,2.242,entro il 1990
016237,Vigolo,574,-5.747126436781609,98.13768701966353,0.13,0.311,341,58.491,0.985,entro il 1980
016238,Villa d'Adda,4681,-1.0359408033826638,99.14598596695615,0.07379999999999999,1.111,398,18.333,2.156,entro il 1990
016239,Villa d'Almè,6672,-2.2274325908558033,96.92003868389021,0.0944,0.663,351,11.653,2.215,entro il 1990
016240,Villa di Serio,6777,2.309782608695652,96.46832919930354,0.1176,0.718,259,9.05,2.368,entro il 1990
016241,Villa d'Ogna,1869,-5.606060606060606,96.4506677517501,0.0805,1.437,408,33.972,1.556,entro il 1980
016242,Villongo,8147,6.944079810974009,100.567817010926,0.132,0.0,203,6.828,2.74,entro il 1990
016243,Vilminore di Scalve,1479,-0.40404040404040403,96.26986433343824,0.0676,2.443,1066,61.335,0.851,entro il 1980
016244,Zandobbio,2732,0.5520794994479205,98.0865349871261,0.1311,0.594,178,14.495,2.225,entro il 1990
016245,Zanica,8744,6.73828125,97.68707657089861,0.1243,2.226,241,6.925,2.513,entro il 1990
016246,Zogno,8926,-1.4463950535497405,97.10662506779799,0.1012,2.819,1761,32.738,1.659,entro il 1980
017001,Acquafredda,1567,-0.2546148949713558,99.25099234548223,0.1306,0.912,3,0.492,2.569,entro il 1990
017002,Adro,7168,1.1286681715575622,97.34123390132471,0.1383,0.546,247,8.106,2.352,entro il 1990
017003,Agnosine,1713,-5.671806167400881,99.01295393272386,0.1518,0.158,281,27.549,1.679,entro il 1990
017004,Alfianello,2448,0.1226993865030675,97.35506413041291,0.1087,0.0,143,13.516,2.314,entro il 1980
017005,Anfo,491,4.690831556503198,98.84079216356994,0.1437,0.358,287,55.728,0.953,entro il 1990
017006,Angolo Terme,2386,-4.3687374749499,96.07081711086236,0.0896,4.748,1386,56.0,0.964,entro il 1980
017007,Artogne,3632,2.3098591549295775,96.87775903311464,0.1098,0.831,2268,61.001,0.977,entro il 1990
017008,Azzano Mella,3332,12.491559756921,96.34206001566156,0.1448,3.292,183,13.708,2.496,entro il 2000
017009,Bagnolo Mella,12677,-0.14965343415248897,98.78753203158941,0.1462,0.252,308,5.83,2.4,entro il 1990
017010,Bagolino,3847,-2.261178861788618,96.80873587569451,0.1346,12.634,1666,49.835,1.151,entro il 1980
017011,Barbariga,2325,-3.0442035029190992,97.62056150207523,0.1365,0.589,46,5.0,2.527,entro il 1980
017012,Barghe,1182,-1.335559265442404,98.29798334824731,0.1489,8.4,133,22.504,2.0,entro il 1990
017013,Bassano Bresciano,2328,4.77047704770477,98.61701502555717,0.1199,0.461,37,4.148,2.61,entro il 2000
017014,Bedizzole,12299,3.867916561101258,100.0358476906526,0.1587,1.133,254,5.221,2.528,entro il 1990
017015,Berlingo,2749,6.591702210158977,97.28503687196087,0.1399,0.234,152,13.547,2.45,entro il 2000
017016,Berzo Demo,1638,-4.266510812390415,95.47868058905946,0.0596,0.0,509,41.382,1.332,entro il 1980
017017,Berzo Inferiore,2480,1.1831905344757243,96.39350991204401,0.0999,0.0,280,22.857,2.024,entro il 1990
017018,Bienno,3792,-3.8051750380517504,97.01177085913734,0.1044,1.637,906,35.377,1.481,entro il 1980
017019,Bione,1360,-7.983761840324763,98.80104291368758,0.1475,0.212,243,29.634,1.659,entro il 1980
017020,Borgo San Giacomo,5455,-0.4380361379813835,99.57012237700893,0.1202,1.759,335,14.076,2.292,entro il 1980
017021,Borgosatollo,9271,1.8343585237258346,98.12514759967941,0.1498,0.305,369,9.278,2.331,entro il 1990
017022,Borno,2662,1.1398176291793314,97.36876624938283,0.0789,0.419,2031,61.902,0.811,entro il 1990
017023,Botticino,10857,0.6022979985174203,97.40793881340653,0.1549,0.85,397,8.337,2.28,entro il 1980
017024,Bovegno,2146,-5.212014134275619,97.05270266072725,0.129,1.768,501,32.681,1.4,entro il 1980
017025,Bovezzo,7433,-0.7477633862999066,98.3531476154292,0.1489,1.491,213,6.492,2.265,entro il 1990
017026,Brandico,1695,4.243542435424354,97.08038783212383,0.139,0.0,44,6.843,2.636,entro il 2000
017027,Braone,682,3.64741641337386,95.83356741446813,0.0798,0.0,47,14.286,2.073,entro il 1980
017028,Breno,4821,-1.832620647525962,96.88801434498637,0.0948,0.242,873,29.236,1.615,entro il 1980
017029,Brescia,196745,4.051088134965756,99.54321481687667,0.154,0.649,14530,14.749,1.997,entro il 1970
017030,Brione,722,4.486251808972503,99.47298867599594,0.144,1.961,55,15.32,2.011,entro il 1980
017031,Caino,2130,1.6221374045801527,97.47039634365574,0.1534,0.726,194,18.441,2.025,entro il 2000
017032,Calcinato,12894,2.2765130483064966,99.71045459837899,0.1571,2.229,535,10.015,2.414,entro il 1990
017033,Calvagese della Riviera,3566,2.76657060518732,96.78425710538284,0.1589,0.15,81,5.492,2.418,entro il 1990
017034,Calvisano,8543,0.16414585531715323,98.26285663257424,0.1478,0.799,165,4.977,2.577,entro il 2000
017035,Capo di Ponte,2471,-1.4359792580773834,97.1552567772924,0.0644,0.661,632,37.374,1.461,entro il 1990
017036,Capovalle,358,-6.770833333333333,96.40230132386506,0.1511,1.538,218,53.827,0.884,entro il 1980
017037,Capriano del Colle,4644,1.8644439570081157,97.9875323906806,0.1437,1.084,208,10.532,2.351,entro il 2000
017038,Capriolo,9467,3.71384750219106,97.91176375630393,0.1355,1.795,682,16.269,2.258,entro il 1990
017039,Carpenedolo,12957,2.4998022308361683,99.62663138662634,0.1463,2.472,685,12.65,2.393,entro il 1990
017040,Castegnato,8449,4.839310088100261,97.09069610319588,0.1461,0.89,333,9.737,2.47,entro il 2000
017042,Castel Mella,11010,1.3905516161709182,97.51987603018208,0.1461,0.531,91,2.048,2.477,entro il 1990
017041,Castelcovati,6493,-1.5167602002123466,99.06004347050978,0.136,1.575,112,4.562,2.645,entro il 1990
017043,Castenedolo,11482,2.2257834757834756,97.8431285987108,0.1553,1.241,348,7.241,2.389,entro il 1980
017044,Casto,1710,-8.945686900958465,101.26181619786207,0.1455,0.445,262,28.202,1.841,entro il 1970
017045,Castrezzato,7196,1.0958134307389715,99.64443305715557,0.1386,0.443,261,9.285,2.56,entro il 2000
017046,Cazzago San Martino,10933,-0.10963910461397898,96.62822056901503,0.1402,0.421,577,11.939,2.262,entro il 1990
017047,Cedegolo,1173,-6.084867894315452,95.81404999548981,0.0626,0.0,454,46.327,1.197,entro il 1990
017048,Cellatica,4903,-1.1093182734973779,98.07345125969844,0.1467,0.125,122,5.717,2.298,entro il 1990
017049,Cerveno,656,-3.10192023633678,98.45639018531135,0.0694,1.989,261,47.541,1.195,entro il 2000
017050,Ceto,1886,-2.2291342664593055,95.77998066847422,0.0762,1.228,526,40.122,1.439,entro il 1980
017051,Cevo,865,-7.188841201716738,95.51465086348894,0.0664,0.179,489,51.801,0.916,entro il 1980
017052,Chiari,18944,2.710908696595099,97.68036021236892,0.1372,1.005,1937,21.119,2.065,entro il 1980
017053,Cigole,1544,-4.158907510862818,96.28054906841642,0.1229,0.739,44,6.687,2.347,entro il 1990
017054,Cimbergo,539,-4.601769911504425,99.14468393629129,0.0687,1.134,267,51.149,1.033,entro il 1990
017055,Cividate Camuno,2773,0.8730447435431065,97.18676843796281,0.0909857142857143,2.366,167,13.037,2.165,entro il 1990
017056,Coccaglio,8650,2.1130917247078265,98.96464284441296,0.1383,1.013,239,6.958,2.518,entro il 2000
017057,Collebeato,4654,-0.9154779646582926,97.06385997865011,0.1469,0.172,116,5.678,2.278,entro il 1980
017058,Collio,2106,-5.305755395683454,97.12012394461692,0.1262,1.148,1157,51.977,0.946,entro il 1970
017059,Cologne,7534,-0.23834745762711865,97.43117459984249,0.1373,0.0,262,8.331,2.396,entro il 1990
017060,Comezzano-Cizzago,3919,5.718910169948745,99.22301150001236,0.135,0.773,112,8.063,2.821,entro il 1990
017061,Concesio,15672,5.599353143319184,96.97514207274037,0.1474,2.4,390,5.839,2.346,entro il 1990
017062,Corte Franca,7201,1.479706877113867,96.88294083130339,0.1375,0.863,417,13.101,2.262,entro il 1990
017063,Corteno Golgi,1962,-2.823179791976226,96.82401649135272,0.0675,1.062,4482,83.448,0.365,entro il 2000
017064,Corzano,1405,0.7168458781362007,97.098362769901,0.135,2.521,17,3.097,2.559,entro il 2000
017065,Darfo Boario Terme,15595,0.4314786192684183,98.42714150852235,0.0977,1.295,1297,16.596,1.996,entro il 1980
017066,Dello,5601,0.1967799642218247,97.26015577256497,0.14,3.704,194,8.162,2.356,entro il 2000
017067,Desenzano del Garda,28982,7.944429960147492,99.93903344641286,0.1611,0.132,3659,23.269,1.843,entro il 1980
017068,Edolo,4564,1.5124555160142348,98.20810826900937,0.0651,0.897,1591,44.342,1.272,entro il 1980
017069,Erbusco,8631,4.1008322277168014,96.82538583325804,0.1389,3.257,369,10.157,2.376,entro il 1990
017070,Esine,5249,-1.9428357930132634,99.56302354024521,0.1059,1.093,740,25.65,1.819,entro il 1990
017071,Fiesse,2041,-5.857933579335793,102.12637578884438,0.0992,0.407,88,10.341,2.398,entro il 1990
017072,Flero,8879,5.039630900272093,97.82401518882448,0.1469,1.215,196,5.416,2.453,entro il 1990
017073,Gambara,4743,0.8719693747341557,98.10004642885494,0.1163,0.312,5,0.284,2.693,entro il 1980
017074,Gardone Riviera,2631,-2.915129151291513,97.36223723952307,0.16,0.109,1321,50.038,0.997,entro il 1980
017075,Gardone Val Trompia,11538,-1.443580763645682,100.19497107329397,0.1401,2.423,364,6.945,2.201,entro il 1970
017076,Gargnano,2865,-4.912047792897444,97.46248266346927,0.1599,0.961,1879,56.562,0.862,entro il 1970
017077,Gavardo,12197,4.337040205303679,99.48540317858026,0.1592,0.267,662,12.495,2.302,entro il 1990
017078,Ghedi,18719,1.833315199651833,99.58314692315412,0.151,0.537,862,11.25,2.443,entro il 1990
017079,Gianico,2152,-2.3150249659555153,96.23793624308374,0.1042,2.162,179,17.311,2.081,entro il 1990
017080,Gottolengo,5184,-1.0687022900763359,101.10661385287209,0.1313,4.638,331,14.718,2.305,entro il 1990
017081,Gussago,16681,1.6452379501553835,97.34475105598773,0.1464,0.237,266,3.923,2.46,entro il 1990
017082,Idro,1933,2.3834745762711864,99.2862466057103,0.1498,1.168,973,54.786,1.088,entro il 1990
017083,Incudine,371,-7.249999999999999,95.45663717320888,0.0684,15.858,526,73.773,0.52,entro il 1990
017084,Irma,131,-10.273972602739725,99.17332074053573,0.1295,2.857,38,34.862,1.202,entro il 1980
017085,Iseo,9168,0.8469915300846991,98.40745319950706,0.1369,0.68,653,14.15,1.987,entro il 1980
017086,Isorella,4077,-0.3178484107579462,97.74311695774131,0.1285,4.067,188,11.137,2.415,entro il 1990
017087,Lavenone,533,-11.461794019933555,96.71224850985226,0.1444,0.548,254,48.752,1.023,entro il 1980
017088,Leno,14322,-0.3756260434056761,98.77990208929855,0.142,0.116,916,14.722,2.302,entro il 1990
017089,Limone sul Garda,1174,1.0327022375215147,99.1782136396131,0.1474,0.0,184,26.667,1.701,entro il 1980
017090,Lodrino,1669,-4.464796794504865,97.76612876636943,0.1403,0.0,220,24.972,1.894,entro il 1990
017091,Lograto,3815,0.899233007140968,97.98351506847267,0.1431,0.979,15,1.047,2.662,entro il 1990
017092,Lonato del Garda,16506,5.483128834355829,99.26747810078028,0.1581,0.568,328,4.965,2.499,entro il 1990
017093,Longhena,580,-3.9735099337748347,96.44658766865183,0.1404,1.212,21,8.14,2.248,entro il 2000
017094,Losine,613,3.7225042301184432,94.94421507590928,0.0729,7.914,133,33.671,1.552,entro il 1980
017095,Lozio,404,-4.716981132075472,94.94044780837635,0.069,0.0,407,63.297,0.628,entro il 2000
017096,Lumezzane,22250,-4.7272415860238075,99.01325533104341,0.1491,3.283,1604,15.144,2.101,entro il 1990
017097,Maclodio,1477,-0.739247311827957,97.8540749214581,0.1395,1.476,105,16.509,2.322,entro il 2000
017098,Magasa,130,-9.722222222222223,97.5158669339519,0.146,0.0,173,66.795,0.502,entro il 2000
017099,Mairano,3469,4.017991004497752,98.41313085359546,0.143,0.699,163,11.288,2.402,entro il 2000
017100,Malegno,1981,-4.5761078998073215,96.30548320357732,0.0763,1.207,176,17.238,1.94,entro il 1980
017101,Malonno,3183,-4.471788715486195,95.84370305643104,0.06,0.585,989,42.574,1.37,entro il 1980
017102,Manerba del Garda,5357,9.752099979512394,97.00974414126595,0.1625,0.203,3642,60.198,0.885,entro il 2000
017103,Manerbio,13109,2.102967520834956,97.53492079240876,0.1312,2.255,330,5.993,2.381,entro il 1980
017104,Marcheno,4246,-2.3459061637534497,97.24491659327761,0.1416,1.217,209,10.874,2.209,entro il 1980
017105,Marmentino,657,-3.0973451327433628,95.55892454568202,0.1349,0.627,250,44.405,1.167,entro il 1990
017106,Marone,3178,-3.726143592850651,97.10982872385972,0.1251,1.277,429,24.403,1.808,entro il 1990
017107,Mazzano,12341,7.257083260907353,97.78605706968484,0.1575,0.431,330,6.811,2.547,entro il 1990
017108,Milzano,1764,-2.3796347537354734,101.05007216379657,0.1112,0.0,39,5.693,2.575,entro il 1980
017109,Moniga del Garda,2575,5.662700041034059,98.72379260828542,0.16242499999999999,0.0,1067,48.172,1.163,entro il 2000
017110,Monno,540,-3.9145907473309607,95.59543032732691,0.0683,1.835,555,67.029,0.652,entro il 2000
017111,Monte Isola,1741,-3.492239467849224,95.62110882280226,0.1321,0.649,608,45.204,1.294,entro il 1970
017112,Monticelli Brusati,4516,2.47333787156796,95.688964688204,0.1399,0.0,291,14.616,2.268,entro il 2000
017113,Montichiari,25714,8.461278893200607,98.43758318798581,0.1557,0.658,1432,13.512,2.426,entro il 1990
017114,Montirone,5097,0.830860534124629,96.99546302473014,0.1488,0.0,24,1.23,2.613,entro il 1990
017115,Mura,782,-0.8871989860583016,96.46068690593629,0.1434,0.971,69,18.598,2.108,entro il 1990
017116,Muscoline,2654,4.037632301058409,97.67183835969654,0.1591,0.17,426,29.198,1.819,entro il 1990
017117,Nave,10843,-0.9681249429171614,97.63758774632596,0.1524,0.912,172,3.793,2.391,entro il 1980
017118,Niardo,1995,2.5179856115107913,96.04011332155424,0.0846,3.014,325,28.992,1.78,entro il 2000
017119,Nuvolento,3957,-1.0502625656414104,99.7041511361136,0.1584,2.665,82,5.084,2.453,entro il 1990
017120,Nuvolera,4748,4.328718962865304,98.1057293616156,0.1589,0.0,412,19.434,2.24,entro il 1990
017121,Odolo,1941,-6.906474820143885,110.31066481160344,0.156,1.879,93,10.556,2.203,entro il 1970
017122,Offlaga,4103,-3.865979381443299,99.69063008781268,0.1356,0.261,4,0.261,2.682,entro il 1990
017123,Ome,3219,-0.6481481481481481,96.5454800206623,0.141,3.017,286,17.954,2.021,entro il 1970
017124,Ono San Pietro,972,-2.1148036253776437,96.59907888846227,0.064,3.652,253,38.685,1.486,entro il 1980
017125,Orzinuovi,12419,0.485476171211263,97.9003182466403,0.1304,0.184,345,6.779,2.44,entro il 1990
017126,Orzivecchi,2442,-2.2026431718061676,96.72710883325502,0.1314,1.876,15,1.582,2.576,entro il 1980
017127,Ospitaletto,14711,7.623088740946668,97.52995411007457,0.1446,1.197,211,3.821,2.664,entro il 1990
017128,Ossimo,1440,-0.13869625520110956,96.21183505538333,0.0757,0.367,365,34.532,1.362,entro il 1980
017129,Padenghe sul Garda,4629,8.078449684800374,97.42805132828536,0.1632,2.163,2208,53.077,1.113,entro il 2000
017130,Paderno Franciacorta,3661,-1.1342155009451798,97.41074090917878,0.1418,0.166,162,10.157,2.295,entro il 1990
017131,Paisco Loveno,190,-4.522613065326634,93.40783024653497,0.0625,3.571,352,78.571,0.424,entro il 1960
017132,Paitone,2153,2.8175740210124167,99.88154832732852,0.1593,0.0,101,10.733,2.288,entro il 1990
017133,Palazzolo sull'Oglio,20026,2.7817696571545882,98.18657745690615,0.1361,1.112,737,8.645,2.349,entro il 1990
017134,Paratico,4780,7.078853046594983,97.6098960698112,0.1343,2.0,303,13.71,2.163,entro il 1990
017135,Paspardo,600,-7.120743034055728,97.33965201013262,0.0647,0.554,1105,79.098,0.429,entro il 1990
017136,Passirano,7054,-0.9408790900154472,96.1139809083248,0.1408,1.147,303,9.466,2.204,entro il 1990
017137,Pavone del Mella,2760,-2.5423728813559325,97.53058193285989,0.1197,0.0,177,14.484,2.259,entro il 1980
017139,Pertica Alta,563,-4.576271186440678,95.09582495287385,0.1404,0.0,299,51.552,0.971,entro il 1980
017140,Pertica Bassa,632,-8.405797101449275,99.47436537665078,0.141,3.916,260,47.016,1.143,entro il 1970
017141,Pezzaze,1504,-4.568527918781726,96.38913709730141,0.1277,0.412,434,39.134,1.356,entro il 1980
017142,Pian Camuno,4682,6.409090909090908,98.45952344609502,0.1081,2.562,1131,39.121,1.62,entro il 1980
017206,Piancogno,4671,0.0,98.03380735922615,0.0799,1.067,370,16.328,2.061,entro il 1990
017143,Pisogne,7982,-1.59043274565405,97.21483146902615,0.1236,1.32,923,21.097,1.824,entro il 1980
017144,Polaveno,2535,-4.44779494911421,97.0951218530483,0.1388,1.333,519,33.376,1.63,entro il 2005
017145,Polpenazze del Garda,2672,7.872426322163909,97.01564438213016,0.1589,0.0,342,22.999,1.797,entro il 2000
017146,Pompiano,3776,-3.154655039753783,99.174709840273,0.1333,0.313,96,6.198,2.438,entro il 1990
017147,Poncarale,5229,-0.3240564239420511,96.09515752146234,0.1472,0.133,173,7.878,2.381,entro il 2000
017148,Ponte di Legno,1730,-1.1993146773272416,97.70070167182381,0.0653,1.841,5455,86.766,0.275,entro il 1990
017149,Pontevico,7118,0.15477698044181792,98.60235852504907,0.1136,0.345,358,11.669,2.32,entro il 1990
017150,Pontoglio,6887,-0.3184252424374005,99.31618913872651,0.1353,0.649,220,7.888,2.469,entro il 1990
017151,Pozzolengo,3558,3.3101045296167246,98.55874108746501,0.1598,2.096,205,13.277,2.304,entro il 1990
017152,Pralboino,2938,0.9275163174166953,99.48348102963243,0.1081,1.393,255,18.111,2.087,entro il 1980
017153,Preseglie,1535,-2.4157660521296886,96.19095973428054,0.1543,0.0,96,13.579,2.171,entro il 1980
017155,Prevalle,6943,1.6842413591095489,101.56068795922577,0.1592,0.519,140,5.218,2.588,entro il 1990
017156,Provaglio d'Iseo,7351,2.567322450118599,97.40842433507235,0.1391,0.333,680,19.144,2.07,entro il 1990
017157,Provaglio Val Sabbia,913,-4.994797086368366,97.2310404232508,0.1542,3.59,220,37.351,1.55,entro il 1980
017158,Puegnago sul Garda,3444,4.840182648401827,96.47549620838433,0.159,1.04,285,16.784,2.028,entro il 1990
017159,Quinzano d'Oglio,6271,-1.8776404318572995,98.11828667853062,0.1131,0.23,238,8.696,2.291,entro il 1990
017160,Remedello,3384,-0.3826906093612011,100.04885693016344,0.1238,0.23,70,5.303,2.564,entro il 2000
017161,Rezzato,13576,4.696537364078044,98.71059047757895,0.1557,0.106,356,6.3,2.402,entro il 1990
017162,Roccafranca,4777,-0.06276150627615062,99.95220530362897,0.1334,0.365,88,4.963,2.694,entro il 2000
017163,Rodengo Saiano,9707,9.82011539766942,96.78931194742107,0.1449,0.426,267,7.205,2.619,entro il 2000
017164,Roè Volciano,4568,1.5562472209871054,98.5214998851522,0.1588,1.407,207,9.947,2.195,entro il 1990
017165,Roncadelle,9448,1.5586369988175859,98.60841051074745,0.1465,2.114,411,9.947,2.287,entro il 1990
017166,Rovato,19223,9.140975415885993,98.77495604126568,0.1403,2.842,734,9.668,2.532,entro il 1990
017167,Rudiano,5783,1.6523114782914394,98.7054320930807,0.1332,0.635,94,4.478,2.755,entro il 2000
017168,Sabbio Chiese,3899,1.4308012486992716,97.90723099072102,0.1584,6.758,393,21.084,2.092,entro il 1990
017169,Sale Marasino,3370,0.05938242280285036,97.68018655197417,0.1366,0.681,852,37.783,1.494,entro il 1980
017170,Salò,10603,2.5038669760247485,98.54519296001094,0.1609,0.336,1646,25.739,1.658,entro il 1980
017171,San Felice del Benaco,3395,-0.029446407538280327,97.17486933890686,0.1617,0.599,1241,45.177,1.236,entro il 1990
017172,San Gervasio Bresciano,2571,3.460764587525151,100.78819257511003,0.1159,0.732,133,12.338,2.385,entro il 2000
017138,San Paolo,4518,0.24406478810738852,101.86531959122857,0.1305,1.285,142,8.018,2.551,entro il 1990
017173,San Zeno Naviglio,4746,2.727272727272727,96.95968135735207,0.1486,1.233,150,7.296,2.308,entro il 2000
017174,Sarezzo,13337,-1.0167730443817724,98.75518600197775,0.1445,0.535,482,8.333,2.306,entro il 1980
017175,Saviore dell'Adamello,886,-10.505050505050505,95.4664201286944,0.0608,0.962,948,66.155,0.618,entro il 1970
017176,Sellero,1441,-4.125083166999334,94.72033486018218,0.0622,0.169,405,39.512,1.406,entro il 1980
017177,Seniga,1437,-9.905956112852666,101.14757211589757,0.0989,0.0,87,11.508,1.901,entro il 1945
017178,Serle,3011,-2.3670557717250325,97.50679950462947,0.1576,6.238,359,21.89,1.836,entro il 1990
017179,Sirmione,8243,11.061708434384263,98.67823061302403,0.1629,0.117,2837,44.565,1.295,entro il 1990
017180,Soiano del Lago,1919,7.32662192393736,98.13754229358175,0.1591,1.051,434,34.637,1.532,entro il 2000
017181,Sonico,1265,-0.8620689655172413,96.1306871367309,0.0584,2.114,350,38.504,1.392,entro il 1980
017182,Sulzano,1958,3.5978835978835977,98.3447690635856,0.1356,1.038,420,32.761,1.527,entro il 1990
017183,Tavernole sul Mella,1261,-7.4834922964049895,98.6831400364703,0.1311,1.039,143,19.972,1.761,entro il 1980
017184,Temù,1105,1.8433179723502304,97.64293845213089,0.0627,0.632,3028,86.072,0.314,entro il 1990
017185,Tignale,1228,-5.755947812739831,96.71817410556892,0.1584,0.4,1415,70.223,0.609,entro il 1980
017186,Torbole Casaglia,6571,3.0098761561373255,97.15353074977534,0.146,0.931,261,9.546,2.403,entro il 2000
017187,Toscolano-Maderno,7836,-1.8905721797921622,98.0986408430507,0.1613,0.747,4647,55.414,0.934,entro il 1980
017188,Travagliato,13930,3.3766233766233764,99.64751699530856,0.1455,0.784,981,15.633,2.22,entro il 1990
017189,Tremosine sul Garda,2109,-0.424929178470255,97.36034814564088,0.1541,2.177,2228,70.865,0.671,entro il 1980
017190,Trenzano,5398,-1.4603870025556773,98.70218687739887,0.1378,0.965,461,19.073,2.233,entro il 1990
017191,Treviso Bresciano,530,-6.1946902654867255,98.39566827542562,0.1552,0.232,224,49.231,1.165,entro il 1960
017192,Urago d'Oglio,3757,-3.170103092783505,99.62616149734592,0.1345,0.182,90,5.984,2.498,entro il 1990
017193,Vallio Terme,1408,2.4745269286754,96.64906338985526,0.1573,1.121,240,30.0,1.76,entro il 2000
017194,Valvestino,185,-12.735849056603774,94.23938679013682,0.1517,0.604,297,71.566,0.446,entro il 1918
017195,Verolanuova,8175,0.6773399014778325,97.66787779204004,0.1276,0.335,1362,30.213,1.813,entro il 1990
017196,Verolavecchia,3760,-3.042805569881382,96.49949580433025,0.1211,1.101,241,13.441,2.097,entro il 1990
017197,Vestone,4295,-3.5914702581369253,101.23590585355551,0.1485,2.355,294,14.362,2.098,entro il 1990
017198,Vezza d'Oglio,1443,-2.0366598778004072,96.08265946190944,0.0654,0.106,2820,81.362,0.416,entro il 1980
017199,Villa Carcina,10806,0.371540033438603,98.88904430229232,0.1452,1.141,303,6.462,2.305,entro il 1980
017200,Villachiara,1416,-1.8030513176144243,97.76988338586797,0.1155,1.52,44,7.586,2.441,entro il 1990
017201,Villanuova sul Clisi,5827,3.132743362831859,98.89605119324239,0.1591,0.931,217,8.362,2.245,entro il 1990
017202,Vione,689,-4.305555555555555,96.65699842081007,0.0628,3.625,1447,81.338,0.387,entro il 1980
017203,Visano,1956,1.294665976178146,96.06825771384783,0.1299,2.079,159,18.467,2.272,entro il 1980
017204,Vobarno,8112,-0.5394801373222168,100.66849021366835,0.1584,1.015,718,17.572,1.985,entro il 1980
017205,Zone,1062,-2.6581118240146653,95.67768646927317,0.128,2.564,633,55.869,0.937,entro il 1980
013003,Albavilla,6361,1.6458932566315116,95.87404314410728,0.0439,0.673,543,17.641,2.067,entro il 1990
013004,Albese con Cassano,4251,1.5770609318996418,96.26351198505859,0.0428,0.541,239,12.409,2.207,entro il 1980
013005,Albiolo,2739,2.6611694152923535,96.77984368781921,0.0389,0.197,228,17.757,2.133,entro il 2000
013006,Alserio,1257,7.161125319693094,96.11788035049949,0.044733333333333326,1.439,140,23.609,2.12,entro il 1980
013253,Alta Valle Intelvi,2942,3.9943442912689995,97.28796238617667,0.0392,2.448,2298,63.254,0.81,entro il 1980
013007,Alzate Brianza,4985,-0.657632522917497,96.37585290969147,0.045,0.439,198,9.235,2.325,entro il 2000
013009,Anzano del Parco,1805,2.38230289279637,95.57163849208906,0.0458,0.694,132,15.961,2.183,entro il 1990
013010,Appiano Gentile,7750,0.8195655001951346,96.75723259140169,0.0393,0.36,651,17.448,2.077,entro il 1990
013011,Argegno,665,0.9104704097116844,96.87423104370106,0.0398,0.0,355,51.227,0.96,entro il 1970
013012,Arosio,5019,0.500600720865038,95.9099172424221,0.04713333333333333,0.77,138,6.578,2.392,entro il 1980
013013,Asso,3579,-1.187189398122584,98.66459406283946,0.0456,2.083,555,27.367,1.765,entro il 1980
013015,Barni,582,-2.348993288590604,97.03283783895577,0.0441,0.0,361,56.318,0.908,entro il 1980
013250,Bellagio,3747,-1.7051416579223506,97.90531331943902,0.0427,0.615,2034,54.11,0.997,entro il 1970
013021,Bene Lario,335,-2.046783625730994,99.27474080902357,0.0397,0.524,97,41.453,1.432,entro il 1960
013022,Beregazzo con Figliaro,2772,7.068366164542295,95.69245726677948,0.0389,0.0,121,10.44,2.392,entro il 1980
013023,Binago,4799,0.6079664570230607,97.01249175617221,0.0387,0.409,398,17.297,2.086,entro il 1990
013024,Bizzarone,1600,4.712041884816754,96.61826405706759,0.0387,0.0,36,5.471,2.432,entro il 1990
013025,Blessagno,269,-7.241379310344828,97.72076048639693,0.0395,0.452,163,55.254,0.912,entro il 1960
013026,Blevio,1182,0.7672634271099744,98.8150688302146,0.0411,0.0,358,40.18,1.327,entro il 1960
013028,Bregnano,6493,4.456241956241956,97.061966200282,0.04108,2.9,201,7.599,2.455,entro il 2000
013029,Brenna,2151,6.537890044576524,94.4609442563268,0.0455,0.0,120,13.575,2.433,entro il 1990
013030,Brienno,335,-16.666666666666664,96.4019365629864,0.04,0.0,181,50.0,0.925,entro il 1960
013032,Brunate,1715,-2.1118721461187215,97.97681438434103,0.0412,0.0,470,38.399,1.401,entro il 1970
013034,Bulgarograsso,4054,4.457614017005927,96.06288337935575,0.03956,3.04,80,4.997,2.532,entro il 2000
013035,Cabiate,7509,1.7755489292491191,97.05117395671111,0.0455,0.085,208,6.697,2.418,entro il 1990
013036,Cadorago,7979,4.232527759634226,98.03222701055503,0.0405,1.62,198,6.002,2.419,entro il 1990
013037,Caglio,454,5.336426914153132,95.59544914523123,0.044000000000000004,1.449,728,77.778,0.485,entro il 1970
013038,Cagno,2057,0.29254022428083865,95.75815944966065,0.0386,0.236,114,12.459,2.248,entro il 1990
013040,Campione d'Italia,1955,-8.644859813084112,98.87619262927534,0.0387,0.631,330,24.158,1.431,entro il 1970
013041,Cantù,39932,3.140820332678996,97.18804277992149,0.0446,1.633,3059,16.43,2.145,entro il 1980
013042,Canzo,5081,-0.7035372288450263,98.59366798430938,0.0483,3.549,968,31.065,1.631,entro il 1980
013043,Capiago Intimiano,5516,-0.16289592760180996,95.6821010950939,0.0422,0.399,251,10.249,2.252,entro il 1990
013044,Carate Urio,1170,-2.9850746268656714,96.6575003130693,0.0405,0.0,554,49.508,1.046,entro il 1970
013045,Carbonate,2925,0.7925568573397657,96.06053286992766,0.039016666666666665,0.308,89,7.166,2.355,entro il 2000
013046,Carimate,4530,4.25776754890679,95.7570655302562,0.043460000000000006,0.351,304,15.223,2.268,entro il 1990
013047,Carlazzo,3162,6.428811847862673,97.26694406613122,0.0395,1.534,545,30.843,1.789,entro il 1990
013048,Carugo,6536,4.894880436527043,96.84516657414413,0.0461,0.0,405,14.316,2.31,entro il 1980
013052,Caslino d'Erba,1676,-1.527614571092832,96.74328388853753,0.0451,1.319,173,19.395,1.879,entro il 1970
013053,Casnate con Bernate,4943,0.2027163997567403,95.46686223027761,0.0408,0.225,145,6.882,2.346,entro il 2000
013055,Cassina Rizzardi,3351,5.476864966949953,97.32959754241806,0.0396,0.778,496,27.223,1.839,entro il 1990
013058,Castelmarte,1288,0.625,95.869062881538,0.045975,0.328,77,13.162,2.202,entro il 1990
013059,Castelnuovo Bozzente,911,0.8859357696566998,96.78880346900415,0.038925,1.786,49,12.01,2.233,entro il 2000
013062,Cavargna,212,-13.821138211382115,102.07820136434556,0.039,1.215,199,63.376,0.675,entro il 1970
013254,Centro Valle Intelvi,3524,8.731872878741129,97.52992308872723,0.0393,1.846,1922,47.942,0.879,entro il 1980
013063,Cerano d'Intelvi,551,3.571428571428571,100.74479078567234,0.0395,0.278,281,54.563,1.07,entro il 1970
013064,Cermenate,9187,1.716120460584588,97.34089243620605,0.0415,0.96,283,7.279,2.363,entro il 1990
013065,Cernobbio,6718,-1.5389125018320386,96.64879030230995,0.0398,0.961,1026,25.159,1.647,entro il 1970
013068,Cirimido,2129,0.2826189354686764,99.02028946780928,0.040075,0.833,144,14.619,2.161,entro il 1990
013071,Claino con Osteno,560,3.7037037037037033,97.21834303189729,0.0393,0.482,348,58.983,0.949,entro il 1970
013074,Colonno,508,-0.39215686274509803,97.6824517981599,0.0397,0.0,264,51.765,0.996,entro il 1945
013251,Colverde,5381,2.7104409238404275,97.38868489177106,0.0393,0.0,266,11.495,2.325,entro il 1990
013075,Como,83320,1.4563343237056159,98.61825308937547,0.0413,1.527,5456,13.06,1.994,entro il 1970
013077,Corrido,828,-1.8957345971563981,100.09782923631978,0.0392,0.239,166,33.267,1.659,entro il 1990
013083,Cremia,675,-5.329593267882188,96.04074494957689,0.0407,3.333,422,58.127,0.93,entro il 1960
013084,Cucciago,3393,-1.2514551804423748,96.48439328467441,0.0419,0.0,148,9.873,2.264,entro il 1990
013085,Cusino,216,-8.47457627118644,96.48170006254257,0.0394,2.174,232,68.437,0.637,entro il 1960
013087,Dizzasco,622,10.676156583629894,93.35582423211684,0.0396,0.0,318,56.684,1.109,entro il 1980
013089,Domaso,1490,2.1247429746401645,97.68140491767215,0.042,2.161,502,42.185,1.252,entro il 1980
013090,Dongo,3380,-3.040734366035571,97.75034014566918,0.0406,2.227,606,28.885,1.611,entro il 1970
013092,Dosso del Liro,262,-3.6764705882352944,101.96199753663588,0.0408,0.0,54,32.143,1.56,entro il 1970
013095,Erba,16346,-0.8191250530914386,98.33912275767057,0.0466,0.668,1142,14.39,2.06,entro il 1980
013097,Eupilio,2610,-5.503258508327299,96.84954880952647,0.0481,0.148,181,13.945,2.011,entro il 2000
013098,Faggeto Lario,1213,-1.3821138211382114,97.49970436179188,0.0424,0.0,426,43.514,1.239,entro il 1980
013099,Faloppio,4744,10.918868365676875,96.89251421475625,0.0391,0.355,167,8.93,2.537,entro il 2000
013100,Fenegrò,3236,3.2546266751754946,96.85262490693276,0.0395,0.451,200,13.699,2.216,entro il 1990
013101,Figino Serenza,5171,-1.052430156907769,96.96740110890832,0.0434,0.157,263,11.699,2.3,entro il 1980
013102,Fino Mornasco,9865,3.093322186226356,97.60720742485061,0.0403,0.343,341,8.217,2.377,entro il 1990
013106,Garzeno,754,-10.979929161747345,98.44226067934197,0.0397,0.0,143,26.88,1.417,entro il 1960
013107,Gera Lario,1031,0.68359375,98.63903844934833,0.0446,0.787,529,53.925,1.051,entro il 1980
013110,Grandate,2856,-0.17476406850751486,96.41540488707192,0.0405,0.796,376,24.4,1.853,entro il 2000
013111,Grandola ed Uniti,1298,-0.9916094584286803,98.55276769918193,0.0399,0.445,438,43.844,1.299,entro il 1970
013249,Gravedona ed Uniti,4198,0.1670245764733954,98.49403776324044,0.0413,1.371,1482,44.305,1.255,entro il 1980
013113,Griante,637,2.083333333333333,100.38423001530467,0.0412,0.0,344,55.128,1.021,entro il 1970
013114,Guanzate,5834,2.386802386802387,97.88539276666695,0.0398,1.001,169,6.969,2.406,entro il 1990
013118,Inverigo,9146,2.338592368803849,96.93389711770062,0.0471,1.352,414,10.179,2.249,entro il 1990
013119,Laglio,894,-1.65016501650165,96.59982092505601,0.0408,0.0,118,21.974,1.665,entro il 1960
013120,Laino,516,0.5847953216374269,97.65701242940263,0.03947142857142857,3.481,322,57.092,0.915,entro il 2000
013121,Lambrugo,2529,2.679658952496955,95.5314065703996,0.048,3.261,176,14.391,2.068,entro il 1990
013123,Lasnigo,475,1.4957264957264957,96.11805987778529,0.0448,3.429,143,39.722,1.319,entro il 1970
013126,Lezzeno,2095,2.294921875,99.38216784602032,0.0415,1.542,591,41.099,1.457,entro il 1980
013128,Limido Comasco,3828,0.5516154452324665,98.38657167720851,0.03954,0.859,191,11.369,2.279,entro il 2005
013129,Lipomo,5946,2.3055746730901583,97.16615026654759,0.0419,0.149,266,10.223,2.285,entro il 1990
013130,Livo,171,-10.0,94.38482362006103,0.0431,0.422,161,63.386,0.673,entro il 1990
013131,Locate Varesino,4311,2.4964336661911553,97.55733629006068,0.0388,0.0,286,14.437,2.176,entro il 1990
013133,Lomazzo,9929,8.029594168208028,96.97239327122514,0.0407,1.267,498,11.72,2.337,entro il 1990
013134,Longone al Segrino,1900,6.323447118074986,96.57038392271858,0.04766666666666667,1.042,81,10.012,2.349,entro il 2000
013135,Luisago,2752,2.4571854058078926,97.13023528437954,0.04022,1.198,162,12.558,2.133,entro il 1990
013136,Lurago d'Erba,5383,0.9375585974123383,95.97244830578249,0.0464,0.0,168,7.113,2.279,entro il 1990
013137,Lurago Marinone,2585,5.424143556280588,97.25448413857681,0.0394,0.0,125,11.343,2.346,entro il 2005
013138,Lurate Caccivio,9847,-0.3138287102652359,98.95998342629207,0.0392,1.692,304,7.133,2.31,entro il 1990
013139,Magreglio,667,3.7325038880248838,95.00142041945932,0.0434,0.268,489,60.67,0.828,entro il 1990
013143,Mariano Comense,24956,5.961277173913043,97.1449197784507,0.0466,0.138,1511,13.983,2.309,entro il 1990
013144,Maslianico,3327,0.3014772384684956,96.01457347213712,0.04055,0.238,97,6.262,2.148,entro il 1980
013145,Menaggio,3107,-2.23410950283197,97.24383955174535,0.0408,1.71,1379,50.402,1.136,entro il 1980
013147,Merone,4101,-1.5838732901367891,98.95808992986989,0.0473,1.053,167,9.537,2.342,entro il 1990
013152,Moltrasio,1621,-0.6740196078431373,96.47242432264773,0.0402,0.952,202,21.196,1.701,entro il 1960
013153,Monguzzo,2348,5.197132616487455,98.73005174126642,0.046,0.292,51,5.743,2.644,entro il 1990
013154,Montano Lucino,5240,9.554672799498224,96.27262369495296,0.0398,1.649,254,11.431,2.358,entro il 2000
013155,Montemezzo,228,-12.977099236641221,92.93065408861155,0.0437,0.0,291,69.286,0.543,entro il 1990
013157,Montorfano,2567,-2.3211567732115674,96.71605280303592,0.04276,0.415,196,15.961,2.09,entro il 1980
013159,Mozzate,8971,8.911011290518394,98.31881164437011,0.0392,1.853,217,6.254,2.585,entro il 1990
013160,Musso,990,-2.6548672566371683,96.48814166126733,0.041633333333333335,0.0,428,49.139,1.137,entro il 1980
013161,Nesso,1227,-0.8885298869143781,98.43821261019043,0.0428,1.536,401,41.255,1.262,entro il 1970
013163,Novedrate,2907,1.1130434782608696,96.60078910892548,0.0437,0.789,97,8.124,2.435,entro il 1990
013165,Olgiate Comasco,11633,1.7849330650100623,96.83518453136791,0.0391,0.251,444,8.832,2.314,entro il 2000
013169,Oltrona di San Mamette,2397,4.217391304347826,97.44791474645285,0.0392,0.26,106,10.392,2.35,entro il 2000
013170,Orsenigo,2769,0.10845986984815618,94.99671159218715,0.0445,0.0,147,11.874,2.237,entro il 1990
013178,Peglio,186,2.7624309392265194,103.69525101911691,0.0417,3.252,231,73.101,0.589,entro il 1970
013183,Pianello del Lario,1028,0.09737098344693282,96.90328158112008,0.0406,2.628,663,58.569,0.908,entro il 1990
013184,Pigra,244,-8.614232209737828,95.90068175181445,0.0399,0.0,309,68.212,0.539,entro il 1960
013185,Plesio,840,0.0,95.857654119623,0.0401,1.659,979,71.88,0.617,entro il 1970
013186,Pognana Lario,685,-9.749670619235836,98.65337746928749,0.0419,1.685,311,47.409,1.044,entro il 1960
013187,Ponna,239,-10.820895522388058,99.60835195972028,0.0394,1.375,257,66.927,0.622,entro il 1970
013188,Ponte Lambro,4303,-0.8525345622119815,99.29311024827254,0.0439,0.191,163,8.67,2.289,entro il 1990
013189,Porlezza,4972,6.626635213381943,98.82748831895638,0.0394,2.384,945,32.485,1.709,entro il 1980
013192,Proserpio,936,5.05050505050505,96.61604043026452,0.047450000000000006,0.0,96,20.87,2.035,entro il 1980
013193,Pusiano,1373,3.155522163786627,96.54186507444179,0.0484,0.483,28,4.714,2.311,entro il 1980
013195,Rezzago,308,-2.8391167192429023,98.61003529093277,0.0444,6.731,242,62.532,0.796,entro il 1980
013197,Rodero,1381,14.226633581472292,97.7007571422915,0.0386,1.307,42,8.0,2.63,entro il 1990
013199,Ronago,1716,-2.2222222222222223,99.20902276248422,0.039,1.475,96,12.698,2.27,entro il 1990
013201,Rovellasca,7797,3.121280253934665,97.87504418783836,0.0409,1.576,190,5.699,2.339,entro il 1990
013202,Rovello Porro,6122,1.3408376096672736,97.50742634427299,0.0411,0.717,409,14.138,2.116,entro il 1990
013203,Sala Comacina,538,-12.37785016286645,94.42986192028405,0.0403,0.0,228,49.891,1.177,entro il 1980
013204,San Bartolomeo Val Cavargna,1010,-3.071017274472169,94.76330646004023,0.0392,0.276,507,54.225,1.08,entro il 1970
013206,San Fermo della Battaglia,7754,5.253155965793403,97.37587747504573,0.0396,1.041,340,10.164,2.318,entro il 1980
013207,San Nazzaro Val Cavargna,302,-10.650887573964498,94.1860161445282,0.0391,8.929,300,65.646,0.661,entro il 1990
013248,San Siro,1744,-0.34285714285714286,95.9196540910265,0.0409,2.804,1421,63.24,0.776,entro il 1960
013211,Schignano,841,-3.4443168771526977,98.29041435459577,0.0396,0.466,715,64.531,0.759,entro il 1960
013212,Senna Comasco,3184,0.34667507091080996,95.4268270202356,0.0416,0.0,79,6.255,2.521,entro il 2000
013215,Solbiate,2605,3.1683168316831685,97.06831405740711,0.038766666666666665,2.179,133,11.812,2.313,entro il 2000
013216,Sorico,1270,2.9173419773095626,98.52879486186893,0.0459,3.313,796,59.182,0.944,entro il 1990
013217,Sormano,631,-0.315955766192733,97.43641038841704,0.0437,0.474,866,73.452,0.535,entro il 1970
013218,Stazzona,604,-4.430379746835443,97.87151354712427,0.0407,4.255,153,36.085,1.425,entro il 1970
013222,Tavernerio,5804,1.610644257703081,97.14751564793818,0.0424,1.784,255,10.075,2.293,entro il 1980
013223,Torno,1137,-5.25,96.56323937804274,0.0408,0.383,362,41.947,1.317,entro il 1945
013252,Tremezzina,5118,1.1462450592885376,96.6896986204716,0.041,2.886,1544,40.988,1.359,entro il 1980
013226,Trezzone,230,-2.9535864978902953,95.48816934881239,0.0436,0.508,154,60.87,0.909,entro il 1980
013227,Turate,9506,5.916434540389972,97.37781223580411,0.0403,2.015,786,17.876,2.162,entro il 1980
013228,Uggiate-Trevano,4946,10.84715374271627,96.81216736563286,0.0388,1.204,237,11.82,2.467,entro il 2000
013233,Val Rezzo,172,-3.910614525139665,97.36744005255396,0.039,0.0,149,67.421,0.778,entro il 1980
013229,Valbrona,2652,0.798175598631699,98.0178406913025,0.0469,4.463,806,41.333,1.36,entro il 1980
013232,Valmorea,2666,0.8702232311766931,96.4523003507267,0.038725,0.182,130,10.924,2.24,entro il 1990
013234,Valsolda,1548,-5.030674846625767,97.28056305956898,0.0391,0.723,1204,61.744,0.794,entro il 1970
013236,Veleso,219,-18.587360594795538,105.67163167021239,0.0417,0.261,368,71.735,0.427,entro il 1960
013238,Veniano,3041,5.224913494809689,97.0950132675477,0.0395,0.0,141,10.981,2.368,entro il 1990
013239,Vercana,758,1.2016021361815754,97.2249542663196,0.0425,2.665,707,68.574,0.735,entro il 1980
013242,Vertemate con Minoprio,4162,3.9720209842618037,95.83228901897279,0.041,0.0,102,6.071,2.477,entro il 1990
013245,Villa Guardia,8041,2.681649853147746,97.61226766672476,0.0399,1.188,330,9.453,2.303,entro il 1990
013246,Zelbio,214,-1.3824884792626728,101.47697478257709,0.0422,2.991,202,64.331,0.682,entro il 1970
019001,Acquanegra Cremonese,1179,-8.320373250388803,95.81083322333194,0.079,0.0,90,14.876,1.949,entro il 1980
019002,Agnadello,3866,2.956058588548602,96.66342418716985,0.0865,0.816,72,4.609,2.475,entro il 2000
019003,Annicco,2045,-1.303088803088803,98.40746325351138,0.0896,0.178,176,16.826,1.955,entro il 1970
019004,Azzanello,636,-10.422535211267606,100.39842825007163,0.1059,1.896,91,23.885,1.669,entro il 1970
019005,Bagnolo Cremasco,4877,1.7737896494156926,96.08364832305143,0.0814,0.865,205,9.697,2.307,entro il 1990
019006,Bonemerse,1528,3.593220338983051,96.41452083275439,0.0817,0.0,34,5.484,2.465,entro il 2000
019007,Bordolano,605,-3.2,99.60808578757076,0.1032,0.0,10,3.984,2.41,entro il 1990
019008,Ca' d'Andrea,424,-12.396694214876034,97.86993428723632,0.0775,1.613,54,21.862,1.717,entro il 1970
019009,Calvatone,1200,-5.3627760252365935,97.60504760414224,0.0827,0.885,39,7.156,2.202,entro il 1980
019010,Camisano,1266,-2.9885057471264367,97.77790643257279,0.1164,0.0,33,6.238,2.393,entro il 2000
019011,Campagnola Cremasca,672,-0.8849557522123894,95.84009233534199,0.0964,0.0,21,7.985,2.555,entro il 2000
019012,Capergnanica,2166,2.654028436018957,96.64340608635828,0.0793,0.391,30,3.367,2.431,entro il 2000
019013,Cappella Cantone,555,-3.4782608695652173,96.91573727675676,0.0834,0.746,53,19.273,2.018,entro il 1980
019014,Cappella de' Picenardi,410,-5.747126436781609,110.29203549698244,0.0811,4.403,49,21.212,1.775,entro il 1960
019015,Capralba,2313,-5.591836734693877,95.97734042066293,0.0991,1.677,90,8.443,2.17,entro il 2000
019016,Casalbuttano ed Uniti,3892,-4.864336348081154,97.84204967065206,0.0933,1.511,330,16.888,1.992,entro il 1980
019017,Casale Cremasco-Vidolasco,1852,1.5907844212835986,98.90768664454137,0.1128,0.0,62,8.223,2.456,entro il 2000
019018,Casaletto Ceredano,1165,-1.6877637130801686,96.88494551177934,0.0755,0.0,56,10.294,2.142,entro il 1990
019019,Casaletto di Sopra,540,-2.1739130434782608,95.1810961457835,0.1158,0.0,17,7.981,2.535,entro il 2000
019020,Casaletto Vaprio,1769,0.5685048322910745,99.5742116647812,0.0921,4.348,53,7.31,2.44,entro il 1990
019021,Casalmaggiore,15425,2.1252648305084745,100.60209656068092,0.0836,0.457,340,5.329,2.418,entro il 1980
019022,Casalmorano,1618,-3.7477691850089236,97.39097689534184,0.0982,0.973,60,8.174,2.204,entro il 1980
019024,Castel Gabbiano,457,-1.9313304721030045,104.03860395257915,0.1161,0.0,0,0.0,2.673,entro il 2005
019023,Casteldidone,565,-1.9097222222222223,100.11872873935958,0.075,1.304,58,19.931,1.942,entro il 1980
019025,Castelleone,9472,-0.48329480983399875,97.91857732558832,0.0915,0.556,747,16.176,2.051,entro il 2000
019026,Castelverde,5685,0.1762114537444934,97.1346354810376,0.086,0.123,253,10.218,2.296,entro il 2000
019027,Castelvisconti,284,-14.457831325301203,111.08468804398075,0.1007,0.0,4,3.15,2.236,entro il 1980
019028,Cella Dati,511,-7.259528130671507,96.24169480867252,0.0795,0.948,58,20.351,1.793,entro il 1990
019029,Chieve,2281,1.4679715302491103,95.90458775219257,0.0788,1.493,126,12.245,2.217,entro il 2000
019030,Cicognolo,952,-0.7299270072992701,96.77385381228969,0.0809,0.0,79,17.063,2.056,entro il 1980
019031,Cingia de' Botti,1232,-10.269482884195194,99.90028952179273,0.0785,0.0,91,16.456,2.228,entro il 1970
019032,Corte de' Cortesi con Cignone,1075,-5.286343612334802,105.31529692896744,0.102,0.0,82,15.984,2.096,entro il 1980
019033,Corte de' Frati,1379,-2.7503526093088855,96.8009853893925,0.0952,4.938,63,9.663,2.115,entro il 1980
019034,Credera Rubbiano,1595,-2.386780905752754,94.28278429284461,0.0775,1.562,75,10.534,2.24,entro il 1990
019035,Crema,34264,3.560418303814302,97.9966577225084,0.0967,0.479,2372,14.172,2.047,entro il 1990
019036,Cremona,72077,3.4474345174022245,97.7570678543078,0.0822,0.849,8058,20.095,1.797,entro il 1980
019037,Cremosano,1760,10.41405269761606,95.70336319551845,0.0886,0.0,44,6.519,2.607,entro il 2000
019038,Crotta d'Adda,639,-2.73972602739726,98.36763492653488,0.0796,0.0,55,15.988,1.858,entro il 1980
019039,Cumignano sul Naviglio,450,0.4464285714285714,99.0028640964716,0.1067,0.0,18,9.231,2.308,entro il 1980
019040,Derovere,303,-1.9417475728155338,99.2261278706705,0.0773,0.0,9,6.383,2.149,entro il 1945
019041,Dovera,3841,-0.44064282011404876,98.4976285863731,0.0753,0.659,111,6.768,2.342,entro il 2000
019042,Drizzona,579,5.2727272727272725,97.33178369688991,0.0862,0.518,40,15.385,2.227,entro il 1970
019043,Fiesco,1192,-0.8319467554076538,98.12756081228144,0.0955,1.672,85,15.483,2.171,entro il 2000
019044,Formigara,1031,-6.442831215970962,101.36903075433075,0.0783,4.294,38,7.708,2.091,entro il 1990
019045,Gabbioneta-Binanuova,858,-3.7037037037037033,98.40592718311471,0.0946,3.064,85,18.201,1.837,entro il 1960
019046,Gadesco-Pieve Delmona,2002,-1.0869565217391304,98.95174732289077,0.0803,0.272,47,5.371,2.288,entro il 1990
019047,Genivolta,1163,-1.5241320914479255,97.70027350898032,0.1099,0.0,12,2.51,2.433,entro il 1970
019048,Gerre de' Caprioli,1341,5.757097791798108,95.01824887975836,0.0857,0.0,52,8.696,2.242,entro il 2000
019049,Gombito,634,-0.7824726134585289,96.42643870455694,0.0783,0.0,70,20.528,1.859,entro il 1990
019050,Grontardo,1493,2.050580997949419,96.6503927714272,0.0874,0.224,76,11.801,2.318,entro il 1980
019051,Grumello Cremonese ed Uniti,1772,-5.037513397642015,95.93432891609348,0.0815,0.752,75,8.762,2.07,entro il 1980
019052,Gussola,2692,-6.136680613668061,100.82102559731412,0.0849,3.762,80,6.797,2.287,entro il 1970
019053,Isola Dovarese,1174,-4.084967320261438,96.50197823567584,0.0888,1.333,188,26.896,1.68,entro il 1990
019054,Izano,1976,-4.633204633204633,95.92044013115006,0.0963,0.227,60,6.842,2.253,entro il 2000
019055,Madignano,2847,-2.633378932968536,98.35762704541612,0.0927,1.319,129,10.312,2.276,entro il 1990
019056,Malagnino,1722,12.844036697247708,94.84956550533457,0.0805,0.512,97,13.604,2.415,entro il 2005
019057,Martignana di Po,2042,6.354166666666666,97.1093379304019,0.0813,0.0,61,7.861,2.631,entro il 2005
019058,Monte Cremasco,2329,-0.6399317406143344,97.14968872900457,0.07941999999999999,0.276,88,8.943,2.367,entro il 1990
019059,Montodine,2498,-3.923076923076923,96.80777804559764,0.0798,4.045,132,11.538,2.184,entro il 1990
019060,Moscazzano,776,-5.365853658536586,95.74251497758176,0.0796,1.158,27,7.849,2.256,entro il 1990
019061,Motta Baluffi,897,-8.934010152284264,100.11921990462389,0.0823,1.084,48,11.241,2.101,entro il 1980
019062,Offanengo,6031,3.182207014542344,96.93664889323172,0.1047,0.24,344,13.125,2.301,entro il 1990
019063,Olmeneta,952,-1.3471502590673576,96.70267903667532,0.0928,3.865,20,4.739,2.256,entro il 1990
019064,Ostiano,2927,-3.2076719576719577,101.76379316230616,0.1006,1.566,148,11.103,2.196,entro il 1970
019065,Paderno Ponchielli,1420,-3.467029231815092,96.74555993409572,0.0916,0.249,44,6.718,2.168,entro il 1980
019066,Palazzo Pignano,3786,-1.7898832684824901,96.11424749012171,0.0834,0.394,92,5.617,2.311,entro il 1990
019067,Pandino,9035,1.6882386043894204,97.94617193749457,0.0818,0.141,263,6.963,2.392,entro il 1990
019068,Persico Dosimo,3368,-0.6489675516224189,96.45666977048535,0.0859,0.666,139,9.193,2.228,entro il 2000
019069,Pescarolo ed Uniti,1521,-6.169031462060456,98.72117602453582,0.0904,0.0,11,1.711,2.365,entro il 1980
019070,Pessina Cremonese,627,-5.714285714285714,98.78162862012655,0.0916,0.0,54,16.77,1.947,entro il 1980
019071,Piadena,3438,-3.6434977578475336,98.8111152335451,0.0785,1.956,174,10.432,2.061,entro il 1970
019072,Pianengo,2538,-0.8980866848887153,97.43598496362054,0.1005,0.601,96,8.783,2.322,entro il 1990
019073,Pieranica,1132,-0.9623797025371827,95.86084553184608,0.0911,0.0,14,3.132,2.532,entro il 2000
019074,Pieve d'Olmi,1273,-2.750190985485103,96.45001725609576,0.0882,1.044,66,11.518,2.222,entro il 2000
019075,Pieve San Giacomo,1590,-2.394106813996317,98.13802183285684,0.0784,0.0,43,6.25,2.311,entro il 1990
019076,Pizzighettone,6465,-3.2475306794372947,97.34549911210179,0.0792,0.44,470,14.191,1.952,entro il 1980
019077,Pozzaglio ed Uniti,1457,-0.8843537414965987,95.68919799141366,0.0882,0.0,62,9.904,2.327,entro il 2000
019078,Quintano,913,0.995575221238938,95.19848379806926,0.092525,0.0,16,4.457,2.543,entro il 2000
019079,Ricengo,1728,-1.9852524106636416,97.4029079196362,0.1088,3.02,43,6.447,2.591,entro il 2000
019080,Ripalta Arpina,992,-6.149479659413434,97.19506456885925,0.08327142857142857,0.0,30,6.667,2.204,entro il 1990
019081,Ripalta Cremasca,3388,-0.1179245283018868,96.19739116817992,0.0823,2.667,125,8.17,2.214,entro il 2000
019082,Ripalta Guerina,532,-1.1152416356877324,94.89431535395649,0.0824,0.629,17,7.981,2.498,entro il 2000
019083,Rivarolo del Re ed Uniti,1956,-5.278450363196126,96.7633902267651,0.0747,2.758,129,14.223,2.157,entro il 1970
019084,Rivolta d'Adda,8140,3.090172239108409,97.9599021592944,0.0844,0.626,234,6.749,2.348,entro il 1990
019085,Robecco d'Oglio,2327,-4.041237113402062,99.18476182144565,0.0993,1.453,55,5.629,2.382,entro il 1980
019086,Romanengo,3110,2.911978821972204,98.34138308888592,0.1085,0.364,6,0.5,2.592,entro il 1990
019087,Salvirola,1155,-0.7731958762886598,96.17434299286,0.0996,3.497,33,6.509,2.278,entro il 2000
019088,San Bassano,2170,-1.6319129646418857,98.66635709205472,0.0815,3.617,51,5.763,2.452,entro il 1990
019089,San Daniele Po,1365,-3.873239436619718,96.35755721381884,0.0861,1.351,94,13.184,1.914,entro il 1970
019090,San Giovanni in Croce,1912,1.7562533262373603,99.45935694883879,0.0752,3.64,52,6.692,2.461,entro il 1980
019091,San Martino del Lago,426,-10.69182389937107,98.46522247523068,0.076,3.297,51,20.816,1.739,entro il 1980
019092,Scandolara Ravara,1358,-7.177033492822966,100.83267380700839,0.0775,1.893,240,28.777,1.628,entro il 1945
019093,Scandolara Ripa d'Oglio,543,-12.419354838709678,101.60210006191576,0.0931,0.755,16,6.038,2.049,entro il 1970
019094,Sergnano,3554,-1.9586206896551723,97.4945864381269,0.1087,0.307,142,9.251,2.315,entro il 1980
019095,Sesto ed Uniti,3194,2.47032402951556,96.02178402225965,0.0826,2.025,210,14.778,2.248,entro il 1990
019096,Solarolo Rainerio,925,-9.135559921414538,102.98758525431509,0.0762,0.0,117,22.328,1.765,entro il 1945
019097,Soncino,7648,-0.3517915309446254,96.38194762830491,0.1222,0.405,149,4.515,2.318,entro il 1980
019098,Soresina,8915,-1.0873183179851327,99.77513990657616,0.0974,1.531,705,15.677,1.982,entro il 1970
019099,Sospiro,3057,-4.825653798256538,102.41275026207994,0.081,0.301,53,4.629,2.67,entro il 1990
019100,Spinadesco,1512,-4.0,97.27909400338883,0.081,0.0,98,13.406,2.068,entro il 1980
019101,Spineda,609,-4.094488188976378,96.69714158843274,0.0741,0.0,40,12.821,1.952,entro il 1970
019102,Spino d'Adda,6873,0.5559619604974396,97.98977382925607,0.0725,0.292,155,5.403,2.396,entro il 1990
019103,Stagno Lombardo,1529,-3.1051964512040557,97.50887891366264,0.0924,0.289,79,11.601,2.245,entro il 1990
019104,Ticengo,431,-4.434589800443459,97.12416208591782,0.112,0.917,1,0.568,2.449,entro il 1980
019105,Torlino Vimercati,475,5.79064587973274,100.07516047865944,0.09038333333333333,0.0,19,9.5,2.375,entro il 2005
019106,Tornata,478,-3.2388663967611335,101.08950950766274,0.0763,1.183,21,10.048,2.287,entro il 1990
019107,Torre de' Picenardi,1680,-4.707884288145207,98.67584937161446,0.0795,0.151,141,16.114,1.92,entro il 1990
019108,Torricella del Pizzo,589,-11.958146487294469,102.2609873676785,0.0839,3.396,40,12.539,1.846,entro il 1970
019109,Trescore Cremasco,2870,0.24449877750611246,97.77598316307922,0.0878,1.175,130,10.125,2.235,entro il 1990
019110,Trigolo,1715,-2.887882219705549,95.98913326658561,0.1033,0.222,21,2.933,2.395,entro il 1980
019111,Vaiano Cremasco,3714,-3.857105876261972,98.95473445782504,0.0804,0.394,92,5.718,2.308,entro il 1980
019112,Vailate,4542,2.205220522052205,97.10233156684811,0.0944,0.278,313,14.688,2.131,entro il 1990
019113,Vescovato,3938,-1.2289942312515676,98.50050526803116,0.0835,1.636,344,18.376,2.104,entro il 1980
019114,Volongo,499,-13.518197573656845,101.54015067687848,0.0923,2.966,15,6.098,2.028,entro il 1945
019115,Voltido,347,-13.681592039800993,96.93958670208846,0.0772,0.0,13,7.263,1.939,entro il 1970
097001,Abbadia Lariana,3216,-0.43343653250773995,96.9643232516773,0.0503,0.356,635,30.47,1.543,entro il 1980
097002,Airuno,2848,-4.876419505678023,99.25105070315655,0.061119999999999994,0.184,177,13.229,2.129,entro il 1980
097003,Annone di Brianza,2330,1.8356643356643356,96.33400156269418,0.0516,0.911,112,11.2,2.33,entro il 2000
097004,Ballabio,4052,0.921544209215442,96.85317559030786,0.0536,0.0,1133,40.682,1.455,entro il 1980
097005,Barzago,2408,-6.267029972752043,97.2356407490306,0.0539,0.246,238,19.334,1.956,entro il 1990
097006,Barzanò,5101,-1.5441034549314805,97.01582954649822,0.0536,1.379,190,8.535,2.292,entro il 1990
097007,Barzio,1338,3.560371517027864,97.63303505740284,0.0534,1.081,2460,79.767,0.434,entro il 1980
097008,Bellano,3203,-1.7484662576687116,96.9168860977115,0.0418,3.776,733,32.206,1.407,entro il 1980
097009,Bosisio Parini,3424,-2.4223425477343974,97.51805880739461,0.0498,0.154,342,19.521,1.954,entro il 1980
097010,Brivio,4620,-1.702127659574468,97.57890847968974,0.0669,0.9,478,20.515,1.983,entro il 2000
097011,Bulciago,2892,-1.0605542251111872,101.51145588241386,0.05213333333333333,2.439,114,9.216,2.338,entro il 1990
097012,Calco,5341,4.561472200469851,97.35006835318023,0.0691,0.84,437,16.918,2.068,entro il 1990
097013,Calolziocorte,13877,-0.7722559885591705,98.76174974455412,0.0661,1.055,782,12.305,2.184,entro il 1970
097014,Carenno,1474,-1.3386880856760375,97.83876997070296,0.0636,0.391,840,58.172,1.021,entro il 1970
097015,Casargo,844,-0.4716981132075472,98.46578592488117,0.0442,1.788,1925,82.512,0.362,entro il 1980
097016,Casatenovo,13042,2.9848389134554645,96.27730615203424,0.0575,0.046,271,5.118,2.463,entro il 1990
097017,Cassago Brianza,4371,-0.7267771973654327,97.82326464978271,0.05162,0.0,156,8.32,2.331,entro il 1990
097018,Cassina Valsassina,499,5.720338983050848,95.1913574625111,0.0554,0.0,947,79.983,0.421,entro il 1990
097019,Castello di Brianza,2612,5.877584110255371,95.9761911080298,0.05698000000000001,1.531,236,19.932,2.206,entro il 2000
097020,Cernusco Lombardone,3857,0.20784619381657576,97.62063646795085,0.06506666666666666,0.223,246,13.479,2.113,entro il 1990
097021,Cesana Brianza,2399,1.652542372881356,95.15811926406879,0.0488,0.0,45,4.692,2.502,entro il 1980
097022,Civate,3818,-5.119284294234593,97.96545186596416,0.0505,4.34,163,9.298,2.178,entro il 1990
097023,Colico,7853,4.902484637990916,97.70138389656867,0.0437,0.082,2158,39.874,1.451,entro il 2000
097024,Colle Brianza,1722,-0.5773672055427251,96.4716297654373,0.0584,0.193,296,29.57,1.72,entro il 1990
097025,Cortenova,1177,-7.1033938437253346,97.27696452328591,0.0454,1.082,396,43.043,1.279,entro il 1980
097026,Costa Masnaga,4839,2.174831081081081,96.9568113065993,0.048960000000000004,1.007,384,16.872,2.126,entro il 1990
097027,Crandola Valsassina,247,-9.854014598540147,94.60763453453345,0.0457,0.592,204,60.714,0.735,entro il 2000
097028,Cremella,1724,-2.598870056497175,96.84245530255549,0.0527,0.0,101,13.066,2.23,entro il 1990
097029,Cremeno,1541,7.461645746164574,95.36007485806797,0.0537,0.531,2002,75.32,0.58,entro il 1990
097030,Dervio,2627,-1.867762420620097,97.3516089195194,0.0415,0.126,1057,45.877,1.14,entro il 1980
097031,Dolzago,2515,9.205384281372124,95.3574644744578,0.05474,0.311,168,15.584,2.333,entro il 2000
097032,Dorio,319,-4.776119402985075,94.29067994423855,0.0427,9.477,373,70.377,0.602,entro il 1990
097033,Ello,1207,-2.504038772213247,97.78220769836128,0.0549,0.376,105,18.75,2.155,entro il 2000
097034,Erve,713,-6.4304461942257225,95.91144611225873,0.0612,1.645,233,42.364,1.296,entro il 1970
097035,Esino Lario,745,-0.5340453938584779,96.33687988150524,0.0459,0.0,984,72.835,0.551,entro il 1970
097036,Galbiate,8545,-0.616422423819493,97.38280875126254,0.0571,1.617,404,10.618,2.246,entro il 1980
097037,Garbagnate Monastero,2480,1.9317714755445952,97.95775104132463,0.0525,1.404,181,16.248,2.226,entro il 1990
097038,Garlate,2731,4.356132976690867,98.47652925894042,0.05806666666666666,0.0,129,10.822,2.291,entro il 1980
097039,Imbersago,2447,1.451077943615257,96.04379537341461,0.0711,0.0,260,19.985,1.881,entro il 2000
097040,Introbio,1996,-0.24987506246876562,98.66866914166145,0.0495,1.237,568,39.832,1.4,entro il 1990
097092,La Valletta Brianza,4707,0.8138787748982652,96.63001376563331,0.0582,0.759,354,16.519,2.196,entro il 1990
097042,Lecco,48177,3.222419814453753,98.61875223063437,0.0591,0.974,5564,21.664,1.876,entro il 1970
097043,Lierna,2122,-4.1986455981941315,96.96920238863677,0.0448,0.132,1010,50.907,1.07,entro il 1980
097044,Lomagna,5000,2.1867974657674227,96.63525731675848,0.06105,0.186,304,13.2,2.171,entro il 2000
097045,Malgrate,4271,1.90885230255309,98.97447859915815,0.053,0.0,231,11.696,2.163,entro il 1990
097046,Mandello del Lario,10313,-2.449867574725691,96.77828192119549,0.0487,0.635,999,18.337,1.893,entro il 1980
097047,Margno,380,1.0638297872340425,97.50454777057998,0.0447,0.997,898,83.38,0.353,entro il 1980
097048,Merate,14891,2.238242361826296,97.18342688193631,0.0684,1.056,640,9.62,2.238,entro il 1990
097049,Missaglia,8700,1.5050752537626881,97.33221547298285,0.0603,0.533,609,14.646,2.092,entro il 1980
097050,Moggio,491,-1.7999999999999998,94.92690095920774,0.0573,1.618,1991,89.123,0.22,entro il 1990
097051,Molteno,3611,0.7814680435389338,98.50437718224829,0.0508,2.591,181,11.784,2.351,entro il 2000
097052,Monte Marenzo,1896,-3.951367781155015,97.06120959764755,0.068425,0.277,147,16.935,2.184,entro il 1990
097053,Montevecchia,2682,8.6709886547812,95.09707259047946,0.0627,0.93,209,16.747,2.149,entro il 1990
097054,Monticello Brianza,4227,0.3561253561253561,97.37532531050309,0.05525,1.208,326,16.107,2.088,entro il 1980
097055,Morterone,35,-2.7777777777777777,91.70146708944645,0.0554,0.0,175,89.744,0.179,entro il 1945
097056,Nibionno,3696,1.594282572842221,98.26972373265053,0.0498,0.535,170,10.856,2.36,entro il 1990
097057,Oggiono,9075,3.5367940673131772,97.94624090087689,0.0537,0.871,661,15.851,2.176,entro il 1990
097058,Olgiate Molgora,6461,4.344315245478036,97.5699912464531,0.0611,0.194,480,16.194,2.18,entro il 1990
097059,Olginate,7024,-1.0704225352112675,99.1683337821597,0.058,4.024,424,13.006,2.155,entro il 1980
097060,Oliveto Lario,1227,2.591973244147157,97.66076439885944,0.0452,0.992,824,59.026,0.879,entro il 1970
097061,Osnago,4783,-0.6852159468438538,97.53638003258783,0.0641,0.0,135,6.215,2.202,entro il 1990
097062,Paderno d'Adda,3855,-0.3360910031023785,97.11693854290844,0.07976000000000001,0.0,194,10.93,2.172,entro il 2000
097063,Pagnona,364,-9.67741935483871,94.17966079653944,0.0445,1.935,120,42.553,1.291,entro il 1970
097064,Parlasco,140,0.7194244604316548,95.99322479537072,0.0429,1.786,61,48.413,1.111,entro il 1980
097065,Pasturo,1993,2.3100616016427105,98.85492139416631,0.0506,0.385,842,51.752,1.225,entro il 1980
097067,Perledo,916,-9.486166007905137,99.88656143022669,0.0426,6.667,1249,71.782,0.526,entro il 1990
097068,Pescate,2231,1.9652650822669104,98.9261844529251,0.0581,0.0,166,16.039,2.156,entro il 1980
097069,Premana,2262,-1.0065645514223196,94.9089767954532,0.0477,5.609,479,36.931,1.744,entro il 1980
097070,Primaluna,2258,3.4830430797433545,97.79212213226035,0.0484,2.614,827,48.391,1.321,entro il 1980
097071,Robbiate,6337,3.6643219368558806,96.50798844924114,0.0729,0.744,313,11.076,2.242,entro il 2000
097072,Rogeno,3142,-1.9656786271450857,97.42252631243112,0.0489,0.351,208,14.515,2.193,entro il 2000
097074,Santa Maria Hoè,2175,-0.8207934336525308,95.81505501741188,0.0596,0.901,135,13.975,2.252,entro il 1990
097075,Sirone,2337,-2.7870216306156403,96.51455076394518,0.0528,0.623,47,4.825,2.399,entro il 1980
097076,Sirtori,2804,-3.741846893237213,97.69939240647955,0.0548,0.859,211,15.723,2.089,entro il 1990
097077,Sueglio,161,10.273972602739725,97.82136930549075,0.042,2.574,583,88.467,0.244,entro il 1970
097078,Suello,1766,4.497041420118343,95.45117642838419,0.050300000000000004,1.031,2,0.303,2.672,entro il 1980
097079,Taceno,535,-1.2915129151291513,99.2239422467851,0.0438,0.0,408,63.256,0.829,entro il 1970
097082,Valgreghentino,3453,1.2313104661389622,96.76528533039362,0.0612,2.457,133,9.072,2.355,entro il 1990
097083,Valmadrera,11601,-0.2750795151723545,98.48638532982017,0.0511,1.557,288,5.964,2.402,entro il 1980
097093,Valvarrone,570,-7.6175040518638575,94.21877673251498,0.0419,1.828,767,71.816,0.534,entro il 1970
097084,Varenna,739,-4.274611398963731,95.80171820286965,0.0424,0.292,447,53.151,0.879,entro il 1960
097085,Vendrogno,298,-6.583072100313479,96.23502773402899,0.0425,1.411,624,76.658,0.366,entro il 1918
097086,Vercurago,2818,0.3203987184051264,96.98715679695658,0.0611,1.357,161,12.481,2.184,entro il 1980
097091,Verderio,5626,-0.12426770814841115,96.35948911791512,0.0745,0.855,244,9.835,2.268,entro il 2000
097090,Viganò,2105,4.207920792079208,96.91557821884814,0.0558,1.096,154,15.992,2.186,entro il 1990
098001,Abbadia Cerreto,289,0.6968641114982579,99.6959742124448,0.0737,1.538,28,19.58,2.021,entro il 1990
098002,Bertonico,1127,-4.003407155025554,99.51135119195587,0.0759,0.778,131,21.761,1.872,entro il 1990
098003,Boffalora d'Adda,1770,3.4482758620689653,96.56652366255523,0.0701,0.974,27,3.755,2.462,entro il 2000
098004,Borghetto Lodigiano,4302,-1.510989010989011,99.35067405339836,0.0775,0.519,290,14.146,2.099,entro il 1990
098005,Borgo San Giovanni,2445,9.838274932614555,96.40685297979385,0.07089999999999999,6.907,122,12.539,2.513,entro il 2000
098006,Brembio,2696,1.9281663516068055,96.64980995670076,0.0763,5.179,137,11.304,2.224,entro il 1980
098008,Casaletto Lodigiano,2911,3.7050231563947276,97.28047646532993,0.066,0.283,117,9.367,2.331,entro il 2000
098009,Casalmaiocco,3190,4.078303425774878,95.15851090185072,0.0621,0.244,124,9.422,2.424,entro il 2000
098010,Casalpusterlengo,15280,3.110871178891963,97.88967468639719,0.0793,1.437,389,5.982,2.35,entro il 1990
098011,Caselle Landi,1540,-6.61006670709521,96.57049426701595,0.0871,0.942,171,19.655,1.77,entro il 1980
098012,Caselle Lurani,2990,-3.4549564094284793,99.25064690671846,0.0669,0.877,32,2.581,2.411,entro il 2000
098062,Castelgerundo,1491,-0.7984031936127743,98.90191410027813,0.0772,1.29,107,15.308,2.133,entro il 1990
098013,Castelnuovo Bocca d'Adda,1626,-4.240282685512367,97.39132990643229,0.0839,2.134,62,7.928,2.079,entro il 1980
098014,Castiglione d'Adda,4651,-3.184845961698585,96.86563107959051,0.0765,1.513,169,8.152,2.244,entro il 1980
098015,Castiraga Vidardo,2836,7.6280834914611,96.9817230387371,0.0699,0.656,3,0.292,2.759,entro il 2005
098017,Cavenago d'Adda,2229,-1.4588859416445623,97.5531393859791,0.0745,2.206,223,19.027,1.902,entro il 1990
098018,Cervignano d'Adda,2209,4.001883239171375,98.44698259508304,0.0638,0.61,76,8.501,2.471,entro il 2000
098019,Codogno,15901,3.6638633548471216,97.53948538069059,0.0784,1.055,500,7.182,2.284,entro il 1990
098020,Comazzo,2301,6.38002773925104,96.36571539498391,0.072,0.0,83,8.583,2.38,entro il 2000
098021,Cornegliano Laudense,2920,3.1073446327683616,96.49361780580396,0.0695,0.266,61,5.088,2.435,entro il 1990
098022,Corno Giovine,1143,-4.271356783919598,97.94579479065408,0.0805,0.633,46,8.2,2.037,entro il 1980
098023,Cornovecchio,213,-4.484304932735426,98.99319548701486,0.0809,0.0,11,9.821,1.902,entro il 1990
098024,Corte Palasio,1537,-0.710594315245478,96.64451838953693,0.0747,6.984,45,6.934,2.368,entro il 1990
098025,Crespiatica,2286,7.273580478648521,96.42698176935608,0.0762,0.983,84,8.796,2.394,entro il 2000
098026,Fombio,2325,1.0869565217391304,95.69538224934252,0.0801,0.609,161,14.557,2.102,entro il 2000
098027,Galgagnano,1263,4.122011541632316,94.44676784424009,0.0658,0.0,96,16.162,2.126,entro il 2005
098028,Graffignana,2612,0.4229142637447136,96.52393873744043,0.0778,0.0,134,11.195,2.182,entro il 1990
098029,Guardamiglio,2664,-1.150278293135436,98.34652114798226,0.0859,1.034,54,4.809,2.372,entro il 1990
098030,Livraga,2538,-2.6467203682393556,95.93836180142382,0.0788,1.239,170,13.622,2.034,entro il 1990
098031,Lodi,45252,4.6748860771205845,97.83177883261139,0.0715,1.448,3049,13.776,2.045,entro il 1990
098032,Lodi Vecchio,7570,2.9651795429815015,97.3657096643991,0.0682,0.271,204,6.333,2.35,entro il 1990
098033,Maccastorna,68,11.475409836065573,101.6868037349787,0.0811,0.0,10,29.412,2.0,entro il 1990
098034,Mairago,1384,-0.7173601147776184,95.69844847812229,0.0737,0.766,41,6.997,2.362,entro il 2000
098035,Maleo,3133,-3.6296524146416487,95.7190050715812,0.0792,2.486,51,3.685,2.264,entro il 1980
098036,Marudo,1720,9.345200254291164,98.10885094754518,0.0694,3.767,31,4.545,2.522,entro il 2000
098037,Massalengo,4571,8.240587260241535,97.23992230590491,0.0729,0.135,94,5.263,2.559,entro il 2000
098038,Meleti,442,-5.957446808510639,96.65158107042923,0.0798,4.118,48,19.592,1.804,entro il 1980
098039,Merlino,1746,-2.130044843049327,95.34356193137498,0.0706,1.261,49,6.473,2.306,entro il 2000
098040,Montanaso Lombardo,2271,2.1133093525179856,94.79610365183004,0.0676,0.882,105,10.324,2.233,entro il 2000
098041,Mulazzano,5773,0.6977149834292692,96.37376621498306,0.0639,0.857,253,9.898,2.259,entro il 1990
098042,Orio Litta,2056,1.5810276679841897,98.48060860247787,0.0842,0.697,136,14.577,2.204,entro il 1990
098043,Ospedaletto Lodigiano,1989,8.333333333333332,99.9402948642001,0.0798,0.0,67,8.181,2.429,entro il 2000
098044,Ossago Lodigiano,1416,0.3543586109142452,97.29630286805164,0.0731,2.564,57,9.329,2.318,entro il 2000
098045,Pieve Fissiraga,1780,11.11111111111111,97.81935218404388,0.0707,1.572,138,18.449,2.38,entro il 2000
098046,Salerano sul Lambro,2634,-1.1632270168855536,96.3766408347004,0.0676,1.488,45,4.132,2.419,entro il 2000
098047,San Fiorano,1841,2.1642619311875695,96.15648167619501,0.0825,0.539,104,12.44,2.202,entro il 1990
098048,San Martino in Strada,3744,3.1689170570405074,96.32131946974839,0.0718,0.716,63,4.008,2.382,entro il 1990
098049,San Rocco al Porto,3513,1.0935251798561152,97.08393466592017,0.09,0.758,71,4.634,2.293,entro il 1990
098050,Sant'Angelo Lodigiano,13202,4.7279073457083935,99.29762601276019,0.0781,1.463,1074,17.314,2.128,entro il 1990
098051,Santo Stefano Lodigiano,1910,0.0,96.76301040401194,0.0842,3.154,102,11.409,2.136,entro il 1980
098052,Secugnago,1970,-1.104417670682731,97.22103665120352,0.0747,3.341,37,4.307,2.293,entro il 2000
098053,Senna Lodigiana,1878,-5.864661654135339,97.53649764495326,0.0884,1.341,205,20.459,1.874,entro il 1980
098054,Somaglia,3797,3.011394465545307,98.21245524512203,0.0833,4.654,151,9.491,2.387,entro il 1990
098055,Sordio,3415,8.172315489388659,98.39094501254701,0.06336666666666667,0.0,42,3.165,2.573,entro il 1990
098056,Tavazzano con Villavesco,6012,-1.5717092337917484,97.93309984200921,0.0652,0.83,118,4.664,2.376,entro il 1980
098057,Terranova dei Passerini,918,1.3245033112582782,95.05287785240664,0.076,5.233,56,13.827,2.267,entro il 2000
098058,Turano Lodigiano,1549,1.1096605744125325,96.82142476262243,0.0753,0.0,49,7.249,2.291,entro il 1990
098059,Valera Fratta,1684,0.5973715651135006,97.49078353863376,0.0687,2.338,43,6.342,2.484,entro il 2000
098060,Villanova del Sillaro,1869,6.7390062821245005,98.48053137462423,0.0729,1.995,17,2.595,2.853,entro il 2005
098061,Zelo Buon Persico,7373,7.134553908747457,97.32649021674514,0.0666,2.398,282,9.441,2.468,entro il 2000
020001,Acquanegra sul Chiese,2895,-2.8523489932885906,98.7309660221352,0.0873,3.22,226,16.166,2.071,entro il 1990
020002,Asola,10069,-0.3956870115738451,99.4546093528866,0.1189,2.407,644,14.289,2.234,entro il 1980
020003,Bagnolo San Vito,5938,1.2964858410098943,97.4926990077979,0.0866,0.349,354,13.308,2.232,entro il 1980
020004,Bigarello,2142,3.528274528757854,96.14752091734293,0.0976,0.0,88,9.091,2.213,entro il 2000
020072,Borgo Mantovano,5482,-2.386039886039886,98.48716057279658,0.0917,0.77,445,15.741,1.939,entro il 1980
020071,Borgo Virgilio,14697,1.9987507807620237,97.4569419619186,0.0853,1.1,607,9.52,2.305,entro il 1990
020006,Borgofranco sul Po,759,-3.802281368821293,98.20909819852353,0.0907,2.601,100,24.038,1.825,entro il 1970
020007,Bozzolo,4190,0.3112281541776395,98.17727004072364,0.0789,0.631,174,9.37,2.256,entro il 1980
020008,Canneto sull'Oglio,4388,-2.74822695035461,99.03087598284478,0.0891,2.558,303,14.919,2.161,entro il 1980
020009,Carbonara di Po,1259,-5.622188905547226,96.5770059673149,0.0942,0.771,113,17.226,1.919,entro il 1980
020010,Casalmoro,2240,1.6795279164775307,101.53835135917151,0.1246,0.373,94,10.375,2.472,entro il 1990
020011,Casaloldo,2699,3.330781010719755,100.13322124334407,0.1143,0.501,123,11.538,2.532,entro il 1990
020012,Casalromano,1510,-2.075226977950713,99.47436902662194,0.0935,1.046,137,19.028,2.097,entro il 1980
020014,Castel d'Ario,4659,-2.080706179066835,99.92800189353831,0.0968,0.939,77,3.917,2.37,entro il 1990
020015,Castel Goffredo,12633,4.491315136476427,100.80924825096453,0.1334,0.702,907,17.11,2.383,entro il 2000
020013,Castelbelforte,3192,3.973941368078176,96.90859792877603,0.1029,2.757,75,5.855,2.492,entro il 2000
020016,Castellucchio,5235,0.07646721468170523,98.29317562729871,0.0921,0.775,415,16.815,2.121,entro il 1990
020017,Castiglione delle Stiviere,23570,6.738520061588623,99.94942170124375,0.1545,0.253,1321,13.389,2.389,entro il 1990
020018,Cavriana,3828,-1.921598770176787,99.38659637099718,0.1518,0.58,324,18.578,2.195,entro il 1980
020019,Ceresara,2609,-3.9396170839469806,98.35139760707976,0.1243,0.0,158,14.107,2.329,entro il 1990
020020,Commessaggio,1108,-5.621805792163544,98.90392621742419,0.0748,7.642,87,15.963,2.033,entro il 1980
020021,Curtatone,14796,1.6837330767644834,96.75459264927085,0.0888,0.158,597,9.23,2.288,entro il 2000
020022,Dosolo,3414,0.7971656333038087,98.19566298345723,0.0861,2.063,254,15.965,2.146,entro il 1980
020024,Gazoldo degli Ippoliti,2970,-0.03365870077415012,99.23194346483861,0.098,1.131,87,7.125,2.432,entro il 1990
020025,Gazzuolo,2214,-7.518796992481203,98.86466816351131,0.0775,5.325,154,13.665,1.965,entro il 1980
020026,Goito,10222,-0.5738741367571248,99.72417483961364,0.1258,1.254,658,14.522,2.256,entro il 1990
020027,Gonzaga,9103,-0.10973334796444639,99.62908182944409,0.118,5.206,365,9.849,2.456,entro il 1990
020028,Guidizzolo,6013,-2.2753128555176336,100.25957440259913,0.1419,0.474,293,11.304,2.32,entro il 1990
020029,Magnacavallo,1506,-8.616504854368932,98.54900469272158,0.1006,1.879,116,15.223,1.976,entro il 1980
020030,Mantova,49409,6.148623971469697,98.06082484302388,0.0949,1.218,4044,15.698,1.918,entro il 1970
020031,Marcaria,6591,-4.200581395348838,97.99046461069392,0.0899,1.4,250,8.415,2.218,entro il 1980
020032,Mariana Mantovana,745,1.915184678522572,99.12853079405241,0.0876,1.456,41,12.733,2.314,entro il 1990
020033,Marmirolo,7789,0.11568123393316196,98.8255005203787,0.1259,1.503,425,12.192,2.234,entro il 1990
020034,Medole,4055,0.32162295893122217,98.84205341233032,0.1459,0.111,376,19.8,2.135,entro il 1980
020035,Moglia,5487,-7.329842931937172,99.40005817936346,0.1204,1.943,221,8.67,2.153,entro il 1980
020036,Monzambano,4877,0.9104076143182288,98.42450039821878,0.1557,0.629,296,13.327,2.196,entro il 1990
020037,Motteggiana,2597,3.0555555555555554,102.00022301237546,0.0911,0.174,144,13.079,2.359,entro il 2000
020038,Ostiglia,6741,-2.6991916859122402,98.03134472825244,0.0858,2.693,413,12.212,1.993,entro il 1980
020039,Pegognaga,7046,-2.6929982046678633,98.89936420494553,0.1037,1.203,346,11.248,2.291,entro il 1980
020041,Piubega,1681,-5.028248587570622,99.10917384574115,0.1088,0.0,128,16.203,2.128,entro il 1990
020042,Poggio Rusco,6623,1.7826955586291686,98.29674986077566,0.1168,0.91,269,9.289,2.287,entro il 1990
020043,Pomponesco,1686,-4.258943781942079,100.89442012714484,0.0868,0.567,98,13.462,2.316,entro il 1980
020044,Ponti sul Mincio,2417,6.195079086115992,98.60926138955165,0.1584,2.852,458,32.738,1.728,entro il 1990
020045,Porto Mantovano,16479,3.4203589807957826,96.9576484034139,0.0992,0.945,533,7.636,2.361,entro il 2000
020046,Quingentole,1179,-0.6739679865206403,100.98829209844737,0.0927,2.252,91,15.217,1.972,entro il 1980
020047,Quistello,5552,-2.7500437905062185,99.44788890701426,0.1119,2.454,127,5.129,2.242,entro il 1980
020048,Redondesco,1268,-4.7332832456799405,97.88276083575751,0.0944,2.521,134,20.458,1.936,entro il 1980
020050,Rivarolo Mantovano,2553,-2.0713463751438432,97.37526536206632,0.0748,1.423,190,15.82,2.126,entro il 1980
020051,Rodigo,5272,-1.7700763927706353,97.73959499928289,0.1044,0.994,95,4.45,2.469,entro il 1990
020052,Roncoferraro,6982,-3.0547070258261595,98.01795729151591,0.0903,1.418,242,7.934,2.289,entro il 1990
020053,Roverbella,8610,1.1988716502115657,98.81833341617903,0.1325,0.705,358,9.989,2.402,entro il 1980
020054,Sabbioneta,4159,-3.6376274328081557,98.15888299316889,0.0772,3.329,509,22.959,1.876,entro il 1980
020055,San Benedetto Po,7040,-8.523908523908524,100.7245674120595,0.0976,1.157,693,18.674,1.897,entro il 1980
020056,San Giacomo delle Segnate,1552,-12.31638418079096,100.13473766997788,0.1116,4.331,89,11.543,2.013,entro il 1980
020057,San Giorgio di Mantova,9678,2.7279482008279374,96.4919413584116,0.1034,1.369,232,5.613,2.342,entro il 2000
020058,San Giovanni del Dosso,1245,-4.230769230769231,99.10739600217819,0.1107,1.818,105,16.614,1.97,entro il 1990
020059,San Martino dall'Argine,1742,-4.600219058050383,97.21967166012284,0.0802,0.448,65,8.005,2.145,entro il 1980
020060,Schivenoglia,1174,-5.092966855295069,97.553906174347,0.1026,0.455,100,16.584,1.947,entro il 1990
020061,Sermide e Felonica,7338,-5.328344729712295,99.08243168351777,0.1142,1.667,413,13.653,2.426,entro il 1980
020062,Serravalle a Po,1497,-4.891994917407878,100.43386527049111,0.0866,7.155,69,10.102,2.192,entro il 1990
020063,Solferino,2631,4.0743670886075956,97.4538621443126,0.1507,0.662,128,10.95,2.251,entro il 1980
020064,Sustinente,2023,-9.444941808415399,98.84343564171238,0.0868,0.982,234,20.968,1.813,entro il 1990
020065,Suzzara,21154,3.0093494351382937,99.36689631691229,0.0969,0.85,1015,11.192,2.333,entro il 1980
020066,Viadana,20044,4.406709032190853,99.33417046886737,0.0884,1.358,1879,19.926,2.126,entro il 1990
020068,Villimpenta,2167,-1.7679057116953765,98.58934557394863,0.0866,0.912,91,9.037,2.152,entro il 1980
020070,Volta Mantovana,7339,0.8658603628367234,98.89852944090933,0.1439,0.179,236,7.807,2.428,entro il 1990
015002,Abbiategrasso,32737,5.866183746725738,97.84975853256879,0.0432,0.027,1083,7.654,2.314,entro il 1980
015005,Albairate,4708,1.9488956258120398,96.8577327541096,0.0425,0.0,160,7.964,2.343,entro il 1990
015007,Arconate,6645,1.7922794117647058,95.43358147745884,0.0385,1.386,276,9.681,2.331,entro il 2000
015009,Arese,19347,1.1766551615939755,96.93338836715651,0.0438,0.722,638,7.559,2.292,entro il 1990
015010,Arluno,12000,4.157625206145299,97.31648619921529,0.04,0.382,212,4.22,2.389,entro il 1990
015011,Assago,9096,12.19933390896756,97.69438061651262,0.0491,0.246,87,2.623,2.742,entro il 2000
015250,Baranzate,12003,11.417432470064048,100.64296117923207,0.045,1.598,628,12.498,2.389,entro il 1980
015012,Bareggio,17304,1.4183565818778574,96.78248566478581,0.0423,0.608,260,3.549,2.362,entro il 1990
015014,Basiano,3711,2.6556016597510372,96.2776386085238,0.078,0.0,86,5.502,2.374,entro il 2000
015015,Basiglio,7926,5.119363395225464,100.72703687651037,0.0521,1.531,252,7.816,2.458,entro il 1990
015016,Bellinzago Lombardo,3859,1.4458464773922188,95.70290927419245,0.0723,0.8,239,13.3,2.147,entro il 1990
015019,Bernate Ticino,3054,-0.3913894324853229,96.1595258057006,0.0386,0.16,89,6.652,2.283,entro il 1980
015022,Besate,2045,0.639763779527559,97.7464094958067,0.0482,0.0,71,7.561,2.178,entro il 1990
015024,Binasco,7257,1.4681208053691275,96.85136098536292,0.0511,0.812,214,6.532,2.215,entro il 1980
015026,Boffalora sopra Ticino,4127,-1.3387520918001434,96.99626372799318,0.0389,2.174,177,9.516,2.219,entro il 1980
015027,Bollate,36486,2.6906839290740217,97.36201630440317,0.046,0.3,1383,8.572,2.262,entro il 1990
015032,Bresso,26259,2.0599323720315597,98.41317452451337,0.0494,0.497,883,7.243,2.154,entro il 1970
015035,Bubbiano,2400,7.768298158958239,96.20792973238115,0.0478,0.0,4,0.463,2.781,entro il 2000
015036,Buccinasco,27171,2.563037898233429,97.4069403862774,0.0473,0.065,309,2.894,2.545,entro il 2000
015038,Buscate,4750,-0.04208754208754208,98.37600066492328,0.0382,0.0,100,4.948,2.35,entro il 1980
015040,Bussero,8449,-1.204396632366698,96.03764620760914,0.0641,0.795,134,3.743,2.36,entro il 1990
015041,Busto Garolfo,13851,2.7674729188306872,96.08833968535012,0.0391,0.312,323,5.62,2.41,entro il 1990
015042,Calvignasco,1199,1.5241320914479255,96.76070791035033,0.0487,0.332,20,4.283,2.567,entro il 2000
015044,Cambiago,6954,6.607389238080638,95.75222867967229,0.0718857142857143,0.0,102,3.706,2.527,entro il 2000
015046,Canegrate,12574,1.0690458966321035,97.23897374133081,0.039,0.28,420,7.731,2.314,entro il 1980
015050,Carpiano,4177,4.949748743718593,94.7993753007089,0.0579,0.948,70,4.089,2.44,entro il 2005
015051,Carugate,15482,9.289848934067486,95.90557853361439,0.06388333333333333,1.198,202,3.467,2.657,entro il 1990
015055,Casarile,4083,5.558428128231644,97.71686540213858,0.0526,0.514,75,4.59,2.499,entro il 1990
015058,Casorezzo,5454,2.0392890551917677,95.72184814034163,0.0393,0.945,201,8.608,2.336,entro il 1990
015059,Cassano d'Adda,19057,2.832937621411612,97.21828196604335,0.0895,0.555,459,5.636,2.34,entro il 1990
015060,Cassina de' Pecchi,13849,4.805509308309369,96.41895913840384,0.0639,0.691,323,5.549,2.379,entro il 1990
015061,Cassinetta di Lugagnano,1905,0.052521008403361345,95.62132833361298,0.0406,0.392,108,12.329,2.175,entro il 2000
015062,Castano Primo,11228,2.2865992529835113,98.29671067847796,0.038,1.272,258,5.466,2.379,entro il 1990
015070,Cernusco sul Naviglio,34341,12.06069505628977,95.95305145302261,0.0604,0.065,597,4.457,2.564,entro il 1990
015071,Cerro al Lambro,5084,2.0678578598674964,95.99118291223702,0.0617,0.475,33,1.677,2.583,entro il 2000
015072,Cerro Maggiore,15211,3.097465094211739,97.72624114706545,0.0396,1.147,412,6.41,2.367,entro il 1990
015074,Cesano Boscone,23667,1.8592640413169788,98.96281495730862,0.0456,1.151,720,6.895,2.266,entro il 1990
015076,Cesate,14377,3.58815476619353,97.48058284367116,0.0429,0.6,357,6.018,2.424,entro il 1990
015077,Cinisello Balsamo,75723,6.832674943566591,98.86932361922408,0.051,0.934,2224,6.858,2.335,entro il 1980
015078,Cisliano,4868,14.541176470588235,96.14786279220556,0.0434,0.33,183,9.428,2.508,entro il 1990
015081,Cologno Monzese,47720,4.447557345473648,99.40010698283992,0.0554,0.875,1302,6.456,2.366,entro il 1990
015082,Colturano,2105,7.3979591836734695,97.66731878135431,0.0598,0.826,48,5.847,2.564,entro il 2000
015085,Corbetta,18302,4.62470702566741,96.2639419355439,0.0413,0.474,623,7.979,2.344,entro il 1990
015086,Cormano,20019,0.2604297090198828,97.8703589211944,0.04858333333333333,0.521,591,6.487,2.197,entro il 1980
015087,Cornaredo,20534,2.184623040557353,97.36271544001102,0.0427,0.325,560,6.314,2.315,entro il 1990
015093,Corsico,34727,3.2312722948870394,98.96833721828165,0.0462,0.136,783,4.943,2.192,entro il 1970
015096,Cuggiono,8290,1.8427518427518428,97.85936169647177,0.0382,0.452,208,5.901,2.352,entro il 1990
015097,Cusago,4000,10.926234054353854,95.96902242856494,0.0437,0.955,78,5.065,2.597,entro il 2000
015098,Cusano Milanino,18797,-0.5081247022706822,97.58421285446514,0.0475,0.936,313,3.621,2.175,entro il 1970
015099,Dairago,6420,9.12799592044875,95.64944315646218,0.0384,1.119,201,8.056,2.573,entro il 1990
015101,Dresano,3047,0.5278785879247773,95.36878769315766,0.061840000000000006,0.212,99,7.421,2.284,entro il 1980
015103,Gaggiano,9146,2.7178796046720572,96.58021013721259,0.0457,0.131,279,6.884,2.257,entro il 1990
015105,Garbagnate Milanese,27155,3.015933232169955,97.60861914514423,0.0432,3.389,783,6.908,2.396,entro il 1990
015106,Gessate,8821,1.4607775477340694,95.93282979069548,0.0731,0.148,198,5.212,2.322,entro il 2000
015108,Gorgonzola,20529,6.054657229942657,96.75141782718256,0.0683,1.415,340,4.007,2.419,entro il 1990
015110,Grezzago,3019,6.265399507215768,96.80001403769518,0.087,0.0,63,5.422,2.598,entro il 2000
015112,Gudo Visconti,1641,-4.481955762514551,97.03751799379896,0.0448,0.0,46,6.619,2.361,entro il 2000
015113,Inveruno,8605,0.03487561032318066,96.35516233536185,0.0386,0.579,186,4.955,2.292,entro il 1990
015114,Inzago,10949,3.693531584430344,95.6844720117374,0.0831,1.774,193,4.158,2.359,entro il 1990
015115,Lacchiarella,8959,6.667460411953805,97.02603959168982,0.0578,0.0,221,5.873,2.381,entro il 2000
015116,Lainate,25763,3.117995517130964,96.29111008860207,0.0412,0.052,1181,10.492,2.289,entro il 2000
015118,Legnano,60177,4.280243298040099,97.5382030061791,0.0388,0.032,2384,8.943,2.257,entro il 1990
015122,Liscate,4090,0.7637349100763735,96.8917800333247,0.0666,0.0,184,10.127,2.251,entro il 1990
015125,Locate di Triulzi,10216,5.832383714907283,96.71805212120125,0.0557,0.0,201,4.693,2.385,entro il 1980
015130,Magenta,23906,4.447745543516253,97.3102540815719,0.0397,0.121,1057,9.902,2.239,entro il 1990
015131,Magnago,9167,0.8692781690140846,96.66299090615614,0.0379,1.325,141,3.744,2.434,entro il 1990
015134,Marcallo con Casone,6250,3.545394300861498,97.19658745614944,0.0394,0.929,146,5.728,2.452,entro il 1990
015136,Masate,3514,5.939101597829364,94.9871350438501,0.078,0.0,129,8.571,2.335,entro il 1990
015139,Mediglia,12151,0.7378544188360139,97.47563370875392,0.0618,1.836,222,4.548,2.489,entro il 1990
015140,Melegnano,18127,8.31142447418738,97.18999951382577,0.0591,0.629,460,5.822,2.294,entro il 1980
015142,Melzo,18493,1.9291186683569421,96.864406000629,0.0715,0.87,226,2.793,2.285,entro il 1980
015144,Mesero,4163,5.36573019488737,96.09008665385689,0.0388,0.462,195,10.803,2.306,entro il 1990
015146,Milano,1366180,10.160437293829167,98.92848514524383,0.0534,0.631,38546,5.994,2.125,entro il 1970
015150,Morimondo,1121,-5.40084388185654,98.29304349317465,0.0468,0.0,64,12.5,2.189,entro il 1980
015151,Motta Visconti,7980,5.055292259083728,97.95279187798417,0.0493,1.783,99,3.023,2.437,entro il 1990
015154,Nerviano,17176,0.6504541459126868,96.8083513365461,0.0407,0.168,139,1.961,2.423,entro il 1980
015155,Nosate,667,-3.0523255813953485,96.19638049453883,0.0376,0.41,43,12.464,1.933,entro il 1990
015157,Novate Milanese,20003,0.2405412177399148,97.02537360444826,0.0463,0.064,706,7.613,2.157,entro il 1980
015158,Noviglio,4558,7.348092322185587,96.57783891884894,0.0487,1.582,87,5.091,2.667,entro il 2000
015159,Opera,13858,5.080376099484379,97.43490832197264,0.0534,0.162,266,4.468,2.328,entro il 1980
015164,Ossona,4275,3.3857315598548974,96.36270431754474,0.0392,0.571,60,3.511,2.501,entro il 1990
015165,Ozzero,1469,-0.4067796610169492,95.58274536230387,0.0432,0.521,16,2.602,2.389,entro il 2000
015166,Paderno Dugnano,46701,0.4560218546322786,97.48599588268571,0.0489,0.605,1634,7.881,2.252,entro il 1990
015167,Pantigliate,6058,3.3788395904436856,97.08292695401565,0.0595,0.0,146,5.705,2.367,entro il 1980
015168,Parabiago,27842,4.846544906797214,96.67135635994862,0.0398,0.98,824,6.979,2.358,entro il 1990
015169,Paullo,11429,3.6926147704590817,97.70711633293818,0.0645,1.502,296,6.145,2.373,entro il 1980
015170,Pero,11342,10.513495079411477,97.23989063782999,0.0442,0.432,361,7.537,2.368,entro il 1980
015171,Peschiera Borromeo,23387,5.1384643049811185,97.01788539796478,0.0576,0.342,495,5.126,2.422,entro il 1990
015172,Pessano con Bornago,9053,-0.2863751514483974,96.24105481085925,0.0685,0.385,90,2.45,2.464,entro il 1990
015173,Pieve Emanuele,15949,7.198548191961285,98.79722803504492,0.0558,0.0,210,3.562,2.706,entro il 2000
015175,Pioltello,36920,5.2931781884553954,100.09822700053964,0.0577,0.371,571,3.973,2.569,entro il 1990
015176,Pogliano Milanese,8406,3.305886690426447,96.29744104211697,0.04125,0.0,176,5.184,2.476,entro il 1980
015177,Pozzo d'Adda,6063,6.8181818181818175,96.49118644298781,0.0837,0.0,57,2.321,2.469,entro il 2000
015178,Pozzuolo Martesana,8439,5.2113202842538335,96.0914663730367,0.0769,1.738,209,5.904,2.384,entro il 1990
015179,Pregnana Milanese,7352,6.767354051699099,96.59638530103996,0.0414,0.383,159,5.241,2.423,entro il 1990
015181,Rescaldina,14185,1.9989933127202129,96.4058422070889,0.0394,2.024,154,2.654,2.444,entro il 1980
015182,Rho,50904,1.9405226794833283,97.58845237912426,0.0432,0.763,2189,9.192,2.138,entro il 1990
015183,Robecchetto con Induno,4863,-0.041109969167523124,97.92736093222594,0.0379,0.285,241,11.121,2.244,entro il 1990
015184,Robecco sul Naviglio,6723,-1.7823228634039445,95.96870331064486,0.0401,0.274,521,15.802,2.039,entro il 2000
015185,Rodano,4631,2.026878166997136,97.26407105500935,0.0599,0.759,164,8.436,2.382,entro il 1990
015188,Rosate,5785,7.328385899814471,97.64964218727351,0.0477,0.136,169,7.113,2.435,entro il 1990
015189,Rozzano,42442,6.418935860789328,99.01898890010975,0.0509,0.066,814,4.594,2.396,entro il 1990
015191,San Colombano al Lambro,7394,1.0661563696008747,97.9667883793423,0.0829,0.375,460,12.936,2.079,entro il 1980
015192,San Donato Milanese,32664,5.384739474108727,98.82789680848167,0.0546,0.0,1003,7.114,2.317,entro il 1990
015194,San Giorgio su Legnano,6716,-0.7683215130023641,97.20430610031762,0.038875,0.815,213,7.102,2.239,entro il 1990
015195,San Giuliano Milanese,38314,6.917817775917399,98.36716950102551,0.0579,1.744,722,4.603,2.443,entro il 1980
015201,San Vittore Olona,8358,1.5552855407047388,97.46315788273006,0.0392,0.677,300,8.075,2.25,entro il 1980
015202,San Zenone al Lambro,4475,6.776425674063469,96.45580538829623,0.0628,0.0,50,2.897,2.593,entro il 2000
015200,Santo Stefano Ticino,4982,3.8998957247132426,96.25049400028654,0.0398,0.36,293,13.051,2.219,entro il 1990
015204,Sedriano,12246,8.506113769271664,97.14335054820914,0.0415,1.533,390,7.896,2.479,entro il 1990
015205,Segrate,35492,6.079263554306892,98.43483183435467,0.0556,1.251,777,5.276,2.41,entro il 1990
015206,Senago,21500,2.801950846323037,97.38535470839932,0.0444,1.103,383,4.294,2.411,entro il 1990
015209,Sesto San Giovanni,81773,6.987910822692066,98.57538639794862,0.0533,1.061,3507,9.185,2.142,entro il 1980
015210,Settala,7343,-0.3393051031487514,97.7689369007618,0.0659,0.41,127,4.229,2.445,entro il 2000
015211,Settimo Milanese,20060,4.631754642186522,96.73903696821424,0.044,1.303,332,3.978,2.404,entro il 1990
015213,Solaro,14163,2.119835604585767,98.47071374214813,0.0426,0.352,274,4.708,2.434,entro il 1980
015219,Trezzano Rosa,5183,6.998348472336911,95.97361973028696,0.0839,2.058,82,4.08,2.579,entro il 2000
015220,Trezzano sul Naviglio,20956,4.477016651710041,97.69497681250128,0.0459,0.187,219,2.571,2.46,entro il 1980
015221,Trezzo sull'Adda,12090,1.9994937990382184,97.43657094373604,0.09,0.577,290,5.409,2.255,entro il 1980
015222,Tribiano,3487,4.777644230769231,97.14476678648926,0.0616,0.0,191,12.259,2.238,entro il 2000
015224,Truccazzano,5913,-0.6886126973463218,96.5752282762547,0.0807,3.06,240,8.686,2.14,entro il 2000
015226,Turbigo,7246,-1.988367374543487,98.70261237742008,0.0377,1.209,338,9.971,2.137,entro il 1990
015249,Vanzaghello,5389,0.710147635955896,97.106775379098,0.0379,0.837,253,10.817,2.304,entro il 1990
015229,Vanzago,9224,3.652095741094505,95.99805193368582,0.041,0.243,128,3.376,2.433,entro il 1990
015230,Vaprio d'Adda,9114,12.048192771084338,98.75102231478046,0.0904,0.316,220,6.061,2.511,entro il 1990
015235,Vermezzo,3943,2.7090388121906743,97.28485053481909,0.044500000000000005,0.152,19,1.279,2.655,entro il 2000
015236,Vernate,3342,4.4375,96.64249857508133,0.0502,0.15,137,9.232,2.252,entro il 1990
015237,Vignate,9269,2.295552367288379,96.4336989966905,0.0635,0.0,103,2.779,2.501,entro il 1990
015248,Villa Cortese,6171,0.439453125,95.31159178763178,0.0386,1.424,92,3.648,2.447,entro il 1990
015242,Vimodrone,17016,3.4092980856882407,97.0569323591304,0.0555,0.313,239,3.238,2.305,entro il 1990
015243,Vittuone,9152,2.2569832402234637,97.15078353645413,0.0404,0.824,199,5.219,2.4,entro il 1980
015244,Vizzolo Predabissi,3981,-1.6794270190170415,98.0440601530894,0.0611,0.0,28,1.769,2.515,entro il 1990
015246,Zelo Surrigone,1849,23.51369405477622,96.08089976634629,0.044,0.0,57,8.756,2.84,entro il 2000
015247,Zibido San Giacomo,6872,4.964105697265923,97.05183034217849,0.051,1.541,112,4.176,2.562,entro il 1990
108001,Agrate Brianza,15540,4.808794766304715,96.72379659008351,0.0684,0.546,306,4.866,2.471,entro il 1990
108002,Aicurzio,2122,2.909796314258002,96.82593217795831,0.0711,0.0,153,14.516,2.013,entro il 1990
108003,Albiate,6352,2.4020635176527487,96.46974590517657,0.0513,0.673,346,12.261,2.251,entro il 1990
108004,Arcore,17916,3.4231945967788486,96.6884137006445,0.0589,0.227,252,3.303,2.348,entro il 1990
108005,Barlassina,7015,2.7236784302240444,98.24391058858102,0.0444,0.111,142,4.865,2.403,entro il 1980
108006,Bellusco,7403,2.2937681359679427,96.41082156719341,0.072,1.167,225,6.919,2.276,entro il 2000
108007,Bernareggio,11074,5.026555386949924,96.46414411306722,0.0665,0.0,272,5.73,2.333,entro il 2000
108008,Besana in Brianza,15573,0.43209080355991225,96.99705249607034,0.0529,0.453,948,13.356,2.194,entro il 1990
108009,Biassono,12164,4.019155122284932,96.01985880494242,0.054,2.111,567,10.682,2.292,entro il 1990
108010,Bovisio-Masciago,16929,1.7918345258853947,96.4553258915581,0.0466,0.923,389,5.395,2.348,entro il 1990
108011,Briosco,5988,0.45294413688978363,95.79150030739268,0.0494,0.106,314,11.778,2.246,entro il 1990
108012,Brugherio,34868,4.922965816080886,96.95426140172584,0.0577,0.532,1065,7.299,2.39,entro il 2000
108013,Burago di Molgora,4230,-0.2358490566037736,96.67799765886045,0.070525,1.064,182,9.276,2.156,entro il 1990
108051,Busnago,6747,5.109830191618632,96.4278703847541,0.0805,0.0,126,4.679,2.505,entro il 2000
108014,Camparada,2055,-1.721664275466284,95.9089228421749,0.058750000000000004,0.728,44,5.295,2.473,entro il 2000
108052,Caponago,5213,-0.09582215408202377,95.96215874807848,0.0642,0.416,156,6.797,2.271,entro il 1990
108015,Carate Brianza,17952,1.7687074829931975,96.85372722341596,0.0507,0.239,321,4.294,2.402,entro il 1990
108016,Carnate,7327,2.061568463574314,97.06659604990077,0.06526000000000001,0.276,316,9.735,2.257,entro il 1990
108017,Cavenago di Brianza,7350,6.460023174971032,96.56305719008274,0.073,1.709,168,5.746,2.514,entro il 2000
108018,Ceriano Laghetto,6526,3.259493670886076,96.24542433394716,0.0423,0.0,85,3.175,2.438,entro il 1990
108019,Cesano Maderno,38637,4.602431166580935,97.59792756747022,0.0462,1.939,2800,15.636,2.158,entro il 1980
108020,Cogliate,8510,0.7458269208002841,96.10039277256138,0.0432,0.775,0,0.0,2.576,entro il 1980
108021,Concorezzo,15644,2.738556511459907,96.72286905212516,0.0601,0.712,329,5.028,2.391,entro il 1980
108053,Cornate d'Adda,10715,2.9002208777489673,96.96468497514041,0.0826,1.144,249,5.584,2.403,entro il 1990
108022,Correzzana,3025,14.021862042970223,95.72429068729117,0.05505,0.243,23,2.068,2.72,entro il 2000
108023,Desio,42079,4.305686381438699,97.05378834490527,0.0501,0.228,1936,10.434,2.268,entro il 1990
108024,Giussano,25945,6.0668002125832965,96.6595175728641,0.0482,1.593,1546,13.739,2.306,entro il 1990
108025,Lazzate,7799,2.7671629990776125,96.3190702553975,0.0418,0.062,208,6.506,2.439,entro il 1990
108054,Lentate sul Seveso,15878,2.537939941879238,97.13780725076889,0.0441,0.274,468,6.946,2.356,entro il 1980
108026,Lesmo,8550,5.347461803844259,96.52240321611949,0.0563,0.199,109,3.165,2.483,entro il 1990
108027,Limbiate,35141,3.734207108277247,99.32422363498934,0.0454,0.301,1383,9.409,2.391,entro il 1980
108028,Lissone,45535,7.9054006019099985,96.43444019025759,0.0522,0.268,1727,8.807,2.322,entro il 1990
108029,Macherio,7411,3.8246007284953767,95.54624757424743,0.053559999999999997,0.435,135,4.372,2.4,entro il 1990
108030,Meda,23463,1.7123287671232876,97.43596781631136,0.0459,0.427,948,9.278,2.296,entro il 1980
108031,Mezzago,4493,9.238998298079261,97.83153936492982,0.0769,0.777,71,3.931,2.488,entro il 1990
108032,Misinto,5576,7.024952015355086,95.3608890050613,0.042219999999999994,0.655,107,4.998,2.604,entro il 2000
108033,Monza,123598,3.06016943499433,97.96449475196259,0.0574,0.237,6614,11.38,2.127,entro il 1980
108034,Muggiò,23581,1.3364847443059733,97.74851813430647,0.0508,0.17,827,8.142,2.322,entro il 1990
108035,Nova Milanese,23334,4.820088944791339,98.4345948999997,0.0486,0.326,1084,10.947,2.356,entro il 1980
108036,Ornago,5075,7.749469214437367,95.85369069467106,0.0727,0.472,253,11.136,2.234,entro il 2000
108037,Renate,4087,-2.2014836085187843,96.90326112057727,0.0514,1.049,161,8.9,2.259,entro il 1980
108055,Roncello,4701,19.2844455721898,94.6367202433901,0.0776,0.248,138,7.77,2.647,entro il 2000
108038,Ronco Briantino,3502,3.3648170011806373,96.37119464702847,0.0654,0.783,180,11.605,2.258,entro il 1990
108039,Seregno,45131,4.924092716155581,97.15814461232235,0.0493,0.61,3328,15.689,2.128,entro il 2000
108040,Seveso,23456,3.144100963018337,96.34614588317106,0.045799999999999993,0.333,1075,10.465,2.283,entro il 1990
108041,Sovico,8381,3.6354643254606156,96.1918115632386,0.0518,0.848,220,6.241,2.378,entro il 1990
108042,Sulbiate,4283,5.181728880157171,95.74498529236057,0.0730857142857143,1.085,472,21.781,1.976,entro il 1990
108043,Triuggio,8763,2.03772706101537,96.71949833982784,0.0535,1.005,149,4.168,2.451,entro il 1990
108044,Usmate Velate,10293,2.786099460754943,96.42095098402119,0.0623,0.0,403,8.928,2.28,entro il 2000
108045,Varedo,13446,5.178347934918649,96.98363091252794,0.0469,0.627,289,5.207,2.423,entro il 1980
108046,Vedano al Lambro,7606,2.52055533090713,97.60192846473001,0.05453333333333333,0.309,173,5.212,2.292,entro il 1990
108047,Veduggio con Colzano,4345,-2.249718785151856,97.2651540669598,0.0506,4.819,339,16.267,2.085,entro il 1990
108048,Verano Brianza,9229,-0.48522751779167567,96.70032531600265,0.0488,0.08,124,3.288,2.447,entro il 1990
108049,Villasanta,13972,2.9169121979964645,96.53412585689608,0.0572,1.199,433,7.149,2.307,entro il 1990
108050,Vimercate,26170,3.299913160179995,97.66801167016735,0.068,0.0,1761,14.045,2.087,entro il 1980
018001,Alagna,831,-6.101694915254238,98.03565147475423,0.0534,0.317,66,14.699,1.851,entro il 1990
018002,Albaredo Arnaboldi,254,13.392857142857142,93.88897657376967,0.0877,3.478,40,28.986,1.841,entro il 1990
018003,Albonese,553,-1.4260249554367201,95.67023214503472,0.0398,0.478,40,14.981,2.071,entro il 1970
018004,Albuzzano,3566,6.5431729907379745,97.60185191968637,0.0791,0.573,39,2.727,2.494,entro il 2000
018005,Arena Po,1588,-1.8541409147095178,100.43411608012869,0.0928,4.039,249,26.977,1.72,entro il 1960
018006,Badia Pavese,374,-5.555555555555555,98.00444697013576,0.0887,0.469,81,32.143,1.484,entro il 1960
018007,Bagnaria,666,-0.8928571428571428,98.18447369448813,0.0968,0.469,203,38.374,1.259,entro il 1980
018008,Barbianello,851,-4.809843400447427,98.91546369334372,0.0884,1.577,109,23.491,1.834,entro il 1980
018009,Bascapè,1763,3.2806092560046864,98.47049706237208,0.0637,0.517,112,13.365,2.104,entro il 1990
018011,Bastida Pancarana,1005,-2.4271844660194173,98.06099286411873,0.0781,0.0,74,14.83,2.014,entro il 1970
018012,Battuda,679,16.068376068376068,97.03650393975929,0.0545,6.211,29,10.32,2.416,dopo il 2005
018013,Belgioioso,6201,-1.1792828685258965,98.61446327217182,0.086,5.705,347,11.839,2.116,entro il 1990
018014,Bereguardo,2698,-2.1754894851341553,96.78282061125364,0.0536,0.701,108,8.32,2.079,entro il 1980
018015,Borgarello,2692,1.1269722013523666,95.76327779763218,0.0615,1.762,13,1.258,2.606,entro il 2005
018016,Borgo Priolo,1475,6.4981949458483745,97.07516152689892,0.0951,4.184,267,29.866,1.65,entro il 1980
018018,Borgo San Siro,1002,-3.5611164581328203,97.7924831278527,0.0501,0.0,50,10.288,2.062,entro il 2000
018017,Borgoratto Mormorolo,427,1.4251781472684086,95.47005095065033,0.096,2.5,201,48.786,1.036,entro il 1970
018019,Bornasco,2710,4.15065334358186,94.50468970166553,0.064,0.277,94,8.491,2.448,entro il 2005
018020,Bosnasco,623,-1.889763779527559,96.78370223393017,0.0939,0.0,98,26.849,1.707,entro il 1990
018021,Brallo di Pregola,580,-15.328467153284672,100.34150764873132,0.1023,0.179,1297,76.384,0.342,entro il 1980
018022,Breme,756,-11.578947368421053,98.85208842709933,0.045,1.002,22,5.251,1.804,entro il 1960
018023,Bressana Bottarone,3479,-1.0804663065112312,97.43489634970405,0.0831,1.113,200,11.696,2.035,entro il 1980
018024,Broni,9411,3.691053327457029,99.02698641505087,0.0922,1.361,740,15.139,1.925,entro il 1980
018025,Calvignano,114,-10.9375,95.21226955438482,0.0924,4.412,34,38.202,1.281,entro il 1970
018026,Campospinoso,1090,9.327983951855568,95.1616107856663,0.08943333333333332,4.401,93,20.043,2.349,entro il 2000
018027,Candia Lomellina,1572,-3.9706780696395847,98.4537403774167,0.0412,0.96,187,20.801,1.749,entro il 1970
018028,Canevino,108,-0.9174311926605505,97.06618013487659,0.0967,2.174,77,57.463,0.806,entro il 1980
018029,Canneto Pavese,1391,-3.1337047353760443,97.20429531293273,0.094,0.247,308,33.369,1.507,entro il 1980
018030,Carbonara al Ticino,1476,-3.086014445173999,97.0887135742663,0.0663,0.527,48,6.828,2.1,entro il 2000
018031,Casanova Lonati,455,-6.762295081967213,96.31732931160342,0.0862,3.191,42,17.647,1.912,entro il 1980
018032,Casatisma,888,-0.11248593925759282,94.83235932777411,0.0857,1.2,78,17.031,1.939,entro il 1990
018033,Casei Gerola,2466,-1.3599999999999999,99.13773349056612,0.0777,0.459,179,14.942,2.058,entro il 1980
018034,Casorate Primo,8680,2.6004728132387704,97.76836512003513,0.0491,5.707,206,5.625,2.37,entro il 1990
018035,Cassolnovo,6976,0.5622026812743262,96.3678425368042,0.041,2.12,280,8.764,2.183,entro il 1990
018036,Castana,716,-2.9810298102981028,95.96497517232744,0.0934,0.211,204,37.363,1.311,entro il 1970
018037,Casteggio,6712,-1.6556776556776558,98.07151099138542,0.0913,2.523,579,16.03,1.858,entro il 1980
018038,Castelletto di Branduzzo,1082,4.844961240310078,98.87838373166363,0.0836,0.758,84,16.311,2.101,entro il 1980
018039,Castello d'Agogna,1183,9.132841328413283,96.26172463882791,0.0419,0.309,36,7.627,2.506,entro il 2000
018040,Castelnovetto,568,-9.554140127388536,95.92827196087097,0.0397,4.198,42,13.043,1.764,entro il 1945
018041,Cava Manara,6766,2.515151515151515,98.19311039380338,0.0747,0.597,116,4.059,2.367,entro il 1990
018042,Cecima,237,2.5974025974025974,101.19140072615214,0.0957,2.542,605,83.104,0.326,entro il 1945
018043,Ceranova,2227,17.95550847457627,97.19582469573042,0.0655,0.0,138,15.771,2.545,entro il 2000
018044,Ceretto Lomellina,195,-3.9408866995073892,102.20397458024189,0.0403,0.0,36,26.866,1.455,entro il 1945
018045,Cergnago,719,-3.0997304582210243,96.68624927667231,0.0457,8.355,83,19.856,1.72,entro il 1970
018046,Certosa di Pavia,5435,7.77315090224073,96.29777580219589,0.0591,0.74,85,3.766,2.408,entro il 2000
018047,Cervesina,1242,1.8032786885245904,98.53635768164332,0.0769,0.0,39,6.927,2.206,entro il 1980
018048,Chignolo Po,3982,-0.7477567298105683,99.35212892126926,0.0857,0.701,399,19.578,1.954,entro il 1990
018049,Cigognola,1317,-2.516654330125833,98.30440577980798,0.0927,1.111,10,1.645,2.166,entro il 1980
018050,Cilavegna,5548,-1.7531432619089782,97.67268579221998,0.0417,0.067,495,17.717,1.986,entro il 1990
018051,Codevilla,994,-0.6993006993006993,97.50522248900792,0.0917,0.428,168,27.451,1.624,entro il 1970
018052,Confienza,1616,-3.407053197848177,98.63306641615154,0.0376,5.254,101,12.053,1.928,entro il 1960
018053,Copiano,1680,-6.406685236768802,97.07041646232979,0.0777,0.226,60,7.335,2.054,entro il 2000
018054,Corana,804,-0.12422360248447205,96.57298018165831,0.0716,0.0,91,21.262,1.879,entro il 1945
018191,Cornale e Bastida,869,-2.905027932960894,98.63323259594844,0.0696,0.515,89,17.98,1.756,entro il 1970
018192,Corteolona e Genzone,2595,3.180914512922465,98.1040513550926,0.0841,0.851,224,17.459,2.023,entro il 1980
018057,Corvino San Quirico,1027,-1.1549566891241578,97.14751137282656,0.091,1.528,216,31.441,1.495,entro il 1970
018058,Costa de' Nobili,382,8.522727272727272,94.90679810424946,0.0869,3.804,51,24.519,1.837,entro il 1990
018059,Cozzo,368,-0.27100271002710025,98.14653239920789,0.0411,6.303,99,33.788,1.256,entro il 1945
018060,Cura Carpignano,4909,11.542831174733015,96.30009609667857,0.073,0.647,264,13.401,2.492,entro il 2005
018061,Dorno,4671,2.098360655737705,97.42499887176004,0.0627,0.565,258,11.911,2.157,entro il 1980
018062,Ferrera Erbognone,1126,-0.4420866489832007,99.04702970299971,0.0591,7.932,38,6.897,2.044,entro il 1960
018063,Filighera,825,-2.019002375296912,96.1790573231347,0.0806,0.0,61,14.558,1.969,entro il 1980
018064,Fortunago,368,-3.664921465968586,99.54922220599002,0.0965,0.251,257,53.653,0.768,entro il 1980
018065,Frascarolo,1198,-1.6420361247947455,97.53712979003919,0.053,0.211,181,25.35,1.678,entro il 1970
018066,Galliavola,194,-10.599078341013826,98.71380542367723,0.0541,0.0,62,44.928,1.406,entro il 1970
018067,Gambarana,215,-10.78838174273859,99.29592878120833,0.0579,1.389,82,39.806,1.044,entro il 1960
018068,Gambolò,9916,1.2456606085358382,98.19482977434124,0.0484,1.881,232,5.622,2.403,entro il 1990
018069,Garlasco,9805,0.040812162024283234,98.09494758266902,0.0545,1.725,1019,19.86,1.911,entro il 1980
018071,Gerenzago,1436,3.3837293016558676,96.84384525550693,0.078,0.299,25,4.44,2.551,entro il 2000
018072,Giussago,5186,2.287968441814596,96.33451714606305,0.0605,1.151,257,10.722,2.164,entro il 1980
018073,Godiasco Salice Terme,3258,3.8903061224489797,96.86880321259129,0.0952,0.075,848,36.301,1.395,entro il 2000
018074,Golferenzo,195,-5.339805825242718,99.91789044777495,0.096625,1.77,176,61.754,0.684,entro il 1980
018075,Gravellona Lomellina,2713,0.7052709725315516,96.9790920624864,0.041,1.116,77,6.25,2.202,entro il 1980
018076,Gropello Cairoli,4500,-2.4918743228602382,97.10413674236055,0.0622,0.34,149,7.395,2.233,entro il 1990
018077,Inverno e Monteleone,1493,7.487401007919367,97.64028356013529,0.0781,0.204,139,18.86,2.026,entro il 2000
018078,Landriano,6377,7.938388625592417,98.1417629841697,0.0613,1.447,83,3.288,2.527,entro il 2000
018079,Langosco,372,-13.88888888888889,97.91328622025311,0.0392,3.543,91,30.537,1.248,entro il 1945
018080,Lardirago,1154,-4.152823920265781,97.39758362138188,0.0686,1.309,10,1.887,2.177,entro il 1980
018081,Linarolo,2837,2.5668835864063633,96.50463356111146,0.0809,2.005,28,2.412,2.444,entro il 2000
018082,Lirio,129,-1.5267175572519083,94.24350818150081,0.09547499999999999,2.055,87,55.414,0.822,entro il 1970
018083,Lomello,2177,-4.768153980752405,98.5208084491149,0.0524,0.56,70,6.856,2.132,entro il 1980
018084,Lungavilla,2433,1.0382059800664452,96.46502400620018,0.0861,0.0,60,5.545,2.249,entro il 1980
018085,Magherno,1720,1.5948021264028351,97.77722753149773,0.0747,0.0,93,11.314,2.092,entro il 1970
018086,Marcignago,2472,0.8567931456548347,97.50846600033962,0.0563,0.96,95,8.597,2.237,entro il 2000
018087,Marzano,1675,7.440667094291212,97.78842980414022,0.0679,0.633,115,15.604,2.273,entro il 2000
018088,Mede,6576,-4.543475105240239,98.77090825870854,0.0543,0.809,43,1.44,2.202,entro il 1980
018089,Menconico,357,-3.7735849056603774,97.85133854411917,0.0995,10.82,381,62.562,0.586,entro il 1980
018090,Mezzana Bigli,1072,-2.633969118982743,97.0868003596187,0.0666,0.595,82,14.336,1.874,entro il 1970
018091,Mezzana Rabattone,474,-5.952380952380952,95.155353903369,0.0736,0.0,29,11.694,1.911,entro il 1970
018092,Mezzanino,1369,-7.374830852503384,96.56576368820608,0.0853,0.349,166,20.17,1.663,entro il 1980
018093,Miradolo Terme,3714,-2.1859362654727414,97.87597443670982,0.0835,3.351,118,7.117,2.24,entro il 2000
018094,Montalto Pavese,896,-2.714440825190011,96.82385462275062,0.0953,0.182,190,29.457,1.389,entro il 1980
018095,Montebello della Battaglia,1596,-5.225653206650831,97.62482085637886,0.09,0.347,178,20.181,1.81,entro il 1980
018096,Montecalvo Versiggia,533,-5.49645390070922,96.69079155365074,0.0958,0.643,187,41.648,1.187,entro il 1980
018097,Montescano,427,11.488250652741515,97.75299002508986,0.0942,7.353,96,34.409,1.53,entro il 1970
018098,Montesegale,285,-6.25,96.16260375331304,0.0957,0.346,148,49.498,0.953,entro il 1960
018099,Monticelli Pavese,737,3.221288515406162,100.67718029472866,0.0898,3.03,170,36.093,1.565,entro il 1980
018100,Montù Beccaria,1641,-4.147196261682243,97.62839685146561,0.0952,5.98,503,38.842,1.267,entro il 1970
018101,Mornico Losana,621,-12.903225806451612,98.20519766732318,0.093,2.752,188,36.293,1.199,entro il 1970
018102,Mortara,15362,1.0524930930140772,99.32441332776628,0.0455,0.948,403,5.961,2.272,entro il 1990
018103,Nicorvo,300,-17.12707182320442,101.26967264669653,0.0397,2.516,37,18.687,1.515,entro il 1960
018104,Olevano di Lomellina,720,-7.6923076923076925,98.88636722891256,0.0446,0.84,12,3.529,2.118,entro il 1970
018105,Oliva Gessi,169,-2.8735632183908044,97.57165474565112,0.0933,1.942,72,48.649,1.142,entro il 1980
018106,Ottobiano,1114,-5.272108843537415,95.7409622432522,0.0522,0.386,128,20.579,1.791,entro il 1980
018107,Palestro,1924,1.6913319238900635,99.64267358658398,0.0377,1.581,142,14.916,2.021,entro il 1960
018108,Pancarana,318,2.912621359223301,92.58677154629113,0.0764,0.617,39,21.196,1.728,entro il 1970
018109,Parona,1903,-3.056546102903719,99.96749285658838,0.0426,0.755,42,5.128,2.324,entro il 1980
018110,Pavia,72773,6.467989232209738,97.7765749252213,0.0748,0.77,3912,10.575,1.967,entro il 1970
018111,Pietra de' Giorgi,854,-6.256860592755214,98.63094023368383,0.0944,5.053,172,30.496,1.514,entro il 1980
018112,Pieve Albignola,848,-7.3224043715847,97.58416717800496,0.0662,3.814,187,32.465,1.472,entro il 1970
018113,Pieve del Cairo,1962,-6.704707560627675,99.57408409431889,0.0623,0.447,180,16.901,1.842,entro il 1970
018114,Pieve Porto Morone,2670,-4.060366510959397,99.48785778010048,0.091,0.176,500,30.12,1.608,entro il 1990
018115,Pinarolo Po,1675,-1.06320141760189,98.0393913171461,0.0851,0.377,74,9.227,2.089,entro il 1980
018116,Pizzale,722,-0.6877579092159559,97.42252076737152,0.0841,0.0,85,21.092,1.792,entro il 1980
018117,Ponte Nizza,785,-3.2059186189889024,98.82290148295937,0.0965,0.63,412,52.152,0.994,entro il 1970
018118,Portalbera,1494,-3.7990985189954927,97.27329018442413,0.0904,2.444,148,19.246,1.943,entro il 1990
018119,Rea,413,-4.176334106728538,96.79616254892838,0.0795,2.646,61,23.462,1.588,entro il 1970
018120,Redavalle,1072,2.2900763358778624,97.03893384735875,0.0918,0.509,101,17.596,1.868,entro il 1980
018121,Retorbido,1546,2.860944777112442,97.6331033161459,0.0929,0.201,155,20.052,2.0,entro il 1980
018122,Rivanazzano Terme,5326,2.2264875239923225,98.90861805238931,0.093,0.483,896,27.663,1.644,entro il 1980
018123,Robbio,5828,-5.312753858651503,98.37593265918349,0.0388,2.587,320,10.667,1.943,entro il 1970
018124,Robecco Pavese,539,-4.262877442273535,97.09285489588771,0.0874,1.282,105,30.882,1.585,entro il 1970
018125,Rocca de' Giorgi,89,12.658227848101266,98.62593117475224,0.0963,1.37,49,59.036,1.072,entro il 1960
018126,Rocca Susella,214,-6.956521739130435,98.28913702511366,0.0945,0.0,142,53.788,0.811,entro il 1980
018127,Rognano,650,6.035889070146819,95.67230945176075,0.0542,1.282,12,4.478,2.425,entro il 2005
018128,Romagnese,669,-10.32171581769437,98.23144455677262,0.0995,0.278,807,65.663,0.544,entro il 1980
018129,Roncaro,1563,11.802575107296137,97.63060331210185,0.0698,0.0,110,16.923,2.405,entro il 2005
018130,Rosasco,571,-9.365079365079366,96.97780675335383,0.0388,7.558,142,31.626,1.272,entro il 1960
018131,Rovescala,896,-2.714440825190011,95.92496030804088,0.0955,0.178,216,33.54,1.391,entro il 1960
018132,Ruino,708,-4.5822102425876015,99.05242689457016,0.0971,0.338,489,56.794,0.822,entro il 1970
018133,San Cipriano Po,488,-6.513409961685824,98.86043307187164,0.0877,0.457,53,20.784,1.914,entro il 1980
018134,San Damiano al Colle,645,-9.916201117318437,96.65162223726547,0.094925,2.472,178,35.671,1.293,entro il 1970
018135,San Genesio ed Uniti,3907,3.059878659984173,97.48885962333138,0.0653,1.013,134,7.91,2.306,entro il 2000
018136,San Giorgio di Lomellina,1059,-7.993049522154648,98.26446505400348,0.0494,7.407,252,32.77,1.377,entro il 1970
018137,San Martino Siccomario,6278,9.258614688478941,96.3091807967129,0.0739,2.326,221,7.793,2.214,entro il 1990
018145,San Zenone al Po,583,-1.1864406779661016,103.38008715077689,0.0911,2.671,118,31.053,1.534,entro il 1970
018138,Sannazzaro de' Burgondi,5422,-3.6260220405261285,99.32417822309309,0.0637,0.054,394,14.132,1.945,entro il 1980
018139,Santa Cristina e Bissone,1951,-3.3201189296333005,98.59882010438105,0.0867,0.315,102,10.692,2.045,entro il 1980
018140,Santa Giuletta,1607,-4.742145820983995,98.45121773706381,0.0907,0.0,175,18.737,1.721,entro il 1970
018142,Santa Margherita di Staffora,478,-7.3643410852713185,93.7677355933997,0.0997,0.438,739,71.401,0.462,entro il 1960
018143,Santa Maria della Versa,2292,-6.9049553208773355,97.5961080404867,0.0964,2.455,476,29.918,1.441,entro il 1980
018141,Sant'Alessio con Vialone,965,14.201183431952662,95.00010027507255,0.0702,0.0,63,16.364,2.506,dopo il 2005
018144,Sant'Angelo Lomellina,777,-9.651162790697674,99.41440436545484,0.0403,1.053,60,14.218,1.841,entro il 1990
018146,Sartirana Lomellina,1604,-8.447488584474886,99.56454756636278,0.0473,3.66,122,14.023,1.844,entro il 1960
018147,Scaldasole,923,-3.5527690700104495,96.55979614951188,0.0586,0.0,76,16.777,2.038,entro il 1990
018148,Semiana,223,-10.8,96.54127036849161,0.0483,0.0,63,33.871,1.199,entro il 1945
018149,Silvano Pietra,674,-1.0279001468428781,97.12661597179107,0.0721,1.064,114,28.934,1.711,entro il 1960
018150,Siziano,6074,4.024661757150197,97.61825066301067,0.0572,1.601,206,8.097,2.388,entro il 2000
018151,Sommo,1156,1.1373578302712162,95.80618324326026,0.0753,5.015,41,7.915,2.232,entro il 1970
018152,Spessa,575,-4.166666666666666,101.09800473795696,0.089,0.971,53,17.434,1.891,entro il 1990
018153,Stradella,11637,-0.15444015444015444,97.81744624790493,0.0929,1.322,696,11.739,1.963,entro il 1980
018154,Suardi,607,-5.30421216848674,98.754926781114,0.0581,3.093,99,25.714,1.577,entro il 1980
018155,Torrazza Coste,1646,-3.1194820482636847,96.54279725902748,0.0927,5.233,321,30.865,1.583,entro il 1980
018156,Torre Beretti e Castellaro,557,-7.0116861435726205,98.39975940873303,0.05,0.0,50,17.065,1.901,entro il 1980
018157,Torre d'Arese,953,-2.556237218813906,98.13823429894545,0.0709,1.105,37,8.706,2.242,entro il 2000
018158,Torre de' Negri,319,-8.595988538681947,97.83082567840422,0.0866,0.0,44,24.044,1.743,entro il 1980
018159,Torre d'Isola,2405,1.050420168067227,97.67023102904857,0.0603,0.739,63,6.069,2.317,entro il 2000
018160,Torrevecchia Pia,3533,2.8529839883551675,96.18359171468721,0.0668,1.347,86,5.964,2.45,entro il 2000
018161,Torricella Verzate,824,-1.3173652694610778,97.09850669455541,0.09108000000000001,0.0,84,19.178,1.881,entro il 1990
018162,Travacò Siccomario,4404,0.8241758241758242,96.73269368119279,0.0778,0.488,252,11.96,2.09,entro il 1980
018163,Trivolzio,2239,9.16626036079961,95.81968682799149,0.055279999999999996,0.5,62,6.725,2.428,dopo il 2005
018164,Tromello,3795,-0.7583682008368201,97.13142841446373,0.0506,1.069,236,12.593,2.025,entro il 1980
018165,Trovo,1017,-0.4892367906066536,99.12136269286215,0.0517,0.0,71,15.468,2.216,entro il 2005
018166,Val di Nizza,626,-3.9877300613496933,96.21953230930743,0.0972,3.333,558,62.0,0.696,entro il 1980
018167,Valeggio,222,-5.128205128205128,100.12062350388699,0.0536,1.942,49,31.41,1.423,entro il 1960
018168,Valle Lomellina,2180,1.3953488372093024,99.42247151591133,0.0459,0.265,182,17.137,2.053,entro il 1960
018169,Valle Salimbene,1481,-3.2658393207054215,96.52100427895866,0.0765,0.233,43,6.495,2.237,entro il 1990
018170,Valverde,289,-3.6666666666666665,95.83618229177621,0.0975,0.23,284,63.252,0.644,entro il 1980
018171,Varzi,3194,-6.25183445846786,97.88066467022608,0.0983,0.57,1233,41.953,1.087,entro il 1970
018172,Velezzo Lomellina,102,0.0,96.51777977662746,0.047,0.0,36,43.373,1.229,entro il 1990
018173,Vellezzo Bellini,3328,8.545335942596216,98.1273595822165,0.0558,0.0,45,3.676,2.719,entro il 2000
018174,Verretto,384,-1.0309278350515463,95.96614085540335,0.08734,0.752,50,24.155,1.855,entro il 2000
018175,Verrua Po,1273,-3.8519637462235647,96.3984009000233,0.0836,5.493,228,28.394,1.585,entro il 1980
018176,Vidigulfo,6422,8.169108977598114,97.82627191255057,0.0626,1.987,100,3.92,2.517,entro il 2000
018177,Vigevano,63153,5.251491616946102,98.94876724374458,0.0496,0.263,3173,10.75,2.14,entro il 1980
018178,Villa Biscossi,76,0.0,95.5740252055352,0.0526,0.0,11,23.913,1.652,entro il 1990
018179,Villanova d'Ardenghi,770,0.9174311926605505,94.45279888839144,0.0616,1.581,58,14.573,1.935,entro il 1990
018180,Villanterio,3065,-2.8833967046894804,98.89594429103731,0.0751,3.585,175,11.498,2.014,entro il 1980
018181,Vistarino,1553,0.45278137128072443,97.07745618188662,0.077,0.0,31,4.799,2.404,entro il 1990
018182,Voghera,39354,3.5086796422935294,98.02706990530929,0.0872,1.346,2300,11.832,2.024,entro il 1990
018183,Volpara,132,0.0,97.34633025714484,0.0966,2.158,85,53.797,0.835,entro il 2000
018184,Zavattarello,1023,-1.539942252165544,98.35806006793817,0.0984,2.146,843,61.398,0.745,entro il 1970
018185,Zeccone,1684,-0.9994121105232217,96.05556919723938,0.06326666666666667,0.0,59,7.888,2.251,entro il 2000
018186,Zeme,1030,-4.275092936802974,98.26189863306735,0.0447,1.079,123,20.297,1.7,entro il 1945
018187,Zenevredo,476,-1.6528925619834711,99.21173228885587,0.0937,0.0,86,29.452,1.63,entro il 2000
018188,Zerbo,410,-7.865168539325842,101.26968782609329,0.0912,6.637,119,36.957,1.273,entro il 2005
018189,Zerbolò,1807,9.848024316109424,96.75844215392132,0.061,9.655,175,19.401,2.003,entro il 1990
018190,Zinasco,3166,-2.0420792079207923,97.17095497627277,0.073,0.465,67,4.64,2.193,entro il 1990
014001,Albaredo per San Marco,300,-14.040114613180515,96.980598358879,0.0526,3.509,276,64.486,0.701,entro il 1945
014002,Albosaggia,3020,-3.852276345113021,97.01712213346046,0.0803,0.064,818,37.523,1.385,entro il 1980
014003,Andalo Valtellino,580,5.839416058394161,97.66524022373572,0.0465,0.45,141,37.203,1.53,entro il 2000
014004,Aprica,1580,-0.5663939584644431,99.91531131555719,0.0697,0.136,3891,84.624,0.344,entro il 1990
014005,Ardenno,3270,0.3067484662576687,96.50368905870661,0.0588,0.0,732,35.707,1.595,entro il 1990
014006,Bema,116,-9.375,99.72710748932329,0.0514,0.775,178,69.261,0.451,entro il 1990
014007,Berbenno di Valtellina,4151,-3.2851817334575957,97.91492184873513,0.0784,0.938,1051,38.797,1.532,entro il 1990
014008,Bianzone,1326,4.245283018867925,95.95269499893097,0.0922,4.741,1630,75.185,0.612,entro il 1980
014009,Bormio,4194,4.354316994277183,97.89654015068498,0.11,0.45,3708,68.388,0.774,entro il 1980
014010,Buglio in Monte,2012,-3.824091778202677,96.49741136581261,0.0768,0.0,302,26.94,1.795,entro il 1980
014011,Caiolo,1085,5.544747081712062,97.43602099575268,0.0761,4.988,183,27.56,1.634,entro il 1980
014012,Campodolcino,931,-9.523809523809524,96.65658598198218,0.0554,1.498,3196,86.754,0.253,entro il 1990
014013,Caspoggio,1377,-8.07743658210948,96.56800637046582,0.1093,2.078,1800,73.559,0.563,entro il 2000
014014,Castello dell'Acqua,629,-2.4806201550387597,96.41855023944674,0.0828,1.578,431,60.619,0.885,entro il 1980
014015,Castione Andevenno,1575,0.6389776357827476,96.71683953790544,0.0805,1.322,455,41.065,1.421,entro il 1990
014016,Cedrasco,442,-2.857142857142857,95.44802463793079,0.0624,0.0,140,42.042,1.327,entro il 2000
014017,Cercino,760,0.5291005291005291,94.55274859943057,0.0485,0.0,318,50.316,1.203,entro il 1980
014018,Chiavenna,7313,0.09581166164796058,97.46367859745719,0.0518,0.917,955,23.029,1.763,entro il 1980
014019,Chiesa in Valmalenco,2482,-3.9845261121856863,97.11649697272682,0.1147,0.28,4612,80.32,0.432,entro il 2000
014020,Chiuro,2552,1.2296707655692185,96.04197925189119,0.1147,0.42,566,35.112,1.583,entro il 1980
014021,Cino,336,-10.4,96.35593194475423,0.0472,0.0,173,54.062,1.05,entro il 2000
014022,Civo,1115,0.36003600360036003,94.85638896553753,0.0543,5.279,1395,74.639,0.597,entro il 1980
014023,Colorina,1423,-2.064693737095664,97.01292792981864,0.0639,0.0,285,32.35,1.615,entro il 1980
014024,Cosio Valtellino,5512,1.9985196150999258,96.54249725257102,0.0489,2.59,896,29.31,1.803,entro il 2000
014025,Dazio,442,3.2710280373831773,94.96214679448859,0.055275,1.484,570,73.93,0.573,entro il 1980
014026,Delebio,3255,3.0063291139240507,97.6200205785682,0.0455,0.615,522,29.761,1.856,entro il 1990
014027,Dubino,3715,4.913866139508613,98.81287347859258,0.046,1.149,423,24.352,2.139,entro il 2000
014028,Faedo Valtellino,556,2.0183486238532113,97.27248414349367,0.09422499999999999,0.0,157,39.949,1.415,entro il 1990
014029,Forcola,796,-4.21179302045728,97.13875297702876,0.0581,0.423,342,50.817,1.183,entro il 1990
014030,Fusine,575,-6.045751633986928,98.39483607034528,0.0647,0.0,263,49.436,1.081,entro il 2000
014031,Gerola Alta,174,-8.421052631578947,96.20646405585025,0.052,0.311,645,85.885,0.232,entro il 1990
014032,Gordona,1970,3.466386554621849,94.66179000734303,0.0472,1.843,665,46.864,1.388,entro il 2000
014033,Grosio,4431,-3.8620091126057714,97.02736023184022,0.118,2.297,1545,46.106,1.322,entro il 1990
014034,Grosotto,1624,0.6819590824550528,95.64572245425114,0.1094,10.989,1024,59.883,0.95,entro il 1970
014036,Lanzada,1335,-2.3408924652523777,97.30794077633657,0.122,1.205,1285,69.31,0.72,entro il 1980
014037,Livigno,6550,9.733623722566593,101.79832960822405,0.1244,3.185,3434,63.335,1.208,entro il 2000
014038,Lovero,657,-1.7937219730941705,95.92434783552234,0.0748,0.613,172,37.31,1.425,dopo il 2005
014035,Madesimo,517,-3.544776119402985,99.58935494368676,0.0597,1.702,3854,93.635,0.126,entro il 2000
014039,Mantello,765,2.1361815754339117,95.6034720816896,0.0468,2.349,129,29.186,1.731,entro il 1980
014040,Mazzo di Valtellina,999,-3.942307692307692,95.7098955416716,0.0843,0.75,499,53.541,1.072,entro il 1980
014041,Mello,959,-3.7148594377510036,94.41947692097206,0.0499,0.0,498,56.72,1.092,entro il 1980
014043,Mese,1814,3.1267765776009093,95.65018191873617,0.048,0.464,302,31.006,1.862,entro il 1990
014044,Montagna in Valtellina,3041,0.19769357495881384,95.240557505701,0.115,1.586,834,38.827,1.416,entro il 2000
014045,Morbegno,12407,5.072831978319783,96.44684268381617,0.054,0.644,1356,21.361,1.954,entro il 1990
014046,Novate Mezzola,1895,4.40771349862259,95.95125928351965,0.0592,2.404,810,50.72,1.187,entro il 1980
014047,Pedesina,41,32.25806451612903,108.23465409161219,0.0478,1.099,148,89.697,0.248,entro il 1990
014048,Piantedo,1384,4.531722054380665,94.48494551871264,0.0445,0.445,232,30.851,1.84,entro il 2000
014049,Piateda,2158,-6.822107081174439,97.01324829928988,0.0902,4.192,857,46.001,1.158,entro il 1980
014050,Piuro,1932,-0.4123711340206186,97.91932558098885,0.0706,0.0,524,41.002,1.512,entro il 1980
014051,Poggiridenti,1906,2.2532188841201717,95.256404439199,0.10416666666666667,1.232,390,32.967,1.611,entro il 1990
014052,Ponte in Valtellina,2294,-0.4772234273318872,95.97842917871891,0.108,0.7,1216,54.652,1.031,entro il 1980
014053,Postalesio,666,1.21580547112462,97.14392560249642,0.07715,0.573,239,44.841,1.25,entro il 2000
014054,Prata Camportaccio,2950,1.3397457918241156,98.14909863517626,0.0524,0.2,473,29.018,1.81,entro il 2000
014055,Rasura,291,-0.3424657534246575,94.26013021694087,0.0487,0.0,251,68.022,0.789,entro il 1980
014056,Rogolo,553,-0.539568345323741,98.76567789548693,0.0465,0.0,244,51.695,1.172,entro il 2000
014057,Samolaco,2893,0.13845621322256838,97.51452359366255,0.0472,3.762,585,35.606,1.761,entro il 1990
014058,San Giacomo Filippo,349,-12.090680100755668,98.82026268070994,0.0529,2.97,955,83.919,0.307,entro il 1990
014059,Sernio,474,-5.01002004008016,101.3830827465549,0.0839,1.176,149,41.62,1.324,entro il 1990
014060,Sondalo,4114,-2.6502602934216752,98.80085713977105,0.0956,0.963,1121,37.517,1.377,entro il 1980
014061,Sondrio,21642,0.03235498035590478,98.40048084202604,0.0914,0.517,1402,12.597,1.944,entro il 1980
014062,Spriana,87,-13.861386138613863,94.81198248414526,0.1012,1.869,87,54.037,0.54,entro il 1990
014063,Talamona,4671,-2.198492462311558,96.58943236044047,0.054,0.319,426,18.554,2.034,entro il 1990
014064,Tartano,205,9.042553191489363,98.29152345857865,0.0574,0.0,565,84.203,0.306,entro il 1980
014065,Teglio,4534,-2.620274914089347,97.5554894714917,0.102,0.413,2947,58.94,0.907,entro il 1980
014066,Tirano,9050,-0.4728912350159463,98.20277601880953,0.0834,0.967,1570,28.597,1.648,entro il 1990
014067,Torre di Santa Maria,752,-8.958837772397095,96.19667222646495,0.1008,0.0,700,65.238,0.701,entro il 1980
014068,Tovo di Sant'Agata,631,0.6379585326953748,95.50717677635652,0.0713,0.38,207,44.516,1.357,entro il 2000
014069,Traona,2782,9.26944226237235,98.2092101436409,0.0493,0.11,401,28.46,1.974,entro il 1990
014070,Tresivio,1998,-0.7451564828614009,97.03208702210608,0.1073,0.736,487,34.588,1.419,entro il 1980
014074,Val Masino,891,-4.399141630901288,96.29753433508196,0.0846,1.824,711,63.71,0.798,entro il 2000
014071,Valdidentro,4131,1.8993586581154416,96.9358266178542,0.1239,0.592,3048,65.86,0.893,entro il 1990
014072,Valdisotto,3601,1.8094430308170766,97.82216466097611,0.1134,4.063,2497,64.689,0.933,entro il 2000
014073,Valfurva,2581,-4.123328380386329,98.2462948042815,0.1008,0.943,2035,66.678,0.846,entro il 1990
014075,Verceia,1107,1.8399264029438822,95.80987785790147,0.0499,4.79,469,50.43,1.19,entro il 1990
014076,Vervio,209,-0.4761904761904762,97.56428302472513,0.0895,10.317,174,63.736,0.766,entro il 1945
014077,Villa di Chiavenna,990,-4.25531914893617,94.44661080110215,0.0587,0.0,611,58.92,0.955,entro il 2000
014078,Villa di Tirano,2978,0.8124576844955992,96.03073154854565,0.0827,4.204,1340,51.918,1.154,entro il 1980
012001,Agra,410,6.217616580310881,96.7518651451551,0.041,0.298,421,70.401,0.686,entro il 1980
012002,Albizzate,5299,0.01887504718761797,97.81250318908263,0.0377,0.414,266,11.051,2.201,entro il 1980
012003,Angera,5546,-1.1584387809659598,98.53044133729361,0.0387,2.086,324,11.684,2.0,entro il 1990
012004,Arcisate,9978,1.3200649878147848,97.05295814662645,0.0384,0.464,469,10.767,2.291,entro il 1980
012005,Arsago Seprio,4904,1.385156088484598,96.21759004914422,0.0375,0.939,309,13.371,2.122,entro il 1990
012006,Azzate,4714,2.8359511343804535,97.04526080479985,0.038,1.273,334,15.038,2.122,entro il 1980
012007,Azzio,757,-6.195786864931847,95.46476341949065,0.03918333333333333,1.509,79,19.554,1.874,entro il 1980
012008,Barasso,1696,-0.5861664712778429,96.44986445994641,0.038566666666666666,0.0,96,11.707,2.068,entro il 1980
012009,Bardello,1616,4.258064516129032,97.24780595050225,0.0386,0.291,90,13.1,2.352,entro il 1990
012010,Bedero Valcuvia,661,-1.3432835820895521,98.9456508772604,0.0386,3.205,169,37.061,1.45,entro il 1980
012011,Besano,2583,-0.8445297504798465,98.10894694713407,0.0384,0.739,215,17.537,2.107,entro il 1980
012012,Besnate,5558,1.5530787502283938,96.8706267505686,0.0376,0.307,201,8.333,2.304,entro il 1990
012013,Besozzo,9005,-0.07767421216156235,98.10002533548881,0.0392,0.878,254,6.504,2.306,entro il 1990
012014,Biandronno,3325,1.4957264957264957,96.64718618984453,0.0383,0.919,309,18.503,1.991,entro il 1990
012015,Bisuschio,4294,0.5856172405715624,97.24625760063495,0.0384,0.228,152,8.301,2.345,entro il 1980
012016,Bodio Lomnago,2210,4.590629436819688,97.9764528610326,0.038,1.13,122,13.076,2.369,entro il 1990
012017,Brebbia,3239,-3.284562555986862,97.31748898982306,0.0394,8.755,251,15.399,1.987,entro il 1980
012018,Bregano,862,3.2335329341317367,97.65832926517629,0.0384,0.0,114,25.166,1.903,entro il 1990
012019,Brenta,1670,-7.6327433628318575,97.34776021227079,0.0399,0.0,42,5.462,2.172,entro il 1990
012020,Brezzo di Bedero,1215,2.5316455696202533,96.89729979134755,0.0409,3.439,1117,68.781,0.748,entro il 1980
012021,Brinzio,809,-7.542857142857143,98.51771284278789,0.0385,2.034,139,28.252,1.644,entro il 1980
012022,Brissago-Valtravaglia,1226,-2.07667731629393,96.66275045073317,0.0398,0.5,254,35.18,1.698,entro il 1980
012023,Brunello,969,-6.195546950629235,97.2613564348914,0.03798,0.0,31,7.363,2.302,entro il 1990
012024,Brusimpiano,1213,2.1903959561920807,99.09129818721637,0.0386,1.684,473,47.923,1.229,entro il 1980
012025,Buguggiate,3102,0.032247662044501774,97.66404754509044,0.038,0.0,147,10.411,2.197,entro il 1980
012026,Busto Arsizio,83405,5.0546654574768235,97.86275160710494,0.0383,1.797,2860,7.824,2.282,entro il 1980
012027,Cadegliano-Viconago,2201,17.637626937466596,99.91580401965163,0.0391,1.412,367,31.314,1.878,entro il 1970
012028,Cadrezzate,1842,1.1532125205930808,96.66297896567939,0.0385,2.187,200,21.03,1.937,entro il 1990
012029,Cairate,7720,-1.518050771782115,98.19332206053964,0.0384,1.204,386,11.3,2.26,entro il 1980
012030,Cantello,4747,3.9640823477879983,96.34549378857439,0.0384,0.0,302,14.027,2.205,entro il 1990
012031,Caravate,2613,0.384172109104879,98.31739621479726,0.0395,0.154,249,19.606,2.057,entro il 1980
012032,Cardano al Campo,14896,5.667872597006456,97.51535687653991,0.0376,0.042,1319,18.066,2.04,entro il 1980
012033,Carnago,6722,2.782874617737003,96.4075585836151,0.0381,0.088,433,14.281,2.217,entro il 1990
012034,Caronno Pertusella,17775,8.364323599341583,96.46506455824738,0.0419,0.168,483,6.588,2.424,entro il 1990
012035,Caronno Varesino,4860,-1.4798297182242042,96.32556324365277,0.0381,1.996,201,9.153,2.213,entro il 1980
012036,Casale Litta,2675,1.1342155009451798,97.31772618235212,0.0379,0.0,95,8.311,2.34,entro il 1980
012037,Casalzuigno,1353,4.559505409582689,99.00256778073208,0.0395,0.197,320,36.53,1.545,entro il 1980
012038,Casciago,3763,-2.4876911116869653,97.32363866845847,0.0383,0.0,141,8.598,2.295,entro il 1990
012039,Casorate Sempione,5687,-0.715782122905028,97.18878248982921,0.0376,0.579,178,6.948,2.22,entro il 1990
012040,Cassano Magnago,21757,1.6682242990654204,97.76566044757617,0.038,1.862,1495,15.004,2.184,entro il 1990
012041,Cassano Valcuvia,675,1.199400299850075,100.05032556558557,0.03915,1.843,105,27.704,1.781,entro il 1980
012042,Castellanza,14340,0.8367906616974896,97.5354268000741,0.0385,0.271,996,13.997,2.015,entro il 1980
012043,Castello Cabiaglio,562,5.639097744360902,98.78153740362633,0.0388,2.745,210,47.297,1.266,entro il 1990
012044,Castelseprio,1311,2.904238618524333,96.53832464100137,0.0383,0.935,69,11.424,2.171,entro il 2000
012045,Castelveccana,1993,0.0502008032128514,97.7029936216119,0.0418,0.354,781,46.711,1.192,entro il 1970
012046,Castiglione Olona,7669,-2.3306164034640857,98.02281127468463,0.0383,2.032,275,7.953,2.218,entro il 1980
012047,Castronno,5253,0.286368843069874,97.77996516500674,0.0379,1.517,212,9.25,2.292,entro il 1990
012048,Cavaria con Premezzo,5834,1.8505586592178773,97.60704586545418,0.03784,1.025,272,10.85,2.327,entro il 1990
012049,Cazzago Brabbia,807,-2.063106796116505,96.87593160691775,0.0381,5.283,69,17.468,2.043,entro il 1990
012050,Cislago,10394,3.877673395962423,96.7489687921403,0.0393,0.314,290,6.779,2.43,entro il 1990
012051,Cittiglio,3874,-2.0728008088978767,98.33766370728446,0.0405,0.364,299,15.055,1.951,entro il 1980
012052,Clivio,1921,-0.672182006204757,97.29686639172317,0.03846666666666667,0.0,120,13.015,2.084,entro il 1980
012053,Cocquio-Trevisago,4755,-0.08405127127547804,98.64454912122444,0.0389,1.619,373,16.022,2.043,entro il 1970
012054,Comabbio,1170,-1.015228426395939,97.94627856528321,0.03806666666666667,0.0,97,16.525,1.993,entro il 1990
012055,Comerio,2904,10.670731707317072,97.02208786639368,0.0385,0.0,191,14.625,2.224,entro il 1990
012056,Cremenaga,815,7.519788918205805,100.85321125322919,0.0393,1.46,24,6.977,2.369,entro il 1990
012057,Crosio della Valle,610,0.0,95.15466021515489,0.03785,0.0,31,10.954,2.155,entro il 1990
012058,Cuasso al Monte,3613,-0.1105888858169754,96.44386760086496,0.0386,0.173,516,25.0,1.75,entro il 1980
012059,Cugliate-Fabiasco,3121,1.1997405966277563,98.4123096812017,0.0388,1.199,271,18.536,2.135,entro il 1990
012060,Cunardo,2969,2.379310344827586,99.678974919769,0.0389,0.911,209,15.481,2.199,entro il 1980
012061,Curiglia con Monteviasco,175,-9.793814432989691,99.09286766854662,0.0401,10.274,261,72.5,0.486,entro il 1970
012062,Cuveglio,3375,-0.9973599295981226,98.65934351053686,0.039,0.683,229,14.188,2.091,entro il 1990
012063,Cuvio,1650,-2.1932424422050976,99.52798582515817,0.0387,0.955,165,18.836,1.884,entro il 1980
012064,Daverio,3056,-0.4560260586319218,96.63493662931218,0.0379,1.647,108,8.289,2.345,entro il 1990
012065,Dumenza,1484,3.7037037037037033,97.63135165319547,0.0404,1.159,610,48.49,1.18,entro il 1970
012066,Duno,125,-21.38364779874214,94.98113604647232,0.0392,4.0,226,71.519,0.396,entro il 1970
012067,Fagnano Olona,12510,2.616684439340497,97.84711379355201,0.0384,0.516,746,13.569,2.275,entro il 1990
012068,Ferno,6850,0.4251576015247031,97.23865571120325,0.0377,0.884,299,10.205,2.338,entro il 1990
012069,Ferrera di Varese,703,1.1510791366906474,97.03382837718448,0.0389,3.226,55,16.369,2.092,entro il 1990
012070,Gallarate,53425,6.098820351908488,99.30674187615945,0.038,2.092,3241,13.129,2.164,entro il 1990
012071,Galliate Lombardo,1001,2.247191011235955,94.90199251950455,0.038066666666666665,0.0,58,13.303,2.296,entro il 1990
012072,Gavirate,9374,1.670281995661605,98.12265421160762,0.0387,3.527,202,4.941,2.293,entro il 1980
012073,Gazzada Schianno,4632,-0.4513217279174726,95.78073247883428,0.0381,0.91,447,18.35,1.901,entro il 1980
012074,Gemonio,2878,-0.13879250520471895,99.91554584257818,0.0392,0.456,250,17.053,1.963,entro il 1980
012075,Gerenzano,10914,4.280527422128798,97.28673196736152,0.0398,0.336,341,7.442,2.382,entro il 1990
012076,Germignaga,3929,5.137811078405138,98.69295568288653,0.0415,1.564,398,19.529,1.928,entro il 1980
012077,Golasecca,2729,2.942285929837797,97.342556576611,0.0375,4.73,123,9.469,2.101,entro il 1970
012078,Gorla Maggiore,4984,-1.9669551534225018,95.86539069936995,0.0386,0.654,108,5.07,2.34,entro il 1990
012079,Gorla Minore,8370,-0.03582945180938731,97.60199887118546,0.0389,0.299,224,6.338,2.368,entro il 1990
012080,Gornate Olona,2194,-1.1711711711711712,96.8743286388035,0.0383,1.217,88,9.312,2.322,entro il 2000
012081,Grantola,1266,-0.31496062992125984,98.73819039242882,0.0392,0.0,86,14.527,2.139,entro il 1980
012082,Inarzo,1078,-0.7366482504604052,96.1667635973669,0.038,0.0,26,5.909,2.45,entro il 2000
012083,Induno Olona,10266,-0.38812342324859306,97.71816347391469,0.0383,0.539,266,5.986,2.31,entro il 1980
012084,Ispra,5276,2.070032888372993,97.64535973579214,0.0391,0.0,980,30.473,1.641,entro il 1980
012085,Jerago con Orago,5140,0.9228352640879638,97.85058919256514,0.0377,0.484,136,6.331,2.393,entro il 1990
012086,Lavena Ponte Tresa,5763,6.132596685082873,99.79174709946271,0.0387,0.98,472,17.058,2.083,entro il 1990
012087,Laveno-Mombello,8684,-2.492701549517179,98.58111940530128,0.0419,1.035,1541,27.998,1.578,entro il 1980
012088,Leggiuno,3791,6.548622821810006,97.03583163784647,0.0405,0.648,776,33.506,1.637,entro il 1990
012089,Lonate Ceppino,5012,2.6418185541675197,96.58597849686076,0.0384,0.979,174,8.382,2.414,entro il 1980
012090,Lonate Pozzolo,11786,0.6146491377838484,98.01886463126516,0.0377,0.616,386,7.847,2.396,entro il 1990
012091,Lozza,1246,0.8090614886731391,97.24344628263648,0.03828333333333333,1.149,68,11.744,2.152,entro il 1990
012092,Luino,14454,1.4529374605180037,98.84993587981593,0.0413,1.583,908,12.413,1.976,entro il 1980
012093,Luvinate,1358,4.301075268817205,96.38025966960143,0.0384,1.873,118,17.052,1.962,entro il 1990
012142,Maccagno con Pino e Veddasca,2615,7.128226136829169,96.7543275260657,0.0434,3.059,1889,61.172,0.847,entro il 1980
012095,Malgesso,1297,-1.0678871090770405,97.27880652575858,0.03884,0.0,60,10.381,2.244,entro il 1990
012096,Malnate,16784,1.2426106888647603,97.84801525504147,0.0384,0.303,632,8.712,2.314,entro il 1990
012097,Marchirolo,3478,2.626143405134258,100.58152384651386,0.03883333333333334,2.157,380,22.016,2.015,entro il 2000
012098,Marnate,7903,7.92025126314352,95.99770986793429,0.0387,0.232,284,8.69,2.418,entro il 1990
012099,Marzio,367,18.387096774193548,98.29698907958843,0.03875000000000001,2.174,199,59.403,1.096,entro il 1970
012100,Masciago Primo,303,5.208333333333334,97.30292014841177,0.0388,0.699,68,37.363,1.665,entro il 2000
012101,Mercallo,1795,-2.17983651226158,96.18097791687192,0.0379,0.442,189,19.729,1.874,entro il 1980
012102,Mesenzana,1534,3.9295392953929538,99.02016340617384,0.0394,3.906,143,18.841,2.021,entro il 1980
012103,Montegrino Valtravaglia,1478,3.7192982456140355,98.31539337688405,0.0397,1.194,474,42.857,1.336,entro il 1980
012104,Monvalle,1950,0.4119464469618949,97.78534468950657,0.0395,0.192,271,24.371,1.754,entro il 1990
012105,Morazzone,4287,0.35112359550561795,97.16718174344426,0.0381,1.486,120,6.501,2.322,entro il 1990
012106,Mornago,4976,3.2365145228215773,96.6602979051909,0.0378,2.283,187,8.935,2.377,entro il 2000
012107,Oggiona con Santo Stefano,4337,1.0955710955710956,97.99166077135543,0.0379,0.506,223,12.015,2.337,entro il 1980
012108,Olgiate Olona,12444,1.7664376840039255,97.35517160254831,0.0384,0.746,262,5.05,2.399,entro il 1990
012109,Origgio,7827,5.414141414141414,95.68450166145715,0.0407,0.244,441,12.363,2.194,entro il 1990
012110,Orino,846,0.834326579261025,96.94871999373218,0.0389,0.25,301,43.372,1.219,entro il 1980
012111,Osmate,817,3.5487959442332064,97.96040136114723,0.0381,2.632,151,31.524,1.706,entro il 2005
012113,Porto Ceresio,2940,-2.032655781406198,99.3763068292117,0.0385,3.797,602,31.568,1.542,entro il 1980
012114,Porto Valtravaglia,2347,0.816151202749141,97.9892237742599,0.0416,0.769,1154,52.052,1.059,entro il 1980
012115,Rancio Valcuvia,937,0.7526881720430108,99.6766031211911,0.039,0.794,92,18.661,1.901,entro il 1990
012116,Ranco,1289,-2.4224072672218018,98.93565172688294,0.039,1.232,267,30.939,1.494,entro il 1980
012117,Saltrio,3069,1.3205678441729944,96.76473476140325,0.0385,0.586,313,20.66,2.026,entro il 1990
012118,Samarate,16018,-1.141763870888107,98.486697078282,0.0379,0.451,625,8.75,2.242,entro il 1990
012141,Sangiano,1513,-2.5128865979381443,97.57713349737642,0.0399,2.283,134,17.701,1.999,entro il 2000
012119,Saronno,39419,2.0054859745367972,98.55126412601487,0.0416,0.312,1932,10.439,2.13,entro il 1990
012120,Sesto Calende,11141,3.1956280103742127,97.97675725818077,0.038,0.583,880,15.617,1.977,entro il 1980
012121,Solbiate Arno,4153,-3.170902308230357,99.08756287664275,0.0379,3.894,166,8.968,2.244,entro il 1990
012122,Solbiate Olona,5466,-1.7436634909221642,95.64795646585144,0.0384,0.455,110,4.842,2.406,entro il 1990
012123,Somma Lombardo,17919,5.966883500887049,98.08696532495922,0.0375,0.674,885,11.18,2.264,entro il 1980
012124,Sumirago,6149,-1.552993916106308,97.09291008973618,0.0378,0.906,303,11.16,2.265,entro il 1990
012125,Taino,3725,-1.0361317747077576,97.51216052327781,0.0385,2.509,484,23.382,1.8,entro il 1990
012126,Ternate,2581,3.44689378757515,97.21725587718632,0.038,0.748,72,6.417,2.3,entro il 1980
012127,Tradate,18861,5.699394754539341,98.32088817983391,0.0388,1.419,684,8.544,2.356,entro il 1990
012128,Travedona-Monate,4120,2.948525737131434,96.43771051339583,0.0386,0.0,521,23.468,1.856,entro il 1980
012129,Tronzano Lago Maggiore,236,-7.450980392156863,95.85217165420211,0.0429,1.038,254,67.374,0.626,entro il 1970
012130,Uboldo,10565,0.8784493459371718,97.36885799502194,0.04,0.517,343,7.423,2.286,entro il 1990
012131,Valganna,1623,2.2684310018903595,97.06836553692303,0.0386,5.19,280,29.076,1.685,entro il 1970
012132,Varano Borghi,2480,2.990033222591362,97.59072189196871,0.0379,0.0,65,5.702,2.175,entro il 1980
012133,Varese,80544,1.434418487500787,98.73384527580258,0.0383,0.484,4388,11.233,2.062,entro il 1980
012134,Vedano Olona,7425,1.8937834499794155,98.41716631334322,0.0385,0.23,348,10.698,2.283,entro il 1990
012136,Venegono Inferiore,6124,-1.6066838046272494,97.49294182744197,0.0385,0.433,127,4.913,2.369,entro il 1990
012137,Venegono Superiore,7293,1.6587677725118484,98.17916120083197,0.0385,1.37,262,8.347,2.323,entro il 1990
012138,Vergiate,8711,-2.7898672023211697,97.18115589278942,0.0378,0.564,461,11.116,2.101,entro il 1980
012139,Viggiù,5318,2.3479599692070825,97.85377987476011,0.0385,1.644,435,17.167,2.099,entro il 1980
012140,Vizzola Ticino,579,1.4010507880910683,94.14201200391933,0.0374,0.0,59,18.971,1.862,entro il 1990
042001,Agugliano,4799,-1.457905544147844,97.13807653824439,0.1836,0.642,270,12.558,2.232,entro il 1990
042002,Ancona,100924,0.4568755287911213,99.21368307035742,0.183,0.77,5651,11.649,2.08,entro il 1980
042003,Arcevia,4496,-8.000818498056066,98.60773671231294,0.1774,1.487,1077,33.9,1.415,entro il 1970
042004,Barbara,1335,-4.778887303851641,97.99722622663838,0.18,0.973,232,28.82,1.658,entro il 1980
042005,Belvedere Ostrense,2203,-3.588621444201313,99.12089236431999,0.1854,3.395,327,27.925,1.881,entro il 1980
042006,Camerano,7218,-0.16597510373443983,98.67051477210077,0.181,1.416,251,8.238,2.369,entro il 1980
042007,Camerata Picena,2552,5.454545454545454,95.91499935506965,0.1834,0.0,82,8.008,2.492,entro il 2000
042008,Castelbellino,5009,4.746967795901297,98.39233912501935,0.1796,0.59,265,12.577,2.377,entro il 2000
042010,Castelfidardo,18601,-0.16638042078145127,98.53721115630916,0.1828,1.952,741,9.526,2.391,entro il 1990
042011,Castelleone di Suasa,1605,-5.865102639296188,99.83222418713181,0.1805,1.068,221,24.944,1.812,entro il 1990
042012,Castelplanio,3524,1.0321100917431194,97.62338613080597,0.1776,0.607,301,17.938,2.1,entro il 1980
042013,Cerreto d'Esi,3700,-6.70700958144226,100.5848927113584,0.1775,0.253,224,13.405,2.214,entro il 1980
042014,Chiaravalle,14733,-0.9679370840895343,99.04933882316958,0.1836,0.503,856,12.204,2.101,entro il 1980
042015,Corinaldo,4949,-3.017832647462277,97.88068547936128,0.1861,1.102,455,18.888,2.054,entro il 1980
042016,Cupramontana,4616,-4.371245079759685,99.40344967744674,0.1766,2.404,863,30.207,1.616,entro il 1970
042017,Fabriano,30809,-0.5005813202428626,99.38230502097933,0.22,0.395,2750,17.742,1.988,entro il 1980
042018,Falconara Marittima,26063,-2.4588323353293413,98.38161343085073,0.1825,0.381,2261,17.045,1.965,entro il 1980
042019,Filottrano,9332,-2.993762993762994,99.29244921949325,0.1843,1.518,483,11.961,2.311,entro il 1980
042020,Genga,1748,-6.524064171122995,98.31245946674397,0.1749,1.205,698,46.042,1.153,entro il 1970
042021,Jesi,40210,0.02736386477275554,99.0086066476526,0.185,1.644,2626,13.426,2.056,entro il 1980
042022,Loreto,12802,2.3504956827630314,98.94449045836684,0.1823,0.644,454,8.855,2.497,entro il 1990
042023,Maiolati Spontini,6187,0.30804150453955903,97.86457695315173,0.1813,0.581,562,18.721,2.061,entro il 1980
042024,Mergo,1008,-7.352941176470589,96.87422007968986,0.1747,2.166,168,28.62,1.717,entro il 1990
042025,Monsano,3375,0.3866745984533016,96.81670823761927,0.1844,0.383,217,14.682,2.283,entro il 2000
042029,Monte Roberto,3088,1.4121510673234812,97.95635425181865,0.1795,0.843,339,22.495,2.049,entro il 1980
042030,Monte San Vito,6787,0.8919280511372083,97.28877105992018,0.1842,0.171,378,12.566,2.256,entro il 1990
042026,Montecarotto,1920,-7.514450867052023,100.67100654464176,0.1837,4.298,306,26.913,1.689,entro il 1980
042027,Montemarciano,9872,-2.20901436354631,98.03690168040569,0.1832,0.942,1359,24.968,1.814,entro il 1990
042031,Morro d'Alba,1873,-5.212550607287449,97.92930553497989,0.1846,1.521,209,21.305,1.909,entro il 1990
042032,Numana,3763,1.5380464112250405,98.6802701353738,0.1793,0.662,5895,75.393,0.481,entro il 1990
042033,Offagna,1992,5.508474576271186,96.47567994387042,0.1833,0.223,166,18.363,2.204,entro il 1990
042034,Osimo,35071,3.271495877502945,98.24225732441018,0.1838,1.832,1809,12.159,2.357,entro il 1990
042035,Ostra,6746,-0.20710059171597633,99.45292502535531,0.1856,0.517,526,17.089,2.192,entro il 1980
042036,Ostra Vetere,3274,-5.266203703703703,98.86728281290236,0.1859,1.969,433,24.856,1.879,entro il 1980
042037,Poggio San Marcello,681,-6.068965517241379,101.73885116452155,0.1796,6.232,147,30.753,1.425,entro il 1970
042038,Polverigi,4565,4.870204456696531,96.3824350225443,0.1838,0.97,218,11.9,2.492,entro il 2000
042040,Rosora,1956,-1.4609571788413098,97.987094629744,0.1753,6.855,223,22.345,1.96,entro il 1980
042041,San Marcello,2036,-1.6425120772946862,96.67111261714392,0.1852,2.46,179,18.228,2.073,entro il 1970
042042,San Paolo di Jesi,910,1.2235817575083427,101.8391333459009,0.1794,4.331,100,22.422,2.04,entro il 1980
042043,Santa Maria Nuova,4146,-1.379638439581351,98.94015326485291,0.1842,1.155,323,17.263,2.216,entro il 1980
042044,Sassoferrato,7104,-5.481639169771155,98.65200863376774,0.1888,1.538,2399,43.46,1.287,entro il 1980
042045,Senigallia,44616,0.6678700361010831,97.80513559279075,0.1845,2.673,6459,25.561,1.766,entro il 1980
042046,Serra de' Conti,3769,1.289975812953507,98.13496831363155,0.1798,0.128,379,20.542,2.043,entro il 1990
042047,Serra San Quirico,2744,-7.547169811320755,97.88102862164567,0.1748,2.609,591,32.58,1.513,entro il 1970
042048,Sirolo,4078,5.103092783505154,98.16919035586318,0.1797,1.448,1097,38.695,1.438,entro il 1990
042049,Staffolo,2247,-1.663019693654267,100.06199838997374,0.1793,3.1,362,29.006,1.8,entro il 1980
042050,Trecastelli,7567,-0.28989326657003556,98.53546436181112,0.1853,2.782,607,17.225,2.147,entro il 1990
044001,Acquasanta Terme,2785,-8.508541392904073,97.95554977095357,0.2507,1.751,1166,47.495,1.134,entro il 1960
044002,Acquaviva Picena,3799,-0.9645464025026069,97.92141142373467,0.1821,1.566,317,18.166,2.177,entro il 1990
044005,Appignano del Tronto,1767,-4.071661237785016,100.57667364487287,0.1769,0.0,105,13.725,2.31,entro il 1980
044006,Arquata del Tronto,1115,-12.890625,98.2048438369379,0.2571,1.687,1062,63.064,0.662,entro il 1960
044007,Ascoli Piceno,48773,-2.205602229663345,99.24188393873155,0.1952,2.362,3505,14.957,2.081,entro il 1980
044010,Carassai,1055,-5.635062611806798,98.44552689107478,0.1778,1.509,275,38.952,1.494,entro il 1980
044011,Castel di Lama,8614,1.353100364748794,98.86730908714762,0.1764,0.0,516,14.246,2.378,entro il 2000
044012,Castignano,2737,-7.157394843962008,99.83752077172458,0.1774,2.659,373,25.305,1.857,entro il 1980
044013,Castorano,2344,1.0780508840017249,100.25672278572286,0.1761,2.23,182,17.317,2.23,entro il 1990
044014,Colli del Tronto,3696,3.7037037037037033,98.8342141158759,0.1761,0.144,289,17.687,2.262,entro il 1980
044015,Comunanza,3081,-3.6886527039699906,97.68818013499087,0.1917,1.482,541,30.19,1.719,entro il 1980
044016,Cossignano,952,-5.742574257425743,101.35006984547799,0.1763,5.44,247,39.269,1.514,entro il 1980
044017,Cupra Marittima,5358,-0.14908684308609765,99.5783079973989,0.1815,1.357,957,31.234,1.749,entro il 1990
044020,Folignano,9182,-1.3642711354603072,98.36720627239461,0.179,1.292,487,12.587,2.373,entro il 1990
044021,Force,1278,-10.126582278481013,99.54848369775807,0.1799,0.794,252,31.461,1.596,entro il 1980
044023,Grottammare,16166,3.62156272033844,99.14360951471387,0.1807,0.868,2877,31.868,1.791,entro il 1990
044027,Maltignano,2361,-4.951690821256038,99.34734060487042,0.177,3.846,220,19.731,2.117,entro il 1980
044029,Massignano,1640,-1.1452682338758287,100.53887174453709,0.1823,0.364,354,36.57,1.694,entro il 1980
044031,Monsampolo del Tronto,4547,-0.15371102327624067,99.00519979034131,0.1776,1.01,352,17.4,2.248,entro il 1980
044032,Montalto delle Marche,2078,-7.9308817013735045,99.1833702320634,0.176,3.086,455,34.496,1.575,entro il 1980
044034,Montedinove,498,-1.7751479289940828,96.90525739691621,0.1762,0.0,163,43.935,1.342,entro il 1970
044036,Montefiore dell'Aso,2053,-6.0411899313501145,100.53609307204408,0.1829,0.0,274,25.323,1.897,entro il 1980
044038,Montegallo,504,-11.733800350262696,97.8976711804706,0.2405,0.149,855,71.909,0.424,entro il 1945
044044,Montemonaco,568,-10.268562401263823,99.14198071342923,0.2451,1.382,375,57.427,0.87,entro il 1980
044045,Monteprandone,12678,3.6546480255089526,98.68978858697466,0.1813,2.018,793,15.227,2.434,entro il 1990
044054,Offida,4962,-4.5952701403576235,99.88958201370059,0.1763,4.993,589,22.619,1.906,entro il 1980
044056,Palmiano,184,-13.615023474178404,104.67156711912554,0.1839,2.521,216,72.241,0.615,entro il 1980
044063,Ripatransone,4232,-2.443522360534809,100.31275555891143,0.1828,1.251,1055,39.587,1.588,entro il 1980
044064,Roccafluvione,1987,-3.214807598636142,96.88293952589515,0.1989,3.018,366,30.223,1.641,entro il 1990
044065,Rotella,870,-7.051282051282051,98.97373930628365,0.1782,0.532,207,36.444,1.532,entro il 1990
044066,San Benedetto del Tronto,47351,0.9874594779047945,98.94948818558252,0.1807,0.796,7825,29.274,1.771,entro il 1980
044071,Spinetoli,7132,0.46485420481757994,98.60808922064837,0.1761,0.535,383,12.649,2.355,entro il 1980
044073,Venarotta,2030,-5.272981801213252,99.99032670013516,0.1836,0.0,301,26.52,1.789,entro il 1980
109001,Altidona,3452,6.707882534775889,99.26928252342944,0.1821,0.169,495,27.318,1.905,entro il 2000
109002,Amandola,3569,-3.3838657282079048,99.32000322612114,0.1911,0.668,757,33.946,1.6,entro il 1980
109003,Belmonte Piceno,624,-5.454545454545454,100.84403259240135,0.1752,2.024,49,16.61,2.115,entro il 1980
109004,Campofilone,1918,-1.5400410677618068,101.01763821438784,0.1822,1.584,434,37.094,1.639,entro il 1990
109005,Falerone,3330,-1.6248153618906942,99.56890374364353,0.1756,3.872,366,21.193,1.928,entro il 1970
109006,Fermo,37238,0.9406088205795452,100.17141688561966,0.183,1.089,5045,25.627,1.892,entro il 1990
109007,Francavilla d'Ete,945,-6.063618290258449,99.78536491664399,0.1772,0.0,84,18.792,2.114,entro il 1980
109008,Grottazzolina,3333,1.1839708561020037,100.66504953639266,0.1762,0.135,121,8.95,2.465,entro il 1980
109009,Lapedona,1189,1.4505119453924915,98.98648989407089,0.1829,1.018,183,28.728,1.867,entro il 1980
109010,Magliano di Tenna,1480,3.4241788958770094,100.61985764986628,0.1776,1.823,784,60.169,1.136,entro il 2000
109011,Massa Fermana,918,-8.47457627118644,105.67029905837428,0.1744,0.299,149,28.599,1.762,entro il 1970
109012,Monsampietro Morico,637,-8.477011494252872,102.89006049705704,0.1756,0.794,117,30.871,1.681,entro il 1980
109013,Montappone,1682,-3.6655211912943875,101.87216350596609,0.1746,1.505,197,23.014,1.965,entro il 1980
109016,Monte Giberto,785,-3.799019607843137,100.33926209065638,0.1778,5.277,198,38.976,1.545,entro il 1970
109021,Monte Rinaldo,359,-9.571788413098236,100.78556035598235,0.1757,0.0,54,26.471,1.76,entro il 1980
109023,Monte San Pietrangeli,2408,-5.271439811172305,101.45746971679033,0.1773,0.0,83,8.177,2.372,entro il 1980
109024,Monte Urano,8218,-0.8206613565049481,100.15725655239129,0.1831,2.014,476,13.971,2.412,entro il 1980
109025,Monte Vidon Combatte,434,-5.446623093681917,98.20523832472688,0.1761,8.145,157,46.866,1.296,entro il 1970
109026,Monte Vidon Corrado,700,-9.90990990990991,99.90694126593066,0.1747,1.423,164,34.526,1.474,entro il 1980
109014,Montefalcone Appennino,415,-7.57238307349666,100.87395249258415,0.1798,8.06,231,53.472,0.961,entro il 1970
109015,Montefortino,1117,-8.216926869350862,97.83570313325792,0.2273,2.603,1184,69.199,0.653,entro il 1990
109017,Montegiorgio,6723,-3.626720183486239,99.96755460990916,0.1754,0.112,618,19.228,2.092,entro il 1980
109018,Montegranaro,12876,-2.1431828545371636,99.79105955461237,0.1832,0.642,706,12.806,2.336,entro il 1980
109019,Monteleone di Fermo,381,-12.413793103448276,99.87332583284407,0.1754,3.158,54,22.881,1.614,entro il 1980
109020,Montelparo,758,-11.137162954279015,100.59526361561919,0.1765,1.309,255,42.714,1.27,entro il 1980
109022,Monterubbiano,2164,-8.149405772495756,101.78687650358202,0.183,0.726,403,30.976,1.663,entro il 1980
109027,Montottone,950,-5.9405940594059405,102.08126117725561,0.1755,0.211,285,42.097,1.403,entro il 1980
109028,Moresco,576,-4.9504950495049505,101.52366666328263,0.1818,2.542,62,21.017,1.953,entro il 1970
109029,Ortezzano,765,-2.918781725888325,102.30708792228063,0.1757,0.0,93,22.738,1.87,entro il 1980
109030,Pedaso,2817,1.221703197987783,99.3060102525896,0.1811,0.565,558,32.651,1.648,entro il 1990
109031,Petritoli,2297,-5.512134923899629,98.8750530018606,0.1777,0.864,307,24.56,1.838,entro il 1980
109032,Ponzano di Fermo,1652,-3.3918128654970756,99.73274812431866,0.1775,8.83,195,24.015,2.034,entro il 1980
109033,Porto San Giorgio,16068,0.8726222612844498,99.85713352145602,0.1819,0.776,2878,30.079,1.679,entro il 1980
109034,Porto Sant'Elpidio,26408,3.79687131514818,100.00300606064182,0.1823,0.345,2613,21.037,2.126,entro il 2000
109035,Rapagnano,2077,1.169020944958597,102.67731839962042,0.1773,2.907,293,28.502,2.02,entro il 1990
109036,Santa Vittoria in Matenano,1322,-6.307583274273565,98.85814008832395,0.1768,1.073,202,27.747,1.816,entro il 1990
109037,Sant'Elpidio a Mare,17144,1.0849056603773584,99.57447563504267,0.1832,1.586,1017,14.153,2.386,entro il 1980
109038,Servigliano,2267,-3.654908627284318,101.89831606011069,0.1757,1.073,244,21.479,1.996,entro il 1980
109039,Smerillo,355,-8.031088082901555,100.59109076331556,0.1787,0.476,152,48.875,1.141,entro il 1990
109040,Torre San Patrizio,1987,-3.9632672788786856,101.89683744747255,0.1829,1.709,108,12.245,2.253,entro il 1980
043002,Apiro,2234,-7.225913621262459,100.55067656810802,0.1746,1.567,616,39.437,1.43,entro il 1980
043003,Appignano,4195,-0.07146260123868509,99.77664254681868,0.1786,0.119,246,13.72,2.34,entro il 1980
043004,Belforte del Chienti,1913,2.7389903329752956,99.60852414901564,0.1768,0.0,187,21.13,2.162,entro il 1980
043005,Bolognola,136,-16.049382716049383,101.47157524783557,0.22,0.0,281,79.379,0.384,entro il 1980
043006,Caldarola,1758,-4.352557127312296,100.94101192901167,0.1838,0.507,202,22.028,1.917,entro il 1970
043007,Camerino,6956,0.8554443961142525,98.2156572010782,0.2206,0.349,1551,34.006,1.525,entro il 1980
043008,Camporotondo di Fiastrone,533,-9.044368600682594,105.91584127103965,0.1772,1.075,61,23.106,2.019,entro il 1990
043009,Castelraimondo,4510,-4.852320675105485,98.91566167155379,0.1929,0.552,471,19.899,1.905,entro il 1990
043010,Castelsantangelo sul Nera,260,-15.032679738562091,96.31909446376595,0.2516,4.316,758,81.769,0.28,entro il 1945
043011,Cessapalombo,491,-10.073260073260073,102.42726235344898,0.1863,1.592,140,38.356,1.345,entro il 1980
043012,Cingoli,10119,-3.2692859191281904,99.61401399740534,0.1837,1.326,1526,27.461,1.821,entro il 1980
043013,Civitanova Marche,42353,5.2823903748632794,100.4102529581174,0.1831,0.504,1844,10.505,2.413,entro il 1990
043014,Colmurano,1244,-2.1243115656963023,100.59873454402272,0.1751,1.842,120,19.868,2.06,entro il 1980
043015,Corridonia,15362,0.0781758957654723,99.20883491954238,0.1813,0.679,635,10.273,2.485,entro il 1990
043016,Esanatoglia,1963,-8.655188459748722,98.10810827898986,0.2029,1.196,360,29.925,1.632,entro il 1980
043017,Fiastra,656,-6.151645207439199,98.17544732827213,0.2265,0.135,950,74.335,0.513,entro il 1970
043019,Fiuminata,1332,-10.604026845637584,97.45021260605282,0.2329,1.672,802,54.856,0.911,entro il 1970
043020,Gagliole,597,-8.715596330275229,98.60082710334372,0.1802,0.31,128,33.247,1.551,entro il 1980
043021,Gualdo,786,-9.342560553633218,98.92109736362514,0.1785,0.0,996,74.328,0.587,entro il 1980
043022,Loro Piceno,2357,-4.767676767676768,101.87427716085735,0.1748,0.117,406,30.052,1.745,entro il 1980
043023,Macerata,41776,-0.41715334556983147,99.05839997418789,0.1828,2.468,3321,15.804,1.988,entro il 1980
043024,Matelica,9665,-4.843949985231859,98.26523815546054,0.1891,1.476,1126,21.596,1.854,entro il 1990
043025,Mogliano,4576,-4.1876046901172534,101.3377517330437,0.1749,2.197,455,21.232,2.135,entro il 1980
043027,Monte Cavallo,129,-14.000000000000002,108.07611935956417,0.2411,0.68,117,62.234,0.686,entro il 1970
043031,Monte San Giusto,7984,-1.3224570510443703,103.02967022695142,0.1828,1.761,434,13.558,2.494,entro il 1980
043032,Monte San Martino,745,-4.853128991060025,101.7523590364978,0.1786,0.0,150,35.377,1.757,entro il 1970
043026,Montecassiano,7080,-1.925474442443552,99.50460986892948,0.1834,0.369,310,10.779,2.462,entro il 1980
043028,Montecosaro,7206,3.9676814312509014,100.47494601328596,0.1832,1.34,476,16.69,2.527,entro il 1990
043029,Montefano,3458,-2.6463963963963963,100.58101720919421,0.1836,4.995,436,25.246,2.002,entro il 1980
043030,Montelupone,3575,-2.6681187040566297,101.9761474923988,0.1832,3.597,253,16.375,2.314,entro il 1990
043033,Morrovalle,10056,-1.7489008304836346,102.03358164023518,0.1831,1.038,537,13.259,2.483,entro il 1990
043034,Muccia,899,-2.810810810810811,98.19918661579386,0.2332,0.2,239,38.989,1.467,entro il 2000
043035,Penna San Giovanni,1065,-7.712305025996534,99.97300854816763,0.1778,0.0,414,46.465,1.195,entro il 1980
043036,Petriolo,1957,-1.3111447302067574,101.81161973768948,0.1749,2.399,149,16.667,2.189,entro il 1980
043038,Pieve Torina,1389,-6.148648648648649,99.70427559578084,0.2425,0.227,765,55.115,1.001,entro il 1970
043039,Pioraco,1106,-11.94267515923567,98.64668717783674,0.1967,1.768,148,21.203,1.585,entro il 1970
043040,Poggio San Vicino,244,-17.28813559322034,103.26670633729375,0.1737,2.326,81,40.909,1.232,entro il 1980
043041,Pollenza,6549,-0.5164818471821357,100.56853314397257,0.1745,0.843,222,8.454,2.494,entro il 1980
043042,Porto Recanati,12609,9.67208837087936,102.39300329448537,0.1812,0.659,3439,41.68,1.528,entro il 1980
043043,Potenza Picena,15827,-0.0126350369574831,100.13835077358323,0.1832,0.942,1795,22.931,2.022,entro il 1990
043044,Recanati,21186,-0.9490859787741363,99.70852600087984,0.1834,2.194,1119,12.256,2.32,entro il 1990
043045,Ripe San Ginesio,848,-1.738122827346466,102.30344067391285,0.1752,1.215,29,7.672,2.243,entro il 1990
043046,San Ginesio,3376,-6.86896551724138,100.36641339888543,0.1834,1.738,940,38.779,1.393,entro il 1980
043047,San Severino Marche,12456,-4.214087972931406,100.6041890494396,0.176,2.471,1351,20.436,1.884,entro il 1980
043048,Sant'Angelo in Pontano,1377,-5.878332194121668,103.94666312740597,0.1764,0.441,114,16.889,2.04,entro il 1980
043049,Sarnano,3220,-4.365904365904366,100.3003910720879,0.1959,0.944,1524,51.021,1.078,entro il 1980
043050,Sefro,407,-5.56844547563805,105.93899398519274,0.2288,7.879,206,51.244,1.012,entro il 1990
043051,Serrapetrona,929,-8.472906403940888,98.40153995377692,0.1789,1.857,201,33.838,1.564,entro il 1980
043052,Serravalle di Chienti,1056,-1.675977653631285,100.62928826205078,0.2424,0.0,1158,68.521,0.625,entro il 2005
043053,Tolentino,19409,-4.506765067650677,100.35080188407379,0.1758,1.503,1351,14.624,2.101,entro il 1980
043054,Treia,9309,-4.699017199017199,100.6843561963145,0.1768,0.74,649,15.438,2.214,entro il 1980
043055,Urbisaglia,2577,-4.731977818853974,99.24523617949733,0.1747,7.672,278,21.368,1.981,entro il 1980
043056,Ussita,419,0.4796163069544364,99.64886755160731,0.2445,0.0,2170,90.266,0.174,entro il 1980
043058,Valfornace,1015,-3.0563514804202483,97.59353366155293,0.2338,1.36,458,50.0,1.108,entro il 1960
043057,Visso,1076,-8.425531914893616,101.29474942106283,0.2509,0.587,901,63.051,0.753,entro il 1960
041001,Acqualagna,4412,-1.9991115059973346,98.75178382129577,0.1765,1.179,490,22.456,2.022,entro il 1980
041002,Apecchio,1819,-9.54748881153655,98.40991046343319,0.2275,0.0,696,44.816,1.171,entro il 1980
041003,Auditore,1543,-5.337423312883435,100.71675880280665,0.1795,2.288,233,27.156,1.798,entro il 1970
041005,Belforte all'Isauro,744,-4.0,100.24618381861012,0.1848,0.935,110,26.442,1.788,entro il 1980
041006,Borgo Pace,613,-5.108359133126935,100.2198206036332,0.2286,2.985,263,48.524,1.131,entro il 1980
041007,Cagli,8546,-4.790552584670231,99.32606791532496,0.1987,0.329,1205,24.417,1.732,entro il 1980
041008,Cantiano,2206,-6.485799067401442,98.77077718819315,0.1985,1.943,793,42.384,1.179,entro il 1970
041009,Carpegna,1689,1.1983223487118035,97.88336405059192,0.1889,0.421,1127,62.128,0.931,entro il 1980
041010,Cartoceto,7936,0.5830164765525983,97.5857932017788,0.1858,1.108,646,17.502,2.15,entro il 1980
041069,Colli al Metauro,12369,1.5517241379310345,99.5084097618907,0.1865,0.885,1246,21.557,2.14,entro il 1990
041013,Fano,60978,-3.1003194075863276,98.79984511679258,0.1847,1.637,7447,22.122,1.811,entro il 1990
041014,Fermignano,8482,-1.5552460538532962,100.00538370353885,0.1751,0.716,633,16.407,2.199,entro il 1990
041015,Fossombrone,9454,-3.9715591670898935,99.94577872152196,0.1807,1.475,855,18.324,2.026,entro il 1980
041016,Fratte Rosa,954,-6.102362204724409,100.60860195998929,0.1802,0.447,214,34.797,1.551,entro il 1970
041017,Frontino,279,-11.146496815286625,101.90768783203573,0.1777,2.454,88,39.819,1.262,entro il 1970
041018,Frontone,1293,-4.151223128243143,97.62905197393584,0.1825,0.0,462,43.875,1.228,entro il 1980
041019,Gabicce Mare,5713,-2.325183792101214,100.20199928641327,0.1832,0.952,1629,39.206,1.375,entro il 1980
041020,Gradara,4888,2.883603451904862,98.4813299627414,0.1842,1.615,263,12.081,2.245,entro il 2000
041021,Isola del Piano,600,-5.511811023622047,100.34876185066109,0.1809,2.713,111,29.759,1.609,entro il 1980
041022,Lunano,1513,-1.6894087069525665,109.260641209846,0.1748,5.694,107,16.462,2.328,entro il 1990
041023,Macerata Feltria,2031,-1.9787644787644787,100.8626046273987,0.1745,1.914,287,24.699,1.748,entro il 1970
041025,Mercatello sul Metauro,1361,-5.156794425087108,97.63693844878956,0.2254,2.386,326,36.384,1.519,entro il 1980
041026,Mercatino Conca,1038,-6.31768953068592,100.76271272257902,0.1773,3.533,198,30.275,1.587,entro il 1980
041027,Mombaroccio,2100,-1.7773620205799812,97.36485296248136,0.1862,5.159,363,29.204,1.689,entro il 1990
041028,Mondavio,3830,-2.470078940667176,97.80937525512705,0.1862,0.565,666,30.245,1.739,entro il 1980
041029,Mondolfo,14265,21.538723694300078,98.95037280215901,0.1834,0.747,2412,34.349,2.031,entro il 1990
041031,Monte Cerignone,656,-4.233576642335766,98.65357272392028,0.175,0.703,220,44.177,1.317,entro il 1980
041035,Monte Grimano Terme,1119,-3.2843560933448575,99.19386415220947,0.1757,0.0,369,42.075,1.276,entro il 1980
041038,Monte Porzio,2843,1.1743772241992882,99.62494745488839,0.1857,0.566,230,17.544,2.169,entro il 1990
041030,Montecalvo in Foglia,2750,1.7388087310395854,99.26494550589926,0.1799,0.557,231,18.348,2.184,entro il 1990
041032,Monteciccardo,1643,-3.409758965314521,98.55634127958781,0.1864,4.861,204,24.199,1.949,entro il 2000
041033,Montecopiolo,1101,-6.0580204778157,100.05412417825676,0.1765,0.675,866,62.257,0.792,entro il 1970
041034,Montefelcino,2627,-3.2056005895357407,98.30562596672662,0.186,3.521,302,22.028,1.916,entro il 1980
041036,Montelabbate,6915,3.4096007178106778,99.09177764015516,0.1861,2.215,361,13.037,2.497,entro il 1990
041041,Peglio,729,0.0,101.0118369860543,0.1756,0.433,89,23.421,1.918,entro il 1970
041043,Pergola,6200,-5.053598774885145,97.88297960373052,0.1771,0.773,1302,31.617,1.506,entro il 1980
041044,Pesaro,94958,0.6486761494922944,98.88906709097,0.1854,0.966,4931,11.288,2.174,entro il 1980
041045,Petriano,2781,-1.1375755421258442,100.28063747626626,0.1804,0.873,175,15.073,2.395,entro il 1990
041047,Piandimeleto,2137,-0.372960372960373,100.33563405680475,0.1799,0.174,256,23.294,1.944,entro il 1980
041048,Pietrarubbia,668,-2.0527859237536656,98.81323604896065,0.1756,4.528,158,35.426,1.498,entro il 1970
041049,Piobbico,1997,-5.712936732766761,98.09137516784658,0.1909,1.471,284,25.133,1.767,entro il 1980
041051,San Costanzo,4772,-1.425325346002892,99.44263213450903,0.1846,2.956,369,16.599,2.147,entro il 2000
041054,San Lorenzo in Campo,3358,-3.533467394426889,98.45982979682981,0.181,1.733,335,19.308,1.935,entro il 1980
041057,Sant'Angelo in Vado,4073,-0.8761255779995134,98.90199018352786,0.1911,0.948,393,20.102,2.083,entro il 1980
041058,Sant'Ippolito,1519,-2.7528809218950063,100.62022858494944,0.1806,0.0,184,23.35,1.928,entro il 1970
041059,Sassocorvaro,3437,-0.779445727482679,99.62700283244034,0.1756,0.346,376,21.572,1.972,entro il 1980
041060,Sassofeltrio,1418,-1.9363762102351314,99.32918833457609,0.1773,0.0,316,34.802,1.562,entro il 1990
041061,Serra Sant'Abbondio,1001,-8.333333333333332,98.5470122957928,0.1796,1.653,395,45.143,1.144,entro il 1980
041064,Tavoleto,871,-2.3542600896860986,97.81891570842784,0.1796,5.06,276,43.949,1.387,entro il 1980
041065,Tavullia,7961,0.9254563894523328,99.98059640874854,0.1859,3.659,536,15.723,2.335,entro il 2000
041070,Terre Roveresche,5260,-6.288972029217888,98.89920260606608,0.1865,2.648,690,24.126,1.839,entro il 1980
041066,Urbania,7076,-0.0988281801496541,98.06783865721103,0.1838,1.83,634,18.903,2.11,entro il 1980
041067,Urbino,14558,-6.095594401083662,99.52776514893267,0.1802,3.401,2751,29.644,1.569,entro il 1980
041068,Vallefoglia,15041,1.5460437483121794,100.10622567803856,0.1864,2.703,763,12.558,2.475,entro il 1990
070001,Acquaviva Collecroce,644,-3.880597014925373,97.88197559154706,0.1717,1.018,164,36.689,1.441,entro il 1960
070002,Baranello,2619,-4.101061882094471,97.87026299972226,0.2565,0.612,272,21.384,2.059,entro il 1980
070003,Bojano,8178,2.8679245283018866,100.25585753580307,0.2688,1.806,1171,28.021,1.957,entro il 1980
070004,Bonefro,1331,-12.664041994750654,98.56102220018553,0.2102,1.532,656,49.175,0.998,entro il 1960
070005,Busso,1214,-11.127379209370424,98.50934834939798,0.2506,0.641,308,34.49,1.359,entro il 1980
070006,Campobasso,49262,1.2059578839239855,99.65074890074186,0.2383,2.348,3864,16.912,2.156,entro il 1990
070007,Campochiaro,635,-0.3139717425431711,101.48463150659852,0.2691,0.0,271,49.005,1.148,entro il 1945
070008,Campodipietra,2514,-1.9883040935672516,98.05994314261905,0.222,2.045,349,27.942,2.013,entro il 2000
070009,Campolieto,872,-6.737967914438503,100.29108559196202,0.2183,1.24,306,43.84,1.249,entro il 1970
070010,Campomarino,8074,14.427437641723357,99.42156372160316,0.1883,0.16,8418,75.007,0.719,entro il 1990
070011,Casacalenda,2049,-7.5361010830324915,98.49197724761784,0.2105,2.277,647,39.766,1.259,entro il 1945
070012,Casalciprano,534,-6.315789473684211,98.56099989002152,0.2508,7.009,479,65.527,0.731,entro il 1970
070013,Castelbottaccio,274,-21.037463976945244,100.5163325677783,0.2053,3.689,333,63.916,0.526,entro il 1945
070014,Castellino del Biferno,556,-5.602716468590832,105.74096540011587,0.2144,0.0,168,39.905,1.321,entro il 1918
070015,Castelmauro,1446,-11.72161172161172,102.43810344011979,0.1852,4.151,443,37.164,1.213,entro il 1970
070016,Castropignano,922,-10.1364522417154,97.41181390632538,0.2439,0.297,327,43.083,1.215,entro il 1970
070017,Cercemaggiore,3723,-5.001275835672366,100.59658399621176,0.2395,1.406,167,10.543,2.35,entro il 1980
070018,Cercepiccola,657,-4.227405247813411,99.35771056887661,0.2397,0.474,195,40.541,1.366,entro il 1960
070019,Civitacampomarano,385,-14.253897550111358,101.47953896856396,0.1988,6.785,220,50.575,0.885,entro il 1945
070020,Colle d'Anchise,791,-1.4943960149439601,98.551123343071,0.2626,1.196,140,27.723,1.566,entro il 1970
070021,Colletorto,1866,-10.503597122302159,99.63979850105902,0.2094,1.521,630,41.722,1.236,entro il 1980
070022,Duronia,407,-4.235294117647059,98.95774794980221,0.2403,2.926,466,69.242,0.605,entro il 1960
070023,Ferrazzano,3316,1.221001221001221,98.8853721556981,0.2355,0.794,197,13.738,2.312,entro il 1990
070024,Fossalto,1296,-12.135593220338983,101.62937235778828,0.2269,0.557,239,28.623,1.552,entro il 1960
070025,Gambatesa,1433,-3.696236559139785,99.37527016215303,0.1973,4.317,578,46.992,1.165,entro il 1970
070026,Gildone,787,-7.411764705882352,99.40510710809521,0.2235,12.661,297,45.413,1.203,entro il 1980
070027,Guardialfiera,1045,-6.613047363717604,100.98393916929,0.1961,0.0,306,39.637,1.354,entro il 1970
070028,Guardiaregia,780,-0.8894536213468869,99.38153757623142,0.269,3.182,368,54.197,1.149,entro il 1970
070029,Guglionesi,5246,-3.9194139194139193,98.80653776443424,0.166,8.997,530,20.0,1.98,entro il 1970
070030,Jelsi,1769,-1.448467966573816,100.88831163767505,0.2061,1.393,410,35.59,1.536,entro il 1970
070031,Larino,6680,-6.442577030812324,98.67569624125785,0.2001,3.133,532,16.857,2.117,entro il 1990
070032,Limosano,744,-9.818181818181818,98.34828538307818,0.2264,10.763,401,54.189,1.005,entro il 1960
070033,Lucito,666,-9.01639344262295,102.64647339680225,0.2173,4.655,360,50.704,0.938,entro il 1945
070034,Lupara,483,-10.223048327137546,99.97479027257536,0.2055,2.582,320,56.14,0.847,entro il 1970
070035,Macchia Valfortore,570,-7.6175040518638575,104.33087123005885,0.2088,1.8,316,50.804,0.916,entro il 1960
070036,Mafalda,1184,-3.2679738562091507,98.09332185032633,0.1249,0.331,250,32.938,1.56,entro il 1980
070037,Matrice,1111,0.45207956600361665,100.52833799887713,0.2212,0.769,193,31.796,1.83,entro il 1980
070038,Mirabello Sannitico,2132,-1.2048192771084338,100.94904376243218,0.2405,1.93,530,39.493,1.589,entro il 1980
070039,Molise,166,0.6060606060606061,99.11528073507016,0.2422,0.0,208,75.636,0.604,entro il 1945
070040,Monacilioni,487,-12.252252252252251,101.14097948472619,0.2135,5.785,146,37.726,1.258,entro il 1960
070041,Montagano,1059,-7.349081364829396,96.76301913111618,0.2224,0.66,446,47.096,1.118,entro il 1918
070042,Montecilfone,1355,-4.172560113154172,100.71686899042626,0.1553,3.363,285,31.492,1.497,entro il 1970
070043,Montefalcone nel Sannio,1509,-8.099878197320342,99.1490999933638,0.1696,0.585,329,33.953,1.557,entro il 1970
070044,Montelongo,357,-7.03125,95.91033678177932,0.2072,4.425,240,58.68,0.873,entro il 1945
070045,Montemitro,352,-21.777777777777775,101.99642440814523,0.1389,0.389,546,72.127,0.465,entro il 1990
070046,Montenero di Bisaccia,6612,-0.5863779882724403,97.5780273330546,0.1293,1.134,1010,27.187,1.78,entro il 1980
070047,Montorio nei Frentani,403,-13.333333333333334,96.64690911082909,0.207,3.226,208,50.242,0.973,entro il 1945
070048,Morrone del Sannio,576,-10.69767441860465,101.55704973565459,0.215,3.476,594,66.147,0.641,entro il 1945
070049,Oratino,1682,7.544757033248081,96.65431521824655,0.2402,2.28,475,43.819,1.552,entro il 2000
070050,Palata,1676,-5.096262740656852,99.12440507377953,0.1742,2.821,595,43.75,1.232,entro il 1970
070051,Petacciato,3811,4.726573234405056,98.62171021114621,0.1116,2.816,900,39.613,1.677,entro il 1990
070052,Petrella Tifernina,1131,-6.528925619834711,98.20417037576198,0.2173,2.431,2117,80.098,0.428,entro il 1970
070053,Pietracatella,1307,-7.95774647887324,100.12518938121282,0.2083,6.029,564,49.387,1.144,entro il 1970
070054,Pietracupa,208,-9.170305676855897,100.7543430280059,0.2313,3.293,284,71.899,0.527,entro il 1945
070055,Portocannone,2490,-2.084152575697994,101.06253118182613,0.1578,2.648,568,36.34,1.593,entro il 1980
070056,Provvidenti,112,-6.666666666666667,103.85752905152991,0.2109,0.0,62,55.856,1.009,entro il 1945
070057,Riccia,5150,-4.221684954435559,98.83232433386678,0.197,4.55,1105,33.792,1.575,entro il 1980
070058,Ripabottoni,531,-2.029520295202952,100.307114066929,0.214,17.021,414,61.516,0.789,entro il 1918
070059,Ripalimosani,3102,4.374158815612382,97.21351228164133,0.2295,0.656,348,23.95,2.135,entro il 1990
070060,Roccavivara,795,-3.5194174757281553,102.46626256259358,0.1682,1.126,254,43.345,1.357,entro il 1970
070061,Rotello,1191,-2.1364009860312243,100.18859509641266,0.2076,0.192,283,35.959,1.513,entro il 1980
070062,Salcito,666,-5.6657223796034,103.21001134252795,0.2186,0.621,1993,87.566,0.293,entro il 1960
070063,San Biase,173,-16.019417475728158,99.67900239457546,0.2111,5.902,250,68.493,0.474,entro il 1945
070064,San Felice del Molise,620,-9.48905109489051,95.92248400783602,0.1502,4.462,211,40.114,1.179,entro il 1980
070065,San Giacomo degli Schiavoni,1406,-0.4953998584571833,96.55470348601067,0.1237,4.121,337,37.865,1.58,entro il 1990
070066,San Giovanni in Galdo,556,-10.897435897435898,102.92798214181533,0.2188,0.685,273,47.232,0.962,entro il 1970
070067,San Giuliano del Sannio,995,-5.147759771210677,97.33689233062206,0.257,12.308,859,65.523,0.759,entro il 1918
070068,San Giuliano di Puglia,1024,-2.4761904761904763,100.06236278757386,0.2097,0.0,266,40.611,1.563,dopo il 2005
070069,San Martino in Pensilis,4752,-1.0412328196584755,98.41410066804801,0.2023,0.91,718,28.014,1.854,entro il 1980
070070,San Massimo,873,4.8019207683073235,97.56414079398145,0.2684,6.005,1119,74.7,0.583,entro il 1970
070071,San Polo Matese,483,5.458515283842795,100.78002053284058,0.2691,0.738,127,40.575,1.543,entro il 1970
070072,Santa Croce di Magliano,4345,-7.17795342875454,100.19569656811001,0.2089,0.887,580,23.997,1.798,entro il 1980
070073,Sant'Angelo Limosano,347,-0.28735632183908044,101.32501994819471,0.2196,0.0,209,57.735,0.959,entro il 1945
070074,Sant'Elia a Pianisi,1732,-9.224318658280922,99.21094846865095,0.2131,4.781,749,47.798,1.105,entro il 1960
070075,Sepino,1910,-3.7298387096774195,100.92994463009677,0.2673,2.87,595,43.21,1.387,entro il 1960
070076,Spinete,1251,-8.752735229759299,96.85776787892476,0.2622,1.284,282,36.767,1.631,entro il 1990
070077,Tavenna,675,-16.149068322981368,101.33186300875767,0.1361,2.083,281,42.192,1.014,entro il 1970
070078,Termoli,33583,2.343511915645761,99.33603825153045,0.1348,0.837,3196,19.606,2.06,entro il 1990
070079,Torella del Sannio,759,-4.166666666666666,96.91016617548593,0.2386,6.947,348,50.289,1.097,entro il 1980
070080,Toro,1327,-8.102493074792244,100.26240744185445,0.2146,2.144,216,27.238,1.673,entro il 1980
070081,Trivento,4663,-2.9754473574698292,98.90104397704407,0.2044,0.77,584,23.692,1.892,entro il 1980
070082,Tufara,887,-9.025641025641026,99.28141573836439,0.1757,0.853,361,46.341,1.139,entro il 1970
070083,Ururi,2652,-4.672897196261682,100.91842495959297,0.2006,0.894,334,23.291,1.849,entro il 1980
070084,Vinchiaturo,3320,2.7545651501083257,97.56772243308477,0.2619,2.421,798,38.2,1.589,entro il 1990
094001,Acquaviva d'Isernia,413,-9.030837004405285,96.23255596444633,0.2728,0.0,74,30.328,1.693,entro il 1980
094002,Agnone,5008,-4.11640819452422,97.4393647480583,0.2212,0.843,1114,33.645,1.513,entro il 1960
094003,Bagnoli del Trigno,708,-8.171206225680933,99.05850258794082,0.2298,3.574,1092,72.8,0.472,entro il 1970
094004,Belmonte del Sannio,735,-8.808933002481389,101.42743451683658,0.1669,9.123,307,44.949,1.076,entro il 1980
094005,Cantalupo nel Sannio,764,4.945054945054945,99.23666247051834,0.2674,18.094,472,57.914,0.937,entro il 1945
094006,Capracotta,874,-7.5132275132275135,94.86714946242846,0.2297,0.467,1315,72.412,0.481,entro il 1960
094007,Carovilli,1338,-6.105263157894736,99.10986131686424,0.2461,0.434,394,40.66,1.381,entro il 1960
094008,Carpinone,1126,-7.931316434995912,99.80298946802739,0.2645,0.0,413,45.736,1.247,entro il 1918
094009,Castel del Giudice,324,-8.98876404494382,102.41066746712056,0.2366,0.0,268,60.09,0.726,entro il 1980
094012,Castel San Vincenzo,504,-7.6923076923076925,99.2718568202991,0.2726,0.0,286,52.285,0.921,entro il 1960
094010,Castelpetroso,1640,-1.0856453558504222,97.55658744758533,0.266,4.787,1159,63.646,0.901,entro il 1980
094011,Castelpizzuto,165,2.484472049689441,99.07921586975961,0.2662,0.0,170,71.73,0.696,entro il 1960
094013,Castelverrino,107,-13.709677419354838,97.07568050164141,0.1973,0.667,160,70.175,0.469,entro il 1945
094014,Cerro al Volturno,1250,-6.507105459985041,101.42696564563713,0.2736,0.132,461,44.242,1.2,entro il 1970
094015,Chiauci,221,-16.917293233082706,95.92145326852717,0.2343,0.0,524,79.394,0.335,entro il 1990
094016,Civitanova del Sannio,918,-3.571428571428571,98.27268048068758,0.2453,0.843,282,41.84,1.362,entro il 1970
094017,Colli a Volturno,1339,-2.618181818181818,100.23781731088646,0.2738,0.0,213,27.771,1.746,entro il 1980
094018,Conca Casale,189,-10.0,102.63540309663962,0.2553,0.0,72,42.353,1.112,entro il 1945
094019,Filignano,636,-6.881405563689605,99.91230401797173,0.2704,6.617,529,61.156,0.735,entro il 1970
094020,Forlì del Sannio,683,-6.181318681318682,101.19115813192562,0.2722,0.206,303,48.636,1.096,entro il 1945
094021,Fornelli,1929,0.2077922077922078,98.73124150683991,0.2739,0.491,42,5.622,2.582,entro il 1990
094022,Frosolone,3172,-2.0080321285140563,99.53376831839246,0.2572,5.191,762,36.954,1.538,entro il 1970
094023,Isernia,21666,-1.4061433447098977,100.91249668358414,0.2729,0.198,2408,22.381,2.014,entro il 1990
094024,Longano,680,-2.2988505747126435,98.6597226602423,0.2645,0.8,228,44.97,1.341,entro il 1980
094025,Macchia d'Isernia,1100,13.168724279835391,97.82706203542317,0.2731,1.389,60,12.821,2.35,entro il 1960
094026,Macchiagodena,1808,-1.8990775908844275,101.1209223416003,0.2657,4.181,277,28.854,1.883,entro il 1980
094027,Miranda,1022,-3.5849056603773586,101.4958610076149,0.2605,0.418,135,24.908,1.886,entro il 1970
094028,Montaquila,2394,-2.365415986949429,98.36409831192564,0.2725,2.433,379,29.403,1.857,entro il 1980
094029,Montenero Val Cocchiara,514,-7.553956834532374,97.84408802550475,0.2726,0.447,363,57.256,0.811,entro il 1945
094030,Monteroduni,2135,-4.174147217235189,98.66773304118645,0.2712,1.016,398,29.547,1.585,entro il 1970
094031,Pesche,1690,6.289308176100629,98.4076430989833,0.2611,2.155,163,21.704,2.25,entro il 1990
094032,Pescolanciano,848,-3.1963470319634704,97.29444402855957,0.2405,0.154,361,52.471,1.233,entro il 1970
094033,Pescopennataro,273,-9.0,99.05858485814882,0.1858,0.0,161,50.313,0.853,entro il 1970
094034,Pettoranello del Molise,444,-2.417582417582418,101.7771006407305,0.2665,3.906,168,48.98,1.294,entro il 1970
094035,Pietrabbondante,735,-10.365853658536585,97.5887516030948,0.2258,0.0,386,51.604,0.983,entro il 1945
094036,Pizzone,312,-6.306306306306306,97.81649605554198,0.2701,0.524,169,49.706,0.918,entro il 1945
094037,Poggio Sannita,647,-15.203145478374836,101.29986507355916,0.2047,5.256,601,60.585,0.652,entro il 1990
094038,Pozzilli,2337,3.4528552456839305,98.67226629699297,0.2672,0.0,185,16.474,2.081,entro il 1980
094039,Rionero Sannitico,1130,0.4444444444444444,101.9903281552693,0.2719,0.188,348,42.595,1.383,entro il 1970
094040,Roccamandolfi,937,-4.776422764227642,100.43906546171614,0.2677,2.842,188,30.769,1.534,entro il 1980
094041,Roccasicura,531,-4.496402877697841,100.65747157576496,0.256,0.0,367,59.481,0.861,entro il 1945
094042,Rocchetta a Volturno,1096,3.3962264150943398,100.18302360050029,0.2733,0.0,343,42.556,1.36,entro il 1980
094043,San Pietro Avellana,515,-3.7383177570093453,98.90406908737775,0.2604,0.276,427,61.263,0.739,entro il 1980
094045,Santa Maria del Molise,675,6.80379746835443,102.6688631632221,0.2665,0.0,85,23.546,1.87,entro il 1945
094044,Sant'Agapito,1469,5.380200860832137,98.24737285741641,0.2628,0.0,173,23.128,1.964,entro il 1990
094046,Sant'Angelo del Pesco,356,-2.73224043715847,98.24865848549794,0.2186,0.0,285,61.822,0.772,entro il 1970
094047,Sant'Elena Sannita,295,13.026819923371647,100.65935606846236,0.2611,0.957,700,82.45,0.347,entro il 1945
094048,Scapoli,649,-14.266842800528401,103.30099802940711,0.2722,0.0,143,28.205,1.28,entro il 1970
094049,Sessano del Molise,730,-0.9497964721845319,98.11236629224335,0.2549,0.0,180,35.857,1.454,entro il 1945
094050,Sesto Campano,2313,0.043252595155709346,99.96648888733827,0.2229,0.0,220,18.503,1.945,entro il 1980
094051,Vastogirardi,684,-5.914718019257221,99.00051394403864,0.263,0.0,257,42.2,1.123,entro il 1945
094052,Venafro,11209,-0.20477207977207976,101.35836427734964,0.2564,1.688,823,17.036,2.32,entro il 1990
006001,Acqui Terme,19651,-1.5382302835955506,99.32929190088889,0.0588,0.678,1721,15.314,1.749,entro il 1980
006002,Albera Ligure,308,-6.382978723404255,96.93099588235022,0.098,1.232,262,58.093,0.683,entro il 1980
006003,Alessandria,93980,5.013799962008202,99.03151106428957,0.077,1.469,6217,13.323,2.014,entro il 1980
006004,Alfiano Natta,781,4.832214765100671,96.3881335034352,0.0388,0.176,250,42.017,1.313,entro il 1945
006005,Alice Bel Colle,754,-2.457956015523933,96.09360501721072,0.0575,5.993,276,44.302,1.21,entro il 1970
006192,Alluvioni Piovera,1739,-2.9575892857142856,98.77254738794653,0.0629,2.408,217,22.628,1.813,entro il 1960
006007,Altavilla Monferrato,447,-9.330628803245435,97.35852363746878,0.0432,4.326,207,46.309,1.0,entro il 1945
006008,Alzano Scrivia,370,-3.896103896103896,99.152595194415,0.070175,0.0,6,3.614,2.229,entro il 1980
006009,Arquata Scrivia,6397,5.179217362709635,98.06748091804577,0.0939,0.316,182,5.981,2.102,entro il 1970
006010,Avolasca,271,-12.297734627831716,96.50432342054077,0.0951,6.513,129,47.08,0.989,entro il 1945
006011,Balzola,1371,-2.9723991507431,97.04630417882998,0.0378,3.395,150,18.844,1.722,entro il 1945
006012,Basaluzzo,2095,0.9638554216867471,95.92791394924554,0.0836,0.86,137,13.755,2.103,entro il 1980
006013,Bassignana,1671,-3.7442396313364052,97.89241935970591,0.0601,0.299,241,24.542,1.702,entro il 1945
006014,Belforte Monferrato,506,0.3968253968253968,99.22271905509514,0.0725,2.767,171,42.537,1.259,entro il 1970
006015,Bergamasco,726,-5.221932114882506,99.88758972415185,0.0525,1.735,156,30.233,1.407,entro il 1960
006016,Berzano di Tortona,155,-9.883720930232558,97.72889359296965,0.09087500000000001,0.0,45,44.118,1.52,entro il 1960
006017,Bistagno,1813,-6.159420289855073,99.96374620331123,0.0513,2.489,404,31.44,1.411,entro il 1970
006018,Borghetto di Borbera,1988,-0.15067805123053743,98.05191401865825,0.0959,0.973,590,37.991,1.28,entro il 1980
006020,Borgo San Martino,1411,-4.533152909336942,96.64316991714125,0.0422,0.0,15,2.534,2.383,entro il 1960
006019,Borgoratto Alessandrino,570,-7.317073170731707,99.11608106710779,0.0601,0.0,55,17.241,1.787,entro il 1945
006021,Bosco Marengo,2374,-6.277141729174891,98.91548978954351,0.0808,1.057,207,16.109,1.847,entro il 1945
006022,Bosio,1195,-3.6290322580645165,97.73958757727762,0.0864,0.267,461,43.205,1.12,entro il 1960
006023,Bozzole,342,5.88235294117647,98.2619214665113,0.0474,0.0,88,37.768,1.468,entro il 1960
006024,Brignano-Frascata,433,-3.7777777777777777,98.59207667801182,0.096,0.0,137,37.33,1.18,entro il 1970
006025,Cabella Ligure,526,-5.054151624548736,95.23685253898012,0.0987,2.957,1032,75.938,0.387,entro il 1945
006026,Camagna Monferrato,512,0.0,95.92311375850355,0.0432,0.754,165,38.372,1.191,entro il 1945
006027,Camino,769,-3.5131744040150563,97.9889009203697,0.0373,0.917,295,41.608,1.085,entro il 1918
006028,Cantalupo Ligure,504,-7.6923076923076925,98.90480577327958,0.0975,0.172,895,75.147,0.423,entro il 1980
006029,Capriata d'Orba,1858,-3.329864724245578,96.5655722424388,0.0843,1.852,386,30.062,1.447,entro il 1980
006030,Carbonara Scrivia,1133,7.904761904761905,98.55832884283254,0.0864,0.282,78,15.569,2.261,entro il 1990
006031,Carentino,331,5.414012738853503,100.79020736684551,0.0556,0.948,53,24.766,1.547,entro il 1980
006032,Carezzano,439,-1.7897091722595078,95.3928169862516,0.093,1.044,188,44.55,1.04,entro il 1960
006033,Carpeneto,977,-3.075396825396825,97.88371281963394,0.0757,0.0,696,60.417,0.848,entro il 1970
006034,Carrega Ligure,86,2.380952380952381,97.29111157763604,0.0988,11.551,1554,96.402,0.053,entro il 1918
006035,Carrosio,507,4.75206611570248,97.12982621144052,0.09,2.083,190,44.186,1.179,entro il 1970
006036,Cartosio,750,-7.975460122699387,99.03571263114712,0.0524,0.802,499,56.067,0.843,entro il 1980
006037,Casal Cermelli,1222,-1.4516129032258065,98.29212975558967,0.0702,0.2,126,20.388,1.977,entro il 1945
006039,Casale Monferrato,34010,-2.0872318986612926,98.6102604392888,0.0415,1.017,2190,11.931,1.853,entro il 1970
006038,Casaleggio Boiro,373,-5.808080808080808,97.75052773716573,0.0797,2.966,137,41.896,1.141,entro il 1980
006040,Casalnoceto,963,-5.402750491159136,98.54680163260855,0.0909,0.763,103,18.934,1.77,entro il 1970
006041,Casasco,137,8.73015873015873,94.36963857419876,0.0946,0.581,106,60.571,0.783,entro il 1990
006191,Cassano Spinola,1852,-6.417382516422436,97.8395787015076,0.0923,0.552,209,18.627,1.651,entro il 1970
006043,Cassine,2953,-2.829878249424153,98.16736769411827,0.0634,4.566,841,37.311,1.31,entro il 1960
006044,Cassinelle,914,-3.68809272918862,97.864996288187,0.0609,1.729,699,59.54,0.779,entro il 1970
006045,Castellania,92,1.098901098901099,94.82371704878015,0.0938,0.0,33,40.741,1.136,entro il 1945
006046,Castellar Guidobono,387,-9.367681498829041,93.4544755505722,0.09003333333333334,0.0,48,20.426,1.647,entro il 1970
006047,Castellazzo Bormida,4520,-1.3100436681222707,97.45028180456497,0.0722,0.745,117,5.671,2.191,entro il 1945
006048,Castelletto d'Erro,152,1.3333333333333335,97.78035652443374,0.0514,0.0,31,28.972,1.421,entro il 1960
006049,Castelletto d'Orba,1957,-6.273946360153257,97.26579429024716,0.0839,2.218,493,33.424,1.327,entro il 1980
006050,Castelletto Merli,456,-5.590062111801243,98.34011786287539,0.0383,3.322,128,36.994,1.318,entro il 1945
006051,Castelletto Monferrato,1526,-2.053915275994865,95.66621896172832,0.0488,0.645,182,21.875,1.834,entro il 1980
006052,Castelnuovo Bormida,698,1.1594202898550725,96.80226926044519,0.0681,2.32,190,36.329,1.335,entro il 1960
006053,Castelnuovo Scrivia,5193,-4.152823920265781,97.77522464654767,0.0784,2.772,105,4.442,2.197,entro il 1970
006054,Castelspina,418,-0.7125890736342043,97.31609922704793,0.0636,1.923,41,17.982,1.833,entro il 1945
006055,Cavatore,286,-4.3478260869565215,95.81031998398986,0.0556,2.586,69,32.394,1.343,entro il 1970
006056,Cella Monte,504,-3.816793893129771,94.03649650876007,0.0397,0.0,90,28.571,1.6,entro il 1945
006057,Cereseto,411,-9.670329670329672,93.08223089358624,0.0386,2.076,144,41.026,1.171,entro il 1945
006058,Cerreto Grue,305,-5.572755417956656,97.67193320514099,0.0922,0.0,78,35.135,1.374,entro il 1960
006059,Cerrina Monferrato,1372,-7.547169811320755,98.9056558699855,0.0381,1.196,200,23.725,1.628,entro il 1970
006060,Coniolo,461,1.991150442477876,99.06644416010447,0.0382,0.0,66,24.444,1.707,entro il 1970
006061,Conzano,954,-6.009852216748769,98.43441534189553,0.0432,1.549,141,24.824,1.68,entro il 1980
006062,Costa Vescovato,329,-8.100558659217876,98.2945075842909,0.0931,3.6,120,40.956,1.123,entro il 1918
006063,Cremolino,1076,0.5607476635514018,96.22747060911136,0.0684,0.688,477,48.279,1.089,entro il 1970
006064,Cuccaro Monferrato,323,-5.0,99.27789054410204,0.0441,1.639,188,51.791,0.89,entro il 1918
006065,Denice,172,-10.880829015544041,100.83703438271776,0.0495,0.645,336,76.888,0.394,entro il 1960
006066,Dernice,180,-12.62135922330097,98.4112536542938,0.0967,1.98,82,38.863,0.853,entro il 1990
006067,Fabbrica Curone,631,-8.815028901734104,97.48556363574899,0.0989,1.674,2469,86.178,0.22,entro il 1980
006068,Felizzano,2282,-5.19318653926049,100.101137734621,0.0492,1.671,132,11.702,2.023,entro il 1980
006069,Fraconalto,329,-6.534090909090909,98.43747942740221,0.0892,3.571,329,65.538,0.655,entro il 1970
006070,Francavilla Bisio,508,-1.9305019305019304,98.55230471610547,0.0867,1.361,81,25.234,1.583,entro il 1990
006071,Frascaro,432,-2.0408163265306123,97.18237985385807,0.0588,0.524,59,24.28,1.778,entro il 1970
006072,Frassinello Monferrato,495,-6.954887218045112,95.09204530635762,0.0408,0.631,109,29.301,1.331,entro il 1918
006073,Frassineto Po,1411,-4.144021739130435,98.36152407959175,0.0421,3.357,65,9.503,2.063,entro il 1990
006074,Fresonara,690,-6.122448979591836,99.72059139956409,0.0781,0.261,132,28.884,1.51,entro il 1918
006075,Frugarolo,1961,-2.7281746031746033,97.45442004760912,0.0744,2.439,131,12.919,1.934,entro il 1970
006076,Fubine,1600,-2.4984765386959173,99.3993585588098,0.0462,0.3,233,23.897,1.641,entro il 1960
006077,Gabiano,1139,-5.241264559068219,98.35328585582955,0.0376,1.592,136,18.968,1.589,entro il 1945
006078,Gamalero,832,-3.255813953488372,97.40156847500255,0.0602,1.58,137,26.448,1.606,entro il 1960
006079,Garbagna,679,-4.231311706629055,97.8657378652156,0.0959,2.068,347,50.954,0.997,entro il 1970
006081,Gavi,4533,-3.5942152275627395,97.52329976097737,0.092,0.888,918,30.247,1.494,entro il 1980
006082,Giarole,707,-2.3480662983425415,99.30328878123125,0.0452,7.692,47,13.623,2.049,entro il 1980
006083,Gremiasco,318,-7.55813953488372,95.72994255671613,0.0971,0.0,129,41.883,1.032,entro il 1960
006084,Grognardo,253,-14.527027027027026,94.25844835220168,0.0575,2.308,217,53.98,0.629,entro il 1945
006085,Grondona,492,-10.054844606946983,95.97226183286625,0.0959,0.219,253,47.917,0.932,entro il 1945
006086,Guazzora,306,-2.2364217252396164,94.95406698099627,0.0649,3.546,28,17.949,1.962,entro il 1945
006087,Isola Sant'Antonio,686,-5.639614855570839,98.40394677451422,0.0674,3.561,60,16.129,1.844,entro il 1945
006088,Lerma,837,-3.4602076124567476,98.28652831605172,0.0788,0.376,431,49.145,0.954,entro il 1980
006089,Lu,1103,-5.967604433077579,97.38486688704845,0.0463,2.607,215,27.742,1.423,entro il 1945
006090,Malvicino,80,-2.4390243902439024,99.73717861013735,0.0519,3.361,309,86.555,0.224,entro il 1970
006091,Masio,1385,-4.482758620689655,96.8242276031607,0.0503,4.972,181,21.471,1.643,entro il 1945
006092,Melazzo,1294,-1.6717325227963524,96.72289890869862,0.0545,0.519,385,37.745,1.269,entro il 1970
006093,Merana,189,2.1621621621621623,97.1174710694793,0.05,4.38,62,39.241,1.196,entro il 1960
006094,Mirabello Monferrato,1332,-4.925053533190578,97.82761606416489,0.0452,0.497,29,4.489,2.062,entro il 1918
006095,Molare,2117,-6.945054945054944,98.51823444903599,0.0648,1.031,465,31.062,1.414,entro il 1980
006096,Molino dei Torti,593,-8.346213292117465,99.53986772670196,0.07,2.19,140,32.258,1.366,entro il 1945
006097,Mombello Monferrato,1050,-2.957486136783734,99.07803056805525,0.038,0.621,236,32.065,1.427,entro il 1945
006098,Momperone,224,4.672897196261682,99.5045512784072,0.0947,1.639,101,48.325,1.072,entro il 1970
006099,Moncestino,197,-13.973799126637553,95.65779009006144,0.0378,3.086,95,46.569,0.966,entro il 1918
006100,Mongiardino Ligure,159,-8.620689655172415,96.05649911447388,0.0971,2.614,276,71.875,0.414,entro il 1970
006101,Monleale,557,-5.272108843537415,97.14241541863869,0.0932,1.859,76,20.879,1.53,entro il 1960
006102,Montacuto,263,-13.2013201320132,98.93953700434179,0.0974,4.724,232,57.002,0.646,entro il 1970
006103,Montaldeo,257,-10.76388888888889,100.42600547396658,0.0829,2.273,130,44.369,0.877,entro il 1945
006104,Montaldo Bormida,627,-11.189801699716714,98.02822195013069,0.0689,0.922,173,33.333,1.208,entro il 1945
006105,Montecastello,314,-2.1806853582554515,99.16450068021364,0.0605,2.49,89,36.032,1.271,entro il 1945
006106,Montechiaro d'Acqui,540,-3.9145907473309607,97.68539739718034,0.0513,1.701,185,38.542,1.125,entro il 1970
006107,Montegioco,325,0.6191950464396285,96.74695532834926,0.0932,4.317,56,29.947,1.738,entro il 1970
006108,Montemarzino,318,-7.288629737609329,97.39013576360105,0.094,0.334,399,68.912,0.549,entro il 1960
006109,Morano sul Po,1427,-5.621693121693121,99.20052412787368,0.0375,3.91,188,22.222,1.687,entro il 1945
006110,Morbello,423,2.669902912621359,98.11320636689327,0.0595,1.13,120,33.613,1.185,entro il 1970
006111,Mornese,730,-0.4092769440654843,97.7286463656301,0.0824,0.457,303,46.401,1.118,entro il 1970
006112,Morsasco,665,-7.12290502793296,100.08570505532727,0.0645,0.0,176,33.27,1.257,entro il 1980
006113,Murisengo,1401,-3.512396694214876,99.72512622631447,0.0387,0.136,266,28.726,1.513,entro il 1960
006114,Novi Ligure,28210,2.1990363366300762,99.55132857451157,0.0911,0.41,2812,18.067,1.813,entro il 1970
006115,Occimiano,1300,-5.247813411078718,96.35655941924733,0.0441,1.754,88,14.08,2.08,entro il 1980
006116,Odalengo Grande,419,-12.526096033402922,96.85030317130607,0.0382,1.039,183,45.636,1.045,entro il 1945
006117,Odalengo Piccolo,266,-2.2058823529411766,95.3722830802283,0.0383,2.151,85,39.906,1.249,entro il 1918
006118,Olivola,118,-3.278688524590164,100.33049216108864,0.040825,0.0,61,52.137,1.009,entro il 1918
006119,Orsara Bormida,407,-0.24509803921568626,98.66278204217006,0.0651,4.56,187,48.953,1.065,entro il 1918
006120,Ottiglio,626,-6.845238095238096,100.43216426130877,0.0398,1.932,218,41.288,1.186,entro il 1970
006121,Ovada,11365,-2.62188330048839,98.72060901576091,0.0731,2.828,1301,19.286,1.685,entro il 1980
006122,Oviglio,1260,-4.182509505703422,97.4010570778789,0.0538,0.0,132,18.232,1.74,entro il 1960
006123,Ozzano Monferrato,1419,-4.892761394101877,97.24329810686254,0.0388,2.606,167,19.881,1.689,entro il 1960
006124,Paderna,204,-11.688311688311687,98.7817718972974,0.0911,0.629,53,30.994,1.193,entro il 1918
006125,Pareto,531,-11.5,97.00755082640208,0.0522,0.0,310,48.513,0.831,entro il 1970
006126,Parodi Ligure,646,-9.014084507042254,95.57394032756197,0.0875,1.517,495,56.831,0.742,entro il 1970
006127,Pasturana,1302,3.3333333333333335,97.73674333050676,0.086,1.937,132,19.13,1.887,entro il 1990
006128,Pecetto di Valenza,1230,-0.08123476848090982,96.36048021401174,0.0566,0.797,431,45.464,1.297,entro il 1980
006129,Pietra Marazzi,923,1.7640573318632855,96.03628435273676,0.0605,0.0,849,68.523,0.745,entro il 1980
006131,Pomaro Monferrato,370,-4.884318766066838,94.90171352600893,0.0463,11.0,66,26.295,1.474,entro il 1945
006132,Pontecurone,3603,-6.025039123630673,99.79198086518753,0.0856,1.342,107,6.246,2.103,entro il 1980
006133,Pontestura,1439,-4.066666666666666,97.5482423318153,0.0379,1.112,297,29.909,1.449,entro il 1960
006134,Ponti,591,-3.7459283387622153,97.94439771045714,0.0503,10.089,204,40.8,1.182,entro il 1970
006135,Ponzano Monferrato,334,-13.020833333333334,100.0825922294591,0.0385,2.882,191,51.344,0.898,entro il 1945
006136,Ponzone,1003,-5.555555555555555,97.40016248014078,0.0554,0.0,1490,70.283,0.473,entro il 1970
006137,Pozzol Groppo,303,-16.298342541436465,98.50395854961577,0.0947,3.503,156,46.154,0.896,entro il 1980
006138,Pozzolo Formigaro,4690,-4.207516339869281,97.86833019431974,0.0878,2.853,171,7.648,2.097,entro il 1970
006139,Prasco,490,-11.39240506329114,96.55672828275259,0.0603,0.333,224,45.714,1.0,entro il 1960
006140,Predosa,2010,-3.2723772858517806,100.91173136638314,0.0779,3.686,388,29.869,1.547,entro il 1970
006141,Quargnento,1409,1.5861571737563085,98.39529840400357,0.0486,0.716,183,24.206,1.864,entro il 1970
006142,Quattordio,1624,-2.6378896882494005,97.82268822697682,0.0458,0.357,137,16.526,1.959,entro il 1970
006143,Ricaldone,657,-3.2400589101620034,96.47952570949607,0.0559,2.222,158,33.689,1.401,entro il 1960
006144,Rivalta Bormida,1434,0.7022471910112359,96.5120075327056,0.0654,1.788,335,33.136,1.418,entro il 1945
006145,Rivarone,408,14.606741573033707,97.94029447835997,0.0603,2.404,88,33.977,1.575,entro il 1918
006147,Rocca Grimalda,1503,0.0,96.08860886823146,0.0786,2.962,1273,64.521,0.762,entro il 1945
006146,Roccaforte Ligure,126,-18.181818181818183,91.11856432871804,0.0964,5.172,179,63.475,0.447,entro il 1990
006148,Rocchetta Ligure,214,2.8846153846153846,96.03276808023143,0.0968,1.136,126,52.066,0.884,entro il 1970
006149,Rosignano Monferrato,1535,-6.116207951070336,97.9606310567672,0.0408,0.274,275,28.351,1.582,entro il 1960
006150,Sala Monferrato,341,-8.579088471849866,98.5663216418274,0.0389,9.294,83,29.964,1.231,entro il 1945
006151,Sale,4081,-3.2250414986957554,100.00014245523947,0.074,1.611,250,12.994,2.121,entro il 1970
006152,San Cristoforo,592,-2.631578947368421,98.04082920770824,0.0863,1.524,160,35.165,1.301,entro il 1980
006153,San Giorgio Monferrato,1237,-3.2081377151799684,94.61620432792387,0.0391,3.063,128,18.907,1.827,entro il 1970
006154,San Salvatore Monferrato,4247,-4.346846846846847,96.81853335740388,0.0502,0.719,448,18.983,1.8,entro il 1980
006155,San Sebastiano Curone,576,-1.7064846416382253,98.28174189578745,0.0967,3.323,186,41.798,1.294,entro il 1960
006156,Sant'Agata Fossili,404,-8.597285067873303,97.75381501803895,0.0936,4.321,133,35.185,1.069,entro il 1970
006157,Sardigliano,406,-9.57683741648107,94.04880112544775,0.0943,1.562,180,43.478,0.981,entro il 1960
006158,Sarezzano,1162,-2.5984911986588433,97.77078678834974,0.0911,0.58,116,17.764,1.779,entro il 1980
006159,Serralunga di Crea,532,-9.05982905982906,98.21824258629873,0.0381,0.613,205,42.797,1.111,entro il 1960
006160,Serravalle Scrivia,5993,-5.5476753349093775,99.7394262740309,0.0927,1.517,598,17.761,1.78,entro il 1980
006161,Sezzadio,1243,-3.8669760247486464,99.68972622746924,0.0723,8.0,229,28.412,1.542,entro il 1980
006162,Silvano d'Orba,1980,-3.225806451612903,97.72825932158754,0.0801,3.536,362,27.868,1.524,entro il 1970
006163,Solero,1676,0.6002400960384154,96.30889586340334,0.0511,0.437,147,16.762,1.911,entro il 1960
006164,Solonghello,217,-1.809954751131222,98.75391448196412,0.0378,0.0,261,70.924,0.59,entro il 1945
006165,Spigno Monferrato,1015,-9.617097061442564,98.35340646740781,0.051,4.557,571,50.576,0.899,entro il 1945
006166,Spineto Scrivia,351,6.363636363636363,95.12158346018816,0.0898,0.0,100,34.13,1.198,entro il 1960
006167,Stazzano,2417,-0.9426229508196722,96.53295260113713,0.0942,1.138,433,29.021,1.62,entro il 1990
006168,Strevi,1946,-4.4204322200392925,100.87438732862562,0.0618,1.959,1503,63.444,0.821,entro il 1960
006169,Tagliolo Monferrato,1567,-2.670807453416149,98.277634169181,0.0761,0.486,487,38.805,1.249,entro il 1980
006170,Tassarolo,650,2.20125786163522,96.52377591775983,0.0886,2.18,114,27.404,1.562,entro il 1990
006171,Terruggia,932,3.325942350332594,98.3001594575531,0.0407,0.971,92,19.45,1.97,entro il 1980
006172,Terzo,883,-2.8602860286028604,99.34980174810029,0.0527,0.985,144,26.374,1.617,entro il 1980
006173,Ticineto,1335,-6.773743016759777,98.05802595332067,0.0431,0.0,81,11.705,1.929,entro il 1970
006174,Tortona,27299,5.0486781852464695,98.26383044406414,0.0882,0.365,1897,13.985,2.012,entro il 1980
006175,Treville,287,3.237410071942446,96.63672325135667,0.0385,6.667,83,37.22,1.287,entro il 1945
006176,Trisobbio,675,1.0479041916167664,97.70312062160642,0.0679,1.403,343,51.502,1.014,entro il 1945
006177,Valenza,18804,-4.451219512195122,98.5604936433387,0.0532,0.953,2550,22.032,1.625,entro il 1980
006178,Valmacca,1018,-3.323836657169991,97.52591204602184,0.045,2.648,105,18.103,1.755,entro il 1945
006179,Vignale Monferrato,980,-7.981220657276995,97.51501648072171,0.0424,0.329,386,42.558,1.08,entro il 1918
006180,Vignole Borbera,2094,-6.266786034019696,100.51207184427096,0.0943,1.457,76,7.057,1.944,entro il 1980
006181,Viguzzolo,3143,-2.209085252022402,97.08752941389868,0.0897,0.948,165,10.806,2.058,entro il 1980
006182,Villadeati,479,-6.990291262135923,95.87041966272308,0.0387,0.587,313,57.643,0.882,entro il 1980
006183,Villalvernia,899,-6.742738589211618,99.93640379647009,0.0909,0.629,113,21.201,1.687,entro il 1980
006184,Villamiroglio,307,-7.807807807807808,97.63766800832445,0.038,2.432,228,56.858,0.766,entro il 1918
006185,Villanova Monferrato,1845,-0.8597528210639441,97.71867878545126,0.0384,0.808,120,13.26,2.039,entro il 1990
006186,Villaromagnano,679,-2.722063037249284,96.05913540121811,0.0911,0.0,85,21.144,1.689,entro il 1970
006187,Visone,1236,-1.6706443914081146,98.86875612288202,0.0585,0.566,319,33.264,1.289,entro il 1970
006188,Volpedo,1188,-2.2222222222222223,98.92375121974821,0.0931,2.968,169,23.151,1.627,entro il 1970
006189,Volpeglino,138,-14.814814814814813,95.44786993232766,0.0895,0.0,36,34.286,1.314,entro il 1918
006190,Voltaggio,724,-5.483028720626632,99.69876649868631,0.0906,2.525,633,61.576,0.704,entro il 1945
005001,Agliano Terme,1633,-2.6817640047675804,97.77909321736057,0.0451,0.382,392,35.031,1.459,entro il 1945
005002,Albugnano,508,-5.9259259259259265,96.9987893007543,0.0415,0.662,162,42.52,1.333,entro il 1970
005003,Antignano,971,-4.803921568627452,98.91452749009115,0.0424,3.49,284,39.499,1.35,entro il 1960
005004,Aramengo,592,-4.823151125401929,97.400712779161,0.0406,1.724,266,45.783,1.019,entro il 1945
005005,Asti,76211,3.1788581563164233,99.56650149507146,0.0424,0.62,5524,14.485,1.998,entro il 1980
005006,Azzano d'Asti,378,-9.352517985611511,100.2268418605688,0.0424,1.364,75,29.762,1.5,entro il 1960
005007,Baldichieri d'Asti,1133,2.5339366515837103,99.03370855056254,0.0416,0.0,71,13.051,2.083,entro il 1970
005008,Belveglio,326,-1.8072289156626504,97.14433786657575,0.0459,6.087,106,41.732,1.283,entro il 1945
005009,Berzano di San Pietro,415,-2.810304449648712,96.58830809186829,0.0413,4.149,125,36.443,1.21,entro il 1960
005010,Bruno,322,-8.262108262108262,93.5302806086199,0.0535,0.0,141,44.201,1.009,entro il 1945
005011,Bubbio,847,-7.12719298245614,95.83856886301632,0.0483,0.445,142,25.0,1.491,entro il 1970
005012,Buttigliera d'Asti,2564,0.03901677721420211,97.92624341118686,0.0431,1.187,128,11.287,2.261,entro il 1990
005013,Calamandrana,1745,-1.7454954954954953,98.8421141495455,0.0489,0.625,264,25.984,1.718,entro il 1970
005014,Calliano,1271,-8.626887131560029,97.29744032591607,0.0397,0.805,287,31.924,1.414,entro il 1945
005015,Calosso,1254,-5.143721633888049,98.33622810065255,0.0455,0.434,274,32.893,1.505,entro il 1960
005016,Camerano Casasco,458,-3.9832285115303985,98.46964977360051,0.0405,0.687,217,48.438,1.022,entro il 1918
005017,Canelli,10430,-1.231060606060606,98.22944502843987,0.0472,2.29,367,7.478,2.125,entro il 1980
005018,Cantarana,1015,-0.39254170755642787,98.45485095480149,0.0432,0.84,62,12.863,2.106,entro il 1990
005019,Capriglio,288,-3.678929765886288,100.71174366971908,0.041,1.053,87,40.092,1.327,entro il 1945
005020,Casorzo,620,-5.198776758409786,100.24037855989279,0.0403,8.468,254,45.683,1.115,entro il 1945
005021,Cassinasco,589,-0.338409475465313,96.14423290527472,0.0486,1.045,111,29.365,1.558,entro il 1960
005022,Castagnole delle Lanze,3770,-0.4226096143687269,98.17964358182374,0.0446,3.038,484,23.191,1.806,entro il 1980
005023,Castagnole Monferrato,1224,-3.3175355450236967,98.78866328621143,0.0417,0.151,291,33.068,1.391,entro il 1945
005024,Castel Boglione,602,-2.4311183144246353,98.18231904664914,0.0507,5.758,193,40.546,1.265,entro il 1980
005032,Castel Rocchero,396,0.5076142131979695,100.80438483452465,0.0523,0.0,87,34.118,1.553,entro il 1960
005025,Castell'Alfero,2709,-1.3114754098360655,97.6292408386402,0.0398,1.682,295,20.76,1.906,entro il 1980
005026,Castellero,287,-4.333333333333334,97.25627527207061,0.0417,0.645,65,32.828,1.449,entro il 1970
005027,Castelletto Molina,162,-13.368983957219251,102.82053912555395,0.0538,0.0,84,52.83,1.019,entro il 1945
005028,Castello di Annone,1875,-3.200826019617966,99.67876524149007,0.0445,0.652,246,23.496,1.791,entro il 1980
005029,Castelnuovo Belbo,859,-4.977876106194691,99.5603487603594,0.0516,0.783,199,33.389,1.441,entro il 1960
005030,Castelnuovo Calcea,742,-1.5915119363395225,97.99892834529028,0.0458,0.215,230,39.724,1.282,entro il 1970
005031,Castelnuovo Don Bosco,3195,-1.6317733990147785,99.87203589053554,0.0418,0.677,531,28.006,1.685,entro il 1960
005033,Cellarengo,700,-2.642559109874826,96.71272608096885,0.0456,1.961,80,21.39,1.872,entro il 2000
005034,Celle Enomondo,476,-1.2448132780082988,96.35627762880831,0.042749999999999996,0.452,71,25.448,1.706,entro il 2000
005035,Cerreto d'Asti,229,4.090909090909091,96.8877120057343,0.04046666666666667,0.633,55,31.977,1.331,entro il 1918
005036,Cerro Tanaro,589,-11.958146487294469,96.93321910376193,0.0455,0.741,91,23.885,1.546,entro il 1945
005037,Cessole,402,-3.3653846153846154,102.18696112145317,0.048,0.0,180,48.257,1.078,entro il 1970
005038,Chiusano d'Asti,233,3.0973451327433628,101.48956694003255,0.04058,1.439,127,54.274,0.996,entro il 1960
005039,Cinaglio,441,-3.076923076923077,100.80189260014303,0.040933333333333335,0.0,113,35.759,1.396,entro il 1945
005040,Cisterna d'Asti,1204,-6.738962044926414,97.27196886428574,0.0447,0.136,293,35.006,1.438,entro il 1970
005041,Coazzolo,284,-10.410094637223976,101.57120472620632,0.0451,1.235,43,25.294,1.671,entro il 1980
005042,Cocconato,1452,-7.809523809523809,98.62975116281373,0.0396,1.781,385,34.905,1.316,entro il 1960
005044,Corsione,212,-0.4694835680751174,99.33965255780687,0.0395,4.444,60,38.462,1.359,entro il 1960
005045,Cortandone,316,-2.4691358024691357,96.93574474152696,0.041,1.258,90,38.462,1.35,entro il 1945
005046,Cortanze,277,-3.146853146853147,97.81432465028878,0.0399,1.105,101,41.909,1.149,entro il 1970
005047,Cortazzone,640,-2.4390243902439024,98.94889703868134,0.0407,0.911,197,40.452,1.314,entro il 1945
005048,Cortiglione,563,-1.054481546572935,96.53311716273606,0.047,0.0,147,38.482,1.474,entro il 1960
005049,Cossombrato,503,-5.09433962264151,97.4044967278583,0.0396,2.821,116,32.861,1.425,entro il 1970
005050,Costigliole d'Asti,5822,-2.528042859534572,98.05834559811876,0.0442,1.227,579,18.909,1.901,entro il 1980
005051,Cunico,484,-8.333333333333332,98.65331406365736,0.0395,2.349,135,36.685,1.315,entro il 1945
005052,Dusino San Michele,1047,0.28735632183908044,98.92117578028875,0.0437,1.562,243,37.969,1.636,entro il 1960
005053,Ferrere,1586,-0.7509386733416771,96.92222693967865,0.0447,0.279,238,27.356,1.823,entro il 1960
005054,Fontanile,560,-1.926444833625219,98.87127718254226,0.0532,0.0,552,67.897,0.689,entro il 1960
005055,Frinco,757,3.840877914951989,96.88233978912075,0.03945,0.744,184,36.581,1.505,entro il 1945
005056,Grana,590,-6.050955414012739,100.50751014749251,0.04,0.26,162,36.323,1.323,entro il 1945
005057,Grazzano Badoglio,609,-1.615508885298869,97.506578896655,0.0396,1.523,212,41.732,1.199,entro il 1945
005058,Incisa Scapaccino,2208,-2.6025584472871635,98.5021103559963,0.0491,0.791,316,24.439,1.708,entro il 1970
005059,Isola d'Asti,2028,-4.294478527607362,98.59758519273144,0.0431,0.386,219,20.147,1.866,entro il 1970
005060,Loazzolo,341,0.8875739644970414,97.38996599379227,0.0469,0.418,109,40.52,1.268,entro il 1960
005061,Maranzana,257,-16.013071895424837,93.61569171133571,0.05835,2.899,160,49.08,0.788,entro il 1960
005062,Maretto,363,-10.591133004926109,98.41679744369512,0.04142,2.37,75,30.0,1.452,entro il 1980
005063,Moasca,492,3.361344537815126,97.22246981351957,0.04598000000000001,0.917,69,25.94,1.85,entro il 1960
005064,Mombaldone,198,-10.81081081081081,95.1838551542942,0.0496,1.987,83,39.904,0.952,entro il 1970
005065,Mombaruzzo,1090,-5.217391304347826,100.61116891549045,0.0566,0.866,471,47.963,1.11,entro il 1945
005066,Mombercelli,2208,-5.3984575835475574,98.07430833793927,0.0447,1.891,419,29.28,1.543,entro il 1970
005067,Monale,1013,-0.4911591355599214,97.03933236420926,0.0413,0.0,108,20.849,1.956,entro il 1970
005068,Monastero Bormida,934,-6.879361914257228,102.37732378621897,0.0493,0.75,273,37.449,1.281,entro il 1970
005069,Moncalvo,2965,-6.731676627870399,97.94520409039046,0.039,3.284,532,27.409,1.528,entro il 1960
005070,Moncucco Torinese,897,2.5142857142857142,96.23459762438584,0.0433,8.114,214,35.197,1.475,entro il 1970
005071,Mongardino,914,-3.5864978902953584,95.98628018575741,0.0425,1.493,187,31.376,1.534,entro il 1970
005072,Montabone,342,-1.440922190201729,97.34370392805234,0.051,0.0,142,46.405,1.118,entro il 1918
005073,Montafia,933,2.0787746170678334,95.09323966234642,0.042,0.664,338,44.65,1.232,entro il 1960
005074,Montaldo Scarampi,754,-3.826530612244898,99.89689755276113,0.0435,0.637,174,32.584,1.412,entro il 1970
005075,Montechiaro d'Asti,1290,-5.355832721936904,97.4772861555345,0.0399,0.366,280,33.097,1.525,entro il 1980
005076,Montegrosso d'Asti,2338,3.497122620628597,97.3733753343648,0.044,0.559,313,23.376,1.746,entro il 1970
005077,Montemagno,1122,-2.857142857142857,98.43282461349331,0.0417,1.858,216,29.752,1.545,entro il 1945
005121,Montiglio Monferrato,1625,-3.903015966883501,97.62628069618773,0.0393,1.925,578,43.167,1.214,entro il 1945
005079,Moransengo,198,-5.263157894736842,95.75158011009103,0.0393,1.361,55,33.951,1.222,entro il 1945
005080,Nizza Monferrato,10313,-0.42483344597856526,99.3710610414823,0.0498,1.668,366,7.71,2.173,entro il 1980
005081,Olmo Gentile,77,-14.444444444444443,99.95463449186772,0.0488,6.796,77,64.167,0.642,entro il 1970
005082,Passerano Marmorito,442,-1.1185682326621924,96.97348688554231,0.0405,0.0,177,44.25,1.105,entro il 1945
005083,Penango,475,-6.679764243614931,97.11108156848668,0.0394,3.951,153,40.909,1.27,entro il 1970
005084,Piea,609,-1.1363636363636365,99.57252896249135,0.0402,0.567,192,41.113,1.304,entro il 1945
005085,Pino d'Asti,225,1.809954751131222,99.85897368068808,0.0412,4.094,102,49.515,1.092,entro il 1918
005086,Piovà Massaia,621,-8.676470588235293,99.744402222121,0.0399,0.249,179,36.605,1.27,entro il 1945
005087,Portacomaro,1992,0.911854103343465,96.1768165594909,0.0412,0.584,306,26.402,1.719,entro il 1980
005088,Quaranti,173,-6.989247311827956,97.3635397433802,0.05539999999999999,0.0,351,78.0,0.384,entro il 1970
005089,Refrancore,1564,-5.498489425981873,98.03119339454128,0.0431,0.706,335,31.515,1.471,entro il 1945
005090,Revigliasco d'Asti,783,-5.548854041013269,97.2262166078159,0.0422,1.542,111,24.183,1.706,entro il 1970
005091,Roatto,378,0.5319148936170213,96.91137075575365,0.0419,1.747,86,33.205,1.459,entro il 1918
005092,Robella,477,-5.544554455445545,96.76037923727533,0.0388,0.585,157,39.348,1.195,entro il 1960
005093,Rocca d'Arazzo,905,-4.13135593220339,96.2230653561227,0.0435,0.152,350,44.025,1.138,entro il 1945
005094,Roccaverano,396,-11.01123595505618,95.71253747059835,0.049,0.598,332,57.639,0.688,entro il 1960
005095,Rocchetta Palafea,346,-0.8595988538681949,96.44619521799092,0.0497,0.0,114,39.31,1.193,entro il 1960
005096,Rocchetta Tanaro,1453,1.4664804469273742,97.1551551263554,0.0463,2.025,298,31.804,1.551,entro il 1970
005097,San Damiano d'Asti,8347,-0.4531902206320811,99.17500420442134,0.044,0.724,917,21.813,1.985,entro il 1980
005098,San Giorgio Scarampi,114,-10.9375,99.27318275328967,0.0479,0.0,67,53.175,0.905,entro il 1945
005099,San Martino Alfieri,658,-7.713884992987377,95.29683769030795,0.0428,2.36,118,27.83,1.552,entro il 1980
005100,San Marzano Oliveto,1034,-3.0018761726078798,98.58907890865099,0.0463,0.0,162,26.557,1.695,entro il 1970
005101,San Paolo Solbrito,1180,-0.25359256128486896,95.53893448623192,0.0434,0.0,116,18.56,1.888,entro il 1990
005103,Scurzolengo,535,-8.39041095890411,97.6980958521187,0.0407,0.514,177,38.646,1.168,entro il 1918
005104,Serole,114,-19.148936170212767,98.94619977476626,0.0496,0.0,72,54.962,0.87,entro il 1960
005105,Sessame,264,-7.6923076923076925,100.46701809949248,0.0491,2.427,125,50.813,1.073,entro il 1970
005106,Settime,547,-4.869565217391305,101.61560317430447,0.0405,1.254,149,36.609,1.344,entro il 1970
005107,Soglio,143,-11.728395061728394,97.83006912169003,0.0402,0.8,90,54.878,0.872,entro il 1945
005108,Tigliole,1724,-0.805523590333717,95.48732296549935,0.0424,0.878,410,35.839,1.507,entro il 1945
005109,Tonco,843,-6.64451827242525,100.17553387077679,0.0391,1.747,173,29.828,1.453,entro il 1960
005110,Tonengo,244,24.489795918367346,94.98328722371018,0.0399,0.676,70,44.586,1.554,entro il 1945
005111,Vaglio Serra,287,2.5,95.5102503121328,0.0472,1.899,61,35.057,1.649,entro il 1960
005112,Valfenera,2464,-2.0278330019880717,97.95722717628908,0.0449,3.272,321,24.374,1.871,entro il 1980
005113,Vesime,627,-5.143721633888049,98.98633236902715,0.0476,0.651,91,23.575,1.624,entro il 1970
005114,Viale,244,-6.870229007633588,99.04204029037496,0.0404,0.0,92,40.0,1.061,entro il 1945
005115,Viarigi,921,-3.6610878661087867,97.93370940808815,0.0431,5.204,346,43.522,1.158,entro il 1945
005116,Vigliano d'Asti,794,-10.4847801578354,97.82082255776115,0.043,1.067,149,28.764,1.533,entro il 1970
005119,Villa San Secondo,383,-6.585365853658537,96.80741813894309,0.0394,0.617,143,39.833,1.067,entro il 1945
005117,Villafranca d'Asti,3047,-6.876528117359413,99.31337611089278,0.0422,1.103,400,23.324,1.777,entro il 1980
005118,Villanova d'Asti,5686,-1.4728816496274475,97.947410969523,0.0455,1.115,309,11.903,2.19,entro il 1990
005120,Vinchio,578,-12.424242424242424,97.67024763978115,0.0462,1.874,213,41.52,1.127,entro il 1980
096001,Ailoche,332,1.529051987767584,97.86090360747379,0.0464,8.439,110,41.667,1.258,entro il 1960
096002,Andorno Micca,3218,-4.8773278155483295,100.03725280552199,0.0474,1.405,430,22.04,1.649,entro il 1990
096003,Benna,1174,-0.3395585738539898,95.59807975415826,0.0394,1.634,49,8.942,2.142,entro il 1990
096004,Biella,44324,1.3189475849772556,99.14588655193857,0.0463,5.062,3931,16.055,1.81,entro il 1970
096005,Bioglio,890,-9.73630831643002,97.90376569362309,0.0498,0.365,221,32.357,1.303,entro il 1945
096006,Borriana,889,0.7936507936507936,97.47156158530206,0.0409,0.0,38,8.879,2.077,entro il 1970
096007,Brusnengo,2036,-5.827937095282146,99.09829778288326,0.0395,2.719,390,29.68,1.549,entro il 1980
096008,Callabiana,136,-7.482993197278912,95.3414361383057,0.0458,5.882,395,83.864,0.289,entro il 1945
096009,Camandona,349,-3.591160220994475,98.75356111414442,0.04737142857142857,6.682,336,65.37,0.679,entro il 1918
096010,Camburzano,1178,-3.4426229508196724,96.56459442265368,0.0424,0.538,140,21.739,1.829,entro il 1970
096086,Campiglia Cervo,523,0.0,96.24953338144138,0.0485,1.215,872,76.224,0.457,entro il 1918
096012,Candelo,7548,-4.73305566073457,97.42448489003623,0.04,0.863,292,7.858,2.031,entro il 1980
096013,Caprile,184,-11.11111111111111,97.13195447591937,0.0494,6.03,155,61.265,0.727,entro il 2000
096014,Casapinta,405,-10.596026490066226,98.69214462002634,0.0407,0.0,147,41.525,1.144,entro il 1945
096015,Castelletto Cervo,816,-6.742857142857144,99.64998083788561,0.0387,8.306,43,10.886,2.066,entro il 1980
096016,Cavaglià,3653,0.7724137931034483,98.05038028862751,0.039,0.429,356,18.571,1.906,entro il 1980
096017,Cerreto Castello,617,-1.7515923566878981,98.95602500611228,0.0405,0.0,40,13.423,2.07,entro il 1990
096018,Cerrione,2894,-0.5156411137848058,96.13101019487657,0.04,0.402,188,13.429,2.067,entro il 1990
096019,Coggiola,1818,-9.00900900900901,98.0640823324169,0.048,0.638,383,28.059,1.332,entro il 1945
096020,Cossato,14633,-1.0882790320400162,97.90414530991508,0.0398,0.921,493,6.942,2.06,entro il 1980
096021,Crevacuore,1514,-5.552089831565814,99.27598490086503,0.0418,0.67,168,18.523,1.669,entro il 1970
096023,Curino,475,5.79064587973274,96.1131081153691,0.0416,11.335,335,59.187,0.839,entro il 1945
096024,Donato,707,-0.5625879043600562,97.10941192929214,0.0448,5.373,412,54.282,0.931,entro il 1990
096025,Dorzano,520,2.564102564102564,96.7712021415038,0.039,1.064,87,29.392,1.757,entro il 1980
096026,Gaglianico,3775,-3.0559835644581406,98.59574413238275,0.0405,0.0,130,6.993,2.031,entro il 1980
096027,Gifflenga,114,-9.523809523809524,97.65322982273538,0.0385,5.455,4,6.349,1.81,entro il 1945
096028,Graglia,1511,-5.14752040175769,99.14874275939506,0.0457,8.489,849,53.905,0.959,entro il 1970
096085,Lessona,2745,-3.2087447108603664,98.74332620782108,0.0402,1.537,263,18.113,1.89,entro il 1970
096030,Magnano,398,5.291005291005291,95.51559351764094,0.0406,0.256,360,68.571,0.758,entro il 1945
096031,Massazza,562,2.3679417122040074,98.28499828571246,0.0391,1.449,64,22.222,1.951,entro il 1980
096032,Masserano,2092,-4.387568555758683,98.94496189691677,0.0399,12.698,380,28.127,1.548,entro il 1960
096033,Mezzana Mortigliengo,511,-9.236234458259325,97.62178275556154,0.0413,1.793,325,55.842,0.878,entro il 1960
096034,Miagliano,584,-7.59493670886076,99.76656865576594,0.049049999999999996,0.0,67,20.06,1.749,entro il 1960
096035,Mongrando,3800,-4.33031218529708,97.81440952961673,0.0424,1.732,508,22.966,1.718,entro il 1970
096084,Mosso,1485,-8.951563458001226,97.61373684803442,0.0451,0.408,276,27.354,1.472,entro il 1960
096037,Mottalciata,1378,-4.504504504504505,96.69326733342017,0.0389,0.589,121,16.69,1.901,entro il 1980
096038,Muzzano,595,-4.49438202247191,99.02345661979398,0.045,7.424,75,21.246,1.686,entro il 1970
096039,Netro,982,-2.579365079365079,96.88893127227374,0.0436,5.228,483,50.789,1.033,entro il 1970
096040,Occhieppo Inferiore,3965,-0.15109544195416771,97.87782043741556,0.0419,1.164,227,11.535,2.015,entro il 1980
096041,Occhieppo Superiore,2728,-3.330970942593905,96.5103663998953,0.043,1.266,113,8.408,2.03,entro il 1970
096042,Pettinengo,1556,-3.2939714108141707,98.028989404719,0.0505,1.528,404,36.104,1.391,entro il 1960
096043,Piatto,508,-7.129798903107861,98.56329174606783,0.0411,0.402,83,27.036,1.655,entro il 1960
096044,Piedicavallo,180,-11.76470588235294,97.13984453262,0.0521,0.229,348,74.518,0.385,entro il 1918
096046,Pollone,2100,-2.0522388059701493,97.53263055653255,0.047,0.283,175,15.528,1.863,entro il 1970
096047,Ponderano,3783,-3.2480818414322252,98.97229493561366,0.0409,0.762,142,7.709,2.054,entro il 1980
096048,Portula,1245,-9.190371991247265,98.74724048458523,0.0456,0.683,327,35.011,1.333,entro il 1960
096049,Pralungo,2406,-7.851397931826886,99.80340303112688,0.044,3.226,299,20.23,1.628,entro il 1960
096050,Pray,2129,-7.354221061792863,99.58708034715195,0.0431,2.552,302,21.711,1.531,entro il 1960
096051,Quaregna,1428,3.1791907514450863,97.5406414673245,0.0406,0.0,35,5.591,2.281,entro il 1980
096053,Ronco Biellese,1537,1.051939513477975,98.1850177856832,0.04368333333333333,1.421,196,23.902,1.874,entro il 1960
096054,Roppolo,880,-4.243743199129488,97.36498047297528,0.0392,0.211,114,22.441,1.732,entro il 1980
096055,Rosazza,90,2.272727272727273,93.37126626656249,0.0492,0.282,356,87.042,0.22,entro il 1918
096056,Sagliano Micca,1610,-3.245192307692308,98.70579642417407,0.0507,2.508,313,28.716,1.477,entro il 1945
096057,Sala Biellese,577,-7.974481658692185,98.77297539470862,0.0419,4.6,280,47.945,0.988,entro il 1960
096058,Salussola,1949,-3.0348258706467663,96.28821997650898,0.0392,0.915,172,16.764,1.9,entro il 1970
096059,Sandigliano,2665,-3.5468693449149478,97.47784872076875,0.0404,0.0,83,6.726,2.16,entro il 1980
096062,Soprana,690,-8.970976253298153,96.99745286351555,0.0439,2.174,164,32.735,1.377,entro il 1970
096063,Sordevolo,1367,2.550637659414854,96.33259761799255,0.0466,1.417,353,36.429,1.411,entro il 1945
096064,Sostegno,776,2.6455026455026456,97.5927334734529,0.0412,1.366,129,26.653,1.603,entro il 1970
096065,Strona,1080,-6.412478336221837,97.04784734815948,0.0432,2.651,326,38.398,1.272,entro il 1945
096066,Tavigliano,932,-2.612330198537095,96.42377670124012,0.0506,5.245,355,46.527,1.221,entro il 1945
096067,Ternengo,280,-5.723905723905724,94.01704296016828,0.0416,6.618,53,27.749,1.466,entro il 1960
096068,Tollegno,2469,-6.795016987542468,97.64308090206242,0.0426,1.604,219,15.609,1.76,entro il 1970
096069,Torrazzo,212,-5.357142857142857,95.6581358952216,0.0425,2.389,216,67.081,0.658,entro il 1918
096070,Trivero,5582,-8.880182827293503,98.44451098656232,0.0488,0.706,874,24.332,1.554,entro il 1970
096071,Valdengo,2502,-0.35842293906810035,96.64966312672001,0.0406,0.0,181,14.434,1.995,entro il 1980
096072,Vallanzengo,220,-7.949790794979079,93.5780996953591,0.04535,0.0,50,32.468,1.429,entro il 1945
096073,Valle Mosso,3231,-8.23629650667424,100.42412411765295,0.0425,2.734,623,28.963,1.502,entro il 1960
096074,Valle San Nicolao,1004,-7.037037037037037,99.90433962069572,0.0491,0.593,165,26.108,1.589,entro il 1960
096075,Veglio,478,-15.097690941385435,100.39875675009827,0.0465,2.866,326,56.993,0.836,entro il 1970
096076,Verrone,1254,0.32,97.19567209928732,0.0397,0.0,33,6.346,2.412,entro il 2000
096077,Vigliano Biellese,7738,-5.472758367945272,97.78111925446169,0.041,3.634,463,11.241,1.879,entro il 1980
096078,Villa del Bosco,344,-3.910614525139665,100.09887844250916,0.0396,0.0,57,30.0,1.811,entro il 1960
096079,Villanova Biellese,187,-1.0582010582010581,99.62226579343194,0.0385,5.797,7,7.527,2.011,entro il 1980
096080,Viverone,1406,-1.1946591707659873,98.05033718701318,0.0396,0.0,226,24.945,1.552,entro il 1960
096081,Zimone,410,-3.5294117647058822,95.4140562198879,0.0398,8.085,69,27.059,1.608,entro il 1945
096082,Zubiena,1180,-5.220883534136546,97.24803138938489,0.0409,3.365,324,36.242,1.32,entro il 1960
096083,Zumaglia,1024,-9.058614564831261,96.10762680541475,0.0421,13.75,118,20.24,1.756,entro il 1960
004001,Acceglio,157,-9.248554913294797,98.67534832474531,0.129,5.973,614,86.236,0.221,entro il 1990
004002,Aisone,236,-6.349206349206349,97.76529619108523,0.1477,0.0,273,66.102,0.571,entro il 1970
004003,Alba,31498,2.332683560753736,98.45793287022522,0.0491,0.538,2389,15.198,2.004,entro il 1980
004004,Albaretto della Torre,229,-12.260536398467432,99.28680280276052,0.0501,0.82,68,37.158,1.251,entro il 1980
004005,Alto,130,6.557377049180328,100.19801804470553,0.1244,0.0,171,67.857,0.516,entro il 1970
004006,Argentera,78,-3.7037037037037033,101.61826118750653,0.1262,0.452,984,94.981,0.075,entro il 1990
004007,Arguello,199,-1.4851485148514851,95.20070874340928,0.0495,0.0,49,36.029,1.463,entro il 1980
004008,Bagnasco,1014,-2.312138728323699,98.73229983458823,0.0759,6.291,381,43.894,1.168,entro il 1945
004009,Bagnolo Piemonte,5969,-0.8801062769843906,98.77089778997114,0.1352,2.978,2730,52.02,1.137,entro il 1980
004010,Baldissero d'Alba,1054,-2.7675276752767526,98.0736597712321,0.0509,2.921,134,23.103,1.817,entro il 1980
004011,Barbaresco,646,-4.296296296296296,98.15104858804392,0.0465,0.379,109,28.238,1.674,entro il 1980
004012,Barge,7699,-2.1976626016260163,100.77002417311385,0.1352,1.615,1489,31.932,1.651,entro il 1990
004013,Barolo,711,0.708215297450425,96.89891014437053,0.053,0.787,83,21.066,1.805,entro il 1980
004014,Bastia Mondovì,654,1.238390092879257,99.36594129536579,0.0636,0.329,135,32.688,1.584,entro il 1980
004015,Battifollo,225,-5.857740585774058,100.07571165434328,0.0696,8.036,208,63.415,0.686,entro il 1970
004016,Beinette,3460,7.5536213863848305,96.78442102673792,0.1101,2.635,221,14.587,2.284,entro il 2000
004017,Bellino,103,-23.703703703703706,94.55734216683379,0.1269,0.0,303,78.906,0.268,entro il 1918
004018,Belvedere Langhe,372,3.910614525139665,101.98842334136918,0.0563,3.352,109,40.977,1.398,entro il 1980
004019,Bene Vagienna,3642,-0.6004366812227074,98.82579845534188,0.0669,1.022,559,27.096,1.765,entro il 1970
004020,Benevello,486,4.741379310344827,96.59445032933303,0.0483,0.889,73,27.138,1.807,entro il 1990
004021,Bergolo,66,1.5384615384615385,103.60713704508287,0.0498,0.0,42,51.22,0.805,entro il 1970
004022,Bernezzo,4121,8.333333333333332,97.25082729402274,0.1441,1.282,386,20.521,2.191,entro il 1990
004023,Bonvicino,96,-8.571428571428571,98.45910007919538,0.0553,2.564,82,58.993,0.691,entro il 1970
004025,Borgo San Dalmazzo,12492,1.3631937682570594,97.26669671369427,0.148,1.143,1192,18.426,1.931,entro il 1990
004024,Borgomale,388,-0.2570694087403599,94.67684015921067,0.0479,1.98,84,34.008,1.571,entro il 1990
004026,Bosia,180,1.694915254237288,96.51607267635613,0.049,0.0,90,49.451,0.989,entro il 1970
004027,Bossolasco,654,-3.823529411764706,97.63422835204011,0.0528,0.0,424,55.137,0.85,entro il 1980
004028,Boves,9788,0.6478149100257069,96.5030943366578,0.1412,2.004,1365,25.697,1.843,entro il 1990
004029,Bra,29645,2.1501671203611177,98.88883438105884,0.0584,0.165,1582,11.592,2.172,entro il 1990
004030,Briaglia,309,-5.214723926380368,96.86425055967489,0.0686,1.136,129,47.08,1.128,entro il 1970
004031,Briga Alta,40,-14.893617021276595,106.42922230328077,0.1436,1.115,374,91.667,0.098,entro il 1918
004032,Brondello,275,-3.8461538461538463,94.45539743884508,0.1329,3.734,166,53.205,0.881,entro il 1990
004033,Brossasco,1051,-5.739910313901345,97.7209450203124,0.136,3.106,462,46.386,1.055,entro il 1980
004034,Busca,10110,0.42713817423264133,97.17227831692338,0.1361,2.778,669,13.791,2.084,entro il 1990
004035,Camerana,610,-6.441717791411043,99.58003576961025,0.0569,1.348,220,42.308,1.173,entro il 1960
004036,Camo,189,-6.435643564356436,92.40269303064457,0.0469,1.942,56,40.288,1.36,entro il 1980
004037,Canale,5624,-0.017777777777777778,98.08419664265344,0.0459,1.254,524,18.775,2.015,entro il 1980
004038,Canosio,83,2.4691358024691357,106.53566574950493,0.1359,0.0,117,73.125,0.519,entro il 1918
004039,Caprauna,104,-11.864406779661017,93.45919705323956,0.1273,3.425,120,59.406,0.515,entro il 1970
004040,Caraglio,6782,0.4443127962085308,96.777826684358,0.1395,1.49,507,15.368,2.056,entro il 1990
004041,Caramagna Piemonte,3058,0.691471847217649,96.75491633982892,0.0615,0.149,146,10.791,2.26,entro il 2000
004042,Cardè,1126,-1.2280701754385965,97.6534646467951,0.1174,0.267,103,18.899,2.066,entro il 1980
004043,Carrù,4430,-0.04512635379061372,97.61000192077837,0.0649,1.603,801,29.47,1.63,entro il 1980
004044,Cartignano,180,0.5586592178770949,100.68912096982594,0.1391,0.532,138,60.793,0.793,entro il 1960
004045,Casalgrasso,1444,-0.2762430939226519,98.51448611880693,0.0749,2.639,57,8.906,2.256,entro il 1990
004046,Castagnito,2165,2.2190745986779983,97.28761636633585,0.0454,0.0,140,14.538,2.248,entro il 1980
004047,Casteldelfino,152,-14.124293785310735,95.7198992902259,0.1328,3.27,748,88.0,0.179,entro il 1945
004048,Castellar,300,6.007067137809187,100.09707006010915,0.1265,6.667,29,19.333,2.0,entro il 1980
004049,Castelletto Stura,1389,2.965159377316531,99.43940275400513,0.1061,0.0,154,22.849,2.061,entro il 1990
004050,Castelletto Uzzone,309,-15.573770491803279,99.67744480233698,0.0518,0.833,184,53.179,0.893,entro il 1945
004051,Castellinaldo d'Alba,930,4.49438202247191,96.72259404943432,0.0455,2.211,97,21.225,2.035,entro il 1980
004052,Castellino Tanaro,293,-13.056379821958458,96.75280765774845,0.0604,3.162,127,44.561,1.028,entro il 1980
004053,Castelmagno,61,-24.691358024691358,93.9368902762535,0.1462,8.284,189,76.829,0.248,entro il 1918
004054,Castelnuovo di Ceva,119,-14.388489208633093,97.2093622811415,0.0612,2.02,71,52.206,0.875,entro il 1945
004055,Castiglione Falletto,709,1.5759312320916905,94.93675992283863,0.0519,0.0,67,20.12,2.129,entro il 1990
004056,Castiglione Tinella,861,-1.4874141876430207,97.66560189121067,0.045,2.83,256,41.762,1.405,entro il 1990
004057,Castino,496,0.0,95.60669145534541,0.0481,0.0,153,39.74,1.288,entro il 1970
004058,Cavallerleone,683,3.95738203957382,101.21720033131702,0.0745,2.817,39,13.781,2.413,entro il 1980
004059,Cavallermaggiore,5455,-0.2012440541529455,99.02078064616941,0.0754,1.346,402,15.858,2.152,entro il 1990
004060,Celle di Macra,94,1.0752688172043012,95.53741378108553,0.142,1.187,295,83.099,0.265,entro il 2000
004061,Centallo,7002,2.8495887191539366,97.67855653456986,0.115,0.225,453,14.515,2.244,entro il 1980
004062,Ceresole Alba,2067,-1.5714285714285716,97.62681032396279,0.055,1.752,188,18.595,2.045,entro il 1990
004063,Cerretto Langhe,445,-1.7660044150110374,97.25943281953363,0.0507,3.065,146,45.768,1.395,entro il 1980
004064,Cervasca,5139,6.463642013673089,95.84350684785908,0.1407,0.729,409,17.397,2.186,entro il 2000
004065,Cervere,2261,5.0162563864375285,97.29953573729884,0.0636,1.933,78,8.351,2.421,entro il 1990
004066,Ceva,5774,0.644936377897856,100.47230542165883,0.0653,0.222,538,17.15,1.841,entro il 1980
004067,Cherasco,9224,6.3898500576701265,96.5121749443707,0.0621,0.877,993,22.003,2.044,entro il 1990
004068,Chiusa di Pesio,3653,-1.8274657350174683,96.96601991160107,0.1347,2.68,1602,48.752,1.112,entro il 1990
004069,Cigliè,184,-6.122448979591836,96.96214035072417,0.062,0.621,342,78.984,0.425,entro il 1945
004070,Cissone,90,8.433734939759036,103.62730660990776,0.0521,1.0,64,62.745,0.882,entro il 1960
004071,Clavesana,824,-8.546059933407326,97.82244869768934,0.0595,3.226,294,42.302,1.186,entro il 1980
004072,Corneliano d'Alba,2111,4.092702169625246,98.20825885189382,0.0483,1.106,240,22.326,1.964,entro il 1970
004073,Cortemilia,2275,-4.652137468566639,97.98373940471501,0.0492,5.074,531,33.375,1.43,entro il 1980
004074,Cossano Belbo,968,-5.190989226248776,96.3323158337484,0.047,4.708,287,39.806,1.343,entro il 1970
004075,Costigliole Saluzzo,3343,-0.05979073243647235,97.31221417536149,0.1288,1.502,184,11.551,2.099,entro il 1980
004076,Cravanzana,384,-7.46987951807229,98.51330515008681,0.0501,0.0,162,45.125,1.07,entro il 1970
004077,Crissolo,162,-3.571428571428571,97.74693834059396,0.135,3.411,1133,91.004,0.13,entro il 1960
004078,Cuneo,56281,2.3663150236449617,98.09040525397577,0.1367,0.728,3779,13.649,2.033,entro il 1990
004079,Demonte,1983,-3.8778477944740666,96.55697929600657,0.1504,3.954,1404,58.281,0.823,entro il 1990
004080,Diano d'Alba,3592,3.9652677279305353,96.9405572073182,0.0504,1.383,344,19.413,2.027,entro il 1990
004081,Dogliani,4729,-1.5201999167013744,98.31334555750698,0.057,1.044,857,29.521,1.629,entro il 1970
004082,Dronero,7058,-1.9858353006526872,99.26264575009533,0.1422,1.597,1069,25.623,1.692,entro il 1980
004083,Elva,94,0.0,105.43946170968994,0.1334,2.525,179,81.364,0.427,entro il 1918
004084,Entracque,848,5.2109181141439205,95.99289111169999,0.1528,3.116,2118,83.484,0.334,entro il 1970
004085,Envie,2011,-2.045786653677545,97.64817447955407,0.134,1.902,285,25.538,1.802,entro il 1980
004086,Farigliano,1758,-0.22701475595913734,98.31646032374287,0.06,0.434,267,26.942,1.774,entro il 1980
004087,Faule,496,0.6085192697768762,96.03725962798306,0.0821,0.0,19,8.52,2.224,entro il 1990
004088,Feisoglio,303,-10.882352941176471,97.13374252735636,0.0513,3.571,147,45.092,0.929,entro il 1980
004089,Fossano,24372,-1.3319298813813207,98.37536279182665,0.0982,2.009,1934,16.106,2.03,entro il 1980
004090,Frabosa Soprana,754,-6.91358024691358,96.99665718685452,0.1084,0.801,1879,81.802,0.328,entro il 1970
004091,Frabosa Sottana,1517,0.9986684420772304,98.71929686428912,0.1024,1.426,7230,90.761,0.19,entro il 1980
004092,Frassino,271,-7.191780821917808,94.1838597080524,0.137,1.932,785,81.516,0.281,entro il 1945
004093,Gaiola,585,-2.1739130434782608,94.26567631657888,0.1476,0.664,161,38.795,1.41,entro il 1980
004094,Gambasca,358,-12.039312039312039,101.01235826549198,0.1345,0.862,98,35.252,1.288,entro il 1980
004095,Garessio,3132,-6.6746126340882,97.48988273615365,0.1096,0.74,1816,52.034,0.897,entro il 1970
004096,Genola,2650,1.7665130568356373,97.81583785472792,0.0806,0.203,149,13.268,2.36,entro il 1990
004097,Gorzegno,278,-12.025316455696203,95.66508371312987,0.0522,0.0,297,64.425,0.603,entro il 1960
004098,Gottasecca,143,-15.384615384615385,96.01777004272239,0.0537,5.691,60,41.379,0.986,entro il 1970
004099,Govone,2235,4.098742431299487,96.30279831817877,0.044,0.0,328,25.585,1.743,entro il 1970
004100,Grinzane Cavour,1986,2.1604938271604937,96.89151930021384,0.0497,1.639,182,18.146,1.98,entro il 1980
004101,Guarene,3558,3.4603082291363765,97.36855319221662,0.0466,0.0,275,16.975,2.196,entro il 2000
004102,Igliano,68,-19.047619047619047,96.42581233139751,0.0582,5.479,41,53.947,0.895,entro il 1945
004103,Isasca,81,3.8461538461538463,101.01676394643566,0.1342,0.0,77,63.636,0.669,entro il 1945
004105,La Morra,2781,2.771618625277162,97.77020024771636,0.0536,5.052,579,33.449,1.607,entro il 1980
004104,Lagnasco,1447,1.9732205778717407,97.28937537145924,0.1088,2.073,75,12.521,2.416,entro il 1980
004106,Lequio Berria,476,-3.054989816700611,98.21579934646293,0.0494,0.0,125,36.657,1.396,entro il 1980
004107,Lequio Tanaro,752,-6.351183063511831,99.00536563828052,0.0592,1.114,143,30.886,1.624,entro il 1980
004108,Lesegno,835,-1.8801410105757932,100.06105044066099,0.0633,2.532,200,34.188,1.427,entro il 1960
004109,Levice,214,-12.295081967213115,98.16177122130475,0.0509,4.962,182,59.868,0.704,entro il 1980
004110,Limone Piemonte,1466,-0.878972278566599,96.98644454893373,0.1507,6.994,6463,88.534,0.201,entro il 1980
004111,Lisio,189,-11.682242990654206,96.46611771448093,0.0722,0.0,164,62.121,0.716,entro il 1980
004112,Macra,58,16.0,96.81555404482818,0.1382,22.695,575,94.572,0.095,entro il 1918
004113,Magliano Alfieri,2147,5.711472181191532,98.33998818528522,0.0449,1.884,228,21.449,2.02,entro il 1980
004114,Magliano Alpi,2206,-1.031852848811126,97.59743334622034,0.1119,2.292,299,24.979,1.843,entro il 1990
004115,Mango,1295,-3.0688622754491015,98.08930180932822,0.0473,0.498,273,32.005,1.518,entro il 1970
004116,Manta,3807,2.61455525606469,97.42071172148607,0.127,0.0,197,11.161,2.157,entro il 1980
004117,Marene,3330,9.251968503937007,96.55967552715951,0.0695,0.14,111,8.747,2.624,entro il 1990
004118,Margarita,1416,-1.0482180293501049,95.21925727796395,0.0954,4.938,172,23.056,1.898,entro il 1980
004119,Marmora,59,-20.27027027027027,99.30962330459258,0.1393,3.704,337,87.76,0.154,entro il 1918
004120,Marsaglia,228,-13.307984790874524,99.18638300492972,0.0593,1.402,141,53.208,0.86,entro il 1980
004121,Martiniana Po,761,-2.3106546854942236,96.89232748146424,0.1348,0.298,141,28.659,1.547,entro il 1970
004122,Melle,295,-8.950617283950617,98.33161735565794,0.1374,14.728,757,80.191,0.312,entro il 1918
004123,Moiola,232,-7.936507936507936,94.0243073401337,0.1499,2.222,186,59.807,0.746,entro il 1960
004124,Mombarcaro,255,-6.934306569343065,95.19230610500266,0.0556,3.725,237,60.614,0.652,entro il 1960
004125,Mombasiglio,605,-1.7857142857142856,98.9213774484746,0.0667,0.0,225,44.291,1.191,entro il 1980
004126,Monastero di Vasco,1290,-2.12443095599393,98.26923700717079,0.0807,2.208,275,32.391,1.519,entro il 1980
004127,Monasterolo Casotto,84,-16.831683168316832,98.69485218874986,0.0726,0.0,183,75.934,0.349,entro il 1945
004128,Monasterolo di Savigliano,1376,1.1021307861866276,96.90206618494094,0.0905,0.926,66,10.891,2.271,entro il 1990
004129,Monchiero,589,6.50994575045208,95.72505583140976,0.05655,0.0,121,34.473,1.678,entro il 1980
004130,Mondovì,22444,1.2039500383279975,98.97223861382875,0.0872,3.678,2360,19.931,1.895,entro il 1980
004131,Monesiglio,631,-11.251758087201125,100.04523989218228,0.0539,3.25,232,40.702,1.107,entro il 1960
004132,Monforte d'Alba,2026,-0.6375674350171653,96.41102922327238,0.0544,0.685,501,36.436,1.473,entro il 1970
004133,Montà,4712,0.3834682573498083,97.82446564810924,0.0474,0.407,581,23.753,1.926,entro il 1980
004134,Montaldo di Mondovì,562,-2.0905923344947737,97.17832843802299,0.0841,1.027,2024,87.166,0.242,entro il 1980
004135,Montaldo Roero,859,-1.7162471395881007,95.55502911189468,0.0495,6.472,184,32.799,1.531,entro il 1960
004136,Montanera,745,1.915184678522572,96.08784717299585,0.0899,0.0,64,18.391,2.141,entro il 1980
004137,Montelupo Albese,496,-6.0606060606060606,96.90749927817129,0.0502,0.0,87,27.187,1.55,entro il 1980
004138,Montemale di Cuneo,229,5.529953917050691,94.97797626812546,0.1415,0.0,190,65.972,0.795,entro il 1918
004139,Monterosso Grana,527,-1.6791044776119404,97.23194123581668,0.1475,1.538,823,74.818,0.479,entro il 1970
004140,Monteu Roero,1618,-2.6474127557160045,97.61799609629976,0.0504,1.548,355,34.266,1.562,entro il 1980
004141,Montezemolo,252,-7.352941176470589,101.36081303913036,0.0594,9.569,161,51.438,0.805,entro il 1960
004142,Monticello d'Alba,2341,5.640794223826714,96.55843239983253,0.05,1.253,166,16.023,2.26,entro il 1980
004143,Moretta,4103,-2.979427760699929,97.29471966225218,0.1007,2.581,254,12.926,2.088,entro il 1990
004144,Morozzo,2044,-3.0360531309297913,97.40672854056334,0.1002,7.705,115,12.169,2.163,entro il 1980
004145,Murazzano,821,-2.261904761904762,98.47124373862582,0.0572,3.436,565,58.187,0.846,entro il 1960
004146,Murello,946,-2.3735810113519094,99.90145918101267,0.0848,2.545,66,14.255,2.043,entro il 1970
004147,Narzole,3490,-1.5237020316027088,101.60192913077137,0.0585,1.53,314,18.916,2.102,entro il 1980
004148,Neive,3461,3.747002398081535,98.07079952767369,0.0458,2.166,385,22.013,1.979,entro il 1980
004149,Neviglie,375,-11.971830985915492,97.27264713336083,0.0463,1.657,55,23.605,1.609,entro il 1970
004150,Niella Belbo,370,-7.268170426065162,95.23012241238952,0.0536,2.326,155,45.723,1.091,entro il 1980
004151,Niella Tanaro,1041,0.3857280617164899,97.19247621758136,0.0666,2.844,182,28.13,1.609,entro il 1970
004152,Novello,983,-4.563106796116505,99.49448840818245,0.0556,0.664,276,40.0,1.425,entro il 1980
004153,Nucetto,413,-4.618937644341801,98.67477780449596,0.0647,2.979,197,49.25,1.032,entro il 1980
004154,Oncino,80,-3.614457831325301,92.63096798125721,0.1354,9.137,556,91.749,0.132,entro il 1945
004155,Ormea,1607,-6.4065230052417,98.00869886275463,0.1289,5.618,1708,63.922,0.601,entro il 1945
004156,Ostana,81,-1.2195121951219512,98.70848828103621,0.1352,5.052,621,91.189,0.119,entro il 1945
004157,Paesana,2724,-5.087108013937282,96.49469051888488,0.1356,11.426,2409,63.046,0.713,entro il 1970
004158,Pagno,569,-0.3502626970227671,97.38503189248517,0.1308,2.649,109,29.62,1.546,entro il 1980
004159,Pamparato,298,-9.696969696969697,97.42288307159805,0.095,7.878,1274,86.608,0.203,entro il 1960
004160,Paroldo,212,-6.1946902654867255,96.90707950045021,0.0574,0.0,110,51.887,1.0,entro il 1990
004161,Perletto,275,-9.836065573770492,98.32577914007044,0.0483,3.431,123,48.425,1.083,entro il 1970
004162,Perlo,113,-10.317460317460316,92.8246312925521,0.0657,3.15,125,67.204,0.608,entro il 1980
004163,Peveragno,5561,1.2195121951219512,96.01994204845074,0.1325,4.545,1163,33.439,1.599,entro il 1990
004164,Pezzolo Valle Uzzone,353,0.2840909090909091,96.81835877837169,0.0507,1.068,193,54.213,0.992,entro il 1970
004165,Pianfei,2129,-4.785330948121646,97.69730068527005,0.0913,0.0,389,30.654,1.678,entro il 1980
004166,Piasco,2764,-1.9858156028368796,95.6106350520063,0.1313,1.0,380,24.051,1.749,entro il 1980
004167,Pietraporzio,79,-13.186813186813188,103.15460878913942,0.1294,0.0,223,81.387,0.288,entro il 1918
004168,Piobesi d'Alba,1344,7.091633466135458,97.39294613778124,0.04800000000000001,0.324,46,8.44,2.466,entro il 2000
004169,Piozzo,1000,-0.19960079840319359,97.94814170351006,0.0608,1.026,226,34.451,1.524,entro il 1970
004170,Pocapaglia,3319,-0.06022282445046673,96.1142593155203,0.0526,0.981,155,10.97,2.349,entro il 2000
004171,Polonghera,1135,-4.861693210393965,96.44877638697015,0.0835,4.573,51,9.107,2.027,entro il 1980
004172,Pontechianale,163,-9.444444444444445,96.5812100845693,0.1325,3.119,1342,92.872,0.113,entro il 1970
004173,Pradleves,234,-13.653136531365314,96.50086907774873,0.1447,3.103,462,76.238,0.386,entro il 1970
004174,Prazzo,167,-5.649717514124294,97.02385552523563,0.1334,4.028,619,87.183,0.235,entro il 1918
004175,Priero,516,5.521472392638037,102.60956557331028,0.0623,4.878,247,52.778,1.103,entro il 1970
004176,Priocca,2001,-0.24925224327018944,96.87879189545156,0.0444,0.55,194,19.02,1.962,entro il 1980
004177,Priola,693,-3.212290502793296,97.07260471347239,0.0812,3.571,370,52.632,0.986,entro il 1980
004178,Prunetto,436,-6.837606837606838,98.63611551406687,0.053,0.261,178,44.169,1.082,entro il 1970
004179,Racconigi,9958,-0.7277439936197787,97.82946905813213,0.0727,1.293,471,10.157,2.148,entro il 1990
004180,Revello,4252,1.310459852275435,97.80864973458125,0.1334,2.056,422,20.22,2.037,entro il 1990
004181,Rifreddo,1040,-2.9850746268656714,100.22297844998091,0.1343,3.609,203,31.669,1.622,entro il 1990
004182,Rittana,105,-19.84732824427481,94.69078535227219,0.147,9.783,245,78.778,0.338,entro il 1970
004183,Roaschia,105,-21.641791044776117,98.94818038645187,0.1504,2.466,382,80.761,0.222,entro il 1918
004184,Roascio,96,18.51851851851852,96.7154261840445,0.0592,7.609,55,56.701,0.99,entro il 1980
004185,Robilante,2285,-5.343827671913836,95.01224066728656,0.1475,0.619,827,44.995,1.243,entro il 1980
004186,Roburent,496,-3.313840155945419,96.73655161376023,0.0971,2.824,2715,90.169,0.165,entro il 1970
004188,Rocca Cigliè,134,-11.842105263157894,96.29881921700712,0.0605,0.746,81,51.923,0.859,entro il 1945
004189,Rocca de' Baldi,1639,-3.6449147560258672,97.43656256858615,0.08,5.845,352,34.851,1.623,entro il 1980
004187,Roccabruna,1565,-1.4483627204030227,96.93682530286164,0.1392,2.506,786,52.365,1.043,entro il 1980
004190,Roccaforte Mondovì,2140,-0.603808639108221,96.78386955127502,0.1209,0.618,1486,61.027,0.879,entro il 1980
004191,Roccasparvera,742,-0.5361930294906166,93.9395557856955,0.1462,0.471,187,36.739,1.458,entro il 1990
004192,Roccavione,2648,-8.183079056865465,97.03896079178344,0.1481,2.207,665,34.492,1.373,entro il 1970
004193,Rocchetta Belbo,165,-8.83977900552486,92.94776675936495,0.0475,2.041,47,37.302,1.31,entro il 1980
004194,Roddi,1658,7.453013609850939,94.74118804111282,0.0507,2.57,110,15.782,2.379,entro il 2000
004195,Roddino,413,8.970976253298153,94.2273530167765,0.053,0.905,146,44.648,1.263,entro il 1970
004196,Rodello,960,-4.572564612326044,98.74568372018173,0.0488,0.0,98,19.329,1.893,entro il 1990
004197,Rossana,883,-2.2148394241417497,95.81333079811333,0.1355,10.478,412,50.739,1.087,entro il 1970
004198,Ruffia,361,2.556818181818182,97.04766058631778,0.0883,2.419,51,28.652,2.028,entro il 1990
004199,Sale delle Langhe,519,-0.5747126436781609,97.72782660241923,0.0597,1.075,179,42.619,1.236,entro il 1960
004200,Sale San Giovanni,173,-1.7045454545454544,95.44542782671563,0.0585,0.0,90,49.451,0.951,entro il 1945
004201,Saliceto,1269,-8.043478260869565,98.3278893494232,0.0574,6.957,399,38.365,1.22,entro il 1970
004202,Salmour,719,0.0,95.50117220280698,0.0625,2.473,83,23.58,2.043,entro il 1980
004203,Saluzzo,16958,0.14172670367308374,99.05639068950582,0.1259,1.075,1133,13.629,2.04,entro il 1980
004204,Sambuco,88,-12.0,93.04375648760664,0.1391,0.662,165,73.991,0.395,entro il 1918
004205,Sampeyre,1003,-5.821596244131456,96.71487851678839,0.1371,1.595,3651,86.908,0.239,entro il 1945
004206,San Benedetto Belbo,166,-13.541666666666666,98.57019138123532,0.0548,2.92,106,53.0,0.83,entro il 1980
004207,San Damiano Macra,408,-5.990783410138248,96.49534087773806,0.1418,4.459,764,76.096,0.406,entro il 1918
004210,San Michele Mondovì,1956,-3.9292730844793713,100.49204053910735,0.07,1.29,508,37.162,1.431,entro il 1970
004208,Sanfrè,3021,4.388389771941949,96.0651287596355,0.0594,2.533,171,12.819,2.265,entro il 2000
004209,Sanfront,2354,-6.624355414518049,97.28954337526439,0.1354,1.622,968,46.899,1.141,entro il 1980
004212,Santa Vittoria d'Alba,2831,3.1705539358600583,97.63197454285866,0.0505,0.6,246,17.904,2.06,entro il 2000
004211,Sant'Albano Stura,2391,0.3357112882920688,95.32383234138064,0.0807,0.0,100,9.569,2.288,entro il 2000
004213,Santo Stefano Belbo,3913,-3.7155511811023625,97.77088982813402,0.0464,2.311,436,20.431,1.834,entro il 1980
004214,Santo Stefano Roero,1387,-0.9285714285714286,97.5311502246943,0.0478,0.287,377,39.852,1.466,entro il 1970
004215,Savigliano,21526,2.867246487623053,97.98370993289306,0.1014,0.699,1345,13.293,2.127,entro il 1990
004216,Scagnello,181,-10.396039603960396,94.4094011276094,0.0711,9.091,98,51.309,0.948,entro il 1980
004217,Scarnafigi,2159,2.760590195145169,98.00196360055685,0.1057,2.256,58,6.606,2.459,entro il 1980
004218,Serralunga d'Alba,579,10.707456978967496,99.42239482512541,0.0516,0.8,116,33.429,1.669,entro il 2000
004219,Serravalle Langhe,301,-7.098765432098765,96.0483069054655,0.0513,0.0,170,52.308,0.926,entro il 1980
004220,Sinio,533,4.305283757338552,98.47257947056912,0.0508,1.255,96,30.284,1.681,entro il 1990
004221,Somano,341,-4.213483146067416,100.13338492385098,0.0545,0.0,196,53.261,0.927,entro il 1980
004222,Sommariva del Bosco,6321,-1.1416953393806695,97.1259216696577,0.0588,1.762,395,13.211,2.114,entro il 1980
004223,Sommariva Perno,2797,-0.7099751508697196,95.70144641504447,0.0524,1.985,247,17.505,1.982,entro il 1990
004224,Stroppo,106,0.9523809523809524,93.98698168282674,0.1368,0.252,305,82.88,0.288,entro il 1918
004225,Tarantasca,2112,5.389221556886228,96.18721815752345,0.1214,2.486,163,17.452,2.261,entro il 1990
004226,Torre Bormida,179,-15.566037735849056,95.8542933168641,0.0496,1.176,103,51.759,0.899,entro il 1970
004227,Torre Mondovì,487,0.205761316872428,95.95561100756318,0.0742,4.535,380,60.032,0.769,entro il 1980
004228,Torre San Giorgio,725,2.2566995768688294,98.1473005374701,0.1033,1.667,57,16.765,2.132,entro il 1990
004229,Torresina,51,-26.08695652173913,103.78705530996777,0.0572,5.97,49,62.025,0.646,entro il 1960
004230,Treiso,799,-2.5609756097560976,97.42989633388167,0.0471,0.345,152,34.234,1.8,entro il 1980
004231,Trezzo Tinella,317,-7.309941520467836,100.96170987285605,0.0472,1.075,83,36.726,1.403,entro il 1980
004232,Trinità,2232,1.824817518248175,97.11939547479307,0.0722,0.908,146,14.342,2.193,entro il 1990
004233,Valdieri,932,0.43103448275862066,94.68712295011599,0.1506,3.415,1235,72.775,0.549,entro il 1980
004234,Valgrana,780,-2.86425902864259,98.18611193678913,0.1436,4.054,212,37.128,1.366,entro il 1980
004235,Valloriate,110,-7.563025210084033,97.64598972919117,0.1494,0.0,167,69.874,0.46,entro il 1980
004236,Valmala,49,-23.4375,91.70146708944645,0.1369,2.119,585,92.417,0.077,entro il 1960
004237,Venasca,1391,-4.921394395078606,97.71473557458619,0.135,4.385,527,44.623,1.178,entro il 1970
004238,Verduno,564,-1.0526315789473684,97.5782547549925,0.0512,2.727,80,24.691,1.741,entro il 1980
004239,Vernante,1143,-6.311475409836066,96.42378514330385,0.15,0.455,1230,68.257,0.634,entro il 1970
004240,Verzuolo,6480,1.1078171321579031,98.04834638310561,0.1276,1.255,501,15.637,2.022,entro il 1970
004241,Vezza d'Alba,2288,3.5294117647058822,95.4441000689595,0.0469,1.771,264,22.957,1.99,entro il 1980
004242,Vicoforte,3129,-1.231060606060606,96.5024880656445,0.074,0.096,506,27.088,1.675,entro il 1980
004243,Vignolo,2583,3.4855769230769234,95.88776009591746,0.1425,1.921,142,12.724,2.315,entro il 2000
004244,Villafalletto,2911,0.2755769893213917,98.59468592041286,0.1195,0.704,469,29.349,1.822,entro il 1980
004245,Villanova Mondovì,5795,0.2942194530979578,97.58245193740555,0.0883,0.681,649,21.698,1.937,entro il 1990
004246,Villanova Solaro,760,-1.5544041450777202,97.27396215176218,0.0951,2.174,53,13.625,1.954,entro il 1970
004247,Villar San Costanzo,1576,4.717607973421927,96.71898626870863,0.1376,7.84,325,33.436,1.621,entro il 1990
004248,Vinadio,629,-7.771260997067449,94.74913739449912,0.144,1.195,1004,75.037,0.47,entro il 1970
004249,Viola,363,-13.77672209026128,96.3580051890556,0.0799,1.452,1868,88.868,0.173,entro il 1980
004250,Vottignasco,524,-3.6764705882352944,94.70169356485378,0.1037,3.057,42,15.849,1.977,entro il 1980
003001,Agrate Conturbia,1544,-0.5154639175257731,96.7882354547884,0.0377,0.644,425,38.813,1.41,entro il 2000
003002,Ameno,934,8.731082654249127,95.62323249168288,0.0416,2.532,470,53.409,1.061,entro il 1945
003006,Armeno,2216,0.864815657715066,97.62164874971388,0.0445,1.041,684,41.379,1.341,entro il 1980
003008,Arona,13966,-1.474426807760141,98.79765987429538,0.0393,0.906,2096,23.987,1.598,entro il 1970
003012,Barengo,795,-5.244338498212158,97.49123597308062,0.0375,2.069,90,20.501,1.811,entro il 1990
003016,Bellinzago Novarese,9646,2.7372457130684844,96.66997610763691,0.0374,0.556,270,6.492,2.319,entro il 1990
003018,Biandrate,1298,7.807308970099667,97.89209159791378,0.0368,3.096,95,15.422,2.107,entro il 1990
003019,Boca,1213,-1.3018714401952807,97.56438292882656,0.0387,2.165,37,6.572,2.155,entro il 1970
003021,Bogogno,1285,-3.6009002250562636,99.18048516570182,0.0378,0.167,299,34.094,1.465,entro il 2000
003022,Bolzano Novarese,1190,1.276595744680851,97.26195707188658,0.0408,0.0,105,17.736,2.01,entro il 1980
003025,Borgo Ticino,5089,2.4149728315556453,98.28304525158175,0.0377,1.918,360,15.673,2.215,entro il 2000
003023,Borgolavezzaro,2041,-2.1572387344199426,97.43556199297578,0.0393,0.0,149,15.066,2.064,entro il 1970
003024,Borgomanero,21719,2.636926421246633,99.69192703683575,0.0391,4.133,1909,17.567,1.999,entro il 2000
003026,Briga Novarese,2865,-5.756578947368421,96.84850183887116,0.04,1.001,198,13.627,1.972,entro il 1990
003027,Briona,1164,-5.51948051948052,96.82114681767132,0.0374,0.565,89,14.495,1.896,entro il 1980
003030,Caltignaga,2542,-1.3581684128831975,95.18840189253393,0.0372,1.102,122,10.158,2.117,entro il 1990
003032,Cameri,10907,1.0749698823093317,96.57363146976073,0.0374,0.137,323,6.816,2.302,entro il 1990
003036,Carpignano Sesia,2507,-1.8402505873140171,98.96169507748074,0.0376,1.2,84,6.914,2.063,entro il 1980
003037,Casalbeltrame,959,-11.203703703703702,97.23018096080384,0.0368,0.0,31,7.159,2.215,entro il 2000
003039,Casaleggio Novara,927,-0.9615384615384616,96.37293042424967,0.037,1.347,6,1.425,2.202,entro il 1990
003040,Casalino,1537,-2.2264631043257,96.29108602621989,0.0369,0.465,88,11.86,2.071,entro il 1980
003041,Casalvolone,879,0.9184845005740528,98.79878369058243,0.0367,0.542,54,12.766,2.078,entro il 1980
003042,Castellazzo Novarese,336,4.024767801857585,102.20622994442975,0.0372,3.409,16,10.667,2.24,entro il 1980
003043,Castelletto sopra Ticino,9969,-0.2301841473178543,99.13463790078976,0.0379,0.959,947,18.471,1.944,entro il 1990
003044,Cavaglietto,383,-4.72636815920398,99.92244265280215,0.03763999999999999,1.875,48,21.429,1.71,entro il 1970
003045,Cavaglio d'Agogna,1174,-8.709175738724728,96.60597546645616,0.0377,1.94,178,23.117,1.525,entro il 1960
003047,Cavallirio,1335,6.120826709062003,94.56922564897977,0.0393,1.896,84,14.047,2.232,entro il 1970
003049,Cerano,6813,0.739316871211001,98.12921379724546,0.0399,1.847,460,14.042,2.08,entro il 1980
003051,Colazza,447,-3.6637931034482754,95.48565964820993,0.0403,5.842,493,67.906,0.616,entro il 1980
003052,Comignago,1261,3.7006578947368416,97.27829576629891,0.0381,0.0,25,5.01,2.527,entro il 2005
003055,Cressa,1612,2.609802673456397,97.24588522463013,0.0378,1.818,102,13.178,2.083,entro il 1990
003058,Cureggio,2630,1.0760953112990008,97.06706879117725,0.0384,0.924,101,8.852,2.305,entro il 2000
003060,Divignano,1404,-3.5051546391752577,99.842272499834,0.0374,0.0,186,24.933,1.882,entro il 2000
003062,Dormelletto,2600,-1.5151515151515151,98.04009753363553,0.0381,0.0,356,23.36,1.706,entro il 1970
003065,Fara Novarese,2026,-3.8899430740037952,97.36030372417314,0.0376,0.722,196,17.516,1.811,entro il 1970
003066,Fontaneto d'Agogna,2660,-2.8842643300474626,98.23049700589505,0.0382,0.808,170,12.782,2.0,entro il 1980
003068,Galliate,15685,4.699285761965156,97.70489810955513,0.0379,0.476,442,6.354,2.255,entro il 1980
003069,Garbagna Novarese,1431,4.528853177501826,94.28676872936214,0.0377,0.0,40,7.13,2.551,entro il 2005
003070,Gargallo,1832,-1.8746652383502946,99.19284250705346,0.0399,0.448,69,8.657,2.299,entro il 1990
003071,Gattico,3377,0.6557377049180327,97.09555848193334,0.0385,0.206,87,5.851,2.271,entro il 1990
003073,Ghemme,3573,-0.832639467110741,97.41315616989328,0.0381,1.312,435,21.324,1.751,entro il 1970
003076,Gozzano,5622,0.3570153516601214,98.87733820429305,0.0407,1.036,346,12.935,2.102,entro il 1970
003077,Granozzo con Monticello,1397,-2.102312543798178,97.5755638957941,0.0374,0.0,63,9.828,2.179,entro il 1990
003079,Grignasco,4506,-3.429061294470639,97.87910541543573,0.0403,1.441,243,10.644,1.974,entro il 1980
003082,Invorio,4439,-0.4931629679444071,97.69891244531118,0.0402,1.193,406,17.957,1.963,entro il 2000
003083,Landiona,567,-2.7444253859348198,97.13785754557068,0.0371,6.303,19,6.835,2.04,entro il 1970
003084,Lesa,2236,0.4041311180960934,96.95902444043836,0.0398,2.824,1162,51.01,0.982,entro il 1980
003088,Maggiora,1684,-2.9394812680115274,97.56410833139462,0.0394,0.555,93,11.328,2.051,entro il 1970
003090,Mandello Vitta,234,-4.878048780487805,96.77796917509342,0.0372,0.0,2,1.852,2.167,entro il 1970
003091,Marano Ticino,1654,6.435006435006435,96.62609201376208,0.0373,0.983,59,8.754,2.454,entro il 1990
003093,Massino Visconti,1052,-4.9683830171635055,98.51018832715344,0.0411,0.132,618,53.646,0.913,entro il 1980
003095,Meina,2484,-2.8169014084507045,97.709556863947,0.0393,0.242,883,42.802,1.204,entro il 1990
003097,Mezzomerico,1235,5.017006802721088,96.54974467370366,0.0373,0.261,62,11.171,2.225,entro il 2000
003098,Miasino,795,-9.761634506242906,97.58376818307282,0.0425,0.213,443,53.502,0.96,entro il 1980
003100,Momo,2509,-6.0299625468164795,97.83807260337517,0.0373,0.0,301,21.078,1.757,entro il 1990
003103,Nebbiuno,1821,-1.8328840970350404,97.57659808129264,0.0404,1.772,1033,54.397,0.959,entro il 1980
003104,Nibbiola,809,2.926208651399491,96.69065901275958,0.0379,2.075,74,18.734,2.048,entro il 1980
003106,Novara,104183,2.4022253019982505,99.51088108920447,0.0376,0.335,3612,7.476,2.156,entro il 1980
003108,Oleggio,14135,3.5758774822305264,97.05453805595415,0.0374,1.108,618,9.989,2.285,entro il 1980
003109,Oleggio Castello,2132,8.44354018311292,97.60962855714912,0.0389,0.901,97,10.73,2.358,entro il 2000
003112,Orta San Giulio,1280,10.060189165950128,100.02580616060101,0.0432,0.223,508,52.588,1.325,entro il 1970
003114,Paruzzaro,2211,6.298076923076923,96.50970328874722,0.0388,1.111,137,13.951,2.252,entro il 2005
003115,Pella,985,-4.089581304771178,99.94915215117673,0.044,1.261,290,38.008,1.291,entro il 1970
003116,Pettenasco,1380,1.3215859030837005,96.6490872913508,0.0453,0.327,315,35.078,1.537,entro il 1980
003119,Pisano,801,3.6222509702457955,97.71866903561484,0.041125,3.217,331,47.489,1.149,entro il 1980
003120,Pogno,1423,-7.356770833333333,98.42006509663892,0.0421,0.0,162,21.094,1.853,entro il 1980
003121,Pombia,2176,-0.4574565416285453,97.86378606285083,0.0374,1.445,203,18.488,1.982,entro il 1990
003122,Prato Sesia,1887,-5.3186151530356245,97.13260245746723,0.0393,1.647,345,28.774,1.574,entro il 1980
003129,Recetto,948,2.8199566160520604,99.12283629196813,0.037,0.0,94,18.876,1.904,entro il 1945
003130,Romagnano Sesia,3889,-3.8566131025957975,99.3093932282598,0.039,1.571,322,15.232,1.84,entro il 1970
003131,Romentino,5659,4.815706612335617,97.97282213667863,0.0383,0.983,223,9.207,2.336,entro il 1980
003133,San Maurizio d'Opaglio,3075,-1.0617760617760617,97.83515629345004,0.0423,0.959,377,22.96,1.873,entro il 1980
003134,San Nazzaro Sesia,728,5.813953488372093,96.34892899668569,0.0368,0.0,56,15.642,2.034,entro il 1980
003135,San Pietro Mosezzo,2011,1.0552763819095476,96.09886758154049,0.037,0.0,80,8.83,2.22,entro il 2000
003138,Sillavengo,560,-6.0402684563758395,96.44986291920563,0.0374,0.957,37,12.759,1.931,entro il 1960
003139,Sizzano,1444,-0.3450655624568668,96.33845186466912,0.0377,0.0,115,16.061,2.017,entro il 1980
003140,Soriso,755,-3.205128205128205,101.08104262264023,0.0405,1.399,168,34.855,1.566,entro il 1960
003141,Sozzago,1075,2.478551000953289,96.79529933225604,0.0386,2.405,127,22.399,1.896,entro il 2000
003143,Suno,2788,-0.21474588403722264,98.66172140067393,0.0375,0.912,236,16.332,1.929,entro il 1980
003144,Terdobbiate,470,-6.187624750499002,100.15651387179079,0.0383,3.356,56,21.622,1.815,entro il 1980
003146,Tornaco,933,5.782312925170068,94.08978178693562,0.0393,1.146,27,6.767,2.338,entro il 1970
003149,Trecate,20566,3.6018336607727566,98.42301551452006,0.0388,0.99,769,8.654,2.314,entro il 1990
003153,Vaprio d'Agogna,997,-2.06286836935167,95.51724750377872,0.0373,1.471,62,11.698,1.881,entro il 1960
003154,Varallo Pombia,4922,-1.599360255897641,97.5409170450426,0.0375,0.501,303,13.128,2.133,entro il 1980
003157,Veruno,1857,0.5958829902491874,96.66775318806327,0.038,0.42,221,22.301,1.874,entro il 1980
003158,Vespolate,2048,-1.253616200578592,95.67637812688069,0.0385,0.0,57,6.136,2.205,entro il 1980
003159,Vicolungo,887,0.0,95.21446657203259,0.037,0.737,236,39.465,1.483,entro il 1970
003164,Vinzaglio,575,-1.877133105802048,100.57169893629839,0.037,3.636,40,14.134,2.032,entro il 1970
001001,Agliè,2646,0.8768585589020207,96.80103495429299,0.0459,1.19,222,15.711,1.873,entro il 1970
001002,Airasca,3726,-2.3328964613368286,98.57320911980563,0.1056,1.594,78,4.934,2.357,entro il 2000
001003,Ala di Stura,456,-1.935483870967742,98.26002949310896,0.1233,15.759,1163,83.729,0.328,entro il 1970
001004,Albiano d'Ivrea,1677,-6.988352745424292,97.43862434367844,0.0418,0.377,88,10.185,1.941,entro il 1970
001005,Alice Superiore,725,3.1294452347083923,100.12473954740913,0.0458,12.644,281,43.906,1.133,entro il 1960
001006,Almese,6409,1.9405121679656432,97.34712990094486,0.098,0.545,483,14.967,1.986,entro il 1990
001007,Alpette,244,-11.272727272727273,93.9524549112102,0.0543,1.613,586,78.133,0.325,entro il 1980
001008,Alpignano,16679,-1.4418247355669798,98.0301088030611,0.0766,1.165,478,6.222,2.171,entro il 1980
001009,Andezeno,2027,3.3656297807241207,97.44766003863447,0.0449,1.367,182,18.763,2.09,entro il 1990
001010,Andrate,494,-4.8169556840077075,93.50070461461404,0.0448,0.86,448,62.483,0.689,entro il 1980
001011,Angrogna,868,-0.45871559633027525,96.54071271071987,0.1349,1.843,695,62.896,0.786,entro il 1945
001012,Arignano,1087,2.838221381267739,96.90692353941613,0.0441,1.075,83,17.149,2.246,entro il 1980
001013,Avigliana,12443,2.470559169892119,97.67886456867345,0.1168,1.545,466,8.398,2.242,entro il 1990
001014,Azeglio,1267,-5.729166666666666,99.00615257350672,0.0404,0.174,169,23.375,1.752,entro il 1945
001015,Bairo,802,-2.3142509135200973,99.75413683824755,0.046,5.105,137,29.211,1.71,entro il 1970
001016,Balangero,3173,0.28445006321112515,96.1206677719261,0.0647,1.037,290,17.846,1.953,entro il 1980
001017,Baldissero Canavese,543,1.6853932584269662,97.22233030208419,0.0462,0.0,169,41.119,1.321,entro il 1970
001018,Baldissero Torinese,3720,-1.6653449643140366,99.00114191954398,0.0481,0.0,239,13.397,2.085,entro il 1990
001019,Balme,111,16.842105263157894,96.40022580574215,0.1324,0.0,671,92.424,0.153,entro il 1945
001020,Banchette,3257,-0.8221680876979294,97.12895959177277,0.0435,0.0,210,11.725,1.819,entro il 1970
001021,Barbania,1594,-2.208588957055215,97.55032521694149,0.0556,2.686,235,24.078,1.633,entro il 1980
001022,Bardonecchia,3155,-2.049053089102763,98.85754693808788,0.1187,1.386,8534,83.806,0.31,entro il 1970
001023,Barone Canavese,584,-2.1775544388609713,98.2924105361009,0.0423,0.0,66,19.94,1.764,entro il 1970
001024,Beinasco,17981,-0.5420653797223298,97.56996660083426,0.0655,0.748,198,2.49,2.261,entro il 1970
001025,Bibiana,3463,2.4253179532682636,98.08495609035215,0.1347,4.082,291,16.919,2.013,entro il 1980
001026,Bobbio Pellice,555,-1.5957446808510638,96.99964296398954,0.1346,4.293,659,68.933,0.581,entro il 1960
001027,Bollengo,2144,1.9495958155016642,96.91084586056488,0.042,0.718,130,12.184,2.009,entro il 1970
001028,Borgaro Torinese,11889,-12.394075602387444,97.32448331907601,0.0539,0.131,127,2.309,2.161,entro il 2000
001029,Borgiallo,593,8.807339449541285,96.08476036707818,0.0498,3.55,60,17.964,1.775,entro il 1970
001030,Borgofranco d'Ivrea,3690,0.9023789991796556,97.2256921731188,0.045,1.386,475,22.587,1.755,entro il 1980
001031,Borgomasino,808,-2.4154589371980677,99.101551981613,0.0404,3.972,147,28.269,1.554,entro il 1945
001032,Borgone Susa,2205,-4.0052242054854155,98.45191190629649,0.1313,0.985,326,23.453,1.586,entro il 1970
001033,Bosconero,3146,3.1137332022287776,97.45694935978251,0.0461,1.267,87,6.723,2.431,entro il 1980
001034,Brandizzo,8743,4.157731713128425,96.9988221139537,0.0445,0.71,161,4.405,2.392,entro il 1980
001035,Bricherasio,4608,1.7892644135188867,97.49440171000603,0.1345,0.607,369,15.885,1.984,entro il 1980
001036,Brosso,404,-11.403508771929824,95.4367920618943,0.0463,0.0,211,46.785,0.896,entro il 1970
001037,Brozolo,439,-6.794055201698514,94.85956037769735,0.039,0.0,87,28.808,1.454,entro il 1970
001038,Bruino,8605,1.2710368365305402,97.77918173663205,0.0893,0.27,204,5.835,2.461,entro il 1990
001039,Brusasco,1554,-9.545983701979045,100.67253145509171,0.0389,4.637,139,16.088,1.799,entro il 1970
001040,Bruzolo,1533,0.13063357282821686,97.19932480879933,0.1329,1.618,218,24.142,1.698,entro il 2000
001041,Buriasco,1370,-2.3521026372059874,96.97573832023879,0.1222,0.0,94,15.461,2.253,entro il 1980
001042,Burolo,1160,-5.537459283387622,96.16754966002937,0.0426,0.0,135,20.24,1.739,entro il 1970
001043,Busano,1642,2.882205513784461,97.54147091447692,0.05141428571428571,0.242,38,5.531,2.39,entro il 1990
001044,Bussoleno,5981,-5.959119496855346,99.75375469847879,0.1346,1.088,751,20.815,1.658,entro il 1980
001045,Buttigliera Alta,6435,0.9253450439146801,96.93937535205552,0.0929,0.652,258,8.872,2.213,entro il 1980
001046,Cafasse,3425,-2.282453637660485,99.35715616721892,0.0654,1.218,333,18.088,1.86,entro il 1970
001047,Caluso,7502,0.6844718829687291,98.0806387287036,0.0431,0.295,373,10.081,2.028,entro il 1970
001048,Cambiano,6027,-2.9155927835051547,98.52745164053427,0.0537,0.515,188,7.108,2.279,entro il 2000
001049,Campiglione Fenile,1370,-0.5083514887436456,98.81774350456456,0.134,2.791,90,13.12,1.997,entro il 2000
001050,Candia Canavese,1249,-2.574102964118565,96.41554875647506,0.0416,1.528,90,13.554,1.881,entro il 1970
001051,Candiolo,5612,0.19639350116050705,96.56074709959448,0.0728,1.057,186,7.795,2.352,entro il 1990
001052,Canischio,274,-6.484641638225256,97.66924691886916,0.0563,3.583,188,54.179,0.79,entro il 1945
001053,Cantalupa,2613,3.1990521327014214,97.07420656649525,0.1307,0.19,288,21.541,1.954,entro il 1990
001054,Cantoira,562,1.9963702359346642,97.66938517350613,0.0889,1.517,1910,86.739,0.255,entro il 1970
001055,Caprie,2087,-0.9492168960607499,96.5097562646216,0.1143,5.355,492,34.31,1.455,entro il 1980
001056,Caravino,925,-6.659939455095863,97.69641834824891,0.0413,0.86,161,26.744,1.537,entro il 1960
001057,Carema,766,-1.2886597938144329,98.47640865478122,0.048,5.447,411,53.101,0.99,entro il 1960
001058,Carignano,9334,2.1784345922276955,97.83549491147343,0.0679,1.655,293,7.05,2.246,entro il 1980
001059,Carmagnola,28976,1.137870855148342,98.72296116141723,0.0655,0.639,2784,19.236,2.002,entro il 2000
001060,Casalborgone,1885,4.028697571743929,97.09453056202999,0.0428,4.665,162,16.65,1.937,entro il 1970
001061,Cascinette d'Ivrea,1531,2.202937249666222,97.33409658985168,0.043199999999999995,1.425,82,11.111,2.075,entro il 1980
001062,Caselette,3047,3.1133671742808797,99.61324345536877,0.0913,0.0,150,11.547,2.346,entro il 1980
001063,Caselle Torinese,13935,-24.126102580855928,97.59189269628322,0.0556,0.893,369,4.785,1.807,entro il 1990
001064,Castagneto Po,1787,0.5627462014631401,98.21323991614334,0.0427,1.194,287,28.055,1.747,entro il 1980
001065,Castagnole Piemonte,2246,1.3080739738385205,96.7344478949987,0.0837,0.0,134,13.32,2.233,entro il 1990
001066,Castellamonte,9977,0.5745967741935484,98.15964868584922,0.0497,3.21,430,9.21,2.137,entro il 1970
001067,Castelnuovo Nigra,440,4.761904761904762,96.92242108682434,0.0505,0.916,646,72.098,0.491,entro il 1960
001068,Castiglione Torinese,6489,2.722811461136615,97.4837326446061,0.0465,0.542,250,8.815,2.288,entro il 1990
001069,Cavagnolo,2114,-8.326105810928015,98.48391071933044,0.0392,0.59,157,13.833,1.863,entro il 1980
001070,Cavour,5492,-1.0272121102901424,97.40696153463851,0.132,1.736,274,10.587,2.122,entro il 1980
001071,Cercenasco,1803,-3.012372243141474,95.86407806213178,0.1017,0.379,77,9.112,2.134,entro il 1990
001072,Ceres,1036,-1.3333333333333335,96.5026638751898,0.0987,0.877,1479,72.217,0.506,entro il 1970
001073,Ceresole Reale,164,2.5,94.78333862121549,0.1253,0.943,411,81.065,0.323,entro il 1980
001074,Cesana Torinese,945,-5.782652043868395,99.1454681366503,0.1167,4.703,4465,90.129,0.191,entro il 1980
001075,Chialamberto,343,-6.284153005464481,97.72371622945352,0.1039,0.776,1201,86.032,0.246,entro il 1970
001076,Chianocco,1624,-4.132231404958678,97.93905033589233,0.1341,1.767,509,40.301,1.286,entro il 1980
001077,Chiaverano,2073,-1.520190023752969,97.02301041332137,0.0431,0.506,248,21.659,1.81,entro il 1970
001078,Chieri,36858,2.6742436904562927,98.56027575521696,0.0494,0.333,1649,9.688,2.165,entro il 1990
001079,Chiesanuova,236,16.25615763546798,96.80007383994848,0.0512,1.826,163,61.742,0.894,entro il 1980
001080,Chiomonte,883,-5.359056806002144,96.09117568434317,0.1339,0.442,1323,73.296,0.489,entro il 1970
001081,Chiusa di San Michele,1646,-2.7761370348493797,98.06927146900506,0.1217,3.13,282,27.593,1.611,entro il 1970
001082,Chivasso,26976,4.2309029790193575,98.3738715650186,0.0435,0.991,1256,10.092,2.167,entro il 1980
001083,Ciconio,387,3.753351206434316,97.51923371929394,0.0459,0.0,12,7.843,2.529,entro il 1945
001084,Cintano,259,0.7782101167315175,96.94834555018457,0.05,4.188,111,48.052,1.121,entro il 1980
001085,Cinzano,343,-6.7934782608695645,104.73963099589412,0.0422,4.639,49,21.778,1.524,entro il 1980
001086,Ciriè,18639,1.5030223819637314,97.79141118684382,0.0595,1.334,642,7.562,2.195,entro il 1980
001087,Claviere,209,9.424083769633508,103.64763300172967,0.1167,0.0,741,90.366,0.255,entro il 1990
001088,Coassolo Torinese,1521,-1.6170763260025873,97.7198431872989,0.0712,6.571,696,49.049,1.072,entro il 1980
001089,Coazze,3203,4.502446982055465,97.14643414645288,0.1345,0.565,1667,53.123,1.021,entro il 1970
001090,Collegno,49597,1.2741714822453187,97.67972927401117,0.0632,0.725,1758,7.566,2.135,entro il 1990
001091,Colleretto Castelnuovo,330,-5.444126074498568,96.81845453449745,0.05,1.553,250,59.242,0.782,entro il 1970
001092,Colleretto Giacosa,579,-3.5000000000000004,98.97488686303443,0.0441,1.402,59,17.665,1.734,entro il 1980
001093,Condove,4614,-1.1356331690593529,98.86235638490268,0.1309,6.786,1378,38.773,1.298,entro il 1970
001094,Corio,3250,-1.7830160169235418,98.12605300022159,0.0634,1.719,964,39.219,1.322,entro il 1970
001095,Cossano Canavese,500,-4.397705544933078,100.3652128204488,0.0404,0.327,100,30.03,1.502,entro il 1918
001096,Cuceglio,998,-0.4985044865403789,97.77518723646487,0.0439,0.28,103,19.109,1.852,entro il 1980
001097,Cumiana,7873,1.026562299499551,97.02202901175346,0.1271,0.348,930,21.578,1.827,entro il 1980
001098,Cuorgnè,9728,-3.683168316831683,99.99662744485666,0.0527,3.209,1031,18.935,1.787,entro il 1980
001099,Druento,8790,4.24573055028463,97.70385251648541,0.0642,0.433,170,4.69,2.425,entro il 1980
001100,Exilles,260,-2.6217228464419478,95.89760907538076,0.1317,10.274,431,74.826,0.451,entro il 1918
001101,Favria,5186,-1.0871638374976158,99.35411515667535,0.0501,0.796,138,6.278,2.359,entro il 1980
001102,Feletto,2298,1.771479185119575,99.99274052153496,0.046,1.568,267,22.743,1.957,entro il 1980
001103,Fenestrelle,521,-5.2727272727272725,96.91646432288258,0.1347,2.394,1458,82.095,0.293,entro il 1960
001104,Fiano,2679,-0.2606105733432614,97.7542072711346,0.0661,1.722,207,15.243,1.973,entro il 1980
001105,Fiorano Canavese,777,-7.057416267942583,98.4715541238308,0.0442,3.257,75,16.376,1.697,entro il 1960
001106,Foglizzo,2328,-0.6825938566552902,97.47695190445235,0.044,0.887,137,12.135,2.062,entro il 1960
001107,Forno Canavese,3382,-6.055555555555555,99.30568806707761,0.0569,2.305,355,19.117,1.821,entro il 1970
001108,Frassinetto,277,2.5925925925925926,100.67556436701143,0.0528,1.72,379,72.885,0.533,entro il 1945
001109,Front,1670,-3.5239745811669554,98.70573153040435,0.0503,1.342,91,11.262,2.067,entro il 1970
001110,Frossasco,2853,0.38705137227304715,97.51642336908105,0.1303,0.241,55,4.482,2.325,entro il 1980
001111,Garzigliana,541,-3.2200357781753133,97.34559420570942,0.131,1.523,46,16.547,1.946,entro il 1970
001112,Gassino Torinese,9494,-0.45087553738072766,97.64664931304318,0.0452,0.283,355,8.024,2.146,entro il 1980
001113,Germagnano,1177,-5.689102564102564,97.05798889218207,0.0749,0.664,320,35.088,1.291,entro il 1970
001114,Giaglione,619,-5.78386605783866,97.34095099566326,0.134,2.312,365,55.556,0.942,entro il 1980
001115,Giaveno,16417,0.9159085320875338,98.48608745402966,0.1341,0.928,1293,15.402,1.956,entro il 1990
001116,Givoletto,3953,8.479692645444567,97.07051771718857,0.0735,0.0,148,9.373,2.503,entro il 2005
001117,Gravere,671,-5.758426966292135,100.43670637297845,0.1344,1.815,965,73.384,0.51,entro il 1980
001118,Groscavallo,204,6.806282722513089,93.3464945067622,0.1299,0.489,638,85.408,0.273,entro il 1945
001119,Grosso,1035,0.5830903790087464,96.01943570711155,0.0583,5.764,46,9.524,2.143,entro il 1970
001120,Grugliasco,37700,1.3168503090567052,97.50603082019163,0.0639,0.176,826,4.941,2.255,entro il 1990
001121,Ingria,46,-4.166666666666666,100.31543470763923,0.0543,12.692,248,89.855,0.167,entro il 1960
001122,Inverso Pinasca,704,-4.477611940298507,97.86868567562207,0.1345,5.22,177,33.65,1.338,entro il 1970
001123,Isolabella,380,-3.061224489795918,98.10512383890213,0.0458,2.632,77,34.071,1.681,entro il 1990
001124,Issiglio,398,-8.294930875576037,97.2179010749582,0.047475,0.651,183,47.656,1.036,entro il 1960
001125,Ivrea,23637,-0.012690355329949238,98.89698310498335,0.0439,0.676,1820,14.227,1.848,entro il 1990
001126,La Cassa,1825,2.6434195725534306,99.04750981990048,0.0725,0.426,78,9.512,2.226,entro il 1990
001127,La Loggia,8841,2.326388888888889,97.52287084524166,0.0608,0.368,203,5.525,2.406,entro il 1990
001128,Lanzo Torinese,5011,-2.849941837921675,97.9514690901651,0.0682,1.084,482,16.824,1.749,entro il 1980
001129,Lauriano,1452,-2.15633423180593,96.24928090130152,0.0403,1.402,144,17.69,1.784,entro il 1945
001130,Leini,16375,5.305466237942122,97.91761511935196,0.0514,1.222,676,9.782,2.369,entro il 1990
001131,Lemie,189,0.0,97.60931610223271,0.126,7.934,894,88.955,0.188,entro il 1918
001132,Lessolo,1868,-5.656565656565657,98.1141406467444,0.0446,0.42,289,24.638,1.592,entro il 1970
001133,Levone,451,1.805869074492099,97.73257914417903,0.0551,0.338,151,41.713,1.246,entro il 1918
001134,Locana,1450,-8.919597989949748,97.7518812231759,0.083,6.17,2149,72.138,0.487,entro il 1980
001135,Lombardore,1724,1.770956316410862,97.14480826745806,0.0492,0.0,112,14.159,2.18,entro il 1980
001136,Lombriasco,1035,-2.26628895184136,97.95909985105199,0.0689,0.0,94,17.57,1.935,entro il 1990
001137,Loranzè,1170,3.1746031746031744,95.49003770539645,0.0446,0.0,118,19.281,1.912,entro il 1970
001138,Lugnacco,353,-7.349081364829396,102.16248653922563,0.0455,4.661,140,45.455,1.146,entro il 1945
001139,Luserna San Giovanni,7297,-3.4788359788359786,98.54379670526056,0.1351,1.095,612,14.876,1.774,entro il 1970
001140,Lusernetta,489,-5.048543689320388,96.07832806307057,0.135,4.979,73,23.397,1.567,entro il 1970
001141,Lusigliè,558,0.0,101.27296870770785,0.0459,5.556,48,17.266,2.007,entro il 1970
001142,Macello,1175,-4.935275080906148,95.84368474237515,0.1276,0.248,91,14.943,1.929,entro il 1990
001143,Maglione,424,-9.207708779443255,97.1462922089591,0.0396,0.357,79,26.689,1.432,entro il 1945
001316,Mappano,7286,,,,,,,,
001144,Marentino,1328,-3.768115942028986,96.5856393241926,0.0446,1.79,123,18.413,1.988,entro il 1990
001145,Massello,52,-10.344827586206897,96.29148192253754,0.1341,0.913,187,82.018,0.228,entro il 1918
001146,Mathi,3894,-1.6418287446324829,96.8777884300774,0.0617,0.326,92,5.114,2.165,entro il 1970
001147,Mattie,662,-6.364922206506366,96.99286982371117,0.1348,1.541,235,38.651,1.089,entro il 1980
001148,Mazzè,4156,0.2170243549553894,96.62531069365285,0.0409,0.35,62,3.379,2.265,entro il 1980
001149,Meana di Susa,814,-7.604994324631101,97.6033073197613,0.1346,2.979,1580,77.833,0.401,entro il 1980
001150,Mercenasco,1231,-2.301587301587302,98.37383866250761,0.0431,4.236,209,26.19,1.543,entro il 1945
001151,Meugliano,78,-13.333333333333334,99.70668389866337,0.0488,1.111,89,60.959,0.534,entro il 1918
001152,Mezzenile,809,-2.997601918465228,97.3906230102466,0.1105,1.325,987,70.0,0.574,entro il 1960
001153,Mombello di Torino,406,-0.7334963325183375,97.26340144893109,0.0429,1.242,42,21.429,2.071,entro il 1980
001154,Mompantero,646,-1.0719754977029097,97.34007655553282,0.1347,7.967,501,62.082,0.8,entro il 1980
001155,Monastero di Lanzo,354,-5.347593582887701,96.11829249057936,0.0774,7.35,936,82.105,0.311,entro il 1980
001156,Moncalieri,57234,2.8334261638248557,98.60960184614726,0.058,0.0,2286,8.562,2.144,entro il 1990
001157,Moncenisio,29,-30.952380952380953,95.45129787792303,0.1337,0.0,56,66.667,0.345,entro il 1945
001158,Montaldo Torinese,749,-0.13333333333333333,96.34720045784468,0.04561666666666666,0.42,94,23.325,1.859,entro il 1980
001159,Montalenghe,997,-3.2977691561590685,97.14865023105398,0.043,8.794,36,7.66,2.121,entro il 1970
001160,Montalto Dora,3430,-0.924321201617562,96.76066625316061,0.0443,1.168,308,16.586,1.847,entro il 1980
001161,Montanaro,5262,-2.555555555555556,97.60957814489183,0.0442,0.135,248,9.771,2.073,entro il 1970
001162,Monteu da Po,905,0.6674082313681869,97.13862383169877,0.039825,0.0,71,15.673,1.998,entro il 1960
001163,Moriondo Torinese,831,1.5892420537897312,96.94459939291285,0.042,4.153,89,21.446,2.002,entro il 1980
001164,Nichelino,47721,-0.13184329482672025,98.50009547765058,0.0671,0.259,806,3.947,2.337,entro il 1980
001165,Noasca,120,-28.143712574850298,94.88536526487808,0.1083,0.366,242,67.787,0.336,entro il 1960
001166,Nole,6895,-0.014501160092807424,96.52499170253891,0.0591,1.574,360,11.292,2.163,entro il 1980
001167,Nomaglio,281,-8.766233766233766,94.63914728567828,0.0455,2.488,133,44.932,0.949,entro il 1980
001168,None,8015,0.43859649122807015,97.48156988356335,0.0887,1.066,171,5.064,2.373,entro il 1990
001169,Novalesa,542,-1.8115942028985508,100.42497024125431,0.1345,1.716,278,52.256,1.019,entro il 1970
001170,Oglianico,1506,5.684210526315789,98.09342849708177,0.0488,1.632,39,6.331,2.445,entro il 1980
001171,Orbassano,23365,4.057183575309522,97.78921497112842,0.0762,0.995,282,2.895,2.399,entro il 1990
001172,Orio Canavese,780,-5.683192261185006,97.17733034680089,0.043,0.0,116,23.722,1.595,entro il 1980
001173,Osasco,1152,1.4084507042253522,96.99570035459453,0.1306,2.518,30,6.11,2.346,entro il 1990
001174,Osasio,927,1.8681318681318682,93.6933800530772,0.0727,11.039,53,12.649,2.212,entro il 2000
001175,Oulx,3363,6.694162436548224,97.62541968862688,0.1208,1.449,4074,71.574,0.591,entro il 1980
001176,Ozegna,1225,-1.050080775444265,96.78169220509383,0.04683333333333334,0.282,4,0.719,2.203,entro il 1960
001177,Palazzo Canavese,842,0.5973715651135006,96.0633037062678,0.041,0.0,88,19.048,1.823,entro il 1970
001178,Pancalieri,2066,4.238143289606458,99.3195697328517,0.0883,0.216,20,2.469,2.551,entro il 1980
001179,Parella,433,-5.664488017429194,96.03778347789613,0.0444,0.0,82,27.063,1.429,entro il 1970
001180,Pavarolo,1124,0.5366726296958855,95.83720441263456,0.0455,0.0,86,16.226,2.121,entro il 1990
001181,Pavone Canavese,3861,-0.6433350488934637,97.5495120804969,0.0431,0.57,153,8.42,2.125,entro il 1980
001182,Pecco,218,4.807692307692308,93.04152782870149,0.046433333333333326,2.994,102,48.571,1.038,entro il 1918
001183,Pecetto Torinese,4071,4.976792160907684,98.79780965404846,0.0521,0.0,135,7.79,2.349,entro il 1990
001184,Perosa Argentina,3209,-5.506478209658422,96.72248958540148,0.1348,1.003,1040,38.391,1.185,entro il 1970
001185,Perosa Canavese,530,-5.86145648312611,99.3353390898102,0.0436,2.116,5,1.894,2.008,entro il 1980
001186,Perrero,665,-7.638888888888889,99.31023896640241,0.1349,2.593,879,69.486,0.526,entro il 1970
001187,Pertusio,763,-1.9280205655526992,97.08044432807617,0.0513,3.014,174,34.592,1.517,entro il 1918
001188,Pessinetto,618,2.6578073089700998,94.82142085854007,0.073,5.0,292,47.712,1.01,entro il 1970
001189,Pianezza,15309,8.328615907161053,97.26326459803528,0.0703,0.506,391,6.344,2.484,entro il 1990
001190,Pinasca,2964,-2.210491586935005,95.7967780288315,0.1344,3.321,1067,43.321,1.203,entro il 1960
001191,Pinerolo,35947,3.2010794671566374,98.83762610618952,0.1333,0.356,1922,10.685,1.998,entro il 1980
001192,Pino Torinese,8365,-0.9707588492956079,99.3466401626184,0.0503,0.664,447,11.108,2.079,entro il 1980
001193,Piobesi Torinese,3783,1.8852679773767842,95.68584513202757,0.0748,0.946,70,4.531,2.449,entro il 1990
001194,Piossasco,18322,0.8143501705733466,97.11930789463133,0.1092,4.637,465,5.876,2.315,entro il 1980
001195,Piscina,3364,-2.97086818575137,98.67441342460025,0.1135,0.677,74,5.041,2.292,entro il 1990
001196,Piverone,1349,-2.1754894851341553,97.12454592542696,0.0407,1.002,107,15.552,1.961,entro il 1960
001197,Poirino,10576,3.3923159644148986,98.77606798491504,0.0513,2.007,365,8.186,2.372,entro il 1980
001198,Pomaretto,997,-6.909430438842204,98.75543782093743,0.1349,0.0,161,23.266,1.441,entro il 1970
001199,Pont-Canavese,3307,-9.322731011790513,99.69335813568587,0.0543,1.356,1038,37.459,1.193,entro il 1970
001200,Porte,1058,-5.026929982046679,95.81624195528973,0.13374000000000003,0.952,121,19.707,1.723,entro il 1970
001201,Pragelato,786,8.264462809917356,99.09548346344606,0.1309,1.055,4119,90.887,0.173,entro il 1990
001202,Prali,242,-11.029411764705882,96.34606184430393,0.1345,2.045,1635,92.53,0.137,entro il 1960
001203,Pralormo,1948,0.4123711340206186,98.18145813292894,0.049,0.161,187,19.726,2.055,entro il 1990
001204,Pramollo,229,-4.979253112033195,95.89359681151085,0.1349,0.0,326,70.563,0.496,entro il 1918
001205,Prarostino,1271,-0.5477308294209703,96.73049530935279,0.1347,5.854,173,23.731,1.743,entro il 1945
001206,Prascorsano,747,-4.597701149425287,97.23771272888602,0.0529,0.562,148,30.143,1.521,entro il 1980
001207,Pratiglione,511,-6.41025641025641,98.63657595862325,0.053,3.571,170,39.627,1.191,entro il 1980
001208,Quagliuzzo,330,0.0,95.30189591360974,0.0453,1.266,39,19.697,1.667,entro il 1980
001209,Quassolo,347,-3.072625698324022,96.26435204487677,0.0456,0.565,75,30.12,1.394,entro il 1960
001210,Quincinetto,1019,-2.3946360153256707,96.47860923212114,0.0484,6.656,491,51.146,1.061,entro il 1970
001211,Reano,1791,5.663716814159292,97.53274209359408,0.1028,0.151,153,17.191,2.012,entro il 1980
001212,Ribordone,49,-26.865671641791046,95.03705728521712,0.0656,5.376,623,92.296,0.073,entro il 1945
001215,Riva presso Chieri,4705,11.308256446652472,96.68567259317231,0.0472,0.0,96,5.433,2.663,entro il 1990
001213,Rivalba,1174,1.8213356461405028,95.16578912933483,0.0439,1.72,120,21.39,2.093,entro il 1980
001214,Rivalta di Torino,20185,4.569237942288764,98.38645804473302,0.0827,0.731,285,3.537,2.505,entro il 1990
001216,Rivara,2606,-2.2872140982377203,97.61375430379798,0.0532,0.877,129,10.328,2.086,entro il 1980
001217,Rivarolo Canavese,12539,1.8437296946068875,98.68883629806999,0.0486,4.246,383,6.739,2.206,entro il 1980
001218,Rivarossa,1580,-2.70935960591133,98.63185449104992,0.0506,0.192,189,22.662,1.894,entro il 2000
001219,Rivoli,48629,0.3301079040211269,97.84214632315276,0.0788,0.169,2378,10.264,2.099,entro il 1990
001220,Robassomero,3089,3.727333781061115,97.30223804533398,0.06011428571428572,1.347,190,13.63,2.216,entro il 1980
001221,Rocca Canavese,1735,-0.7437070938215103,96.66295067999235,0.0575,1.206,407,34.116,1.454,entro il 1960
001222,Roletto,2026,1.706827309236948,98.78323923196685,0.1312,0.412,222,21.203,1.935,entro il 1980
001223,Romano Canavese,2689,-8.256567724326167,97.95916786091537,0.0426,0.0,200,13.947,1.875,entro il 1980
001224,Ronco Canavese,308,-3.4482758620689653,98.91418985664748,0.0687,2.36,1007,84.836,0.259,entro il 1945
001225,Rondissone,1881,2.506811989100817,98.6986528274063,0.0409,0.0,170,17.989,1.99,entro il 1990
001226,Rorà,244,-3.557312252964427,96.26901809259718,0.1351,2.102,313,72.286,0.564,entro il 1960
001228,Rosta,4960,6.850495476087894,97.84890436814676,0.0862,0.189,131,6.547,2.479,entro il 1990
001227,Roure,832,-6.621773288439956,95.66487821478168,0.1349,0.415,1136,71.402,0.523,entro il 1960
001229,Rubiana,2381,-1.1212624584717608,97.7923142674056,0.1115,2.438,1542,57.753,0.892,entro il 1990
001230,Rueglio,769,-0.38860103626943004,100.71129609844428,0.048,1.231,364,49.123,1.038,entro il 1918
001231,Salassa,1840,2.9082774049217,98.33755670333045,0.0483,2.381,151,16.928,2.063,entro il 2000
001232,Salbertrand,587,1.733102253032929,98.42958137835902,0.1282,5.344,598,68.973,0.677,entro il 1980
001233,Salerano Canavese,479,-7.884615384615384,99.04019844906607,0.044,4.624,40,15.267,1.828,entro il 1990
001234,Salza di Pinerolo,75,-2.5974025974025974,99.99899532121997,0.1339,5.128,170,78.341,0.346,entro il 1918
001235,Samone,1585,-2.1000617665225447,96.53178475932211,0.0438,0.341,41,5.571,2.154,entro il 1980
001236,San Benigno Canavese,6044,7.774607703281027,97.06836229957345,0.0464,0.664,289,11.25,2.353,entro il 1980
001237,San Carlo Canavese,3996,3.362648732540093,96.82071350559167,0.0563,0.844,181,10.554,2.33,entro il 1990
001238,San Colombano Belmonte,351,-6.896551724137931,98.69375679407227,0.0527,0.629,93,36.759,1.387,entro il 1980
001239,San Didero,537,-4.787234042553192,94.03797750652879,0.1328,0.461,52,18.056,1.865,entro il 1970
001240,San Francesco al Campo,4927,1.923872569300786,97.63429794022119,0.0526,1.066,187,8.837,2.328,entro il 1990
001242,San Germano Chisone,1776,-5.481639169771155,96.2538471880607,0.1346,0.0,359,29.867,1.478,entro il 1960
001243,San Gillio,3166,4.8344370860927155,98.23981385373034,0.0694,0.677,109,8.623,2.505,entro il 1990
001244,San Giorgio Canavese,2570,-4.673590504451038,97.72624466896318,0.0449,1.167,137,10.703,2.008,entro il 1980
001245,San Giorio di Susa,996,-4.506232023010546,98.3841558334715,0.1347,4.743,451,48.287,1.066,entro il 1980
001246,San Giusto Canavese,3351,-1.4991181657848323,98.37275694547498,0.0449,0.972,320,19.014,1.991,entro il 1990
001247,San Martino Canavese,826,-2.823529411764706,99.23078729640244,0.0451,0.0,84,17.722,1.743,entro il 1960
001248,San Maurizio Canavese,10312,7.159929335965915,96.2608921317806,0.0575,0.87,271,6.41,2.439,entro il 1990
001249,San Mauro Torinese,19048,0.7884015027250119,97.95868220655473,0.0494,0.312,451,5.384,2.274,entro il 1980
001250,San Pietro Val Lemina,1459,2.1708683473389354,96.57248035107239,0.1331,5.824,34,5.082,2.181,entro il 1960
001251,San Ponso,263,-5.734767025089606,95.46576766162995,0.0498,1.905,33,21.569,1.719,entro il 1945
001252,San Raffaele Cimena,3102,0.5510534846029173,98.61365890470867,0.0447,0.0,193,12.681,2.038,entro il 1990
001253,San Sebastiano da Po,1945,1.7791732077446363,96.5949445007779,0.0418,0.143,43,5.156,2.332,entro il 1970
001254,San Secondo di Pinerolo,3632,0.6372956497644777,96.96142086755856,0.1337,0.412,225,12.872,2.078,entro il 1980
001241,Sangano,3781,-0.5784906652642651,97.17964103421721,0.0975,0.0,132,8.123,2.327,entro il 2000
001255,Sant'Ambrogio di Torino,4721,0.12725344644750797,98.20397103203806,0.1156,3.097,197,9.078,2.176,entro il 1970
001256,Sant'Antonino di Susa,4251,-1.5288394718554552,99.17657452948706,0.1298,1.463,350,15.801,1.919,entro il 1980
001257,Santena,10764,0.13023255813953488,97.64929412973987,0.0522,0.417,177,4.029,2.45,entro il 1980
001258,Sauze di Cesana,249,14.220183486238533,96.21476585348195,0.1307,0.0,1137,89.246,0.195,entro il 1980
001259,Sauze d'Oulx,1081,-2.083333333333333,100.33107396309063,0.1203,0.0,5596,90.185,0.174,entro il 1990
001260,Scalenghe,3279,-0.2433830240340736,98.30418464476413,0.1149,0.973,156,10.4,2.186,entro il 1990
001261,Scarmagno,833,2.334152334152334,95.92249534685754,0.0432,0.0,62,15.233,2.047,entro il 1980
001262,Sciolze,1453,-3.902116402116402,96.14914550698364,0.0441,0.856,139,17.843,1.865,entro il 1980
001263,Sestriere,928,10.083036773428232,105.92435156323987,0.1228,0.0,4477,91.089,0.189,entro il 1990
001264,Settimo Rottaro,486,-2.6052104208416833,96.01232912662049,0.0402,2.542,38,14.232,1.82,entro il 1980
001265,Settimo Torinese,47220,0.8284933378886231,98.28795100593001,0.0488,1.197,1559,7.423,2.248,entro il 1990
001266,Settimo Vittone,1546,0.9797517962116263,98.30488176401305,0.047,0.838,336,31.97,1.471,entro il 1960
001267,Sparone,995,-7.955596669750231,98.78945727722785,0.061,1.783,424,45.937,1.078,entro il 1980
001268,Strambinello,274,3.3962264150943398,97.90928926133931,0.04586666666666667,0.0,42,25.767,1.681,entro il 1970
001269,Strambino,6253,-0.9661070636680393,96.91868372714079,0.0419,1.713,181,6.201,2.142,entro il 1970
001270,Susa,6340,-4.316329610624811,99.67165134555816,0.1347,2.757,691,19.799,1.817,entro il 1980
001271,Tavagnasco,789,-2.832512315270936,98.56581752364941,0.0469,0.0,261,41.76,1.262,entro il 1945
001272,Torino,882523,1.5197075388353087,99.73961172347495,0.0647,0.644,37414,8.339,1.967,entro il 1970
001273,Torrazza Piemonte,2906,2.5767737380868336,95.90004903950101,0.0401,3.523,86,6.788,2.294,entro il 1990
001274,Torre Canavese,594,0.33783783783783783,96.44515811010642,0.0461,1.538,161,37.705,1.391,entro il 1990
001275,Torre Pellice,4550,0.7975188303057155,99.30968669632935,0.135,0.593,718,23.83,1.51,entro il 1970
001276,Trana,3861,-0.41269022440030956,97.7303349831027,0.1139,0.555,203,11.178,2.126,entro il 1990
001277,Trausella,122,-7.575757575757576,99.85643266772621,0.05,0.649,123,61.194,0.607,entro il 1918
001278,Traversella,332,-5.413105413105413,95.21455775800057,0.0525,1.322,343,64.474,0.624,entro il 1918
001279,Traves,531,-2.9250457038391224,99.91394393781843,0.0871,5.013,271,49.005,0.96,entro il 1970
001280,Trofarello,10901,0.05507113354749885,97.29768387253961,0.0533,1.203,238,5.058,2.317,entro il 1980
001281,Usseaux,186,0.5405405405405406,98.13396278932264,0.1343,3.155,227,67.16,0.55,entro il 1918
001282,Usseglio,200,-8.67579908675799,98.87566137068545,0.1344,0.497,967,89.372,0.185,entro il 1945
001283,Vaie,1456,0.27548209366391185,98.71842898193022,0.1265,4.762,295,32.205,1.59,entro il 1970
001284,Val della Torre,3892,2.1254263972710574,97.69982496108653,0.0933,0.219,503,23.85,1.845,entro il 1980
001285,Valgioie,973,1.671891327063741,99.05821438669894,0.1227,1.546,395,47.419,1.168,entro il 1980
001286,Vallo Torinese,768,-1.6645326504481435,97.70267333539448,0.0707,2.381,126,26.582,1.62,entro il 1970
001287,Valperga,3102,-1.8354430379746836,97.80491748465293,0.0512,3.006,170,11.348,2.071,entro il 1970
001288,Valprato Soana,101,-8.181818181818182,95.85976414367858,0.0609,4.149,712,89.223,0.127,entro il 1918
001289,Varisella,826,-1.9002375296912115,95.84548653031818,0.0781,0.259,134,26.43,1.629,entro il 2000
001290,Vauda Canavese,1444,-1.9687712152070607,97.41970211430818,0.0521,2.269,224,26.384,1.701,entro il 1980
001292,Venaria Reale,33781,0.24630541871921183,97.51470911792717,0.0588,0.0,748,5.052,2.282,entro il 1970
001291,Venaus,879,-8.05439330543933,98.2798182012194,0.134,2.589,316,42.818,1.191,entro il 1970
001293,Verolengo,4854,-1.820388349514563,98.52337970569103,0.0409,0.659,327,13.38,1.986,entro il 1960
001294,Verrua Savoia,1403,-3.4411562284927735,97.8409324115724,0.0384,1.013,131,17.214,1.844,entro il 1960
001295,Vestignè,805,-2.6602176541717046,98.46865867285605,0.0411,0.249,101,20.825,1.66,entro il 1945
001296,Vialfrè,252,-0.3952569169960474,96.99442606246859,0.044,0.806,29,18.831,1.636,entro il 1990
001297,Vico Canavese,827,-3.613053613053613,98.46925506805918,0.0531,1.768,897,67.141,0.619,entro il 1918
001298,Vidracco,535,6.786427145708583,98.76193573082571,0.0464,0.0,105,32.407,1.651,entro il 1970
001299,Vigone,5168,-0.996168582375479,97.51654702973148,0.1195,0.31,144,6.135,2.202,entro il 1980
001300,Villafranca Piemonte,4658,-3.4010783907092494,98.16597358527343,0.1257,2.855,293,12.857,2.044,entro il 1990
001301,Villanova Canavese,1203,5.618964003511852,99.28384707303839,0.0622,0.329,56,10.707,2.3,entro il 1980
001303,Villar Dora,2897,-0.6515775034293553,96.11850926252089,0.1065,0.51,497,28.596,1.667,entro il 1990
001305,Villar Focchiardo,1987,-3.3560311284046693,98.27681365789982,0.1342,2.072,569,37.165,1.298,entro il 1970
001306,Villar Pellice,1082,-2.872531418312388,97.73605374330475,0.1349,4.239,438,45.062,1.113,entro il 1970
001307,Villar Perosa,4026,-2.870928829915561,98.71901266187277,0.134,0.535,281,12.908,1.849,entro il 1970
001302,Villarbasse,3460,3.997595431319507,96.71923766114816,0.0878,0.987,207,13.185,2.204,entro il 1990
001304,Villareggia,1048,2.24390243902439,95.16013396547889,0.0403,1.467,92,17.228,1.963,entro il 1970
001308,Villastellone,4688,-3.3202722210765105,98.55286239017497,0.0572,0.274,107,5.107,2.238,entro il 1970
001309,Vinovo,15042,6.364022061943148,97.44418151812103,0.0645,0.754,182,3.07,2.537,entro il 1980
001310,Virle Piemonte,1199,1.0961214165261384,95.92954344311912,0.0782,0.0,61,11.011,2.164,entro il 2000
001311,Vische,1277,-2.0705521472392636,96.93429611926994,0.041,0.997,129,17.575,1.74,entro il 1990
001312,Vistrorio,524,0.5758157389635317,96.27581396031141,0.04681428571428571,0.0,183,42.558,1.219,entro il 1970
001313,Viù,1038,-6.9058295964125564,96.00370195218824,0.112,5.28,2261,80.491,0.37,entro il 1960
001314,Volpiano,15445,2.672339294023798,97.9255007777766,0.0479,0.582,964,14.024,2.247,entro il 1990
001315,Volvera,8675,-0.11514104778353484,98.06980084760502,0.0939,0.083,239,6.697,2.431,entro il 2000
103001,Antrona Schieranco,426,-8.38709677419355,95.91419015819352,0.1151,2.712,602,72.793,0.515,entro il 1980
103002,Anzola d'Ossola,414,-8.0,96.78902035884327,0.0554,0.0,113,35.535,1.302,entro il 1990
103003,Arizzano,2017,-0.7381889763779528,97.19669757755725,0.045500000000000006,4.637,295,25.832,1.766,entro il 1980
103004,Arola,239,-5.533596837944664,95.56773786397414,0.04633333333333333,0.0,125,55.066,1.053,entro il 1945
103005,Aurano,115,11.650485436893204,101.1251158859807,0.0481,18.868,279,81.579,0.336,entro il 1970
103006,Baceno,900,-2.1739130434782608,95.07666809205648,0.1417,0.221,961,69.84,0.654,entro il 1980
103007,Bannio Anzino,483,-6.756756756756757,97.7838716823603,0.0708,0.201,440,65.185,0.716,entro il 1945
103008,Baveno,4883,-0.8125126955108675,98.26107330930947,0.0466,0.356,745,24.507,1.606,entro il 1980
103009,Bee,756,3.278688524590164,97.27971982666119,0.044366666666666665,0.915,221,38.368,1.312,entro il 1980
103010,Belgirate,509,-6.605504587155964,98.18772323784543,0.0405,0.602,427,60.653,0.723,entro il 1980
103011,Beura-Cardezza,1473,2.008310249307479,94.52074318695901,0.0677,0.894,145,18.807,1.911,entro il 1990
103012,Bognanco,200,-12.280701754385964,95.9164488340177,0.1069,0.982,501,79.022,0.315,entro il 1970
103078,Borgomezzavalle,319,-4.776119402985075,95.94355653953482,0.0795,5.99,367,67.463,0.586,entro il 1945
103013,Brovello-Carpugnino,705,-2.4896265560165975,98.18570369744519,0.0412,0.212,308,46.386,1.062,entro il 1980
103014,Calasca-Castiglione,625,-7.952871870397643,98.12159008841189,0.081,0.168,296,47.742,1.008,entro il 1980
103015,Cambiasca,1648,-0.06064281382656155,96.92920193215377,0.0464,0.2,123,15.0,2.01,entro il 1980
103016,Cannero Riviera,916,-5.858170606372045,95.55773164414771,0.0439,0.571,699,60.155,0.788,entro il 1970
103017,Cannobio,5190,4.028863499699339,96.73711426983795,0.0468,1.331,907,28.922,1.655,entro il 1980
103018,Caprezzo,163,-2.976190476190476,95.22982371227802,0.047424999999999995,1.508,171,66.537,0.634,entro il 1980
103019,Casale Corte Cerro,3459,-0.46043165467625896,98.37919018814377,0.05,1.682,319,18.579,2.015,entro il 1980
103020,Cavaglio-Spoccia,265,3.9215686274509802,94.3222276444411,0.0481,4.605,398,75.81,0.505,entro il 1918
103021,Ceppo Morelli,302,-10.650887573964498,95.69779255813373,0.093,0.27,300,62.762,0.632,entro il 1970
103022,Cesara,599,-1.3179571663920924,96.78438747911704,0.0472,3.871,115,29.716,1.548,entro il 1945
103023,Cossogno,664,13.310580204778159,95.65128172407519,0.0537,1.296,285,49.738,1.159,entro il 1960
103024,Craveggia,766,4.502046384720328,98.32629653853974,0.0597,0.143,1018,74.09,0.557,entro il 1980
103025,Crevoladossola,4600,-2.1068312406895084,97.47112034846202,0.0907,4.128,415,17.437,1.933,entro il 1980
103026,Crodo,1400,-5.149051490514905,96.89660205384777,0.1365,0.078,620,48.099,1.086,entro il 1980
103027,Cursolo-Orasso,90,-15.09433962264151,99.78421742598444,0.0531,0.395,209,77.407,0.333,entro il 1918
103028,Domodossola,18237,0.6179310344827587,98.20473724858003,0.0956,0.931,1114,11.981,1.961,entro il 1980
103029,Druogno,1032,5.737704918032787,98.36101974037771,0.0672,0.147,928,67.936,0.755,entro il 1960
103030,Falmenta,127,-19.62025316455696,97.80291943175921,0.0491,2.268,449,83.925,0.237,entro il 1945
103031,Formazza,442,0.0,95.85979772942834,0.1182,0.549,521,71.763,0.609,entro il 1980
103032,Germagno,192,2.6737967914438503,95.85188288378716,0.049350000000000005,1.235,99,55.932,1.085,entro il 1980
103033,Ghiffa,2368,0.12684989429175475,95.73329339409686,0.0435,1.876,925,45.792,1.172,entro il 1970
103034,Gignese,1008,5.549738219895288,98.87524077850213,0.0436,0.668,1120,69.522,0.626,entro il 1980
103035,Gravellona Toce,7887,1.8992248062015504,98.49640671765168,0.05,1.003,240,6.73,2.212,entro il 1980
103036,Gurro,218,-11.020408163265307,94.46233856773529,0.0515,1.454,526,78.743,0.326,entro il 1945
103037,Intragna,108,0.9345794392523363,94.98456725158518,0.0472,13.772,162,75.701,0.505,entro il 1960
103038,Loreglia,238,-8.461538461538462,95.82935837134922,0.0512,0.0,37,23.871,1.535,entro il 1960
103039,Macugnaga,548,-8.666666666666668,95.97899929221332,0.0998,0.16,1218,79.452,0.357,entro il 1970
103040,Madonna del Sasso,393,0.7692307692307693,97.48529700359514,0.0449,0.743,256,57.658,0.885,entro il 1970
103041,Malesco,1416,-3.804347826086957,96.42242205964986,0.0568,1.835,1331,66.055,0.703,entro il 1970
103042,Masera,1483,-3.2615786040443573,96.76245034710227,0.0738,0.0,112,14.698,1.946,entro il 1990
103043,Massiola,128,-6.569343065693431,97.21785050176317,0.0537,9.231,78,52.0,0.853,entro il 1960
103044,Mergozzo,2174,-0.6852444038373686,97.28575488065691,0.0538,1.019,413,29.884,1.573,entro il 1970
103045,Miazzina,370,-9.75609756097561,96.7905884212347,0.0508,9.24,342,62.069,0.672,entro il 1980
103046,Montecrestese,1255,0.4,95.23317208175166,0.0845,4.4,120,17.964,1.879,entro il 1980
103047,Montescheno,398,-4.326923076923077,97.395813700614,0.0843,5.298,156,44.699,1.14,entro il 1970
103048,Nonio,850,-3.6281179138321997,96.1802613207566,0.0462,0.275,135,26.68,1.68,entro il 1980
103049,Oggebbio,855,-1.94954128440367,97.26720190331648,0.0449,0.857,888,68.308,0.658,entro il 1970
103050,Omegna,15285,-2.8783835303088066,98.42865209092706,0.0476,1.024,683,9.112,2.039,entro il 1980
103051,Ornavasso,3432,0.5566949897450924,97.75578965914161,0.0539,2.621,640,30.217,1.62,entro il 1980
103052,Pallanzeno,1136,-3.64715860899067,95.75540154489555,0.0701,0.962,26,4.869,2.127,entro il 1980
103053,Piedimulera,1539,-0.8376288659793815,97.02706234230965,0.0672,0.0,103,12.989,1.941,entro il 1970
103054,Pieve Vergonte,2549,-3.337125521425863,94.96960970531937,0.0645,1.904,255,18.425,1.842,entro il 1980
103055,Premeno,733,-0.945945945945946,95.03251523941321,0.0443,0.154,613,62.487,0.747,entro il 1970
103056,Premia,557,-3.466204506065858,94.40536696837891,0.1171,0.362,541,66.626,0.686,entro il 1980
103057,Premosello-Chiovenda,1978,-2.609551944854751,97.02225474236894,0.0603,2.722,235,20.87,1.757,entro il 1990
103058,Quarna Sopra,254,-10.247349823321555,95.19288872851111,0.0486,0.0,173,55.096,0.809,entro il 1945
103059,Quarna Sotto,392,-7.764705882352942,95.82993247338146,0.0508,0.0,243,54.853,0.885,entro il 1970
103060,Re,759,-0.5242463958060288,94.31602888647052,0.0562,1.639,388,53.889,1.054,entro il 1980
103061,San Bernardino Verbano,1319,-4.072727272727273,97.23079341445967,0.0552,5.874,335,36.612,1.442,entro il 1980
103062,Santa Maria Maggiore,1301,3.0903328050713155,95.60770116717208,0.0688,2.104,2144,78.106,0.474,entro il 1980
103064,Stresa,4913,2.546441243999165,98.6756879655245,0.0455,1.394,1988,46.19,1.141,entro il 1980
103065,Toceno,736,-4.66321243523316,99.64607856002368,0.0626,1.099,802,70.723,0.649,entro il 1980
103066,Trarego Viggiona,413,5.897435897435897,96.91692915546862,0.0457,1.063,830,80.897,0.403,entro il 1980
103067,Trasquera,178,-16.431924882629108,93.83945220864564,0.1377,4.746,177,61.034,0.614,entro il 1970
103068,Trontano,1652,-2.2485207100591715,96.9672644102731,0.0706,0.0,227,24.278,1.767,entro il 1980
103069,Valstrona,1234,-2.6813880126182967,97.62191445296489,0.0594,1.354,470,48.907,1.284,entro il 1970
103070,Vanzone con San Carlo,386,-10.440835266821345,97.25934657499862,0.0769,2.353,414,67.537,0.63,entro il 1970
103071,Varzo,2031,-3.1473533619456364,97.3225013947618,0.1565,1.445,1710,64.528,0.766,entro il 1970
103072,Verbania,30709,1.2729611186228276,99.2523165916022,0.0477,0.636,2700,16.447,1.871,entro il 1970
103074,Vignone,1192,-3.403565640194489,96.98211074394553,0.0453,1.573,168,25.416,1.803,entro il 1980
103075,Villadossola,6617,-2.28883638511518,97.77399247814961,0.0768,1.892,386,11.07,1.898,entro il 1980
103076,Villette,274,4.580152671755725,100.87652819543138,0.0549,0.568,158,58.519,1.015,entro il 1980
103077,Vogogna,1737,-0.5154639175257731,97.0424372702911,0.0625,2.451,253,24.975,1.715,entro il 1980
002002,Alagna Valsesia,430,2.6252983293556085,98.86259390164962,0.0844,0.205,1081,82.708,0.329,entro il 1970
002003,Albano Vercellese,335,0.9036144578313252,97.47022630360001,0.0367,0.0,33,18.333,1.861,entro il 1970
002004,Alice Castello,2652,-2.4282560706401766,98.44879467085633,0.0393,0.113,180,14.343,2.113,entro il 1990
002170,Alto Sermenza,159,-16.315789473684212,97.39964290835492,0.0633,0.693,1291,89.777,0.111,entro il 1945
002006,Arborio,870,-5.125408942202835,97.39465256496301,0.0377,0.974,65,13.0,1.74,entro il 1960
002007,Asigliano Vercellese,1438,2.0581973030518097,96.85422255043194,0.0369,0.752,140,18.642,1.915,entro il 1960
002008,Balmuccia,112,12.0,102.60224300113488,0.0544,0.0,134,72.043,0.602,entro il 1945
002009,Balocco,233,-0.4273504273504274,98.73207470034194,0.0377,0.99,17,13.934,1.91,entro il 1945
002011,Bianzè,1933,-4.306930693069306,99.3046490808708,0.0384,0.428,192,18.079,1.82,entro il 1970
002014,Boccioleto,189,-14.479638009049776,98.88163685790698,0.0598,0.0,385,75.195,0.369,entro il 1945
002015,Borgo d'Ale,2364,-8.761096101891162,98.36618264229124,0.0397,0.63,237,18.092,1.805,entro il 1980
002017,Borgo Vercelli,2224,-2.797202797202797,97.32961340034906,0.0366,0.456,126,11.688,2.063,entro il 1990
002016,Borgosesia,12676,-2.213993674303788,98.22541908443175,0.0468,1.511,1388,19.092,1.744,entro il 1970
002021,Buronzo,873,-4.590163934426229,97.49661613239653,0.0383,0.625,94,18.468,1.715,entro il 1980
002025,Campertogno,241,-1.6326530612244898,98.20688814212735,0.0582,0.551,514,81.073,0.38,entro il 1970
002029,Carcoforo,73,-1.3513513513513513,95.8939248268792,0.0712,0.0,186,83.408,0.327,entro il 1980
002030,Caresana,1065,3.2977691561590685,98.48178238291145,0.0388,8.998,191,29.16,1.626,entro il 1945
002031,Caresanablot,1124,-1.4899211218229622,95.22228661196947,0.0365,0.699,40,8.734,2.454,entro il 2000
002032,Carisio,823,-4.413472706155633,99.32534909973315,0.0382,0.0,59,13.817,1.927,entro il 1970
002033,Casanova Elvo,221,-16.60377358490566,98.36710431220905,0.0372,0.98,10,8.264,1.826,entro il 1960
002171,Cellio con Breia,1007,-1.66015625,96.2759790072132,0.0436,0.921,597,54.471,0.919,entro il 1945
002041,Cervatto,54,14.893617021276595,100.82885447348694,0.058,4.202,171,82.609,0.261,entro il 1918
002042,Cigliano,4493,-0.5973451327433629,96.89256998741378,0.0397,0.212,424,17.645,1.87,entro il 1970
002043,Civiasco,249,-6.741573033707865,99.45817230899472,0.0469,0.909,141,51.46,0.909,entro il 1980
002045,Collobiano,92,-14.018691588785046,98.90379130620148,0.0367,0.0,7,14.0,1.84,entro il 1945
002047,Costanzana,767,-5.541871921182266,99.41039014701134,0.0371,0.0,103,21.281,1.585,entro il 1960
002048,Cravagliana,250,-9.747292418772563,95.40795874981845,0.0561,10.316,445,73.311,0.412,entro il 1945
002049,Crescentino,7814,-2.1415153412648715,98.4959715205964,0.0386,2.156,700,17.107,1.91,entro il 1980
002052,Crova,398,-3.1630170316301705,96.58332320951811,0.037,0.621,60,25.862,1.716,entro il 1970
002054,Desana,1077,1.6037735849056605,98.96338726434468,0.0365,0.0,143,24.155,1.819,entro il 1960
002057,Fobello,191,-11.162790697674419,96.61973902849982,0.0641,3.819,310,70.938,0.437,entro il 1918
002058,Fontanetto Po,1136,-6.270627062706271,101.50618987553543,0.0374,4.733,78,12.914,1.881,entro il 1945
002059,Formigliana,501,-8.743169398907105,97.82830702272531,0.0375,0.0,71,22.977,1.621,entro il 1980
002061,Gattinara,7987,-3.1761425627348774,98.07673614731672,0.039,0.852,586,13.959,1.903,entro il 1980
002062,Ghislarengo,870,-3.5476718403547673,108.28998479623405,0.0378,0.0,32,8.184,2.225,entro il 1990
002065,Greggio,357,-5.305039787798409,98.97290592933695,0.0371,1.389,32,17.582,1.962,entro il 1945
002066,Guardabosone,334,-0.8902077151335311,97.0820278011903,0.0485,1.345,105,38.745,1.232,entro il 1990
002067,Lamporo,526,-2.7726432532347505,98.21810289672803,0.0382,5.15,47,16.608,1.859,entro il 1918
002068,Lenta,842,-4.535147392290249,97.00505487904488,0.0383,0.0,57,12.473,1.842,entro il 1980
002070,Lignana,559,-3.454231433506045,95.57901049561525,0.0365,0.0,22,7.801,1.982,entro il 1970
002071,Livorno Ferraris,4345,-2.161675298356226,98.30617064746558,0.0388,0.964,271,12.448,1.996,entro il 1970
002072,Lozzolo,821,0.0,99.69257583603775,0.0393,0.0,97,21.413,1.812,entro il 1980
002078,Mollia,96,-9.433962264150944,93.81628788523682,0.059,0.541,383,85.874,0.215,entro il 1945
002079,Moncrivello,1399,-4.635310156782549,98.41692359696437,0.0404,0.485,99,13.75,1.943,entro il 1960
002082,Motta de' Conti,757,-5.493133583021224,97.77414056878754,0.0393,2.353,106,22.845,1.631,entro il 1960
002088,Olcenengo,789,3.543307086614173,97.59919730628877,0.0366,0.0,52,13.867,2.104,entro il 2000
002089,Oldenico,225,-11.41732283464567,97.55130081884029,0.0366,0.0,32,23.188,1.63,entro il 1960
002090,Palazzolo Vercellese,1201,-6.171875,97.80601248116429,0.0372,0.977,143,20.056,1.684,entro il 1945
002091,Pertengo,306,-4.968944099378882,98.56740275592982,0.0372,1.064,68,30.769,1.385,entro il 1945
002093,Pezzana,1324,-1.267710663683818,97.15095864385286,0.0377,3.795,68,10.88,2.118,entro il 1980
002096,Pila,141,1.4388489208633095,100.24366031955853,0.0511,1.992,411,85.447,0.293,entro il 1990
002097,Piode,190,-1.5544041450777202,99.01002752401097,0.0535,0.599,529,85.323,0.306,entro il 1990
002102,Postua,579,-3.177257525083612,96.60507156476325,0.0476,1.408,219,43.888,1.16,entro il 1960
002104,Prarolo,733,7.63582966226138,94.93746426238528,0.0371,1.818,20,6.536,2.395,entro il 1960
002107,Quarona,4063,-3.993383742911153,97.56961958107902,0.0463,0.431,336,15.321,1.853,entro il 1980
002108,Quinto Vercellese,390,-1.5151515151515151,96.00548582376453,0.0366,1.77,29,14.216,1.912,entro il 1980
002110,Rassa,66,-1.4925373134328357,93.00334528665854,0.0554,0.0,273,84.52,0.204,entro il 1918
002113,Rimella,137,0.7352941176470588,97.01316386450529,0.063,1.309,329,77.962,0.325,entro il 1918
002114,Riva Valdobbia,267,4.705882352941177,101.68205416118289,0.066,1.609,609,82.409,0.361,entro il 1970
002115,Rive,456,-2.9787234042553195,102.60300109534656,0.0375,0.37,84,28.283,1.535,entro il 1960
002116,Roasio,2312,-5.978039853599023,97.20262383863398,0.0393,5.903,680,39.306,1.336,entro il 1970
002118,Ronsecco,560,-3.4482758620689653,96.69727916308932,0.0368,1.056,85,24.566,1.618,entro il 1960
002121,Rossa,182,-5.208333333333334,96.66293642610368,0.0592,0.893,190,66.667,0.639,entro il 1918
002122,Rovasenda,959,-1.5400410677618068,98.49185957877067,0.0385,0.326,88,17.426,1.899,entro il 1980
002126,Salasco,212,-10.548523206751055,99.08439933027773,0.0366,15.385,22,18.033,1.738,entro il 1980
002127,Sali Vercellese,106,-6.1946902654867255,93.36394351104529,0.0364,0.0,11,18.333,1.767,entro il 1960
002128,Saluggia,4030,-3.6115761779478595,99.498761664761,0.0396,0.803,228,11.423,2.019,entro il 1970
002131,San Germano Vercellese,1578,-10.136674259681094,100.48829553199977,0.037,2.467,242,24.395,1.591,entro il 1980
002035,San Giacomo Vercellese,319,-3.0395136778115504,97.65060401628342,0.0379,4.054,50,25.126,1.603,entro il 1960
002133,Santhià,8496,-3.564131668558456,98.24750088236864,0.038,0.758,595,13.344,1.905,entro il 1980
002134,Scopa,408,4.615384615384616,96.48143768777996,0.0532,2.481,576,74.611,0.528,entro il 1980
002135,Scopello,357,-10.75,96.27359332267197,0.0517,0.926,1804,88.562,0.175,entro il 1980
002137,Serravalle Sesia,4948,-4.182804027885361,99.45343084449117,0.0407,3.746,584,20.768,1.76,entro il 1970
002142,Stroppiana,1208,-3.8981702466189336,97.07874250720526,0.0377,0.0,83,13.259,1.93,entro il 1970
002147,Tricerro,711,0.2820874471086037,97.22434645927113,0.0366,0.0,91,21.667,1.693,entro il 1970
002148,Trino,7085,-4.30848190167477,100.77401558204869,0.0372,1.252,401,10.885,1.923,entro il 1970
002150,Tronzano Vercellese,3483,-2.0528683914510686,97.69234640059699,0.038,3.523,246,14.211,2.012,entro il 1980
002152,Valduggia,1982,-6.066350710900474,97.46110376032891,0.0428,1.721,489,34.268,1.389,entro il 1970
002156,Varallo,7200,-4.21710788878542,98.24005854650251,0.052,1.61,1876,35.25,1.353,entro il 1970
002158,Vercelli,46181,0.03032469079645634,99.89823319514817,0.0369,0.403,2630,11.106,1.95,entro il 1970
002163,Villarboit,438,-5.194805194805195,96.9550213715494,0.0374,4.082,36,14.694,1.788,entro il 1960
002164,Villata,1563,-2.25140712945591,97.24505717944521,0.0365,0.488,120,14.815,1.93,entro il 1980
002166,Vocca,165,2.484472049689441,101.5265309650553,0.0534,5.929,211,73.01,0.571,entro il 1970
072001,Acquaviva delle Fonti,20600,-1.9794442329653599,99.20756970793121,0.0939,0.342,1492,16.378,2.261,entro il 1980
072002,Adelfia,16963,-0.7663507663507664,100.21542655902437,0.0733,1.835,557,8.217,2.502,entro il 1990
072003,Alberobello,10725,-1.6415994130594278,100.22967919065395,0.0696,0.724,1809,30.085,1.784,entro il 1980
072004,Altamura,70514,1.335057842925918,102.35853336379594,0.1465,2.598,5110,18.739,2.586,entro il 1990
072006,Bari,323370,2.5243494140922236,101.40306381309772,0.0785,1.587,18383,13.039,2.294,entro il 1980
072008,Binetto,2232,3.429101019462465,98.9088870809533,0.1133,0.404,116,12.918,2.486,entro il 2000
072010,Bitetto,12006,1.763010679776233,99.36260920325881,0.0783,1.429,580,12.068,2.498,entro il 1990
072011,Bitonto,55127,-2.0434635819251206,102.48025205551038,0.1367,0.538,2356,10.783,2.523,entro il 1990
072012,Bitritto,11277,3.620325277956446,100.06037068685342,0.0745,1.579,373,8.693,2.628,entro il 1990
072014,Capurso,15682,1.73207914369121,101.67209910051318,0.0693,0.996,567,9.166,2.535,entro il 1980
072015,Casamassima,19777,2.8124350176751927,99.39456473967033,0.0749,0.784,697,8.76,2.485,entro il 1990
072016,Cassano delle Murge,14765,3.1075418994413404,99.7721855945865,0.0877,2.718,1859,25.306,2.01,entro il 1990
072017,Castellana Grotte,19582,1.2251227707417938,98.34673503744729,0.067,1.234,2172,22.531,2.031,entro il 1980
072018,Cellamare,5792,5.92538405267008,98.98501250619842,0.0681,2.335,353,16.126,2.646,entro il 2005
072019,Conversano,26171,1.7574555775885532,98.7128441506082,0.0689,1.004,3513,26.34,1.962,entro il 1990
072020,Corato,48262,0.4516599021750442,100.04170172134033,0.1826,0.636,7466,30.429,1.967,entro il 2000
072021,Gioia del Colle,27644,-0.7646193057400295,98.81873746951385,0.1168,0.836,1471,11.632,2.186,entro il 1980
072022,Giovinazzo,20348,-0.2988877456024303,98.85349201330581,0.102,0.0,657,7.807,2.418,entro il 1980
072023,Gravina in Puglia,43816,0.47236872277000685,102.32458345326917,0.1687,2.227,2400,14.183,2.589,entro il 1990
072024,Grumo Appula,12710,-1.868437306979617,102.14259904895434,0.0903,1.75,862,15.576,2.297,entro il 1980
072025,Locorotondo,14190,0.15527950310559005,100.37357646009511,0.0643,1.567,2985,35.296,1.678,entro il 1980
072027,Modugno,38453,2.3148764068860923,99.82882198537439,0.0775,3.491,1942,12.72,2.519,entro il 1990
072028,Mola di Bari,25393,-0.5171400587659158,99.8806074641382,0.0635,1.415,3254,24.899,1.943,entro il 1980
072029,Molfetta,59470,-1.580471659081506,100.88667254852251,0.1377,0.418,2187,8.741,2.377,entro il 1980
072030,Monopoli,48964,0.921326545334625,99.51623846011587,0.0654,1.534,3517,16.477,2.294,entro il 1970
072031,Noci,19115,-0.7940626946232096,98.20358932618883,0.0934,0.699,1134,13.646,2.3,entro il 1980
072032,Noicattaro,26325,2.21316249271986,99.9608777968016,0.0671,0.357,756,8.025,2.795,entro il 1990
072033,Palo del Colle,21488,-0.3247054457741906,100.48397058412411,0.1092,1.363,1499,16.327,2.34,entro il 1980
072034,Poggiorsini,1502,5.923836389280677,100.59666190858297,0.1546,1.25,106,16.333,2.314,entro il 1990
072035,Polignano a Mare,18022,2.537551206190259,98.47944248409735,0.0641,0.743,1916,22.12,2.081,entro il 1990
072036,Putignano,26679,-1.3569474229091179,97.73878990418581,0.0755,1.219,3394,23.763,1.868,entro il 1980
072037,Rutigliano,18591,0.8571583572939837,99.69081215843356,0.0682,5.822,926,12.52,2.514,entro il 1980
072038,Ruvo di Puglia,25328,-1.2322570581812509,98.79383270303936,0.1745,1.783,3496,26.843,1.945,entro il 1990
072039,Sammichele di Bari,6454,-3.772178321157,98.91121619269119,0.0754,2.099,676,20.392,1.947,entro il 1980
072040,Sannicandro di Bari,9902,1.8619483592223023,99.8668488026399,0.081,4.605,362,9.412,2.575,entro il 1990
072041,Santeramo in Colle,26592,-0.657501494321578,102.13524790345033,0.1113,0.856,3631,27.875,2.041,entro il 1990
072043,Terlizzi,27125,0.6008233505173757,99.93886305240368,0.1398,2.149,2336,19.857,2.306,entro il 1980
072044,Toritto,8352,-2.5096299754873352,102.11124377582749,0.1107,1.97,1263,28.236,1.867,entro il 1980
072046,Triggiano,27180,0.6778530947883098,101.67295865518278,0.0671,0.573,1375,12.509,2.473,entro il 1980
072047,Turi,13080,2.6687598116169546,99.04365277926911,0.0717,1.34,2303,31.609,1.795,entro il 1990
072048,Valenzano,17952,0.49261083743842365,100.15391109819171,0.0705,1.421,829,11.12,2.408,entro il 1990
110001,Andria,99857,-0.27563340756793464,101.17431881902374,0.1912,1.663,3235,8.722,2.692,entro il 1990
110002,Barletta,94477,0.16433069697419478,103.00015622773441,0.1761,3.849,7615,19.302,2.395,entro il 1980
110003,Bisceglie,55385,1.3894482480869914,101.22167901048684,0.1607,2.519,5455,21.949,2.229,entro il 1990
110004,Canosa di Puglia,29847,-1.8481370646847972,101.57174214620626,0.1944,6.041,4553,29.05,1.904,entro il 1980
110005,Margherita di Savoia,11771,-3.2865006983813982,102.19482211154595,0.1362,1.138,4261,46.876,1.295,entro il 1990
110006,Minervino Murge,8864,-4.8927038626609445,100.65291036057474,0.1941,0.248,2059,35.281,1.519,entro il 1960
110007,San Ferdinando di Puglia,13828,-0.49651003813772754,101.3070102611432,0.1769,2.416,1160,18.871,2.25,entro il 1990
110008,Spinazzola,6515,-3.2952352679234083,99.97526723211982,0.1831,2.895,1058,27.893,1.718,entro il 1960
110009,Trani,56031,0.36721240998817756,101.70632621770262,0.1769,1.631,4361,18.267,2.347,entro il 1990
110010,Trinitapoli,14649,2.2332333030916325,104.95880077705414,0.154,0.924,1306,20.371,2.285,entro il 1990
074001,Brindisi,87141,-1.7952532287510987,101.91662532270593,0.0497,2.101,4265,10.988,2.245,entro il 1990
074002,Carovigno,17120,7.476928871868918,101.12297229765922,0.0513,0.992,6373,51.457,1.382,entro il 1990
074003,Ceglie Messapica,19833,-1.7390011890606423,101.21898862707388,0.0592,1.56,7584,47.412,1.24,entro il 1980
074004,Cellino San Marco,6530,-3.885781571975272,100.47426168044825,0.0483,3.313,682,20.742,1.986,entro il 1980
074005,Cisternino,11553,-1.3744237664333276,99.42123825615879,0.0603,2.658,2534,34.411,1.569,entro il 1980
074006,Erchie,8671,-1.4211005002273762,100.82853944501983,0.0534,1.206,524,15.075,2.495,entro il 1980
074007,Fasano,39683,0.5957209490975461,100.90723383371106,0.0601,0.652,9009,37.866,1.668,entro il 1980
074008,Francavilla Fontana,36358,-1.5808564777218344,100.53628875998152,0.0578,1.954,6340,32.8,1.881,entro il 1990
074009,Latiano,14403,-4.146146679089578,100.70661075342424,0.0518,1.745,1814,24.294,1.929,entro il 1990
074010,Mesagne,26836,-3.2134742308940742,101.16203220690716,0.0512,1.189,2609,19.517,2.007,entro il 1990
074011,Oria,15094,-0.9645036414933403,101.61078448232686,0.0543,0.678,2010,26.124,1.962,entro il 1980
074012,Ostuni,31197,-1.8344870988042792,100.63564641568097,0.0601,1.938,22350,63.615,0.888,entro il 1980
074013,San Donaci,6569,-4.269892159720198,100.79794734479961,0.0493,2.022,353,12.007,2.234,entro il 1990
074014,San Michele Salentino,6258,-1.7273869346733668,99.7091354579395,0.053,0.848,1083,31.121,1.798,entro il 1990
074015,San Pancrazio Salentino,9882,-3.993004954823667,100.62799649577839,0.0517,2.405,616,14.583,2.339,entro il 1980
074016,San Pietro Vernotico,13556,-2.824372759856631,101.02313886224468,0.047,1.494,1150,17.218,2.03,entro il 1990
074017,San Vito dei Normanni,19095,-2.5118701179353655,99.90769681944478,0.0513,0.877,3107,29.45,1.81,entro il 1990
074018,Torchiarolo,5419,-0.7690899102728438,102.13622696883088,0.0462,0.25,2996,58.424,1.057,entro il 1990
074019,Torre Santa Susanna,10510,-1.8490847964138961,101.18753696741746,0.0524,0.104,789,17.498,2.331,entro il 1990
074020,Villa Castelli,9269,3.4486607142857144,100.63479715507485,0.0588,2.506,919,21.427,2.161,entro il 1990
071001,Accadia,2338,-3.6670786979810464,100.22984702927648,0.2103,0.798,905,46.079,1.19,entro il 1980
071002,Alberona,956,-4.495504495504496,99.14954724563498,0.1478,0.0,632,58.519,0.885,entro il 1918
071003,Anzano di Puglia,1225,-24.195544554455445,101.73457470334037,0.2256,4.899,563,46.034,1.002,entro il 1990
071004,Apricena,13174,-2.088442958008175,101.69203101820429,0.2079,3.07,743,12.666,2.246,entro il 1980
071005,Ascoli Satriano,6167,-0.5803643398355635,99.45757233730797,0.1995,1.07,2121,47.856,1.391,entro il 1970
071006,Biccari,2760,-4.0,100.68363667079514,0.1466,2.515,1515,56.678,1.033,entro il 1970
071007,Bovino,3256,-8.51362742343355,98.85760273848696,0.1912,3.527,1917,55.581,0.944,entro il 1960
071008,Cagnano Varano,7194,-3.215390824700659,101.87658135269453,0.2076,4.359,1259,30.134,1.722,entro il 1980
071009,Candela,2784,3.571428571428571,100.17883961721407,0.2053,1.43,648,38.64,1.66,entro il 1970
071010,Carapelle,6692,2.5436714679742565,101.97968504172718,0.14,1.175,104,4.368,2.811,entro il 1990
071011,Carlantino,957,-7.714561234329798,104.01797530971177,0.2069,0.324,246,34.697,1.35,entro il 1970
071012,Carpino,4101,-4.672245467224546,101.88687818107317,0.2069,1.334,854,32.081,1.541,entro il 1970
071013,Casalnuovo Monterotaro,1507,-8.721986674742581,99.31074573268792,0.2067,4.082,513,40.016,1.176,entro il 1970
071014,Casalvecchio di Puglia,1838,-5.257731958762887,99.88334399440011,0.2057,0.0,405,32.714,1.485,entro il 1980
071015,Castelluccio dei Sauri,2102,-0.4263382283278067,101.12183272385174,0.1721,0.0,76,8.454,2.338,entro il 1980
071016,Castelluccio Valmaggiore,1276,-3.770739064856712,99.93132687874356,0.156,0.0,406,42.248,1.328,entro il 1980
071017,Castelnuovo della Daunia,1390,-9.622886866059819,99.84484792205564,0.2078,0.947,266,28.238,1.476,entro il 1970
071018,Celenza Valfortore,1530,-10.891089108910892,101.01864899933592,0.1999,2.602,405,35.126,1.327,entro il 1960
071019,Celle di San Vito,160,-6.976744186046512,99.48563518675273,0.1712,0.472,119,54.338,0.731,entro il 1990
071020,Cerignola,58540,3.3581694268865423,106.37492360218695,0.1957,1.073,5812,23.172,2.334,entro il 1980
071021,Chieuti,1675,-5.099150141643059,100.03956075052315,0.1972,0.998,454,37.183,1.372,entro il 1980
071022,Deliceto,3725,-4.974489795918367,100.00123137121687,0.2001,3.185,1368,45.253,1.232,entro il 1970
071023,Faeto,628,-1.7214397496087637,98.48121436875891,0.1746,0.551,1197,79.429,0.417,entro il 1990
071024,Foggia,151372,2.942636607841137,102.63985267687548,0.1853,2.832,4822,8.142,2.556,entro il 1980
071025,Ischitella,4411,2.130122713591109,103.12451768852443,0.2014,2.616,2145,54.18,1.114,entro il 1980
071026,Isole Tremiti,490,6.0606060606060606,107.98623862230961,0.15,0.0,163,41.902,1.26,entro il 1970
071027,Lesina,6347,0.8100381194409149,100.18128974204546,0.204,1.018,7339,74.184,0.642,entro il 1980
071028,Lucera,33085,-3.5984848484848486,101.36218669869587,0.1915,0.11,2131,14.748,2.29,entro il 1980
071029,Manfredonia,56906,1.1860097085652304,104.35413792530827,0.2058,1.753,7764,28.674,2.102,entro il 1980
071031,Mattinata,6261,-1.4015748031496063,103.99851271746506,0.2072,2.389,1165,31.701,1.704,entro il 1990
071033,Monte Sant'Angelo,12342,-5.606118546845124,103.22657670073811,0.2078,1.479,2051,28.637,1.723,entro il 1980
071032,Monteleone di Puglia,1019,-4.31924882629108,102.790414343539,0.2288,1.07,551,53.547,0.99,entro il 1980
071034,Motta Montecorvino,712,-7.291666666666667,100.89652315466554,0.1696,1.313,196,35.189,1.278,entro il 1960
071063,Ordona,2843,5.963473723443906,100.6188875779131,0.1708,0.15,130,12.026,2.63,entro il 1980
071035,Orsara di Puglia,2704,-6.726457399103139,99.91548289183285,0.1861,2.623,1051,44.496,1.145,entro il 1980
071036,Orta Nova,17675,4.406639494358792,101.59920365880653,0.1777,1.946,823,12.198,2.62,entro il 1980
071037,Panni,774,-9.048178613396004,102.17094031030953,0.207,3.077,789,67.842,0.666,entro il 1990
071038,Peschici,4500,7.091861018562589,104.06913705376623,0.1978,0.601,1873,51.755,1.243,entro il 1990
071039,Pietramontecorvino,2671,-2.375730994152047,97.96185806302586,0.1916,6.966,610,35.383,1.549,entro il 1970
071040,Poggio Imperiale,2697,-4.157782515991471,101.21049946431765,0.2047,0.51,515,30.437,1.594,entro il 1970
071041,Rignano Garganico,2017,-8.276489313324237,101.17761808039783,0.2073,9.015,1055,53.608,1.025,entro il 1970
071042,Rocchetta Sant'Antonio,1820,-6.666666666666667,99.4452730582962,0.2121,2.488,891,52.597,1.074,entro il 1990
071043,Rodi Garganico,3655,-0.3544165757906216,105.58354318902401,0.175,2.891,4069,73.434,0.66,entro il 1980
071044,Roseto Valfortore,1075,-5.618964003511852,99.13123231554493,0.1676,1.791,2046,79.118,0.416,entro il 1945
071046,San Giovanni Rotondo,27172,-0.4579257793896765,101.0538233345825,0.2079,0.616,5056,33.595,1.805,entro il 1990
071047,San Marco in Lamis,13583,-4.21015514809591,103.40238530884821,0.2079,1.819,1296,19.705,2.065,entro il 1960
071048,San Marco la Catola,965,-10.895660203139428,99.00749678423189,0.1849,3.283,435,45.935,1.019,entro il 1970
071049,San Nicandro Garganico,15224,-4.191315292636879,105.18961612500281,0.2078,1.904,2242,26.076,1.771,entro il 1980
071050,San Paolo di Civitate,5740,-3.220367560276513,102.31217634619934,0.2079,2.352,797,26.286,1.893,entro il 1970
071051,San Severo,53015,-3.2855370694687682,104.36638386714739,0.208,1.419,3430,14.512,2.243,entro il 1980
071052,Sant'Agata di Puglia,1908,-8.445297504798464,100.14862914750708,0.2217,0.627,2146,68.672,0.611,entro il 1990
071053,Serracapriola,3877,-4.530903718295986,101.89251929258727,0.2077,0.732,811,31.532,1.507,entro il 1970
071054,Stornara,5802,9.513023782559456,104.17536559038065,0.1703,1.092,572,23.423,2.376,entro il 1990
071055,Stornarella,5344,6.094897756601152,101.85962252141906,0.1772,3.521,70,3.78,2.886,entro il 1990
071056,Torremaggiore,17069,-1.7894131185270425,101.61151726720504,0.208,1.647,1423,17.969,2.155,entro il 1990
071058,Troia,7100,-3.1377899045020468,99.99556921623271,0.1535,0.621,739,21.151,2.032,entro il 1960
071059,Vico del Gargano,7674,-2.3539890571319506,103.14334800955783,0.204,2.95,4246,57.8,1.045,entro il 1980
071060,Vieste,13943,5.032015065913371,105.82266536463973,0.206,1.338,2587,33.835,1.824,entro il 1990
071061,Volturara Appula,401,-16.2839248434238,104.44383055732484,0.172,0.385,359,58.949,0.658,entro il 1918
071062,Volturino,1679,-5.408450704225352,100.00714112619102,0.1653,0.156,543,40.192,1.243,entro il 1960
071064,Zapponeta,3464,3.8992201559688064,105.60683350307883,0.14,1.138,759,39.347,1.796,entro il 1990
075001,Acquarica del Capo,4653,-4.632096741135479,102.76975140854398,0.0613,2.341,314,14.652,2.171,entro il 1980
075002,Alessano,6371,-1.6365601358653699,100.12308220652984,0.0665,0.439,443,15.676,2.254,entro il 1980
075003,Alezio,5732,2.0837043633125556,101.22594814374499,0.0563,1.904,958,30.116,1.802,entro il 1980
075004,Alliste,6702,0.5551387846961741,102.36086861658633,0.0579,1.746,2707,51.24,1.269,entro il 1990
075005,Andrano,4750,-4.272470777912132,100.18305527958384,0.0654,1.996,891,32.903,1.754,entro il 1990
075006,Aradeo,9381,-3.656156927184965,102.11450288753772,0.0543,1.87,1550,29.152,1.764,entro il 1990
075007,Arnesano,4053,2.503793626707132,101.53102360078387,0.049,0.755,233,13.484,2.345,entro il 1990
075008,Bagnolo del Salento,1821,-3.2412327311370883,99.33713054455725,0.0565,0.138,201,22.738,2.06,entro il 1990
075009,Botrugno,2745,-3.5149384885764503,100.22781508209398,0.0587,0.076,268,20.06,2.055,entro il 1990
075010,Calimera,7009,-3.5900962861072903,99.03200826244603,0.0532,0.465,646,18.331,1.989,entro il 1980
075011,Campi Salentina,10322,-3.8113875687261203,100.82276066550843,0.0487,1.73,657,13.82,2.171,entro il 1980
075012,Cannole,1680,-3.9451114922813035,100.53108031080306,0.0586,0.149,157,19.007,2.034,entro il 1990
075013,Caprarica di Lecce,2411,-6.441598758246022,99.49817950110918,0.0521,0.191,151,12.984,2.073,entro il 1980
075014,Carmiano,12068,0.12445034431261927,100.54530437713889,0.0496,0.54,943,17.447,2.233,entro il 1990
075015,Carpignano Salentino,3753,1.4872904272579772,98.34212840074696,0.0564,0.0,891,39.217,1.652,entro il 1990
075016,Casarano,20070,-1.9109525438639363,101.0733596605605,0.058,1.085,2020,20.946,2.081,entro il 1990
075017,Castri di Lecce,2904,-2.2880215343203227,98.13605040179654,0.0514,0.835,234,17.502,2.172,entro il 1990
075018,Castrignano de' Greci,3919,-3.4966756956414677,100.6715787257899,0.0551,2.704,609,28.781,1.852,entro il 1990
075019,Castrignano del Capo,5193,-2.442231824159309,99.96884290146505,0.0692,1.058,1530,40.627,1.379,entro il 1990
075096,Castro,2395,-2.9185245237130117,98.14676136620996,0.0677,0.0,709,42.379,1.432,entro il 1990
075020,Cavallino,12808,7.42262853308731,100.71276806008363,0.0508,1.753,341,6.962,2.615,entro il 1990
075021,Collepasso,5979,-5.8425196850393695,99.84654341822585,0.0565,0.934,741,23.509,1.897,entro il 1980
075022,Copertino,24094,1.0103550916027335,101.14723894828539,0.0521,0.804,850,8.933,2.532,entro il 1990
075023,Corigliano d'Otranto,5768,0.0,98.9843513853662,0.0564,0.229,386,14.863,2.221,entro il 1990
075024,Corsano,5432,-3.345195729537367,101.76916859850665,0.0704,1.425,515,21.133,2.229,entro il 1990
075025,Cursi,4121,-2.8524280999528524,98.87503441171711,0.0572,0.127,48,2.956,2.538,entro il 1990
075026,Cutrofiano,8958,-2.258592471358429,100.33931179909794,0.057,1.593,2237,37.477,1.501,entro il 1980
075027,Diso,2962,-3.1076218514883873,99.49665537773342,0.0672,2.64,912,41.342,1.343,entro il 1990
075028,Gagliano del Capo,5098,-5.382331106161841,101.49769315350082,0.069,1.053,823,28.224,1.748,entro il 1990
075029,Galatina,26887,-1.103468569536911,99.83095689457329,0.0544,1.893,4093,27.804,1.826,entro il 1980
075030,Galatone,15544,-1.3455191673013456,102.15566219124949,0.0548,1.858,4002,39.849,1.548,entro il 1990
075031,Gallipoli,20545,0.7157213588901418,103.92363660672113,0.0569,2.817,7288,48.137,1.357,entro il 2000
075032,Giuggianello,1196,-4.32,99.11330105772657,0.0591,0.919,144,21.622,1.796,entro il 1990
075033,Giurdignano,1943,0.6214396685655101,98.89365350785582,0.0607,0.0,336,32.246,1.865,entro il 1990
075034,Guagnano,5681,-3.7281816641247243,100.12990886962626,0.0508,1.227,432,15.732,2.069,entro il 1980
075035,Lecce,95441,6.501143781732968,101.23498330540416,0.0492,0.861,15768,28.726,1.739,entro il 1990
075036,Lequile,8689,0.3928365106874639,99.86245832209973,0.0514,1.587,182,5.184,2.475,entro il 1990
075037,Leverano,14145,0.5902432086474185,100.5882230869625,0.0519,0.284,496,8.875,2.531,entro il 1990
075038,Lizzanello,11934,3.2978447156582704,100.69798500199859,0.0503,1.321,463,9.614,2.478,entro il 1990
075039,Maglie,14196,-3.9057740472483586,99.6355541524015,0.0578,0.475,796,11.945,2.13,entro il 1980
075040,Martano,9087,-2.416237113402062,100.43905195241864,0.0549,0.605,677,15.914,2.136,entro il 1980
075041,Martignano,1665,-3.0849825378346916,99.4894310191549,0.0528,1.998,279,28.882,1.724,entro il 1990
075042,Matino,11444,-2.0959876807254685,101.793963016126,0.0567,2.811,2056,31.886,1.775,entro il 1990
075043,Melendugno,9999,4.015395818162904,99.46149714453354,0.0556,0.394,10425,73.194,0.702,entro il 1990
075044,Melissano,7129,-2.582672861437551,102.49320899365131,0.0574,2.219,571,17.472,2.181,entro il 1980
075045,Melpignano,2218,0.7266121707538601,98.87208786454265,0.0562,0.48,305,26.158,1.902,entro il 1980
075046,Miggiano,3528,-3.9215686274509802,100.45185721885781,0.0627,0.32,339,20.483,2.132,entro il 1990
075047,Minervino di Lecce,3602,-3.1720430107526885,99.27044655457115,0.0642,0.967,608,28.747,1.703,entro il 1980
075048,Monteroni di Lecce,13923,0.30257186081694404,102.1404985778532,0.0498,1.004,1275,20.044,2.189,entro il 1990
075049,Montesano Salentino,2687,0.4485981308411215,99.00024369612265,0.0621,0.893,297,23.875,2.16,entro il 2005
075050,Morciano di Leuca,3247,-4.668232530827951,100.3892668751478,0.0649,1.28,1703,54.115,1.032,entro il 1990
075051,Muro Leccese,4929,-3.086905230043256,97.67658153872368,0.0583,0.983,280,12.567,2.212,entro il 1980
075052,Nardò,31431,-0.7358514401212735,101.5832628506277,0.0545,0.567,12016,47.918,1.253,entro il 1990
075053,Neviano,5228,-4.9972742140650555,100.65581102896999,0.0553,1.793,531,20.083,1.977,entro il 1990
075054,Nociglia,2289,-6.533278889342589,98.62931070706973,0.06,0.657,106,10.076,2.176,entro il 1990
075055,Novoli,8024,-2.182128489576984,102.02159959349115,0.0482,0.485,573,15.403,2.157,entro il 1980
075056,Ortelle,2399,1.9116397621070518,98.54884505273505,0.0655,0.0,331,26.48,1.919,entro il 1990
075057,Otranto,5799,2.9651988636363638,101.44687885069673,0.0682,3.527,2614,51.917,1.152,entro il 1990
075058,Palmariggi,1495,-3.5483870967741935,97.75710690488117,0.0585,1.959,204,25.061,1.837,entro il 1980
075059,Parabita,9047,-2.6890394750994946,100.32349009624124,0.056,0.743,1001,21.007,1.899,entro il 1980
075060,Patù,1700,-1.1052937754508436,100.00944093477986,0.0651,1.153,833,54.091,1.104,entro il 1990
075061,Poggiardo,5992,-2.219321148825065,99.19844488747644,0.0635,0.104,503,17.363,2.068,entro il 1980
075097,Porto Cesareo,6272,15.336520779698418,102.60074866712276,0.0532,1.198,10927,83.038,0.477,entro il 1990
075062,Presicce,5285,-5.28673835125448,100.43131814923474,0.0631,1.117,644,22.123,1.816,entro il 1980
075063,Racale,11011,2.599701826313828,102.12600907746713,0.0577,2.03,5922,59.518,1.107,entro il 1990
075064,Ruffano,9741,-1.1266747868453104,102.78656744055696,0.06,1.088,844,18.802,2.17,entro il 1990
075065,Salice Salentino,8253,-4.445988190343869,100.51027223946201,0.052,1.191,682,17.728,2.145,entro il 1980
075066,Salve,4561,-3.389112476170303,101.34635068055081,0.0633,1.289,3482,62.739,0.822,entro il 2000
075095,San Cassiano,2037,-3.276353276353276,98.98279262952845,0.0594,2.05,293,25.59,1.779,entro il 1980
075068,San Cesario di Lecce,8169,-1.625722543352601,100.41973470124678,0.0497,2.953,400,10.864,2.219,entro il 1980
075069,San Donato di Lecce,5656,-2.5331724969843186,99.57801882640257,0.0521,0.102,306,12.162,2.248,entro il 1990
075071,San Pietro in Lama,3533,-2.024403771491958,100.07775472944887,0.0503,1.99,197,12.153,2.18,entro il 1980
075067,Sanarica,1487,-1.1303191489361704,98.03195043035933,0.0595,2.27,186,24.314,1.944,entro il 1990
075070,Sannicola,5864,-0.47522063815342835,100.26780463251468,0.0556,0.691,1636,40.808,1.463,entro il 1980
075072,Santa Cesarea Terme,3017,0.06633499170812604,98.25338859416964,0.0681,0.264,1087,45.615,1.266,entro il 2000
075073,Scorrano,6974,0.11484352569623889,100.28861971669255,0.0586,1.274,472,16.327,2.412,entro il 1990
075074,Seclì,1877,-2.544132917964694,101.37918714652707,0.0547,0.867,137,15.376,2.107,entro il 1980
075075,Sogliano Cavour,4056,-0.5394801373222168,98.72113793474225,0.0551,1.637,409,19.758,1.959,entro il 1980
075076,Soleto,5422,-2.411807055435565,97.85653077692346,0.0546,4.507,783,26.328,1.823,entro il 1990
075077,Specchia,4748,-1.2273767422508841,100.42506147219244,0.0624,0.237,437,19.26,2.093,entro il 1990
075078,Spongano,3673,-2.0010672358591246,98.99198187585398,0.0632,0.508,511,26.367,1.895,entro il 1990
075079,Squinzano,14031,-2.832409972299169,102.1821859039485,0.0474,1.185,522,8.763,2.355,entro il 1980
075080,Sternatia,2261,-6.6473988439306355,97.93600596444789,0.0531,0.781,403,28.602,1.605,entro il 1980
075081,Supersano,4398,-2.3100844069302533,101.21861593311742,0.0604,0.286,485,22.706,2.059,entro il 1980
075082,Surano,1637,-3.76249265138154,99.11678082492209,0.0614,0.259,135,17.286,2.096,entro il 1990
075083,Surbo,15115,1.7297079014672232,100.57665065127789,0.0474,0.479,577,9.617,2.519,entro il 1990
075084,Taurisano,11770,-6.97858215442978,104.46784265909315,0.06,1.748,1058,20.229,2.25,entro il 1990
075085,Taviano,11972,-3.9011077219457375,101.75513269483032,0.0569,3.012,3433,41.658,1.453,entro il 1990
075086,Tiggiano,2839,-3.2049096488237296,99.68451333731133,0.0678,0.0,175,15.047,2.441,entro il 1990
075087,Trepuzzi,14512,1.6887394015836312,100.16699309556547,0.0475,1.062,686,11.526,2.438,entro il 1990
075088,Tricase,17525,-0.7981433261632513,99.41682235376557,0.0673,0.817,2508,28.11,1.964,entro il 1990
075089,Tuglie,5213,-0.7992388201712655,100.29934150865131,0.0555,1.497,1099,33.445,1.586,entro il 1980
075090,Ugento,12412,3.45919813286655,101.6149408775224,0.0597,1.441,7096,60.075,1.051,entro il 1990
075091,Uggiano la Chiesa,4385,-2.033065236818588,98.59808515466709,0.0655,1.322,970,35.234,1.593,entro il 1980
075092,Veglie,13947,-2.5162507863283707,101.84477145897412,0.0509,0.735,734,12.334,2.344,entro il 1990
075093,Vernole,7062,-3.087690407575134,99.39278655534996,0.0517,0.939,739,21.126,2.019,entro il 1990
075094,Zollino,1961,-4.620622568093386,97.21765579050754,0.0537,0.569,244,22.782,1.831,entro il 1990
073001,Avetrana,6604,-5.872291904218928,101.0911582680747,0.0547,0.923,1100,29.428,1.767,entro il 1990
073002,Carosino,7028,2.284965798282637,98.82525888314596,0.0611,0.601,672,21.374,2.235,entro il 1990
073003,Castellaneta,17069,-0.2396259497369959,100.08054988528043,0.1548,1.389,4782,41.213,1.471,entro il 1990
073004,Crispiano,13693,0.8618149675898644,99.54728346201027,0.1088,1.486,934,15.438,2.263,entro il 1990
073005,Faggiano,3499,-0.793875815140346,100.54056213246116,0.0617,1.231,394,23.369,2.075,entro il 1990
073006,Fragagnano,5232,-2.3516237402015676,99.59495647185909,0.059,1.793,485,19.447,2.098,entro il 1980
073007,Ginosa,22430,-0.7082779991146525,100.3498970993857,0.1568,2.033,3846,31.22,1.821,entro il 1990
073008,Grottaglie,31890,-1.8618248961378674,100.05670240598546,0.0677,2.103,2804,19.309,2.196,entro il 1990
073009,Laterza,15171,-0.8301738789384233,101.2462186325078,0.1557,2.204,1442,21.002,2.21,entro il 1990
073010,Leporano,8085,4.094244882193897,98.36665862487106,0.0638,0.477,2535,43.767,1.396,entro il 1990
073011,Lizzano,9990,-2.346041055718475,102.3043451979686,0.0588,0.689,2844,43.493,1.528,entro il 1990
073012,Manduria,31159,0.8283985373588324,101.07315993641994,0.0561,0.835,9732,44.86,1.436,entro il 1990
073013,Martina Franca,48786,-0.4042136207741303,100.23705814936113,0.0928,3.358,12643,39.608,1.528,entro il 1980
073014,Maruggio,5241,-2.6379342374140813,101.03480455753498,0.0572,1.497,5706,71.792,0.659,entro il 1990
073015,Massafra,32861,1.419709268232462,101.2206378761296,0.1428,1.655,2119,15.591,2.418,entro il 1990
073016,Monteiasi,5580,1.0320478001086366,98.32131477914385,0.0636,1.334,492,19.696,2.234,entro il 1990
073017,Montemesola,3839,-5.97599804065638,101.17382155238512,0.068,1.002,316,17.118,2.08,entro il 1980
073018,Monteparano,2379,-0.7095158597662772,99.09684433827485,0.0599,4.742,125,12.148,2.312,entro il 1980
073019,Mottola,15842,-2.234016292273513,99.24469952954836,0.1458,2.681,939,13.368,2.255,entro il 1990
073020,Palagianello,7834,-0.2927325951380934,101.17725190925294,0.1521,3.211,290,9.48,2.561,entro il 1980
073021,Palagiano,16105,0.44280903080952977,100.20555427658535,0.1496,1.335,1647,22.642,2.214,entro il 1990
073022,Pulsano,11504,3.948676244691425,101.31805221204013,0.0601,0.731,3612,45.275,1.442,entro il 1990
073023,Roccaforzata,1819,0.16519823788546256,98.62384140236672,0.0597,1.085,133,16.964,2.32,entro il 1990
073024,San Giorgio Ionico,15101,-3.637291812902814,99.4201706173351,0.0629,2.733,639,10.016,2.367,entro il 1990
073025,San Marzano di San Giuseppe,9228,-0.32404406999351915,102.5720983898595,0.0579,0.613,695,18.179,2.414,entro il 1990
073026,Sava,16076,-2.5106124924196482,102.25237168566848,0.0573,1.781,2393,27.462,1.845,entro il 1990
073029,Statte,13808,-2.458321559762645,102.94058628178743,0.1204,0.623,406,7.583,2.579,entro il 1980
073027,Taranto,198283,-0.8267645646606915,102.62419058097285,0.1172,2.728,12417,13.65,2.18,entro il 1990
073028,Torricella,4183,-1.0877275951761645,100.42910907968647,0.0582,1.094,2520,60.504,1.004,entro il 1990
092003,Assemini,26901,0.7603565810173046,99.8406448609617,0.05,3.529,1024,9.08,2.385,entro il 2000
092009,Cagliari,154106,3.1893024781877957,100.00614320710888,0.05,2.41,5746,8.075,2.166,entro il 1980
092011,Capoterra,23583,1.6552437605069186,100.95394061619771,0.05,0.499,1180,11.767,2.352,entro il 2000
092015,Decimomannu,8234,5.079122001020929,99.36861145271857,0.05,0.785,526,15.416,2.413,entro il 2000
092108,Elmas,9546,6.754641019906062,99.19644332507902,0.05,0.752,124,3.394,2.612,entro il 2000
092037,Maracalagonis,7980,5.709365478871374,101.02991924385555,0.05,0.954,1523,34.963,1.832,entro il 1990
092109,Monserrato,19771,-2.988223748773307,99.67705832200727,0.05,5.929,967,10.75,2.198,entro il 1980
092050,Pula,7338,2.715565509518477,98.92783875022722,0.05,1.621,3100,50.761,1.202,entro il 1990
092051,Quartu Sant'Elena,70879,2.4529501893556125,101.38716259616311,0.05,2.463,6268,18.885,2.135,entro il 1990
092105,Quartucciu,13234,3.084592615672223,100.16678942202724,0.05,0.768,724,12.851,2.349,entro il 1990
092066,Sarroch,5283,1.4985590778097981,99.82849791626089,0.05,1.239,797,27.722,1.838,entro il 1990
092068,Selargius,28986,1.1975002618440806,99.64285244582348,0.05,2.665,1211,9.94,2.379,entro il 2000
092074,Sestu,20958,5.321875471129203,98.99423269544471,0.05,1.069,631,7.459,2.477,entro il 2000
092075,Settimo San Pietro,6760,3.3955338023860504,100.21237871334264,0.05,1.876,185,7.286,2.662,entro il 2000
092080,Sinnai,17562,5.111323916686617,100.13035363672456,0.05,0.668,2592,30.115,2.04,entro il 1990
092090,Uta,8696,10.229433388262137,100.07371429707986,0.05,1.418,349,10.906,2.717,entro il 2000
092099,Villa San Pietro,2138,5.841584158415842,99.57990004887107,0.05,0.75,170,17.635,2.218,entro il 2000
091001,Aritzo,1274,-4.925373134328359,98.99213172081002,0.05,2.56,309,36.655,1.511,entro il 1980
091002,Arzana,2430,-2.527075812274368,100.2291587153667,0.05,0.982,483,33.919,1.706,entro il 1990
091003,Atzara,1123,-7.41962077493817,97.32283343022216,0.05,0.529,250,32.68,1.468,entro il 1990
091004,Austis,810,-7.003444316877153,102.88555978489781,0.05,2.083,218,36.333,1.35,entro il 1990
091005,Bari Sardo,3993,1.3451776649746192,98.9622632990241,0.05,2.176,1147,39.785,1.385,entro il 1990
091006,Baunei,3602,-3.2760472610096674,97.27048546498948,0.05,4.215,1401,47.54,1.222,entro il 1990
091007,Belvì,596,-10.37593984962406,96.6987332489801,0.05,0.0,690,72.327,0.625,entro il 1990
091008,Birori,529,-5.704099821746881,99.3052641928221,0.05,0.0,81,26.299,1.718,entro il 1990
091009,Bitti,2809,-6.863395225464192,98.67832546422906,0.05,1.341,590,31.085,1.48,entro il 1980
091010,Bolotana,2579,-9.158154279675943,98.77224343197489,0.05,0.576,513,30.409,1.529,entro il 1980
091011,Borore,2079,-4.720439963336388,97.47923430112377,0.05,0.0,286,23.933,1.74,entro il 1990
091012,Bortigali,1335,-5.853314527503526,98.23503944375884,0.05,2.615,264,30.206,1.527,entro il 1970
091103,Cardedu,1928,6.3430777716492,97.74169670604176,0.05,0.239,1242,59.256,0.92,entro il 2000
091016,Desulo,2310,-6.36400486420754,101.28917061739809,0.05,2.531,1185,52.203,1.018,entro il 1980
091017,Dorgali,8596,0.903861955628595,99.7220318626436,0.05,0.973,2251,40.838,1.56,entro il 1990
091018,Dualchi,613,-8.233532934131736,100.22316545650891,0.05,0.25,132,32.039,1.488,entro il 1970
091019,Elini,562,1.8115942028985508,99.6612202652852,0.05,0.435,55,21.318,2.178,entro il 1980
091024,Fonni,3892,-3.8775006174364037,99.70477181729981,0.05,1.861,674,30.374,1.754,entro il 1980
091025,Gadoni,781,-13.028953229398663,96.44043001160803,0.05,2.309,190,33.392,1.373,entro il 1990
091026,Gairo,1412,-6.551952349437459,97.43218211069461,0.05,0.496,211,22.375,1.497,entro il 1970
091027,Galtellì,2440,-1.4539579967689822,99.01852995671581,0.05,0.111,270,22.37,2.022,entro il 1990
091028,Gavoi,2641,-5.068296189791517,99.41990367232626,0.05,0.21,266,18.614,1.848,entro il 1990
091031,Girasole,1308,7.742998352553541,98.17999642952203,0.05,0.0,433,47.898,1.447,entro il 2000
091032,Ilbono,2189,-0.6354970494779846,97.74237589904293,0.05,3.118,233,20.766,1.951,entro il 2000
091033,Irgoli,2303,-2.083333333333333,98.67313507941137,0.05,0.105,213,18.426,1.992,entro il 1990
091035,Jerzu,3177,-1.457816377171216,98.41041077579746,0.05,3.357,1065,42.634,1.272,entro il 1990
091037,Lanusei,5387,-1.804593510754648,99.39199711038167,0.05,0.205,892,28.942,1.748,entro il 1980
091038,Lei,499,-11.209964412811388,97.32174971718362,0.05,0.322,350,59.829,0.853,entro il 1990
091039,Loceri,1298,1.8838304552590266,97.68599121992966,0.05,0.0,316,36.28,1.49,entro il 1980
091040,Loculi,517,-0.9578544061302682,100.4649575326612,0.05,0.0,38,16.45,2.238,entro il 1990
091041,Lodè,1661,-12.209302325581394,98.20653863084765,0.05,0.0,195,18.276,1.557,entro il 1990
091104,Lodine,331,-6.760563380281689,99.4392874469177,0.05,0.794,49,27.374,1.849,entro il 1990
091042,Lotzorai,2157,0.0,98.6021993873098,0.05,0.0,464,33.993,1.58,entro il 2000
091043,Lula,1384,-7.733333333333333,99.14306050667902,0.05,0.0,230,26.107,1.571,entro il 1980
091044,Macomer,10019,-4.353221957040573,98.65603383107639,0.05,2.709,797,16.252,2.043,entro il 1990
091046,Mamoiada,2523,-1.7140631086871836,101.14279021825492,0.05,2.009,184,16.098,2.207,entro il 1990
091047,Meana Sardo,1778,-6.813417190775681,99.70329525521608,0.05,0.117,320,28.144,1.564,entro il 1990
091050,Noragugume,309,-9.117647058823529,100.14567926699294,0.05,3.922,73,32.589,1.379,entro il 1990
091051,Nuoro,36579,-0.15285928756653475,99.69339168884541,0.05,0.81,1552,9.767,2.302,entro il 1990
091055,Oliena,7018,-4.633781763826607,100.17355735646268,0.05,2.133,555,16.926,2.14,entro il 1990
091056,Ollolai,1283,-6.622998544395925,99.29717615793888,0.05,3.161,203,25.439,1.608,entro il 1980
091057,Olzai,873,-3.107658157602664,98.13990642391362,0.05,3.194,176,29.73,1.475,entro il 1980
091058,Onanì,380,-10.7981220657277,97.9495065850603,0.05,7.812,68,29.694,1.659,entro il 1980
091059,Onifai,717,-3.3692722371967654,101.0869014979106,0.05,0.287,84,22.105,1.887,entro il 1990
091060,Oniferi,898,-2.49728555917481,99.54403617337022,0.05,0.0,51,12.846,2.262,entro il 1980
091061,Orani,2865,-4.372496662216288,97.70785523881915,0.05,0.464,235,16.931,2.064,entro il 1990
091062,Orgosolo,4176,-4.066161268090972,102.15623891801319,0.05,1.071,283,15.021,2.217,entro il 1990
091063,Orosei,7049,3.570379077284749,100.40627732348888,0.05,0.508,3183,53.406,1.183,entro il 1990
091064,Orotelli,2017,-6.533827618164969,99.21784336401626,0.05,0.0,135,13.832,2.067,entro il 1990
091066,Ortueri,1135,-9.705648369132856,98.7697320549776,0.05,3.209,320,37.559,1.332,entro il 1980
091067,Orune,2320,-9.197651663405088,98.52366258899272,0.05,0.104,112,9.597,1.988,entro il 1970
091068,Osidda,247,6.926406926406926,102.70673455348252,0.05,4.38,81,44.022,1.342,entro il 1970
091069,Osini,776,-4.785276073619632,100.09765305517878,0.05,1.333,186,31.419,1.311,entro il 1980
091070,Ottana,2303,-3.0723905723905722,97.8939149237409,0.05,0.246,164,14.669,2.06,entro il 1990
091071,Ovodda,1610,-0.8009858287122612,97.87197235080508,0.05,0.0,189,19.916,1.697,entro il 1980
091072,Perdasdefogu,1881,-7.884427032321254,98.23790535925068,0.05,3.901,285,24.783,1.636,entro il 1990
091073,Posada,2974,8.977647489923049,99.99875127402379,0.05,0.254,1640,57.383,1.041,entro il 2000
091077,Sarule,1679,-4.548038658328596,100.15456457873269,0.05,0.996,250,25.853,1.736,entro il 1980
091083,Silanus,2109,-4.005461993627675,99.69731539301073,0.05,4.804,267,24.185,1.91,entro il 1990
091084,Sindia,1701,-5.657237936772046,96.50220356652753,0.05,1.434,390,34.121,1.488,entro il 1980
091085,Siniscola,11531,0.38304169931226606,100.3307008963306,0.05,2.269,3167,39.273,1.43,entro il 1990
091086,Sorgono,1657,-5.7451649601820245,98.81636115386782,0.05,7.16,337,32.156,1.581,entro il 1980
091088,Talana,1013,-5.149812734082397,100.25987235986518,0.05,1.683,117,19.631,1.7,entro il 1990
091089,Tertenia,3927,2.989771833202203,98.27678322689457,0.05,1.912,1867,52.341,1.101,entro il 2000
091090,Teti,670,-2.898550724637681,98.380095078739,0.05,3.933,177,37.263,1.411,entro il 1980
091091,Tiana,487,-6.704980842911877,99.57298321363454,0.05,0.946,203,46.347,1.112,entro il 1980
091093,Tonara,2020,-4.310753197536712,96.9366864739767,0.05,0.975,621,39.757,1.293,entro il 1990
091094,Torpè,2844,-1.8294787711425613,101.80191974317202,0.05,1.87,477,29.085,1.734,entro il 2000
091095,Tortolì,11081,2.992843201040989,99.7713523053104,0.05,1.974,2414,35.287,1.62,entro il 2000
091097,Triei,1132,0.5328596802841918,99.01956484041156,0.05,1.811,195,29.954,1.739,entro il 1990
091098,Ulassai,1448,-4.296100462656973,98.41105985200409,0.05,3.121,297,28.152,1.373,entro il 1970
091099,Urzulei,1215,-5.886909372579396,103.53669980367724,0.05,0.0,149,22.679,1.849,entro il 1980
091100,Ussassai,556,-7.79436152570481,97.96111787148605,0.05,5.581,193,38.6,1.112,entro il 1980
091101,Villagrande Strisaili,3186,-5.5440260895345395,99.91110623249291,0.05,1.073,406,23.701,1.86,entro il 2000
095001,Abbasanta,2689,-4.982332155477032,98.72569303058074,0.05,1.761,405,26.875,1.784,entro il 2000
095002,Aidomaggiore,442,-5.756929637526652,100.60577641144835,0.05,0.0,141,40.171,1.259,entro il 1990
095003,Albagiara,254,-7.2992700729927,95.92607261563325,0.05,0.629,53,31.737,1.521,entro il 1980
095004,Ales,1410,-6.684315023163467,99.39437317550804,0.05,0.0,163,21.704,1.877,entro il 1990
095005,Allai,363,-1.358695652173913,95.3249227571737,0.05,2.083,185,52.707,1.034,entro il 1980
095006,Arborea,3906,-3.2928942807625647,97.81670492211323,0.05,0.25,110,7.157,2.541,entro il 2000
095007,Ardauli,852,-9.554140127388536,97.5906685032225,0.05,0.0,288,39.344,1.164,entro il 1980
095008,Assolo,376,-12.962962962962962,101.84481765017856,0.05,2.597,61,25.957,1.6,entro il 1980
095009,Asuni,345,-3.6312849162011176,100.54591607490597,0.05,0.0,60,28.169,1.62,entro il 1970
095010,Baradili,83,-7.777777777777778,95.47790997155286,0.05,1.613,23,35.938,1.297,entro il 1980
095011,Baratili San Pietro,1312,-1.2791572610985704,98.95408493501134,0.05,1.748,96,15.335,2.096,entro il 1990
095012,Baressa,642,-10.584958217270195,101.26955915907551,0.05,1.99,94,23.267,1.589,entro il 1980
095013,Bauladu,677,-4.107648725212465,99.39298127343285,0.05,3.729,86,23.562,1.855,entro il 1990
095014,Bidonì,143,-2.7210884353741496,104.54060280615728,0.05,1.124,110,63.218,0.822,entro il 2000
095015,Bonarcado,1587,-2.3985239852398523,99.90443513409957,0.05,4.433,185,22.316,1.914,entro il 1990
095016,Boroneddu,153,-4.968944099378882,93.86904347701197,0.05,2.062,46,38.983,1.297,entro il 1980
095079,Bosa,7927,-1.1102794411177646,99.9293439019305,0.05,0.739,2288,41.367,1.433,entro il 1990
095017,Busachi,1274,-7.142857142857142,98.3137071391608,0.05,3.684,420,42.77,1.297,entro il 1990
095018,Cabras,9278,2.6781761841522798,98.02519282160057,0.05,1.342,1387,28.86,1.931,entro il 1990
095019,Cuglieri,2649,-5.628785179907374,97.2140135067664,0.05,2.031,2016,61.054,0.802,entro il 1990
095077,Curcuris,301,-4.140127388535031,95.5637432743391,0.05,1.212,61,32.447,1.601,entro il 1990
095080,Flussio,433,-4.6255506607929515,96.67120201501363,0.05,3.435,71,25.357,1.546,entro il 1980
095020,Fordongianus,878,-6.196581196581197,97.85187561629225,0.05,2.31,355,45.925,1.136,entro il 1990
095021,Ghilarza,4452,-3.469210754553339,98.87907699884867,0.05,0.882,700,27.429,1.745,entro il 1990
095022,Gonnoscodina,469,-7.312252964426877,95.25453989011184,0.05,4.0,66,25.581,1.818,entro il 1990
095023,Gonnosnò,759,-4.408060453400504,96.12699758896281,0.05,0.767,90,21.327,1.799,entro il 1980
095024,Gonnostramatza,879,-6.588735387885228,101.46848696648108,0.05,0.533,78,18.097,2.039,entro il 1990
095082,Laconi,1855,-7.388916625062407,95.56299698110291,0.05,3.858,372,30.567,1.524,entro il 1980
095083,Magomadas,655,2.503912363067293,96.5457766226534,0.05,0.0,475,58.282,0.804,entro il 1990
095025,Marrubiu,4819,-1.833367284579344,99.38477782112894,0.05,1.386,328,14.991,2.202,entro il 1990
095026,Masullas,1061,-5.772646536412078,100.6798193521666,0.05,0.0,98,18.352,1.987,entro il 1990
095027,Milis,1513,-4.542586750788644,97.63035962063941,0.05,1.343,167,22.119,2.004,entro il 2000
095084,Modolo,163,-0.6097560975609756,98.71658072243179,0.05,0.495,127,59.624,0.765,entro il 1980
095028,Mogorella,449,-3.2327586206896552,97.56042751352614,0.05,0.87,72,28.346,1.768,entro il 1990
095029,Mogoro,4118,-5.485425751663989,99.27545049381786,0.05,3.012,328,16.557,2.079,entro il 1990
095085,Montresta,470,-11.487758945386064,99.00470651235679,0.05,2.486,151,38.619,1.202,entro il 1980
095030,Morgongiori,716,-7.373868046571798,98.06922442737704,0.05,7.568,86,20.574,1.713,entro il 1990
095031,Narbolia,1783,-1.0543840177580466,99.16075654011364,0.05,0.483,403,35.918,1.589,entro il 1990
095032,Neoneli,679,-4.634831460674158,98.34051012025697,0.05,2.791,129,28.859,1.519,entro il 1970
095033,Norbello,1307,10.668924640135478,98.17594519805847,0.05,0.523,200,30.211,1.974,entro il 1990
095034,Nughedu Santa Vittoria,475,-6.126482213438735,96.81239472398022,0.05,3.915,108,30.769,1.353,entro il 1990
095035,Nurachi,1766,-1.3958682300390843,99.76911866832198,0.05,0.571,109,13.885,2.25,entro il 1990
095036,Nureci,357,1.4204545454545454,98.32021671090261,0.05,6.796,69,31.797,1.645,entro il 1980
095037,Ollastra,1212,-3.1948881789137378,96.98561187303925,0.05,2.846,116,19.761,2.065,entro il 1990
095038,Oristano,31671,1.8425622226509744,99.04902457110931,0.05,1.324,3715,22.958,1.957,entro il 1990
095039,Palmas Arborea,1523,3.0446549391069015,97.23466094249159,0.05,1.657,78,12.829,2.505,entro il 2000
095040,Pau,299,0.0,100.82150054086425,0.05,1.676,52,28.415,1.634,entro il 1990
095041,Paulilatino,2207,-5.764304013663535,99.52976407037168,0.05,4.035,353,28.537,1.784,entro il 1990
095042,Pompu,253,-8.664259927797833,98.62274609254548,0.05,0.0,23,19.167,2.108,entro il 1990
095043,Riola Sardo,2143,0.18700327255726976,98.53820808438135,0.05,0.624,210,19.645,2.005,entro il 1990
095044,Ruinas,674,-7.162534435261708,99.45540551732977,0.05,3.828,131,30.394,1.564,entro il 1980
095086,Sagama,199,2.5773195876288657,99.13043866351816,0.05,3.497,60,40.816,1.354,entro il 1970
095045,Samugheo,3018,-4.974811083123426,98.11490414309166,0.05,0.662,390,24.345,1.884,entro il 1990
095046,San Nicolò d'Arcidano,2630,-6.272273699215966,103.00957117009469,0.05,0.574,168,14.201,2.223,entro il 1990
095050,San Vero Milis,2493,-1.1498810467882634,100.25632945565619,0.05,5.945,1946,64.246,0.823,entro il 1990
095047,Santa Giusta,4807,-0.062370062370062374,99.68739927260403,0.05,0.072,201,10.334,2.471,entro il 2000
095049,Santu Lussurgiu,2372,-2.6272577996715927,97.96771219596633,0.05,5.586,524,35.003,1.585,entro il 1980
095051,Scano di Montiferro,1493,-5.08582326764145,99.13368390551243,0.05,2.884,387,37.573,1.45,entro il 1970
095052,Sedilo,2094,-5.377315860822414,97.76233018927515,0.05,2.005,280,23.51,1.758,entro il 1980
095053,Seneghe,1749,-5.254604550379198,97.97388473584019,0.05,0.0,260,26.183,1.761,entro il 1980
095054,Senis,438,-8.368200836820083,98.2494450339119,0.05,3.546,101,32.792,1.422,entro il 1980
095055,Sennariolo,186,1.639344262295082,104.02470742911517,0.05,0.0,43,33.333,1.442,entro il 1970
095056,Siamaggiore,926,-4.634397528321318,99.51063664821629,0.05,6.733,59,13.753,2.159,entro il 1990
095057,Siamanna,809,-1.701093560145808,94.332419066149,0.05,1.441,60,15.873,2.14,entro il 2000
095076,Siapiccia,353,-4.8517520215633425,100.80436520510973,0.05,2.222,50,26.455,1.868,entro il 1990
095058,Simala,315,-11.51685393258427,101.29730425023405,0.05,9.223,63,28.636,1.432,entro il 1990
095059,Simaxis,2227,-3.5930735930735933,99.69516448317678,0.05,0.692,148,14.51,2.183,entro il 1990
095060,Sini,529,3.3203125,97.94729159386323,0.05,0.935,105,31.722,1.598,entro il 1980
095061,Siris,231,3.125,97.83783681027806,0.05,7.273,30,25.424,1.958,entro il 1990
095078,Soddì,118,1.7241379310344827,95.74893531404567,0.05,0.0,31,35.632,1.356,entro il 1990
095062,Solarussa,2400,-2.7946537059538272,99.6790209961162,0.05,4.527,195,16.667,2.051,entro il 1980
095063,Sorradile,363,-12.530120481927712,98.54563605647759,0.05,0.625,136,40.841,1.09,entro il 1970
095087,Suni,1073,-4.9601417183348095,98.99815165034887,0.05,0.926,258,32.866,1.367,entro il 1990
095064,Tadasuni,146,-20.21857923497268,100.20293726547266,0.05,0.0,56,40.288,1.05,entro il 1980
095065,Terralba,10196,-2.2435282837967403,99.97256513241852,0.05,1.371,984,20.061,2.079,entro il 1990
095088,Tinnura,242,-9.022556390977442,95.26152534726364,0.05,2.21,83,42.784,1.247,entro il 1990
095066,Tramatza,961,-3.319919517102616,100.85454512101194,0.05,0.426,149,28.22,1.82,entro il 2000
095067,Tresnuraghes,1163,-4.042904290429043,99.13074102991806,0.05,1.059,931,62.191,0.777,entro il 2000
095068,Ulà Tirso,564,-2.2530329289428077,105.29892486246487,0.05,0.0,221,47.122,1.203,entro il 2000
095069,Uras,2825,-4.39932318104907,98.10459916580075,0.05,0.081,278,19.159,1.947,entro il 1990
095070,Usellus,765,-10.316529894490035,98.71014620682452,0.05,0.495,75,16.741,1.708,entro il 1980
095048,Villa Sant'Antonio,355,-6.33245382585752,100.13033303812328,0.05,3.292,82,33.198,1.437,entro il 1980
095073,Villa Verde,308,-7.228915662650602,100.20922437121295,0.05,0.469,67,30.734,1.413,entro il 1980
095071,Villanova Truschedu,301,-6.521739130434782,96.2963627953826,0.05,0.0,66,32.512,1.483,entro il 2000
095072,Villaurbana,1631,-5.885747259088286,97.61727200663921,0.05,3.935,147,17.754,1.97,entro il 1990
095074,Zeddiani,1162,-0.1718213058419244,99.54581737002815,0.05,1.033,134,23.264,2.017,entro il 1990
095075,Zerfaliu,1075,-8.198121263877029,99.28803912651033,0.05,4.242,125,22.894,1.969,entro il 1990
090001,Aggius,1482,-7.721046077210461,98.17390765733536,0.05,0.274,173,21.279,1.823,entro il 1990
090062,Aglientu,1249,7.1183533447684395,99.84782170141955,0.05,0.46,2425,80.271,0.413,entro il 2000
090002,Alà dei Sardi,1853,-5.1203277009728625,102.73127834698313,0.05,0.389,315,27.632,1.625,entro il 1990
090003,Alghero,43979,8.325328210054435,98.59427689082777,0.05,3.263,9784,35.216,1.583,entro il 1990
090004,Anela,630,-6.528189910979229,98.41433259325618,0.05,3.081,153,33.85,1.394,entro il 1980
090005,Ardara,778,-2.75,100.17703965129256,0.05,1.078,95,21.689,1.776,entro il 1990
090006,Arzachena,13756,19.972091400662826,99.88897230542916,0.05,0.472,11495,70.517,0.844,entro il 2000
090081,Badesi,1873,-1.1609498680738786,99.85742658933428,0.05,0.474,2182,72.371,0.621,entro il 2000
090007,Banari,569,-7.026143790849673,99.44699678682629,0.05,0.295,441,59.918,0.773,entro il 2000
090008,Benetutti,1819,-7.618080243778567,100.19072101088703,0.05,0.508,189,21.526,2.072,entro il 1980
090009,Berchidda,2749,-5.141476880607315,97.7363081134663,0.05,2.065,703,37.898,1.482,entro il 1980
090010,Bessude,410,-3.9812646370023423,98.41816036857006,0.05,7.358,169,46.685,1.133,entro il 1980
090011,Bonnanaro,973,-4.794520547945205,97.1882223945196,0.05,0.539,341,43.001,1.227,entro il 1970
090012,Bono,3531,-2.6199669056811916,99.67741099637244,0.05,0.468,558,27.706,1.753,entro il 1980
090013,Bonorva,3386,-7.5621075621075615,98.54181561074238,0.05,3.85,661,30.183,1.546,entro il 1980
090014,Bortigiadas,759,-4.648241206030151,97.31011311710247,0.05,0.195,202,36.136,1.358,entro il 1990
090015,Borutta,286,0.7042253521126761,97.04662866149827,0.05,1.639,84,39.81,1.355,entro il 1970
090016,Bottidda,680,-7.734056987788331,100.92987288805415,0.05,0.627,60,16.086,1.823,entro il 1980
090017,Buddusò,3846,-3.2452830188679247,101.12636286372346,0.05,0.121,527,26.509,1.935,entro il 1990
090091,Budoni,5201,7.547559966914806,98.14227293681702,0.05,1.379,6997,76.054,0.565,entro il 2005
090018,Bultei,924,-11.494252873563218,100.64390577356423,0.05,2.761,106,19.887,1.734,entro il 1980
090019,Bulzi,507,-7.312614259597806,98.8656164855394,0.05,0.333,59,19.032,1.635,entro il 1990
090020,Burgos,903,-3.8338658146964857,102.10702899435225,0.05,3.586,183,31.826,1.57,entro il 1980
090021,Calangianus,4082,-4.11087620389946,99.35341164403614,0.05,0.164,496,23.732,1.953,entro il 1990
090022,Cargeghe,633,-2.465331278890601,102.21856110068185,0.05,3.041,87,25.664,1.867,entro il 1980
090023,Castelsardo,5990,4.446381865736704,99.01155795973598,0.05,0.28,2354,48.697,1.239,entro il 2000
090024,Cheremule,428,-5.934065934065933,97.11802309799607,0.05,5.502,115,35.604,1.325,entro il 1980
090025,Chiaramonti,1623,-6.239168110918544,98.83706231913376,0.05,5.876,342,30.673,1.456,entro il 1980
090026,Codrongianos,1306,-3.259259259259259,99.70268141887405,0.05,0.162,166,23.954,1.885,entro il 2000
090027,Cossoine,847,-5.363128491620111,96.69411746120194,0.05,0.949,270,39.474,1.238,entro il 1990
090088,Erula,733,-3.9318479685452163,101.36984494834891,0.05,3.421,71,17.884,1.846,entro il 1990
090028,Esporlatu,395,-3.1862745098039214,98.59229459785873,0.05,2.553,100,37.175,1.468,entro il 1990
090029,Florinas,1507,-2.522639068564036,98.12448958133965,0.05,0.432,150,19.659,1.975,entro il 1990
090030,Giave,522,-10.921501706484642,95.11029637476301,0.05,2.586,231,44.253,1.0,entro il 1970
090083,Golfo Aranci,2473,7.944129201222173,99.81911990177184,0.05,0.621,3955,79.658,0.498,entro il 2000
090031,Illorai,846,-11.506276150627615,100.5315713277656,0.05,2.004,152,27.143,1.511,entro il 1960
090032,Ittireddu,500,-13.793103448275861,98.2519245074434,0.05,0.585,157,40.153,1.279,entro il 1990
090033,Ittiri,8541,-3.5786859336193273,98.55983795127874,0.05,2.471,697,16.671,2.043,entro il 1980
090035,La Maddalena,11233,2.76278474064587,98.31991396256244,0.05,2.493,1676,25.03,1.678,entro il 1980
090034,Laerru,895,-4.482390608324439,98.25359253270082,0.05,0.881,165,30.165,1.636,entro il 1980
090084,Loiri Porto San Paolo,3489,7.918342097123415,99.82780867291869,0.05,0.733,3758,71.69,0.666,entro il 2005
090036,Luogosanto,1864,-1.8430753027909426,98.88416275095055,0.05,0.215,424,35.392,1.556,entro il 1990
090037,Luras,2528,-4.567761419403549,100.54350684769796,0.05,0.0,259,19.415,1.895,entro il 1980
090038,Mara,598,-12.700729927007298,100.87828330951034,0.05,1.392,180,39.735,1.32,entro il 1980
090039,Martis,498,-9.782608695652174,98.33947755292455,0.05,0.0,89,25.356,1.419,entro il 1980
090040,Monteleone Rocca Doria,99,-14.655172413793101,104.52462801442073,0.05,2.381,250,81.699,0.324,entro il 1970
090041,Monti,2413,-2.9754724567752313,99.45797694598774,0.05,1.555,305,23.372,1.849,entro il 1990
090042,Mores,1902,-2.3613963039014374,100.6482602809873,0.05,2.309,242,22.47,1.766,entro il 1980
090043,Muros,843,0.5966587112171837,104.05602882543167,0.05,0.692,65,16.796,2.178,entro il 1980
090044,Nughedu San Nicolò,807,-7.241379310344828,99.28380858081476,0.05,3.824,203,32.955,1.31,entro il 1980
090045,Nule,1369,-4.131652661064425,99.96008188557433,0.05,1.713,202,28.693,1.945,entro il 1980
090046,Nulvi,2708,-4.714989444053484,98.77773190321932,0.05,2.123,368,25.068,1.845,entro il 1980
090047,Olbia,60261,13.053674277245184,99.99058041638067,0.05,1.987,12797,36.811,1.733,entro il 2000
090048,Olmedo,4172,4.169787765293384,98.66430725927428,0.05,0.353,500,24.131,2.014,entro il 2005
090049,Oschiri,3265,-4.976717112922002,97.53883699112492,0.05,1.287,326,19.313,1.934,entro il 1990
090050,Osilo,3007,-6.353161009031455,97.97410783544494,0.05,3.739,305,18.209,1.795,entro il 1990
090051,Ossi,5762,-1.7561807331628303,100.30121793615089,0.05,1.869,193,8.119,2.424,entro il 1990
090052,Ozieri,10575,-2.8122415219189416,99.77319089521906,0.05,0.854,913,18.202,2.108,entro il 1990
090053,Padria,620,-10.014513788098693,99.64994096786639,0.05,0.0,287,45.847,0.99,entro il 1960
090090,Padru,2114,-1.0299625468164793,100.12940558103115,0.05,5.257,256,23.616,1.95,entro il 1990
090054,Palau,4224,12.519978689397975,99.43497292506441,0.05,0.234,3962,68.868,0.734,entro il 2000
090055,Pattada,3048,-5.634674922600619,99.37790323119394,0.05,1.044,501,28.826,1.754,entro il 1990
090056,Perfugas,2384,-1.4468788755684168,100.60962288196244,0.05,0.69,236,20.171,2.038,entro il 1990
090057,Ploaghe,4520,-2.7747902774790276,100.13830694538667,0.05,0.585,267,13.224,2.239,entro il 1990
090058,Porto Torres,22367,-0.12056800928820219,99.67341898823092,0.05,2.555,1036,10.678,2.305,entro il 1990
090059,Pozzomaggiore,2577,-5.012900847769997,98.71984683433986,0.05,6.463,622,33.86,1.403,entro il 1980
090060,Putifigari,719,-4.641909814323608,96.07680854208824,0.05,1.739,80,21.108,1.897,entro il 2000
090061,Romana,538,-6.597222222222222,98.04593113418066,0.05,4.14,102,29.226,1.542,entro il 1980
090092,San Teodoro,5010,9.96488147497805,100.42256079622747,0.05,0.144,8339,79.035,0.475,entro il 2000
090087,Santa Maria Coghinas,1391,-2.930914166085136,100.66836635828668,0.05,0.366,310,32.979,1.48,entro il 1990
090063,Santa Teresa Gallura,5390,7.4133120765245115,98.70760477212374,0.05,0.327,3906,60.633,0.837,entro il 2000
090085,Sant'Antonio di Gallura,1502,-7.455329636475662,100.88124197411422,0.05,0.949,230,26.437,1.726,entro il 1990
090064,Sassari,126769,2.544004400440044,100.27448701806637,0.05,3.974,8403,14.02,2.115,entro il 2000
090065,Sedini,1334,-2.9818181818181815,100.09087566899085,0.05,0.435,139,18.784,1.803,entro il 1980
090066,Semestene,148,-12.941176470588237,95.5254588427877,0.05,8.444,143,61.638,0.638,entro il 1990
090067,Sennori,7190,-2.732683982683983,101.33234854340068,0.05,5.047,627,19.093,2.189,entro il 1990
090068,Siligo,863,-4.955947136563877,98.8277252763901,0.05,0.188,271,39.049,1.244,entro il 1980
090069,Sorso,14826,3.700076939218018,101.0029924391348,0.05,1.037,4227,42.883,1.504,entro il 1990
090089,Stintino,1616,7.87716955941255,97.62907187706904,0.05,0.71,3613,81.613,0.365,entro il 2000
090080,Telti,2297,2.682163611980331,98.11745523235868,0.05,0.607,482,34.577,1.648,entro il 2005
090070,Tempio Pausania,14052,0.8323765786452353,100.06934625191437,0.05,4.567,1230,18.282,2.089,entro il 1990
090086,Tergu,598,-2.922077922077922,99.65628198246742,0.05,5.682,141,34.988,1.484,entro il 2000
090071,Thiesi,2936,-2.231102231102231,98.16419744935477,0.05,4.97,323,20.573,1.87,entro il 1980
090072,Tissi,2393,4.043478260869565,99.8899254011261,0.05,1.259,186,17.597,2.264,entro il 2000
090073,Torralba,946,-5.020080321285141,98.41890325349436,0.05,10.714,104,19.586,1.782,entro il 1990
090074,Trinità d'Agultu e Vignola,2227,3.341067285382831,97.79588754265984,0.05,0.375,4382,80.819,0.411,entro il 2000
090075,Tula,1544,-3.5000000000000004,99.36557208926183,0.05,0.0,122,16.032,2.029,entro il 1980
090076,Uri,2989,-0.8623548922056384,100.17794657232825,0.05,0.548,164,12.49,2.276,entro il 2000
090077,Usini,4362,0.8321775312066574,100.11906980167736,0.05,3.446,151,8.688,2.51,entro il 2005
090079,Valledoria,4316,5.628976994615761,99.20119230401657,0.05,0.515,2313,56.83,1.06,entro il 2000
090082,Viddalba,1687,-0.05924170616113744,100.19906156913575,0.05,1.874,186,21.628,1.962,entro il 2000
090078,Villanova Monteleone,2288,-3.3375580904098014,97.84180766899733,0.05,1.266,441,31.727,1.646,entro il 1980
111001,Arbus,6282,-4.47080291970803,98.21148620553416,0.05,0.44,3896,58.472,0.943,entro il 1990
111002,Armungia,459,-5.749486652977413,96.95880210420349,0.05,0.27,159,39.163,1.131,entro il 1980
111003,Ballao,790,-9.610983981693364,101.02640988249803,0.05,0.216,139,27.47,1.561,entro il 1980
111004,Barrali,1134,-0.8741258741258742,99.23293297999709,0.05,2.871,54,11.765,2.471,entro il 1990
111005,Barumini,1270,-3.201219512195122,99.7279972080329,0.05,1.157,129,19.907,1.96,entro il 1980
111006,Buggerru,1057,-4.430379746835443,100.34776012280443,0.05,0.787,755,60.594,0.848,entro il 1990
111007,Burcei,2787,-3.6973047684865237,99.7605047411273,0.05,1.264,202,16.29,2.248,entro il 2000
111008,Calasetta,2909,2.610229276895944,99.5008299440621,0.05,1.455,2163,60.844,0.818,entro il 2000
111009,Carbonia,28265,-1.9835627839234315,101.47111238741441,0.05,1.254,1614,12.05,2.11,entro il 1990
111010,Carloforte,6173,-1.5627491628129486,98.87849879281808,0.05,1.137,4033,58.988,0.903,entro il 1980
111011,Castiadas,1655,9.530112508272667,99.50702636540808,0.05,0.258,1016,63.342,1.032,dopo il 2005
111012,Collinas,829,-5.902383654937571,98.32114145704371,0.05,0.0,125,25.304,1.678,entro il 1980
111013,Decimoputzu,4356,0.7633587786259541,99.78098408005494,0.05,0.867,92,5.421,2.567,entro il 1990
111014,Dolianova,9696,2.9190107207302836,99.29634614381484,0.05,1.855,618,14.524,2.279,entro il 2000
111015,Domus de Maria,1663,-0.5382775119617225,99.25863944692557,0.05,0.365,1510,66.992,0.738,entro il 2005
111016,Domusnovas,6145,-3.879242921945878,100.04198033875052,0.05,1.089,718,23.456,2.008,entro il 1990
111017,Donori,2071,-2.2190745986779983,100.24524736177827,0.05,0.282,89,10.289,2.394,entro il 1990
111018,Escalaplano,2154,-4.81661511268228,99.57715068085591,0.05,0.306,202,17.295,1.844,entro il 1980
111019,Escolca,582,-7.6190476190476195,98.54445339422261,0.05,0.0,65,18.678,1.672,entro il 1990
111020,Esterzili,635,-11.312849162011174,97.51808105847203,0.05,4.982,944,70.977,0.477,entro il 1970
111021,Fluminimaggiore,3026,2.2988505747126435,100.05947914273749,0.05,1.658,785,39.626,1.528,entro il 2005
111022,Furtei,1633,-2.3325358851674642,99.91037482346229,0.05,0.155,84,11.848,2.303,entro il 1990
111023,Genoni,813,-7.613636363636364,97.51541952431174,0.05,0.645,125,25.355,1.649,entro il 1980
111024,Genuri,320,-7.246376811594203,97.04486508166293,0.05,3.553,61,29.327,1.538,entro il 1990
111025,Gergei,1218,-6.3076923076923075,100.62448158469483,0.05,2.06,92,14.534,1.924,entro il 1980
111026,Gesico,845,-4.735062006764374,98.54678997390633,0.05,2.065,71,17.531,2.086,entro il 1980
111027,Gesturi,1224,-4.895104895104895,100.80331721534215,0.05,1.722,130,19.316,1.819,entro il 1990
111028,Giba,2044,-3.4482758620689653,97.53602521624106,0.05,1.098,301,25.881,1.758,entro il 1990
111029,Goni,478,-5.158730158730158,100.4345200970729,0.05,0.0,30,12.5,1.992,entro il 1990
111030,Gonnesa,4965,-3.5922330097087376,99.30024964419265,0.05,2.052,426,17.261,2.012,entro il 1990
111031,Gonnosfanadiga,6530,-2.42080095636581,100.13155043731201,0.05,0.515,326,11.323,2.268,entro il 2000
111032,Guamaggiore,999,-4.675572519083969,101.65624883980625,0.05,1.405,85,17.526,2.06,entro il 2000
111033,Guasila,2681,-3.247924936845904,99.93425670447972,0.05,1.837,227,17.341,2.048,entro il 1990
111034,Guspini,11725,-4.426149331594392,99.25197396147581,0.05,1.357,882,15.725,2.09,entro il 1990
111035,Iglesias,26784,-3.1810294968189705,99.2556522885422,0.05,2.439,2131,15.898,1.998,entro il 1990
111036,Isili,2659,-6.075591663723066,97.63495682253284,0.05,0.525,294,20.851,1.886,entro il 1990
111037,Las Plassas,231,-10.116731517509727,101.66043518926844,0.05,0.0,57,32.948,1.335,entro il 1970
111038,Lunamatrona,1705,-3.9977477477477477,98.06890316092789,0.05,0.785,105,13.291,2.158,entro il 1990
111039,Mandas,2174,-2.7293064876957494,98.62279260671724,0.05,2.993,393,30.254,1.674,entro il 1980
111040,Masainas,1288,-4.023845007451564,98.03552588982755,0.05,1.339,248,31.156,1.618,entro il 1990
111041,Monastir,4640,2.9738126941855305,98.37757476035539,0.05,2.889,283,14.066,2.306,entro il 1990
111042,Muravera,5273,2.289039767216295,98.30328821616948,0.05,0.501,3247,59.273,0.963,entro il 1990
111043,Musei,1529,0.13097576948264572,97.90991294117256,0.05,1.081,120,17.621,2.245,entro il 1990
111044,Narcao,3291,-2.286223277909739,100.08735464885271,0.05,1.329,176,12.088,2.26,entro il 1990
111045,Nuragus,901,-3.6363636363636362,99.32392233119643,0.05,0.181,183,31.282,1.54,entro il 1990
111046,Nurallao,1250,-7.7490774907749085,100.97908225519227,0.05,0.844,81,13.918,2.148,entro il 1990
111047,Nuraminis,2524,-3.0721966205837172,97.37678544315949,0.05,0.5,159,13.543,2.15,entro il 1990
111048,Nurri,2154,-3.7103263299061244,99.81153438805975,0.05,1.44,241,21.422,1.915,entro il 1990
111049,Nuxis,1557,-4.41988950276243,97.95343425615127,0.05,3.636,204,24.057,1.836,entro il 1990
111050,Orroli,2224,-7.101086048454469,98.85341825287523,0.05,4.143,232,19.414,1.861,entro il 1990
111051,Ortacesus,917,-1.8201284796573876,99.01941622035172,0.05,1.246,59,14.861,2.31,entro il 1990
111052,Pabillonis,2717,-8.085250338294992,100.91827250812514,0.05,0.203,102,8.416,2.242,entro il 1980
111053,Pauli Arbarei,603,-7.373271889400922,99.70431466017295,0.05,1.384,69,21.231,1.855,entro il 1990
111054,Perdaxius,1423,-3.2630863358259687,101.84095089857011,0.05,0.532,106,15.704,2.108,entro il 1990
111055,Pimentel,1182,-0.9220452640402346,100.78933934829038,0.05,0.219,71,14.032,2.336,entro il 1990
111056,Piscinas,860,-2.494331065759637,100.81139607616498,0.05,1.763,107,22.961,1.845,entro il 1990
111057,Portoscuso,5104,-2.4464831804281344,97.67689627678898,0.05,0.067,815,28.017,1.755,entro il 1990
111058,Sadali,942,2.6143790849673203,99.37591053070454,0.05,0.958,218,32.344,1.398,entro il 1980
111059,Samassi,5110,-4.07358738501971,98.45210316099367,0.05,1.826,273,12.155,2.275,entro il 1990
111060,Samatzai,1665,-3.4222737819025526,97.53876342740074,0.05,3.353,97,13.233,2.271,entro il 1990
111061,San Basilio,1237,-3.2838154808444098,98.60577963575064,0.05,2.89,84,14.458,2.129,entro il 1990
111062,San Gavino Monreale,8594,-3.416498089458305,99.12040589649838,0.05,1.056,427,11.181,2.25,entro il 1990
111063,San Giovanni Suergiu,6018,-0.016614055490945343,99.93529685561911,0.05,1.735,439,15.757,2.16,entro il 1990
111064,San Nicolò Gerrei,769,-8.233890214797137,101.73100982222235,0.05,0.0,63,15.0,1.831,entro il 1980
111065,San Sperate,8318,4.261719729255453,98.17304824570789,0.05,0.166,129,4.055,2.615,entro il 2000
111066,San Vito,3632,-4.696929939648387,99.74543765976999,0.05,1.148,856,33.982,1.442,entro il 1990
111067,Sanluri,8464,0.2724795640326975,98.92206545643072,0.05,0.761,661,16.841,2.156,entro il 2000
111068,Santadi,3385,-4.9424319011513616,100.42296736944965,0.05,3.358,300,17.647,1.991,entro il 1990
111069,Sant'Andrea Frius,1747,-4.48332422088573,99.68226857283399,0.05,0.142,69,9.262,2.345,entro il 1990
111070,Sant'Anna Arresi,2739,1.2943786982248522,101.88955530522169,0.05,0.172,1052,49.366,1.285,entro il 2000
111071,Sant'Antioco,11152,-2.763972447467085,101.78634242097446,0.05,1.118,2105,30.852,1.634,entro il 1990
111072,Sardara,4033,-2.889477486154587,97.64368859014,0.05,4.145,275,14.995,2.199,entro il 1990
111073,Segariu,1177,-7.395751376868607,100.60506534018084,0.05,4.024,66,11.892,2.121,entro il 1990
111074,Selegas,1347,-5.870020964360587,99.14278924142238,0.05,0.341,171,24.569,1.935,entro il 1990
111075,Senorbì,4855,1.3146911519198663,99.36878036043252,0.05,0.564,351,15.984,2.211,entro il 1990
111076,Serdiana,2673,1.8673780487804876,99.23884309053722,0.05,3.144,139,12.466,2.397,entro il 2000
111077,Serramanna,9110,-1.2680177739243526,99.08818206126871,0.05,1.076,543,13.467,2.259,entro il 1990
111078,Serrenti,4808,-4.337445284520493,98.9519644318275,0.05,5.489,250,11.617,2.234,entro il 1990
111079,Serri,644,-4.592592592592593,100.52263228142174,0.05,0.783,114,28.01,1.582,entro il 1980
111080,Setzu,145,0.6944444444444444,97.33416579285415,0.05,0.0,23,25.556,1.611,entro il 1970
111081,Seui,1280,-5.535055350553505,97.05980239126981,0.05,0.459,617,49.046,1.017,entro il 1970
111082,Seulo,835,-6.70391061452514,100.45212364796159,0.05,1.029,180,27.027,1.254,entro il 1970
111083,Siddi,648,-6.628242074927954,96.43710200251213,0.05,0.857,85,23.352,1.78,entro il 1990
111084,Siliqua,3844,-3.924018995251187,99.41314952043423,0.05,1.879,282,15.887,2.166,entro il 1990
111085,Silius,1168,-8.248232521602514,103.54275169605553,0.05,1.003,42,8.624,2.398,entro il 1990
111086,Siurgus Donigala,1968,-5.566218809980806,99.32001702252026,0.05,2.208,236,22.627,1.887,entro il 1990
111087,Soleminis,1869,1.027027027027027,98.72258683405461,0.05,0.946,116,14.628,2.357,entro il 2000
111088,Suelli,1127,-0.8795074758135445,98.73484556035756,0.05,0.0,134,24.014,2.02,entro il 1990
111089,Teulada,3559,-5.471447543160691,99.12423658259104,0.05,1.873,908,35.79,1.403,entro il 1990
111090,Tratalias,1080,-2.7027027027027026,98.05379780959493,0.05,0.596,109,20.223,2.004,entro il 1990
111091,Tuili,1001,-5.655042412818096,100.59130968948176,0.05,1.107,130,22.53,1.735,entro il 1990
111092,Turri,424,-4.072398190045249,96.13197909988573,0.05,0.0,73,25.614,1.488,entro il 1980
111093,Ussana,4175,-2.7486606102958304,100.16041393945419,0.05,0.0,163,9.685,2.481,entro il 1990
111094,Ussaramanna,527,-4.701627486437613,102.08206145747256,0.05,1.418,59,20.137,1.799,entro il 1990
111095,Vallermosa,1922,-0.9278350515463918,99.17300658578789,0.05,2.5,224,23.779,2.04,entro il 1990
111096,Villacidro,14019,-1.800224152423648,99.68302465061821,0.05,1.442,686,11.516,2.353,entro il 2000
111097,Villamar,2660,-7.28476821192053,100.40102580390612,0.05,0.084,156,12.411,2.116,entro il 1990
111098,Villamassargia,3546,-3.1676679410158384,100.19464099600178,0.05,1.05,143,9.483,2.351,entro il 1990
111099,Villanova Tulo,1091,-5.541125541125541,97.2355949256684,0.05,0.193,98,16.984,1.891,entro il 1990
111100,Villanovaforru,705,2.7696793002915454,97.62909772145412,0.05,1.685,96,25.806,1.895,entro il 1990
111101,Villanovafranca,1315,-8.48990953375087,99.48078697397004,0.05,3.301,212,27.249,1.69,entro il 1990
111102,Villaperuccio,1090,-0.45662100456621,97.78423170604832,0.05,2.05,87,16.731,2.096,entro il 2000
111103,Villaputzu,4718,-2.3390602359759884,98.64709810142286,0.05,5.067,695,25.282,1.716,entro il 1990
111104,Villasalto,1046,-6.93950177935943,98.42734302845756,0.05,1.535,317,37.964,1.253,entro il 1980
111105,Villasimius,3721,9.088243916739959,99.18750973526178,0.05,1.528,4513,74.239,0.612,entro il 2000
111106,Villasor,6937,1.1371920104971571,100.5261455159822,0.05,0.591,183,6.783,2.571,entro il 1990
111107,Villaspeciosa,2588,6.897976042957456,98.13307065813547,0.05,0.303,56,5.821,2.69,entro il 2000
084001,Agrigento,59329,1.7859593741421906,100.8483191379708,0.0626,2.942,14683,39.593,1.6,entro il 1990
084002,Alessandria della Rocca,2867,-7.991014120667522,100.81473106070509,0.0747,0.864,588,29.787,1.452,entro il 1980
084003,Aragona,9409,-0.8639763986934991,99.92549804042253,0.0642,7.12,5230,59.237,1.066,entro il 1990
084004,Bivona,3596,-7.462686567164178,101.10877280441638,0.0838,2.989,933,36.66,1.413,entro il 1980
084005,Burgio,2630,-5.156869816083664,101.86328105385572,0.1006,0.874,492,29.268,1.565,entro il 1970
084006,Calamonaci,1311,-5.0,99.59781402245653,0.0794,2.368,306,35.417,1.517,entro il 1980
084007,Caltabellotta,3566,-8.446726572528883,100.64618058178505,0.1459,2.326,2165,56.779,0.935,entro il 1960
084008,Camastra,2036,-5.784359093012494,102.59890548567604,0.0571,2.549,855,47.819,1.139,entro il 1980
084009,Cammarata,6197,-1.2902198152277795,103.59609649075291,0.0822,0.29,1134,32.409,1.771,entro il 1980
084010,Campobello di Licata,9860,-5.110191511885286,101.8342122200281,0.0618,1.647,1447,26.453,1.803,entro il 1990
084011,Canicattì,35722,2.3963767700510235,103.09306588195516,0.0635,2.942,8724,39.941,1.635,entro il 1980
084012,Casteltermini,7976,-5.194342089623202,100.96632452094697,0.0707,2.672,1736,34.193,1.571,entro il 1980
084013,Castrofilippo,2912,-3.4162520729684913,107.08769770940272,0.0596,2.062,888,43.023,1.411,entro il 1980
084014,Cattolica Eraclea,3665,-7.682619647355164,104.07418452776551,0.0665,3.155,1940,54.448,1.029,entro il 1980
084015,Cianciana,3401,-3.4629577065001422,101.69784220763754,0.0708,6.968,1244,45.618,1.247,entro il 1960
084016,Comitini,961,1.8008474576271187,99.35736117726388,0.062,2.412,373,50.679,1.306,entro il 1990
084017,Favara,32299,-1.9727457585966188,104.5003702423881,0.059,6.388,9423,45.623,1.564,entro il 1990
084018,Grotte,5600,-4.175222450376454,100.8421572760698,0.0631,8.092,1338,37.084,1.552,entro il 1980
084019,Joppolo Giancaxio,1216,0.8291873963515755,98.07292238649701,0.061,1.31,674,54.708,0.987,entro il 1990
084020,Lampedusa e Linosa,6565,7.6229508196721305,104.06135424014832,0.05,0.737,2940,56.139,1.254,entro il 1990
084021,Licata,37008,-2.7742749054224465,104.74688505496394,0.0644,2.174,9881,40.817,1.529,entro il 1990
084022,Lucca Sicula,1780,-6.952430737062206,99.04800113378963,0.0887,3.916,394,33.249,1.502,entro il 1980
084023,Menfi,12471,-1.8108810329895284,102.49287237399658,0.1659,4.639,4443,47.615,1.337,entro il 1990
084024,Montallegro,2500,-1.6909162406606373,101.34174674093458,0.0646,1.359,478,31.973,1.672,entro il 1990
084025,Montevago,2950,-1.6994335221592802,102.08680555141144,0.1629,1.561,406,24.923,1.811,entro il 1980
084026,Naro,7580,-6.292495982198047,102.52566531250953,0.0639,5.891,4500,56.904,0.959,entro il 1980
084027,Palma di Montechiaro,22663,-4.132825719120135,106.6353289274642,0.056,1.489,4062,32.108,1.791,entro il 1990
084028,Porto Empedocle,16701,-0.6720589984536696,105.86591190356663,0.0571,2.381,2700,30.748,1.902,entro il 1990
084029,Racalmuto,8155,-2.2182254196642686,101.77803245308063,0.0631,3.813,1641,33.786,1.679,entro il 1980
084030,Raffadali,12650,-1.4260110652224733,101.6769735102558,0.0611,6.457,4245,45.513,1.356,entro il 1980
084031,Ravanusa,11471,-5.386011217419993,103.90175771283572,0.0649,1.86,3071,39.397,1.472,entro il 1980
084032,Realmonte,4540,1.2714699977693509,102.80774899039403,0.0572,9.76,2806,61.106,0.989,entro il 1990
084033,Ribera,18832,-2.3185849888479693,102.68747589826903,0.0833,2.141,4148,35.502,1.612,entro il 1990
084034,Sambuca di Sicilia,5834,-4.4389844389844395,102.40025346084636,0.1667,4.344,2081,45.716,1.282,entro il 1990
084035,San Biagio Platani,3212,-7.991979375537095,103.25196413540739,0.0697,0.361,1217,44.958,1.187,entro il 1980
084036,San Giovanni Gemini,7947,-2.009864364981504,102.65814712633481,0.0758,3.158,1850,38.247,1.643,entro il 1980
084037,Santa Elisabetta,2366,-9.27914110429448,101.19969190030929,0.0633,0.06,1956,64.406,0.779,entro il 1980
084038,Santa Margherita di Belice,6338,-2.984846165620695,102.63458138935907,0.1686,3.873,1322,32.943,1.579,entro il 2000
084039,Sant'Angelo Muxaro,1321,-9.520547945205479,100.10980090992179,0.0656,2.947,790,56.188,0.94,entro il 1990
084040,Santo Stefano Quisquina,4516,-7.383100902378999,100.45556853523678,0.0784,1.086,743,26.765,1.627,entro il 1980
084041,Sciacca,40488,-1.0629719228795542,100.97550417567392,0.1602,4.876,9669,38.674,1.619,entro il 1990
084042,Siculiana,4471,-3.9527389903329753,101.86756445798419,0.061,1.644,1580,45.797,1.296,entro il 1990
084043,Villafranca Sicula,1364,-4.3478260869565215,102.55920297846146,0.0899,0.402,289,32.435,1.531,entro il 1970
085001,Acquaviva Platani,938,-9.19651500484027,101.29571023531236,0.0707,4.076,685,59.462,0.814,entro il 1980
085002,Bompensiere,553,-9.787928221859707,99.60611710817133,0.0661,5.176,165,37.246,1.248,entro il 1980
085003,Butera,4620,-6.173842404549148,101.4579546115681,0.1016,6.56,6294,75.188,0.552,entro il 1990
085004,Caltanissetta,62317,1.0540483564953704,102.55999437844936,0.0796,7.491,6054,20.108,2.07,entro il 1990
085005,Campofranco,2992,-6.6167290886392,99.82494450248265,0.0679,2.62,1309,48.971,1.119,entro il 1980
085006,Delia,4150,-4.046242774566474,102.94078977572656,0.0629,9.266,1042,37.918,1.51,entro il 1990
085007,Gela,74858,-1.121428665777273,104.10667856026699,0.1562,5.072,13415,33.467,1.868,entro il 1990
085008,Marianopoli,1817,-9.01352028042063,99.99490703296316,0.078,0.579,493,35.189,1.297,entro il 1980
085009,Mazzarino,11842,-3.8408444985789685,101.0940468517383,0.1249,1.699,3140,39.868,1.504,entro il 1970
085010,Milena,2953,-6.757183454373224,98.6687820597131,0.0647,7.232,1087,45.807,1.244,entro il 1980
085011,Montedoro,1557,-5.060975609756098,100.09797046355276,0.0656,1.414,529,43.575,1.283,entro il 1980
085012,Mussomeli,10556,-4.062528401345087,99.66808903366257,0.0766,4.452,3841,46.586,1.28,entro il 1990
085013,Niscemi,26946,-3.6231624879287527,105.08662566551823,0.1689,5.808,8406,44.523,1.427,entro il 1990
085014,Resuttano,1954,-8.52059925093633,100.27603655055265,0.1028,2.525,770,44.664,1.133,entro il 1970
085015,Riesi,11402,-3.0936596974332824,104.4838406793414,0.0723,3.19,3193,41.232,1.472,entro il 1980
085016,San Cataldo,22557,-3.6437419906023067,102.09618807003062,0.0723,4.192,3588,28.409,1.786,entro il 1980
085017,Santa Caterina Villarmosa,5253,-8.035714285714286,100.81474574183771,0.0877,7.11,2084,46.137,1.163,entro il 1970
085018,Serradifalco,5959,-4.762665814287997,100.23052146642944,0.0676,1.034,1413,36.268,1.53,entro il 1980
085019,Sommatino,6877,-5.548688366982557,101.94296947572914,0.0668,6.418,1978,40.475,1.407,entro il 1980
085020,Sutera,1352,-5.718270571827057,97.843198996292,0.0694,6.771,1275,65.084,0.69,entro il 1970
085021,Vallelunga Pratameno,3384,-6.802533737262461,101.56230980521767,0.0922,3.268,1149,42.196,1.243,entro il 1970
085022,Villalba,1590,-7.82608695652174,98.69494263744416,0.0847,3.221,786,49.841,1.008,entro il 1980
087001,Aci Bonaccorsi,3529,9.562247749146229,102.04061842036228,0.22725,1.235,199,14.054,2.492,entro il 1990
087002,Aci Castello,18577,2.77731673582296,102.70235707924977,0.212,2.257,2962,28.047,1.759,entro il 1980
087003,Aci Catena,29418,2.35551998886608,105.67696662987888,0.2255,4.361,1799,15.265,2.496,entro il 1990
087005,Aci Sant'Antonio,18076,4.806633037629733,103.87629019234033,0.2289,2.761,1668,21.437,2.323,entro il 2000
087004,Acireale,52269,1.5977608023791472,103.48138488318524,0.226,1.531,6511,25.287,2.03,entro il 1980
087006,Adrano,35633,0.320954981840705,110.22109999813053,0.2161,1.476,4868,27.792,2.034,entro il 1990
087007,Belpasso,28126,6.5782493368700266,103.05506285351717,0.2263,2.261,1646,14.769,2.524,entro il 1990
087008,Biancavilla,23948,0.8294387604732433,107.77834190602591,0.2177,1.8,6231,42.637,1.639,entro il 1990
087009,Bronte,18963,-1.496026180458158,103.61903605071602,0.2104,2.816,2507,25.065,1.896,entro il 1980
087010,Calatabiano,5274,-2.188427299703264,103.9414055215939,0.2194,4.992,1177,34.395,1.541,entro il 1980
087011,Caltagirone,38295,0.2539399968584743,103.00536782783556,0.2408,1.597,6196,29.781,1.841,entro il 1980
087012,Camporotondo Etneo,5138,14.559643255295429,102.5339803876031,0.1967,0.755,297,15.773,2.729,entro il 2000
087013,Castel di Iudica,4518,-4.663431103608357,105.05019585778933,0.151,3.745,958,33.912,1.599,entro il 1980
087014,Castiglione di Sicilia,3129,-4.719853836784409,101.80458931318412,0.219,0.958,1107,42.708,1.207,entro il 1970
087015,Catania,311620,6.317211638189857,107.27213752906921,0.2497,6.82,28591,19.745,2.152,entro il 1980
087016,Fiumefreddo di Sicilia,9505,-1.858544140423335,102.54109853545853,0.222,1.925,796,17.384,2.076,entro il 1980
087017,Giarre,27546,-2.0795563613095873,105.49638712748968,0.2229,1.331,2413,18.148,2.072,entro il 1980
087018,Grammichele,13267,1.6238988893144388,102.96306142536608,0.2293,2.892,1988,27.765,1.853,entro il 1980
087019,Gravina di Catania,25399,-4.241441713165435,102.70992651971677,0.2179,0.085,1315,11.443,2.21,entro il 1990
087020,Licodia Eubea,3087,1.4792899408284024,100.96414996794913,0.2672,0.443,479,26.715,1.722,entro il 1970
087021,Linguaglossa,5337,-1.567687200295094,99.75499907816541,0.2254,5.668,1230,36.283,1.574,entro il 1970
087022,Maletto,3818,-5.024875621890548,103.58006094639538,0.2138,2.3,679,30.004,1.687,entro il 1990
087057,Maniace,3746,2.1264994547437297,101.22127170632969,0.1732,0.163,202,12.423,2.304,entro il 1990
087023,Mascali,14301,3.773311080473115,103.35658685932907,0.2263,2.692,4814,45.682,1.357,entro il 1990
087024,Mascalucia,32167,7.402337228714524,103.00688247426005,0.2274,0.489,2789,20.753,2.394,entro il 2000
087056,Mazzarrone,4083,2.049487628092977,101.21242719799234,0.2305,1.749,169,10.484,2.533,entro il 1980
087025,Militello in Val di Catania,7262,-6.646098470240391,104.24288215780244,0.2614,4.715,1092,24.528,1.631,entro il 1980
087026,Milo,1049,-1.9626168224299065,102.83134615338831,0.2241,0.731,538,53.005,1.033,entro il 1980
087027,Mineo,5088,-2.285385058574995,104.5608202095069,0.2467,3.895,1993,47.509,1.213,entro il 1970
087028,Mirabella Imbaccari,4764,-8.101851851851851,105.81320859362603,0.1412,6.79,936,30.82,1.569,entro il 1980
087029,Misterbianco,49992,5.206448082831769,105.35026156040136,0.2166,9.798,4236,20.252,2.39,entro il 1990
087030,Motta Sant'Anastasia,12189,7.080734428533779,103.40693057285209,0.2177,6.652,1282,22.803,2.168,entro il 1990
087031,Nicolosi,7528,5.183736202319408,101.30541726344508,0.2276,0.655,1586,35.64,1.692,entro il 1990
087032,Palagonia,16654,0.6223188931182405,107.90229450527404,0.2302,2.942,924,13.134,2.367,entro il 1990
087033,Paternò,47827,-0.116951736524445,106.17881019913484,0.1989,1.896,6328,26.635,2.013,entro il 1980
087034,Pedara,14613,13.314205955334987,101.08861581874338,0.2289,0.433,2744,35.558,1.894,entro il 1990
087035,Piedimonte Etneo,3966,-2.746444335458558,103.17586957057209,0.226,7.75,1246,41.313,1.315,entro il 1980
087036,Raddusa,3100,-5.372405372405373,102.88136381467693,0.1144,15.051,418,23.954,1.777,entro il 1980
087058,Ragalna,3960,7.6672104404567705,100.10208480229242,0.2225,0.833,1784,52.424,1.164,entro il 1990
087037,Ramacca,10866,0.7790762381747357,105.7164543317759,0.2213,2.512,963,19.054,2.15,entro il 1990
087038,Randazzo,10763,-2.9223414810137998,99.63781556772666,0.2165,1.628,2234,32.4,1.561,entro il 1980
087039,Riposto,14620,3.226717503353809,102.69317638465328,0.2121,1.524,1976,25.966,1.921,entro il 1980
087040,San Cono,2656,-4.529115744069015,105.78204469050611,0.112,6.879,370,24.455,1.755,entro il 1980
087041,San Giovanni la Punta,23399,6.098666908497324,103.1119366233142,0.2258,0.078,1106,12.103,2.561,entro il 1990
087042,San Gregorio di Catania,11880,3.4122562674094707,101.94042850564892,0.2159,1.381,638,12.614,2.349,entro il 2000
087043,San Michele di Ganzaria,3200,-7.246376811594203,104.56413802950621,0.1389,7.609,770,34.116,1.418,entro il 1980
087044,San Pietro Clarenza,7862,10.374842060929383,104.34582593372961,0.218,1.709,335,11.767,2.762,entro il 2000
087047,Santa Maria di Licodia,7691,5.053954377817238,105.81418045369853,0.2114,1.881,1224,31.058,1.952,entro il 1980
087048,Santa Venerina,8553,2.259684361549498,102.27790556366979,0.2236,1.586,1472,32.494,1.888,entro il 1980
087045,Sant'Agata li Battiati,9518,-2.7485439869214265,102.77074408019188,0.2296,5.398,234,5.957,2.423,entro il 1990
087046,Sant'Alfio,1563,-3.8745387453874542,103.20183400316654,0.2261,4.607,431,39.76,1.442,entro il 1960
087049,Scordia,16919,-1.610839730169807,102.85586877559467,0.2605,1.825,1605,20.093,2.118,entro il 1990
087050,Trecastagni,11074,5.516912815626489,103.32905372322512,0.2294,2.497,2073,33.784,1.805,entro il 1990
087051,Tremestieri Etneo,20356,-3.1035795887281035,102.30708024247852,0.225,1.934,1313,14.196,2.201,entro il 1990
087052,Valverde,7851,1.539058458354889,102.98540461157644,0.2247,2.574,604,17.609,2.289,entro il 1990
087053,Viagrande,8677,6.414029923963699,101.52475129875535,0.2296,1.465,1401,31.12,1.927,entro il 2000
087054,Vizzini,6072,-5.095342294467021,104.24553673989732,0.2761,7.79,1282,32.163,1.523,entro il 1960
087055,Zafferana Etnea,9607,3.837008214440121,102.84646879813882,0.227,2.978,2140,37.076,1.664,entro il 1990
086001,Agira,8222,-3.2705882352941176,104.1852047464155,0.1157,4.08,2334,40.402,1.423,entro il 1970
086002,Aidone,4805,-2.218152218152218,102.31771822844671,0.1462,2.504,937,30.894,1.584,entro il 1980
086003,Assoro,5090,-5.319940476190476,100.35320193882846,0.1022,2.05,1024,32.201,1.601,entro il 1980
086004,Barrafranca,12960,-7.183270070901669,103.92298405611446,0.0789,1.639,2343,30.532,1.689,entro il 1980
086005,Calascibetta,4403,-4.8,101.19389527811309,0.1057,2.639,1553,45.663,1.295,entro il 1980
086006,Catenanuova,4757,-4.9740311626048745,102.98756107396488,0.119,2.509,421,17.411,1.967,entro il 1990
086007,Centuripe,5373,-3.899123591486317,101.39856719760633,0.1528,3.401,850,26.554,1.679,entro il 1980
086008,Cerami,1969,-8.205128205128204,99.508759361366,0.1716,5.196,629,38.708,1.212,entro il 1960
086009,Enna,27243,-2.403811707386974,99.23229801208626,0.0993,2.413,4622,29.99,1.768,entro il 1990
086010,Gagliano Castelferrato,3532,-5.028233396074214,100.54276719438795,0.1244,1.269,1043,39.794,1.348,entro il 1980
086011,Leonforte,13106,-5.5491496108388585,104.69610545911526,0.1062,2.829,1405,20.701,1.931,entro il 1970
086012,Nicosia,13588,-4.605447907891041,100.5557306652118,0.1708,2.982,2197,28.29,1.75,entro il 1980
086013,Nissoria,2987,1.2542372881355932,100.78350788371985,0.1256,2.02,591,32.815,1.659,entro il 1990
086014,Piazza Armerina,21775,-1.8303953834362743,102.02553344925293,0.1429,2.997,4895,34.734,1.545,entro il 1980
086015,Pietraperzia,6817,-5.568638315556171,102.74688583968185,0.0766,5.783,6537,68.796,0.717,entro il 1980
086016,Regalbuto,7190,-2.640487474610697,101.88986091201403,0.1253,4.761,2777,47.822,1.238,entro il 1980
086017,Sperlinga,765,-8.16326530612245,98.63561532170888,0.1481,2.169,103,22.889,1.7,entro il 1980
086018,Troina,9202,-4.345114345114346,100.44878937770274,0.1568,3.006,2119,34.8,1.511,entro il 1980
086019,Valguarnera Caropepe,7648,-6.606423250702162,103.22104801433879,0.089,2.881,947,22.558,1.822,entro il 1970
086020,Villarosa,4827,-5.851375073142188,101.80102951861497,0.091,6.924,1189,36.903,1.498,entro il 1970
083107,Acquedolci,5663,-1.41016713091922,101.48530720669872,0.1765,2.643,2197,48.595,1.253,entro il 1980
083001,Alcara li Fusi,1913,-7.225994180407372,100.06561148303767,0.1849,3.743,819,45.934,1.073,entro il 1980
083002,Alì,752,-8.292682926829269,101.81459472226933,0.244,6.573,210,36.207,1.297,entro il 1945
083003,Alì Terme,2459,-4.4306257287213375,100.48653884415722,0.2512,0.167,518,31.624,1.501,entro il 1990
083004,Antillo,888,-10.393541876892028,100.63049042931529,0.2124,14.641,1973,80.334,0.362,entro il 1980
083005,Barcellona Pozzo di Gotto,41389,-0.6123331092114109,102.89351948330565,0.1901,2.066,6291,27.712,1.823,entro il 1990
083006,Basicò,592,-11.904761904761903,100.06939777266058,0.2017,6.446,342,49.709,0.86,entro il 1980
083007,Brolo,5767,-1.0636472808371933,101.6708014081974,0.177,6.825,1086,31.315,1.663,entro il 1990
083008,Capizzi,3100,-7.18562874251497,103.00188516453667,0.1783,1.199,589,31.397,1.652,entro il 1980
083009,Capo d'Orlando,13320,0.5662514156285391,100.82717925063616,0.1653,1.051,3185,36.433,1.524,entro il 1990
083010,Capri Leone,4438,-1.7054263565891472,100.53611543957827,0.173,1.509,691,27.818,1.787,entro il 1990
083011,Caronia,3279,-5.203816131830009,100.25435740588654,0.1843,2.024,1275,44.41,1.142,entro il 1970
083012,Casalvecchio Siculo,796,-11.653718091009988,100.52550856922058,0.2237,5.196,616,58.004,0.75,entro il 1960
083013,Castel di Lucio,1277,-6.515373352855051,97.17509697853626,0.1823,0.776,270,30.612,1.448,entro il 1980
083014,Castell'Umberto,3051,-7.292616226071102,99.43630355532291,0.1859,0.922,772,35.251,1.393,entro il 1970
083015,Castelmola,1126,4.066543438077634,99.78518680655051,0.2202,3.056,324,38.756,1.347,entro il 1980
083016,Castroreale,2396,-5.557745368545526,101.1891544460133,0.2032,2.269,830,43.524,1.256,entro il 1980
083017,Cesarò,2379,-7.897793263646922,100.15546658313833,0.1835,1.555,561,33.176,1.407,entro il 1970
083018,Condrò,481,1.263157894736842,99.66778578075633,0.1705,5.921,261,53.049,0.978,entro il 1980
083019,Falcone,2773,-3.278688524590164,101.86298864407652,0.1998,0.913,1372,52.871,1.069,entro il 1990
083020,Ficarra,1418,-9.335038363171355,98.10657806655885,0.1861,2.92,846,53.544,0.897,entro il 1970
083021,Fiumedinisi,1375,-11.461687057308435,105.63446555233133,0.2357,4.948,350,33.365,1.311,entro il 1980
083022,Floresta,469,-9.108527131782946,97.87910774904063,0.1955,3.641,532,64.878,0.572,entro il 1960
083023,Fondachelli-Fantina,1070,-1.2003693444136658,100.67403011252657,0.2064,1.424,1555,72.494,0.499,entro il 1970
083024,Forza d'Agrò,898,1.583710407239819,100.5773301177192,0.2359,1.805,227,36.146,1.43,entro il 1960
083025,Francavilla di Sicilia,3854,-1.2554445298488344,99.32059486814883,0.2061,0.857,478,20.919,1.687,entro il 1980
083026,Frazzanò,680,-9.212283044058744,98.23984825347743,0.1789,9.592,141,30.193,1.456,entro il 1970
083027,Furci Siculo,3323,-2.8078385492834164,101.0336582531674,0.2279,1.119,585,29.235,1.661,entro il 1990
083028,Furnari,3804,3.369565217391304,101.27011548979884,0.199,2.43,3927,70.112,0.679,entro il 2000
083029,Gaggi,3213,2.064803049555273,104.1195386984986,0.2091,2.827,364,21.45,1.893,entro il 2000
083030,Galati Mamertino,2516,-9.463835912198633,100.3113194891051,0.1872,5.086,810,41.305,1.283,entro il 1980
083031,Gallodoro,363,-4.473684210526316,100.63915160730757,0.2291,7.987,211,51.09,0.879,entro il 1980
083032,Giardini-Naxos,9337,0.7010353753235549,102.34059355116322,0.2067,2.791,7188,62.794,0.816,entro il 1980
083033,Gioiosa Marea,6942,-2.5,100.54275897478152,0.1959,2.937,2973,48.42,1.131,entro il 1990
083034,Graniti,1465,-3.3003300330033,104.30434627368824,0.2101,2.807,539,45.105,1.226,entro il 1990
083035,Gualtieri Sicaminò,1741,-5.328983143012507,100.93728015406344,0.1825,0.518,623,42.468,1.187,entro il 1980
083036,Itala,1615,-2.8863499699338546,101.55824364715433,0.2448,1.649,490,41.738,1.376,entro il 2000
083037,Leni,689,-2.130681818181818,107.82260473538622,0.1805,0.875,341,51.511,1.041,entro il 1945
083038,Letojanni,2831,5.046382189239332,102.47871140582751,0.2269,1.789,3264,70.254,0.609,entro il 1990
083039,Librizzi,1635,-7.5749010740531375,101.67389050775432,0.1995,1.466,531,39.955,1.23,entro il 1980
083040,Limina,809,-10.11111111111111,104.23965936637872,0.2192,1.318,274,38.701,1.143,entro il 1980
083041,Lipari,12819,9.639069449196032,101.03922955561795,0.25,1.37,3565,39.886,1.434,entro il 1980
083042,Longi,1422,-9.021113243761997,98.7706895958386,0.185,1.67,427,38.434,1.28,entro il 1980
083043,Malfa,976,-1.4141414141414141,109.03442104912646,0.1805,0.627,397,45.062,1.108,entro il 1970
083044,Malvagna,688,-13.131313131313133,101.27882729244148,0.1984,12.666,351,46.184,0.905,entro il 1960
083045,Mandanici,578,-7.5200000000000005,101.82292429312285,0.2222,0.513,190,39.749,1.209,entro il 1960
083046,Mazzarrà Sant'Andrea,1499,-4.643765903307888,100.52245174836409,0.2012,4.217,308,30.285,1.474,entro il 1970
083047,Merì,2296,-4.013377926421405,102.35852690840659,0.1695,1.189,459,32.974,1.649,entro il 1980
083048,Messina,234293,-3.5489926476036784,103.53796767531429,0.2559,4.817,18620,15.987,2.012,entro il 1980
083049,Milazzo,31231,-2.682911629066434,100.44830308739985,0.1685,2.153,4454,25.451,1.785,entro il 1980
083050,Militello Rosmarino,1276,-4.419475655430712,100.91436141320133,0.1846,2.662,335,34.86,1.328,entro il 1980
083051,Mirto,953,-4.985044865403789,99.49294127199852,0.1755,0.141,473,48.513,0.977,entro il 1980
083052,Mistretta,4639,-7.294164668265387,99.38741332033423,0.1835,2.867,1502,42.096,1.3,entro il 1945
083053,Moio Alcantara,710,-5.459387483355526,99.29809528662634,0.1972,1.319,61,15.136,1.762,entro il 1990
083054,Monforte San Giorgio,2720,-5.1273107778165325,99.80016846976083,0.2299,2.454,792,38.205,1.312,entro il 1960
083055,Mongiuffi Melia,578,-10.939907550077042,99.4739772142945,0.221,2.757,172,34.469,1.158,entro il 1970
083056,Montagnareale,1551,-4.671173939766441,99.89050503550635,0.1981,2.799,267,26.541,1.542,entro il 1980
083057,Montalbano Elicona,2187,-9.851607584501236,99.30893777469656,0.2014,0.25,740,38.442,1.136,entro il 1970
083058,Motta Camastra,815,-7.596371882086168,99.57901909586568,0.2073,0.908,583,56.329,0.787,entro il 1960
083059,Motta d'Affermo,717,-13.090909090909092,101.27950488551042,0.1796,1.969,211,36.442,1.238,entro il 1980
083060,Naso,3757,-6.215676485272092,100.49544441009414,0.1781,1.333,1451,45.202,1.17,entro il 1980
083061,Nizza di Sicilia,3671,-1.8186680930730144,101.47222538761294,0.247,1.595,440,21.686,1.809,entro il 1990
083062,Novara di Sicilia,1301,-7.7958894401133945,102.063666436851,0.2046,7.7,1461,66.804,0.595,entro il 1960
083063,Oliveri,2138,-0.880853036624942,100.35704805293841,0.1997,1.562,1396,59.506,0.911,entro il 1990
083064,Pace del Mela,6266,-1.8791105543376134,100.60444607011075,0.1616,6.837,884,26.1,1.85,entro il 1980
083065,Pagliara,1146,-6.753458096013018,100.46239754512585,0.2435,6.301,279,32.94,1.353,entro il 1980
083066,Patti,13266,-0.8149532710280374,101.97559987256659,0.2,0.962,1950,26.334,1.791,entro il 1990
083067,Pettineo,1312,-8.187543736878936,100.86152907267977,0.1832,2.813,378,38.066,1.321,entro il 1970
083068,Piraino,3919,-0.935288169868554,98.55227421223745,0.1877,1.326,2307,55.297,0.939,entro il 1990
083069,Raccuja,989,-12.709620476610766,98.97815420101017,0.1969,0.329,281,34.521,1.215,entro il 1970
083070,Reitano,779,-6.594724220623502,102.71468786355219,0.1822,0.235,281,42.003,1.164,entro il 1970
083071,Roccafiorita,186,-18.777292576419214,101.26459789350771,0.21753333333333333,12.429,93,46.269,0.925,entro il 1990
083072,Roccalumera,4104,0.1953125,100.30676765279448,0.2398,2.142,1692,47.263,1.146,entro il 1980
083073,Roccavaldina,1108,-3.4001743679163035,98.81518371055961,0.1792,0.882,253,34.753,1.522,entro il 1990
083074,Roccella Valdemone,640,-9.6045197740113,99.03249911494022,0.2002,0.0,236,41.696,1.131,entro il 1980
083075,Rodì Milici,2048,-3.532736693358455,100.05559510449203,0.2008,5.374,872,48.364,1.136,entro il 1980
083076,Rometta,6584,0.7035790761700825,99.70314535722859,0.2232,1.253,2799,49.2,1.157,entro il 1980
083077,San Filippo del Mela,7006,-0.8912151648040741,100.40875206651702,0.1617,4.654,962,26.356,1.919,entro il 1980
083078,San Fratello,3592,-8.693441789527197,101.31775762899287,0.1845,2.947,761,34.049,1.607,entro il 1970
083079,San Marco d'Alunzio,1925,-7.362848893166506,99.24551449878814,0.1808,0.93,574,40.738,1.366,entro il 1980
083080,San Pier Niceto,2770,-4.6799724707501715,101.34940331275432,0.2094,11.043,478,27.205,1.577,entro il 1980
083081,San Piero Patti,2823,-8.224967490247074,100.28731575756922,0.2004,1.458,837,37.89,1.278,entro il 1970
083082,San Salvatore di Fitalia,1261,-8.090379008746355,100.7046770836604,0.1849,3.438,538,45.904,1.076,entro il 1970
083090,San Teodoro,1360,-4.225352112676056,101.35742196130862,0.1679,1.425,300,31.78,1.441,entro il 1980
083083,Santa Domenica Vittoria,949,-10.808270676691729,100.71336743586205,0.1978,11.81,317,42.323,1.267,entro il 1980
083086,Santa Lucia del Mela,4584,-3.148109021762096,100.65380460088842,0.2029,6.371,1277,39.969,1.435,entro il 1980
083087,Santa Marina Salina,891,-1.3289036544850499,103.50492426837253,0.1805,1.708,535,54.315,0.905,entro il 1980
083089,Santa Teresa di Riva,9403,1.7200346170488965,100.21177197760512,0.241,4.22,1476,26.193,1.669,entro il 1990
083084,Sant'Agata di Militello,12393,-3.3458118858212447,100.71457853697198,0.1835,1.164,2267,30.07,1.644,entro il 1990
083085,Sant'Alessio Siculo,1520,1.4686248331108143,100.07461468713399,0.233875,2.261,1829,70.645,0.587,entro il 1990
083088,Sant'Angelo di Brolo,2983,-9.276155717761556,100.29520955380416,0.1938,14.188,1346,47.663,1.056,entro il 1970
083091,Santo Stefano di Camastra,4670,-0.021408691928923144,102.27107208953583,0.1825,2.274,1740,46.142,1.238,entro il 1970
083092,Saponara,3925,-3.9167686658506726,101.52454352382684,0.2231,4.266,511,23.44,1.8,entro il 1970
083093,Savoca,1715,-3.7598204264870936,105.13830913992453,0.2349,1.018,663,46.042,1.191,entro il 1990
083094,Scaletta Zanclea,2060,-7.747424988804299,100.8105684449985,0.2522,7.27,311,24.683,1.635,entro il 1970
083095,Sinagra,2643,-4.377713458755427,98.00611904925928,0.1908,6.317,630,33.298,1.397,entro il 1980
083096,Spadafora,4983,-1.7740981667652276,101.33356847504416,0.1729,0.0,639,23.027,1.796,entro il 1980
083097,Taormina,10872,-1.6375644621369763,101.52662940234785,0.2102,3.67,1854,26.971,1.582,entro il 1990
083106,Terme Vigliatore,7359,2.1090606354932704,101.40792558294858,0.1961,1.86,1152,28.187,1.801,entro il 1980
083098,Torregrotta,7403,-0.39020452099031216,99.93938224141037,0.19116666666666668,0.775,1058,26.853,1.879,entro il 1990
083108,Torrenova,4446,4.734982332155477,99.84750026271927,0.1709,4.744,1036,37.253,1.599,entro il 1990
083099,Tortorici,6259,-6.804645622394283,103.18359096159017,0.1904,5.898,2530,46.033,1.139,entro il 1970
083100,Tripi,847,-9.120171673819742,103.05133862890796,0.2027,1.068,1189,70.48,0.502,entro il 1970
083101,Tusa,2823,-7.199211045364892,98.70055033799325,0.183,5.756,1842,57.509,0.881,entro il 1980
083102,Ucria,1014,-7.985480943738657,101.55091132043385,0.1942,1.674,826,61.55,0.756,entro il 1980
083103,Valdina,1322,-2.2189349112426036,100.37337318186636,0.1644,2.51,207,25.972,1.659,entro il 1980
083104,Venetico,3979,3.485045513654096,100.9506123396401,0.1585,3.485,1043,39.166,1.494,entro il 1980
083105,Villafranca Tirrena,8469,-3.222488858416181,100.61640388696978,0.2062,2.189,999,22.23,1.885,entro il 1980
082001,Alia,3528,-7.157894736842104,102.86436689620285,0.1045,1.131,1140,40.963,1.268,entro il 1970
082002,Alimena,1955,-8.815298507462686,100.50016374306485,0.117,0.35,3444,78.558,0.446,entro il 1970
082003,Aliminusa,1192,-7.525213343677269,102.62424337138,0.1452,0.0,119,18.77,1.88,entro il 1980
082004,Altavilla Milicia,8340,12.172158708809684,102.75012861222828,0.1801,1.45,3386,52.537,1.294,entro il 2000
082005,Altofonte,10218,-0.9115593483320403,103.20834130538567,0.1854,0.742,2090,35.942,1.757,entro il 1980
082006,Bagheria,55047,1.5908461751407217,106.6600181941475,0.1808,3.304,4726,19.552,2.277,entro il 1980
082007,Balestrate,6446,0.8290317534803691,103.23601842125052,0.1364,2.772,2903,52.353,1.162,entro il 1990
082008,Baucina,1950,-2.8400597907324365,102.5092128753867,0.1641,4.052,1010,56.049,1.082,entro il 1990
082009,Belmonte Mezzagno,11239,0.5097478089787157,106.38933806859478,0.1823,2.237,2832,43.237,1.716,entro il 1990
082010,Bisacquino,4477,-6.981092873467691,101.41947060832906,0.1666,5.764,2189,52.032,1.064,entro il 1980
082082,Blufi,973,-9.488372093023257,100.58274761366454,0.1196,5.013,403,44.58,1.076,entro il 1970
082011,Bolognetta,4161,5.155420773313116,103.39847527086562,0.1739,3.673,1257,45.61,1.51,entro il 1990
082012,Bompietro,1337,-9.35593220338983,97.24514580286632,0.1219,0.0,1373,66.233,0.645,entro il 1980
082013,Borgetto,7374,4.80386583285958,105.65467258077123,0.1844,5.918,1547,37.686,1.796,entro il 1990
082014,Caccamo,8139,-1.8451519536903038,103.21621336579712,0.1703,2.483,3035,49.673,1.332,entro il 1980
082015,Caltavuturo,3926,-5.670350792888035,99.96079655356466,0.1489,10.221,1088,37.019,1.336,entro il 1980
082016,Campofelice di Fitalia,496,-8.823529411764707,105.04401244660922,0.1106,8.515,292,53.382,0.907,entro il 1960
082017,Campofelice di Roccella,7516,8.54997111496245,99.03644656956689,0.1816,5.751,5947,66.144,0.836,entro il 2005
082018,Campofiorito,1261,-5.045180722891566,102.60980030705477,0.1391,2.397,326,36.92,1.428,entro il 1980
082019,Camporeale,3238,-5.926786751888437,104.42143467547855,0.1703,1.192,1756,55.64,1.026,entro il 1990
082020,Capaci,11549,4.7053490480507705,105.01620394617125,0.1677,1.472,1685,29.823,2.044,entro il 1990
082021,Carini,38936,9.211264445192416,105.646842120298,0.1769,2.167,12335,48.767,1.539,entro il 2000
082022,Castelbuono,8688,-5.06993006993007,98.72746854781015,0.183,5.117,2203,36.613,1.444,entro il 1980
082023,Casteldaccia,11655,7.221711131554738,103.95250996298708,0.18,3.596,2155,34.093,1.844,entro il 1990
082024,Castellana Sicula,3287,-7.251693002257337,99.95999680112445,0.1448,1.26,612,29.395,1.579,entro il 1970
082025,Castronovo di Sicilia,3019,-5.2714151239410105,100.35497526676981,0.0925,0.258,799,37.284,1.409,entro il 1960
082026,Cefalà Diana,1030,2.1825396825396823,99.9191296985633,0.1429,3.578,261,37.021,1.461,entro il 1990
082027,Cefalù,14298,-0.22330774598743894,100.42710947186472,0.1825,0.446,2463,28.59,1.66,entro il 1990
082028,Cerda,5176,-3.9881283620849564,102.78113981455341,0.1751,3.196,605,22.591,1.933,entro il 1980
082029,Chiusa Sclafani,2763,-6.592292089249494,101.64032682941917,0.1126,4.47,1051,44.895,1.18,entro il 1990
082030,Ciminna,3697,-3.749023691746941,102.82236245004839,0.1459,5.353,3785,70.84,0.692,entro il 1980
082031,Cinisi,12250,1.6175860638739115,102.4359465616183,0.1617,1.418,2868,38.143,1.629,entro il 1990
082032,Collesano,4020,-1.2770137524557956,98.83047521544638,0.182,2.428,1359,42.669,1.262,entro il 1980
082033,Contessa Entellina,1707,-8.225806451612904,100.87720277561016,0.1695,0.984,597,42.826,1.225,entro il 1990
082034,Corleone,11128,-1.3300230537329314,102.20198523214663,0.1601,2.888,2750,39.28,1.589,entro il 1990
082035,Ficarazzi,13080,13.561382184407014,105.75504740289746,0.1781,1.829,1395,26.673,2.501,entro il 1980
082036,Gangi,6668,-5.391600454029512,99.3736327713036,0.1577,5.955,3632,55.8,1.024,entro il 1980
082037,Geraci Siculo,1820,-5.454545454545454,98.78390512441446,0.1817,3.527,1585,64.17,0.737,entro il 1970
082038,Giardinello,2304,1.7218543046357615,103.48379178531499,0.1836,8.071,497,37.91,1.757,entro il 1990
082039,Giuliana,1860,-8.238776517020227,101.78357444255602,0.1395,8.131,1158,57.987,0.931,entro il 1980
082040,Godrano,1159,0.9581881533101044,102.42483829252053,0.1395,0.208,239,35.095,1.702,entro il 1990
082041,Gratteri,926,-8.40751730959446,99.20997642112603,0.1823,2.743,553,53.637,0.898,entro il 1980
082042,Isnello,1545,-2.707808564231738,98.56030834970058,0.1823,2.769,825,52.682,0.987,entro il 1980
082043,Isola delle Femmine,7249,1.8833450456781446,102.89794491624234,0.1499,0.953,1050,27.859,1.923,entro il 2000
082044,Lascari,3619,3.017364076288073,101.53975086753667,0.1816,1.541,1187,44.557,1.358,entro il 2000
082045,Lercara Friddi,6764,-2.423542989036353,102.87608259495019,0.0948,3.018,1203,30.549,1.718,entro il 1970
082046,Marineo,6541,-2.9525222551928785,101.27264899620266,0.1714,1.57,1263,31.886,1.651,entro il 1990
082047,Mezzojuso,2877,-4.482071713147411,103.14233155927303,0.1345,1.521,750,37.898,1.454,entro il 1970
082048,Misilmeri,29376,6.70928838679211,105.64091282466194,0.1811,3.239,8797,47.336,1.581,entro il 1990
082049,Monreale,39047,2.571713775349375,105.27360005611555,0.1874,2.959,9070,39.886,1.717,entro il 1990
082050,Montelepre,6142,-4.360012457178449,102.68235631815378,0.1751,3.069,1749,42.805,1.503,entro il 1980
082051,Montemaggiore Belsito,3247,-8.766507445911772,101.27471532308004,0.1345,5.495,1180,45.021,1.239,entro il 1980
082052,Palazzo Adriano,2072,-6.960035922766053,97.58503280381785,0.1024,2.564,657,40.732,1.285,entro il 1970
082053,Palermo,668405,1.7624069582798565,104.95896105613865,0.1832,3.413,41648,14.577,2.34,entro il 1980
082054,Partinico,31786,1.251871436307457,106.09816743376,0.1753,2.114,9471,45.435,1.525,entro il 1990
082055,Petralia Soprana,3242,-5.508598076362577,100.53811928418493,0.1691,7.336,873,37.007,1.374,entro il 1970
082056,Petralia Sottana,2730,-7.77027027027027,98.07030283081224,0.1771,3.096,1292,49.673,1.05,entro il 1990
082057,Piana degli Albanesi,6157,2.565383974679327,99.65387480432872,0.1851,1.605,1279,33.482,1.612,entro il 1980
082058,Polizzi Generosa,3241,-9.997222993612885,100.52186473670257,0.1675,2.79,1256,44.117,1.138,entro il 1960
082059,Pollina,2950,-1.8302828618968388,99.30284563656515,0.182,1.21,2278,64.241,0.832,entro il 1990
082060,Prizzi,4716,-6.354249404289118,100.99865794173651,0.1068,5.532,1124,34.638,1.453,entro il 1960
082061,Roccamena,1479,-5.131494547787043,101.0963206438681,0.1696,6.543,287,29.527,1.522,entro il 2000
082062,Roccapalumba,2411,-8.187357197258187,103.78581968045668,0.113,1.095,557,34.704,1.502,entro il 1980
082063,San Cipirello,5347,-2.284356725146199,103.88406957243367,0.1774,1.803,742,26.528,1.912,entro il 1990
082064,San Giuseppe Jato,8634,1.3380281690140845,106.67419080273788,0.1846,3.724,1763,35.218,1.725,entro il 1980
082065,San Mauro Castelverde,1590,-13.586956521739129,100.55935621828088,0.1832,0.581,1089,54.751,0.799,entro il 1980
082066,Santa Cristina Gela,1008,9.327548806941431,99.99896232542137,0.1804,6.886,335,47.051,1.416,entro il 1990
082067,Santa Flavia,11212,4.036373758931057,104.0534641836402,0.1802,3.495,1690,29.774,1.975,entro il 1990
082068,Sciara,2813,1.625722543352601,105.02783956043612,0.1723,4.645,298,22.508,2.125,entro il 1980
082081,Scillato,614,-2.848101265822785,101.10309062070243,0.1654,0.0,255,47.222,1.137,entro il 1970
082069,Sclafani Bagni,426,-4.910714285714286,99.4433408273269,0.146,1.2,68,24.908,1.56,entro il 1980
082070,Termini Imerese,26029,-0.034564866733236034,103.26634787018,0.1801,4.363,5151,34.034,1.72,entro il 1990
082071,Terrasini,12535,4.319241011984022,103.72884921782153,0.1584,0.729,2051,30.318,1.853,entro il 1990
082072,Torretta,4263,2.4759615384615383,104.01085786455977,0.178,4.489,744,33.155,1.9,entro il 1990
082073,Trabia,10430,0.6951148870438308,106.56513198154323,0.1794,0.843,3032,42.928,1.477,entro il 1990
082074,Trappeto,3141,-1.84375,102.37338600678089,0.1549,1.611,2727,65.553,0.755,entro il 1990
082075,Ustica,1307,1.2393493415956625,101.76339412773747,0.15,0.0,315,35.078,1.455,entro il 1990
082076,Valledolmo,3500,-6.641771138970393,99.5197764738222,0.1069,1.949,1161,40.765,1.229,entro il 1980
082077,Ventimiglia di Sicilia,1890,-9.221902017291066,101.03956192306629,0.175,5.769,933,51.011,1.033,entro il 1980
082078,Vicari,2664,-9.75609756097561,101.8613131090779,0.1117,1.353,910,43.292,1.267,entro il 1980
082079,Villabate,20051,1.002417892403788,107.92504597036826,0.1804,2.737,1134,14.576,2.577,entro il 1990
082080,Villafrati,3310,-1.7804154302670623,101.0635403109291,0.1601,1.928,739,33.744,1.511,entro il 1980
088001,Acate,11325,17.26030234002899,101.80429193254413,0.1992,4.15,4443,54.236,1.382,entro il 2000
088002,Chiaramonte Gulfi,8126,-1.4074253821887892,99.50542676032774,0.2586,3.421,3175,48.15,1.232,entro il 1980
088003,Comiso,29845,2.2614356690080517,101.5200007266731,0.2145,2.721,4651,29.264,1.878,entro il 1980
088004,Giarratana,2962,-5.578578259483583,97.71459363705878,0.2726,0.977,670,34.43,1.522,entro il 1980
088005,Ispica,16307,7.757880129518272,100.72455436575,0.1669,3.975,8927,60.625,1.107,entro il 1990
088006,Modica,54530,1.0825640455270085,100.47770826982448,0.2641,4.133,12246,37.716,1.679,entro il 1980
088007,Monterosso Almo,2953,-6.933501418216199,99.50251498963489,0.2699,1.517,1030,44.055,1.263,entro il 1980
088008,Pozzallo,19466,2.630885221700849,101.31521796473005,0.1262,0.693,2658,27.464,2.011,entro il 1990
088009,Ragusa,73638,5.403432432045575,98.90326123962038,0.259,2.044,18269,39.46,1.591,entro il 1980
088010,Santa Croce Camerina,10955,15.681098204857443,100.86071871788694,0.1306,3.062,6667,63.302,1.04,entro il 1990
088011,Scicli,27051,4.43191908273173,100.22095786708164,0.1519,0.727,9492,47.624,1.357,entro il 1980
088012,Vittoria,64212,5.231071779744346,104.09367245175278,0.2061,1.446,12601,36.217,1.846,entro il 1990
089001,Augusta,35854,-0.7474255342708448,98.94535587568008,0.2671,0.463,7498,34.186,1.635,entro il 1990
089002,Avola,31408,0.28417254701618827,105.42958348715709,0.2367,1.769,5020,30.919,1.934,entro il 1980
089003,Buccheri,1951,-8.188235294117648,99.74256633472606,0.2798,2.51,613,38.457,1.224,entro il 1960
089004,Buscemi,1022,-8.9126559714795,99.00785580975932,0.2785,0.626,656,56.213,0.876,entro il 1980
089005,Canicattini Bagni,7032,-2.1158129175946545,103.6764067981085,0.265,2.86,1345,31.462,1.645,entro il 1980
089006,Carlentini,17741,-1.0430611334225792,101.68120075745443,0.2804,1.248,981,12.062,2.181,entro il 2000
089007,Cassaro,779,-4.2997542997543,98.033517800344,0.279,3.602,183,32.796,1.396,entro il 1990
089008,Ferla,2447,-5.594135802469136,99.93457654351586,0.2803,0.633,274,20.281,1.811,entro il 1980
089009,Floridia,22694,-0.022027402088197718,104.50180882899124,0.2678,0.659,2187,20.428,2.12,entro il 1980
089010,Francofonte,12661,-2.095576863594185,109.7943947794909,0.2791,5.161,1309,20.897,2.021,entro il 1980
089011,Lentini,23526,-3.8420665413226516,103.50768705391468,0.2722,1.381,3797,27.164,1.683,entro il 1970
089012,Melilli,13519,3.2299938912645083,101.00916385393266,0.2787,1.812,1382,21.76,2.129,entro il 2000
089013,Noto,24028,1.5296205526916251,106.70765685334698,0.2702,0.713,7935,46.781,1.417,entro il 1990
089014,Pachino,22237,0.7019291730821484,105.6601061492882,0.1208,2.13,4657,35.331,1.687,entro il 1990
089015,Palazzolo Acreide,8665,-4.696436427628684,99.32809100622023,0.2766,4.741,2941,44.1,1.299,entro il 1980
089020,Portopalo di Capo Passero,3932,4.630122405534859,101.89492842818021,0.1005,1.771,482,25.183,2.054,entro il 1980
089021,Priolo Gargallo,11883,-2.342209072978304,102.74757948387318,0.2631,2.091,938,17.262,2.187,entro il 1980
089016,Rosolini,21206,-1.5140256362623072,103.32102285737611,0.2447,1.436,3037,28.375,1.981,entro il 1990
089017,Siracusa,121605,2.6705053950456765,103.12235281303361,0.2614,0.425,13670,22.784,2.027,entro il 1990
089018,Solarino,8130,3.4746086292478044,103.24475841699882,0.2699,2.739,858,22.686,2.15,entro il 1990
089019,Sortino,8561,-3.7440971441421182,98.74846145802752,0.2803,1.58,2069,37.099,1.535,entro il 1980
081001,Alcamo,45273,-0.09268454154253558,100.3665945633027,0.1525,1.489,8559,32.967,1.744,entro il 1990
081002,Buseto Palizzolo,2928,-3.1746031746031744,99.84073904691157,0.0785,0.823,347,21.865,1.845,entro il 1980
081003,Calatafimi-Segesta,6537,-5.602888086642599,99.02609781128464,0.1364,1.717,3349,54.893,1.071,entro il 1990
081004,Campobello di Mazara,11769,1.5619606489471867,103.9800508331288,0.0974,3.471,6799,57.57,0.997,entro il 1980
081005,Castellammare del Golfo,15209,4.128440366972478,101.17099098479467,0.0998,1.704,5508,47.8,1.32,entro il 1990
081006,Castelvetrano,31503,-0.8123169925380184,103.3829020583407,0.1464,3.354,10268,43.779,1.343,entro il 1990
081007,Custonaci,5571,3.4348310434459712,100.291922699972,0.0725,1.393,1260,36.031,1.593,entro il 1990
081008,Erice,27655,-1.1262066499821237,102.40103714354893,0.0642,1.275,3237,23.136,1.977,entro il 1980
081009,Favignana,4351,4.51597405717031,103.0462744344824,0.0417,1.011,1263,38.766,1.335,entro il 1980
081010,Gibellina,4016,-5.394581861012957,100.22221331584511,0.1581,0.507,1038,36.155,1.399,entro il 1990
081011,Marsala,82802,3.3152411254601035,101.88017610877763,0.0711,3.088,14667,32.229,1.819,entro il 1990
081012,Mazara del Vallo,51488,2.941000059979607,103.72461208181909,0.0872,3.019,7861,30.091,1.971,entro il 1990
081013,Paceco,11307,-1.2575320932669636,101.15239421349045,0.0593,0.995,1711,28.137,1.859,entro il 1980
081014,Pantelleria,7759,3.5223482321547697,100.95088013507488,0.05,2.026,2671,44.974,1.306,entro il 1990
081015,Partanna,10422,-3.8028429019752634,100.69045779619059,0.154,1.204,1783,28.199,1.648,entro il 1990
081024,Petrosino,8181,5.140727412928929,102.34358217312611,0.0594,2.199,1721,36.431,1.732,entro il 1990
081016,Poggioreale,1476,-3.5924232527759634,99.50923819990079,0.1701,1.115,1300,66.158,0.751,entro il 1990
081017,Salaparuta,1670,-3.4682080924855487,98.82146942902152,0.1669,0.0,319,30.294,1.586,entro il 1990
081018,Salemi,10647,-1.834777798266642,100.174446092989,0.1081,3.455,2350,34.317,1.555,entro il 1990
081020,San Vito Lo Capo,4708,6.830043113228953,101.72866552149006,0.0712,1.946,3874,66.632,0.81,entro il 1990
081019,Santa Ninfa,4953,-2.672430732953429,99.06271035849576,0.1403,0.055,418,16.528,1.958,entro il 1990
081021,Trapani,67923,-1.8212566671002992,102.6613283416397,0.0813,2.706,9858,26.586,1.832,entro il 1980
081022,Valderice,12253,2.905853699504493,99.50294763667841,0.0601,1.179,2661,35.551,1.637,entro il 1980
081023,Vita,1997,-6.594948550046772,100.23772757637262,0.0905,0.67,303,26.743,1.763,entro il 1990
051001,Anghiari,5536,-2.1389429025985502,98.58186072171033,0.2199,0.392,795,25.554,1.779,entro il 1970
051002,Arezzo,99419,1.429329306862005,99.00839529542968,0.1911,0.5,5003,10.966,2.179,entro il 1990
051003,Badia Tedalda,1075,-1.0128913443830572,98.62868087828676,0.2253,0.314,526,51.317,1.049,entro il 1970
051004,Bibbiena,12177,-0.9275079326336344,98.77170091466529,0.2096,0.703,1014,17.051,2.048,entro il 1980
051005,Bucine,10087,0.1787665110735922,97.90664005588806,0.1361,0.395,1190,23.206,1.967,entro il 1980
051006,Capolona,5446,0.8145131432802665,98.5178618035216,0.17,0.579,408,16.21,2.164,entro il 1980
051007,Caprese Michelangelo,1406,-6.887417218543046,98.53783473453782,0.2161,0.124,574,45.447,1.113,entro il 1970
051008,Castel Focognano,3093,-4.152463588472266,98.47243510366788,0.1753,2.062,642,32.49,1.565,entro il 1970
051010,Castel San Niccolò,2667,-2.486288848263254,98.39362302157986,0.184,1.123,1331,52.526,1.052,entro il 1970
051040,Castelfranco Piandiscò,9778,3.1978891820580473,97.79507839599017,0.1353,1.187,802,18.006,2.195,entro il 1990
051011,Castiglion Fibocchi,2147,-3.288288288288288,98.04334810363656,0.1489,1.066,223,20.939,2.016,entro il 1990
051012,Castiglion Fiorentino,13228,0.3794202458643193,98.99949454957513,0.1674,0.502,976,16.579,2.247,entro il 1980
051013,Cavriglia,9543,0.5796795952782462,97.69697657423205,0.1233,1.264,772,16.768,2.073,entro il 1990
051014,Chitignano,910,-2.569593147751606,99.11201682868395,0.1955,0.0,312,43.759,1.276,entro il 1970
051015,Chiusi della Verna,2000,-2.4865919063871282,99.61851578277255,0.2115,0.104,838,49.006,1.17,entro il 1980
051016,Civitella in Val di Chiana,9035,-0.8450395083406497,98.32391446292793,0.1514,0.722,1071,23.642,1.994,entro il 1990
051017,Cortona,22057,-1.9122159469915954,99.000617179052,0.189,1.592,2767,23.573,1.879,entro il 1980
051018,Foiano della Chiana,9470,1.44617032672737,99.3815743327989,0.1505,0.639,722,16.806,2.204,entro il 1980
051042,Laterina Pergine Valdarno,6614,-1.7965850037119524,98.73976995403869,0.1385,0.59,704,21.542,2.024,entro il 1990
051020,Loro Ciuffenna,5862,-0.2891648239496513,97.33765507534555,0.1398,0.627,1377,37.267,1.586,entro il 1980
051021,Lucignano,3554,-1.5239678581324467,99.6710394262357,0.1482,2.726,526,26.85,1.814,entro il 1980
051022,Marciano della Chiana,3431,0.527395253442719,98.99980258096488,0.1507,1.852,514,28.796,1.922,entro il 1980
051025,Monte San Savino,8675,-0.8458109498228369,99.05524580582296,0.1511,0.922,964,22.779,2.05,entro il 1980
051023,Montemignaio,547,-3.8664323374340945,93.29954369661071,0.1699,0.663,1371,82.194,0.328,entro il 1980
051024,Monterchi,1716,-5.350248207391065,98.07909733364157,0.2117,1.423,328,31.298,1.637,entro il 1980
051026,Montevarchi,24440,2.050189987055827,99.31163591928161,0.1278,1.301,1805,16.023,2.17,entro il 1990
051027,Ortignano Raggiolo,881,0.11363636363636363,95.0743742915161,0.1743,1.161,390,50.584,1.143,entro il 1970
051030,Pieve Santo Stefano,3117,-1.9811320754716981,99.40597106707943,0.2258,0.972,690,34.604,1.563,entro il 1980
051031,Poppi,6153,-0.7260406582768635,98.296506445764,0.2112,1.011,1324,34.177,1.588,entro il 1980
051041,Pratovecchio Stia,5697,-5.06582236293951,98.57320444509035,0.2104,0.144,1486,35.972,1.379,entro il 1980
051033,San Giovanni Valdarno,16812,-0.1128869348226487,99.04349884369417,0.1252,0.427,787,9.978,2.132,entro il 1970
051034,Sansepolcro,15876,-1.2502332524724762,99.70092963484663,0.2291,1.027,1371,17.069,1.977,entro il 1980
051035,Sestino,1309,-7.425742574257425,100.64310655208709,0.2106,0.849,512,46.886,1.199,entro il 1960
051037,Subbiano,6373,1.1587301587301586,98.66876667424827,0.1925,2.064,554,18.182,2.092,entro il 1980
051038,Talla,1026,-8.637577916295637,98.51660888503885,0.158,0.0,683,56.54,0.849,entro il 1960
051039,Terranuova Bracciolini,12292,-0.08940908721450053,98.9577045519078,0.1358,1.2,784,14.157,2.22,entro il 1980
048001,Bagno a Ripoli,25483,0.4374901466183194,98.94683811739532,0.1361,1.284,1106,9.685,2.231,entro il 1980
048002,Barberino di Mugello,10924,4.216752528143484,98.40048791884188,0.2045,0.942,1049,20.08,2.091,entro il 1980
048003,Barberino Val d'Elsa,4359,0.27605244996549344,98.41655077714944,0.1385,0.115,424,19.548,2.01,entro il 1970
048004,Borgo San Lorenzo,18419,3.29183490354419,99.41123765704026,0.2098,0.495,1054,12.606,2.203,entro il 1980
048005,Calenzano,17914,7.733942747173442,98.84725145764159,0.1748,1.978,524,7.293,2.493,entro il 1970
048006,Campi Bisenzio,46696,9.034020594484787,101.53735802737744,0.1333,1.084,1162,6.689,2.688,entro il 1980
048008,Capraia e Limite,7782,6.1519574410039555,98.54665549576485,0.1261,2.277,472,14.09,2.323,entro il 1980
048010,Castelfiorentino,17283,-1.1722323879231473,101.59680236317226,0.1401,2.004,1154,14.474,2.168,entro il 1980
048011,Cerreto Guidi,11010,6.089805357486991,98.86112877719201,0.1263,1.846,696,15.29,2.419,entro il 1980
048012,Certaldo,16023,0.6469849246231156,99.64343573406106,0.1386,1.564,909,12.357,2.178,entro il 1980
048013,Dicomano,5517,-2.5437201907790143,99.28646343589345,0.2097,2.261,635,21.504,1.868,entro il 1980
048014,Empoli,48626,4.396925587187084,100.18144728826348,0.1281,1.249,2859,13.409,2.281,entro il 1980
048015,Fiesole,14150,1.1798355380765104,98.46921097941238,0.1467,0.272,748,11.406,2.158,entro il 1970
048052,Figline e Incisa Valdarno,23460,1.3303386316516932,99.69041096090575,0.1294,1.059,1572,14.762,2.203,entro il 1980
048017,Firenze,380948,6.61315690785239,99.58719324680501,0.1345,1.088,5614,3.275,2.222,entro il 1960
048018,Firenzuola,4599,-4.565262502593899,97.9788365803165,0.2081,1.905,2487,53.565,0.991,entro il 1980
048019,Fucecchio,23275,2.083333333333333,100.93602194778833,0.1259,1.576,1257,12.783,2.367,entro il 1980
048020,Gambassi Terme,4860,-0.7758268681094325,99.12168640223197,0.1415,1.016,666,26.046,1.901,entro il 1980
048021,Greve in Chianti,13814,-0.5328341013824885,99.87038493181507,0.1263,0.567,1220,17.912,2.028,entro il 1970
048022,Impruneta,14618,-0.30009548492702226,99.6193379611316,0.1259,1.38,810,11.859,2.14,entro il 1970
048024,Lastra a Signa,20308,7.171882421235949,99.19679204237121,0.1267,1.563,764,9.277,2.466,entro il 1970
048025,Londa,1895,3.2697547683923704,99.67039898579519,0.2072,2.185,488,38.425,1.492,entro il 1980
048026,Marradi,3062,-5.9871046975744555,97.80455782530493,0.2108,1.71,969,39.877,1.26,entro il 1960
048027,Montaione,3638,-3.7566137566137567,99.23691309465896,0.1415,0.622,644,30.122,1.702,entro il 1980
048028,Montelupo Fiorentino,14247,4.167580609782847,98.73787614236161,0.124,0.25,493,8.445,2.44,entro il 1980
048030,Montespertoli,13497,2.29649840836744,98.51380275228139,0.1276,1.832,1192,18.412,2.085,entro il 1980
048031,Palazzuolo sul Senio,1141,-3.9562289562289563,98.34439484568321,0.21,3.787,636,53.99,0.969,entro il 1970
048032,Pelago,7751,3.4708316646642636,98.87171323935023,0.169,0.53,1018,24.733,1.883,entro il 1980
048033,Pontassieve,20607,0.5611946125317198,98.93178833926612,0.1903,0.503,1314,13.254,2.079,entro il 1980
048035,Reggello,16543,2.757935275482949,98.30087396188604,0.1632,0.925,1880,22.534,1.983,entro il 1980
048036,Rignano sull'Arno,8718,1.360306941053366,98.3570980981597,0.1378,0.518,660,16.625,2.196,entro il 1980
048037,Rufina,7266,-1.4378730330982095,98.0032622164808,0.1837,0.945,755,19.549,1.881,entro il 1970
048038,San Casciano in Val di Pesa,17171,1.6877887006988037,99.16384694213941,0.1235,0.553,704,9.508,2.319,entro il 1980
048039,San Godenzo,1129,-7.686017988552739,98.41640954984896,0.21,0.817,560,48.485,0.977,entro il 1970
048041,Scandicci,50645,1.8256026700444337,99.36817139383885,0.1276,0.417,1400,6.373,2.305,entro il 1970
048053,Scarperia e San Piero,12170,1.425118759896658,98.9308408090425,0.2084,0.654,1091,18.643,2.08,entro il 1980
048043,Sesto Fiorentino,49091,2.9636310247913085,99.3280331503173,0.1456,0.614,1532,7.248,2.323,entro il 1970
048044,Signa,18901,8.086006747869847,100.06665211375426,0.1295,0.759,1209,15.358,2.401,entro il 1980
048045,Tavarnelle Val di Pesa,7753,1.2934413378625556,98.06288846191005,0.1208,1.021,541,14.974,2.146,entro il 1970
048046,Vaglia,5134,1.7036450079239305,97.61680706100624,0.1741,2.71,481,18.296,1.953,entro il 1990
048049,Vicchio,8183,0.8379544054220579,99.0304737960561,0.2101,1.419,1195,26.818,1.836,entro il 1980
048050,Vinci,14650,3.8712422007941014,99.32081565052772,0.1288,0.975,948,14.871,2.298,entro il 1980
053001,Arcidosso,4315,0.5124621476822734,100.88830974872127,0.1408,1.233,2066,50.837,1.062,entro il 1960
053002,Campagnatico,2387,-4.175030108390205,98.70599786293504,0.1355,0.0,455,30.172,1.583,entro il 1970
053003,Capalbio,4078,0.46809559004680956,100.9469027762533,0.0769,0.475,1890,51.98,1.122,entro il 1990
053004,Castel del Piano,4810,3.552206673842842,98.73133208360463,0.1413,3.443,2225,51.398,1.111,entro il 1980
053005,Castell'Azzara,1414,-11.625,99.41028868112103,0.1408,0.794,558,40.7,1.031,entro il 1960
053006,Castiglione della Pescaia,7289,3.1997734673651426,98.02127254140854,0.0752,0.066,5883,63.422,0.786,entro il 2000
053007,Cinigiano,2536,-4.804804804804805,99.44995154555626,0.141,0.704,774,39.389,1.291,entro il 1960
053008,Civitella Paganico,3181,1.3702995538559593,100.39322468557715,0.1405,0.816,638,32.287,1.61,entro il 1960
053009,Follonica,21308,-0.5553740607644561,98.9366791780831,0.0643,1.387,6179,39.222,1.353,entro il 1990
053010,Gavorrano,8567,-0.8334297951151753,100.08310840922479,0.1069,2.251,894,18.969,1.818,entro il 1980
053011,Grosseto,82036,4.561734453267395,99.14550059772287,0.1163,0.278,8841,20.689,1.92,entro il 1990
053012,Isola del Giglio,1439,2.1291696238466997,99.20898831131888,0.0341,0.0,2029,72.232,0.512,entro il 1980
053013,Magliano in Toscana,3538,-2.668500687757909,98.32573350840065,0.0774,1.568,566,27.543,1.722,entro il 1960
053014,Manciano,7309,0.6056434962147281,98.62262820734726,0.1389,1.846,1460,30.474,1.526,entro il 1980
053015,Massa Marittima,8286,-3.9192949907235626,98.2399687326327,0.135,1.234,1210,23.477,1.608,entro il 1980
053016,Monte Argentario,12455,-0.6699098811707472,100.24047780643872,0.0449,0.678,3993,42.669,1.331,entro il 1980
053027,Monterotondo Marittimo,1313,-7.404795486600846,102.1763802186331,0.135,11.057,354,38.604,1.432,entro il 1960
053017,Montieri,1171,2.092414995640802,99.07295454836239,0.1399,0.569,662,54.938,0.972,entro il 1945
053018,Orbetello,14744,0.5318423564707486,98.8085479678322,0.0588,0.829,3061,32.228,1.552,entro il 1980
053019,Pitigliano,3757,-2.263267429760666,98.79530840714449,0.1403,1.45,1272,42.315,1.25,entro il 1990
053020,Roccalbegna,984,-9.724770642201836,99.02448085258244,0.1394,4.319,586,51.996,0.873,entro il 1960
053021,Roccastrada,9074,-3.1073144687666843,99.46811674854914,0.1402,1.259,1660,28.76,1.572,entro il 1970
053022,Santa Fiora,2563,-4.543761638733706,98.56156535822635,0.1398,1.4,1682,55.384,0.844,entro il 1980
053023,Scansano,4381,-3.4383954154727796,100.364726963658,0.1289,0.307,1251,37.133,1.3,entro il 1960
053024,Scarlino,3884,4.972972972972973,98.92141705345486,0.0645,0.0,498,23.109,1.802,entro il 1990
053025,Seggiano,958,-4.39121756487026,101.51094003715153,0.1414,0.444,709,59.231,0.8,entro il 1980
053028,Semproniano,1076,-5.28169014084507,99.7621994632806,0.1395,0.0,604,50.629,0.902,entro il 1980
053026,Sorano,3322,-7.361963190184049,99.99229626054283,0.1409,0.857,1419,46.724,1.094,entro il 1970
049001,Bibbona,3224,0.592823712948518,100.73869366931395,0.1319,0.89,2127,61.226,0.928,entro il 1990
049002,Campiglia Marittima,13018,-1.5801013079307475,98.5839614862023,0.0613,0.707,1579,22.255,1.835,entro il 1980
049003,Campo nell'Elba,4869,7.246696035242291,99.50191569634435,0.0311,0.372,2529,54.41,1.048,entro il 1980
049004,Capoliveri,4036,6.998939554612937,99.40917024046536,0.0327,0.238,1344,42.224,1.268,entro il 2000
049005,Capraia Isola,405,2.7918781725888326,97.66636489566633,0.0317,1.456,395,63.813,0.654,entro il 1945
049006,Castagneto Carducci,9088,7.3343569150820835,99.80603387141456,0.1058,0.789,3661,49.446,1.227,entro il 1980
049007,Cecina,28112,0.7345827211810657,99.99542244001977,0.1133,0.755,3163,20.801,1.849,entro il 1980
049008,Collesalvetti,16693,0.0479472580161822,98.8957471726124,0.1401,1.414,856,11.383,2.22,entro il 1980
049009,Livorno,158371,1.0154421191613674,99.88956658984787,0.1369,0.753,6436,8.783,2.161,entro il 1970
049010,Marciana,2121,-3.2390510948905114,100.42975226755553,0.0302,1.209,3226,74.901,0.492,entro il 1990
049011,Marciana Marina,1966,1.1837364899639733,99.06944307297002,0.0307,0.635,1325,59.337,0.88,entro il 1980
049012,Piombino,33855,-1.684332800929287,99.13050632820621,0.0593,0.894,2911,15.655,1.821,entro il 1980
049013,Porto Azzurro,3740,-2.426297938951213,100.99963863395769,0.0338,0.227,1163,42.476,1.366,entro il 1990
049014,Portoferraio,11955,2.679721721205875,101.68368370441517,0.0338,1.507,1657,24.802,1.789,entro il 1980
049021,Rio,3294,-2.946375957572186,100.42256557190817,0.0354,0.384,3371,65.891,0.644,entro il 1990
049017,Rosignano Marittimo,31039,-2.2732281729164696,98.68002394042364,0.1373,0.343,8786,37.521,1.326,entro il 1980
049018,San Vincenzo,6827,-2.735432397777461,98.72764153767454,0.061,0.428,3752,53.831,0.979,entro il 1980
049019,Sassetta,501,-6.70391061452514,99.06933120923901,0.084,0.413,289,52.355,0.908,entro il 1970
049020,Suvereto,3101,-1.1475932419509085,97.94422068281739,0.0746,0.382,455,25.041,1.707,entro il 1970
046001,Altopascio,15572,3.42033605631932,100.69894078106579,0.1291,1.044,680,10.885,2.493,entro il 1990
046002,Bagni di Lucca,5997,-3.07095522870535,99.79859082209428,0.2031,1.542,2565,48.025,1.123,entro il 1945
046003,Barga,9898,-2.2226612664229974,99.11017999159087,0.2045,2.816,1047,20.397,1.928,entro il 1980
046004,Borgo a Mozzano,6994,-3.2909292035398234,98.48145369194529,0.1832,1.257,848,22.523,1.858,entro il 1960
046005,Camaiore,32328,0.7385248200430027,99.86367096041924,0.1467,1.93,8427,38.636,1.482,entro il 1990
046006,Camporgiano,2137,-6.148440931049627,99.12327657282515,0.2032,0.712,311,24.88,1.71,entro il 1980
046007,Capannori,46072,2.7177669275187837,98.97979922520915,0.1496,0.71,1978,10.327,2.405,entro il 1970
046008,Careggine,539,-8.333333333333332,96.17401368857767,0.199,0.476,252,47.637,1.019,entro il 1980
046009,Castelnuovo di Garfagnana,5936,-1.9976886247317152,98.71339234613285,0.2021,0.455,408,14.624,2.128,entro il 1980
046010,Castiglione di Garfagnana,1783,-3.8295577130528584,97.3311589189839,0.205,0.12,450,37.752,1.496,entro il 1970
046011,Coreglia Antelminelli,5220,-0.49561570720548986,99.76198161259855,0.2034,1.137,760,26.817,1.842,entro il 1980
046036,Fabbriche di Vergemoli,815,-0.6097560975609756,95.88625243126832,0.1847,4.891,436,51.537,0.963,entro il 1945
046013,Forte dei Marmi,7335,-4.067486267329323,101.94996442878367,0.1278,0.423,4438,56.399,0.932,entro il 1990
046014,Fosciandora,584,-6.260032102728733,97.00826937952381,0.2047,0.946,103,27.989,1.587,entro il 1918
046015,Gallicano,3733,-3.390269151138716,97.32880280800133,0.1912,1.309,545,25.127,1.721,entro il 1970
046017,Lucca,89243,2.7151144054141154,98.70607338348378,0.1555,0.67,7930,17.807,2.004,entro il 1980
046018,Massarosa,22430,0.6145426815592339,99.62474646046505,0.1293,0.825,1414,14.312,2.27,entro il 1990
046019,Minucciano,2024,-8.499095840867993,97.56384788370356,0.2032,5.228,846,46.053,1.102,entro il 1970
046020,Molazzana,1046,-7.433628318584071,94.59803510071022,0.1983,0.85,246,32.454,1.38,entro il 1980
046021,Montecarlo,4397,-1.390446288405472,99.83789124550916,0.1313,0.418,259,13.518,2.295,entro il 1990
046022,Pescaglia,3456,-4.819608923161663,98.39596815152323,0.1704,1.387,897,37.832,1.458,entro il 1945
046023,Piazza al Serchio,2297,-6.244897959183674,98.04554405019879,0.205,0.109,320,24.864,1.785,entro il 1980
046024,Pietrasanta,23662,-1.8377929890064302,100.4558939743386,0.1367,0.987,6057,37.652,1.471,entro il 1990
046025,Pieve Fosciana,2484,2.6870607689127737,98.07208622568032,0.2049,0.252,237,19.067,1.998,entro il 1980
046026,Porcari,8904,3.6192249505411382,99.46277717024206,0.1305,1.22,288,8.203,2.536,entro il 1990
046027,San Romano in Garfagnana,1408,-2.7624309392265194,96.95111494751558,0.205,0.0,277,33.174,1.686,entro il 1980
046028,Seravezza,12962,-2.0034777349361157,100.07653749148024,0.1643,0.639,1649,23.377,1.838,entro il 1980
046037,Sillano Giuncugnano,1064,-7.236268526591107,98.22098427420185,0.205,3.692,1130,69.667,0.656,entro il 1960
046030,Stazzema,3083,-6.405585913782636,100.43006767890519,0.1804,2.423,1622,53.093,1.009,entro il 1970
046031,Vagli Sotto,930,-6.0606060606060606,98.64479435560744,0.1998,1.075,311,40.975,1.225,entro il 1970
046033,Viareggio,62079,0.5051240953907427,100.78020875673432,0.1227,0.443,10056,27.264,1.683,entro il 1980
046034,Villa Basilica,1574,-7.520564042303173,99.19984837429969,0.1689,1.098,478,39.833,1.312,entro il 1960
046035,Villa Collemandina,1309,-3.466076696165192,97.47642965625649,0.205,0.142,370,39.32,1.391,entro il 1970
045001,Aulla,11092,-1.6579483996808229,99.35249222118854,0.193,1.283,1549,24.012,1.719,entro il 1980
045002,Bagnone,1836,-4.075235109717868,97.84343348623621,0.2044,4.681,1546,61.52,0.731,entro il 1970
045003,Carrara,62537,-3.2024889329164474,100.08305709595764,0.1641,2.062,6174,18.425,1.866,entro il 1980
045004,Casola in Lunigiana,1020,1.2909632571996028,99.08863903827553,0.2042,1.585,845,63.013,0.761,entro il 1980
045005,Comano,715,-4.666666666666667,101.29708563685173,0.2048,3.598,586,61.749,0.753,entro il 1970
045006,Filattiera,2285,-3.1779661016949152,98.50278401370703,0.2041,2.311,802,42.411,1.208,entro il 1970
045007,Fivizzano,7730,-6.291671717783974,97.89007395870861,0.2049,1.299,2897,42.341,1.13,entro il 1960
045008,Fosdinovo,4792,-3.7170986538075144,99.67095143138133,0.1673,0.494,1166,34.538,1.419,entro il 1980
045009,Licciana Nardi,4918,-0.4050222762251924,99.60910440772167,0.2045,1.943,966,30.618,1.559,entro il 1980
045010,Massa,69037,0.3415598383767914,100.59554313224646,0.1807,1.609,9436,25.356,1.855,entro il 1990
045011,Montignoso,10311,0.8312145511441424,100.68204170677045,0.1383,1.1,2223,34.975,1.622,entro il 1990
045012,Mulazzo,2425,-4.901960784313726,97.17971578287182,0.1973,0.701,1428,54.379,0.923,entro il 1960
045013,Podenzana,2175,1.1627906976744187,98.23523289881786,0.1666,2.527,282,23.919,1.845,entro il 1980
045014,Pontremoli,7193,-5.417488494411572,99.35859240149523,0.2039,6.003,3169,47.207,1.072,entro il 1960
045015,Tresana,1999,-4.5823389021479715,99.08865387502479,0.1825,1.766,669,41.527,1.241,entro il 1960
045016,Villafranca in Lunigiana,4727,-0.1689545934530095,98.71550647039429,0.2013,0.355,688,24.784,1.703,entro il 1990
045017,Zeri,1057,-11.474036850921273,98.63167839728648,0.1985,2.544,1334,68.027,0.539,entro il 1980
050001,Bientina,8377,7.951030927835051,98.08062766001524,0.1233,1.433,381,11.079,2.436,entro il 2000
050002,Buti,5644,-2.3529411764705883,97.2663793782895,0.1223,1.441,167,6.72,2.271,entro il 1970
050003,Calci,6418,0.17168721710628998,97.66908109614047,0.1219,0.847,299,9.839,2.112,entro il 1970
050004,Calcinaia,12582,7.556847324328945,97.06036353742162,0.1226,1.341,514,9.967,2.44,entro il 2000
050005,Capannoli,6359,2.564516129032258,97.81198546723242,0.1413,1.629,326,12.038,2.348,entro il 1980
050006,Casale Marittimo,1090,-0.18315018315018314,97.7339152935631,0.1227,0.0,463,48.634,1.145,entro il 1980
050040,Casciana Terme Lari,12444,0.5169628432956381,98.48504770261698,0.1412,2.391,906,15.551,2.136,entro il 1980
050008,Cascina,45212,3.4149911937601503,98.62274414476111,0.1295,1.686,2335,12.037,2.331,entro il 1980
050009,Castelfranco di Sotto,13396,3.7645236250968246,100.21361067938865,0.1249,0.835,660,12.064,2.449,entro il 1980
050010,Castellina Marittima,1961,-1.159274193548387,97.48997074843655,0.1379,0.298,332,27.325,1.614,entro il 1970
050011,Castelnuovo di Val di Cecina,2182,-4.549431321084865,100.21128594710115,0.1404,2.945,670,39.25,1.278,entro il 1970
050012,Chianni,1347,-7.486263736263736,99.01214813289941,0.1406,0.0,421,38.273,1.225,entro il 1960
050041,Crespina Lorenzana,5420,1.9947308995107265,98.15012915689992,0.141,2.013,450,18.014,2.17,entro il 1980
050014,Fauglia,3672,2.3982152816508644,98.87945905944468,0.1408,1.386,273,16.299,2.192,entro il 1980
050015,Guardistallo,1226,-1.8414731785428344,98.01020984662186,0.1343,3.606,239,30.177,1.548,entro il 1945
050016,Lajatico,1301,-5.174927113702624,98.95349236885588,0.1407,1.887,245,29.988,1.592,entro il 1960
050019,Montecatini Val di Cecina,1676,-7.3521282476506356,98.53535753096665,0.1401,0.0,510,38.52,1.266,entro il 1960
050020,Montescudaio,2198,11.630269172168614,98.58474995066837,0.1343,1.468,672,43.836,1.434,entro il 1990
050021,Monteverdi Marittimo,742,-4.381443298969072,100.81187598631686,0.1283,0.674,373,49.339,0.981,entro il 1990
050022,Montopoli in Val d'Arno,11149,-0.008968609865470852,98.90168653090235,0.1344,1.102,545,11.462,2.345,entro il 1990
050023,Orciano Pisano,633,-0.4716981132075472,98.7512957067192,0.1391,0.952,90,25.21,1.773,entro il 1990
050024,Palaia,4542,-0.5909389363099147,99.11143407915674,0.1416,0.262,375,17.007,2.06,entro il 1970
050025,Peccioli,4724,-4.21735604217356,96.89225191289961,0.1415,4.027,491,19.601,1.886,entro il 1970
050026,Pisa,90118,5.3802167989990295,99.25338679797552,0.1298,0.64,10192,20.424,1.806,entro il 1970
050027,Pomarance,5708,-2.142979598834219,98.64170481005416,0.1404,1.12,737,22.0,1.704,entro il 1970
050028,Ponsacco,15539,1.9285011479173502,98.30629074494362,0.1399,1.548,752,11.064,2.286,entro il 1980
050029,Pontedera,29168,3.8487556520810338,100.55202903155143,0.1379,0.298,1447,11.202,2.258,entro il 1980
050030,Riparbella,1630,-0.4884004884004884,98.99617409799892,0.1397,0.879,359,33.027,1.5,entro il 1970
050031,San Giuliano Terme,31447,1.148279189449984,97.99430401749942,0.1235,1.045,1390,10.084,2.281,entro il 1990
050032,San Miniato,27950,1.4150943396226416,99.0893569797473,0.1391,2.402,1295,10.982,2.37,entro il 1980
050033,Santa Croce sull'Arno,14627,3.8333215020941296,102.50904648109776,0.1198,1.598,807,13.251,2.402,entro il 1990
050034,Santa Luce,1675,-4.394977168949771,97.36556708306378,0.1401,3.143,402,33.81,1.409,entro il 1970
050035,Santa Maria a Monte,13061,1.4840714840714841,98.47480948230961,0.1251,1.709,793,13.993,2.305,entro il 1990
050036,Terricciola,4520,0.3552397868561279,97.98791979969755,0.1413,0.823,537,22.803,1.919,entro il 1970
050037,Vecchiano,12082,-2.1858808290155443,98.31453423981348,0.1241,0.422,572,10.585,2.236,entro il 1980
050038,Vicopisano,8642,1.8623290900518623,98.14814246974518,0.1183,2.035,546,13.677,2.165,entro il 1970
050039,Volterra,10290,-3.606557377049181,97.76086267811569,0.1408,1.331,1097,19.273,1.808,entro il 1960
047023,Abetone Cutigliano,2101,-6.497552291944815,98.37392375016546,0.2029,0.743,4696,81.769,0.366,entro il 1970
047002,Agliana,17789,5.9121219337937605,99.07565887951532,0.1527,1.026,436,6.544,2.67,entro il 1980
047003,Buggiano,8772,0.5156411137848058,99.7843489873587,0.1366,0.711,609,14.753,2.125,entro il 1980
047022,Chiesina Uzzanese,4558,1.5597147950089125,100.4426545466146,0.1318,2.557,185,9.962,2.454,entro il 1990
047005,Lamporecchio,7493,-1.0955649419218585,99.01098350599999,0.131,0.642,795,21.121,1.991,entro il 1980
047006,Larciano,6307,-1.6528925619834711,99.22520772637915,0.1307,0.994,743,23.468,1.992,entro il 1980
047007,Marliana,3174,-0.9054011863877615,99.07526021479663,0.1815,1.132,1697,53.924,1.009,entro il 1980
047008,Massa e Cozzile,7924,1.7462763225475089,99.98605848813533,0.1537,0.53,391,10.751,2.179,entro il 1990
047009,Monsummano Terme,21141,1.6394230769230769,99.31204430669204,0.1349,0.503,1295,14.068,2.297,entro il 1990
047010,Montale,10777,1.0028116213683225,98.97631030340624,0.1801,0.778,276,6.539,2.553,entro il 1980
047011,Montecatini-Terme,20540,4.994121555998569,101.3523393371811,0.1465,0.497,1831,17.797,1.997,entro il 1980
047012,Pescia,19584,0.6993006993006993,99.03644192748295,0.1877,1.004,1369,14.592,2.087,entro il 1980
047013,Pieve a Nievole,9209,-2.0839978734715574,99.96946599600999,0.1344,0.615,488,11.748,2.217,entro il 1990
047014,Pistoia,90195,1.3244809921811809,98.92476632806355,0.2012,0.533,7587,16.851,2.003,entro il 1970
047016,Ponte Buggianese,8919,1.8848526387936944,100.11753753281059,0.1325,3.702,520,13.447,2.306,entro il 1980
047017,Quarrata,26460,4.087172023130483,99.84033375871056,0.136,1.251,1347,12.615,2.478,entro il 1980
047018,Sambuca Pistoiese,1605,-5.029585798816568,99.6624640979827,0.2007,1.635,2286,73.363,0.515,entro il 1945
047024,San Marcello Piteglio,7933,-5.951393005334913,98.25165337870682,0.2016,0.388,2768,40.11,1.15,entro il 1970
047020,Serravalle Pistoiese,11689,1.6081363004172462,98.72061074521291,0.1486,0.317,424,8.78,2.421,entro il 1980
047021,Uzzano,5722,0.36835642869671986,99.45318038254878,0.1435,0.112,266,10.743,2.311,entro il 1990
100001,Cantagallo,3140,1.2576588197355691,98.79857922646939,0.2008,0.814,2058,61.82,0.943,entro il 2000
100002,Carmignano,14663,4.855549199084668,98.76823608351596,0.1324,0.568,520,9.042,2.55,entro il 1990
100003,Montemurlo,18779,4.9633894136716785,100.48295200290393,0.1811,0.538,527,7.576,2.7,entro il 1980
100004,Poggio a Caiano,10048,4.666666666666667,100.35781188478428,0.1302,0.625,381,9.769,2.576,entro il 1990
100005,Prato,193325,4.56499986478081,100.66950659440135,0.1649,0.615,9968,12.301,2.386,entro il 1980
100006,Vaiano,10068,2.4732824427480917,98.46687952561034,0.1832,0.506,675,14.96,2.231,entro il 1990
100007,Vernio,6048,0.5820721769499418,97.84824436761484,0.2016,0.913,1016,28.238,1.681,entro il 1970
052001,Abbadia San Salvatore,6325,-3.5676170147888397,97.35321790253975,0.1409,0.814,1110,26.721,1.523,entro il 1970
052002,Asciano,7076,-2.184130494885264,99.11095155037818,0.143,5.178,948,24.301,1.814,entro il 1980
052003,Buonconvento,3137,-1.1034047919293821,99.11319524306857,0.1422,0.335,352,20.767,1.851,entro il 1980
052004,Casole d'Elsa,3852,-0.8749356664951106,98.91290732626074,0.1412,3.257,972,38.495,1.526,entro il 1970
052005,Castellina in Chianti,2852,-0.7309432648799165,99.22147997026231,0.14,0.595,624,35.036,1.601,entro il 1960
052006,Castelnuovo Berardenga,9086,3.3086981239340534,97.04485238498246,0.1379,0.073,349,8.708,2.267,entro il 1990
052007,Castiglione d'Orcia,2294,-6.710044733631558,98.86699406806638,0.1431,1.306,1080,48.214,1.024,entro il 1960
052008,Cetona,2678,-5.471231909636428,99.75486648068748,0.1461,0.382,816,40.0,1.313,entro il 1980
052009,Chianciano Terme,7050,0.09938946471674004,99.98490363014265,0.1456,0.682,865,21.877,1.783,entro il 1970
052010,Chiusdino,1877,1.2405609492988134,100.8571575302082,0.1404,0.229,652,43.612,1.256,entro il 1945
052011,Chiusi,8558,-2.893452853738795,98.50692617922128,0.1487,0.644,676,15.544,1.968,entro il 1970
052012,Colle di Val d'Elsa,21651,1.819977426636569,99.02189428281191,0.1412,0.725,1660,16.129,2.104,entro il 1990
052013,Gaiole in Chianti,2758,-0.6484149855907781,99.32666056847923,0.1233,0.1,791,40.921,1.427,entro il 1960
052037,Montalcino,5919,-2.165289256198347,99.9219956568319,0.1441,0.644,1230,31.426,1.512,entro il 1960
052015,Montepulciano,13984,-1.4378347899633492,98.53740079393185,0.1509,0.443,1156,16.474,1.993,entro il 1980
052016,Monteriggioni,9937,7.172131147540983,97.17433623709942,0.1413,0.663,864,17.963,2.066,entro il 1980
052017,Monteroni d'Arbia,9070,3.397172822617419,99.35067431515873,0.1419,1.751,380,9.992,2.385,entro il 1990
052018,Monticiano,1543,2.185430463576159,99.56883684312336,0.1405,0.312,567,46.06,1.253,entro il 1960
052019,Murlo,2449,2.9857022708158114,97.70703887987679,0.1411,0.485,491,31.821,1.587,entro il 1970
052020,Piancastagnaio,4181,0.2397506593143131,97.83376393581548,0.141,0.081,1044,36.225,1.451,entro il 1970
052021,Pienza,2082,-2.436738519212746,99.07872307881932,0.1445,0.136,388,30.218,1.621,entro il 1970
052022,Poggibonsi,29031,0.2728654324399005,99.12905648222376,0.141,0.543,1472,11.163,2.201,entro il 1990
052023,Radda in Chianti,1581,-6.338862559241706,97.95911602481863,0.1213,0.141,684,50.073,1.157,entro il 1960
052024,Radicofani,1073,-6.614447345517842,98.76355453981435,0.1443,3.387,469,49.368,1.129,entro il 1960
052025,Radicondoli,935,0.7543103448275862,100.95860155353857,0.1403,0.392,452,52.194,1.08,entro il 1918
052026,Rapolano Terme,5305,3.230200428098852,99.8920324942744,0.1419,0.63,433,16.875,2.067,entro il 1980
052027,San Casciano dei Bagni,1573,-3.850855745721271,99.15606820118342,0.1445,0.44,394,35.4,1.413,entro il 1970
052028,San Gimignano,7774,1.7805708300602252,97.60536277766141,0.1413,2.3,846,21.15,1.944,entro il 1960
052030,San Quirico d'Orcia,2646,-1.5258652772608858,98.67935716904155,0.1432,0.182,355,23.906,1.782,entro il 1990
052031,Sarteano,4705,-0.23324851569126379,98.97430636524425,0.1452,0.22,875,30.477,1.639,entro il 1980
052032,Siena,53901,2.0852272727272725,98.00936504384936,0.1415,0.095,6224,20.906,1.81,entro il 1960
052033,Sinalunga,12573,0.7048458149779736,99.52215283599735,0.1492,0.316,747,12.964,2.182,entro il 1980
052034,Sovicille,10057,0.9536237703272434,98.55341894002318,0.1413,2.605,1612,27.846,1.737,entro il 1980
052035,Torrita di Siena,7276,-1.3423728813559321,98.33928545363499,0.1493,1.567,457,13.561,2.159,entro il 1980
052036,Trequanda,1221,-8.264462809917356,97.73741951132375,0.1446,0.0,436,42.661,1.195,entro il 1960
021001,Aldino/Aldein,1656,-0.36101083032490977,98.35226287342017,0.0607,0.434,72,10.909,2.509,entro il 2000
021002,Andriano/Andrian,1024,-1.253616200578592,97.70404791312015,0.0484,0.472,5,1.247,2.554,entro il 2000
021003,Anterivo/Altrei,395,3.674540682414698,97.66914415374083,0.0615,1.562,6,3.39,2.232,entro il 1990
021004,Appiano sulla strada del vino/Eppan an der Weinstraße,14941,6.76718593683007,98.47103544549178,0.0531,0.495,290,4.834,2.491,entro il 1990
021005,Avelengo/Hafling,770,4.477611940298507,99.73170625369694,0.0452,0.319,261,49.526,1.461,entro il 2000
021006,Badia/Abtei,3491,3.7444279346210996,102.81192164437195,0.0698,0.279,458,30.231,2.304,entro il 2000
021007,Barbiano/Barbian,1710,6.608478802992519,98.68872164515457,0.0528,0.468,36,5.634,2.676,entro il 2000
021008,Bolzano/Bozen,107317,4.7138145697948985,99.8422130028427,0.0546,0.357,3299,6.781,2.206,entro il 1980
021009,Braies/Prags,652,-2.6865671641791042,103.71773334091523,0.0683,0.578,24,10.3,2.798,entro il 1990
021010,Brennero/Brenner,2184,4.697986577181208,100.93583089756739,0.0398,0.576,455,36.197,1.737,entro il 1990
021011,Bressanone/Brixen,22011,6.38986901251873,99.8116382923663,0.0551,1.234,951,10.272,2.378,entro il 2000
021012,Bronzolo/Branzoll,2798,6.347396427213988,98.75925116069855,0.0546,0.779,6,0.552,2.576,entro il 1990
021013,Brunico/Bruneck,16580,7.515725309642695,99.04845402451669,0.0555,0.352,250,3.84,2.547,entro il 2000
021014,Caines/Kuens,395,-4.5893719806763285,101.78476362289801,0.043466666666666674,0.0,15,9.375,2.469,entro il 2000
021015,Caldaro sulla strada del vino/Kaltern an der Weinstraße,8046,4.929577464788732,98.1717147994438,0.0554,0.598,541,14.485,2.154,entro il 1990
021016,Campo di Trens/Freienfeld,2645,-1.3427825438269303,99.11960944847638,0.044,0.642,130,11.883,2.418,entro il 2000
021017,Campo Tures/Sand in Taufers,5430,2.9188779378316907,99.71725888406026,0.0508,0.393,195,8.9,2.478,entro il 2000
021018,Castelbello-Ciardes/Kastelbell-Tschars,2311,-3.10272536687631,101.47094160940671,0.0494,0.492,67,7.008,2.417,entro il 2000
021019,Castelrotto/Kastelruth,6891,7.086247086247087,100.17842499857106,0.0606,0.492,1340,36.374,1.871,entro il 2000
021020,Cermes/Tscherms,1546,9.103740296400847,100.24991926749283,0.0445,0.391,7,1.294,2.858,entro il 1990
021021,Chienes/Kiens,2838,5.3452115812917596,99.89797746738688,0.0513,0.388,240,19.465,2.302,entro il 2000
021022,Chiusa/Klausen,5235,2.046783625730994,99.01367443469125,0.054,0.388,107,5.245,2.566,entro il 2000
021023,Cornedo all'Isarco/Karneid,3391,2.200120554550934,100.42377599749916,0.0579,0.442,81,6.378,2.67,entro il 2000
021024,Cortaccia sulla strada del vino/Kurtatsch an der Weinstraße,2235,0.35922766052986077,97.06900617478122,0.0563,0.685,80,8.368,2.338,entro il 1990
021025,Cortina sulla strada del vino/Kurtinig an der Weinstraße,664,1.529051987767584,96.32471223873215,0.0577,0.694,0,0.0,2.544,entro il 1990
021026,Corvara in Badia/Corvara,1372,4.652936689549962,100.73632480137974,0.0668,0.299,451,48.969,1.49,entro il 2000
021027,Curon Venosta/Graun im Vinschgau,2381,-1.8953440461475073,101.06773604834494,0.1174,0.407,294,25.477,2.063,entro il 2000
021028,Dobbiaco/Toblach,3346,0.9656004828002415,100.54429005993573,0.076,0.619,73,5.935,2.72,entro il 2000
021029,Egna/Neumarkt,5278,6.197183098591549,98.5657574213711,0.0578,0.48,110,5.051,2.423,entro il 1990
021030,Falzes/Pfalzen,2783,4.037383177570093,101.41609874451966,0.0515,0.365,287,23.602,2.289,entro il 2000
021031,Fiè allo Sciliar/Völs am Schlern,3595,4.597032295606634,99.23854198916796,0.0579,0.363,302,18.922,2.253,entro il 2000
021032,Fortezza/Franzensfeste,999,2.7777777777777777,99.60138678968812,0.0465,0.625,50,10.753,2.148,entro il 1980
021033,Funes/Villnöß,2603,1.1266511266511265,101.84830989466877,0.0578,0.476,356,29.109,2.128,entro il 2000
021034,Gais/Gais,3279,3.373266078184111,100.29063067965104,0.0527,0.462,88,7.19,2.679,entro il 2000
021035,Gargazzone/Gargazon,1688,1.3813813813813813,98.68182284932175,0.0462,0.337,35,5.043,2.432,entro il 2000
021036,Glorenza/Glurns,887,-0.22497187851518563,97.73313389195576,0.1131,0.372,38,10.215,2.384,entro il 2000
021117,La Valle/Wengen,1387,7.269914926527456,102.96293109322576,0.0622,0.292,114,21.881,2.662,entro il 2000
021037,Laces/Latsch,5216,1.3602798289933928,100.31434661374568,0.0547,0.328,254,11.678,2.398,entro il 2000
021038,Lagundo/Algund,5046,3.6778302855968765,100.13960088550851,0.0447,0.538,207,9.103,2.219,entro il 2000
021039,Laion/Lajen,2675,1.6723679209426074,99.50736036203268,0.0549,0.487,267,22.084,2.213,entro il 2000
021040,Laives/Leifers,17954,6.098569908994208,98.57878121445387,0.0546,0.366,110,1.591,2.596,entro il 1990
021041,Lana/Lana,12286,9.267164710067592,99.52386009543761,0.0457,0.368,100,2.13,2.617,entro il 2000
021042,Lasa/Laas,4028,3.0442568431823998,100.93111051361157,0.0904,0.434,101,6.627,2.643,entro il 2000
021043,Lauregno/Laurein,338,-1.744186046511628,105.18385353306529,0.0479,0.917,12,9.677,2.726,entro il 2000
021044,Luson/Lüsen,1545,1.0464355788096795,99.55140430190764,0.0548,0.612,40,6.957,2.687,entro il 1990
021045,Magrè sulla strada del vino/Margreid an der Weinstraße,1295,0.6216006216006216,96.78154611804888,0.0564,0.667,53,9.25,2.26,entro il 1980
021046,Malles Venosta/Mals,5265,3.5194651985843493,101.09853656570358,0.1209,0.46,249,12.224,2.585,entro il 2000
021047,Marebbe/Enneberg,3037,4.6519641626464505,101.16580585322438,0.0691,0.384,693,41.949,1.838,entro il 2000
021048,Marlengo/Marling,2710,6.692913385826772,96.34509910381303,0.0442,0.624,1,0.093,2.509,entro il 2000
021049,Martello/Martell,853,-2.847380410022779,98.2192268456249,0.0666,0.719,50,13.661,2.331,entro il 2000
021050,Meltina/Mölten,1679,1.4501510574018126,100.9427963299397,0.0476,0.269,38,6.159,2.721,entro il 2000
021051,Merano/Meran,40485,8.167681949342738,99.4860630588531,0.0447,0.648,2660,13.626,2.074,entro il 1980
021052,Monguelfo-Tesido/Welsberg-Taisten,2867,2.466047176554682,100.83850014884592,0.059,0.536,21,2.035,2.778,entro il 2000
021053,Montagna/Montan,1684,2.7455765710799267,97.56890647963766,0.0569,0.548,28,4.236,2.548,entro il 1990
021054,Moso in Passiria/Moos in Passeier,2097,-2.8266913809082483,109.68097862820623,0.0437,0.391,76,10.734,2.962,entro il 2000
021055,Nalles/Nals,2019,10.147299509001636,97.70177281843462,0.0473,0.272,78,9.209,2.384,entro il 2000
021056,Naturno/Naturns,5805,4.331416247304098,99.53550782831638,0.0468,0.269,83,3.747,2.621,entro il 2000
021057,Naz-Sciaves/Natz-Schabs,3187,10.20055325034578,98.73953887890096,0.0494,0.482,41,3.671,2.853,entro il 2000
021058,Nova Levante/Welschnofen,1976,3.836048344718865,98.35099743607802,0.0634,0.264,968,56.148,1.146,entro il 2000
021059,Nova Ponente/Deutschnofen,3917,0.7199794291591669,100.06817421881458,0.0646,0.404,472,25.541,2.12,entro il 2000
021060,Ora/Auer,3795,7.021996615905245,97.71561046368576,0.0553,0.498,82,5.277,2.442,entro il 1990
021061,Ortisei/St. Ulrich,4883,4.988174586110514,99.66321195422069,0.0581,0.425,934,34.618,1.81,entro il 1990
021062,Parcines/Partschins,3725,4.900028161081385,99.2471746384029,0.0455,0.269,39,2.822,2.695,entro il 2000
021063,Perca/Percha,1550,5.802047781569966,98.86655366021826,0.0547,0.266,107,16.745,2.426,entro il 2000
021064,Plaus/Plaus,712,3.1884057971014492,97.70374472451167,0.0448,0.82,71,21.257,2.132,entro il 2000
021065,Ponte Gardena/Waidbruck,193,-0.5154639175257731,100.36778108500485,0.056100000000000004,0.0,4,5.063,2.443,entro il 1990
021066,Postal/Burgstall,1887,7.033465683494045,99.04877005394201,0.0457,0.0,5,0.695,2.624,entro il 2000
021067,Prato allo Stelvio/Prad am Stilfserjoch,3606,7.353378981839834,100.2182026575595,0.111,0.442,145,10.379,2.581,entro il 2000
021068,Predoi/Prettau,547,-8.985024958402663,103.75620598603442,0.0456,0.469,65,22.491,1.893,entro il 1990
021069,Proves/Proveis,267,0.0,108.29265008009327,0.0474,1.064,17,17.0,2.67,entro il 1980
021070,Racines/Ratschings,4471,2.007757243896874,99.91336256005194,0.0424,0.374,179,10.592,2.646,entro il 2000
021071,Rasun-Anterselva/Rasen-Antholz,2907,1.7857142857142856,101.19095234362653,0.0558,0.441,426,29.916,2.041,entro il 2000
021072,Renon/Ritten,7892,3.1229583169998696,100.78422101344609,0.0538,0.51,873,24.426,2.208,entro il 2000
021073,Rifiano/Riffian,1357,0.9672619047619048,100.01207185419466,0.0428,0.403,94,16.608,2.398,entro il 2000
021074,Rio di Pusteria/Mühlbach,3097,6.572608396421198,101.96553345683932,0.0477,0.364,284,22.188,2.42,entro il 2000
021075,Rodengo/Rodeneck,1230,3.535353535353535,102.15190254778162,0.0516,0.312,39,8.667,2.733,entro il 2000
021076,Salorno/Salurn,3842,8.46979107848673,101.18237138812408,0.0589,0.724,61,4.105,2.585,entro il 1990
021077,San Candido/Innichen,3352,4.456216889996884,100.69388333268415,0.0728,0.59,49,3.892,2.662,entro il 2000
021079,San Genesio Atesino/Jenesien,3045,3.2203389830508473,100.15676893550003,0.0501,0.541,179,14.904,2.535,entro il 2000
021080,San Leonardo in Passiria/St. Leonhard in Passeier,3552,0.9090909090909091,101.80418607315933,0.0423,0.403,70,5.521,2.801,entro il 2000
021081,San Lorenzo di Sebato/St. Lorenzen,3889,2.9653163886682554,101.45781329451566,0.055,0.588,329,19.724,2.332,entro il 2000
021082,San Martino in Badia/St. Martin in Thurn,1744,0.8675534991324465,103.08820697081934,0.0599,0.216,306,35.213,2.007,entro il 2000
021083,San Martino in Passiria/St. Martin in Passeier,3233,3.1918289179699966,101.89149246948531,0.0424,0.338,61,5.245,2.78,entro il 2000
021084,San Pancrazio/St. Pankraz,1549,-2.0859671302149176,100.84193219323294,0.0464,0.693,115,17.164,2.312,entro il 1980
021085,Santa Cristina Valgardena/St. Christina in Gröden,1956,4.15335463258786,97.45039360326568,0.0613,0.593,483,40.183,1.627,entro il 2000
021086,Sarentino/Sarntal,7098,2.9292343387471,100.25242314956502,0.0492,0.503,416,14.222,2.427,entro il 2000
021087,Scena/Schenna,2903,2.4708789269325804,103.05048433785,0.0439,0.485,370,27.347,2.146,entro il 2000
021088,Selva dei Molini/Mühlwald,1437,-2.044989775051125,105.22759258351371,0.0485,0.465,143,23.913,2.403,entro il 2000
021089,Selva di Val Gardena/Wolkenstein in Gröden,2621,-1.3920240782543265,98.58149415438827,0.0635,0.418,699,42.989,1.612,entro il 2000
021118,Senale-San Felice/Unsere Liebe Frau im Walde-St. Felix,769,-1.4102564102564104,101.78048719291563,0.0477,0.403,39,11.963,2.359,entro il 1990
021091,Senales/Schnals,1231,-5.3076923076923075,102.67365953646859,0.0642,0.532,70,13.619,2.395,entro il 1990
021092,Sesto/Sexten,1906,-1.294665976178146,101.08799352080636,0.0784,0.777,26,3.562,2.611,entro il 1990
021093,Silandro/Schlanders,6181,3.60375460945357,100.24469509214936,0.0703,0.43,112,4.712,2.6,entro il 2000
021094,Sluderno/Schluderns,1820,-0.21929824561403508,100.88542512985089,0.1052,0.427,94,12.368,2.395,entro il 2000
021095,Stelvio/Stilfs,1150,-2.5423728813559325,101.52518207069399,0.1122,0.855,80,15.842,2.277,entro il 1980
021096,Terento/Terenten,1753,1.3294797687861273,101.31791435399822,0.0487,0.305,182,23.979,2.31,entro il 2000
021097,Terlano/Terlan,4391,5.96042471042471,99.10422089782865,0.0489,0.515,53,3.132,2.595,entro il 1990
021098,Termeno sulla strada del vino/Tramin an der Weinstraße,3409,3.397027600849257,98.22353491406867,0.0554,0.662,47,3.523,2.555,entro il 1990
021099,Tesimo/Tisens,1979,5.942184154175589,98.90222991954818,0.0469,0.655,94,11.663,2.455,entro il 2000
021100,Tires/Tiers,987,1.6477857878475797,99.62359274450527,0.0608,0.366,160,31.068,1.917,entro il 2000
021101,Tirolo/Tirol,2456,0.36779730281977935,99.13338482679127,0.0437,0.4,159,14.507,2.241,entro il 1990
021102,Trodena nel parco naturale/Truden im Naturpark,1028,1.1811023622047243,98.28930957759802,0.0595,0.725,5,1.235,2.538,entro il 1990
021103,Tubre/Taufers im Münstertal,981,1.7634854771784232,99.07773261822814,0.1219,0.647,38,8.92,2.303,entro il 2000
021104,Ultimo/Ulten,2871,-1.4418125643666324,104.3632560928565,0.0523,0.623,293,22.556,2.21,entro il 1990
021105,Vadena/Pfatten,1051,4.473161033797217,100.2467071637853,0.0538,1.527,4,1.028,2.702,entro il 2000
021107,Val di Vizze/Pfitsch,3071,11.147303655446978,98.71543361369515,0.042,0.418,167,13.79,2.536,entro il 2000
021106,Valdaora/Olang,3174,2.090704406561595,98.83094503576673,0.0589,0.347,661,36.886,1.771,entro il 2000
021108,Valle Aurina/Ahrntal,5998,1.5921409214092141,101.4077941483726,0.0461,0.412,593,23.228,2.349,entro il 2000
021109,Valle di Casies/Gsies,2329,2.961980548187445,107.51317023181655,0.0595,0.442,32,4.604,3.351,entro il 2000
021110,Vandoies/Vintl,3336,2.7726432532347505,102.70952811948003,0.0485,0.375,129,10.198,2.637,entro il 2000
021111,Varna/Vahrn,4546,6.914393226716839,99.59665861895267,0.049,0.452,123,6.949,2.568,entro il 2000
021116,Velturno/Feldthurns,2909,5.974499089253188,101.13006867255402,0.0516,0.313,203,18.388,2.635,entro il 2000
021112,Verano/Vöran,952,2.4757804090419806,105.48420738808898,0.046,0.0,100,25.0,2.38,entro il 2005
021113,Villabassa/Niederdorf,1605,8.887381275440976,101.96304146341816,0.0632,0.24,44,7.42,2.707,entro il 2000
021114,Villandro/Villanders,1853,-2.2679324894514767,98.82866459391761,0.051,0.634,98,12.861,2.432,entro il 2000
021115,Vipiteno/Sterzing,6956,8.772478498827208,97.94956891847724,0.041,0.485,310,10.347,2.322,entro il 2000
022001,Ala,8887,-0.05623031938821412,97.50524852816457,0.1637,2.903,1294,26.808,1.841,entro il 1990
022002,Albiano,1482,-2.0489094514210175,96.64319829353111,0.0647,0.911,147,20.502,2.067,entro il 2000
022003,Aldeno,3133,2.856204858831254,96.29588009927825,0.0968,0.552,204,14.157,2.174,entro il 1990
022235,Altavalle,1632,-0.7299270072992701,97.37025432097579,0.0623,2.765,406,38.086,1.531,entro il 1970
022236,Altopiano della Vigolana,5015,4.544506983531374,95.18466516027978,0.101,1.991,822,28.883,1.762,entro il 1980
022237,Amblar-Don,503,5.450733752620545,94.38657921351502,0.0519,1.923,305,60.277,0.994,entro il 1980
022005,Andalo,1102,7.6171875,97.50002957832085,0.0597,0.275,1006,69.91,0.766,entro il 1980
022006,Arco,17716,5.13946587537092,97.49122757221316,0.1258,0.934,1696,19.164,2.002,entro il 1990
022007,Avio,4091,-0.7279786459597185,96.40543992479293,0.1637,0.447,441,21.713,2.014,entro il 1980
022009,Baselga di Pinè,5075,2.670443050778879,96.94167941900875,0.0691,1.591,1785,46.814,1.331,entro il 1980
022011,Bedollo,1483,0.47425474254742545,94.86883436205521,0.0701,0.16,591,48.562,1.219,entro il 1970
022013,Besenello,2663,5.800556217719508,94.70937724859414,0.1081,1.307,280,21.505,2.045,entro il 2000
022015,Bieno,433,1.643192488262911,97.53569523314273,0.1002,0.576,411,66.938,0.705,entro il 1990
022017,Bleggio Superiore,1573,-1.8714909544603868,97.5315069442951,0.0881,0.906,682,53.448,1.233,entro il 1980
022018,Bocenago,393,-2.9629629629629632,98.0131821629702,0.0593,1.31,603,76.913,0.501,entro il 1980
022021,Bondone,667,-0.29895366218236175,96.4525927555977,0.1402,1.201,312,50.732,1.085,entro il 1970
022238,Borgo Chiese,2015,-3.218059558117195,96.71826302656169,0.1186,2.168,525,39.296,1.508,entro il 1960
022239,Borgo Lares,710,0.7092198581560284,94.38195440678798,0.086,0.0,202,40.891,1.437,entro il 1980
022022,Borgo Valsugana,6949,1.8466950021984465,97.62277898109095,0.103,1.796,839,22.842,1.892,entro il 1980
022025,Brentonico,3961,1.564102564102564,96.44106724755676,0.1529,0.676,2236,58.108,1.029,entro il 1980
022026,Bresimo,249,-1.1904761904761905,95.418268213357,0.0488,0.0,94,43.721,1.158,entro il 1970
022027,Brez,756,6.478873239436619,98.24801813517333,0.0486,0.382,218,42.829,1.485,entro il 1980
022029,Caderzone Terme,669,0.0,95.96793614628183,0.058,0.551,759,71.807,0.633,entro il 1970
022030,Cagnò,330,-8.07799442896936,94.05569883704646,0.0491,0.0,62,29.665,1.579,entro il 1960
022032,Calceranica al Lago,1358,4.22102839600921,95.49015025532081,0.0883,0.0,400,40.858,1.387,entro il 1980
022033,Caldes,1089,0.18399264029438822,93.59147474751356,0.0491,5.938,381,46.182,1.32,entro il 1990
022034,Caldonazzo,3736,11.35618479880775,97.09770128728758,0.0956,1.568,515,26.643,1.933,entro il 1980
022035,Calliano,1920,18.81188118811881,96.56866358721113,0.096,0.778,126,15.385,2.344,entro il 1990
022036,Campitello di Fassa,730,-0.4092769440654843,102.00751766258452,0.0668,0.0,678,68.832,0.741,entro il 1990
022037,Campodenno,1486,-0.46885465505693236,94.041396239761,0.0542,0.199,177,23.382,1.963,entro il 1980
022038,Canal San Bovo,1499,-5.485498108448928,97.74655316647426,0.1357,6.276,1702,69.131,0.609,entro il 1945
022039,Canazei,1907,-0.31364349189754315,98.14716177841022,0.0748,1.408,1327,64.075,0.921,entro il 1990
022040,Capriana,589,-2.4834437086092715,98.02213085193742,0.0604,0.389,427,62.702,0.865,entro il 1945
022041,Carano,1090,1.6791044776119404,97.214142941014,0.0616,1.918,1032,70.444,0.744,entro il 1990
022042,Carisolo,965,-2.2289766970618032,97.17557061522585,0.0546,0.789,1388,77.499,0.539,entro il 1990
022043,Carzano,530,6.212424849699398,96.30690234692027,0.09886666666666666,0.0,67,25.094,1.985,entro il 1990
022045,Castel Condino,231,-3.75,97.57248144073232,0.1018,0.0,181,60.943,0.778,entro il 1980
022240,Castel Ivano,3314,-2.385861561119293,96.42331883552357,0.1086,0.481,434,24.645,1.882,entro il 1980
022046,Castelfondo,603,-4.588607594936709,94.64887020854228,0.0484,0.0,87,25.145,1.743,entro il 1980
022048,Castello Tesino,1201,-8.11017597551645,94.6965671461404,0.1282,5.126,1098,60.33,0.66,entro il 1980
022047,Castello-Molina di Fiemme,2307,1.6747465843984135,96.43683658421526,0.074,1.543,558,36.686,1.517,entro il 1980
022049,Castelnuovo,1035,0.09671179883945842,97.58839422017188,0.105,0.977,80,16.495,2.134,entro il 2000
022050,Cavalese,4075,2.8520949015648664,97.69947272684531,0.0724,0.746,1764,51.279,1.185,entro il 1980
022051,Cavareno,1074,3.969022265246854,95.00082990154007,0.0518,3.516,760,64.081,0.906,entro il 1990
022052,Cavedago,531,0.18867924528301888,96.57916054819349,0.0572,2.19,545,68.553,0.668,entro il 2000
022053,Cavedine,2952,1.4084507042253522,96.36663676356812,0.1031,0.522,510,30.594,1.771,entro il 1990
022054,Cavizzana,242,-5.836575875486381,95.42379454999312,0.0491,1.299,53,34.194,1.561,entro il 1990
022241,Cembra Lisignago,2341,0.7748600947051227,97.75041737137045,0.0628,2.812,347,27.453,1.852,entro il 1980
022058,Cimone,700,1.4492753623188406,96.04584315926277,0.0895,0.0,707,71.414,0.707,entro il 1990
022059,Cinte Tesino,354,-5.347593582887701,96.50286943759541,0.1219,2.521,210,50.239,0.847,entro il 2000
022060,Cis,302,-1.6286644951140066,94.70545884748901,0.049325,10.606,69,33.659,1.473,entro il 1990
022061,Civezzano,4025,2.0537525354969577,95.2442567080901,0.0723,1.724,439,21.841,2.002,entro il 1980
022062,Cles,7009,3.6067997043606805,97.47158793441682,0.051,2.076,628,18.552,2.071,entro il 1980
022063,Cloz,676,-7.650273224043716,98.88814628639683,0.0491,1.01,106,28.267,1.803,entro il 1980
022228,Comano Terme,2964,1.646090534979424,97.86363052464374,0.0973,1.202,964,45.365,1.395,entro il 2000
022064,Commezzadura,1010,0.7984031936127743,97.04887667877917,0.0507,0.0,442,52.123,1.191,entro il 1990
022242,Contà,1418,1.9410496046010064,98.0291210355387,0.0522,1.359,242,29.657,1.738,entro il 1980
022068,Croviana,684,-2.005730659025788,96.97462788154259,0.0498,1.205,114,29.381,1.763,entro il 2000
022070,Daiano,658,-5.5954088952654235,95.59958960302617,0.0629,0.0,324,50.155,1.019,entro il 1970
022071,Dambel,430,-0.9216589861751152,99.17554014542291,0.0497,1.266,76,30.522,1.727,entro il 1960
022074,Denno,1264,0.3971405877680699,96.73528798210835,0.0527,0.0,149,23.281,1.975,entro il 1990
022233,Dimaro Folgarida,2156,1.5544041450777202,97.27963460828049,0.0515,0.612,2068,69.141,0.721,entro il 1990
022078,Drena,574,4.174228675136116,96.0576473970502,0.1033,0.0,56,19.858,2.035,entro il 1990
022079,Dro,4986,8.888403581568028,98.41082589305566,0.1035,3.215,440,19.172,2.173,dopo il 2005
022080,Faedo,648,6.055646481178396,93.80669770005497,0.0592,1.13,68,22.368,2.132,entro il 1980
022081,Fai della Paganella,905,0.5555555555555556,98.05856242397843,0.06,0.23,566,58.592,0.937,entro il 1980
022083,Fiavè,1088,-0.5484460694698354,98.05947237994184,0.097,0.932,274,37.637,1.495,entro il 1970
022085,Fierozzo,476,-0.20964360587002098,97.75517886130505,0.0754,5.323,165,46.875,1.352,entro il 2000
022087,Folgaria,3161,0.7650621613006057,95.1888874576349,0.1333,0.37,4575,75.408,0.521,entro il 1980
022088,Fondo,1447,0.6258692628650904,96.5443969406936,0.0491,0.429,435,43.027,1.431,entro il 1980
022089,Fornace,1343,1.2057272042200453,99.9072398679969,0.0671,0.0,147,22.826,2.085,entro il 1990
022090,Frassilongo,345,7.8125,97.31530578233905,0.0786,1.938,156,52.0,1.15,entro il 1960
022091,Garniga Terme,375,-1.574803149606299,98.56149194631158,0.0891,3.863,221,53.771,0.912,entro il 1980
022092,Giovo,2521,2.064777327935223,95.70645973118486,0.0625,0.299,256,21.405,2.108,entro il 2000
022093,Giustino,725,-1.4945652173913044,96.94798717318581,0.0562,1.812,1005,76.776,0.554,entro il 1990
022095,Grigno,2193,-3.9842381786339756,95.74338121605753,0.1453,0.217,364,27.205,1.639,entro il 1980
022097,Imer,1195,0.7588532883642496,96.8389843230007,0.1375,0.0,531,51.603,1.161,entro il 1980
022098,Isera,2790,5.922551252847381,98.13639879757471,0.1252,1.802,283,21.375,2.107,entro il 1990
022102,Lavarone,1157,7.328385899814471,99.22286720488566,0.1094,0.281,1969,79.878,0.469,entro il 1980
022103,Lavis,8969,3.8439272895681373,97.6746917228621,0.0611,0.908,157,4.524,2.585,entro il 1990
022229,Ledro,5292,-2.845603084266569,97.2010791158117,0.1372,1.06,3060,57.692,0.998,entro il 1980
022104,Levico Terme,8000,6.3264221158958,98.2509451596875,0.1052,3.196,1688,35.284,1.672,entro il 1980
022106,Livo,826,-6.877113866967305,94.16297335048667,0.0484,5.221,147,29.225,1.642,entro il 1980
022108,Lona-Lases,881,0.45610034207525657,103.07550298730465,0.0641,1.149,136,29.247,1.895,entro il 2000
022109,Luserna,263,-4.710144927536232,95.71982882073914,0.1157,1.463,90,37.657,1.1,entro il 1980
022243,Madruzzo,2886,3.8876889848812093,96.56683916008986,0.0777,1.784,479,29.919,1.803,entro il 1980
022110,Malè,2210,4.147031102733271,96.83303856615335,0.0495,0.0,650,41.296,1.404,entro il 1990
022111,Malosco,433,-3.5634743875278394,97.78669879607631,0.0494,0.948,325,64.103,0.854,entro il 1990
022112,Massimeno,134,8.94308943089431,97.66832031169321,0.058,0.0,226,78.746,0.467,entro il 1945
022113,Mazzin,564,10.588235294117647,100.46988680294871,0.0685,1.98,1144,85.246,0.42,entro il 1990
022114,Mezzana,895,2.1689497716894977,98.78651370095287,0.0508,0.303,2619,87.798,0.3,entro il 1980
022115,Mezzano,1603,-0.5583126550868486,96.2515285960173,0.1636,1.978,820,55.071,1.077,entro il 1970
022116,Mezzocorona,5477,5.754006564973933,96.68516025179892,0.0575,0.711,330,13.344,2.215,entro il 1980
022117,Mezzolombardo,7156,4.4061861686606365,96.95094064553231,0.0581,2.573,524,15.707,2.145,entro il 1980
022118,Moena,2639,-1.603281133482476,97.48823924822965,0.0807,1.067,1868,62.308,0.88,entro il 1980
022120,Molveno,1123,0.9892086330935251,98.93851441143542,0.0593,0.0,741,60.44,0.916,entro il 1980
022123,Mori,9846,3.94847972972973,96.96329859807378,0.144,2.471,490,11.251,2.261,entro il 1980
022124,Nago-Torbole,2817,2.9605263157894735,96.10175572678541,0.144,0.403,594,33.654,1.596,entro il 1980
022126,Nave San Rocco,1406,0.4285714285714286,98.26810800076936,0.0598,0.357,84,14.213,2.379,entro il 2000
022127,Nogaredo,2066,8.33770319874148,95.4237560497308,0.1174,0.0,109,12.247,2.321,entro il 1990
022128,Nomi,1332,-4.103671706263499,96.12721990585962,0.1087,0.0,88,15.068,2.281,entro il 1970
022129,Novaledo,1081,5.8765915768854065,98.13656935024623,0.0888,3.654,52,11.183,2.325,entro il 1990
022130,Ospedaletto,803,-1.8337408312958436,95.2216953261772,0.1126,0.0,98,23.168,1.898,entro il 1990
022131,Ossana,837,-1.2971698113207548,95.66266685938714,0.0523,0.0,847,70.349,0.695,entro il 1980
022133,Palù del Fersina,165,-1.7857142857142856,93.4495333542989,0.0746,1.075,183,66.788,0.602,entro il 2000
022134,Panchià,837,9.55497382198953,95.84261539550393,0.0742,0.0,328,51.17,1.306,entro il 1980
022136,Peio,1832,-2.863202545068929,96.47493287638693,0.0612,0.925,1638,66.423,0.743,entro il 2000
022137,Pellizzano,779,-3.7082818294190356,94.62770440146707,0.0551,2.727,707,66.887,0.737,entro il 1980
022138,Pelugo,391,3.7135278514588856,95.96963860727402,0.0634,0.0,213,56.349,1.034,entro il 1980
022139,Pergine Valsugana,21384,4.465070835368833,97.40862264188775,0.0821,0.909,1809,17.927,2.119,entro il 1990
022234,Pieve di Bono-Prezzo,1442,-6.96774193548387,96.69085292153642,0.1065,0.306,617,48.852,1.142,entro il 1990
022142,Pieve Tesino,656,-2.9585798816568047,99.94836705664886,0.1047,1.289,632,64.887,0.674,entro il 1945
022143,Pinzolo,3045,-2.027027027027027,96.81251750874175,0.056,0.764,5551,81.084,0.445,entro il 1980
022144,Pomarolo,2487,5.114116652578192,96.09301652970844,0.1093,0.242,187,16.404,2.182,entro il 1990
022244,Porte di Rendena,1807,2.9043280182232345,96.49216654245336,0.0679,0.0,583,44.301,1.373,entro il 1980
022230,Predaia,6674,2.14263850627487,96.37951219118914,0.0543,1.438,1980,44.187,1.489,entro il 1980
022147,Predazzo,4540,0.176522506619594,98.13425314285732,0.0897,1.156,1572,45.447,1.313,entro il 1990
022245,Primiero San Martino di Castrozza,5398,-0.33234859675036926,96.23755920116498,0.1648,0.476,4191,64.967,0.837,entro il 1980
022150,Rabbi,1363,-1.9424460431654675,94.38429510364665,0.0551,0.0,677,52.318,1.053,entro il 1990
022152,Revò,1278,1.3481363996827915,97.28202493238088,0.0493,0.0,147,23.37,2.032,entro il 1980
022153,Riva del Garda,17370,9.999366727882972,98.61674197894767,0.1378,0.78,1921,21.618,1.955,entro il 1980
022154,Romallo,615,1.6528925619834711,94.9074197356467,0.0495,0.568,163,38.902,1.468,entro il 1980
022155,Romeno,1397,2.0452885317750185,94.47878065107663,0.0508,1.617,464,45.357,1.366,entro il 1980
022156,Roncegno Terme,2906,3.269367448471926,94.99379852689093,0.0917,3.036,725,38.625,1.548,entro il 1980
022157,Ronchi Valsugana,434,4.326923076923077,93.45533398181648,0.0817,0.755,212,54.78,1.121,entro il 1970
022135,Ronzo-Chienis,982,-1.4056224899598393,94.91169991358557,0.1256,1.519,366,43.623,1.17,entro il 1980
022159,Ronzone,436,11.508951406649617,98.05902434623833,0.050375,3.271,531,74.684,0.613,entro il 1980
022160,Roverè della Luna,1643,4.716379859783301,99.61648223770716,0.0567,0.0,94,12.55,2.194,entro il 1980
022161,Rovereto,39825,5.496688741721854,98.9907097820471,0.1478,0.656,3044,15.731,2.058,entro il 1990
022162,Ruffrè-Mendola,407,-1.9277108433734942,93.07839776938489,0.0505,1.976,580,73.98,0.519,entro il 1970
022163,Rumo,811,-0.9768009768009768,96.08177392371373,0.0482,0.325,463,57.516,1.007,entro il 1990
022164,Sagron Mis,187,2.185792349726776,98.1685044524756,0.156,2.256,179,68.582,0.716,entro il 1980
022165,Samone,548,1.107011070110701,94.83348468685948,0.1086,0.0,87,27.885,1.756,entro il 1980
022231,San Lorenzo Dorsino,1562,-3.2218091697645597,97.46344948349827,0.0713,0.42,912,56.893,0.974,entro il 1970
022167,San Michele all'Adige,3151,8.580289455547899,99.15960879477667,0.0586,0.897,252,17.647,2.207,entro il 1990
022168,Sant'Orsola Terme,1122,4.372093023255814,95.87181481305845,0.0708,0.242,257,36.61,1.598,entro il 1990
022169,Sanzeno,928,0.0,95.23491853508364,0.0499,0.338,164,30.827,1.744,entro il 1970
022170,Sarnonico,778,3.733333333333334,96.8086066970519,0.0499,0.837,307,50.328,1.275,entro il 1980
022171,Scurelle,1422,1.4265335235378032,96.81031691599038,0.0973,0.382,342,38.212,1.589,entro il 1980
022172,Segonzano,1447,-5.301047120418848,99.21127505641897,0.0649,1.931,338,36.073,1.544,entro il 1970
022246,Sella Giudicarie,2946,0.9595613433858807,95.3941951748791,0.093,0.921,1342,53.085,1.165,entro il 1980
022250,Sèn Jan di Fassa,3538,5.485986881335719,97.9030936052047,0.069,1.921,2515,67.102,0.944,entro il 1990
022173,Sfruz,347,5.151515151515151,95.3073324334432,0.0526,0.595,326,69.807,0.743,entro il 1980
022176,Soraga,699,-5.412719891745602,99.73741483789577,0.0787,0.467,424,62.353,1.028,entro il 1990
022177,Sover,824,-6.363636363636363,96.22650342916351,0.0659,0.267,379,50.399,1.096,entro il 1960
022179,Spiazzo,1260,-3.300076745970836,96.92541754820569,0.0637,0.721,1078,66.998,0.783,entro il 1980
022180,Spormaggiore,1265,0.796812749003984,99.29991545661008,0.0568,1.515,228,31.579,1.752,entro il 1990
022181,Sporminore,707,-0.9803921568627451,95.13352989058643,0.0556,1.739,108,28.125,1.841,entro il 1970
022182,Stenico,1186,4.309586631486368,94.90158447944415,0.0741,0.206,651,56.707,1.033,entro il 1980
022183,Storo,4596,-1.2886597938144329,96.95057814430302,0.136,1.656,954,34.59,1.666,entro il 1990
022184,Strembo,562,5.639097744360902,95.98424786907286,0.0592,2.521,464,65.077,0.788,entro il 1990
022188,Telve,2008,1.1077542799597182,96.16088321412803,0.0943,3.525,413,34.706,1.687,entro il 1990
022189,Telve di Sopra,595,-2.936378466557912,96.09806502810949,0.0816,0.0,200,43.668,1.299,entro il 1990
022190,Tenna,996,4.184100418410042,95.6310776573857,0.09430000000000001,0.309,250,38.285,1.525,entro il 1990
022191,Tenno,1996,1.0121457489878543,95.76297664690024,0.1104,0.0,529,37.786,1.426,entro il 1980
022193,Terragnolo,714,-5.305039787798409,95.94386330663079,0.1394,5.606,457,55.8,0.872,entro il 1945
022195,Terzolas,626,2.287581699346405,93.91098769675025,0.0495,2.907,193,42.605,1.382,entro il 1980
022196,Tesero,2940,2.689486552567237,97.17723949722732,0.0741,2.432,795,41.385,1.53,entro il 1980
022199,Tione di Trento,3635,0.46987285793255945,97.98773198844513,0.0846,2.195,1107,42.398,1.392,entro il 1980
022200,Ton,1316,0.07604562737642585,97.69447836391825,0.0555,1.305,126,19.874,2.076,entro il 1980
022202,Torcegno,691,-1.2857142857142856,96.60112741615782,0.0857,5.357,270,49.451,1.266,entro il 2000
022203,Trambileno,1471,8.082292432035269,94.60615127201741,0.1453,0.935,299,34.566,1.701,entro il 1970
022247,Tre Ville,1418,0.9971509971509971,95.22960352265207,0.0701,1.28,1357,69.235,0.723,entro il 1970
022205,Trento,117997,3.4489711825920764,97.88973902413944,0.0884,0.744,8904,15.302,2.028,entro il 1980
022232,Valdaone,1177,-2.8075970272502064,95.37750826479564,0.0958,3.984,675,56.344,0.982,entro il 1970
022209,Valfloriana,470,-10.476190476190476,96.4164461492578,0.0712,0.0,224,46.091,0.967,entro il 1960
022210,Vallarsa,1360,1.9490254872563717,96.50317772650429,0.1594,2.262,977,61.835,0.861,entro il 1960
022248,Vallelaghi,5053,5.095673876871881,95.47627998168538,0.0714,0.286,772,27.493,1.8,entro il 1990
022211,Varena,841,-0.8254716981132075,96.38434624479135,0.0642,0.0,440,54.054,1.033,entro il 1970
022213,Vermiglio,1846,-1.0718113612004287,97.23569327424292,0.0543,1.455,1666,68.673,0.761,entro il 1990
022216,Vignola-Falesina,160,-3.614457831325301,99.36153043905884,0.0771,0.985,176,71.255,0.648,entro il 1970
022222,Villa Lagarina,3823,2.9625639644492323,96.43898323889162,0.1103,0.409,766,33.789,1.686,entro il 1990
022249,Ville d'Anaunia,4854,-1.2008955831467536,97.6593768350104,0.0549,1.022,640,24.864,1.886,entro il 1980
022224,Volano,3048,-2.245028864656831,95.83994785665926,0.1162,1.698,340,21.131,1.894,entro il 2000
022225,Zambana,1732,6.91358024691358,97.13351847929435,0.0605,0.0,48,6.723,2.426,entro il 1970
022226,Ziano di Fiemme,1742,3.7522334723049435,96.3399645027493,0.0767,0.559,718,51.543,1.251,entro il 1990
054001,Assisi,28352,3.5878699305809283,99.094683225072,0.2347,0.18,2938,21.598,2.084,entro il 1990
054002,Bastia Umbra,21773,0.7915933709841682,98.90313500646968,0.2251,0.363,1152,12.21,2.308,entro il 1990
054003,Bettona,4357,1.6091417910447763,102.18948697431016,0.2113,0.682,302,16.449,2.373,entro il 1980
054004,Bevagna,5013,-0.948429164196799,100.89283562432514,0.2176,1.853,773,29.247,1.897,entro il 1980
054005,Campello sul Clitunno,2375,-4.9619847939175665,97.32155871235173,0.2434,0.447,512,32.141,1.491,entro il 1990
054006,Cannara,4337,0.7199256850905713,98.82606890625485,0.2204,1.915,364,18.002,2.145,entro il 1990
054007,Cascia,3108,-3.955500618046971,97.6925707789164,0.2594,0.351,1728,57.39,1.032,entro il 1990
054008,Castel Ritaldi,3245,-2.200120554550934,100.21135742352723,0.2224,1.258,262,17.34,2.148,entro il 1990
054009,Castiglione del Lago,15479,0.43472618738645213,99.79414674415057,0.155,0.456,1683,21.157,1.946,entro il 1980
054010,Cerreto di Spoleto,1055,-5.381165919282512,100.93121839655622,0.2534,0.166,598,55.473,0.979,entro il 1970
054011,Citerna,3463,0.5224963715529753,99.15417728286498,0.2252,0.121,130,9.332,2.486,entro il 1970
054012,Città della Pieve,7686,-1.1065362840967576,99.3322913856569,0.1497,1.102,643,16.32,1.951,entro il 1980
054013,Città di Castello,39632,-1.0066192081928313,98.79698387843183,0.2314,1.285,3636,18.556,2.023,entro il 1990
054014,Collazzone,3448,-3.955431754874652,101.62456403927023,0.1782,0.797,239,14.329,2.067,entro il 2000
054015,Corciano,21427,5.807120636017975,98.5038233310968,0.1833,0.798,1035,11.546,2.39,entro il 1990
054016,Costacciaro,1172,-8.793774319066149,98.34212966615073,0.213,0.444,392,41.22,1.232,entro il 1980
054017,Deruta,9713,2.7939464493597206,99.31551304911815,0.1851,1.059,221,5.702,2.506,entro il 1980
054018,Foligno,56999,1.7621224023423552,99.85928435892528,0.2424,0.38,3557,13.617,2.182,entro il 1990
054019,Fossato di Vico,2739,-2.4225151407196295,98.52263176409238,0.2204,0.501,576,33.645,1.6,entro il 1980
054020,Fratta Todina,1821,-1.0863661053775122,99.52893401997041,0.1586,1.457,241,26.026,1.967,entro il 1990
054021,Giano dell'Umbria,3893,2.1516662293361324,101.35035795384158,0.1956,1.806,696,33.526,1.875,entro il 1980
054022,Gualdo Cattaneo,5965,-4.818892612095102,107.2623806158547,0.1996,0.791,615,21.244,2.06,entro il 1980
054023,Gualdo Tadino,15018,-2.852707160877159,98.99098949717171,0.2335,1.793,1586,20.517,1.943,entro il 1990
054024,Gubbio,31736,-2.0554286772421455,98.27183838923153,0.2335,1.364,4446,25.994,1.855,entro il 1990
054025,Lisciano Niccone,607,-2.254428341384863,99.70150468690946,0.1844,0.926,187,41.928,1.361,entro il 1990
054026,Magione,14815,1.6885167135699086,99.22833282658965,0.1856,1.427,1510,20.882,2.049,entro il 1990
054027,Marsciano,18701,-0.06946670941541093,100.29438905001555,0.1659,0.887,983,12.483,2.375,entro il 1980
054028,Massa Martana,3742,-1.7073811400052534,99.43308905893673,0.1749,0.478,979,39.428,1.507,entro il 1990
054029,Monte Castello di Vibio,1531,-5.61035758323058,100.23364784095614,0.1562,1.522,319,32.955,1.582,entro il 1980
054032,Monte Santa Maria Tiberina,1156,-4.62046204620462,99.54674319828294,0.2204,0.203,237,33.522,1.635,entro il 1970
054030,Montefalco,5577,-1.744186046511628,100.58615948034732,0.2237,0.566,683,23.823,1.945,entro il 2000
054031,Monteleone di Spoleto,589,-5.76,98.63830101537785,0.2557,0.0,648,69.903,0.635,entro il 1945
054033,Montone,1642,-1.1438892233594222,100.94737746637624,0.2319,2.979,358,36.456,1.672,entro il 1980
054034,Nocera Umbra,5711,-3.7742207245155854,99.29019647661121,0.2359,0.379,586,19.514,1.902,entro il 2005
054035,Norcia,4888,-0.16339869281045752,100.54294414163105,0.2592,0.21,2162,51.685,1.169,entro il 1990
054036,Paciano,986,0.20325203252032523,99.99988132374804,0.1517,0.515,315,42.396,1.327,entro il 1980
054037,Panicale,5606,-1.8900945047252364,98.89060404183648,0.1559,0.811,1038,31.821,1.719,entro il 1980
054038,Passignano sul Trasimeno,5712,3.5157665820949617,99.36415534729947,0.1775,0.313,829,26.837,1.849,entro il 1980
054039,Perugia,165683,2.2122556247185328,99.22090947001628,0.2311,0.678,7849,10.62,2.242,entro il 1990
054040,Piegaro,3574,-5.823451910408433,99.94180134229839,0.1552,3.329,642,30.97,1.724,entro il 1980
054041,Pietralunga,2079,-4.676753782668501,98.12197061240734,0.2319,1.232,512,35.58,1.445,entro il 1980
054042,Poggiodomo,102,-24.444444444444443,99.35014294331826,0.2523,0.415,361,82.609,0.233,entro il 1990
054043,Preci,704,-6.878306878306878,96.16998848220645,0.2539,0.211,1026,73.025,0.501,entro il 1990
054044,San Giustino,11213,-1.2070484581497798,98.84453371108013,0.2302,1.089,557,11.124,2.239,entro il 1980
054045,Sant'Anatolia di Narco,557,-0.17921146953405018,99.19870817141746,0.2513,0.0,202,45.089,1.243,entro il 1945
054046,Scheggia e Pascelupo,1349,-6.0584958217270195,99.55221964426848,0.205,0.483,793,55.61,0.946,entro il 1980
054047,Scheggino,452,-6.418219461697723,100.97403596115424,0.2455,0.0,263,54.227,0.932,entro il 1945
054048,Sellano,1048,-7.746478873239436,99.38603307096126,0.2464,0.158,542,51.036,0.987,entro il 1970
054049,Sigillo,2355,-4.307192198293377,98.05562710411597,0.2135,0.689,450,30.885,1.616,entro il 1980
054050,Spello,8565,-0.6380510440835266,99.01761045341655,0.2342,0.089,421,11.215,2.282,entro il 2000
054051,Spoleto,37964,-1.0168430932888355,99.70915581728387,0.2396,1.091,4732,23.498,1.885,entro il 1980
054052,Todi,16606,-1.7396449704142014,99.82359406842127,0.1675,1.473,2738,28.691,1.74,entro il 1980
054053,Torgiano,6662,2.350591488707943,98.48898642002266,0.2047,0.694,275,10.219,2.476,entro il 1990
054054,Trevi,8363,0.3118627803766343,100.45263691700086,0.2391,0.563,491,13.727,2.338,entro il 1980
054055,Tuoro sul Trasimeno,3769,-2.1801193874902673,99.39349280314995,0.1604,1.246,662,28.683,1.633,entro il 1980
054056,Umbertide,16530,0.27297543221110104,100.06749388215302,0.2298,1.875,1688,20.886,2.045,entro il 1990
054057,Valfabbrica,3402,-2.5773195876288657,99.50323736758051,0.234,0.097,317,19.028,2.042,entro il 1980
054058,Vallo di Nera,360,-10.0,99.61915747210814,0.2537,0.493,226,54.458,0.867,entro il 2000
054059,Valtopina,1380,-6.819716407832546,101.91586642680835,0.2365,0.481,186,24.767,1.838,entro il 2005
055001,Acquasparta,4676,-4.959349593495935,101.13325337284525,0.1752,0.359,473,18.958,1.874,entro il 1980
055002,Allerona,1769,-4.481641468682505,98.00965087758591,0.1448,0.39,209,21.348,1.807,entro il 1990
055003,Alviano,1451,-4.034391534391534,98.20427149692996,0.1498,0.808,274,31.136,1.649,entro il 1980
055004,Amelia,11828,0.43304746539865835,98.63838436278726,0.1552,1.698,1239,20.071,1.916,entro il 1990
055005,Arrone,2743,-2.8338646829613885,99.01486449782183,0.2195,0.266,616,34.724,1.546,entro il 1970
055006,Attigliano,1991,2.470406587750901,100.09845678856507,0.145,4.833,227,21.764,1.909,entro il 1980
055033,Avigliano Umbro,2509,-2.145085803432137,96.71460686378076,0.1572,0.777,619,37.999,1.54,entro il 1990
055007,Baschi,2682,-4.07725321888412,99.13820351252652,0.1534,0.219,790,40.183,1.364,entro il 1980
055008,Calvi dell'Umbria,1796,-4.468085106382979,99.56447134641802,0.1569,1.615,429,34.458,1.443,entro il 1970
055009,Castel Giorgio,2090,-3.952205882352941,97.64379251782464,0.1441,0.127,432,32.024,1.549,entro il 1980
055010,Castel Viscardo,2876,-4.641909814323608,98.25491072359806,0.1445,0.78,453,26.538,1.685,entro il 1980
055011,Fabro,2828,-2.5499655410062028,97.37880039508968,0.146,1.601,556,31.826,1.619,entro il 1980
055012,Ferentillo,1873,-4.194373401534527,97.59363485238526,0.2425,2.927,644,42.876,1.247,entro il 1970
055013,Ficulle,1634,-3.1990521327014214,96.6329334667387,0.147,0.836,614,46.515,1.238,entro il 1970
055014,Giove,1924,1.36986301369863,96.90926627193701,0.146,1.695,383,31.653,1.59,entro il 1980
055015,Guardea,1803,-2.960172228202368,96.61532174104448,0.1525,0.0,399,34.015,1.537,entro il 1980
055016,Lugnano in Teverina,1453,-5.526657997399219,98.86869350427158,0.1491,1.585,403,39.013,1.407,entro il 1980
055017,Montecastrilli,5037,-3.1718569780853514,97.64622081654288,0.1593,0.839,590,22.922,1.957,entro il 1990
055018,Montecchio,1646,-4.413472706155633,99.18865222621848,0.1527,4.287,711,48.933,1.133,entro il 1990
055019,Montefranco,1304,1.0069713400464757,100.19145717701431,0.2006,0.217,185,25.552,1.801,entro il 1980
055020,Montegabbione,1177,-4.3866774979691305,98.93052764920387,0.1513,0.0,258,32.7,1.492,entro il 1980
055021,Monteleone d'Orvieto,1429,-8.51472471190781,97.56253381915452,0.1478,2.436,323,31.791,1.406,entro il 1980
055022,Narni,19252,-3.797721367179692,97.80394924794003,0.1601,0.88,1870,18.062,1.86,entro il 1980
055023,Orvieto,20253,-3.639737367970311,98.5945496476,0.1519,0.0,2383,21.459,1.824,entro il 1970
055024,Otricoli,1829,-4.54070981210856,99.26465694843151,0.1555,0.233,447,35.086,1.436,entro il 1990
055025,Parrano,520,-11.41396933560477,99.97964100028005,0.1501,0.0,318,53.266,0.871,entro il 1970
055026,Penna in Teverina,1084,2.2641509433962264,97.65186510982119,0.1464,0.0,243,33.939,1.514,entro il 1990
055027,Polino,235,-5.241935483870968,96.90855927988977,0.2394,0.0,198,60.55,0.719,entro il 1980
055028,Porano,1982,-0.30181086519114686,96.98781860369208,0.1443,0.26,232,22.59,1.93,entro il 1990
055029,San Gemini,4985,1.1977263499796995,97.31926696807737,0.1605,0.345,266,11.849,2.22,entro il 1990
055030,San Venanzo,2192,-4.654197477163984,98.7536634906009,0.1554,0.315,507,35.78,1.547,entro il 1980
055031,Stroncone,4814,-2.530876695687386,97.70768822473953,0.1696,2.674,1018,32.902,1.556,entro il 1980
055032,Terni,111189,1.905416552103382,98.69759900522476,0.1869,0.921,6847,12.68,2.059,entro il 1980
007001,Allein,219,-11.336032388663968,98.12574246161593,0.1109,1.449,84,39.252,1.023,entro il 2000
007002,Antey-Saint-André,573,-7.729468599033816,96.92994292882378,0.0864,0.507,1386,82.255,0.34,entro il 1990
007003,Aosta,34082,0.15574950777278204,98.93108202535302,0.102,0.569,2641,14.279,1.843,entro il 1980
007004,Arnad,1251,-3.323029366306028,98.32909950711915,0.0545,0.0,158,20.627,1.633,entro il 1980
007005,Arvier,865,-3.0269058295964126,98.44563452040177,0.1056,0.0,302,43.329,1.241,entro il 1990
007006,Avise,298,-14.613180515759314,95.20181810844817,0.1123,4.639,178,54.103,0.906,entro il 1960
007007,Ayas,1377,1.1756061719324025,98.5127011594669,0.1039,2.174,3867,86.067,0.306,entro il 1990
007008,Aymavilles,2065,0.1454898157129001,96.83272615923012,0.0986,2.216,556,37.492,1.392,entro il 1980
007009,Bard,113,-8.130081300813007,100.72593596229196,0.05253333333333334,16.484,110,62.857,0.646,entro il 1945
007010,Bionaz,235,0.0,96.120124027504,0.1392,0.885,72,36.735,1.199,entro il 1990
007011,Brissogne,954,-4.1206030150753765,97.63926170399965,0.083,4.348,153,26.984,1.683,entro il 1990
007012,Brusson,887,3.5005834305717616,95.13512559270488,0.0687,0.986,2006,82.484,0.365,entro il 2000
007013,Challand-Saint-Anselme,743,-2.493438320209974,95.45308959617546,0.0595,2.793,1190,76.725,0.479,entro il 1990
007014,Challand-Saint-Victor,557,-7.933884297520661,95.40535932605538,0.0585,0.858,546,64.846,0.662,entro il 1980
007015,Chambave,937,-0.4250797024442083,96.09506273160228,0.0719,5.157,239,34.688,1.36,entro il 1990
007016,Chamois,95,1.0638297872340425,103.74830423566091,0.0863,0.654,342,85.714,0.238,entro il 1990
007017,Champdepraz,714,2.0,97.96427530538796,0.063,2.222,210,38.889,1.322,entro il 1970
007018,Champorcher,391,-0.25510204081632654,94.07941841628792,0.0608,1.844,841,79.19,0.368,entro il 2000
007019,Charvensod,2428,-3.7272006344171293,97.31162442173647,0.0933,0.533,393,26.429,1.633,entro il 1980
007020,Châtillon,4654,-5.252442996742671,99.25711351749511,0.0776,0.731,719,24.481,1.585,entro il 1990
007021,Cogne,1370,-5.058905058905059,97.29766580094835,0.0898,0.921,1907,73.205,0.526,entro il 1990
007022,Courmayeur,2779,-1.5237420269312545,98.68301158717365,0.1355,0.217,4312,76.712,0.494,entro il 1980
007023,Donnas,2520,-4.0,96.77197122757532,0.0512,1.124,355,23.248,1.65,entro il 1970
007024,Doues,506,5.6367432150313155,95.63860271313294,0.1183,0.76,245,51.148,1.056,entro il 1990
007025,Emarèse,227,-0.43859649122807015,97.55274381683617,0.0629,0.0,316,74.882,0.538,entro il 1980
007026,Etroubles,489,-1.2121212121212122,98.95561496971659,0.1255,4.211,663,73.422,0.542,entro il 1970
007027,Fénis,1818,2.3072594259988746,97.6930567215668,0.0743,4.447,542,40.63,1.363,entro il 1990
007028,Fontainemore,434,-1.809954751131222,96.69972523960847,0.0515,8.866,483,68.511,0.616,entro il 1945
007029,Gaby,467,-3.909465020576132,97.11611320723758,0.0561,2.26,483,64.314,0.622,entro il 1960
007030,Gignod,1727,2.3710729104919976,99.08584752805612,0.1103,0.521,279,26.827,1.661,entro il 1990
007031,Gressan,3378,1.931200965600483,97.19056256991074,0.0961,0.097,2463,61.853,0.848,entro il 1980
007032,Gressoney-La-Trinité,300,-2.5974025974025974,105.80052852804108,0.0945,5.914,657,82.955,0.379,entro il 1980
007033,Gressoney-Saint-Jean,818,0.7389162561576355,97.7716068023819,0.0702,0.319,2060,85.3,0.339,entro il 1980
007034,Hône,1143,-2.888700084961767,96.19468678831129,0.0519,1.972,367,40.374,1.257,entro il 1980
007035,Introd,657,4.784688995215311,96.61265656453857,0.1028,1.504,202,41.822,1.36,entro il 2000
007036,Issime,413,-1.9002375296912115,98.28496180486546,0.0552,0.0,381,65.24,0.707,entro il 1960
007037,Issogne,1386,0.0,98.16192327642155,0.0577,0.0,142,17.509,1.709,entro il 1980
007038,Jovençan,736,-2.9023746701846966,97.34206965972218,0.0986,3.913,81,19.471,1.769,entro il 1980
007039,La Magdeleine,108,-1.8181818181818181,94.19347216101357,0.0792,1.622,419,86.749,0.224,entro il 1990
007040,La Salle,2056,-0.24260067928190196,97.20794614966866,0.1184,2.936,2411,70.271,0.599,entro il 2000
007041,La Thuile,783,0.2560819462227913,95.48742787721305,0.1097,0.217,2600,87.395,0.263,entro il 2000
007042,Lillianes,456,-2.771855010660981,100.63406156622068,0.0522,2.655,236,50.427,0.974,entro il 1980
007043,Montjovet,1774,-3.9523551705468325,96.87464497736636,0.0641,0.783,501,38.273,1.355,entro il 2000
007044,Morgex,2123,3.2085561497326207,96.80427036526625,0.1149,1.332,2261,70.856,0.665,entro il 1990
007045,Nus,2991,1.0814464346062858,97.18028496436813,0.1049,12.005,566,30.284,1.6,entro il 2000
007046,Ollomont,157,-0.6329113924050633,95.73750840136609,0.134,0.459,226,69.325,0.482,entro il 1980
007047,Oyace,211,-5.381165919282512,100.4038981363321,0.1146,0.0,86,46.486,1.141,entro il 2000
007048,Perloz,480,7.38255033557047,97.58006405652493,0.053,0.298,273,55.375,0.974,entro il 1990
007049,Pollein,1527,-0.9727626459143969,97.52281580620114,0.0866,0.546,101,13.485,2.039,entro il 1990
007050,Pontboset,180,-7.216494845360824,95.08921065944442,0.0535,0.0,116,50.655,0.786,entro il 1980
007051,Pontey,815,0.4932182490752158,97.19219712200704,0.0682,0.0,101,21.353,1.723,entro il 1990
007052,Pont-Saint-Martin,3763,-5.8308308308308305,98.82754417443654,0.0494,0.778,358,16.776,1.763,entro il 1980
007053,Pré-Saint-Didier,1025,1.4851485148514851,98.01876782324688,0.112,0.0,1552,76.908,0.508,entro il 1990
007054,Quart,4066,4.820830110853313,96.34117201485999,0.0994,1.403,519,23.201,1.818,entro il 1990
007055,Rhêmes-Notre-Dame,82,-27.43362831858407,100.80562011714656,0.1177,0.714,341,89.034,0.214,entro il 1990
007056,Rhêmes-Saint-Georges,173,-9.424083769633508,97.37678439028473,0.1035,1.156,243,72.754,0.518,entro il 1970
007057,Roisan,1012,-2.6923076923076925,97.77235623281011,0.1064,0.56,141,24.352,1.748,entro il 1990
007058,Saint-Christophe,3467,3.58530026889752,96.22453735438853,0.0982,0.742,276,15.514,1.949,entro il 1990
007059,Saint-Denis,369,-5.384615384615385,96.63073559773022,0.0748,5.638,343,65.458,0.704,entro il 2000
007060,Saint-Marcel,1348,6.141732283464567,98.45414408963538,0.0796,1.0,256,30.806,1.622,entro il 1990
007061,Saint-Nicolas,307,-3.1545741324921135,94.30700861207512,0.1068,0.376,433,73.39,0.52,entro il 1980
007062,Saint-Oyen,194,-10.599078341013826,95.92335856191373,0.12176666666666668,0.0,190,66.434,0.678,entro il 2005
007063,Saint-Pierre,3213,3.1791907514450863,99.02268860617872,0.1096,2.062,787,35.789,1.461,entro il 1990
007064,Saint-Rhémy-en-Bosses,335,-8.469945355191257,97.96230932849005,0.1295,0.0,282,60.776,0.722,entro il 1970
007065,Saint-Vincent,4621,0.2386117136659436,98.02715020014502,0.0701,4.163,646,21.671,1.55,entro il 1970
007066,Sarre,4878,0.4944375772558714,97.42863442396342,0.1088,0.468,690,24.219,1.712,entro il 1990
007067,Torgnon,587,13.102119460500964,97.21406905496643,0.1026,0.0,2056,89.275,0.255,entro il 2000
007068,Valgrisenche,192,-2.5380710659898478,97.18102801137786,0.1116,0.0,231,67.544,0.561,entro il 1960
007069,Valpelline,625,-3.8461538461538463,96.88710558177816,0.1116,0.0,204,40.396,1.238,entro il 1990
007070,Valsavarenche,164,-9.392265193370166,94.98029191879726,0.1172,3.436,478,82.131,0.282,entro il 2000
007071,Valtournenche,2294,7.447306791569086,97.81202787431843,0.1298,2.101,5860,85.088,0.333,entro il 2000
007072,Verrayes,1303,-2.615844544095665,97.26557164366598,0.0831,2.703,551,46.07,1.089,entro il 2000
007073,Verrès,2642,-2.5451862781261525,99.64028395716971,0.0568,1.731,264,17.311,1.732,entro il 1980
007074,Villeneuve,1275,3.1553398058252426,98.00721119818472,0.1007,2.506,213,27.843,1.667,entro il 1980
025001,Agordo,4089,-3.923872180451128,96.87247683509095,0.1378,2.093,1058,36.122,1.396,entro il 1980
025002,Alano di Piave,2787,-4.456633527596846,100.10565288950356,0.2264,0.613,409,26.319,1.793,entro il 1980
025003,Alleghe,1194,-10.15801354401806,97.49968641647689,0.1025,3.791,1110,64.311,0.692,entro il 1980
025072,Alpago,6878,-4.099274958170664,97.03831456113583,0.2564,0.524,1401,31.384,1.541,entro il 1980
025004,Arsiè,2275,-7.595450852965069,95.84976857541945,0.182,6.083,1450,56.289,0.883,entro il 1960
025005,Auronzo di Cadore,3302,-4.123112659698026,97.04681549540132,0.1097,0.374,3348,68.649,0.677,entro il 1990
025006,Belluno,35710,0.56605367653271,97.02082695205911,0.2558,1.058,4419,21.71,1.754,entro il 1990
025007,Borca di Cadore,809,-0.9791921664626682,96.8501265673751,0.1116,0.835,1153,74.676,0.524,entro il 1970
025008,Calalzo di Cadore,2000,-7.9613437643810405,97.3695891773667,0.1175,2.727,701,42.153,1.203,entro il 1970
025023,Canale d'Agordo,1117,-4.037800687285223,96.19571134938167,0.1067,0.547,1034,66.282,0.716,entro il 1980
025010,Cencenighe Agordino,1281,-8.5,95.99652021317328,0.1059,1.27,625,49.368,1.012,entro il 1970
025011,Cesiomaggiore,3991,-3.4824667472793234,96.815060259874,0.2175,0.957,443,20.452,1.843,entro il 1980
025012,Chies d'Alpago,1328,-6.478873239436619,97.42200103578566,0.2551,2.381,450,42.174,1.245,entro il 1980
025013,Cibiana di Cadore,394,-6.8557919621749415,95.58111644964477,0.1431,0.0,503,69.861,0.547,entro il 1990
025014,Colle Santa Lucia,357,-8.695652173913043,94.88564027620988,0.0886,3.03,416,69.799,0.599,entro il 1990
025015,Comelico Superiore,2157,-7.42489270386266,97.15078928542015,0.0998,0.398,1515,58.427,0.832,entro il 1980
025016,Cortina d'Ampezzo,5842,-0.5786249149081008,98.11953944787714,0.0942,1.177,5015,65.961,0.768,entro il 1970
025017,Danta di Cadore,446,-13.398058252427184,95.52347982728703,0.1071,0.0,382,61.812,0.722,entro il 1990
025018,Domegge di Cadore,2392,-6.998444790046657,96.6546625560125,0.1607,0.412,693,37.459,1.293,entro il 1980
025019,Falcade,1901,-7.223035627135188,96.57818864216088,0.0949,0.756,2423,72.092,0.566,entro il 1980
025021,Feltre,20608,0.49251475106061343,97.55178854252563,0.2268,2.027,1937,17.746,1.888,entro il 1970
025022,Fonzaso,3186,-3.5422343324250685,96.12201510471974,0.1822,2.416,664,32.806,1.574,entro il 1970
025025,Gosaldo,604,-16.689655172413794,95.38118632491499,0.1705,6.061,806,69.543,0.521,entro il 1970
025027,La Valle Agordina,1081,-5.918189730200174,97.10056208666431,0.1644,0.613,376,42.873,1.233,entro il 1980
025026,Lamon,2813,-7.13106635853417,95.86166488634612,0.145,2.015,1570,53.058,0.951,entro il 1980
025028,Lentiai,2959,-0.671366230278617,96.83836172213269,0.2383,2.083,513,29.181,1.683,entro il 1990
025029,Limana,5335,5.497330433063081,95.78226303763766,0.2558,1.62,627,23.119,1.967,entro il 1990
025030,Livinallongo del Col di Lana,1300,-5.660377358490567,96.20359402677666,0.0796,0.858,689,55.341,1.044,entro il 1970
025071,Longarone,5254,-5.265055896141363,97.27135226415771,0.2222,2.24,593,20.28,1.797,entro il 1970
025032,Lorenzago di Cadore,554,-2.6362038664323375,98.41495371664172,0.1506,0.0,569,67.099,0.653,entro il 1980
025033,Lozzo di Cadore,1335,-11.177644710578843,99.10336059992525,0.1179,3.417,493,44.057,1.193,entro il 1970
025034,Mel,5968,-3.2895802949278887,96.44450836644639,0.2522,2.418,1087,29.268,1.607,entro il 1980
025035,Ospitale di Cadore,281,-13.271604938271606,99.09625368009159,0.1847,0.595,140,50.0,1.004,entro il 1970
025036,Pedavena,4445,0.2933212996389892,95.75873666870433,0.1907,0.67,799,29.869,1.662,entro il 1980
025037,Perarolo di Cadore,372,-2.1052631578947367,100.33390151913531,0.1856,2.242,251,59.338,0.879,entro il 1945
025039,Pieve di Cadore,3788,-3.9797211660329532,98.38168349378134,0.1761,5.508,1763,49.522,1.064,entro il 1980
025040,Ponte nelle Alpi,8250,-1.3747758517632995,96.22773453213559,0.2525,0.738,812,18.573,1.887,entro il 1980
025070,Quero Vas,3166,-4.981992797118847,98.98030489343073,0.2292,2.488,630,32.242,1.62,entro il 1980
025043,Rivamonte Agordino,636,-4.216867469879518,94.49468370414057,0.1653,0.248,451,59.342,0.837,entro il 1960
025044,Rocca Pietore,1203,-9.480812641083523,96.24122624221376,0.0937,3.2,1703,73.122,0.517,entro il 1970
025045,San Gregorio nelle Alpi,1603,0.0,95.99572321595505,0.2122,4.054,309,30.564,1.586,entro il 1980
025046,San Nicolò di Comelico,390,-2.2556390977443606,99.47100715267553,0.0998,0.0,302,60.765,0.785,entro il 1980
025047,San Pietro di Cadore,1601,-5.041518386714116,95.86369034506927,0.1097,0.46,716,48.183,1.077,entro il 1970
025049,San Tomaso Agordino,626,-8.211143695014663,94.71777527624008,0.0983,2.103,633,65.393,0.647,entro il 1960
025051,San Vito di Cadore,1865,2.698237885462555,98.1542251252682,0.1053,0.469,2251,72.895,0.604,entro il 1990
025048,Santa Giustina,6780,0.22172949002217296,96.5390161642905,0.2308,0.381,562,16.486,1.989,entro il 1980
025050,Santo Stefano di Cadore,2511,-5.4593373493975905,96.62900683108111,0.1296,1.124,1272,51.105,1.009,entro il 1970
025053,Sedico,10119,1.9752091101481406,95.919016271501,0.231,0.937,532,11.319,2.153,entro il 1990
025054,Selva di Cadore,508,-1.9305019305019304,96.55028676841448,0.0991,0.568,1117,83.172,0.378,entro il 1990
025055,Seren del Grappa,2448,-4.075235109717868,96.38190632664372,0.2048,1.59,579,34.608,1.463,entro il 1970
025056,Sospirolo,3116,-2.7162035591632843,96.63589145870563,0.2159,2.256,570,29.442,1.61,entro il 1980
025057,Soverzene,380,-8.653846153846153,94.36389980081051,0.23,2.899,41,19.34,1.792,entro il 1980
025058,Sovramonte,1425,-5.44127405441274,95.99888574451407,0.1658,1.298,940,56.798,0.861,entro il 1970
025059,Taibon Agordino,1749,-2.6169265033407574,94.85730171205483,0.133,0.932,516,41.05,1.391,entro il 1980
025060,Tambre,1366,-5.532503457814661,95.66467336224314,0.2562,1.368,1239,64.13,0.707,entro il 1980
025061,Trichiana,4820,-0.5775577557755776,95.58361970807432,0.2547,1.772,682,25.278,1.787,entro il 1980
025073,Val di Zoldo,3177,-8.09950824414232,97.16997297299116,0.1677,1.112,3084,65.008,0.67,entro il 1980
025062,Vallada Agordina,489,-3.5502958579881656,96.60740548655595,0.0958,1.159,672,74.009,0.539,entro il 1970
025063,Valle di Cadore,1885,-7.823960880195599,96.32847741038792,0.1539,1.603,992,51.586,0.98,entro il 1980
025065,Vigo di Cadore,1409,-5.815508021390374,96.42670405692118,0.1615,0.3,1103,63.354,0.809,entro il 1980
025066,Vodo Cadore,858,-4.3478260869565215,96.66551943187855,0.1276,2.071,614,58.588,0.819,entro il 1980
025067,Voltago Agordino,854,-4.260089686098654,95.36081909943736,0.1435,0.83,606,57.224,0.806,entro il 1990
025069,Zoppè di Cadore,218,-17.110266159695815,93.41325018051145,0.1188,0.0,147,53.846,0.799,entro il 1970
028001,Abano Terme,20101,4.107105862854775,98.25252369287992,0.0794,0.662,812,9.137,2.262,entro il 1990
028002,Agna,3277,-3.7309048178613398,98.72564112264622,0.0599,4.06,227,15.043,2.172,entro il 1990
028003,Albignasego,26071,10.625026520134085,96.04630833835579,0.0736,0.868,726,7.111,2.553,entro il 2000
028004,Anguillara Veneta,4325,-5.526430755788554,99.17066194678932,0.0614,2.617,199,10.375,2.255,entro il 1990
028005,Arquà Petrarca,1837,-0.2714440825190011,97.28820988245536,0.0687,0.755,253,25.275,1.835,entro il 1980
028006,Arre,2143,-2.190780465540849,97.36203702356437,0.0608,1.835,173,17.317,2.145,entro il 1990
028007,Arzergrande,4834,3.312673648215431,96.28862613807976,0.0606,6.146,224,11.018,2.378,entro il 1990
028008,Bagnoli di Sopra,3612,-0.22099447513812157,96.75124655422198,0.0614,0.976,356,20.17,2.046,entro il 1990
028009,Baone,3080,-1.0918432883750802,97.07501436132068,0.0697,2.559,226,15.771,2.149,entro il 1980
028010,Barbona,648,-11.475409836065573,99.41015952322994,0.0659,0.0,62,18.731,1.958,entro il 1990
028011,Battaglia Terme,3838,-2.5146050292100584,98.19454175703441,0.0687,0.516,177,9.4,2.038,entro il 1980
028012,Boara Pisani,2493,-3.9306358381502893,96.88683836767689,0.0629,1.803,254,20.079,1.971,entro il 1990
028107,Borgo Veneto,7000,0.2004008016032064,97.70375248229081,0.0692,1.882,672,20.211,2.105,entro il 1990
028013,Borgoricco,8774,3.79746835443038,97.5529958316372,0.1158,2.944,555,15.205,2.404,entro il 2000
028014,Bovolenta,3471,3.365098272781417,97.46704834640728,0.0635,2.774,267,17.137,2.228,entro il 1980
028015,Brugine,7116,4.647058823529412,96.61527164066239,0.067,1.394,223,7.847,2.504,entro il 2000
028016,Cadoneghe,16176,1.455092824887105,97.6052968595364,0.0957,0.761,522,7.761,2.405,entro il 1990
028020,Campo San Martino,5753,0.33135681897453784,98.76243757884578,0.1326,1.41,391,16.11,2.37,entro il 1990
028017,Campodarsego,14675,3.4470604821655155,96.94185630724081,0.1126,0.96,508,8.784,2.538,entro il 2000
028018,Campodoro,2652,-2.5,96.57981858339446,0.1227,0.693,225,18.382,2.167,entro il 2000
028019,Camposampiero,12043,0.0747881003822503,99.07330830652457,0.1339,0.527,706,13.9,2.371,entro il 1990
028021,Candiana,2313,-6.3562753036437245,97.08251529323684,0.0606,1.148,138,13.007,2.18,entro il 1990
028022,Carceri,1549,-3.7290242386575514,98.36474476005068,0.0665,0.619,87,13.004,2.315,entro il 1990
028023,Carmignano di Brenta,7576,0.37095919448860626,97.47747022802267,0.161,0.821,422,13.142,2.359,entro il 1990
028026,Cartura,4680,1.079913606911447,95.90006461564049,0.0657,1.393,375,17.257,2.154,entro il 1990
028027,Casale di Scodosia,4847,-0.49271196879490864,99.50460084463916,0.0723,0.627,460,21.043,2.217,entro il 1990
028028,Casalserugo,5360,-1.4343508642883414,95.96450070384955,0.0681,0.754,252,10.857,2.309,entro il 1990
028029,Castelbaldo,1512,-7.068223724646589,99.12921571466427,0.0717,4.415,109,15.16,2.103,entro il 1980
028030,Cervarese Santa Croce,5779,1.4215514215514216,95.92249777413922,0.0989,1.002,251,10.454,2.407,entro il 1990
028031,Cinto Euganeo,1973,-2.132936507936508,95.68996524130607,0.076,0.749,346,30.538,1.741,entro il 1990
028032,Cittadella,20145,1.2413307870137702,98.496732593849,0.1721,1.394,1538,17.206,2.254,entro il 1990
028033,Codevigo,6463,-0.1699104108742663,98.06385029245273,0.0612,1.003,487,17.004,2.257,entro il 2000
028034,Conselve,10224,-0.506033476060724,98.39829110772423,0.0624,1.006,566,12.794,2.311,entro il 1990
028035,Correzzola,5194,-5.2708371329564105,96.67097209214104,0.0596,2.211,192,8.68,2.348,entro il 2000
028036,Curtarolo,7317,1.5826738858808829,97.31367632796382,0.1253,1.296,331,11.186,2.473,entro il 1990
028106,Due Carrare,9026,1.0297738974703379,95.85208540348452,0.0694,1.499,433,11.356,2.367,entro il 2000
028037,Este,16364,-1.2312892322549494,97.9928740208944,0.0685,1.656,915,11.794,2.109,entro il 1980
028038,Fontaniva,8061,-1.6351433801098232,97.18972990849242,0.161,0.59,467,13.58,2.344,entro il 1990
028039,Galliera Veneta,7133,1.508467340259001,97.44229088011802,0.1737,0.492,309,10.842,2.503,entro il 1990
028040,Galzignano Terme,4321,-2.040353661301292,96.75902124023979,0.0753,0.655,277,14.352,2.239,entro il 1990
028041,Gazzo,4294,0.3036673674375146,98.25471920601005,0.1462,3.937,212,12.163,2.464,entro il 2000
028042,Grantorto,4591,-1.3112639724849526,99.88328299485698,0.1506,4.078,247,12.952,2.407,entro il 1990
028043,Granze,2032,0.29615004935834155,97.83592275357724,0.0634,7.882,66,8.312,2.559,entro il 1990
028044,Legnaro,8948,4.398553260996383,96.57902143096067,0.0713,0.159,574,14.606,2.277,entro il 2000
028045,Limena,7925,2.8285973790060983,97.12514033978849,0.1099,0.23,305,9.322,2.422,entro il 2000
028046,Loreggia,7708,5.459023122178137,98.95269599004247,0.1426,0.116,451,15.288,2.613,entro il 2000
028047,Lozzo Atestino,3095,-2.5196850393700787,96.41748028319853,0.0789,0.478,360,22.571,1.94,entro il 1990
028048,Maserà di Padova,9127,0.9512222099325295,96.29776029987698,0.0689,0.597,283,7.565,2.44,entro il 2000
028049,Masi,1781,0.22509848058525606,97.45218277570231,0.0703,0.348,143,16.804,2.093,entro il 1980
028050,Massanzago,6039,2.2346368715083798,96.50057707673481,0.119,2.271,150,6.723,2.707,entro il 2000
028052,Megliadino San Vitale,1871,-5.552751135790005,98.27255950130147,0.0701,0.678,166,18.302,2.063,entro il 1990
028053,Merlara,2644,-6.373937677053824,98.85762264645638,0.074,0.44,156,13.043,2.211,entro il 1990
028054,Mestrino,11502,4.859148509435682,97.19160689133791,0.1104,1.355,213,4.79,2.586,entro il 2000
028055,Monselice,17572,0.942095588235294,98.55446240750331,0.0671,1.713,1030,12.949,2.209,entro il 1990
028056,Montagnana,9026,-3.7945001065870816,99.11913103094248,0.0833,1.996,1028,21.91,1.924,entro il 1980
028057,Montegrotto Terme,11448,3.386616093199675,97.56980948434888,0.073,0.463,709,13.441,2.17,entro il 1990
028058,Noventa Padovana,11423,5.087396504139834,96.9087404586608,0.08524999999999999,1.117,568,11.079,2.228,entro il 1990
028059,Ospedaletto Euganeo,5651,-3.632332878581173,97.50186143339944,0.0728,1.153,272,11.003,2.286,entro il 2000
028060,Padova,210440,2.33865516386148,98.12316536577866,0.0926,0.975,9114,9.05,2.09,entro il 1980
028061,Pernumia,3852,-1.3824884792626728,97.53585240635711,0.0666,1.832,263,15.238,2.232,entro il 1990
028062,Piacenza d'Adige,1293,-5.895196506550218,99.10541719765763,0.068,6.261,343,40.07,1.511,entro il 1990
028063,Piazzola sul Brenta,11189,0.6567110471392588,97.80424092765541,0.1445,1.117,730,15.148,2.322,entro il 1980
028064,Piombino Dese,9539,2.580922679858049,98.01525342394699,0.1541,1.312,432,11.508,2.541,entro il 1990
028065,Piove di Sacco,19902,4.111738857501569,98.2202379195601,0.0654,1.197,869,10.474,2.399,entro il 1990
028066,Polverara,3334,7.548387096774194,95.81471453388193,0.0662,0.141,140,10.55,2.512,entro il 2000
028067,Ponso,2445,0.20491803278688525,97.27752548607963,0.0682,2.49,236,20.665,2.141,entro il 1990
028069,Ponte San Nicolò,13508,1.9702574167736093,96.29086094393394,0.0717,0.979,478,8.253,2.332,entro il 1990
028068,Pontelongo,3741,-4.199743918053777,98.78537396901328,0.0602,1.338,94,5.901,2.348,entro il 1990
028070,Pozzonovo,3571,-1.6253443526170797,97.23018825268251,0.0627,1.112,59,4.217,2.553,entro il 1990
028071,Rovolon,4950,3.1679866611087952,97.60993595173579,0.0958,0.861,354,16.231,2.27,entro il 1990
028072,Rubano,16448,4.824421642980052,98.17810734366228,0.096,0.493,572,8.622,2.479,entro il 1990
028073,Saccolongo,4945,0.2839180693571284,97.23777007502349,0.0915,0.168,132,6.701,2.51,entro il 1990
028075,San Giorgio delle Pertiche,10075,0.8306645316253003,97.27136439248441,0.1212,1.049,732,16.648,2.291,entro il 2000
028076,San Giorgio in Bosco,6346,1.6498478295691172,98.14553366457604,0.1484,0.189,130,5.773,2.818,entro il 1990
028077,San Martino di Lupari,13104,0.4368820418487009,97.04970939004009,0.1695,1.089,914,16.582,2.377,entro il 1990
028078,San Pietro in Gu,4435,-2.8477546549835706,98.57629272613333,0.1613,0.3,215,11.8,2.434,entro il 1990
028079,San Pietro Viminario,3032,0.8649367930805056,96.70094974827246,0.0649,3.301,136,10.941,2.439,entro il 2000
028080,Santa Giustina in Colle,7269,1.707009934238142,98.25887385315204,0.1441,0.445,523,17.627,2.45,entro il 1990
028082,Sant'Angelo di Piove di Sacco,7170,-0.6650041562759768,96.85451243224206,0.0706,0.231,183,6.334,2.482,entro il 2000
028083,Sant'Elena,2500,3.2204789430222958,95.1592882263376,0.0644,1.266,76,7.466,2.456,entro il 2000
028084,Sant'Urbano,2008,-7.208872458410351,98.09622915714176,0.0666,0.86,77,8.76,2.284,entro il 1990
028085,Saonara,10422,3.5058099116098917,96.52403947697351,0.0736,2.057,345,8.269,2.498,entro il 2000
028086,Selvazzano Dentro,22903,3.671012131088177,97.48490468364167,0.0895,0.278,724,7.64,2.417,entro il 1990
028087,Solesino,7025,-1.803187028235952,99.23118998180996,0.0632,1.686,445,14.016,2.213,entro il 1990
028088,Stanghella,4156,-3.8185605183985185,97.81550858547809,0.0631,0.587,559,24.347,1.81,entro il 1980
028089,Teolo,9014,1.6463689670726207,97.06185635320307,0.082,0.284,242,6.467,2.409,entro il 1990
028090,Terrassa Padovana,2637,0.6872852233676976,97.99222865663708,0.0629,2.025,122,11.193,2.419,entro il 2000
028091,Tombolo,8390,1.6353725015142337,97.24151054273362,0.1616,0.674,460,13.364,2.438,entro il 1990
028092,Torreglia,6119,-1.687017994858612,96.78850361560647,0.0782,0.403,343,12.405,2.213,entro il 1980
028093,Trebaseleghe,12916,2.5160727041828714,97.8021995745638,0.1341,1.365,572,11.205,2.53,entro il 2000
028094,Tribano,4376,-1.1296882060551288,98.03507793534672,0.0627,0.508,366,18.155,2.171,entro il 1990
028095,Urbana,2138,-2.1510297482837526,97.57334008729079,0.0792,0.844,112,11.777,2.248,entro il 1990
028096,Veggiano,4765,4.381161007667032,96.21862381945029,0.1026,0.935,88,4.854,2.628,entro il 2000
028097,Vescovana,1810,4.684788895315211,96.3127816527089,0.0638,0.552,207,23.232,2.031,entro il 1990
028098,Vighizzolo d'Este,898,-4.468085106382979,96.77456588209039,0.0665,0.332,82,18.102,1.982,entro il 1990
028099,Vigodarzere,13017,1.2523335407591787,97.27134916282515,0.108,1.605,614,11.182,2.371,entro il 1990
028100,Vigonza,22958,4.273970114002816,97.09338705046308,0.0975,0.444,922,9.902,2.466,entro il 2000
028101,Villa del Conte,5522,0.2541757443718228,97.41805258547225,0.1454,0.452,207,9.962,2.657,entro il 1990
028102,Villa Estense,2225,-4.259896729776248,96.36746151232472,0.0653,0.484,163,15.628,2.133,entro il 1990
028103,Villafranca Padovana,10458,6.5837749694251935,96.51337963835029,0.114,1.855,206,5.553,2.819,entro il 2000
028104,Villanova di Camposampiero,6121,2.7358173883853643,97.20513404515492,0.101,1.786,392,15.283,2.386,entro il 2000
028105,Vo',3341,-2.052184110231604,98.2545369501959,0.0807,0.43,342,20.201,1.973,entro il 1980
029001,Adria,19436,-3.772650757500742,98.09251137562212,0.0632,0.592,2788,25.153,1.754,entro il 1990
029002,Ariano nel Polesine,4241,-6.606474344857961,98.57441471824981,0.0628,3.662,747,28.643,1.626,entro il 1980
029003,Arquà Polesine,2649,-5.662393162393163,96.75650816376758,0.0757,0.688,228,16.691,1.939,entro il 1990
029004,Badia Polesine,10348,-1.998295293114878,98.3925018798637,0.0769,1.925,498,10.703,2.224,entro il 1980
029005,Bagnolo di Po,1225,-11.038489469862018,99.57861521141079,0.091,5.253,125,18.713,1.834,entro il 1980
029006,Bergantino,2523,-3.7390309042350243,98.51130419352873,0.0835,3.262,131,11.401,2.196,entro il 1980
029007,Bosaro,1486,-1.784534038334435,96.91476237503483,0.0729,2.688,150,19.685,1.95,entro il 1990
029008,Calto,726,-11.571254567600487,101.94431798469469,0.0963,0.0,77,18.826,1.775,entro il 1970
029009,Canaro,2694,-5.440505440505441,97.25032457286744,0.1004,0.711,200,14.225,1.916,entro il 1990
029010,Canda,895,-11.735700197238659,103.813680803697,0.0803,1.577,102,21.656,1.9,entro il 1980
029011,Castelguglielmo,1565,-4.456654456654457,98.25057684595855,0.0883,2.773,164,20.247,1.932,entro il 1980
029012,Castelmassa,4102,-4.27071178529755,99.97709869142685,0.0923,1.25,344,15.853,1.89,entro il 1980
029013,Castelnovo Bariano,2710,-6.936813186813187,99.53032372414462,0.089,0.201,237,16.797,1.921,entro il 1980
029014,Ceneselli,1636,-9.66316951960243,102.61421679546763,0.0909,0.488,154,17.58,1.868,entro il 1970
029015,Ceregnano,3552,-3.7137435619409054,95.20612091345791,0.0636,1.858,179,10.744,2.132,entro il 1980
029017,Corbola,2372,-5.422647527910686,98.08125723387299,0.0614,4.785,240,19.496,1.927,entro il 1980
029018,Costa di Rovigo,2556,-4.484304932735426,96.49355623699338,0.0716,1.568,255,19.406,1.945,entro il 1980
029019,Crespino,1850,-5.852417302798982,99.77628338618997,0.0709,2.817,246,24.429,1.837,entro il 1970
029021,Ficarolo,2407,-7.4230769230769225,101.61333768882785,0.1137,0.248,279,22.003,1.898,entro il 1980
029022,Fiesso Umbertiano,3979,-6.793159990630124,97.18315540413232,0.096,3.32,272,13.553,1.983,entro il 2000
029023,Frassinelle Polesine,1389,-8.977719528178243,95.49971931227358,0.0837,0.57,168,21.594,1.785,entro il 1990
029024,Fratta Polesine,2615,-5.629736557199567,97.35694377571029,0.079,0.894,231,18.377,2.08,entro il 1980
029025,Gaiba,1037,-5.123513266239707,97.44006360125539,0.1018,2.304,290,39.781,1.422,entro il 1980
029026,Gavello,1538,-3.6944270507201002,98.04410388440867,0.0641,2.241,122,16.531,2.084,entro il 1980
029027,Giacciano con Baruchella,2120,-3.1078610603290677,98.55478532891907,0.0811,1.6,146,14.499,2.105,entro il 1980
029028,Guarda Veneta,1125,-4.822335025380711,98.01464067228885,0.0759,3.01,83,14.41,1.953,entro il 1980
029029,Lendinara,11694,-2.3710135247954582,99.15617796196511,0.0758,1.363,658,12.317,2.189,entro il 1980
029030,Loreo,3459,-3.0820958251611095,97.93730322357534,0.0583,1.793,288,16.696,2.005,entro il 1980
029031,Lusia,3429,-4.378137200223089,97.15961113254889,0.0674,2.847,188,12.567,2.292,entro il 1990
029032,Melara,1762,-5.623995715050883,98.47243135070542,0.085,1.526,245,24.067,1.731,entro il 1980
029033,Occhiobello,11993,5.238680238680239,97.13635323121488,0.1139,3.03,598,10.893,2.185,entro il 1990
029034,Papozze,1455,-11.117898594990837,99.10200951174585,0.0637,2.817,202,22.494,1.62,entro il 1970
029035,Pettorazza Grimani,1559,-5.9710494571773225,98.92677764787321,0.0598,0.0,44,6.79,2.406,entro il 1990
029036,Pincara,1152,-9.57613814756672,98.00186031738772,0.0865,0.236,159,24.499,1.775,entro il 1970
029037,Polesella,3906,-3.8877952755905514,97.1687085338742,0.0856,1.326,143,7.651,2.09,entro il 1990
029038,Pontecchio Polesine,2218,6.378896882494005,94.45900259068269,0.0666,2.762,116,12.223,2.337,entro il 2005
029039,Porto Tolle,9663,-3.716620167397369,96.53443203171686,0.0613,0.809,805,16.774,2.014,entro il 1990
029052,Porto Viro,14298,-2.3694093547285764,97.50274566122941,0.0585,1.748,1355,18.78,1.982,entro il 1990
029040,Rosolina,6456,-0.676923076923077,97.58673033353492,0.0569,0.956,6059,68.309,0.728,entro il 2000
029041,Rovigo,51149,2.020504228498484,96.94859256758356,0.0666,1.197,3985,15.463,1.985,entro il 1980
029042,Salara,1148,-4.651162790697675,98.0307557970624,0.0946,0.95,107,17.599,1.888,entro il 1980
029043,San Bellino,1087,-5.560382276281494,98.49783445987094,0.0812,0.258,95,16.964,1.941,entro il 1980
029044,San Martino di Venezze,3878,-4.270550481362626,97.55722042637544,0.0617,0.85,211,11.887,2.185,entro il 1980
029045,Stienta,3221,-3.3603360336033603,97.27727866189589,0.1044,0.573,274,16.893,1.986,entro il 2000
029046,Taglio di Po,8271,-2.533584727786943,96.76786345626337,0.0622,1.936,772,18.416,1.973,entro il 1990
029047,Trecenta,2711,-8.474004051316678,100.30643193301874,0.0892,9.167,264,18.07,1.856,entro il 1980
029048,Villadose,5014,-3.017408123791103,96.05198776669842,0.0623,0.466,348,14.61,2.105,entro il 1990
029049,Villamarzana,1174,-2.4916943521594686,95.50563665093148,0.0751,3.591,95,16.637,2.056,entro il 1990
029050,Villanova del Ghebbo,2008,-7.080055529847293,97.13218132982496,0.0704,1.012,94,10.398,2.221,entro il 1980
029051,Villanova Marchesana,919,-8.374875373878366,102.72021166923676,0.0646,1.575,134,25.573,1.754,entro il 1970
026001,Altivole,6959,3.402674591381872,96.50891007010925,0.2099,1.708,327,11.917,2.536,entro il 1990
026002,Arcade,4550,4.286041714416686,96.08420111723885,0.2032,0.541,262,13.477,2.341,entro il 2000
026003,Asolo,9089,1.7691187996864852,98.58499396153606,0.2139,1.294,388,10.327,2.419,entro il 1990
026004,Borso del Grappa,5955,0.5402667567111261,97.09118302148335,0.1946,2.555,702,24.762,2.101,entro il 2000
026005,Breda di Piave,7835,0.9534853755959284,96.5777346518189,0.1512,0.938,371,11.342,2.395,entro il 2000
026006,Caerano di San Marco,8000,0.628930817610063,98.33702362597586,0.2222,1.311,469,13.669,2.332,entro il 1990
026007,Cappella Maggiore,4692,-0.10645092612305727,97.02056514284992,0.2467,2.208,269,12.477,2.176,entro il 1990
026008,Carbonera,11183,0.9296028880866426,96.68807314099558,0.1565,2.933,603,11.793,2.187,entro il 1980
026009,Casale sul Sile,13032,2.3803912326184307,95.60002296712338,0.1099,0.661,538,9.687,2.346,entro il 2000
026010,Casier,11412,3.594771241830065,96.31435560452488,0.1211,0.482,346,7.255,2.393,entro il 2000
026011,Castelcucco,2258,3.863845446182153,96.74412265315817,0.2136,1.757,218,20.762,2.15,entro il 1990
026012,Castelfranco Veneto,33435,1.8707534810030162,98.1807950532056,0.1875,0.801,1432,10.118,2.362,entro il 1990
026013,Castello di Godego,7190,2.5970319634703194,97.49461448685358,0.1851,1.212,90,3.506,2.801,entro il 1990
026014,Cavaso del Tomba,2914,-3.189368770764119,99.93245023045664,0.2205,5.057,448,29.167,1.897,entro il 1970
026015,Cessalto,3854,0.28623471246422066,100.59511532280449,0.1073,4.082,173,11.076,2.467,entro il 1990
026016,Chiarano,3723,0.9216589861751152,99.92631952316825,0.1146,0.445,208,13.748,2.461,entro il 1990
026017,Cimadolmo,3420,0.2638522427440633,97.21308563928312,0.1815,1.678,67,5.041,2.573,entro il 1980
026018,Cison di Valmarino,2632,-3.0213706705969052,99.50911729291013,0.2543,0.225,827,42.151,1.341,entro il 1970
026019,Codognè,5339,0.4893657067570111,97.4850495152351,0.2085,1.334,389,16.518,2.267,entro il 1990
026020,Colle Umberto,5093,-1.374903175832688,96.02293397378237,0.2419,0.794,374,15.303,2.084,entro il 1990
026021,Conegliano,35082,2.432187801103682,98.47426962264062,0.243,0.521,2717,15.662,2.022,entro il 1980
026022,Cordignano,7024,-0.9588268471517203,96.18920776140565,0.2405,1.141,438,13.83,2.218,entro il 1990
026023,Cornuda,6267,0.9016261471582675,99.13825963495295,0.2304,2.188,269,9.993,2.328,entro il 1990
026024,Crespano del Grappa,4511,-3.9395229982964226,99.06712424759026,0.2009,4.751,360,17.552,2.199,entro il 1990
026025,Crocetta del Montello,6106,1.4622798271851114,97.49518654357855,0.2344,0.919,587,20.382,2.12,entro il 1980
026026,Farra di Soligo,8798,-1.8846883015501283,98.81641249773456,0.2498,1.825,905,21.269,2.068,entro il 1990
026027,Follina,3814,-2.728895689875032,98.35785559408289,0.2517,0.824,466,22.732,1.86,entro il 1980
026028,Fontanelle,5744,-1.1019283746556474,97.92646108813375,0.1875,0.331,358,14.781,2.372,entro il 2000
026029,Fonte,5916,-1.71124771556737,100.79968417384627,0.2064,0.992,529,19.85,2.22,entro il 1990
026030,Fregona,2970,-6.042391648212591,97.58287049191615,0.2565,2.052,663,34.477,1.544,entro il 1980
026031,Gaiarine,6070,-0.9141364675155077,97.35397948396592,0.2039,0.437,337,12.505,2.252,entro il 1990
026032,Giavera del Montello,5200,1.2461059190031152,97.93835221596203,0.227,0.329,238,10.892,2.38,entro il 1990
026033,Godega di Sant'Urbano,6034,-1.3084723585214262,97.88930671002055,0.2323,0.796,267,10.183,2.301,entro il 1990
026034,Gorgo al Monticano,4142,-1.4513442778967405,96.95865311257346,0.1394,0.219,185,11.045,2.473,entro il 1990
026035,Istrana,9197,1.7817618415227978,97.49347736615292,0.1795,0.688,375,10.246,2.513,entro il 1990
026036,Loria,9358,2.982282381424012,97.85509104648013,0.1941,0.71,557,14.953,2.512,entro il 2000
026037,Mansuè,5070,1.684717208182912,96.65181441974005,0.1752,2.348,271,13.489,2.524,entro il 1990
026038,Mareno di Piave,9613,-0.5483136768052969,96.8614280896897,0.2102,1.11,485,11.581,2.295,entro il 2000
026039,Maser,5094,2.6188557614826755,98.00933910543384,0.2242,1.969,176,8.952,2.591,entro il 1990
026040,Maserada sul Piave,9374,1.154634725369591,95.92899727902412,0.1714,1.195,492,12.015,2.289,entro il 2000
026041,Meduna di Livenza,2912,-1.388418557399255,98.46756801186841,0.1427,8.185,182,14.572,2.331,entro il 1990
026042,Miane,3280,-4.3173862310385065,97.18710758350551,0.2488,2.281,669,32.303,1.584,entro il 1980
026043,Mogliano Veneto,27852,1.180658989355905,97.68163400041236,0.1091,0.128,1741,13.172,2.107,entro il 1990
026044,Monastier di Treviso,4352,6.327876862936721,96.59841051327457,0.1132,2.37,354,18.505,2.275,entro il 1990
026045,Monfumo,1350,-6.184850590687978,97.95511307753416,0.2234,0.83,120,18.838,2.119,entro il 1980
026046,Montebelluna,31258,1.552956465237167,98.71210950162529,0.2234,1.35,1685,12.446,2.309,entro il 1990
026047,Morgano,4485,2.4908592321755028,96.20017369401715,0.1551,1.838,319,16.367,2.301,entro il 1990
026048,Moriago della Battaglia,2815,1.404899135446686,99.17426369677467,0.2387,0.353,302,22.437,2.091,entro il 1990
026049,Motta di Livenza,10801,1.3036953667229412,98.0115889309873,0.1322,2.681,729,15.634,2.316,entro il 1990
026050,Nervesa della Battaglia,6675,-2.426545826633533,98.69962926206313,0.2334,1.846,368,12.458,2.26,entro il 1980
026051,Oderzo,20466,2.2328787651730857,98.02817268006721,0.1556,1.071,901,10.381,2.358,entro il 1990
026052,Ormelle,4486,0.9905447996398019,98.82638786832727,0.1576,1.592,290,15.952,2.468,entro il 1990
026053,Orsago,3877,-1.096938775510204,98.10266769865208,0.2231,1.19,269,15.189,2.189,entro il 1980
026054,Paderno del Grappa,2195,0.8268259072117593,100.6015522025146,0.2075,0.885,185,18.668,2.215,entro il 1980
026055,Paese,21992,2.584196286967068,96.81234419389415,0.1824,1.504,847,9.561,2.482,entro il 2000
026056,Pederobba,7353,-2.763819095477387,99.45079167881272,0.2331,3.258,738,20.871,2.079,entro il 1990
026057,Pieve di Soligo,12057,0.1744765702891326,98.58358996454355,0.2499,0.553,1169,19.837,2.046,entro il 1990
026058,Ponte di Piave,8352,0.38461538461538464,98.27538684704932,0.1392,1.552,235,7.16,2.545,entro il 1990
026059,Ponzano Veneto,12776,4.884656432148428,96.62817994975036,0.1778,0.817,483,9.146,2.419,entro il 2000
026060,Portobuffolè,766,-2.7918781725888326,96.4428188628853,0.1633,0.0,101,24.877,1.887,entro il 1990
026061,Possagno,2181,-0.7734303912647862,99.9941912295971,0.2079,0.982,379,31.636,1.821,entro il 1990
026062,Povegliano,5243,4.027777777777778,95.44749833757243,0.1929,0.488,287,12.969,2.369,entro il 2000
026063,Preganziol,16957,1.2237344794651386,96.87343986098794,0.1243,0.183,525,7.187,2.321,entro il 1990
026064,Quinto di Treviso,9912,2.2277227722772275,97.45065476447175,0.1472,0.543,141,3.625,2.548,entro il 1990
026065,Refrontolo,1732,-4.5203969128996695,98.0981434463773,0.2492,0.78,227,24.226,1.848,entro il 2000
026066,Resana,9509,1.9731903485254692,96.93133014093293,0.16,0.624,250,6.876,2.615,entro il 2000
026067,Revine Lago,2162,-3.222918531781558,97.98596107141617,0.256,2.226,542,36.921,1.473,entro il 1970
026068,Riese Pio X,11028,1.2765175865552392,96.85657134500963,0.2002,0.379,902,18.617,2.276,entro il 1990
026069,Roncade,14561,3.9254871172650057,96.66255747546964,0.114,0.38,949,14.999,2.301,entro il 1990
026070,Salgareda,6681,0.8605072463768116,98.32471167562647,0.1201,0.657,437,15.137,2.314,entro il 1990
026071,San Biagio di Callalta,12996,0.03848818412747287,97.90659655824321,0.1327,1.568,884,15.106,2.221,entro il 1990
026072,San Fior,6958,2.263374485596708,96.9747111174995,0.2298,0.529,779,23.0,2.054,entro il 1990
026073,San Pietro di Feletto,5234,-1.8931583880037488,98.16740925498972,0.2477,1.499,357,14.565,2.135,entro il 1990
026074,San Polo di Piave,4939,0.3861788617886179,99.259953461455,0.1797,0.254,263,12.988,2.439,entro il 1990
026076,San Vendemiano,9958,-0.984388982798051,96.81281474841948,0.2339,1.702,906,18.577,2.042,entro il 1990
026077,San Zenone degli Ezzelini,7435,0.5137217790996349,99.61159817539371,0.1989,0.667,410,14.114,2.559,entro il 1990
026075,Santa Lucia di Piave,9160,0.7479102507699076,97.37683813216145,0.224,1.714,559,13.565,2.223,entro il 1990
026078,Sarmede,3061,-3.0715642811906267,96.71674553462427,0.2517,3.909,716,37.098,1.586,entro il 1980
026079,Segusino,1884,-2.936630602782071,97.41809277488457,0.2348,1.093,643,44.529,1.305,entro il 1980
026080,Sernaglia della Battaglia,6176,-2.7401574803149606,98.2285465939872,0.2433,0.905,578,19.527,2.086,entro il 1980
026081,Silea,10163,2.4599253957052123,96.89681723122504,0.1294,1.173,187,4.46,2.424,entro il 1990
026082,Spresiano,12136,4.028801645808332,98.27557995638116,0.1926,0.337,975,17.558,2.185,entro il 1990
026083,Susegana,11831,1.1283015642362595,98.54536737885128,0.2405,1.013,702,13.433,2.264,entro il 1990
026084,Tarzo,4346,-5.046974000436967,96.6808378074699,0.2552,0.594,649,26.138,1.75,entro il 1980
026085,Trevignano,10759,1.8169773824169584,96.80829013169821,0.2014,0.893,265,6.561,2.664,entro il 2000
026086,Treviso,84954,4.847826623552934,98.26283376228834,0.1576,0.555,5832,14.254,2.076,entro il 1980
026087,Valdobbiadene,10349,-3.2803738317757007,98.94389481770217,0.2439,1.447,1614,28.321,1.816,entro il 1980
026088,Vazzola,6972,-0.5704506560182544,99.15467670244414,0.1993,0.719,208,7.732,2.592,entro il 1990
026089,Vedelago,16781,2.366863905325444,98.22897895484772,0.1961,0.61,1136,16.371,2.418,entro il 1990
026090,Vidor,3687,-2.3311258278145695,98.05782047796885,0.2401,0.749,310,18.43,2.192,entro il 1990
026091,Villorba,17879,0.19614436225061643,97.40026186503742,0.1776,0.597,373,4.92,2.358,entro il 1990
026092,Vittorio Veneto,28389,-0.7447031676106566,97.62973061981596,0.2566,0.855,3146,20.234,1.826,entro il 1980
026093,Volpago del Montello,10199,1.3817097415506958,96.90855189441669,0.2286,0.523,558,12.842,2.347,entro il 1990
026094,Zenson di Piave,1830,2.866779089376054,96.26441120679146,0.1122,0.938,148,17.983,2.224,entro il 1990
026095,Zero Branco,11329,3.0658660844250365,96.59735702396566,0.1378,0.844,351,7.84,2.53,entro il 2000
027001,Annone Veneto,3932,-1.3052208835341366,99.32681519024023,0.1206,0.623,394,21.047,2.1,entro il 1990
027002,Campagna Lupia,7225,4.166666666666666,97.06503144778125,0.0708,1.219,362,12.321,2.459,entro il 1990
027003,Campolongo Maggiore,10678,3.348819202477739,96.90009426225454,0.0686,0.997,584,13.174,2.409,entro il 2000
027004,Camponogara,13117,1.3678516228748068,96.61249246734941,0.0739,0.695,607,11.06,2.39,entro il 2000
027005,Caorle,11606,-1.4938041079612967,98.70752042799442,0.0807,0.999,15366,75.18,0.568,entro il 1980
027044,Cavallino-Treporti,13563,2.851292940016683,97.85572106428852,0.0704,1.705,1117,16.672,2.024,entro il 1980
027006,Cavarzere,13791,-6.476332564763326,98.3981031850961,0.0592,2.324,1049,14.979,1.969,entro il 1980
027007,Ceggia,6123,-1.591128254580521,98.43856627040942,0.0987,0.873,260,9.897,2.331,entro il 2000
027008,Chioggia,49430,-0.6212428878747059,97.66836997377943,0.0608,0.759,4210,17.334,2.035,entro il 1980
027009,Cinto Caomaggiore,3238,-1.15995115995116,97.37154699388513,0.1276,1.872,331,21.177,2.072,entro il 1980
027010,Cona,2939,-7.462216624685139,97.33816368778238,0.0593,2.817,248,17.021,2.017,entro il 1980
027011,Concordia Sagittaria,10373,-2.426864829272881,97.25191336613632,0.0981,0.547,559,12.155,2.255,entro il 1990
027012,Dolo,15022,0.2335357309668379,97.72764375362031,0.0807,1.231,1091,15.304,2.107,entro il 1990
027013,Eraclea,12276,-3.033175355450237,98.22022052001145,0.0815,1.507,4614,48.779,1.298,entro il 1990
027014,Fiesso d'Artico,8341,7.862407862407863,98.13863734230378,0.078,0.994,694,18.206,2.188,entro il 1990
027015,Fossalta di Piave,4163,-1.2571157495256167,98.38960300530877,0.0987,1.397,317,16.265,2.136,entro il 1990
027016,Fossalta di Portogruaro,6190,1.7422748191978963,96.23558183750039,0.1041,1.389,264,9.925,2.327,entro il 1990
027017,Fossò,7041,3.5136724492796234,96.86839247958885,0.0746,1.331,110,4.148,2.655,entro il 1990
027018,Gruaro,2792,-0.5698005698005698,95.57660937810459,0.1137,0.0,260,19.188,2.061,entro il 1980
027019,Jesolo,26199,7.289405790572914,98.418249557118,0.0758,0.192,17547,62.281,0.93,entro il 1990
027020,Marcon,17447,7.253949714145202,95.63833839162447,0.0962,0.296,832,11.193,2.347,entro il 2000
027021,Martellago,21502,1.6883423977299596,97.06738229709121,0.1072,0.181,638,7.207,2.429,entro il 1990
027022,Meolo,6345,-1.9319938176197835,97.90482827438001,0.0987,0.45,321,11.58,2.289,entro il 1990
027023,Mira,38573,0.031119524908586396,96.87347754296124,0.0825,0.3,2201,12.214,2.141,entro il 1980
027024,Mirano,27169,2.9869982184147683,97.166758478142,0.0966,0.805,1331,11.185,2.283,entro il 1990
027025,Musile di Piave,11461,-0.6845753899480069,97.87229198439083,0.0934,0.269,502,10.207,2.33,entro il 1990
027026,Noale,16017,2.1492346938775513,97.51339993283224,0.1169,0.608,514,7.707,2.402,entro il 1990
027027,Noventa di Piave,6966,1.604434072345391,97.29840766464397,0.1006,0.595,410,13.694,2.327,entro il 2000
027028,Pianiga,12363,3.0679449770737808,96.00125060943853,0.0906,0.837,657,12.226,2.301,entro il 2000
027029,Portogruaro,24959,-0.41098076769611364,98.16968633074356,0.1096,0.573,1757,14.486,2.058,entro il 1980
027030,Pramaggiore,4644,0.1941747572815534,98.45928621941832,0.1274,2.287,361,17.766,2.285,entro il 1990
027031,Quarto d'Altino,8094,-0.9423571166319912,97.3468035858284,0.0965,0.15,328,9.121,2.251,entro il 1990
027032,Salzano,12911,1.6454101716265153,96.14046844822086,0.1034,0.165,554,10.014,2.334,entro il 1990
027033,San Donà di Piave,41794,2.8826034512468306,97.98081696568875,0.1006,1.122,1645,9.15,2.325,entro il 1990
027034,San Michele al Tagliamento,11822,-1.466911151858643,98.42496413326943,0.107,1.58,23943,82.708,0.408,entro il 1990
027036,San Stino di Livenza,12855,-1.5018006283043446,97.97344989193827,0.1072,0.958,769,13.678,2.287,entro il 1990
027035,Santa Maria di Sala,17774,2.6330985102205795,96.75407416201014,0.1053,1.191,500,7.11,2.528,entro il 2000
027037,Scorzè,18848,-0.29095910702004973,96.7679027298356,0.1193,0.715,825,10.345,2.363,entro il 1990
027038,Spinea,27909,3.8397142538229714,97.17168720586425,0.0917,0.448,834,6.952,2.326,entro il 1980
027039,Stra,7635,1.005423997883318,96.99906215500141,0.0752,0.186,498,14.418,2.21,entro il 1990
027040,Teglio Veneto,2336,0.9071274298056156,95.38810774653045,0.1111,0.413,594,38.874,1.529,entro il 1990
027041,Torre di Mosto,4770,0.8030431107354183,97.53705702484514,0.0937,0.979,320,15.311,2.282,entro il 2000
027042,Venezia,261321,0.17825926948201307,97.86706787521548,0.0992,0.794,14291,10.72,1.96,entro il 1970
027043,Vigonovo,9998,0.8066142367412784,97.32186361477147,0.0757,0.851,344,8.21,2.386,entro il 1990
023001,Affi,2333,1.7000871839581517,98.12135939915296,0.1652,0.939,183,17.248,2.199,entro il 1990
023002,Albaredo d'Adige,5190,-1.3307984790874523,99.60657583597111,0.1197,8.52,320,14.526,2.356,entro il 1980
023003,Angiari,2292,5.476300046019328,96.71729574257016,0.0922,1.408,87,9.325,2.457,entro il 2000
023004,Arcole,6246,1.5774922751666938,98.31628462774091,0.1328,1.035,233,9.499,2.546,entro il 1980
023005,Badia Calavena,2623,-1.539039039039039,97.40782427259167,0.1651,1.395,843,45.298,1.409,entro il 1990
023006,Bardolino,7147,6.703493580173187,97.57085269183581,0.1649,0.578,4288,58.667,0.978,entro il 1980
023007,Belfiore,3153,4.577114427860696,97.66187662945673,0.1441,0.0,206,15.642,2.394,entro il 1980
023008,Bevilacqua,1700,-3.5734543391945546,97.75852949032709,0.085,6.198,145,17.64,2.068,entro il 1990
023009,Bonavigo,2013,0.1492537313432836,99.75810197094061,0.0987,5.734,226,23.665,2.108,entro il 1980
023010,Boschi Sant'Anna,1390,-4.989747095010253,100.60459554609747,0.0814,2.148,140,21.374,2.122,entro il 2000
023011,Bosco Chiesanuova,3568,0.7056167090036692,96.42559192897694,0.1657,0.82,2843,65.341,0.82,entro il 1980
023012,Bovolone,16078,1.7723762501582478,98.09248429397832,0.1257,0.791,1161,16.345,2.264,entro il 1990
023013,Brentino Belluno,1378,-1.9217081850533808,99.47249162459791,0.1653,0.239,161,22.549,1.93,entro il 1980
023014,Brenzone sul Garda,2489,-0.1604492579221821,96.44735951269632,0.1628,0.447,1540,59.049,0.954,entro il 1980
023015,Bussolengo,20142,3.18118948824343,97.37070465688997,0.1635,0.388,461,5.762,2.517,entro il 1990
023016,Buttapietra,7062,2.764842840512223,97.22011538228021,0.1453,1.077,246,8.644,2.481,entro il 1990
023017,Caldiero,7905,6.478987068965517,97.44027682016568,0.1499,0.0,236,7.851,2.63,entro il 1990
023018,Caprino Veronese,8399,4.348366256677848,97.99977132050087,0.1654,0.56,1386,29.768,1.804,entro il 1980
023019,Casaleone,5648,-4.578476093934786,100.14635890907513,0.0833,1.554,399,15.068,2.133,entro il 1980
023020,Castagnaro,3749,-4.6055979643765905,98.7522854942589,0.0796,1.337,301,17.319,2.157,entro il 1990
023021,Castel d'Azzano,11847,1.2564102564102564,97.55450021961128,0.147,0.971,600,11.716,2.313,entro il 1990
023022,Castelnuovo del Garda,13137,7.319663426190671,97.11455015349033,0.1623,0.918,757,13.422,2.329,entro il 1990
023023,Cavaion Veronese,5924,7.630813953488372,97.6271747514098,0.1651,0.3,473,17.538,2.197,entro il 1990
023024,Cazzano di Tramigna,1512,-2.6400515132002575,97.7228719601382,0.1613,0.559,225,27.273,1.833,entro il 1970
023025,Cerea,16517,1.705665024630542,98.32935187070215,0.0965,0.773,422,6.223,2.436,entro il 2000
023026,Cerro Veronese,2463,1.5251442704039573,97.00959790575864,0.1655,0.966,703,42.658,1.495,entro il 2000
023027,Cologna Veneta,8468,-1.4087786703923624,100.18203229945502,0.1045,0.838,380,10.653,2.374,entro il 1980
023028,Colognola ai Colli,8699,6.618458144380439,98.3429805649509,0.1536,1.197,245,7.274,2.583,entro il 1990
023029,Concamarise,1079,-0.27726432532347506,102.33085371440541,0.0973,3.106,106,21.2,2.158,entro il 1980
023030,Costermano sul Garda,3749,4.081066074403109,95.88452924350315,0.165,0.0,1355,47.444,1.313,entro il 2000
023031,Dolcè,2575,0.3898635477582846,98.68142011145724,0.1656,0.0,115,10.168,2.277,entro il 1990
023032,Erbè,1923,4.397394136807818,98.9295147276596,0.1089,0.659,166,19.785,2.292,entro il 1990
023033,Erbezzo,722,-5.49738219895288,97.12648084373681,0.1655,0.619,664,67.275,0.732,entro il 1980
023034,Ferrara di Monte Baldo,273,24.65753424657534,97.64524344954573,0.1642,0.521,428,76.565,0.488,entro il 1980
023035,Fumane,4125,-0.6263550951577933,96.44958768194576,0.1657,0.687,501,23.926,1.97,entro il 1980
023036,Garda,4117,3.494218200100553,97.96299278922956,0.1645,0.087,1903,51.06,1.105,entro il 1980
023037,Gazzo Veronese,5347,-2.1054558769681435,98.8003025008055,0.087,0.869,195,8.594,2.357,entro il 1990
023038,Grezzana,10805,-0.20319571441765957,97.53770270664508,0.1657,0.184,364,8.275,2.456,entro il 1990
023039,Illasi,5243,-1.4288400075202106,97.65581632983888,0.1609,0.592,382,16.594,2.278,entro il 1980
023040,Isola della Scala,11545,1.006124234470691,98.0958546347048,0.1342,1.023,452,9.526,2.433,entro il 1990
023041,Isola Rizza,3222,-1.2867647058823528,97.85614070349584,0.1126,4.455,78,6.215,2.567,entro il 2000
023042,Lavagno,8410,3.482219761289529,96.59400418522749,0.1596,1.711,435,12.181,2.355,entro il 2000
023043,Lazise,6958,3.8352484703775556,97.90813048979946,0.1641,0.46,2687,48.284,1.25,entro il 1990
023044,Legnago,25259,1.327824133504493,97.97708098410136,0.0836,1.234,1354,11.53,2.151,entro il 1970
023045,Malcesine,3685,0.5182760501909438,97.5742103126557,0.1601,0.42,1425,47.107,1.218,entro il 1980
023046,Marano di Valpolicella,3145,1.779935275080906,96.91385134380245,0.1657,0.0,313,21.336,2.144,entro il 1980
023047,Mezzane di Sotto,2498,1.8760195758564437,96.85738803137815,0.1629,2.17,223,20.44,2.29,entro il 1990
023048,Minerbe,4573,-2.2027373823781007,98.44738215102007,0.0969,1.639,223,11.372,2.332,entro il 1980
023049,Montecchia di Crosara,4325,-2.633948671769473,98.71147382657259,0.1596,0.199,224,12.355,2.386,entro il 1990
023050,Monteforte d'Alpone,8917,6.192687864713588,98.37636011815552,0.1518,0.908,569,15.606,2.446,entro il 1980
023051,Mozzecane,7656,8.580343213728549,97.39090285156922,0.1376,0.29,165,5.806,2.694,entro il 2000
023052,Negrar,17093,0.8436578171091444,97.85715072468278,0.1657,2.928,1260,16.227,2.201,entro il 1990
023053,Nogara,8457,-1.5368494586098498,99.18343748084001,0.0995,0.773,532,13.733,2.183,entro il 1990
023054,Nogarole Rocca,3638,5.1141288644900325,100.14421822320737,0.1306,0.766,270,18.206,2.453,entro il 1990
023055,Oppeano,10017,5.910340452526961,97.88790978776568,0.1383,1.759,257,6.674,2.601,entro il 1990
023056,Palù,1236,-3.3620015637216576,96.8845569125054,0.1312,0.228,51,9.922,2.405,entro il 1990
023057,Pastrengo,3092,6.731101139109423,96.05550285959859,0.1643,3.73,301,20.687,2.125,entro il 1980
023058,Pescantina,17236,5.606274125359965,97.1141145348757,0.1644,0.803,539,7.751,2.479,entro il 2000
023059,Peschiera del Garda,10583,13.0420850245674,99.35526120921347,0.1603,0.814,1783,30.128,1.788,entro il 1990
023060,Povegliano Veronese,7233,2.435915592692253,97.75181556676218,0.1474,1.176,370,12.346,2.413,entro il 1990
023061,Pressana,2535,-0.5492349941153394,98.81419755645237,0.0942,1.01,162,14.972,2.343,entro il 1990
023062,Rivoli Veronese,2210,3.1746031746031744,96.95632171046405,0.1655,4.795,192,19.453,2.239,entro il 1990
023063,Roncà,3833,2.1316280309086064,98.64677635207309,0.1563,0.098,220,14.031,2.445,entro il 1990
023064,Ronco all'Adige,6001,-2.739059967585089,100.00791485232794,0.133,1.142,366,14.381,2.358,entro il 1980
023065,Roverchiara,2695,-1.7857142857142856,102.83374719299206,0.1039,1.402,148,13.321,2.426,entro il 1980
023067,Roverè Veronese,2093,-1.5522107243650047,96.84698229395126,0.1655,2.059,1048,55.745,1.113,entro il 1980
023066,Roveredo di Guà,1597,3.0987734021949644,101.54410989554364,0.0844,0.0,74,12.092,2.609,entro il 1990
023068,Salizzole,3804,1.3319126265316994,97.31199479813912,0.1043,5.258,317,19.039,2.285,entro il 1980
023069,San Bonifacio,21397,5.336484025008615,98.99365417521916,0.1411,1.149,1426,15.485,2.323,entro il 1990
023070,San Giovanni Ilarione,5085,-0.5476237042831997,97.13165229016762,0.1636,0.94,350,16.447,2.39,entro il 1990
023071,San Giovanni Lupatoto,25337,5.128417907970624,97.14398085756619,0.1493,1.191,894,8.331,2.361,entro il 1990
023073,San Martino Buon Albergo,15482,8.424959731073605,97.2626215881003,0.1601,0.56,824,12.5,2.349,entro il 1980
023074,San Mauro di Saline,568,2.7124773960216997,97.19666542108307,0.1649,2.151,309,57.328,1.054,entro il 1980
023075,San Pietro di Morubio,2979,-1.8451400329489294,99.00926833490284,0.1011,2.444,253,18.713,2.203,entro il 1990
023076,San Pietro in Cariano,12906,-0.2319109461966605,97.29338628794558,0.165,0.644,649,11.591,2.305,entro il 1990
023079,San Zeno di Montagna,1375,0.5852231163130944,96.37188269877652,0.1642,1.31,1533,71.369,0.64,entro il 1980
023072,Sanguinetto,4011,-2.7872031022782355,98.17463868434194,0.0873,3.488,294,15.385,2.099,entro il 1990
023077,Sant'Ambrogio di Valpolicella,11818,3.5758106923751094,97.31434541186348,0.1655,0.448,336,6.782,2.386,entro il 1990
023078,Sant'Anna d'Alfaedo,2535,-0.7050528789659225,98.37873574003801,0.1657,0.613,1024,51.354,1.271,entro il 1980
023080,Selva di Progno,899,-3.0204962243797198,95.36322208649061,0.1652,2.424,839,67.498,0.723,entro il 1980
023081,Soave,7108,2.731608613961555,97.53760686877457,0.1562,3.679,305,9.997,2.33,entro il 2000
023082,Sommacampagna,14802,1.2587221234094952,97.39776623476978,0.1583,0.694,887,13.743,2.293,entro il 1990
023083,Sona,17694,3.947832217130772,97.41230001019221,0.1623,1.427,565,7.863,2.462,entro il 1990
023084,Sorgà,3019,-3.1129653401797177,99.425511476314,0.1019,3.381,283,19.598,2.091,entro il 1980
023085,Terrazzo,2201,-3.591765221200175,100.99760211217297,0.0778,1.504,192,17.961,2.059,entro il 1980
023086,Torri del Benaco,3040,7.5725406935598025,97.32569809787746,0.1637,0.275,2837,67.499,0.723,entro il 1990
023087,Tregnago,4918,0.02033760423022168,98.35060712979458,0.164,1.091,476,20.886,2.158,entro il 1980
023088,Trevenzuolo,2752,0.9908256880733944,98.83539047296952,0.123,1.473,185,15.935,2.37,entro il 1990
023089,Valeggio sul Mincio,15424,7.566775925796778,97.95056245717637,0.1559,0.99,979,14.804,2.332,entro il 1990
023090,Velo Veronese,748,-3.608247422680412,96.31544993941465,0.1655,0.406,748,71.511,0.715,entro il 1980
023091,Verona,257275,2.15730497692998,98.22355130188778,0.1644,1.162,9693,7.955,2.112,entro il 1980
023092,Veronella,5116,9.129692832764505,98.4266797771622,0.117,0.505,165,8.824,2.736,entro il 2000
023093,Vestenanova,2569,-1.7214996174445294,97.77047189910554,0.1649,0.44,359,26.891,1.924,entro il 1980
023094,Vigasio,10134,7.158718409643649,97.0247182322151,0.1419,2.809,664,15.485,2.363,entro il 2000
023095,Villa Bartolomea,5880,0.944206008583691,98.03308951880432,0.0802,0.445,79,3.369,2.507,entro il 1990
023096,Villafranca di Verona,33232,1.5461712399926664,97.53131598629956,0.152,0.373,1631,11.281,2.299,entro il 1990
023097,Zevio,15048,3.629226637283934,97.12776615743661,0.1467,1.219,502,8.478,2.541,entro il 1990
023098,Zimella,4893,1.1995863495346433,99.24539332885055,0.1273,0.407,270,13.72,2.486,entro il 2000
024001,Agugliaro,1403,-0.7077140835102618,97.36000609501464,0.0842,2.433,109,16.565,2.132,entro il 2000
024002,Albettone,2051,-0.19464720194647203,100.0692465155675,0.0968,1.633,159,17.746,2.289,entro il 1990
024003,Alonte,1610,-2.4242424242424243,96.4551673334346,0.1171,1.044,81,12.0,2.385,entro il 2000
024004,Altavilla Vicentina,12013,2.3079543518991654,96.37061889237542,0.1489,0.243,349,6.768,2.329,entro il 1990
024005,Altissimo,2227,-1.7210944395410415,96.36883831658663,0.1646,3.209,458,35.587,1.73,entro il 1990
024006,Arcugnano,7853,-0.41846309916307384,96.04296444047873,0.1394,0.631,539,15.321,2.232,entro il 1990
024007,Arsiero,3147,-4.433647130276343,97.28103100128985,0.145,2.907,635,32.022,1.587,entro il 1970
024008,Arzignano,25605,0.23487962419260128,98.53390698700436,0.1611,0.628,1700,14.494,2.183,entro il 1980
024009,Asiago,6441,0.6878224167578553,97.11204535532478,0.1562,0.854,5021,65.199,0.836,entro il 1980
024010,Asigliano Veneto,862,-1.8223234624145785,98.28472907515354,0.0968,2.909,73,18.912,2.233,entro il 1990
024124,Barbarano Mossano,6403,0.8823066015440365,97.41560452675843,0.1118,0.627,307,12.063,2.516,entro il 1990
024012,Bassano del Grappa,43481,1.422873270975718,98.35369634004084,0.1829,0.863,4393,20.088,1.988,entro il 1990
024013,Bolzano Vicentino,6480,-0.7200857974567183,96.54056968776722,0.159,0.165,412,14.345,2.256,entro il 2000
024014,Breganze,8586,-1.4575921037530126,96.85346492401929,0.1676,0.8,315,8.939,2.436,entro il 1990
024015,Brendola,6624,-1.6918967052537845,96.7851653737355,0.1425,4.03,283,10.552,2.47,entro il 1990
024016,Bressanvido,3164,1.9329896907216495,97.52415755312774,0.1616,2.319,132,10.671,2.558,entro il 1990
024017,Brogliano,4002,2.3529411764705883,96.1069190030035,0.1638,1.258,305,16.926,2.221,entro il 1990
024018,Caldogno,11272,0.34719131131487585,96.39392290244086,0.164,2.333,654,13.347,2.3,entro il 1990
024019,Caltrano,2517,-4.041174227983226,95.72373499942275,0.1587,1.399,182,15.116,2.091,entro il 1990
024020,Calvene,1317,-0.5287009063444109,97.90424558514735,0.1603,2.075,161,23.099,1.89,entro il 1980
024021,Camisano Vicentino,11248,5.903398926654741,97.99302439580485,0.1381,0.632,401,9.469,2.656,entro il 1990
024022,Campiglia dei Berici,1698,-5.403899721448468,98.34500050566496,0.0916,3.267,48,6.789,2.402,entro il 1980
024023,Campolongo sul Brenta,805,-3.592814371257485,97.19721937480662,0.1738,2.116,263,45.111,1.381,entro il 1970
024024,Carrè,3588,-1.0206896551724138,95.96510321418134,0.1622,0.111,221,13.567,2.203,entro il 1990
024025,Cartigliano,3788,-0.342015259142331,98.20250720597136,0.173,1.923,67,4.876,2.757,entro il 1990
024026,Cassola,14771,4.773726769754575,97.77538138507722,0.1869,0.339,738,12.182,2.438,entro il 1990
024027,Castegnero,2905,1.0434782608695654,95.5761136863225,0.1149,1.935,178,14.378,2.347,entro il 1990
024028,Castelgomberto,6188,1.2600229095074456,97.4104587583399,0.1631,1.471,336,12.533,2.308,entro il 1990
024029,Chiampo,12879,0.10882238631947144,97.69191468629732,0.1635,2.197,426,8.401,2.54,entro il 1990
024030,Chiuppano,2532,-3.3956505150705834,97.38717472864461,0.1612,2.875,197,15.561,2.0,entro il 1980
024031,Cismon del Grappa,925,-3.4446764091858038,96.9784469129792,0.1859,4.379,495,53.226,0.995,entro il 1970
024032,Cogollo del Cengio,3255,-3.8120567375886525,96.68738551772485,0.1561,2.862,481,27.022,1.829,entro il 1990
024033,Conco,2128,-3.535811423390753,95.91435464284794,0.1679,3.093,1839,67.313,0.779,entro il 1980
024034,Cornedo Vicentino,11982,0.36016416785325406,97.074137043336,0.1641,0.867,377,7.686,2.443,entro il 1990
024035,Costabissara,7658,6.925439821278973,97.3216045486686,0.1607,3.909,116,3.934,2.597,entro il 1990
024036,Creazzo,11373,3.250113481615978,96.83734902725416,0.1527,0.463,431,9.002,2.375,entro il 1990
024037,Crespadoro,1322,-9.015829318651067,97.73597995917174,0.1649,4.894,718,57.12,1.052,entro il 1980
024038,Dueville,13804,-0.6119951040391677,96.65749839216208,0.163,0.874,466,8.102,2.4,entro il 1990
024039,Enego,1645,-9.166206515737162,98.16573812747633,0.1663,1.399,1947,69.437,0.587,entro il 1970
024040,Fara Vicentino,3779,-3.547728432873915,95.34395993390292,0.1668,0.096,155,9.445,2.303,entro il 1990
024041,Foza,693,-3.4818941504178276,96.03286719892081,0.1577,4.719,570,66.125,0.804,entro il 1980
024042,Gallio,2389,-0.4583333333333333,95.56451614002722,0.1522,0.898,4615,82.205,0.426,entro il 1990
024043,Gambellara,3432,3.0321224857400177,98.52673408286878,0.1517,0.548,261,17.104,2.249,entro il 1980
024044,Gambugliano,837,-1.5294117647058825,93.67317205798771,0.1613,0.968,92,23.058,2.098,entro il 2000
024046,Grisignano di Zocco,4293,0.42105263157894735,97.95286474472603,0.1214,0.107,253,13.772,2.337,entro il 1990
024047,Grumolo delle Abbadesse,3748,0.0,98.87739890479784,0.1306,0.129,279,16.737,2.248,entro il 1990
024048,Isola Vicentina,10242,6.277887309328629,95.6006954243316,0.1639,0.545,564,13.525,2.456,entro il 1990
024049,Laghi,130,5.691056910569105,95.53741378108553,0.144,0.429,205,77.652,0.492,entro il 1945
024050,Lastebasse,198,-13.157894736842104,98.17152867868047,0.1208,3.59,159,59.108,0.736,entro il 1918
024051,Longare,5684,0.4772847799186848,96.08798531191485,0.1306,0.622,349,13.756,2.24,entro il 1980
024052,Lonigo,16466,5.54451637715531,98.6547446423233,0.1359,0.731,463,7.325,2.605,entro il 1990
024053,Lugo di Vicenza,3652,-1.959731543624161,96.41322629054542,0.1626,2.419,259,14.945,2.107,entro il 1980
024054,Lusiana,2581,-5.665204678362573,95.64805223884058,0.1643,1.22,1489,56.125,0.973,entro il 1980
024055,Malo,14855,0.9514101257220523,96.44253653505028,0.165,1.519,440,7.221,2.438,entro il 1990
024056,Marano Vicentino,9529,-1.4275369814833971,96.18650426818473,0.164,2.24,525,12.235,2.221,entro il 1990
024057,Marostica,14039,1.872142805311661,96.99318408007153,0.1751,0.368,914,14.387,2.21,entro il 1990
024058,Mason Vicentino,3501,-0.19954389965792474,95.52735334345213,0.1696,1.792,218,14.046,2.256,entro il 1990
024059,Molvena,2560,-1.1583011583011582,95.18494720014134,0.1683,0.725,198,16.923,2.188,entro il 2000
024063,Monte di Malo,2838,-1.7653167185877467,96.06100617462147,0.164,1.769,339,24.111,2.018,entro il 1980
024060,Montebello Vicentino,6542,-0.0916310323762981,98.35149220652085,0.1498,2.375,294,10.821,2.408,entro il 1980
024061,Montecchio Maggiore,23316,0.04290740581824423,98.14026223659249,0.1583,0.275,903,9.145,2.361,entro il 1990
024062,Montecchio Precalcino,5048,1.5694164989939636,96.74910716362223,0.1657,3.972,183,8.927,2.462,entro il 1990
024064,Montegalda,3431,2.0220041629497474,98.32269904750744,0.1212,1.023,163,11.933,2.512,entro il 1990
024065,Montegaldella,1774,-0.33707865168539325,96.92258582595288,0.1153,0.0,84,11.667,2.464,entro il 1990
024066,Monteviale,2811,8.03228285933897,95.22993451816116,0.1559,1.876,219,16.95,2.176,entro il 2000
024067,Monticello Conte Otto,9026,-1.301257517769273,96.17525625666418,0.1599,0.0,304,7.874,2.338,entro il 1990
024068,Montorso Vicentino,3107,-2.6018808777429467,97.30948032219969,0.1548,0.782,146,11.318,2.409,entro il 1990
024070,Mussolente,7632,-0.15698587127158556,96.92293768931371,0.1921,1.2,380,12.156,2.441,entro il 1990
024071,Nanto,3091,-0.03234152652005175,97.27879096226542,0.1183,1.949,155,11.742,2.342,entro il 2000
024072,Nogarole Vicentino,1206,5.696757230499562,94.37222427846582,0.163,3.396,205,33.065,1.945,entro il 2000
024073,Nove,4966,-2.128498226251478,97.35469566007357,0.1711,0.306,249,11.668,2.327,entro il 1980
024074,Noventa Vicentina,8900,0.9986382206082615,98.2125264920043,0.0853,1.907,353,9.349,2.357,entro il 1990
024075,Orgiano,3042,-3.6732108929702343,98.52312560176162,0.1039,2.176,252,18.248,2.203,entro il 1990
024076,Pedemonte,740,-3.5202086049543677,97.86655752790956,0.1144,0.272,186,37.576,1.495,entro il 1970
024077,Pianezze,2162,4.697336561743342,96.58481540327706,0.17,1.573,99,11.199,2.446,entro il 1990
024078,Piovene Rocchette,8344,0.760777683854607,97.030202238729,0.1614,0.464,508,13.253,2.177,entro il 1980
024079,Pojana Maggiore,4348,-2.336028751123091,96.96149697411356,0.0891,0.614,338,17.342,2.231,entro il 1990
024080,Posina,557,-3.298611111111111,94.52048924330289,0.1526,4.324,639,71.079,0.62,entro il 1960
024081,Pove del Grappa,3136,1.5215280025898348,96.14684810950457,0.1811,0.217,330,22.192,2.109,entro il 1990
024082,Pozzoleone,2780,-0.32269630692004303,97.1639892916538,0.165,0.476,177,14.949,2.348,entro il 1990
024083,Quinto Vicentino,5815,2.214800492177887,97.28383475258902,0.1498,0.082,378,15.341,2.36,entro il 2000
024084,Recoaro Terme,6306,-6.355806355806355,95.70124726898487,0.1636,3.035,1591,36.399,1.443,entro il 1970
024085,Roana,4276,-0.7888631090487239,97.16430291135886,0.1476,0.969,6801,77.717,0.489,entro il 1990
024086,Romano d'Ezzelino,14228,-1.8690944203048485,97.01580908519972,0.1874,0.35,582,9.81,2.398,entro il 1990
024087,Rosà,14499,2.895465190547158,98.39306686964173,0.1833,2.139,423,7.989,2.738,entro il 1990
024088,Rossano Veneto,8078,2.046488125315816,96.96363056376369,0.1831,2.09,443,13.161,2.4,entro il 2000
024089,Rotzo,659,2.96875,95.75420225735753,0.1363,0.265,663,71.214,0.708,entro il 1980
024090,Salcedo,1038,0.09643201542912247,95.39056294053863,0.1659,0.937,182,31.874,1.818,entro il 1990
024093,San Nazario,1665,-4.529816513761467,101.9517842307298,0.1729,0.413,1821,72.033,0.659,entro il 1990
024094,San Pietro Mussolino,1603,-0.8044554455445545,98.86264742807965,0.1641,7.317,80,12.862,2.577,entro il 1980
024096,San Vito di Leguzzano,3541,-0.7010656197420079,96.08363925985499,0.1637,0.247,228,13.785,2.141,entro il 1990
024091,Sandrigo,8457,0.8226037195994278,97.16754522163461,0.1663,0.553,243,7.224,2.514,entro il 1990
024095,Santorso,5711,-0.5745125348189415,96.30999454195258,0.1604,1.245,186,7.467,2.293,entro il 1990
024097,Sarcedo,5274,-0.7153614457831325,96.5915179341991,0.1662,0.55,163,7.477,2.419,entro il 1990
024098,Sarego,6735,1.3391513692446586,97.38741750860429,0.1383,1.729,411,14.811,2.427,entro il 2000
024099,Schiavon,2629,0.9213051823416507,96.19790958458395,0.1696,1.28,137,12.5,2.399,entro il 1990
024100,Schio,39082,-0.12011551534667382,97.12262227008205,0.1633,1.064,3361,17.12,1.991,entro il 1980
024101,Solagna,1875,-0.7936507936507936,98.15913446365992,0.1783,0.496,770,51.539,1.255,entro il 1990
024102,Sossano,4296,-2.208058274527658,98.4306615257914,0.1061,1.507,187,10.577,2.43,entro il 1980
024103,Sovizzo,7647,7.977972324202202,96.01824474780773,0.1571,0.226,496,15.51,2.391,entro il 1990
024104,Tezze sul Brenta,12817,1.6899397016820057,97.69840521729125,0.1726,0.614,432,8.804,2.612,entro il 1990
024105,Thiene,24309,4.595327223441332,97.57915805142574,0.1653,0.907,1830,16.472,2.188,entro il 1990
024106,Tonezza del Cimone,518,-9.598603839441536,94.75180517635104,0.1397,2.381,1925,87.262,0.235,entro il 1980
024107,Torrebelvicino,5849,-3.065959562479284,96.3446951213981,0.1622,3.714,402,14.19,2.065,entro il 1990
024108,Torri di Quartesolo,11684,-0.1794105083297736,96.66280961281144,0.1416,0.632,594,11.545,2.271,entro il 1990
024110,Trissino,8709,0.8569774174869716,97.22858540942799,0.1624,2.122,388,10.784,2.421,entro il 1990
024123,Val Liona,3048,-0.16377333770062236,95.63247407358512,0.1226,1.403,399,25.43,1.943,entro il 1990
024111,Valdagno,26016,-2.037127687615318,97.46204682516651,0.1644,1.086,2523,18.55,1.913,entro il 1980
024112,Valdastico,1274,-7.814761215629522,99.64804694938672,0.1351,0.595,572,50.264,1.12,entro il 1990
024113,Valli del Pasubio,3169,-4.576934658235472,95.82903190551131,0.1589,0.191,899,40.224,1.418,entro il 1980
024114,Valstagna,1791,-2.9794149512459374,96.33066774624683,0.1676,0.674,477,38.718,1.454,entro il 1960
024115,Velo d'Astico,2368,-1.086048454469507,96.13065204884347,0.1541,2.09,386,27.971,1.716,entro il 1980
024116,Vicenza,111620,0.3578428728129327,98.16052198680593,0.1582,0.912,9859,16.978,1.922,entro il 1980
024117,Villaga,1905,-2.90519877675841,95.8499092115584,0.1189,2.541,107,12.954,2.306,entro il 1980
024118,Villaverla,6138,-0.3247807729782397,96.48618672556083,0.1649,0.723,254,9.781,2.363,entro il 1990
024119,Zanè,6661,0.5585748792270531,95.56584353230593,0.1638,0.724,276,9.836,2.374,entro il 1990
024120,Zermeghedo,1393,1.9019751280175567,95.7468376956986,0.1543,0.0,77,13.556,2.452,entro il 1990
024121,Zovencedo,763,-5.334987593052109,96.00524607079605,0.1254,0.76,146,31.602,1.652,entro il 1980
024122,Zugliano,6801,1.5529341496192326,96.97992962180426,0.1644,0.972,263,9.326,2.412,entro il 1990
