{"type":"Topology","arcs":[[[26756,39583],[89,-21],[85,-61],[20,17],[97,-32],[-1,-33],[-44,-49],[109,-170],[46,-15],[51,45]],[[27208,39264],[-39,-129],[2,-75],[26,-64],[-9,-61]],[[27188,38935],[-140,-10],[-305,154]],[[26743,39079],[6,51],[-36,54],[10,31],[-23,23],[-1,65],[-74,41],[-5,66],[4,32],[-61,43],[-68,-26],[-40,-37],[-56,10]],[[26399,39432],[-36,61],[-1,46],[82,87]],[[26444,39626],[51,-21],[19,28]],[[26514,39633],[52,4],[29,72],[61,-14],[46,-100],[54,-12]],[[27188,38935],[15,-102],[30,37],[76,-112],[4,-99],[161,-132]],[[27474,38527],[-85,-23],[-76,23],[-79,-130]],[[27234,38397],[-19,51],[-111,52],[-91,-39],[-183,65],[-72,30]],[[26758,38556],[15,22],[-17,86],[-201,117],[-14,34],[10,93]],[[26551,38908],[93,35],[9,72],[90,64]],[[27732,38824],[-28,-44]],[[27704,38780],[-52,-29],[-34,-117],[-144,-107]],[[27208,39264],[45,38],[-37,76],[7,24]],[[27223,39402],[177,-107]],[[27400,39295],[-59,-64],[-26,-151],[97,-15],[154,-163],[121,-26],[45,-52]],[[27607,39191],[99,-75],[85,-10],[13,-88],[63,-50],[17,-78]],[[27884,38890],[-94,-11],[-58,-55]],[[27400,39295],[103,17],[2,-40],[-29,-40],[66,-83],[65,42]],[[24901,38905],[11,-39],[-2,-48],[7,-86],[43,-93],[52,-45]],[[25012,38594],[4,-127],[22,-27],[-31,-19],[-41,14],[1,-94],[-16,-3]],[[24951,38338],[-98,67],[-122,-52],[-1,1],[-142,36],[-12,-2],[-123,-44]],[[24453,38344],[30,109],[-18,32],[43,49],[-18,92],[0,13],[-20,74],[79,54],[39,19],[95,21],[54,34],[-28,22],[-4,85],[-33,23]],[[24672,38971],[-15,54],[35,9],[61,7],[-1,-40],[52,-13],[48,-108],[49,25]],[[24453,38344],[-4,-9],[6,-48],[-13,-21]],[[24442,38266],[-58,10],[-47,-45],[-42,19],[-28,139],[-89,63]],[[24178,38452],[93,136]],[[24271,38588],[9,8],[6,5],[21,50],[25,93],[18,18],[7,4],[-2,42],[6,24],[-9,18],[-16,54],[-1,18],[0,5]],[[24335,38927],[54,-35],[28,40],[47,-61],[45,-6],[51,30],[7,28]],[[24567,38923],[21,0],[84,48]],[[24442,38266],[-17,-53],[22,-67],[69,-29],[20,-93],[40,-50],[-10,-32],[28,-72]],[[24594,37870],[-105,6],[-11,19],[-16,-15],[-42,5]],[[24420,37885],[-3,1]],[[24417,37886],[9,31],[-26,32],[-35,-13],[-29,-61],[25,-10],[37,11]],[[24398,37876],[-61,-55]],[[24337,37821],[-181,10],[-62,-25],[-27,12],[-15,15]],[[24052,37833],[-24,43],[9,42],[19,123],[-8,81],[0,3],[35,74],[48,193],[47,60]],[[24951,38338],[-33,-30],[-35,1],[-12,-59],[34,-102],[14,-30],[-11,-74],[2,-20],[7,-64],[-22,-84],[-128,-31],[-45,-38]],[[24722,37807],[-21,5],[-45,42],[-62,16]],[[25416,38580],[40,-20],[1,-73],[-16,-28],[12,-63],[69,-17],[37,-85],[47,-10],[32,-49],[79,59],[42,-42],[71,-24],[44,-56]],[[25874,38172],[-65,-52],[36,-64]],[[25845,38056],[6,-18],[36,-55],[-18,-71],[51,-36],[-11,-81],[-42,-10],[-77,99],[-33,-8],[-9,-19]],[[25748,37857],[-25,-1],[-16,20],[-39,16],[-47,5],[-6,-21],[-5,-26],[-37,-1],[-145,-14],[-25,-39],[-51,-15],[4,-27],[-138,-27],[-9,0],[-35,77]],[[25174,37804],[22,44],[-58,28],[-5,97],[12,142],[35,73],[44,-24],[28,42],[27,77],[40,23],[-6,13],[-93,79],[-6,111],[-23,23]],[[25191,38532],[90,100],[47,-19],[16,37]],[[25344,38650],[40,-14],[32,-56]],[[26179,38481],[-15,-31],[4,-56],[-28,-54],[-72,42],[-26,-23],[-15,-97],[-74,-42],[-79,-48]],[[25416,38580],[21,36],[128,-40],[26,-43],[-5,-51],[13,-4],[93,62],[24,84],[98,46],[119,6],[18,26]],[[25951,38702],[66,-58],[18,-48],[46,-7],[98,-108]],[[25344,38650],[-47,135],[35,-4],[36,54],[34,2],[10,29],[-12,32],[7,62],[-4,38]],[[25403,38998],[24,26],[76,47],[-4,50],[21,23],[122,43]],[[25642,39187],[98,-84]],[[25740,39103],[-51,-80],[66,-119],[15,-12],[-2,-24],[54,-65],[66,-19],[63,-82]],[[25376,39392],[42,-19],[107,15]],[[25525,39388],[62,-58]],[[25587,39330],[20,-54],[35,-89]],[[25403,38998],[-15,-37],[-50,11],[-30,-34],[-63,2],[-57,88],[-71,1],[-22,-27],[-35,19]],[[25060,39021],[-35,37],[19,30],[45,2],[76,116],[-45,75]],[[25120,39281],[35,17],[-30,56],[69,13],[83,-63],[26,69],[0,45],[37,18],[36,-44]],[[25191,38532],[-75,31],[-25,53],[-79,-22]],[[24901,38905],[9,43],[83,9],[25,53],[42,11]],[[25080,39280],[40,1]],[[24567,38923],[8,91],[-31,57],[5,11],[-12,68],[-8,42],[59,21],[36,20],[46,-30],[36,19],[3,53],[35,6],[37,70]],[[24781,39351],[69,34],[36,53]],[[24886,39438],[60,9],[81,-74],[46,-42],[7,-51]],[[25174,37804],[-147,11],[-7,-87],[-87,-70]],[[24933,37658],[6,53],[-28,4],[-39,60],[-11,34],[-139,-2]],[[26101,40551],[19,-39],[19,-20],[-8,-33],[-95,-1],[-37,13],[-49,-3],[-20,19],[10,40],[9,54],[80,27],[72,-57]],[[23945,38908],[-8,-65],[14,-12],[35,-20],[2,-3],[-3,-28],[-28,-42],[3,-27],[17,-16]],[[23977,38695],[-42,-24],[-49,21],[-60,32],[-48,-29],[-21,32],[-57,110],[-65,22]],[[23635,38859],[0,44]],[[23635,38903],[83,-6],[96,46],[47,14]],[[23861,38957],[84,-49]],[[26565,39903],[16,-48],[-8,-76],[-59,-146]],[[26444,39626],[-13,68],[-30,34],[-59,6],[-13,-31],[28,-52],[-182,-94],[-60,-1]],[[26115,39556],[-56,77],[-22,89],[-45,8],[-31,100]],[[25961,39830],[4,96]],[[25965,39926],[63,20],[100,-37],[49,1],[67,26],[45,64],[97,1],[96,22]],[[26482,40023],[13,-35],[56,-29],[14,-56]],[[26064,39503],[-152,-73],[-37,-53],[-45,25],[-79,-24],[-89,-109],[-75,61]],[[25525,39388],[-7,65],[16,26],[64,-5],[63,52],[-23,31],[0,47],[137,58],[-12,31]],[[25763,39693],[45,61],[34,6],[26,63],[93,7]],[[26115,39556],[-51,-53]],[[25763,39693],[-60,54],[-54,7]],[[25649,39754],[-38,101],[8,31],[1,109],[130,52],[160,12]],[[25910,40059],[43,-46],[12,-87]],[[25649,39754],[-20,-82],[-21,9],[-48,6],[-110,65],[-73,9],[-33,78],[30,26],[-28,36],[-141,37],[-21,104],[-73,14]],[[25111,40056],[-48,198],[82,24],[55,5],[25,59],[5,113],[-40,56],[25,14],[-84,164]],[[25131,40689],[28,31],[225,48],[32,52]],[[25416,40820],[108,-77],[72,-3],[42,-54],[-27,-156],[50,-29],[-28,-153],[14,-39],[34,-32],[134,-36],[129,-66],[0,-82],[-34,-34]],[[24570,41828],[62,-34],[43,11]],[[24675,41805],[1,-4],[23,-1],[148,-25],[36,-77],[-21,-71],[68,-41],[1,-47],[57,45],[127,-68],[76,37],[46,-31],[-2,-68],[-97,-69],[20,-40],[22,-20]],[[25180,41325],[-48,-80],[6,-37],[58,-52],[-121,-156]],[[25075,41000],[-43,12],[-55,26]],[[24977,41038],[-24,35],[-20,21],[-4,81],[-32,15],[-43,-31],[-74,-53]],[[24780,41106],[-83,83],[-72,87]],[[24625,41276],[-25,7],[-59,0],[-66,79],[42,26],[-43,52],[5,55],[-52,33],[63,62],[-7,68],[-69,136],[-6,55]],[[24408,41849],[133,-17],[29,-4]],[[25305,41576],[-49,-2],[-34,22],[-1,31],[12,13],[51,-13],[21,-51]],[[24387,41720],[-30,0],[-34,21],[15,20],[57,-4],[-8,-37]],[[24319,41825],[-35,-1],[20,64],[15,-13],[0,-50]],[[24431,41654],[-7,-44],[-44,14],[1,20],[50,10]],[[24322,41704],[-17,-22],[-24,33],[32,39],[9,-50]],[[24171,41462],[-8,-47],[-39,50],[30,14],[17,-17]],[[24886,39438],[13,67],[-61,9],[9,62],[38,55],[-6,69],[48,9],[17,74],[-1,25],[-76,56],[-19,45]],[[24848,39909],[115,60],[38,50],[37,0],[65,35],[8,2]],[[25751,42341],[1,-48],[24,-72],[-30,-12],[-21,38],[-49,-24]],[[25676,42223],[-66,21],[28,42],[-55,40]],[[25583,42326],[-37,-28]],[[25546,42298],[-36,4]],[[25510,42302],[21,60],[-11,73],[128,74],[99,-38],[4,-130]],[[26626,41940],[-24,-49],[-41,9],[-74,33],[-21,18],[10,69],[21,41],[17,-25],[112,-66],[0,-30]],[[25825,42262],[-4,-55],[-30,18],[13,52],[21,-15]],[[25474,42575],[5,-47],[-36,3],[-13,24],[44,20]],[[26469,38379],[59,-42],[32,-72],[3,-71],[-68,-38],[-84,32],[-13,-72],[17,-61],[71,-58],[-1,-77]],[[26485,37920],[-15,6],[-79,-50],[-55,-31],[-78,9],[-6,22],[-15,18],[-62,12],[-39,-30],[7,-97],[-51,-9]],[[26092,37770],[-23,12],[-6,94],[7,26],[-77,75],[3,86],[-43,-15],[-63,31],[-45,-23]],[[26179,38481],[93,-97],[78,-17],[49,37],[70,-25]],[[26092,37770],[8,-105],[87,-17],[19,-56],[-46,-113]],[[26160,37479],[-42,53],[-104,31],[-94,-36],[-144,37]],[[25776,37564],[-66,29],[-75,-45]],[[25635,37548],[-36,6]],[[25599,37554],[-12,102],[118,37],[77,79],[-34,85]],[[25599,37554],[-123,-54],[-50,17],[-158,-26],[-58,-107],[-112,51],[-66,-5]],[[25032,37430],[1,44],[-27,27],[-85,-73]],[[24921,37428],[-10,46],[34,122],[-12,62]],[[25788,37322],[-73,12]],[[25715,37334],[-107,130],[-7,45],[34,39]],[[25776,37564],[96,-164],[-71,-39],[-13,-39]],[[32452,30965],[5,21],[41,-35],[28,24],[21,49],[34,11],[59,-29],[24,17],[14,52],[-5,74],[24,-19],[166,-20],[58,15],[40,29],[27,0],[44,19],[50,33],[16,28],[39,9],[20,25],[67,34],[5,-22],[-32,-15],[-20,-31],[-43,-43],[-37,-23],[-37,-60],[-33,-4],[-20,-35],[3,-53],[45,-78],[-64,-41],[-28,20],[-27,-1],[-19,-23],[-13,-65],[-117,-60],[-37,3],[-47,-35],[-2,-40],[-23,-3],[-21,53],[-58,-14],[-71,35],[-30,34],[-5,39],[-25,35],[-1,51],[-15,39]],[[26326,39209],[11,17],[77,26],[53,-51],[-16,-48],[-37,8],[-24,-21],[-37,-10],[-27,47],[0,32]],[[26551,38908],[-56,39],[-41,-52],[-128,17],[-172,-23],[-3,55],[22,50],[-8,116],[-133,94]],[[26032,39204],[85,74],[244,95],[38,59]],[[26758,38556],[-176,52],[-29,-116],[-58,-44],[-26,-69]],[[25740,39103],[128,14],[55,50],[43,-4],[30,47],[36,-6]],[[24761,42288],[37,-63],[-57,-102],[27,-84],[-17,-44],[-2,0],[-3,0],[-1,0],[-22,0],[-2,-74],[85,12],[52,-35],[26,-61],[-108,-21],[-40,19],[-7,4],[-54,-34]],[[24408,41849],[4,252],[-43,43],[-32,-46],[-47,110],[-25,-26],[-39,23],[32,149]],[[24258,42354],[88,-24],[318,74],[20,-45],[77,-71]],[[25011,42222],[49,-72],[27,60],[16,-9],[43,-206],[-57,-123],[-78,49],[-93,9],[-5,65],[-25,0],[-53,41],[-43,151],[219,35]],[[25122,41760],[-14,-11],[-14,60],[17,54],[64,91],[7,-38],[-60,-156]],[[24386,41942],[-17,-14],[-21,27],[9,53],[38,-3],[-15,-30],[6,-33]],[[25031,41837],[-19,-42],[-36,48],[8,11],[47,-17]],[[24641,42815],[70,-4],[92,-57],[135,67]],[[24938,42821],[39,-2],[51,-83],[124,-8],[30,-76],[-66,-106],[-39,8],[-32,-34],[-26,76],[-51,-47],[-22,-166],[-83,-21],[4,-73],[-106,-1]],[[24258,42354],[51,57],[-73,126],[23,107],[-21,86],[22,76],[159,-97],[21,16],[11,77],[83,96],[43,-55],[-2,-59],[66,31]],[[25088,42328],[-32,-3],[-5,34],[30,34],[23,-4],[-16,-61]],[[24394,42776],[-27,-9],[-26,46],[50,13],[3,-50]],[[25415,42854],[1,-45],[-30,6],[-19,32],[48,7]],[[25076,42417],[-31,-18],[-6,36],[30,33],[7,-51]],[[24641,42815],[-37,70],[-8,91],[-25,20],[-57,-18],[-42,-110],[-39,-41],[-111,1],[-36,70],[102,148],[277,43],[191,218],[172,58],[23,-217],[-78,-180],[-6,-118],[-29,-29]],[[25245,43137],[-19,-32],[-56,29],[15,24],[54,11],[6,-32]],[[25288,43143],[-20,-19],[-12,39],[6,22],[28,0],[-2,-42]],[[30259,44401],[22,28],[294,-64],[70,-33],[296,-22],[71,39],[47,-41],[-6,-36],[-80,-45],[-75,-154],[-119,-98],[56,-204],[3,-126],[71,-166],[-67,-45],[-47,-76],[-18,-79]],[[30777,43279],[-150,56],[-131,-52],[-79,42],[-91,132],[-45,4],[-182,107],[-107,-3],[-72,-37],[-164,-53]],[[29756,43475],[52,248],[-52,15],[-105,-43],[-81,39],[-86,144],[16,86],[-58,-10],[30,235],[73,33],[118,31],[-5,44],[53,-10],[71,64],[120,-9],[18,54],[98,-39],[102,11],[46,52],[42,-11],[16,34],[35,-42]],[[29417,43885],[7,-58],[-71,18],[-8,-18],[35,-27],[-1,-19],[-63,-23],[-123,-92],[-133,-16],[-44,-117],[-48,-29],[-4,40],[53,71],[-102,79],[33,46],[-19,69],[54,-24],[41,42],[33,-14],[5,14],[82,56],[144,-9],[94,36],[35,-25]],[[29167,44138],[123,-92],[17,1],[9,-42],[-26,1],[-143,-84],[-27,17],[-28,84],[-23,20],[98,95]],[[29348,44121],[41,-17],[25,7],[4,-28],[-66,-9],[-22,32],[18,15]],[[29647,43601],[-27,-17],[-8,19],[7,32],[34,2],[-6,-36]],[[29831,44393],[-29,-11],[-18,24],[24,38],[23,-51]],[[29549,32493],[-24,49],[-71,-12],[9,31],[28,9],[8,12],[-142,-35]],[[29357,32547],[-21,60]],[[29336,32607],[31,36],[-28,23]],[[29339,32666],[78,49],[57,-63],[38,38],[19,70]],[[29531,32760],[119,-80],[5,-263],[-28,-22],[-78,98]],[[29315,31596],[-3,-47],[-35,14],[-14,41],[-3,49],[19,33],[18,-40],[29,-33],[-11,-17]],[[29441,32251],[-1,27],[-76,39],[0,35]],[[29364,32352],[39,-22],[1,35],[28,6],[-4,-56],[28,-37],[-15,-27]],[[29476,32403],[-17,-12],[-23,54],[45,3],[-5,-45]],[[29466,31990],[13,-57],[-31,11],[-11,48],[29,-2]],[[29638,32269],[-34,-8],[-18,37],[37,10],[15,-39]],[[29367,32176],[-13,-37],[-22,1],[-7,28],[10,24],[32,-16]],[[29473,32236],[6,-53],[-44,22],[12,31],[26,0]],[[29631,31923],[-32,-15],[-21,35],[32,17],[21,-37]],[[30456,33269],[63,-123],[-27,-36],[-118,28],[-1,69],[-43,-32],[-61,47],[15,50],[91,29],[6,26],[52,5],[27,-31],[-4,-32]],[[30318,32906],[38,-34],[17,6],[-10,-76],[8,-59],[-18,-21],[-2,-33],[-30,-35],[-50,53],[44,55],[-2,25],[-54,86],[7,17],[52,16]],[[30034,33666],[44,-18],[34,17],[7,-14],[-26,-86],[-37,47],[-22,-52],[-39,60],[6,37],[33,9]],[[30651,32417],[-51,-36],[-74,37],[-4,9],[57,42],[71,-34],[1,-18]],[[30353,32327],[-17,-21],[-32,2],[33,62],[49,1],[35,30],[16,-14],[-46,-51],[-38,-9]],[[30194,32901],[-5,-44],[-28,11],[-3,28],[21,23],[15,-18]],[[30003,33416],[-34,-53],[-7,32],[17,46],[24,-25]],[[26374,40981],[6,-38],[-18,-32],[-12,-76],[-68,-56],[5,-36],[-1,-31],[96,-87],[44,-30]],[[26426,40595],[22,-57],[-33,-69],[23,-68],[32,-23],[20,-87],[-13,-38],[-35,-96],[43,-89],[-3,-45]],[[25416,40820],[-113,47]],[[25303,40867],[84,8],[16,36],[30,22],[45,-7],[99,61],[86,-10],[3,-2],[139,-64],[12,-7],[23,5],[12,-8],[14,6],[22,-16],[87,37],[65,20],[95,115],[45,15],[44,-44],[79,-1],[-10,-85],[81,33]],[[24526,40870],[-23,-63]],[[24503,40807],[-69,18]],[[24434,40825],[-20,35],[-57,65]],[[24357,40925],[34,-14],[135,-41]],[[24359,41060],[21,29]],[[24380,41089],[-11,44]],[[24369,41133],[30,-11],[12,-33],[-52,-29]],[[24977,41038],[-131,-7],[-52,47],[-14,28]],[[24371,41348],[-24,-50],[-28,13],[31,47],[21,-10]],[[24629,39395],[30,-19],[36,21]],[[24695,39397],[15,-24],[71,-22]],[[24335,38927],[-2,6],[-12,50],[22,25],[1,1],[-16,39],[-20,75],[-18,30],[-34,22],[-5,-1],[-91,-31],[-45,49]],[[24115,39192],[118,115]],[[24233,39307],[79,10],[39,66],[17,-10],[18,11],[29,30],[86,-19],[45,33],[42,-30],[41,-3]],[[24233,39307],[-34,66],[-23,0],[20,71],[47,40],[-9,47]],[[24234,39531],[17,72],[62,25],[41,59]],[[24354,39687],[169,-17],[60,-56],[99,-22],[58,-33],[-5,-60],[-43,-36],[3,-66]],[[24781,39866],[23,52],[44,-9]],[[24354,39687],[24,73],[52,25],[8,35],[-18,55],[73,44],[29,63]],[[24522,39982],[66,-30],[94,108]],[[24682,40060],[83,-37],[-25,-33],[-8,-85],[49,-39]],[[26002,41455],[53,-44],[116,26],[48,-92],[48,2],[43,-37]],[[26310,41310],[-4,-34]],[[26306,41276],[-50,3],[-54,-16],[22,-36],[101,-43]],[[26325,41184],[49,-203]],[[25303,40867],[-32,19],[-12,25],[-59,73],[-125,16]],[[25180,41325],[85,30],[59,-35],[80,44],[31,57],[43,10],[74,14],[69,38],[29,17],[58,23],[28,70],[78,-42],[67,33],[74,-23],[9,88],[39,57],[46,-86],[32,41],[30,-4],[-26,-57],[33,-58],[-94,-38],[-22,-49]],[[24682,40060],[-8,-1]],[[24674,40059],[91,115],[71,27],[58,11],[48,44],[-6,64],[16,25],[8,7],[-76,56],[87,90],[-6,34]],[[24965,40532],[41,49],[-4,66],[21,53],[108,-11]],[[24674,40059],[3,96],[-35,18],[-5,37],[-49,91],[-61,58],[4,61],[43,58],[-18,42],[-50,-44],[-63,-4],[-12,55],[-138,-25]],[[24293,40502],[3,24],[2,94],[46,37],[4,34],[65,41],[2,74],[19,19]],[[24503,40807],[11,-54],[57,-9],[72,-71],[71,-59],[68,-12],[183,-70]],[[28218,35023],[83,49]],[[28301,35072],[65,-85],[74,-99],[36,-104],[0,-25],[1,-59]],[[28477,34700],[-10,-17],[-14,-67],[5,-30],[4,-26],[3,-22],[-28,-21],[22,-76],[-13,-48]],[[28446,34393],[-27,36],[-63,-19],[-112,90],[-18,-33],[-50,-20],[-25,3],[-10,-74],[-30,-10]],[[28111,34366],[-30,55],[44,115],[2,24],[2,26],[6,60],[-23,34],[-50,2]],[[28062,34682],[1,77],[1,53],[-19,76],[50,99],[50,97],[37,30],[2,2],[1,-2],[33,-91]],[[28446,34393],[33,-124]],[[28479,34269],[-5,-29],[-60,-41],[9,-109],[-47,-21],[-143,78],[-7,4],[-61,98],[-80,-30]],[[28085,34219],[26,147]],[[28609,34140],[26,-131],[-95,-147]],[[28540,33862],[-56,-148],[-56,-11],[-32,-43],[12,-105],[-30,13],[0,-46],[-25,-36],[-75,15]],[[28278,33501],[-8,92],[-38,83],[-164,166],[26,67],[-51,115],[42,195]],[[28479,34269],[23,-12],[24,-76],[34,-2],[49,-39]],[[27277,38123],[32,-61]],[[27309,38062],[-43,-161],[-79,-12],[-69,28],[-61,-42],[83,-37],[-6,-83],[-72,-52],[16,-133],[-15,-51],[-47,-12],[-63,-69]],[[26953,37438],[-40,-18]],[[26913,37420],[39,89],[-26,197],[46,35]],[[26972,37741],[37,18],[32,103],[-18,62],[24,70],[32,28],[36,-13],[86,78],[47,-5],[29,41]],[[27234,38397],[3,-45]],[[27237,38352],[-33,-53],[42,-146],[31,-30]],[[26972,37741],[-25,42],[-85,39],[-41,54],[-121,78],[-52,-9],[-44,-29],[-103,-7],[-16,11]],[[26977,38153],[134,-16],[-17,63],[-38,27],[-67,-35],[-12,-39]],[[26160,37479],[55,-1],[78,65],[79,-35],[123,23],[25,5],[54,-63],[-3,-73],[25,-81]],[[26596,37319],[-57,-23],[-44,-58],[-32,-29],[-37,-43]],[[26426,37166],[-45,38],[-245,44]],[[26136,37248],[-71,24],[-263,37]],[[25802,37309],[-14,13]],[[26913,37420],[6,-90],[-78,19],[-46,-1],[-52,-40],[-33,12],[-114,-1]],[[21960,35099],[9,-88],[87,33]],[[22056,35044],[2,-6],[63,-22],[24,-29],[17,-21],[37,21],[31,17],[20,-9],[18,-8],[70,-32],[55,32],[57,33],[100,-14]],[[22550,35006],[8,-19],[28,-59],[-43,-40],[-11,-10],[23,-119],[6,-35],[-136,-138],[-10,-11],[-25,-15],[-140,-86],[-72,-94],[-149,-54],[-227,-91],[-24,-34],[-62,-85],[38,-70],[-77,-39],[-33,-50]],[[21644,33957],[-86,85],[-31,30]],[[21527,34072],[29,67],[-12,119],[14,29],[42,85],[-17,70],[27,79],[-15,80],[71,100],[48,194],[12,48],[-8,44],[-8,47],[13,63],[-10,17],[-19,32]],[[21694,35146],[3,61],[15,29],[49,-16],[17,-6],[141,-56],[30,-44],[11,-15]],[[21644,33957],[-86,-156],[-88,-160],[-65,-123],[-47,-169],[42,-182],[56,-107],[62,-32],[19,-39],[-86,-90],[-150,-151],[-91,-258]],[[21210,32490],[-88,134],[13,99],[-33,71],[24,105],[-6,34]],[[21120,32933],[29,23],[4,48],[-9,76],[-58,9],[-31,60],[7,128],[-105,74],[4,76],[60,63],[33,80],[5,71],[21,14]],[[21080,33655],[57,-2],[36,-51],[25,3],[-16,36],[74,79],[30,76],[45,18],[30,49],[7,118],[-20,50],[59,61],[82,-35],[38,15]],[[21073,33676],[-52,1],[-22,12],[-23,61]],[[20976,33750],[56,18],[45,-48],[-4,-44]],[[24921,37428],[-79,43],[-22,47],[-82,25]],[[24738,37543],[5,50],[-31,65]],[[24712,37658],[45,73],[-35,76]],[[22927,39601],[2,43],[49,4],[17,-58],[-34,-18],[-34,29]],[[23089,39979],[35,-38],[61,19],[20,-21],[3,-44],[44,-48]],[[23252,39847],[7,-63],[-95,-61]],[[23164,39723],[-65,2],[-89,-26],[-98,25]],[[22912,39724],[-22,35],[45,13],[-22,126]],[[22913,39898],[0,11]],[[22913,39909],[12,1]],[[22925,39910],[38,-5],[7,44],[27,12],[61,-23],[31,41]],[[23405,39600],[-87,-50],[-67,4],[-45,-10]],[[23206,39544],[21,100],[-33,24],[12,48],[-42,7]],[[23252,39847],[89,13],[22,-35]],[[23363,39825],[77,-33],[2,-56],[-11,-28],[-32,-74],[6,-34]],[[23474,39569],[-25,-22],[-46,24]],[[23403,39571],[31,9],[40,-11]],[[22912,39724],[-32,-37],[-38,-99],[-47,-31]],[[22795,39557],[-27,10],[-14,-2],[-80,-7],[-27,17]],[[22647,39575],[13,23],[-11,52],[-16,5],[9,49],[-39,54],[27,33],[-10,63]],[[22620,39854],[57,9],[68,-13],[36,-31],[42,8],[87,68]],[[22910,39895],[3,3]],[[23206,39544],[-29,23]],[[23177,39567],[-93,25],[-50,-18],[-118,-38],[-36,16],[-15,-10]],[[22865,39542],[-52,-8],[-18,23]],[[22647,39575],[-47,-24],[-16,19],[-34,0]],[[22550,39570],[-26,12],[-28,-3]],[[22496,39579],[-20,14],[-35,-29],[3,-20]],[[22444,39544],[-74,64],[-14,48],[-10,48],[-10,49]],[[22336,39753],[69,39],[123,83],[87,31]],[[22615,39906],[5,-52]],[[23177,39567],[-12,-60]],[[23165,39507],[-138,-54]],[[23027,39453],[-81,21],[-32,8],[-41,50],[-8,10]],[[23027,39453],[3,-80],[1,-42],[-39,4],[-47,-42],[33,-170]],[[22978,39123],[-68,9]],[[22910,39132],[-32,12]],[[22878,39144],[23,55],[-7,86],[-46,56],[-8,11],[-106,-17],[-15,38],[-6,35],[-14,16],[-22,4],[-81,14],[-22,104],[-24,24]],[[22496,39579],[-52,-35]],[[23474,39569],[44,0]],[[23518,39569],[64,-66],[-7,-37],[1,-25],[42,-13],[31,-95]],[[23649,39333],[-14,-6],[-61,-49],[-16,-52]],[[23558,39226],[-39,29]],[[23519,39255],[-15,81],[-88,-37],[-15,58],[-54,24],[-43,-18]],[[23304,39363],[-40,10],[-18,11],[-66,94],[-15,29]],[[23405,39600],[-2,-29]],[[23519,39255],[-42,-43],[-52,-137],[50,-104],[-26,-65]],[[23449,38906],[-28,0],[-90,-27],[-26,66]],[[23305,38945],[-82,55],[-63,46]],[[23160,39046],[43,69],[-30,66],[87,34],[-1,50],[41,50],[4,48]],[[23160,39046],[-33,5],[-21,89],[14,85],[-19,12],[-45,-85],[-78,-29]],[[29295,35759],[140,23],[76,-32],[164,-50],[71,-1],[54,29],[59,-15]],[[29859,35713],[219,-38]],[[30078,35675],[-28,-21],[-7,-57],[-3,-33],[15,-62],[-31,-40],[-21,-49],[-34,0],[-34,-109],[47,-126]],[[29982,35178],[-3,-6]],[[29979,35172],[-88,-13],[-73,39],[-50,-19]],[[29768,35179],[-71,24],[-13,71],[-57,76],[-140,-27],[-50,81],[-80,-25],[-59,43]],[[29298,35422],[-88,106],[-27,9],[-51,60],[-50,151],[16,108],[40,33],[27,19],[21,75]],[[29186,35983],[99,-65],[19,-31],[-44,-36],[-12,-55],[47,-37]],[[30730,35681],[-72,17],[-60,-101],[-32,-56],[-65,-30],[-72,79],[-48,10],[-12,-3],[-35,-9],[-25,-55],[10,-42],[29,-33],[-8,-107],[34,-61]],[[30374,35290],[-51,-78],[-42,-11],[-19,-7],[-76,5],[-204,-21]],[[30078,35675],[84,-6],[43,24],[76,63],[76,90],[82,39],[8,1],[193,54],[110,-6]],[[30750,35934],[42,-57],[102,-20]],[[30894,35857],[-149,-114],[-15,-62]],[[31195,35721],[1,-124],[-30,-62],[-103,4],[-45,-49],[-40,-73],[-20,-190]],[[30958,35227],[-152,32],[-64,44],[-53,-12],[-171,-19],[-4,36],[-88,23],[-52,-41]],[[30894,35857],[76,2],[32,-80],[71,-43],[122,-15]],[[30958,35227],[-6,-63],[-50,-29],[-15,-21],[-53,-78],[60,-49],[116,-229]],[[31010,34758],[-24,-2],[-139,-19],[-31,22],[-25,18],[-40,40],[-73,-1],[-27,-39],[-11,-9],[-27,-9],[-105,-32]],[[30508,34727],[-8,32],[-22,92],[-95,31],[-29,-96],[-73,46],[-45,-26],[-58,60],[-83,-36],[-85,58],[17,99],[8,42],[-48,36],[-4,49],[-4,58]],[[29768,35179],[-3,-41],[15,-24],[12,-19],[-12,-24],[-65,33],[-91,-29],[20,-88],[-20,-56],[-44,-43],[-21,-21],[7,-108],[1,-77],[95,-94],[-5,-83]],[[29657,34505],[-11,-36],[-137,-44]],[[29509,34425],[-238,-20]],[[29271,34405],[14,99],[8,56],[1,26],[1,39],[-38,134],[-6,21],[-122,73],[-21,35],[-30,50]],[[29078,34938],[39,49],[19,23],[-21,104],[-2,9],[-7,97],[25,24],[79,11],[88,167]],[[30508,34727],[-9,-48],[-57,-22],[-3,-48]],[[30439,34609],[-91,-2],[6,-21],[8,-26],[14,-45],[-3,-63],[-19,-37],[-54,-20],[-15,-7],[-232,-24],[-15,25],[-95,40],[-40,-12],[-91,104],[-155,-16]],[[23932,37265],[-5,-123],[175,55],[103,68],[79,-7],[47,61]],[[24331,37319],[23,-68]],[[24354,37251],[-32,-42]],[[24322,37209],[-93,-103],[9,-60],[-88,-125],[-5,-5]],[[24145,36916],[-96,28],[-145,-58],[-37,33]],[[23867,36919],[-78,129],[1,148],[-108,12],[-96,-76],[5,-63],[-95,-35],[58,101],[6,30],[-27,25]],[[23533,37190],[25,77],[92,108],[17,53]],[[23667,37428],[82,38],[27,-37],[2,-33],[42,-38],[-35,-53],[18,-61],[49,-32],[80,53]],[[23827,37484],[25,19],[13,-4],[4,-2],[9,-39],[-10,-14],[-41,40]],[[23859,37415],[-25,-23],[-24,20],[21,42],[28,-39]],[[30256,42475],[25,-29],[52,-31],[109,-124],[90,-20]],[[30532,42271],[-35,-169],[69,-33],[4,-32]],[[30570,42037],[-115,-20],[-218,24],[-22,-18],[2,-92],[-127,-10],[-46,30],[-1,60],[-125,90],[-59,80],[-12,-33],[-64,-36],[-9,-63],[73,-119],[-12,-42],[64,-54],[-94,-103],[-28,-89],[35,-54],[145,-11],[-39,-98],[3,-48]],[[29921,41431],[-18,-85],[-54,4],[-73,-53],[-76,31],[-229,-3]],[[29471,41325],[-6,93],[-59,70],[-122,73],[-59,-13]],[[29225,41548],[-33,111],[58,139],[-94,138],[-173,-16],[-146,76],[-92,55],[-36,-19],[-14,130],[-44,96],[-16,113],[2,113]],[[28637,42484],[39,7],[33,57],[87,63],[152,46],[47,23],[177,-32],[74,0],[23,17],[47,-42],[70,27],[163,-5],[139,-60],[129,15],[48,59],[72,21],[78,-130],[180,-35],[61,-40]],[[23558,39226],[14,-92],[63,-61],[38,-16],[2,-55],[-40,-99]],[[23635,38859],[-160,20],[-26,27]],[[30777,43279],[60,3],[7,-53],[48,-31],[56,-58],[-61,-225],[67,-2],[82,-156],[37,-156],[-23,-62],[-162,-130],[-31,-75],[-166,25],[-96,-81],[-63,-7]],[[28637,42484],[-29,149],[28,256],[106,110],[13,104],[14,61],[94,142],[269,95],[19,-7],[28,-83],[137,-111],[30,-32],[21,-65],[26,-64],[105,-58],[116,17],[63,44],[76,61],[20,55],[-17,317]],[[28011,35605],[152,-183],[134,-102],[54,-31],[36,-25],[8,-39]],[[28395,35225],[-98,-50],[11,-61],[-7,-42]],[[28062,34682],[-65,53],[-7,24],[-6,18],[-77,111],[-10,15],[-50,28],[-20,56],[-14,0],[-22,0],[-18,11]],[[27773,34998],[-29,74]],[[27744,35072],[32,42],[11,15],[-33,79],[12,97],[49,40],[16,104],[66,54],[42,-37],[17,19],[-35,83],[9,29],[10,11],[71,-3]],[[29271,34405],[-16,1],[-35,-18],[-18,-81],[-113,-14],[-20,-8],[-40,28],[-97,-39],[-49,-93]],[[28883,34181],[-274,-41]],[[28477,34700],[52,8],[1,51],[7,23],[111,88],[40,-42],[78,68],[9,20],[40,-4]],[[28815,34912],[228,47],[35,-21]],[[26425,31394],[-18,-20],[-45,20],[-15,22],[-2,45],[17,0],[63,-67]],[[26344,31507],[-20,-28],[-32,16],[-1,20],[28,10],[25,-18]],[[23809,41024],[15,-38],[53,-22],[6,-22],[39,-8]],[[23922,40934],[3,-23],[-5,-48],[-2,-72],[-35,-79]],[[23883,40712],[-54,85],[-41,43],[-115,63],[-55,-51]],[[23618,40852],[-47,36],[12,23],[23,62],[-30,53]],[[23576,41026],[37,-7],[154,34],[42,-29]],[[23743,41094],[-21,-24],[-26,22],[25,19],[22,-17]],[[30959,31454],[-48,-20],[-6,124],[54,97],[91,55],[25,-13],[-52,-178],[-64,-65]],[[30163,32002],[-33,-22],[-22,34],[-10,47],[7,24],[52,51],[23,-47],[-17,-87]],[[29970,32437],[-14,-19],[-42,56],[-35,41],[3,42],[73,-43],[13,-40],[2,-37]],[[30723,31181],[-16,-22],[-23,12],[13,21],[-2,36],[-17,28],[20,26],[15,47],[1,41],[15,2],[3,-42],[-23,-65],[23,-39],[-9,-45]],[[30715,31919],[-24,-29],[-32,16],[23,37],[72,38],[26,-32],[-65,-30]],[[30344,31981],[-30,-38],[-17,10],[-10,-34],[-33,-27],[-20,18],[45,63],[8,-9],[44,43],[13,-26]],[[30067,32056],[-33,-43],[-43,14],[43,68],[27,-6],[6,-33]],[[29821,31862],[-24,-23],[-51,1],[7,43],[24,14],[35,-2],[9,-33]],[[30054,32320],[-20,-5],[-58,71],[12,10],[67,-30],[-1,-46]],[[30481,31802],[-32,-23],[-3,-29],[-35,12],[-10,36],[46,-1],[-5,41],[20,3],[19,-39]],[[29778,32386],[-42,-77],[-11,35],[11,44],[19,17],[23,-19]],[[30115,31868],[-16,-39],[-37,49],[7,33],[46,-43]],[[30670,32002],[-33,-19],[-13,28],[28,30],[24,-16],[-6,-23]],[[30127,32273],[-13,-22],[-34,14],[2,31],[33,2],[12,-25]],[[29782,32210],[-17,-6],[-4,52],[14,23],[20,-31],[-13,-38]],[[29958,32237],[-22,-10],[-4,34],[5,44],[20,-14],[1,-54]],[[30071,32228],[-28,-26],[-3,54],[24,23],[7,-51]],[[29823,32101],[-18,-16],[-22,19],[12,38],[23,-7],[5,-34]],[[30037,31847],[-21,-29],[-21,21],[5,25],[34,11],[3,-28]],[[30146,31670],[-21,-20],[-11,18],[15,57],[17,-22],[0,-33]],[[30581,32159],[-34,-12],[15,58],[32,-13],[-13,-33]],[[30964,31801],[-34,-19],[-16,53],[20,5],[30,-39]],[[30658,31866],[-14,-22],[-20,24],[3,35],[21,9],[10,-46]],[[29968,31791],[-27,-8],[-11,34],[25,35],[13,-61]],[[30651,31153],[-36,-46],[-18,15],[27,46],[27,-15]],[[30262,31686],[-18,-33],[-31,23],[23,37],[26,-27]],[[30673,32270],[-26,-17],[-28,39],[33,14],[21,-36]],[[30794,31722],[-30,-28],[-14,16],[2,27],[32,12],[10,-27]],[[30736,31792],[-10,-17],[-34,12],[3,30],[30,7],[11,-32]],[[29900,31996],[-21,-22],[-22,42],[16,29],[27,-49]],[[29862,31905],[-2,-21],[-51,29],[17,33],[36,-41]],[[29744,31122],[208,29],[82,-33],[110,-26],[68,11],[33,-107],[148,65],[15,-38],[-53,-87],[-191,-13],[-130,-20],[-130,-7],[-22,83],[-148,46],[-230,33],[-26,55],[16,103],[41,-3],[14,76],[35,-67],[108,21],[9,-56],[43,-65]],[[29691,30852],[-17,-38],[-38,41],[18,16],[37,-19]],[[30328,34071],[-27,56],[-109,17],[-158,45],[-10,25],[-111,-73],[-58,4],[-51,44],[-127,-115],[-86,24]],[[29591,34098],[72,73],[14,51],[-110,81],[-58,122]],[[30439,34609],[29,-23],[32,-26],[14,-11],[14,-125],[-95,-74],[2,-151],[-107,-128]],[[29897,34013],[-50,-35],[-1,19],[-27,18],[-4,29],[16,43],[29,19],[38,-44],[-1,-49]],[[30216,33901],[-49,-15],[-40,44],[42,22],[33,-10],[14,-41]],[[29591,34098],[-35,-12],[-16,-40],[14,-27],[8,-19],[27,-36],[0,-45],[51,-35],[-2,-41],[-48,36],[-50,-52],[91,-102],[7,-46],[-20,-31],[-37,23],[-65,119],[-75,26],[-49,-17],[-94,64],[-42,63],[12,83],[-80,-48],[-6,-21],[-19,-21],[12,-55],[-29,-116],[36,-91]],[[29182,33657],[-40,-8],[-53,46],[-20,63],[-34,-19],[-40,36]],[[28995,33775],[23,61],[-81,103],[-20,61],[7,45],[-29,8],[-26,63],[14,65]],[[29527,33655],[-1,-30],[-27,2],[-45,27],[-36,-6],[8,23],[-26,55],[7,36],[24,-16],[33,-56],[63,-35]],[[28928,33589],[-136,23],[-76,-20]],[[28716,33592],[-68,21],[-10,79],[-29,38],[8,25],[-42,93],[-35,14]],[[28995,33775],[-68,-120],[1,-66]],[[28716,33592],[-50,-103],[11,-92],[70,-96],[-5,-83]],[[28742,33218],[-77,-34],[-13,-37]],[[28652,33147],[-92,3],[-37,-29],[-85,152],[-5,-1],[-55,23],[-47,167],[-53,39]],[[25481,42260],[29,42]],[[25546,42298],[12,-19],[23,0],[2,47]],[[25676,42223],[-47,-42],[-2,-50],[69,-61],[-88,-69],[-2,-50],[34,-13],[3,-42],[51,7],[13,-25],[-77,-43],[-67,-83],[-27,-72],[-163,8],[-155,89],[4,57],[28,30],[56,1],[89,-55],[137,65],[-90,117],[-136,31],[-72,266],[78,24],[120,104],[24,-18],[25,-139]],[[23896,37786],[31,-40],[54,1],[44,38]],[[24025,37785],[4,-19],[-21,-18],[5,-18],[34,10],[33,37],[8,-13],[-18,-30],[1,-16],[41,-19],[59,38],[6,22],[16,-52],[-61,-52],[5,-17]],[[24137,37638],[32,-127],[-17,-81],[56,-36],[136,-13],[-13,-62]],[[23667,37428],[2,46],[134,126],[56,92],[-29,24],[1,32],[65,38]],[[24000,37718],[-6,16],[-15,3],[14,-18],[7,-1]],[[24337,37821],[-17,-57],[11,-118]],[[24331,37646],[1,-59],[-47,71],[-148,-20]],[[24025,37785],[15,34],[12,14]],[[24420,37885],[44,-34],[49,-135],[4,-46],[-51,-39]],[[24466,37631],[-39,-31],[-96,46]],[[24398,37876],[19,10]],[[24712,37658],[-18,-120],[44,5]],[[25032,37430],[-24,-96],[24,-44],[-6,-38]],[[25026,37252],[-80,50],[-38,-22],[-18,-63],[26,-36],[9,-70],[-21,-18],[-62,71],[-117,-35],[-44,95],[-41,10],[-18,-24],[-6,-120],[-30,-36]],[[24586,37054],[-26,51],[0,94],[-24,80],[-113,0]],[[24423,37279],[1,59],[66,69],[20,59],[-6,57],[29,82],[-67,26]],[[24423,37279],[-69,-28]],[[24586,37054],[-44,-81],[3,-83],[-43,-22],[-28,130],[-39,17]],[[24435,37015],[-86,84],[-2,92],[-25,18]],[[24787,34031],[20,-92],[-62,-145],[32,-90],[-24,-281],[-24,-205],[-11,-20],[-28,-7],[-6,5],[-27,22],[-50,27],[-26,-18],[-19,9],[-16,-18],[-7,-89],[-38,-51],[-11,-15],[-83,10],[-7,26],[-31,49],[-39,-35],[-13,47],[12,58],[-4,149],[22,143],[15,3],[11,83],[-43,40],[23,172],[-25,86],[-32,88],[-50,16],[18,144],[102,-18],[99,57],[25,46],[111,124],[107,-56],[3,-64],[76,-200]],[[24305,33231],[-15,-71],[-22,36],[10,35],[27,0]],[[24283,34200],[-13,-48],[-30,30],[19,36],[24,-18]],[[24313,34244],[-23,0],[-14,33],[25,21],[18,-29],[-6,-25]],[[25715,37334],[-48,-29],[-87,16],[-29,-55],[-57,-26]],[[25494,37240],[-50,-7],[-42,-69],[-109,-68],[-24,24],[16,75],[-15,41],[-186,-29]],[[25084,37207],[-58,45]],[[25445,36953],[-100,-4],[-85,-154],[-75,5],[-27,70]],[[25158,36870],[-108,-7],[-19,98],[37,145],[-20,44],[36,57]],[[25494,37240],[-2,-108],[35,-68],[-74,-59],[-8,-52]],[[25802,37309],[-6,-45],[-74,-77],[-50,-74],[44,-75],[-27,-54],[89,-137],[108,23],[41,-104]],[[25927,36766],[-144,-71],[-58,10],[-4,-33],[-49,-41],[-33,8],[-41,-61],[23,-24],[44,-53],[-7,-49],[52,-67],[-21,-86]],[[25689,36299],[-18,21],[-31,56],[-78,25],[-135,-42],[-69,26]],[[25358,36385],[-75,57],[-1,31],[-55,7],[-108,104],[-24,57],[-4,107],[67,122]],[[26096,36862],[0,-6],[61,-32],[42,-62],[-20,-25],[-40,2]],[[26139,36739],[1,52],[-50,53],[-59,-33],[-90,19],[-14,-64]],[[26136,37248],[-10,-47],[-97,-68],[11,-40],[72,-41],[-50,-63],[7,-36],[36,-12],[-9,-79]],[[24719,36486],[61,-37],[55,36],[66,-48],[129,-59],[14,-8],[66,26],[64,-30],[122,20],[62,-1]],[[25689,36299],[-40,15],[-4,-104],[39,-222],[22,-35],[102,-105]],[[25808,35848],[-34,-74],[-53,44]],[[25721,35818],[2,36],[-28,-17],[0,-28]],[[25695,35809],[-46,-74]],[[25649,35735],[-60,-6],[-135,68],[-12,60],[14,75],[-65,19],[-40,33],[-70,-64],[-52,-6],[-80,14],[-41,22],[-23,-20],[-53,58],[-73,24],[-38,46],[-83,61],[-72,-54]],[[24766,36065],[-32,32],[-39,-8],[5,80],[-99,32]],[[24601,36201],[-1,40]],[[24600,36241],[33,12],[20,67],[-15,60],[34,72],[47,34]],[[25649,35735],[9,-27],[-32,-57]],[[25626,35651],[-24,-54],[-22,-51],[19,-81],[-59,-58],[-10,-163],[-13,-19]],[[25517,35225],[-51,-27],[13,-33],[-14,-51],[-51,-50],[2,-52],[-34,-25],[-16,-12]],[[25366,34975],[-102,15],[-2,68],[-31,56],[-33,50],[-57,36],[-29,84],[-65,9],[-3,166],[-54,138],[-16,38],[-14,128],[-39,88],[-42,38]],[[24879,35889],[8,23],[-121,153]],[[25025,35233],[-8,-71],[-22,21],[-78,-14],[-12,29],[29,15],[20,-13],[10,21],[34,-4],[16,31],[11,-15]],[[25204,34964],[-30,-35],[-17,34],[18,24],[12,0],[17,-23]],[[24833,35341],[-21,-35],[-20,32],[23,41],[18,-38]],[[25814,35568],[32,-136],[19,-137],[83,-61],[25,9],[-16,-73]],[[25957,35170],[-23,-48],[-36,-8],[-40,-8],[-101,-111],[-38,-9],[-94,128],[-80,35],[-28,76]],[[25626,35651],[43,-7],[16,-39],[12,-8],[68,-44],[49,15]],[[25808,35848],[144,-121],[132,-85],[19,-45],[9,-21],[34,-99],[36,-124],[23,-95]],[[26205,35258],[-126,-50],[-64,-60]],[[26015,35148],[-58,22]],[[25695,35809],[26,9]],[[26015,35148],[7,-34],[5,-22],[-69,-12],[-17,-67],[11,-26],[42,-99],[12,-27],[-103,-30],[14,-48],[42,-24],[35,-20],[43,-67],[176,-76]],[[26213,34596],[21,-68],[-8,-55]],[[26226,34473],[-36,-68],[-38,-64]],[[26152,34341],[-160,37],[-77,-27],[-99,96],[-55,29],[-62,84],[-19,26],[-129,173],[-13,18],[-42,14],[-34,63],[-15,34],[-15,34],[-66,53]],[[25676,34704],[10,-8],[43,5],[-10,42],[-19,-8],[-24,-31]],[[30570,42037],[-26,-50],[-121,-16],[-43,-75],[-99,-34],[-49,-71],[-2,-121],[-58,-125],[64,-64],[3,-35],[-71,-10],[-4,59],[-20,17],[-86,-25],[-55,-57],[-82,1]],[[32713,34257],[-20,-43],[-64,-12],[-80,-89]],[[32549,34113],[-74,46],[-28,69],[-43,8],[-129,-14],[-103,13],[-53,48]],[[32119,34283],[52,115],[209,139],[28,23],[32,26],[87,69],[82,30]],[[32609,34685],[28,-70],[-3,-29],[-3,-26],[29,-25],[45,-11],[24,-73],[-47,-59],[-14,-57],[45,-78]],[[33555,34568],[-58,-190],[-38,-7],[-56,49],[-72,-83],[-139,62],[-49,-28],[-40,-72],[19,-137],[-106,-37],[49,-71],[16,-149],[-70,-90]],[[33011,33815],[-75,38]],[[32936,33853],[-104,33],[-64,-29],[-80,101],[-12,51],[-128,41]],[[32548,34050],[1,63]],[[32609,34685],[169,74],[34,16],[148,-16],[157,-16],[168,-1],[94,68],[39,-35],[32,-126],[80,-63],[25,-18]],[[24538,41258],[87,18]],[[24357,40925],[5,77],[-3,58]],[[24369,41133],[5,101],[51,56],[38,-30],[75,-2]],[[24223,41151],[21,-56],[-32,-17],[46,-53],[34,25],[-17,49],[15,30],[90,-40]],[[24293,40502],[57,-103],[-19,-84],[-107,-32]],[[24224,40283],[-72,15],[36,24],[-22,45],[11,35],[3,28],[-122,82],[-23,-58],[-76,-48],[-74,-21],[-11,-1]],[[23874,40384],[-19,109],[-107,26],[4,77]],[[23752,40596],[101,6],[30,110]],[[23922,40934],[19,45],[-75,7],[-15,12],[39,123],[54,64],[94,-14],[89,18],[63,-3],[33,-35]],[[23828,41176],[-9,-53],[-22,19],[-11,31],[14,11],[28,-8]],[[23767,41149],[13,-50],[-45,8],[-7,18],[39,24]],[[23794,40022],[33,-45],[24,19],[4,0],[32,-28]],[[23887,39968],[11,-31],[-7,-25],[17,-37],[48,-40]],[[23956,39835],[-4,-19],[-9,-32],[-35,4],[-9,-15],[-49,-5],[-2,-14],[-31,-15],[-16,11],[-27,-11],[-31,-25],[-69,8],[-7,5],[-5,26],[-52,47],[-40,5]],[[23570,39805],[-34,32],[51,67],[-10,84],[-82,126]],[[23495,40114],[18,46],[55,38],[82,-40]],[[23650,40158],[28,-9],[143,-36],[-3,-61],[-24,-30]],[[23999,39821],[25,-54],[71,-23],[24,-73]],[[24119,39671],[-43,-66],[-75,-60],[-77,-48],[-97,-35],[-13,-41],[-40,-14],[-1,-34],[10,-19]],[[23783,39354],[-67,10],[-60,-32],[-7,1]],[[23518,39569],[23,87],[-72,65],[101,84]],[[23956,39835],[43,-14]],[[24300,40102],[-29,-31],[-98,17],[-71,20],[-12,-14],[-78,3],[-21,-29],[2,-36],[-35,-42],[-7,6],[-20,19],[-30,-8],[-2,-26],[-12,-13]],[[23650,40158],[126,59],[-16,63],[10,37]],[[23770,40317],[104,67]],[[24224,40283],[30,-109],[46,-72]],[[24522,39982],[-22,13],[-47,-39],[-75,4],[-18,53],[24,44],[-55,41],[-29,4]],[[24234,39531],[-29,7],[-64,125],[-22,8]],[[24115,39192],[-3,8],[-26,-25],[15,-21],[78,-90],[-20,-45],[-47,-6],[-21,-48],[-62,30],[-84,-87]],[[23861,38957],[5,28],[61,107],[-7,45],[-76,72],[-4,53],[35,47],[-29,38],[-33,-19],[-30,26]],[[24271,38588],[-56,18],[-54,25],[-93,5]],[[24068,38636],[-53,56],[-38,3]],[[22123,38309],[25,-94],[102,14],[37,5],[38,-80],[44,-27],[99,21]],[[22468,38148],[63,-89],[-39,-112],[-48,-31],[38,-94],[-35,-27],[6,-101],[34,-57],[27,-127],[-13,-113]],[[22501,37397],[-117,-46],[-40,-86],[-99,-73]],[[22245,37192],[-38,2],[-134,7],[-122,-49],[-81,20]],[[21870,37172],[-14,60],[-68,55],[-10,37],[-14,48],[-69,117],[-102,-8],[-35,60],[-71,59]],[[21487,37600],[60,243],[52,-6],[79,54],[75,142],[2,82],[-14,50]],[[21741,38165],[-7,67],[44,49],[17,19],[-17,44],[-32,82]],[[21746,38426],[32,10],[146,47],[56,91]],[[21980,38574],[39,-150],[70,-106],[34,-9]],[[22930,38017],[140,52],[70,-70],[32,-101],[126,-57]],[[23298,37841],[36,-12],[-18,-74],[31,-78],[-90,-178],[47,-62],[11,-114],[-19,-58],[8,-41],[-28,-18]],[[23276,37206],[-54,32],[-71,-4],[-55,-176],[-44,61],[-76,-1],[-14,-36],[-35,-27],[-101,4],[-30,54]],[[22796,37113],[29,28],[2,75],[-84,46],[-7,42],[-26,42],[-6,26],[-39,-34],[-96,4],[-68,55]],[[22468,38148],[51,103],[112,21]],[[22631,38272],[46,-38],[119,-206],[134,-11]],[[23791,37956],[8,5]],[[23799,37961],[66,-85],[31,-90]],[[23533,37190],[-72,-81],[-72,28],[-49,-27],[-64,96]],[[23298,37841],[10,35],[91,14],[14,68],[59,60]],[[23472,38018],[70,47],[46,-39],[47,12],[41,-34],[42,14],[73,-62]],[[21088,38783],[56,38],[264,-56],[150,72],[12,6]],[[21570,38843],[40,-263],[106,-93],[30,-61]],[[21741,38165],[-123,72],[-60,76],[-107,-45],[-50,91],[-144,-49],[-81,23],[-71,4]],[[21105,38337],[-19,-1],[-60,-4],[-55,-8],[-37,78]],[[20934,38402],[23,29],[-24,76],[-14,181],[-63,143],[-22,143],[192,-1],[13,-91],[49,-99]],[[22052,38831],[18,-56],[-21,-41]],[[22049,38734],[-32,-85],[-41,-20],[4,-55]],[[21570,38843],[5,0],[8,1],[2,1],[9,2],[1,0],[13,5],[6,3],[12,9],[5,3],[3,2],[3,1],[3,1],[5,-1],[2,-2],[5,-7],[7,-9],[4,-5],[4,-3],[1,-1],[4,-2],[1,0],[2,0],[3,1],[3,1],[-1,1],[-2,0],[-5,0],[-5,1],[-6,6],[-7,10],[-2,3],[-4,4],[-2,4],[-3,1],[-1,1],[-3,0],[-3,0],[-3,-1],[-3,-2],[-5,-4],[-9,-6],[-1,-1],[-3,-1],[-7,-3],[-5,-1],[-3,-1],[-7,-1],[-7,0],[-11,1],[-10,1],[-2,-3],[-2,0],[-60,40],[25,82],[34,32],[381,185]],[[21939,39191],[106,-95],[31,-73],[-24,-70],[19,-75],[-19,-47]],[[22878,39144],[-201,41],[-128,-24],[-28,24],[-64,-4],[-56,38],[-109,-8],[7,63],[-49,-2],[-60,-3],[-95,75],[-66,3]],[[22029,39347],[-25,58],[12,211],[166,88],[68,22],[86,27]],[[22910,39132],[-4,-115],[-59,-73],[0,-115],[-120,-51],[-16,-161],[-56,-91]],[[22655,38526],[-141,145],[-163,-21],[-101,41],[-61,25],[-111,-12],[-29,30]],[[21939,39191],[74,80],[-15,64],[31,12]],[[23799,37961],[120,268],[-37,33],[11,78],[-14,12],[50,36],[17,75],[-93,95],[12,51],[150,-32],[53,59]],[[23305,38945],[-42,-34],[-57,5],[-6,-74],[-46,-105],[26,-115],[-39,-112],[26,-76],[164,-145],[-1,-32],[75,-79],[-1,-74],[68,-86]],[[22631,38272],[5,59],[43,67],[-42,66],[18,62]],[[21487,37600],[-53,-55],[-50,20],[-218,-68],[55,-87],[56,-236],[-63,-46],[-111,9]],[[21103,37137],[-17,-2],[-20,-2],[-13,-19],[-57,34],[-136,82],[-38,88],[-65,83],[-18,22],[18,33],[38,70],[-38,35],[-24,22],[-9,66],[-100,24],[-10,43],[19,40]],[[20633,37756],[86,35],[38,66],[239,107],[49,-28],[3,18],[38,62],[33,52],[-17,86],[3,183]],[[20676,37533],[31,3],[5,-41],[-16,-14],[-19,18],[-1,34]],[[20757,38384],[52,45],[54,-33],[71,6]],[[20633,37756],[-20,34],[-23,-2],[-75,-6],[-197,104],[-48,65],[-271,16],[-77,104],[72,63],[-46,55],[15,44],[-94,23],[-17,34],[25,71],[121,60],[96,22],[130,-23],[40,81],[128,30],[159,-172],[39,20],[23,13],[58,29],[86,-37]],[[20359,37703],[3,20],[33,-14],[15,-39],[-36,1],[-15,32]],[[21962,36423],[-10,-80],[-117,-162],[-18,-36],[10,-81],[-43,-12],[-11,-96],[-51,-56],[-164,-32],[-63,-13],[-8,-35],[-33,24],[-50,-36],[-18,-171],[50,-2],[9,-38],[19,-90],[-46,-29],[26,-52],[-60,-102],[-15,-64],[-7,-27]],[[21362,35233],[-87,-18],[-41,45],[-11,12]],[[21223,35272],[-137,59],[-63,27],[-27,-23],[-17,7],[-10,20],[17,24],[10,32],[0,40],[-115,20]],[[20881,35478],[-20,30]],[[20861,35508],[89,98],[52,287],[40,228],[16,79],[32,39],[-40,63],[31,373],[30,22],[93,-121],[22,17]],[[21226,36593],[91,-30],[21,-58],[45,-27],[72,-9],[16,49],[79,55],[8,43],[4,21],[36,39],[85,129]],[[21683,36805],[58,-61],[37,-6],[46,-8],[72,-73],[1,-143],[65,-91]],[[22245,37192],[97,-152],[10,-89],[-55,-91],[20,-43],[6,-141],[-11,-45],[-62,-60],[-22,-22],[-57,-149]],[[22171,36400],[-95,-21],[-57,50],[-57,-6]],[[21683,36805],[93,135],[-27,92],[11,70],[18,11],[92,59]],[[21226,36593],[-42,87],[-122,117],[-49,134],[10,23],[41,-67],[17,13],[15,84],[-30,78],[37,75]],[[20972,37077],[-4,-9],[-23,2],[-11,27],[20,9],[19,-23],[-1,-6]],[[20972,37077],[8,15],[11,-1],[0,-20],[-10,-9],[-9,15]],[[23051,36013],[51,-137],[-20,-53],[-42,-123],[-43,-9],[-68,-94],[-20,-29]],[[22909,35568],[-24,29],[-20,23],[-52,-14],[-12,-9],[-40,-39],[-52,-32],[-32,-40],[-105,-53],[-59,-117],[-8,-89],[-1,-20],[2,-93],[0,-27],[44,-81]],[[22056,35044],[21,38]],[[22077,35082],[84,32],[45,18],[-90,75],[28,55],[-6,94],[-94,110],[56,84],[60,6],[90,-4],[92,-4],[27,26],[1,23],[1,69],[49,-6],[48,37],[38,7],[14,64],[92,49],[23,57],[-36,64],[18,20],[-67,41],[-19,113],[-47,106]],[[22484,36218],[42,119],[87,60],[40,-70],[87,-10],[44,-45]],[[22784,36272],[46,-155],[28,-69],[40,-27],[105,24],[48,-32]],[[22171,36400],[49,-198],[30,9],[68,20],[79,139],[45,-37],[42,-115]],[[22077,35082],[-75,32],[-13,6],[-8,-6],[-21,-15]],[[21694,35146],[-62,5],[-74,0],[-93,0],[-103,82]],[[22796,37113],[-31,-25],[-1,-127],[-38,-38],[9,-84],[85,-144],[-25,-86],[127,12],[73,-78],[-72,-141],[-139,-130]],[[23867,36919],[-83,-79],[61,-83],[10,-63],[32,-24]],[[23887,36670],[20,-36],[-23,-94],[-159,-67]],[[23725,36473],[-67,-25],[-58,34],[-8,-46],[30,-47],[0,-39],[-109,-35],[-70,-63],[-55,-43],[-11,-78],[-53,-21],[3,-45],[60,-36],[15,-60],[-62,-41],[-156,106],[-19,55],[-29,-24],[-8,-66],[-76,46],[-1,-32]],[[23725,36473],[51,-117],[78,-36],[20,-64],[-40,-32],[-25,-73],[4,-88],[51,-71],[118,-60],[74,11],[38,-45]],[[24094,35898],[-65,-94],[3,-58]],[[24032,35746],[-31,-19],[-1,1],[-8,-9],[0,-2],[-1,-1],[2,-2],[-83,-45],[-66,-72],[-16,-18],[-11,-21],[-60,-31],[-29,-114],[-117,-38],[-158,-25],[-54,64],[-92,18],[-33,66],[-79,3],[-61,46],[-77,-31],[-47,42],[-101,10]],[[24393,34973],[58,101],[50,40],[65,44],[65,4],[21,119],[19,15],[19,-37],[11,-145],[9,-127],[7,-95],[-30,-133],[-18,-69],[-8,-104],[-9,-26],[-50,-123],[-129,82],[-10,41],[19,26],[-61,153],[-28,234]],[[528,20756],[22,31],[20,-22],[13,-70],[40,-22],[1,-26],[-72,-31],[-40,20],[9,-100],[-21,-44],[-30,-13],[-21,61],[-5,85],[-9,32],[23,49],[50,-42],[35,37],[-15,55]],[[643,20452],[-28,-21],[-22,44],[23,40],[30,-40],[-3,-23]],[[0,21630],[1,19],[13,13],[10,-27],[-24,-5]],[[631,19864],[31,31],[38,-27],[25,-51],[19,4],[6,-57],[27,-92],[-23,-47],[-12,36],[-60,6],[-2,35],[25,21],[-47,44],[-10,56],[-17,41]],[[3547,13041],[-93,-111],[-94,12],[-34,63],[-68,-33],[-85,52],[-125,-126],[-65,19],[-90,89],[70,90],[57,163],[12,224],[44,87],[20,119],[-116,254],[-36,218],[-12,239],[19,109],[140,296],[8,60],[25,13],[147,-90],[89,-20],[96,-55],[184,-265],[186,-165],[31,-122],[40,-123],[-6,-81],[-226,-481],[-81,-353],[-37,-82]],[[40259,193],[20,21],[4,42],[12,-4],[44,34],[68,-24],[20,-62],[44,-86],[-12,-43],[3,-40],[-12,-18],[-44,-13],[-63,26],[-42,34],[-16,27],[-2,38],[-24,68]],[[36858,4672],[-23,-67],[-15,4],[10,53],[-15,21],[2,47],[-20,24],[18,29],[21,-36],[27,-9],[-5,-66]],[[26651,36647],[-25,-66],[-54,-11],[7,-90],[73,-18],[79,-82],[93,-2]],[[26824,36378],[8,-27],[9,-66],[54,-33],[51,-96],[12,-20],[1,-22],[24,-61],[-10,-74],[14,2],[16,-19],[96,-112],[161,-219],[50,-34],[41,-29],[3,-68],[54,-87],[70,-84],[-26,-47],[-1,0],[-2,-1],[-1,-2],[-1,-3],[-1,-3],[1,-3],[0,-3],[2,-2],[1,-2],[-10,-22],[-57,26],[22,41],[-30,54],[-133,112],[-136,7],[-6,29],[38,27],[-52,46],[-166,8],[-63,121],[-93,82],[-58,29],[-68,125],[11,55],[45,25],[-22,36],[-115,107],[-24,259],[-42,39],[-5,-59],[-70,26],[-10,108],[-38,39],[-31,-13],[-27,-73],[-81,-177],[-15,-28],[-9,22],[-21,6],[-88,188],[-25,159],[44,-5]],[[26115,36662],[156,15],[3,0]],[[26274,36677],[91,10],[62,95],[68,-88],[25,-22],[46,22],[85,-47]],[[27773,34998],[-133,116],[-86,75],[-93,42],[6,21],[2,-1],[2,0],[1,0],[2,2],[1,2],[63,-2],[128,-139],[5,-4],[73,-38]],[[26379,36202],[10,-43],[-45,10],[17,47],[-20,149],[27,11],[0,29],[20,-16],[3,-69],[14,-114],[-26,-4]],[[27332,35311],[1,-18],[-27,-25],[-160,-2],[-9,25],[9,20],[33,-11],[57,0],[38,38],[58,-27]],[[26663,35807],[-21,-20],[-34,37],[-28,55],[18,32],[17,-23],[-6,-29],[54,-52]],[[27137,35437],[28,-46],[-17,-10],[-87,22],[-5,11],[12,17],[39,-17],[30,23]],[[26633,36082],[3,-44],[-24,8],[-29,51],[7,29],[43,-44]],[[26993,35326],[-53,-5],[-7,23],[21,14],[42,-3],[-3,-29]],[[26686,35805],[4,-69],[-39,33],[-1,24],[36,12]],[[27249,35400],[4,-23],[-66,6],[-7,13],[4,9],[65,-5]],[[26505,36290],[-24,-12],[-17,38],[41,21],[0,-47]],[[27054,34961],[-42,-5],[-14,22],[46,22],[10,-39]],[[26553,35976],[6,-69],[-31,19],[-8,23],[33,27]],[[27042,35514],[-12,-19],[-43,38],[11,17],[31,-12],[13,-24]],[[26451,36068],[-31,-6],[-13,42],[20,21],[24,-57]],[[26362,36495],[-7,-57],[-31,42],[19,33],[19,-18]],[[27354,36955],[89,-31],[33,-46],[89,-31],[179,-21],[76,80],[54,8]],[[27874,36914],[23,4]],[[27897,36918],[22,-145],[-10,-42],[48,-32],[-11,-19],[-9,-29],[-3,-26],[46,-52],[88,-34],[12,-34],[-107,-19],[6,-99],[-44,-36],[7,-17]],[[27942,36334],[-55,-1],[-21,18],[-15,72],[-76,38],[-94,18],[-35,-20],[-45,27],[-63,-41],[-51,33],[-185,24],[-67,46],[-49,-28],[-83,14],[-88,-120],[-96,106],[-59,16],[-36,-158]],[[26651,36647],[45,32],[-22,58],[-4,74],[16,20]],[[26686,36831],[75,-86],[44,-1],[33,-37],[38,-4],[11,-28],[50,4],[26,75],[118,-20],[41,47],[-33,51],[59,48],[5,39],[11,59],[38,22],[51,-56],[43,-47],[58,58]],[[27909,37797],[1,27],[58,23],[33,-42],[43,-12],[6,-29],[-34,-21],[-33,-43],[-21,31],[-35,-12],[0,48],[-18,30]],[[28129,37913],[13,-37],[20,-43]],[[28162,37833],[108,-139],[33,-79],[4,-101]],[[28307,37514],[-103,-29],[-81,88],[-72,-48],[-32,50],[-96,-49]],[[27923,37526],[-27,52],[4,87],[-71,161],[59,50],[15,51],[-20,32]],[[27883,37959],[-23,31],[1,47],[50,52]],[[27911,38089],[18,-22],[-6,-44],[29,-31],[117,-36],[30,-51],[30,8]],[[27923,37526],[-14,-95]],[[27909,37431],[-89,-84],[-36,37],[-118,4],[-2,106],[-267,-121]],[[27397,37373],[-66,119],[-51,45],[45,33],[9,124],[-21,53],[182,13],[20,-70],[40,33],[5,153],[-2,39]],[[27558,37915],[144,-1],[181,45]],[[27397,37373],[-59,-29],[-22,-142],[-62,-67],[-42,2]],[[27212,37137],[-7,17],[-88,68]],[[27117,37222],[-77,135],[-21,71],[-66,10]],[[27309,38062],[29,3]],[[27338,38065],[156,-139],[64,-11]],[[27263,33387],[39,-52],[0,-110],[2,-135],[-87,-8],[-109,-91],[4,-160],[-126,-160],[-49,-129],[-110,-8],[-33,48],[0,106],[56,55],[36,109],[-19,82],[93,40],[27,44],[-3,56],[-38,75],[-11,76],[-18,120],[-61,136],[-25,148]],[[26831,33629],[42,42],[64,-52],[79,14],[34,68],[15,41],[68,-6]],[[27133,33736],[-12,-92],[-37,-81],[12,-69],[167,-107]],[[26662,32468],[-56,-182],[-1,-65],[45,-52],[-7,-45],[32,-72],[-59,-105],[-3,-97],[-39,12],[-161,50],[-65,114],[-102,57],[-120,46],[-268,213],[-75,-1],[-62,62],[-18,58],[23,120],[83,77],[42,-60],[34,-2],[41,72],[70,21],[145,-125],[155,20],[66,0],[130,75],[117,-13],[156,81],[-7,-73],[-96,-186]],[[26538,32907],[0,-41],[27,0],[-7,-50],[-58,67],[13,24],[25,0]],[[25571,31887],[-21,-8],[-24,46],[10,14],[35,-24],[0,-28]],[[25863,31426],[5,-48],[-31,1],[-16,30],[42,17]],[[32857,32923],[-59,-92],[-26,-94],[54,-162],[34,-22],[191,23],[120,-139],[-17,-130],[31,-108]],[[33185,32199],[-19,-50],[-127,-70],[-65,-51],[-271,-96],[0,-72],[60,-89],[-209,-98]],[[32554,31673],[-20,31],[2,63],[-22,115],[-163,198],[-73,128],[-89,-3],[-68,42],[15,127],[34,65],[-4,111],[48,66],[-89,112],[-27,70]],[[32098,32798],[123,113],[-16,50],[51,135],[-27,83]],[[32229,33179],[67,14]],[[32296,33193],[66,-79],[149,-10],[189,144],[111,-100],[14,-136],[32,-89]],[[32554,31673],[1,-145]],[[32555,31528],[-84,64],[-97,175],[-261,157],[-210,32],[-28,-56],[-10,-133],[-35,-148],[-81,27],[-151,-93],[-171,91]],[[31427,31644],[22,69],[55,54],[52,89],[31,104],[-6,41],[-101,-42],[-26,70],[83,202],[-25,122],[116,85]],[[31628,32438],[64,0],[45,108],[96,117],[70,44],[120,121],[39,8],[36,-38]],[[33870,32694],[-47,-266],[-64,-13],[-53,-112],[-29,-168],[59,-23],[2,-77],[-31,-63]],[[33707,31972],[-94,-81],[-47,-100],[-75,-8],[-146,99],[-94,28],[-134,-143],[-70,-129],[-55,-1],[-46,-64],[-260,-45],[-59,-37],[-72,37]],[[33185,32199],[109,51],[38,40],[14,96],[108,56]],[[33454,32442],[117,-8],[15,107],[100,76],[73,131],[56,23],[55,-77]],[[33957,32145],[-56,-74],[-22,-74],[66,-63]],[[33945,31934],[-34,-167],[38,-153],[-90,-23],[-16,-108],[-84,-84],[-67,39],[9,73],[-42,146],[130,192],[-24,98],[-58,25]],[[33870,32694],[112,179],[195,26]],[[34177,32899],[-18,-57],[122,-82],[32,-64],[0,-40],[-39,-67],[4,-53]],[[34278,32536],[-64,-154],[58,-76],[-32,-70],[-151,-106],[-59,71],[-73,-56]],[[32857,32923],[84,36],[26,77],[-14,56],[48,54],[-79,58],[-73,111],[-59,171],[34,156],[70,46],[3,87],[39,78]],[[33011,33815],[39,-45],[49,-132]],[[33099,33638],[-40,-26],[17,-55],[101,-65],[37,-100],[44,-44],[54,-47],[35,-34],[44,-142],[-18,-110],[29,-133],[-61,-119],[57,-90],[69,-47],[9,-108],[-22,-76]],[[34451,33958],[32,-171],[184,-71]],[[34667,33716],[-19,-47],[-114,-25],[20,-53],[-37,-105],[-3,-79],[23,-55],[-17,-148]],[[34520,33204],[-170,-34],[-37,-51],[-69,15],[4,-132],[-71,-103]],[[33099,33638],[75,30],[216,8],[34,25],[16,90],[59,13],[31,-5],[55,-73],[103,-3],[33,-77],[38,7],[158,7],[42,107],[31,24],[217,-20],[53,87],[-1,45]],[[34259,33903],[41,-37],[64,14],[44,63],[43,15]],[[34112,34300],[-93,-99],[-71,-28],[75,-92],[96,-23],[69,-79],[74,-12],[-3,-64]],[[33555,34568],[57,18],[84,25],[31,-25],[32,-26],[14,-98],[82,-98],[38,-1],[69,59],[82,-38],[68,-84]],[[35937,34459],[23,-92],[-39,-75],[-62,-119]],[[35859,34173],[-109,17],[-52,-137],[-144,-62],[-28,94],[-49,43],[-190,-163],[-49,-4],[-126,23],[-12,-34],[-63,-34],[-16,-120],[-56,-76],[6,-42],[39,-40],[-61,-36],[-64,8],[-159,98],[-59,8]],[[34112,34300],[133,-62],[70,40],[47,-63],[76,-19],[130,-23],[234,87],[93,11],[60,-47],[171,-49],[67,37],[118,47],[196,141],[101,104],[92,-39],[48,34],[74,-1],[99,-33],[16,-6]],[[35957,34038],[-21,-132],[-15,-9],[-108,-69],[108,-137],[37,-46],[-37,-25],[-48,-34],[48,-91],[18,-34],[-18,-38],[-21,-45]],[[35900,33378],[-98,-135],[-119,-42],[-42,11],[-69,95],[-80,9]],[[35492,33316],[-63,51],[-124,-8],[-2,50],[-69,-1],[-48,36],[-158,2],[-84,-62],[-151,-13],[-110,-73],[17,-47],[-45,-53],[7,-72],[-29,9],[-29,49],[-84,20]],[[35859,34173],[62,-64],[20,-20],[16,-51]],[[36325,33742],[92,-60],[55,1],[85,1],[91,-105],[56,-65],[15,-45],[-58,64],[-13,2],[-35,-20],[-34,-156],[-107,-34],[-13,-4]],[[36459,33321],[-66,-2],[-48,-72],[-87,80],[-43,3],[-57,-41],[0,-67],[-63,-91],[-29,-41],[-49,-9],[-33,166],[-63,99],[-21,32]],[[35937,34459],[34,78],[62,3],[10,-46],[114,-106],[26,-64],[56,-1],[24,-36],[-1,-37],[64,-68],[28,-99],[-48,-156],[33,-156],[-14,-29]],[[35492,33316],[-26,-53],[62,-111],[-52,-107],[6,-78]],[[35482,32967],[-127,-76],[-113,10],[-54,-72],[-137,-6],[-24,-42],[-96,-49],[-135,9],[-13,-67]],[[34783,32674],[-96,-85],[-173,92],[-71,-49],[1,-63],[-23,-25],[-71,-24],[-72,16]],[[36459,33321],[13,-29],[38,-88],[-8,-90],[39,-86],[10,-227],[47,-46],[-74,-227],[76,-59],[44,-54],[4,-136],[66,-84],[-2,-73],[-64,-10],[-105,-95],[-28,49],[8,93],[-27,31],[-24,4],[-19,3],[-58,-47],[-148,26]],[[36247,32176],[-35,87],[62,154],[-183,26],[-22,74],[-46,9],[-33,-15],[-69,71],[-86,90],[-80,-22],[-94,59],[-24,133],[-43,42],[-43,-40]],[[35551,32844],[-26,94],[-43,29]],[[34783,32674],[30,3],[11,-27],[-49,-70],[-91,-197],[-218,-120],[-63,12],[-42,-75],[-14,-79],[70,-181]],[[34417,31940],[-157,-77],[-147,-23],[-162,93],[-6,1]],[[35551,32844],[-60,-99],[12,-102],[-75,-157],[9,-69],[-47,-26],[-75,25],[-24,-51],[-106,-53],[-153,4],[81,-210],[12,-84],[33,-51]],[[35158,31971],[-138,-79],[-197,-47],[-169,20],[-124,103],[-113,-28]],[[21404,39998],[-8,-5],[-11,3],[-2,-17],[3,-7]],[[21386,39972],[7,-10]],[[21393,39962],[-10,-19]],[[21383,39943],[-22,-23]],[[21361,39920],[-48,34],[-17,7]],[[21296,39961],[6,14],[-3,58]],[[21299,40033],[67,20],[41,17]],[[21407,40070],[15,-32]],[[21422,40038],[-11,-20]],[[21411,40018],[-14,-10],[7,-10]],[[21268,40313],[-21,-78],[-9,-31],[43,-47],[-37,-23],[55,-101]],[[21296,39961],[-91,-75]],[[21205,39886],[-119,14],[-60,7],[-43,-19],[-24,-4]],[[20959,39884],[-29,108],[-6,-4],[-29,94],[7,163]],[[20902,40245],[36,-3],[78,103]],[[21016,40345],[27,-80],[46,-4],[41,30],[43,-17],[9,46],[47,37],[13,2]],[[21242,40359],[26,-46]],[[21361,39920],[-4,-36],[26,19],[33,-23],[54,4],[14,-20]],[[21484,39864],[2,-82],[72,-27],[117,-45],[62,-6],[23,-42]],[[21760,39662],[-202,-95],[-102,27],[-60,15],[-197,-49],[-47,58]],[[21152,39618],[-2,16],[13,70],[50,47],[-33,68],[31,19],[-6,48]],[[21152,39618],[-18,-23],[-13,17],[-16,-14],[-19,15],[-29,-11],[-52,36],[-30,19],[37,-62],[-119,-36]],[[20893,39559],[-90,139]],[[20803,39698],[109,-11],[-3,124],[50,73]],[[21061,39485],[-35,-14],[-63,47],[-8,14],[71,44],[65,-42],[-30,-49]],[[21625,39953],[74,1],[-17,-45],[58,34],[38,-36],[15,-14],[52,15],[106,-9],[-18,-115],[-88,-43],[-22,-10],[-22,-27],[-7,-42],[-16,0],[-18,0]],[[21484,39864],[36,64]],[[21520,39928],[1,0],[22,39]],[[21543,39967],[15,-11],[42,-1],[25,-2]],[[20803,39698],[-46,-17],[-27,23],[-22,35],[-30,8],[22,97],[-10,38],[-58,-24],[-19,2],[-23,3],[-139,16]],[[20451,39879],[62,83],[44,5],[2,35],[31,47],[17,26],[-17,-8],[-28,-13]],[[20562,40054],[5,103]],[[20567,40157],[23,13],[23,14],[14,8],[3,48],[39,24],[24,-21],[64,10],[80,13],[31,48],[34,-69]],[[20893,39559],[-16,-8],[-99,-3],[17,-35],[-13,-27],[-169,3],[-23,9],[-124,51]],[[20466,39549],[-2,57],[-287,166],[26,59]],[[20203,39831],[225,-23],[23,71]],[[19922,39664],[34,-19],[78,-229]],[[20034,39416],[-24,-55],[-153,-30],[-27,-47],[-86,-29],[-5,-81],[-38,-28],[-88,71],[-78,-26],[7,46],[128,68],[74,89],[24,67],[64,27],[66,74],[24,102]],[[19345,39126],[-37,-36],[-12,30],[35,34],[14,-28]],[[20275,39363],[-57,-88],[-55,5],[-31,41],[-50,0],[-16,24],[-22,43],[-10,28]],[[19922,39664],[17,43],[64,1],[51,101],[149,22]],[[20466,39549],[-108,-30],[-83,-81],[0,-75]],[[29182,33657],[62,-101],[23,-103],[71,-78],[70,-145],[-38,-32],[-39,85],[-70,4],[-18,-50],[59,-113]],[[29302,33124],[-164,26],[-10,44],[-84,77],[-25,-46],[-52,-75],[-32,8],[-82,67],[-2,29],[-22,6],[-45,-13],[-17,-22],[-17,-13]],[[28750,33212],[-8,6]],[[29649,33177],[-16,-19],[-24,32],[8,33],[-17,13],[20,40],[11,-51],[19,-9],[-1,-39]],[[29562,33193],[-17,-30],[-25,7],[-11,36],[8,11],[45,-24]],[[29682,33321],[-8,-39],[-37,8],[28,53],[17,-22]],[[29335,33220],[9,-57],[-36,6],[9,56],[18,-5]],[[29476,33230],[-13,-53],[-25,22],[3,40],[35,-9]],[[28489,32752],[-1,-36],[16,11],[48,-93],[-7,-24],[-31,2],[-33,26],[-14,-14],[-42,39],[-34,14],[21,77],[30,-10],[15,16],[1,70],[15,-2],[16,-76]],[[28275,33370],[-6,-18],[-30,17],[-87,167],[23,24],[74,-6],[-19,-53],[25,-104],[20,-27]],[[28531,32921],[-46,-18],[-19,14],[-1,30],[14,55],[17,28],[24,8],[11,-117]],[[28581,32432],[-25,-43],[-66,85],[2,33],[19,23],[21,-33],[39,-23],[10,-42]],[[28540,32744],[-28,-2],[-25,86],[29,-10],[-5,-20],[29,-54]],[[28599,32900],[-20,-41],[-13,42],[12,30],[22,-3],[-1,-28]],[[29083,32652],[-7,-60],[-39,-58],[9,-49],[-78,-25],[-50,40],[-27,-26],[-2,-112],[55,-72],[-21,-15],[-10,-31],[-66,-12]],[[28847,32232],[-37,84],[-125,158],[-25,50],[75,106],[13,53],[78,-23],[84,95],[173,-103]],[[28937,33004],[19,-9],[1,-116],[-22,-36],[-30,-64]],[[28905,32779],[-232,-22],[-39,121],[-102,169],[40,39],[70,-27],[18,41],[-8,47]],[[28750,33212],[1,-79],[60,-90],[6,-65],[70,-19],[50,45]],[[29302,33124],[-23,-38],[-61,-31],[-52,11],[-11,-23],[150,-62],[37,-47],[53,-8],[13,-75],[60,29],[-132,173],[28,63],[43,-2],[92,-105],[165,-86],[64,-201],[74,-74],[11,-46],[-26,-29],[-53,16],[-105,186],[-110,-8],[12,-7]],[[29339,32666],[-105,36],[-71,68],[-14,-28],[-44,66],[-27,-39],[-59,-11],[-67,34],[-47,-13]],[[29872,33007],[-23,-26],[-31,28],[8,18],[-44,29],[20,56],[31,-28],[-1,-32],[40,-45]],[[29303,33050],[-21,-29],[-34,24],[23,30],[32,-25]],[[29357,32547],[-37,-34],[22,-42],[-5,-45],[27,-74]],[[29441,32251],[-102,-45],[-15,63],[-113,68],[-6,-45],[57,-201],[28,-40],[28,-270],[-129,114],[-41,-36],[-43,-105],[-52,155],[-58,97],[-48,-12],[-39,-79],[-51,38],[-35,129],[25,150]],[[29083,32652],[22,-5],[146,-101],[28,14],[-7,47],[64,0]],[[19147,35269],[-64,-125],[-22,-98],[80,-16],[7,-16],[23,-57],[-11,-50],[-11,-12],[-51,-54],[-6,-89]],[[19092,34752],[-59,1],[-14,-51],[-74,-29],[-108,41],[-108,-45],[-38,-1],[-11,58],[31,62],[-32,64],[-139,-56],[-87,-99]],[[18453,34697],[-1,118],[26,80],[-14,24],[16,52],[-18,43],[37,131],[-94,-67],[-3,74],[9,34],[-55,21],[4,53],[-38,50],[38,101],[94,76],[198,34],[-6,71],[19,35],[111,94],[73,-2],[81,-11],[69,-72],[77,-21]],[[19076,35615],[-44,-85],[74,-127],[31,-7],[-29,-57],[39,-70]],[[19934,35532],[-11,-55],[-101,-62]],[[19822,35415],[-28,21],[-75,-66],[-188,-35],[-39,-35],[-71,53],[-93,-20],[-29,4],[-51,-63],[-101,-5]],[[19076,35615],[252,14],[153,39],[62,-50],[93,0],[70,-42],[228,-44]],[[20396,35510],[-38,-54],[-53,-7],[1,-60]],[[20306,35389],[-79,11],[-78,-67],[-21,-43],[13,-30],[21,-47],[-54,-24],[1,18],[-11,0],[-6,-19],[-12,-3],[-28,22],[-20,53],[-10,25],[-59,54],[-106,-12],[-35,88]],[[19934,35532],[221,48],[25,-24],[68,36],[148,-82]],[[20648,35492],[82,-15],[27,6],[104,25]],[[20881,35478],[-178,-219],[-25,-115],[-31,-30],[-7,-16],[5,-62]],[[20645,35036],[-32,1],[-23,0],[-19,1],[-25,58],[-23,10],[-26,11]],[[20497,35117],[-33,35],[-85,88],[17,20],[40,46],[-18,11],[-18,88],[-42,14],[-52,-30]],[[20396,35510],[134,48],[60,-33],[23,-14],[35,-19]],[[20528,35133],[58,-7],[4,23],[3,21],[-3,2],[-50,30],[-35,1],[-11,-30],[34,-40]],[[21223,35272],[-24,-12],[-37,-85],[-75,-57],[-2,-4],[-57,-93],[-30,-103],[0,-23],[4,-116],[-27,-38],[-134,31]],[[20841,34772],[31,83],[-5,40],[-67,62],[-43,22],[-112,57]],[[21116,35021],[-8,-26],[-39,7],[24,51],[23,-32]],[[20841,34772],[-4,-23]],[[20837,34749],[-67,-13],[-13,28],[-26,53],[-62,25],[-46,-12],[-10,-16],[-23,-38],[-65,39],[-47,-35],[-61,90],[9,144],[-8,47],[10,45],[11,10],[58,1]],[[21080,33655],[-7,21]],[[20976,33750],[-122,139],[45,90],[41,28],[-21,181],[-72,85],[-76,27],[-14,-5]],[[20757,34295],[-14,118],[17,33],[37,5],[6,79],[47,81],[-13,138]],[[20425,33757],[-32,-51],[-65,5],[-117,-65],[-7,19],[31,39],[1,27],[-145,80],[-46,16],[-43,-32],[-25,29],[-40,-38],[-26,4]],[[19911,33790],[82,112],[10,74],[50,73],[61,63],[27,81],[124,117]],[[20265,34310],[44,-82],[-25,-131],[91,-144],[22,-62],[-5,-59],[33,-75]],[[20197,33639],[-28,-46],[-17,27],[21,41],[24,-22]],[[20757,34295],[-108,-37],[-36,38],[-23,25],[-40,41],[-172,24],[-113,-76]],[[19911,33790],[-51,25],[-81,-75],[-126,-6]],[[19653,33734],[-10,75],[-63,-25],[-63,48],[-25,25],[-55,-22],[-77,93],[-50,-15],[-90,-91],[-87,-3]],[[19133,33819],[22,50],[-4,260],[-40,106]],[[19111,34235],[41,14],[41,83],[71,48],[12,5],[10,23],[24,20],[47,100],[-35,51],[-71,28],[-29,123],[-130,22]],[[21120,32933],[-34,30],[-18,17],[-47,-27],[-40,-24],[-33,-166],[-37,-17],[-40,28],[-99,-42],[-15,-21],[-85,-123]],[[20672,32588],[-59,26],[-12,6],[12,26],[23,50],[-15,82],[-8,16],[-23,41],[-61,31],[-44,-39],[-155,3],[-38,-31],[-257,-9],[-19,-26],[-264,210]],[[19752,32974],[67,98],[-32,72],[73,100],[14,125],[-23,-19],[-63,-11],[-4,0],[-79,108],[7,98],[-42,-1],[-33,97],[16,93]],[[19752,32974],[-40,-10],[-131,-151],[5,-122],[-17,-45],[-38,-16],[-8,44],[-35,-7],[-49,-88],[-73,-38],[-56,34],[-74,14],[-126,99]],[[19110,32688],[-60,-11],[-68,148],[36,161],[46,52],[34,102],[-54,49],[-36,86],[-28,97],[-78,114]],[[18902,33486],[177,13],[49,158],[-43,101],[19,54],[29,7]],[[27769,44721],[-48,-149],[-42,-23],[-35,-7],[-30,-42],[-155,-39],[-23,-29],[3,-45],[-22,-18],[4,-32],[-15,-2],[-10,-33],[-50,-95],[26,-102],[34,-19],[43,-22]],[[27449,44064],[3,-48],[-26,-55],[-98,-24],[0,-47],[-50,21],[-109,-24],[53,-58],[23,-61],[-17,-37],[26,-60],[-113,-130]],[[27141,43541],[-93,70],[-104,-23],[-25,-26],[13,-70],[-12,-40],[-132,8],[-71,-79],[-92,9],[-26,62],[-23,44],[16,51],[-23,65],[-118,-16],[-52,17],[-24,33]],[[26375,43646],[123,251],[-47,50],[-49,-11],[-68,162]],[[26334,44098],[3,138],[48,95],[-9,242],[-15,28],[21,53],[89,-7],[56,38],[110,-48],[80,-77],[91,66],[46,104],[156,-43],[143,60],[157,56],[70,196]],[[27380,44999],[71,-14],[33,-43],[98,34],[41,-86],[82,-52],[41,63],[58,-91],[-35,-89]],[[27141,43541],[48,-34],[-27,-84],[3,-141],[-85,-183],[22,-44],[-36,-72],[-32,-161],[-98,-196]],[[26936,42626],[-62,-6],[-105,92],[-72,-1],[-162,-59],[-126,46],[-144,31],[-214,-48]],[[26051,42681],[-51,210],[110,55],[15,33],[-83,73],[-105,-32],[-10,54],[188,223],[41,253],[81,8],[55,60],[83,28]],[[27996,43511],[-21,-59],[-112,-102],[-5,-85],[43,-41],[-182,-179],[-12,-70],[-39,-26],[-16,13],[13,91],[-19,33],[-11,55],[19,56],[-19,85],[112,151],[87,61],[32,-19],[123,50],[7,-14]],[[27085,42596],[-29,-34],[-13,167],[53,136],[63,77],[68,144],[20,71],[30,28],[9,-18],[-17,-81],[-139,-357],[-45,-133]],[[28056,43505],[-33,-14],[-9,29],[29,35],[13,-50]],[[28037,43723],[-34,0],[-10,28],[7,15],[42,-17],[-5,-26]],[[26936,42626],[-16,-55],[-77,-89],[-64,66],[-88,-32],[-199,7],[-26,-71],[-47,28],[-106,-126],[-4,-55],[34,-97],[-41,-78],[-165,3],[-128,-39],[-108,33],[-33,73],[30,90],[-159,285],[78,10],[-25,95],[67,18]],[[25859,42692],[28,-42],[70,-19],[94,50]],[[25860,42103],[-24,-12],[-15,32],[34,36],[5,-56]],[[25859,42692],[1,94],[-57,28],[-57,93],[-65,47],[-51,129],[-31,41],[-15,96],[-54,-18],[-3,101],[-24,31],[-32,-28],[-10,85],[-50,3],[25,71],[-52,75],[-37,144],[-55,77],[-3,182],[-32,133],[53,57],[59,-48]],[[25369,44085],[8,-53],[52,11],[49,150],[16,29]],[[25494,44222],[35,-6],[47,-17],[44,31],[115,-72],[53,22],[72,-185],[117,-51],[38,9],[20,105],[60,61],[239,-21]],[[25494,44222],[-35,184],[62,64],[7,55],[-30,27]],[[25498,44552],[124,40],[92,103],[39,217],[-109,271],[137,36],[58,122],[1,50],[-78,91],[-72,23],[-84,83],[49,295]],[[25655,45883],[168,-30],[86,-86],[79,-8],[-1,-72],[95,-138],[304,-34],[30,105],[35,46],[151,-15],[11,84],[100,70],[-28,81],[96,37],[192,-54],[434,-55],[14,-2]],[[27421,45812],[-45,-152],[44,-104],[-20,-18],[-57,28],[-50,-80],[22,-259],[65,-228]],[[27909,37431],[21,-84],[-30,-43],[5,-181],[-37,-102],[-16,-30],[31,-24],[-9,-53]],[[27354,36955],[-48,94],[-94,88]],[[28997,38266],[-68,-70],[-145,-43],[-35,-74],[-90,-4],[-2,-38],[-31,-105],[-68,-56],[-20,-7],[-122,-112],[-151,117],[-103,-41]],[[27911,38089],[29,12]],[[27940,38101],[148,13],[56,73],[102,-49],[47,12],[84,65],[56,98]],[[28433,38313],[26,39],[80,21],[119,-38],[102,38],[62,-43],[48,-78],[127,14]],[[28840,37522],[-52,-38],[-70,26],[-17,22],[10,54],[-98,51],[-90,-114],[-12,-51],[-76,-18],[-15,-52],[-69,-5],[-55,7],[25,65],[-14,45]],[[28997,38266],[12,14]],[[29009,38280],[119,-95],[38,-67],[71,-6],[24,-79]],[[29261,38033],[-78,-87],[-68,-4],[-84,-66],[-14,-37],[-18,-1],[-29,-42],[-9,-68],[-121,-206]],[[28840,37522],[-74,-203]],[[28766,37319],[-43,-29],[-6,-92],[-47,-66],[-42,-33],[-89,14],[-24,-63],[-150,-19]],[[28365,37031],[-14,2],[-122,11],[-57,20],[-43,-11],[-91,-96],[-64,14],[-29,-43],[-48,-10]],[[19000,41934],[-122,-171],[-70,-30],[40,-50],[-102,-42],[-44,-48],[10,-19],[87,-100],[80,-44],[105,-8],[47,57],[-8,55],[56,38],[54,-42],[25,-64],[50,-18],[-3,-49],[20,-25]],[[19225,41374],[1,-38],[-106,-54],[-28,-53],[-122,10],[-33,-1],[-58,77],[-65,-62],[-40,-2],[4,-38],[-32,-66],[20,-129],[-27,-106],[-20,-20]],[[18719,40892],[-96,-102],[-76,30],[-53,-18],[-38,-12],[-14,44],[-39,44]],[[18403,40878],[2,34],[-15,31],[-227,-8],[-45,37],[-9,50],[-72,10],[-18,42],[24,47],[54,20],[7,72],[70,42],[-16,31],[-71,-3],[-42,44],[8,22],[57,-4],[-32,110],[-31,13],[6,23],[117,35],[118,-6],[73,-82],[52,59],[107,8],[27,55],[107,86],[-4,36],[-116,10],[-42,34],[97,87],[15,85],[48,69],[203,57],[53,-87],[16,95],[35,39],[109,-37],[-68,-100]],[[18587,41894],[-27,-30],[-19,57],[20,8],[26,-35]],[[18026,41366],[-6,-57],[-30,29],[3,35],[33,-7]],[[18858,40681],[162,52],[67,-33],[21,35],[120,-4],[7,-22],[-25,-37],[29,-32],[92,38],[47,-21]],[[19378,40657],[-50,-149],[-19,-30],[-6,-21],[-22,-28],[32,-46],[-14,-30],[-199,17],[-22,-39],[-133,-10],[-54,-24],[-18,-52],[-73,-18],[-288,-192],[-217,-61],[-90,29],[-20,73],[-121,-19],[-6,70],[-91,51],[78,118],[-80,36],[2,38],[121,28],[48,113],[67,46],[79,9],[-100,44],[123,234],[98,34]],[[18719,40892],[50,-45],[-26,-110],[86,41],[29,-97]],[[18174,39961],[-29,-13],[-16,21],[20,29],[21,-1],[4,-36]],[[19354,41148],[40,-45],[-25,-122],[23,-65],[25,-139],[-39,-120]],[[19225,41374],[111,31]],[[19336,41405],[26,-47],[-57,-37],[36,-67],[13,-106]],[[13980,46744],[-42,0],[-193,-9],[-11,93],[24,42],[72,-48],[110,34],[108,61],[-11,58],[31,38],[129,29],[-187,-9],[-135,138],[-95,82],[-382,22],[97,68],[438,58],[13,37],[-79,62],[60,98],[-12,36],[-245,59],[-311,-65],[-118,71],[75,86],[108,1],[-24,132],[80,89],[101,-2],[217,-73],[-16,55],[-113,124],[0,35],[31,21],[149,-19],[297,-216],[39,-87],[1,-124],[97,-120],[112,108],[135,60],[22,157],[29,37],[67,-13],[173,-121],[69,116],[174,57],[214,-155],[-6,104],[15,37],[254,-28],[99,55],[174,29],[71,137],[95,18],[217,-141],[155,16],[17,-73],[80,-82],[32,-98],[118,-43],[186,-127],[34,-222],[-91,-150],[-158,-108],[-58,-94],[-115,-80],[-206,-35],[-162,-68],[-228,-157],[-296,-51],[-161,-108],[-148,-50],[-244,-14],[-299,60],[-417,183],[-256,-13]],[[24478,36629],[-50,-48],[-37,24],[-25,-20],[12,-80],[43,-67],[77,-18],[102,-179]],[[24601,36201],[-23,-21],[-65,51],[-19,-54],[-83,5],[-23,-38],[-107,5],[-3,5],[-81,-229],[-83,11],[-20,-38]],[[23887,36670],[141,63],[128,3],[14,74],[-25,106]],[[24435,37015],[-41,-148],[38,-148],[46,-90]],[[24879,35889],[-75,15],[-98,79],[-128,80],[-125,31],[-46,-21],[-122,-138],[-47,-104],[-59,-47],[-147,-38]],[[26399,34636],[-37,60],[-50,4],[-33,-68],[-66,-36]],[[26205,35258],[56,-144],[22,-56],[37,-47],[24,-24],[100,-99],[25,-25],[26,-55]],[[26495,34808],[-28,-49],[-68,-123]],[[26621,34727],[-10,-122],[-18,-19],[-23,-26],[-12,-13],[18,-61]],[[26576,34486],[-171,-57],[-43,34],[-77,31],[-32,-52],[-27,31]],[[26495,34808],[52,-31],[26,-18],[48,-32]],[[26576,34486],[48,-113],[32,-21],[8,-71],[94,-31]],[[26758,34250],[-8,-79],[-62,-43],[83,-204],[72,-108],[-50,-122]],[[26793,33694],[-27,15],[-48,-37],[-26,2],[-21,14],[-13,29],[-35,39],[-36,12],[-33,29],[-5,23],[20,49],[0,22],[-36,95],[-32,46],[-80,-24],[-28,3],[-25,69],[-124,84],[-92,177]],[[26225,34081],[-15,-35],[-34,11],[5,36],[44,-12]],[[27099,34345],[179,-88],[109,-97],[201,-131],[40,-76],[101,-109],[35,-94],[-43,-182],[-104,61],[-37,132],[-66,72],[-97,7],[-125,111],[-83,-62]],[[27209,33889],[-49,58],[1,115],[-58,24],[-49,-20],[-57,64],[-14,44],[-51,8],[-14,69],[-48,45],[-112,-46]],[[26621,34727],[337,-8],[14,-76],[-50,-57],[-23,-26],[-17,-20],[40,-88],[177,-107]],[[26779,34852],[-31,-36],[-14,48],[24,16],[21,-28]],[[27209,33889],[-76,-153]],[[26831,33629],[-38,65]],[[22514,33626],[18,-29],[14,20],[16,-12],[-23,-58],[37,-25],[32,32],[38,-24],[-1,-47],[-18,-12],[0,-29],[-36,-46],[-23,-76],[-61,-52],[-31,52],[-58,1],[-22,62],[9,15],[-41,35],[-31,-24],[-7,-35],[-25,35],[-39,30],[87,77],[29,41],[37,34],[22,4],[36,31],[41,0]],[[22918,33651],[17,-54],[-12,-31],[-22,9],[-64,53],[-21,9],[-47,-6],[3,36],[-13,13],[11,18],[38,7],[80,-1],[30,-53]],[[21958,33076],[-11,-43],[-20,19],[-32,-6],[-19,53],[37,6],[-3,32],[23,24],[59,23],[18,-11],[8,-33],[-30,-47],[-30,-17]],[[21960,32992],[26,-40],[20,22],[14,-44],[-31,-16],[-19,35],[-30,-30],[-3,31],[23,42]],[[20672,32588],[46,-60],[39,-19],[28,-15],[4,-101],[39,-90],[86,-72]],[[20914,32231],[-63,-102],[-32,-133],[-62,-91],[-17,-24],[-75,51],[-52,-6],[-23,-20],[-57,-47],[-129,30],[-105,-27],[-115,19],[-211,-15],[-88,-109],[-99,-13],[-72,-40],[-32,-57],[-30,-87],[-1,0],[-3,0],[-84,-71],[-146,93],[-61,112],[-13,97],[-34,29],[-16,10],[-14,47],[30,38],[-67,102],[-155,112],[-17,9],[-32,1],[-65,-10],[-24,-8]],[[18950,32121],[-37,193]],[[18913,32314],[94,240],[76,42],[27,92]],[[21210,32490],[-27,-68],[34,-33],[-6,-35],[-125,-13],[-65,-7],[-107,-103]],[[19652,31409],[-1,-3],[-13,23],[1,2],[4,0],[6,-5],[3,-4],[1,-3],[0,-2],[0,-3],[0,-3],[-1,-2]],[[20464,31104],[9,-26],[-15,9],[6,17]],[[15971,27412],[10,-31],[-37,-25],[-42,-59],[-1,-41],[-21,-54],[-1,-30],[-39,-66],[-56,-11],[-11,42],[-33,66],[-1,27],[-23,50],[26,24],[27,-11],[26,16],[51,9],[48,71],[21,17],[33,-7],[23,13]],[[16629,27177],[-37,-65],[-30,22],[36,35],[33,44],[5,57],[19,60],[15,20],[24,67],[6,66],[44,23],[15,-17],[7,-74],[-15,-62],[5,-33],[-22,-90],[-33,-28],[-72,-25]],[[16214,26979],[-54,-35],[-24,8],[-40,47],[-15,42],[0,32],[42,63],[4,36],[59,1],[38,-29],[-1,-29],[16,-30],[-6,-74],[-19,-32]],[[16793,27584],[-16,-36],[-32,27],[17,23],[0,44],[27,39],[51,31],[27,5],[3,61],[11,6],[22,-35],[-15,-41],[-1,-60],[-26,-33],[-68,-31]],[[15426,27404],[-26,-64],[-44,115],[-15,59],[30,45],[48,-10],[18,-53],[-15,-36],[4,-56]],[[15616,27101],[-16,-2],[-36,44],[11,60],[20,7],[50,-37],[6,-32],[-35,-40]],[[15385,26988],[-26,-53],[-11,-47],[-22,31],[-39,18],[11,27],[21,-10],[53,55],[13,-21]],[[29532,46500],[227,-151],[121,24],[31,117],[17,10],[61,36],[14,15],[24,26],[37,39],[95,-39],[62,-26],[60,-25],[83,10],[-5,-36],[-4,-33],[54,-193],[-49,-50],[124,-84],[26,-62],[-3,-64],[51,-29],[-28,-109],[-101,-32],[-28,-36],[48,-79],[-2,-89],[47,-79],[-70,-39]],[[30424,45522],[-143,85],[-125,-51],[-37,-97],[-152,-24],[-24,-6],[4,-63],[-205,-48],[-38,-46],[-110,-46],[-29,-50],[-202,13],[-78,23],[-37,10],[-26,-36],[-210,-59],[-55,11],[-56,55],[-87,0],[-56,21]],[[28758,45214],[37,222],[-17,89],[28,17],[-75,170],[4,195],[-55,90],[-41,133],[33,135],[57,-30],[44,50],[-5,70],[30,-20],[11,67],[59,38],[102,46],[99,-29],[-14,43],[-11,35],[7,16],[17,43],[94,64],[28,92],[61,-5]],[[29251,46745],[235,-66],[-14,-52],[38,-50],[7,-26],[15,-51]],[[28764,46395],[-52,-17],[-52,60],[35,59],[55,-15],[-7,-22],[21,-65]],[[28563,46364],[-31,-59],[-16,11],[20,57],[27,-9]],[[30388,45056],[114,-105],[-31,-44]],[[30471,44907],[-23,-66],[-101,17],[2,-55],[-53,-34],[-240,5],[-259,-134],[-134,5],[-73,-51],[-176,-7],[-63,-37],[-94,56],[49,89]],[[29306,44695],[203,60],[51,101],[-4,49],[42,46],[5,45],[203,-50],[49,52],[124,23],[35,68],[121,-24],[46,-51],[100,29],[80,-21],[27,34]],[[31727,45656],[-332,-337],[-113,-61],[-29,-34],[-32,-55],[-54,-14],[-172,-148],[-51,-56],[-13,-10],[-139,-52],[-97,36],[-167,-55],[-57,37]],[[29306,44695],[-49,-37],[-148,-15],[-20,37],[12,84],[-73,-22],[-18,56],[20,40],[-26,30],[-87,-65],[-49,141],[-56,-29],[-99,10],[-8,35],[32,69],[-37,96],[58,89]],[[30424,45522],[-17,-89],[85,-94],[63,-25],[52,20],[48,-51],[72,-6],[49,6],[10,18],[-5,18],[93,55],[206,24],[73,61],[81,-13],[52,34],[133,14],[109,90],[199,72]],[[28984,44770],[19,-27],[-5,-21],[-53,-28],[-22,18],[11,6],[0,52],[29,-17],[21,17]],[[28860,44774],[-54,-10],[0,28],[27,13],[-3,22],[13,51],[26,-40],[-21,-41],[12,-23]],[[28687,44862],[14,-34],[15,22],[11,-54],[-17,-14],[-46,29],[-3,37],[26,14]],[[28907,44730],[-20,-30],[-34,13],[11,37],[45,8],[-2,-28]],[[28845,44696],[-45,-5],[-13,28],[27,23],[21,-8],[10,-38]],[[29107,44536],[-19,-6],[-12,24],[10,39],[19,4],[2,-61]],[[31314,49604],[-104,-66],[36,-53],[-82,-165],[38,-133],[242,-125],[219,-225],[-37,-97],[-258,-289],[13,-75],[152,-208],[119,-174],[67,-219],[-124,-41],[28,-46],[-28,-33],[-30,-123],[52,-61],[-54,-69],[1,-77],[123,-92],[20,-162],[143,-146],[-22,-91],[-45,-66],[-114,-68],[139,-123],[29,-26],[90,-51],[155,-88],[122,-178],[-124,-236],[-353,-342]],[[29251,46745],[9,28],[50,-9],[105,31],[14,25],[10,48],[67,-8],[46,65],[12,16],[18,26],[54,74],[108,87],[94,152],[139,47],[84,-3],[33,40],[-26,111],[4,159],[-67,71],[-134,32],[-43,44],[-132,25],[-7,24]],[[29689,47830],[-13,57],[-70,124],[-60,31],[-24,48],[4,93],[65,60],[34,146],[-137,193],[10,40],[45,24],[4,66],[-107,33],[39,60],[-18,127],[47,53],[-5,27],[-106,91],[-44,7],[-41,84],[-234,93],[-101,6],[-180,108],[-205,123],[-50,65],[-80,20]],[[28462,49609],[61,25],[99,-24],[18,28],[-20,39],[9,29],[85,40],[83,-14],[24,-4],[28,-22],[101,-90],[142,-189],[272,-49],[152,38],[49,59],[44,9],[322,-138],[78,35],[45,103],[147,51],[29,56],[-14,115],[17,52],[21,20],[-3,34],[36,74],[22,73],[174,131],[198,-11],[196,85],[99,5],[152,-138],[132,-40],[118,-36],[67,-112],[-145,-130],[-24,-68],[38,-41]],[[29932,47374],[-29,-23],[-70,33],[0,24],[92,23],[7,-57]],[[28358,44795],[-25,-58],[-44,12],[3,-39],[41,-22],[31,44],[11,-39],[-42,-46],[-208,99],[-5,10],[44,46],[8,41],[45,-67],[12,91],[104,-36],[25,-36]],[[28484,44664],[-33,-39],[-50,25],[31,41],[2,21],[48,-14],[2,-34]],[[28426,44815],[-7,-49],[-37,12],[30,52],[14,-15]],[[28641,44862],[-18,-42],[-22,54],[7,26],[33,-38]],[[28656,44933],[-6,-44],[-27,16],[-6,27],[5,16],[34,-15]],[[28626,45016],[-11,-56],[-25,14],[14,56],[22,-14]],[[28551,44764],[-34,0],[-6,18],[22,29],[25,-22],[-7,-25]],[[28033,40468],[125,-72],[95,21],[95,-100],[25,-87],[97,-60],[15,-74],[-79,-40],[11,-20],[27,-67],[-22,-79]],[[28422,39890],[-58,-63],[-79,-32],[4,-97],[-54,20],[-46,-88]],[[28189,39630],[-89,20],[-48,67],[-34,7],[-24,-19],[-87,47],[-83,-17]],[[27824,39735],[-174,63]],[[27650,39798],[-22,95],[89,63],[3,108],[35,106],[74,-6],[20,40],[-5,74],[32,9],[80,92],[-5,56]],[[27951,40435],[82,33]],[[28422,39890],[115,-99],[65,12],[164,-85],[64,20],[59,5]],[[28889,39743],[21,-148]],[[28910,39595],[-24,-73],[-117,-112],[-82,-60]],[[28687,39350],[-131,-37],[-49,-45],[-90,-8],[-29,51],[-20,99],[-25,14],[-85,8]],[[28258,39432],[-33,34],[-7,64],[-40,25],[23,39],[-12,36]],[[29537,39856],[131,-230],[-39,-29],[38,-89],[-16,-98],[-109,-47],[-60,-70]],[[29482,39293],[-67,79],[-117,-56],[-125,5],[-56,54],[23,46],[-7,54],[-99,29],[-34,91],[-90,0]],[[28889,39743],[17,232],[-81,67],[88,44],[22,161],[190,35],[43,-20],[19,42],[84,4],[69,102]],[[29340,40410],[17,-3]],[[29357,40407],[164,-129],[-14,-138],[-25,-40],[24,-117],[31,-127]],[[29482,39293],[-293,-372],[20,-186],[30,-91],[-90,11]],[[29149,38655],[-170,72],[-64,86],[-164,32]],[[28751,38845],[-22,143],[-31,44],[26,20],[-7,17],[-44,72],[14,209]],[[29496,41182],[94,-271],[18,-163],[-5,-114],[-150,-86],[-96,-141]],[[29340,40410],[-180,62],[-65,115],[8,93],[-44,1],[-13,44],[-74,0],[-126,186],[-22,153]],[[28824,41064],[80,-6],[98,41],[196,136],[17,69],[-83,154],[93,90]],[[29471,41325],[25,-143]],[[28657,40556],[104,-43],[58,43],[38,-41],[27,-108],[43,-36],[6,-70],[-29,-55],[-96,21],[-99,-82],[-12,13],[-208,35],[-90,157],[18,76],[119,134],[56,-41],[65,-3]],[[28033,40468],[71,196],[-18,103],[82,13],[-5,70],[31,34]],[[28194,40884],[40,25],[124,-27],[57,36],[90,30],[298,115],[21,1]],[[19111,34235],[-75,-50],[-18,45],[-36,-1],[-50,-113],[-73,31],[-19,45],[-65,38],[-59,-18],[-12,-64],[-50,-59],[-81,10],[-49,101]],[[18524,34200],[-42,278],[-7,50],[-4,26],[-18,143]],[[18950,32121],[-165,-111],[-98,59],[-137,18],[-129,-51],[16,93],[39,139]],[[18476,32268],[111,-31],[31,23],[102,-54],[100,80],[93,28]],[[20541,40791],[-17,-39],[-71,24],[-55,-36],[36,-94],[-12,-107],[-37,-49],[79,-46]],[[20464,40444],[-43,-81],[-10,-70],[14,-50],[142,-86]],[[20562,40054],[-142,-75],[-37,-50],[-64,-14],[-88,46]],[[20231,39961],[48,24],[88,22],[41,-4],[46,57],[-59,91],[-61,-14],[-32,17],[-55,-36],[-55,-1],[-18,19],[45,125],[-25,81],[16,116],[-77,102],[59,62],[43,18],[18,62],[31,25],[37,15],[74,36],[9,33],[-13,58],[-42,43],[-14,15],[-10,67]],[[20325,40994],[89,-47]],[[20414,40947],[49,-35],[41,-104],[37,-17]],[[20644,42860],[-31,13],[-23,11],[-12,5],[-32,63],[-52,31],[-172,-57],[-147,33]],[[20175,42959],[38,80],[103,12],[66,84],[69,18],[11,108],[80,28],[-26,87]],[[20516,43376],[74,0],[23,0],[144,0],[70,-38],[24,-69],[-94,-206],[-41,-119],[-72,-84]],[[19961,43266],[80,-3],[56,52],[213,72],[206,-11]],[[20175,42959],[-244,-71],[-47,-152],[-56,-80],[13,-32]],[[19841,42624],[-10,-24],[22,-43]],[[19853,42557],[-50,-79],[-53,-136],[-103,28],[-5,-81],[66,-24],[26,-74],[-7,-40],[-51,-1],[-50,77],[-48,-110],[-57,-17],[56,494],[36,145],[-52,-12],[-81,-91],[-129,-6],[-3,132],[54,89],[83,63],[15,117],[-60,3],[-40,48],[-82,34],[-123,127],[28,48],[103,48],[39,-35],[33,-94],[57,-47],[141,33],[-102,22],[-8,63],[27,36],[-14,119],[160,68],[-27,62],[23,35],[2,64],[52,42],[57,159],[257,-28],[396,52],[4,-104],[-24,-46],[-274,-216],[-27,-59],[42,-25],[-7,-38],[-59,-31],[-4,-44],[-34,-40],[-75,-21]],[[19279,43526],[-183,-128],[-29,31],[43,67],[-42,31],[-22,67],[19,61],[243,142],[30,28],[25,-28],[-5,-66],[-51,-76],[-28,-129]],[[21135,44956],[-49,-86],[25,-47],[-25,-12],[-58,-217],[-22,35],[16,104],[-66,5],[-52,46],[62,67],[-21,69],[37,41],[27,-2],[18,-66],[36,12],[23,118],[90,61],[18,-20],[-14,-83],[-45,-25]],[[19530,42502],[-87,-157],[-41,-20],[10,-63],[-94,-35],[21,98],[-31,0],[-24,-42],[-33,-4],[37,95],[69,26],[38,-7],[96,109],[32,23],[7,-23]],[[19009,43050],[-46,0],[-21,63],[21,168],[-57,40],[26,35],[65,5],[28,32],[40,-22],[-16,-50],[-15,0],[6,-38],[-23,-53],[-8,-180]],[[20443,44095],[43,-13],[0,40],[22,18],[20,-41],[-13,-24],[14,-29],[-41,-22],[-39,39],[-88,2],[-13,-21],[24,-31],[-5,-44],[-29,11],[-29,47],[23,124],[28,22],[56,0],[7,24],[31,-5],[5,-19],[-22,-26],[6,-52]],[[19347,42998],[-28,-39],[-46,40],[38,28],[36,-29]],[[19129,42714],[-6,-24],[-29,4],[-6,29],[56,18],[13,-17],[-28,-10]],[[19259,42786],[-46,-26],[-5,14],[41,47],[19,-1],[-9,-34]],[[18956,42995],[-22,-36],[-26,11],[-6,36],[54,-11]],[[19382,43674],[-23,-44],[-26,23],[37,43],[12,-22]],[[20464,44288],[8,-55],[-39,4],[-1,27],[32,24]],[[20787,44717],[-15,-33],[-16,10],[-16,22],[16,28],[31,-27]],[[20931,44371],[-42,-5],[17,45],[32,-4],[-7,-36]],[[19370,42510],[-12,-63],[-31,4],[31,66],[12,-7]],[[19991,44133],[-20,-19],[-25,7],[10,36],[29,5],[6,-29]],[[19395,42928],[-23,-13],[-26,14],[38,47],[11,-48]],[[20530,44162],[-14,0],[-9,46],[20,23],[16,-69],[-13,0]],[[20477,43998],[-4,-49],[-21,6],[-10,26],[15,34],[20,-17]],[[20620,44210],[-30,-2],[-6,8],[-5,32],[11,11],[10,4],[20,-53]],[[20590,44119],[-20,0],[5,39],[15,7],[13,2],[6,-21],[-19,-27]],[[20644,42860],[-54,-112],[-159,-51],[-30,-19],[-39,-39],[132,51],[66,-96],[-247,-130],[-155,48],[11,-12],[104,-53],[30,-4],[119,-26],[110,62],[58,-27],[23,-11],[51,-25]],[[20664,42416],[-51,-37],[-23,-18],[-182,-57],[-85,46],[-9,-3],[-26,-27],[-93,6]],[[20195,42326],[-27,63],[-67,72],[-45,-11],[-89,-13],[-67,65],[-32,112],[-27,10]],[[20195,42326],[-62,-17],[-62,46],[-48,-27],[1,-58],[-219,107]],[[19805,42377],[14,43],[127,-18],[28,-17],[-29,20],[-68,22],[-12,16],[-16,8],[-30,-9],[-9,38],[43,77]],[[20554,42001],[-58,-44],[-67,-67]],[[20429,41890],[-155,-11],[-157,-100],[-134,34],[-24,-76],[-135,81],[-45,-78],[-63,103],[7,41],[31,12],[14,64],[6,18],[38,41],[7,23],[70,113],[-5,55],[-65,56],[-14,19],[11,40],[-11,52]],[[20664,42416],[113,-74]],[[20777,42342],[-20,-24],[-57,-67],[-1,-114],[-86,-80],[-23,-22],[-36,-34]],[[36247,32176],[-86,48],[-132,5],[-72,-115],[-36,-14],[-38,-16],[-9,72],[-40,23],[-187,-97],[-296,8],[-193,-119]],[[20938,41833],[33,-36],[40,24]],[[21011,41821],[35,-76],[4,-3],[5,-3],[1,0],[1,-1],[11,-5],[1,-2],[-1,-1],[-4,1],[-1,-2],[0,-2],[-2,-2],[0,-3],[6,-11],[6,-7],[-1,-2],[1,-5],[0,-2],[0,-1],[-1,-2],[-2,-1],[-2,-1],[-1,-3],[0,-2],[0,-3],[0,-2],[-1,-3],[-1,-2],[-1,-3],[-3,-2],[-2,-1],[-8,1],[5,-2],[3,-1],[3,1],[11,11],[4,0],[-1,3],[1,5],[0,6],[4,1],[1,5],[3,-1],[1,-1],[114,-41]],[[21200,41656],[-46,-36],[-68,6],[-37,3],[-68,-13],[-89,27],[-135,-36],[-26,-7]],[[20731,41600],[-5,38],[-36,38],[-17,54],[9,53]],[[20682,41783],[75,25],[92,38],[89,-13]],[[21005,41867],[6,-46]],[[20682,41783],[-69,24],[-21,7],[21,95],[0,24],[-23,23],[-24,19],[-12,26]],[[20777,42342],[137,-144],[58,-260],[33,-71]],[[20731,41600],[-43,-27],[-15,-85],[-41,-15]],[[20632,41473],[-19,-3],[-23,-5],[-97,-19]],[[20493,41446],[-95,-45],[-73,73],[-87,165],[87,198],[39,31],[43,-10],[22,32]],[[20801,41080],[-23,-76]],[[20778,41004],[-21,-2],[-50,-4],[-25,-1],[-39,16],[-21,40],[-30,-8]],[[20592,41045],[-2,2],[-50,39]],[[20540,41086],[50,39],[25,19],[45,3],[2,19],[77,9]],[[20739,41175],[18,-18],[62,-61]],[[20819,41096],[-18,-16]],[[20540,41086],[-54,-9],[-48,29],[25,77]],[[20463,41183],[42,14],[-76,29],[3,55],[57,52],[-7,36],[24,43],[-13,34]],[[20632,41473],[-19,-36],[-8,-17],[8,-17],[16,-29],[97,-51],[31,-37],[16,-19]],[[20773,41267],[-5,-14],[-11,-30],[-18,-48]],[[20778,41004],[15,-86]],[[20793,40918],[-36,-32],[-98,-86],[-46,-22],[-23,8],[-39,12],[-10,-7]],[[20414,40947],[-3,16]],[[20411,40963],[62,7]],[[20473,40970],[59,3]],[[20532,40973],[54,4],[-25,38],[29,28],[2,2]],[[20532,40973],[-25,9],[-41,21],[-21,38],[-26,66],[44,76]],[[20411,40963],[-22,44],[39,27],[45,-64]],[[21384,41203],[-58,-8],[-95,-18],[133,10],[111,-98]],[[21475,41089],[-53,-40],[-55,78],[-73,-67],[-60,22],[-36,-32]],[[21198,41050],[-47,26]],[[21151,41076],[24,74],[-63,10]],[[21112,41160],[38,57],[5,67],[-1,60],[175,88],[68,3]],[[21397,41435],[21,-19],[-18,-43],[7,-47],[62,-109],[29,-49],[-62,-14],[-52,49]],[[21200,41656],[78,-53],[119,-168]],[[21112,41160],[-26,-8],[-36,-11]],[[21050,41141],[-24,66],[-21,100],[-124,-7],[-65,24],[-43,-57]],[[21151,41076],[-65,-75],[-25,-30],[-43,10],[-93,-10],[-69,93],[-7,22]],[[20849,41086],[80,48],[97,-17],[24,24]],[[18902,33486],[-96,-69],[-47,0],[-1,-74],[-70,-93],[-61,118],[-114,-19],[-25,34],[-49,-5],[-28,-67],[19,-179]],[[18430,33132],[-65,-41],[-100,61]],[[18265,33152],[25,161],[69,97],[34,119],[49,167],[38,260],[33,94],[11,150]],[[18430,33132],[16,-30],[-29,-74],[15,-38],[50,-4],[33,39],[46,-33],[7,-28],[-39,-89],[-32,-19]],[[18497,32856],[-152,-44],[-23,111],[-81,58],[24,171]],[[18476,32268],[-1,228],[-23,65],[45,295]],[[12726,32488],[36,-16],[33,18],[21,-13],[57,21],[38,-6],[4,-38],[-11,-22],[-27,2],[-41,-18],[-48,-3],[-19,20],[-45,-4],[-49,51],[-5,17],[24,28],[32,-37]],[[11925,32816],[1,-20],[-139,7],[-25,19],[-9,33],[9,22],[44,5],[71,-54],[48,-12]],[[12266,32977],[-12,-50],[-67,5],[-26,19],[-9,33],[15,25],[26,5],[53,-10],[20,-27]],[[12013,32883],[-14,-16],[-39,30],[-28,7],[-67,43],[-2,13],[8,10],[61,-28],[81,-59]],[[11728,32861],[-43,-1],[-22,38],[34,29],[40,-28],[-9,-38]],[[10878,33376],[-18,-50],[-25,1],[-8,43],[12,40],[39,-34]],[[12944,32033],[13,-47],[-54,8],[-6,23],[47,16]],[[11943,33176],[21,-47],[-38,2],[-16,30],[33,15]],[[10898,33489],[-19,-20],[-13,40],[8,28],[23,-7],[1,-41]],[[15617,29761],[49,-34],[50,15],[30,-38],[25,-10],[-29,-60],[-38,-5],[-93,58],[-19,43],[25,31]],[[15931,29860],[-31,-15],[-14,16],[30,39],[15,-5],[0,-35]],[[16077,28298],[12,-60],[-40,12],[8,43],[20,5]],[[29464,38041],[26,21],[220,-57],[120,29],[129,-124]],[[29959,37910],[25,-34],[-21,-39],[39,-46],[-4,-206]],[[29998,37585],[-69,-27],[-51,-89],[-47,-3],[-58,-87],[-75,24],[-31,-37],[-36,-168],[-123,1],[-80,53],[-111,-26],[-85,47],[-41,-30],[-5,-59]],[[29186,37184],[-84,-3],[-127,131],[-209,7]],[[29261,38033],[101,85],[102,-77]],[[30202,37560],[37,-56],[19,-149],[51,-11],[18,-148],[72,-57],[8,-43],[60,-113]],[[30467,36983],[-17,-130],[-31,-101],[-70,-56],[-7,-6]],[[30342,36690],[-211,-35],[-45,-33],[-73,107],[-144,15],[-55,-13]],[[29814,36731],[-278,-46],[-37,-12]],[[29499,36673],[-55,72],[-65,215],[-49,37],[-12,70],[-52,70],[-55,17],[-25,30]],[[29998,37585],[63,-21],[51,41],[90,-45]],[[30790,37833],[156,-259],[78,-77],[12,-76],[43,-122],[1,-103],[-33,-95],[-10,-81]],[[31037,37020],[-169,17],[-18,-64],[-21,65],[-4,11],[-72,18],[-120,-63],[-166,-21]],[[29959,37910],[48,10],[68,87],[206,30],[70,10],[36,21],[49,91],[96,42],[60,-8],[72,-68],[51,-94],[50,-169],[25,-29]],[[31037,37020],[17,-231],[-18,-49],[34,-71],[67,-87],[115,-33],[233,99],[62,-44],[22,-75],[-23,-196],[-150,-43],[-60,-53],[-119,-203],[4,-176],[-26,-137]],[[30750,35934],[221,72],[33,45],[25,63],[-72,169],[-22,22],[-208,-9],[-204,38],[-53,174],[-66,30],[-62,152]],[[29859,35713],[23,39],[-35,110],[73,56],[-8,66],[25,90],[-41,17],[-29,169],[-48,68],[-34,0],[12,23],[17,380]],[[30405,36026],[54,125],[-39,135],[-113,-32],[-26,-95],[9,-109],[66,-43],[49,19]],[[29186,35983],[-67,127],[44,47],[41,1],[-8,32],[-98,55],[-93,-115],[-44,63]],[[28961,36193],[43,7],[23,103],[66,-15],[29,63],[8,53],[49,68],[-25,30],[35,52],[308,53],[2,66]],[[28961,36193],[-1,2],[-122,36],[-28,46],[-73,38]],[[28737,36315],[65,36],[-48,63],[33,70],[-8,35],[-158,72],[-67,91],[-3,144],[-50,22],[-136,183]],[[28554,36225],[-17,-56],[19,-46],[-21,-34],[7,-45]],[[28542,36044],[-101,56],[-30,-64],[-48,-6],[-18,112],[-73,44],[-2,31]],[[28270,36217],[41,44],[78,193],[27,5],[68,-108],[17,-83],[53,-43]],[[28737,36315],[-109,-57],[-74,-33]],[[28270,36217],[-88,70],[6,64],[-22,20],[-80,0],[-32,-19]],[[28054,36352],[-112,-18]],[[28542,36044],[119,-62],[5,55],[229,-127],[-14,-31],[-42,-114],[-61,-29],[29,-139],[-2,-41],[-26,-32],[-70,0],[-94,-70],[-26,-58]],[[28589,35396],[-35,69],[-67,-39],[11,-86],[-45,-47],[-8,-51],[-50,-17]],[[28011,35605],[93,60],[-4,51],[-60,113],[84,32],[-20,58],[-122,150],[5,75],[67,208]],[[28815,34912],[-14,48],[15,27],[48,85],[4,42],[4,38],[-107,29],[-1,65],[-52,20],[-54,104],[-69,26]],[[27769,44721],[52,-4],[32,35],[56,-137],[72,-65],[-5,-55],[-102,-42],[-14,-170],[16,-9],[32,63],[8,-46],[-140,-178],[-91,17],[-137,-126],[-99,60]],[[27707,44042],[-43,-7],[-5,19],[40,34],[8,-46]],[[27159,46849],[84,-46],[240,-29],[245,47],[47,-69],[153,-68],[104,-141]],[[28032,46543],[-19,-43],[-23,-51],[-56,-45],[-87,27],[3,-42],[-74,-58],[-48,-120],[-69,-46],[-45,-90],[-198,-141],[31,-77],[-26,-45]],[[25655,45883],[-16,35]],[[25639,45918],[-65,159],[21,68],[-11,83],[36,60],[-49,98],[-13,55],[32,59],[27,51],[-2,26],[-3,37],[175,206],[174,64],[268,-33],[43,74],[9,16],[-15,131],[-133,97],[211,278]],[[26344,47447],[228,-167],[88,-66],[107,-118],[41,12],[130,-128],[64,-13],[34,-26],[21,-16],[102,-76]],[[27525,45865],[-30,-43],[-23,29],[13,25],[40,-11]],[[29689,47830],[-163,0],[-185,-45],[-111,51],[-22,-48],[-115,43],[-26,-111],[-50,-79],[-70,3],[-34,-114],[-66,27],[-56,-134],[-125,-150],[36,-96],[71,-83],[-1,-40],[-147,-129],[-162,-230],[-179,-56],[-96,-88],[-12,-11],[-21,11],[-44,22],[-8,-22],[-9,-25],[-62,17]],[[26344,47447],[18,71],[41,32],[5,150],[34,128],[-15,86],[-14,69],[-4,20],[39,3],[17,1],[65,4],[27,2],[29,2],[92,43],[60,27],[-10,35],[-18,76],[55,47],[165,188],[110,76],[5,86],[-92,138],[115,60],[93,179],[191,117],[124,-37],[84,-31],[73,100],[4,203],[107,18],[512,-106],[60,45],[-28,59],[91,131],[-34,121],[117,19]],[[29217,47644],[-20,-13],[-21,28],[-39,6],[28,51],[39,-33],[13,-39]],[[28597,46703],[-10,-37],[-19,2],[-6,48],[18,17],[17,-30]],[[29299,47759],[-10,-27],[-41,41],[17,24],[34,-38]],[[29565,47790],[2,-33],[-34,2],[-8,23],[10,24],[30,-16]],[[29680,47788],[15,-43],[-27,2],[-14,22],[26,19]],[[27117,37222],[-76,33],[-45,-25],[21,-61],[-56,8],[-90,-62],[-28,-11],[-54,-42],[-2,-54],[23,-17],[4,-43],[-18,-73],[-85,-27],[-25,-17]],[[26274,36677],[-26,153],[29,60],[120,-1],[29,-42],[69,-18],[61,121],[-58,53],[45,72],[-15,19],[-33,6],[-69,63],[0,3]],[[26115,36662],[-14,34],[38,43]],[[27237,38352],[137,48],[-8,-73],[60,-145],[-88,-117]],[[27876,38466],[-119,-107],[35,-101],[64,15],[23,-39],[3,-74],[67,-9],[-9,-50]],[[27704,38780],[81,-100],[6,-57],[-16,-38],[48,-10],[53,-109]],[[28236,38719],[46,-61],[-9,-102],[93,-18],[-16,-84],[43,-123],[40,-18]],[[27884,38890],[30,-8],[19,-50],[58,4],[103,107]],[[28094,38943],[65,-111],[42,-13],[1,-92],[34,-8]],[[29149,38655],[-63,-124],[-18,-92],[-55,-69],[-4,-90]],[[28236,38719],[66,-4],[32,70],[83,44],[51,-11],[16,18],[110,-58],[63,57],[94,10]],[[30995,34229],[-3,83],[67,216]],[[31059,34528],[264,-167],[-46,-148],[-56,-11],[-145,56],[-81,-29]],[[31454,34114],[-98,88],[40,144],[236,-48]],[[31632,34298],[-38,-65],[-107,-32],[-33,-87]],[[19435,41929],[5,-40],[87,-104],[-55,-58],[-15,-23],[20,-7],[105,-2],[25,-71],[-5,-53],[-17,-6],[-27,69],[-10,-33],[29,-65],[-18,-46],[-78,-16],[-29,-73],[-38,-30],[-78,34]],[[19000,41934],[36,-13],[34,7],[20,32],[18,37],[157,34],[92,-18],[38,-4],[20,-49],[20,-31]],[[20231,39961],[-39,25],[-45,56],[-99,-37],[-36,13],[9,27],[69,44],[-159,20],[-157,-67],[-61,59],[2,60],[-24,38],[64,62],[258,123],[118,172],[-51,22],[-2,77],[-32,85],[-116,-40],[-41,17],[160,195],[56,24],[87,38],[133,20]],[[20034,40912],[-38,-43],[-30,5],[-28,38],[-36,52],[19,56],[48,14],[103,-70],[-38,-52]],[[31010,34758],[-15,-86],[35,-86],[10,-26],[10,-23],[9,-9]],[[30995,34229],[-150,-27],[-89,-148],[-109,-80]],[[30647,33974],[-13,29],[15,49],[-13,24],[-56,1],[-12,-25],[-1,-29]],[[30567,34023],[-198,-25],[-25,17],[-8,37],[-8,19]],[[31054,33888],[-27,-89],[59,-190],[86,-78],[60,-3],[31,-58],[64,-18]],[[31327,33452],[-51,-151],[-66,-28],[10,-70],[-159,-39],[-101,141],[-173,11]],[[30787,33316],[-96,10],[-114,-108]],[[30577,33218],[-22,76],[62,117],[-89,12],[-145,-43],[-33,27],[28,232],[348,270],[104,-71],[97,23],[-21,65],[11,22],[73,-17],[-9,-60],[73,17]],[[30647,33974],[-72,-51],[-12,-45],[-150,-172],[-19,22],[12,116],[175,140],[-14,39]],[[30262,33725],[-34,-5],[-25,19],[2,16],[41,32],[52,16],[14,-56],[-50,-22]],[[30902,34009],[-50,-25],[-17,13],[2,22],[37,21],[28,-31]],[[30356,33546],[-19,-10],[-25,41],[38,18],[6,-49]],[[30884,33938],[-17,-29],[-22,5],[4,41],[24,10],[11,-27]],[[30543,33288],[-17,0],[-13,40],[21,22],[15,-13],[-6,-49]],[[31148,32631],[-185,-77],[-119,14],[-97,-63]],[[30747,32505],[-24,48],[-142,106],[-83,7],[-56,52],[27,194],[82,-114],[84,22],[-49,117],[56,111],[-65,170]],[[30787,33316],[26,-188],[-93,-74],[-13,-41],[36,-115],[179,-139],[64,30],[129,-62],[33,-96]],[[30577,32828],[-34,-4],[-1,44],[30,10],[5,-50]],[[31427,31644],[-38,45],[-43,166],[-71,-7],[-90,73],[-77,10],[-45,-76],[-43,-18],[13,67],[-13,65],[29,64],[-292,-9],[5,60],[67,7],[26,56],[-60,80],[-59,5],[-16,107],[-32,43],[44,51],[15,72]],[[31148,32631],[59,-8],[79,82],[243,14],[26,78],[40,42],[58,-42],[29,-108],[-118,-143],[5,-41],[59,-67]],[[30901,31905],[-15,-66],[-53,9],[-13,-14],[-26,20],[10,33],[61,10],[12,20],[24,-12]],[[30999,31894],[-57,-6],[-24,16],[19,17],[60,-7],[2,-20]],[[31027,31793],[-41,-22],[-14,41],[50,1],[5,-20]],[[31327,33452],[75,5],[82,155],[106,-12],[14,-88],[95,-29],[42,-6],[49,-76],[6,-100],[28,-60],[79,-30],[54,-13],[138,72],[59,-63],[75,-28]],[[31856,33832],[43,-82],[60,-10]],[[31959,33740],[36,-51],[136,15],[119,-27],[67,-98],[-10,-54],[55,-130],[2,-94],[5,-48],[-73,-60]],[[31054,33888],[264,-19],[35,25],[-18,32]],[[31335,33926],[31,38],[112,8],[112,27],[63,-26],[13,-16],[20,-48],[123,-33],[47,-44]],[[32012,34259],[107,24]],[[32548,34050],[-51,-16],[-19,-68],[-155,-114],[-107,-26],[-149,36],[-33,-68],[-75,-54]],[[31335,33926],[-44,51],[55,45],[178,30],[8,34],[-78,28]],[[31632,34298],[167,22],[104,-33],[109,-28]],[[20849,41086],[-30,10]],[[21198,41050],[13,-105],[17,-14],[-24,-143]],[[21204,40788],[-14,-9],[-63,-75],[-41,-8],[-30,-5],[-18,40],[-17,-4],[-96,-91]],[[20925,40636],[-20,22],[3,56],[-52,40],[-4,109],[-59,55]],[[21204,40788],[39,-109],[62,-38],[-4,-38]],[[21301,40603],[27,-33],[12,-58],[-29,-83]],[[21311,40429],[-69,-70]],[[21016,40345],[44,125],[-34,51],[-75,47],[-23,61]],[[20928,40629],[-3,7]],[[21475,41089],[52,-35],[31,-70],[23,-52],[0,-72],[-23,-26],[-60,-73],[60,-63]],[[21558,40698],[-30,-41],[-70,-42],[-157,-12]],[[20464,40444],[42,17],[72,-41],[12,9],[23,17],[78,56],[41,-14]],[[20732,40488],[25,1],[26,0],[50,-15],[-2,-21],[93,13],[23,-10],[26,12],[6,15],[-53,19],[-54,31],[-11,42]],[[20861,40575],[67,54]],[[20861,40575],[-29,-2],[-19,32],[-42,-13],[-14,-1],[-25,-2],[11,-33],[-11,-68]],[[21845,40221],[-67,12],[-40,7],[-40,53],[-91,-5],[-5,-16],[-44,24],[-66,-41]],[[21492,40255],[-76,41],[-32,57],[-73,76]],[[21558,40698],[47,10],[63,75],[162,-6],[112,-35],[97,-83],[22,-115],[-64,-243],[-73,-68],[-79,-12]],[[21492,40255],[31,-88],[-58,-90]],[[21465,40077],[-58,-7]],[[21845,40221],[42,-10],[8,-29],[-48,-48],[-69,-1],[-21,-1],[24,-36],[-4,-32],[-107,-14],[75,-17],[4,-33],[-4,0],[-63,-4],[-38,-1],[-44,-31],[-42,3],[-17,5]],[[21541,39972],[17,21],[18,21],[-18,15],[-21,17],[-21,0],[-51,12],[0,19]],[[21411,40018],[29,-29],[2,1],[0,-8]],[[21442,39982],[-11,2],[-13,-14],[-32,2]],[[21425,39970],[-4,-36]],[[21421,39934],[-38,9]],[[21393,39962],[32,8]],[[21492,40002],[10,-16]],[[21502,39986],[-30,-4],[-30,0]],[[21422,40038],[33,-2],[-7,-15],[44,-19]],[[21442,39934],[-16,-4],[-5,4]],[[21425,39970],[7,13],[29,-13]],[[21461,39970],[18,-24]],[[21479,39946],[-37,-12]],[[21541,39972],[-20,13],[-19,1]],[[21520,39928],[-41,18]],[[21461,39970],[50,12],[32,-15]],[[23441,40694],[-142,-22]],[[23299,40672],[-72,129]],[[23227,40801],[84,83],[6,27],[134,91],[125,24]],[[23618,40852],[31,-59],[-12,-35],[-85,-37]],[[23552,40721],[-102,-21],[-9,-6]],[[23248,41033],[11,-16],[1,3],[1,2],[2,2],[2,1],[8,1],[2,0],[2,-1],[2,-2],[1,-3],[0,-3],[0,-3],[-1,-3],[-1,-3],[-1,-1],[-3,-1],[-1,0],[-1,-2],[-2,-1],[-3,1],[-2,1],[-1,0],[-2,1],[-1,2],[-1,3],[-1,3],[0,-9],[-9,-20],[-23,-5],[-8,21],[5,16],[14,14],[10,2]],[[23419,41042],[-33,-21],[-24,26],[32,27],[25,-32]],[[23752,40596],[-27,23],[-64,-30],[-89,39],[-20,93]],[[23770,40317],[-129,70],[-73,-8],[-27,44],[7,71],[-83,42]],[[23465,40536],[-7,44],[42,38],[-59,76]],[[23495,40114],[-30,5]],[[23465,40119],[-91,39],[-160,-50],[-43,46]],[[23171,40154],[51,62]],[[23222,40216],[108,23],[47,-18],[-69,168]],[[23308,40389],[124,91],[33,56]],[[23308,40389],[-23,22]],[[23285,40411],[-87,54],[28,24],[-35,81],[99,62],[9,40]],[[23222,40216],[-93,2],[-23,88],[19,39],[-24,31]],[[23101,40376],[77,42],[24,-71],[83,64]],[[23101,40376],[-23,-9],[-12,11],[-40,-1],[0,21],[12,26],[-40,8]],[[22998,40432],[23,60],[17,75],[13,100],[28,164],[31,56],[25,-24],[-35,-65],[15,-47],[112,50]],[[23171,40154],[-111,-53],[-19,-6],[-128,-36]],[[22913,40059],[-90,63],[-47,-2]],[[22776,40120],[70,52],[-16,65],[44,15],[12,16],[12,14],[60,73],[40,77]],[[22913,39909],[-159,25],[-68,43],[20,38],[76,10],[-6,95]],[[22913,40059],[-11,-29],[23,-120]],[[22615,39906],[62,18],[87,-32],[59,25],[87,-22]],[[23465,40119],[50,-89],[-59,-16],[24,-94],[-23,-26],[-94,-69]],[[28094,38943],[-18,89],[-109,99],[54,98],[36,22],[13,68],[38,50],[114,24],[17,17],[19,22]],[[27607,39191],[8,60],[125,41],[-15,118],[28,42],[48,5],[-37,76],[40,90],[20,112]],[[27410,40657],[79,-63],[50,8],[119,-76],[65,21],[129,-104],[99,-8]],[[27650,39798],[-76,-35],[-49,47]],[[27525,39810],[-28,100],[-59,38],[-2,76],[-94,32],[-40,-35],[-106,-4],[-73,99],[-67,18]],[[27056,40134],[-26,49],[-57,9],[-106,118],[6,101],[0,91],[-30,112],[53,52],[5,157]],[[26901,40823],[88,-2],[108,90],[41,54],[-56,52],[-3,33],[61,25],[36,64],[42,21]],[[27218,41160],[33,-68],[136,-22]],[[27387,41070],[-35,-60],[52,-63],[-33,-36],[-5,-112],[63,-59],[-19,-83]],[[27184,41341],[64,-44],[-32,-29],[2,-108]],[[26901,40823],[-1,31],[-26,7],[-46,-60],[-85,-4],[-121,-80],[-79,12],[-48,-107],[-69,-27]],[[26325,41184],[80,-4],[25,70],[-39,20],[-85,-7],[0,13]],[[26310,41310],[55,-5],[86,43],[34,-31],[37,57],[184,62],[245,67],[130,131],[71,27]],[[27152,41661],[48,-89],[1,-73],[-35,-39],[18,-119]],[[27056,40134],[-48,-57],[-88,51],[-45,-33],[-58,-108],[-36,-22],[-67,25],[-32,-52],[-51,12],[-66,-47]],[[27525,39810],[-69,-16],[-124,-291],[-22,-11],[-36,-69],[-51,-21]],[[27979,41123],[60,-99],[125,-51],[30,-89]],[[27387,41070],[22,56],[70,-6],[35,52],[105,57],[84,-47],[131,-4],[20,-46],[125,-9]],[[28382,41570],[424,-44],[419,22]],[[27979,41123],[68,114],[46,8],[26,56],[-48,17],[-62,95],[29,48],[-16,41]],[[28022,41502],[52,-2],[134,92],[174,-22]],[[27918,41546],[133,6],[101,48],[3,-2],[-131,-64],[-2,-32]],[[27152,41661],[190,89],[139,29],[226,24],[72,-133],[25,-89],[114,-35]],[[26899,36907],[68,37],[19,-89],[-108,-95],[-34,42],[21,25],[-6,44],[40,36]],[[24277,45229],[-59,60],[20,52],[22,25],[-10,51],[42,20],[-6,30],[-106,28],[-35,93],[-113,6],[-62,147],[24,41],[52,0],[53,51],[88,7],[91,83],[275,18]],[[24553,45941],[44,-14],[136,-46],[69,14],[95,78],[-16,67],[20,37],[44,40],[111,-13],[138,12],[74,-39],[137,-131],[103,-6],[131,-22]],[[25498,44552],[-22,123],[-211,297],[-53,-61],[-93,4],[3,-32],[61,-50],[-15,-22],[-171,5],[-35,4],[-73,155],[-70,-26],[-12,-52],[-36,8],[-87,35],[-48,103],[-39,30],[-320,156]],[[24553,45941],[41,85],[-51,101],[118,76],[15,133],[-52,44],[-131,-4],[-44,142]],[[24449,46518],[-120,33],[46,72],[-8,55],[48,63],[47,-21],[35,-71],[74,-16],[37,-58],[172,49],[55,-73],[38,-51],[17,0],[67,27],[206,-1],[34,152],[-267,-101],[-68,-9],[-112,132],[22,44],[82,46],[3,71],[56,64],[14,16],[23,26],[9,15],[59,26],[28,61],[216,134],[-103,92],[7,51],[221,5],[63,75],[82,38]],[[25532,47464],[-5,-29]],[[25527,47435],[41,-19]],[[25568,47416],[22,-29],[194,-34],[169,89],[391,5]],[[25173,47238],[-25,-27],[-29,40],[14,20],[40,-33]],[[25369,44085],[-32,55],[-5,9],[-68,7],[-49,-45],[-41,18],[-74,146],[6,85],[-38,132],[24,53],[40,1],[-1,27],[-16,3],[-24,15],[-50,-67],[24,-64],[12,-10],[5,-35],[-17,-25],[-11,-15],[-34,8],[-4,81],[-17,16],[-18,-10]],[[24981,44470],[-111,-24],[-19,-36],[32,-58],[-86,-35],[-91,54],[-116,224],[-141,134],[-215,9],[-217,-44]],[[24017,44694],[61,112],[17,109],[-35,71],[-49,24],[71,41],[51,84],[65,-2],[70,46],[9,50]],[[24981,44470],[21,-44],[-6,-66],[37,-52],[-4,-156],[-41,28],[-56,-71],[-87,-27],[-28,34],[-89,-104],[-60,-9],[-12,-37],[-49,-24],[-146,-176],[-206,-145],[-189,-82],[-154,28],[-52,-19],[-127,41],[-1,62],[-72,51]],[[23660,43702],[52,56],[-15,148],[11,124],[123,161],[-31,19],[5,92],[44,51],[3,57],[72,50],[-40,61],[23,64],[110,109]],[[23660,43702],[-251,141],[-58,94],[31,168],[58,66],[8,-63],[34,-13],[16,143],[42,26],[-64,64],[-20,-46],[-81,-30],[-48,-55],[-37,16],[-47,-34],[-2,115],[33,61],[-1,60],[72,67],[1,-75],[-20,-43],[32,32],[16,57],[76,-8],[-35,94],[112,133],[4,66],[-125,-111],[-92,-128],[-66,-51],[-24,14],[-6,118],[187,133],[-31,41],[-62,-19],[-54,21],[-18,-88],[-63,73],[-50,169],[33,26],[-25,111],[83,54],[-49,56],[80,80],[-94,62],[11,87],[47,108],[-44,180],[80,109],[89,-36],[-22,86],[34,34],[6,77],[273,-17],[0,29],[-67,35],[31,84],[143,17],[108,150],[196,87],[197,-5],[-13,82],[189,94],[36,18]],[[24259,46465],[-48,-26],[-79,29],[-7,32],[0,31],[62,19],[43,-6],[36,-44],[-7,-35]],[[23111,45224],[-12,-21],[-30,13],[-39,-52],[-18,29],[11,34],[51,14],[33,22],[4,-39]],[[23479,44240],[-17,-33],[-31,4],[9,46],[39,-17]],[[23715,46187],[-10,-26],[-36,4],[-6,12],[9,14],[36,13],[7,-17]],[[23140,44265],[-8,-44],[-23,2],[-15,44],[46,-2]],[[23139,45585],[-6,-62],[-25,14],[2,48],[29,0]],[[25568,47416],[27,209],[142,205],[-24,109],[11,53],[73,-1],[95,57],[38,132],[74,141],[257,219],[96,52],[138,150],[130,52],[42,64],[-14,25],[-111,-16],[-19,54],[20,49],[176,22],[27,91],[146,51],[95,-95],[27,162],[-12,36],[-82,29],[-272,-90],[-129,-11],[-42,-45],[-44,30],[-142,-7],[-172,-47],[-25,16],[5,34],[82,49],[159,9],[316,126],[75,96],[45,188],[153,106],[5,-42],[-69,-110],[51,-126],[138,109],[111,-121],[229,84],[16,106],[-107,-12],[-54,25],[33,146],[92,64],[130,26],[227,-64],[-48,130],[210,244],[105,23],[99,-57],[95,-163],[156,67],[40,-159],[119,179],[-43,98],[14,39],[73,-21],[79,-112],[103,32],[142,-5],[-109,135],[106,62],[206,-26],[337,154],[96,-11],[63,79],[138,-41],[54,38],[26,89],[65,64],[185,-24],[114,117],[113,-20],[-4,-78],[-221,-255],[-28,-103],[31,-28],[436,347],[46,-30],[9,-166],[67,-12],[142,162],[38,115],[170,46],[133,-76],[-36,-111],[33,-105],[54,18],[115,122],[84,16],[149,-64],[219,-28],[257,-126],[19,-39],[-38,-36],[-449,-148],[121,-78],[357,-66],[18,-83],[-28,-34],[-105,1],[-121,57],[-5,-61],[-52,-58],[-215,-69],[-74,-130],[-77,-12]],[[26671,49521],[23,-39],[-24,-32],[27,-33],[-2,-17],[-146,-65],[5,-18],[-24,-15],[-48,-1],[-12,34],[53,22],[-25,37],[-98,-37],[-28,37],[29,69],[94,29],[53,-36],[15,13],[-33,43],[0,28],[62,-19],[-13,46],[40,13],[46,-26],[6,-33]],[[29441,50571],[-112,-101],[0,-19],[-112,-46],[-189,0],[-6,11],[38,39],[-17,20],[48,35],[99,-33],[27,54],[66,-35],[46,24],[0,51],[53,-14],[31,38],[28,-24]],[[25900,48964],[-58,-24],[-1,26],[76,101],[113,39],[-7,-56],[-89,-56],[-34,-30]],[[28193,50262],[1,-50],[24,26],[18,-23],[42,-26],[-3,-27],[-39,-11],[-47,5],[-20,22],[-6,35],[-55,38],[26,29],[59,-18]],[[25554,47735],[-30,-36],[-48,36],[2,24],[61,25],[15,-49]],[[25890,48280],[-12,-25],[-10,20],[14,34],[32,15],[-4,55],[20,0],[22,-42],[-29,-7],[-2,-47],[-31,-3]],[[25661,47833],[-25,-6],[-9,128],[14,6],[7,-48],[23,-58],[-10,-22]],[[29650,50684],[1,-29],[27,5],[11,-29],[-59,-5],[-19,57],[39,1]],[[25874,48157],[-27,-21],[-20,19],[16,36],[31,0],[0,-34]],[[29912,50722],[-14,-37],[-50,26],[25,27],[39,-16]],[[28117,50197],[-7,-26],[-60,29],[15,20],[52,-23]],[[25760,48110],[-30,-11],[-14,25],[19,22],[35,-13],[-10,-23]],[[30289,50498],[-40,-22],[-15,22],[44,32],[11,-32]],[[25849,48067],[-39,-16],[0,50],[33,0],[6,-34]],[[30384,50676],[-39,-14],[-9,13],[37,37],[22,-11],[-11,-25]],[[25791,48265],[-14,-43],[-32,9],[11,39],[35,-5]],[[25851,48274],[-4,-58],[-36,45],[17,25],[23,-12]],[[25694,48020],[-26,-31],[-21,25],[18,39],[29,-33]],[[26178,48565],[-63,-8],[0,26],[67,2],[-4,-20]],[[26236,48713],[-18,-30],[-37,21],[19,31],[36,-22]],[[26472,48770],[-28,-22],[-25,23],[46,34],[7,-35]],[[26373,48692],[-30,-11],[-22,19],[50,34],[2,-42]],[[26287,48731],[-28,-36],[-16,11],[18,59],[26,-34]],[[25729,48369],[5,-35],[-42,1],[-11,33],[48,1]],[[29012,50452],[-51,-13],[-9,13],[35,37],[25,-37]],[[25478,47770],[-11,-7],[-28,33],[42,35],[-3,-61]],[[26245,48630],[-39,-48],[-6,44],[15,23],[30,-19]],[[26128,48523],[1,-44],[-46,17],[-6,18],[51,9]],[[25542,48697],[-56,-5],[-7,14],[8,12],[56,4],[-1,-25]],[[28374,50258],[-26,-32],[-14,62],[11,16],[29,-46]],[[27169,49535],[-23,-15],[-14,29],[6,29],[24,-1],[7,-42]],[[25613,47888],[-4,-22],[-16,17],[10,18],[10,-13]],[[25616,47839],[-9,-4],[-8,16],[9,15],[9,-6],[-1,-21]],[[25532,47464],[9,-5],[1,-10],[-15,-14]],[[27086,55627],[101,-81],[98,34],[169,-37],[119,-68],[9,-31],[-61,-59],[11,-94],[51,23],[49,72],[80,10],[133,-53],[34,-57],[-16,-84],[63,-48],[234,-7],[126,-82],[53,58],[141,-14],[5,-23],[-47,-23],[1,-19],[358,-99],[0,-24],[-43,-33],[8,-38],[35,-5],[172,-35],[57,-84],[-42,-93],[267,14],[84,-28],[20,-17],[7,-64],[124,-82],[212,-37],[26,-83],[-48,-54],[-117,-21],[-370,-155],[-25,12],[41,111],[-57,60],[-351,-58],[-219,-5],[12,45],[68,33],[118,154],[-164,102],[1,19],[98,37],[-1,20],[-186,4],[-64,106],[-65,21],[0,19],[197,55],[-3,27],[-70,21],[-283,-49],[-62,-61],[-220,-13],[-24,-72],[32,-78],[-13,-47],[-193,-67],[-20,-35],[8,-100],[-60,-102],[-193,-56],[-151,-217],[-46,-103],[12,-62],[-17,-46],[-122,-42],[-125,4],[-55,88],[-210,58],[-3,17],[27,38],[-4,17],[-161,8],[-87,69],[-193,35],[-120,104],[-18,83],[125,38],[170,-18],[18,15],[-31,32],[12,19],[329,65],[-1,20],[-108,10],[-549,-62],[-68,51],[-27,81],[56,48],[134,-13],[216,35],[363,122],[255,11],[8,17],[-57,40],[61,89],[-4,17],[-47,3],[-75,-60],[-184,-53],[-144,30],[-8,35],[43,42],[-12,22],[-121,-50],[-107,3],[-8,-39],[-49,-25],[27,-55],[-84,-8],[-45,-53],[-164,-47],[-257,8],[-65,70],[-117,55],[-40,58],[-181,78],[-32,34],[-7,51],[-36,24],[2,19],[96,14],[3,17],[-33,50],[25,56],[-6,15],[-209,-42],[-113,110],[-9,78],[-36,46],[31,42],[-21,34],[5,38],[151,-64],[13,15],[-16,46],[39,42],[41,-23],[45,32],[64,-7],[98,-78],[60,-8],[19,13],[-33,35],[10,24],[132,-23],[390,54],[41,-45],[-63,-46],[-212,-3],[-86,-37],[1,-19],[173,-7],[4,-52],[91,-10],[140,-96],[22,33],[-54,74],[10,48],[173,113],[93,-1],[144,-87],[99,-145],[68,-54],[3,-65],[64,4],[149,-103],[0,57],[-113,138],[-100,244],[10,53],[93,14],[1,44],[28,33],[88,21],[64,-14]],[[28400,55826],[190,-102],[292,20],[5,-54],[180,-70],[25,18],[19,109],[-23,74],[60,13],[49,-29],[57,71],[105,-32],[10,-85],[-58,-50],[23,-26],[103,26],[65,-22],[90,80],[103,-13],[2,74],[16,13],[79,-43],[12,-41],[105,29],[57,-39],[308,-48],[310,-5],[114,-62],[-45,-91],[-394,-133],[-17,-18],[15,-49],[-20,-20],[-210,-73],[-154,14],[-223,-71],[-375,27],[-116,58],[-362,-15],[-204,-5],[-295,63],[-89,51],[0,19],[60,18],[259,-32],[0,48],[269,36],[17,25],[-17,9],[-926,-36],[-170,82],[0,19],[108,29],[9,27],[-167,26],[-32,42],[6,10],[241,24],[170,-50],[14,31],[-66,37],[-15,43],[202,-38],[34,71],[-66,35],[0,19],[130,31],[39,-59],[92,-10]],[[25375,54794],[66,-34],[64,-3],[0,-23],[76,-63],[21,-33],[-14,-9],[-87,16],[-20,39],[-42,14],[-31,31],[-92,34],[-49,-9],[-42,19],[-37,60],[-61,46],[-81,71],[12,17],[-8,35],[75,-4],[70,-21],[-1,-36],[57,-7],[9,-21],[-22,-25],[35,-17],[40,-44],[-7,-13],[62,-1],[7,-19]],[[18534,50645],[-133,-76],[-23,30],[75,40],[123,27],[39,55],[35,20],[72,21],[30,-1],[-3,-77],[-21,-8],[-145,-19],[-49,-12]],[[32476,55653],[-155,-11],[-15,14],[7,12],[93,10],[209,39],[116,30],[49,-6],[-11,-24],[-236,-48],[-57,-16]],[[31128,55660],[-118,-28],[-78,24],[-37,52],[47,19],[66,-11],[110,-38],[10,-18]],[[31311,55034],[0,-24],[-37,1],[-72,-16],[-73,0],[-100,-32],[-23,17],[38,33],[95,7],[19,19],[153,-5]],[[27994,52521],[-39,-15],[-81,48],[-11,25],[4,8],[98,12],[60,-26],[-31,-52]],[[30616,54867],[-55,-5],[-22,18],[-63,17],[-24,44],[36,20],[37,-7],[48,-41],[62,-19],[-19,-27]],[[27799,55753],[-73,-11],[-9,16],[-84,10],[-6,10],[24,32],[55,7],[71,-13],[22,-51]],[[30048,53731],[-88,-72],[-15,11],[36,46],[154,89],[7,-16],[-33,-27],[-61,-31]],[[28524,56023],[5,-30],[45,20],[12,-37],[-53,0],[-10,-31],[-42,22],[11,15],[-9,34],[10,18],[31,-11]],[[28244,55253],[-65,-15],[-32,41],[14,19],[18,-12],[69,-16],[-4,-17]],[[31461,55002],[0,-27],[-102,14],[-10,13],[7,10],[105,-10]],[[28315,55194],[-56,-5],[-5,32],[58,4],[3,-31]],[[28688,55971],[-37,-11],[-16,19],[8,16],[47,1],[-2,-25]],[[31752,55035],[-23,-10],[-17,31],[8,24],[29,-9],[3,-36]],[[26417,55615],[-54,-11],[-3,31],[46,7],[11,-27]]],"transform":{"scale":[0.002938556865483927,0.001823277353517507],"translate":[-63.08825311699997,-21.390765217999956]},"objects":{"NUTS_RG_20M_2021_4326":{"type":"GeometryCollection","geometries":[{"arcs":[[0,1,2,3,4,5,6]],"type":"Polygon","properties":{"NUTS_ID":"CZ05","LEVL_CODE":2,"CNTR_CODE":"CZ","NAME_LATN":"Severovýchod","NUTS_NAME":"Severovýchod","MOUNT_TYPE":0,"URBN_TYPE":0,"COAST_TYPE":0,"NAME_ENGL":"Czechia","NAME_FREN":"Tchéquie","ISO3_CODE":"CZE","SVRG_UN":"UN Member State","CAPT":"Prague","EU_STAT":"T","EFTA_STAT":"F","CC_STAT":"F","NAME_GERM":"Tschechien"},"id":"CZ05"},{"arcs":[[-3,7,8,9,10,11]],"type":"Polygon","properties":{"NUTS_ID":"CZ06","LEVL_CODE":2,"CNTR_CODE":"CZ","NAME_LATN":"Jihovýchod","NUTS_NAME":"Jihovýchod","MOUNT_TYPE":0,"URBN_TYPE":0,"COAST_TYPE":0,"NAME_ENGL":"Czechia","NAME_FREN":"Tchéquie","ISO3_CODE":"CZE","SVRG_UN":"UN Member State","CAPT":"Prague","EU_STAT":"T","EFTA_STAT":"F","CC_STAT":"F","NAME_GERM":"Tschechien"},"id":"CZ06"},{"arcs":[[12,13,-8,-2,14,15,16]],"type":"Polygon","properties":{"NUTS_ID":"CZ07","LEVL_CODE":2,"CNTR_CODE":"CZ","NAME_LATN":"Střední Morava","NUTS_NAME":"Střední Morava","MOUNT_TYPE":0,"URBN_TYPE":0,"COAST_TYPE":0,"NAME_ENGL":"Czechia","NAME_FREN":"Tchéquie","ISO3_CODE":"CZE","SVRG_UN":"UN Member State","CAPT":"Prague","EU_STAT":"T","EFTA_STAT":"F","CC_STAT":"F","NAME_GERM":"Tschechien"},"id":"CZ07"},{"arcs":[[17,18,-17,19]],"type":"Polygon","properties":{"NUTS_ID":"CZ08","LEVL_CODE":2,"CNTR_CODE":"CZ","NAME_LATN":"Moravskoslezsko","NUTS_NAME":"Moravskoslezsko","MOUNT_TYPE":0,"URBN_TYPE":0,"COAST_TYPE":0,"NAME_ENGL":"Czechia","NAME_FREN":"Tchéquie","ISO3_CODE":"CZE","SVRG_UN":"UN Member State","CAPT":"Prague","EU_STAT":"T","EFTA_STAT":"F","CC_STAT":"F","NAME_GERM":"Tschechien"},"id":"CZ08"},{"arcs":[[20,21,22,23,24]],"type":"Polygon","properties":{"NUTS_ID":"DE11","LEVL_CODE":2,"CNTR_CODE":"DE","NAME_LATN":"Stuttgart","NUTS_NAME":"Stuttgart","MOUNT_TYPE":0,"URBN_TYPE":0,"COAST_TYPE":0,"NAME_ENGL":"Germany","NAME_FREN":"Allemagne","ISO3_CODE":"DEU","SVRG_UN":"UN Member State","CAPT":"Berlin","EU_STAT":"T","EFTA_STAT":"F","CC_STAT":"F","NAME_GERM":"Deutschland"},"id":"DE11"},{"arcs":[[-24,25,26,27,28,29,30]],"type":"Polygon","properties":{"NUTS_ID":"DE12","LEVL_CODE":2,"CNTR_CODE":"DE","NAME_LATN":"Karlsruhe","NUTS_NAME":"Karlsruhe","MOUNT_TYPE":0,"URBN_TYPE":0,"COAST_TYPE":0,"NAME_ENGL":"Germany","NAME_FREN":"Allemagne","ISO3_CODE":"DEU","SVRG_UN":"UN Member State","CAPT":"Berlin","EU_STAT":"T","EFTA_STAT":"F","CC_STAT":"F","NAME_GERM":"Deutschland"},"id":"DE12"},{"arcs":[[-27,31,32,33,34,35,36,37]],"type":"Polygon","properties":{"NUTS_ID":"DE13","LEVL_CODE":2,"CNTR_CODE":"DE","NAME_LATN":"Freiburg","NUTS_NAME":"Freiburg","MOUNT_TYPE":0,"URBN_TYPE":0,"COAST_TYPE":0,"NAME_ENGL":"Germany","NAME_FREN":"Allemagne","ISO3_CODE":"DEU","SVRG_UN":"UN Member State","CAPT":"Berlin","EU_STAT":"T","EFTA_STAT":"F","CC_STAT":"F","NAME_GERM":"Deutschland"},"id":"DE13"},{"arcs":[[-23,38,39,-32,-26]],"type":"Polygon","properties":{"NUTS_ID":"DE14","LEVL_CODE":2,"CNTR_CODE":"DE","NAME_LATN":"Tübingen","NUTS_NAME":"Tübingen","MOUNT_TYPE":0,"URBN_TYPE":0,"COAST_TYPE":0,"NAME_ENGL":"Germany","NAME_FREN":"Allemagne","ISO3_CODE":"DEU","SVRG_UN":"UN Member State","CAPT":"Berlin","EU_STAT":"T","EFTA_STAT":"F","CC_STAT":"F","NAME_GERM":"Deutschland"},"id":"DE14"},{"arcs":[[40,41,42,43,44,45,46]],"type":"Polygon","properties":{"NUTS_ID":"DE21","LEVL_CODE":2,"CNTR_CODE":"DE","NAME_LATN":"Oberbayern","NUTS_NAME":"Oberbayern","MOUNT_TYPE":0,"URBN_TYPE":0,"COAST_TYPE":0,"NAME_ENGL":"Germany","NAME_FREN":"Allemagne","ISO3_CODE":"DEU","SVRG_UN":"UN Member State","CAPT":"Berlin","EU_STAT":"T","EFTA_STAT":"F","CC_STAT":"F","NAME_GERM":"Deutschland"},"id":"DE21"},{"arcs":[[47,-41,48,49]],"type":"Polygon","properties":{"NUTS_ID":"DE22","LEVL_CODE":2,"CNTR_CODE":"DE","NAME_LATN":"Niederbayern","NUTS_NAME":"Niederbayern","MOUNT_TYPE":0,"URBN_TYPE":0,"COAST_TYPE":0,"NAME_ENGL":"Germany","NAME_FREN":"Allemagne","ISO3_CODE":"DEU","SVRG_UN":"UN Member State","CAPT":"Berlin","EU_STAT":"T","EFTA_STAT":"F","CC_STAT":"F","NAME_GERM":"Deutschland"},"id":"DE22"},{"arcs":[[-49,-47,50,51,52,53]],"type":"Polygon","properties":{"NUTS_ID":"DE23","LEVL_CODE":2,"CNTR_CODE":"DE","NAME_LATN":"Oberpfalz","NUTS_NAME":"Oberpfalz","MOUNT_TYPE":0,"URBN_TYPE":0,"COAST_TYPE":0,"NAME_ENGL":"Germany","NAME_FREN":"Allemagne","ISO3_CODE":"DEU","SVRG_UN":"UN Member State","CAPT":"Berlin","EU_STAT":"T","EFTA_STAT":"F","CC_STAT":"F","NAME_GERM":"Deutschland"},"id":"DE23"},{"arcs":[[54,55,56,-52,57,58,59]],"type":"Polygon","properties":{"NUTS_ID":"DE24","LEVL_CODE":2,"CNTR_CODE":"DE","NAME_LATN":"Oberfranken","NUTS_NAME":"Oberfranken","MOUNT_TYPE":0,"URBN_TYPE":0,"COAST_TYPE":0,"NAME_ENGL":"Germany","NAME_FREN":"Allemagne","ISO3_CODE":"DEU","SVRG_UN":"UN Member State","CAPT":"Berlin","EU_STAT":"T","EFTA_STAT":"F","CC_STAT":"F","NAME_GERM":"Deutschland"},"id":"DE24"},{"arcs":[[-58,-51,-46,60,-21,61]],"type":"Polygon","properties":{"NUTS_ID":"DE25","LEVL_CODE":2,"CNTR_CODE":"DE","NAME_LATN":"Mittelfranken","NUTS_NAME":"Mittelfranken","MOUNT_TYPE":0,"URBN_TYPE":0,"COAST_TYPE":0,"NAME_ENGL":"Germany","NAME_FREN":"Allemagne","ISO3_CODE":"DEU","SVRG_UN":"UN Member State","CAPT":"Berlin","EU_STAT":"T","EFTA_STAT":"F","CC_STAT":"F","NAME_GERM":"Deutschland"},"id":"DE25"},{"arcs":[[62,-59,-62,-25,-31,63,64,65]],"type":"Polygon","properties":{"NUTS_ID":"DE26","LEVL_CODE":2,"CNTR_CODE":"DE","NAME_LATN":"Unterfranken","NUTS_NAME":"Unterfranken","MOUNT_TYPE":0,"URBN_TYPE":0,"COAST_TYPE":0,"NAME_ENGL":"Germany","NAME_FREN":"Allemagne","ISO3_CODE":"DEU","SVRG_UN":"UN Member State","CAPT":"Berlin","EU_STAT":"T","EFTA_STAT":"F","CC_STAT":"F","NAME_GERM":"Deutschland"},"id":"DE26"},{"arcs":[[-45,66,67,-39,-22,-61]],"type":"Polygon","properties":{"NUTS_ID":"DE27","LEVL_CODE":2,"CNTR_CODE":"DE","NAME_LATN":"Schwaben","NUTS_NAME":"Schwaben","MOUNT_TYPE":0,"URBN_TYPE":0,"COAST_TYPE":0,"NAME_ENGL":"Germany","NAME_FREN":"Allemagne","ISO3_CODE":"DEU","SVRG_UN":"UN Member State","CAPT":"Berlin","EU_STAT":"T","EFTA_STAT":"F","CC_STAT":"F","NAME_GERM":"Deutschland"},"id":"DE27"},{"arcs":[[68]],"type":"Polygon","properties":{"NUTS_ID":"DE30","LEVL_CODE":2,"CNTR_CODE":"DE","NAME_LATN":"Berlin","NUTS_NAME":"Berlin","MOUNT_TYPE":0,"URBN_TYPE":0,"COAST_TYPE":0,"NAME_ENGL":"Germany","NAME_FREN":"Allemagne","ISO3_CODE":"DEU","SVRG_UN":"UN Member State","CAPT":"Berlin","EU_STAT":"T","EFTA_STAT":"F","CC_STAT":"F","NAME_GERM":"Deutschland"},"id":"DE30"},{"arcs":[[69,70,71,72,73]],"type":"Polygon","properties":{"NUTS_ID":"DEC0","LEVL_CODE":2,"CNTR_CODE":"DE","NAME_LATN":"Saarland","NUTS_NAME":"Saarland","MOUNT_TYPE":0,"URBN_TYPE":0,"COAST_TYPE":0,"NAME_ENGL":"Germany","NAME_FREN":"Allemagne","ISO3_CODE":"DEU","SVRG_UN":"UN Member State","CAPT":"Berlin","EU_STAT":"T","EFTA_STAT":"F","CC_STAT":"F","NAME_GERM":"Deutschland"},"id":"DEC0"},{"arcs":[[74,-6,75,76,77,78,79]],"type":"Polygon","properties":{"NUTS_ID":"DED2","LEVL_CODE":2,"CNTR_CODE":"DE","NAME_LATN":"Dresden","NUTS_NAME":"Dresden","MOUNT_TYPE":0,"URBN_TYPE":0,"COAST_TYPE":0,"NAME_ENGL":"Germany","NAME_FREN":"Allemagne","ISO3_CODE":"DEU","SVRG_UN":"UN Member State","CAPT":"Berlin","EU_STAT":"T","EFTA_STAT":"F","CC_STAT":"F","NAME_GERM":"Deutschland"},"id":"DED2"},{"arcs":[[80,-56,81,82,-77,83]],"type":"Polygon","properties":{"NUTS_ID":"DED4","LEVL_CODE":2,"CNTR_CODE":"DE","NAME_LATN":"Chemnitz","NUTS_NAME":"Chemnitz","MOUNT_TYPE":0,"URBN_TYPE":0,"COAST_TYPE":0,"NAME_ENGL":"Germany","NAME_FREN":"Allemagne","ISO3_CODE":"DEU","SVRG_UN":"UN Member State","CAPT":"Berlin","EU_STAT":"T","EFTA_STAT":"F","CC_STAT":"F","NAME_GERM":"Deutschland"},"id":"DED4"},{"arcs":[[84,85,86,-78,-83]],"type":"Polygon","properties":{"NUTS_ID":"DED5","LEVL_CODE":2,"CNTR_CODE":"DE","NAME_LATN":"Leipzig","NUTS_NAME":"Leipzig","MOUNT_TYPE":0,"URBN_TYPE":0,"COAST_TYPE":0,"NAME_ENGL":"Germany","NAME_FREN":"Allemagne","ISO3_CODE":"DEU","SVRG_UN":"UN Member State","CAPT":"Berlin","EU_STAT":"T","EFTA_STAT":"F","CC_STAT":"F","NAME_GERM":"Deutschland"},"id":"DED5"},{"arcs":[[87,88,89,90,-86]],"type":"Polygon","properties":{"NUTS_ID":"DEE0","LEVL_CODE":2,"CNTR_CODE":"DE","NAME_LATN":"Sachsen-Anhalt","NUTS_NAME":"Sachsen-Anhalt","MOUNT_TYPE":0,"URBN_TYPE":0,"COAST_TYPE":0,"NAME_ENGL":"Germany","NAME_FREN":"Allemagne","ISO3_CODE":"DEU","SVRG_UN":"UN Member State","CAPT":"Berlin","EU_STAT":"T","EFTA_STAT":"F","CC_STAT":"F","NAME_GERM":"Deutschland"},"id":"DEE0"},{"arcs":[[[91,92,93,94,95,96,97,98]],[[99]],[[100]],[[101]],[[102]],[[103]],[[104]]],"type":"MultiPolygon","properties":{"NUTS_ID":"DEF0","LEVL_CODE":2,"CNTR_CODE":"DE","NAME_LATN":"Schleswig-Holstein","NUTS_NAME":"Schleswig-Holstein","MOUNT_TYPE":0,"URBN_TYPE":0,"COAST_TYPE":0,"NAME_ENGL":"Germany","NAME_FREN":"Allemagne","ISO3_CODE":"DEU","SVRG_UN":"UN Member State","CAPT":"Berlin","EU_STAT":"T","EFTA_STAT":"F","CC_STAT":"F","NAME_GERM":"Deutschland"},"id":"DEF0"},{"arcs":[[-88,-85,-82,-55,-60,-63,-66,105,106]],"type":"Polygon","properties":{"NUTS_ID":"DEG0","LEVL_CODE":2,"CNTR_CODE":"DE","NAME_LATN":"Thüringen","NUTS_NAME":"Thüringen","MOUNT_TYPE":0,"URBN_TYPE":0,"COAST_TYPE":0,"NAME_ENGL":"Germany","NAME_FREN":"Allemagne","ISO3_CODE":"DEU","SVRG_UN":"UN Member State","CAPT":"Berlin","EU_STAT":"T","EFTA_STAT":"F","CC_STAT":"F","NAME_GERM":"Deutschland"},"id":"DEG0"},{"arcs":[[[107,108,109,110,111]],[[112]],[[113]],[[114]]],"type":"MultiPolygon","properties":{"NUTS_ID":"DK01","LEVL_CODE":2,"CNTR_CODE":"DK","NAME_LATN":"Hovedstaden","NUTS_NAME":"Hovedstaden","MOUNT_TYPE":0,"URBN_TYPE":0,"COAST_TYPE":0,"NAME_ENGL":"Denmark","NAME_FREN":"Danemark","ISO3_CODE":"DNK","SVRG_UN":"UN Member State","CAPT":"Copenhagen","EU_STAT":"T","EFTA_STAT":"F","CC_STAT":"F","NAME_GERM":"Dänemark"},"id":"DK01"},{"arcs":[[115,116,117,-42,-48,118]],"type":"Polygon","properties":{"NUTS_ID":"AT31","LEVL_CODE":2,"CNTR_CODE":"AT","NAME_LATN":"Oberösterreich","NUTS_NAME":"Oberösterreich","MOUNT_TYPE":0,"URBN_TYPE":0,"COAST_TYPE":0,"NAME_ENGL":"Austria","NAME_FREN":"Autriche","ISO3_CODE":"AUT","SVRG_UN":"UN Member State","CAPT":"Vienna","EU_STAT":"T","EFTA_STAT":"F","CC_STAT":"F","NAME_GERM":"Österreich"},"id":"AT31"},{"arcs":[[-118,119,120,121,122,123,-43]],"type":"Polygon","properties":{"NUTS_ID":"AT32","LEVL_CODE":2,"CNTR_CODE":"AT","NAME_LATN":"Salzburg","NUTS_NAME":"Salzburg","MOUNT_TYPE":0,"URBN_TYPE":0,"COAST_TYPE":0,"NAME_ENGL":"Austria","NAME_FREN":"Autriche","ISO3_CODE":"AUT","SVRG_UN":"UN Member State","CAPT":"Vienna","EU_STAT":"T","EFTA_STAT":"F","CC_STAT":"F","NAME_GERM":"Österreich"},"id":"AT32"},{"arcs":[[[-124,124,125,126,-67,-44]],[[127,128,-122,129]]],"type":"MultiPolygon","properties":{"NUTS_ID":"AT33","LEVL_CODE":2,"CNTR_CODE":"AT","NAME_LATN":"Tirol","NUTS_NAME":"Tirol","MOUNT_TYPE":0,"URBN_TYPE":0,"COAST_TYPE":0,"NAME_ENGL":"Austria","NAME_FREN":"Autriche","ISO3_CODE":"AUT","SVRG_UN":"UN Member State","CAPT":"Vienna","EU_STAT":"T","EFTA_STAT":"F","CC_STAT":"F","NAME_GERM":"Österreich"},"id":"AT33"},{"arcs":[[130]],"type":"Polygon","properties":{"NUTS_ID":"CY00","LEVL_CODE":2,"CNTR_CODE":"CY","NAME_LATN":"Kýpros","NUTS_NAME":"Κύπρος","MOUNT_TYPE":0,"URBN_TYPE":0,"COAST_TYPE":0,"NAME_ENGL":"Cyprus","NAME_FREN":"Chypre","ISO3_CODE":"CYP","SVRG_UN":"UN Member State","CAPT":"Nicosia","EU_STAT":"T","EFTA_STAT":"F","CC_STAT":"F","NAME_GERM":"Zypern"},"id":"CY00"},{"arcs":[[131]],"type":"Polygon","properties":{"NUTS_ID":"CZ01","LEVL_CODE":2,"CNTR_CODE":"CZ","NAME_LATN":"Praha","NUTS_NAME":"Praha","MOUNT_TYPE":0,"URBN_TYPE":0,"COAST_TYPE":0,"NAME_ENGL":"Czechia","NAME_FREN":"Tchéquie","ISO3_CODE":"CZE","SVRG_UN":"UN Member State","CAPT":"Prague","EU_STAT":"T","EFTA_STAT":"F","CC_STAT":"F","NAME_GERM":"Tschechien"},"id":"CZ01"},{"arcs":[[-4,-12,132,133],[-132]],"type":"Polygon","properties":{"NUTS_ID":"CZ02","LEVL_CODE":2,"CNTR_CODE":"CZ","NAME_LATN":"Střední Čechy","NUTS_NAME":"Střední Čechy","MOUNT_TYPE":0,"URBN_TYPE":0,"COAST_TYPE":0,"NAME_ENGL":"Czechia","NAME_FREN":"Tchéquie","ISO3_CODE":"CZE","SVRG_UN":"UN Member State","CAPT":"Prague","EU_STAT":"T","EFTA_STAT":"F","CC_STAT":"F","NAME_GERM":"Tschechien"},"id":"CZ02"},{"arcs":[[-133,-11,134,-119,-50,-54,135]],"type":"Polygon","properties":{"NUTS_ID":"CZ03","LEVL_CODE":2,"CNTR_CODE":"CZ","NAME_LATN":"Jihozápad","NUTS_NAME":"Jihozápad","MOUNT_TYPE":0,"URBN_TYPE":0,"COAST_TYPE":0,"NAME_ENGL":"Czechia","NAME_FREN":"Tchéquie","ISO3_CODE":"CZE","SVRG_UN":"UN Member State","CAPT":"Prague","EU_STAT":"T","EFTA_STAT":"F","CC_STAT":"F","NAME_GERM":"Tschechien"},"id":"CZ03"},{"arcs":[[-134,-136,-53,-57,-81,-84,-76,-5]],"type":"Polygon","properties":{"NUTS_ID":"CZ04","LEVL_CODE":2,"CNTR_CODE":"CZ","NAME_LATN":"Severozápad","NUTS_NAME":"Severozápad","MOUNT_TYPE":0,"URBN_TYPE":0,"COAST_TYPE":0,"NAME_ENGL":"Czechia","NAME_FREN":"Tchéquie","ISO3_CODE":"CZE","SVRG_UN":"UN Member State","CAPT":"Prague","EU_STAT":"T","EFTA_STAT":"F","CC_STAT":"F","NAME_GERM":"Tschechien"},"id":"CZ04"},{"arcs":[[[136,-92,-99,137,138]],[[139]],[[140]],[[141]],[[142]]],"type":"MultiPolygon","properties":{"NUTS_ID":"DK03","LEVL_CODE":2,"CNTR_CODE":"DK","NAME_LATN":"Syddanmark","NUTS_NAME":"Syddanmark","MOUNT_TYPE":0,"URBN_TYPE":0,"COAST_TYPE":0,"NAME_ENGL":"Denmark","NAME_FREN":"Danemark","ISO3_CODE":"DNK","SVRG_UN":"UN Member State","CAPT":"Copenhagen","EU_STAT":"T","EFTA_STAT":"F","CC_STAT":"F","NAME_GERM":"Dänemark"},"id":"DK03"},{"arcs":[[[143,144,-139,145]],[[146]],[[147]],[[148]],[[149]]],"type":"MultiPolygon","properties":{"NUTS_ID":"DK04","LEVL_CODE":2,"CNTR_CODE":"DK","NAME_LATN":"Midtjylland","NUTS_NAME":"Midtjylland","MOUNT_TYPE":0,"URBN_TYPE":0,"COAST_TYPE":0,"NAME_ENGL":"Denmark","NAME_FREN":"Danemark","ISO3_CODE":"DNK","SVRG_UN":"UN Member State","CAPT":"Copenhagen","EU_STAT":"T","EFTA_STAT":"F","CC_STAT":"F","NAME_GERM":"Dänemark"},"id":"DK04"},{"arcs":[[[-144,150]],[[151]],[[152]]],"type":"MultiPolygon","properties":{"NUTS_ID":"DK05","LEVL_CODE":2,"CNTR_CODE":"DK","NAME_LATN":"Nordjylland","NUTS_NAME":"Nordjylland","MOUNT_TYPE":0,"URBN_TYPE":0,"COAST_TYPE":0,"NAME_ENGL":"Denmark","NAME_FREN":"Danemark","ISO3_CODE":"DNK","SVRG_UN":"UN Member State","CAPT":"Copenhagen","EU_STAT":"T","EFTA_STAT":"F","CC_STAT":"F","NAME_GERM":"Dänemark"},"id":"DK05"},{"arcs":[[[153,154,155]],[[156]],[[157]],[[158]],[[159]],[[160]]],"type":"MultiPolygon","properties":{"NUTS_ID":"EE00","LEVL_CODE":2,"CNTR_CODE":"EE","NAME_LATN":"Eesti","NUTS_NAME":"Eesti","MOUNT_TYPE":0,"URBN_TYPE":0,"COAST_TYPE":0,"NAME_ENGL":"Estonia","NAME_FREN":"Estonie","ISO3_CODE":"EST","SVRG_UN":"UN Member State","CAPT":"Tallinn","EU_STAT":"T","EFTA_STAT":"F","CC_STAT":"F","NAME_GERM":"Estland"},"id":"EE00"},{"arcs":[[[161,162,163,164,165]],[[166]],[[167,168]],[[169]],[[170]],[[171]],[[172]],[[173]],[[174]]],"type":"MultiPolygon","properties":{"NUTS_ID":"EL30","LEVL_CODE":2,"CNTR_CODE":"EL","NAME_LATN":"Attiki","NUTS_NAME":"Aττική","MOUNT_TYPE":0,"URBN_TYPE":0,"COAST_TYPE":0,"NAME_ENGL":"Greece","NAME_FREN":"Grèce","ISO3_CODE":"GRC","SVRG_UN":"UN Member State","CAPT":"Athens","EU_STAT":"T","EFTA_STAT":"F","CC_STAT":"F","NAME_GERM":"Griechenland"},"id":"EL30"},{"arcs":[[[175]],[[176]],[[177]],[[178]],[[179]],[[180]],[[181]]],"type":"MultiPolygon","properties":{"NUTS_ID":"EL41","LEVL_CODE":2,"CNTR_CODE":"EL","NAME_LATN":"Voreio Aigaio","NUTS_NAME":"Βόρειο Αιγαίο","MOUNT_TYPE":0,"URBN_TYPE":0,"COAST_TYPE":0,"NAME_ENGL":"Greece","NAME_FREN":"Grèce","ISO3_CODE":"GRC","SVRG_UN":"UN Member State","CAPT":"Athens","EU_STAT":"T","EFTA_STAT":"F","CC_STAT":"F","NAME_GERM":"Griechenland"},"id":"EL41"},{"arcs":[[182,183,-79,-87,-91,184,185],[-69]],"type":"Polygon","properties":{"NUTS_ID":"DE40","LEVL_CODE":2,"CNTR_CODE":"DE","NAME_LATN":"Brandenburg","NUTS_NAME":"Brandenburg","MOUNT_TYPE":0,"URBN_TYPE":0,"COAST_TYPE":0,"NAME_ENGL":"Germany","NAME_FREN":"Allemagne","ISO3_CODE":"DEU","SVRG_UN":"UN Member State","CAPT":"Berlin","EU_STAT":"T","EFTA_STAT":"F","CC_STAT":"F","NAME_GERM":"Deutschland"},"id":"DE40"},{"arcs":[[[186,187,188,189]],[[190,191,192]]],"type":"MultiPolygon","properties":{"NUTS_ID":"DE50","LEVL_CODE":2,"CNTR_CODE":"DE","NAME_LATN":"Bremen","NUTS_NAME":"Bremen","MOUNT_TYPE":0,"URBN_TYPE":0,"COAST_TYPE":0,"NAME_ENGL":"Germany","NAME_FREN":"Allemagne","ISO3_CODE":"DEU","SVRG_UN":"UN Member State","CAPT":"Berlin","EU_STAT":"T","EFTA_STAT":"F","CC_STAT":"F","NAME_GERM":"Deutschland"},"id":"DE50"},{"arcs":[[[193,-96]],[[194]]],"type":"MultiPolygon","properties":{"NUTS_ID":"DE60","LEVL_CODE":2,"CNTR_CODE":"DE","NAME_LATN":"Hamburg","NUTS_NAME":"Hamburg","MOUNT_TYPE":0,"URBN_TYPE":0,"COAST_TYPE":0,"NAME_ENGL":"Germany","NAME_FREN":"Allemagne","ISO3_CODE":"DEU","SVRG_UN":"UN Member State","CAPT":"Berlin","EU_STAT":"T","EFTA_STAT":"F","CC_STAT":"F","NAME_GERM":"Deutschland"},"id":"DE60"},{"arcs":[[195,196,-64,-30,197,198,199]],"type":"Polygon","properties":{"NUTS_ID":"DE71","LEVL_CODE":2,"CNTR_CODE":"DE","NAME_LATN":"Darmstadt","NUTS_NAME":"Darmstadt","MOUNT_TYPE":0,"URBN_TYPE":0,"COAST_TYPE":0,"NAME_ENGL":"Germany","NAME_FREN":"Allemagne","ISO3_CODE":"DEU","SVRG_UN":"UN Member State","CAPT":"Berlin","EU_STAT":"T","EFTA_STAT":"F","CC_STAT":"F","NAME_GERM":"Deutschland"},"id":"DE71"},{"arcs":[[-196,-200,200,201,202]],"type":"Polygon","properties":{"NUTS_ID":"DE72","LEVL_CODE":2,"CNTR_CODE":"DE","NAME_LATN":"Gießen","NUTS_NAME":"Gießen","MOUNT_TYPE":0,"URBN_TYPE":0,"COAST_TYPE":0,"NAME_ENGL":"Germany","NAME_FREN":"Allemagne","ISO3_CODE":"DEU","SVRG_UN":"UN Member State","CAPT":"Berlin","EU_STAT":"T","EFTA_STAT":"F","CC_STAT":"F","NAME_GERM":"Deutschland"},"id":"DE72"},{"arcs":[[203,-106,-65,-197,-203,204,205,206]],"type":"Polygon","properties":{"NUTS_ID":"DE73","LEVL_CODE":2,"CNTR_CODE":"DE","NAME_LATN":"Kassel","NUTS_NAME":"Kassel","MOUNT_TYPE":0,"URBN_TYPE":0,"COAST_TYPE":0,"NAME_ENGL":"Germany","NAME_FREN":"Allemagne","ISO3_CODE":"DEU","SVRG_UN":"UN Member State","CAPT":"Berlin","EU_STAT":"T","EFTA_STAT":"F","CC_STAT":"F","NAME_GERM":"Deutschland"},"id":"DE73"},{"arcs":[[207,208,209,210,-186,211,-94,212]],"type":"Polygon","properties":{"NUTS_ID":"DE80","LEVL_CODE":2,"CNTR_CODE":"DE","NAME_LATN":"Mecklenburg-Vorpommern","NUTS_NAME":"Mecklenburg-Vorpommern","MOUNT_TYPE":0,"URBN_TYPE":0,"COAST_TYPE":0,"NAME_ENGL":"Germany","NAME_FREN":"Allemagne","ISO3_CODE":"DEU","SVRG_UN":"UN Member State","CAPT":"Berlin","EU_STAT":"T","EFTA_STAT":"F","CC_STAT":"F","NAME_GERM":"Deutschland"},"id":"DE80"},{"arcs":[[-89,-107,-204,-207,213,214,215]],"type":"Polygon","properties":{"NUTS_ID":"DE91","LEVL_CODE":2,"CNTR_CODE":"DE","NAME_LATN":"Braunschweig","NUTS_NAME":"Braunschweig","MOUNT_TYPE":0,"URBN_TYPE":0,"COAST_TYPE":0,"NAME_ENGL":"Germany","NAME_FREN":"Allemagne","ISO3_CODE":"DEU","SVRG_UN":"UN Member State","CAPT":"Berlin","EU_STAT":"T","EFTA_STAT":"F","CC_STAT":"F","NAME_GERM":"Deutschland"},"id":"DE91"},{"arcs":[[-215,216,217,-188,218]],"type":"Polygon","properties":{"NUTS_ID":"DE92","LEVL_CODE":2,"CNTR_CODE":"DE","NAME_LATN":"Hannover","NUTS_NAME":"Hannover","MOUNT_TYPE":0,"URBN_TYPE":0,"COAST_TYPE":0,"NAME_ENGL":"Germany","NAME_FREN":"Allemagne","ISO3_CODE":"DEU","SVRG_UN":"UN Member State","CAPT":"Berlin","EU_STAT":"T","EFTA_STAT":"F","CC_STAT":"F","NAME_GERM":"Deutschland"},"id":"DE92"},{"arcs":[[219,220,221,222,223,224]],"type":"Polygon","properties":{"NUTS_ID":"AL01","LEVL_CODE":2,"CNTR_CODE":"AL","NAME_LATN":"Veri","NUTS_NAME":"Veri","MOUNT_TYPE":0,"URBN_TYPE":0,"COAST_TYPE":0,"NAME_ENGL":"Albania","NAME_FREN":"Albanie","ISO3_CODE":"ALB","SVRG_UN":"UN Member State","CAPT":"Tirana","EU_STAT":"F","EFTA_STAT":"F","CC_STAT":"T","NAME_GERM":"Albanien"},"id":"AL01"},{"arcs":[[-223,225,226,227]],"type":"Polygon","properties":{"NUTS_ID":"AL02","LEVL_CODE":2,"CNTR_CODE":"AL","NAME_LATN":"Qender","NUTS_NAME":"Qender","MOUNT_TYPE":0,"URBN_TYPE":0,"COAST_TYPE":0,"NAME_ENGL":"Albania","NAME_FREN":"Albanie","ISO3_CODE":"ALB","SVRG_UN":"UN Member State","CAPT":"Tirana","EU_STAT":"F","EFTA_STAT":"F","CC_STAT":"T","NAME_GERM":"Albanien"},"id":"AL02"},{"arcs":[[228,229,230,-227,231]],"type":"Polygon","properties":{"NUTS_ID":"AL03","LEVL_CODE":2,"CNTR_CODE":"AL","NAME_LATN":"Jug","NUTS_NAME":"Jug","MOUNT_TYPE":0,"URBN_TYPE":0,"COAST_TYPE":0,"NAME_ENGL":"Albania","NAME_FREN":"Albanie","ISO3_CODE":"ALB","SVRG_UN":"UN Member State","CAPT":"Tirana","EU_STAT":"F","EFTA_STAT":"F","CC_STAT":"T","NAME_GERM":"Albanien"},"id":"AL03"},{"arcs":[[232,233,234,235,236]],"type":"Polygon","properties":{"NUTS_ID":"AT11","LEVL_CODE":2,"CNTR_CODE":"AT","NAME_LATN":"Burgenland","NUTS_NAME":"Burgenland","MOUNT_TYPE":0,"URBN_TYPE":0,"COAST_TYPE":0,"NAME_ENGL":"Austria","NAME_FREN":"Autriche","ISO3_CODE":"AUT","SVRG_UN":"UN Member State","CAPT":"Vienna","EU_STAT":"T","EFTA_STAT":"F","CC_STAT":"F","NAME_GERM":"Österreich"},"id":"AT11"},{"arcs":[[-10,237,238,-237,239,-116,-135],[240]],"type":"Polygon","properties":{"NUTS_ID":"AT12","LEVL_CODE":2,"CNTR_CODE":"AT","NAME_LATN":"Niederösterreich","NUTS_NAME":"Niederösterreich","MOUNT_TYPE":0,"URBN_TYPE":0,"COAST_TYPE":0,"NAME_ENGL":"Austria","NAME_FREN":"Autriche","ISO3_CODE":"AUT","SVRG_UN":"UN Member State","CAPT":"Vienna","EU_STAT":"T","EFTA_STAT":"F","CC_STAT":"F","NAME_GERM":"Österreich"},"id":"AT12"},{"arcs":[[-241]],"type":"Polygon","properties":{"NUTS_ID":"AT13","LEVL_CODE":2,"CNTR_CODE":"AT","NAME_LATN":"Wien","NUTS_NAME":"Wien","MOUNT_TYPE":0,"URBN_TYPE":0,"COAST_TYPE":0,"NAME_ENGL":"Austria","NAME_FREN":"Autriche","ISO3_CODE":"AUT","SVRG_UN":"UN Member State","CAPT":"Vienna","EU_STAT":"T","EFTA_STAT":"F","CC_STAT":"F","NAME_GERM":"Österreich"},"id":"AT13"},{"arcs":[[-121,241,242,243,244,245,-130]],"type":"Polygon","properties":{"NUTS_ID":"AT21","LEVL_CODE":2,"CNTR_CODE":"AT","NAME_LATN":"Kärnten","NUTS_NAME":"Kärnten","MOUNT_TYPE":0,"URBN_TYPE":0,"COAST_TYPE":0,"NAME_ENGL":"Austria","NAME_FREN":"Autriche","ISO3_CODE":"AUT","SVRG_UN":"UN Member State","CAPT":"Vienna","EU_STAT":"T","EFTA_STAT":"F","CC_STAT":"F","NAME_GERM":"Österreich"},"id":"AT21"},{"arcs":[[-240,-236,246,-242,-120,-117]],"type":"Polygon","properties":{"NUTS_ID":"AT22","LEVL_CODE":2,"CNTR_CODE":"AT","NAME_LATN":"Steiermark","NUTS_NAME":"Steiermark","MOUNT_TYPE":0,"URBN_TYPE":0,"COAST_TYPE":0,"NAME_ENGL":"Austria","NAME_FREN":"Autriche","ISO3_CODE":"AUT","SVRG_UN":"UN Member State","CAPT":"Vienna","EU_STAT":"T","EFTA_STAT":"F","CC_STAT":"F","NAME_GERM":"Österreich"},"id":"AT22"},{"arcs":[[247,248,249,250,251,252]],"type":"Polygon","properties":{"NUTS_ID":"ES51","LEVL_CODE":2,"CNTR_CODE":"ES","NAME_LATN":"Cataluña","NUTS_NAME":"Cataluña","MOUNT_TYPE":0,"URBN_TYPE":0,"COAST_TYPE":0,"NAME_ENGL":"Spain","NAME_FREN":"Espagne","ISO3_CODE":"ESP","SVRG_UN":"UN Member State","CAPT":"Madrid","EU_STAT":"T","EFTA_STAT":"F","CC_STAT":"F","NAME_GERM":"Spanien"},"id":"ES51"},{"arcs":[[[-251,253,254,255,256]],[[257,258]]],"type":"MultiPolygon","properties":{"NUTS_ID":"ES52","LEVL_CODE":2,"CNTR_CODE":"ES","NAME_LATN":"Comunitat Valenciana","NUTS_NAME":"Comunitat Valenciana","MOUNT_TYPE":0,"URBN_TYPE":0,"COAST_TYPE":0,"NAME_ENGL":"Spain","NAME_FREN":"Espagne","ISO3_CODE":"ESP","SVRG_UN":"UN Member State","CAPT":"Madrid","EU_STAT":"T","EFTA_STAT":"F","CC_STAT":"F","NAME_GERM":"Spanien"},"id":"ES52"},{"arcs":[[259,260,261,-68,-127]],"type":"Polygon","properties":{"NUTS_ID":"AT34","LEVL_CODE":2,"CNTR_CODE":"AT","NAME_LATN":"Vorarlberg","NUTS_NAME":"Vorarlberg","MOUNT_TYPE":0,"URBN_TYPE":0,"COAST_TYPE":0,"NAME_ENGL":"Austria","NAME_FREN":"Autriche","ISO3_CODE":"AUT","SVRG_UN":"UN Member State","CAPT":"Vienna","EU_STAT":"T","EFTA_STAT":"F","CC_STAT":"F","NAME_GERM":"Österreich"},"id":"AT34"},{"arcs":[[262]],"type":"Polygon","properties":{"NUTS_ID":"BE10","LEVL_CODE":2,"CNTR_CODE":"BE","NAME_LATN":"Région de Bruxelles-Capitale/ Brussels Hoofdstedelijk Gewest","NUTS_NAME":"Région de Bruxelles-Capitale/ Brussels Hoofdstedelijk Gewest","MOUNT_TYPE":0,"URBN_TYPE":0,"COAST_TYPE":0,"NAME_ENGL":"Belgium","NAME_FREN":"Belgique","ISO3_CODE":"BEL","SVRG_UN":"UN Member State","CAPT":"Brussels","EU_STAT":"T","EFTA_STAT":"F","CC_STAT":"F","NAME_GERM":"Belgien"},"id":"BE10"},{"arcs":[[263,264,265,266,267,268,269]],"type":"Polygon","properties":{"NUTS_ID":"BE21","LEVL_CODE":2,"CNTR_CODE":"BE","NAME_LATN":"Prov. Antwerpen","NUTS_NAME":"Prov. Antwerpen","MOUNT_TYPE":0,"URBN_TYPE":0,"COAST_TYPE":0,"NAME_ENGL":"Belgium","NAME_FREN":"Belgique","ISO3_CODE":"BEL","SVRG_UN":"UN Member State","CAPT":"Brussels","EU_STAT":"T","EFTA_STAT":"F","CC_STAT":"F","NAME_GERM":"Belgien"},"id":"BE21"},{"arcs":[[[270,271,-265,272,273]],[[274,275]]],"type":"MultiPolygon","properties":{"NUTS_ID":"BE22","LEVL_CODE":2,"CNTR_CODE":"BE","NAME_LATN":"Prov. Limburg (BE)","NUTS_NAME":"Prov. Limburg (BE)","MOUNT_TYPE":0,"URBN_TYPE":0,"COAST_TYPE":0,"NAME_ENGL":"Belgium","NAME_FREN":"Belgique","ISO3_CODE":"BEL","SVRG_UN":"UN Member State","CAPT":"Brussels","EU_STAT":"T","EFTA_STAT":"F","CC_STAT":"F","NAME_GERM":"Belgien"},"id":"BE22"},{"arcs":[[-267,276,277,278,279,280]],"type":"Polygon","properties":{"NUTS_ID":"BE23","LEVL_CODE":2,"CNTR_CODE":"BE","NAME_LATN":"Prov. Oost-Vlaanderen","NUTS_NAME":"Prov. Oost-Vlaanderen","MOUNT_TYPE":0,"URBN_TYPE":0,"COAST_TYPE":0,"NAME_ENGL":"Belgium","NAME_FREN":"Belgique","ISO3_CODE":"BEL","SVRG_UN":"UN Member State","CAPT":"Brussels","EU_STAT":"T","EFTA_STAT":"F","CC_STAT":"F","NAME_GERM":"Belgien"},"id":"BE23"},{"arcs":[[281,282,283,-277,-266,-272],[-263]],"type":"Polygon","properties":{"NUTS_ID":"BE24","LEVL_CODE":2,"CNTR_CODE":"BE","NAME_LATN":"Prov. Vlaams-Brabant","NUTS_NAME":"Prov. Vlaams-Brabant","MOUNT_TYPE":0,"URBN_TYPE":0,"COAST_TYPE":0,"NAME_ENGL":"Belgium","NAME_FREN":"Belgique","ISO3_CODE":"BEL","SVRG_UN":"UN Member State","CAPT":"Brussels","EU_STAT":"T","EFTA_STAT":"F","CC_STAT":"F","NAME_GERM":"Belgien"},"id":"BE24"},{"arcs":[[284,285,286,287,288,289,-279]],"type":"Polygon","properties":{"NUTS_ID":"BE25","LEVL_CODE":2,"CNTR_CODE":"BE","NAME_LATN":"Prov. West-Vlaanderen","NUTS_NAME":"Prov. West-Vlaanderen","MOUNT_TYPE":0,"URBN_TYPE":0,"COAST_TYPE":0,"NAME_ENGL":"Belgium","NAME_FREN":"Belgique","ISO3_CODE":"BEL","SVRG_UN":"UN Member State","CAPT":"Brussels","EU_STAT":"T","EFTA_STAT":"F","CC_STAT":"F","NAME_GERM":"Belgien"},"id":"BE25"},{"arcs":[[290,291,292,-283]],"type":"Polygon","properties":{"NUTS_ID":"BE31","LEVL_CODE":2,"CNTR_CODE":"BE","NAME_LATN":"Prov. Brabant Wallon","NUTS_NAME":"Prov. Brabant Wallon","MOUNT_TYPE":0,"URBN_TYPE":0,"COAST_TYPE":0,"NAME_ENGL":"Belgium","NAME_FREN":"Belgique","ISO3_CODE":"BEL","SVRG_UN":"UN Member State","CAPT":"Brussels","EU_STAT":"T","EFTA_STAT":"F","CC_STAT":"F","NAME_GERM":"Belgien"},"id":"BE31"},{"arcs":[[[-278,-284,-293,293,294,295,296,-285]],[[297,-287]]],"type":"MultiPolygon","properties":{"NUTS_ID":"BE32","LEVL_CODE":2,"CNTR_CODE":"BE","NAME_LATN":"Prov. Hainaut","NUTS_NAME":"Prov. Hainaut","MOUNT_TYPE":0,"URBN_TYPE":0,"COAST_TYPE":0,"NAME_ENGL":"Belgium","NAME_FREN":"Belgique","ISO3_CODE":"BEL","SVRG_UN":"UN Member State","CAPT":"Brussels","EU_STAT":"T","EFTA_STAT":"F","CC_STAT":"F","NAME_GERM":"Belgien"},"id":"BE32"},{"arcs":[[-275,298,299,300,301,302,303,-291,-282,-271,304]],"type":"Polygon","properties":{"NUTS_ID":"BE33","LEVL_CODE":2,"CNTR_CODE":"BE","NAME_LATN":"Prov. Liège","NUTS_NAME":"Prov. Liège","MOUNT_TYPE":0,"URBN_TYPE":0,"COAST_TYPE":0,"NAME_ENGL":"Belgium","NAME_FREN":"Belgique","ISO3_CODE":"BEL","SVRG_UN":"UN Member State","CAPT":"Brussels","EU_STAT":"T","EFTA_STAT":"F","CC_STAT":"F","NAME_GERM":"Belgien"},"id":"BE33"},{"arcs":[[-303,305,306,307,308]],"type":"Polygon","properties":{"NUTS_ID":"BE34","LEVL_CODE":2,"CNTR_CODE":"BE","NAME_LATN":"Prov. Luxembourg (BE)","NUTS_NAME":"Prov. Luxembourg (BE)","MOUNT_TYPE":0,"URBN_TYPE":0,"COAST_TYPE":0,"NAME_ENGL":"Belgium","NAME_FREN":"Belgique","ISO3_CODE":"BEL","SVRG_UN":"UN Member State","CAPT":"Brussels","EU_STAT":"T","EFTA_STAT":"F","CC_STAT":"F","NAME_GERM":"Belgien"},"id":"BE34"},{"arcs":[[-309,309,-294,-292,-304]],"type":"Polygon","properties":{"NUTS_ID":"BE35","LEVL_CODE":2,"CNTR_CODE":"BE","NAME_LATN":"Prov. Namur","NUTS_NAME":"Prov. Namur","MOUNT_TYPE":0,"URBN_TYPE":0,"COAST_TYPE":0,"NAME_ENGL":"Belgium","NAME_FREN":"Belgique","ISO3_CODE":"BEL","SVRG_UN":"UN Member State","CAPT":"Brussels","EU_STAT":"T","EFTA_STAT":"F","CC_STAT":"F","NAME_GERM":"Belgien"},"id":"BE35"},{"arcs":[[310,311,312,313,314,315,316,317]],"type":"Polygon","properties":{"NUTS_ID":"BG31","LEVL_CODE":2,"CNTR_CODE":"BG","NAME_LATN":"Severozapaden","NUTS_NAME":"Северозападен","MOUNT_TYPE":0,"URBN_TYPE":0,"COAST_TYPE":0,"NAME_ENGL":"Bulgaria","NAME_FREN":"Bulgarie","ISO3_CODE":"BGR","SVRG_UN":"UN Member State","CAPT":"Sofia","EU_STAT":"T","EFTA_STAT":"F","CC_STAT":"F","NAME_GERM":"Bulgarien"},"id":"BG31"},{"arcs":[[318,319,-313,320,321,322]],"type":"Polygon","properties":{"NUTS_ID":"BG32","LEVL_CODE":2,"CNTR_CODE":"BG","NAME_LATN":"Severen tsentralen","NUTS_NAME":"Северен централен","MOUNT_TYPE":0,"URBN_TYPE":0,"COAST_TYPE":0,"NAME_ENGL":"Bulgaria","NAME_FREN":"Bulgarie","ISO3_CODE":"BGR","SVRG_UN":"UN Member State","CAPT":"Sofia","EU_STAT":"T","EFTA_STAT":"F","CC_STAT":"F","NAME_GERM":"Bulgarien"},"id":"BG32"},{"arcs":[[323,324,-319,-323,325]],"type":"Polygon","properties":{"NUTS_ID":"BG33","LEVL_CODE":2,"CNTR_CODE":"BG","NAME_LATN":"Severoiztochen","NUTS_NAME":"Североизточен","MOUNT_TYPE":0,"URBN_TYPE":0,"COAST_TYPE":0,"NAME_ENGL":"Bulgaria","NAME_FREN":"Bulgarie","ISO3_CODE":"BGR","SVRG_UN":"UN Member State","CAPT":"Sofia","EU_STAT":"T","EFTA_STAT":"F","CC_STAT":"F","NAME_GERM":"Bulgarien"},"id":"BG33"},{"arcs":[[-325,326,327,328,-314,-320]],"type":"Polygon","properties":{"NUTS_ID":"BG34","LEVL_CODE":2,"CNTR_CODE":"BG","NAME_LATN":"Yugoiztochen","NUTS_NAME":"Югоизточен","MOUNT_TYPE":0,"URBN_TYPE":0,"COAST_TYPE":0,"NAME_ENGL":"Bulgaria","NAME_FREN":"Bulgarie","ISO3_CODE":"BGR","SVRG_UN":"UN Member State","CAPT":"Sofia","EU_STAT":"T","EFTA_STAT":"F","CC_STAT":"F","NAME_GERM":"Bulgarien"},"id":"BG34"},{"arcs":[[-316,329,330,331,332,333]],"type":"Polygon","properties":{"NUTS_ID":"BG41","LEVL_CODE":2,"CNTR_CODE":"BG","NAME_LATN":"Yugozapaden","NUTS_NAME":"Югозападен","MOUNT_TYPE":0,"URBN_TYPE":0,"COAST_TYPE":0,"NAME_ENGL":"Bulgaria","NAME_FREN":"Bulgarie","ISO3_CODE":"BGR","SVRG_UN":"UN Member State","CAPT":"Sofia","EU_STAT":"T","EFTA_STAT":"F","CC_STAT":"F","NAME_GERM":"Bulgarien"},"id":"BG41"},{"arcs":[[-329,334,335,-330,-315]],"type":"Polygon","properties":{"NUTS_ID":"BG42","LEVL_CODE":2,"CNTR_CODE":"BG","NAME_LATN":"Yuzhen tsentralen","NUTS_NAME":"Южен централен","MOUNT_TYPE":0,"URBN_TYPE":0,"COAST_TYPE":0,"NAME_ENGL":"Bulgaria","NAME_FREN":"Bulgarie","ISO3_CODE":"BGR","SVRG_UN":"UN Member State","CAPT":"Sofia","EU_STAT":"T","EFTA_STAT":"F","CC_STAT":"F","NAME_GERM":"Bulgarien"},"id":"BG42"},{"arcs":[[[336,337,338,339,340,341,342,343]],[[344]],[[345]]],"type":"MultiPolygon","properties":{"NUTS_ID":"CH01","LEVL_CODE":2,"CNTR_CODE":"CH","NAME_LATN":"Région lémanique","NUTS_NAME":"Région lémanique","MOUNT_TYPE":0,"URBN_TYPE":0,"COAST_TYPE":0,"NAME_ENGL":"Switzerland","NAME_FREN":"Suisse","ISO3_CODE":"CHE","SVRG_UN":"UN Member State","CAPT":"Bern","EU_STAT":"F","EFTA_STAT":"T","CC_STAT":"F","NAME_GERM":"Schweiz"},"id":"CH01"},{"arcs":[[346,347,348,349,350,351,352]],"type":"Polygon","properties":{"NUTS_ID":"LT02","LEVL_CODE":2,"CNTR_CODE":"LT","NAME_LATN":"Vidurio ir vakarų Lietuvos regionas","NUTS_NAME":"Vidurio ir vakarų Lietuvos regionas","MOUNT_TYPE":0,"URBN_TYPE":0,"COAST_TYPE":0,"NAME_ENGL":"Lithuania","NAME_FREN":"Lituanie","ISO3_CODE":"LTU","SVRG_UN":"UN Member State","CAPT":"Vilnius","EU_STAT":"T","EFTA_STAT":"F","CC_STAT":"F","NAME_GERM":"Litauen"},"id":"LT02"},{"arcs":[[353,-72,354,-306,-302]],"type":"Polygon","properties":{"NUTS_ID":"LU00","LEVL_CODE":2,"CNTR_CODE":"LU","NAME_LATN":"Luxembourg","NUTS_NAME":"Luxembourg","MOUNT_TYPE":0,"URBN_TYPE":0,"COAST_TYPE":0,"NAME_ENGL":"Luxembourg","NAME_FREN":"Luxembourg","ISO3_CODE":"LUX","SVRG_UN":"UN Member State","CAPT":"Luxembourg","EU_STAT":"T","EFTA_STAT":"F","CC_STAT":"F","NAME_GERM":"Luxemburg"},"id":"LU00"},{"arcs":[[355,-347,-353,356,-155]],"type":"Polygon","properties":{"NUTS_ID":"LV00","LEVL_CODE":2,"CNTR_CODE":"LV","NAME_LATN":"Latvija","NUTS_NAME":"Latvija","MOUNT_TYPE":0,"URBN_TYPE":0,"COAST_TYPE":0,"NAME_ENGL":"Latvia","NAME_FREN":"Lettonie","ISO3_CODE":"LVA","SVRG_UN":"UN Member State","CAPT":"Riga","EU_STAT":"T","EFTA_STAT":"F","CC_STAT":"F","NAME_GERM":"Lettland"},"id":"LV00"},{"arcs":[[357,358,-220,-225,359,360,361]],"type":"Polygon","properties":{"NUTS_ID":"ME00","LEVL_CODE":2,"CNTR_CODE":"ME","NAME_LATN":"Crna Gora","NUTS_NAME":"Црна Гора","MOUNT_TYPE":0,"URBN_TYPE":0,"COAST_TYPE":0,"NAME_ENGL":"Montenegro","NAME_FREN":"Monténégro","ISO3_CODE":"MNE","SVRG_UN":"UN Member State","CAPT":"Podgorica","EU_STAT":"F","EFTA_STAT":"F","CC_STAT":"T","NAME_GERM":"Montenegro"},"id":"ME00"},{"arcs":[[-333,362,363,-232,-226,-222,364,365]],"type":"Polygon","properties":{"NUTS_ID":"MK00","LEVL_CODE":2,"CNTR_CODE":"MK","NAME_LATN":"Severna Makedonija","NUTS_NAME":"Северна Македонија","MOUNT_TYPE":0,"URBN_TYPE":0,"COAST_TYPE":0,"NAME_ENGL":"North Macedonia","NAME_FREN":"Macédoine du Nord","ISO3_CODE":"MKD","SVRG_UN":"UN Member State","CAPT":"Skopje","EU_STAT":"F","EFTA_STAT":"F","CC_STAT":"T","NAME_GERM":"Nordmazedonien"},"id":"MK00"},{"arcs":[[[366]],[[367]]],"type":"MultiPolygon","properties":{"NUTS_ID":"MT00","LEVL_CODE":2,"CNTR_CODE":"MT","NAME_LATN":"Malta","NUTS_NAME":"Malta","MOUNT_TYPE":0,"URBN_TYPE":0,"COAST_TYPE":0,"NAME_ENGL":"Malta","NAME_FREN":"Malte","ISO3_CODE":"MLT","SVRG_UN":"UN Member State","CAPT":"Valletta","EU_STAT":"T","EFTA_STAT":"F","CC_STAT":"F","NAME_GERM":"Malta"},"id":"MT00"},{"arcs":[[[368,369,370,371,372]],[[373]]],"type":"MultiPolygon","properties":{"NUTS_ID":"NL11","LEVL_CODE":2,"CNTR_CODE":"NL","NAME_LATN":"Groningen","NUTS_NAME":"Groningen","MOUNT_TYPE":0,"URBN_TYPE":0,"COAST_TYPE":0,"NAME_ENGL":"Netherlands","NAME_FREN":"Pays-Bas","ISO3_CODE":"NLD","SVRG_UN":"UN Member State","CAPT":"Amsterdam","EU_STAT":"T","EFTA_STAT":"F","CC_STAT":"F","NAME_GERM":"Niederlande"},"id":"NL11"},{"arcs":[[[374]],[[375]],[[376]],[[377]],[[378]],[[379]],[[380]],[[381]],[[382]],[[383]],[[384]],[[385]],[[386]],[[387]],[[388]],[[389]],[[390]],[[391]],[[392]],[[393]],[[394]],[[395]],[[396]],[[397]],[[398]],[[399]],[[400]],[[401]],[[402]],[[403]],[[404]]],"type":"MultiPolygon","properties":{"NUTS_ID":"EL42","LEVL_CODE":2,"CNTR_CODE":"EL","NAME_LATN":"Notio Aigaio","NUTS_NAME":"Νότιο Αιγαίο","MOUNT_TYPE":0,"URBN_TYPE":0,"COAST_TYPE":0,"NAME_ENGL":"Greece","NAME_FREN":"Grèce","ISO3_CODE":"GRC","SVRG_UN":"UN Member State","CAPT":"Athens","EU_STAT":"T","EFTA_STAT":"F","CC_STAT":"F","NAME_GERM":"Griechenland"},"id":"EL42"},{"arcs":[[[405]],[[406]]],"type":"MultiPolygon","properties":{"NUTS_ID":"EL43","LEVL_CODE":2,"CNTR_CODE":"EL","NAME_LATN":"Kriti","NUTS_NAME":"Κρήτη","MOUNT_TYPE":0,"URBN_TYPE":0,"COAST_TYPE":0,"NAME_ENGL":"Greece","NAME_FREN":"Grèce","ISO3_CODE":"GRC","SVRG_UN":"UN Member State","CAPT":"Athens","EU_STAT":"T","EFTA_STAT":"F","CC_STAT":"F","NAME_GERM":"Griechenland"},"id":"EL43"},{"arcs":[[[407,408,-331,-336,409]],[[410]],[[411]]],"type":"MultiPolygon","properties":{"NUTS_ID":"EL51","LEVL_CODE":2,"CNTR_CODE":"EL","NAME_LATN":"Anatoliki Makedonia, Thraki","NUTS_NAME":"Aνατολική Μακεδονία, Θράκη","MOUNT_TYPE":0,"URBN_TYPE":0,"COAST_TYPE":0,"NAME_ENGL":"Greece","NAME_FREN":"Grèce","ISO3_CODE":"GRC","SVRG_UN":"UN Member State","CAPT":"Athens","EU_STAT":"T","EFTA_STAT":"F","CC_STAT":"F","NAME_GERM":"Griechenland"},"id":"EL51"},{"arcs":[[[-409,412,413,414,-363,-332]],[[415]]],"type":"MultiPolygon","properties":{"NUTS_ID":"EL52","LEVL_CODE":2,"CNTR_CODE":"EL","NAME_LATN":"Kentriki Makedonia","NUTS_NAME":"Κεντρική Μακεδονία","MOUNT_TYPE":0,"URBN_TYPE":0,"COAST_TYPE":0,"NAME_ENGL":"Greece","NAME_FREN":"Grèce","ISO3_CODE":"GRC","SVRG_UN":"UN Member State","CAPT":"Athens","EU_STAT":"T","EFTA_STAT":"F","CC_STAT":"F","NAME_GERM":"Griechenland"},"id":"EL52"},{"arcs":[[416,417,-229,-364,-415,418]],"type":"Polygon","properties":{"NUTS_ID":"EL53","LEVL_CODE":2,"CNTR_CODE":"EL","NAME_LATN":"Dytiki Makedonia","NUTS_NAME":"Δυτική Μακεδονία","MOUNT_TYPE":0,"URBN_TYPE":0,"COAST_TYPE":0,"NAME_ENGL":"Greece","NAME_FREN":"Grèce","ISO3_CODE":"GRC","SVRG_UN":"UN Member State","CAPT":"Athens","EU_STAT":"T","EFTA_STAT":"F","CC_STAT":"F","NAME_GERM":"Griechenland"},"id":"EL53"},{"arcs":[[419,420,421,-230,-418]],"type":"Polygon","properties":{"NUTS_ID":"EL54","LEVL_CODE":2,"CNTR_CODE":"EL","NAME_LATN":"Ipeiros","NUTS_NAME":"Ήπειρος","MOUNT_TYPE":0,"URBN_TYPE":0,"COAST_TYPE":0,"NAME_ENGL":"Greece","NAME_FREN":"Grèce","ISO3_CODE":"GRC","SVRG_UN":"UN Member State","CAPT":"Athens","EU_STAT":"T","EFTA_STAT":"F","CC_STAT":"F","NAME_GERM":"Griechenland"},"id":"EL54"},{"arcs":[[422,-111,423,-109,424]],"type":"Polygon","properties":{"NUTS_ID":"DK02","LEVL_CODE":2,"CNTR_CODE":"DK","NAME_LATN":"Sjælland","NUTS_NAME":"Sjælland","MOUNT_TYPE":0,"URBN_TYPE":0,"COAST_TYPE":0,"NAME_ENGL":"Denmark","NAME_FREN":"Danemark","ISO3_CODE":"DNK","SVRG_UN":"UN Member State","CAPT":"Copenhagen","EU_STAT":"T","EFTA_STAT":"F","CC_STAT":"F","NAME_GERM":"Dänemark"},"id":"DK02"},{"arcs":[[425,426,427,-337,-344,428],[-345],[-346],[429]],"type":"Polygon","properties":{"NUTS_ID":"CH02","LEVL_CODE":2,"CNTR_CODE":"CH","NAME_LATN":"Espace Mittelland","NUTS_NAME":"Espace Mittelland","MOUNT_TYPE":0,"URBN_TYPE":0,"COAST_TYPE":0,"NAME_ENGL":"Switzerland","NAME_FREN":"Suisse","ISO3_CODE":"CHE","SVRG_UN":"UN Member State","CAPT":"Bern","EU_STAT":"F","EFTA_STAT":"T","CC_STAT":"F","NAME_GERM":"Schweiz"},"id":"CH02"},{"arcs":[[[-37,430,431,-427,432]],[[-430]]],"type":"MultiPolygon","properties":{"NUTS_ID":"CH03","LEVL_CODE":2,"CNTR_CODE":"CH","NAME_LATN":"Nordwestschweiz","NUTS_NAME":"Nordwestschweiz","MOUNT_TYPE":0,"URBN_TYPE":0,"COAST_TYPE":0,"NAME_ENGL":"Switzerland","NAME_FREN":"Suisse","ISO3_CODE":"CHE","SVRG_UN":"UN Member State","CAPT":"Bern","EU_STAT":"F","EFTA_STAT":"T","CC_STAT":"F","NAME_GERM":"Schweiz"},"id":"CH03"},{"arcs":[[433,434,-431,-36,435,-34]],"type":"Polygon","properties":{"NUTS_ID":"CH04","LEVL_CODE":2,"CNTR_CODE":"CH","NAME_LATN":"Zürich","NUTS_NAME":"Zürich","MOUNT_TYPE":0,"URBN_TYPE":0,"COAST_TYPE":0,"NAME_ENGL":"Switzerland","NAME_FREN":"Suisse","ISO3_CODE":"CHE","SVRG_UN":"UN Member State","CAPT":"Bern","EU_STAT":"F","EFTA_STAT":"T","CC_STAT":"F","NAME_GERM":"Schweiz"},"id":"CH04"},{"arcs":[[[-33,-40,-262,436,-260,-126,437,438,439,440,-434]],[[-35,-436]]],"type":"MultiPolygon","properties":{"NUTS_ID":"CH05","LEVL_CODE":2,"CNTR_CODE":"CH","NAME_LATN":"Ostschweiz","NUTS_NAME":"Ostschweiz","MOUNT_TYPE":0,"URBN_TYPE":0,"COAST_TYPE":0,"NAME_ENGL":"Switzerland","NAME_FREN":"Suisse","ISO3_CODE":"CHE","SVRG_UN":"UN Member State","CAPT":"Bern","EU_STAT":"F","EFTA_STAT":"T","CC_STAT":"F","NAME_GERM":"Schweiz"},"id":"CH05"},{"arcs":[[-432,-435,-441,441,-338,-428]],"type":"Polygon","properties":{"NUTS_ID":"CH06","LEVL_CODE":2,"CNTR_CODE":"CH","NAME_LATN":"Zentralschweiz","NUTS_NAME":"Zentralschweiz","MOUNT_TYPE":0,"URBN_TYPE":0,"COAST_TYPE":0,"NAME_ENGL":"Switzerland","NAME_FREN":"Suisse","ISO3_CODE":"CHE","SVRG_UN":"UN Member State","CAPT":"Bern","EU_STAT":"F","EFTA_STAT":"T","CC_STAT":"F","NAME_GERM":"Schweiz"},"id":"CH06"},{"arcs":[[442,443,-339,-442,-440]],"type":"Polygon","properties":{"NUTS_ID":"CH07","LEVL_CODE":2,"CNTR_CODE":"CH","NAME_LATN":"Ticino","NUTS_NAME":"Ticino","MOUNT_TYPE":0,"URBN_TYPE":0,"COAST_TYPE":0,"NAME_ENGL":"Switzerland","NAME_FREN":"Suisse","ISO3_CODE":"CHE","SVRG_UN":"UN Member State","CAPT":"Bern","EU_STAT":"F","EFTA_STAT":"T","CC_STAT":"F","NAME_GERM":"Schweiz"},"id":"CH07"},{"arcs":[[[444]],[[445]],[[446]],[[447]]],"type":"MultiPolygon","properties":{"NUTS_ID":"ITG2","LEVL_CODE":2,"CNTR_CODE":"IT","NAME_LATN":"Sardegna","NUTS_NAME":"Sardegna","MOUNT_TYPE":0,"URBN_TYPE":0,"COAST_TYPE":0,"NAME_ENGL":"Italy","NAME_FREN":"Italie","ISO3_CODE":"ITA","SVRG_UN":"UN Member State","CAPT":"Rome","EU_STAT":"T","EFTA_STAT":"F","CC_STAT":"F","NAME_GERM":"Italien"},"id":"ITG2"},{"arcs":[[-129,448,449,450,-438,-125,-123]],"type":"Polygon","properties":{"NUTS_ID":"ITH1","LEVL_CODE":2,"CNTR_CODE":"IT","NAME_LATN":"Provincia Autonoma di Bolzano/Bozen","NUTS_NAME":"Provincia Autonoma di Bolzano/Bozen","MOUNT_TYPE":0,"URBN_TYPE":0,"COAST_TYPE":0,"NAME_ENGL":"Italy","NAME_FREN":"Italie","ISO3_CODE":"ITA","SVRG_UN":"UN Member State","CAPT":"Rome","EU_STAT":"T","EFTA_STAT":"F","CC_STAT":"F","NAME_GERM":"Italien"},"id":"ITH1"},{"arcs":[[451,452,-450,453]],"type":"Polygon","properties":{"NUTS_ID":"ITH2","LEVL_CODE":2,"CNTR_CODE":"IT","NAME_LATN":"Provincia Autonoma di Trento","NUTS_NAME":"Provincia Autonoma di Trento","MOUNT_TYPE":0,"URBN_TYPE":0,"COAST_TYPE":0,"NAME_ENGL":"Italy","NAME_FREN":"Italie","ISO3_CODE":"ITA","SVRG_UN":"UN Member State","CAPT":"Rome","EU_STAT":"T","EFTA_STAT":"F","CC_STAT":"F","NAME_GERM":"Italien"},"id":"ITH2"},{"arcs":[[454,455,456,457,-452,-454,-449,-128,-246]],"type":"Polygon","properties":{"NUTS_ID":"ITH3","LEVL_CODE":2,"CNTR_CODE":"IT","NAME_LATN":"Veneto","NUTS_NAME":"Veneto","MOUNT_TYPE":0,"URBN_TYPE":0,"COAST_TYPE":0,"NAME_ENGL":"Italy","NAME_FREN":"Italie","ISO3_CODE":"ITA","SVRG_UN":"UN Member State","CAPT":"Rome","EU_STAT":"T","EFTA_STAT":"F","CC_STAT":"F","NAME_GERM":"Italien"},"id":"ITH3"},{"arcs":[[458,459,-455,-245,460]],"type":"Polygon","properties":{"NUTS_ID":"ITH4","LEVL_CODE":2,"CNTR_CODE":"IT","NAME_LATN":"Friuli-Venezia Giulia","NUTS_NAME":"Friuli-Venezia Giulia","MOUNT_TYPE":0,"URBN_TYPE":0,"COAST_TYPE":0,"NAME_ENGL":"Italy","NAME_FREN":"Italie","ISO3_CODE":"ITA","SVRG_UN":"UN Member State","CAPT":"Rome","EU_STAT":"T","EFTA_STAT":"F","CC_STAT":"F","NAME_GERM":"Italien"},"id":"ITH4"},{"arcs":[[461,-457,462,463,464,465,466,467,468,469]],"type":"Polygon","properties":{"NUTS_ID":"ITH5","LEVL_CODE":2,"CNTR_CODE":"IT","NAME_LATN":"Emilia-Romagna","NUTS_NAME":"Emilia-Romagna","MOUNT_TYPE":0,"URBN_TYPE":0,"COAST_TYPE":0,"NAME_ENGL":"Italy","NAME_FREN":"Italie","ISO3_CODE":"ITA","SVRG_UN":"UN Member State","CAPT":"Rome","EU_STAT":"T","EFTA_STAT":"F","CC_STAT":"F","NAME_GERM":"Italien"},"id":"ITH5"},{"arcs":[[[-467,470,471,472,473,474]],[[475]],[[476]],[[477]]],"type":"MultiPolygon","properties":{"NUTS_ID":"ITI1","LEVL_CODE":2,"CNTR_CODE":"IT","NAME_LATN":"Toscana","NUTS_NAME":"Toscana","MOUNT_TYPE":0,"URBN_TYPE":0,"COAST_TYPE":0,"NAME_ENGL":"Italy","NAME_FREN":"Italie","ISO3_CODE":"ITA","SVRG_UN":"UN Member State","CAPT":"Rome","EU_STAT":"T","EFTA_STAT":"F","CC_STAT":"F","NAME_GERM":"Italien"},"id":"ITI1"},{"arcs":[[478,479,-472,480]],"type":"Polygon","properties":{"NUTS_ID":"ITI2","LEVL_CODE":2,"CNTR_CODE":"IT","NAME_LATN":"Umbria","NUTS_NAME":"Umbria","MOUNT_TYPE":0,"URBN_TYPE":0,"COAST_TYPE":0,"NAME_ENGL":"Italy","NAME_FREN":"Italie","ISO3_CODE":"ITA","SVRG_UN":"UN Member State","CAPT":"Rome","EU_STAT":"T","EFTA_STAT":"F","CC_STAT":"F","NAME_GERM":"Italien"},"id":"ITI2"},{"arcs":[[481,482,483,-479,-481,-471,-466,484,-464]],"type":"Polygon","properties":{"NUTS_ID":"ITI3","LEVL_CODE":2,"CNTR_CODE":"IT","NAME_LATN":"Marche","NUTS_NAME":"Marche","MOUNT_TYPE":0,"URBN_TYPE":0,"COAST_TYPE":0,"NAME_ENGL":"Italy","NAME_FREN":"Italie","ISO3_CODE":"ITA","SVRG_UN":"UN Member State","CAPT":"Rome","EU_STAT":"T","EFTA_STAT":"F","CC_STAT":"F","NAME_GERM":"Italien"},"id":"ITI3"},{"arcs":[[-480,-484,485,486,487,488,-473],[489]],"type":"Polygon","properties":{"NUTS_ID":"ITI4","LEVL_CODE":2,"CNTR_CODE":"IT","NAME_LATN":"Lazio","NUTS_NAME":"Lazio","MOUNT_TYPE":0,"URBN_TYPE":0,"COAST_TYPE":0,"NAME_ENGL":"Italy","NAME_FREN":"Italie","ISO3_CODE":"ITA","SVRG_UN":"UN Member State","CAPT":"Rome","EU_STAT":"T","EFTA_STAT":"F","CC_STAT":"F","NAME_GERM":"Italien"},"id":"ITI4"},{"arcs":[[-437,-261]],"type":"Polygon","properties":{"NUTS_ID":"LI00","LEVL_CODE":2,"CNTR_CODE":"LI","NAME_LATN":"Liechtenstein","NUTS_NAME":"Liechtenstein","MOUNT_TYPE":0,"URBN_TYPE":0,"COAST_TYPE":0,"NAME_ENGL":"Liechtenstein","NAME_FREN":"Liechtenstein","ISO3_CODE":"LIE","SVRG_UN":"UN Member State","CAPT":"Vaduz","EU_STAT":"F","EFTA_STAT":"T","CC_STAT":"F","NAME_GERM":"Liechtenstein"},"id":"LI00"},{"arcs":[[490,-349]],"type":"Polygon","properties":{"NUTS_ID":"LT01","LEVL_CODE":2,"CNTR_CODE":"LT","NAME_LATN":"Sostinės regionas","NUTS_NAME":"Sostinės regionas","MOUNT_TYPE":0,"URBN_TYPE":0,"COAST_TYPE":0,"NAME_ENGL":"Lithuania","NAME_FREN":"Lituanie","ISO3_CODE":"LTU","SVRG_UN":"UN Member State","CAPT":"Vilnius","EU_STAT":"T","EFTA_STAT":"F","CC_STAT":"F","NAME_GERM":"Litauen"},"id":"LT01"},{"arcs":[[491,492,493,494]],"type":"Polygon","properties":{"NUTS_ID":"TR81","LEVL_CODE":2,"CNTR_CODE":"TR","NAME_LATN":"Zonguldak, Karabük, Bartın","NUTS_NAME":"Zonguldak, Karabük, Bartın","MOUNT_TYPE":0,"URBN_TYPE":0,"COAST_TYPE":0,"NAME_ENGL":"Türkiye","NAME_FREN":"Turquie","ISO3_CODE":"TUR","SVRG_UN":"UN Member State","CAPT":"Ankara","EU_STAT":"F","EFTA_STAT":"F","CC_STAT":"T","NAME_GERM":"Türkei"},"id":"TR81"},{"arcs":[[495,496,497,498,-492,-495,499]],"type":"Polygon","properties":{"NUTS_ID":"TR82","LEVL_CODE":2,"CNTR_CODE":"TR","NAME_LATN":"Kastamonu, Çankırı, Sinop","NUTS_NAME":"Kastamonu, Çankırı, Sinop","MOUNT_TYPE":0,"URBN_TYPE":0,"COAST_TYPE":0,"NAME_ENGL":"Türkiye","NAME_FREN":"Turquie","ISO3_CODE":"TUR","SVRG_UN":"UN Member State","CAPT":"Ankara","EU_STAT":"F","EFTA_STAT":"F","CC_STAT":"T","NAME_GERM":"Türkei"},"id":"TR82"},{"arcs":[[500,-97,-194,-95,-212,-185,-90,-216,-219,-187,-190,501,-193,502]],"type":"Polygon","properties":{"NUTS_ID":"DE93","LEVL_CODE":2,"CNTR_CODE":"DE","NAME_LATN":"Lüneburg","NUTS_NAME":"Lüneburg","MOUNT_TYPE":0,"URBN_TYPE":0,"COAST_TYPE":0,"NAME_ENGL":"Germany","NAME_FREN":"Allemagne","ISO3_CODE":"DEU","SVRG_UN":"UN Member State","CAPT":"Berlin","EU_STAT":"T","EFTA_STAT":"F","CC_STAT":"F","NAME_GERM":"Deutschland"},"id":"DE93"},{"arcs":[[[503,-191,-502,-189,-218,504,505,506,507,-370,508]],[[509]],[[510]]],"type":"MultiPolygon","properties":{"NUTS_ID":"DE94","LEVL_CODE":2,"CNTR_CODE":"DE","NAME_LATN":"Weser-Ems","NUTS_NAME":"Weser-Ems","MOUNT_TYPE":0,"URBN_TYPE":0,"COAST_TYPE":0,"NAME_ENGL":"Germany","NAME_FREN":"Allemagne","ISO3_CODE":"DEU","SVRG_UN":"UN Member State","CAPT":"Berlin","EU_STAT":"T","EFTA_STAT":"F","CC_STAT":"F","NAME_GERM":"Deutschland"},"id":"DE94"},{"arcs":[[511,512,513,514,515,516]],"type":"Polygon","properties":{"NUTS_ID":"DEA1","LEVL_CODE":2,"CNTR_CODE":"DE","NAME_LATN":"Düsseldorf","NUTS_NAME":"Düsseldorf","MOUNT_TYPE":0,"URBN_TYPE":0,"COAST_TYPE":0,"NAME_ENGL":"Germany","NAME_FREN":"Allemagne","ISO3_CODE":"DEU","SVRG_UN":"UN Member State","CAPT":"Berlin","EU_STAT":"T","EFTA_STAT":"F","CC_STAT":"F","NAME_GERM":"Deutschland"},"id":"DEA1"},{"arcs":[[517,518,519,-300,520,-514,521]],"type":"Polygon","properties":{"NUTS_ID":"DEA2","LEVL_CODE":2,"CNTR_CODE":"DE","NAME_LATN":"Köln","NUTS_NAME":"Köln","MOUNT_TYPE":0,"URBN_TYPE":0,"COAST_TYPE":0,"NAME_ENGL":"Germany","NAME_FREN":"Allemagne","ISO3_CODE":"DEU","SVRG_UN":"UN Member State","CAPT":"Berlin","EU_STAT":"T","EFTA_STAT":"F","CC_STAT":"F","NAME_GERM":"Deutschland"},"id":"DEA2"},{"arcs":[[522,-512,-517,523,524,-506,525]],"type":"Polygon","properties":{"NUTS_ID":"DEA3","LEVL_CODE":2,"CNTR_CODE":"DE","NAME_LATN":"Münster","NUTS_NAME":"Münster","MOUNT_TYPE":0,"URBN_TYPE":0,"COAST_TYPE":0,"NAME_ENGL":"Germany","NAME_FREN":"Allemagne","ISO3_CODE":"DEU","SVRG_UN":"UN Member State","CAPT":"Berlin","EU_STAT":"T","EFTA_STAT":"F","CC_STAT":"F","NAME_GERM":"Deutschland"},"id":"DEA3"},{"arcs":[[-217,-214,-206,526,-526,-505]],"type":"Polygon","properties":{"NUTS_ID":"DEA4","LEVL_CODE":2,"CNTR_CODE":"DE","NAME_LATN":"Detmold","NUTS_NAME":"Detmold","MOUNT_TYPE":0,"URBN_TYPE":0,"COAST_TYPE":0,"NAME_ENGL":"Germany","NAME_FREN":"Allemagne","ISO3_CODE":"DEU","SVRG_UN":"UN Member State","CAPT":"Berlin","EU_STAT":"T","EFTA_STAT":"F","CC_STAT":"F","NAME_GERM":"Deutschland"},"id":"DEA4"},{"arcs":[[-523,-527,-205,-202,527,-518,-522,-513]],"type":"Polygon","properties":{"NUTS_ID":"DEA5","LEVL_CODE":2,"CNTR_CODE":"DE","NAME_LATN":"Arnsberg","NUTS_NAME":"Arnsberg","MOUNT_TYPE":0,"URBN_TYPE":0,"COAST_TYPE":0,"NAME_ENGL":"Germany","NAME_FREN":"Allemagne","ISO3_CODE":"DEU","SVRG_UN":"UN Member State","CAPT":"Berlin","EU_STAT":"T","EFTA_STAT":"F","CC_STAT":"F","NAME_GERM":"Deutschland"},"id":"DEA5"},{"arcs":[[-201,-199,528,-74,529,-519,-528]],"type":"Polygon","properties":{"NUTS_ID":"DEB1","LEVL_CODE":2,"CNTR_CODE":"DE","NAME_LATN":"Koblenz","NUTS_NAME":"Koblenz","MOUNT_TYPE":0,"URBN_TYPE":0,"COAST_TYPE":0,"NAME_ENGL":"Germany","NAME_FREN":"Allemagne","ISO3_CODE":"DEU","SVRG_UN":"UN Member State","CAPT":"Berlin","EU_STAT":"T","EFTA_STAT":"F","CC_STAT":"F","NAME_GERM":"Deutschland"},"id":"DEB1"},{"arcs":[[-530,-73,-354,-301,-520]],"type":"Polygon","properties":{"NUTS_ID":"DEB2","LEVL_CODE":2,"CNTR_CODE":"DE","NAME_LATN":"Trier","NUTS_NAME":"Trier","MOUNT_TYPE":0,"URBN_TYPE":0,"COAST_TYPE":0,"NAME_ENGL":"Germany","NAME_FREN":"Allemagne","ISO3_CODE":"DEU","SVRG_UN":"UN Member State","CAPT":"Berlin","EU_STAT":"T","EFTA_STAT":"F","CC_STAT":"F","NAME_GERM":"Deutschland"},"id":"DEB2"},{"arcs":[[-198,-29,530,531,-70,-529]],"type":"Polygon","properties":{"NUTS_ID":"DEB3","LEVL_CODE":2,"CNTR_CODE":"DE","NAME_LATN":"Rheinhessen-Pfalz","NUTS_NAME":"Rheinhessen-Pfalz","MOUNT_TYPE":0,"URBN_TYPE":0,"COAST_TYPE":0,"NAME_ENGL":"Germany","NAME_FREN":"Allemagne","ISO3_CODE":"DEU","SVRG_UN":"UN Member State","CAPT":"Berlin","EU_STAT":"T","EFTA_STAT":"F","CC_STAT":"F","NAME_GERM":"Deutschland"},"id":"DEB3"},{"arcs":[[532,533,534,535,536,537,538,539,540]],"type":"Polygon","properties":{"NUTS_ID":"FRB0","LEVL_CODE":2,"CNTR_CODE":"FR","NAME_LATN":"Centre — Val de Loire","NUTS_NAME":"Centre — Val de Loire","MOUNT_TYPE":0,"URBN_TYPE":0,"COAST_TYPE":0,"NAME_ENGL":"France","NAME_FREN":"France","ISO3_CODE":"FRA","SVRG_UN":"UN Member State","CAPT":"Paris","EU_STAT":"T","EFTA_STAT":"F","CC_STAT":"F","NAME_GERM":"Frankreich"},"id":"FRB0"},{"arcs":[[541,542,543,544,-534,545,546]],"type":"Polygon","properties":{"NUTS_ID":"FRC1","LEVL_CODE":2,"CNTR_CODE":"FR","NAME_LATN":"Bourgogne","NUTS_NAME":"Bourgogne","MOUNT_TYPE":0,"URBN_TYPE":0,"COAST_TYPE":0,"NAME_ENGL":"France","NAME_FREN":"France","ISO3_CODE":"FRA","SVRG_UN":"UN Member State","CAPT":"Paris","EU_STAT":"T","EFTA_STAT":"F","CC_STAT":"F","NAME_GERM":"Frankreich"},"id":"FRC1"},{"arcs":[[547,548,-429,-343,549,-543,550,551]],"type":"Polygon","properties":{"NUTS_ID":"FRC2","LEVL_CODE":2,"CNTR_CODE":"FR","NAME_LATN":"Franche-Comté","NUTS_NAME":"Franche-Comté","MOUNT_TYPE":0,"URBN_TYPE":0,"COAST_TYPE":0,"NAME_ENGL":"France","NAME_FREN":"France","ISO3_CODE":"FRA","SVRG_UN":"UN Member State","CAPT":"Paris","EU_STAT":"T","EFTA_STAT":"F","CC_STAT":"F","NAME_GERM":"Frankreich"},"id":"FRC2"},{"arcs":[[552,553,-539,554,555,556]],"type":"Polygon","properties":{"NUTS_ID":"FRD1","LEVL_CODE":2,"CNTR_CODE":"FR","NAME_LATN":"Basse-Normandie","NUTS_NAME":"Basse-Normandie","MOUNT_TYPE":0,"URBN_TYPE":0,"COAST_TYPE":0,"NAME_ENGL":"France","NAME_FREN":"France","ISO3_CODE":"FRA","SVRG_UN":"UN Member State","CAPT":"Paris","EU_STAT":"T","EFTA_STAT":"F","CC_STAT":"F","NAME_GERM":"Frankreich"},"id":"FRD1"},{"arcs":[[557,558,-540,-554,559,560]],"type":"Polygon","properties":{"NUTS_ID":"FRD2","LEVL_CODE":2,"CNTR_CODE":"FR","NAME_LATN":"Haute-Normandie","NUTS_NAME":"Haute-Normandie","MOUNT_TYPE":0,"URBN_TYPE":0,"COAST_TYPE":0,"NAME_ENGL":"France","NAME_FREN":"France","ISO3_CODE":"FRA","SVRG_UN":"UN Member State","CAPT":"Paris","EU_STAT":"T","EFTA_STAT":"F","CC_STAT":"F","NAME_GERM":"Frankreich"},"id":"FRD2"},{"arcs":[[-298,-286,-297,561,562,-288]],"type":"Polygon","properties":{"NUTS_ID":"FRE1","LEVL_CODE":2,"CNTR_CODE":"FR","NAME_LATN":"Nord-Pas de Calais","NUTS_NAME":"Nord-Pas de Calais","MOUNT_TYPE":0,"URBN_TYPE":0,"COAST_TYPE":0,"NAME_ENGL":"France","NAME_FREN":"France","ISO3_CODE":"FRA","SVRG_UN":"UN Member State","CAPT":"Paris","EU_STAT":"T","EFTA_STAT":"F","CC_STAT":"F","NAME_GERM":"Frankreich"},"id":"FRE1"},{"arcs":[[-562,-296,563,564,-558,-561,565]],"type":"Polygon","properties":{"NUTS_ID":"FRE2","LEVL_CODE":2,"CNTR_CODE":"FR","NAME_LATN":"Picardie","NUTS_NAME":"Picardie","MOUNT_TYPE":0,"URBN_TYPE":0,"COAST_TYPE":0,"NAME_ENGL":"France","NAME_FREN":"France","ISO3_CODE":"FRA","SVRG_UN":"UN Member State","CAPT":"Paris","EU_STAT":"T","EFTA_STAT":"F","CC_STAT":"F","NAME_GERM":"Frankreich"},"id":"FRE2"},{"arcs":[[-28,-38,-433,-426,-549,566,-531]],"type":"Polygon","properties":{"NUTS_ID":"FRF1","LEVL_CODE":2,"CNTR_CODE":"FR","NAME_LATN":"Alsace","NUTS_NAME":"Alsace","MOUNT_TYPE":0,"URBN_TYPE":0,"COAST_TYPE":0,"NAME_ENGL":"France","NAME_FREN":"France","ISO3_CODE":"FRA","SVRG_UN":"UN Member State","CAPT":"Paris","EU_STAT":"T","EFTA_STAT":"F","CC_STAT":"F","NAME_GERM":"Frankreich"},"id":"FRF1"},{"arcs":[[-308,567,-551,-542,-547,568,-564,-295,-310]],"type":"Polygon","properties":{"NUTS_ID":"FRF2","LEVL_CODE":2,"CNTR_CODE":"FR","NAME_LATN":"Champagne-Ardenne","NUTS_NAME":"Champagne-Ardenne","MOUNT_TYPE":0,"URBN_TYPE":0,"COAST_TYPE":0,"NAME_ENGL":"France","NAME_FREN":"France","ISO3_CODE":"FRA","SVRG_UN":"UN Member State","CAPT":"Paris","EU_STAT":"T","EFTA_STAT":"F","CC_STAT":"F","NAME_GERM":"Frankreich"},"id":"FRF2"},{"arcs":[[-307,-355,-71,-532,-567,-548,-552,-568]],"type":"Polygon","properties":{"NUTS_ID":"FRF3","LEVL_CODE":2,"CNTR_CODE":"FR","NAME_LATN":"Lorraine","NUTS_NAME":"Lorraine","MOUNT_TYPE":0,"URBN_TYPE":0,"COAST_TYPE":0,"NAME_ENGL":"France","NAME_FREN":"France","ISO3_CODE":"FRA","SVRG_UN":"UN Member State","CAPT":"Paris","EU_STAT":"T","EFTA_STAT":"F","CC_STAT":"F","NAME_GERM":"Frankreich"},"id":"FRF3"},{"arcs":[[[-555,-538,569,570,571]],[[572]]],"type":"MultiPolygon","properties":{"NUTS_ID":"FRG0","LEVL_CODE":2,"CNTR_CODE":"FR","NAME_LATN":"Pays de la Loire","NUTS_NAME":"Pays de la Loire","MOUNT_TYPE":0,"URBN_TYPE":0,"COAST_TYPE":0,"NAME_ENGL":"France","NAME_FREN":"France","ISO3_CODE":"FRA","SVRG_UN":"UN Member State","CAPT":"Paris","EU_STAT":"T","EFTA_STAT":"F","CC_STAT":"F","NAME_GERM":"Frankreich"},"id":"FRG0"},{"arcs":[[[573,-556,-572,574]],[[575]]],"type":"MultiPolygon","properties":{"NUTS_ID":"FRH0","LEVL_CODE":2,"CNTR_CODE":"FR","NAME_LATN":"Bretagne","NUTS_NAME":"Bretagne","MOUNT_TYPE":0,"URBN_TYPE":0,"COAST_TYPE":0,"NAME_ENGL":"France","NAME_FREN":"France","ISO3_CODE":"FRA","SVRG_UN":"UN Member State","CAPT":"Paris","EU_STAT":"T","EFTA_STAT":"F","CC_STAT":"F","NAME_GERM":"Frankreich"},"id":"FRH0"},{"arcs":[[576,577,578,579,580,581,582]],"type":"Polygon","properties":{"NUTS_ID":"FRI1","LEVL_CODE":2,"CNTR_CODE":"FR","NAME_LATN":"Aquitaine","NUTS_NAME":"Aquitaine","MOUNT_TYPE":0,"URBN_TYPE":0,"COAST_TYPE":0,"NAME_ENGL":"France","NAME_FREN":"France","ISO3_CODE":"FRA","SVRG_UN":"UN Member State","CAPT":"Paris","EU_STAT":"T","EFTA_STAT":"F","CC_STAT":"F","NAME_GERM":"Frankreich"},"id":"FRI1"},{"arcs":[[583,584,-583,585,-536]],"type":"Polygon","properties":{"NUTS_ID":"FRI2","LEVL_CODE":2,"CNTR_CODE":"FR","NAME_LATN":"Limousin","NUTS_NAME":"Limousin","MOUNT_TYPE":0,"URBN_TYPE":0,"COAST_TYPE":0,"NAME_ENGL":"France","NAME_FREN":"France","ISO3_CODE":"FRA","SVRG_UN":"UN Member State","CAPT":"Paris","EU_STAT":"T","EFTA_STAT":"F","CC_STAT":"F","NAME_GERM":"Frankreich"},"id":"FRI2"},{"arcs":[[[-570,-537,-586,-582,586]],[[587]],[[588]]],"type":"MultiPolygon","properties":{"NUTS_ID":"FRI3","LEVL_CODE":2,"CNTR_CODE":"FR","NAME_LATN":"Poitou-Charentes","NUTS_NAME":"Poitou-Charentes","MOUNT_TYPE":0,"URBN_TYPE":0,"COAST_TYPE":0,"NAME_ENGL":"France","NAME_FREN":"France","ISO3_CODE":"FRA","SVRG_UN":"UN Member State","CAPT":"Paris","EU_STAT":"T","EFTA_STAT":"F","CC_STAT":"F","NAME_GERM":"Frankreich"},"id":"FRI3"},{"arcs":[[589,590,-249,591,592,593,594]],"type":"Polygon","properties":{"NUTS_ID":"FRJ1","LEVL_CODE":2,"CNTR_CODE":"FR","NAME_LATN":"Languedoc-Roussillon","NUTS_NAME":"Languedoc-Roussillon","MOUNT_TYPE":0,"URBN_TYPE":0,"COAST_TYPE":0,"NAME_ENGL":"France","NAME_FREN":"France","ISO3_CODE":"FRA","SVRG_UN":"UN Member State","CAPT":"Paris","EU_STAT":"T","EFTA_STAT":"F","CC_STAT":"F","NAME_GERM":"Frankreich"},"id":"FRJ1"},{"arcs":[[595,-593,596,-253,597,-577,-585]],"type":"Polygon","properties":{"NUTS_ID":"FRJ2","LEVL_CODE":2,"CNTR_CODE":"FR","NAME_LATN":"Midi-Pyrénées","NUTS_NAME":"Midi-Pyrénées","MOUNT_TYPE":0,"URBN_TYPE":0,"COAST_TYPE":0,"NAME_ENGL":"France","NAME_FREN":"France","ISO3_CODE":"FRA","SVRG_UN":"UN Member State","CAPT":"Paris","EU_STAT":"T","EFTA_STAT":"F","CC_STAT":"F","NAME_GERM":"Frankreich"},"id":"FRJ2"},{"arcs":[[-545,598,-594,-596,-584,-535]],"type":"Polygon","properties":{"NUTS_ID":"FRK1","LEVL_CODE":2,"CNTR_CODE":"FR","NAME_LATN":"Auvergne","NUTS_NAME":"Auvergne","MOUNT_TYPE":0,"URBN_TYPE":0,"COAST_TYPE":0,"NAME_ENGL":"France","NAME_FREN":"France","ISO3_CODE":"FRA","SVRG_UN":"UN Member State","CAPT":"Paris","EU_STAT":"T","EFTA_STAT":"F","CC_STAT":"F","NAME_GERM":"Frankreich"},"id":"FRK1"},{"arcs":[[-550,-342,599,600,601,-595,-599,-544]],"type":"Polygon","properties":{"NUTS_ID":"FRK2","LEVL_CODE":2,"CNTR_CODE":"FR","NAME_LATN":"Rhône-Alpes","NUTS_NAME":"Rhône-Alpes","MOUNT_TYPE":0,"URBN_TYPE":0,"COAST_TYPE":0,"NAME_ENGL":"France","NAME_FREN":"France","ISO3_CODE":"FRA","SVRG_UN":"UN Member State","CAPT":"Paris","EU_STAT":"T","EFTA_STAT":"F","CC_STAT":"F","NAME_GERM":"Frankreich"},"id":"FRK2"},{"arcs":[[-602,602,603,604,-590]],"type":"Polygon","properties":{"NUTS_ID":"FRL0","LEVL_CODE":2,"CNTR_CODE":"FR","NAME_LATN":"Provence-Alpes-Côte d’Azur","NUTS_NAME":"Provence-Alpes-Côte d’Azur","MOUNT_TYPE":0,"URBN_TYPE":0,"COAST_TYPE":0,"NAME_ENGL":"France","NAME_FREN":"France","ISO3_CODE":"FRA","SVRG_UN":"UN Member State","CAPT":"Paris","EU_STAT":"T","EFTA_STAT":"F","CC_STAT":"F","NAME_GERM":"Frankreich"},"id":"FRL0"},{"arcs":[[605]],"type":"Polygon","properties":{"NUTS_ID":"FRM0","LEVL_CODE":2,"CNTR_CODE":"FR","NAME_LATN":"Corse","NUTS_NAME":"Corse","MOUNT_TYPE":0,"URBN_TYPE":0,"COAST_TYPE":0,"NAME_ENGL":"France","NAME_FREN":"France","ISO3_CODE":"FRA","SVRG_UN":"UN Member State","CAPT":"Paris","EU_STAT":"T","EFTA_STAT":"F","CC_STAT":"F","NAME_GERM":"Frankreich"},"id":"FRM0"},{"arcs":[[[606]],[[607]],[[608]]],"type":"MultiPolygon","properties":{"NUTS_ID":"FRY1","LEVL_CODE":2,"CNTR_CODE":"FR","NAME_LATN":"Guadeloupe","NUTS_NAME":"Guadeloupe","MOUNT_TYPE":0,"URBN_TYPE":0,"COAST_TYPE":0,"NAME_ENGL":"France","NAME_FREN":"France","ISO3_CODE":"FRA","SVRG_UN":"UN Member State","CAPT":"Paris","EU_STAT":"T","EFTA_STAT":"F","CC_STAT":"F","NAME_GERM":"Frankreich"},"id":"FRY1"},{"arcs":[[609]],"type":"Polygon","properties":{"NUTS_ID":"FRY2","LEVL_CODE":2,"CNTR_CODE":"FR","NAME_LATN":"Martinique","NUTS_NAME":"Martinique","MOUNT_TYPE":0,"URBN_TYPE":0,"COAST_TYPE":0,"NAME_ENGL":"France","NAME_FREN":"France","ISO3_CODE":"FRA","SVRG_UN":"UN Member State","CAPT":"Paris","EU_STAT":"T","EFTA_STAT":"F","CC_STAT":"F","NAME_GERM":"Frankreich"},"id":"FRY2"},{"arcs":[[610]],"type":"Polygon","properties":{"NUTS_ID":"FRY3","LEVL_CODE":2,"CNTR_CODE":"FR","NAME_LATN":"Guyane","NUTS_NAME":"Guyane","MOUNT_TYPE":0,"URBN_TYPE":0,"COAST_TYPE":0,"NAME_ENGL":"France","NAME_FREN":"France","ISO3_CODE":"FRA","SVRG_UN":"UN Member State","CAPT":"Paris","EU_STAT":"T","EFTA_STAT":"F","CC_STAT":"F","NAME_GERM":"Frankreich"},"id":"FRY3"},{"arcs":[[611]],"type":"Polygon","properties":{"NUTS_ID":"FRY4","LEVL_CODE":2,"CNTR_CODE":"FR","NAME_LATN":"La Réunion","NUTS_NAME":"La Réunion","MOUNT_TYPE":0,"URBN_TYPE":0,"COAST_TYPE":0,"NAME_ENGL":"France","NAME_FREN":"France","ISO3_CODE":"FRA","SVRG_UN":"UN Member State","CAPT":"Paris","EU_STAT":"T","EFTA_STAT":"F","CC_STAT":"F","NAME_GERM":"Frankreich"},"id":"FRY4"},{"arcs":[[612]],"type":"Polygon","properties":{"NUTS_ID":"FRY5","LEVL_CODE":2,"CNTR_CODE":"FR","NAME_LATN":"Mayotte","NUTS_NAME":"Mayotte","MOUNT_TYPE":0,"URBN_TYPE":0,"COAST_TYPE":0,"NAME_ENGL":"France","NAME_FREN":"France","ISO3_CODE":"FRA","SVRG_UN":"UN Member State","CAPT":"Paris","EU_STAT":"T","EFTA_STAT":"F","CC_STAT":"F","NAME_GERM":"Frankreich"},"id":"FRY5"},{"arcs":[[[613,614,615,616]],[[-361,617]],[[618]],[[619]],[[620]],[[621]],[[622]],[[623]],[[624]],[[625]],[[626]],[[627]],[[628]],[[629]],[[630]],[[631]]],"type":"MultiPolygon","properties":{"NUTS_ID":"HR03","LEVL_CODE":2,"CNTR_CODE":"HR","NAME_LATN":"Jadranska Hrvatska","NUTS_NAME":"Jadranska Hrvatska","MOUNT_TYPE":0,"URBN_TYPE":0,"COAST_TYPE":0,"NAME_ENGL":"Croatia","NAME_FREN":"Croatie","ISO3_CODE":"HRV","SVRG_UN":"UN Member State","CAPT":"Zagreb","EU_STAT":"T","EFTA_STAT":"F","CC_STAT":"F","NAME_GERM":"Kroatien"},"id":"HR03"},{"arcs":[[632,633,634,635,-614,636,637]],"type":"Polygon","properties":{"NUTS_ID":"HR02","LEVL_CODE":2,"CNTR_CODE":"HR","NAME_LATN":"Panonska Hrvatska","NUTS_NAME":"Panonska Hrvatska","MOUNT_TYPE":0,"URBN_TYPE":0,"COAST_TYPE":0,"NAME_ENGL":"Croatia","NAME_FREN":"Croatie","ISO3_CODE":"HRV","SVRG_UN":"UN Member State","CAPT":"Zagreb","EU_STAT":"T","EFTA_STAT":"F","CC_STAT":"F","NAME_GERM":"Kroatien"},"id":"HR02"},{"arcs":[[638]],"type":"Polygon","properties":{"NUTS_ID":"HU11","LEVL_CODE":2,"CNTR_CODE":"HU","NAME_LATN":"Budapest","NUTS_NAME":"Budapest","MOUNT_TYPE":0,"URBN_TYPE":0,"COAST_TYPE":0,"NAME_ENGL":"Hungary","NAME_FREN":"Hongrie","ISO3_CODE":"HUN","SVRG_UN":"UN Member State","CAPT":"Budapest","EU_STAT":"T","EFTA_STAT":"F","CC_STAT":"F","NAME_GERM":"Ungarn"},"id":"HU11"},{"arcs":[[639,640,641,642,643,644],[-639]],"type":"Polygon","properties":{"NUTS_ID":"HU12","LEVL_CODE":2,"CNTR_CODE":"HU","NAME_LATN":"Pest","NUTS_NAME":"Pest","MOUNT_TYPE":0,"URBN_TYPE":0,"COAST_TYPE":0,"NAME_ENGL":"Hungary","NAME_FREN":"Hongrie","ISO3_CODE":"HUN","SVRG_UN":"UN Member State","CAPT":"Budapest","EU_STAT":"T","EFTA_STAT":"F","CC_STAT":"F","NAME_GERM":"Ungarn"},"id":"HU12"},{"arcs":[[-643,645,646,647,648]],"type":"Polygon","properties":{"NUTS_ID":"HU21","LEVL_CODE":2,"CNTR_CODE":"HU","NAME_LATN":"Közép-Dunántúl","NUTS_NAME":"Közép-Dunántúl","MOUNT_TYPE":0,"URBN_TYPE":0,"COAST_TYPE":0,"NAME_ENGL":"Hungary","NAME_FREN":"Hongrie","ISO3_CODE":"HUN","SVRG_UN":"UN Member State","CAPT":"Budapest","EU_STAT":"T","EFTA_STAT":"F","CC_STAT":"F","NAME_GERM":"Ungarn"},"id":"HU21"},{"arcs":[[-648,649,650,651,-234,652,653]],"type":"Polygon","properties":{"NUTS_ID":"HU22","LEVL_CODE":2,"CNTR_CODE":"HU","NAME_LATN":"Nyugat-Dunántúl","NUTS_NAME":"Nyugat-Dunántúl","MOUNT_TYPE":0,"URBN_TYPE":0,"COAST_TYPE":0,"NAME_ENGL":"Hungary","NAME_FREN":"Hongrie","ISO3_CODE":"HUN","SVRG_UN":"UN Member State","CAPT":"Budapest","EU_STAT":"T","EFTA_STAT":"F","CC_STAT":"F","NAME_GERM":"Ungarn"},"id":"HU22"},{"arcs":[[654,655,656]],"type":"Polygon","properties":{"NUTS_ID":"ITF6","LEVL_CODE":2,"CNTR_CODE":"IT","NAME_LATN":"Calabria","NUTS_NAME":"Calabria","MOUNT_TYPE":0,"URBN_TYPE":0,"COAST_TYPE":0,"NAME_ENGL":"Italy","NAME_FREN":"Italie","ISO3_CODE":"ITA","SVRG_UN":"UN Member State","CAPT":"Rome","EU_STAT":"T","EFTA_STAT":"F","CC_STAT":"F","NAME_GERM":"Italien"},"id":"ITF6"},{"arcs":[[[657]],[[658]],[[659]],[[660]]],"type":"MultiPolygon","properties":{"NUTS_ID":"ITG1","LEVL_CODE":2,"CNTR_CODE":"IT","NAME_LATN":"Sicilia","NUTS_NAME":"Sicilia","MOUNT_TYPE":0,"URBN_TYPE":0,"COAST_TYPE":0,"NAME_ENGL":"Italy","NAME_FREN":"Italie","ISO3_CODE":"ITA","SVRG_UN":"UN Member State","CAPT":"Rome","EU_STAT":"T","EFTA_STAT":"F","CC_STAT":"F","NAME_GERM":"Italien"},"id":"ITG1"},{"arcs":[[661,662,663,664,665,666]],"type":"Polygon","properties":{"NUTS_ID":"TR52","LEVL_CODE":2,"CNTR_CODE":"TR","NAME_LATN":"Konya, Karaman","NUTS_NAME":"Konya, Karaman","MOUNT_TYPE":0,"URBN_TYPE":0,"COAST_TYPE":0,"NAME_ENGL":"Türkiye","NAME_FREN":"Turquie","ISO3_CODE":"TUR","SVRG_UN":"UN Member State","CAPT":"Ankara","EU_STAT":"F","EFTA_STAT":"F","CC_STAT":"T","NAME_GERM":"Türkei"},"id":"TR52"},{"arcs":[[-664,667,668,669,670]],"type":"Polygon","properties":{"NUTS_ID":"TR61","LEVL_CODE":2,"CNTR_CODE":"TR","NAME_LATN":"Antalya, Isparta, Burdur","NUTS_NAME":"Antalya, Isparta, Burdur","MOUNT_TYPE":0,"URBN_TYPE":0,"COAST_TYPE":0,"NAME_ENGL":"Türkiye","NAME_FREN":"Turquie","ISO3_CODE":"TUR","SVRG_UN":"UN Member State","CAPT":"Ankara","EU_STAT":"F","EFTA_STAT":"F","CC_STAT":"T","NAME_GERM":"Türkei"},"id":"TR61"},{"arcs":[[671,672,-668,-663,673,674]],"type":"Polygon","properties":{"NUTS_ID":"TR62","LEVL_CODE":2,"CNTR_CODE":"TR","NAME_LATN":"Adana, Mersin","NUTS_NAME":"Adana, Mersin","MOUNT_TYPE":0,"URBN_TYPE":0,"COAST_TYPE":0,"NAME_ENGL":"Türkiye","NAME_FREN":"Turquie","ISO3_CODE":"TUR","SVRG_UN":"UN Member State","CAPT":"Ankara","EU_STAT":"F","EFTA_STAT":"F","CC_STAT":"T","NAME_GERM":"Türkei"},"id":"TR62"},{"arcs":[[675,676,-672,677,678,679]],"type":"Polygon","properties":{"NUTS_ID":"TR63","LEVL_CODE":2,"CNTR_CODE":"TR","NAME_LATN":"Hatay, Kahramanmaraş, Osmaniye","NUTS_NAME":"Hatay, Kahramanmaraş, Osmaniye","MOUNT_TYPE":0,"URBN_TYPE":0,"COAST_TYPE":0,"NAME_ENGL":"Türkiye","NAME_FREN":"Turquie","ISO3_CODE":"TUR","SVRG_UN":"UN Member State","CAPT":"Ankara","EU_STAT":"F","EFTA_STAT":"F","CC_STAT":"T","NAME_GERM":"Türkei"},"id":"TR63"},{"arcs":[[-674,-662,680,-497,681,682]],"type":"Polygon","properties":{"NUTS_ID":"TR71","LEVL_CODE":2,"CNTR_CODE":"TR","NAME_LATN":"Kırıkkale, Aksaray, Niğde, Nevşehir, Kırşehir","NUTS_NAME":"Kırıkkale, Aksaray, Niğde, Nevşehir, Kırşehir","MOUNT_TYPE":0,"URBN_TYPE":0,"COAST_TYPE":0,"NAME_ENGL":"Türkiye","NAME_FREN":"Turquie","ISO3_CODE":"TUR","SVRG_UN":"UN Member State","CAPT":"Ankara","EU_STAT":"F","EFTA_STAT":"F","CC_STAT":"T","NAME_GERM":"Türkei"},"id":"TR71"},{"arcs":[[683,684,685,-678,-675,-683,686,687]],"type":"Polygon","properties":{"NUTS_ID":"TR72","LEVL_CODE":2,"CNTR_CODE":"TR","NAME_LATN":"Kayseri, Sivas, Yozgat","NUTS_NAME":"Kayseri, Sivas, Yozgat","MOUNT_TYPE":0,"URBN_TYPE":0,"COAST_TYPE":0,"NAME_ENGL":"Türkiye","NAME_FREN":"Turquie","ISO3_CODE":"TUR","SVRG_UN":"UN Member State","CAPT":"Ankara","EU_STAT":"F","EFTA_STAT":"F","CC_STAT":"T","NAME_GERM":"Türkei"},"id":"TR72"},{"arcs":[[688,-687,-682,-496,689]],"type":"Polygon","properties":{"NUTS_ID":"TR83","LEVL_CODE":2,"CNTR_CODE":"TR","NAME_LATN":"Samsun, Tokat, Çorum, Amasya","NUTS_NAME":"Samsun, Tokat, Çorum, Amasya","MOUNT_TYPE":0,"URBN_TYPE":0,"COAST_TYPE":0,"NAME_ENGL":"Türkiye","NAME_FREN":"Turquie","ISO3_CODE":"TUR","SVRG_UN":"UN Member State","CAPT":"Ankara","EU_STAT":"F","EFTA_STAT":"F","CC_STAT":"T","NAME_GERM":"Türkei"},"id":"TR83"},{"arcs":[[690,691,-684,-688,-689,692]],"type":"Polygon","properties":{"NUTS_ID":"TR90","LEVL_CODE":2,"CNTR_CODE":"TR","NAME_LATN":"Trabzon, Ordu, Giresun, Rize, Artvin, Gümüşhane","NUTS_NAME":"Trabzon, Ordu, Giresun, Rize, Artvin, Gümüşhane","MOUNT_TYPE":0,"URBN_TYPE":0,"COAST_TYPE":0,"NAME_ENGL":"Türkiye","NAME_FREN":"Turquie","ISO3_CODE":"TUR","SVRG_UN":"UN Member State","CAPT":"Ankara","EU_STAT":"F","EFTA_STAT":"F","CC_STAT":"T","NAME_GERM":"Türkei"},"id":"TR90"},{"arcs":[[693,694,695,-685,-692,696]],"type":"Polygon","properties":{"NUTS_ID":"TRA1","LEVL_CODE":2,"CNTR_CODE":"TR","NAME_LATN":"Erzurum, Erzincan, Bayburt","NUTS_NAME":"Erzurum, Erzincan, Bayburt","MOUNT_TYPE":0,"URBN_TYPE":0,"COAST_TYPE":0,"NAME_ENGL":"Türkiye","NAME_FREN":"Turquie","ISO3_CODE":"TUR","SVRG_UN":"UN Member State","CAPT":"Ankara","EU_STAT":"F","EFTA_STAT":"F","CC_STAT":"T","NAME_GERM":"Türkei"},"id":"TRA1"},{"arcs":[[697,698,-694,-697,-691,699]],"type":"Polygon","properties":{"NUTS_ID":"TRA2","LEVL_CODE":2,"CNTR_CODE":"TR","NAME_LATN":"Ağrı, Kars, Iğdır, Ardahan","NUTS_NAME":"Ağrı, Kars, Iğdır, Ardahan","MOUNT_TYPE":0,"URBN_TYPE":0,"COAST_TYPE":0,"NAME_ENGL":"Türkiye","NAME_FREN":"Turquie","ISO3_CODE":"TUR","SVRG_UN":"UN Member State","CAPT":"Ankara","EU_STAT":"F","EFTA_STAT":"F","CC_STAT":"T","NAME_GERM":"Türkei"},"id":"TRA2"},{"arcs":[[-696,700,701,702,-679,-686]],"type":"Polygon","properties":{"NUTS_ID":"TRB1","LEVL_CODE":2,"CNTR_CODE":"TR","NAME_LATN":"Malatya, Elazığ, Bingöl, Tunceli","NUTS_NAME":"Malatya, Elazığ, Bingöl, Tunceli","MOUNT_TYPE":0,"URBN_TYPE":0,"COAST_TYPE":0,"NAME_ENGL":"Türkiye","NAME_FREN":"Turquie","ISO3_CODE":"TUR","SVRG_UN":"UN Member State","CAPT":"Ankara","EU_STAT":"F","EFTA_STAT":"F","CC_STAT":"T","NAME_GERM":"Türkei"},"id":"TRB1"},{"arcs":[[-699,703,704,705,-701,-695]],"type":"Polygon","properties":{"NUTS_ID":"TRB2","LEVL_CODE":2,"CNTR_CODE":"TR","NAME_LATN":"Van, Muş, Bitlis, Hakkari","NUTS_NAME":"Van, Muş, Bitlis, Hakkari","MOUNT_TYPE":0,"URBN_TYPE":0,"COAST_TYPE":0,"NAME_ENGL":"Türkiye","NAME_FREN":"Turquie","ISO3_CODE":"TUR","SVRG_UN":"UN Member State","CAPT":"Ankara","EU_STAT":"F","EFTA_STAT":"F","CC_STAT":"T","NAME_GERM":"Türkei"},"id":"TRB2"},{"arcs":[[706,707,-676,-680,-703]],"type":"Polygon","properties":{"NUTS_ID":"TRC1","LEVL_CODE":2,"CNTR_CODE":"TR","NAME_LATN":"Gaziantep, Adıyaman, Kilis","NUTS_NAME":"Gaziantep, Adıyaman, Kilis","MOUNT_TYPE":0,"URBN_TYPE":0,"COAST_TYPE":0,"NAME_ENGL":"Türkiye","NAME_FREN":"Turquie","ISO3_CODE":"TUR","SVRG_UN":"UN Member State","CAPT":"Ankara","EU_STAT":"F","EFTA_STAT":"F","CC_STAT":"T","NAME_GERM":"Türkei"},"id":"TRC1"},{"arcs":[[708,709,-707,-702,-706]],"type":"Polygon","properties":{"NUTS_ID":"TRC2","LEVL_CODE":2,"CNTR_CODE":"TR","NAME_LATN":"Şanlıurfa, Diyarbakır","NUTS_NAME":"Şanlıurfa, Diyarbakır","MOUNT_TYPE":0,"URBN_TYPE":0,"COAST_TYPE":0,"NAME_ENGL":"Türkiye","NAME_FREN":"Turquie","ISO3_CODE":"TUR","SVRG_UN":"UN Member State","CAPT":"Ankara","EU_STAT":"F","EFTA_STAT":"F","CC_STAT":"T","NAME_GERM":"Türkei"},"id":"TRC2"},{"arcs":[[710,711,712,713,714,715,716,717,718,719]],"type":"Polygon","properties":{"NUTS_ID":"UKI7","LEVL_CODE":2,"CNTR_CODE":"UK","NAME_LATN":"Outer London — West and North West","NUTS_NAME":"Outer London — West and North West","MOUNT_TYPE":0,"URBN_TYPE":0,"COAST_TYPE":0,"NAME_ENGL":"United Kingdom","NAME_FREN":"Royaume-Uni","ISO3_CODE":"GBR","SVRG_UN":"UN Member State","CAPT":"London","EU_STAT":"F","EFTA_STAT":"F","CC_STAT":"F","NAME_GERM":"Vereinigtes Königreich"},"id":"UKI7"},{"arcs":[[720,-716,721,722,723,724,725,726]],"type":"Polygon","properties":{"NUTS_ID":"UKJ1","LEVL_CODE":2,"CNTR_CODE":"UK","NAME_LATN":"Berkshire, Buckinghamshire and Oxfordshire","NUTS_NAME":"Berkshire, Buckinghamshire and Oxfordshire","MOUNT_TYPE":0,"URBN_TYPE":0,"COAST_TYPE":0,"NAME_ENGL":"United Kingdom","NAME_FREN":"Royaume-Uni","ISO3_CODE":"GBR","SVRG_UN":"UN Member State","CAPT":"London","EU_STAT":"F","EFTA_STAT":"F","CC_STAT":"F","NAME_GERM":"Vereinigtes Königreich"},"id":"UKJ1"},{"arcs":[[727,728,729,730,-722,-715]],"type":"Polygon","properties":{"NUTS_ID":"UKJ2","LEVL_CODE":2,"CNTR_CODE":"UK","NAME_LATN":"Surrey, East and West Sussex","NUTS_NAME":"Surrey, East and West Sussex","MOUNT_TYPE":0,"URBN_TYPE":0,"COAST_TYPE":0,"NAME_ENGL":"United Kingdom","NAME_FREN":"Royaume-Uni","ISO3_CODE":"GBR","SVRG_UN":"UN Member State","CAPT":"London","EU_STAT":"F","EFTA_STAT":"F","CC_STAT":"F","NAME_GERM":"Vereinigtes Königreich"},"id":"UKJ2"},{"arcs":[[[-731,731,732,733,-723]],[[734]]],"type":"MultiPolygon","properties":{"NUTS_ID":"UKJ3","LEVL_CODE":2,"CNTR_CODE":"UK","NAME_LATN":"Hampshire and Isle of Wight","NUTS_NAME":"Hampshire and Isle of Wight","MOUNT_TYPE":0,"URBN_TYPE":0,"COAST_TYPE":0,"NAME_ENGL":"United Kingdom","NAME_FREN":"Royaume-Uni","ISO3_CODE":"GBR","SVRG_UN":"UN Member State","CAPT":"London","EU_STAT":"F","EFTA_STAT":"F","CC_STAT":"F","NAME_GERM":"Vereinigtes Königreich"},"id":"UKJ3"},{"arcs":[[735,-729,736,737,738]],"type":"Polygon","properties":{"NUTS_ID":"UKJ4","LEVL_CODE":2,"CNTR_CODE":"UK","NAME_LATN":"Kent","NUTS_NAME":"Kent","MOUNT_TYPE":0,"URBN_TYPE":0,"COAST_TYPE":0,"NAME_ENGL":"United Kingdom","NAME_FREN":"Royaume-Uni","ISO3_CODE":"GBR","SVRG_UN":"UN Member State","CAPT":"London","EU_STAT":"F","EFTA_STAT":"F","CC_STAT":"F","NAME_GERM":"Vereinigtes Königreich"},"id":"UKJ4"},{"arcs":[[-724,-734,739,740,741,742]],"type":"Polygon","properties":{"NUTS_ID":"UKK1","LEVL_CODE":2,"CNTR_CODE":"UK","NAME_LATN":"Gloucestershire, Wiltshire and Bristol/Bath area","NUTS_NAME":"Gloucestershire, Wiltshire and Bristol/Bath area","MOUNT_TYPE":0,"URBN_TYPE":0,"COAST_TYPE":0,"NAME_ENGL":"United Kingdom","NAME_FREN":"Royaume-Uni","ISO3_CODE":"GBR","SVRG_UN":"UN Member State","CAPT":"London","EU_STAT":"F","EFTA_STAT":"F","CC_STAT":"F","NAME_GERM":"Vereinigtes Königreich"},"id":"UKK1"},{"arcs":[[-740,-733,743,744,745]],"type":"Polygon","properties":{"NUTS_ID":"UKK2","LEVL_CODE":2,"CNTR_CODE":"UK","NAME_LATN":"Dorset and Somerset","NUTS_NAME":"Dorset and Somerset","MOUNT_TYPE":0,"URBN_TYPE":0,"COAST_TYPE":0,"NAME_ENGL":"United Kingdom","NAME_FREN":"Royaume-Uni","ISO3_CODE":"GBR","SVRG_UN":"UN Member State","CAPT":"London","EU_STAT":"F","EFTA_STAT":"F","CC_STAT":"F","NAME_GERM":"Vereinigtes Königreich"},"id":"UKK2"},{"arcs":[[[746,747]],[[748]]],"type":"MultiPolygon","properties":{"NUTS_ID":"UKK3","LEVL_CODE":2,"CNTR_CODE":"UK","NAME_LATN":"Cornwall and Isles of Scilly","NUTS_NAME":"Cornwall and Isles of Scilly","MOUNT_TYPE":0,"URBN_TYPE":0,"COAST_TYPE":0,"NAME_ENGL":"United Kingdom","NAME_FREN":"Royaume-Uni","ISO3_CODE":"GBR","SVRG_UN":"UN Member State","CAPT":"London","EU_STAT":"F","EFTA_STAT":"F","CC_STAT":"F","NAME_GERM":"Vereinigtes Königreich"},"id":"UKK3"},{"arcs":[[749,-747,750,-745,751]],"type":"Polygon","properties":{"NUTS_ID":"UKK4","LEVL_CODE":2,"CNTR_CODE":"UK","NAME_LATN":"Devon","NUTS_NAME":"Devon","MOUNT_TYPE":0,"URBN_TYPE":0,"COAST_TYPE":0,"NAME_ENGL":"United Kingdom","NAME_FREN":"Royaume-Uni","ISO3_CODE":"GBR","SVRG_UN":"UN Member State","CAPT":"London","EU_STAT":"F","EFTA_STAT":"F","CC_STAT":"F","NAME_GERM":"Vereinigtes Königreich"},"id":"UKK4"},{"arcs":[[[-414,752,753,754,-420,-417,-419]],[[755]],[[756]],[[757]],[[758]],[[759]]],"type":"MultiPolygon","properties":{"NUTS_ID":"EL61","LEVL_CODE":2,"CNTR_CODE":"EL","NAME_LATN":"Thessalia","NUTS_NAME":"Θεσσαλία","MOUNT_TYPE":0,"URBN_TYPE":0,"COAST_TYPE":0,"NAME_ENGL":"Greece","NAME_FREN":"Grèce","ISO3_CODE":"GRC","SVRG_UN":"UN Member State","CAPT":"Athens","EU_STAT":"T","EFTA_STAT":"F","CC_STAT":"F","NAME_GERM":"Griechenland"},"id":"EL61"},{"arcs":[[[760]],[[761]],[[762]],[[763]],[[764]],[[765]]],"type":"MultiPolygon","properties":{"NUTS_ID":"EL62","LEVL_CODE":2,"CNTR_CODE":"EL","NAME_LATN":"Ionia Nisia","NUTS_NAME":"Ιόνια Νησιά","MOUNT_TYPE":0,"URBN_TYPE":0,"COAST_TYPE":0,"NAME_ENGL":"Greece","NAME_FREN":"Grèce","ISO3_CODE":"GRC","SVRG_UN":"UN Member State","CAPT":"Athens","EU_STAT":"T","EFTA_STAT":"F","CC_STAT":"F","NAME_GERM":"Griechenland"},"id":"EL62"},{"arcs":[[[766,767]],[[768,769,-421,-755,770]]],"type":"MultiPolygon","properties":{"NUTS_ID":"EL63","LEVL_CODE":2,"CNTR_CODE":"EL","NAME_LATN":"Dytiki Elláda","NUTS_NAME":"Δυτική Ελλάδα","MOUNT_TYPE":0,"URBN_TYPE":0,"COAST_TYPE":0,"NAME_ENGL":"Greece","NAME_FREN":"Grèce","ISO3_CODE":"GRC","SVRG_UN":"UN Member State","CAPT":"Athens","EU_STAT":"T","EFTA_STAT":"F","CC_STAT":"F","NAME_GERM":"Griechenland"},"id":"EL63"},{"arcs":[[[-754,771,-165,772,-769,-771]],[[773]],[[774]]],"type":"MultiPolygon","properties":{"NUTS_ID":"EL64","LEVL_CODE":2,"CNTR_CODE":"EL","NAME_LATN":"Sterea Elláda","NUTS_NAME":"Στερεά Ελλάδα","MOUNT_TYPE":0,"URBN_TYPE":0,"COAST_TYPE":0,"NAME_ENGL":"Greece","NAME_FREN":"Grèce","ISO3_CODE":"GRC","SVRG_UN":"UN Member State","CAPT":"Athens","EU_STAT":"T","EFTA_STAT":"F","CC_STAT":"F","NAME_GERM":"Griechenland"},"id":"EL64"},{"arcs":[[-163,775,-168,776,-767,777]],"type":"Polygon","properties":{"NUTS_ID":"EL65","LEVL_CODE":2,"CNTR_CODE":"EL","NAME_LATN":"Peloponnisos","NUTS_NAME":"Πελοπόννησος","MOUNT_TYPE":0,"URBN_TYPE":0,"COAST_TYPE":0,"NAME_ENGL":"Greece","NAME_FREN":"Grèce","ISO3_CODE":"GRC","SVRG_UN":"UN Member State","CAPT":"Athens","EU_STAT":"T","EFTA_STAT":"F","CC_STAT":"F","NAME_GERM":"Griechenland"},"id":"EL65"},{"arcs":[[778,779,780,781]],"type":"Polygon","properties":{"NUTS_ID":"ES11","LEVL_CODE":2,"CNTR_CODE":"ES","NAME_LATN":"Galicia","NUTS_NAME":"Galicia","MOUNT_TYPE":0,"URBN_TYPE":0,"COAST_TYPE":0,"NAME_ENGL":"Spain","NAME_FREN":"Espagne","ISO3_CODE":"ESP","SVRG_UN":"UN Member State","CAPT":"Madrid","EU_STAT":"T","EFTA_STAT":"F","CC_STAT":"F","NAME_GERM":"Spanien"},"id":"ES11"},{"arcs":[[782,783,-782,784]],"type":"Polygon","properties":{"NUTS_ID":"ES12","LEVL_CODE":2,"CNTR_CODE":"ES","NAME_LATN":"Principado de Asturias","NUTS_NAME":"Principado de Asturias","MOUNT_TYPE":0,"URBN_TYPE":0,"COAST_TYPE":0,"NAME_ENGL":"Spain","NAME_FREN":"Espagne","ISO3_CODE":"ESP","SVRG_UN":"UN Member State","CAPT":"Madrid","EU_STAT":"T","EFTA_STAT":"F","CC_STAT":"F","NAME_GERM":"Spanien"},"id":"ES12"},{"arcs":[[785,786,-783,787]],"type":"Polygon","properties":{"NUTS_ID":"ES13","LEVL_CODE":2,"CNTR_CODE":"ES","NAME_LATN":"Cantabria","NUTS_NAME":"Cantabria","MOUNT_TYPE":0,"URBN_TYPE":0,"COAST_TYPE":0,"NAME_ENGL":"Spain","NAME_FREN":"Espagne","ISO3_CODE":"ESP","SVRG_UN":"UN Member State","CAPT":"Madrid","EU_STAT":"T","EFTA_STAT":"F","CC_STAT":"F","NAME_GERM":"Spanien"},"id":"ES13"},{"arcs":[[788,-580,789,790,791,-786,792],[793]],"type":"Polygon","properties":{"NUTS_ID":"ES21","LEVL_CODE":2,"CNTR_CODE":"ES","NAME_LATN":"País Vasco","NUTS_NAME":"País Vasco","MOUNT_TYPE":0,"URBN_TYPE":0,"COAST_TYPE":0,"NAME_ENGL":"Spain","NAME_FREN":"Espagne","ISO3_CODE":"ESP","SVRG_UN":"UN Member State","CAPT":"Madrid","EU_STAT":"T","EFTA_STAT":"F","CC_STAT":"F","NAME_GERM":"Spanien"},"id":"ES21"},{"arcs":[[[794,795,-790,-579]],[[796]]],"type":"MultiPolygon","properties":{"NUTS_ID":"ES22","LEVL_CODE":2,"CNTR_CODE":"ES","NAME_LATN":"Comunidad Foral de Navarra","NUTS_NAME":"Comunidad Foral de Navarra","MOUNT_TYPE":0,"URBN_TYPE":0,"COAST_TYPE":0,"NAME_ENGL":"Spain","NAME_FREN":"Espagne","ISO3_CODE":"ESP","SVRG_UN":"UN Member State","CAPT":"Madrid","EU_STAT":"T","EFTA_STAT":"F","CC_STAT":"F","NAME_GERM":"Spanien"},"id":"ES22"},{"arcs":[[-796,797,798,-791]],"type":"Polygon","properties":{"NUTS_ID":"ES23","LEVL_CODE":2,"CNTR_CODE":"ES","NAME_LATN":"La Rioja","NUTS_NAME":"La Rioja","MOUNT_TYPE":0,"URBN_TYPE":0,"COAST_TYPE":0,"NAME_ENGL":"Spain","NAME_FREN":"Espagne","ISO3_CODE":"ESP","SVRG_UN":"UN Member State","CAPT":"Madrid","EU_STAT":"T","EFTA_STAT":"F","CC_STAT":"F","NAME_GERM":"Spanien"},"id":"ES23"},{"arcs":[[-598,-252,-257,799,-259,800,801,-798,-795,-578],[-797]],"type":"Polygon","properties":{"NUTS_ID":"ES24","LEVL_CODE":2,"CNTR_CODE":"ES","NAME_LATN":"Aragón","NUTS_NAME":"Aragón","MOUNT_TYPE":0,"URBN_TYPE":0,"COAST_TYPE":0,"NAME_ENGL":"Spain","NAME_FREN":"Espagne","ISO3_CODE":"ESP","SVRG_UN":"UN Member State","CAPT":"Madrid","EU_STAT":"T","EFTA_STAT":"F","CC_STAT":"F","NAME_GERM":"Spanien"},"id":"ES24"},{"arcs":[[[802,803,804]],[[805]]],"type":"MultiPolygon","properties":{"NUTS_ID":"ES30","LEVL_CODE":2,"CNTR_CODE":"ES","NAME_LATN":"Comunidad de Madrid","NUTS_NAME":"Comunidad de Madrid","MOUNT_TYPE":0,"URBN_TYPE":0,"COAST_TYPE":0,"NAME_ENGL":"Spain","NAME_FREN":"Espagne","ISO3_CODE":"ESP","SVRG_UN":"UN Member State","CAPT":"Madrid","EU_STAT":"T","EFTA_STAT":"F","CC_STAT":"F","NAME_GERM":"Spanien"},"id":"ES30"},{"arcs":[[[-787,-792,-799,-802,806,-804,807,808,809,810,-779,-784]],[[-794]]],"type":"MultiPolygon","properties":{"NUTS_ID":"ES41","LEVL_CODE":2,"CNTR_CODE":"ES","NAME_LATN":"Castilla y León","NUTS_NAME":"Castilla y León","MOUNT_TYPE":0,"URBN_TYPE":0,"COAST_TYPE":0,"NAME_ENGL":"Spain","NAME_FREN":"Espagne","ISO3_CODE":"ESP","SVRG_UN":"UN Member State","CAPT":"Madrid","EU_STAT":"T","EFTA_STAT":"F","CC_STAT":"F","NAME_GERM":"Spanien"},"id":"ES41"},{"arcs":[[-801,-258,-800,-256,811,812,813,-808,-803,-805,-807],[-806]],"type":"Polygon","properties":{"NUTS_ID":"ES42","LEVL_CODE":2,"CNTR_CODE":"ES","NAME_LATN":"Castilla-La Mancha","NUTS_NAME":"Castilla-La Mancha","MOUNT_TYPE":0,"URBN_TYPE":0,"COAST_TYPE":0,"NAME_ENGL":"Spain","NAME_FREN":"Espagne","ISO3_CODE":"ESP","SVRG_UN":"UN Member State","CAPT":"Madrid","EU_STAT":"T","EFTA_STAT":"F","CC_STAT":"F","NAME_GERM":"Spanien"},"id":"ES42"},{"arcs":[[-809,-814,814,815,816]],"type":"Polygon","properties":{"NUTS_ID":"ES43","LEVL_CODE":2,"CNTR_CODE":"ES","NAME_LATN":"Extremadura","NUTS_NAME":"Extremadura","MOUNT_TYPE":0,"URBN_TYPE":0,"COAST_TYPE":0,"NAME_ENGL":"Spain","NAME_FREN":"Espagne","ISO3_CODE":"ESP","SVRG_UN":"UN Member State","CAPT":"Madrid","EU_STAT":"T","EFTA_STAT":"F","CC_STAT":"F","NAME_GERM":"Spanien"},"id":"ES43"},{"arcs":[[817,818,819,820,821,822]],"type":"Polygon","properties":{"NUTS_ID":"SE12","LEVL_CODE":2,"CNTR_CODE":"SE","NAME_LATN":"Östra Mellansverige","NUTS_NAME":"Östra Mellansverige","MOUNT_TYPE":0,"URBN_TYPE":0,"COAST_TYPE":0,"NAME_ENGL":"Sweden","NAME_FREN":"Suède","ISO3_CODE":"SWE","SVRG_UN":"UN Member State","CAPT":"Stockholm","EU_STAT":"T","EFTA_STAT":"F","CC_STAT":"F","NAME_GERM":"Schweden"},"id":"SE12"},{"arcs":[[[-820,823,824,825]],[[826]],[[827]],[[828]],[[829]]],"type":"MultiPolygon","properties":{"NUTS_ID":"SE21","LEVL_CODE":2,"CNTR_CODE":"SE","NAME_LATN":"Småland med öarna","NUTS_NAME":"Småland med öarna","MOUNT_TYPE":0,"URBN_TYPE":0,"COAST_TYPE":0,"NAME_ENGL":"Sweden","NAME_FREN":"Suède","ISO3_CODE":"SWE","SVRG_UN":"UN Member State","CAPT":"Stockholm","EU_STAT":"T","EFTA_STAT":"F","CC_STAT":"F","NAME_GERM":"Schweden"},"id":"SE21"},{"arcs":[[[-825,830,831]],[[832]]],"type":"MultiPolygon","properties":{"NUTS_ID":"SE22","LEVL_CODE":2,"CNTR_CODE":"SE","NAME_LATN":"Sydsverige","NUTS_NAME":"Sydsverige","MOUNT_TYPE":0,"URBN_TYPE":0,"COAST_TYPE":0,"NAME_ENGL":"Sweden","NAME_FREN":"Suède","ISO3_CODE":"SWE","SVRG_UN":"UN Member State","CAPT":"Stockholm","EU_STAT":"T","EFTA_STAT":"F","CC_STAT":"F","NAME_GERM":"Schweden"},"id":"SE22"},{"arcs":[[-821,-826,-832,833,834,835]],"type":"Polygon","properties":{"NUTS_ID":"SE23","LEVL_CODE":2,"CNTR_CODE":"SE","NAME_LATN":"Västsverige","NUTS_NAME":"Västsverige","MOUNT_TYPE":0,"URBN_TYPE":0,"COAST_TYPE":0,"NAME_ENGL":"Sweden","NAME_FREN":"Suède","ISO3_CODE":"SWE","SVRG_UN":"UN Member State","CAPT":"Stockholm","EU_STAT":"T","EFTA_STAT":"F","CC_STAT":"F","NAME_GERM":"Schweden"},"id":"SE23"},{"arcs":[[-822,-836,836,837,838,839]],"type":"Polygon","properties":{"NUTS_ID":"SE31","LEVL_CODE":2,"CNTR_CODE":"SE","NAME_LATN":"Norra Mellansverige","NUTS_NAME":"Norra Mellansverige","MOUNT_TYPE":0,"URBN_TYPE":0,"COAST_TYPE":0,"NAME_ENGL":"Sweden","NAME_FREN":"Suède","ISO3_CODE":"SWE","SVRG_UN":"UN Member State","CAPT":"Stockholm","EU_STAT":"T","EFTA_STAT":"F","CC_STAT":"F","NAME_GERM":"Schweden"},"id":"SE31"},{"arcs":[[840,-633,841,-650,-647]],"type":"Polygon","properties":{"NUTS_ID":"HU23","LEVL_CODE":2,"CNTR_CODE":"HU","NAME_LATN":"Dél-Dunántúl","NUTS_NAME":"Dél-Dunántúl","MOUNT_TYPE":0,"URBN_TYPE":0,"COAST_TYPE":0,"NAME_ENGL":"Hungary","NAME_FREN":"Hongrie","ISO3_CODE":"HUN","SVRG_UN":"UN Member State","CAPT":"Budapest","EU_STAT":"T","EFTA_STAT":"F","CC_STAT":"F","NAME_GERM":"Ungarn"},"id":"HU23"},{"arcs":[[842,-640,-645,843,844,845]],"type":"Polygon","properties":{"NUTS_ID":"HU31","LEVL_CODE":2,"CNTR_CODE":"HU","NAME_LATN":"Észak-Magyarország","NUTS_NAME":"Észak-Magyarország","MOUNT_TYPE":0,"URBN_TYPE":0,"COAST_TYPE":0,"NAME_ENGL":"Hungary","NAME_FREN":"Hongrie","ISO3_CODE":"HUN","SVRG_UN":"UN Member State","CAPT":"Budapest","EU_STAT":"T","EFTA_STAT":"F","CC_STAT":"F","NAME_GERM":"Ungarn"},"id":"HU31"},{"arcs":[[846,-641,-843,847,848,849]],"type":"Polygon","properties":{"NUTS_ID":"HU32","LEVL_CODE":2,"CNTR_CODE":"HU","NAME_LATN":"Észak-Alföld","NUTS_NAME":"Észak-Alföld","MOUNT_TYPE":0,"URBN_TYPE":0,"COAST_TYPE":0,"NAME_ENGL":"Hungary","NAME_FREN":"Hongrie","ISO3_CODE":"HUN","SVRG_UN":"UN Member State","CAPT":"Budapest","EU_STAT":"T","EFTA_STAT":"F","CC_STAT":"F","NAME_GERM":"Ungarn"},"id":"HU32"},{"arcs":[[850,851,852,-634,-841,-646,-642,-847]],"type":"Polygon","properties":{"NUTS_ID":"HU33","LEVL_CODE":2,"CNTR_CODE":"HU","NAME_LATN":"Dél-Alföld","NUTS_NAME":"Dél-Alföld","MOUNT_TYPE":0,"URBN_TYPE":0,"COAST_TYPE":0,"NAME_ENGL":"Hungary","NAME_FREN":"Hongrie","ISO3_CODE":"HUN","SVRG_UN":"UN Member State","CAPT":"Budapest","EU_STAT":"T","EFTA_STAT":"F","CC_STAT":"F","NAME_GERM":"Ungarn"},"id":"HU33"},{"arcs":[[[853,854,855,856]],[[857]],[[858]]],"type":"MultiPolygon","properties":{"NUTS_ID":"IE04","LEVL_CODE":2,"CNTR_CODE":"IE","NAME_LATN":"Northern and Western","NUTS_NAME":"Northern and Western","MOUNT_TYPE":0,"URBN_TYPE":0,"COAST_TYPE":0,"NAME_ENGL":"Ireland","NAME_FREN":"Irlande","ISO3_CODE":"IRL","SVRG_UN":"UN Member State","CAPT":"Dublin","EU_STAT":"T","EFTA_STAT":"F","CC_STAT":"F","NAME_GERM":"Irland"},"id":"IE04"},{"arcs":[[[859,860,-856,861]],[[862]]],"type":"MultiPolygon","properties":{"NUTS_ID":"IE05","LEVL_CODE":2,"CNTR_CODE":"IE","NAME_LATN":"Southern","NUTS_NAME":"Southern","MOUNT_TYPE":0,"URBN_TYPE":0,"COAST_TYPE":0,"NAME_ENGL":"Ireland","NAME_FREN":"Irlande","ISO3_CODE":"IRL","SVRG_UN":"UN Member State","CAPT":"Dublin","EU_STAT":"T","EFTA_STAT":"F","CC_STAT":"F","NAME_GERM":"Irland"},"id":"IE05"},{"arcs":[[863,-860,-862,-855,864,865]],"type":"Polygon","properties":{"NUTS_ID":"IE06","LEVL_CODE":2,"CNTR_CODE":"IE","NAME_LATN":"Eastern and Midland","NUTS_NAME":"Eastern and Midland","MOUNT_TYPE":0,"URBN_TYPE":0,"COAST_TYPE":0,"NAME_ENGL":"Ireland","NAME_FREN":"Irlande","ISO3_CODE":"IRL","SVRG_UN":"UN Member State","CAPT":"Dublin","EU_STAT":"T","EFTA_STAT":"F","CC_STAT":"F","NAME_GERM":"Irland"},"id":"IE06"},{"arcs":[[866]],"type":"Polygon","properties":{"NUTS_ID":"IS00","LEVL_CODE":2,"CNTR_CODE":"IS","NAME_LATN":"Ísland","NUTS_NAME":"Ísland","MOUNT_TYPE":0,"URBN_TYPE":0,"COAST_TYPE":0,"NAME_ENGL":"Iceland","NAME_FREN":"Islande","ISO3_CODE":"ISL","SVRG_UN":"UN Member State","CAPT":"Reykjavík","EU_STAT":"F","EFTA_STAT":"T","CC_STAT":"F","NAME_GERM":"Island"},"id":"IS00"},{"arcs":[[867,-469,868,-603,-601,869,-340,-444,870]],"type":"Polygon","properties":{"NUTS_ID":"ITC1","LEVL_CODE":2,"CNTR_CODE":"IT","NAME_LATN":"Piemonte","NUTS_NAME":"Piemonte","MOUNT_TYPE":0,"URBN_TYPE":0,"COAST_TYPE":0,"NAME_ENGL":"Italy","NAME_FREN":"Italie","ISO3_CODE":"ITA","SVRG_UN":"UN Member State","CAPT":"Rome","EU_STAT":"T","EFTA_STAT":"F","CC_STAT":"F","NAME_GERM":"Italien"},"id":"ITC1"},{"arcs":[[-870,-600,-341]],"type":"Polygon","properties":{"NUTS_ID":"ITC2","LEVL_CODE":2,"CNTR_CODE":"IT","NAME_LATN":"Valle d’Aosta/Vallée d’Aoste","NUTS_NAME":"Valle d’Aosta/Vallée d’Aoste","MOUNT_TYPE":0,"URBN_TYPE":0,"COAST_TYPE":0,"NAME_ENGL":"Italy","NAME_FREN":"Italie","ISO3_CODE":"ITA","SVRG_UN":"UN Member State","CAPT":"Rome","EU_STAT":"T","EFTA_STAT":"F","CC_STAT":"F","NAME_GERM":"Italien"},"id":"ITC2"},{"arcs":[[-468,-475,871,-604,-869]],"type":"Polygon","properties":{"NUTS_ID":"ITC3","LEVL_CODE":2,"CNTR_CODE":"IT","NAME_LATN":"Liguria","NUTS_NAME":"Liguria","MOUNT_TYPE":0,"URBN_TYPE":0,"COAST_TYPE":0,"NAME_ENGL":"Italy","NAME_FREN":"Italie","ISO3_CODE":"ITA","SVRG_UN":"UN Member State","CAPT":"Rome","EU_STAT":"T","EFTA_STAT":"F","CC_STAT":"F","NAME_GERM":"Italien"},"id":"ITC3"},{"arcs":[[-458,-462,-470,-868,-871,-443,-439,-451,-453]],"type":"Polygon","properties":{"NUTS_ID":"ITC4","LEVL_CODE":2,"CNTR_CODE":"IT","NAME_LATN":"Lombardia","NUTS_NAME":"Lombardia","MOUNT_TYPE":0,"URBN_TYPE":0,"COAST_TYPE":0,"NAME_ENGL":"Italy","NAME_FREN":"Italie","ISO3_CODE":"ITA","SVRG_UN":"UN Member State","CAPT":"Rome","EU_STAT":"T","EFTA_STAT":"F","CC_STAT":"F","NAME_GERM":"Italien"},"id":"ITC4"},{"arcs":[[872,-486,-483,873,874]],"type":"Polygon","properties":{"NUTS_ID":"ITF1","LEVL_CODE":2,"CNTR_CODE":"IT","NAME_LATN":"Abruzzo","NUTS_NAME":"Abruzzo","MOUNT_TYPE":0,"URBN_TYPE":0,"COAST_TYPE":0,"NAME_ENGL":"Italy","NAME_FREN":"Italie","ISO3_CODE":"ITA","SVRG_UN":"UN Member State","CAPT":"Rome","EU_STAT":"T","EFTA_STAT":"F","CC_STAT":"F","NAME_GERM":"Italien"},"id":"ITF1"},{"arcs":[[875,876,-487,-873,-875,877]],"type":"Polygon","properties":{"NUTS_ID":"ITF2","LEVL_CODE":2,"CNTR_CODE":"IT","NAME_LATN":"Molise","NUTS_NAME":"Molise","MOUNT_TYPE":0,"URBN_TYPE":0,"COAST_TYPE":0,"NAME_ENGL":"Italy","NAME_FREN":"Italie","ISO3_CODE":"ITA","SVRG_UN":"UN Member State","CAPT":"Rome","EU_STAT":"T","EFTA_STAT":"F","CC_STAT":"F","NAME_GERM":"Italien"},"id":"ITF2"},{"arcs":[[[-877,878,879,880,-488]],[[881]]],"type":"MultiPolygon","properties":{"NUTS_ID":"ITF3","LEVL_CODE":2,"CNTR_CODE":"IT","NAME_LATN":"Campania","NUTS_NAME":"Campania","MOUNT_TYPE":0,"URBN_TYPE":0,"COAST_TYPE":0,"NAME_ENGL":"Italy","NAME_FREN":"Italie","ISO3_CODE":"ITA","SVRG_UN":"UN Member State","CAPT":"Rome","EU_STAT":"T","EFTA_STAT":"F","CC_STAT":"F","NAME_GERM":"Italien"},"id":"ITF3"},{"arcs":[[[882,883,-879,-876,884]],[[885]]],"type":"MultiPolygon","properties":{"NUTS_ID":"ITF4","LEVL_CODE":2,"CNTR_CODE":"IT","NAME_LATN":"Puglia","NUTS_NAME":"Puglia","MOUNT_TYPE":0,"URBN_TYPE":0,"COAST_TYPE":0,"NAME_ENGL":"Italy","NAME_FREN":"Italie","ISO3_CODE":"ITA","SVRG_UN":"UN Member State","CAPT":"Rome","EU_STAT":"T","EFTA_STAT":"F","CC_STAT":"F","NAME_GERM":"Italien"},"id":"ITF4"},{"arcs":[[-884,886,-656,887,-880]],"type":"Polygon","properties":{"NUTS_ID":"ITF5","LEVL_CODE":2,"CNTR_CODE":"IT","NAME_LATN":"Basilicata","NUTS_NAME":"Basilicata","MOUNT_TYPE":0,"URBN_TYPE":0,"COAST_TYPE":0,"NAME_ENGL":"Italy","NAME_FREN":"Italie","ISO3_CODE":"ITA","SVRG_UN":"UN Member State","CAPT":"Rome","EU_STAT":"T","EFTA_STAT":"F","CC_STAT":"F","NAME_GERM":"Italien"},"id":"ITF5"},{"arcs":[[[888]],[[889]],[[890]],[[891]]],"type":"MultiPolygon","properties":{"NUTS_ID":"ES53","LEVL_CODE":2,"CNTR_CODE":"ES","NAME_LATN":"Illes Balears","NUTS_NAME":"Illes Balears","MOUNT_TYPE":0,"URBN_TYPE":0,"COAST_TYPE":0,"NAME_ENGL":"Spain","NAME_FREN":"Espagne","ISO3_CODE":"ESP","SVRG_UN":"UN Member State","CAPT":"Madrid","EU_STAT":"T","EFTA_STAT":"F","CC_STAT":"F","NAME_GERM":"Spanien"},"id":"ES53"},{"arcs":[[-813,892,893,894,895,-815]],"type":"Polygon","properties":{"NUTS_ID":"ES61","LEVL_CODE":2,"CNTR_CODE":"ES","NAME_LATN":"Andalucía","NUTS_NAME":"Andalucía","MOUNT_TYPE":0,"URBN_TYPE":0,"COAST_TYPE":0,"NAME_ENGL":"Spain","NAME_FREN":"Espagne","ISO3_CODE":"ESP","SVRG_UN":"UN Member State","CAPT":"Madrid","EU_STAT":"T","EFTA_STAT":"F","CC_STAT":"F","NAME_GERM":"Spanien"},"id":"ES61"},{"arcs":[[-255,896,-893,-812]],"type":"Polygon","properties":{"NUTS_ID":"ES62","LEVL_CODE":2,"CNTR_CODE":"ES","NAME_LATN":"Región de Murcia","NUTS_NAME":"Región de Murcia","MOUNT_TYPE":0,"URBN_TYPE":0,"COAST_TYPE":0,"NAME_ENGL":"Spain","NAME_FREN":"Espagne","ISO3_CODE":"ESP","SVRG_UN":"UN Member State","CAPT":"Madrid","EU_STAT":"T","EFTA_STAT":"F","CC_STAT":"F","NAME_GERM":"Spanien"},"id":"ES62"},{"arcs":[[897]],"type":"Polygon","properties":{"NUTS_ID":"ES63","LEVL_CODE":2,"CNTR_CODE":"ES","NAME_LATN":"Ciudad de Ceuta","NUTS_NAME":"Ciudad de Ceuta","MOUNT_TYPE":0,"URBN_TYPE":0,"COAST_TYPE":0,"NAME_ENGL":"Spain","NAME_FREN":"Espagne","ISO3_CODE":"ESP","SVRG_UN":"UN Member State","CAPT":"Madrid","EU_STAT":"T","EFTA_STAT":"F","CC_STAT":"F","NAME_GERM":"Spanien"},"id":"ES63"},{"arcs":[[898]],"type":"Polygon","properties":{"NUTS_ID":"ES64","LEVL_CODE":2,"CNTR_CODE":"ES","NAME_LATN":"Ciudad de Melilla","NUTS_NAME":"Ciudad de Melilla","MOUNT_TYPE":0,"URBN_TYPE":0,"COAST_TYPE":0,"NAME_ENGL":"Spain","NAME_FREN":"Espagne","ISO3_CODE":"ESP","SVRG_UN":"UN Member State","CAPT":"Madrid","EU_STAT":"T","EFTA_STAT":"F","CC_STAT":"F","NAME_GERM":"Spanien"},"id":"ES64"},{"arcs":[[[899]],[[900]],[[901]],[[902]],[[903]],[[904]],[[905]]],"type":"MultiPolygon","properties":{"NUTS_ID":"ES70","LEVL_CODE":2,"CNTR_CODE":"ES","NAME_LATN":"Canarias","NUTS_NAME":"Canarias","MOUNT_TYPE":0,"URBN_TYPE":0,"COAST_TYPE":0,"NAME_ENGL":"Spain","NAME_FREN":"Espagne","ISO3_CODE":"ESP","SVRG_UN":"UN Member State","CAPT":"Madrid","EU_STAT":"T","EFTA_STAT":"F","CC_STAT":"F","NAME_GERM":"Spanien"},"id":"ES70"},{"arcs":[[[906,907,908,909]],[[910]],[[911]]],"type":"MultiPolygon","properties":{"NUTS_ID":"FI19","LEVL_CODE":2,"CNTR_CODE":"FI","NAME_LATN":"Länsi-Suomi","NUTS_NAME":"Länsi-Suomi","MOUNT_TYPE":0,"URBN_TYPE":0,"COAST_TYPE":0,"NAME_ENGL":"Finland","NAME_FREN":"Finlande","ISO3_CODE":"FIN","SVRG_UN":"UN Member State","CAPT":"Helsinki","EU_STAT":"T","EFTA_STAT":"F","CC_STAT":"F","NAME_GERM":"Finnland"},"id":"FI19"},{"arcs":[[912,913,914]],"type":"Polygon","properties":{"NUTS_ID":"FI1B","LEVL_CODE":2,"CNTR_CODE":"FI","NAME_LATN":"Helsinki-Uusimaa","NUTS_NAME":"Helsinki-Uusimaa","MOUNT_TYPE":0,"URBN_TYPE":0,"COAST_TYPE":0,"NAME_ENGL":"Finland","NAME_FREN":"Finlande","ISO3_CODE":"FIN","SVRG_UN":"UN Member State","CAPT":"Helsinki","EU_STAT":"T","EFTA_STAT":"F","CC_STAT":"F","NAME_GERM":"Finnland"},"id":"FI1B"},{"arcs":[[[915,-913,-915,916,-908,917]],[[918]],[[919]],[[920]],[[921]],[[922]],[[923]]],"type":"MultiPolygon","properties":{"NUTS_ID":"FI1C","LEVL_CODE":2,"CNTR_CODE":"FI","NAME_LATN":"Etelä-Suomi","NUTS_NAME":"Etelä-Suomi","MOUNT_TYPE":0,"URBN_TYPE":0,"COAST_TYPE":0,"NAME_ENGL":"Finland","NAME_FREN":"Finlande","ISO3_CODE":"FIN","SVRG_UN":"UN Member State","CAPT":"Helsinki","EU_STAT":"T","EFTA_STAT":"F","CC_STAT":"F","NAME_GERM":"Finnland"},"id":"FI1C"},{"arcs":[[[924,-918,-907,-910,925,926,927]],[[928]]],"type":"MultiPolygon","properties":{"NUTS_ID":"FI1D","LEVL_CODE":2,"CNTR_CODE":"FI","NAME_LATN":"Pohjois- ja Itä-Suomi","NUTS_NAME":"Pohjois- ja Itä-Suomi","MOUNT_TYPE":0,"URBN_TYPE":0,"COAST_TYPE":0,"NAME_ENGL":"Finland","NAME_FREN":"Finlande","ISO3_CODE":"FIN","SVRG_UN":"UN Member State","CAPT":"Helsinki","EU_STAT":"T","EFTA_STAT":"F","CC_STAT":"F","NAME_GERM":"Finnland"},"id":"FI1D"},{"arcs":[[[929]],[[930]],[[931]],[[932]],[[933]],[[934]],[[935]]],"type":"MultiPolygon","properties":{"NUTS_ID":"FI20","LEVL_CODE":2,"CNTR_CODE":"FI","NAME_LATN":"Åland","NUTS_NAME":"Åland","MOUNT_TYPE":0,"URBN_TYPE":0,"COAST_TYPE":0,"NAME_ENGL":"Finland","NAME_FREN":"Finlande","ISO3_CODE":"FIN","SVRG_UN":"UN Member State","CAPT":"Helsinki","EU_STAT":"T","EFTA_STAT":"F","CC_STAT":"F","NAME_GERM":"Finnland"},"id":"FI20"},{"arcs":[[-565,-569,-546,-533,-541,-559]],"type":"Polygon","properties":{"NUTS_ID":"FR10","LEVL_CODE":2,"CNTR_CODE":"FR","NAME_LATN":"Ile-de-France","NUTS_NAME":"Ile-de-France","MOUNT_TYPE":0,"URBN_TYPE":0,"COAST_TYPE":0,"NAME_ENGL":"France","NAME_FREN":"France","ISO3_CODE":"FRA","SVRG_UN":"UN Member State","CAPT":"Paris","EU_STAT":"T","EFTA_STAT":"F","CC_STAT":"F","NAME_GERM":"Frankreich"},"id":"FR10"},{"arcs":[[936,937,938,939,940,941]],"type":"Polygon","properties":{"NUTS_ID":"PL71","LEVL_CODE":2,"CNTR_CODE":"PL","NAME_LATN":"Łódzkie","NUTS_NAME":"Łódzkie","MOUNT_TYPE":0,"URBN_TYPE":0,"COAST_TYPE":0,"NAME_ENGL":"Poland","NAME_FREN":"Pologne","ISO3_CODE":"POL","SVRG_UN":"UN Member State","CAPT":"Warsaw","EU_STAT":"T","EFTA_STAT":"F","CC_STAT":"F","NAME_GERM":"Polen"},"id":"PL71"},{"arcs":[[942,943,944,945,946,-938]],"type":"Polygon","properties":{"NUTS_ID":"PL72","LEVL_CODE":2,"CNTR_CODE":"PL","NAME_LATN":"Świętokrzyskie","NUTS_NAME":"Świętokrzyskie","MOUNT_TYPE":0,"URBN_TYPE":0,"COAST_TYPE":0,"NAME_ENGL":"Poland","NAME_FREN":"Pologne","ISO3_CODE":"POL","SVRG_UN":"UN Member State","CAPT":"Warsaw","EU_STAT":"T","EFTA_STAT":"F","CC_STAT":"F","NAME_GERM":"Polen"},"id":"PL72"},{"arcs":[[947,948,-944,949,950,951]],"type":"Polygon","properties":{"NUTS_ID":"PL81","LEVL_CODE":2,"CNTR_CODE":"PL","NAME_LATN":"Lubelskie","NUTS_NAME":"Lubelskie","MOUNT_TYPE":0,"URBN_TYPE":0,"COAST_TYPE":0,"NAME_ENGL":"Poland","NAME_FREN":"Pologne","ISO3_CODE":"POL","SVRG_UN":"UN Member State","CAPT":"Warsaw","EU_STAT":"T","EFTA_STAT":"F","CC_STAT":"F","NAME_GERM":"Polen"},"id":"PL81"},{"arcs":[[-949,952,953,954,-945]],"type":"Polygon","properties":{"NUTS_ID":"PL82","LEVL_CODE":2,"CNTR_CODE":"PL","NAME_LATN":"Podkarpackie","NUTS_NAME":"Podkarpackie","MOUNT_TYPE":0,"URBN_TYPE":0,"COAST_TYPE":0,"NAME_ENGL":"Poland","NAME_FREN":"Pologne","ISO3_CODE":"POL","SVRG_UN":"UN Member State","CAPT":"Warsaw","EU_STAT":"T","EFTA_STAT":"F","CC_STAT":"F","NAME_GERM":"Polen"},"id":"PL82"},{"arcs":[[955,-951,956,957,-351,958]],"type":"Polygon","properties":{"NUTS_ID":"PL84","LEVL_CODE":2,"CNTR_CODE":"PL","NAME_LATN":"Podlaskie","NUTS_NAME":"Podlaskie","MOUNT_TYPE":0,"URBN_TYPE":0,"COAST_TYPE":0,"NAME_ENGL":"Poland","NAME_FREN":"Pologne","ISO3_CODE":"POL","SVRG_UN":"UN Member State","CAPT":"Warsaw","EU_STAT":"T","EFTA_STAT":"F","CC_STAT":"F","NAME_GERM":"Polen"},"id":"PL84"},{"arcs":[[959]],"type":"Polygon","properties":{"NUTS_ID":"PL91","LEVL_CODE":2,"CNTR_CODE":"PL","NAME_LATN":"Warszawski stołeczny","NUTS_NAME":"Warszawski stołeczny","MOUNT_TYPE":0,"URBN_TYPE":0,"COAST_TYPE":0,"NAME_ENGL":"Poland","NAME_FREN":"Pologne","ISO3_CODE":"POL","SVRG_UN":"UN Member State","CAPT":"Warsaw","EU_STAT":"T","EFTA_STAT":"F","CC_STAT":"F","NAME_GERM":"Polen"},"id":"PL91"},{"arcs":[[-957,-950,-943,-937,960,961],[-960]],"type":"Polygon","properties":{"NUTS_ID":"PL92","LEVL_CODE":2,"CNTR_CODE":"PL","NAME_LATN":"Mazowiecki regionalny","NUTS_NAME":"Mazowiecki regionalny","MOUNT_TYPE":0,"URBN_TYPE":0,"COAST_TYPE":0,"NAME_ENGL":"Poland","NAME_FREN":"Pologne","ISO3_CODE":"POL","SVRG_UN":"UN Member State","CAPT":"Warsaw","EU_STAT":"T","EFTA_STAT":"F","CC_STAT":"F","NAME_GERM":"Polen"},"id":"PL92"},{"arcs":[[-780,-811,962,963]],"type":"Polygon","properties":{"NUTS_ID":"PT11","LEVL_CODE":2,"CNTR_CODE":"PT","NAME_LATN":"Norte","NUTS_NAME":"Norte","MOUNT_TYPE":0,"URBN_TYPE":0,"COAST_TYPE":0,"NAME_ENGL":"Portugal","NAME_FREN":"Portugal","ISO3_CODE":"PRT","SVRG_UN":"UN Member State","CAPT":"Lisbon","EU_STAT":"T","EFTA_STAT":"F","CC_STAT":"F","NAME_GERM":"Portugal"},"id":"PT11"},{"arcs":[[964,965,-895]],"type":"Polygon","properties":{"NUTS_ID":"PT15","LEVL_CODE":2,"CNTR_CODE":"PT","NAME_LATN":"Algarve","NUTS_NAME":"Algarve","MOUNT_TYPE":0,"URBN_TYPE":0,"COAST_TYPE":0,"NAME_ENGL":"Portugal","NAME_FREN":"Portugal","ISO3_CODE":"PRT","SVRG_UN":"UN Member State","CAPT":"Lisbon","EU_STAT":"T","EFTA_STAT":"F","CC_STAT":"F","NAME_GERM":"Portugal"},"id":"PT15"},{"arcs":[[966,967,-742,968,969,970,971]],"type":"Polygon","properties":{"NUTS_ID":"UKL2","LEVL_CODE":2,"CNTR_CODE":"UK","NAME_LATN":"East Wales","NUTS_NAME":"East Wales","MOUNT_TYPE":0,"URBN_TYPE":0,"COAST_TYPE":0,"NAME_ENGL":"United Kingdom","NAME_FREN":"Royaume-Uni","ISO3_CODE":"GBR","SVRG_UN":"UN Member State","CAPT":"London","EU_STAT":"F","EFTA_STAT":"F","CC_STAT":"F","NAME_GERM":"Vereinigtes Königreich"},"id":"UKL2"},{"arcs":[[972,973,974]],"type":"Polygon","properties":{"NUTS_ID":"UKM5","LEVL_CODE":2,"CNTR_CODE":"UK","NAME_LATN":"North Eastern Scotland","NUTS_NAME":"North Eastern Scotland","MOUNT_TYPE":0,"URBN_TYPE":0,"COAST_TYPE":0,"NAME_ENGL":"United Kingdom","NAME_FREN":"Royaume-Uni","ISO3_CODE":"GBR","SVRG_UN":"UN Member State","CAPT":"London","EU_STAT":"F","EFTA_STAT":"F","CC_STAT":"F","NAME_GERM":"Vereinigtes Königreich"},"id":"UKM5"},{"arcs":[[[975,-974,976,977,978]],[[979]],[[980]],[[981]],[[982]],[[983]],[[984]],[[985]],[[986]],[[987]],[[988]],[[989]],[[990]],[[991]],[[992]],[[993]],[[994]],[[995]],[[996]],[[997]],[[998]]],"type":"MultiPolygon","properties":{"NUTS_ID":"UKM6","LEVL_CODE":2,"CNTR_CODE":"UK","NAME_LATN":"Highlands and Islands","NUTS_NAME":"Highlands and Islands","MOUNT_TYPE":0,"URBN_TYPE":0,"COAST_TYPE":0,"NAME_ENGL":"United Kingdom","NAME_FREN":"Royaume-Uni","ISO3_CODE":"GBR","SVRG_UN":"UN Member State","CAPT":"London","EU_STAT":"F","EFTA_STAT":"F","CC_STAT":"F","NAME_GERM":"Vereinigtes Königreich"},"id":"UKM6"},{"arcs":[[999,1000,1001,-977,-973]],"type":"Polygon","properties":{"NUTS_ID":"UKM7","LEVL_CODE":2,"CNTR_CODE":"UK","NAME_LATN":"Eastern Scotland","NUTS_NAME":"Eastern Scotland","MOUNT_TYPE":0,"URBN_TYPE":0,"COAST_TYPE":0,"NAME_ENGL":"United Kingdom","NAME_FREN":"Royaume-Uni","ISO3_CODE":"GBR","SVRG_UN":"UN Member State","CAPT":"London","EU_STAT":"F","EFTA_STAT":"F","CC_STAT":"F","NAME_GERM":"Vereinigtes Königreich"},"id":"UKM7"},{"arcs":[[-1002,1002,1003,-978]],"type":"Polygon","properties":{"NUTS_ID":"UKM8","LEVL_CODE":2,"CNTR_CODE":"UK","NAME_LATN":"West Central Scotland","NUTS_NAME":"West Central Scotland","MOUNT_TYPE":0,"URBN_TYPE":0,"COAST_TYPE":0,"NAME_ENGL":"United Kingdom","NAME_FREN":"Royaume-Uni","ISO3_CODE":"GBR","SVRG_UN":"UN Member State","CAPT":"London","EU_STAT":"F","EFTA_STAT":"F","CC_STAT":"F","NAME_GERM":"Vereinigtes Königreich"},"id":"UKM8"},{"arcs":[[1004,1005,-1003,-1001,1006,1007]],"type":"Polygon","properties":{"NUTS_ID":"UKM9","LEVL_CODE":2,"CNTR_CODE":"UK","NAME_LATN":"Southern Scotland","NUTS_NAME":"Southern Scotland","MOUNT_TYPE":0,"URBN_TYPE":0,"COAST_TYPE":0,"NAME_ENGL":"United Kingdom","NAME_FREN":"Royaume-Uni","ISO3_CODE":"GBR","SVRG_UN":"UN Member State","CAPT":"London","EU_STAT":"F","EFTA_STAT":"F","CC_STAT":"F","NAME_GERM":"Vereinigtes Königreich"},"id":"UKM9"},{"arcs":[[-705,1008,-709]],"type":"Polygon","properties":{"NUTS_ID":"TRC3","LEVL_CODE":2,"CNTR_CODE":"TR","NAME_LATN":"Mardin, Batman, Şırnak, Siirt","NUTS_NAME":"Mardin, Batman, Şırnak, Siirt","MOUNT_TYPE":0,"URBN_TYPE":0,"COAST_TYPE":0,"NAME_ENGL":"Türkiye","NAME_FREN":"Turquie","ISO3_CODE":"TUR","SVRG_UN":"UN Member State","CAPT":"Ankara","EU_STAT":"F","EFTA_STAT":"F","CC_STAT":"T","NAME_GERM":"Türkei"},"id":"TRC3"},{"arcs":[[1009,1010,1011,1012,1013]],"type":"Polygon","properties":{"NUTS_ID":"UKC1","LEVL_CODE":2,"CNTR_CODE":"UK","NAME_LATN":"Tees Valley and Durham","NUTS_NAME":"Tees Valley and Durham","MOUNT_TYPE":0,"URBN_TYPE":0,"COAST_TYPE":0,"NAME_ENGL":"United Kingdom","NAME_FREN":"Royaume-Uni","ISO3_CODE":"GBR","SVRG_UN":"UN Member State","CAPT":"London","EU_STAT":"F","EFTA_STAT":"F","CC_STAT":"F","NAME_GERM":"Vereinigtes Königreich"},"id":"UKC1"},{"arcs":[[1014,-1010,-1014,1015,-1008,1016]],"type":"Polygon","properties":{"NUTS_ID":"UKC2","LEVL_CODE":2,"CNTR_CODE":"UK","NAME_LATN":"Northumberland and Tyne and Wear","NUTS_NAME":"Northumberland and Tyne and Wear","MOUNT_TYPE":0,"URBN_TYPE":0,"COAST_TYPE":0,"NAME_ENGL":"United Kingdom","NAME_FREN":"Royaume-Uni","ISO3_CODE":"GBR","SVRG_UN":"UN Member State","CAPT":"London","EU_STAT":"F","EFTA_STAT":"F","CC_STAT":"F","NAME_GERM":"Vereinigtes Königreich"},"id":"UKC2"},{"arcs":[[-1013,1017,1018,1019,-1005,-1016]],"type":"Polygon","properties":{"NUTS_ID":"UKD1","LEVL_CODE":2,"CNTR_CODE":"UK","NAME_LATN":"Cumbria","NUTS_NAME":"Cumbria","MOUNT_TYPE":0,"URBN_TYPE":0,"COAST_TYPE":0,"NAME_ENGL":"United Kingdom","NAME_FREN":"Royaume-Uni","ISO3_CODE":"GBR","SVRG_UN":"UN Member State","CAPT":"London","EU_STAT":"F","EFTA_STAT":"F","CC_STAT":"F","NAME_GERM":"Vereinigtes Königreich"},"id":"UKD1"},{"arcs":[[1020,1021,1022,1023,1024,1025]],"type":"Polygon","properties":{"NUTS_ID":"UKD3","LEVL_CODE":2,"CNTR_CODE":"UK","NAME_LATN":"Greater Manchester","NUTS_NAME":"Greater Manchester","MOUNT_TYPE":0,"URBN_TYPE":0,"COAST_TYPE":0,"NAME_ENGL":"United Kingdom","NAME_FREN":"Royaume-Uni","ISO3_CODE":"GBR","SVRG_UN":"UN Member State","CAPT":"London","EU_STAT":"F","EFTA_STAT":"F","CC_STAT":"F","NAME_GERM":"Vereinigtes Königreich"},"id":"UKD3"},{"arcs":[[1026,1027,-1019,1028,1029,-1024]],"type":"Polygon","properties":{"NUTS_ID":"UKD4","LEVL_CODE":2,"CNTR_CODE":"UK","NAME_LATN":"Lancashire","NUTS_NAME":"Lancashire","MOUNT_TYPE":0,"URBN_TYPE":0,"COAST_TYPE":0,"NAME_ENGL":"United Kingdom","NAME_FREN":"Royaume-Uni","ISO3_CODE":"GBR","SVRG_UN":"UN Member State","CAPT":"London","EU_STAT":"F","EFTA_STAT":"F","CC_STAT":"F","NAME_GERM":"Vereinigtes Königreich"},"id":"UKD4"},{"arcs":[[-1022,1030,1031,-972,1032,1033,1034,1035]],"type":"Polygon","properties":{"NUTS_ID":"UKD6","LEVL_CODE":2,"CNTR_CODE":"UK","NAME_LATN":"Cheshire","NUTS_NAME":"Cheshire","MOUNT_TYPE":0,"URBN_TYPE":0,"COAST_TYPE":0,"NAME_ENGL":"United Kingdom","NAME_FREN":"Royaume-Uni","ISO3_CODE":"GBR","SVRG_UN":"UN Member State","CAPT":"London","EU_STAT":"F","EFTA_STAT":"F","CC_STAT":"F","NAME_GERM":"Vereinigtes Königreich"},"id":"UKD6"},{"arcs":[[[-1027,-1023,-1036,1036]],[[-1034,1037]]],"type":"MultiPolygon","properties":{"NUTS_ID":"UKD7","LEVL_CODE":2,"CNTR_CODE":"UK","NAME_LATN":"Merseyside","NUTS_NAME":"Merseyside","MOUNT_TYPE":0,"URBN_TYPE":0,"COAST_TYPE":0,"NAME_ENGL":"United Kingdom","NAME_FREN":"Royaume-Uni","ISO3_CODE":"GBR","SVRG_UN":"UN Member State","CAPT":"London","EU_STAT":"F","EFTA_STAT":"F","CC_STAT":"F","NAME_GERM":"Vereinigtes Königreich"},"id":"UKD7"},{"arcs":[[1038,1039,1040,1041,1042,1043]],"type":"Polygon","properties":{"NUTS_ID":"UKE1","LEVL_CODE":2,"CNTR_CODE":"UK","NAME_LATN":"East Yorkshire and Northern Lincolnshire","NUTS_NAME":"East Yorkshire and Northern Lincolnshire","MOUNT_TYPE":0,"URBN_TYPE":0,"COAST_TYPE":0,"NAME_ENGL":"United Kingdom","NAME_FREN":"Royaume-Uni","ISO3_CODE":"GBR","SVRG_UN":"UN Member State","CAPT":"London","EU_STAT":"F","EFTA_STAT":"F","CC_STAT":"F","NAME_GERM":"Vereinigtes Königreich"},"id":"UKE1"},{"arcs":[[1044,-1043,1045,1046,-1029,-1018,-1012]],"type":"Polygon","properties":{"NUTS_ID":"UKE2","LEVL_CODE":2,"CNTR_CODE":"UK","NAME_LATN":"North Yorkshire","NUTS_NAME":"North Yorkshire","MOUNT_TYPE":0,"URBN_TYPE":0,"COAST_TYPE":0,"NAME_ENGL":"United Kingdom","NAME_FREN":"Royaume-Uni","ISO3_CODE":"GBR","SVRG_UN":"UN Member State","CAPT":"London","EU_STAT":"F","EFTA_STAT":"F","CC_STAT":"F","NAME_GERM":"Vereinigtes Königreich"},"id":"UKE2"},{"arcs":[[-1042,1047,1048,-1046]],"type":"Polygon","properties":{"NUTS_ID":"UKE3","LEVL_CODE":2,"CNTR_CODE":"UK","NAME_LATN":"South Yorkshire","NUTS_NAME":"South Yorkshire","MOUNT_TYPE":0,"URBN_TYPE":0,"COAST_TYPE":0,"NAME_ENGL":"United Kingdom","NAME_FREN":"Royaume-Uni","ISO3_CODE":"GBR","SVRG_UN":"UN Member State","CAPT":"London","EU_STAT":"F","EFTA_STAT":"F","CC_STAT":"F","NAME_GERM":"Vereinigtes Königreich"},"id":"UKE3"},{"arcs":[[-810,-817,1049,1050,1051,-963]],"type":"Polygon","properties":{"NUTS_ID":"PT16","LEVL_CODE":2,"CNTR_CODE":"PT","NAME_LATN":"Centro (PT)","NUTS_NAME":"Centro (PT)","MOUNT_TYPE":0,"URBN_TYPE":0,"COAST_TYPE":0,"NAME_ENGL":"Portugal","NAME_FREN":"Portugal","ISO3_CODE":"PRT","SVRG_UN":"UN Member State","CAPT":"Lisbon","EU_STAT":"T","EFTA_STAT":"F","CC_STAT":"F","NAME_GERM":"Portugal"},"id":"PT16"},{"arcs":[[1052,1053,-1051]],"type":"Polygon","properties":{"NUTS_ID":"PT17","LEVL_CODE":2,"CNTR_CODE":"PT","NAME_LATN":"Área Metropolitana de Lisboa","NUTS_NAME":"Área Metropolitana de Lisboa","MOUNT_TYPE":0,"URBN_TYPE":0,"COAST_TYPE":0,"NAME_ENGL":"Portugal","NAME_FREN":"Portugal","ISO3_CODE":"PRT","SVRG_UN":"UN Member State","CAPT":"Lisbon","EU_STAT":"T","EFTA_STAT":"F","CC_STAT":"F","NAME_GERM":"Portugal"},"id":"PT17"},{"arcs":[[-816,-896,-966,1054,-1053,-1050]],"type":"Polygon","properties":{"NUTS_ID":"PT18","LEVL_CODE":2,"CNTR_CODE":"PT","NAME_LATN":"Alentejo","NUTS_NAME":"Alentejo","MOUNT_TYPE":0,"URBN_TYPE":0,"COAST_TYPE":0,"NAME_ENGL":"Portugal","NAME_FREN":"Portugal","ISO3_CODE":"PRT","SVRG_UN":"UN Member State","CAPT":"Lisbon","EU_STAT":"T","EFTA_STAT":"F","CC_STAT":"F","NAME_GERM":"Portugal"},"id":"PT18"},{"arcs":[[[1055]],[[1056]],[[1057]],[[1058]],[[1059]],[[1060]],[[1061]],[[1062]],[[1063]]],"type":"MultiPolygon","properties":{"NUTS_ID":"PT20","LEVL_CODE":2,"CNTR_CODE":"PT","NAME_LATN":"Região Autónoma dos Açores","NUTS_NAME":"Região Autónoma dos Açores","MOUNT_TYPE":0,"URBN_TYPE":0,"COAST_TYPE":0,"NAME_ENGL":"Portugal","NAME_FREN":"Portugal","ISO3_CODE":"PRT","SVRG_UN":"UN Member State","CAPT":"Lisbon","EU_STAT":"T","EFTA_STAT":"F","CC_STAT":"F","NAME_GERM":"Portugal"},"id":"PT20"},{"arcs":[[[1064]],[[1065]],[[1066]]],"type":"MultiPolygon","properties":{"NUTS_ID":"PT30","LEVL_CODE":2,"CNTR_CODE":"PT","NAME_LATN":"Região Autónoma da Madeira","NUTS_NAME":"Região Autónoma da Madeira","MOUNT_TYPE":0,"URBN_TYPE":0,"COAST_TYPE":0,"NAME_ENGL":"Portugal","NAME_FREN":"Portugal","ISO3_CODE":"PRT","SVRG_UN":"UN Member State","CAPT":"Lisbon","EU_STAT":"T","EFTA_STAT":"F","CC_STAT":"F","NAME_GERM":"Portugal"},"id":"PT30"},{"arcs":[[1067,1068,1069,1070,-851,-850,1071]],"type":"Polygon","properties":{"NUTS_ID":"RO11","LEVL_CODE":2,"CNTR_CODE":"RO","NAME_LATN":"Nord-Vest","NUTS_NAME":"Nord-Vest","MOUNT_TYPE":0,"URBN_TYPE":0,"COAST_TYPE":0,"NAME_ENGL":"Romania","NAME_FREN":"Roumanie","ISO3_CODE":"ROU","SVRG_UN":"UN Member State","CAPT":"Bucharest","EU_STAT":"T","EFTA_STAT":"F","CC_STAT":"F","NAME_GERM":"Rumänien"},"id":"RO11"},{"arcs":[[1072,1073,1074,1075,1076,-1070,1077]],"type":"Polygon","properties":{"NUTS_ID":"RO12","LEVL_CODE":2,"CNTR_CODE":"RO","NAME_LATN":"Centru","NUTS_NAME":"Centru","MOUNT_TYPE":0,"URBN_TYPE":0,"COAST_TYPE":0,"NAME_ENGL":"Romania","NAME_FREN":"Roumanie","ISO3_CODE":"ROU","SVRG_UN":"UN Member State","CAPT":"Bucharest","EU_STAT":"T","EFTA_STAT":"F","CC_STAT":"F","NAME_GERM":"Rumänien"},"id":"RO12"},{"arcs":[[1078,1079,-1073,-1078,-1069,1080]],"type":"Polygon","properties":{"NUTS_ID":"RO21","LEVL_CODE":2,"CNTR_CODE":"RO","NAME_LATN":"Nord-Est","NUTS_NAME":"Nord-Est","MOUNT_TYPE":0,"URBN_TYPE":0,"COAST_TYPE":0,"NAME_ENGL":"Romania","NAME_FREN":"Roumanie","ISO3_CODE":"ROU","SVRG_UN":"UN Member State","CAPT":"Bucharest","EU_STAT":"T","EFTA_STAT":"F","CC_STAT":"F","NAME_GERM":"Rumänien"},"id":"RO21"},{"arcs":[[-1080,1081,-326,-322,1082,-1074]],"type":"Polygon","properties":{"NUTS_ID":"RO22","LEVL_CODE":2,"CNTR_CODE":"RO","NAME_LATN":"Sud-Est","NUTS_NAME":"Sud-Est","MOUNT_TYPE":0,"URBN_TYPE":0,"COAST_TYPE":0,"NAME_ENGL":"Romania","NAME_FREN":"Roumanie","ISO3_CODE":"ROU","SVRG_UN":"UN Member State","CAPT":"Bucharest","EU_STAT":"T","EFTA_STAT":"F","CC_STAT":"F","NAME_GERM":"Rumänien"},"id":"RO22"},{"arcs":[[-1075,-1083,-321,-312,1083],[1084]],"type":"Polygon","properties":{"NUTS_ID":"RO31","LEVL_CODE":2,"CNTR_CODE":"RO","NAME_LATN":"Sud-Muntenia","NUTS_NAME":"Sud-Muntenia","MOUNT_TYPE":0,"URBN_TYPE":0,"COAST_TYPE":0,"NAME_ENGL":"Romania","NAME_FREN":"Roumanie","ISO3_CODE":"ROU","SVRG_UN":"UN Member State","CAPT":"Bucharest","EU_STAT":"T","EFTA_STAT":"F","CC_STAT":"F","NAME_GERM":"Rumänien"},"id":"RO31"},{"arcs":[[-1085]],"type":"Polygon","properties":{"NUTS_ID":"RO32","LEVL_CODE":2,"CNTR_CODE":"RO","NAME_LATN":"Bucureşti-Ilfov","NUTS_NAME":"Bucureşti-Ilfov","MOUNT_TYPE":0,"URBN_TYPE":0,"COAST_TYPE":0,"NAME_ENGL":"Romania","NAME_FREN":"Roumanie","ISO3_CODE":"ROU","SVRG_UN":"UN Member State","CAPT":"Bucharest","EU_STAT":"T","EFTA_STAT":"F","CC_STAT":"F","NAME_GERM":"Rumänien"},"id":"RO32"},{"arcs":[[-1084,-311,-318,1085,1086,-1076]],"type":"Polygon","properties":{"NUTS_ID":"RO41","LEVL_CODE":2,"CNTR_CODE":"RO","NAME_LATN":"Sud-Vest Oltenia","NUTS_NAME":"Sud-Vest Oltenia","MOUNT_TYPE":0,"URBN_TYPE":0,"COAST_TYPE":0,"NAME_ENGL":"Romania","NAME_FREN":"Roumanie","ISO3_CODE":"ROU","SVRG_UN":"UN Member State","CAPT":"Bucharest","EU_STAT":"T","EFTA_STAT":"F","CC_STAT":"F","NAME_GERM":"Rumänien"},"id":"RO41"},{"arcs":[[-1077,-1087,1087,1088,-852,-1071]],"type":"Polygon","properties":{"NUTS_ID":"RO42","LEVL_CODE":2,"CNTR_CODE":"RO","NAME_LATN":"Vest","NUTS_NAME":"Vest","MOUNT_TYPE":0,"URBN_TYPE":0,"COAST_TYPE":0,"NAME_ENGL":"Romania","NAME_FREN":"Roumanie","ISO3_CODE":"ROU","SVRG_UN":"UN Member State","CAPT":"Bucharest","EU_STAT":"T","EFTA_STAT":"F","CC_STAT":"F","NAME_GERM":"Rumänien"},"id":"RO42"},{"arcs":[[1089,1090,1091]],"type":"Polygon","properties":{"NUTS_ID":"RS11","LEVL_CODE":2,"CNTR_CODE":"RS","NAME_LATN":"City of Belgrade","NUTS_NAME":"Београдски регион","MOUNT_TYPE":0,"URBN_TYPE":0,"COAST_TYPE":0,"NAME_ENGL":"Serbia","NAME_FREN":"Serbie","ISO3_CODE":"SRB","SVRG_UN":"UN Member State","CAPT":"Belgrade","EU_STAT":"F","EFTA_STAT":"F","CC_STAT":"T","NAME_GERM":"Serbien"},"id":"RS11"},{"arcs":[[-1089,1092,-1092,1093,1094,-635,-853]],"type":"Polygon","properties":{"NUTS_ID":"RS12","LEVL_CODE":2,"CNTR_CODE":"RS","NAME_LATN":"Autonomous Province of Vojvodina","NUTS_NAME":"Регион Војводине","MOUNT_TYPE":0,"URBN_TYPE":0,"COAST_TYPE":0,"NAME_ENGL":"Serbia","NAME_FREN":"Serbie","ISO3_CODE":"SRB","SVRG_UN":"UN Member State","CAPT":"Belgrade","EU_STAT":"F","EFTA_STAT":"F","CC_STAT":"T","NAME_GERM":"Serbien"},"id":"RS12"},{"arcs":[[-1091,1095,1096,-358,1097,-1094]],"type":"Polygon","properties":{"NUTS_ID":"RS21","LEVL_CODE":2,"CNTR_CODE":"RS","NAME_LATN":"Region Šumadije i Zapadne Srbije","NUTS_NAME":"Регион Шумадије и Западне Србије","MOUNT_TYPE":0,"URBN_TYPE":0,"COAST_TYPE":0,"NAME_ENGL":"Serbia","NAME_FREN":"Serbie","ISO3_CODE":"SRB","SVRG_UN":"UN Member State","CAPT":"Belgrade","EU_STAT":"F","EFTA_STAT":"F","CC_STAT":"T","NAME_GERM":"Serbien"},"id":"RS21"},{"arcs":[[-1086,-317,-334,-366,1098,-1096,-1090,-1093,-1088]],"type":"Polygon","properties":{"NUTS_ID":"RS22","LEVL_CODE":2,"CNTR_CODE":"RS","NAME_LATN":"Region Južne i Istočne Srbije","NUTS_NAME":"Регион Јужне и Источне Србије","MOUNT_TYPE":0,"URBN_TYPE":0,"COAST_TYPE":0,"NAME_ENGL":"Serbia","NAME_FREN":"Serbie","ISO3_CODE":"SRB","SVRG_UN":"UN Member State","CAPT":"Belgrade","EU_STAT":"F","EFTA_STAT":"F","CC_STAT":"T","NAME_GERM":"Serbien"},"id":"RS22"},{"arcs":[[[-818,1099]],[[1100]]],"type":"MultiPolygon","properties":{"NUTS_ID":"SE11","LEVL_CODE":2,"CNTR_CODE":"SE","NAME_LATN":"Stockholm","NUTS_NAME":"Stockholm","MOUNT_TYPE":0,"URBN_TYPE":0,"COAST_TYPE":0,"NAME_ENGL":"Sweden","NAME_FREN":"Suède","ISO3_CODE":"SWE","SVRG_UN":"UN Member State","CAPT":"Stockholm","EU_STAT":"T","EFTA_STAT":"F","CC_STAT":"F","NAME_GERM":"Schweden"},"id":"SE11"},{"arcs":[[[1101,1102,-839,1103,1104,1105]],[[1106]]],"type":"MultiPolygon","properties":{"NUTS_ID":"SE32","LEVL_CODE":2,"CNTR_CODE":"SE","NAME_LATN":"Mellersta Norrland","NUTS_NAME":"Mellersta Norrland","MOUNT_TYPE":0,"URBN_TYPE":0,"COAST_TYPE":0,"NAME_ENGL":"Sweden","NAME_FREN":"Suède","ISO3_CODE":"SWE","SVRG_UN":"UN Member State","CAPT":"Stockholm","EU_STAT":"T","EFTA_STAT":"F","CC_STAT":"F","NAME_GERM":"Schweden"},"id":"SE32"},{"arcs":[[[1107,-1102,-1106,1108,-927]],[[1109]],[[1110]],[[1111]],[[1112]],[[1113]]],"type":"MultiPolygon","properties":{"NUTS_ID":"SE33","LEVL_CODE":2,"CNTR_CODE":"SE","NAME_LATN":"Övre Norrland","NUTS_NAME":"Övre Norrland","MOUNT_TYPE":0,"URBN_TYPE":0,"COAST_TYPE":0,"NAME_ENGL":"Sweden","NAME_FREN":"Suède","ISO3_CODE":"SWE","SVRG_UN":"UN Member State","CAPT":"Stockholm","EU_STAT":"T","EFTA_STAT":"F","CC_STAT":"F","NAME_GERM":"Schweden"},"id":"SE33"},{"arcs":[[-652,1114,-637,-617,1115,-243,-247,-235]],"type":"Polygon","properties":{"NUTS_ID":"SI03","LEVL_CODE":2,"CNTR_CODE":"SI","NAME_LATN":"Vzhodna Slovenija","NUTS_NAME":"Vzhodna Slovenija","MOUNT_TYPE":0,"URBN_TYPE":0,"COAST_TYPE":0,"NAME_ENGL":"Slovenia","NAME_FREN":"Slovénie","ISO3_CODE":"SVN","SVRG_UN":"UN Member State","CAPT":"Ljubljana","EU_STAT":"T","EFTA_STAT":"F","CC_STAT":"F","NAME_GERM":"Slowenien"},"id":"SI03"},{"arcs":[[-1116,-616,1116,-459,-461,-244]],"type":"Polygon","properties":{"NUTS_ID":"SI04","LEVL_CODE":2,"CNTR_CODE":"SI","NAME_LATN":"Zahodna Slovenija","NUTS_NAME":"Zahodna Slovenija","MOUNT_TYPE":0,"URBN_TYPE":0,"COAST_TYPE":0,"NAME_ENGL":"Slovenia","NAME_FREN":"Slovénie","ISO3_CODE":"SVN","SVRG_UN":"UN Member State","CAPT":"Ljubljana","EU_STAT":"T","EFTA_STAT":"F","CC_STAT":"F","NAME_GERM":"Slowenien"},"id":"SI04"},{"arcs":[[-653,-233,-239,1117]],"type":"Polygon","properties":{"NUTS_ID":"SK01","LEVL_CODE":2,"CNTR_CODE":"SK","NAME_LATN":"Bratislavský kraj","NUTS_NAME":"Bratislavský kraj","MOUNT_TYPE":0,"URBN_TYPE":0,"COAST_TYPE":0,"NAME_ENGL":"Slovakia","NAME_FREN":"Slovaquie","ISO3_CODE":"SVK","SVRG_UN":"UN Member State","CAPT":"Bratislava","EU_STAT":"T","EFTA_STAT":"F","CC_STAT":"F","NAME_GERM":"Slowakei"},"id":"SK01"},{"arcs":[[1118,-844,-644,-649,-654,-1118,-238,-9,-14,1119]],"type":"Polygon","properties":{"NUTS_ID":"SK02","LEVL_CODE":2,"CNTR_CODE":"SK","NAME_LATN":"Západné Slovensko","NUTS_NAME":"Západné Slovensko","MOUNT_TYPE":0,"URBN_TYPE":0,"COAST_TYPE":0,"NAME_ENGL":"Slovakia","NAME_FREN":"Slovaquie","ISO3_CODE":"SVK","SVRG_UN":"UN Member State","CAPT":"Bratislava","EU_STAT":"T","EFTA_STAT":"F","CC_STAT":"F","NAME_GERM":"Slowakei"},"id":"SK02"},{"arcs":[[1120,-845,-1119,-1120,-13,-19,1121,1122]],"type":"Polygon","properties":{"NUTS_ID":"SK03","LEVL_CODE":2,"CNTR_CODE":"SK","NAME_LATN":"Stredné Slovensko","NUTS_NAME":"Stredné Slovensko","MOUNT_TYPE":0,"URBN_TYPE":0,"COAST_TYPE":0,"NAME_ENGL":"Slovakia","NAME_FREN":"Slovaquie","ISO3_CODE":"SVK","SVRG_UN":"UN Member State","CAPT":"Bratislava","EU_STAT":"T","EFTA_STAT":"F","CC_STAT":"F","NAME_GERM":"Slowakei"},"id":"SK03"},{"arcs":[[1123,-848,-846,-1121,1124,-954]],"type":"Polygon","properties":{"NUTS_ID":"SK04","LEVL_CODE":2,"CNTR_CODE":"SK","NAME_LATN":"Východné Slovensko","NUTS_NAME":"Východné Slovensko","MOUNT_TYPE":0,"URBN_TYPE":0,"COAST_TYPE":0,"NAME_ENGL":"Slovakia","NAME_FREN":"Slovaquie","ISO3_CODE":"SVK","SVRG_UN":"UN Member State","CAPT":"Bratislava","EU_STAT":"T","EFTA_STAT":"F","CC_STAT":"F","NAME_GERM":"Slowakei"},"id":"SK04"},{"arcs":[[[1125,1126]],[[1127,1128]]],"type":"MultiPolygon","properties":{"NUTS_ID":"TR10","LEVL_CODE":2,"CNTR_CODE":"TR","NAME_LATN":"İstanbul","NUTS_NAME":"İstanbul","MOUNT_TYPE":0,"URBN_TYPE":0,"COAST_TYPE":0,"NAME_ENGL":"Türkiye","NAME_FREN":"Turquie","ISO3_CODE":"TUR","SVRG_UN":"UN Member State","CAPT":"Ankara","EU_STAT":"F","EFTA_STAT":"F","CC_STAT":"T","NAME_GERM":"Türkei"},"id":"TR10"},{"arcs":[[1129,-865,-854,1130]],"type":"Polygon","properties":{"NUTS_ID":"UKN0","LEVL_CODE":2,"CNTR_CODE":"UK","NAME_LATN":"Northern Ireland","NUTS_NAME":"Northern Ireland","MOUNT_TYPE":0,"URBN_TYPE":0,"COAST_TYPE":0,"NAME_ENGL":"United Kingdom","NAME_FREN":"Royaume-Uni","ISO3_CODE":"GBR","SVRG_UN":"UN Member State","CAPT":"London","EU_STAT":"F","EFTA_STAT":"F","CC_STAT":"F","NAME_GERM":"Vereinigtes Königreich"},"id":"UKN0"},{"arcs":[[[-970,1131]],[[1132]]],"type":"MultiPolygon","properties":{"NUTS_ID":"UKL1","LEVL_CODE":2,"CNTR_CODE":"UK","NAME_LATN":"West Wales and The Valleys","NUTS_NAME":"West Wales and The Valleys","MOUNT_TYPE":0,"URBN_TYPE":0,"COAST_TYPE":0,"NAME_ENGL":"United Kingdom","NAME_FREN":"Royaume-Uni","ISO3_CODE":"GBR","SVRG_UN":"UN Member State","CAPT":"London","EU_STAT":"F","EFTA_STAT":"F","CC_STAT":"F","NAME_GERM":"Vereinigtes Königreich"},"id":"UKL1"},{"arcs":[[1133,-1126,1134,1135,1136,-410,-335,-328]],"type":"Polygon","properties":{"NUTS_ID":"TR21","LEVL_CODE":2,"CNTR_CODE":"TR","NAME_LATN":"Tekirdağ, Edirne, Kırklareli","NUTS_NAME":"Tekirdağ, Edirne, Kırklareli","MOUNT_TYPE":0,"URBN_TYPE":0,"COAST_TYPE":0,"NAME_ENGL":"Türkiye","NAME_FREN":"Turquie","ISO3_CODE":"TUR","SVRG_UN":"UN Member State","CAPT":"Ankara","EU_STAT":"F","EFTA_STAT":"F","CC_STAT":"T","NAME_GERM":"Türkei"},"id":"TR21"},{"arcs":[[[1137,1138,1139,1140]],[[-1136,1141]],[[1142]],[[1143]],[[1144]],[[1145]],[[1146]]],"type":"MultiPolygon","properties":{"NUTS_ID":"TR22","LEVL_CODE":2,"CNTR_CODE":"TR","NAME_LATN":"Balıkesir, Çanakkale","NUTS_NAME":"Balıkesir, Çanakkale","MOUNT_TYPE":0,"URBN_TYPE":0,"COAST_TYPE":0,"NAME_ENGL":"Türkiye","NAME_FREN":"Turquie","ISO3_CODE":"TUR","SVRG_UN":"UN Member State","CAPT":"Ankara","EU_STAT":"F","EFTA_STAT":"F","CC_STAT":"T","NAME_GERM":"Türkei"},"id":"TR22"},{"arcs":[[[1147,1148,-1140,1149]],[[1150]]],"type":"MultiPolygon","properties":{"NUTS_ID":"TR31","LEVL_CODE":2,"CNTR_CODE":"TR","NAME_LATN":"İzmir","NUTS_NAME":"İzmir","MOUNT_TYPE":0,"URBN_TYPE":0,"COAST_TYPE":0,"NAME_ENGL":"Türkiye","NAME_FREN":"Turquie","ISO3_CODE":"TUR","SVRG_UN":"UN Member State","CAPT":"Ankara","EU_STAT":"F","EFTA_STAT":"F","CC_STAT":"T","NAME_GERM":"Türkei"},"id":"TR31"},{"arcs":[[[-670,1151,-1148,1152]],[[1153]],[[1154]],[[1155]]],"type":"MultiPolygon","properties":{"NUTS_ID":"TR32","LEVL_CODE":2,"CNTR_CODE":"TR","NAME_LATN":"Aydın, Denizli, Muğla","NUTS_NAME":"Aydın, Denizli, Muğla","MOUNT_TYPE":0,"URBN_TYPE":0,"COAST_TYPE":0,"NAME_ENGL":"Türkiye","NAME_FREN":"Turquie","ISO3_CODE":"TUR","SVRG_UN":"UN Member State","CAPT":"Ankara","EU_STAT":"F","EFTA_STAT":"F","CC_STAT":"T","NAME_GERM":"Türkei"},"id":"TR32"},{"arcs":[[-665,-671,-1153,-1150,-1139,1156]],"type":"Polygon","properties":{"NUTS_ID":"TR33","LEVL_CODE":2,"CNTR_CODE":"TR","NAME_LATN":"Manisa, Afyonkarahisar, Kütahya, Uşak","NUTS_NAME":"Manisa, Afyonkarahisar, Kütahya, Uşak","MOUNT_TYPE":0,"URBN_TYPE":0,"COAST_TYPE":0,"NAME_ENGL":"Türkiye","NAME_FREN":"Turquie","ISO3_CODE":"TUR","SVRG_UN":"UN Member State","CAPT":"Ankara","EU_STAT":"F","EFTA_STAT":"F","CC_STAT":"T","NAME_GERM":"Türkei"},"id":"TR33"},{"arcs":[[1157,1158,-666,-1157,-1138,1159,1160]],"type":"Polygon","properties":{"NUTS_ID":"TR41","LEVL_CODE":2,"CNTR_CODE":"TR","NAME_LATN":"Bursa, Eskişehir, Bilecik","NUTS_NAME":"Bursa, Eskişehir, Bilecik","MOUNT_TYPE":0,"URBN_TYPE":0,"COAST_TYPE":0,"NAME_ENGL":"Türkiye","NAME_FREN":"Turquie","ISO3_CODE":"TUR","SVRG_UN":"UN Member State","CAPT":"Ankara","EU_STAT":"F","EFTA_STAT":"F","CC_STAT":"T","NAME_GERM":"Türkei"},"id":"TR41"},{"arcs":[[1161,-493,-499,1162,-1158,-1161,1163,-1129,1164]],"type":"Polygon","properties":{"NUTS_ID":"TR42","LEVL_CODE":2,"CNTR_CODE":"TR","NAME_LATN":"Kocaeli, Sakarya, Düzce, Bolu, Yalova","NUTS_NAME":"Kocaeli, Sakarya, Düzce, Bolu, Yalova","MOUNT_TYPE":0,"URBN_TYPE":0,"COAST_TYPE":0,"NAME_ENGL":"Türkiye","NAME_FREN":"Turquie","ISO3_CODE":"TUR","SVRG_UN":"UN Member State","CAPT":"Ankara","EU_STAT":"F","EFTA_STAT":"F","CC_STAT":"T","NAME_GERM":"Türkei"},"id":"TR42"},{"arcs":[[-681,-667,-1159,-1163,-498]],"type":"Polygon","properties":{"NUTS_ID":"TR51","LEVL_CODE":2,"CNTR_CODE":"TR","NAME_LATN":"Ankara","NUTS_NAME":"Ankara","MOUNT_TYPE":0,"URBN_TYPE":0,"COAST_TYPE":0,"NAME_ENGL":"Türkiye","NAME_FREN":"Turquie","ISO3_CODE":"TUR","SVRG_UN":"UN Member State","CAPT":"Ankara","EU_STAT":"F","EFTA_STAT":"F","CC_STAT":"T","NAME_GERM":"Türkei"},"id":"TR51"},{"arcs":[[-1047,-1049,1165,-1025,-1030]],"type":"Polygon","properties":{"NUTS_ID":"UKE4","LEVL_CODE":2,"CNTR_CODE":"UK","NAME_LATN":"West Yorkshire","NUTS_NAME":"West Yorkshire","MOUNT_TYPE":0,"URBN_TYPE":0,"COAST_TYPE":0,"NAME_ENGL":"United Kingdom","NAME_FREN":"Royaume-Uni","ISO3_CODE":"GBR","SVRG_UN":"UN Member State","CAPT":"London","EU_STAT":"F","EFTA_STAT":"F","CC_STAT":"F","NAME_GERM":"Vereinigtes Königreich"},"id":"UKE4"},{"arcs":[[-1048,-1041,1166,1167,1168,-1031,-1021,-1026,-1166]],"type":"Polygon","properties":{"NUTS_ID":"UKF1","LEVL_CODE":2,"CNTR_CODE":"UK","NAME_LATN":"Derbyshire and Nottinghamshire","NUTS_NAME":"Derbyshire and Nottinghamshire","MOUNT_TYPE":0,"URBN_TYPE":0,"COAST_TYPE":0,"NAME_ENGL":"United Kingdom","NAME_FREN":"Royaume-Uni","ISO3_CODE":"GBR","SVRG_UN":"UN Member State","CAPT":"London","EU_STAT":"F","EFTA_STAT":"F","CC_STAT":"F","NAME_GERM":"Vereinigtes Königreich"},"id":"UKF1"},{"arcs":[[1169,1170,1171,-726,1172,1173,-1168]],"type":"Polygon","properties":{"NUTS_ID":"UKF2","LEVL_CODE":2,"CNTR_CODE":"UK","NAME_LATN":"Leicestershire, Rutland and Northamptonshire","NUTS_NAME":"Leicestershire, Rutland and Northamptonshire","MOUNT_TYPE":0,"URBN_TYPE":0,"COAST_TYPE":0,"NAME_ENGL":"United Kingdom","NAME_FREN":"Royaume-Uni","ISO3_CODE":"GBR","SVRG_UN":"UN Member State","CAPT":"London","EU_STAT":"F","EFTA_STAT":"F","CC_STAT":"F","NAME_GERM":"Vereinigtes Königreich"},"id":"UKF2"},{"arcs":[[1174,1175,-1170,-1167,-1040]],"type":"Polygon","properties":{"NUTS_ID":"UKF3","LEVL_CODE":2,"CNTR_CODE":"UK","NAME_LATN":"Lincolnshire","NUTS_NAME":"Lincolnshire","MOUNT_TYPE":0,"URBN_TYPE":0,"COAST_TYPE":0,"NAME_ENGL":"United Kingdom","NAME_FREN":"Royaume-Uni","ISO3_CODE":"GBR","SVRG_UN":"UN Member State","CAPT":"London","EU_STAT":"F","EFTA_STAT":"F","CC_STAT":"F","NAME_GERM":"Vereinigtes Königreich"},"id":"UKF3"},{"arcs":[[-1173,-725,-743,-968,1176,1177,1178]],"type":"Polygon","properties":{"NUTS_ID":"UKG1","LEVL_CODE":2,"CNTR_CODE":"UK","NAME_LATN":"Herefordshire, Worcestershire and Warwickshire","NUTS_NAME":"Herefordshire, Worcestershire and Warwickshire","MOUNT_TYPE":0,"URBN_TYPE":0,"COAST_TYPE":0,"NAME_ENGL":"United Kingdom","NAME_FREN":"Royaume-Uni","ISO3_CODE":"GBR","SVRG_UN":"UN Member State","CAPT":"London","EU_STAT":"F","EFTA_STAT":"F","CC_STAT":"F","NAME_GERM":"Vereinigtes Königreich"},"id":"UKG1"},{"arcs":[[-1174,-1179,1179,-1177,-967,-1032,-1169]],"type":"Polygon","properties":{"NUTS_ID":"UKG2","LEVL_CODE":2,"CNTR_CODE":"UK","NAME_LATN":"Shropshire and Staffordshire","NUTS_NAME":"Shropshire and Staffordshire","MOUNT_TYPE":0,"URBN_TYPE":0,"COAST_TYPE":0,"NAME_ENGL":"United Kingdom","NAME_FREN":"Royaume-Uni","ISO3_CODE":"GBR","SVRG_UN":"UN Member State","CAPT":"London","EU_STAT":"F","EFTA_STAT":"F","CC_STAT":"F","NAME_GERM":"Vereinigtes Königreich"},"id":"UKG2"},{"arcs":[[-1180,-1178]],"type":"Polygon","properties":{"NUTS_ID":"UKG3","LEVL_CODE":2,"CNTR_CODE":"UK","NAME_LATN":"West Midlands","NUTS_NAME":"West Midlands","MOUNT_TYPE":0,"URBN_TYPE":0,"COAST_TYPE":0,"NAME_ENGL":"United Kingdom","NAME_FREN":"Royaume-Uni","ISO3_CODE":"GBR","SVRG_UN":"UN Member State","CAPT":"London","EU_STAT":"F","EFTA_STAT":"F","CC_STAT":"F","NAME_GERM":"Vereinigtes Königreich"},"id":"UKG3"},{"arcs":[[1180,1181,-1171,-1176,1182]],"type":"Polygon","properties":{"NUTS_ID":"UKH1","LEVL_CODE":2,"CNTR_CODE":"UK","NAME_LATN":"East Anglia","NUTS_NAME":"East Anglia","MOUNT_TYPE":0,"URBN_TYPE":0,"COAST_TYPE":0,"NAME_ENGL":"United Kingdom","NAME_FREN":"Royaume-Uni","ISO3_CODE":"GBR","SVRG_UN":"UN Member State","CAPT":"London","EU_STAT":"F","EFTA_STAT":"F","CC_STAT":"F","NAME_GERM":"Vereinigtes Königreich"},"id":"UKH1"},{"arcs":[[-717,-721,-727,-1172,-1182,1183,1184]],"type":"Polygon","properties":{"NUTS_ID":"UKH2","LEVL_CODE":2,"CNTR_CODE":"UK","NAME_LATN":"Bedfordshire and Hertfordshire","NUTS_NAME":"Bedfordshire and Hertfordshire","MOUNT_TYPE":0,"URBN_TYPE":0,"COAST_TYPE":0,"NAME_ENGL":"United Kingdom","NAME_FREN":"Royaume-Uni","ISO3_CODE":"GBR","SVRG_UN":"UN Member State","CAPT":"London","EU_STAT":"F","EFTA_STAT":"F","CC_STAT":"F","NAME_GERM":"Vereinigtes Königreich"},"id":"UKH2"},{"arcs":[[-1181,1185,1186,-1184]],"type":"Polygon","properties":{"NUTS_ID":"UKH3","LEVL_CODE":2,"CNTR_CODE":"UK","NAME_LATN":"Essex","NUTS_NAME":"Essex","MOUNT_TYPE":0,"URBN_TYPE":0,"COAST_TYPE":0,"NAME_ENGL":"United Kingdom","NAME_FREN":"Royaume-Uni","ISO3_CODE":"GBR","SVRG_UN":"UN Member State","CAPT":"London","EU_STAT":"F","EFTA_STAT":"F","CC_STAT":"F","NAME_GERM":"Vereinigtes Königreich"},"id":"UKH3"},{"arcs":[[[1187,1188,-711,-720]],[[1189,1190,-713,1191]]],"type":"MultiPolygon","properties":{"NUTS_ID":"UKI3","LEVL_CODE":2,"CNTR_CODE":"UK","NAME_LATN":"Inner London — West","NUTS_NAME":"Inner London — West","MOUNT_TYPE":0,"URBN_TYPE":0,"COAST_TYPE":0,"NAME_ENGL":"United Kingdom","NAME_FREN":"Royaume-Uni","ISO3_CODE":"GBR","SVRG_UN":"UN Member State","CAPT":"London","EU_STAT":"F","EFTA_STAT":"F","CC_STAT":"F","NAME_GERM":"Vereinigtes Königreich"},"id":"UKI3"},{"arcs":[[[1192,1193,-1188,-719,1194]],[[1195,-1190,1196,1197,1198]]],"type":"MultiPolygon","properties":{"NUTS_ID":"UKI4","LEVL_CODE":2,"CNTR_CODE":"UK","NAME_LATN":"Inner London — East","NUTS_NAME":"Inner London — East","MOUNT_TYPE":0,"URBN_TYPE":0,"COAST_TYPE":0,"NAME_ENGL":"United Kingdom","NAME_FREN":"Royaume-Uni","ISO3_CODE":"GBR","SVRG_UN":"UN Member State","CAPT":"London","EU_STAT":"F","EFTA_STAT":"F","CC_STAT":"F","NAME_GERM":"Vereinigtes Königreich"},"id":"UKI4"},{"arcs":[[[-1187,1199,-1193,-1195,-718,-1185]],[[-738,1200,-1198,1201]]],"type":"MultiPolygon","properties":{"NUTS_ID":"UKI5","LEVL_CODE":2,"CNTR_CODE":"UK","NAME_LATN":"Outer London — East and North East","NUTS_NAME":"Outer London — East and North East","MOUNT_TYPE":0,"URBN_TYPE":0,"COAST_TYPE":0,"NAME_ENGL":"United Kingdom","NAME_FREN":"Royaume-Uni","ISO3_CODE":"GBR","SVRG_UN":"UN Member State","CAPT":"London","EU_STAT":"F","EFTA_STAT":"F","CC_STAT":"F","NAME_GERM":"Vereinigtes Königreich"},"id":"UKI5"},{"arcs":[[-1201,-737,-728,-714,-1191,-1196,-1199]],"type":"Polygon","properties":{"NUTS_ID":"UKI6","LEVL_CODE":2,"CNTR_CODE":"UK","NAME_LATN":"Outer London — South","NUTS_NAME":"Outer London — South","MOUNT_TYPE":0,"URBN_TYPE":0,"COAST_TYPE":0,"NAME_ENGL":"United Kingdom","NAME_FREN":"Royaume-Uni","ISO3_CODE":"GBR","SVRG_UN":"UN Member State","CAPT":"London","EU_STAT":"F","EFTA_STAT":"F","CC_STAT":"F","NAME_GERM":"Vereinigtes Königreich"},"id":"UKI6"},{"arcs":[[[1202,1203,1204,-372,1205,1206]],[[1207]],[[1208]]],"type":"MultiPolygon","properties":{"NUTS_ID":"NL12","LEVL_CODE":2,"CNTR_CODE":"NL","NAME_LATN":"Friesland (NL)","NUTS_NAME":"Friesland (NL)","MOUNT_TYPE":0,"URBN_TYPE":0,"COAST_TYPE":0,"NAME_ENGL":"Netherlands","NAME_FREN":"Pays-Bas","ISO3_CODE":"NLD","SVRG_UN":"UN Member State","CAPT":"Amsterdam","EU_STAT":"T","EFTA_STAT":"F","CC_STAT":"F","NAME_GERM":"Niederlande"},"id":"NL12"},{"arcs":[[-508,1209,-1206,-371]],"type":"Polygon","properties":{"NUTS_ID":"NL13","LEVL_CODE":2,"CNTR_CODE":"NL","NAME_LATN":"Drenthe","NUTS_NAME":"Drenthe","MOUNT_TYPE":0,"URBN_TYPE":0,"COAST_TYPE":0,"NAME_ENGL":"Netherlands","NAME_FREN":"Pays-Bas","ISO3_CODE":"NLD","SVRG_UN":"UN Member State","CAPT":"Amsterdam","EU_STAT":"T","EFTA_STAT":"F","CC_STAT":"F","NAME_GERM":"Niederlande"},"id":"NL13"},{"arcs":[[-1210,-507,-525,1210,1211,-1207]],"type":"Polygon","properties":{"NUTS_ID":"NL21","LEVL_CODE":2,"CNTR_CODE":"NL","NAME_LATN":"Overijssel","NUTS_NAME":"Overijssel","MOUNT_TYPE":0,"URBN_TYPE":0,"COAST_TYPE":0,"NAME_ENGL":"Netherlands","NAME_FREN":"Pays-Bas","ISO3_CODE":"NLD","SVRG_UN":"UN Member State","CAPT":"Amsterdam","EU_STAT":"T","EFTA_STAT":"F","CC_STAT":"F","NAME_GERM":"Niederlande"},"id":"NL21"},{"arcs":[[-1211,-524,-516,1212,1213,1214,1215,1216]],"type":"Polygon","properties":{"NUTS_ID":"NL22","LEVL_CODE":2,"CNTR_CODE":"NL","NAME_LATN":"Gelderland","NUTS_NAME":"Gelderland","MOUNT_TYPE":0,"URBN_TYPE":0,"COAST_TYPE":0,"NAME_ENGL":"Netherlands","NAME_FREN":"Pays-Bas","ISO3_CODE":"NLD","SVRG_UN":"UN Member State","CAPT":"Amsterdam","EU_STAT":"T","EFTA_STAT":"F","CC_STAT":"F","NAME_GERM":"Niederlande"},"id":"NL22"},{"arcs":[[-1217,1217,1218,-1203,-1212]],"type":"Polygon","properties":{"NUTS_ID":"NL23","LEVL_CODE":2,"CNTR_CODE":"NL","NAME_LATN":"Flevoland","NUTS_NAME":"Flevoland","MOUNT_TYPE":0,"URBN_TYPE":0,"COAST_TYPE":0,"NAME_ENGL":"Netherlands","NAME_FREN":"Pays-Bas","ISO3_CODE":"NLD","SVRG_UN":"UN Member State","CAPT":"Amsterdam","EU_STAT":"T","EFTA_STAT":"F","CC_STAT":"F","NAME_GERM":"Niederlande"},"id":"NL23"},{"arcs":[[-1218,-1216,1219,1220]],"type":"Polygon","properties":{"NUTS_ID":"NL31","LEVL_CODE":2,"CNTR_CODE":"NL","NAME_LATN":"Utrecht","NUTS_NAME":"Utrecht","MOUNT_TYPE":0,"URBN_TYPE":0,"COAST_TYPE":0,"NAME_ENGL":"Netherlands","NAME_FREN":"Pays-Bas","ISO3_CODE":"NLD","SVRG_UN":"UN Member State","CAPT":"Amsterdam","EU_STAT":"T","EFTA_STAT":"F","CC_STAT":"F","NAME_GERM":"Niederlande"},"id":"NL31"},{"arcs":[[-1204,-1219,-1221,1221,1222]],"type":"Polygon","properties":{"NUTS_ID":"NL32","LEVL_CODE":2,"CNTR_CODE":"NL","NAME_LATN":"Noord-Holland","NUTS_NAME":"Noord-Holland","MOUNT_TYPE":0,"URBN_TYPE":0,"COAST_TYPE":0,"NAME_ENGL":"Netherlands","NAME_FREN":"Pays-Bas","ISO3_CODE":"NLD","SVRG_UN":"UN Member State","CAPT":"Amsterdam","EU_STAT":"T","EFTA_STAT":"F","CC_STAT":"F","NAME_GERM":"Niederlande"},"id":"NL32"},{"arcs":[[-1222,-1220,-1215,1223,1224,1225]],"type":"Polygon","properties":{"NUTS_ID":"NL33","LEVL_CODE":2,"CNTR_CODE":"NL","NAME_LATN":"Zuid-Holland","NUTS_NAME":"Zuid-Holland","MOUNT_TYPE":0,"URBN_TYPE":0,"COAST_TYPE":0,"NAME_ENGL":"Netherlands","NAME_FREN":"Pays-Bas","ISO3_CODE":"NLD","SVRG_UN":"UN Member State","CAPT":"Amsterdam","EU_STAT":"T","EFTA_STAT":"F","CC_STAT":"F","NAME_GERM":"Niederlande"},"id":"NL33"},{"arcs":[[[-269,1226,-1225,1227]],[[-280,-290,1228]]],"type":"MultiPolygon","properties":{"NUTS_ID":"NL34","LEVL_CODE":2,"CNTR_CODE":"NL","NAME_LATN":"Zeeland","NUTS_NAME":"Zeeland","MOUNT_TYPE":0,"URBN_TYPE":0,"COAST_TYPE":0,"NAME_ENGL":"Netherlands","NAME_FREN":"Pays-Bas","ISO3_CODE":"NLD","SVRG_UN":"UN Member State","CAPT":"Amsterdam","EU_STAT":"T","EFTA_STAT":"F","CC_STAT":"F","NAME_GERM":"Niederlande"},"id":"NL34"},{"arcs":[[1229,-273,-264,-270,-1228,-1224,-1214]],"type":"Polygon","properties":{"NUTS_ID":"NL41","LEVL_CODE":2,"CNTR_CODE":"NL","NAME_LATN":"Noord-Brabant","NUTS_NAME":"Noord-Brabant","MOUNT_TYPE":0,"URBN_TYPE":0,"COAST_TYPE":0,"NAME_ENGL":"Netherlands","NAME_FREN":"Pays-Bas","ISO3_CODE":"NLD","SVRG_UN":"UN Member State","CAPT":"Amsterdam","EU_STAT":"T","EFTA_STAT":"F","CC_STAT":"F","NAME_GERM":"Niederlande"},"id":"NL41"},{"arcs":[[-521,-299,-276,-305,-274,-1230,-1213,-515]],"type":"Polygon","properties":{"NUTS_ID":"NL42","LEVL_CODE":2,"CNTR_CODE":"NL","NAME_LATN":"Limburg (NL)","NUTS_NAME":"Limburg (NL)","MOUNT_TYPE":0,"URBN_TYPE":0,"COAST_TYPE":0,"NAME_ENGL":"Netherlands","NAME_FREN":"Pays-Bas","ISO3_CODE":"NLD","SVRG_UN":"UN Member State","CAPT":"Amsterdam","EU_STAT":"T","EFTA_STAT":"F","CC_STAT":"F","NAME_GERM":"Niederlande"},"id":"NL42"},{"arcs":[[-946,-955,-1125,-1123,1230]],"type":"Polygon","properties":{"NUTS_ID":"PL21","LEVL_CODE":2,"CNTR_CODE":"PL","NAME_LATN":"Małopolskie","NUTS_NAME":"Małopolskie","MOUNT_TYPE":0,"URBN_TYPE":0,"COAST_TYPE":0,"NAME_ENGL":"Poland","NAME_FREN":"Pologne","ISO3_CODE":"POL","SVRG_UN":"UN Member State","CAPT":"Warsaw","EU_STAT":"T","EFTA_STAT":"F","CC_STAT":"F","NAME_GERM":"Polen"},"id":"PL21"},{"arcs":[[-939,-947,-1231,-1122,-18,1231]],"type":"Polygon","properties":{"NUTS_ID":"PL22","LEVL_CODE":2,"CNTR_CODE":"PL","NAME_LATN":"Śląskie","NUTS_NAME":"Śląskie","MOUNT_TYPE":0,"URBN_TYPE":0,"COAST_TYPE":0,"NAME_ENGL":"Poland","NAME_FREN":"Pologne","ISO3_CODE":"POL","SVRG_UN":"UN Member State","CAPT":"Warsaw","EU_STAT":"T","EFTA_STAT":"F","CC_STAT":"F","NAME_GERM":"Polen"},"id":"PL22"},{"arcs":[[1232,-941,1233,1234,1235,1236,1237,1238]],"type":"Polygon","properties":{"NUTS_ID":"PL41","LEVL_CODE":2,"CNTR_CODE":"PL","NAME_LATN":"Wielkopolskie","NUTS_NAME":"Wielkopolskie","MOUNT_TYPE":0,"URBN_TYPE":0,"COAST_TYPE":0,"NAME_ENGL":"Poland","NAME_FREN":"Pologne","ISO3_CODE":"POL","SVRG_UN":"UN Member State","CAPT":"Warsaw","EU_STAT":"T","EFTA_STAT":"F","CC_STAT":"F","NAME_GERM":"Polen"},"id":"PL41"},{"arcs":[[1239,-1237,1240,-183,-211,1241,-209,1242,1243]],"type":"Polygon","properties":{"NUTS_ID":"PL42","LEVL_CODE":2,"CNTR_CODE":"PL","NAME_LATN":"Zachodniopomorskie","NUTS_NAME":"Zachodniopomorskie","MOUNT_TYPE":0,"URBN_TYPE":0,"COAST_TYPE":0,"NAME_ENGL":"Poland","NAME_FREN":"Pologne","ISO3_CODE":"POL","SVRG_UN":"UN Member State","CAPT":"Warsaw","EU_STAT":"T","EFTA_STAT":"F","CC_STAT":"F","NAME_GERM":"Polen"},"id":"PL42"},{"arcs":[[-1236,1244,-80,-184,-1241]],"type":"Polygon","properties":{"NUTS_ID":"PL43","LEVL_CODE":2,"CNTR_CODE":"PL","NAME_LATN":"Lubuskie","NUTS_NAME":"Lubuskie","MOUNT_TYPE":0,"URBN_TYPE":0,"COAST_TYPE":0,"NAME_ENGL":"Poland","NAME_FREN":"Pologne","ISO3_CODE":"POL","SVRG_UN":"UN Member State","CAPT":"Warsaw","EU_STAT":"T","EFTA_STAT":"F","CC_STAT":"F","NAME_GERM":"Polen"},"id":"PL43"},{"arcs":[[-1235,1245,-15,-1,-7,-75,-1245]],"type":"Polygon","properties":{"NUTS_ID":"PL51","LEVL_CODE":2,"CNTR_CODE":"PL","NAME_LATN":"Dolnośląskie","NUTS_NAME":"Dolnośląskie","MOUNT_TYPE":0,"URBN_TYPE":0,"COAST_TYPE":0,"NAME_ENGL":"Poland","NAME_FREN":"Pologne","ISO3_CODE":"POL","SVRG_UN":"UN Member State","CAPT":"Warsaw","EU_STAT":"T","EFTA_STAT":"F","CC_STAT":"F","NAME_GERM":"Polen"},"id":"PL51"},{"arcs":[[-1234,-940,-1232,-20,-16,-1246]],"type":"Polygon","properties":{"NUTS_ID":"PL52","LEVL_CODE":2,"CNTR_CODE":"PL","NAME_LATN":"Opolskie","NUTS_NAME":"Opolskie","MOUNT_TYPE":0,"URBN_TYPE":0,"COAST_TYPE":0,"NAME_ENGL":"Poland","NAME_FREN":"Pologne","ISO3_CODE":"POL","SVRG_UN":"UN Member State","CAPT":"Warsaw","EU_STAT":"T","EFTA_STAT":"F","CC_STAT":"F","NAME_GERM":"Polen"},"id":"PL52"},{"arcs":[[1246,-961,-942,-1233,-1239,1247]],"type":"Polygon","properties":{"NUTS_ID":"PL61","LEVL_CODE":2,"CNTR_CODE":"PL","NAME_LATN":"Kujawsko-pomorskie","NUTS_NAME":"Kujawsko-pomorskie","MOUNT_TYPE":0,"URBN_TYPE":0,"COAST_TYPE":0,"NAME_ENGL":"Poland","NAME_FREN":"Pologne","ISO3_CODE":"POL","SVRG_UN":"UN Member State","CAPT":"Warsaw","EU_STAT":"T","EFTA_STAT":"F","CC_STAT":"F","NAME_GERM":"Polen"},"id":"PL61"},{"arcs":[[1248,-958,-962,-1247,1249,1250]],"type":"Polygon","properties":{"NUTS_ID":"PL62","LEVL_CODE":2,"CNTR_CODE":"PL","NAME_LATN":"Warmińsko-mazurskie","NUTS_NAME":"Warmińsko-mazurskie","MOUNT_TYPE":0,"URBN_TYPE":0,"COAST_TYPE":0,"NAME_ENGL":"Poland","NAME_FREN":"Pologne","ISO3_CODE":"POL","SVRG_UN":"UN Member State","CAPT":"Warsaw","EU_STAT":"T","EFTA_STAT":"F","CC_STAT":"F","NAME_GERM":"Polen"},"id":"PL62"},{"arcs":[[1251,-1250,-1248,-1238,-1240,-1244,1252]],"type":"Polygon","properties":{"NUTS_ID":"PL63","LEVL_CODE":2,"CNTR_CODE":"PL","NAME_LATN":"Pomorskie","NUTS_NAME":"Pomorskie","MOUNT_TYPE":0,"URBN_TYPE":0,"COAST_TYPE":0,"NAME_ENGL":"Poland","NAME_FREN":"Pologne","ISO3_CODE":"POL","SVRG_UN":"UN Member State","CAPT":"Warsaw","EU_STAT":"T","EFTA_STAT":"F","CC_STAT":"F","NAME_GERM":"Polen"},"id":"PL63"},{"arcs":[[1253]],"type":"Polygon","properties":{"NUTS_ID":"HR05","LEVL_CODE":2,"CNTR_CODE":"HR","NAME_LATN":"Grad Zagreb","NUTS_NAME":"Grad Zagreb","MOUNT_TYPE":0,"URBN_TYPE":0,"COAST_TYPE":0,"NAME_ENGL":"Croatia","NAME_FREN":"Croatie","ISO3_CODE":"HRV","SVRG_UN":"UN Member State","CAPT":"Zagreb","EU_STAT":"T","EFTA_STAT":"F","CC_STAT":"F","NAME_GERM":"Kroatien"},"id":"HR05"},{"arcs":[[-638,-1115,-651,-842],[-1254]],"type":"Polygon","properties":{"NUTS_ID":"HR06","LEVL_CODE":2,"CNTR_CODE":"HR","NAME_LATN":"Sjeverna Hrvatska","NUTS_NAME":"Sjeverna Hrvatska","MOUNT_TYPE":0,"URBN_TYPE":0,"COAST_TYPE":0,"NAME_ENGL":"Croatia","NAME_FREN":"Croatie","ISO3_CODE":"HRV","SVRG_UN":"UN Member State","CAPT":"Zagreb","EU_STAT":"T","EFTA_STAT":"F","CC_STAT":"F","NAME_GERM":"Kroatien"},"id":"HR06"},{"arcs":[[1254,1255,-1104,-838,1256]],"type":"Polygon","properties":{"NUTS_ID":"NO02","LEVL_CODE":2,"CNTR_CODE":"NO","NAME_LATN":"Innlandet","NUTS_NAME":"Innlandet","MOUNT_TYPE":0,"URBN_TYPE":0,"COAST_TYPE":0,"NAME_ENGL":"Norway","NAME_FREN":"Norvège","ISO3_CODE":"NOR","SVRG_UN":"UN Member State","CAPT":"Oslo","EU_STAT":"F","EFTA_STAT":"T","CC_STAT":"F","NAME_GERM":"Norwegen"},"id":"NO02"},{"arcs":[[[-1105,-1256,1257,1258,1259,1260,1261]],[[1262]]],"type":"MultiPolygon","properties":{"NUTS_ID":"NO06","LEVL_CODE":2,"CNTR_CODE":"NO","NAME_LATN":"Trøndelag","NUTS_NAME":"Trøndelag","MOUNT_TYPE":0,"URBN_TYPE":0,"COAST_TYPE":0,"NAME_ENGL":"Norway","NAME_FREN":"Norvège","ISO3_CODE":"NOR","SVRG_UN":"UN Member State","CAPT":"Oslo","EU_STAT":"F","EFTA_STAT":"T","CC_STAT":"F","NAME_GERM":"Norwegen"},"id":"NO06"},{"arcs":[[-1257,-837,-835,1263,1264,1265]],"type":"Polygon","properties":{"NUTS_ID":"NO08","LEVL_CODE":2,"CNTR_CODE":"NO","NAME_LATN":"Oslo og Viken","NUTS_NAME":"Oslo og Viken","MOUNT_TYPE":0,"URBN_TYPE":0,"COAST_TYPE":0,"NAME_ENGL":"Norway","NAME_FREN":"Norvège","ISO3_CODE":"NOR","SVRG_UN":"UN Member State","CAPT":"Oslo","EU_STAT":"F","EFTA_STAT":"T","CC_STAT":"F","NAME_GERM":"Norwegen"},"id":"NO08"},{"arcs":[[1266,1267,-1265]],"type":"Polygon","properties":{"NUTS_ID":"NO09","LEVL_CODE":2,"CNTR_CODE":"NO","NAME_LATN":"Agder og Sør-Østlandet","NUTS_NAME":"Agder og Sør-Østlandet","MOUNT_TYPE":0,"URBN_TYPE":0,"COAST_TYPE":0,"NAME_ENGL":"Norway","NAME_FREN":"Norvège","ISO3_CODE":"NOR","SVRG_UN":"UN Member State","CAPT":"Oslo","EU_STAT":"F","EFTA_STAT":"T","CC_STAT":"F","NAME_GERM":"Norwegen"},"id":"NO09"},{"arcs":[[[-1258,-1255,-1266,-1268,1268]],[[1269]],[[1270]],[[1271]],[[1272]],[[1273]],[[1274]]],"type":"MultiPolygon","properties":{"NUTS_ID":"NO0A","LEVL_CODE":2,"CNTR_CODE":"NO","NAME_LATN":"Vestlandet","NUTS_NAME":"Vestlandet","MOUNT_TYPE":0,"URBN_TYPE":0,"COAST_TYPE":0,"NAME_ENGL":"Norway","NAME_FREN":"Norvège","ISO3_CODE":"NOR","SVRG_UN":"UN Member State","CAPT":"Oslo","EU_STAT":"F","EFTA_STAT":"T","CC_STAT":"F","NAME_GERM":"Norwegen"},"id":"NO0A"},{"arcs":[[[-928,-1109,-1262,1275]],[[1276]],[[1277]],[[1278]],[[1279]],[[1280]],[[1281]],[[1282]],[[1283]],[[1284]],[[1285]],[[1286]],[[1287]],[[1288]],[[1289]],[[1290]],[[1291]],[[1292]],[[1293]],[[1294]],[[1295]],[[1296]],[[1297]],[[1298]],[[1299]],[[1300]],[[1301]],[[1302]],[[1303]],[[1304]],[[1305]],[[1306]],[[1307]],[[1308]],[[-1260,1309]]],"type":"MultiPolygon","properties":{"NUTS_ID":"NO07","LEVL_CODE":2,"CNTR_CODE":"NO","NAME_LATN":"Nord-Norge","NUTS_NAME":"Nord-Norge","MOUNT_TYPE":0,"URBN_TYPE":0,"COAST_TYPE":0,"NAME_ENGL":"Norway","NAME_FREN":"Norvège","ISO3_CODE":"NOR","SVRG_UN":"UN Member State","CAPT":"Oslo","EU_STAT":"F","EFTA_STAT":"T","CC_STAT":"F","NAME_GERM":"Norwegen"},"id":"NO07"},{"arcs":[[[1310]],[[1311]],[[1312]],[[1313]],[[1314]],[[1315]],[[1316]],[[1317]],[[1318]],[[1319]],[[1320]],[[1321]],[[1322]],[[1323]],[[1324]],[[1325]],[[1326]],[[1327]]],"type":"MultiPolygon","properties":{"NUTS_ID":"NO0B","LEVL_CODE":2,"CNTR_CODE":"NO","NAME_LATN":"Jan Mayen and Svalbard","NUTS_NAME":"Jan Mayen and Svalbard","MOUNT_TYPE":null,"URBN_TYPE":0,"COAST_TYPE":0,"NAME_ENGL":"Norway","NAME_FREN":"Norvège","ISO3_CODE":"NOR","SVRG_UN":"UN Member State","CAPT":"Oslo","EU_STAT":"F","EFTA_STAT":"T","CC_STAT":"F","NAME_GERM":"Norwegen"},"id":"NO0B"}]}}}