nuts_id,2013_0-4_male,2013_0-4_female,2013_5-9_male,2013_5-9_female,2013_10-14_male,2013_10-14_female,2013_15-19_male,2013_15-19_female,2013_20-24_male,2013_20-24_female,2013_25-29_male,2013_25-29_female,2013_30-34_male,2013_30-34_female,2013_35-39_male,2013_35-39_female,2013_40-44_male,2013_40-44_female,2013_45-49_male,2013_45-49_female,2013_50-54_male,2013_50-54_female,2013_55-59_male,2013_55-59_female,2013_60-64_male,2013_60-64_female,2013_65-69_male,2013_65-69_female,2013_70-74_male,2013_70-74_female,2013_75-79_male,2013_75-79_female,2013_80-84_male,2013_80-84_female,2013_85+_male,2013_85+_female,2015_0-4_male,2015_0-4_female,2015_5-9_male,2015_5-9_female,2015_10-14_male,2015_10-14_female,2015_15-19_male,2015_15-19_female,2015_20-24_male,2015_20-24_female,2015_25-29_male,2015_25-29_female,2015_30-34_male,2015_30-34_female,2015_35-39_male,2015_35-39_female,2015_40-44_male,2015_40-44_female,2015_45-49_male,2015_45-49_female,2015_50-54_male,2015_50-54_female,2015_55-59_male,2015_55-59_female,2015_60-64_male,2015_60-64_female,2015_65-69_male,2015_65-69_female,2015_70-74_male,2015_70-74_female,2015_75-79_male,2015_75-79_female,2015_80-84_male,2015_80-84_female,2015_85+_male,2015_85+_female,2018_0-4_male,2018_0-4_female,2018_5-9_male,2018_5-9_female,2018_10-14_male,2018_10-14_female,2018_15-19_male,2018_15-19_female,2018_20-24_male,2018_20-24_female,2018_25-29_male,2018_25-29_female,2018_30-34_male,2018_30-34_female,2018_35-39_male,2018_35-39_female,2018_40-44_male,2018_40-44_female,2018_45-49_male,2018_45-49_female,2018_50-54_male,2018_50-54_female,2018_55-59_male,2018_55-59_female,2018_60-64_male,2018_60-64_female,2018_65-69_male,2018_65-69_female,2018_70-74_male,2018_70-74_female,2018_75-79_male,2018_75-79_female,2018_80-84_male,2018_80-84_female,2018_85+_male,2018_85+_female,2020_0-4_male,2020_0-4_female,2020_5-9_male,2020_5-9_female,2020_10-14_male,2020_10-14_female,2020_15-19_male,2020_15-19_female,2020_20-24_male,2020_20-24_female,2020_25-29_male,2020_25-29_female,2020_30-34_male,2020_30-34_female,2020_35-39_male,2020_35-39_female,2020_40-44_male,2020_40-44_female,2020_45-49_male,2020_45-49_female,2020_50-54_male,2020_50-54_female,2020_55-59_male,2020_55-59_female,2020_60-64_male,2020_60-64_female,2020_65-69_male,2020_65-69_female,2020_70-74_male,2020_70-74_female,2020_75-79_male,2020_75-79_female,2020_80-84_male,2020_80-84_female,2020_85+_male,2020_85+_female,2023_0-4_male,2023_0-4_female,2023_5-9_male,2023_5-9_female,2023_10-14_male,2023_10-14_female,2023_15-19_male,2023_15-19_female,2023_20-24_male,2023_20-24_female,2023_25-29_male,2023_25-29_female,2023_30-34_male,2023_30-34_female,2023_35-39_male,2023_35-39_female,2023_40-44_male,2023_40-44_female,2023_45-49_male,2023_45-49_female,2023_50-54_male,2023_50-54_female,2023_55-59_male,2023_55-59_female,2023_60-64_male,2023_60-64_female,2023_65-69_male,2023_65-69_female,2023_70-74_male,2023_70-74_female,2023_75-79_male,2023_75-79_female,2023_80-84_male,2023_80-84_female,2023_85+_male,2023_85+_female
AT11,2.067,2.0346,2.2742,2.1689,2.4036,2.27,2.6931,2.5446,2.7113,2.5606,2.7556,2.6778,2.9704,3.0214,3.149,3.3133,3.9,3.8543,4.2691,4.14,4.2066,4.1121,3.6862,3.6314,3.3775,3.381,2.2945,2.4179,2.5159,2.8055,1.6558,2.2599,1.1825,1.9484,0.7196,2.0262,2.0811,1.9961,2.2323,2.1581,2.3863,2.2496,2.5649,2.4019,2.7202,2.5208,2.706,2.5718,2.936,3.0209,3.0164,3.2137,3.6913,3.6719,4.1203,4.0686,4.2829,4.2312,3.9264,3.8449,3.3715,3.3622,2.6759,2.8135,2.3287,2.5732,1.8914,2.421,1.1968,1.8803,0.8077,2.0641,2.1375,1.9882,2.2701,2.198,2.3675,2.266,2.4867,2.2571,2.5769,2.3524,2.6606,2.5346,2.8045,2.8342,3.1185,3.2258,3.2733,3.442,3.9142,3.906,4.2453,4.1661,4.135,4.0998,3.5763,3.6242,3.1769,3.2531,2.0767,2.2947,2.1239,2.5438,1.2335,1.8474,0.9075,2.0818,2.1298,2.0065,2.2738,2.1635,2.3207,2.2389,2.4019,2.2334,2.4246,2.2263,2.6101,2.5055,2.7796,2.7578,3.0903,3.2401,3.1243,3.3444,3.7427,3.7485,4.136,4.1007,4.2325,4.242,3.83,3.8552,3.165,3.2628,2.4148,2.6468,1.9519,2.338,1.4356,2.0103,0.9584,2.0572,2.0591,1.9744,2.3552,2.1919,2.3715,2.2855,2.3811,2.2629,2.326,2.0558,2.4455,2.2954,2.717,2.715,3.0111,3.1349,3.2684,3.4201,3.3407,3.5499,3.917,3.9658,4.169,4.2201,4.0661,4.162,3.3879,3.5529,2.8488,3.0636,1.7255,2.0797,1.5821,2.1268,0.9952,1.9764
AT12,2.3235,2.1818,2.4871,2.3679,2.6487,2.4863,3.0012,2.8271,3.0058,2.8269,2.8435,2.7523,2.9334,2.9248,3.0945,3.2154,3.9537,3.9908,4.41,4.343,4.0192,3.9358,3.2458,3.2632,2.8181,2.9772,2.4054,2.6016,2.6044,2.9309,1.4891,1.8897,1.0885,1.6716,0.6871,1.7547,2.3343,2.2096,2.4283,2.3249,2.6083,2.4381,2.8381,2.6652,3.0131,2.8185,2.8581,2.7464,3.0214,3.0189,2.9873,3.0233,3.5888,3.6969,4.3528,4.2838,4.2566,4.1771,3.4688,3.4878,2.7791,2.9281,2.454,2.6633,2.5032,2.8258,1.7499,2.1372,1.091,1.6344,0.776,1.8116,2.4044,2.2741,2.4764,2.328,2.5563,2.4245,2.7176,2.4694,2.8696,2.6713,2.9631,2.8293,2.9914,2.9526,3.1279,3.1334,3.1987,3.3001,3.9454,3.9804,4.3129,4.2677,3.8504,3.8285,3.0473,3.1435,2.5464,2.7978,2.1042,2.3914,2.1565,2.6128,1.1064,1.5465,0.8687,1.8051,2.4041,2.2772,2.4998,2.3599,2.5112,2.3919,2.6301,2.433,2.7086,2.5041,2.943,2.8008,3.0058,2.9543,3.2098,3.2361,3.094,3.1356,3.6,3.7074,4.2672,4.2224,4.0941,4.0772,3.2707,3.3658,2.5342,2.7572,2.1508,2.4614,2.0745,2.5177,1.3206,1.7691,0.9116,1.7988,2.3431,2.2422,2.5621,2.4262,2.5725,2.4183,2.6,2.4379,2.5441,2.2934,2.7615,2.5954,3.0968,3.0474,3.1869,3.2094,3.256,3.2945,3.2269,3.3568,3.8947,3.9628,4.1687,4.1934,3.6531,3.7305,2.7966,3.0023,2.2406,2.5986,1.7338,2.1277,1.6165,2.1658,0.934,1.7096
AT13,2.6332,2.449,2.4088,2.2921,2.2978,2.2073,2.5468,2.4723,3.5162,3.6696,3.8768,4.024,3.8597,3.9031,3.5077,3.5995,3.7991,3.9133,4.0349,3.9823,3.5015,3.558,2.7431,3.0177,2.4389,2.7777,2.2903,2.7772,2.1676,2.754,0.9956,1.4281,0.7825,1.3895,0.6176,1.7671,2.6548,2.4581,2.4068,2.2874,2.306,2.1897,2.4454,2.3738,3.589,3.6814,4.0694,4.1691,4.0416,4.0607,3.556,3.5286,3.5294,3.6779,3.9135,3.9086,3.6709,3.6712,2.8889,3.1023,2.2811,2.6169,2.1551,2.6086,2.1872,2.7961,1.2175,1.6741,0.7232,1.2412,0.6376,1.681,2.7133,2.5366,2.477,2.303,2.33,2.1921,2.4759,2.3219,3.5523,3.5537,4.3053,4.2563,4.1493,4.0538,3.7726,3.7005,3.3568,3.4099,3.5685,3.6718,3.703,3.6856,3.15,3.2389,2.3782,2.6894,2.0208,2.4262,1.8211,2.3635,1.6652,2.2576,0.6746,1.0611,0.6352,1.5288,2.6631,2.5218,2.4895,2.3064,2.3629,2.223,2.427,2.31,3.3549,3.4095,4.2083,4.1616,4.1909,4.0918,3.8833,3.8184,3.3842,3.3558,3.355,3.4924,3.6592,3.679,3.3707,3.3993,2.5635,2.8107,1.9321,2.3336,1.7596,2.2567,1.6908,2.3276,0.8657,1.2976,0.6197,1.4241,2.5105,2.3696,2.5445,2.3948,2.4357,2.2565,2.4897,2.362,3.3376,3.3557,4.1527,4.0841,4.3169,4.134,3.9296,3.833,3.5596,3.5491,3.1828,3.2921,3.3499,3.5201,3.411,3.4661,2.8287,2.9745,2.0371,2.4339,1.6499,2.1238,1.4007,1.9727,1.1732,1.7567,0.5838,1.2274
AT21,2.1742,2.0734,2.3259,2.2095,2.4872,2.3857,2.9226,2.7375,2.9017,2.7069,2.946,2.8876,2.9847,2.9478,2.9771,2.9874,3.7604,3.8139,4.1997,4.2758,4.0706,4.108,3.4761,3.5948,2.9017,3.171,2.4806,2.747,2.5249,2.9942,1.435,1.9549,1.1594,1.889,0.8078,1.9803,2.176,2.0554,2.2945,2.1767,2.4159,2.3079,2.7512,2.5784,2.899,2.6533,2.9141,2.8341,3.0982,3.0471,2.9146,2.908,3.393,3.44,4.1224,4.1754,4.2011,4.2743,3.7151,3.8512,3.0014,3.1857,2.5699,2.8698,2.4688,2.9119,1.6964,2.2167,1.0984,1.782,0.916,2.0861,2.2234,2.1015,2.2824,2.1587,2.417,2.2785,2.5627,2.3676,2.7312,2.473,2.9606,2.8347,3.0344,2.9947,3.0489,3.0289,3.0396,3.0597,3.7823,3.847,4.1667,4.2781,3.9911,4.069,3.3354,3.5432,2.7299,3.0731,2.2291,2.5983,2.1437,2.7344,1.0836,1.6511,0.997,2.1494,2.1778,2.0814,2.2788,2.1456,2.3774,2.2491,2.4786,2.3114,2.5823,2.3777,2.9092,2.7533,3.0004,2.9598,3.1467,3.119,2.979,2.9792,3.4184,3.5008,4.1085,4.1951,4.1294,4.2652,3.601,3.8066,2.8425,3.1082,2.3164,2.721,2.0934,2.6653,1.3184,1.9033,1.0022,2.0977,2.1255,2.0108,2.2995,2.1858,2.3475,2.222,2.5013,2.2876,2.5294,2.2447,2.8393,2.5916,3.0996,2.9876,3.1498,3.1249,3.1409,3.1365,3.0859,3.1249,3.7752,3.8766,4.0868,4.2557,3.8704,4.0337,3.1484,3.4421,2.4477,2.8931,1.8827,2.3451,1.6268,2.3094,0.9853,1.9863
AT22,2.2144,2.0796,2.2607,2.1726,2.3822,2.264,2.8509,2.6746,3.3673,3.1613,3.3317,3.1292,3.2461,3.1487,3.2102,3.1594,3.8567,3.7728,4.2378,4.0974,3.9442,3.8889,3.267,3.3566,2.7361,2.9429,2.3188,2.6098,2.4435,2.9136,1.4232,1.9189,1.1283,1.8054,0.7496,1.9358,2.235,2.0658,2.2253,2.1464,2.33,2.2047,2.68,2.5205,3.3655,3.1171,3.3963,3.1623,3.3576,3.2038,3.1387,3.058,3.5345,3.4772,4.1461,3.991,4.1103,4.027,3.5128,3.5848,2.7859,2.9464,2.3747,2.666,2.3366,2.8052,1.6739,2.1567,1.1,1.7281,0.8388,1.9969,2.3268,2.1674,2.2754,2.1387,2.2912,2.1934,2.5009,2.2983,3.2006,2.937,3.4904,3.2079,3.3465,3.146,3.274,3.1774,3.2185,3.1611,3.8157,3.7333,4.1322,4.0205,3.7857,3.7784,3.0831,3.2367,2.5235,2.7948,2.0441,2.4283,2.056,2.6229,1.0619,1.5914,0.924,2.0158,2.332,2.2052,2.3013,2.1251,2.2704,2.1726,2.3898,2.2485,2.9781,2.7391,3.454,3.1522,3.3903,3.1866,3.3765,3.2377,3.1582,3.0864,3.516,3.4694,4.0591,3.9403,3.9678,3.9381,3.3284,3.4756,2.5719,2.8136,2.1029,2.4824,1.971,2.5323,1.2735,1.8192,0.9471,1.9874,2.2595,2.1748,2.3735,2.2104,2.3206,2.1799,2.3787,2.2419,2.7608,2.5123,3.3179,3.0137,3.5029,3.2299,3.3798,3.221,3.3011,3.2335,3.2225,3.204,3.752,3.7197,4.0021,3.9615,3.6,3.6914,2.8486,3.1066,2.2344,2.6145,1.6986,2.1729,1.5537,2.2016,0.9333,1.8702
AT31,2.5059,2.3583,2.5311,2.4295,2.6862,2.5577,3.1483,2.9771,3.2389,3.0247,3.2302,3.1372,3.2696,3.1294,3.1451,3.0948,3.8173,3.759,4.3179,4.1967,3.9982,3.9264,3.2402,3.2654,2.6935,2.7832,2.1483,2.3704,2.2289,2.6461,1.3676,1.8532,1.027,1.565,0.6434,1.6883,2.536,2.4015,2.5129,2.3845,2.5975,2.508,2.9465,2.7614,3.2487,3.0492,3.2998,3.1325,3.4066,3.245,3.1191,3.0069,3.4687,3.4355,4.1816,4.0659,4.1832,4.1097,3.4607,3.479,2.7524,2.8138,2.2523,2.4518,2.0991,2.5151,1.5436,2.0173,1.0318,1.5546,0.7182,1.7093,2.6445,2.4996,2.5575,2.4088,2.5529,2.4444,2.7367,2.5448,3.1956,2.931,3.4249,3.1728,3.3837,3.2123,3.3389,3.1643,3.1533,3.0995,3.7431,3.689,4.1574,4.063,3.7844,3.7693,2.9993,3.0874,2.4163,2.596,1.8587,2.1654,1.8323,2.3519,1.0056,1.5091,0.8096,1.6965,2.6606,2.5115,2.5792,2.442,2.5354,2.4029,2.6188,2.5003,3.0176,2.7496,3.4108,3.1722,3.4375,3.2218,3.4372,3.279,3.1197,3.0135,3.412,3.391,4.0445,3.9594,3.9709,3.945,3.2213,3.3007,2.4806,2.6343,1.9597,2.2379,1.729,2.24,1.1575,1.6655,0.8504,1.6906,2.5834,2.4472,2.6655,2.5145,2.5622,2.4178,2.596,2.447,2.8643,2.5773,3.3276,3.0275,3.5456,3.274,3.4392,3.2802,3.337,3.1926,3.1283,3.0963,3.6443,3.6265,3.9804,3.9492,3.5418,3.6011,2.719,2.9103,2.1029,2.3905,1.5218,1.9121,1.3596,1.9339,0.8531,1.63
AT32,2.4243,2.3414,2.5076,2.3918,2.7282,2.5646,3.0513,2.8836,3.1613,3.0186,3.2732,3.3023,3.3256,3.3437,3.1745,3.2442,3.8227,3.9323,4.173,4.2472,3.7246,3.8945,3.0668,3.3894,2.6821,2.9957,2.3433,2.6483,2.2512,2.6593,1.2418,1.6236,0.9393,1.4501,0.6558,1.5227,2.4819,2.3679,2.4309,2.3269,2.61,2.4626,2.9398,2.7467,3.1568,3.0068,3.2959,3.2753,3.4511,3.438,3.1979,3.1594,3.4454,3.5739,4.1335,4.1886,3.8997,4.0813,3.2501,3.526,2.654,2.9814,2.3759,2.686,2.2535,2.6622,1.4524,1.8697,0.9304,1.3992,0.7241,1.5645,2.6063,2.4505,2.4082,2.324,2.5023,2.3716,2.8291,2.5347,3.0743,2.8948,3.4601,3.3134,3.4578,3.403,3.3355,3.3376,3.1637,3.2037,3.7381,3.8273,3.9911,4.102,3.513,3.7182,2.8141,3.1579,2.3886,2.7531,2.0299,2.4009,1.8707,2.3579,0.9338,1.3327,0.8042,1.596,2.6017,2.4711,2.4502,2.3479,2.4315,2.3277,2.6314,2.4566,3.0218,2.8062,3.407,3.2752,3.4516,3.3844,3.4509,3.4195,3.1717,3.1317,3.3585,3.5084,3.9788,4.0501,3.6932,3.8962,3.0102,3.3071,2.3784,2.7516,2.0686,2.4536,1.8726,2.3587,1.115,1.5609,0.8259,1.5745,2.5616,2.3933,2.5495,2.4024,2.4019,2.3282,2.5435,2.4001,2.8771,2.6633,3.2913,3.1685,3.5294,3.3837,3.4321,3.3974,3.3093,3.3195,3.1074,3.1919,3.6272,3.7683,3.8227,3.9643,3.2881,3.532,2.5532,2.9614,2.0901,2.5435,1.693,2.1286,1.4227,1.968,0.8472,1.5383
AT33,2.4575,2.327,2.506,2.3836,2.6397,2.5098,3.1013,2.9432,3.4384,3.3733,3.4033,3.3889,3.3603,3.3479,3.2558,3.2892,3.9196,3.9149,4.2955,4.3253,3.7942,3.7756,2.9303,3.1192,2.5913,2.7704,2.2196,2.4702,2.1915,2.5487,1.3103,1.642,0.97,1.403,0.5994,1.4838,2.463,2.3327,2.4321,2.3215,2.5477,2.4054,2.8879,2.7633,3.52,3.4344,3.5129,3.41,3.4513,3.4711,3.2098,3.1807,3.536,3.5755,4.2103,4.2058,4.0302,3.9962,3.2045,3.3081,2.4947,2.7382,2.2962,2.5153,2.1429,2.5055,1.4821,1.8443,0.9898,1.3736,0.6936,1.5134,2.5775,2.4263,2.4428,2.3098,2.48,2.3531,2.6482,2.4884,3.4187,3.2437,3.6875,3.508,3.4859,3.4283,3.3713,3.3287,3.2011,3.2372,3.7996,3.7904,4.1032,4.1544,3.5702,3.585,2.6866,2.9157,2.3096,2.5419,1.9259,2.2362,1.8223,2.2531,0.982,1.3448,0.8003,1.5427,2.6092,2.4188,2.4524,2.3292,2.4252,2.3148,2.5453,2.3989,3.1287,2.9958,3.67,3.4716,3.55,3.4305,3.4358,3.4427,3.1605,3.1672,3.446,3.4993,4.0658,4.0929,3.8237,3.8298,2.9662,3.1206,2.2492,2.5504,2.0044,2.2998,1.7887,2.231,1.1304,1.5394,0.8598,1.5558,2.5186,2.3782,2.536,2.3953,2.4224,2.2869,2.5051,2.35,2.8636,2.6892,3.5432,3.3048,3.6516,3.4964,3.4242,3.4061,3.3034,3.3071,3.1492,3.2312,3.7017,3.7466,3.9576,4.054,3.3735,3.4416,2.4649,2.7636,2.0469,2.363,1.6065,2.006,1.3943,1.8819,0.8872,1.5483
AT34,2.679,2.5571,2.7592,2.6497,2.9009,2.7759,3.2869,3.0813,3.2093,3.0507,3.2729,3.2356,3.3497,3.3958,3.3516,3.3709,3.8862,3.9288,4.2987,4.1017,3.734,3.6962,2.9412,3.0547,2.6344,2.7311,2.1669,2.3406,2.0832,2.3763,1.2536,1.6938,0.8932,1.3266,0.5537,1.3787,2.6839,2.5476,2.7129,2.5885,2.7983,2.6976,3.1012,2.9219,3.2056,2.9575,3.2734,3.2074,3.4414,3.4885,3.2901,3.28,3.6255,3.6588,4.1995,4.0896,3.9787,3.8662,3.1876,3.2272,2.5402,2.746,2.2832,2.42,2.0254,2.3226,1.4525,1.8276,0.9136,1.3648,0.6218,1.4533,2.8021,2.6313,2.6946,2.5616,2.7332,2.6464,2.9545,2.69,3.1587,2.8409,3.3721,3.2294,3.4513,3.3609,3.4086,3.4349,3.3412,3.3443,3.8079,3.8321,4.1104,3.9322,3.5187,3.5059,2.674,2.8407,2.3179,2.5001,1.8556,2.1073,1.7223,2.0876,0.9379,1.3823,0.7395,1.4716,2.8202,2.659,2.6834,2.5535,2.6978,2.5694,2.795,2.6286,3.0619,2.7308,3.3792,3.1634,3.4441,3.3316,3.4779,3.5038,3.2596,3.2467,3.528,3.5728,4.0318,3.9437,3.7541,3.6803,2.9194,3.0098,2.2637,2.5316,1.9671,2.1791,1.6727,2.0283,1.1067,1.4924,0.7745,1.5383,2.7522,2.5689,2.7596,2.5948,2.6767,2.5251,2.7594,2.5908,2.9319,2.563,3.3029,3.0453,3.5042,3.3399,3.4914,3.3888,3.3563,3.4201,3.2675,3.3187,3.6674,3.7348,3.9294,3.7756,3.2651,3.3199,2.4105,2.6526,2.0128,2.2749,1.5227,1.8492,1.3108,1.749,0.8312,1.5364
BE10,3.8948,3.7158,3.269,3.1027,2.7719,2.6741,2.737,2.6041,3.2792,3.5114,4.1182,4.5152,4.5134,4.514,4.2411,3.8925,3.9053,3.5099,3.4279,3.1692,2.9303,2.9697,2.4499,2.6584,2.0642,2.321,1.6252,1.9855,1.2012,1.572,1.0126,1.4861,0.7695,1.3637,0.6264,1.5976,3.8534,3.6755,3.3918,3.238,2.8415,2.7297,2.7055,2.605,3.2087,3.4013,4.0603,4.4981,4.3477,4.4477,4.2253,3.9647,3.882,3.506,3.4988,3.1871,3.0352,2.9815,2.5089,2.6852,2.0714,2.3233,1.6567,1.9966,1.205,1.5663,0.9908,1.4422,0.7509,1.284,0.6374,1.5966,3.6664,3.476,3.4725,3.3264,3.0164,2.8842,2.7721,2.6436,3.1613,3.2107,4.1289,4.4489,4.1625,4.3147,4.0907,4.0064,3.8359,3.5222,3.5538,3.2627,3.1319,2.9575,2.655,2.7458,2.1094,2.359,1.6903,1.9857,1.3135,1.7168,0.9297,1.3305,0.707,1.182,0.6543,1.5752,3.4829,3.3264,3.388,3.2448,3.0961,2.9655,2.8208,2.6709,3.1574,3.2104,4.1705,4.4419,4.2292,4.3301,3.9527,3.9446,3.818,3.5916,3.5683,3.2765,3.2156,2.9815,2.7549,2.746,2.1774,2.3874,1.6908,1.9875,1.337,1.7403,0.9464,1.3286,0.7056,1.1396,0.6555,1.5196,3.1076,2.987,3.2072,3.063,3.1785,3.0393,3.0347,2.8397,3.3337,3.3558,4.234,4.4756,4.3505,4.3612,3.824,3.8561,3.7316,3.6644,3.5423,3.2935,3.2835,3.0601,2.8358,2.7249,2.3057,2.4178,1.7051,1.9964,1.3427,1.7116,1.0072,1.4361,0.6423,1.0248,0.6254,1.4013
BE21,3.05,2.8939,2.8132,2.6998,2.6867,2.5646,2.8463,2.7155,3.1129,3.052,3.1731,3.183,3.3395,3.2775,3.1713,3.0549,3.5447,3.424,3.829,3.6627,3.7253,3.6619,3.3438,3.2768,2.8858,2.8668,2.5087,2.6039,1.8947,2.1043,1.6515,2.0468,1.1994,1.741,0.7831,1.6115,2.9854,2.862,2.9342,2.8033,2.6922,2.5512,2.7814,2.6461,3.0496,2.9835,3.1382,3.1811,3.3282,3.2932,3.2036,3.1155,3.3384,3.2539,3.6514,3.4903,3.7771,3.6747,3.4423,3.3977,2.956,2.9329,2.5834,2.6653,1.9186,2.1007,1.6902,2.0451,1.2211,1.7399,0.8607,1.7118,2.8491,2.7274,3.0467,2.882,2.8052,2.6844,2.7238,2.5678,2.9292,2.8221,3.2483,3.2476,3.2315,3.2431,3.3201,3.2699,3.1064,3.0186,3.434,3.3462,3.6763,3.536,3.5332,3.5008,3.1017,3.0831,2.6179,2.6679,2.2009,2.383,1.564,1.8664,1.2355,1.6808,0.993,1.8561,2.7576,2.648,2.9925,2.8636,2.9343,2.7904,2.7316,2.5584,2.8925,2.759,3.221,3.2206,3.2491,3.2622,3.3118,3.2777,3.1532,3.0869,3.2527,3.1781,3.5147,3.3741,3.5852,3.5093,3.1912,3.1984,2.6755,2.7181,2.2808,2.4462,1.5988,1.8627,1.2665,1.6791,1.0524,1.9057,2.6673,2.5772,2.8636,2.7319,3.0558,2.8876,2.8694,2.7059,2.8631,2.7063,3.1181,3.0838,3.3622,3.3697,3.2365,3.2789,3.2971,3.2562,3.0564,2.9774,3.3154,3.2404,3.4882,3.3791,3.2871,3.2992,2.7953,2.8552,2.295,2.431,1.8336,2.0989,1.167,1.5185,1.1023,1.9292
BE22,2.7396,2.5972,2.6286,2.4896,2.6182,2.491,2.8584,2.6728,3.1207,3.0008,2.9729,2.9441,3.3628,3.2777,3.1646,3.1347,3.5509,3.4497,4.0412,3.8635,4.0613,3.9327,3.6294,3.5553,3.198,3.1197,2.5363,2.5692,1.994,2.1569,1.6885,2.0046,1.0954,1.5686,0.6197,1.2916,2.6701,2.5255,2.7053,2.5957,2.6002,2.4284,2.7202,2.5993,3.0544,2.92,2.9344,2.9052,3.2112,3.1797,3.246,3.2007,3.3287,3.2853,3.804,3.6395,4.0797,3.9593,3.7758,3.6876,3.2873,3.2361,2.7716,2.7621,1.9738,2.1245,1.7602,2.0425,1.1894,1.6404,0.719,1.4369,2.5059,2.3849,2.7973,2.6488,2.6558,2.5121,2.6453,2.5001,2.8571,2.6837,3.0152,2.9382,2.9993,2.9956,3.3616,3.3035,3.1466,3.1336,3.4914,3.4126,3.9266,3.7782,3.9141,3.8136,3.4465,3.4133,2.9657,2.9598,2.2868,2.3858,1.6885,1.9315,1.2731,1.6732,0.8903,1.6642,2.391,2.3004,2.7506,2.5988,2.7524,2.6369,2.6572,2.4466,2.7657,2.6123,2.9739,2.8788,3.0003,2.9819,3.2411,3.2346,3.2458,3.2109,3.2938,3.2607,3.7058,3.567,3.9303,3.8429,3.585,3.5379,3.0535,3.0593,2.497,2.5626,1.6777,1.9071,1.3407,1.7118,0.9974,1.7903,2.2722,2.1777,2.5924,2.4844,2.8647,2.7098,2.7647,2.5437,2.7344,2.5418,2.8192,2.7054,3.1137,3.0991,3.0966,3.1136,3.3792,3.3536,3.1414,3.1337,3.4348,3.3549,3.7851,3.6741,3.7159,3.6586,3.1842,3.2241,2.6721,2.7349,1.9265,2.1299,1.2647,1.5912,1.1087,1.899
BE23,2.8744,2.7682,2.7731,2.6569,2.663,2.5531,2.8029,2.7053,2.9881,2.9351,3.0886,3.064,3.3942,3.341,3.2995,3.1878,3.6286,3.5269,3.8292,3.7075,3.6947,3.5826,3.2826,3.231,2.9213,2.9294,2.552,2.6688,1.8529,2.1321,1.6876,2.1831,1.1871,1.856,0.7646,1.6869,2.7876,2.671,2.8821,2.7486,2.6445,2.5514,2.7424,2.6458,2.9887,2.9228,3.1091,3.0887,3.2733,3.2518,3.3298,3.2472,3.4868,3.3625,3.6679,3.5799,3.7523,3.6396,3.4025,3.3394,2.9442,2.929,2.6401,2.7506,1.8843,2.1237,1.6897,2.1471,1.2442,1.899,0.8284,1.8039,2.6602,2.5225,2.8998,2.7984,2.7893,2.6655,2.6844,2.5538,2.9029,2.8328,3.2377,3.2053,3.1489,3.1153,3.3586,3.3399,3.2579,3.1513,3.5505,3.4495,3.697,3.5921,3.5028,3.428,3.0398,3.0575,2.652,2.7484,2.2491,2.4632,1.53,1.8996,1.253,1.8009,0.968,1.9938,2.5733,2.4467,2.8406,2.719,2.9114,2.7795,2.6817,2.5657,2.8632,2.7873,3.2465,3.2066,3.1837,3.1497,3.2626,3.267,3.2956,3.2227,3.4151,3.2904,3.5519,3.4691,3.5692,3.4883,3.1478,3.1495,2.6639,2.7428,2.3353,2.538,1.5699,1.8907,1.2659,1.7785,1.0465,2.0843,2.5122,2.3864,2.7277,2.5805,2.9413,2.838,2.8493,2.699,2.8389,2.7304,3.1633,3.1314,3.3195,3.3002,3.1766,3.1717,3.3421,3.3438,3.2133,3.1198,3.439,3.3506,3.5101,3.4384,3.2553,3.2356,2.7363,2.8391,2.3277,2.5214,1.8762,2.1895,1.1418,1.5595,1.1025,2.0915
BE24,2.8349,2.705,2.9364,2.7936,2.8747,2.7674,2.9346,2.8376,3.0467,2.9425,2.8691,2.8447,3.0705,3.1168,3.1141,3.2102,3.5299,3.601,3.8634,3.8577,3.7549,3.7413,3.3463,3.3795,2.8751,2.9585,2.4756,2.6033,1.805,2.0934,1.6563,2.0782,1.1935,1.8135,0.8239,1.6507,2.8135,2.67,3.0059,2.8646,2.8854,2.7716,2.893,2.8109,3.0589,2.9214,2.8637,2.833,2.9714,3.0693,3.1035,3.2221,3.3802,3.4587,3.6681,3.6812,3.7926,3.802,3.4568,3.4658,2.92,2.9976,2.5469,2.6972,1.8705,2.1024,1.6215,2.0443,1.2591,1.8152,0.8858,1.7761,2.7256,2.6158,3.0219,2.8751,2.9984,2.8559,2.8816,2.7619,2.981,2.8693,2.9687,2.9418,2.9014,2.9726,3.181,3.2903,3.1821,3.274,3.4678,3.523,3.7058,3.6823,3.5162,3.519,3.0608,3.135,2.5681,2.7222,2.1537,2.3799,1.4912,1.855,1.2382,1.7133,1.0063,1.9639,2.6516,2.5509,2.9998,2.8493,3.066,2.937,2.9031,2.7766,2.9567,2.8595,3.0036,2.9346,2.9191,3.0011,3.1329,3.2554,3.204,3.3046,3.3615,3.3839,3.5276,3.5128,3.5593,3.5748,3.1556,3.2022,2.5896,2.7412,2.2106,2.4538,1.5464,1.8568,1.2122,1.6941,1.0844,2.0275,2.6,2.4958,2.9442,2.8009,3.1174,2.9682,3.0527,2.8884,2.9315,2.839,2.8907,2.8463,3.0049,3.1087,3.0774,3.2008,3.2831,3.3993,3.1815,3.2597,3.3582,3.3882,3.4749,3.4662,3.2193,3.2631,2.7173,2.8556,2.2227,2.4597,1.7778,2.0941,1.1086,1.523,1.1229,2.058
BE25,2.5967,2.4663,2.5278,2.4037,2.5435,2.4442,2.8688,2.7294,3.1208,2.9559,2.8762,2.7227,2.9884,2.8434,2.9503,2.8422,3.4025,3.2797,3.8383,3.6397,3.7387,3.5979,3.4305,3.3979,3.1545,3.1747,2.8973,3.0423,2.2158,2.517,1.9647,2.4281,1.3942,2.0975,0.9309,1.9774,2.5258,2.401,2.6245,2.4889,2.4849,2.3947,2.7381,2.6055,3.1116,2.9391,2.8844,2.7269,2.9749,2.8166,2.9213,2.8341,3.2317,3.132,3.635,3.4503,3.8326,3.6958,3.5455,3.4862,3.1717,3.2117,3.0133,3.134,2.2641,2.5029,2.0098,2.4705,1.4672,2.1117,1.0246,2.1369,2.4229,2.3088,2.6604,2.5241,2.5728,2.4415,2.6,2.484,2.9463,2.7669,3.0259,2.8515,2.8955,2.7659,3.0321,2.9063,2.9665,2.8704,3.398,3.2829,3.7907,3.6139,3.659,3.5695,3.3369,3.3724,2.9994,3.0976,2.6348,2.8786,1.8879,2.2953,1.5109,2.0518,1.2154,2.3631,2.3819,2.2758,2.5951,2.4775,2.696,2.5344,2.5526,2.433,2.8348,2.6614,3.0255,2.8638,2.9246,2.8079,3.0324,2.8764,2.9508,2.8749,3.2345,3.1363,3.6004,3.4249,3.7448,3.6617,3.4451,3.4448,3.0252,3.1338,2.7394,2.9624,1.9473,2.2793,1.5569,2.0998,1.3117,2.4531,2.3449,2.2533,2.5073,2.3942,2.7432,2.5982,2.6813,2.4991,2.7333,2.5666,2.9013,2.753,3.0849,2.9716,2.9718,2.8687,3.0658,2.9602,2.9817,2.8967,3.3735,3.2701,3.7133,3.5844,3.554,3.52,3.1665,3.2858,2.7303,2.9276,2.2467,2.6023,1.4476,1.9278,1.3834,2.4894
BE31,2.8366,2.6583,3.0783,2.946,3.1857,3.038,3.3102,3.162,3.4312,3.303,2.8885,2.7179,2.7747,2.8186,3.0261,3.2961,3.45,3.6411,3.6305,3.8152,3.5987,3.7297,3.2265,3.4078,2.8481,3.2041,2.478,2.7747,1.646,1.9594,1.3776,1.7855,1.0326,1.6116,0.6928,1.619,2.7359,2.6137,3.0973,2.9393,3.1429,3.0035,3.2177,3.0793,3.3664,3.2657,3.0278,2.8402,2.7763,2.8239,2.9218,3.1835,3.4024,3.573,3.4957,3.6595,3.5946,3.7419,3.2631,3.4995,2.8549,3.1678,2.6345,2.9933,1.7376,2.0206,1.4279,1.8286,1.0369,1.5656,0.7732,1.6942,2.6034,2.5501,3.0054,2.843,3.1631,2.9798,3.195,3.0517,3.24,3.0819,3.046,2.9703,2.8343,2.8664,2.9446,3.0861,3.129,3.4109,3.4468,3.6166,3.5018,3.6921,3.3964,3.5476,2.9656,3.2017,2.5623,2.9974,2.1721,2.5442,1.3746,1.7556,1.0408,1.5021,0.8797,1.8015,2.5413,2.4678,2.917,2.7849,3.1869,3.0099,3.1765,3.0109,3.1692,3.0288,2.9671,2.8297,2.9167,2.9546,2.9624,3.1094,3.0704,3.3031,3.4167,3.5753,3.4263,3.577,3.416,3.5696,3.0288,3.2884,2.5561,2.9506,2.3127,2.7579,1.4555,1.8181,1.0927,1.5534,0.9309,1.8673,2.4488,2.3647,2.7925,2.75,3.1271,2.9455,3.2349,3.0271,3.1943,3.0013,2.8302,2.6573,2.8887,2.995,3.0305,3.1962,3.109,3.2578,3.1643,3.4107,3.3919,3.5368,3.3682,3.5351,3.1568,3.3634,2.7024,2.9894,2.2471,2.781,1.8166,2.2889,1.0479,1.4948,0.9711,1.8826
BE32,2.9681,2.8573,3.0268,2.8971,3.0404,2.9057,3.0324,2.8599,3.2627,3.1897,3.0271,2.9717,3.0754,3.0992,3.2684,3.2501,3.5592,3.5513,3.5684,3.5566,3.5047,3.597,3.2685,3.4493,2.993,3.2295,2.3528,2.6686,1.5145,1.9145,1.2941,1.9128,0.9964,1.8186,0.6693,1.849,2.9053,2.7774,3.0676,2.9199,3.0485,2.8937,3.0078,2.8846,3.1688,3.0578,3.1362,3.0702,3.063,3.0606,3.135,3.1418,3.5484,3.4909,3.4751,3.4755,3.5122,3.5673,3.3136,3.5028,2.9537,3.2291,2.6485,2.9796,1.5588,1.9145,1.2927,1.8709,0.9763,1.74,0.7139,1.8979,2.7669,2.6149,3.0302,2.9002,3.0525,2.9167,3.0718,2.9267,3.0235,2.8783,3.2087,3.1433,3.0834,3.0438,3.1342,3.1526,3.274,3.2527,3.5275,3.5126,3.4912,3.4855,3.3624,3.4977,3.0293,3.3006,2.6741,3.033,2.0208,2.4602,1.2171,1.6903,0.913,1.546,0.7782,1.9858,2.667,2.5254,2.9882,2.8435,3.0998,2.9573,3.0825,2.9257,3.0338,2.9075,3.1123,3.0182,3.1882,3.1415,3.1241,3.1301,3.1656,3.1531,3.5257,3.4647,3.404,3.4165,3.3747,3.4613,3.0807,3.3506,2.6513,3.0284,2.2734,2.747,1.2567,1.6946,0.9268,1.5343,0.7893,1.9561,2.5912,2.4774,2.8552,2.7058,3.0968,2.9706,3.1294,2.9559,3.106,2.9534,2.9961,2.8555,3.2678,3.2394,3.1664,3.1501,3.1916,3.2096,3.275,3.2427,3.4706,3.4627,3.3455,3.3857,3.1212,3.3452,2.6977,3.0891,2.282,2.7651,1.6211,2.1649,0.8625,1.3698,0.7555,1.8256
BE33,2.9611,2.8611,2.8708,2.7667,2.9277,2.7857,2.995,2.911,3.3904,3.3323,3.2451,3.1824,3.1972,3.1351,3.2031,3.1245,3.4762,3.391,3.6334,3.5932,3.5313,3.5703,3.2683,3.3464,2.9844,3.1225,2.2842,2.551,1.6859,2.0704,1.4448,1.9498,1.0543,1.7802,0.6846,1.6885,2.9095,2.7961,2.9419,2.8295,2.8941,2.772,2.9647,2.8434,3.2671,3.2279,3.3191,3.268,3.1778,3.1595,3.1339,3.0478,3.3802,3.3345,3.5131,3.4342,3.5683,3.5851,3.3351,3.4219,3.0042,3.1294,2.5669,2.8061,1.6529,2.0136,1.4504,1.9438,1.079,1.7214,0.7426,1.7652,2.7956,2.667,3.0059,2.9064,2.8963,2.8084,2.993,2.8189,3.0794,3.0192,3.3627,3.3169,3.2013,3.1853,3.1635,3.1585,3.1801,3.1217,3.4117,3.3487,3.5322,3.5106,3.3752,3.4541,3.0655,3.1936,2.702,2.9182,1.9859,2.3414,1.3761,1.8202,1.033,1.5674,0.8318,1.8523,2.7052,2.6155,2.967,2.8571,2.9933,2.8738,2.9607,2.8378,3.0669,2.9429,3.2491,3.2187,3.2843,3.2797,3.159,3.1868,3.1152,3.0537,3.3253,3.301,3.4206,3.3565,3.422,3.4737,3.1258,3.2687,2.7153,2.9254,2.2389,2.5695,1.3556,1.7747,1.0527,1.5776,0.876,1.854,2.6042,2.4866,2.8562,2.7309,3.0718,2.9708,2.9996,2.868,3.1279,2.9491,3.1187,3.0302,3.3492,3.336,3.2192,3.2438,3.1485,3.1867,3.1454,3.1122,3.3254,3.2911,3.3986,3.4215,3.1742,3.3109,2.7637,2.9919,2.3428,2.6761,1.6137,2.052,0.9946,1.4573,0.8676,1.7635
BE34,3.1578,3.0318,3.2565,3.1031,3.2814,3.1297,3.3145,3.0664,3.4701,3.2716,3.2522,3.0584,3.245,3.1366,3.3501,3.2554,3.59,3.4848,3.7016,3.5727,3.5547,3.389,3.0757,3.0981,2.7902,2.7678,2.1052,2.1873,1.4725,1.7714,1.3868,1.8089,1.0108,1.6436,0.6633,1.5449,3.0871,2.9212,3.2216,3.1142,3.2762,3.1435,3.2823,3.07,3.3565,3.1317,3.3123,3.166,3.2181,3.0721,3.2202,3.1692,3.5827,3.41,3.5588,3.4646,3.6049,3.4785,3.2031,3.207,2.8163,2.7949,2.3892,2.4841,1.4693,1.6378,1.3409,1.788,1.0319,1.6014,0.7222,1.652,2.8659,2.7171,3.1866,3.0438,3.2511,3.1034,3.3315,3.0936,3.302,2.9967,3.4199,3.2206,3.2525,3.1076,3.2336,3.1455,3.3381,3.2525,3.5188,3.4006,3.5599,3.4637,3.4034,3.2708,2.8613,2.9553,2.5125,2.5824,1.8287,1.9936,1.1996,1.5501,0.994,1.4824,0.8112,1.7498,2.762,2.6595,3.1239,2.953,3.2227,3.1039,3.3128,3.0842,3.3359,3.0403,3.4288,3.0769,3.3777,3.2403,3.2665,3.1332,3.2047,3.1726,3.4989,3.33,3.4271,3.3477,3.436,3.3321,2.9709,3.0538,2.5189,2.599,2.0732,2.2593,1.1916,1.4333,0.9706,1.4565,0.8449,1.7572,2.6756,2.5778,2.9329,2.7569,3.195,3.0408,3.3929,3.0905,3.4003,2.9961,3.3546,3.0176,3.4923,3.3263,3.3018,3.2185,3.2642,3.1644,3.2665,3.2114,3.4023,3.3059,3.3838,3.3253,3.1644,3.1093,2.5681,2.7414,2.1424,2.3252,1.4735,1.751,0.8433,1.2595,0.8517,1.6764
BE35,2.982,2.8195,2.9991,2.8768,3.0082,2.936,3.1189,2.9993,3.3986,3.2643,3.1455,3.1018,3.1814,3.1024,3.2026,3.1478,3.4666,3.4252,3.5997,3.5931,3.5537,3.5867,3.2775,3.3452,3.0944,3.1721,2.3181,2.4915,1.5849,1.945,1.3511,1.8897,0.9926,1.6951,0.654,1.6798,2.8856,2.753,3.02,2.8666,2.983,2.9241,3.0634,2.9511,3.3076,3.1681,3.2282,3.2106,3.1411,3.1415,3.1399,3.0564,3.4189,3.3667,3.4459,3.4551,3.6183,3.6232,3.3356,3.4013,3.0439,3.1517,2.678,2.8854,1.5548,1.8367,1.3864,1.9003,0.9974,1.6425,0.7039,1.7141,2.6917,2.5953,2.9964,2.833,3.0182,2.8886,3.0899,2.9502,3.1673,3.0059,3.3468,3.2258,3.2054,3.1402,3.1766,3.1346,3.1715,3.1469,3.3995,3.3781,3.5187,3.5421,3.4112,3.5025,3.0796,3.2117,2.7995,2.9958,2.0089,2.2916,1.2751,1.7067,0.9698,1.5221,0.7882,1.8144,2.5621,2.5006,2.9101,2.7922,3.0523,2.8885,3.0827,2.9403,3.1664,2.9902,3.2597,3.0755,3.2493,3.2529,3.1948,3.1808,3.1245,3.0797,3.3758,3.3328,3.3768,3.4039,3.4821,3.542,3.135,3.2763,2.7701,2.9748,2.3322,2.6514,1.259,1.6294,0.9951,1.5369,0.8175,1.806,2.5329,2.3947,2.7321,2.6237,3.0337,2.859,3.173,2.935,3.1787,3.0177,3.0794,2.9217,3.3648,3.2989,3.2143,3.2261,3.1991,3.1598,3.1647,3.1533,3.3232,3.3526,3.4029,3.4631,3.2423,3.3956,2.8161,3.0271,2.4429,2.7534,1.6242,2.0249,0.917,1.3783,0.8136,1.7602
BG31,2.2511,2.1661,2.4777,2.3521,2.4372,2.3131,2.1395,1.919,2.6082,2.2271,2.7245,2.3971,2.9283,2.6112,3.4034,3.0977,3.6801,3.278,3.3392,2.9869,3.6067,3.3594,3.7242,3.8053,4.0191,4.5522,3.3774,4.1754,2.3144,3.2563,2.0182,2.9926,1.3023,2.0807,0.7234,1.3549,2.1349,2.0072,2.4727,2.3563,2.4999,2.3813,2.0265,1.8524,2.4369,2.1125,2.6959,2.354,2.8234,2.4999,3.2748,2.9528,3.6631,3.2954,3.5119,3.1978,3.6516,3.3568,3.6762,3.7397,3.8676,4.3125,3.6966,4.5992,2.4915,3.4622,1.8962,2.922,1.3625,2.2024,0.7633,1.4504,2.0866,1.9372,2.3609,2.2542,2.4409,2.2876,2.19,2.0409,2.0308,1.8229,2.6181,2.245,2.7811,2.4654,3.025,2.6964,3.5785,3.2798,3.899,3.5385,3.5348,3.3114,3.746,3.7057,3.7646,4.1343,3.7742,4.6754,2.9645,4.0964,1.84,2.9354,1.3141,2.2285,0.8175,1.5782,2.0742,1.9664,2.2398,2.0834,2.4352,2.2912,2.2519,2.1068,1.9036,1.7469,2.4305,2.121,2.7575,2.421,2.9191,2.5791,3.448,3.131,3.8997,3.5775,3.7361,3.5626,3.8209,3.7308,3.7281,4.0803,3.6455,4.4313,3.2647,4.5518,1.9778,3.1368,1.2315,2.2142,0.8462,1.6579,2.0441,1.9838,2.2624,2.1065,2.4837,2.3522,2.4074,2.2572,1.9984,1.8849,2.0371,1.8456,2.7121,2.376,2.9163,2.6292,3.1866,2.8624,3.7723,3.5115,4.1072,3.8493,3.6478,3.5769,3.7243,3.9368,3.478,4.2265,3.2271,4.5147,2.3212,3.7772,1.1747,2.2761,0.7957,1.737
BG32,2.1689,2.0648,2.2903,2.1624,2.2963,2.1496,2.5801,2.4876,2.8891,2.6445,2.9178,2.6116,3.1121,2.8609,3.5706,3.3095,3.5657,3.3051,3.343,3.1816,3.5204,3.4999,3.7427,3.9758,3.8011,4.4462,3.2061,4.0912,2.265,3.1605,1.7262,2.6274,1.0509,1.7634,0.5581,1.0537,2.064,1.9754,2.2956,2.1711,2.2636,2.0953,2.3205,2.2239,2.6259,2.4425,2.8778,2.587,3.0181,2.7336,3.4557,3.228,3.6052,3.3203,3.4955,3.3412,3.6092,3.5544,3.6974,3.9061,3.7837,4.3657,3.4921,4.49,2.4649,3.4419,1.6545,2.5839,1.1513,1.9382,0.5938,1.1326,2.0418,1.9222,2.2274,2.1057,2.2407,2.0894,2.0973,1.9493,2.1333,2.0172,2.6659,2.428,2.9364,2.6424,3.2114,2.9492,3.7483,3.4932,3.7908,3.5777,3.5576,3.524,3.6973,3.8785,3.8038,4.3326,3.6335,4.6266,2.8377,4.0499,1.8104,2.8762,1.1326,1.992,0.6648,1.3151,2.024,1.89,2.1192,2.0132,2.2519,2.1026,2.0565,1.8844,1.8303,1.707,2.3717,2.1996,2.9022,2.6261,3.1231,2.8185,3.6416,3.4222,3.864,3.6208,3.7514,3.7273,3.8185,3.9759,3.7836,4.2865,3.614,4.56,3.1054,4.4893,1.9742,3.1714,1.1044,2.0097,0.717,1.4423,1.9549,1.8562,2.1892,2.0531,2.3168,2.1835,2.2651,2.1408,1.966,1.8647,1.9383,1.8303,2.6813,2.4688,3.0822,2.7999,3.3689,3.1074,3.9826,3.7699,4.0088,3.8725,3.6852,3.7919,3.664,4.0983,3.5754,4.4196,3.088,4.4465,2.1921,3.6766,1.1751,2.2425,0.6978,1.546
BG33,2.5939,2.4648,2.531,2.3952,2.3747,2.2796,2.5245,2.3322,3.138,2.956,3.3768,3.1839,3.6271,3.3821,4.0256,3.7696,3.7979,3.4798,3.2691,3.0835,3.3695,3.3703,3.3598,3.6627,3.4606,4.0563,2.7085,3.4162,1.9182,2.6712,1.458,2.2697,0.9032,1.4513,0.458,0.8812,2.4375,2.3207,2.6078,2.4718,2.3987,2.2832,2.2903,2.138,2.8195,2.6506,3.2619,3.0628,3.4828,3.2497,3.9148,3.6645,3.9037,3.6295,3.4494,3.2492,3.438,3.386,3.3478,3.6082,3.4411,4.0282,2.9898,3.8323,2.0658,2.8806,1.4058,2.2202,0.9729,1.6102,0.5065,0.98,2.3349,2.2029,2.5611,2.4326,2.4514,2.3057,2.2138,2.1087,2.2993,2.119,2.9555,2.7793,3.2951,3.112,3.597,3.368,4.0721,3.8453,3.8906,3.6227,3.3702,3.2944,3.4402,3.65,3.3761,3.9401,3.2506,4.1528,2.3626,3.3305,1.5154,2.3953,0.9473,1.7152,0.5717,1.1205,2.2694,2.1365,2.4004,2.2836,2.541,2.3959,2.2437,2.115,2.0461,1.9086,2.6157,2.4519,3.1803,2.9909,3.4508,3.2378,3.9742,3.7496,4.0257,3.808,3.587,3.4896,3.5325,3.6899,3.3848,3.9059,3.2554,4.1486,2.6303,3.7767,1.6467,2.6146,0.9327,1.7148,0.6234,1.242,2.2293,2.1167,2.3962,2.2742,2.5964,2.4531,2.4974,2.3161,2.2126,2.0804,2.2081,2.0867,2.9558,2.8046,3.3311,3.1962,3.6381,3.4319,4.1598,4.0088,3.9496,3.8136,3.362,3.4517,3.3358,3.7646,3.144,3.9571,2.7588,3.9327,1.8022,2.9736,0.9839,1.8339,0.5989,1.3441
BG34,2.8199,2.7012,2.8552,2.7013,2.4227,2.3011,2.2423,2.0729,2.911,2.686,3.2546,2.9659,3.5472,3.1845,3.8184,3.5975,3.5129,3.3314,3.254,3.1102,3.4944,3.5076,3.5601,3.8389,3.5016,4.0596,2.577,3.2736,1.9337,2.7683,1.6319,2.503,0.9946,1.6367,0.4846,0.944,2.6847,2.5499,2.9611,2.8102,2.5526,2.395,2.0854,1.9451,2.5799,2.404,3.1238,2.8815,3.4393,3.0818,3.737,3.4903,3.6658,3.4614,3.3435,3.2164,3.4835,3.4695,3.4921,3.767,3.503,4.0648,2.9195,3.6893,1.9802,2.8345,1.5304,2.4273,1.0516,1.7742,0.5523,1.0519,2.5811,2.4624,2.8722,2.741,2.7221,2.5535,2.1726,2.0381,2.1058,1.9455,2.829,2.6441,3.2109,2.9701,3.5452,3.2256,3.8752,3.6973,3.6068,3.47,3.3382,3.2981,3.5254,3.7187,3.4739,4.0002,3.1907,4.0653,2.2088,3.1713,1.5128,2.4762,1.0631,1.8775,0.6179,1.1935,2.5457,2.4096,2.7381,2.5874,2.8388,2.6734,2.3094,2.1372,1.941,1.8107,2.4838,2.349,3.0763,2.8874,3.4392,3.1258,3.7987,3.5964,3.7795,3.6243,3.4475,3.4272,3.5293,3.6987,3.4228,3.9352,3.2132,4.085,2.5288,3.5935,1.5463,2.5535,1.0016,1.8717,0.6654,1.3285,2.4818,2.3207,2.6901,2.5687,2.8865,2.7412,2.6814,2.5219,2.0202,1.9136,2.0552,1.914,2.825,2.6857,3.265,3.0833,3.6099,3.3207,3.9853,3.8454,3.7136,3.6455,3.3124,3.433,3.3949,3.8104,3.1905,3.9912,2.7274,3.8712,1.6883,2.8507,0.9622,1.8696,0.6615,1.4617
BG41,2.5095,2.353,2.1126,1.9395,1.8514,1.7873,2.5692,2.5105,3.5215,3.4356,3.8021,3.6345,4.0029,3.8071,4.1887,4.0262,3.6967,3.5813,3.1935,3.1023,3.2008,3.3699,3.2,3.6665,3.1636,3.8872,2.475,3.2212,1.741,2.4852,1.4189,2.2847,0.9346,1.643,0.5676,1.1155,2.445,2.3118,2.3632,2.1927,1.849,1.7506,2.281,2.2527,3.1177,3.0287,3.7783,3.6354,3.8874,3.6907,4.1879,4.0294,3.8758,3.73,3.3541,3.2954,3.1963,3.2992,3.1388,3.5769,3.1411,3.8557,2.6988,3.5455,1.8301,2.6119,1.3628,2.2026,0.96,1.7222,0.6034,1.198,2.4006,2.3003,2.5214,2.3701,2.1409,1.9998,2.0266,1.9867,2.5353,2.4617,3.4492,3.3401,3.8247,3.6371,3.9926,3.8155,4.1828,4.0612,3.6851,3.6264,3.1662,3.1894,3.1199,3.4608,3.0309,3.7152,2.8388,3.7932,2.0987,3.0339,1.3649,2.2034,0.9386,1.7379,0.6472,1.3028,2.4079,2.2867,2.4595,2.3309,2.4012,2.2635,2.0289,1.9543,2.2428,2.1995,3.0393,2.926,3.8044,3.6433,3.881,3.7014,4.1879,4.07,3.873,3.7881,3.3385,3.3912,3.1192,3.3983,2.9825,3.6302,2.8227,3.769,2.2903,3.3455,1.4297,2.3195,0.9099,1.696,0.6737,1.3942,2.3958,2.2718,2.457,2.3419,2.5512,2.4179,2.3341,2.1791,2.3685,2.2687,2.5258,2.4133,3.5072,3.3549,3.9159,3.704,4.0136,3.8357,4.2048,4.1138,3.676,3.6771,3.0565,3.2194,2.903,3.392,2.6544,3.5307,2.3254,3.4912,1.5888,2.6559,0.8729,1.6902,0.6295,1.4623
BG42,2.4989,2.3614,2.4611,2.2668,2.2919,2.1965,2.3499,2.2215,3.0062,2.801,3.3605,3.0467,3.5666,3.2694,3.704,3.4131,3.5687,3.3719,3.3687,3.2794,3.7062,3.7379,3.5932,3.8738,3.3599,3.9428,2.6054,3.3423,2.0515,2.8937,1.6492,2.566,0.997,1.7061,0.5116,1.0592,2.3756,2.2699,2.5523,2.3489,2.3086,2.2021,2.1591,2.0464,2.6828,2.5188,3.2399,2.9673,3.467,3.1593,3.6987,3.4105,3.5922,3.3724,3.4726,3.3605,3.6329,3.64,3.7096,4.0065,3.4313,3.9946,2.8827,3.6955,2.0613,2.9462,1.584,2.5095,1.0826,1.8841,0.5736,1.161,2.3059,2.1935,2.5167,2.3683,2.3808,2.2078,2.1264,2.0471,2.2184,2.0785,2.9081,2.7012,3.2979,3.0266,3.5555,3.2883,3.7569,3.4983,3.6603,3.5182,3.4802,3.5088,3.7658,3.9939,3.5536,4.0923,3.119,4.001,2.2868,3.265,1.6283,2.6125,1.0974,1.9703,0.6503,1.3203,2.2655,2.1622,2.3934,2.2773,2.4841,2.3015,2.1457,2.0549,2.0181,1.8941,2.5721,2.4051,3.1787,2.95,3.461,3.181,3.7607,3.509,3.7021,3.5349,3.6001,3.614,3.7059,3.9129,3.6896,4.249,3.2075,4.0725,2.5365,3.6241,1.6368,2.6832,1.0706,1.953,0.7148,1.4781,2.2619,2.1483,2.3973,2.2772,2.5466,2.4052,2.3903,2.2247,2.1076,2.011,2.2046,2.0802,2.9476,2.778,3.3645,3.1309,3.6453,3.3859,3.8613,3.6291,3.7635,3.6894,3.5063,3.6552,3.653,4.0782,3.3018,4.1056,2.67,3.8108,1.7487,2.9036,1.04,1.9973,0.6982,1.5809
CH01,2.6831,2.5483,2.6624,2.5351,2.7669,2.6294,3.0058,2.8636,3.3107,3.2295,3.3376,3.2997,3.5457,3.5512,3.5953,3.6841,3.776,3.8794,4.0157,4.0738,3.5815,3.5953,2.9662,2.9988,2.5672,2.7952,2.3713,2.6832,1.7185,2.0769,1.3109,1.7029,0.9283,1.4289,0.6988,1.5829,2.6831,2.5686,2.6857,2.539,2.6765,2.5495,2.9284,2.8169,3.2881,3.194,3.4004,3.3966,3.5653,3.5575,3.5472,3.6135,3.7284,3.7838,3.8573,3.9111,3.7351,3.7632,3.1218,3.1026,2.4961,2.7015,2.3285,2.6366,1.8522,2.234,1.3294,1.6921,0.9472,1.4206,0.7402,1.608,2.6841,2.5723,2.6888,2.5546,2.6449,2.5282,2.8841,2.7258,3.1808,3.0509,3.5222,3.4698,3.5424,3.5595,3.6041,3.6174,3.5629,3.6446,3.6624,3.7568,3.806,3.8503,3.2965,3.3191,2.5911,2.681,2.154,2.4599,1.9968,2.3697,1.3925,1.7874,0.9735,1.3793,0.8228,1.6634,2.6429,2.5424,2.6975,2.5774,2.7095,2.5551,2.7857,2.6519,3.0834,2.9701,3.4542,3.3861,3.5883,3.619,3.5961,3.6178,3.5075,3.601,3.6251,3.7069,3.6682,3.7334,3.4502,3.4948,2.7324,2.782,2.0835,2.3819,1.9687,2.3468,1.5249,1.9494,1.0008,1.385,0.8687,1.7113,2.5889,2.4458,2.6815,2.5828,2.7304,2.5981,2.7872,2.6324,3.0302,2.8805,3.3502,3.2396,3.6958,3.6862,3.5841,3.6113,3.5766,3.6203,3.4899,3.5969,3.5088,3.6256,3.5454,3.5928,2.8885,2.979,2.153,2.3632,1.8403,2.2109,1.6536,2.0878,1.0599,1.4821,0.9036,1.6968
CH02,2.5199,2.3852,2.4646,2.3549,2.6143,2.4984,2.8783,2.7481,3.1682,3.0795,3.1727,3.1344,3.2364,3.2144,3.2351,3.2528,3.7336,3.7504,4.1024,4.0563,3.7835,3.7488,3.3126,3.2745,2.9671,3.0137,2.6793,2.8297,1.9215,2.2106,1.4649,1.9238,1.0346,1.6433,0.8165,1.7757,2.5442,2.3988,2.4973,2.3722,2.5229,2.4061,2.7652,2.6506,3.0998,3.0029,3.2436,3.2004,3.332,3.2908,3.2274,3.2208,3.5263,3.5104,3.97,3.9513,3.9297,3.881,3.4326,3.3724,2.9243,2.981,2.7192,2.8593,2.1127,2.3661,1.4747,1.8834,1.0562,1.6228,0.8436,1.8079,2.5636,2.4101,2.5676,2.4294,2.4637,2.3642,2.6483,2.4863,2.9914,2.8253,3.3171,3.2516,3.3492,3.3053,3.3397,3.3117,3.269,3.2636,3.6849,3.6918,3.9641,3.9152,3.5727,3.5547,3.0296,3.0658,2.6428,2.7839,2.3513,2.5869,1.6158,1.9625,1.0996,1.5751,0.899,1.8474,2.5583,2.4259,2.5739,2.4316,2.5088,2.3835,2.5348,2.3955,2.8716,2.7222,3.2552,3.142,3.3779,3.357,3.4016,3.3789,3.2367,3.231,3.4643,3.4654,3.8366,3.8357,3.7263,3.7035,3.1502,3.1667,2.6092,2.7661,2.4078,2.637,1.7955,2.1151,1.1323,1.5687,0.9538,1.8792,2.4941,2.3658,2.5962,2.4473,2.5798,2.4421,2.4784,2.3515,2.7071,2.5595,3.1121,2.9999,3.4663,3.405,3.436,3.401,3.3639,3.3481,3.2414,3.2359,3.5771,3.6044,3.7802,3.7562,3.2905,3.3481,2.7111,2.8614,2.3575,2.5839,2.0092,2.3247,1.2548,1.6499,0.9913,1.8681
CH03,2.5201,2.3868,2.4222,2.2675,2.5013,2.3216,2.697,2.5673,2.9841,2.9431,3.31,3.238,3.455,3.3852,3.3334,3.3159,3.7768,3.7918,4.2792,4.1778,3.9161,3.8099,3.3659,3.3272,2.9266,2.9968,2.61,2.7391,1.9808,2.259,1.4852,1.9066,1.0603,1.5816,0.7574,1.6035,2.5715,2.4061,2.4535,2.3119,2.426,2.2618,2.6053,2.467,2.9091,2.8399,3.2712,3.2628,3.5809,3.4863,3.3813,3.3304,3.5515,3.5216,4.1306,4.0365,4.0787,3.966,3.4685,3.4336,2.9099,2.9674,2.6049,2.7452,2.119,2.3619,1.5133,1.9026,1.086,1.5643,0.8127,1.6609,2.5921,2.4347,2.5429,2.4056,2.4151,2.2634,2.5098,2.2969,2.7809,2.6498,3.2785,3.2414,3.548,3.4824,3.5759,3.488,3.3968,3.3307,3.7392,3.6967,4.1103,4.0176,3.654,3.5762,3.0346,3.0664,2.5377,2.7073,2.2567,2.4612,1.6328,1.9685,1.1137,1.5479,0.9089,1.7374,2.5924,2.4475,2.5774,2.4222,2.4589,2.3188,2.429,2.2419,2.7012,2.5524,3.1883,3.1259,3.5087,3.4503,3.6635,3.5755,3.4151,3.3454,3.5101,3.4567,3.9693,3.8933,3.8153,3.7397,3.1372,3.1693,2.5307,2.6945,2.2701,2.4802,1.7704,2.0768,1.1529,1.5644,0.9717,1.7831,2.5469,2.3818,2.619,2.4489,2.5406,2.4114,2.429,2.2605,2.5652,2.3837,3.0384,2.9643,3.5305,3.472,3.6775,3.5683,3.6184,3.5162,3.3564,3.2961,3.6063,3.5699,3.8634,3.8083,3.3154,3.3122,2.6337,2.7904,2.2181,2.4647,1.8977,2.1741,1.2652,1.6339,1.0216,1.8002
CH04,2.7521,2.5836,2.4565,2.3374,2.3958,2.265,2.4589,2.3299,2.8325,2.7142,3.6052,3.6346,4.1916,4.1145,4.0092,3.8227,4.1482,3.9169,4.2963,4.0393,3.6125,3.5056,2.9827,3.0062,2.5977,2.7591,2.3823,2.578,1.8066,2.1296,1.3578,1.7623,0.9463,1.4486,0.7111,1.5093,2.7787,2.6399,2.5295,2.3798,2.3447,2.2332,2.4291,2.2677,2.7607,2.6546,3.6123,3.6043,4.1904,4.117,4.0384,3.9001,3.9639,3.7406,4.1786,3.954,3.8375,3.6577,3.074,3.0576,2.5419,2.6894,2.3001,2.5293,1.9341,2.2205,1.3691,1.7701,0.9812,1.4286,0.7572,1.5343,2.8216,2.6626,2.6096,2.4619,2.3774,2.2444,2.3673,2.1884,2.6915,2.5365,3.6109,3.5645,4.1354,4.0711,4.1621,4.0376,3.8144,3.6553,3.9028,3.6978,3.957,3.7525,3.2581,3.1957,2.5706,2.6777,2.1622,2.4159,2.0119,2.2775,1.4711,1.828,1.008,1.4168,0.809,1.5751,2.7708,2.6279,2.6381,2.5107,2.4454,2.293,2.3076,2.1623,2.6712,2.4552,3.5474,3.4914,4.1807,4.084,4.1677,4.0665,3.8507,3.7167,3.7222,3.5378,3.8629,3.6728,3.4589,3.339,2.6534,2.7189,2.1137,2.3492,1.9442,2.2268,1.5874,1.9214,1.0192,1.424,0.8663,1.5945,2.6123,2.4937,2.6797,2.5403,2.5203,2.3845,2.3556,2.1856,2.613,2.3969,3.471,3.3289,4.1823,4.0324,4.1391,4.0219,3.9722,3.866,3.614,3.477,3.6356,3.4691,3.6046,3.4375,2.8372,2.8535,2.1398,2.3482,1.8405,2.1494,1.6674,1.9823,1.1205,1.4909,0.9229,1.6138
CH05,2.4998,2.3397,2.4162,2.3198,2.6763,2.5379,3.0505,2.865,3.5261,3.3011,3.5124,3.2409,3.346,3.1349,3.1441,3.0564,3.6747,3.6051,4.2032,4.1017,3.9391,3.8058,3.3811,3.2691,2.965,2.8868,2.5778,2.6172,1.9291,2.1533,1.4112,1.7959,0.9591,1.4757,0.7227,1.5592,2.5417,2.397,2.4536,2.3145,2.528,2.4183,2.8972,2.7135,3.3673,3.1751,3.5377,3.3044,3.4917,3.2284,3.2,3.0569,3.4171,3.3234,4.0248,3.9555,4.0908,3.9609,3.5152,3.4063,2.9851,2.9117,2.646,2.6647,2.0892,2.2684,1.4772,1.82,1.0034,1.473,0.7534,1.5888,2.5996,2.4536,2.5388,2.3736,2.4293,2.3257,2.7188,2.5261,3.1451,2.8839,3.5416,3.2767,3.503,3.2798,3.4027,3.2067,3.1977,3.0944,3.6525,3.5702,4.0755,3.9827,3.727,3.6405,3.134,3.0814,2.6651,2.6902,2.2916,2.4171,1.6281,1.9202,1.077,1.4812,0.8219,1.6465,2.6145,2.4538,2.5626,2.4152,2.4634,2.3204,2.5594,2.4092,3.0183,2.7529,3.3981,3.1654,3.5376,3.3182,3.5224,3.2733,3.2312,3.0854,3.3868,3.3062,3.9031,3.8534,3.8974,3.8115,3.2523,3.2215,2.6807,2.7183,2.3585,2.4656,1.7752,2.0384,1.1384,1.5174,0.8928,1.6815,2.567,2.4199,2.617,2.4725,2.5338,2.3711,2.4623,2.3063,2.8186,2.5627,3.2253,2.9503,3.6186,3.3563,3.6139,3.3651,3.4479,3.2473,3.207,3.0982,3.569,3.5019,3.9063,3.8322,3.4461,3.4496,2.7948,2.8696,2.3575,2.4707,1.927,2.148,1.2425,1.5927,0.9439,1.6867
CH06,2.6468,2.4663,2.52,2.3847,2.6509,2.4924,2.9616,2.8269,3.2425,3.1629,3.4039,3.2543,3.4026,3.3299,3.4008,3.326,3.935,3.8378,4.4627,4.1571,4.0027,3.7433,3.3537,3.1117,2.8715,2.7482,2.4727,2.4628,1.8465,2.0256,1.3954,1.7495,0.9522,1.3882,0.6694,1.3413,2.6329,2.4781,2.5608,2.4003,2.5347,2.3596,2.8365,2.7171,3.1634,3.0733,3.4337,3.2816,3.4761,3.3781,3.4131,3.2998,3.6759,3.5396,4.2596,4.044,4.1998,3.936,3.5348,3.2539,2.882,2.7806,2.5267,2.5166,2.0034,2.1161,1.4289,1.7278,0.9999,1.4134,0.711,1.4111,2.6201,2.4793,2.6011,2.4447,2.485,2.343,2.6521,2.4511,3.0788,2.8901,3.429,3.3012,3.5245,3.3595,3.4904,3.3777,3.4095,3.3132,3.8688,3.7431,4.2795,4.0054,3.7673,3.539,3.0635,2.8927,2.5426,2.5313,2.1666,2.2384,1.5445,1.7907,1.0487,1.4366,0.8107,1.4804,2.6364,2.4943,2.5877,2.4323,2.5271,2.3875,2.5284,2.3588,2.9352,2.7591,3.3256,3.1688,3.5331,3.3845,3.5598,3.4164,3.3994,3.298,3.5965,3.4898,4.1093,3.9147,3.9723,3.7265,3.2414,3.0351,2.5516,2.5613,2.2267,2.2979,1.6923,1.8821,1.0968,1.4341,0.8775,1.5616,2.5722,2.4309,2.5941,2.4468,2.5815,2.4206,2.4694,2.3203,2.6983,2.4844,3.1802,3.005,3.5828,3.4313,3.6495,3.4654,3.5298,3.416,3.3964,3.2794,3.7749,3.6458,4.0795,3.8175,3.4544,3.3031,2.7194,2.6591,2.2353,2.3102,1.8334,1.9928,1.1837,1.4891,0.94,1.6076
CH07,2.2365,2.149,2.3243,2.1856,2.4607,2.3369,2.5573,2.473,2.7344,2.6468,2.7048,2.6486,2.8678,2.9632,3.359,3.4813,4.0515,4.0816,4.4071,4.3243,3.7085,3.6967,3.2123,3.2355,2.9486,3.1632,2.823,3.1523,2.3846,2.749,1.8112,2.271,1.1128,1.7796,0.8459,2.1121,2.2049,2.0895,2.3536,2.2531,2.3795,2.2848,2.5379,2.4175,2.7252,2.6487,2.7146,2.6464,2.8499,2.8528,3.1305,3.3089,3.8472,3.9194,4.3652,4.2707,4.0435,3.9813,3.3368,3.3134,2.9121,3.0497,2.802,3.1456,2.4469,2.8333,1.912,2.3119,1.2259,1.829,0.8879,2.1686,2.0958,2.0093,2.3361,2.251,2.3802,2.2411,2.5778,2.4201,2.7065,2.5569,2.7786,2.6132,2.7771,2.7458,2.9482,3.087,3.465,3.597,4.0853,4.1141,4.3411,4.2651,3.5852,3.6075,3.0002,3.1088,2.6819,2.9912,2.5617,2.9403,2.0401,2.4792,1.4023,1.9273,1.0073,2.275,1.9892,1.9133,2.2993,2.191,2.4331,2.315,2.4652,2.3531,2.7048,2.5324,2.7511,2.5938,2.7477,2.7224,2.9125,2.9753,3.2012,3.4061,3.8516,3.9719,4.2667,4.2624,3.8946,3.929,3.1398,3.2132,2.6564,2.929,2.5671,2.9824,2.1449,2.5984,1.5383,2.0126,1.1266,2.4089,1.8423,1.8041,2.2109,2.1112,2.4329,2.3434,2.4922,2.3306,2.7343,2.545,2.7433,2.5888,2.8213,2.7182,2.8826,2.9024,3.0337,3.2215,3.4936,3.6868,4.0483,4.137,4.1958,4.2048,3.3809,3.5111,2.771,2.9783,2.4261,2.8447,2.2326,2.7142,1.6233,2.1581,1.3146,2.5202
CY00,2.9138,2.7746,2.7163,2.5437,2.7788,2.6404,3.4969,3.286,4.258,4.0014,4.3857,4.3099,3.9204,4.2896,3.2023,3.889,3.041,3.7353,3.0887,3.5351,3.1945,3.4308,2.8431,2.9414,2.6554,2.7705,2.1033,2.2423,1.6487,1.822,1.1738,1.4039,0.7249,0.981,0.5066,0.7511,2.8614,2.6946,2.7882,2.6059,2.7034,2.5431,3.1722,2.9984,4.0384,3.729,4.3333,4.083,4.0985,4.2718,3.2645,3.9188,3.0355,3.715,2.9687,3.4731,3.1335,3.5355,2.9825,3.1424,2.6225,2.7667,2.3495,2.5076,1.7094,1.903,1.3019,1.524,0.7811,1.0554,0.5619,0.8264,2.7372,2.5459,2.8037,2.662,2.6737,2.4814,2.8376,2.6905,3.5254,3.3117,4.1359,3.8144,4.1252,4.147,3.7109,4.1396,3.0865,3.7036,2.9581,3.5686,3.0003,3.4834,3.0887,3.3853,2.7191,2.8495,2.4581,2.594,1.9738,2.161,1.392,1.641,0.887,1.1665,0.621,0.9203,2.6731,2.5297,2.7584,2.5769,2.6568,2.5278,2.6729,2.5283,3.298,2.9865,4.039,3.6292,4.1579,3.9227,3.9953,4.1321,3.212,3.833,3.0486,3.6408,2.9589,3.3547,3.072,3.3802,2.856,3.0049,2.4452,2.5885,2.1462,2.3442,1.4609,1.6848,0.9792,1.2389,0.6856,0.9806,2.7031,2.5761,2.6073,2.4109,2.6324,2.5073,2.5512,2.3743,2.8858,2.739,3.7269,3.5113,4.1145,3.9893,4.1054,4.2513,3.706,4.1093,3.0337,3.6252,2.9572,3.3996,2.9292,3.207,2.9229,3.0949,2.5117,2.6159,2.1758,2.3533,1.6764,1.8769,1.0305,1.2925,0.7383,1.058
CZ01,2.9514,2.8205,2.2919,2.1791,1.7617,1.6508,1.9175,1.8821,2.8791,2.8509,3.7489,3.6059,4.6811,4.4922,5.0087,4.7265,3.687,3.4717,3.4035,3.3534,2.8149,2.8874,3.1232,3.4501,3.1031,3.6093,2.8919,3.5913,1.6709,2.1843,1.1184,1.6921,0.9081,1.5968,0.6024,1.3917,2.9279,2.7783,2.6353,2.5187,1.8742,1.7603,1.7885,1.7434,2.5846,2.6367,3.5527,3.5292,4.2739,4.2032,5.0647,4.84,4.1838,3.9272,3.2614,3.1838,3.0306,3.0833,2.7978,3.0664,3.0234,3.4939,2.8132,3.5174,2.0333,2.6498,1.1152,1.6486,0.8673,1.4968,0.6503,1.445,2.9524,2.7822,2.8108,2.685,2.2121,2.1025,1.819,1.7322,2.1678,2.2214,3.2979,3.3593,4.1463,4.1182,4.6889,4.5037,4.8037,4.5195,3.498,3.3151,3.1606,3.1665,2.5681,2.6878,2.7495,3.1416,2.6211,3.2299,2.3623,3.1585,1.3028,1.8532,0.7738,1.3026,0.697,1.4887,2.9122,2.7571,2.7421,2.62,2.5055,2.3848,1.9395,1.8425,2.083,2.0488,3.1323,3.1126,4.1373,4.0668,4.4049,4.2225,4.8951,4.6287,3.9909,3.7352,3.0479,2.988,2.7625,2.8512,2.4607,2.7616,2.5481,3.1103,2.2956,3.0713,1.5653,2.2269,0.7714,1.2602,0.6841,1.4329,2.7299,2.6222,2.791,2.6415,2.724,2.627,2.4704,2.3761,2.2975,2.3747,2.8861,2.9487,3.828,3.8054,4.0224,4.0609,4.2905,4.2406,4.3895,4.3079,3.1712,3.1622,2.8085,2.9523,2.2389,2.4535,2.3095,2.8079,2.1205,2.8443,1.7856,2.6474,0.879,1.4252,0.6162,1.3437
CZ02,3.1945,3.0434,2.8325,2.6649,2.2963,2.1748,2.442,2.3228,3.0058,2.8674,3.2739,3.1768,4.0466,4.0059,4.8991,4.6861,3.8171,3.5538,3.4213,3.2105,2.9102,2.814,3.3365,3.3795,3.3054,3.5276,2.7655,3.1413,1.6028,2.0697,1.0517,1.6238,0.7496,1.362,0.4152,1.0096,3.0566,2.9079,3.1391,2.971,2.4278,2.2837,2.2222,2.115,2.8388,2.7169,3.1359,3.042,3.6167,3.5834,4.755,4.6573,4.3589,4.0516,3.3865,3.1709,3.0893,2.9468,3.0449,3.0738,3.24,3.4562,2.9287,3.3012,1.8683,2.3526,1.0639,1.5948,0.736,1.3288,0.4523,1.0852,2.9802,2.8405,3.2276,3.0747,2.7754,2.5991,2.2675,2.131,2.4083,2.2905,3.0129,2.9103,3.3435,3.312,4.0925,4.0607,4.8463,4.6258,3.7052,3.4652,3.2848,3.1154,2.7425,2.6989,3.0453,3.2142,2.9245,3.287,2.3021,2.8337,1.225,1.7553,0.6974,1.2275,0.5058,1.1714,2.954,2.8132,3.0969,2.9541,3.0604,2.8905,2.3899,2.2322,2.2117,2.0811,2.91,2.7716,3.2815,3.2241,3.7258,3.681,4.7358,4.6093,4.2392,3.9365,3.2479,3.0634,2.9107,2.823,2.7808,2.9062,2.8416,3.1949,2.4264,2.9605,1.4266,1.995,0.7105,1.2122,0.5181,1.1836,2.8352,2.7287,3.1333,2.9961,3.2206,3.0807,2.7973,2.6197,2.2687,2.1797,2.4699,2.4095,3.1848,3.1694,3.4684,3.5284,4.0753,4.1026,4.6658,4.5219,3.5047,3.3696,3.0477,2.9758,2.4848,2.5427,2.6454,2.9558,2.3679,2.9112,1.7042,2.3582,0.7849,1.3155,0.4719,1.1038
CZ03,2.7671,2.6508,2.5238,2.4141,2.243,2.132,2.5027,2.3607,3.1772,3.0461,3.4265,3.2389,3.8898,3.6461,4.4446,4.2765,3.572,3.4112,3.4346,3.2598,3.0994,3.0609,3.6284,3.6327,3.4662,3.6032,2.8728,3.285,1.8014,2.2688,1.2115,1.8065,0.8493,1.4712,0.4459,1.0793,2.6158,2.5071,2.7735,2.6408,2.2915,2.1935,2.2542,2.1271,3.0219,2.8606,3.3289,3.1837,3.5959,3.3591,4.3257,4.1335,4.0132,3.8442,3.3463,3.1856,3.2329,3.1597,3.3708,3.3729,3.4817,3.6105,3.0762,3.4387,2.0527,2.5528,1.2255,1.8051,0.8671,1.4781,0.5096,1.1633,2.6365,2.4933,2.7708,2.6527,2.5214,2.413,2.2549,2.1457,2.5494,2.4027,3.2336,3.0661,3.4328,3.2042,3.8679,3.619,4.4212,4.2504,3.5417,3.3946,3.3702,3.2281,2.9881,3.0039,3.4142,3.5258,3.1518,3.4378,2.4612,3.0326,1.4325,1.9894,0.8245,1.3963,0.5829,1.289,2.666,2.5299,2.6154,2.504,2.7489,2.6258,2.2868,2.1908,2.3342,2.1816,3.1566,2.9235,3.4142,3.1696,3.623,3.3479,4.3296,4.11,3.9926,3.8148,3.2896,3.1402,3.1114,3.0907,3.1635,3.2563,3.146,3.4225,2.6281,3.1536,1.624,2.2209,0.8422,1.4102,0.6122,1.3233,2.6042,2.4831,2.6993,2.568,2.8074,2.6988,2.6089,2.4971,2.3582,2.3326,2.7043,2.5653,3.3059,3.1272,3.4168,3.2736,3.8245,3.6786,4.3547,4.2875,3.4421,3.4069,3.2125,3.1761,2.7877,2.8838,3.0325,3.3113,2.6324,3.1209,1.8734,2.5931,0.9436,1.5264,0.5722,1.2889
CZ04,2.8284,2.6722,2.6613,2.5307,2.385,2.2584,2.6333,2.4997,3.2839,3.1002,3.4761,3.1984,3.8107,3.5306,4.5298,4.2708,3.7194,3.5065,3.5178,3.3453,3.0205,2.943,3.4565,3.5641,3.5682,3.9147,2.7767,3.2458,1.6989,2.2597,1.0438,1.5861,0.6508,1.2266,0.33,0.9561,2.6178,2.4611,2.8896,2.7527,2.4535,2.3129,2.3648,2.2717,3.1444,2.9321,3.4362,3.1539,3.5231,3.2089,4.3374,4.0667,4.1859,3.9484,3.4401,3.2555,3.2674,3.1046,3.2144,3.2765,3.4506,3.763,3.116,3.6003,1.9169,2.4894,1.0948,1.6785,0.6819,1.2158,0.3682,1.005,2.5368,2.4276,2.8472,2.6919,2.6938,2.5534,2.3996,2.2794,2.6383,2.4979,3.2711,3.0289,3.4292,3.0756,3.805,3.4884,4.5249,4.2553,3.7118,3.4975,3.4806,3.3225,2.9338,2.9015,3.2494,3.4725,3.202,3.7331,2.3605,2.9866,1.3245,1.9674,0.7008,1.2079,0.4386,1.0645,2.5128,2.4294,2.6592,2.492,2.9258,2.7872,2.4885,2.3389,2.4068,2.287,3.1637,2.9014,3.3764,3.0444,3.5189,3.181,4.3459,4.0695,4.1767,3.9535,3.4,3.2418,3.1709,3.0597,3.0107,3.1853,3.095,3.5841,2.6363,3.3015,1.4938,2.1622,0.7451,1.2917,0.474,1.089,2.4736,2.3576,2.6529,2.5316,2.8995,2.7685,2.7809,2.639,2.4774,2.4115,2.7106,2.5714,3.2042,3.007,3.3016,3.105,3.7143,3.5382,4.4753,4.3182,3.6319,3.5412,3.3509,3.331,2.7551,2.8629,2.918,3.3367,2.6767,3.4338,1.7825,2.5736,0.8568,1.497,0.4593,1.0545
CZ05,2.8106,2.6742,2.5843,2.4424,2.3567,2.193,2.6079,2.4562,3.2657,3.108,3.4209,3.1922,3.8249,3.5551,4.5175,4.2444,3.5892,3.4292,3.3075,3.2174,2.9425,2.9232,3.4368,3.5603,3.4814,3.7806,2.8561,3.3364,1.7122,2.2541,1.1584,1.7677,0.8422,1.5044,0.4764,1.17,2.6636,2.5324,2.8031,2.6781,2.3851,2.2199,2.3997,2.2448,3.1164,2.939,3.3413,3.1523,3.4907,3.2346,4.3613,4.0876,4.06,3.8539,3.2655,3.1534,3.0969,3.0603,3.18,3.2483,3.4353,3.7345,3.0681,3.5438,1.9953,2.5758,1.1796,1.772,0.858,1.488,0.523,1.2584,2.6503,2.5116,2.8161,2.6848,2.5885,2.449,2.3659,2.2028,2.6432,2.4745,3.2712,3.0666,3.3643,3.1027,3.797,3.5129,4.4904,4.2229,3.5541,3.4071,3.2463,3.1836,2.843,2.877,3.2495,3.4718,3.1699,3.6307,2.4664,3.1063,1.3898,2.0031,0.8081,1.4014,0.6051,1.3721,2.6806,2.5392,2.6671,2.5344,2.8005,2.6779,2.3834,2.221,2.4643,2.2661,3.1752,2.9159,3.3334,3.0795,3.4962,3.2074,4.365,4.0748,4.0397,3.8299,3.2103,3.121,2.9956,3.0001,2.9955,3.1488,3.1169,3.5654,2.6412,3.291,1.6088,2.2721,0.8322,1.4132,0.6366,1.3997,2.622,2.4817,2.7291,2.5926,2.8813,2.75,2.6805,2.5288,2.4434,2.3382,2.7015,2.5312,3.2475,3.0505,3.3292,3.141,3.7626,3.552,4.4427,4.2375,3.4884,3.4076,3.1348,3.1395,2.6876,2.7903,2.9395,3.302,2.6806,3.3502,1.9191,2.6977,0.9412,1.5638,0.5783,1.3358
CZ06,2.7899,2.6625,2.5018,2.3726,2.2194,2.0928,2.5441,2.4197,3.2518,3.0987,3.5551,3.318,4.0109,3.7529,4.4901,4.243,3.5867,3.3761,3.4451,3.2617,3.1251,3.0201,3.4096,3.5016,3.2172,3.5029,2.7167,3.2431,1.7856,2.3559,1.1908,1.8304,0.8313,1.5547,0.4806,1.2418,2.7146,2.573,2.7087,2.5833,2.26,2.1345,2.2691,2.1591,3.1037,2.9549,3.4254,3.2412,3.7534,3.4918,4.413,4.1398,3.9756,3.7735,3.3563,3.1647,3.2336,3.1252,3.2729,3.2978,3.2095,3.4718,2.8368,3.361,2.0321,2.6203,1.2241,1.8573,0.8401,1.5309,0.5381,1.353,2.7508,2.6311,2.7503,2.6298,2.4734,2.3455,2.2141,2.0946,2.577,2.4584,3.3084,3.1474,3.603,3.3358,3.9703,3.7067,4.4231,4.1791,3.5107,3.3294,3.3469,3.2069,2.9932,2.9515,3.1895,3.3957,2.9121,3.345,2.3391,3.0095,1.4311,2.0957,0.8265,1.4558,0.6005,1.4622,2.7902,2.6883,2.6813,2.5405,2.6695,2.5471,2.2604,2.1407,2.3207,2.1882,3.1918,3.0109,3.5076,3.2778,3.7467,3.461,4.3524,4.081,3.9046,3.7175,3.2628,3.1136,3.1041,3.0502,3.0581,3.1833,2.9045,3.3027,2.4381,3.1151,1.6207,2.3187,0.8566,1.4947,0.625,1.4737,2.7711,2.6239,2.7835,2.6645,2.7866,2.6645,2.5737,2.4344,2.3272,2.2498,2.7265,2.5935,3.398,3.2116,3.5582,3.3373,3.9005,3.6767,4.3283,4.1526,3.405,3.305,3.1753,3.1319,2.7918,2.837,2.8513,3.1972,2.4558,3.0697,1.8056,2.604,0.9645,1.6439,0.595,1.4045
CZ07,2.6633,2.5426,2.4958,2.3708,2.2769,2.1452,2.5607,2.442,3.3151,3.1947,3.4354,3.2359,3.8497,3.5778,4.4526,4.1864,3.5632,3.3997,3.4367,3.3154,3.1612,3.1254,3.4964,3.6142,3.2927,3.649,2.6428,3.2325,1.7897,2.4228,1.1745,1.8973,0.8126,1.5645,0.4632,1.2012,2.5433,2.4146,2.7042,2.5795,2.3115,2.1779,2.301,2.203,3.1509,3.0074,3.3794,3.2057,3.5265,3.2771,4.3337,4.0596,3.9903,3.7808,3.344,3.2105,3.2947,3.2393,3.3176,3.3968,3.3257,3.6497,2.844,3.4253,1.9743,2.649,1.2232,1.9427,0.8289,1.5863,0.5089,1.2929,2.5877,2.4572,2.6817,2.5586,2.5179,2.3923,2.2953,2.1651,2.5837,2.4638,3.3064,3.1319,3.354,3.1112,3.8123,3.5351,4.4224,4.1801,3.5364,3.3924,3.3799,3.298,3.0701,3.0937,3.3078,3.5512,3.0046,3.5244,2.29,3.0402,1.4312,2.1688,0.823,1.5208,0.5717,1.439,2.6259,2.4886,2.5576,2.4269,2.7219,2.5933,2.3226,2.1926,2.3356,2.2345,3.1534,2.9634,3.3248,3.0811,3.4931,3.2273,4.3158,4.0545,3.9739,3.7762,3.2949,3.1941,3.2035,3.2042,3.1397,3.33,3.0445,3.529,2.4649,3.2216,1.5862,2.3729,0.8692,1.5725,0.6066,1.5034,2.5838,2.4933,2.6552,2.5166,2.7327,2.6145,2.5851,2.448,2.3598,2.2624,2.6141,2.4704,3.2433,3.0195,3.3204,3.0819,3.7964,3.5255,4.4091,4.1922,3.5032,3.41,3.2918,3.2887,2.9238,3.0548,3.0182,3.4306,2.5938,3.3081,1.7988,2.7007,0.9779,1.7295,0.5805,1.4656
CZ08,2.6491,2.5255,2.5273,2.4005,2.2845,2.1935,2.6641,2.517,3.4565,3.3031,3.5269,3.2895,3.7279,3.4483,4.2863,4.0423,3.6445,3.4658,3.6819,3.507,3.2426,3.1797,3.4353,3.6076,3.2743,3.7204,2.5496,3.2239,1.8457,2.4916,1.0884,1.6568,0.7041,1.3898,0.3656,1.0829,2.5116,2.3998,2.7052,2.5892,2.3349,2.2041,2.3887,2.2819,3.247,3.0942,3.5161,3.3082,3.4936,3.1829,4.158,3.8941,3.9858,3.8011,3.5304,3.3685,3.4672,3.3559,3.2849,3.4261,3.2853,3.6604,2.732,3.3863,2.0265,2.787,1.1876,1.7666,0.7121,1.3565,0.4108,1.1596,2.5278,2.3899,2.6711,2.5367,2.5482,2.4262,2.308,2.2168,2.6948,2.5361,3.4465,3.2446,3.4687,3.1651,3.6926,3.398,4.2755,4.043,3.6236,3.466,3.6184,3.4955,3.1394,3.1525,3.2171,3.5355,2.9571,3.5811,2.1651,3.0098,1.4564,2.2019,0.7417,1.3093,0.486,1.2539,2.586,2.4134,2.5389,2.4227,2.7344,2.6164,2.3654,2.2311,2.4233,2.3012,3.2447,3.0434,3.4658,3.1872,3.4721,3.1366,4.1526,3.8899,3.973,3.8043,3.4757,3.3552,3.3483,3.3256,3.0854,3.3473,2.9574,3.5315,2.3448,3.159,1.5931,2.4671,0.8164,1.4064,0.5087,1.2758,2.5473,2.4256,2.5974,2.4493,2.7248,2.5861,2.6274,2.5126,2.3853,2.3124,2.7042,2.5235,3.3639,3.1204,3.4172,3.1187,3.6784,3.4096,4.2669,4.0764,3.5807,3.496,3.5337,3.5037,2.9769,3.113,2.9164,3.4177,2.5181,3.3539,1.671,2.6362,0.9663,1.7322,0.5033,1.2333
DE11,2.2466,2.1607,2.3734,2.2641,2.6295,2.4895,2.8423,2.6887,3.0834,2.8637,3.1698,3.0307,3.2119,3.1683,3.0761,3.052,3.784,3.6995,4.3922,4.1928,3.9556,3.8449,3.2007,3.2781,2.7752,2.9545,2.2391,2.425,2.6273,2.9925,1.8926,2.3278,1.1017,1.6283,0.6792,1.6586,2.2749,2.172,2.3155,2.2191,2.5144,2.3758,2.7976,2.6307,3.0844,2.8199,3.3694,3.1383,3.3291,3.1984,3.1245,3.0668,3.3935,3.3249,4.2369,4.0632,4.1784,4.0141,3.4248,3.4081,2.7716,2.9838,2.2492,2.4295,2.3828,2.709,2.1162,2.6032,1.1592,1.639,0.7761,1.7056,2.4729,2.3463,2.3001,2.2041,2.4017,2.2788,2.7149,2.4768,3.135,2.746,3.5845,3.2278,3.4793,3.2135,3.3237,3.1879,3.12,3.0373,3.7338,3.6078,4.2164,4.0216,3.7202,3.6366,2.9252,3.0491,2.4394,2.696,1.905,2.1816,2.1451,2.6166,1.3877,1.8812,0.867,1.7191,2.5529,2.4269,2.3299,2.2179,2.3633,2.2534,2.5617,2.3805,3.0697,2.6867,3.492,3.159,3.6279,3.3125,3.3876,3.2169,3.1243,3.048,3.3445,3.2723,4.0754,3.9222,3.941,3.8143,3.1465,3.1873,2.4507,2.7362,1.9325,2.1998,1.9504,2.3783,1.571,2.132,0.9651,1.7692,2.5533,2.4358,2.5054,2.3806,2.3876,2.2852,2.5077,2.3415,2.9009,2.5688,3.2826,2.9733,3.5968,3.347,3.4188,3.2719,3.2581,3.2142,3.052,3.0423,3.6208,3.5769,4.0172,3.8921,3.4782,3.507,2.6633,2.8733,2.1562,2.4932,1.5774,1.9356,1.6102,2.1668,1.1313,1.9767
DE12,2.1543,2.0266,2.2367,2.1119,2.4951,2.3376,2.7834,2.6203,3.3838,3.139,3.2774,3.1222,3.1239,3.1044,2.8692,2.902,3.6522,3.6265,4.3645,4.2429,3.998,3.9739,3.3041,3.3772,2.9025,3.1079,2.2358,2.4209,2.5823,2.9958,1.8875,2.3812,1.1012,1.6932,0.6918,1.7729,2.2029,2.0544,2.2056,2.0826,2.3822,2.2362,2.7513,2.5595,3.3611,3.0616,3.459,3.2083,3.2708,3.1553,2.942,2.9311,3.2116,3.2069,4.1847,4.071,4.2051,4.1427,3.4925,3.5275,2.8981,3.1166,2.3075,2.5167,2.3567,2.6868,2.1145,2.6613,1.145,1.684,0.7837,1.8232,2.3576,2.2339,2.2237,2.078,2.2927,2.1454,2.6959,2.407,3.4511,3.0129,3.6843,3.2534,3.3948,3.138,3.1888,3.1174,2.9186,2.8975,3.616,3.5589,4.2114,4.1001,3.7713,3.7916,3.0448,3.1696,2.5815,2.8651,1.9155,2.1814,2.111,2.626,1.3808,1.9168,0.8658,1.8014,2.4234,2.3127,2.2703,2.113,2.2729,2.1263,2.5445,2.3254,3.3707,2.9564,3.5803,3.1664,3.519,3.206,3.3022,3.1637,2.9437,2.9367,3.1853,3.1811,4.0553,3.961,3.994,3.9692,3.2294,3.3303,2.5871,2.8858,1.9965,2.285,1.9291,2.3627,1.5736,2.1686,0.9436,1.8287,2.407,2.3068,2.4021,2.3018,2.3101,2.175,2.4831,2.3058,3.1862,2.8277,3.3955,3.049,3.5125,3.2496,3.3042,3.1829,3.1592,3.1646,2.8896,2.9215,3.5324,3.5343,4.0445,3.9935,3.5534,3.6605,2.7965,3.0029,2.281,2.6505,1.5954,1.9322,1.5724,2.1655,1.13,2.0209
DE13,2.2324,2.1264,2.3678,2.2648,2.676,2.5261,2.9531,2.8072,3.2314,3.181,3.0539,2.9924,2.8754,2.9239,2.7254,2.8047,3.5298,3.5919,4.335,4.2928,4.0302,4.038,3.3462,3.4344,2.9136,3.034,2.1507,2.329,2.5835,3.0023,1.9122,2.3816,1.1629,1.6944,0.7086,1.787,2.2725,2.1457,2.326,2.2534,2.5347,2.403,2.9248,2.7437,3.1896,3.0904,3.2326,3.1004,3.0203,3.0118,2.7815,2.8087,3.087,3.1548,4.1206,4.125,4.2141,4.1932,3.5652,3.5908,2.9687,3.1547,2.2475,2.389,2.3226,2.6826,2.1466,2.6617,1.1914,1.6915,0.8159,1.8379,2.4416,2.3257,2.3345,2.2224,2.4302,2.3203,2.7996,2.5678,3.2407,2.9993,3.3836,3.1617,3.1955,3.0416,3.0009,2.9983,2.8186,2.8538,3.5203,3.5585,4.2075,4.1573,3.8412,3.8728,3.1115,3.2532,2.6426,2.8291,1.8746,2.1247,2.1348,2.6524,1.4093,1.9384,0.9165,1.8191,2.5251,2.4184,2.3792,2.2427,2.3925,2.3174,2.6174,2.465,3.1471,2.9182,3.2941,3.0632,3.3162,3.1388,3.1131,3.0708,2.8469,2.862,3.0911,3.1546,4.0128,4.0252,4.0176,4.0351,3.3368,3.4165,2.7046,2.9561,1.9776,2.1898,1.9297,2.3784,1.6097,2.1971,0.9899,1.8492,2.5728,2.4376,2.537,2.4199,2.4391,2.312,2.5509,2.4288,2.9155,2.7709,3.1744,2.9568,3.3522,3.2028,3.2269,3.1717,3.0107,3.0664,2.7809,2.8807,3.4426,3.5337,4.0076,4.053,3.6006,3.7547,2.8994,3.099,2.3645,2.6228,1.5669,1.8784,1.5972,2.1857,1.1545,2.0314
DE14,2.2451,2.1382,2.416,2.286,2.7582,2.6328,3.0625,2.9048,3.3269,3.2085,3.0984,2.9696,2.9645,2.9361,2.8634,2.8679,3.6487,3.6395,4.3648,4.2619,3.9955,3.9681,3.2859,3.3762,2.8407,2.931,2.1751,2.2763,2.5635,2.8956,1.8274,2.2666,1.0702,1.6015,0.6594,1.6734,2.259,2.1611,2.3465,2.2436,2.6169,2.4583,3.0158,2.8566,3.3217,3.1332,3.299,3.0673,3.0815,2.9885,2.8799,2.8543,3.2357,3.2467,4.1784,4.0873,4.1955,4.1267,3.5053,3.5534,2.9015,3.0378,2.2649,2.3416,2.2866,2.5842,2.0962,2.5571,1.1107,1.6101,0.765,1.7324,2.466,2.3275,2.3424,2.2255,2.4679,2.3254,2.8957,2.6788,3.3458,3.0291,3.5025,3.1692,3.2216,3.0076,3.0778,2.9916,2.9265,2.8843,3.6267,3.5913,4.2269,4.1251,3.7932,3.7982,3.0513,3.1871,2.5608,2.7281,1.8926,2.0683,2.1093,2.5639,1.3589,1.8564,0.8553,1.7212,2.5489,2.4286,2.3682,2.2443,2.4143,2.3043,2.6908,2.5203,3.2704,3.0041,3.4124,3.0728,3.3818,3.1181,3.1654,3.0698,2.9327,2.8692,3.224,3.2135,4.0528,3.97,3.9824,3.9614,3.2735,3.3689,2.6245,2.8444,1.9808,2.1417,1.895,2.2851,1.5677,2.1067,0.9282,1.7629,2.5584,2.4726,2.5211,2.4268,2.4185,2.3284,2.5767,2.4432,3.0396,2.8414,3.2491,2.9306,3.4261,3.1987,3.2375,3.1266,3.0937,3.0802,2.8927,2.9064,3.5361,3.5478,4.0409,4.0069,3.5747,3.6575,2.8094,3.0448,2.2784,2.5417,1.5736,1.847,1.5764,2.133,1.091,1.9726
DE21,2.3799,2.2487,2.3347,2.2238,2.4441,2.3106,2.5808,2.4497,3.0461,2.9543,3.3225,3.3325,3.4548,3.5393,3.2877,3.2558,3.948,3.8186,4.4258,4.3044,3.7845,3.7375,2.9768,3.0888,2.6407,2.9136,2.4023,2.6263,2.636,2.9898,1.7023,2.1327,0.9936,1.457,0.6439,1.6121,2.4269,2.2981,2.3132,2.1966,2.3487,2.2374,2.5952,2.4096,3.0238,2.8902,3.4879,3.4377,3.5389,3.556,3.3476,3.3239,3.4896,3.4271,4.3479,4.1742,3.9992,3.959,3.1925,3.2202,2.5601,2.8363,2.2989,2.5688,2.448,2.778,1.9915,2.439,1.0386,1.466,0.7237,1.6095,2.5594,2.4483,2.3395,2.2183,2.3051,2.1844,2.5359,2.3186,3.1203,2.7945,3.6054,3.4452,3.6088,3.4806,3.459,3.468,3.2194,3.1899,3.7894,3.693,4.1669,4.0956,3.5011,3.5106,2.676,2.8451,2.2976,2.6341,2.0382,2.3423,2.1501,2.6019,1.2614,1.7171,0.8037,1.5753,2.6031,2.4879,2.3805,2.2586,2.2999,2.1741,2.4011,2.258,3.113,2.761,3.5656,3.3687,3.728,3.5545,3.4889,3.4619,3.2458,3.2376,3.351,3.3277,4.1163,3.9953,3.7224,3.7349,2.889,2.9814,2.2344,2.571,1.9597,2.3061,2.0078,2.4322,1.4957,1.9956,0.8824,1.6087,2.575,2.4282,2.482,2.3696,2.3678,2.2242,2.3921,2.238,2.8587,2.6221,3.3947,3.2185,3.7068,3.5676,3.5612,3.4673,3.3894,3.4388,3.1565,3.1403,3.6585,3.6226,3.9386,3.929,3.2069,3.3298,2.3968,2.6325,2.0022,2.3914,1.6683,2.0575,1.6011,2.1386,1.0246,1.8032
DE22,2.1018,1.9629,2.2505,2.1453,2.6451,2.5055,2.9019,2.7506,3.2101,2.916,2.9761,2.747,2.951,2.8377,2.9462,2.8876,3.8231,3.6912,4.4351,4.2606,4.2506,4.186,3.543,3.5026,3.0785,3.1201,2.3038,2.3904,2.5811,2.8839,1.7664,2.3172,1.0727,1.7402,0.6311,1.687,2.1205,1.9935,2.1855,2.0638,2.4856,2.3599,2.8637,2.6787,3.2558,2.93,3.159,2.8258,3.0755,2.8676,2.9557,2.8477,3.408,3.2844,4.292,4.0847,4.3718,4.2896,3.785,3.7214,3.146,3.2272,2.4771,2.5569,2.3175,2.5346,2.0265,2.5542,1.0893,1.7216,0.71,1.7339,2.2635,2.1595,2.2007,2.069,2.3033,2.1918,2.7772,2.5016,3.2057,2.8161,3.4329,2.9347,3.1788,2.8678,3.1526,2.9639,3.0797,2.9483,3.8413,3.6586,4.3268,4.1587,4.0613,4.0306,3.3118,3.3523,2.8197,2.9476,2.0128,2.1828,2.1103,2.5387,1.2474,1.8537,0.7792,1.7195,2.3572,2.2474,2.2415,2.1081,2.2611,2.1427,2.5575,2.3829,3.1358,2.7508,3.3364,2.8995,3.2986,2.9445,3.225,3.0199,3.0718,2.9314,3.4359,3.2892,4.202,4.0068,4.1843,4.1496,3.5486,3.5631,2.8896,3.0571,2.1674,2.3455,1.9005,2.2343,1.4671,2.077,0.8255,1.7447,2.4318,2.3359,2.3804,2.2886,2.308,2.1804,2.407,2.2616,2.9055,2.5571,3.1005,2.7126,3.3662,3.0178,3.2625,3.0751,3.2112,3.106,3.0567,2.9949,3.7742,3.6562,4.1638,4.0772,3.8575,3.946,3.0992,3.2501,2.5059,2.7525,1.6487,1.9326,1.5128,2.0707,0.922,1.8709
DE23,2.0594,1.9708,2.1911,2.0776,2.5723,2.4609,2.8833,2.7416,3.2657,3.0824,3.1637,2.9318,3.0274,2.9626,2.901,2.8757,3.7817,3.688,4.4635,4.3383,4.2655,4.0935,3.5337,3.4715,3.0702,3.0129,2.1434,2.2502,2.5056,2.9092,1.7806,2.3588,1.0756,1.7643,0.6331,1.693,2.1029,2.0089,2.1456,2.0269,2.3864,2.3066,2.8255,2.6753,3.2284,3.016,3.3124,3.0525,3.1471,3.0008,2.943,2.8677,3.3291,3.284,4.2847,4.1237,4.412,4.2886,3.75,3.6654,3.1855,3.1674,2.3393,2.4093,2.2167,2.4921,2.0198,2.6181,1.1064,1.7635,0.738,1.7603,2.2689,2.1558,2.1517,2.0516,2.2405,2.1278,2.7046,2.4807,3.1719,2.9065,3.518,3.1596,3.2874,2.9934,3.1473,3.028,2.9918,2.9109,3.7697,3.665,4.3498,4.2364,4.0849,3.9651,3.3093,3.3306,2.7953,2.8483,1.8724,2.0779,2.0526,2.5764,1.2837,1.894,0.806,1.786,2.398,2.2912,2.1976,2.0985,2.2105,2.0861,2.4528,2.3323,3.1247,2.8314,3.4435,3.0707,3.4163,3.1159,3.2242,3.0666,3.0006,2.9176,3.3191,3.2751,4.1897,4.0449,4.2334,4.1553,3.5169,3.519,2.8962,2.9979,2.0456,2.219,1.8247,2.2074,1.4766,2.1288,0.8645,1.8074,2.3879,2.3268,2.3706,2.2604,2.236,2.1464,2.3476,2.2234,2.9012,2.6246,3.2207,2.8897,3.4334,3.169,3.3237,3.1205,3.1618,3.1295,2.9831,2.9618,3.7038,3.6723,4.191,4.1514,3.864,3.8717,3.0798,3.2055,2.4932,2.6582,1.5513,1.8353,1.4982,2.1087,0.979,1.9185
DE24,1.9221,1.8426,2.0294,2.0025,2.4805,2.322,2.7532,2.604,3.1761,3.0055,2.8379,2.7435,2.7608,2.7157,2.6664,2.7106,3.6291,3.7121,4.4364,4.3143,4.3135,4.2105,3.5622,3.5761,3.1516,3.237,2.3595,2.4774,2.7464,3.2006,1.9625,2.7023,1.1758,2.0021,0.7307,1.9272,1.9602,1.8683,2.0061,1.9436,2.309,2.2032,2.6812,2.5324,3.1364,2.9085,3.0168,2.8374,2.8354,2.7574,2.6976,2.6825,3.1377,3.2417,4.2328,4.1886,4.4871,4.3633,3.8323,3.8188,3.2244,3.3387,2.5385,2.6638,2.4468,2.7793,2.2592,2.987,1.2148,2.0047,0.832,2.0325,2.1253,2.0568,2.0626,1.9699,2.1208,2.0744,2.6863,2.39,3.0445,2.7707,3.2183,2.921,2.9728,2.7892,2.9104,2.8489,2.7629,2.7788,3.6661,3.7335,4.3869,4.2952,4.1932,4.1485,3.4003,3.4864,2.9154,3.1071,2.0976,2.3138,2.2823,2.8735,1.4334,2.204,0.9064,2.0528,2.2263,2.1364,2.1006,2.0021,2.1094,2.0231,2.4377,2.2589,3.0063,2.7061,3.1488,2.8389,3.1092,2.9001,2.9926,2.8955,2.8042,2.7722,3.1731,3.2753,4.2036,4.1601,4.372,4.3077,3.668,3.7233,2.982,3.1991,2.2624,2.4909,2.0267,2.4848,1.6635,2.4585,0.9718,2.1089,2.2633,2.1628,2.2616,2.1742,2.1862,2.0775,2.2793,2.1381,2.8346,2.4787,2.95,2.6079,3.2117,2.9558,3.0985,2.9763,3.0269,3.0007,2.8107,2.8679,3.6712,3.8102,4.3005,4.3142,4.0297,4.1381,3.2199,3.4134,2.6126,2.9634,1.7284,2.0783,1.6292,2.3861,1.0817,2.2605
DE25,2.1804,2.0419,2.2072,2.0855,2.4644,2.316,2.7246,2.5576,3.0978,3.0537,3.1427,3.1208,3.1888,3.2113,2.9509,2.9754,3.6799,3.6812,4.3886,4.2508,4.0018,3.963,3.318,3.3715,2.8702,3.0779,2.3615,2.4981,2.6437,3.0784,1.8188,2.3874,1.0955,1.7259,0.6815,1.7871,2.2429,2.1105,2.2034,2.0658,2.3455,2.2003,2.6627,2.5094,3.0799,2.9763,3.2743,3.2072,3.2603,3.2425,3.0278,3.0476,3.2255,3.2595,4.217,4.1313,4.1983,4.1203,3.5184,3.5394,2.8974,3.1134,2.3968,2.5624,2.3905,2.7555,2.111,2.6834,1.1138,1.7222,0.7777,1.8097,2.4575,2.3265,2.2518,2.0962,2.2685,2.1294,2.5956,2.3668,3.0825,2.8326,3.4771,3.2759,3.3313,3.2138,3.2484,3.2424,2.9725,2.9916,3.6396,3.6403,4.2264,4.1271,3.7767,3.7923,3.0508,3.1775,2.5603,2.8527,2.026,2.2647,2.1361,2.7065,1.3201,1.9215,0.8371,1.7838,2.5359,2.4121,2.3046,2.1611,2.2629,2.1133,2.4313,2.2647,3.0266,2.7796,3.3958,3.1569,3.4723,3.2944,3.3293,3.2794,3.0524,3.0658,3.2009,3.2449,4.0783,4.0194,3.972,3.9488,3.2454,3.3377,2.5796,2.8851,2.0617,2.3254,1.9378,2.414,1.5434,2.1702,0.8973,1.7997,2.4801,2.3576,2.4729,2.3327,2.3253,2.1508,2.3498,2.1991,2.7917,2.5679,3.2142,2.9289,3.5131,3.3185,3.4068,3.314,3.3079,3.3242,2.9857,3.0091,3.5792,3.616,4.0551,4.0216,3.5456,3.6661,2.7932,3.0359,2.2398,2.6654,1.6425,2.0189,1.5464,2.217,1.0256,1.9815
DE26,1.9918,1.9137,2.145,2.0557,2.4904,2.3878,2.8689,2.7058,3.2214,3.1217,3.1099,2.8988,2.9082,2.8271,2.705,2.7375,3.532,3.5499,4.4082,4.3313,4.2567,4.1837,3.5737,3.582,3.1744,3.1631,2.232,2.2924,2.6475,3.011,1.9868,2.4699,1.1654,1.7635,0.7459,1.8422,2.0508,1.9628,2.0934,1.9786,2.3556,2.2705,2.7634,2.611,3.1478,3.0241,3.2071,2.9689,3.0337,2.8903,2.7542,2.7585,3.0816,3.1075,4.1848,4.1334,4.4223,4.3594,3.7852,3.7719,3.2685,3.326,2.4418,2.5029,2.3456,2.5976,2.2778,2.7793,1.2183,1.773,0.8427,1.9098,2.2814,2.1518,2.1139,2.0167,2.2229,2.1225,2.6411,2.4435,3.0774,2.8483,3.3025,3.021,3.1405,2.8911,2.9886,2.9149,2.7595,2.8029,3.5435,3.5506,4.341,4.2912,4.1299,4.1125,3.4056,3.4841,2.9418,3.0319,1.9892,2.139,2.224,2.7215,1.4917,2.0417,0.9207,1.9001,2.3693,2.2438,2.1651,2.0625,2.1701,2.0644,2.4537,2.3287,2.9874,2.7643,3.2129,2.9464,3.2614,2.9779,3.1094,2.9716,2.8041,2.8237,3.1014,3.1259,4.1223,4.092,4.2839,4.2812,3.6021,3.6611,3.0289,3.1766,2.1854,2.3418,1.9739,2.3374,1.717,2.3212,1.0015,1.9295,2.4074,2.2967,2.3888,2.2556,2.2142,2.1121,2.3461,2.2007,2.7503,2.5596,2.9993,2.7333,3.2733,3.0864,3.2197,3.0659,3.0268,3.0314,2.7735,2.8463,3.5151,3.5717,4.2063,4.2414,3.9322,4.0453,3.1863,3.3864,2.6328,2.8709,1.6689,1.9277,1.6524,2.2828,1.1587,2.1339
DE27,2.1625,2.0647,2.3119,2.2219,2.6797,2.5439,2.9097,2.7685,3.1689,2.9648,3.0693,2.8468,3.0305,2.94,2.9312,2.9062,3.7198,3.6697,4.4069,4.2485,4.0063,3.9599,3.2698,3.3237,2.8673,3.0053,2.3788,2.5272,2.7462,3.0396,1.8071,2.2738,1.0925,1.6617,0.6924,1.7832,2.213,2.1035,2.2468,2.1528,2.5022,2.4074,2.8715,2.7026,3.1642,2.8995,3.2618,2.9591,3.1641,2.9916,2.9819,2.9208,3.2914,3.2384,4.2693,4.1175,4.2115,4.1323,3.5051,3.5022,2.8758,3.0338,2.3966,2.5662,2.51,2.7729,2.0971,2.5746,1.1299,1.6515,0.7762,1.8048,2.4383,2.317,2.2493,2.1406,2.351,2.2478,2.7778,2.5392,3.1189,2.7973,3.4046,3.0814,3.2798,3.001,3.1829,3.0523,3.0244,2.9514,3.6975,3.6268,4.2713,4.125,3.8027,3.8001,3.0437,3.1542,2.5811,2.8062,2.0684,2.3029,2.2568,2.679,1.3229,1.852,0.8633,1.7913,2.5539,2.4251,2.3103,2.1941,2.2997,2.1902,2.5598,2.4102,3.0928,2.7506,3.3211,3.0028,3.4317,3.1225,3.2813,3.1048,3.0443,2.9781,3.2752,3.2233,4.1383,4.0095,3.9963,3.9591,3.2424,3.3277,2.5969,2.8383,2.086,2.3379,2.0649,2.4381,1.5612,2.1068,0.928,1.7969,2.6041,2.4847,2.5226,2.4103,2.3334,2.2256,2.4393,2.2883,2.8613,2.5543,3.1195,2.8399,3.4536,3.2193,3.3683,3.1743,3.2313,3.1392,3.0084,2.9656,3.6126,3.596,4.0802,4.0235,3.5577,3.6722,2.794,3.0013,2.2864,2.5857,1.7069,2.0211,1.6553,2.1911,1.0464,1.926
DE30,2.4793,2.3515,2.1429,2.0372,1.9917,1.9134,1.9747,1.9195,3.0552,3.2679,4.0447,4.2027,4.0479,3.9576,3.3542,3.2011,3.6796,3.4631,4.2748,4.0869,3.7757,3.6525,3.0151,3.113,2.7493,3.0672,2.3565,2.6098,2.6897,3.1679,1.7344,2.3336,0.8633,1.4012,0.4924,1.5326,2.5419,2.4097,2.2295,2.1154,1.9999,1.9122,2.0096,1.9522,2.7708,2.9298,4.2274,4.3684,4.2328,4.1332,3.5732,3.3927,3.3064,3.1219,3.971,3.7723,3.9955,3.8662,3.1023,3.1202,2.7023,3.018,2.1544,2.4225,2.59,3.0181,1.9468,2.5659,0.9476,1.4608,0.5832,1.536,2.7071,2.5647,2.3548,2.2264,2.0931,1.9786,2.1056,1.9701,2.7377,2.7429,4.0754,4.1456,4.4304,4.3072,3.9235,3.7391,3.1572,3.0182,3.4109,3.2451,3.8987,3.7798,3.3783,3.3445,2.6382,2.8133,2.3228,2.7191,1.9342,2.2801,2.0935,2.6686,1.2244,1.8034,0.6706,1.4968,2.7055,2.5604,2.3897,2.2705,2.1775,2.0549,2.0773,1.9668,2.7469,2.7584,3.7971,3.837,4.5996,4.4905,4.0741,3.8919,3.318,3.1789,3.0602,2.952,3.6317,3.516,3.5938,3.5604,2.733,2.8309,2.2946,2.6876,1.7755,2.1262,2.0273,2.5593,1.3923,2.0202,0.7754,1.5684,2.5081,2.3904,2.4561,2.3618,2.2804,2.1797,2.1358,2.0516,2.6634,2.7047,3.579,3.6248,4.3199,4.292,4.1931,4.1036,3.6682,3.5773,2.9749,2.9216,3.2484,3.1482,3.6156,3.5725,3.0649,3.1465,2.3102,2.5605,1.9624,2.4377,1.5218,1.9631,1.496,2.1717,0.9415,1.8529
DE40,2.0381,1.9413,2.0794,1.9524,2.072,1.9683,1.7558,1.6368,2.4563,2.1829,2.9234,2.6148,2.9674,2.7565,2.6405,2.5338,3.5091,3.389,4.6862,4.555,4.8133,4.6573,4.1825,4.109,3.3939,3.46,2.3845,2.6203,3.2835,3.8651,2.2715,2.9614,1.189,1.9145,0.5617,1.6734,2.0792,1.9699,2.1403,2.0249,2.1122,1.9908,1.9603,1.816,1.8415,1.6326,2.9243,2.6504,3.0145,2.7958,2.8971,2.7437,3.0674,2.9284,4.2027,4.1078,4.9776,4.8334,4.3111,4.2013,3.8111,3.9052,2.2557,2.427,3.0314,3.5272,2.5977,3.3514,1.3222,2.0152,0.7026,1.8302,2.2032,2.0875,2.281,2.1655,2.1893,2.0512,2.1726,1.9697,1.7681,1.486,2.4263,2.2159,3.0811,2.9177,3.2241,3.0399,2.8024,2.6662,3.5608,3.4232,4.6221,4.4981,4.6287,4.5551,3.9181,3.9701,3.1099,3.3019,2.0977,2.4341,2.7176,3.4576,1.6655,2.429,0.8906,1.9721,2.216,2.0948,2.3338,2.2108,2.2656,2.1388,2.1696,1.9915,1.9344,1.6383,1.907,1.7486,3.1216,3.005,3.2858,3.1384,3.0769,2.9112,3.1272,2.9728,4.1566,4.075,4.7873,4.7157,4.0362,4.0547,3.4711,3.7043,1.9806,2.2474,2.5069,3.1509,1.917,2.767,1.0316,2.1096,2.0699,1.9674,2.4329,2.3278,2.4106,2.3025,2.2517,2.073,2.0614,1.7864,1.7725,1.5839,2.6455,2.6052,3.4157,3.3808,3.4573,3.3232,2.8999,2.7744,3.5782,3.4741,4.4869,4.4369,4.3551,4.4438,3.6096,3.8213,2.7396,3.0916,1.7101,2.1642,1.9851,2.8513,1.2587,2.4514
DE50,2.1082,2.0091,2.0995,1.9627,2.2217,2.0893,2.4831,2.3576,3.3993,3.4169,3.5999,3.5004,3.3744,3.1813,3.0146,2.8732,3.5777,3.4183,4.1788,3.9488,3.6828,3.7179,3.1412,3.3161,2.8848,3.1029,2.5035,2.7118,2.7712,3.2307,1.9156,2.6104,1.0422,1.813,0.7303,2.0106,2.181,2.0623,2.1272,2.0032,2.154,2.0227,2.5003,2.3484,3.3089,3.2389,3.8012,3.5941,3.4953,3.3022,3.0952,2.8988,3.2131,3.0363,4.0638,3.8286,3.8863,3.8266,3.2735,3.4178,2.826,3.0996,2.4646,2.7144,2.5717,2.9245,2.1679,2.8766,1.0805,1.7742,0.8041,2.0159,2.4809,2.3256,2.1833,2.0603,2.2158,2.0652,2.6284,2.2964,3.342,3.1192,3.8881,3.5771,3.6089,3.3454,3.2803,3.0513,2.9582,2.8466,3.4965,3.3424,3.9772,3.8296,3.4614,3.5449,2.8579,3.1095,2.5385,2.8605,2.1196,2.4131,2.2006,2.801,1.3731,2.0479,0.824,1.9294,2.5917,2.4035,2.2418,2.1039,2.2587,2.0884,2.4354,2.2485,3.4774,3.1301,3.77,3.436,3.7108,3.4601,3.3138,3.1452,2.9789,2.8645,3.0986,3.0075,3.8814,3.7145,3.6331,3.6732,2.9871,3.2139,2.4809,2.8545,2.0939,2.4391,2.0542,2.527,1.5652,2.2958,0.8987,1.9229,2.5962,2.4715,2.5188,2.3767,2.2966,2.1887,2.4669,2.2883,3.3364,3.0307,3.7813,3.4342,3.7839,3.4535,3.3772,3.2566,3.1521,3.0545,2.8586,2.8398,3.3503,3.3047,3.7185,3.7006,3.1466,3.3957,2.5585,2.9108,2.1631,2.6164,1.6731,2.081,1.5508,2.2243,1.007,2.0358
DE60,2.4178,2.2732,2.2193,2.0813,2.1455,2.0294,2.2866,2.1679,3.0582,3.2855,3.7842,4.1376,4.0519,4.171,3.5951,3.4942,3.9268,3.7357,4.2848,4.106,3.4967,3.4834,2.7398,2.8538,2.4914,2.7149,2.2659,2.472,2.4714,2.8948,1.707,2.2674,0.9156,1.5423,0.649,1.7824,2.4694,2.3616,2.2496,2.1078,2.1401,2.0134,2.3146,2.1651,2.9648,3.1115,3.8736,4.1956,4.0739,4.232,3.6867,3.603,3.5386,3.4106,4.1937,3.9975,3.7736,3.7113,2.9251,2.9874,2.3866,2.6218,2.1502,2.379,2.317,2.6676,1.928,2.5106,0.9406,1.5068,0.7155,1.7761,2.7175,2.601,2.2996,2.1673,2.1918,2.0315,2.3194,2.1318,3.0951,3.0181,4.0082,4.1503,4.1101,4.1386,3.8185,3.8248,3.3454,3.277,3.6696,3.5264,3.9544,3.8401,3.1799,3.207,2.4151,2.589,2.1122,2.4153,1.8722,2.1711,1.9458,2.467,1.2126,1.7721,0.7446,1.6594,2.7708,2.6398,2.3607,2.2489,2.2368,2.0688,2.2434,2.1086,3.0646,3.0078,3.8978,4.0079,4.204,4.2281,3.8143,3.8624,3.3797,3.3629,3.291,3.2453,3.8555,3.7457,3.4163,3.4334,2.574,2.7227,2.0224,2.3479,1.7872,2.1032,1.8322,2.285,1.3844,1.9812,0.8009,1.6644,2.6235,2.4591,2.5195,2.38,2.322,2.1462,2.3043,2.166,2.9306,2.9909,3.756,3.8707,4.1331,4.1324,3.8426,3.846,3.5431,3.6303,3.1872,3.1771,3.4562,3.401,3.6185,3.6065,2.8581,3.0284,2.1233,2.3934,1.7902,2.1958,1.4849,1.8779,1.3822,2.0026,0.9349,1.8854
DE71,2.3308,2.2215,2.337,2.2233,2.4596,2.3203,2.5662,2.4248,2.8358,2.7724,3.0239,3.099,3.2447,3.3969,3.1719,3.2179,3.9077,3.8275,4.5153,4.3656,3.9084,3.8597,3.1928,3.3016,2.9134,3.1294,2.3747,2.569,2.5905,2.9142,1.8067,2.2355,1.0377,1.5337,0.6819,1.6888,2.3535,2.2549,2.337,2.2218,2.3992,2.256,2.5752,2.4034,2.8345,2.7107,3.2102,3.192,3.2902,3.3863,3.2091,3.2822,3.4584,3.4286,4.381,4.2386,4.1556,4.0628,3.3672,3.4108,2.814,3.0543,2.3878,2.6011,2.4184,2.714,2.0238,2.4849,1.0742,1.5337,0.7722,1.7023,2.5241,2.4119,2.3795,2.2634,2.3766,2.2405,2.5874,2.3343,2.9466,2.6572,3.3397,3.2273,3.3218,3.3012,3.3124,3.4157,3.1564,3.1939,3.7941,3.7238,4.2851,4.1807,3.6267,3.6346,2.8775,3.0486,2.5348,2.8306,2.0063,2.2829,2.0834,2.5186,1.3101,1.7787,0.8283,1.6654,2.5897,2.4581,2.4015,2.2889,2.3829,2.2595,2.4798,2.281,2.961,2.6439,3.2628,3.1268,3.4421,3.3612,3.3226,3.4042,3.1765,3.2549,3.3664,3.3607,4.1669,4.0745,3.8708,3.84,3.0532,3.1646,2.4614,2.7788,2.0354,2.3291,1.9586,2.3558,1.4902,2.0019,0.902,1.6921,2.4621,2.3542,2.4904,2.3945,2.4235,2.3189,2.4693,2.3045,2.8045,2.526,3.1764,2.9751,3.4578,3.3922,3.3663,3.3835,3.321,3.4565,3.1112,3.1854,3.6947,3.6592,4.065,4.0097,3.3669,3.4645,2.6091,2.8412,2.2192,2.5835,1.6358,1.9999,1.5199,2.0587,1.0347,1.8646
DE72,2.0551,1.9686,2.203,2.0716,2.5195,2.3851,2.8559,2.7731,3.3823,3.4549,3.1869,3.0532,2.9251,2.8567,2.7152,2.7572,3.4908,3.5436,4.2814,4.2645,4.1295,4.0656,3.4626,3.4721,3.1136,3.1485,2.2081,2.3126,2.5949,2.9457,1.9361,2.4199,1.1505,1.7562,0.7324,1.8079,2.0529,1.9809,2.1657,2.0282,2.3802,2.2713,2.8701,2.6893,3.4145,3.4217,3.4035,3.1737,3.0124,2.8569,2.7695,2.7718,3.0487,3.1188,4.0536,4.0354,4.2682,4.2405,3.6629,3.6576,3.1555,3.2171,2.4027,2.5146,2.3062,2.5597,2.1758,2.6806,1.1822,1.7519,0.8359,1.8694,2.2434,2.1336,2.1949,2.0831,2.3112,2.1606,2.7555,2.5703,3.4957,3.4344,3.5577,3.2414,3.1031,2.875,2.9587,2.8614,2.7351,2.7899,3.4689,3.5142,4.172,4.1774,3.9484,3.9305,3.2413,3.3193,2.8377,2.9687,1.9266,2.1267,2.1456,2.612,1.4026,1.9681,0.8886,1.8464,2.328,2.2041,2.1903,2.0954,2.2934,2.1462,2.5619,2.4583,3.4583,3.4032,3.4607,3.1777,3.2905,3.0064,3.0089,2.8838,2.7959,2.799,3.0451,3.1212,3.9676,3.9677,4.1007,4.1143,3.4361,3.5069,2.8844,3.0429,2.1025,2.3244,1.9069,2.2705,1.6028,2.1976,0.9615,1.8847,2.3162,2.2276,2.3409,2.2736,2.3032,2.2153,2.4951,2.387,3.1072,3.1371,3.3521,3.0602,3.363,3.0851,3.127,2.9757,2.9806,2.9618,2.779,2.8184,3.4615,3.5585,4.0583,4.1366,3.7507,3.8696,3.0326,3.202,2.5161,2.7927,1.6033,1.9088,1.5544,2.1486,1.0643,2.0361
DE73,1.9988,1.8933,2.1537,2.0636,2.5149,2.3455,2.8179,2.6668,2.9698,2.776,2.9299,2.6702,2.7272,2.6632,2.6407,2.7314,3.5726,3.6198,4.363,4.2588,4.0994,4.0929,3.5182,3.5251,3.1945,3.3053,2.4493,2.5431,2.8795,3.2472,2.06,2.6223,1.2331,1.925,0.8256,2.1026,2.0489,1.9305,2.0957,2.0055,2.3781,2.2518,2.7736,2.5706,2.9648,2.718,3.0722,2.7685,2.8836,2.6928,2.6386,2.6857,3.097,3.1852,4.1784,4.1304,4.3191,4.2532,3.7209,3.7239,3.2102,3.3502,2.5998,2.7051,2.5917,2.8856,2.3913,2.961,1.2503,1.891,0.9289,2.148,2.2613,2.1286,2.165,2.0205,2.2792,2.1641,2.6949,2.4234,3.0895,2.6912,3.2662,2.8431,3.0375,2.7471,2.8265,2.7375,2.7317,2.7831,3.5949,3.6337,4.2968,4.2107,3.9777,4.009,3.3346,3.4046,2.9359,3.1439,2.1718,2.3623,2.3947,2.9061,1.5279,2.1407,0.9734,2.0907,2.3305,2.1845,2.2215,2.088,2.2511,2.1322,2.5098,2.3427,3.0325,2.6381,3.1997,2.8083,3.176,2.8234,2.9555,2.7947,2.7175,2.7555,3.1356,3.2161,4.1087,4.0876,4.1789,4.165,3.524,3.595,2.9525,3.1801,2.3036,2.5106,2.1525,2.5746,1.7779,2.4411,1.0398,2.0948,2.2915,2.194,2.3665,2.2644,2.2745,2.1884,2.3953,2.3073,2.7438,2.4694,3.0328,2.6897,3.2192,2.9459,3.0998,2.9602,2.9264,2.9007,2.7685,2.846,3.6125,3.6961,4.1994,4.1865,3.8239,3.9643,3.1482,3.3099,2.6368,2.9547,1.8051,2.1159,1.7631,2.4285,1.1966,2.2743
DE80,2.0725,1.9937,2.0066,1.9192,1.9759,1.8742,1.6747,1.5626,2.8209,2.5593,3.3606,2.9658,3.2061,2.825,2.6733,2.3561,3.2855,3.051,4.3692,4.211,4.7355,4.6032,4.2877,4.2584,3.4873,3.5769,2.2507,2.4715,3.1247,3.7938,2.2112,3.0694,1.1886,2.0122,0.5153,1.6504,2.0893,2.0002,2.0664,1.9877,2.0424,1.9294,1.8508,1.7499,2.0945,1.9439,3.4275,3.0376,3.261,2.9073,2.971,2.5987,2.9112,2.6369,3.8808,3.7343,4.7917,4.6551,4.3461,4.3259,3.9509,4.0596,2.2872,2.4378,2.8018,3.3353,2.5122,3.431,1.3248,2.1385,0.6635,1.8181,2.1549,2.0743,2.211,2.1126,2.0869,1.9883,2.1159,1.9244,1.9081,1.7036,2.8267,2.5542,3.366,3.076,3.2981,2.9517,2.7443,2.4257,3.3169,3.0911,4.3157,4.2165,4.5786,4.5698,4.0762,4.1999,3.2657,3.4889,2.0213,2.3277,2.5858,3.4205,1.6074,2.5151,0.8573,2.023,2.1419,2.055,2.2299,2.1263,2.158,2.0728,2.1565,1.9935,2.0544,1.8581,2.1546,1.9656,3.4101,3.1546,3.3434,3.0595,3.0567,2.6977,2.9588,2.7044,3.8747,3.7706,4.6614,4.6462,4.1456,4.2803,3.6984,3.9699,2.0579,2.3141,2.3341,3.0174,1.8528,2.8371,0.9984,2.1894,1.9629,1.8761,2.258,2.1809,2.3171,2.2284,2.1631,2.0671,2.1385,2.0256,1.8491,1.6994,2.7231,2.6243,3.3885,3.2593,3.3884,3.146,2.8064,2.5598,3.3956,3.2465,4.2793,4.3061,4.474,4.6488,3.9369,4.243,2.9744,3.3895,1.7071,2.127,1.9105,2.8937,1.2291,2.5763
DE91,1.9862,1.8926,2.1201,1.9882,2.444,2.3168,2.6967,2.55,3.1433,2.8522,3.0209,2.7921,2.8477,2.7857,2.6685,2.6988,3.583,3.5686,4.3472,4.2619,4.0761,4.0051,3.436,3.461,3.1287,3.1887,2.4397,2.5989,2.9678,3.3166,2.1042,2.7126,1.2073,1.9119,0.7984,2.0824,2.0344,1.94,2.0963,1.9694,2.323,2.1981,2.6774,2.5101,3.1099,2.7833,3.2324,2.9308,2.9839,2.8318,2.7301,2.7108,3.0823,3.11,4.1934,4.0999,4.2373,4.1963,3.649,3.6077,3.1349,3.2439,2.5046,2.6364,2.6714,3.0057,2.4087,2.9918,1.2543,1.8932,0.8907,2.1266,2.2422,2.15,2.1391,2.0231,2.2308,2.0853,2.6495,2.4022,3.1392,2.7508,3.3737,2.9632,3.1112,2.8695,2.9118,2.8602,2.7186,2.7463,3.5859,3.5725,4.2607,4.2094,3.9263,3.9081,3.2366,3.3333,2.8614,3.0255,2.1472,2.3948,2.4513,2.9536,1.5481,2.2008,0.956,2.0616,2.3398,2.2432,2.1837,2.0733,2.2281,2.0798,2.4763,2.2986,3.1227,2.7184,3.2978,2.8989,3.248,2.9783,2.9991,2.9069,2.7662,2.7702,3.0946,3.1266,4.1209,4.0589,4.085,4.1081,3.4407,3.4828,2.8756,3.0797,2.2077,2.4361,2.2094,2.6719,1.7911,2.4585,1.0376,2.0854,2.3409,2.2312,2.3476,2.2419,2.2446,2.1208,2.347,2.2079,2.8534,2.5878,3.1156,2.8087,3.3108,3.0286,3.169,3.018,2.9892,2.9831,2.7696,2.8004,3.5768,3.5905,4.1566,4.1426,3.7545,3.8454,3.0408,3.2308,2.5654,2.8554,1.7782,2.1334,1.8143,2.4392,1.2365,2.3235
DE92,2.0767,1.9729,2.1954,2.1044,2.4873,2.3701,2.7042,2.5757,2.8218,2.7795,2.7977,2.8069,2.8378,2.9277,2.793,2.8335,3.6902,3.6726,4.4524,4.3494,4.0191,3.9666,3.3585,3.4094,3.0247,3.1657,2.412,2.6184,2.8945,3.3432,2.0884,2.6551,1.1533,1.8504,0.7668,2.0247,2.1316,2.0183,2.1731,2.0758,2.3763,2.2574,2.6971,2.5626,2.8525,2.7634,2.9609,2.888,2.9147,2.9385,2.8128,2.8444,3.1717,3.2005,4.3122,4.2363,4.252,4.1693,3.5538,3.5702,3.0215,3.1856,2.4448,2.6396,2.607,3.0126,2.3846,2.9853,1.2019,1.8511,0.8655,2.0672,2.3132,2.2093,2.2149,2.0958,2.2974,2.1892,2.6503,2.4511,2.9871,2.7665,3.159,2.9702,2.9934,2.92,2.9351,2.9841,2.826,2.8624,3.656,3.6511,4.3229,4.2602,3.8427,3.8419,3.1325,3.2547,2.7321,2.964,2.0805,2.4033,2.3786,2.9782,1.5381,2.1782,0.9286,2.0314,2.3631,2.2603,2.2596,2.1429,2.2848,2.1816,2.5138,2.355,2.9748,2.7537,3.162,2.9192,3.1365,2.9903,2.979,3.0044,2.829,2.8875,3.1541,3.1925,4.197,4.1633,4.0629,4.0486,3.3143,3.4149,2.7352,2.992,2.1333,2.4269,2.1521,2.6853,1.7706,2.4703,1.0136,2.0757,2.3348,2.2222,2.3673,2.2827,2.3121,2.1998,2.4006,2.2939,2.7624,2.6198,3.0841,2.8703,3.2347,3.0663,3.0952,3.0586,2.9945,3.082,2.8279,2.9044,3.6313,3.6639,4.1951,4.186,3.6429,3.753,2.8995,3.1201,2.4415,2.7673,1.7263,2.1471,1.757,2.474,1.2219,2.3594
DE93,2.1049,1.9802,2.3505,2.2293,2.7645,2.6551,2.9671,2.7655,2.7178,2.4148,2.4516,2.3522,2.5379,2.6318,2.6637,2.7684,3.7381,3.8105,4.583,4.5677,4.1147,4.1004,3.4009,3.4743,3.2252,3.2772,2.5675,2.6843,3.031,3.2822,2.0362,2.4602,1.0904,1.6823,0.703,1.8157,2.1295,2.0148,2.2924,2.1578,2.6127,2.5014,2.941,2.7564,2.7439,2.4098,2.6473,2.4377,2.5974,2.6301,2.6665,2.7349,3.2116,3.2977,4.4078,4.4464,4.3712,4.3501,3.5997,3.6418,3.1814,3.319,2.6456,2.751,2.7878,3.0087,2.385,2.8315,1.1535,1.7043,0.7829,1.8492,2.3269,2.1898,2.306,2.1672,2.4591,2.3224,2.8398,2.6302,2.8158,2.4076,2.8009,2.468,2.7449,2.6467,2.7909,2.8687,2.7876,2.857,3.7462,3.814,4.4871,4.4992,3.9482,4.0066,3.2137,3.3629,2.972,3.1244,2.2745,2.4855,2.4987,2.9244,1.4873,2.0146,0.8556,1.8557,2.4014,2.2459,2.3522,2.2101,2.4147,2.2765,2.6703,2.5005,2.7816,2.404,2.7369,2.4169,2.887,2.7336,2.8287,2.8965,2.8004,2.847,3.2293,3.3197,4.3184,4.3959,4.2058,4.2668,3.4007,3.53,2.9405,3.1725,2.3417,2.5483,2.3077,2.6731,1.771,2.3428,0.9397,1.8919,2.3874,2.2411,2.4887,2.3377,2.4319,2.2654,2.5279,2.3654,2.568,2.2886,2.628,2.3749,2.9476,2.8234,3.0107,3.0133,2.9533,3.0716,2.8293,2.9293,3.7375,3.8273,4.3667,4.4309,3.7808,3.9446,3.0317,3.2786,2.6551,2.9248,1.8817,2.2033,1.81,2.4067,1.1345,2.1023
DE94,2.1945,2.0723,2.4157,2.29,2.8751,2.7205,3.0884,2.9535,3.1582,2.9757,2.9456,2.7567,2.7959,2.7306,2.8106,2.7873,3.7673,3.7282,4.4348,4.3359,3.9871,3.9495,3.2971,3.3327,3.0326,3.0497,2.2926,2.3917,2.6629,2.9811,1.8478,2.3366,1.0589,1.663,0.6283,1.6515,2.216,2.0915,2.3441,2.1923,2.6902,2.571,3.063,2.914,3.1905,2.949,3.1359,2.8931,2.8799,2.7566,2.7852,2.7345,3.276,3.274,4.3153,4.2022,4.2038,4.166,3.494,3.5281,3.037,3.1156,2.4459,2.5088,2.408,2.6577,2.1256,2.6415,1.1062,1.6634,0.7133,1.7108,2.404,2.2746,2.3352,2.2084,2.508,2.3613,2.9904,2.7527,3.2427,2.9482,3.3174,2.9929,3.0392,2.8443,2.8849,2.8107,2.8654,2.8298,3.7313,3.7002,4.31,4.2461,3.8106,3.8342,3.1036,3.2148,2.7898,2.8943,2.0147,2.1953,2.1753,2.6302,1.3352,1.883,0.7977,1.7236,2.4809,2.3645,2.3537,2.2262,2.4545,2.2901,2.7844,2.6113,3.2083,2.9148,3.2693,2.9549,3.1985,2.9722,2.936,2.8469,2.8232,2.7928,3.2461,3.2816,4.2025,4.1358,4.0299,4.0588,3.2976,3.4043,2.803,2.9674,2.1533,2.3043,1.9725,2.3424,1.5508,2.1425,0.8646,1.76,2.4759,2.3546,2.4815,2.3686,2.4285,2.3015,2.5787,2.4428,2.9573,2.7409,3.1325,2.8678,3.3026,3.0572,3.1563,3.0013,2.9558,2.9245,2.8742,2.8822,3.6824,3.7254,4.1667,4.1872,3.6356,3.7802,2.9475,3.1332,2.4923,2.6974,1.6505,1.9271,1.5623,2.1482,1.0192,1.96
DEA1,2.1104,2.0215,2.1964,2.0921,2.4045,2.2902,2.6525,2.5338,2.8565,2.8401,2.8527,2.915,2.9107,2.9618,2.8165,2.8782,3.6753,3.682,4.4653,4.3824,4.0344,4.0464,3.4022,3.5259,2.9571,3.1964,2.3506,2.663,2.7368,3.2551,2.0542,2.6803,1.1898,1.849,0.6739,1.8471,2.1645,2.0617,2.184,2.0899,2.3346,2.2235,2.589,2.4557,2.8632,2.7908,3.0438,3.0321,3.0085,3.0233,2.8418,2.9072,3.1903,3.2215,4.2951,4.2364,4.2504,4.2182,3.5883,3.6751,2.9779,3.2373,2.3932,2.6813,2.4739,2.9461,2.2591,2.9252,1.2397,1.8654,0.798,1.9139,2.4135,2.2715,2.2554,2.1372,2.3014,2.1729,2.5413,2.3426,2.8789,2.6802,3.2519,3.1489,3.1302,3.0964,3.0316,3.0435,2.8601,2.9103,3.6363,3.6535,4.3182,4.2633,3.8251,3.8832,3.1278,3.3233,2.6193,2.9524,2.0149,2.4098,2.2151,2.8489,1.475,2.1453,0.8997,1.921,2.4959,2.352,2.3068,2.1768,2.3031,2.1832,2.4386,2.2789,2.8125,2.6081,3.1978,3.0905,3.2801,3.2138,3.0982,3.1084,2.8681,2.9404,3.1578,3.2087,4.1492,4.1428,4.038,4.0575,3.3104,3.4728,2.6459,3.0008,2.0576,2.4335,2.0009,2.5743,1.6481,2.3667,0.9917,1.99,2.4145,2.2789,2.4766,2.3333,2.3565,2.2291,2.3921,2.2418,2.6382,2.4862,3.0734,2.9349,3.4335,3.3339,3.2413,3.236,3.0914,3.1434,2.8756,2.942,3.6155,3.6453,4.1692,4.1681,3.5969,3.7479,2.8339,3.1278,2.2711,2.7094,1.6325,2.1065,1.5804,2.3054,1.1348,2.2026
DEA2,2.2438,2.1159,2.2978,2.1643,2.5142,2.3963,2.7379,2.6028,3.1522,3.0576,3.1209,3.154,3.0898,3.2166,2.9463,3.0262,3.7186,3.7432,4.4359,4.3863,3.9674,3.9482,3.2431,3.3643,2.7963,3.0274,2.2303,2.4928,2.6028,2.9585,1.905,2.3672,1.0823,1.6056,0.6374,1.6505,2.2763,2.147,2.2722,2.1395,2.4156,2.2856,2.7372,2.5713,3.1776,3.0293,3.281,3.2451,3.1649,3.2412,2.9623,3.0558,3.2256,3.2819,4.2715,4.2501,4.1725,4.1483,3.4525,3.5148,2.8257,3.0744,2.2605,2.5127,2.3557,2.7169,2.1264,2.618,1.1376,1.6217,0.7385,1.6926,2.4431,2.3002,2.3094,2.1696,2.3496,2.2002,2.6772,2.4585,3.24,2.97,3.4697,3.3215,3.2357,3.2062,3.09,3.1923,2.9143,3.0006,3.6245,3.6684,4.2492,4.2406,3.7411,3.7721,2.9827,3.1683,2.4945,2.8023,1.9193,2.2596,2.121,2.593,1.3909,1.9065,0.8245,1.6935,2.4888,2.3581,2.3407,2.1943,2.3423,2.1916,2.5536,2.3615,3.2253,2.948,3.4546,3.2775,3.3512,3.2973,3.1515,3.2181,2.9149,3.0336,3.1443,3.2342,4.1028,4.1226,3.9403,3.9751,3.1873,3.3167,2.5225,2.8539,1.9615,2.2847,1.9242,2.3862,1.5664,2.1231,0.91,1.7414,2.3913,2.2695,2.4298,2.2835,2.346,2.228,2.4556,2.2912,3.0094,2.7998,3.3578,3.1511,3.4934,3.3697,3.2787,3.2424,3.1123,3.2175,2.9057,2.9853,3.587,3.621,4.1071,4.119,3.5283,3.6263,2.7515,2.9981,2.2052,2.5907,1.5696,1.9837,1.5304,2.1108,1.0805,1.9732
DEA3,2.1393,2.0238,2.3292,2.1968,2.7263,2.5843,3.0336,2.8585,3.1906,3.0726,2.9672,2.8551,2.812,2.8167,2.799,2.8058,3.7031,3.7006,4.477,4.387,4.0686,4.0913,3.4604,3.5151,2.9169,3.0262,2.1903,2.3142,2.4729,2.896,1.8113,2.4356,1.1106,1.7989,0.6464,1.7669,2.1736,2.056,2.275,2.1413,2.5853,2.4477,2.9669,2.8077,3.181,3.0303,3.1063,2.9282,2.9066,2.8361,2.8071,2.7903,3.2063,3.2339,4.3197,4.2525,4.2753,4.2587,3.6595,3.7101,3.0337,3.1877,2.3139,2.4377,2.2447,2.5649,2.0291,2.6711,1.1479,1.7933,0.7586,1.862,2.3997,2.2605,2.3052,2.1631,2.4379,2.2869,2.8809,2.6592,3.2047,2.9353,3.2447,3.0193,3.042,2.886,2.9212,2.91,2.8597,2.85,3.6747,3.6787,4.3611,4.3104,3.8965,3.9702,3.2426,3.3695,2.6562,2.8581,1.9144,2.1301,2.0276,2.572,1.317,1.9876,0.8477,1.9193,2.5073,2.3799,2.3432,2.1968,2.404,2.2429,2.695,2.5279,3.1267,2.9089,3.1987,2.9727,3.133,2.9836,2.9821,2.9459,2.846,2.8494,3.183,3.2278,4.207,4.1841,4.0908,4.1398,3.4273,3.5583,2.7635,3.0077,2.0286,2.2488,1.8429,2.2766,1.4943,2.1983,0.922,1.9554,2.5189,2.3955,2.4992,2.373,2.4078,2.281,2.543,2.3913,2.9526,2.788,3.0921,2.8684,3.2517,3.102,3.141,3.0777,2.9838,3.0194,2.8509,2.8876,3.6342,3.6735,4.2049,4.2214,3.6787,3.8509,2.9797,3.2095,2.3348,2.6572,1.5594,1.878,1.45,2.1036,1.0159,2.1235
DEA4,2.229,2.1216,2.4222,2.2896,2.7459,2.5988,3.0199,2.8897,3.1717,2.95,3.03,2.8472,2.8473,2.8112,2.7638,2.8101,3.6298,3.6083,4.3503,4.2461,4.0282,4.0086,3.3418,3.3961,2.841,2.9233,2.0974,2.2619,2.5738,3.0076,1.9119,2.5126,1.1754,1.8534,0.7305,1.954,2.2589,2.1452,2.3636,2.2425,2.6322,2.4779,2.9872,2.8171,3.1349,2.9046,3.1811,2.9179,2.9624,2.8472,2.7791,2.7903,3.155,3.1996,4.1842,4.1085,4.2036,4.1723,3.602,3.5998,2.9342,3.0624,2.1883,2.3577,2.2894,2.6244,2.1733,2.7984,1.2044,1.8377,0.8411,2.0216,2.4593,2.3126,2.3762,2.2521,2.5321,2.3793,2.8906,2.6641,3.1614,2.8451,3.2886,2.9495,3.1029,2.907,2.9,2.8877,2.8081,2.8673,3.602,3.5964,4.2415,4.1745,3.8678,3.9116,3.1456,3.2676,2.5977,2.7687,1.8467,2.0934,2.1307,2.6965,1.4255,2.0817,0.9435,2.025,2.5296,2.3749,2.403,2.2883,2.4946,2.3512,2.7674,2.5614,3.1208,2.8239,3.2137,2.8878,3.2008,2.9813,2.9938,2.9337,2.8038,2.8494,3.1364,3.2146,4.0901,4.0467,4.0364,4.0684,3.392,3.4715,2.6815,2.9039,1.9378,2.1912,1.8993,2.3461,1.6203,2.3275,1.0095,2.0472,2.4945,2.3696,2.5385,2.4011,2.4678,2.3668,2.6365,2.4693,2.9514,2.6823,3.131,2.813,3.2866,3.0099,3.182,3.0267,2.9976,2.9929,2.8431,2.9086,3.576,3.6053,4.1112,4.1058,3.6756,3.8287,2.9241,3.1309,2.307,2.5857,1.5363,1.8644,1.5681,2.2303,1.1439,2.2374
DEA5,2.0257,1.9229,2.1847,2.0673,2.5316,2.373,2.8076,2.6642,3.077,2.9131,2.9577,2.8098,2.8577,2.8215,2.753,2.7848,3.6435,3.6212,4.3964,4.2868,4.0458,4.02,3.4845,3.5774,3.0194,3.2005,2.3173,2.5324,2.7069,3.2221,2.0152,2.6664,1.19,1.9091,0.6923,1.9011,2.0766,1.9853,2.151,2.0317,2.4199,2.2838,2.7696,2.5843,3.1044,2.8723,3.1238,2.9258,2.9476,2.8595,2.767,2.7852,3.1361,3.1542,4.2287,4.1593,4.2382,4.1856,3.6624,3.7199,3.0907,3.2985,2.3961,2.6225,2.45,2.8737,2.2436,2.935,1.2233,1.8985,0.8085,1.9875,2.312,2.1948,2.19,2.0626,2.3175,2.1756,2.7152,2.4566,3.1167,2.7695,3.326,3.0153,3.0601,2.8899,2.9284,2.8979,2.7956,2.832,3.6329,3.6186,4.3048,4.2305,3.887,3.9261,3.2599,3.433,2.7206,3.0081,2.0121,2.33,2.2152,2.8564,1.4546,2.1647,0.8946,1.9951,2.4007,2.286,2.2467,2.1194,2.3038,2.1521,2.5693,2.3723,3.0674,2.7345,3.2994,2.9644,3.1972,2.9941,3.0089,2.9421,2.8066,2.8406,3.1413,3.1719,4.1467,4.1106,4.0863,4.0835,3.4288,3.5652,2.7864,3.1008,2.0862,2.4085,2.0006,2.541,1.6427,2.3934,0.9657,2.0348,2.3842,2.2493,2.3891,2.2909,2.319,2.1988,2.4345,2.2912,2.8617,2.604,3.1716,2.8602,3.3595,3.1238,3.1699,3.0524,3.0304,3.0248,2.8451,2.8808,3.6424,3.6487,4.2078,4.1809,3.6894,3.8267,2.976,3.2417,2.3758,2.7711,1.6322,2.0325,1.5904,2.3061,1.1182,2.219
DEB1,2.0065,1.9095,2.1742,2.0552,2.5496,2.4431,2.8738,2.7107,2.9659,2.7086,2.715,2.5591,2.6744,2.6795,2.5826,2.6436,3.5221,3.5744,4.4911,4.4201,4.2638,4.2314,3.663,3.6802,3.3155,3.3392,2.3137,2.4403,2.7906,3.1683,2.0871,2.6031,1.2272,1.8509,0.7811,1.9854,2.0407,1.9548,2.1384,2.0162,2.4203,2.3015,2.7924,2.6405,2.9264,2.6352,2.8905,2.6707,2.7627,2.7127,2.6283,2.6626,3.0224,3.1045,4.2304,4.2187,4.4811,4.4299,3.8586,3.849,3.3999,3.4766,2.5256,2.6294,2.4849,2.7944,2.3642,2.9107,1.2685,1.8421,0.8816,2.0336,2.2545,2.1455,2.1814,2.0692,2.2907,2.1511,2.686,2.4954,2.8439,2.5163,3.0768,2.7502,2.8924,2.7507,2.831,2.8286,2.6769,2.7355,3.5644,3.6078,4.4494,4.4027,4.1552,4.1738,3.4945,3.5809,3.0712,3.1979,2.0535,2.2704,2.3215,2.8393,1.5436,2.1263,0.9636,2.008,2.3693,2.243,2.2154,2.1166,2.2615,2.1354,2.5194,2.349,2.7802,2.4684,3.0121,2.7061,3.0694,2.8633,2.9237,2.8688,2.7289,2.7604,3.0618,3.1437,4.1912,4.1976,4.3547,4.3564,3.6742,3.7276,3.1444,3.3179,2.2372,2.431,2.0597,2.4889,1.7507,2.3875,1.0417,2.043,2.4058,2.276,2.4168,2.3059,2.3243,2.1907,2.3876,2.2219,2.5774,2.3154,2.857,2.567,3.2296,3.0143,3.1126,3.0189,2.9908,2.9935,2.7481,2.8032,3.5634,3.6336,4.3119,4.3255,3.9571,4.0601,3.2421,3.4546,2.7021,2.9843,1.6805,1.9922,1.6632,2.2972,1.1714,2.2043
DEB2,2.0587,1.9599,2.1774,2.0535,2.4392,2.3423,2.8187,2.7344,3.3479,3.2978,3.1257,3.0192,2.9713,2.8731,2.7384,2.7307,3.5521,3.5135,4.446,4.315,4.1739,4.0533,3.6659,3.5633,3.1729,3.1093,2.0452,2.0979,2.5528,2.9175,1.9308,2.449,1.1841,1.8522,0.7384,1.9788,2.1071,1.9929,2.1669,2.0295,2.3376,2.2353,2.7385,2.6384,3.3116,3.1713,3.2712,3.0772,3.0931,2.9423,2.8092,2.7827,3.1077,3.0953,4.212,4.0513,4.3764,4.2797,3.7753,3.6996,3.3585,3.2775,2.3117,2.3121,2.2086,2.4897,2.1433,2.707,1.2064,1.8039,0.8389,2.0402,2.3199,2.1717,2.1922,2.0629,2.2776,2.1233,2.621,2.426,3.1499,2.8947,3.4566,3.1165,3.1488,2.9955,3.0627,2.9543,2.8446,2.7982,3.5789,3.5242,4.375,4.2606,4.0563,3.9851,3.4789,3.4643,2.9398,2.9394,1.8159,1.9275,2.1065,2.5954,1.4103,2.007,0.9107,2.0078,2.3593,2.2108,2.2389,2.1138,2.2813,2.1174,2.4758,2.3273,3.0592,2.796,3.3584,3.0414,3.2849,3.0601,3.1506,3.0485,2.9039,2.8489,3.1402,3.1297,4.1757,4.0233,4.2595,4.2002,3.5912,3.5885,3.1027,3.1226,2.0532,2.1271,1.8195,2.2114,1.5785,2.2159,0.981,2.0031,2.3251,2.194,2.4554,2.2685,2.3529,2.1904,2.4813,2.2386,2.7791,2.5536,3.1495,2.8399,3.3842,3.0742,3.1884,3.1327,3.1474,3.0904,2.8279,2.8866,3.5305,3.6525,4.1943,4.2728,3.8436,3.9223,3.2808,3.3273,2.666,2.7243,1.5049,1.6806,1.511,2.1049,1.1043,2.1195
DEB3,2.1091,1.9794,2.1983,2.0494,2.4538,2.324,2.7394,2.5847,3.134,3.0639,3.0385,2.9482,2.9005,2.9075,2.7199,2.7947,3.5701,3.5876,4.4036,4.3276,4.2109,4.2198,3.5745,3.6371,3.1708,3.2663,2.2202,2.3842,2.6591,3.0225,1.9629,2.4649,1.1578,1.7659,0.6885,1.7604,2.1659,2.0443,2.1746,2.0437,2.3488,2.194,2.6814,2.5463,3.0656,2.9777,3.2102,3.026,3.0152,2.9548,2.7997,2.8131,3.1061,3.1533,4.1774,4.1364,4.3669,4.3438,3.7579,3.7937,3.2495,3.3743,2.356,2.5202,2.3847,2.7244,2.2025,2.7044,1.1972,1.755,0.7991,1.836,2.3801,2.2507,2.239,2.0872,2.2725,2.1115,2.6038,2.4045,3.0639,2.8492,3.3235,3.0922,3.1178,2.9715,3.0037,2.9833,2.784,2.8372,3.5494,3.5799,4.2786,4.2421,4.0271,4.0762,3.3374,3.465,2.8696,3.0653,1.9319,2.1851,2.1836,2.6721,1.4291,1.9917,0.8897,1.8508,2.4569,2.3331,2.2909,2.1599,2.2618,2.1083,2.4546,2.2876,2.999,2.7878,3.2392,2.9988,3.2645,3.0747,3.089,3.0398,2.8599,2.8722,3.0948,3.1486,4.0675,4.0626,4.1785,4.2074,3.5128,3.6188,2.9412,3.1689,2.057,2.3088,1.9667,2.413,1.6212,2.197,0.9705,1.8865,2.384,2.3112,2.4458,2.3378,2.3138,2.1853,2.3604,2.2285,2.755,2.6188,3.1014,2.8415,3.3239,3.1603,3.2134,3.1359,3.069,3.098,2.8267,2.889,3.5544,3.5576,4.1609,4.1207,3.8356,3.9297,3.0894,3.2997,2.5424,2.8407,1.5971,1.9245,1.5858,2.1826,1.1194,2.0597
DEC0,1.811,1.7314,1.93,1.8013,2.2216,2.1207,2.6227,2.4948,2.9714,2.7986,2.9344,2.7409,2.7763,2.713,2.5171,2.5347,3.3206,3.3761,4.3155,4.369,4.4872,4.4184,3.898,3.9265,3.5393,3.5776,2.2642,2.4605,2.809,3.3718,2.1909,2.9108,1.2898,2.0291,0.7347,1.9913,1.8498,1.7566,1.9112,1.7959,2.1236,1.9941,2.5385,2.3961,2.9602,2.7305,3.0766,2.8264,2.9217,2.7365,2.5854,2.6086,2.8489,2.9034,4.0431,4.096,4.4805,4.5201,4.1322,4.1055,3.6027,3.7087,2.5772,2.716,2.5085,2.9647,2.4451,3.2402,1.3416,2.0232,0.848,2.0826,2.0711,1.9493,2.0159,1.9015,2.0974,1.935,2.4613,2.2319,2.8595,2.5745,3.1966,2.8853,3.0266,2.8194,2.8666,2.7898,2.5895,2.6148,3.3583,3.4314,4.2834,4.3643,4.3606,4.3641,3.7033,3.8269,3.2632,3.4273,2.0055,2.2908,2.3263,3.0243,1.6136,2.3854,0.9761,2.1093,2.1354,2.0225,2.0544,1.9252,2.1028,1.9611,2.3144,2.1236,2.7826,2.4909,3.0902,2.8248,3.1425,2.906,2.985,2.8343,2.6504,2.7022,2.8911,2.9769,4.0376,4.1105,4.3849,4.4716,3.9454,4.0196,3.3271,3.5545,2.2927,2.5332,2.0762,2.6497,1.8109,2.6558,1.0617,2.1517,2.149,2.0262,2.2167,2.0796,2.171,2.042,2.2564,2.085,2.5876,2.3592,2.9774,2.748,3.2993,3.0735,3.1477,3.0075,2.9643,2.9372,2.6636,2.6949,3.4088,3.4884,4.2279,4.3273,4.1853,4.2762,3.4616,3.6965,2.8861,3.1794,1.6318,2.0088,1.6605,2.4476,1.2168,2.4108
DED2,2.3026,2.1786,2.1276,2.046,1.9899,1.8801,1.6119,1.5439,2.8771,2.6013,3.4998,3.0913,3.3851,2.9934,2.9026,2.5643,3.3906,3.0438,4.015,3.799,3.9563,3.8685,3.5977,3.6348,3.2035,3.3967,2.5011,2.8728,3.3335,3.9611,2.3546,3.0592,1.3168,2.1572,0.7443,2.1979,2.354,2.2389,2.2149,2.1046,2.0645,1.9683,1.8335,1.7371,2.2637,2.0318,3.5513,3.1327,3.4045,3.0306,3.1501,2.7895,3.0966,2.7379,3.7001,3.4358,4.1233,3.9973,3.6039,3.6162,3.4789,3.6901,2.2762,2.5637,3.1142,3.7383,2.7018,3.4506,1.4184,2.1649,0.8897,2.3319,2.4268,2.2985,2.3723,2.2525,2.1691,2.0845,2.1472,1.9502,2.0755,1.7954,2.9584,2.6191,3.4683,3.1049,3.4007,3.0403,2.9285,2.5985,3.3884,3.0415,3.9398,3.7633,3.8292,3.8174,3.4185,3.5732,2.9881,3.3043,2.2466,2.7333,2.8454,3.6282,1.7942,2.5773,1.0441,2.3766,2.3706,2.2605,2.4444,2.3159,2.2804,2.1677,2.1834,2.0367,2.2275,1.9421,2.3664,2.0797,3.511,3.1749,3.4207,3.0982,3.1841,2.8494,3.1155,2.7641,3.6649,3.4255,4.0029,3.9589,3.4434,3.5682,3.258,3.6003,2.048,2.449,2.6712,3.4449,2.0812,2.9335,1.1897,2.4673,2.1203,2.0217,2.5141,2.3943,2.4917,2.3834,2.3074,2.1942,2.3741,2.0849,2.1504,1.8881,2.9366,2.7227,3.5083,3.3055,3.4784,3.2151,2.9893,2.7153,3.414,3.1195,3.8581,3.7857,3.6791,3.8226,3.2256,3.5528,2.6964,3.1973,1.8953,2.523,2.1575,3.0938,1.4398,2.7436
DED4,1.9936,1.9049,1.9635,1.8684,1.9238,1.8437,1.6157,1.5002,2.481,2.1444,3.0486,2.6154,3.0658,2.6057,2.6564,2.3334,3.3622,3.0454,3.9359,3.8153,4.0332,4.0087,3.9267,4.0862,3.8929,4.0968,2.8145,3.1229,3.344,4.0897,2.3982,3.3151,1.4129,2.4582,0.8173,2.4594,2.0239,1.9383,2.0369,1.9104,1.9861,1.9121,1.799,1.6658,1.9399,1.6528,3.0888,2.6033,3.0861,2.6731,2.8516,2.4868,3.0737,2.7008,3.6827,3.5012,4.1473,4.0995,3.8728,3.9861,4.1172,4.3988,2.6904,2.9737,3.2564,3.8966,2.7374,3.6853,1.4781,2.4525,0.9764,2.6186,2.1254,2.0267,2.1502,2.0349,2.0721,1.9651,2.0745,1.8666,1.7803,1.4472,2.5941,2.1698,3.0872,2.7283,3.1543,2.7233,2.7631,2.4271,3.4429,3.1153,3.9657,3.8707,4.0053,4.0435,3.8138,4.0972,3.6821,4.0683,2.5682,3.0307,2.889,3.8114,1.8088,2.8073,1.1091,2.6807,2.1109,2.0081,2.193,2.0789,2.1643,2.0199,2.1111,1.9443,1.9328,1.5782,2.0462,1.7187,3.1045,2.7399,3.1962,2.8173,2.9628,2.5968,3.1619,2.7921,3.7442,3.5722,4.1276,4.1527,3.7803,4.0064,3.9007,4.3724,2.4695,2.8924,2.8213,3.646,2.1008,3.1541,1.2145,2.7671,1.9597,1.8695,2.3112,2.1926,2.3236,2.2016,2.2162,2.0551,2.14,1.7815,1.8796,1.5685,2.5877,2.3777,3.1991,3.0128,3.3074,2.9477,2.871,2.5739,3.5541,3.2553,3.9818,3.9441,3.9293,4.1107,3.6186,4.1145,3.3387,3.9835,2.1792,2.8213,2.1779,3.2595,1.403,2.9523
DED5,2.2995,2.1798,2.046,1.9584,1.8596,1.802,1.522,1.5321,2.9262,3.0414,3.7594,3.6553,3.7013,3.378,3.0143,2.6609,3.5619,3.1684,4.0965,3.7999,3.9091,3.8064,3.4842,3.5558,3.0458,3.2604,2.3718,2.7624,3.0975,3.8143,2.1195,2.867,1.2034,2.0572,0.6553,2.0272,2.3786,2.2478,2.1248,2.0461,1.9447,1.8515,1.6918,1.6919,2.414,2.5336,3.9685,3.8401,3.8659,3.5144,3.3389,2.9645,3.1769,2.7827,3.8059,3.4943,4.0518,3.8719,3.4351,3.4926,3.2793,3.4783,2.1407,2.475,2.8462,3.4764,2.3915,3.2167,1.2678,2.0256,0.7758,2.0985,2.5552,2.3956,2.3131,2.1801,2.0308,1.9359,2.0271,1.9487,2.3285,2.4519,3.6236,3.4735,4.0509,3.7385,3.7254,3.3202,2.9556,2.6026,3.415,3.0512,3.848,3.6115,3.6001,3.5843,3.1317,3.3175,2.6798,3.0227,2.0149,2.4833,2.4855,3.3052,1.5179,2.2769,0.8976,2.1001,2.5372,2.3941,2.375,2.2458,2.1172,2.0344,2.0655,2.0059,2.5122,2.6611,2.9681,2.9016,4.2045,3.9073,3.8514,3.4626,3.2484,2.907,3.0721,2.7051,3.5934,3.3503,3.7554,3.6807,3.1203,3.284,2.8883,3.2474,1.8276,2.2506,2.3067,3.0298,1.742,2.5944,1.0075,2.1449,2.3067,2.1827,2.5184,2.3587,2.3426,2.1983,2.1898,2.1033,2.7409,2.8691,2.784,2.7059,3.7065,3.4968,4.0182,3.7878,3.6925,3.3604,2.8942,2.6035,3.3111,3.0099,3.62,3.499,3.3196,3.4489,2.819,3.15,2.3044,2.7974,1.6288,2.1905,1.804,2.6959,1.189,2.3525
DEE0,1.932,1.8455,1.8879,1.7739,1.9111,1.7837,1.6424,1.5403,2.736,2.4731,3.197,2.7719,3.0542,2.6351,2.5915,2.2902,3.5155,3.2466,4.289,4.131,4.4021,4.3402,4.0532,4.1328,3.5196,3.7338,2.6265,2.9417,3.3823,4.0769,2.2722,3.1794,1.2383,2.2051,0.6516,1.9963,1.9665,1.8765,1.9589,1.8578,1.9471,1.8127,1.8136,1.6845,2.1623,1.934,3.2382,2.8225,3.1376,2.7216,2.8038,2.4498,3.0796,2.7896,3.9851,3.787,4.5435,4.459,4.0892,4.1541,3.8684,4.0737,2.5413,2.8451,3.1474,3.7609,2.6291,3.5587,1.3422,2.2501,0.763,2.1455,2.1116,1.9929,2.095,1.9903,2.0085,1.8752,2.1178,1.859,2.0145,1.7299,2.7994,2.4372,3.2146,2.8443,3.1466,2.7553,2.677,2.3667,3.573,3.2993,4.2847,4.1547,4.3148,4.3372,3.8842,4.089,3.2737,3.6406,2.3453,2.8048,2.8355,3.7165,1.6554,2.6191,0.8988,2.2378,2.0962,1.9933,2.1454,2.0306,2.098,1.9739,2.1071,1.8965,2.1367,1.8454,2.2158,1.9468,3.2547,2.934,3.2216,2.8683,2.8789,2.5511,3.1454,2.8647,4.0044,3.8383,4.4741,4.4672,3.9251,4.1205,3.6063,3.9809,2.2724,2.7181,2.6461,3.4422,1.9486,2.9638,1.0244,2.363,1.9553,1.8193,2.2695,2.0906,2.2686,2.1078,2.1655,1.981,2.2685,2.01,1.9868,1.7494,2.8015,2.6212,3.3486,3.1382,3.2593,2.9756,2.7417,2.4981,3.6274,3.4488,4.2431,4.234,4.1623,4.3935,3.6541,4.0748,2.9481,3.5337,1.9502,2.5771,2.0709,3.1172,1.2362,2.672
DEF0,2.0687,1.9697,2.251,2.13,2.5806,2.4766,2.8068,2.6511,2.8366,2.6908,2.6205,2.5763,2.6248,2.745,2.6591,2.7792,3.7157,3.7881,4.5459,4.5592,3.9618,4.0037,3.2397,3.3703,3.0565,3.1965,2.6666,2.8576,3.157,3.472,2.1154,2.5817,1.0694,1.6527,0.6946,1.829,2.0816,1.9831,2.1987,2.0847,2.4519,2.3431,2.7923,2.6386,2.835,2.6536,2.8017,2.6584,2.6943,2.7499,2.6867,2.7944,3.1565,3.2352,4.4239,4.4501,4.2475,4.288,3.4375,3.5546,3.0152,3.181,2.6392,2.8361,2.8998,3.2009,2.4967,2.9897,1.1591,1.6965,0.7821,1.8625,2.2282,2.1261,2.2335,2.1167,2.3556,2.2205,2.7157,2.5253,2.8796,2.5922,2.9803,2.7303,2.8024,2.7257,2.8201,2.9135,2.7808,2.8687,3.7314,3.7922,4.448,4.5006,3.8166,3.9114,3.0626,3.2637,2.8136,3.0408,2.337,2.6317,2.6021,3.0847,1.5619,2.1141,0.8486,1.8235,2.2797,2.1709,2.2477,2.1426,2.3276,2.1996,2.5649,2.413,2.8596,2.5831,2.9119,2.6643,2.9656,2.8154,2.8607,2.9325,2.7988,2.9002,3.1767,3.2628,4.3376,4.419,4.1026,4.2014,3.2565,3.444,2.781,3.0377,2.325,2.6207,2.3967,2.8488,1.8554,2.4672,0.9531,1.8756,2.2365,2.1185,2.3479,2.2568,2.3484,2.2336,2.4521,2.3066,2.66,2.4667,2.7867,2.5836,3.0573,2.9367,3.0004,3.0075,2.9595,3.0946,2.809,2.9401,3.727,3.8466,4.3303,4.4311,3.6475,3.8356,2.8959,3.1902,2.5189,2.8533,1.9344,2.345,1.9008,2.5498,1.1991,2.1921
DEG0,2.0326,1.9611,1.9775,1.857,1.9465,1.8496,1.6615,1.5721,2.7308,2.5166,3.3702,2.8972,3.2515,2.8026,2.7554,2.4134,3.507,3.1644,4.158,4.0166,4.3647,4.2895,4.0692,4.0923,3.5659,3.6831,2.5666,2.8288,3.244,3.8836,2.1665,2.9665,1.1919,2.0732,0.6522,1.9206,2.1012,2.0129,2.0219,1.9163,1.9992,1.9074,1.8519,1.7355,2.1037,1.9574,3.3428,2.9219,3.3281,2.874,2.9337,2.5769,3.1795,2.8037,3.8479,3.6527,4.4396,4.3619,4.1019,4.114,3.888,4.021,2.5498,2.7716,2.9874,3.5577,2.5546,3.386,1.2876,2.0897,0.7649,2.0558,2.2108,2.098,2.1693,2.0704,2.0694,1.9417,2.1219,1.9087,1.9791,1.7499,2.7926,2.4787,3.3447,2.9345,3.2951,2.892,2.8134,2.484,3.5511,3.2113,4.1322,4.0239,4.2647,4.2687,3.8956,4.0369,3.3338,3.5957,2.3048,2.6925,2.7378,3.546,1.6014,2.4396,0.8896,2.1202,2.1665,2.068,2.2537,2.1354,2.1318,2.0091,2.1346,1.9813,2.1513,1.8828,2.2132,1.96,3.318,2.9803,3.3723,2.9897,2.9997,2.662,3.2304,2.8715,3.8472,3.6917,4.3556,4.3546,3.9444,4.0673,3.6297,3.9291,2.2911,2.643,2.5334,3.257,1.9184,2.8211,1.0077,2.1972,1.9697,1.862,2.342,2.2291,2.3182,2.2047,2.2229,2.0625,2.3421,2.0805,2.0632,1.7883,2.7974,2.588,3.4124,3.1502,3.3907,3.063,2.8731,2.616,3.603,3.3401,4.0802,4.0702,4.1082,4.2747,3.6621,4.0011,2.9977,3.4699,1.9333,2.4641,2.0046,2.9714,1.1958,2.4477
DK01,3.0945,2.9423,2.9529,2.7923,2.8301,2.7009,2.8887,2.7823,3.4657,3.6586,3.534,3.7395,3.523,3.5586,3.6914,3.6712,3.5869,3.5204,3.8187,3.7481,3.1566,3.1122,2.7845,2.8416,2.6021,2.7916,2.738,2.9838,1.7948,2.0986,1.1781,1.548,0.7388,1.1607,0.5787,1.392,2.9659,2.8198,2.9846,2.8156,2.8061,2.6688,2.825,2.7271,3.529,3.7387,3.7899,3.9656,3.4351,3.441,3.554,3.5323,3.5997,3.575,3.643,3.5876,3.3435,3.2855,2.8134,2.8132,2.4981,2.6785,2.6227,2.8706,2.0056,2.3307,1.2636,1.6211,0.7591,1.1469,0.5872,1.3564,2.9187,2.762,2.8807,2.7374,2.8208,2.6634,2.7662,2.6606,3.5624,3.7716,4.0547,4.2285,3.547,3.5471,3.3182,3.2999,3.4647,3.452,3.3751,3.3371,3.5606,3.5354,2.9003,2.8985,2.4893,2.6056,2.2566,2.5183,2.3079,2.6427,1.4332,1.7811,0.8279,1.1914,0.5946,1.2882,2.9487,2.7941,2.7465,2.6146,2.8601,2.7041,2.7497,2.6423,3.4442,3.6063,4.1406,4.2808,3.7049,3.7283,3.1891,3.168,3.3052,3.3155,3.3922,3.4052,3.4224,3.4125,3.0989,3.0837,2.5442,2.5979,2.1809,2.4324,2.2312,2.5713,1.6165,1.9935,0.9042,1.2784,0.6153,1.2762,2.8635,2.7113,2.6645,2.538,2.7754,2.641,2.7891,2.6595,3.3989,3.5355,4.1222,4.2652,3.9515,3.9435,3.2829,3.2612,3.1029,3.1207,3.2709,3.3122,3.1865,3.1997,3.3222,3.3375,2.6461,2.7097,2.1941,2.389,1.9297,2.2712,1.8748,2.2885,1.0475,1.4268,0.671,1.2959
DK02,2.5472,2.4052,3.0926,2.9091,3.2515,3.0711,3.4599,3.2808,2.5556,2.2213,2.0248,1.9194,2.276,2.3591,3.0822,3.2121,3.5934,3.6338,4.1124,4.0619,3.5809,3.5641,3.4065,3.4332,3.4005,3.515,3.6682,3.7595,2.4078,2.5586,1.5634,1.8301,0.9255,1.2739,0.658,1.3854,2.3457,2.2249,3.0028,2.8553,3.2104,3.0138,3.4082,3.1795,2.7188,2.3826,2.202,2.0293,2.2051,2.2197,2.8552,2.9657,3.5316,3.5938,3.9666,3.9229,3.7751,3.7335,3.4009,3.458,3.2947,3.3786,3.5879,3.7312,2.7539,2.9328,1.7498,1.9771,0.9714,1.3268,0.7063,1.3881,2.3672,2.2472,2.7933,2.627,3.1636,2.9839,3.2497,3.0434,2.7969,2.4439,2.4983,2.2538,2.3923,2.3011,2.6054,2.6559,3.2513,3.3257,3.6356,3.6334,4.0644,3.9947,3.4654,3.4846,3.2514,3.3067,3.1604,3.3343,3.2531,3.4524,1.9946,2.238,1.1359,1.4413,0.7504,1.4036,2.4335,2.2995,2.5985,2.4626,3.0954,2.9365,3.213,2.9804,2.6925,2.3254,2.5577,2.3551,2.5768,2.442,2.5377,2.5365,3.0585,3.107,3.5654,3.6123,3.9332,3.8728,3.6755,3.6508,3.2517,3.3578,3.0754,3.2128,3.202,3.4308,2.3003,2.5794,1.285,1.5703,0.7912,1.4246,2.443,2.3089,2.618,2.4623,2.8755,2.713,3.1718,2.9814,2.5343,2.1886,2.5494,2.3565,2.8144,2.7012,2.7181,2.63,2.7998,2.8354,3.3427,3.3909,3.6154,3.6223,3.9957,3.9636,3.3552,3.4198,3.0451,3.1752,2.8124,3.0852,2.7188,3.0355,1.4883,1.8129,0.8998,1.5198
DK03,2.7679,2.6185,2.9878,2.8828,3.1483,3.0402,3.4989,3.3007,3.0416,2.7832,2.5244,2.3821,2.6711,2.6044,3.1014,3.116,3.4411,3.373,3.8989,3.7964,3.4994,3.4364,3.3632,3.3528,3.1698,3.1646,3.2214,3.2801,2.2381,2.3938,1.5466,1.8422,0.987,1.348,0.7133,1.4645,2.5993,2.4503,2.9875,2.8348,3.0752,2.9917,3.3934,3.2108,3.2197,2.9131,2.6972,2.4997,2.5738,2.4853,2.9766,2.958,3.3522,3.3325,3.7239,3.6274,3.639,3.5805,3.3548,3.3318,3.145,3.1441,3.2282,3.297,2.4806,2.6392,1.6796,1.9294,1.0284,1.3743,0.7598,1.486,2.53,2.4005,2.8648,2.7141,3.0324,2.924,3.2083,3.0802,3.2915,2.9574,3.0227,2.7455,2.6434,2.5227,2.7799,2.7019,3.1521,3.146,3.4266,3.3595,3.8127,3.7264,3.3703,3.3436,3.1786,3.2314,2.9432,2.9976,2.8866,3.0338,1.8856,2.1212,1.1581,1.4888,0.8113,1.5071,2.56,2.4202,2.692,2.544,3.0389,2.8889,3.1312,3.0412,3.1649,2.864,3.1259,2.8446,2.8041,2.6443,2.69,2.5909,3.028,3.0136,3.3484,3.3363,3.6586,3.5761,3.5182,3.4967,3.1893,3.2117,2.92,2.9872,2.9087,3.0544,2.0958,2.3561,1.2669,1.5777,0.8675,1.5439,2.5489,2.4162,2.6448,2.5011,2.9148,2.7639,3.0908,2.9746,2.9771,2.7191,3.1259,2.8301,3.0916,2.8947,2.7659,2.6815,2.8555,2.7972,3.1685,3.1875,3.3946,3.352,3.7201,3.6761,3.2322,3.2465,2.9786,3.0921,2.6481,2.7929,2.4498,2.7081,1.4407,1.75,0.953,1.6155
DK04,2.9375,2.7865,3.1087,3.0048,3.178,3.0397,3.4192,3.243,3.5983,3.4394,3.0028,2.8357,2.9069,2.8428,3.2905,3.2452,3.4513,3.3845,3.7353,3.6268,3.2997,3.2709,3.1902,3.1454,3.0556,3.043,2.9659,2.9922,1.9667,2.1025,1.3506,1.6025,0.8568,1.1579,0.6232,1.3,2.762,2.6359,3.0741,2.9567,3.135,3.0029,3.359,3.1768,3.6681,3.5097,3.1956,2.9667,2.8095,2.731,3.1556,3.0852,3.4081,3.364,3.6022,3.4998,3.4259,3.3843,3.1438,3.1337,3.0127,3.0255,3.0035,3.03,2.218,2.334,1.4534,1.6977,0.8811,1.174,0.668,1.3165,2.7321,2.5936,2.9445,2.7979,3.0819,2.972,3.224,3.0545,3.7392,3.5889,3.4953,3.2526,2.9466,2.7468,2.9092,2.8412,3.2416,3.2002,3.3516,3.303,3.5851,3.5077,3.1203,3.1318,2.9721,2.97,2.7792,2.8314,2.6192,2.7266,1.6338,1.8328,0.9944,1.2754,0.7066,1.2967,2.7897,2.6284,2.7653,2.6436,3.0511,2.9251,3.1574,3.0169,3.6657,3.5354,3.5878,3.3804,3.1013,2.8933,2.7988,2.7352,3.1087,3.0502,3.3159,3.2915,3.4584,3.3848,3.2504,3.2414,2.9241,2.9596,2.7418,2.8139,2.6474,2.7565,1.8407,2.0422,1.0864,1.3576,0.743,1.31,2.793,2.642,2.7246,2.5827,2.9175,2.7729,3.0917,3.0131,3.5274,3.4654,3.6417,3.4438,3.3609,3.1617,2.8988,2.7763,2.8553,2.8387,3.1516,3.1516,3.2285,3.2254,3.4197,3.3935,2.9235,2.9886,2.7069,2.7793,2.4496,2.589,2.1881,2.3949,1.2203,1.4754,0.8297,1.377
DK05,2.6961,2.5454,2.8861,2.7472,3.0375,2.8619,3.4449,3.1899,3.417,3.0791,2.8376,2.47,2.7585,2.5872,3.0841,2.9815,3.2964,3.1813,3.8082,3.6747,3.5146,3.4687,3.3472,3.3376,3.2948,3.2356,3.3171,3.2945,2.2016,2.3797,1.5915,1.834,1.0,1.3478,0.7712,1.4795,2.4966,2.3854,2.9056,2.7184,2.9624,2.8002,3.2906,3.0975,3.7169,3.2623,3.0158,2.6149,2.682,2.453,2.9876,2.8824,3.2149,3.104,3.5971,3.4897,3.6361,3.551,3.328,3.344,3.2008,3.1928,3.3548,3.2751,2.4909,2.6569,1.6613,1.9218,1.0537,1.3564,0.8012,1.498,2.4815,2.3692,2.7513,2.5926,2.9259,2.7708,3.0907,2.8972,3.7945,3.2649,3.3552,2.9359,2.822,2.4928,2.7952,2.635,3.0822,2.988,3.2579,3.1569,3.7152,3.6127,3.3818,3.3735,3.1765,3.2163,3.0665,3.0683,2.9631,3.0407,1.852,2.0976,1.1661,1.4597,0.8495,1.5006,2.5703,2.4247,2.5535,2.4421,2.9474,2.754,3.0176,2.8296,3.644,3.2154,3.5148,3.0559,2.9551,2.631,2.6835,2.5079,2.982,2.9051,3.1759,3.0805,3.5261,3.4438,3.5075,3.4689,3.1654,3.2375,2.9905,3.0303,3.0125,3.0474,2.1124,2.3596,1.2542,1.5519,0.896,1.5056,2.5562,2.4101,2.5404,2.4232,2.7977,2.6362,2.98,2.828,3.4229,3.0587,3.5302,3.0619,3.1698,2.9497,2.7893,2.5831,2.7938,2.6818,3.0654,3.0054,3.209,3.1574,3.6268,3.574,3.2571,3.2899,3.0039,3.0691,2.7602,2.8565,2.5165,2.7104,1.4115,1.7143,0.9885,1.5711
EE00,2.9603,2.8059,2.7391,2.5869,2.3572,2.2162,2.4915,2.358,3.6079,3.3763,3.7753,3.5527,3.5211,3.3478,3.5154,3.3735,3.4823,3.462,3.1582,3.3056,3.3513,3.7038,3.0398,3.6519,2.6629,3.5651,1.8446,2.729,1.7799,3.1201,1.2213,2.5883,0.7726,2.0425,0.3925,1.5412,2.8043,2.6564,2.9376,2.769,2.458,2.3346,2.3422,2.2145,3.0824,2.8945,3.8732,3.6041,3.6272,3.4422,3.5079,3.3381,3.5242,3.456,3.1766,3.28,3.3091,3.5755,3.1225,3.6735,2.6983,3.5396,2.141,3.1492,1.6035,2.739,1.3412,2.8131,0.7721,1.9837,0.4621,1.7539,2.7369,2.5724,2.9505,2.7987,2.7033,2.554,2.3431,2.2185,2.5872,2.461,3.702,3.3771,3.8498,3.5435,3.5434,3.3389,3.5044,3.3543,3.4241,3.4153,3.0522,3.2353,3.1665,3.6015,2.8186,3.5601,2.3794,3.4525,1.5564,2.5582,1.3689,2.7925,0.8333,2.1031,0.5627,1.9802,2.7675,2.593,2.8043,2.6723,2.8901,2.7303,2.4243,2.3103,2.4349,2.3097,3.215,2.9316,4.0157,3.6046,3.712,3.4433,3.5354,3.3171,3.4937,3.4094,3.0943,3.2127,3.1304,3.4646,2.889,3.5628,2.4162,3.4159,1.7922,2.9267,1.2346,2.425,0.9167,2.2817,0.5852,2.0377,2.6059,2.4928,2.8111,2.6574,2.9824,2.8441,2.7036,2.5769,2.39,2.3305,2.6832,2.5424,3.8429,3.5264,4.0045,3.6954,3.6095,3.3988,3.4813,3.3556,3.3391,3.3795,2.9025,3.1752,2.919,3.51,2.4775,3.4107,1.9363,3.15,1.1759,2.2188,0.9026,2.2008,0.628,2.1393
EFTA,2.8404,2.6841,2.7392,2.6103,2.8109,2.6743,3.0318,2.8702,3.2749,3.1477,3.3484,3.2556,3.4742,3.3629,3.4808,3.3854,3.8281,3.7273,3.9822,3.8384,3.5927,3.4789,3.161,3.107,2.8223,2.8423,2.5456,2.6537,1.7823,2.0204,1.314,1.665,0.9422,1.4102,0.7286,1.5666,2.8012,2.6556,2.7822,2.6346,2.7237,2.5977,2.9452,2.7886,3.2269,3.0887,3.4212,3.3348,3.5309,3.4008,3.4436,3.3319,3.675,3.555,3.9134,3.7814,3.7071,3.584,3.2436,3.1655,2.7856,2.8127,2.58,2.6835,1.9491,2.1586,1.3546,1.6774,0.9523,1.3786,0.757,1.5778,2.7431,2.5963,2.8146,2.6624,2.7075,2.5776,2.8348,2.6526,3.1265,2.9377,3.5011,3.3786,3.5324,3.415,3.5141,3.3882,3.4453,3.3443,3.717,3.6173,3.7922,3.6696,3.3527,3.2727,2.866,2.8757,2.4893,2.5919,2.2124,2.3943,1.4761,1.7649,0.9791,1.3491,0.812,1.5956,2.6845,2.539,2.7685,2.6276,2.7602,2.6112,2.7377,2.5844,3.047,2.8537,3.442,3.3026,3.59,3.478,3.5506,3.4192,3.3961,3.2971,3.5693,3.4715,3.7387,3.6346,3.4754,3.3902,2.9542,2.9418,2.4658,2.5774,2.2597,2.4358,1.6348,1.9028,1.0275,1.3736,0.8518,1.6058,2.5706,2.4341,2.7203,2.5766,2.7964,2.644,2.7224,2.5693,2.9118,2.7266,3.3284,3.1674,3.6795,3.5431,3.5777,3.4551,3.4789,3.3742,3.3685,3.2905,3.5739,3.502,3.5776,3.4891,3.0687,3.0561,2.5418,2.6452,2.1917,2.3664,1.8634,2.1166,1.1306,1.4578,0.8921,1.5916
EL30,2.5018,2.3825,2.3886,2.2711,2.2812,2.1757,2.3402,2.2722,2.8747,2.7836,3.3344,3.2219,4.1479,3.9843,4.0926,4.0825,3.95,4.1498,3.5848,3.9138,3.2563,3.7695,2.9552,3.3985,2.6997,3.072,2.3651,2.7683,1.813,2.2585,1.6554,2.2502,1.1567,1.7763,0.7058,1.3661,2.3326,2.2077,2.475,2.3678,2.293,2.1991,2.2751,2.2228,2.6484,2.623,2.9888,3.016,3.8032,3.7376,4.1071,4.1229,3.9301,4.1123,3.7487,4.1133,3.2724,3.7955,3.0495,3.6002,2.732,3.1547,2.5346,3.0003,1.813,2.2116,1.6876,2.283,1.2553,1.8854,0.8083,1.5919,2.1951,2.0764,2.4671,2.3535,2.3913,2.2836,2.3112,2.2025,2.5138,2.4469,2.8631,2.8447,3.219,3.2388,3.989,3.9924,4.0143,4.1269,3.8531,4.1354,3.5098,3.9094,3.123,3.6941,2.8197,3.3357,2.5021,2.9561,2.1812,2.6911,1.5624,2.0583,1.3141,1.9271,1.016,1.8814,2.0989,1.9818,2.3267,2.214,2.5122,2.377,2.4369,2.251,2.5397,2.3738,2.8389,2.7263,3.0456,3.0014,3.7862,3.7582,4.0597,4.1338,3.8707,4.0506,3.7058,4.0463,3.1717,3.6658,2.9103,3.4723,2.539,3.0269,2.3037,2.8481,1.5333,1.9927,1.3065,1.9081,1.1414,2.0448,1.9873,1.8927,2.2148,2.0963,2.5141,2.3876,2.5417,2.3861,2.4528,2.3596,2.6308,2.5864,2.9425,2.8445,3.3096,3.3,4.0024,4.028,4.0067,4.1508,3.8378,4.0926,3.4786,3.8588,2.9989,3.5966,2.6435,3.2286,2.2557,2.7953,1.8727,2.4842,1.1824,1.6988,1.216,2.1249
EL41,2.4901,2.3217,2.3621,2.2781,2.3319,2.334,2.2756,2.2167,3.3983,2.4967,3.7413,2.9401,3.5601,3.4674,3.4899,3.3686,3.4848,3.5032,3.3036,3.385,3.2283,3.2493,2.9406,2.9258,2.8956,2.9892,2.8244,3.1049,2.1312,2.4517,2.1425,2.8275,1.7785,2.5116,1.1677,2.0821,2.2452,2.0327,2.4042,2.3371,2.2409,2.2684,2.1564,2.1854,2.9164,2.2985,3.622,2.7673,3.3868,3.3048,3.4391,3.4539,3.41,3.5173,3.4312,3.5717,3.2425,3.3651,3.1648,3.2076,2.8857,2.9423,3.1251,3.4211,2.1447,2.4497,2.1231,2.7224,1.8504,2.5575,1.3694,2.4391,2.2522,2.0685,2.5205,2.3742,2.3093,2.2372,2.507,2.2636,2.7053,2.2138,3.3119,2.6285,3.4183,3.0249,3.4899,3.532,3.465,3.4017,3.4287,3.5631,3.2678,3.4474,3.2076,3.3088,2.9269,3.0042,2.8153,3.0026,2.685,3.0945,1.9009,2.3321,1.6866,2.3809,1.603,2.6207,2.3708,2.2022,2.5524,2.3848,2.5679,2.434,2.95,2.3295,3.0182,2.2609,3.0589,2.5111,3.2724,2.8739,3.5804,3.3759,3.5988,3.354,3.348,3.3754,3.3674,3.4545,3.0938,3.2012,2.9913,3.0619,2.6699,2.7938,2.7564,3.1719,1.8305,2.1793,1.5723,2.1708,1.6046,2.6609,2.0394,1.8788,2.3617,2.1239,2.5476,2.4055,3.0198,2.2052,3.8616,2.1671,3.062,2.1012,2.6784,2.508,3.1732,3.096,3.685,3.4955,3.5475,3.3761,3.4667,3.5516,3.2767,3.4445,3.1377,3.2453,2.8679,2.9822,2.5728,2.8916,2.4081,2.9199,1.4895,1.9586,1.6919,2.7618
EL42,2.8402,2.8115,2.8719,2.9036,2.7656,2.8251,2.6195,2.576,2.768,2.589,3.7282,3.4137,4.2529,4.089,4.0301,4.0893,3.8876,3.9712,3.4306,3.5058,3.2265,3.2658,2.8948,2.8996,2.8864,2.8969,2.4565,2.4677,1.7897,1.8111,1.5096,1.6684,1.09,1.3511,0.694,1.1232,2.6382,2.5133,2.9035,2.9458,2.7348,2.7363,2.619,2.5529,2.5864,2.4579,3.3312,3.2236,4.1201,3.9367,4.0473,4.0811,3.9328,3.9785,3.5596,3.7296,3.1926,3.2974,3.0406,3.057,2.8021,2.817,2.7418,2.796,1.8441,1.8913,1.5581,1.6811,1.1596,1.4018,0.7816,1.3095,2.617,2.4041,2.8535,2.7815,2.7951,2.7541,2.5406,2.409,2.6048,2.4014,3.0174,3.028,3.6571,3.5103,4.0375,4.0402,3.9843,3.9821,3.8274,3.8465,3.2856,3.413,3.0736,3.1868,2.7857,2.7948,2.7501,2.7541,2.2731,2.3698,1.551,1.6951,1.1645,1.4038,0.9243,1.4829,2.6392,2.3892,2.7184,2.5849,2.8545,2.7778,2.6694,2.4254,2.6749,2.3602,2.8856,2.8204,3.3347,3.3214,3.9776,3.9145,4.0576,3.9595,3.8831,3.8209,3.4987,3.6086,3.0333,3.1496,2.8585,2.9047,2.6634,2.6549,2.4985,2.5731,1.5875,1.7391,1.2034,1.4033,1.0213,1.5331,2.4979,2.3509,2.637,2.4268,2.8012,2.7105,2.8303,2.4336,2.8909,2.153,2.8554,2.4186,2.898,3.0561,3.4678,3.5018,4.0217,3.9944,3.984,3.8936,3.7983,3.7711,3.2393,3.3305,2.9329,3.0968,2.6643,2.7087,2.5135,2.5754,2.0206,2.191,1.2177,1.4435,1.1368,1.5363
EL43,2.9216,2.8346,2.828,2.7174,2.7994,2.662,2.7851,2.613,3.1447,2.9491,3.2224,3.2867,3.8844,3.9296,3.9084,3.8647,3.9199,3.8097,3.4027,3.4491,3.0924,3.1632,2.6929,2.81,2.6005,2.6681,2.3194,2.3958,1.895,2.1429,1.7236,2.1453,1.2877,1.7394,0.863,1.5282,2.7529,2.5939,2.9232,2.8474,2.8081,2.65,2.7683,2.6184,2.9961,2.7594,2.9807,3.0727,3.6399,3.7364,3.8868,3.9242,3.8516,3.7848,3.6536,3.6603,3.0759,3.2271,2.8579,2.973,2.5585,2.6488,2.4894,2.5735,1.8597,2.0332,1.7228,2.1454,1.3388,1.8086,0.9875,1.7914,2.5721,2.4457,2.9093,2.7844,2.8495,2.7134,2.8295,2.6173,2.8474,2.5975,2.874,2.8517,3.1239,3.3021,3.7997,3.8805,3.8375,3.8423,3.7579,3.7537,3.3244,3.4479,2.9976,3.1204,2.6423,2.7713,2.4664,2.5635,2.1578,2.3112,1.6138,1.9553,1.3786,1.8484,1.1735,2.038,2.5389,2.4081,2.7226,2.5647,2.9464,2.8249,2.8734,2.6363,2.8889,2.6087,2.8174,2.6932,2.9287,3.0553,3.6029,3.6976,3.8606,3.8604,3.7368,3.748,3.5567,3.649,3.0168,3.1767,2.798,2.9338,2.456,2.5698,2.2988,2.4451,1.5932,1.8604,1.3547,1.8309,1.297,2.149,2.5053,2.3275,2.5985,2.4616,2.9209,2.7777,2.8302,2.7105,2.7611,2.5347,2.6989,2.5019,2.8608,2.819,3.2235,3.3209,3.8332,3.8462,3.8564,3.8498,3.6712,3.7498,3.3022,3.4658,2.9553,3.0869,2.54,2.7378,2.2705,2.4378,1.9131,2.1606,1.2595,1.6604,1.3869,2.1638
EL51,2.5764,2.3969,2.6011,2.41,2.6253,2.4286,2.7414,2.5442,3.1978,2.6906,3.2955,2.8581,3.5358,3.3913,3.4459,3.4038,3.4512,3.4673,3.355,3.5147,3.2361,3.3505,3.0158,3.1064,2.7663,2.9789,2.4568,2.8401,2.3594,2.8881,2.2715,3.0328,1.567,2.2168,0.7002,1.2826,2.3622,2.1983,2.6772,2.4923,2.6279,2.4374,2.6571,2.5089,3.0115,2.5858,3.081,2.638,3.3688,3.2623,3.5037,3.4312,3.3977,3.4415,3.4875,3.6194,3.2387,3.4273,3.1481,3.2584,2.8449,3.0407,2.6343,3.0071,2.1254,2.5768,2.2624,3.0849,1.6631,2.379,0.8824,1.6368,2.1762,2.0424,2.6035,2.4265,2.6757,2.4824,2.6857,2.5073,2.7757,2.4562,2.77,2.4534,3.0213,2.8932,3.4911,3.44,3.488,3.5049,3.4631,3.5061,3.4113,3.6258,3.2555,3.4498,3.0367,3.2225,2.6989,2.9735,2.3052,2.7933,2.0667,2.702,1.7422,2.5557,1.1701,2.128,2.1012,1.964,2.3963,2.2495,2.7489,2.5554,2.7561,2.568,2.7591,2.4529,2.6272,2.3474,2.7594,2.6643,3.3686,3.3337,3.5608,3.5168,3.4747,3.4979,3.5637,3.6995,3.2984,3.5213,3.1696,3.3886,2.8514,3.092,2.4846,2.9496,1.8313,2.3693,1.7626,2.6086,1.3622,2.3452,1.9325,1.7951,2.2535,2.1241,2.6506,2.4776,3.0026,2.6669,3.3343,2.5946,2.7044,2.2467,2.4853,2.3835,2.9948,2.9733,3.5654,3.5245,3.5737,3.5749,3.5225,3.5422,3.478,3.7211,3.2613,3.552,3.0023,3.2631,2.4996,2.8586,2.0284,2.5855,1.5476,2.2256,1.5057,2.5483
EL52,2.5231,2.4393,2.5453,2.434,2.5583,2.4715,2.6435,2.6362,2.8303,2.9204,2.8619,2.8997,3.557,3.5453,3.6628,3.6967,3.7425,3.871,3.6138,3.7707,3.2377,3.5042,2.9672,3.2451,2.6573,2.9597,2.4192,2.809,2.3071,2.7457,2.1106,2.6932,1.3851,1.9619,0.6276,1.1457,2.3114,2.2163,2.6398,2.5306,2.5507,2.4472,2.6295,2.6214,2.7059,2.7935,2.6363,2.7418,3.2689,3.3025,3.6389,3.6898,3.6869,3.7847,3.7843,3.9811,3.3164,3.55,3.0995,3.4183,2.7638,3.0619,2.4847,2.9188,2.1409,2.5694,2.1453,2.7748,1.4816,2.0992,0.7849,1.429,2.1166,2.009,2.5834,2.4828,2.6235,2.4952,2.6388,2.5653,2.69,2.7401,2.5708,2.6258,2.7557,2.8564,3.5144,3.5699,3.6993,3.7738,3.7278,3.8883,3.6328,3.8291,3.2169,3.5208,2.9183,3.2728,2.5396,2.9141,2.2352,2.7287,1.9691,2.5517,1.6086,2.274,1.0341,1.8276,2.0179,1.9275,2.402,2.2922,2.7327,2.5912,2.7024,2.5444,2.7556,2.73,2.6162,2.5652,2.6224,2.6886,3.2949,3.3468,3.6755,3.735,3.6998,3.7917,3.7986,4.0023,3.3089,3.5395,3.0377,3.4176,2.6764,3.0397,2.2924,2.7985,1.8096,2.3465,1.6287,2.3128,1.2068,2.0521,1.8774,1.8024,2.232,2.1155,2.6853,2.5727,2.7489,2.6201,2.6433,2.6376,2.6486,2.5647,2.6005,2.5737,2.8808,2.9576,3.5934,3.6505,3.7842,3.8696,3.766,3.9347,3.6764,3.8986,3.1784,3.5532,2.8259,3.2779,2.3405,2.809,1.9354,2.5436,1.4716,2.114,1.3682,2.2479
EL53,2.3503,2.2043,2.4214,2.3596,2.6595,2.5263,2.8669,2.6063,2.6862,2.4192,2.7723,2.7159,3.1657,3.2096,3.4255,3.3359,3.729,3.6915,3.8086,3.7618,3.694,3.5744,3.4162,3.1721,2.7501,2.6919,2.3707,2.4778,2.3607,2.728,2.4928,3.0943,1.7777,2.3457,0.8917,1.4465,2.2041,2.0314,2.4569,2.3531,2.5818,2.4631,2.8499,2.5538,2.6944,2.3469,2.5017,2.4765,3.0418,3.0794,3.2874,3.2793,3.6013,3.589,3.9281,3.9113,3.7117,3.6195,3.5777,3.429,3.0495,2.8994,2.4554,2.5567,2.2383,2.5057,2.3818,2.9406,1.9025,2.5709,1.1026,1.8278,1.9636,1.8724,2.4009,2.2804,2.5184,2.4129,2.7429,2.4685,2.7463,2.3157,2.3244,2.2177,2.6813,2.6513,3.2388,3.297,3.4854,3.4145,3.7692,3.7564,3.8833,3.8589,3.7193,3.6904,3.4786,3.3086,2.7279,2.7117,2.268,2.4745,2.1322,2.604,2.0128,2.7031,1.4568,2.4118,1.8547,1.7846,2.2597,2.1114,2.5478,2.4141,2.6861,2.4788,2.7125,2.2922,2.3723,2.1129,2.4761,2.3949,3.1079,3.1665,3.3803,3.3615,3.6615,3.6328,4.0374,3.9979,3.7661,3.7619,3.6861,3.5615,3.0945,2.9807,2.3853,2.5466,2.0244,2.4102,1.9214,2.5826,1.6949,2.7393,1.7381,1.5792,2.0644,1.9695,2.4923,2.3802,2.636,2.4927,2.5836,2.3126,2.4062,2.0744,2.3606,2.1212,2.8198,2.7549,3.4078,3.4238,3.638,3.5307,3.9018,3.8746,3.9878,4.0439,3.8341,3.8906,3.5547,3.4446,2.6736,2.7297,2.0632,2.3902,1.7073,2.2821,1.9255,2.9102
EL54,2.3234,2.1394,2.3381,2.1003,2.3211,2.1809,2.4381,2.5448,2.6723,3.0983,2.6697,2.6171,3.3279,3.2291,3.4064,3.3382,3.5198,3.5045,3.2752,3.1835,3.441,3.2035,3.3255,3.2388,3.1859,3.3058,2.9557,2.9375,2.7188,2.9178,2.3446,3.0277,1.7008,2.3672,1.1056,1.9957,2.1311,2.0404,2.4393,2.1934,2.3057,2.147,2.4276,2.4758,2.501,2.8726,2.4099,2.4339,3.1526,3.0978,3.3638,3.2865,3.494,3.4629,3.4578,3.4719,3.3191,3.1619,3.4731,3.3227,3.267,3.3326,3.1314,3.2365,2.5917,2.7094,2.4096,3.0179,1.7906,2.5749,1.2755,2.221,1.9623,1.8668,2.3814,2.2255,2.4322,2.2007,2.4166,2.4111,2.397,2.563,2.2941,2.3685,2.6598,2.6712,3.354,3.2517,3.4676,3.4358,3.528,3.4986,3.3408,3.3215,3.5136,3.3485,3.4376,3.4358,3.2523,3.339,2.7998,2.9518,2.3367,2.7824,1.8643,2.673,1.5571,2.6601,1.8983,1.8118,2.2366,2.1514,2.5465,2.2932,2.4745,2.3874,2.4797,2.5326,2.299,2.2131,2.4606,2.4365,3.2273,3.1257,3.4488,3.3886,3.5112,3.4309,3.5183,3.5412,3.3809,3.2817,3.5638,3.4841,3.3605,3.3735,2.9941,3.2156,2.2101,2.5576,1.8709,2.6472,1.7291,2.9178,1.7297,1.7294,2.1143,2.0041,2.5146,2.3297,2.6484,2.514,2.4393,2.5806,2.2766,2.0879,2.3322,2.2063,2.849,2.7643,3.4685,3.3413,3.5605,3.5121,3.6045,3.5059,3.385,3.4393,3.5627,3.4855,3.5021,3.5203,3.119,3.2883,2.5071,2.8255,1.8132,2.4176,1.9127,3.1084
EL61,2.5012,2.3813,2.5116,2.3926,2.4947,2.4151,2.6334,2.4978,2.7385,2.5332,2.7617,2.7203,3.3635,3.3576,3.5246,3.4718,3.6593,3.6103,3.4338,3.4768,3.315,3.3803,3.184,3.1965,2.9718,3.0094,2.7954,3.0109,2.518,2.969,2.2686,2.9147,1.5545,2.0715,0.8613,1.4999,2.3059,2.1721,2.6151,2.4972,2.5143,2.4195,2.5714,2.4348,2.6508,2.429,2.5626,2.5728,3.1481,3.1482,3.4944,3.4933,3.6211,3.5537,3.6301,3.6637,3.2852,3.3775,3.2786,3.378,3.0344,3.0299,2.892,3.0868,2.3985,2.7959,2.3064,2.9731,1.6971,2.2525,0.9928,1.723,2.1016,1.9625,2.5779,2.4542,2.607,2.4942,2.5506,2.4221,2.541,2.3237,2.4993,2.3991,2.7265,2.7425,3.3952,3.4441,3.6023,3.5486,3.6746,3.6466,3.4666,3.5546,3.337,3.4576,3.1879,3.2523,2.8487,2.9941,2.6188,2.9508,2.2055,2.8058,1.8119,2.4916,1.2627,2.0406,2.037,1.9031,2.3761,2.2504,2.7079,2.5839,2.6229,2.4698,2.5274,2.3177,2.4742,2.2898,2.5446,2.5496,3.1997,3.2119,3.6019,3.5684,3.6703,3.5928,3.6643,3.7299,3.3229,3.448,3.287,3.4158,2.9695,3.0646,2.7007,3.0148,2.0682,2.614,1.8244,2.5366,1.5036,2.336,1.946,1.7872,2.2255,2.0908,2.6874,2.561,2.7055,2.5122,2.4627,2.3436,2.4245,2.2179,2.4668,2.3044,2.8791,2.8468,3.5395,3.5544,3.7579,3.663,3.7535,3.7388,3.5417,3.6695,3.3663,3.5368,3.1527,3.302,2.6572,2.9214,2.311,2.7873,1.7102,2.3874,1.6378,2.5504
EL62,2.506,2.3204,2.4597,2.3676,2.4134,2.2593,2.4693,2.339,2.3495,2.3719,2.8262,2.8954,3.6046,3.5345,3.6977,3.5917,3.7569,3.8051,3.6194,3.66,3.5655,3.5354,3.2892,3.1865,3.1116,2.9818,2.5809,2.6119,2.0555,2.4363,2.0722,2.6239,1.6565,2.2335,1.1525,2.0593,2.4087,2.2426,2.5968,2.403,2.3796,2.2674,2.4092,2.2507,2.3128,2.3118,2.5247,2.7017,3.4281,3.4019,3.693,3.5856,3.682,3.7298,3.7135,3.7684,3.4797,3.5622,3.4529,3.3842,3.1174,3.012,2.9232,2.8631,1.951,2.2231,1.9568,2.4722,1.6795,2.3247,1.3082,2.4784,2.3298,2.0785,2.5802,2.3832,2.5206,2.4159,2.2722,2.0401,2.2847,2.2515,2.3899,2.5346,2.9565,3.0964,3.6447,3.6538,3.7269,3.6543,3.7302,3.7557,3.5856,3.7014,3.5399,3.5894,3.267,3.205,3.0185,2.9224,2.3837,2.4481,1.8089,2.1813,1.6263,2.1804,1.4581,2.7845,2.2437,2.0387,2.454,2.2843,2.6779,2.4555,2.3051,2.1567,2.236,2.1209,2.3477,2.4202,2.7417,2.9558,3.4978,3.5674,3.741,3.6699,3.7158,3.7081,3.7178,3.814,3.5224,3.6341,3.4606,3.4267,3.0607,2.979,2.7494,2.7712,1.7071,1.971,1.5427,2.0049,1.5582,2.7421,2.1617,2.0532,2.3955,2.1696,2.6694,2.4738,2.45,2.3019,1.9339,1.8848,2.1543,2.1637,2.6001,2.7631,3.141,3.3644,3.7741,3.8013,3.8271,3.7503,3.7904,3.8162,3.678,3.8276,3.5958,3.6968,3.2515,3.2371,2.8403,2.8755,2.1627,2.2766,1.4132,1.8363,1.5197,2.349
EL63,2.5005,2.3404,2.543,2.3863,2.6756,2.4966,2.8763,2.7062,3.3262,3.1443,3.1251,2.9174,3.5717,3.2683,3.553,3.4016,3.7274,3.5811,3.4285,3.4114,3.3128,3.2694,3.1399,3.0424,2.8709,2.8844,2.4514,2.6049,2.079,2.4584,2.0361,2.625,1.4883,2.0459,0.9185,1.7916,2.316,2.184,2.6148,2.4116,2.6752,2.504,2.8513,2.6238,3.1369,2.9301,2.8964,2.762,3.432,3.1508,3.5173,3.3517,3.656,3.5074,3.6146,3.5695,3.2921,3.3331,3.2913,3.2063,2.9489,2.9299,2.7042,2.8226,1.9816,2.249,1.9899,2.5976,1.5592,2.1747,1.0448,2.1695,2.1286,2.0103,2.5848,2.4074,2.6501,2.4605,2.8871,2.6329,2.9846,2.6566,2.8328,2.6028,3.0041,2.8225,3.5114,3.2804,3.58,3.4583,3.7059,3.5943,3.456,3.4717,3.3519,3.3651,3.1859,3.1188,2.8388,2.8913,2.3076,2.5269,1.8333,2.2432,1.5736,2.2474,1.2766,2.5165,2.0751,1.9655,2.4016,2.2511,2.6966,2.4723,2.9055,2.6721,2.9912,2.6316,2.8013,2.4435,2.8526,2.6365,3.4134,3.1805,3.5545,3.4094,3.6553,3.5274,3.6588,3.6117,3.3413,3.4093,3.353,3.2749,2.9452,2.9525,2.5567,2.7718,1.755,2.0584,1.5555,2.1916,1.4208,2.6064,2.0275,1.897,2.2241,2.1072,2.6839,2.493,2.8279,2.6318,3.0051,2.7277,2.7109,2.2562,2.8243,2.3903,3.0995,2.853,3.5618,3.3679,3.6813,3.5467,3.7655,3.6553,3.5451,3.5744,3.4184,3.4536,3.1776,3.1731,2.6959,2.8528,2.0608,2.3744,1.4302,1.8866,1.5047,2.5143
EL64,2.3692,2.2652,2.4558,2.387,2.4498,2.3877,2.4025,2.2208,2.5992,2.187,3.1114,2.6994,3.7544,3.3109,3.8585,3.4233,4.017,3.6199,3.617,3.4637,3.3725,3.3889,3.1268,3.1737,2.748,2.9247,2.738,2.9504,2.4362,2.7578,2.3367,2.9106,1.6582,2.1644,1.0084,1.7049,2.1622,2.0466,2.5342,2.4213,2.4305,2.3513,2.3755,2.1919,2.4004,2.0745,2.7619,2.5252,3.5656,3.1555,3.7692,3.4495,3.8898,3.5488,3.8782,3.6382,3.4044,3.4269,3.3228,3.3874,2.9,2.9995,2.8053,3.0604,2.3461,2.6208,2.3336,2.9057,1.7474,2.3725,1.1774,2.0193,2.0224,1.9004,2.4857,2.3422,2.5065,2.3775,2.3566,2.1456,2.3426,1.9875,2.5158,2.3248,3.0467,2.7699,3.6352,3.358,3.7987,3.5095,3.9222,3.6861,3.6382,3.5569,3.459,3.5251,3.2432,3.2805,2.7598,2.968,2.624,2.9353,2.1215,2.6124,1.8511,2.537,1.4131,2.4413,1.9868,1.8731,2.3081,2.1666,2.605,2.4025,2.4702,2.2196,2.4139,1.9719,2.4925,2.1785,2.8029,2.5448,3.4791,3.1945,3.7379,3.4966,3.7987,3.5906,3.8597,3.7174,3.4806,3.511,3.4123,3.4762,2.9421,3.0654,2.6952,2.9985,2.0646,2.4823,1.825,2.4933,1.6006,2.6418,1.9217,1.753,2.2023,2.0564,2.581,2.3711,2.495,2.2202,2.4095,1.9566,2.4337,2.0116,2.6058,2.336,3.0791,2.819,3.6666,3.4333,3.8015,3.6077,3.927,3.7797,3.697,3.7081,3.5393,3.6569,3.2641,3.3748,2.678,2.9502,2.3905,2.8134,1.6596,2.2461,1.7756,2.7785
EL65,2.3365,2.2298,2.3873,2.3224,2.4198,2.2989,2.3744,2.1585,2.4364,2.0749,2.9808,2.6694,3.4673,3.3223,3.5793,3.4314,3.7912,3.6607,3.5748,3.5301,3.499,3.5111,3.3262,3.2824,3.0955,3.0655,2.7331,2.7135,2.4433,2.557,2.422,2.8145,1.8414,2.3868,1.2385,2.024,2.1694,2.0563,2.4596,2.3815,2.4266,2.2753,2.405,2.1558,2.2394,1.9556,2.7154,2.4812,3.3542,3.152,3.5554,3.4178,3.6926,3.5735,3.7329,3.6803,3.4807,3.5205,3.4624,3.4409,3.1861,3.1657,2.9337,2.9391,2.3261,2.3918,2.3732,2.7097,1.93,2.4836,1.3886,2.3881,1.9892,1.8722,2.4116,2.2898,2.4977,2.3627,2.4096,2.1185,2.2309,1.9271,2.4805,2.2473,2.974,2.7638,3.478,3.3751,3.63,3.5003,3.7672,3.69,3.6345,3.6162,3.5611,3.5977,3.3605,3.381,3.0474,3.0653,2.6306,2.6786,2.1639,2.4064,1.9456,2.4546,1.6717,2.7695,1.9274,1.8061,2.2332,2.1167,2.5469,2.4145,2.4567,2.1745,2.3345,1.9439,2.384,2.1152,2.7455,2.5536,3.325,3.1932,3.6291,3.491,3.6798,3.6109,3.7934,3.7596,3.5723,3.5965,3.5274,3.5438,3.1615,3.2097,2.8057,2.8933,2.0868,2.2918,1.907,2.3516,1.8677,2.9502,1.8918,1.7579,2.1009,1.9937,2.4819,2.3279,2.4852,2.2533,2.3067,1.9645,2.3738,1.9426,2.6055,2.35,3.0106,2.8475,3.5709,3.4578,3.7232,3.5988,3.8,3.7696,3.7507,3.7575,3.6552,3.7136,3.365,3.4812,2.8971,3.0389,2.4103,2.5763,1.7248,2.1054,1.9973,2.9125
ES11,2.1034,1.9445,2.0852,1.9585,1.9664,1.8436,2.0083,1.8988,2.3549,2.2677,2.8432,2.7855,3.7586,3.6702,4.1563,4.0923,3.9207,3.9269,3.6933,3.7731,3.5466,3.6272,3.1934,3.3127,2.9949,3.1668,2.8082,3.1238,2.0688,2.4781,2.1455,2.8991,1.5657,2.4265,1.1466,2.4447,1.9891,1.8369,2.158,2.0262,2.0389,1.9123,1.9589,1.8462,2.232,2.131,2.5801,2.5315,3.3588,3.289,4.1223,4.0991,4.0028,3.9778,3.8072,3.8833,3.5908,3.6956,3.3359,3.486,2.9821,3.1587,2.9099,3.2123,2.3902,2.8265,1.9016,2.5255,1.6808,2.5826,1.2776,2.6628,1.8581,1.7477,2.1634,2.0091,2.1416,2.0215,2.0281,1.9074,2.0756,1.984,2.3662,2.2977,2.8083,2.7987,3.7383,3.7145,4.1663,4.1567,3.9255,3.9923,3.6889,3.8317,3.5071,3.6747,3.1416,3.3606,2.9204,3.1986,2.6361,3.0922,1.8472,2.3853,1.7219,2.5953,1.4959,3.0014,1.7506,1.6482,2.0696,1.9216,2.2213,2.1028,2.1173,1.9907,2.0532,1.9606,2.2942,2.2284,2.6111,2.6009,3.3821,3.3673,4.1526,4.1907,4.0157,4.0528,3.7975,3.9521,3.5487,3.7408,3.2701,3.5155,2.8864,3.1773,2.7238,3.174,2.1281,2.7057,1.5218,2.2517,1.6264,3.2481,1.5166,1.443,1.9826,1.862,2.2636,2.1156,2.2333,2.1219,2.1622,2.0484,2.1897,2.1268,2.4767,2.447,2.9198,2.9494,3.8279,3.849,4.2222,4.2629,3.9316,4.0689,3.6565,3.8862,3.4349,3.6992,3.0324,3.3602,2.7195,3.1435,2.328,2.9445,1.4837,2.1324,1.7426,3.4152
ES12,1.9163,1.8286,1.914,1.8001,1.7888,1.6811,1.7966,1.7064,2.1178,2.0497,2.7779,2.6705,3.5498,3.4929,4.1293,4.0331,3.9145,3.8716,3.8556,3.9314,3.8758,4.0592,3.6107,3.8658,3.244,3.4977,2.7848,3.2156,1.8784,2.2793,2.0364,2.8043,1.6095,2.6278,1.1399,2.6447,1.788,1.689,2.0022,1.905,1.868,1.7672,1.8079,1.6977,1.9803,1.9228,2.4478,2.3648,3.1478,3.1202,4.0472,3.9545,4.0091,4.0061,3.8486,3.8996,3.8922,4.0553,3.7766,4.0767,3.3173,3.573,3.0034,3.446,2.1827,2.6284,1.7678,2.4557,1.6913,2.6833,1.2645,2.9121,1.6359,1.535,2.0039,1.9152,2.0127,1.8937,1.8959,1.7676,1.889,1.8136,2.1119,2.0664,2.6943,2.6499,3.5163,3.5511,4.174,4.1428,3.9641,3.9881,3.8959,4.0558,3.8899,4.1668,3.5779,3.937,3.161,3.5409,2.6226,3.2054,1.6703,2.2098,1.6065,2.5325,1.4638,3.2426,1.537,1.4483,1.9001,1.7908,2.1024,1.9969,1.9908,1.8637,1.9281,1.829,2.0069,1.9641,2.4394,2.4027,3.1664,3.2136,4.0994,4.0947,4.0778,4.1333,3.903,4.015,3.9038,4.156,3.7386,4.137,3.2162,3.6038,2.8148,3.4263,1.9529,2.5375,1.391,2.2115,1.5835,3.4237,1.3397,1.2706,1.7737,1.6624,2.1285,2.0341,2.1516,2.0025,2.038,1.9255,1.9646,1.9119,2.1894,2.1948,2.7954,2.8252,3.6366,3.7498,4.2766,4.321,4.0236,4.1233,3.9085,4.149,3.8332,4.2191,3.4619,3.9359,2.9417,3.4974,2.304,3.0718,1.3284,1.9765,1.5896,3.4442
ES13,2.4512,2.2464,2.4229,2.2628,2.1279,2.0345,2.0714,1.9098,2.3636,2.2461,2.8965,2.8425,3.9036,3.7651,4.3517,4.203,4.0894,3.9809,3.936,3.9217,3.8063,3.8395,3.3949,3.4767,2.9807,3.1137,2.4219,2.6506,1.6691,1.977,1.7167,2.2783,1.3459,2.1043,0.9644,2.233,2.254,2.0823,2.5136,2.3324,2.266,2.1831,2.0711,1.9283,2.2311,2.0872,2.5763,2.5469,3.442,3.3646,4.3125,4.2007,4.1419,4.0709,4.0076,3.936,3.7998,3.8349,3.6382,3.7017,3.0218,3.1956,2.6414,2.9104,1.9339,2.254,1.5168,1.9968,1.3823,2.1342,1.0786,2.4112,1.9768,1.8845,2.4867,2.3053,2.4497,2.335,2.1825,2.0903,2.1201,1.9768,2.3402,2.2781,2.8458,2.8253,3.8572,3.7984,4.3096,4.2388,4.0417,4.0082,3.8801,3.9494,3.7279,3.8564,3.2949,3.4918,2.8559,3.1015,2.2496,2.594,1.4751,1.8988,1.3452,2.046,1.2238,2.6585,1.819,1.7533,2.3274,2.1578,2.5502,2.4188,2.3512,2.2514,2.1591,2.0262,2.2807,2.159,2.5861,2.6137,3.4473,3.4408,4.2828,4.2745,4.1183,4.115,3.9349,3.9692,3.7047,3.8444,3.5179,3.6956,2.8852,3.1778,2.4396,2.8281,1.6955,2.1459,1.183,1.7862,1.2782,2.7811,1.5843,1.5026,2.1039,2.0157,2.5567,2.3979,2.5391,2.4346,2.3189,2.2244,2.204,2.0801,2.4334,2.4299,2.9511,3.007,3.9192,3.9333,4.3157,4.3205,4.0028,4.0577,3.7924,3.9612,3.6048,3.8255,3.1311,3.4387,2.6236,2.9963,1.9417,2.4384,1.1482,1.6775,1.2891,2.7987
ES21,2.5087,2.3752,2.4479,2.3229,2.1927,2.0734,2.0413,1.9108,2.1666,2.1016,2.7271,2.6618,3.6243,3.4972,4.3082,4.0929,4.1233,3.9621,4.0127,4.013,3.7234,3.8706,3.3014,3.4526,2.999,3.1805,2.6577,2.9626,1.8703,2.1989,1.8053,2.4215,1.3523,2.1087,0.8619,2.0697,2.3945,2.2788,2.5222,2.3746,2.326,2.2006,2.1098,1.9719,2.0792,2.0061,2.4554,2.4267,3.1757,3.1122,4.1196,3.9834,4.1871,4.0226,3.9949,3.9466,3.8082,3.9404,3.485,3.656,2.9724,3.178,2.7885,3.0883,2.1505,2.5245,1.6236,2.165,1.4314,2.1949,1.0016,2.3035,2.19,2.0842,2.5359,2.3911,2.4742,2.3439,2.2707,2.1257,2.1438,2.0485,2.2736,2.2468,2.7393,2.7228,3.5825,3.5296,4.2454,4.1023,4.0598,3.9472,3.9172,3.98,3.6031,3.8095,3.1486,3.373,2.7926,3.0872,2.4108,2.8467,1.6174,2.0645,1.4025,2.1324,1.1729,2.5842,2.0254,1.9202,2.4259,2.3132,2.5314,2.3734,2.4339,2.2531,2.2821,2.1757,2.3103,2.2563,2.6053,2.596,3.2547,3.2232,4.1203,4.0227,4.1365,4.0187,3.898,3.9034,3.6644,3.8595,3.3032,3.541,2.7412,3.0519,2.5032,2.9317,1.8479,2.3429,1.2486,1.8828,1.2757,2.7262,1.7563,1.6532,2.2551,2.1432,2.5827,2.4359,2.5838,2.4151,2.4939,2.3198,2.4123,2.3272,2.4947,2.4712,2.8848,2.8695,3.6495,3.6206,4.2227,4.1337,3.9869,3.9398,3.8021,3.9349,3.4309,3.707,2.9112,3.2426,2.5109,2.9317,2.0698,2.6366,1.2586,1.804,1.3113,2.797
ES22,2.793,2.6147,2.729,2.6076,2.5277,2.3961,2.3792,2.2773,2.507,2.4111,2.9162,2.85,3.8508,3.707,4.4695,4.1558,4.2994,3.9401,4.0021,3.8029,3.5527,3.4244,3.0676,3.0083,2.7242,2.7326,2.4095,2.5303,1.7306,1.9276,1.6126,1.9853,1.2441,1.8304,0.942,2.0412,2.6409,2.4904,2.7839,2.656,2.6494,2.514,2.4587,2.3425,2.4413,2.3222,2.6506,2.6364,3.3668,3.2979,4.2803,4.0562,4.303,3.9986,4.0641,3.8552,3.7128,3.6001,3.2353,3.1757,2.7318,2.7329,2.5229,2.6497,2.0006,2.1812,1.469,1.8256,1.2871,1.8366,1.0414,2.189,2.4411,2.3413,2.8347,2.6474,2.7513,2.6166,2.5999,2.4707,2.5052,2.4199,2.5429,2.4792,2.8558,2.838,3.7494,3.6721,4.3319,4.1113,4.1492,3.8867,3.8545,3.7442,3.4103,3.3625,2.9013,2.9313,2.5318,2.6438,2.1889,2.4284,1.4949,1.7969,1.2537,1.7458,1.1421,2.3251,2.3137,2.21,2.7236,2.5788,2.8101,2.6713,2.7299,2.5787,2.6245,2.5557,2.601,2.4854,2.7661,2.7208,3.3891,3.3905,4.2088,4.026,4.1766,3.9336,3.8875,3.7551,3.5285,3.4822,3.026,3.0557,2.4976,2.5996,2.2585,2.4991,1.6934,1.9982,1.1285,1.5678,1.1755,2.3526,2.0509,1.9442,2.5461,2.4554,2.9191,2.7281,2.8522,2.708,2.8263,2.6748,2.6955,2.5876,2.7257,2.6428,2.9838,2.9636,3.7329,3.7112,4.2331,4.0846,3.9946,3.8106,3.6483,3.6307,3.1902,3.2128,2.6509,2.7785,2.2525,2.479,1.8597,2.217,1.1448,1.5432,1.1723,2.3487
ES23,2.672,2.4773,2.6319,2.5127,2.36,2.2361,2.2655,2.2066,2.5039,2.4581,2.9007,2.902,3.9257,3.6798,4.4881,4.118,4.1977,3.8746,3.8875,3.7953,3.6939,3.5741,3.1821,3.0525,2.7135,2.6354,2.3731,2.5014,1.7681,1.9259,1.727,2.1809,1.3955,1.9673,1.0815,2.1344,2.4789,2.3545,2.6805,2.5113,2.4751,2.3568,2.2798,2.2245,2.352,2.2932,2.6153,2.6738,3.3572,3.2997,4.317,4.1131,4.2457,3.9481,3.9175,3.8587,3.7662,3.6676,3.3865,3.354,2.8048,2.7101,2.5183,2.6143,2.0874,2.2636,1.5131,1.9103,1.4708,2.0734,1.1928,2.3141,2.2891,2.1201,2.6593,2.4755,2.6034,2.5006,2.3869,2.2662,2.2795,2.2706,2.4596,2.4586,2.8518,2.8677,3.8175,3.6864,4.339,4.1313,4.0687,3.8569,3.7864,3.7978,3.5851,3.5724,3.0782,3.0538,2.6231,2.6374,2.2389,2.4758,1.5853,1.8648,1.391,1.9797,1.3656,2.5761,2.1675,2.0075,2.545,2.4069,2.6821,2.5124,2.5039,2.3856,2.368,2.3316,2.3991,2.3922,2.6991,2.7728,3.4537,3.3332,4.2921,4.1587,4.1647,3.9294,3.8224,3.8243,3.657,3.6046,3.2202,3.2817,2.6558,2.6645,2.3122,2.5318,1.8409,2.1261,1.1688,1.6893,1.4151,2.6796,1.889,1.8291,2.4159,2.2303,2.7591,2.5766,2.7038,2.5633,2.531,2.3914,2.4109,2.3483,2.6111,2.6381,3.003,3.0408,3.914,3.7936,4.3065,4.134,3.9903,3.842,3.6865,3.7293,3.4125,3.4734,2.8584,2.9437,2.3774,2.5254,1.9247,2.2955,1.2272,1.633,1.3612,2.6297
ES24,2.4997,2.3586,2.4824,2.3493,2.296,2.1386,2.2442,2.1178,2.5041,2.4072,3.0118,2.8686,3.8623,3.5729,4.3985,3.9605,4.1798,3.8521,3.9879,3.7524,3.6587,3.5278,3.0993,3.0741,2.7115,2.7951,2.4241,2.6065,1.7998,2.0479,1.8722,2.3823,1.528,2.174,1.1836,2.2705,2.3623,2.2391,2.5801,2.406,2.3754,2.2517,2.2679,2.1122,2.3745,2.2836,2.785,2.6846,3.4544,3.2191,4.2624,3.9231,4.2254,3.901,3.9839,3.7915,3.7857,3.6519,3.3475,3.2912,2.7374,2.8205,2.529,2.7234,2.0677,2.3406,1.6247,2.0574,1.5664,2.2133,1.2985,2.4615,2.225,2.1076,2.5256,2.3801,2.5179,2.3756,2.368,2.1921,2.3666,2.2433,2.5562,2.4562,2.9511,2.8494,3.7318,3.5755,4.2796,3.9868,4.0634,3.8685,3.902,3.7707,3.5726,3.5353,2.9951,3.0737,2.5855,2.7808,2.2535,2.5627,1.5897,1.967,1.4931,2.1144,1.4538,2.7297,2.1071,1.998,2.4307,2.3035,2.5943,2.4143,2.4785,2.3122,2.4529,2.2965,2.5597,2.46,2.8645,2.7874,3.4284,3.2852,4.1781,3.967,4.1375,3.9131,3.8718,3.7806,3.6581,3.6109,3.1907,3.2375,2.5698,2.7631,2.3079,2.6281,1.7927,2.2056,1.2668,1.8136,1.5079,2.8259,1.8774,1.7825,2.3531,2.2196,2.6159,2.4671,2.6358,2.4484,2.6132,2.3931,2.6198,2.4537,2.7581,2.6612,3.0818,3.0056,3.7807,3.6829,4.2552,4.019,3.9783,3.8587,3.7636,3.7209,3.3714,3.4362,2.7732,2.963,2.3201,2.6443,1.9146,2.37,1.2332,1.7031,1.4603,2.765
ES30,2.8996,2.7385,2.7585,2.6165,2.4189,2.2999,2.2695,2.1665,2.5264,2.5447,3.182,3.3312,4.1858,4.2692,4.7547,4.7388,4.3279,4.3668,3.874,4.0463,3.2914,3.5676,2.6987,3.0715,2.3959,2.7731,2.0863,2.489,1.4881,1.8467,1.3258,1.8605,0.9584,1.5553,0.6771,1.5988,2.7302,2.5854,2.8403,2.6896,2.5693,2.4442,2.2869,2.1774,2.4217,2.4191,2.8555,2.9874,3.6787,3.8052,4.5258,4.5827,4.4185,4.4822,3.9671,4.1197,3.4672,3.7343,2.8932,3.2565,2.3784,2.7674,2.197,2.6339,1.7534,2.1606,1.2303,1.7183,1.0307,1.6289,0.7825,1.7803,2.5238,2.3867,2.7908,2.636,2.7018,2.5656,2.4425,2.3328,2.4136,2.3969,2.7324,2.8505,3.2102,3.3767,3.9912,4.125,4.4846,4.5616,4.0755,4.2092,3.6579,3.9095,3.0885,3.4312,2.5124,2.9449,2.2011,2.651,1.8909,2.3694,1.2912,1.7193,1.0432,1.6302,0.9079,1.9441,2.3424,2.2149,2.6338,2.4928,2.7457,2.5998,2.578,2.4616,2.5172,2.5035,2.8234,2.943,3.1151,3.2753,3.6711,3.8284,4.324,4.4425,4.1646,4.3043,3.7048,3.9409,3.2053,3.5547,2.6343,3.0629,2.1297,2.587,1.9314,2.4342,1.4787,1.9561,0.9414,1.4589,0.9722,2.0261,2.0094,1.9068,2.4689,2.3414,2.748,2.6013,2.7306,2.6097,2.7326,2.6891,2.9161,3.0146,3.1094,3.2264,3.3006,3.465,3.8842,4.0652,4.261,4.4284,3.8348,4.0652,3.3905,3.7336,2.8128,3.2237,2.2165,2.7221,1.9095,2.4318,1.5673,2.1156,0.977,1.4496,0.9808,2.0605
ES41,2.0804,1.9521,2.122,2.0071,2.0566,1.939,2.1182,2.0104,2.456,2.3265,2.8903,2.7151,3.5208,3.2813,3.8891,3.6564,3.9064,3.7157,4.0089,3.8711,3.9124,3.7293,3.4328,3.2262,3.0084,2.9036,2.6672,2.7565,2.0585,2.3212,2.1684,2.73,1.777,2.5309,1.4605,2.7936,1.9856,1.8407,2.1683,2.0401,2.1129,2.0029,2.0852,1.9885,2.3282,2.1938,2.6486,2.5021,3.1774,2.9874,3.7886,3.6029,3.8718,3.693,3.9746,3.8554,4.0011,3.876,3.697,3.5121,3.0934,2.9462,2.7913,2.8629,2.3642,2.6076,1.9131,2.4004,1.8409,2.5828,1.6115,3.0516,1.8371,1.7193,2.1519,2.0255,2.1834,2.0839,2.1405,2.0205,2.2013,2.0905,2.4115,2.2524,2.7564,2.6253,3.4282,3.2789,3.8605,3.7251,3.926,3.8013,4.0399,3.9731,3.9387,3.8234,3.4368,3.3054,2.9738,2.9627,2.5529,2.7751,1.8772,2.2772,1.7841,2.5126,1.8382,3.4095,1.7271,1.6442,2.0843,1.9435,2.2488,2.1279,2.2098,2.0906,2.2009,2.101,2.3342,2.1639,2.5746,2.4471,3.1377,3.0319,3.8024,3.689,3.8985,3.7897,3.9998,3.9523,4.0134,3.9624,3.6797,3.5799,3.041,2.9941,2.6665,2.87,2.1537,2.5442,1.5697,2.2037,1.9394,3.5834,1.555,1.471,1.9757,1.8577,2.2822,2.1495,2.3082,2.1928,2.3117,2.1617,2.2882,2.1402,2.4598,2.3018,2.8295,2.751,3.5223,3.4394,3.9401,3.8557,3.9685,3.9103,4.0383,4.0523,3.8889,3.8711,3.3402,3.3258,2.795,2.9354,2.2842,2.6764,1.5327,2.0688,1.9132,3.6054
ES42,2.7301,2.5588,2.7561,2.5789,2.5853,2.4411,2.6236,2.4769,2.9852,2.8511,3.3776,3.1831,4.1676,3.7566,4.4276,3.9668,4.1594,3.8497,4.0124,3.7287,3.6031,3.3509,2.775,2.6272,2.361,2.3355,2.0437,2.1656,1.5846,1.8554,1.7196,2.1423,1.4204,1.8955,1.0655,1.8383,2.5123,2.3734,2.8268,2.6403,2.649,2.4839,2.5866,2.4482,2.8305,2.6844,3.0917,2.9597,3.7556,3.4516,4.3522,3.9461,4.1794,3.8572,4.0444,3.8015,3.7915,3.5631,3.1307,2.961,2.4303,2.3695,2.1458,2.2449,1.839,2.089,1.4713,1.876,1.4442,1.9224,1.2026,2.0437,2.3225,2.1953,2.7517,2.5862,2.7531,2.597,2.6374,2.4677,2.6765,2.5099,2.8816,2.7238,3.1973,3.0472,3.9828,3.6867,4.2727,3.9579,4.0597,3.8587,3.9541,3.7568,3.5598,3.3855,2.7262,2.6584,2.2975,2.3599,1.9218,2.1323,1.4116,1.7708,1.3718,1.9012,1.3627,2.2637,2.21,2.0868,2.6067,2.459,2.8397,2.6767,2.7111,2.5204,2.6831,2.5117,2.8163,2.6118,3.023,2.8937,3.6591,3.4341,4.2597,3.9659,4.0894,3.8686,3.9585,3.8071,3.711,3.5644,3.0331,2.9593,2.3287,2.3631,1.9967,2.1955,1.6104,1.9686,1.1567,1.6379,1.4221,2.3601,1.9721,1.8584,2.489,2.352,2.8374,2.6656,2.8306,2.6505,2.788,2.5468,2.7717,2.5046,2.9805,2.7773,3.2812,3.1579,4.0157,3.7798,4.2423,3.9751,3.9851,3.8417,3.8331,3.7252,3.399,3.3336,2.5605,2.603,2.0868,2.2613,1.6437,1.9646,1.0829,1.5219,1.3479,2.3333
ES43,2.4196,2.2504,2.4654,2.3596,2.5217,2.3826,2.6931,2.5672,3.1519,2.9917,3.3076,3.0494,3.5946,3.4249,3.7983,3.5871,3.8878,3.7527,4.0675,3.9393,3.873,3.5974,3.0448,2.8247,2.5919,2.5364,2.3352,2.479,1.732,2.0575,1.9075,2.4797,1.4131,2.0917,0.9498,1.8738,2.2447,2.1268,2.5147,2.3705,2.5049,2.383,2.5979,2.4683,2.9911,2.8298,3.1995,2.9707,3.4159,3.2386,3.7246,3.5676,3.8396,3.6789,3.9878,3.8951,4.0519,3.8235,3.3833,3.1681,2.6889,2.5522,2.356,2.486,1.9977,2.3179,1.6591,2.1727,1.4885,2.1699,1.0728,2.0615,2.1034,2.007,2.4666,2.2977,2.5087,2.4019,2.5637,2.4332,2.7189,2.581,3.0082,2.826,3.1539,2.9494,3.5412,3.4267,3.7855,3.643,3.8949,3.8123,4.0758,4.0056,3.8567,3.6586,3.0058,2.8703,2.5217,2.5516,2.1696,2.4486,1.505,1.9547,1.4788,2.156,1.2623,2.3556,2.0224,1.9034,2.3128,2.1874,2.5759,2.4314,2.5574,2.4478,2.6284,2.4983,2.8344,2.6911,3.0499,2.856,3.3645,3.2613,3.723,3.6344,3.8563,3.764,3.9986,3.9645,4.0349,3.8933,3.3472,3.2226,2.6244,2.5743,2.204,2.4638,1.7514,2.2113,1.2906,1.9018,1.3769,2.54,1.8334,1.7212,2.1988,2.0961,2.5628,2.3823,2.5988,2.4799,2.618,2.4935,2.6321,2.4852,2.8959,2.7849,3.1486,3.0121,3.5912,3.5494,3.8419,3.754,3.9224,3.904,4.066,4.0748,3.8083,3.7037,2.9217,2.8929,2.36,2.5269,1.8862,2.3233,1.1823,1.7146,1.4074,2.6253
ES51,2.8744,2.6809,2.8304,2.6516,2.4806,2.3351,2.3377,2.168,2.5027,2.4291,3.0093,3.0588,4.0922,3.9674,4.7343,4.4123,4.3099,4.0162,3.8827,3.7546,3.3496,3.4062,2.8851,3.0181,2.5963,2.7954,2.2835,2.5456,1.6223,1.8835,1.5579,2.0523,1.1248,1.7457,0.8182,1.7872,2.6645,2.4965,2.9153,2.7173,2.6171,2.4726,2.3805,2.2075,2.4334,2.343,2.7259,2.7894,3.5202,3.5386,4.525,4.3135,4.429,4.1719,3.9665,3.8207,3.4919,3.5233,3.0423,3.1902,2.6005,2.7995,2.4132,2.6929,1.9087,2.2259,1.3864,1.8093,1.1942,1.8138,0.9139,1.9457,2.4253,2.2779,2.8155,2.6336,2.7928,2.6257,2.5216,2.3582,2.471,2.3555,2.71,2.7193,3.0654,3.1324,3.9722,3.8877,4.5311,4.3102,4.1061,3.9361,3.7069,3.674,3.1774,3.3257,2.7151,2.9307,2.3971,2.7001,2.0591,2.4272,1.388,1.7444,1.2014,1.7735,1.0245,2.1072,2.2669,2.149,2.6403,2.476,2.8522,2.6702,2.6847,2.4809,2.6128,2.438,2.8322,2.763,3.0452,3.054,3.6211,3.5835,4.4177,4.2295,4.241,4.0503,3.753,3.6915,3.2642,3.3811,2.7982,3.0312,2.3408,2.6382,2.1116,2.5018,1.5911,2.0056,1.0366,1.5133,1.0725,2.1608,1.9872,1.8899,2.4653,2.3217,2.8265,2.6439,2.868,2.6539,2.8115,2.5983,2.902,2.7876,3.0995,3.0346,3.2628,3.2717,3.9693,3.8847,4.3741,4.2055,3.9067,3.8096,3.4738,3.5222,2.9212,3.1567,2.4304,2.7502,2.0809,2.4912,1.6958,2.1707,1.0347,1.4523,1.0835,2.162
ES52,2.6601,2.4876,2.7397,2.587,2.4714,2.3389,2.3976,2.243,2.6415,2.5493,3.0548,2.9994,4.0615,3.8581,4.5791,4.2432,4.2684,3.9979,3.9706,3.8392,3.4777,3.5047,2.9015,3.0222,2.6474,2.8482,2.4049,2.6492,1.8706,2.1327,1.6129,2.0138,1.0904,1.6181,0.7273,1.4902,2.4679,2.3116,2.8033,2.6457,2.5941,2.4455,2.3966,2.2567,2.5373,2.429,2.805,2.7639,3.5291,3.4413,4.4555,4.1894,4.3339,4.08,4.0435,3.9094,3.6379,3.6426,3.1307,3.2415,2.6403,2.8368,2.4946,2.762,2.0854,2.3822,1.5056,1.8783,1.1719,1.6957,0.8211,1.6349,2.2791,2.1363,2.6964,2.5274,2.75,2.6041,2.5108,2.3724,2.4726,2.3459,2.6592,2.6006,2.9997,2.9862,3.9517,3.8286,4.4408,4.2112,4.1491,3.9777,3.8607,3.8273,3.3687,3.4881,2.7987,3.008,2.5258,2.8039,2.1806,2.5192,1.5603,1.9321,1.1994,1.7071,0.9305,1.7899,2.1431,2.0065,2.5405,2.3791,2.8202,2.6623,2.6403,2.4781,2.5239,2.3991,2.6632,2.5603,2.8776,2.8649,3.5494,3.4981,4.3741,4.1886,4.222,4.0548,3.9114,3.8733,3.4946,3.6059,2.9981,3.2047,2.5136,2.777,2.2361,2.5945,1.7242,2.133,1.0859,1.543,0.9849,1.8737,1.9126,1.7975,2.4078,2.2574,2.7706,2.598,2.8091,2.6475,2.6619,2.5194,2.6615,2.546,2.8433,2.8115,3.136,3.1765,3.9515,3.8973,4.329,4.1884,3.9953,3.9332,3.6875,3.7631,3.1986,3.417,2.632,2.9244,2.265,2.6292,1.7947,2.2341,1.1289,1.571,1.0063,1.8967
ES53,2.7621,2.5551,2.7638,2.5435,2.5131,2.3629,2.3831,2.2476,2.7424,2.7023,3.4998,3.5506,4.575,4.3786,4.9819,4.5145,4.5614,4.1815,4.0632,3.8362,3.4354,3.3749,2.8595,2.914,2.5544,2.5925,2.1816,2.2777,1.5298,1.6694,1.2604,1.577,0.8364,1.2912,0.6305,1.297,2.5852,2.418,2.8405,2.5882,2.5862,2.442,2.4001,2.2538,2.6265,2.5876,3.2287,3.3153,4.1644,4.0879,4.8558,4.4935,4.6962,4.3085,4.1327,3.8953,3.5933,3.5418,2.9825,3.0505,2.5555,2.5944,2.2593,2.3699,1.7177,1.8879,1.1887,1.4822,0.9023,1.3241,0.6658,1.3773,2.4348,2.2918,2.716,2.5312,2.6908,2.501,2.5109,2.349,2.5756,2.5019,3.1491,3.174,3.6952,3.7176,4.4844,4.2787,4.7884,4.3803,4.3403,4.042,3.8216,3.6914,3.1783,3.2109,2.5925,2.7257,2.2612,2.3956,1.8553,2.0577,1.2259,1.4554,0.914,1.2929,0.7197,1.4488,2.3323,2.1958,2.5656,2.4064,2.7369,2.5233,2.5688,2.414,2.6741,2.5555,3.1771,3.1705,3.6233,3.5876,4.1967,4.0595,4.7023,4.3448,4.4785,4.1434,3.8853,3.7293,3.3033,3.3308,2.6782,2.8232,2.2271,2.362,1.8972,2.1019,1.3463,1.6095,0.8346,1.186,0.75,1.4789,2.085,1.9806,2.4471,2.2974,2.6703,2.5193,2.6844,2.5042,2.7863,2.6417,3.0654,3.0395,3.5279,3.4759,3.78,3.7353,4.3545,4.1974,4.5603,4.2374,4.0814,3.8916,3.5437,3.519,2.8758,3.0026,2.2706,2.5041,1.9273,2.1731,1.4935,1.7842,0.8804,1.174,0.7758,1.5132
ES61,2.8537,2.6914,2.9457,2.7854,2.7253,2.5572,2.7169,2.5577,3.0482,2.9035,3.3491,3.2581,4.057,3.9062,4.3321,4.1499,4.1264,4.012,3.9853,3.9597,3.4467,3.4579,2.8192,2.8863,2.4011,2.5231,2.1657,2.3685,1.5683,1.8591,1.412,1.8765,0.9717,1.4959,0.5914,1.2359,2.6488,2.5001,3.0044,2.8342,2.7834,2.6266,2.6679,2.507,2.9243,2.773,3.1234,3.0464,3.6897,3.6137,4.2761,4.1149,4.1513,4.0287,4.0055,3.9789,3.6354,3.6625,3.0614,3.1347,2.4454,2.5577,2.2331,2.4437,1.7833,2.0734,1.3089,1.7439,1.0281,1.5546,0.6721,1.3634,2.4547,2.31,2.8553,2.6905,2.9301,2.7741,2.718,2.547,2.7268,2.5775,2.9835,2.8692,3.239,3.2025,3.9498,3.8643,4.2265,4.115,4.0205,3.9771,3.8755,3.9248,3.3324,3.4201,2.7095,2.8488,2.275,2.4658,1.9507,2.2556,1.308,1.6956,1.0327,1.5553,0.7837,1.5354,2.3151,2.1777,2.6753,2.5198,2.9948,2.8272,2.7927,2.6247,2.7026,2.5386,2.9153,2.7818,3.0969,3.0536,3.6586,3.6325,4.1977,4.1022,4.0517,4.0061,3.884,3.9432,3.5088,3.6191,2.931,3.0885,2.3099,2.4982,2.0061,2.3178,1.4877,1.8818,0.9514,1.4394,0.8379,1.6304,2.0509,1.935,2.5148,2.3658,2.8798,2.7136,2.9584,2.7848,2.7953,2.5967,2.796,2.6411,3.0447,2.9641,3.2945,3.3107,3.9337,3.9132,4.1503,4.1063,3.9092,3.9425,3.7291,3.8705,3.1782,3.3542,2.5425,2.7707,2.0423,2.337,1.6219,2.0352,0.9596,1.4005,0.8739,1.6831
ES62,3.1078,2.9006,3.1683,2.9557,2.8468,2.6987,2.7692,2.5899,2.9795,2.8521,3.3641,3.253,4.5085,4.0748,4.8155,4.2404,4.3564,3.9917,3.9792,3.7693,3.2738,3.2177,2.5845,2.6125,2.2151,2.3494,1.9338,2.1359,1.4905,1.7357,1.3517,1.7143,0.9526,1.4053,0.6203,1.1853,2.9556,2.7484,3.2095,3.0108,2.9681,2.7855,2.7327,2.5988,2.8531,2.7293,3.0749,3.0216,3.942,3.7205,4.7452,4.2136,4.4519,4.0338,4.0763,3.8486,3.4615,3.3933,2.8367,2.8568,2.2471,2.3619,2.0408,2.2538,1.6072,1.8587,1.2708,1.6003,1.0057,1.4544,0.7106,1.3205,2.779,2.6139,3.1065,2.9056,3.1182,2.9105,2.8351,2.6811,2.7802,2.6244,2.9665,2.8812,3.2749,3.2141,4.3411,3.9816,4.6005,4.1259,4.1553,3.8801,3.7973,3.6841,3.1092,3.1318,2.4336,2.5271,2.0545,2.2568,1.7128,1.9927,1.2372,1.5685,1.0062,1.4375,0.8052,1.4698,2.6191,2.4796,2.9635,2.7665,3.1693,2.9711,2.9832,2.7622,2.8676,2.6774,2.9862,2.8115,3.1604,3.0693,3.8711,3.6849,4.5444,4.1219,4.2209,3.9239,3.8557,3.7355,3.257,3.2869,2.65,2.7627,2.0764,2.2594,1.8015,2.0793,1.3115,1.6492,0.9193,1.3154,0.849,1.5372,2.3514,2.2241,2.8327,2.6366,3.1194,2.9272,3.1499,2.8895,3.0574,2.7799,3.0007,2.7131,3.1289,3.0019,3.3333,3.2889,4.208,3.9381,4.3627,4.0252,3.8888,3.7722,3.557,3.5518,2.9004,3.0142,2.2371,2.4169,1.8248,2.1024,1.4052,1.765,0.8994,1.2779,0.8702,1.5481
ES63,3.8527,3.629,3.687,3.5118,3.1011,3.1271,3.0963,3.0892,3.597,3.3579,3.9355,3.6077,4.3261,3.7935,4.332,3.7899,4.003,3.436,3.9521,3.494,3.5639,3.3177,2.9081,2.598,2.1577,1.8879,1.6204,1.6795,1.2085,1.4641,1.0013,1.2961,0.5717,0.9954,0.3361,0.6747,3.6471,3.4366,3.7807,3.7086,3.3763,3.2568,3.0629,3.1173,3.2663,3.3337,3.6932,3.4543,4.0042,3.5974,4.2821,3.828,4.0657,3.5099,3.8268,3.3065,3.679,3.4839,3.1563,2.811,2.293,2.0541,1.6485,1.6592,1.2252,1.4924,0.9366,1.2547,0.596,1.0336,0.369,0.7533,3.3835,3.0635,3.7854,3.6132,3.6436,3.5077,3.1116,3.1772,3.1573,3.312,3.4233,3.2651,3.5991,3.4338,4.0608,3.5909,4.1194,3.6307,3.844,3.3342,3.7128,3.3436,3.3167,3.1819,2.556,2.406,1.7849,1.6782,1.3044,1.5048,0.9059,1.254,0.6504,1.002,0.4196,0.9223,2.9869,2.8319,3.6058,3.3384,3.6567,3.665,3.31,3.2839,3.1479,3.3135,3.3431,3.2342,3.5041,3.3135,3.7739,3.5135,4.039,3.6449,3.8709,3.4141,3.6413,3.2248,3.5005,3.3384,2.8165,2.6757,1.9656,1.8674,1.3798,1.4781,0.9538,1.2911,0.6308,0.9846,0.4521,1.0083,2.4322,2.3877,3.3172,3.0258,3.6519,3.5111,3.5785,3.5135,3.4424,3.4653,3.3172,3.2341,3.322,3.2305,3.4785,3.3533,3.8831,3.5616,3.8735,3.5652,3.6977,3.3329,3.5977,3.2859,3.0824,3.0511,2.1842,2.2576,1.4581,1.5087,1.0235,1.2691,0.6285,0.9633,0.478,1.0367
ES64,4.6051,4.2202,3.833,3.6393,3.5772,3.3334,3.5127,3.1852,3.6561,3.3621,3.925,3.6919,4.2023,3.8832,4.0039,3.564,3.8354,3.3728,3.8103,3.3477,3.6047,3.0692,2.9736,2.4274,1.9637,1.7151,1.3852,1.4306,1.0207,1.2466,0.8546,1.2454,0.5331,0.888,0.3239,0.7577,4.676,4.2595,4.0302,3.6843,3.6431,3.4526,3.4608,3.1632,3.6408,3.422,3.5584,3.4737,3.8714,3.7549,3.8949,3.649,3.6502,3.3643,3.6667,3.3432,3.5984,3.075,3.2055,2.6915,2.1751,1.8833,1.4328,1.3999,1.0811,1.2834,0.8046,1.1575,0.507,0.8764,0.3423,0.827,4.3504,4.01,4.2575,3.9101,3.593,3.4385,3.4943,3.3165,3.5291,3.3003,3.3932,3.3897,3.5036,3.4687,3.7916,3.6488,3.6151,3.3107,3.5431,3.2108,3.5268,3.2224,3.3328,2.9262,2.5928,2.2478,1.6368,1.5311,1.092,1.2476,0.7783,1.0525,0.546,0.9235,0.3741,0.8945,3.8795,3.66,4.2018,3.9419,3.7408,3.4913,3.5468,3.333,3.5849,3.2984,3.5456,3.3249,3.2787,3.3515,3.5976,3.5779,3.6334,3.4855,3.3758,3.1759,3.4705,3.2302,3.3584,2.9333,2.8871,2.537,1.8196,1.7457,1.1437,1.2119,0.848,1.0964,0.5407,0.8861,0.3708,0.8954,3.0576,2.8844,3.8202,3.6635,3.9301,3.7021,3.4903,3.3921,3.8108,3.5289,3.6178,3.3278,3.2447,3.3383,3.3851,3.3874,3.5629,3.598,3.4389,3.2494,3.3476,3.2061,3.364,3.1406,3.0412,2.8096,2.2364,2.0879,1.3346,1.3896,0.8644,1.0773,0.5287,0.8328,0.4106,0.8983
ES70,2.3152,2.1824,2.6561,2.507,2.6218,2.4665,2.4946,2.4387,2.9022,2.8264,3.3063,3.4004,4.1771,4.1706,4.7264,4.4916,4.7609,4.4927,4.416,4.2322,3.6319,3.5783,2.9592,2.9661,2.5118,2.5385,2.1584,2.2871,1.601,1.7728,1.3095,1.6398,0.8116,1.1916,0.4961,0.9614,2.1193,2.0024,2.589,2.4426,2.6441,2.4884,2.5048,2.454,2.7687,2.6807,3.1654,3.2373,3.804,3.8561,4.5105,4.345,4.8109,4.5604,4.4714,4.3174,3.9663,3.8894,3.1326,3.1152,2.585,2.6612,2.2053,2.3424,1.7838,1.9564,1.2287,1.5255,0.8989,1.2998,0.5607,1.0762,1.9867,1.8999,2.3606,2.2305,2.6432,2.4989,2.631,2.4717,2.6461,2.6429,3.0955,3.087,3.3499,3.4276,4.1007,4.0903,4.6072,4.415,4.6149,4.4266,4.2635,4.176,3.4629,3.4892,2.7726,2.8601,2.3124,2.4222,1.8789,2.0979,1.2813,1.5535,0.9342,1.3381,0.6688,1.262,1.8851,1.7903,2.199,2.0851,2.5883,2.4481,2.6679,2.5043,2.6871,2.6976,3.0485,3.0236,3.2924,3.3364,3.7971,3.826,4.4056,4.2714,4.6665,4.4934,4.3003,4.2468,3.7755,3.8045,2.9257,2.9981,2.369,2.5292,1.9213,2.139,1.4166,1.6937,0.8508,1.2195,0.7267,1.3695,1.5995,1.5058,2.0603,1.9703,2.4013,2.2802,2.7379,2.5297,2.8143,2.739,2.9072,2.964,3.2327,3.2234,3.4008,3.4703,4.056,4.0639,4.4802,4.3726,4.4663,4.3836,4.0877,4.1133,3.2756,3.3972,2.5613,2.7544,2.0492,2.2621,1.5419,1.8527,0.9195,1.26,0.7854,1.4804
FI19,2.8837,2.7829,2.8042,2.6798,2.7238,2.5856,3.0091,2.8717,3.305,3.0778,3.2505,2.9765,3.1774,2.9275,3.0119,2.8048,2.9784,2.8183,3.3256,3.1941,3.3359,3.2869,3.4485,3.4601,3.6344,3.658,3.0336,3.2279,2.0843,2.4246,1.5731,2.0934,1.1115,1.8339,0.7305,1.8745,2.8194,2.7098,2.8662,2.7361,2.7323,2.5969,2.8619,2.7194,3.2936,3.0729,3.1774,2.9242,3.2792,3.0072,3.1183,2.901,2.8464,2.6896,3.1942,3.0539,3.3366,3.2693,3.3194,3.3345,3.4418,3.4985,3.4584,3.642,2.1157,2.41,1.6935,2.209,1.1226,1.7526,0.8148,1.9816,2.579,2.4776,2.8952,2.7982,2.8173,2.6853,2.7734,2.6066,3.206,2.931,3.2623,2.9583,3.1844,2.9512,3.17,2.9358,2.9905,2.808,2.941,2.8039,3.2552,3.1587,3.2364,3.2314,3.2901,3.395,3.3957,3.5499,2.7346,3.0565,1.767,2.2156,1.1888,1.762,0.9235,2.0645,2.3571,2.2486,2.849,2.737,2.8878,2.756,2.7831,2.6289,3.0935,2.8426,3.2699,2.9482,3.1345,2.8965,3.2611,3.0278,3.1104,2.9107,2.8259,2.6886,3.1508,3.0409,3.2562,3.2374,3.2004,3.286,3.2474,3.4167,3.1439,3.4817,1.8161,2.2162,1.3013,1.8848,0.9743,2.0886,2.1407,2.0296,2.622,2.5178,2.9274,2.8273,2.8762,2.7408,3.0327,2.7861,3.2387,2.8931,3.2803,3.0099,3.23,3.017,3.1991,2.9838,2.9915,2.8196,2.903,2.8029,3.1821,3.1413,3.1223,3.1873,3.1081,3.3097,3.0995,3.3869,2.3582,2.8165,1.3506,1.8815,1.0612,2.1253
FI1B,3.037,2.8957,2.8764,2.7644,2.7058,2.596,2.9359,2.8656,3.2535,3.3414,3.5753,3.6558,3.8673,3.7634,3.6681,3.5344,3.4245,3.3642,3.6991,3.7363,3.2972,3.4158,3.0025,3.3158,2.904,3.3582,2.5183,2.9803,1.5583,1.9982,1.0485,1.5089,0.688,1.228,0.4197,1.198,2.9905,2.8251,2.9282,2.8115,2.7084,2.6136,2.7622,2.6943,3.2219,3.3299,3.5708,3.6573,3.8921,3.8005,3.8063,3.6319,3.3103,3.2245,3.5494,3.585,3.4183,3.5099,2.9903,3.2115,2.7002,3.1478,2.7264,3.2568,1.659,2.0793,1.1429,1.6259,0.7045,1.201,0.4714,1.2411,2.8063,2.6398,2.9746,2.8312,2.8049,2.6975,2.6635,2.579,3.0174,3.1075,3.7589,3.8229,3.8299,3.7327,3.8198,3.6313,3.5365,3.3696,3.2518,3.2077,3.437,3.5191,3.0178,3.1892,2.657,3.0166,2.4878,2.9955,2.1243,2.6603,1.2531,1.7305,0.7584,1.2093,0.542,1.319,2.6093,2.4715,2.9489,2.7841,2.8626,2.7528,2.6692,2.6019,2.8693,2.9092,3.762,3.8373,3.9009,3.7729,3.876,3.6958,3.6628,3.4746,3.1398,3.0704,3.3191,3.3736,3.1348,3.2736,2.6732,2.928,2.3262,2.8253,2.318,2.9174,1.3405,1.8102,0.8411,1.3191,0.5845,1.3444,2.4525,2.3442,2.7627,2.6179,2.9343,2.7927,2.7721,2.7013,2.7154,2.7283,3.5609,3.6278,4.1191,3.9779,3.8978,3.6775,3.7463,3.5164,3.3931,3.2331,3.0594,3.0359,3.1804,3.2758,2.7187,2.9279,2.3005,2.7002,2.1186,2.6935,1.7265,2.3155,0.9239,1.406,0.6493,1.3965
FI1C,2.5808,2.4516,2.5965,2.4981,2.6563,2.5555,2.9636,2.8534,3.0018,2.8171,2.9256,2.7361,2.9624,2.8334,2.9423,2.8179,3.0443,2.9571,3.5011,3.4058,3.4573,3.4155,3.5538,3.6606,3.789,3.9741,3.269,3.5049,2.1799,2.6028,1.6019,2.1845,1.111,1.9452,0.7214,1.9284,2.5154,2.399,2.6115,2.513,2.6397,2.5219,2.8345,2.7219,3.0144,2.8172,2.8629,2.6772,3.0257,2.8561,3.0151,2.9151,2.8807,2.7686,3.3675,3.2914,3.4832,3.4442,3.4707,3.5115,3.5737,3.8114,3.7089,3.9631,2.2402,2.6366,1.7513,2.3201,1.126,1.8554,0.8041,2.0511,2.3041,2.2028,2.6325,2.5071,2.6455,2.5467,2.7132,2.5558,2.9308,2.6947,2.9952,2.7415,2.96,2.756,3.0115,2.8831,2.9836,2.8742,3.0521,2.9865,3.4729,3.4137,3.3998,3.4136,3.4338,3.6376,3.5678,3.9082,2.9787,3.358,1.8502,2.4029,1.2181,1.8489,0.9281,2.1909,2.1018,2.0028,2.5831,2.4669,2.6808,2.5723,2.6956,2.524,2.8301,2.5808,3.0056,2.7303,2.9074,2.6921,3.0819,2.9133,3.069,2.9826,2.8996,2.8107,3.3671,3.3158,3.4567,3.473,3.3861,3.5276,3.4057,3.7719,3.3978,3.8232,1.9394,2.4502,1.3507,1.999,0.9822,2.2228,1.9494,1.8362,2.3905,2.2862,2.711,2.5762,2.7243,2.5746,2.7508,2.4528,2.9066,2.6251,3.097,2.8282,3.0751,2.8571,3.0884,2.9745,3.0314,2.9347,3.0747,3.0178,3.4554,3.456,3.3523,3.4367,3.2996,3.6206,3.2811,3.7756,2.5823,3.1316,1.4352,2.0603,1.0851,2.2656
FI1D,2.8811,2.7763,2.8647,2.7289,2.8596,2.7105,3.1495,3.0053,3.2152,2.9257,3.0698,2.73,2.9248,2.6552,2.7438,2.5331,2.7602,2.6308,3.3454,3.2041,3.6451,3.5467,3.9189,3.7536,3.9197,3.7267,3.0029,3.0785,2.1251,2.4521,1.625,2.133,1.1297,1.8438,0.6917,1.6934,2.8237,2.7221,2.8996,2.7785,2.8485,2.6914,2.9985,2.8445,3.2222,2.9361,2.9894,2.6743,3.0383,2.7596,2.8594,2.6464,2.6053,2.4803,3.124,2.9789,3.5564,3.4471,3.7657,3.6757,3.8546,3.6837,3.5097,3.5452,2.1172,2.3847,1.7528,2.2451,1.1434,1.7738,0.7901,1.8337,2.5527,2.4722,2.932,2.8208,2.9001,2.7607,2.914,2.7005,3.0361,2.7906,3.0473,2.745,3.0365,2.7358,2.94,2.7004,2.7567,2.5737,2.758,2.6501,3.3176,3.2075,3.586,3.5395,3.8071,3.7254,3.7053,3.6485,2.7307,2.9482,1.8082,2.2476,1.2178,1.8027,0.9136,1.9712,2.2978,2.2327,2.8952,2.7893,2.9606,2.8351,2.8922,2.699,2.9193,2.6358,3.0551,2.7319,2.9437,2.6712,3.0741,2.8211,2.8919,2.7018,2.6356,2.5171,3.122,3.0116,3.5348,3.4642,3.6934,3.6787,3.6887,3.637,3.2244,3.4308,1.8271,2.212,1.3401,1.9205,0.9914,2.0228,2.1049,2.0359,2.6493,2.556,3.0046,2.8937,2.9607,2.7834,2.843,2.561,2.9401,2.622,3.0914,2.7996,3.1326,2.8481,3.0142,2.7925,2.8039,2.6378,2.7834,2.6967,3.3104,3.2397,3.5163,3.5486,3.6482,3.6866,3.3962,3.5174,2.3651,2.7466,1.388,1.9143,1.0748,2.0931
FI20,2.6701,2.5929,2.8911,2.6631,2.9262,2.6245,2.9262,2.9543,3.0139,2.4946,2.7718,2.6069,3.1718,2.835,3.249,3.0911,3.3367,3.3648,3.6455,3.8034,3.3823,3.456,3.4034,3.6911,3.4069,3.6385,3.3297,3.228,2.2982,2.1052,1.5122,1.8245,1.0666,1.3263,0.8421,1.8561,2.6387,2.6352,2.9223,2.6456,2.8669,2.5315,2.9949,2.8462,2.8323,2.4173,3.0122,2.6006,3.0848,2.9188,3.1713,2.9568,3.2854,3.2508,3.6692,3.7557,3.3373,3.4548,3.154,3.524,3.3891,3.7038,3.4998,3.4756,2.5522,2.2894,1.5355,1.8917,1.1067,1.3626,0.9061,1.781,2.6891,2.5535,2.8146,2.7366,2.9265,2.6993,2.8248,2.4958,2.4043,2.1601,3.3029,2.801,2.9638,2.9163,3.3029,2.9909,3.1876,3.13,3.3504,3.3538,3.5606,3.7641,3.2521,3.3843,3.2181,3.5098,3.1096,3.4386,2.9536,2.9876,1.9533,1.899,1.1564,1.5328,0.9461,1.7295,2.6168,2.4495,2.8945,2.8811,2.9748,2.7205,2.754,2.4695,2.4127,1.9375,2.8912,2.7473,3.2124,3.005,3.2492,3.1455,3.1254,3.0351,3.2459,3.276,3.5872,3.6675,3.2292,3.4299,2.9514,3.3831,3.092,3.4165,3.1355,3.2191,2.2186,2.0914,1.1411,1.5727,1.0574,1.7635,2.3617,2.3716,2.8624,2.8295,2.9382,2.8459,2.8163,2.6187,2.2794,1.703,2.3914,2.3354,3.4224,3.0502,3.1259,3.1391,3.3137,3.149,3.1885,3.1885,3.2445,3.3433,3.4948,3.6958,3.0996,3.3433,3.0304,3.3697,2.8822,3.2445,2.5495,2.6351,1.4856,1.6503,1.1331,1.8677
FR10,3.5666,3.4122,3.3584,3.2218,3.2081,3.0666,3.044,2.9868,3.369,3.5255,3.5329,3.8287,3.611,3.84,3.6046,3.6456,3.5801,3.6478,3.4037,3.5606,3.1234,3.335,2.7817,3.0289,2.5305,2.7909,1.8963,2.0958,1.2826,1.5295,1.0448,1.4552,0.7822,1.2778,0.6031,1.4283,3.4967,3.3624,3.3984,3.2602,3.2253,3.1008,3.0579,2.9835,3.242,3.3882,3.5269,3.8341,3.5479,3.8129,3.483,3.5835,3.5968,3.6364,3.332,3.4819,3.1831,3.3829,2.8027,3.0681,2.446,2.724,2.097,2.3554,1.3458,1.5693,1.0608,1.4089,0.7912,1.2699,0.6604,1.4836,3.3782,3.2532,3.3781,3.2495,3.2388,3.1165,3.1628,3.0604,3.1378,3.2806,3.5394,3.7908,3.4455,3.7722,3.4565,3.6577,3.4062,3.4605,3.3721,3.4628,3.1858,3.3612,2.8635,3.101,2.3899,2.6909,2.1112,2.4374,1.6069,1.8781,1.0637,1.3661,0.8001,1.2117,0.7231,1.5901,3.2266,3.088,3.3566,3.2194,3.2764,3.1366,3.1829,3.0816,3.1109,3.1886,3.3947,3.621,3.4946,3.8026,3.4126,3.6623,3.3183,3.4117,3.4178,3.4571,3.1278,3.2943,2.9581,3.1771,2.4636,2.7572,2.0648,2.4174,1.7921,2.1274,1.1242,1.4047,0.8229,1.1981,0.7617,1.6484,2.9811,2.8686,3.1443,2.9886,3.309,3.1671,3.2275,3.1047,3.354,3.4474,3.3614,3.5237,3.5319,3.7422,3.3813,3.6422,3.3423,3.5276,3.2621,3.3009,3.1855,3.281,2.9776,3.1512,2.5326,2.779,2.0242,2.3848,1.8077,2.2141,1.3476,1.6752,0.827,1.1464,0.8045,1.6535
FRB0,3.0103,2.8927,3.1348,3.0012,3.1659,3.0323,2.9405,2.7397,2.709,2.6269,2.6539,2.7123,2.8331,2.9074,2.9948,3.0351,3.411,3.4383,3.3885,3.4604,3.3019,3.3901,3.2754,3.4071,3.3116,3.5114,2.571,2.7883,1.8233,2.1194,1.6794,2.1775,1.2902,1.9608,1.0622,2.2421,2.9032,2.8134,3.1552,3.0106,3.1785,3.0752,3.0027,2.8237,2.5977,2.4737,2.6278,2.6998,2.7917,2.9172,2.8114,2.863,3.3729,3.3861,3.3606,3.4215,3.3067,3.3901,3.24,3.3983,3.2169,3.4325,2.9583,3.1903,1.8491,2.1174,1.6747,2.1003,1.3233,1.9839,1.1475,2.3847,2.7343,2.6445,3.1251,3.0011,3.2,3.041,3.0729,2.8807,2.4725,2.3448,2.5678,2.5931,2.7134,2.8581,2.8818,2.9943,3.0108,3.0449,3.3886,3.4372,3.3366,3.4152,3.2272,3.3503,3.1388,3.3707,3.1238,3.4188,2.3434,2.6712,1.5634,1.9473,1.3361,1.903,1.2555,2.5919,2.6346,2.5121,3.0436,2.9492,3.2317,3.0355,3.1249,2.9438,2.5883,2.4313,2.47,2.458,2.7057,2.833,2.8789,3.0063,2.8517,2.9127,3.336,3.381,3.3059,3.3939,3.237,3.3582,3.1191,3.3679,3.0262,3.3504,2.7114,3.0792,1.6131,1.9721,1.3308,1.8489,1.3052,2.6524,2.563,2.4001,2.9138,2.7716,3.1971,3.0719,3.1717,2.8911,2.6702,2.4803,2.4913,2.4568,2.6991,2.7937,2.8307,2.9683,2.9492,3.0587,3.0056,3.0626,3.3396,3.436,3.2822,3.4044,3.1029,3.3275,2.9338,3.288,2.8429,3.2729,2.0268,2.4674,1.2303,1.697,1.3225,2.5791
FRC1,2.7369,2.6231,2.9262,2.7834,3.0461,2.8778,2.9018,2.6743,2.6783,2.5613,2.6203,2.6265,2.7381,2.7909,2.8686,2.8872,3.318,3.3359,3.3899,3.4,3.3729,3.4676,3.3998,3.5591,3.5501,3.7171,2.7531,2.9513,1.9718,2.2809,1.742,2.3467,1.3433,2.1591,1.1058,2.4949,2.6599,2.532,2.9093,2.7702,3.0333,2.8884,2.9779,2.753,2.5667,2.4113,2.5777,2.6287,2.7424,2.7644,2.6799,2.7398,3.2401,3.2708,3.3114,3.3577,3.3837,3.4511,3.3513,3.5276,3.4667,3.6249,3.1963,3.4408,2.013,2.2964,1.7647,2.2751,1.3679,2.1523,1.2029,2.6705,2.4857,2.4107,2.8871,2.7115,2.979,2.8561,3.0541,2.803,2.4935,2.3649,2.5233,2.4542,2.6233,2.6799,2.7879,2.8532,2.8863,2.9611,3.2973,3.3554,3.3371,3.4137,3.3296,3.5009,3.3613,3.5767,3.3938,3.6792,2.5592,2.8646,1.724,2.1444,1.3962,2.062,1.2981,2.8917,2.3833,2.3077,2.8127,2.6728,2.9749,2.8264,3.0794,2.8652,2.6121,2.3956,2.4435,2.3438,2.625,2.6676,2.8127,2.8686,2.7206,2.7914,3.2447,3.3056,3.297,3.3884,3.3327,3.486,3.3214,3.5555,3.3094,3.6034,2.9521,3.3319,1.7747,2.1469,1.4144,2.0178,1.3506,2.9644,2.3397,2.2156,2.6902,2.5862,2.9576,2.7712,3.0126,2.7661,2.7255,2.4538,2.4672,2.3742,2.6413,2.6176,2.7664,2.8235,2.8842,2.9402,2.9427,2.9828,3.3099,3.388,3.3683,3.4696,3.309,3.5346,3.2123,3.5254,3.1031,3.564,2.2166,2.6573,1.3399,1.8549,1.3403,2.8478
FRC2,3.1195,2.9427,3.2498,3.041,3.2031,3.0347,3.001,2.8624,3.0085,2.7451,2.9498,2.8638,3.0918,3.0191,3.0772,3.0567,3.4884,3.4396,3.4732,3.394,3.2849,3.3606,3.155,3.3269,3.2337,3.3202,2.4895,2.6625,1.7696,2.0176,1.5363,2.0089,1.1528,1.8106,0.864,1.9455,2.9971,2.8481,3.25,3.0398,3.2406,3.0568,3.1103,2.8914,2.8369,2.5621,2.8589,2.8188,3.0331,3.027,2.9547,2.9373,3.3759,3.3625,3.4531,3.3489,3.3168,3.3608,3.1806,3.3664,3.0885,3.2853,2.8893,3.0353,1.8185,2.05,1.5624,1.9908,1.184,1.817,0.9588,2.0921,2.7762,2.6499,3.1395,3.0041,3.2638,3.0727,3.2261,2.9209,2.7181,2.4541,2.7532,2.6575,2.8649,2.9069,3.0843,3.0998,3.036,3.0535,3.4178,3.3893,3.3975,3.3844,3.1772,3.3414,3.0354,3.2901,3.0123,3.2164,2.2981,2.5562,1.5461,1.893,1.2172,1.7616,1.086,2.2986,2.6546,2.5675,3.0706,2.9565,3.2793,3.0751,3.2455,2.9618,2.8442,2.5031,2.6436,2.5496,2.8209,2.884,3.0514,3.0854,2.9211,2.9402,3.3515,3.3671,3.393,3.3354,3.2035,3.3621,3.0731,3.2706,2.8905,3.1841,2.637,2.9239,1.5881,1.8936,1.237,1.7384,1.1404,2.3562,2.465,2.3912,2.9762,2.8445,3.255,3.0725,3.2743,2.9668,2.9154,2.5122,2.6645,2.5458,2.8263,2.8131,2.9504,3.0132,3.1112,3.138,3.0311,3.0607,3.3871,3.3712,3.3248,3.3509,3.0908,3.2842,2.8169,3.1879,2.7246,3.0596,1.9597,2.3332,1.2095,1.6114,1.1508,2.3098
FRD1,2.8527,2.7247,3.0813,2.9019,3.1901,3.0738,3.0841,2.8964,2.7323,2.6331,2.6511,2.6405,2.7868,2.7954,2.8544,2.9005,3.2848,3.2691,3.3708,3.4013,3.3755,3.4558,3.4204,3.4911,3.4384,3.6218,2.5596,2.8052,1.7803,2.189,1.7116,2.3185,1.2989,2.1265,0.9843,2.2979,2.7243,2.6183,3.0617,2.9063,3.2027,3.0196,3.0959,2.9437,2.6901,2.5065,2.6044,2.571,2.7418,2.7987,2.7045,2.7456,3.2205,3.2463,3.2749,3.3199,3.3867,3.4411,3.3691,3.4795,3.381,3.5584,3.0745,3.3339,1.7939,2.1319,1.6958,2.2871,1.339,2.134,1.0963,2.5011,2.4856,2.3844,2.9745,2.8468,3.1437,2.9526,3.1267,2.9469,2.653,2.4917,2.5228,2.4893,2.6351,2.6699,2.8338,2.8742,2.8825,2.9309,3.2688,3.2758,3.322,3.4001,3.3283,3.463,3.3592,3.5658,3.3081,3.6129,2.3738,2.7706,1.5769,2.0544,1.3687,2.0683,1.2435,2.795,2.4634,2.363,2.9004,2.7469,3.1087,2.9486,3.2082,2.9123,2.6629,2.5361,2.4783,2.4061,2.656,2.6772,2.8317,2.899,2.7607,2.7971,3.2171,3.2373,3.2266,3.3124,3.3444,3.4657,3.3263,3.557,3.2472,3.5725,2.8376,3.2575,1.5687,2.0092,1.3574,2.0191,1.2824,2.8053,2.3861,2.244,2.7025,2.5937,3.0677,2.9009,3.1548,2.8495,2.7205,2.5456,2.5448,2.4228,2.6543,2.637,2.7699,2.8277,2.9393,2.9607,2.8847,2.9505,3.2387,3.286,3.3118,3.4347,3.3077,3.5171,3.2187,3.5473,3.037,3.5395,2.0888,2.5893,1.22,1.7736,1.3082,2.8247
FRD2,3.2385,3.0787,3.2812,3.1232,3.3214,3.1814,3.1417,3.0045,3.0378,2.9696,2.9491,3.0321,3.0108,3.1083,3.0549,3.0971,3.404,3.4661,3.3463,3.4606,3.291,3.4685,3.2129,3.418,3.1055,3.3521,2.3232,2.5392,1.5246,1.8964,1.3606,1.9286,0.997,1.699,0.7594,1.8167,3.1395,3.0125,3.3262,3.1488,3.3504,3.1833,3.1668,3.0484,2.8689,2.7826,2.915,3.0035,3.0152,3.16,2.9182,2.9559,3.3606,3.4075,3.292,3.4051,3.2824,3.4417,3.1798,3.4073,3.0489,3.3296,2.6812,2.9459,1.5973,1.9096,1.3625,1.8894,1.0236,1.708,0.8163,1.9162,2.9229,2.8493,3.3172,3.1532,3.3242,3.1223,3.2729,3.0916,2.7545,2.6744,2.7775,2.8269,2.9415,3.1004,3.0509,3.156,3.0168,3.0859,3.3128,3.4118,3.2622,3.3524,3.1449,3.3706,2.9951,3.3192,2.8558,3.2271,2.0824,2.4175,1.2984,1.7268,1.0486,1.6801,0.9231,2.1328,2.8284,2.7625,3.2242,3.1006,3.315,3.1139,3.3083,3.0841,2.8203,2.7237,2.7039,2.6859,2.9463,3.0797,3.0516,3.2113,2.8876,2.9568,3.2652,3.3526,3.2037,3.2967,3.1584,3.3673,2.9905,3.3042,2.8271,3.2201,2.4003,2.8271,1.3667,1.7426,1.0651,1.6591,0.9638,2.1854,2.6917,2.6054,3.0628,2.9613,3.3208,3.1778,3.2619,3.0307,2.9577,2.7678,2.6405,2.6506,2.9167,2.9722,3.0398,3.1967,3.051,3.1582,2.9677,3.0535,3.2403,3.3316,3.1311,3.3137,2.9972,3.2947,2.7409,3.1866,2.5533,3.0508,1.7675,2.2087,1.0055,1.4817,0.9978,2.2137
FRE1,3.4212,3.2799,3.4422,3.2747,3.4652,3.2861,3.3359,3.1789,3.3437,3.28,3.1784,3.2392,3.2189,3.2914,3.1682,3.2073,3.3613,3.3866,3.2733,3.3433,3.2115,3.3081,3.0238,3.2892,2.8801,3.171,2.0337,2.3502,1.2957,1.6934,1.1602,1.8449,0.8804,1.6559,0.6081,1.6181,3.3569,3.2255,3.4451,3.2909,3.4353,3.2849,3.4467,3.2445,3.2153,3.1201,3.1602,3.2037,3.2031,3.2846,3.038,3.0844,3.3572,3.378,3.1944,3.2601,3.2185,3.3055,3.034,3.2585,2.821,3.1451,2.4265,2.7938,1.2776,1.6256,1.1748,1.7768,0.884,1.6579,0.6597,1.7116,3.1479,3.0068,3.4417,3.2769,3.3846,3.2682,3.4946,3.3004,3.1294,3.0366,3.0069,3.0011,3.0949,3.2133,3.179,3.2593,3.1202,3.1591,3.2496,3.286,3.1597,3.2561,3.0387,3.2075,2.7899,3.1448,2.5967,3.0336,1.7954,2.2207,1.0785,1.5282,0.8699,1.5573,0.7477,1.919,2.9705,2.805,3.3943,3.2349,3.4229,3.2766,3.4805,3.297,3.1582,3.085,2.8803,2.9065,3.0853,3.201,3.1741,3.2711,2.9862,3.0664,3.2882,3.3244,3.098,3.1763,3.0549,3.2101,2.8187,3.1445,2.5799,3.0124,2.1539,2.6569,1.0821,1.4829,0.901,1.5306,0.7889,2.0004,2.734,2.6143,3.1939,3.0591,3.4471,3.2748,3.4618,3.2818,3.2273,3.1513,2.8615,2.9001,3.0108,3.067,3.1469,3.2588,3.1743,3.2532,3.0795,3.1087,3.165,3.2441,3.0483,3.1638,2.8556,3.094,2.5346,3.0033,2.3056,2.8678,1.5152,2.0275,0.8087,1.2956,0.7871,1.9778
FRE2,3.2635,3.1241,3.3658,3.2357,3.4306,3.2922,3.1493,2.9751,2.9978,2.8883,2.946,2.9904,3.0638,3.1146,3.1807,3.2021,3.5296,3.5191,3.491,3.4922,3.3441,3.4194,3.2174,3.3343,3.1505,3.2956,2.2653,2.397,1.4682,1.7527,1.299,1.8187,0.982,1.6136,0.7091,1.6813,3.1936,3.0753,3.3782,3.218,3.4286,3.3017,3.2312,3.05,2.7975,2.7041,2.9282,2.9767,3.0453,3.1244,2.9615,3.0372,3.4895,3.4766,3.4364,3.422,3.3761,3.4318,3.1853,3.3608,3.1113,3.2617,2.655,2.8698,1.5185,1.7544,1.2911,1.7665,0.9965,1.612,0.7632,1.7698,2.9741,2.8765,3.3762,3.2333,3.396,3.2528,3.3051,3.1075,2.7567,2.6247,2.7582,2.8171,2.9528,3.0826,3.0919,3.1704,3.1389,3.2079,3.4377,3.4174,3.3613,3.4047,3.2031,3.3044,2.9853,3.2193,2.8802,3.1283,2.0108,2.2819,1.2394,1.6084,0.9872,1.5501,0.8777,1.98,2.8409,2.7377,3.2921,3.166,3.4128,3.2708,3.3861,3.1952,2.7985,2.6592,2.6499,2.6769,2.9722,3.0637,3.0802,3.1721,2.9848,3.0691,3.4197,3.4022,3.3013,3.3297,3.248,3.3164,2.9625,3.2446,2.8373,3.1032,2.3694,2.6922,1.3004,1.6014,0.9884,1.5229,0.9116,2.0207,2.6973,2.6115,3.1511,3.0303,3.4648,3.273,3.3174,3.0987,2.9231,2.7701,2.6108,2.5637,2.8746,2.9432,3.055,3.1938,3.1424,3.2116,3.1512,3.1594,3.3686,3.3653,3.2594,3.3448,3.0267,3.1901,2.7097,3.0432,2.5575,2.9496,1.7163,2.0795,0.9232,1.3475,0.8957,1.9799
FRF1,3.0113,2.8704,3.0529,2.9158,3.1075,2.9721,3.0688,2.908,3.166,3.1707,3.028,3.1097,3.1538,3.2641,3.1679,3.1893,3.6253,3.6245,3.6902,3.6753,3.4827,3.5602,3.291,3.4185,3.0511,3.1108,2.126,2.224,1.7641,1.9812,1.3929,1.8796,0.9951,1.6611,0.6443,1.6458,2.9363,2.8039,3.0717,2.9245,3.0431,2.9243,3.0373,2.9329,3.0472,3.0464,3.0865,3.1189,3.1203,3.2477,3.0335,3.0819,3.4809,3.5149,3.5935,3.5942,3.5612,3.6012,3.2788,3.4612,3.0822,3.1959,2.4569,2.5653,1.7445,1.9381,1.4368,1.8526,1.0484,1.6522,0.716,1.7689,2.805,2.6525,3.0346,2.8837,3.0156,2.9048,3.098,2.989,2.9062,2.8811,2.9977,3.0189,3.0215,3.1371,3.1142,3.2707,3.0998,3.1706,3.534,3.5526,3.579,3.5989,3.3247,3.444,3.06,3.2872,2.8171,2.9823,1.9086,2.0881,1.5194,1.8201,1.0778,1.6015,0.8554,1.948,2.6841,2.5164,2.9992,2.8448,3.0492,2.9067,3.0505,2.9105,2.9754,2.9004,2.8942,2.9166,3.0346,3.1664,3.1113,3.2929,3.0075,3.0754,3.4157,3.4604,3.5033,3.496,3.3909,3.5,3.0986,3.3188,2.8294,3.0585,2.2209,2.4213,1.4953,1.7659,1.124,1.5952,0.9378,2.0317,2.4674,2.3727,2.8505,2.6623,3.074,2.9384,3.0991,2.9134,2.9799,2.889,2.8818,2.8647,3.0813,3.1407,3.0838,3.2266,3.1437,3.2997,3.097,3.1428,3.4662,3.4968,3.4244,3.497,3.1603,3.3011,2.8019,3.0967,2.4941,2.8078,1.627,1.9021,1.1481,1.5491,0.9864,2.0322
FRF2,3.0532,2.9321,3.1098,2.9873,3.1576,2.9801,3.0555,2.8858,3.1514,2.8805,2.9633,2.9271,2.9825,2.9977,3.016,2.9918,3.3648,3.3807,3.3985,3.4307,3.339,3.4603,3.2682,3.4562,3.2909,3.462,2.4447,2.6245,1.6653,1.999,1.4942,2.0653,1.1108,1.8437,0.828,2.0013,2.9251,2.8483,3.1611,2.9981,3.149,2.9813,3.1469,2.9187,3.0033,2.7526,2.9444,2.9226,2.9701,2.967,2.83,2.8656,3.3107,3.3337,3.3057,3.3686,3.3608,3.4256,3.2317,3.4498,3.164,3.4296,2.9178,3.1114,1.6641,1.9357,1.5062,2.0355,1.15,1.8639,0.9133,2.138,2.7536,2.6719,3.0981,2.9931,3.1706,2.9847,3.2374,2.952,2.865,2.6193,2.8485,2.8036,2.8978,2.9223,2.9523,2.9867,2.9526,3.0236,3.3294,3.3595,3.319,3.3893,3.2615,3.4098,3.0666,3.3858,3.0523,3.3774,2.2234,2.5153,1.4185,1.8412,1.1563,1.8075,1.0081,2.3459,2.656,2.5428,3.046,2.9694,3.192,3.02,3.2577,2.9733,2.9484,2.6685,2.7496,2.6585,2.8943,2.9609,2.9643,3.0004,2.8194,2.8732,3.2458,3.3222,3.2503,3.3221,3.2757,3.3873,3.0747,3.3676,2.9533,3.3425,2.6254,2.9728,1.4285,1.7867,1.1801,1.7776,1.0671,2.4258,2.4891,2.3951,2.9037,2.7652,3.1718,3.0461,3.2259,2.9811,3.0472,2.6808,2.7146,2.6306,2.8424,2.8551,2.9303,3.0294,2.9722,3.0124,2.975,3.0142,3.2623,3.3404,3.24,3.3771,3.1254,3.3241,2.8644,3.291,2.7748,3.2614,1.9162,2.3159,1.1127,1.6061,1.0976,2.4083
FRF3,2.8741,2.7219,2.9937,2.8634,3.0823,2.9053,3.0533,2.8571,3.1993,2.9736,3.0708,2.9677,3.0993,3.1104,3.0706,3.0148,3.4224,3.4093,3.5117,3.5664,3.4866,3.5818,3.3903,3.5558,3.1998,3.3438,2.2692,2.4765,1.7202,2.0781,1.5135,2.0956,1.1264,1.8501,0.7271,1.8176,2.8112,2.6658,2.984,2.8667,3.0585,2.9164,3.0648,2.8438,3.0472,2.8389,3.0498,2.9663,3.1071,3.092,2.9431,2.9029,3.3455,3.3336,3.419,3.4217,3.5171,3.5924,3.3506,3.5546,3.2117,3.3821,2.7219,2.9273,1.661,1.96,1.5653,2.0823,1.146,1.8625,0.8169,1.9703,2.656,2.5311,2.985,2.8229,3.0051,2.867,3.1496,2.9054,2.8892,2.6557,2.8971,2.8056,3.0144,3.0357,3.1142,3.1276,3.025,3.0184,3.3817,3.375,3.4552,3.5026,3.3895,3.5678,3.2061,3.4632,2.997,3.2465,2.0535,2.3397,1.4695,1.903,1.1635,1.7967,0.9649,2.2194,2.5386,2.4101,2.9369,2.7754,3.0122,2.8902,3.1176,2.8846,2.9518,2.678,2.8255,2.7071,2.9906,3.0186,3.1522,3.1595,2.9221,2.929,3.288,3.2881,3.3468,3.3881,3.3964,3.5706,3.2154,3.5012,2.9921,3.2826,2.4568,2.7935,1.4092,1.7863,1.2224,1.8067,1.0275,2.3282,2.4071,2.2927,2.8287,2.6731,3.055,2.8829,3.0936,2.8749,2.9611,2.7084,2.8093,2.6429,2.9802,2.9478,3.0953,3.1343,3.1626,3.1758,3.0435,3.0233,3.311,3.3498,3.3654,3.4868,3.2479,3.4772,2.9626,3.3333,2.673,3.0841,1.739,2.152,1.1069,1.6132,1.0475,2.2577
FRG0,3.2203,3.0668,3.3696,3.2308,3.3339,3.206,3.0961,2.9548,2.9026,2.7414,2.7909,2.783,3.0785,3.0557,3.1719,3.1596,3.4568,3.4107,3.3331,3.364,3.2265,3.3146,3.092,3.2138,3.0949,3.3367,2.337,2.574,1.6398,1.9624,1.535,2.0311,1.1412,1.8111,0.9218,2.0414,3.0967,2.9585,3.3756,3.237,3.4073,3.2591,3.1407,3.0051,2.7846,2.6567,2.7527,2.7636,3.0212,3.043,3.0252,3.0157,3.4457,3.4288,3.3042,3.2932,3.2193,3.2953,3.0761,3.1985,3.0027,3.24,2.7226,2.9949,1.6496,1.9393,1.5144,1.9716,1.176,1.7976,1.0005,2.187,2.8402,2.7109,3.3054,3.1489,3.3771,3.2293,3.287,3.0757,2.7086,2.6084,2.6726,2.6519,2.8642,2.9078,3.1297,3.167,3.1645,3.1621,3.3615,3.3565,3.2162,3.258,3.0815,3.2129,2.9382,3.185,2.9185,3.2281,2.1099,2.4486,1.4113,1.7972,1.2107,1.7662,1.1067,2.3813,2.7211,2.5814,3.1985,3.061,3.3881,3.2202,3.328,3.1369,2.8357,2.6769,2.59,2.5483,2.8415,2.8836,3.0745,3.1497,3.0337,3.0467,3.3813,3.3624,3.1941,3.2042,3.0858,3.2262,2.954,3.184,2.8321,3.1573,2.4787,2.8628,1.4374,1.8023,1.2017,1.7224,1.1625,2.4349,2.613,2.4609,2.9994,2.8402,3.3167,3.1632,3.3532,3.1126,2.9252,2.7249,2.6527,2.6007,2.8749,2.8661,2.9837,3.0503,3.1673,3.2176,3.1538,3.1321,3.2762,3.2838,3.1025,3.1725,2.9386,3.1607,2.7764,3.0796,2.6349,3.0794,1.8169,2.238,1.0998,1.5556,1.1853,2.3913
FRH0,2.9468,2.8333,3.1547,3.0188,3.2163,3.0639,3.0109,2.8412,2.8825,2.6806,2.7176,2.622,2.941,2.9134,3.096,3.0315,3.4619,3.395,3.3785,3.3677,3.3348,3.3671,3.213,3.3128,3.2482,3.4845,2.4863,2.7895,1.7697,2.1464,1.6403,2.2802,1.2154,2.0446,0.8968,2.1968,2.845,2.7117,3.1345,3.0084,3.2479,3.0931,3.1207,2.9057,2.7564,2.5579,2.6586,2.5822,2.8664,2.868,2.91,2.8794,3.4446,3.3735,3.324,3.3281,3.3486,3.3636,3.2301,3.3437,3.1532,3.3999,2.936,3.2575,1.7648,2.1017,1.6453,2.2347,1.2494,2.0404,0.9766,2.3384,2.6223,2.4951,3.0839,2.9448,3.1962,3.0516,3.2001,2.9938,2.6852,2.4709,2.5426,2.4585,2.7123,2.7445,2.9982,3.0092,3.1046,3.0908,3.42,3.3927,3.3215,3.347,3.2509,3.3663,3.1631,3.3707,3.1153,3.4691,2.283,2.6983,1.5179,1.9714,1.2721,1.9783,1.0988,2.5591,2.5227,2.3814,2.9764,2.8316,3.1886,3.0608,3.2294,3.0108,2.781,2.5545,2.486,2.4014,2.6984,2.7279,2.9591,2.9937,2.92,2.9496,3.412,3.3802,3.2731,3.313,3.2591,3.3516,3.1815,3.395,3.0368,3.3758,2.6932,3.1502,1.5283,1.942,1.2943,1.9495,1.1669,2.624,2.4291,2.2977,2.8119,2.6564,3.1414,3.0005,3.156,2.9469,2.8237,2.5837,2.5685,2.4528,2.7212,2.6958,2.8613,2.9157,3.059,3.108,3.1068,3.0821,3.3533,3.3705,3.2469,3.3334,3.1994,3.4169,3.0537,3.3596,2.8347,3.3313,1.9719,2.4845,1.1729,1.6974,1.1875,2.5673
FRI1,2.7129,2.5816,2.8765,2.7432,3.0191,2.8485,2.8557,2.7606,2.796,2.7789,2.6743,2.7102,2.8936,2.9722,3.0389,3.1061,3.4677,3.5597,3.4446,3.5665,3.3127,3.4728,3.2015,3.4493,3.2859,3.6051,2.6253,2.9439,1.8773,2.1656,1.6986,2.1818,1.3158,2.0367,1.0507,2.3703,2.6378,2.5422,2.8923,2.7625,3.0197,2.85,2.9198,2.8115,2.7133,2.6858,2.6896,2.7183,2.8589,2.969,2.914,2.9908,3.4261,3.5102,3.3903,3.4885,3.3176,3.5092,3.184,3.4115,3.1789,3.4956,2.9602,3.3042,1.9317,2.2463,1.6659,2.1021,1.331,1.9758,1.1127,2.4827,2.505,2.4146,2.8785,2.7411,2.9306,2.8245,3.0126,2.8284,2.6101,2.583,2.6074,2.6661,2.742,2.8951,3.0383,3.1641,3.0892,3.1859,3.4009,3.5257,3.3273,3.5058,3.1719,3.4147,3.0716,3.4112,3.1132,3.4962,2.3881,2.7686,1.6042,1.993,1.3141,1.889,1.2286,2.6592,2.4184,2.3147,2.809,2.6551,2.9497,2.8302,2.9964,2.8275,2.6764,2.6143,2.5448,2.5785,2.7618,2.913,2.985,3.1401,2.9729,3.0756,3.3742,3.5114,3.2882,3.4335,3.219,3.4561,3.0739,3.406,3.0242,3.424,2.704,3.1536,1.6874,2.0823,1.2959,1.8329,1.2757,2.6943,2.3228,2.2139,2.6732,2.5467,2.9321,2.7924,2.9282,2.7915,2.7224,2.6025,2.5689,2.5751,2.81,2.94,2.9253,3.0983,3.1161,3.2652,3.1045,3.208,3.3325,3.4942,3.2607,3.4592,3.0786,3.3857,2.9431,3.3328,2.8335,3.3344,2.0619,2.5459,1.2348,1.6963,1.2711,2.5984
FRI2,2.5143,2.41,2.6705,2.536,2.7371,2.6137,2.7239,2.5048,2.671,2.5007,2.4119,2.4013,2.6198,2.5884,2.8008,2.8619,3.2979,3.2561,3.3224,3.4119,3.393,3.4927,3.4778,3.6432,3.705,3.8626,2.8598,3.1148,2.0511,2.4177,1.9868,2.6199,1.6267,2.5257,1.3577,3.0112,2.3888,2.3166,2.7061,2.6157,2.7756,2.5964,2.7508,2.6052,2.5372,2.3731,2.4122,2.4027,2.5647,2.579,2.642,2.6675,3.2126,3.2397,3.308,3.3283,3.3868,3.5168,3.4679,3.6295,3.5955,3.7791,3.3508,3.6124,2.1,2.4186,1.9159,2.5175,1.6524,2.4706,1.3972,3.1665,2.2296,2.1581,2.633,2.5626,2.7424,2.6083,2.9555,2.7564,2.4133,2.3124,2.3099,2.3016,2.3989,2.5038,2.7035,2.7252,2.8626,2.9385,3.3158,3.3187,3.3842,3.448,3.3988,3.5808,3.4649,3.7667,3.6441,3.9052,2.6896,3.0786,1.7941,2.2852,1.5642,2.3258,1.545,3.3747,2.1988,2.095,2.557,2.453,2.7431,2.6561,2.9205,2.6643,2.5641,2.4991,2.2904,2.2138,2.4349,2.4823,2.6797,2.711,2.7022,2.7697,3.2462,3.282,3.3537,3.3662,3.4127,3.5644,3.4459,3.7272,3.508,3.8244,3.1518,3.5604,1.8489,2.304,1.5309,2.2381,1.5911,3.4094,2.1137,1.9965,2.4524,2.3082,2.7361,2.6433,2.8772,2.6496,2.6359,2.4535,2.3647,2.2848,2.5232,2.458,2.6337,2.6895,2.8037,2.8312,2.9435,2.9789,3.3373,3.381,3.3954,3.5442,3.4215,3.6657,3.426,3.766,3.3709,3.7968,2.3767,2.8712,1.4082,2.0033,1.5619,3.2964
FRI3,2.7246,2.5815,2.9086,2.7412,2.9967,2.8594,2.7853,2.6245,2.6634,2.5358,2.5481,2.5276,2.7141,2.7549,2.8533,2.9132,3.3105,3.36,3.3461,3.4414,3.3409,3.4554,3.3753,3.6258,3.515,3.7415,2.8003,3.0641,2.0061,2.2966,1.8778,2.3646,1.4508,2.165,1.2177,2.5132,2.6123,2.4873,2.9208,2.7679,3.0139,2.8737,2.9291,2.729,2.4889,2.3558,2.4892,2.475,2.6716,2.7683,2.6593,2.74,3.2799,3.327,3.288,3.3839,3.3201,3.4375,3.3398,3.57,3.4363,3.7236,3.226,3.4993,2.0677,2.3532,1.8501,2.2994,1.4896,2.1528,1.3009,2.6727,2.3619,2.3174,2.8645,2.7222,3.0033,2.8231,2.9941,2.7968,2.4777,2.3062,2.3772,2.3553,2.5421,2.617,2.7872,2.8939,2.8981,3.0133,3.3222,3.3903,3.2771,3.4343,3.275,3.4825,3.3896,3.7229,3.4236,3.7583,2.6004,2.928,1.759,2.1501,1.5036,2.0777,1.4264,2.9276,2.2714,2.2432,2.781,2.6455,3.0355,2.8392,3.0469,2.8014,2.5796,2.3757,2.3023,2.2679,2.5302,2.5903,2.7655,2.9054,2.7436,2.8425,3.2979,3.3834,3.2478,3.3822,3.287,3.5032,3.325,3.6546,3.37,3.7443,2.9819,3.3701,1.8076,2.1941,1.4823,2.022,1.4573,2.9223,2.1906,2.1029,2.5879,2.4977,2.9814,2.8193,3.0489,2.7214,2.7223,2.4055,2.3278,2.2649,2.5,2.5406,2.7243,2.7732,2.88,2.9983,2.973,3.0847,3.325,3.4151,3.2969,3.506,3.3167,3.5779,3.3246,3.7152,3.1734,3.6567,2.2844,2.7254,1.3806,1.8644,1.4523,2.8406
FRJ1,2.8394,2.7092,2.9446,2.8029,3.0785,2.9133,2.9569,2.8274,2.8655,2.8752,2.6379,2.7381,2.7565,2.9429,2.8388,3.0129,3.3284,3.4877,3.3334,3.5376,3.1561,3.4465,3.0796,3.3527,3.2614,3.5876,2.809,3.1479,2.0056,2.2721,1.7065,2.1629,1.3362,1.9808,1.0354,2.2324,2.7468,2.6437,2.9766,2.8302,3.0421,2.8754,2.9905,2.8478,2.784,2.7575,2.6393,2.7576,2.7376,2.9305,2.7394,2.9139,3.1995,3.3788,3.2874,3.4526,3.2122,3.4532,3.0569,3.3574,3.1901,3.4907,3.0748,3.4817,2.1376,2.4355,1.6743,2.1049,1.3659,1.9662,1.1261,2.3411,2.6307,2.5023,2.9447,2.8265,2.9845,2.8672,3.0377,2.8891,2.6817,2.6218,2.5389,2.63,2.6503,2.8579,2.8544,3.064,2.8826,3.0428,3.2695,3.4446,3.2516,3.4783,3.0646,3.3934,3.063,3.396,3.2133,3.6024,2.5894,3.0091,1.7221,2.0679,1.3064,1.8457,1.2472,2.5283,2.5272,2.4009,2.8616,2.7705,3.0391,2.8859,3.032,2.8687,2.7605,2.6847,2.4785,2.5291,2.638,2.8308,2.8088,3.0391,2.7877,2.9819,3.1793,3.3722,3.2222,3.43,3.1301,3.4331,3.0298,3.4342,3.0999,3.4746,2.8564,3.3399,1.8617,2.2373,1.3088,1.825,1.2868,2.5538,2.4399,2.2751,2.7431,2.5987,3.0263,2.8613,3.0053,2.8898,2.7531,2.7191,2.5011,2.5168,2.635,2.8003,2.7543,2.9691,2.9058,3.1356,2.885,3.0698,3.2407,3.4305,3.2059,3.4774,3.0857,3.4491,3.0042,3.4061,2.9564,3.4387,2.2287,2.7413,1.3313,1.7688,1.2697,2.4813
FRJ2,2.8231,2.6903,2.9061,2.7672,2.9822,2.8307,2.9365,2.7727,2.987,2.8829,2.8558,2.8135,3.0624,3.0282,3.0686,3.0821,3.4172,3.4471,3.4797,3.5441,3.3351,3.4281,3.1791,3.3161,3.168,3.354,2.5242,2.7595,1.8115,2.1046,1.6925,2.1477,1.3681,2.0066,1.1078,2.3193,2.7764,2.6448,2.9495,2.795,2.9724,2.8358,2.9853,2.8249,2.9207,2.8248,2.8534,2.8444,3.0143,3.031,2.9733,2.987,3.3554,3.3817,3.3753,3.4342,3.396,3.4709,3.163,3.3054,3.0738,3.2723,2.8298,3.0775,1.8742,2.1307,1.6384,2.0379,1.3608,1.9658,1.1818,2.4419,2.6105,2.5125,2.9491,2.8012,2.9731,2.8171,3.048,2.8926,2.8842,2.7341,2.8085,2.7749,2.8571,2.9158,3.1112,3.1308,3.0629,3.1044,3.3438,3.4082,3.3849,3.4579,3.2132,3.3561,3.0232,3.2409,2.9618,3.2136,2.2912,2.5926,1.5439,1.9086,1.3207,1.8458,1.2996,2.6059,2.5256,2.4093,2.8669,2.7571,2.99,2.8427,3.0398,2.8308,2.918,2.7796,2.7869,2.7209,2.8748,2.9516,3.0654,3.1249,2.9807,3.0251,3.3196,3.3659,3.2936,3.3738,3.2724,3.4011,3.0246,3.2609,2.9043,3.1653,2.5749,2.9182,1.6089,1.9635,1.2934,1.7856,1.3449,2.6389,2.3683,2.2903,2.7444,2.6357,3.0114,2.8786,3.1027,2.8632,2.9961,2.7507,2.8065,2.7301,2.9462,2.9664,2.9747,3.0653,3.1376,3.2101,3.0695,3.1085,3.2716,3.3585,3.266,3.3916,3.1036,3.2692,2.827,3.1085,2.6778,3.036,1.9523,2.3721,1.212,1.6291,1.3278,2.5407
FRK1,2.6106,2.5482,2.796,2.7286,2.8883,2.7418,2.7482,2.6188,2.8024,2.6713,2.6009,2.5469,2.7444,2.7781,2.9869,2.917,3.3997,3.3745,3.4637,3.4528,3.4573,3.4688,3.4349,3.5889,3.5823,3.6957,2.7765,3.0191,1.9669,2.2903,1.78,2.4222,1.3471,2.2136,1.0633,2.4743,2.5632,2.4768,2.7921,2.7192,2.9246,2.777,2.9124,2.749,2.6725,2.5017,2.5902,2.5265,2.7043,2.7555,2.7479,2.7566,3.3562,3.3367,3.4001,3.3671,3.4334,3.4833,3.4116,3.5422,3.4557,3.6456,3.2023,3.417,2.0114,2.303,1.7851,2.314,1.3612,2.2283,1.1385,2.6378,2.4469,2.3513,2.7584,2.6709,2.9114,2.8242,2.9825,2.8185,2.5961,2.4082,2.5127,2.4674,2.619,2.6454,2.8496,2.8937,3.0304,2.9797,3.3927,3.3909,3.4309,3.4217,3.347,3.4679,3.3417,3.5751,3.3674,3.6123,2.538,2.9226,1.7077,2.1341,1.3788,2.0968,1.2475,2.8606,2.3585,2.2695,2.7236,2.6154,2.9065,2.7981,3.0408,2.9004,2.6819,2.507,2.4354,2.3364,2.6175,2.6201,2.8044,2.8899,2.841,2.8332,3.3855,3.3504,3.3688,3.369,3.3487,3.4574,3.3295,3.547,3.2805,3.59,2.9261,3.2984,1.7377,2.1596,1.3973,2.0299,1.3137,2.931,2.2677,2.154,2.6382,2.5277,2.894,2.7577,2.986,2.8413,2.7699,2.5458,2.4958,2.3546,2.634,2.6379,2.7711,2.8078,2.9292,2.9894,3.0652,3.0381,3.38,3.3962,3.4086,3.4326,3.2921,3.4912,3.2024,3.5234,3.0777,3.4744,2.1837,2.6741,1.3149,1.85,1.321,2.8722
FRK2,3.2784,3.1297,3.3051,3.124,3.2447,3.0886,3.1365,2.9798,3.1418,3.082,3.0337,3.0879,3.1968,3.2677,3.2404,3.235,3.5544,3.554,3.4724,3.5143,3.177,3.282,2.9297,3.1196,2.8441,3.0703,2.322,2.5361,1.6445,1.8954,1.3813,1.8291,1.0389,1.6418,0.8019,1.8192,3.2001,3.0677,3.3222,3.1531,3.2666,3.1126,3.1421,3.0087,3.022,2.9392,3.0211,3.0829,3.1821,3.273,3.1075,3.146,3.4868,3.4758,3.4138,3.4565,3.2449,3.3522,2.9376,3.1116,2.753,3.0097,2.5428,2.8077,1.7307,1.9718,1.3914,1.7708,1.0628,1.6336,0.8691,1.9304,3.0365,2.9138,3.3183,3.1536,3.2744,3.1042,3.2103,3.0558,2.9025,2.8156,2.9435,2.9929,3.0803,3.2089,3.2153,3.3384,3.1855,3.207,3.4237,3.4379,3.3155,3.3724,2.9832,3.1297,2.6905,2.9501,2.5724,2.8898,2.0651,2.3585,1.4026,1.7315,1.0691,1.5687,0.9719,2.1107,2.9295,2.7752,3.2558,3.1052,3.3032,3.1283,3.2398,3.0346,2.9393,2.8257,2.8753,2.8708,3.071,3.2045,3.202,3.3321,3.0591,3.1473,3.3954,3.3947,3.2722,3.3229,3.0736,3.21,2.7276,2.9776,2.5056,2.8379,2.2754,2.6219,1.476,1.8054,1.0959,1.5313,1.0158,2.1623,2.7477,2.6121,3.1057,2.9696,3.3166,3.1443,3.2486,3.0229,2.965,2.85,2.8818,2.8588,3.115,3.1909,3.1783,3.3236,3.2116,3.342,3.1184,3.1278,3.2921,3.3288,3.1663,3.2436,2.7957,2.9717,2.459,2.7908,2.2985,2.7038,1.7576,2.1366,1.0975,1.4868,1.0346,2.1058
FRL0,2.9112,2.7526,2.9004,2.7733,2.995,2.8415,2.9507,2.8055,2.8813,2.8026,2.7214,2.8096,2.8623,3.0099,2.9176,3.0799,3.3303,3.5204,3.3817,3.6425,3.2077,3.4606,3.0282,3.3469,3.0619,3.4156,2.6963,3.0662,2.0171,2.3627,1.69,2.1937,1.2896,1.9677,1.0282,2.2779,2.859,2.7116,2.9396,2.7952,2.9531,2.821,2.9309,2.7753,2.7336,2.6525,2.7425,2.795,2.8571,3.026,2.8156,2.9815,3.2369,3.411,3.2949,3.5424,3.2895,3.5409,3.0713,3.3708,2.9926,3.3506,2.8932,3.3059,2.1513,2.5177,1.6933,2.1493,1.3304,1.9636,1.1058,2.399,2.7769,2.6339,2.9476,2.8074,2.922,2.7903,2.9439,2.7732,2.5787,2.4941,2.6296,2.7213,2.7715,2.9653,2.943,3.1605,2.9376,3.1003,3.2624,3.4705,3.2895,3.5877,3.1099,3.4031,2.9374,3.3181,2.9325,3.3595,2.4685,2.9288,1.7758,2.2074,1.3332,1.9108,1.2389,2.5687,2.6334,2.509,2.9095,2.7532,2.9478,2.8059,2.9415,2.7559,2.6363,2.5387,2.5252,2.6043,2.7748,2.9715,2.9064,3.1487,2.8582,3.0292,3.2075,3.3815,3.2138,3.4903,3.1908,3.5043,2.9652,3.3357,2.8528,3.299,2.6717,3.1738,1.8806,2.3594,1.3624,1.8996,1.3155,2.6467,2.4925,2.3689,2.7608,2.6099,2.9868,2.8014,2.871,2.6928,2.6993,2.5836,2.5302,2.5681,2.7835,2.9613,2.8708,3.1075,3.018,3.2108,2.9559,3.108,3.248,3.4273,3.2495,3.555,3.0239,3.3827,2.8041,3.2479,2.6949,3.2438,2.154,2.7031,1.3923,1.8986,1.3462,2.6476
FRM0,2.6311,2.4197,2.638,2.4294,2.7694,2.5905,2.5808,2.4237,2.85,2.6742,2.8538,2.9209,2.9921,3.1548,3.0933,3.2176,3.6042,3.7616,3.6354,3.6889,3.3753,3.5333,3.3016,3.3197,3.3188,3.409,2.702,2.9674,2.3282,2.5015,1.8029,2.2489,1.3713,1.9216,0.9528,2.0162,2.5589,2.4147,2.7725,2.4923,2.6726,2.5583,2.6732,2.5498,2.4984,2.3396,2.8107,2.9693,3.0258,3.1676,2.9485,3.1633,3.4985,3.563,3.5443,3.629,3.4921,3.61,3.2128,3.2941,3.2651,3.3421,3.0078,3.2324,2.382,2.6799,1.8858,2.166,1.4159,1.9543,1.0468,2.1623,2.4383,2.3423,2.897,2.6312,2.6894,2.5051,2.5866,2.2968,2.3302,2.3246,2.7083,2.7679,2.8642,3.1844,3.1413,3.4003,3.0982,3.3088,3.5941,3.6452,3.4677,3.5829,3.245,3.3442,3.1513,3.2934,3.2648,3.4003,2.5231,2.827,2.0384,2.384,1.4246,1.8369,1.1871,2.275,2.382,2.3337,2.7122,2.5679,2.7696,2.5263,2.5042,2.2575,2.4236,2.3375,2.5484,2.634,2.8728,3.094,3.1373,3.3675,3.0282,3.2534,3.4294,3.5441,3.5022,3.6328,3.2729,3.4419,3.1388,3.2863,3.2121,3.3806,2.7917,3.0893,2.1056,2.4507,1.533,1.863,1.2348,2.3407,2.2715,2.2252,2.5523,2.5094,2.8394,2.6599,2.587,2.3863,2.3093,2.2717,2.3513,2.4919,2.952,3.0553,2.9472,3.2428,3.2577,3.4595,3.1121,3.3054,3.5013,3.5408,3.3543,3.4627,3.2275,3.3805,3.0869,3.3444,3.059,3.3376,2.1701,2.5949,1.5948,2.0039,1.2855,2.2684
FRY1,3.0246,2.9405,3.5665,3.4879,3.8557,3.7118,3.553,3.4715,2.7308,2.5946,2.1117,2.5213,2.1096,2.9487,2.7034,3.7141,3.3209,4.2553,3.6042,4.3405,3.5717,3.9937,3.0154,3.5526,2.7091,3.2122,2.1777,2.5364,1.633,1.9305,1.2362,1.6655,0.779,1.2463,0.7473,1.427,2.9234,2.8692,3.4441,3.3373,3.7927,3.6292,3.5077,3.4318,2.6481,2.5466,2.1163,2.5985,2.0834,2.9142,2.2729,3.219,3.2273,4.1868,3.4678,4.3256,3.6834,4.2562,3.2285,3.6613,2.7701,3.3115,2.4237,2.8422,1.6745,2.0783,1.3303,1.7239,0.8719,1.319,0.7635,1.52,2.5922,2.5801,3.0996,3.0657,3.5855,3.5161,3.5355,3.3067,2.4646,2.4302,2.2234,2.536,1.9965,2.7605,2.1264,3.0868,2.7131,3.7072,3.2986,4.237,3.5718,4.3968,3.5651,4.0574,3.111,3.6109,2.7197,3.1644,2.0757,2.4689,1.4202,1.817,0.9886,1.5094,0.913,1.7484,2.6132,2.5048,3.0451,2.9798,3.5405,3.3463,3.5326,3.3561,2.3767,2.3789,2.1345,2.4629,2.0154,2.8359,2.1095,3.1524,2.3611,3.3727,3.1532,4.2522,3.4551,4.4455,3.749,4.3228,3.3614,3.6879,2.8106,3.3051,2.2539,2.7369,1.4568,1.8933,0.9857,1.4219,0.8987,1.6915,2.5298,2.4114,2.8099,2.7234,3.1815,3.0713,3.3852,3.1868,2.4914,2.4165,1.9545,2.3636,2.0678,2.8367,2.0463,2.9437,2.1623,3.2088,2.7642,3.7353,3.3654,4.3186,3.73,4.4742,3.759,4.1168,3.1022,3.6044,2.5443,3.123,1.7963,2.3029,1.1245,1.5017,0.9994,1.8465
FRY2,2.8043,2.6907,3.1594,3.1443,3.4937,3.4185,3.35,3.1799,2.7343,2.6077,2.083,2.6466,1.9847,2.6788,2.471,3.3697,3.2683,4.2671,3.7398,4.6526,3.7733,4.4139,3.2478,3.758,2.7695,3.3422,2.2586,2.6051,1.7603,2.146,1.5225,1.9082,0.9322,1.4296,0.8033,1.585,2.6581,2.5239,3.1112,3.028,3.3722,3.2711,3.3026,3.0537,2.6103,2.4893,2.1506,2.5919,2.0217,2.7277,2.1666,2.9458,3.0259,3.9824,3.6269,4.5201,3.9259,4.6871,3.4581,3.9687,2.9865,3.5893,2.495,2.9322,1.8457,2.2141,1.5596,1.9886,1.0644,1.491,0.848,1.7657,2.3816,2.2986,2.8103,2.7564,3.1574,3.0758,3.2222,3.1094,2.3366,2.2463,2.1395,2.5533,1.9977,2.7279,2.0381,2.8323,2.3976,3.2873,3.3022,4.2825,3.8925,4.917,3.924,4.4381,3.3754,3.9693,2.7943,3.312,2.1913,2.5205,1.6004,2.0945,1.2446,1.7672,1.0315,1.9746,2.3055,2.2811,2.6482,2.6269,3.0773,2.9228,3.0593,3.1133,2.3993,2.2105,2.0472,2.4672,2.0796,2.8567,2.0727,2.878,2.1709,2.9367,3.0236,4.0421,3.719,4.6578,4.0293,4.7818,3.5867,4.1179,3.0283,3.6146,2.4176,2.8027,1.6643,2.0765,1.2538,1.8299,1.1223,2.0785,2.1932,2.2205,2.6261,2.4774,2.9025,2.7853,2.9652,2.8012,2.2405,2.2536,1.8697,2.2561,2.1414,2.9209,2.0791,3.0192,2.1809,2.9641,2.4889,3.365,3.5178,4.397,3.9866,4.8137,4.0334,4.5465,3.2848,3.9805,2.7118,3.2653,1.9064,2.4014,1.2311,1.7856,1.2166,2.1706
FRY3,5.9221,5.6464,5.9942,5.7181,5.5432,5.3134,4.4454,4.3557,3.554,3.5741,3.3205,3.7883,3.6126,3.9563,3.4344,3.5651,3.3267,3.4479,2.8294,2.8204,2.3849,2.3714,1.9306,1.8282,1.4128,1.3649,0.9651,0.8525,0.4854,0.5698,0.308,0.4293,0.2228,0.2659,0.1413,0.2986,5.6914,5.4848,5.8392,5.5883,5.5656,5.5113,4.5543,4.4069,3.4399,3.5903,3.2136,3.7062,3.5238,3.8793,3.3113,3.6277,3.3937,3.4506,2.9765,2.8546,2.3547,2.382,1.9656,1.9237,1.5308,1.4496,1.0105,0.9651,0.5634,0.6072,0.3144,0.3783,0.1963,0.2963,0.1508,0.3021,5.4649,5.4493,5.6097,5.4305,5.3417,5.3381,4.746,4.7623,3.2347,3.5726,3.1971,3.7367,3.2108,3.8823,3.3448,3.7265,3.0518,3.2612,2.8411,2.9649,2.4337,2.4489,2.0436,2.1034,1.6413,1.5783,1.097,1.1096,0.7286,0.7511,0.3835,0.4672,0.2387,0.3057,0.1782,0.3245,5.4206,5.4161,5.3179,5.2849,5.3866,5.3038,4.7893,4.8111,3.3567,3.6022,3.0554,3.5808,3.175,3.7554,3.2672,3.7621,2.8955,3.2076,2.7605,3.0796,2.4529,2.5753,2.1243,2.152,1.6785,1.7192,1.2349,1.1731,0.7656,0.8193,0.4542,0.5201,0.2413,0.3395,0.1855,0.336,5.3011,5.0888,5.1453,5.1098,5.2311,5.1836,4.7416,4.693,3.3701,3.7293,2.8103,3.4425,3.124,3.71,3.1381,3.6407,3.0899,3.5755,2.7097,2.8648,2.5335,2.6945,2.2554,2.3115,1.7762,1.8038,1.3185,1.3074,0.9293,0.9683,0.5536,0.628,0.3002,0.3816,0.1896,0.3495
FRY4,3.8658,3.7358,4.2127,3.9839,4.3425,4.1615,4.0311,3.8458,3.3911,3.5285,2.9533,3.3367,2.8692,3.4407,3.1512,3.6609,3.6152,3.8929,3.7632,4.0674,3.2458,3.4495,2.8101,2.9158,2.0765,2.2251,1.5104,1.6291,1.0831,1.3425,0.7495,1.0685,0.4119,0.6685,0.2625,0.7017,3.7704,3.6636,4.1998,3.9741,4.3425,4.1055,4.005,3.7863,3.2573,3.2759,2.8181,3.2784,2.8396,3.3683,2.9785,3.5682,3.3616,3.7174,3.6927,3.9929,3.4828,3.6812,2.8685,3.0361,2.3306,2.5186,1.6409,1.7939,1.1597,1.3697,0.7981,1.1277,0.442,0.723,0.2954,0.7355,3.5527,3.4948,3.9169,3.8621,4.1797,3.9448,3.9669,3.823,2.9116,3.0034,2.7576,3.2037,2.7457,3.3493,2.8531,3.5106,3.0389,3.609,3.4814,3.7529,3.7033,3.9282,3.0866,3.2936,2.5999,2.8358,1.9134,2.1354,1.3081,1.5267,0.8938,1.2006,0.5526,0.879,0.3638,0.8212,3.4539,3.3213,3.7609,3.6808,4.0414,3.9182,3.918,3.7752,2.8347,2.9154,2.6234,3.1002,2.7282,3.3717,2.8,3.5006,2.9651,3.4817,3.1986,3.5855,3.6009,3.8771,3.4161,3.6074,2.7433,2.9157,2.1967,2.4041,1.4495,1.7011,0.9918,1.2585,0.5965,0.9424,0.4187,0.9052,3.1582,3.1946,3.7076,3.5362,3.8722,3.8368,3.8398,3.633,2.8041,2.8866,2.3741,2.8747,2.7289,3.3619,2.8218,3.4495,2.8448,3.5148,2.9595,3.4734,3.4192,3.6357,3.5992,3.7686,3.0299,3.2086,2.4472,2.671,1.6643,1.9831,1.1309,1.3957,0.6817,0.9748,0.5321,0.9855
HR02,2.4741,2.345,2.4977,2.3825,2.8026,2.6492,3.2056,3.0527,3.1729,2.994,3.3735,3.08,3.2841,3.0209,3.1773,3.0448,3.2192,3.1166,3.6803,3.6182,3.8548,3.7963,3.7703,3.7728,3.0524,3.3153,2.0439,2.665,1.9869,2.9391,1.5919,2.8181,0.9022,1.9344,0.3344,1.0308,2.3909,2.2435,2.5747,2.4506,2.5889,2.4513,3.137,3.0002,3.0911,2.9461,3.2157,2.9895,3.3053,3.0351,3.1897,3.045,3.1586,3.0618,3.5567,3.5068,3.801,3.7923,3.8105,3.8828,3.3824,3.5043,2.3376,2.8957,1.8822,2.7704,1.5882,2.767,0.9753,2.0674,0.4155,1.1892,2.2521,2.1106,2.5047,2.3857,2.5671,2.4474,2.8268,2.6826,3.0361,2.9071,2.8389,2.6959,3.0812,2.8963,3.126,3.0145,3.1238,3.0939,3.2417,3.224,3.7538,3.8016,3.9314,4.0343,3.8266,4.0271,3.0156,3.474,1.8798,2.6444,1.6193,2.6845,1.069,2.1818,0.5424,1.4578,2.192,2.0795,2.3839,2.2388,2.6149,2.5003,2.6423,2.4886,3.0221,2.8326,2.7239,2.5335,2.8675,2.7019,3.1444,3.0034,3.1271,3.0904,3.2145,3.1549,3.6405,3.6836,3.9032,4.0618,3.9245,4.1926,3.3911,3.7708,2.2473,2.9673,1.5773,2.5794,1.0987,2.1977,0.6117,1.5958,2.2252,2.0984,2.2919,2.1523,2.5593,2.4542,2.6539,2.509,2.8769,2.6312,2.9199,2.5814,2.7288,2.4682,3.0996,2.9059,3.2238,3.0675,3.2257,3.1746,3.3354,3.3225,3.8052,3.969,3.9224,4.2271,3.7224,4.1951,2.7544,3.4707,1.5501,2.4306,1.0789,2.0594,0.6499,1.6593
HR03,2.5094,2.3714,2.4159,2.2815,2.5142,2.3939,2.8176,2.7257,2.9497,2.8281,3.2108,3.1562,3.4463,3.3124,3.3338,3.2353,3.2142,3.1864,3.4196,3.4953,3.6876,3.7817,3.7751,3.8421,3.3714,3.6207,2.3096,2.6454,2.2824,2.8423,1.8263,2.5622,1.0682,1.8034,0.4972,1.2667,2.4466,2.2845,2.5009,2.3788,2.4002,2.2737,2.7195,2.6222,2.8051,2.774,3.0581,3.0258,3.3467,3.3103,3.4068,3.307,3.2007,3.1599,3.32,3.4201,3.5073,3.6742,3.7365,3.8734,3.5662,3.7425,2.7791,3.1525,2.0434,2.5451,1.8711,2.6016,1.1937,1.9596,0.5883,1.4045,2.3058,2.1667,2.5375,2.4036,2.4434,2.2989,2.4794,2.382,2.7402,2.7123,2.8354,2.8327,3.1036,3.16,3.3739,3.3503,3.2917,3.2779,3.1823,3.2276,3.392,3.5534,3.6468,3.8598,3.705,3.9456,3.2839,3.6638,2.1216,2.5695,1.8963,2.5732,1.2887,2.0616,0.7212,1.6124,2.2558,2.1332,2.4355,2.2841,2.5,2.3808,2.4041,2.262,2.7472,2.6202,2.784,2.7193,3.0299,2.9787,3.3482,3.3007,3.4251,3.3396,3.2468,3.1991,3.3279,3.4664,3.4926,3.7368,3.6776,3.9588,3.4541,3.7949,2.5817,3.0713,1.7086,2.3094,1.3493,2.098,0.8226,1.7557,2.2609,2.1422,2.3134,2.1722,2.5587,2.4372,2.4654,2.3124,2.6036,2.4407,2.8298,2.7107,2.9063,2.8045,3.2163,3.1899,3.4784,3.3927,3.3705,3.3255,3.2285,3.2793,3.358,3.5967,3.546,3.9028,3.5189,3.9599,2.9796,3.543,1.7729,2.3437,1.3357,2.0373,0.8734,1.7927
HR05,2.7805,2.6335,2.4039,2.2662,2.3682,2.2351,2.6361,2.5489,2.8148,2.8444,3.3912,3.5605,3.9327,4.1352,3.6449,3.8337,3.3552,3.622,3.2641,3.584,3.0944,3.6979,3.22,3.8864,2.8702,3.5993,2.0752,2.929,1.9693,2.7456,1.5264,2.3069,0.8616,1.689,0.4623,1.2113,2.7836,2.6166,2.5591,2.4531,2.2866,2.1748,2.6047,2.5213,2.696,2.7118,3.1024,3.3404,3.8256,4.061,3.751,3.9899,3.4327,3.6995,3.2758,3.601,3.0341,3.5488,3.0852,3.7998,2.9745,3.6822,2.2303,3.0929,1.8817,2.7426,1.5713,2.352,0.9371,1.7439,0.5237,1.3132,2.6502,2.5361,2.7396,2.5917,2.3956,2.255,2.3322,2.279,2.7072,2.7864,2.9269,3.1611,3.4088,3.7431,3.8237,4.14,3.5033,3.7939,3.2148,3.5802,3.1241,3.5265,2.9281,3.6147,2.9786,3.7493,2.5835,3.4399,1.7969,2.7278,1.5815,2.4214,1.0665,1.7962,0.6219,1.4741,2.6234,2.4953,2.6859,2.5229,2.5121,2.3953,2.2667,2.1896,2.739,2.7267,2.9532,3.109,3.2463,3.5219,3.7845,4.0034,3.6341,3.9072,3.3128,3.611,3.1621,3.5247,2.8745,3.4627,2.8646,3.6686,2.6731,3.5312,1.9593,2.9019,1.5275,2.4316,1.1108,1.8455,0.6893,1.5325,2.6031,2.448,2.5335,2.4297,2.6512,2.502,2.3912,2.2249,2.5615,2.4168,3.1711,3.2014,3.3341,3.4489,3.5898,3.7047,3.8345,4.0224,3.4668,3.6826,3.135,3.4378,2.9688,3.4092,2.707,3.4666,2.6426,3.5492,2.1985,3.1934,1.4159,2.3886,1.0934,1.9059,0.7412,1.5288
HR06,2.6192,2.4665,2.6129,2.4508,2.7242,2.6666,3.0083,2.8718,3.0986,2.932,3.3652,3.2293,3.581,3.3715,3.5105,3.3433,3.4432,3.3016,3.7015,3.6206,3.7306,3.7168,3.7143,3.6769,3.079,3.2556,2.1887,2.6415,1.8109,2.6407,1.3169,2.4694,0.7335,1.7234,0.3302,1.0531,2.505,2.3743,2.6912,2.5084,2.6296,2.5039,2.9464,2.8764,2.9433,2.8334,3.181,3.1021,3.5039,3.3326,3.5186,3.3766,3.4351,3.3285,3.6106,3.5738,3.6669,3.6718,3.7165,3.7556,3.3252,3.4538,2.3863,2.8501,1.8847,2.589,1.3603,2.4199,0.7615,1.8272,0.3889,1.1678,2.3581,2.2448,2.6638,2.5088,2.6749,2.4997,2.7036,2.6818,2.862,2.8097,2.8864,2.8294,3.186,3.1534,3.4927,3.4071,3.4448,3.3918,3.404,3.3558,3.6481,3.7124,3.6705,3.8227,3.6076,3.7965,2.9126,3.3115,1.9533,2.5558,1.441,2.3819,0.8652,1.9109,0.4528,1.3987,2.326,2.2356,2.5267,2.3995,2.7332,2.5457,2.6411,2.5244,2.9124,2.7964,2.7944,2.6666,3.056,2.9782,3.4274,3.3161,3.5043,3.4077,3.4087,3.3574,3.5781,3.6306,3.6118,3.7479,3.6228,3.8615,3.1671,3.5383,2.1716,2.796,1.5345,2.3468,0.911,1.9019,0.4983,1.524,2.3466,2.2594,2.3975,2.3056,2.706,2.543,2.7144,2.518,2.8264,2.6496,3.0194,2.7135,3.0281,2.7595,3.3654,3.1806,3.6254,3.4265,3.5375,3.3834,3.3899,3.3612,3.5405,3.7231,3.4832,3.816,3.3072,3.7412,2.5264,3.1686,1.5453,2.2586,0.9444,1.8174,0.5358,1.5354
HU11,2.4704,2.3492,2.2284,2.1027,1.9205,1.8263,2.1933,2.1106,3.0541,3.0713,3.4182,3.5844,4.2102,4.3676,4.6664,4.8177,3.6506,3.7389,2.8283,3.0456,2.4706,2.841,3.2733,4.1005,2.8082,3.8174,2.4694,3.5721,1.8191,2.8451,1.2061,2.1746,0.8997,1.8085,0.6051,1.6347,2.4196,2.2935,2.4101,2.2828,2.04,1.9417,2.0657,1.9855,2.9495,2.9717,3.384,3.5346,3.7958,3.9918,4.7511,4.9306,3.9105,4.0211,3.2048,3.3728,2.4557,2.7484,2.6844,3.3173,3.0887,4.0969,2.4139,3.5449,2.0049,3.0913,1.2102,2.1772,0.8649,1.7362,0.6369,1.6708,2.2977,2.1611,2.4051,2.2825,2.2586,2.1474,2.0546,1.9768,2.6387,2.6394,3.4389,3.5497,3.5985,3.7201,4.1742,4.3208,4.5889,4.7162,3.6204,3.7299,2.7348,2.9955,2.3333,2.7528,2.949,3.8911,2.4244,3.5485,2.0604,3.2368,1.4288,2.4655,0.8144,1.6721,0.6799,1.6936,2.1461,2.0171,2.3095,2.1851,2.3798,2.278,2.1398,2.0584,2.559,2.5172,3.4503,3.5312,3.6936,3.6978,3.842,3.939,4.6673,4.7672,3.8623,3.9403,3.1119,3.326,2.3518,2.6876,2.4423,3.1575,2.6608,3.8269,2.0133,3.2379,1.5887,2.6976,0.841,1.694,0.6948,1.687,2.0929,1.9595,2.1586,2.0414,2.2533,2.1251,2.2975,2.2209,2.7542,2.7825,3.3385,3.3478,3.7485,3.7133,3.6257,3.6215,4.0003,4.0536,4.4576,4.6311,3.5258,3.7227,2.6261,2.9676,2.1295,2.6519,2.5499,3.6504,2.0063,3.2451,1.6207,2.8496,0.992,1.9522,0.6441,1.6427
HU12,2.7802,2.5983,2.919,2.7817,2.7719,2.6351,3.029,2.8054,3.1571,2.9472,2.9173,2.8124,3.6218,3.6685,4.7701,4.6988,4.1362,3.9927,3.2912,3.1907,2.8291,2.9614,3.3933,3.7765,2.9184,3.5044,2.2684,2.8876,1.6029,2.3507,0.9683,1.7731,0.5827,1.3026,0.329,1.0268,2.6368,2.4426,2.9853,2.8546,2.8492,2.701,2.8184,2.6232,3.1431,2.9182,2.9126,2.7411,3.1337,3.1881,4.6589,4.5907,4.3375,4.2223,3.7523,3.587,2.8454,2.893,2.9936,3.3368,3.1472,3.7404,2.3708,3.0187,1.7857,2.5706,1.0149,1.8234,0.6134,1.3287,0.3527,1.068,2.6704,2.5008,2.9227,2.7372,2.9455,2.8003,2.7321,2.5498,2.882,2.6335,2.9927,2.7845,2.9952,2.9643,3.8901,3.8844,4.9226,4.7972,4.116,3.9557,3.1859,3.1154,2.669,2.8634,3.083,3.5898,2.5112,3.2659,1.8588,2.6093,1.1843,1.9821,0.6023,1.3014,0.3846,1.1164,2.7118,2.5329,2.854,2.6706,3.0051,2.8656,2.7644,2.5641,2.6618,2.421,3.0066,2.7883,3.1121,3.0205,3.5173,3.5397,4.8958,4.7448,4.3447,4.1666,3.6014,3.4624,2.6495,2.7486,2.6737,3.1279,2.6571,3.4155,1.9018,2.6671,1.3044,2.1227,0.629,1.3179,0.4075,1.1256,2.8338,2.6852,2.9125,2.7287,2.9038,2.7226,2.8205,2.666,2.6141,2.45,2.7953,2.6328,3.1842,3.0907,3.3865,3.3616,4.0966,4.0352,4.8948,4.7497,3.9321,3.7863,2.9297,2.9322,2.3422,2.6549,2.5884,3.2785,1.9842,2.8415,1.3527,2.1315,0.7428,1.4458,0.3901,1.1026
HU21,2.3352,2.2087,2.4684,2.339,2.4696,2.3133,2.9289,2.7869,3.344,3.0508,3.2177,2.9185,3.7286,3.559,4.4445,4.1741,3.7068,3.5457,3.2258,3.1777,3.2198,3.3524,3.8354,4.2518,3.069,3.6403,2.282,2.9004,1.75,2.7122,1.1753,2.1653,0.7184,1.5316,0.386,1.0672,2.2585,2.1582,2.5098,2.3804,2.4865,2.3399,2.6522,2.509,3.3,3.0071,3.2588,2.8904,3.3653,3.1517,4.4286,4.1579,3.9163,3.7139,3.5145,3.4072,3.146,3.1717,3.5498,3.8954,3.3752,3.9575,2.4193,3.0796,1.8749,2.7762,1.1952,2.2226,0.7522,1.6064,0.4192,1.1529,2.3722,2.2703,2.3921,2.2473,2.5312,2.4149,2.5094,2.3095,2.9768,2.708,3.3551,2.9934,3.2605,2.8765,3.8148,3.5914,4.5472,4.257,3.7743,3.5868,3.24,3.1885,3.131,3.323,3.5649,4.1641,2.7147,3.4959,1.9098,2.6858,1.3272,2.3568,0.7397,1.6411,0.4627,1.2661,2.3814,2.2663,2.3145,2.193,2.5731,2.4491,2.5077,2.3237,2.7735,2.4829,3.4184,3.0112,3.3655,2.9052,3.5185,3.239,4.5733,4.252,4.0041,3.7822,3.5273,3.4281,3.0421,3.1334,3.257,3.7749,2.9358,3.7535,1.997,2.8242,1.4014,2.3853,0.7534,1.6587,0.4799,1.3134,2.4296,2.294,2.4881,2.3864,2.4614,2.3243,2.5294,2.4185,2.6103,2.3903,2.9859,2.6759,3.3577,2.9988,3.3838,3.075,3.9521,3.7481,4.6451,4.3719,3.7694,3.6426,3.1315,3.1894,2.8852,3.2433,3.1172,3.9533,2.2366,3.1892,1.4396,2.2785,0.8362,1.7602,0.4649,1.3362
HU22,2.2144,2.1095,2.3823,2.2688,2.3792,2.2136,2.8759,2.6949,3.0763,2.8485,3.0593,2.8857,3.7729,3.6298,4.507,4.2166,3.8148,3.6468,3.2212,3.193,3.2104,3.3876,3.8545,4.2775,3.2167,3.7709,2.3934,3.0018,1.794,2.6729,1.1346,2.1608,0.7724,1.6685,0.4592,1.2147,2.1351,2.0249,2.4344,2.3335,2.4084,2.2634,2.6437,2.4289,3.0284,2.8082,3.1373,2.8879,3.3637,3.2101,4.5044,4.2793,4.0587,3.8005,3.5388,3.4344,3.0962,3.1815,3.5751,3.9642,3.4408,4.0108,2.5577,3.1903,1.9095,2.766,1.1815,2.1982,0.7578,1.6815,0.4875,1.2775,2.183,2.0702,2.3151,2.2079,2.5178,2.3888,2.4652,2.27,2.8227,2.595,3.2198,2.9318,3.1633,2.9255,3.887,3.7088,4.653,4.3165,3.9013,3.7065,3.211,3.2052,3.1049,3.3435,3.5734,4.1762,2.8452,3.6115,1.989,2.7633,1.3594,2.3226,0.7229,1.6426,0.5014,1.3786,2.202,2.0679,2.2635,2.1432,2.5773,2.4426,2.4746,2.2921,2.6188,2.3594,3.2286,2.9452,3.2767,2.9556,3.5246,3.317,4.6606,4.3811,4.1552,3.877,3.5183,3.4559,2.9807,3.1454,3.2954,3.8392,3.0164,3.8107,2.1031,2.922,1.4454,2.3797,0.7534,1.667,0.5077,1.3969,2.3689,2.2173,2.3339,2.2281,2.377,2.258,2.528,2.3811,2.5128,2.37,2.8991,2.6873,3.2965,3.0058,3.3378,3.1221,4.0182,3.8315,4.7052,4.4203,3.8789,3.7689,3.1265,3.2278,2.8769,3.2756,3.1528,3.9596,2.3266,3.2747,1.4774,2.3497,0.8417,1.7227,0.4671,1.3742
HU23,2.2013,2.0691,2.4048,2.272,2.4916,2.3665,2.9948,2.8186,3.1976,3.0332,2.9838,2.7999,3.3671,3.2478,4.0186,3.9077,3.5412,3.5278,3.2389,3.2863,3.3498,3.5331,4.0231,4.4574,3.2059,3.8882,2.3037,3.0383,1.8371,2.8658,1.2259,2.3226,0.7705,1.7243,0.4323,1.2532,2.135,2.0527,2.4077,2.2591,2.4989,2.3538,2.7321,2.5597,3.2301,3.0507,3.0741,2.8264,3.0536,2.9052,3.9585,3.8419,3.6958,3.6391,3.4507,3.4254,3.2085,3.3332,3.7799,4.1566,3.5006,4.167,2.5427,3.2984,1.9287,2.9221,1.2769,2.3737,0.8007,1.7605,0.4578,1.342,2.2288,2.1552,2.2358,2.1057,2.494,2.3771,2.5435,2.4035,3.0377,2.8467,3.2163,2.9397,2.9451,2.7231,3.4153,3.2712,4.1293,4.0045,3.6311,3.5927,3.2586,3.3191,3.291,3.5523,3.8125,4.4346,2.9064,3.7845,1.9746,2.8512,1.4126,2.5327,0.7858,1.7919,0.523,1.4727,2.2439,2.1434,2.1563,2.0691,2.5178,2.3801,2.5371,2.372,2.7791,2.6309,3.2598,2.9918,3.0299,2.7477,3.1089,2.9394,4.0939,3.9527,3.787,3.717,3.4859,3.4852,3.1683,3.3609,3.5895,4.1422,3.1667,4.0695,2.1725,3.0928,1.4815,2.5747,0.8253,1.8381,0.5485,1.5407,2.2832,2.1163,2.3412,2.2544,2.3579,2.207,2.5315,2.416,2.6961,2.6185,2.8996,2.6918,3.0595,2.7913,2.9992,2.8259,3.537,3.4242,4.2669,4.1555,3.7099,3.7026,3.2774,3.4137,3.1331,3.5537,3.4815,4.3221,2.4532,3.5281,1.5052,2.4903,0.9234,1.9487,0.5236,1.5605
HU31,2.3924,2.2764,2.6098,2.4637,2.7842,2.6446,3.236,3.0638,3.3849,3.1308,3.124,2.8867,3.4255,3.1463,3.9112,3.7016,3.4895,3.4201,3.2147,3.2145,3.2606,3.463,3.6952,4.1855,2.9564,3.6602,2.1351,3.0162,1.6978,2.85,1.1949,2.3779,0.7146,1.6809,0.3894,1.2017,2.3969,2.2577,2.5901,2.4735,2.7362,2.5963,3.0311,2.8417,3.3852,3.1434,3.2462,2.9379,3.1838,2.8941,3.9119,3.6447,3.6116,3.4691,3.4061,3.38,3.1506,3.2875,3.5013,3.9145,3.2011,3.9431,2.2784,3.114,1.8023,2.9116,1.1892,2.4194,0.7407,1.7426,0.4134,1.2526,2.6158,2.4662,2.4176,2.3006,2.6979,2.5708,2.8484,2.6858,3.2091,2.9694,3.3791,3.0396,3.1232,2.8185,3.4905,3.1756,3.9881,3.7527,3.5416,3.4679,3.2187,3.2302,3.1517,3.4518,3.4304,4.1227,2.6162,3.5354,1.7744,2.8207,1.287,2.4896,0.7438,1.7695,0.4473,1.3523,2.6824,2.5522,2.3894,2.2353,2.6836,2.5832,2.8011,2.6269,3.04,2.7772,3.4289,3.0911,3.2477,2.8585,3.2639,2.9118,3.9839,3.7031,3.6839,3.5303,3.4067,3.3972,3.0453,3.2705,3.2304,3.8467,2.8359,3.7978,1.8851,2.9061,1.3477,2.5328,0.7408,1.8043,0.4732,1.4051,2.7241,2.602,2.6878,2.5248,2.5531,2.4187,2.7354,2.5802,2.911,2.7245,3.1773,2.8292,3.3129,2.9515,3.1912,2.8878,3.5916,3.3047,4.1321,3.8818,3.5903,3.531,3.1439,3.2604,2.9283,3.3974,2.9999,3.9306,2.1271,3.234,1.304,2.3961,0.7875,1.824,0.4377,1.3862
HU32,2.4408,2.3086,2.7007,2.5685,2.8745,2.7582,3.3645,3.2026,3.511,3.3142,3.2455,3.0502,3.5735,3.3779,4.0948,3.9377,3.5996,3.5224,3.1842,3.201,3.1723,3.374,3.641,4.0432,2.9075,3.4987,2.0068,2.7024,1.5227,2.4561,1.0725,2.0679,0.6831,1.5203,0.402,1.0993,2.4142,2.287,2.6889,2.532,2.8252,2.726,3.1267,2.9757,3.5034,3.3024,3.3827,3.136,3.2877,3.0738,4.0658,3.8404,3.7529,3.6392,3.4308,3.3985,3.0583,3.1753,3.4568,3.8299,3.1204,3.7292,2.2221,2.8888,1.612,2.5202,1.0825,2.0881,0.7004,1.5396,0.4175,1.1696,2.6355,2.4912,2.4502,2.3202,2.796,2.6844,2.8869,2.7809,3.3563,3.1243,3.5097,3.181,3.2521,2.9471,3.6181,3.3502,4.1484,3.9566,3.6586,3.5234,3.1674,3.1679,3.0502,3.3076,3.3565,3.9351,2.5784,3.37,1.6746,2.4979,1.1488,2.1414,0.6797,1.5436,0.4532,1.2565,2.6962,2.5478,2.3941,2.285,2.8003,2.6637,2.8332,2.7363,3.1498,2.9205,3.511,3.1955,3.3544,3.0202,3.3403,3.0179,4.1158,3.8636,3.8191,3.6603,3.4069,3.3714,2.9393,3.1194,3.1736,3.7271,2.7548,3.599,1.8677,2.6853,1.2209,2.193,0.6892,1.5685,0.4706,1.288,2.7571,2.6153,2.6956,2.5482,2.5525,2.4025,2.8519,2.7045,3.0917,2.9168,3.2357,2.9409,3.3503,3.0294,3.2511,2.995,3.6746,3.4084,4.2107,4.0063,3.6259,3.5391,3.0593,3.1562,2.804,3.2351,2.9466,3.7566,2.0973,3.0811,1.2544,2.1645,0.7223,1.5997,0.4322,1.2868
HU33,2.1534,2.0762,2.405,2.2758,2.5229,2.3895,3.0026,2.8862,3.3163,3.1015,3.0403,2.8596,3.4253,3.2705,4.1652,3.9834,3.5865,3.53,3.1643,3.1915,3.1173,3.3613,3.8236,4.2628,3.1112,3.7705,2.403,3.2126,1.7986,2.8457,1.2481,2.3135,0.808,1.7212,0.5115,1.345,2.1153,2.0264,2.3956,2.2891,2.5176,2.4029,2.7348,2.606,3.2747,3.0937,3.1879,2.9346,3.1211,2.9347,4.1219,3.888,3.7896,3.6528,3.4557,3.4355,3.0259,3.163,3.564,3.948,3.3416,3.9956,2.533,3.3584,1.9667,2.9551,1.2666,2.3963,0.82,1.7281,0.5415,1.4185,2.2789,2.1682,2.2168,2.1396,2.5142,2.4051,2.5893,2.4284,3.0063,2.8504,3.2954,3.0072,3.0756,2.8148,3.5371,3.315,4.2899,4.0628,3.7009,3.5777,3.1987,3.2208,3.0528,3.3475,3.6003,4.2147,2.8044,3.6565,2.044,3.0266,1.3943,2.5096,0.8158,1.7737,0.5678,1.4991,2.3261,2.2118,2.178,2.0733,2.5066,2.4252,2.5693,2.4305,2.7664,2.6224,3.3127,3.0274,3.2225,2.8852,3.2121,2.9654,4.2491,3.9791,3.8941,3.7101,3.4998,3.475,2.9639,3.1686,3.3317,3.8836,3.0058,3.8626,2.1449,3.1587,1.5206,2.6208,0.8396,1.8474,0.5853,1.5246,2.3765,2.2492,2.3815,2.2675,2.3258,2.2486,2.5645,2.4459,2.7687,2.5938,2.986,2.7492,3.2263,2.9302,3.1545,2.9126,3.645,3.4221,4.4254,4.1797,3.741,3.6335,3.1478,3.2541,2.8752,3.3226,3.2483,4.063,2.3459,3.3989,1.5533,2.6418,0.9056,1.9273,0.5601,1.5286
IS00,3.7423,3.55,3.4751,3.3077,3.3214,3.2542,3.6311,3.4537,3.8996,3.6712,3.4832,3.4329,3.6681,3.4876,3.3434,3.2608,3.2151,3.1648,3.3139,3.4335,3.3214,3.3353,3.0827,3.0231,2.6167,2.5623,2.0758,2.0254,1.3845,1.4845,1.0968,1.2636,0.8656,1.0825,0.6217,1.0486,3.5041,3.3871,3.6013,3.3868,3.2853,3.1945,3.4324,3.2859,3.9146,3.6937,3.5974,3.4625,3.6354,3.4655,3.3415,3.2768,3.2689,3.1796,3.168,3.2063,3.2437,3.3212,3.1407,3.1267,2.7025,2.6433,2.2337,2.1683,1.5214,1.632,1.0963,1.2203,0.8523,1.0544,0.6536,1.1018,3.1049,2.9999,3.5156,3.3247,3.2728,3.127,3.1824,3.1098,3.8258,3.5557,4.2715,3.7443,3.7325,3.3158,3.7107,3.3477,3.3712,3.121,3.191,3.0085,3.1786,3.1985,3.1144,3.065,2.8036,2.7499,2.3191,2.2804,1.7707,1.7782,1.1233,1.2326,0.7863,0.9603,0.6942,1.1124,3.0288,2.8377,3.2491,3.1296,3.3466,3.1428,3.1002,3.0082,3.639,3.438,4.4841,3.9104,4.0688,3.4526,3.8425,3.3177,3.4485,3.1455,3.2974,3.0093,3.0846,2.9646,3.0167,3.0154,2.8253,2.7861,2.348,2.3154,1.8732,1.8663,1.2089,1.3377,0.7871,0.8986,0.6896,1.0856,3.111,2.8306,2.9389,2.8384,3.3302,3.1342,3.16,2.9751,3.5238,3.3134,4.2632,3.8065,4.5069,3.7908,3.8173,3.2714,3.6727,3.2257,3.309,2.9923,3.0186,2.8113,2.9026,2.9333,2.7527,2.737,2.4126,2.4098,1.9419,1.9582,1.3991,1.4628,0.8069,0.9287,0.7002,1.013
ITC1,2.2371,2.0955,2.2561,2.1183,2.2147,2.0829,2.1692,2.0403,2.3008,2.1924,2.4482,2.4378,2.8771,2.8799,3.6277,3.6401,4.0267,4.0377,4.0605,4.1102,3.5563,3.6672,3.2311,3.3732,3.1608,3.3617,2.8293,3.0794,2.7107,3.1504,2.1521,2.7607,1.4849,2.3362,0.9689,2.3237,2.1344,2.007,2.2848,2.1477,2.2331,2.1032,2.2,2.0603,2.2704,2.1726,2.4244,2.3767,2.7157,2.716,3.3137,3.3377,3.9314,3.9395,4.0947,4.1369,3.7689,3.898,3.3368,3.4705,3.0603,3.2682,3.0365,3.2933,2.5495,2.9526,2.3288,2.9168,1.5575,2.3613,1.0905,2.5101,1.9454,1.8445,2.2426,2.101,2.2744,2.1341,2.3004,2.1198,2.3484,2.1399,2.4951,2.3479,2.5885,2.5421,2.9357,2.9216,3.6533,3.6722,4.032,4.0728,4.0483,4.1398,3.5244,3.683,3.1667,3.3618,3.0347,3.3146,2.6277,2.9841,2.3734,2.947,1.6789,2.3905,1.2707,2.7429,1.8093,1.728,2.1503,2.0233,2.3056,2.1711,2.2971,2.1502,2.4217,2.1737,2.4967,2.3296,2.5865,2.5,2.789,2.7797,3.3511,3.3768,3.9624,3.9864,4.1064,4.1808,3.7587,3.9287,3.285,3.4668,2.9615,3.235,2.8461,3.2076,2.2436,2.7764,1.8496,2.5445,1.3748,2.8459,1.6722,1.5966,2.0277,1.9211,2.3145,2.1724,2.3767,2.211,2.473,2.23,2.5504,2.318,2.6803,2.5194,2.6972,2.6493,3.0134,3.0135,3.7272,3.7636,4.0819,4.1541,4.0727,4.1918,3.4912,3.6921,3.0626,3.3209,2.8417,3.2234,2.3222,2.8078,1.8636,2.5683,1.487,2.8909
ITC2,2.4251,2.3353,2.422,2.304,2.3861,2.2001,2.1641,2.0727,2.3368,2.2524,2.5635,2.5072,2.8972,2.8527,3.6272,3.6506,4.1281,4.2422,4.3782,4.2798,3.6623,3.6748,3.2888,3.3083,3.1442,3.2278,2.7346,2.7448,2.5861,2.8917,1.8062,2.4259,1.3349,2.1071,0.8488,2.1883,2.2474,2.2364,2.4834,2.313,2.3982,2.2481,2.2607,2.1442,2.2481,2.2185,2.5005,2.4834,2.7436,2.6904,3.3015,3.2929,3.9821,4.0532,4.2892,4.3424,4.0087,3.9423,3.3476,3.4453,3.0983,3.1272,2.8983,3.0358,2.5412,2.7061,2.0223,2.5529,1.3534,2.1044,0.9549,2.3841,2.0291,1.8968,2.4134,2.3017,2.4221,2.2993,2.4577,2.2113,2.354,2.2002,2.5045,2.3666,2.5766,2.56,2.945,2.8452,3.643,3.6652,4.0875,4.2721,4.3672,4.3229,3.6034,3.6827,3.1756,3.2984,3.0108,3.1597,2.5623,2.6558,2.251,2.7073,1.4071,2.1147,1.1164,2.5132,1.8811,1.7403,2.2642,2.1698,2.4913,2.317,2.4265,2.277,2.4657,2.249,2.4481,2.3306,2.5497,2.4913,2.7672,2.7281,3.3543,3.3751,4.0005,4.1101,4.2668,4.374,3.9837,3.9765,3.2695,3.4519,3.0088,3.1144,2.7329,2.984,2.213,2.5385,1.5892,2.2674,1.1709,2.6217,1.6844,1.5845,2.0775,1.9175,2.4933,2.3625,2.5388,2.3772,2.5843,2.3236,2.4592,2.287,2.5843,2.4762,2.65,2.6598,3.009,2.9449,3.7067,3.8106,4.1582,4.3531,4.3759,4.3482,3.5653,3.7148,3.0594,3.2713,2.8157,3.1,2.2456,2.503,1.7534,2.3666,1.2548,2.5834
ITC3,1.9174,1.8337,2.0104,1.8851,2.0349,1.9082,2.0515,1.9074,2.1645,2.0786,2.2066,2.1409,2.4492,2.4844,3.2538,3.3246,3.8648,3.9397,4.1003,4.2441,3.6054,3.7972,3.199,3.4105,3.1203,3.4495,3.0303,3.4722,2.9688,3.6338,2.3912,3.2065,1.7628,2.8462,1.2849,3.0214,1.849,1.7459,2.0315,1.9297,2.0513,1.9343,2.0773,1.9269,2.158,2.0669,2.2213,2.1608,2.3895,2.3444,2.8997,2.9883,3.7287,3.8192,4.063,4.2057,3.8915,4.0694,3.3431,3.5676,3.0402,3.3265,3.1656,3.6107,2.8111,3.3874,2.5557,3.3742,1.7951,2.8219,1.4184,3.2304,1.718,1.6061,1.9716,1.9007,2.0829,1.9505,2.1798,1.9903,2.2524,2.0306,2.3343,2.2315,2.3763,2.2777,2.5589,2.5851,3.3477,3.4331,3.9624,4.0659,4.1636,4.3388,3.6382,3.8732,3.1967,3.4512,3.0531,3.4356,2.8436,3.3765,2.6269,3.4103,1.8842,2.7969,1.5839,3.4718,1.6027,1.5062,1.9136,1.8077,2.1151,2.0089,2.1722,2.0273,2.3222,2.057,2.3506,2.2105,2.4025,2.3047,2.5169,2.4558,3.0148,3.1123,3.8499,3.9504,4.1522,4.3245,3.9386,4.1561,3.3588,3.6213,2.9912,3.327,2.9874,3.5331,2.4885,3.1912,2.0404,2.9634,1.6808,3.544,1.5259,1.4452,1.8457,1.72,2.1014,2.0221,2.2451,2.0693,2.3689,2.1302,2.4355,2.1968,2.5017,2.3845,2.5508,2.4284,2.7175,2.7422,3.5041,3.5969,4.1007,4.2088,4.2435,4.4498,3.6578,3.934,3.1516,3.4472,2.8867,3.3562,2.5219,3.1793,2.0632,2.9637,1.7507,3.5527
ITC4,2.493,2.3477,2.4886,2.3416,2.396,2.2397,2.3,2.1367,2.3999,2.2735,2.5823,2.5521,3.1218,3.0795,3.9502,3.8557,4.2777,4.1451,4.2729,4.1986,3.5375,3.6002,3.0494,3.1933,2.9474,3.1579,2.613,2.8838,2.4664,2.9016,1.829,2.4365,1.1948,1.9918,0.7581,1.9867,2.3642,2.2268,2.5252,2.3735,2.4204,2.2744,2.3384,2.1691,2.3756,2.2478,2.5585,2.5033,2.9803,2.9276,3.6278,3.5414,4.2062,4.0783,4.2986,4.2079,3.8155,3.8452,3.1595,3.2999,2.8386,3.0377,2.7845,3.0555,2.3125,2.7093,2.0062,2.5829,1.2797,2.0281,0.8567,2.1431,2.1571,2.0405,2.4695,2.3239,2.4704,2.3247,2.4323,2.2381,2.4204,2.2231,2.5813,2.4828,2.7998,2.7447,3.2299,3.1594,3.9485,3.8498,4.2184,4.1049,4.1776,4.1391,3.4266,3.5348,2.9123,3.1029,2.7554,3.0327,2.367,2.7249,2.1139,2.6548,1.4013,2.0772,1.0168,2.3434,2.0255,1.9193,2.3583,2.2176,2.513,2.3602,2.4474,2.2797,2.509,2.2701,2.5876,2.4676,2.7845,2.7146,3.0897,3.0211,3.6464,3.5511,4.1618,4.0489,4.2188,4.1598,3.7164,3.7822,3.0339,3.2201,2.6715,2.9329,2.5444,2.9039,1.994,2.4924,1.5676,2.2185,1.1187,2.4513,1.8573,1.7585,2.223,2.0975,2.5144,2.3603,2.5441,2.3663,2.5893,2.3324,2.6398,2.4582,2.8297,2.7307,2.9409,2.868,3.287,3.209,3.9517,3.8677,4.18,4.1003,4.0992,4.1029,3.3085,3.4633,2.7482,3.0005,2.5198,2.8861,2.0441,2.5124,1.6285,2.2723,1.2152,2.4929
ITF1,2.2059,2.0773,2.2219,2.09,2.2663,2.1227,2.3982,2.2605,2.7359,2.6069,2.92,2.8221,3.1938,3.1383,3.6095,3.5888,3.8453,3.9416,3.9521,4.0489,3.4724,3.6784,3.1833,3.3521,3.0634,3.2656,2.5927,2.7474,2.3618,2.6533,2.0293,2.5608,1.4535,2.1834,1.0792,2.2775,2.1411,2.0049,2.2215,2.1061,2.2644,2.106,2.3209,2.1985,2.6536,2.5264,2.8479,2.755,3.0711,2.9938,3.4649,3.404,3.7873,3.8475,3.9659,4.0758,3.7023,3.8607,3.2914,3.4879,3.0042,3.2119,2.8596,3.0635,2.2518,2.511,2.0924,2.5677,1.5189,2.2267,1.1651,2.4279,1.9756,1.8614,2.2298,2.0955,2.2563,2.1275,2.357,2.1651,2.535,2.3493,2.8137,2.6699,2.9035,2.8225,3.2084,3.142,3.6357,3.6305,3.8896,3.9974,3.9759,4.1001,3.4693,3.7129,3.1489,3.3665,2.971,3.2431,2.4194,2.6712,2.0705,2.4937,1.5887,2.2084,1.3042,2.5907,1.8533,1.7538,2.1627,2.0348,2.2739,2.1557,2.3523,2.1568,2.5006,2.282,2.7139,2.5568,2.8398,2.7397,3.0702,2.9979,3.4913,3.4457,3.8309,3.9206,4.0165,4.1371,3.7155,3.9088,3.2821,3.5182,2.9427,3.2178,2.7013,3.0093,1.9983,2.3821,1.6736,2.2546,1.4043,2.7052,1.7144,1.6266,2.0734,1.9508,2.3275,2.1867,2.3805,2.2219,2.4873,2.2527,2.5671,2.3591,2.7667,2.614,2.9144,2.8463,3.2602,3.2093,3.7118,3.7306,3.9652,4.09,4.0298,4.186,3.4866,3.7617,3.1094,3.3738,2.8356,3.2,2.1682,2.5456,1.6475,2.192,1.4832,2.7243
ITF2,1.9652,1.8369,2.1084,1.9476,2.2842,2.1512,2.4999,2.3978,2.8701,2.7239,3.0098,2.8672,3.1368,3.0503,3.535,3.3898,3.6579,3.676,3.8854,3.9367,3.5966,3.714,3.3796,3.3927,3.2124,3.2829,2.5328,2.6202,2.3015,2.647,2.1107,2.7597,1.5389,2.3404,1.1793,2.461,1.9053,1.771,2.062,1.9191,2.2187,2.0732,2.4403,2.299,2.8077,2.6404,2.9907,2.8009,3.062,2.9563,3.3809,3.2235,3.6278,3.6018,3.8481,3.9535,3.8179,3.8147,3.4509,3.545,3.1612,3.2666,2.9772,3.0485,2.1153,2.3806,2.1211,2.7348,1.6439,2.4162,1.2672,2.6567,1.8241,1.6532,1.9895,1.8489,2.1581,1.9865,2.5019,2.2136,2.8363,2.469,3.0548,2.7358,3.0421,2.7599,3.1263,3.0264,3.5578,3.4218,3.7098,3.7493,3.9574,4.0112,3.6198,3.7415,3.3389,3.4169,3.1517,3.2812,2.3907,2.5704,2.0195,2.4902,1.6519,2.4063,1.4004,2.8868,1.7104,1.6076,1.9613,1.8155,2.117,1.9593,2.326,2.149,2.731,2.3935,2.9356,2.6288,2.9523,2.685,3.0334,2.8631,3.4048,3.2677,3.678,3.6966,3.9119,4.064,3.9016,3.9096,3.4451,3.5995,3.1233,3.312,2.8564,3.0308,1.9024,2.2901,1.7011,2.4125,1.5413,3.0824,1.5738,1.4864,1.9069,1.762,2.1054,1.9495,2.3421,2.1044,2.6518,2.3218,2.7639,2.4563,2.9129,2.6205,2.9377,2.6755,3.1407,3.0609,3.6547,3.5519,3.8134,3.9186,4.0879,4.1836,3.6805,3.8849,3.3416,3.4996,3.0426,3.3059,2.1749,2.4976,1.6436,2.2454,1.6175,3.0832
ITF3,2.5226,2.388,2.7605,2.6121,2.9128,2.7529,3.0666,2.9189,3.3486,3.2443,3.2121,3.1839,3.2378,3.3008,3.5964,3.7221,3.7084,3.9281,3.8106,4.054,3.3816,3.6476,2.9866,3.1918,2.7413,2.913,2.3168,2.5319,1.8614,2.2343,1.4315,1.9399,0.9757,1.5752,0.6169,1.373,2.4038,2.2632,2.6789,2.5401,2.8744,2.721,2.9938,2.8341,3.2737,3.1481,3.2222,3.1699,3.1886,3.212,3.436,3.514,3.6958,3.8947,3.7898,4.0181,3.578,3.8642,3.0957,3.3305,2.7311,2.9235,2.5666,2.7939,1.8155,2.1481,1.5026,1.9902,1.0149,1.5972,0.6853,1.4906,2.2501,2.1353,2.55,2.4054,2.7784,2.6311,2.9854,2.7792,3.1362,2.9376,3.2687,3.1795,3.1427,3.0903,3.2585,3.2722,3.6221,3.7218,3.7159,3.9331,3.7834,4.0379,3.3198,3.6079,2.8821,3.1249,2.5796,2.8087,2.0815,2.3819,1.5565,2.0097,1.0508,1.5839,0.7789,1.6188,2.1772,2.0626,2.4396,2.2888,2.7107,2.5728,2.9342,2.764,3.0759,2.8618,3.1447,3.058,3.0978,3.0483,3.1861,3.1895,3.4682,3.5312,3.7141,3.9149,3.7875,4.0297,3.545,3.8455,3.0178,3.2834,2.5997,2.8437,2.3374,2.6516,1.5391,1.9517,1.1279,1.6524,0.8462,1.7011,2.0862,1.9736,2.342,2.2207,2.657,2.5049,2.9046,2.7361,2.9785,2.7699,2.9113,2.7993,3.0291,3.023,3.0699,3.0595,3.2787,3.3141,3.6642,3.7791,3.7493,3.9653,3.7964,4.0426,3.2835,3.5712,2.7891,3.0623,2.3937,2.7064,1.8018,2.2022,1.1871,1.6884,0.9096,1.7494
ITF4,2.2873,2.1558,2.4729,2.3478,2.663,2.5212,2.8089,2.643,3.0972,2.9443,3.0071,2.9606,3.18,3.2267,3.6613,3.7365,3.6963,3.8334,3.7888,4.002,3.3498,3.6027,3.0249,3.2884,2.9451,3.1852,2.5516,2.812,2.189,2.5459,1.7188,2.2269,1.2036,1.8111,0.8382,1.6725,2.1887,2.0621,2.4138,2.2738,2.6118,2.4954,2.7436,2.5801,3.0165,2.851,2.9725,2.9147,3.0065,3.0498,3.5065,3.5438,3.6999,3.816,3.7968,4.0038,3.5644,3.8117,3.1116,3.4123,2.8672,3.1116,2.8355,3.1151,2.1307,2.4534,1.8207,2.3145,1.2689,1.8675,0.9294,1.8383,2.0164,1.9102,2.3283,2.1935,2.5112,2.3891,2.7414,2.5614,2.8701,2.6662,3.004,2.8715,2.8873,2.8564,3.161,3.2061,3.693,3.7734,3.7249,3.884,3.8042,4.0383,3.3376,3.6204,2.9847,3.2758,2.8483,3.1363,2.3738,2.7094,1.9147,2.3606,1.3428,1.9095,1.0601,2.0343,1.9075,1.8048,2.2379,2.1051,2.467,2.3231,2.6828,2.5485,2.842,2.6122,2.9087,2.7488,2.8462,2.7927,2.9876,3.0337,3.5529,3.5855,3.7453,3.8709,3.8309,4.0602,3.5811,3.8463,3.0989,3.4202,2.8027,3.0957,2.6679,3.0294,1.8885,2.2928,1.4491,2.0076,1.1594,2.1663,1.8064,1.685,2.1057,1.9921,2.4244,2.2839,2.6283,2.4767,2.7994,2.5892,2.7349,2.5586,2.8259,2.7322,2.8613,2.8451,3.209,3.273,3.7638,3.8655,3.7907,3.9653,3.8548,4.111,3.3523,3.6549,2.9494,3.2784,2.7099,3.0821,2.1208,2.5618,1.5371,2.0566,1.2538,2.2605
ITF5,2.0538,1.9039,2.2493,2.1049,2.5104,2.2942,2.6484,2.4871,3.0811,2.949,3.1611,2.9814,3.1817,3.0397,3.5244,3.4903,3.6937,3.7649,3.8572,3.9728,3.6336,3.7311,3.2581,3.3926,3.0695,3.1748,2.2824,2.4794,2.1709,2.54,2.0433,2.6377,1.475,2.1039,1.079,1.9792,1.9365,1.8169,2.1996,2.0321,2.4424,2.272,2.5858,2.4037,2.9646,2.8252,3.1336,2.9557,3.109,3.0009,3.374,3.2904,3.6437,3.658,3.8518,3.9497,3.8251,3.931,3.3817,3.5244,3.0523,3.1757,2.7081,2.9196,1.9899,2.2589,2.0461,2.609,1.5322,2.2244,1.2028,2.1729,1.8337,1.7283,2.1108,1.9603,2.3163,2.1655,2.647,2.3685,2.8206,2.5541,3.1325,2.9295,3.0908,2.8622,3.1279,2.9886,3.5444,3.5066,3.7547,3.8414,3.927,4.0624,3.657,3.8047,3.2371,3.4192,2.986,3.1565,2.1523,2.4318,1.912,2.3671,1.5912,2.2777,1.3363,2.3978,1.7856,1.6723,1.9922,1.8718,2.2764,2.1048,2.5695,2.3609,2.7904,2.4766,3.0059,2.7859,3.0263,2.7913,3.0389,2.929,3.3966,3.3285,3.6996,3.7581,3.9291,4.0482,3.8702,4.0262,3.3878,3.5803,3.0035,3.19,2.5768,2.8746,1.7703,2.1421,1.6356,2.2789,1.4362,2.5896,1.6915,1.549,1.9314,1.8157,2.2242,2.0622,2.5074,2.2892,2.7944,2.4514,2.7912,2.504,2.9759,2.7254,2.9828,2.7762,3.1422,3.0347,3.6129,3.6358,3.8534,3.9752,4.005,4.1998,3.6947,3.9014,3.2276,3.4678,2.8682,3.1575,1.9694,2.3379,1.5445,2.0788,1.5127,2.7084
ITF6,2.2728,2.1557,2.4296,2.2711,2.535,2.4131,2.8069,2.6439,3.2475,3.127,3.2718,3.215,3.2841,3.2687,3.4723,3.5502,3.5383,3.7546,3.6643,3.9024,3.4628,3.6621,3.2088,3.3028,2.971,3.0833,2.4257,2.544,2.1228,2.38,1.8342,2.3051,1.2913,1.8897,0.9131,1.779,2.2122,2.0895,2.3758,2.2432,2.5154,2.3668,2.6735,2.5365,3.1045,2.9634,3.2777,3.2122,3.233,3.1684,3.3918,3.4192,3.4951,3.6597,3.6378,3.8973,3.6109,3.8489,3.2741,3.4198,2.9907,3.0948,2.725,2.8735,2.0499,2.2419,1.8553,2.2872,1.3702,1.9683,1.0021,1.9146,2.1262,2.0151,2.2965,2.178,2.4626,2.3046,2.6688,2.4595,2.9219,2.6899,3.2453,3.0789,3.2143,3.083,3.2527,3.2022,3.4811,3.5512,3.5599,3.7886,3.6728,3.9303,3.4474,3.6775,3.1611,3.2998,2.8722,3.0406,2.2439,2.4412,1.8413,2.1862,1.4099,1.939,1.1317,2.125,2.0512,1.9522,2.2428,2.1177,2.4271,2.2876,2.6104,2.4267,2.8042,2.578,3.0307,2.8793,3.1452,3.0467,3.1947,3.1083,3.4009,3.4349,3.5261,3.7037,3.6744,3.9531,3.6233,3.8911,3.2691,3.4531,2.9241,3.0887,2.5625,2.7971,1.7969,2.0936,1.4475,1.9585,1.2486,2.2498,1.9451,1.8576,2.2218,2.11,2.4114,2.2853,2.6154,2.4178,2.7111,2.5075,2.7485,2.5772,2.9665,2.869,3.058,2.997,3.23,3.2263,3.5135,3.6405,3.6203,3.8876,3.7396,4.0289,3.4884,3.7553,3.1571,3.3345,2.7555,3.0182,2.0063,2.3174,1.458,1.9016,1.32,2.3019
ITG1,2.3857,2.2737,2.5587,2.4036,2.6606,2.5233,2.8966,2.7277,3.229,3.0897,3.1252,3.0633,3.1905,3.2195,3.5326,3.6101,3.6408,3.8226,3.6654,3.8817,3.3502,3.628,3.0333,3.2948,2.8543,3.1105,2.4296,2.7019,2.1019,2.5128,1.7178,2.2275,1.2164,1.8225,0.8522,1.646,2.3015,2.1967,2.5088,2.3582,2.641,2.4893,2.7945,2.6286,3.164,2.9987,3.1581,3.0502,3.121,3.1091,3.3891,3.4253,3.6201,3.7727,3.6817,3.8932,3.5204,3.7875,3.1242,3.3961,2.8185,3.0816,2.6914,2.9806,2.0186,2.3868,1.7709,2.2671,1.2788,1.88,0.9191,1.7769,2.1828,2.0694,2.4028,2.2929,2.5853,2.4356,2.8098,2.5714,2.9498,2.7604,3.1618,3.0361,3.0348,2.9728,3.1749,3.1923,3.5413,3.6248,3.6644,3.8574,3.6717,3.9079,3.3369,3.634,2.9807,3.2782,2.7483,3.0484,2.2429,2.5835,1.8061,2.2982,1.306,1.8554,1.0192,1.9619,2.111,1.9942,2.3156,2.2128,2.5513,2.4018,2.753,2.5495,2.8846,2.6668,3.0215,2.8962,3.0035,2.9399,3.0772,3.076,3.3903,3.4541,3.6537,3.828,3.7192,3.9516,3.5342,3.8292,3.1082,3.4119,2.7487,3.0629,2.5176,2.8912,1.7597,2.2045,1.3729,1.9197,1.1095,2.0778,2.0494,1.9269,2.2698,2.1543,2.5035,2.3856,2.7296,2.5285,2.7974,2.5743,2.7627,2.628,2.9373,2.8772,2.9656,2.9486,3.1999,3.2366,3.5964,3.6946,3.7319,3.9338,3.7254,3.9696,3.3508,3.667,2.9425,3.2784,2.6058,2.9944,1.9849,2.4298,1.4104,1.9575,1.1567,2.0951
ITG2,2.0312,1.8931,2.1054,1.9561,2.1633,2.0199,2.3275,2.125,2.6749,2.5388,2.8973,2.7875,3.2918,3.1853,3.9407,3.8147,4.0121,4.0314,4.1221,4.2009,3.7457,3.8716,3.4638,3.6066,3.2261,3.3668,2.7498,2.9703,2.3774,2.7874,1.7488,2.2875,1.2026,1.8463,0.8701,1.76,1.9246,1.8006,2.0991,1.954,2.1486,2.018,2.248,2.039,2.5546,2.4093,2.7958,2.6656,3.1106,2.9849,3.6613,3.555,4.0893,4.016,4.1092,4.1672,3.9371,4.081,3.5388,3.7,3.2743,3.4299,2.9568,3.1338,2.3904,2.8049,1.8584,2.3885,1.3053,1.9216,0.966,1.9626,1.725,1.6064,2.0576,1.9191,2.1331,1.9862,2.2646,2.0477,2.4402,2.1617,2.7263,2.5303,2.8816,2.7448,3.3,3.1829,3.9904,3.8499,4.0747,4.0917,4.1596,4.2493,3.7418,3.904,3.4162,3.6074,3.1064,3.323,2.5532,2.8681,2.0743,2.6082,1.3724,1.9866,1.1151,2.2004,1.581,1.4796,1.9609,1.8339,2.1447,1.9984,2.2143,2.0597,2.3933,2.0793,2.5875,2.3885,2.7763,2.6317,3.1121,2.9858,3.7063,3.6059,4.1693,4.0885,4.1684,4.2317,3.9691,4.1401,3.5237,3.7341,3.1956,3.4234,2.7746,3.064,2.118,2.645,1.4892,2.1052,1.2399,2.381,1.3933,1.3105,1.8145,1.6878,2.1623,2.0136,2.2378,2.0736,2.286,2.107,2.3739,2.1382,2.6224,2.4863,2.8456,2.7594,3.3511,3.2654,4.0939,3.97,4.1785,4.2191,4.2407,4.3658,3.7792,3.9828,3.3864,3.6505,2.9671,3.3104,2.3017,2.7535,1.6852,2.3267,1.3408,2.5188
ITH1,2.7231,2.5486,2.8492,2.643,2.8496,2.7315,2.8756,2.7057,2.8857,2.7601,2.9094,2.7999,3.1613,3.1611,3.4983,3.5513,4.2195,4.1208,4.3118,4.1124,3.6375,3.5169,2.823,2.9141,2.5056,2.6492,2.3496,2.5884,2.2323,2.5599,1.5414,1.9649,1.1036,1.659,0.7652,1.7712,2.6964,2.533,2.7968,2.5915,2.8149,2.6552,2.8954,2.7271,2.8707,2.7608,2.8906,2.7711,3.1076,3.0412,3.2543,3.2991,3.9261,3.928,4.3153,4.1425,3.9128,3.7881,3.074,3.08,2.5081,2.6313,2.3089,2.5496,2.2535,2.5651,1.6597,2.0857,1.1745,1.6832,0.8452,1.8628,2.6499,2.5155,2.6919,2.5305,2.8029,2.603,2.8589,2.6934,2.9557,2.7408,2.9721,2.7987,2.9322,2.8158,3.1583,3.1384,3.458,3.5085,4.1023,4.0207,4.1629,4.0325,3.4738,3.417,2.6655,2.8069,2.3217,2.5195,2.1098,2.4284,1.9141,2.327,1.1969,1.6878,0.9928,1.9956,2.6047,2.4705,2.6919,2.5248,2.7686,2.5657,2.8274,2.6286,2.9804,2.7502,2.9434,2.7959,2.9275,2.7805,3.1006,3.0431,3.2196,3.2602,3.8519,3.8737,4.1746,4.0669,3.7513,3.691,2.9027,2.9682,2.3237,2.5144,2.0746,2.3939,1.9473,2.3355,1.3131,1.7779,1.0842,2.0716,2.4984,2.3802,2.6691,2.5412,2.7339,2.5562,2.8563,2.6158,2.9284,2.7069,2.9355,2.6978,2.9982,2.8219,2.9497,2.8586,3.1551,3.184,3.4511,3.5148,4.0324,3.9953,4.0433,3.9646,3.3028,3.3317,2.4896,2.6803,2.102,2.3636,1.7952,2.2003,1.4915,1.9805,1.1319,2.0416
ITH2,2.5984,2.4616,2.6401,2.4605,2.6672,2.5139,2.6028,2.4428,2.5874,2.4961,2.6714,2.6667,2.9897,2.9473,3.5896,3.6271,3.9703,3.9293,4.1765,4.1471,3.6194,3.6617,3.2023,3.2137,3.0139,2.9786,2.5726,2.7244,2.246,2.5891,1.6079,2.154,1.1501,1.9015,0.8734,2.306,2.4787,2.3538,2.6104,2.4469,2.6632,2.4941,2.6288,2.4843,2.6244,2.4995,2.6283,2.6281,2.8709,2.8163,3.3033,3.3579,3.8293,3.8743,4.1465,4.0936,3.8453,3.884,3.3122,3.3492,2.9921,3.0207,2.7438,2.797,2.2533,2.5668,1.7529,2.237,1.1808,1.8802,0.946,2.4062,2.2845,2.157,2.5655,2.4299,2.626,2.4419,2.6919,2.4941,2.6705,2.4882,2.7225,2.6114,2.778,2.7251,2.9996,2.9644,3.5814,3.6309,3.9067,3.8947,4.0881,4.1015,3.5233,3.6107,3.1002,3.1515,2.8441,2.897,2.3572,2.5922,1.9638,2.3983,1.2742,1.8765,1.0626,2.4948,2.1587,2.0342,2.4795,2.347,2.6205,2.4454,2.6814,2.4817,2.7116,2.5287,2.7494,2.5993,2.739,2.7142,2.9056,2.8365,3.3018,3.3693,3.8064,3.8394,4.0711,4.055,3.7681,3.8376,3.2151,3.2901,2.8449,2.9388,2.5358,2.6862,1.9779,2.3919,1.4064,1.9643,1.1468,2.5202,2.0199,1.8674,2.3328,2.1952,2.6125,2.4748,2.6871,2.4805,2.7676,2.556,2.8004,2.5984,2.8551,2.712,2.84,2.7809,3.021,3.0229,3.6002,3.6695,3.8901,3.9054,4.0192,4.0652,3.4396,3.5512,2.9488,3.0658,2.6391,2.7665,2.058,2.4116,1.5567,2.1063,1.2088,2.4735
ITH3,2.4195,2.2922,2.4748,2.3385,2.4258,2.286,2.3628,2.211,2.4337,2.3488,2.527,2.5388,3.0049,3.0138,3.836,3.7794,4.258,4.1436,4.3084,4.2484,3.686,3.7022,3.1392,3.2259,2.9509,3.0905,2.6617,2.8859,2.4116,2.7716,1.7781,2.3294,1.1769,1.9487,0.8356,2.1542,2.2718,2.1623,2.4758,2.3421,2.443,2.3021,2.3995,2.2485,2.4127,2.3151,2.4859,2.4854,2.7903,2.8062,3.4859,3.4562,4.1608,4.0704,4.3202,4.2445,3.9503,3.9718,3.2913,3.3919,2.9222,3.0526,2.788,3.0025,2.3776,2.7208,1.9562,2.4712,1.257,1.9756,0.915,2.277,2.0516,1.9471,2.3958,2.2703,2.4615,2.3281,2.4545,2.2917,2.4599,2.2805,2.5426,2.4729,2.6157,2.6184,3.048,3.0362,3.831,3.7865,4.2281,4.1481,4.2573,4.2435,3.6186,3.6945,3.0531,3.195,2.8155,3.0255,2.4657,2.7818,2.1142,2.5919,1.3967,2.0295,1.0395,2.4091,1.9297,1.8211,2.2742,2.1563,2.4745,2.3337,2.4765,2.311,2.5443,2.3287,2.5596,2.4303,2.6158,2.5863,2.8699,2.8488,3.5098,3.4772,4.1464,4.0752,4.2815,4.2456,3.8966,3.9615,3.21,3.3594,2.8001,2.9936,2.5927,2.901,2.094,2.5462,1.5596,2.165,1.1431,2.4807,1.7922,1.6857,2.1187,2.0055,2.4436,2.3055,2.5287,2.368,2.5883,2.3745,2.6048,2.4042,2.6838,2.5771,2.727,2.7022,3.122,3.092,3.8635,3.8318,4.2234,4.1796,4.2238,4.2509,3.546,3.661,2.9269,3.1248,2.6251,2.9129,2.175,2.6028,1.6818,2.2645,1.2588,2.5236
ITH4,2.1519,2.0271,2.2065,2.09,2.1752,2.0289,2.0892,1.9425,2.207,2.153,2.373,2.3464,2.9244,2.7762,3.6528,3.5855,4.1,4.0379,4.1738,4.1647,3.6562,3.6388,3.1728,3.3162,3.1687,3.4164,3.0436,3.3173,2.8417,3.2821,1.9919,2.6489,1.3239,2.2172,1.0186,2.7395,2.0587,1.9282,2.2204,2.1044,2.2069,2.0742,2.1395,1.9813,2.1787,2.0888,2.3278,2.317,2.7182,2.605,3.3446,3.2275,4.0161,4.0004,4.1814,4.1362,3.9311,3.9172,3.3106,3.4294,3.0451,3.3111,3.1417,3.4212,2.7904,3.2043,2.247,2.8592,1.3952,2.2226,1.0924,2.8261,1.8554,1.7548,2.1683,2.0501,2.2272,2.1176,2.236,2.0714,2.2475,2.0404,2.4118,2.299,2.5209,2.4539,2.978,2.8379,3.6851,3.6385,4.1142,4.099,4.1812,4.221,3.6327,3.6817,3.1216,3.3276,3.0411,3.378,2.827,3.2072,2.4801,3.0782,1.572,2.3208,1.2112,2.9115,1.7327,1.6507,2.096,1.9617,2.2528,2.1427,2.2738,2.121,2.3285,2.0922,2.4133,2.2315,2.5042,2.4284,2.8102,2.6723,3.3967,3.2949,4.0518,4.0696,4.1805,4.194,3.9144,3.9671,3.2564,3.4411,2.9356,3.2824,2.938,3.3242,2.4547,3.0064,1.7979,2.5267,1.3037,2.9516,1.6296,1.5554,1.9454,1.8427,2.258,2.112,2.3368,2.1947,2.4568,2.1799,2.479,2.1918,2.5934,2.4425,2.6394,2.5573,3.0742,2.9364,3.7695,3.7583,4.1657,4.1931,4.1959,4.289,3.5814,3.712,2.9928,3.2835,2.8307,3.2708,2.4697,3.0006,1.9541,2.6899,1.4366,2.981
ITH5,2.3967,2.2584,2.3534,2.2055,2.2334,2.0827,2.1245,1.9652,2.2153,2.1155,2.4187,2.4547,3.0142,3.0531,3.9003,3.8933,4.2011,4.1694,4.1208,4.1068,3.5341,3.6747,3.0747,3.2804,2.8999,3.174,2.682,2.9471,2.5165,2.9244,2.0607,2.6053,1.4615,2.1987,1.1518,2.5314,2.2721,2.1505,2.4142,2.2694,2.2831,2.1318,2.161,2.0067,2.2177,2.101,2.3669,2.3829,2.8181,2.8576,3.5499,3.5876,4.1745,4.151,4.1567,4.151,3.7791,3.8898,3.222,3.4217,2.8002,3.0914,2.8348,3.1277,2.3851,2.7436,2.1636,2.7036,1.5342,2.2247,1.2312,2.6434,2.0694,1.9604,2.3791,2.2372,2.3541,2.2064,2.3108,2.1004,2.2981,2.0934,2.466,2.3769,2.6583,2.6822,3.1183,3.1362,3.9194,3.9243,4.1627,4.1706,4.0459,4.0931,3.4508,3.6479,2.9651,3.2316,2.7484,3.0915,2.4748,2.8132,2.1923,2.7038,1.6181,2.2361,1.3336,2.7294,1.9505,1.8416,2.2762,2.1485,2.4133,2.2641,2.3367,2.1547,2.3869,2.1349,2.5209,2.3805,2.6638,2.6377,2.9647,2.9621,3.6031,3.6223,4.1562,4.1492,4.0961,4.1289,3.691,3.8563,3.1145,3.3642,2.6606,3.0066,2.6245,2.9912,2.0867,2.5376,1.7187,2.3307,1.4301,2.7943,1.8047,1.7052,2.1317,2.0136,2.4174,2.2697,2.4373,2.2491,2.4952,2.2278,2.5899,2.3768,2.7836,2.6647,2.8425,2.8308,3.2133,3.2033,3.9563,3.9611,4.1504,4.1792,3.9875,4.0717,3.3551,3.5947,2.8233,3.1229,2.5445,2.9418,2.1723,2.5967,1.725,2.3216,1.4934,2.7461
ITI1,2.2201,2.0891,2.2624,2.1075,2.1795,2.0386,2.1119,1.9722,2.2863,2.1934,2.4395,2.4568,2.9048,2.9389,3.6599,3.7542,3.9901,4.0668,4.0235,4.1394,3.5025,3.6848,3.0847,3.3376,3.0573,3.3067,2.8789,3.2052,2.6335,3.0946,2.1074,2.6878,1.5213,2.309,1.1742,2.5795,2.1112,2.0057,2.2917,2.1344,2.2243,2.0876,2.1426,1.9873,2.2336,2.1373,2.4085,2.4109,2.7439,2.7775,3.3823,3.4571,3.9568,4.0424,4.0367,4.1614,3.7383,3.9175,3.2063,3.4567,2.9202,3.1774,3.07,3.4124,2.4865,2.9154,2.2741,2.8516,1.5719,2.2938,1.258,2.717,1.9265,1.8089,2.2389,2.1144,2.29,2.1377,2.276,2.0769,2.2939,2.0788,2.4716,2.368,2.5899,2.6253,3.0097,3.0399,3.7145,3.828,4.0153,4.1143,4.0116,4.1739,3.4637,3.688,3.0126,3.3102,2.9283,3.2389,2.6771,3.0863,2.3047,2.8772,1.6645,2.3368,1.3723,2.8353,1.7859,1.6989,2.1446,2.0338,2.335,2.1791,2.3023,2.1365,2.3521,2.1084,2.4364,2.3039,2.5746,2.5719,2.8493,2.8771,3.4433,3.5326,3.9982,4.1013,4.0453,4.2022,3.7213,3.931,3.1498,3.4463,2.821,3.1285,2.8776,3.3034,2.1983,2.7282,1.8223,2.4955,1.4648,2.8995,1.6303,1.5549,1.9991,1.8829,2.3283,2.1893,2.4145,2.2265,2.4226,2.1789,2.4332,2.2436,2.6168,2.5313,2.7186,2.7461,3.1213,3.1576,3.8094,3.9404,4.0867,4.2042,4.0328,4.2205,3.4328,3.6795,2.9267,3.2558,2.7536,3.1293,2.3834,2.8924,1.8414,2.5155,1.5714,2.9283
ITI2,2.243,2.1471,2.2947,2.146,2.209,2.0596,2.1797,2.0634,2.4388,2.3449,2.6305,2.6559,3.0067,3.0355,3.5943,3.6941,3.759,3.9258,3.8169,4.0182,3.4413,3.6637,3.0868,3.3033,3.0479,3.2902,2.7223,3.0067,2.602,2.9568,2.1023,2.7123,1.5534,2.3669,1.2287,2.6524,2.1335,2.0457,2.3338,2.1947,2.2181,2.1028,2.2092,2.032,2.3381,2.253,2.5595,2.57,2.8639,2.8797,3.3507,3.4474,3.7471,3.8991,3.818,4.0387,3.6528,3.8869,3.1832,3.4167,2.9363,3.1905,2.9498,3.2209,2.4876,2.8346,2.2396,2.8258,1.6375,2.3879,1.2996,2.8153,1.918,1.8241,2.2485,2.1551,2.3221,2.1678,2.274,2.094,2.3464,2.1463,2.5571,2.4377,2.6883,2.7292,3.0469,3.0829,3.6368,3.7587,3.7945,3.9962,3.8326,4.075,3.4396,3.6949,3.0518,3.3283,2.9868,3.27,2.5729,2.9299,2.3193,2.8067,1.6818,2.4027,1.4295,2.9535,1.7635,1.6828,2.1572,2.0625,2.3617,2.2196,2.2781,2.1455,2.4021,2.1283,2.4823,2.3359,2.6455,2.6371,2.9363,2.9471,3.4112,3.5037,3.8049,3.9707,3.8559,4.0914,3.6629,3.9384,3.1702,3.455,2.8834,3.1947,2.8196,3.1538,2.2577,2.6868,1.8189,2.5312,1.5433,3.0609,1.6227,1.5448,2.0089,1.9051,2.3274,2.232,2.4314,2.2447,2.4319,2.2033,2.4339,2.2255,2.5951,2.5016,2.7383,2.791,3.1053,3.1778,3.7063,3.8538,3.8538,4.0896,3.8767,4.1505,3.4617,3.7384,3.0125,3.3347,2.8736,3.2067,2.3463,2.8039,1.9058,2.5115,1.6419,3.1117
ITI3,2.293,2.1806,2.2899,2.1604,2.3002,2.1465,2.3118,2.1521,2.485,2.3999,2.6065,2.6124,3.0498,3.06,3.6697,3.6814,3.8881,3.9294,3.9294,3.9785,3.5147,3.6134,3.0975,3.3101,2.983,3.1688,2.6178,2.8493,2.4784,2.8891,2.1096,2.6795,1.5249,2.269,1.2083,2.562,2.1856,2.0607,2.3233,2.204,2.2973,2.1393,2.3146,2.1513,2.4377,2.3259,2.5588,2.5439,2.8396,2.8632,3.4603,3.478,3.8523,3.8659,3.925,4.0011,3.7387,3.8088,3.2289,3.4699,2.9636,3.1637,2.8091,3.0418,2.3131,2.6788,2.2445,2.8063,1.5861,2.3081,1.2928,2.718,1.9759,1.8639,2.3009,2.1723,2.3127,2.1802,2.3817,2.176,2.4408,2.231,2.5831,2.4788,2.6685,2.6476,3.1035,3.0933,3.6987,3.7223,3.9006,3.9794,3.9282,4.0308,3.5019,3.6539,3.0617,3.3274,2.9108,3.1515,2.4794,2.7811,2.2181,2.7427,1.6836,2.3629,1.4061,2.8487,1.8272,1.7223,2.1982,2.0704,2.3598,2.2216,2.3665,2.1861,2.5059,2.2489,2.5516,2.3942,2.6202,2.5816,2.9018,2.896,3.4998,3.532,3.8851,3.9211,3.9377,4.0618,3.7479,3.8669,3.2106,3.4958,2.9089,3.1546,2.6746,2.9912,2.0905,2.5527,1.8346,2.5127,1.5143,2.955,1.665,1.5727,2.0589,1.9406,2.3666,2.2407,2.4289,2.2555,2.5538,2.2748,2.5578,2.3051,2.6475,2.4984,2.7583,2.7292,3.1954,3.181,3.7752,3.8261,3.9566,4.0578,3.9569,4.0996,3.5028,3.6812,3.0109,3.3225,2.781,3.0901,2.226,2.653,1.7941,2.4419,1.6032,2.991
ITI4,2.4256,2.2924,2.4032,2.2645,2.3218,2.1845,2.3649,2.2084,2.5837,2.4467,2.7414,2.6863,3.162,3.2124,3.8023,3.9767,4.0708,4.3228,4.0946,4.3588,3.5149,3.8031,3.0571,3.3554,2.8335,3.156,2.5156,2.8825,2.292,2.7718,1.7969,2.3687,1.2104,1.8719,0.8319,1.8146,2.3577,2.2232,2.4359,2.2953,2.3438,2.2048,2.3324,2.1745,2.5291,2.3829,2.6881,2.629,3.0446,3.0478,3.5767,3.6896,4.0471,4.2763,4.0939,4.3602,3.7743,4.0575,3.1673,3.4687,2.7774,3.0996,2.6728,3.0472,2.1719,2.6182,1.8947,2.4656,1.2733,1.9291,0.9097,1.9401,2.1335,2.019,2.4133,2.284,2.4054,2.2662,2.3626,2.1869,2.4801,2.2595,2.6817,2.5588,2.8826,2.8447,3.2893,3.3424,3.8589,4.0266,4.079,4.3328,4.0549,4.3268,3.4304,3.7426,2.9323,3.2588,2.6452,3.0137,2.2599,2.6941,1.9394,2.4977,1.3563,1.9787,1.04,2.1219,1.956,1.8519,2.3353,2.2028,2.4476,2.307,2.3857,2.2296,2.4854,2.2383,2.614,2.4693,2.7906,2.7572,3.1505,3.1631,3.6264,3.7506,4.0656,4.3041,4.082,4.3637,3.7259,4.0354,3.0697,3.4078,2.6335,3.0003,2.4409,2.8882,1.866,2.3955,1.4739,2.0961,1.1369,2.2533,1.7759,1.6849,2.1907,2.0723,2.481,2.346,2.4863,2.3285,2.4537,2.2437,2.5521,2.3421,2.7723,2.6702,2.9764,2.937,3.3516,3.4047,3.8955,4.0755,4.0934,4.3604,4.038,4.3275,3.3584,3.6905,2.8042,3.1673,2.4535,2.8868,1.9801,2.4951,1.527,2.1583,1.2509,2.3683
LI00,2.701,2.3264,2.5761,2.4567,2.6793,2.7227,3.0159,2.9236,3.1706,3.0078,2.9942,3.0213,3.2711,3.1326,3.4448,3.4177,4.1343,4.1642,4.175,4.3759,3.9769,4.0665,3.5887,3.5181,3.1272,3.1055,2.6277,2.6006,1.8106,2.0821,1.1266,1.4577,0.6515,0.9691,0.4615,1.1184,2.5799,2.2935,2.6869,2.3899,2.6628,2.505,2.8181,2.9572,2.9974,2.9679,3.1499,2.9786,3.1981,3.0402,3.2837,3.2463,3.8725,3.8136,4.2525,4.3596,4.1294,4.29,3.6129,3.7173,3.0937,3.1151,2.7538,2.695,2.1437,2.3123,1.2471,1.4398,0.6824,1.0973,0.4871,1.1294,2.5502,2.2039,2.6316,2.3299,2.5397,2.44,2.6447,2.6972,3.033,2.9018,3.0855,2.9071,2.9386,3.2035,3.3216,3.2167,3.4764,3.4764,4.0799,4.1218,4.0877,4.2976,3.8831,3.9513,3.2455,3.2482,2.789,2.8913,2.3508,2.3692,1.5113,1.8733,0.8632,1.1885,0.53,1.1203,2.457,2.284,2.6015,2.2944,2.6505,2.3666,2.6247,2.475,2.8234,2.8828,2.986,2.9447,3.1719,3.1125,3.2751,3.2596,3.288,3.3241,3.7913,3.7887,4.1268,4.2481,3.9771,4.15,3.3499,3.4558,2.7254,2.8854,2.4389,2.4312,1.7808,2.0853,0.9265,1.213,0.5962,1.2078,2.4246,2.3792,2.5506,2.1902,2.6111,2.3112,2.5103,2.4246,2.6086,2.596,3.0395,2.8782,3.2462,3.1,3.1378,3.4302,3.3546,3.2639,3.463,3.4781,3.9897,4.0124,3.9393,4.0981,3.589,3.7276,2.8757,2.9891,2.417,2.6413,2.0037,2.1045,1.1417,1.545,0.7183,1.2098
LT01,2.9746,2.8391,2.3994,2.2849,2.3919,2.2545,2.688,2.5772,3.6608,3.7341,4.0054,4.1635,3.7449,3.8544,3.5099,3.6954,3.4182,3.6934,3.2149,3.6265,3.3977,4.162,2.6567,3.4412,2.2844,3.2992,1.5927,2.6004,1.5341,2.7081,1.1322,2.3236,0.7426,1.7394,0.3765,1.2784,2.9417,2.791,2.673,2.5287,2.2842,2.1349,2.5197,2.4024,3.0216,3.2227,3.822,4.0054,4.0832,4.1759,3.7088,3.8088,3.4536,3.7275,3.1923,3.538,3.3453,3.9725,2.9303,3.7712,2.3083,3.2349,1.7449,2.8884,1.3783,2.4618,1.1863,2.4572,0.7197,1.7076,0.44,1.4178,3.0058,2.7849,2.9561,2.7422,2.3693,2.2209,2.267,2.1603,1.96,2.3555,3.4941,3.6206,4.4225,4.4931,4.0104,4.075,3.5365,3.7314,3.383,3.6364,3.1163,3.5542,3.1995,4.0694,2.4552,3.3545,1.9872,3.1178,1.2678,2.4073,1.1729,2.408,0.7431,1.8384,0.5602,1.523,2.9199,2.7001,2.8867,2.6934,2.6104,2.4392,2.1848,2.0583,1.8144,2.2007,2.8291,3.2099,4.3935,4.3886,4.4661,4.4415,3.7741,3.8272,3.449,3.648,3.0905,3.4282,3.1337,3.8562,2.673,3.6229,1.9826,3.0399,1.3918,2.6354,1.0702,2.185,0.8448,1.9285,0.6261,1.5563,2.6553,2.5344,3.0529,2.8542,2.892,2.7925,2.3178,2.2264,2.2338,2.1526,2.8202,2.771,4.0756,4.0444,4.4816,4.3657,3.8306,3.7972,3.418,3.5304,3.212,3.4958,2.9059,3.4333,2.902,3.8923,2.0896,3.1071,1.6142,2.8298,1.0033,2.0567,0.7611,1.7512,0.5253,1.5737
LT02,2.4526,2.3257,2.2783,2.1807,2.7108,2.5504,3.4206,3.262,3.6498,3.392,3.0819,2.8404,2.7169,2.6713,2.9739,3.1298,3.4702,3.7253,3.6013,3.8852,3.8813,4.3356,2.9919,3.5768,2.5116,3.3531,1.8811,2.878,1.8344,3.1884,1.3677,2.8309,0.8786,2.1624,0.4487,1.5604,2.4399,2.3301,2.3145,2.2381,2.4702,2.3472,3.1645,2.9928,3.6554,3.4056,3.1376,2.9028,2.7636,2.6871,2.838,2.981,3.3249,3.5825,3.5544,3.841,3.8526,4.2615,3.4006,4.0132,2.5992,3.3864,2.0198,3.0292,1.7411,3.0606,1.4122,2.8773,0.8946,2.2136,0.5159,1.7508,2.4488,2.3364,2.4665,2.3805,2.332,2.2523,2.803,2.617,3.1351,2.8845,3.2044,3.0055,2.912,2.7963,2.6863,2.7755,3.0348,3.2554,3.5556,3.8591,3.6756,4.0559,3.8881,4.5088,2.9434,3.7086,2.3185,3.4093,1.6279,2.8088,1.4597,2.9374,0.9504,2.3525,0.5942,2.0205,2.3787,2.2555,2.4701,2.3726,2.3812,2.3055,2.5459,2.3934,2.9832,2.6856,3.3538,3.0243,3.0325,2.8651,2.7796,2.7606,2.9469,3.0844,3.4288,3.6945,3.653,3.9947,3.8751,4.4116,3.35,4.1484,2.4057,3.4132,1.7557,2.9545,1.3652,2.8121,0.9605,2.3857,0.6213,2.1512,2.131,2.0247,2.5348,2.4186,2.6026,2.4627,2.42,2.3262,2.5578,2.4111,2.8889,2.7098,3.4776,3.2339,3.4749,3.2494,3.0971,2.9667,3.1962,3.3285,3.5882,3.8801,3.6032,4.0763,3.6981,4.4955,2.6319,3.5967,1.9333,3.1636,1.2676,2.4921,0.962,2.315,0.6693,2.1147
LU00,2.8959,2.7397,2.8646,2.7086,2.9657,2.8138,3.0676,2.9158,3.1661,3.0143,3.5511,3.4439,3.8159,3.8381,3.8157,3.771,4.1144,3.9515,4.2569,3.9193,3.715,3.5195,3.1126,3.0024,2.5561,2.4886,1.9803,2.0138,1.5302,1.8056,1.1964,1.5315,0.8942,1.3293,0.4813,1.2133,2.8876,2.7405,2.8087,2.6757,2.8572,2.6828,2.9613,2.8276,3.1631,3.0013,3.6198,3.5203,3.8584,3.8429,3.8553,3.8349,3.928,3.7818,4.1714,3.8863,3.8765,3.6161,3.2347,3.0482,2.5966,2.5407,2.0948,2.0994,1.5429,1.7293,1.2132,1.5424,0.861,1.269,0.5569,1.2733,2.7398,2.6184,2.8008,2.645,2.7525,2.5766,2.8237,2.6767,3.2231,3.0619,3.7923,3.6368,3.8613,3.8251,3.933,3.894,3.8222,3.6952,3.9505,3.7242,4.0036,3.6525,3.4076,3.1927,2.7043,2.6661,2.1653,2.1781,1.637,1.7231,1.1816,1.489,0.8251,1.1686,0.6384,1.3141,2.6789,2.5889,2.7871,2.6424,2.7213,2.5655,2.7527,2.5708,3.1525,3.003,3.9105,3.6877,3.9779,3.9174,3.9555,3.8947,3.7982,3.7177,3.7733,3.5951,3.9123,3.5944,3.5197,3.2761,2.7926,2.7136,2.1717,2.2221,1.7243,1.7991,1.1854,1.4167,0.8382,1.1851,0.6529,1.3047,2.6182,2.5378,2.7504,2.6307,2.7348,2.5897,2.6935,2.4929,3.0326,2.8529,3.9135,3.7015,4.1516,3.9831,3.9556,3.8908,3.8448,3.7851,3.6334,3.5065,3.6803,3.4704,3.5982,3.3141,2.9308,2.843,2.2474,2.3371,1.7604,1.8828,1.2737,1.4357,0.8166,1.1548,0.6727,1.2824
LV00,2.5728,2.4312,2.5664,2.436,2.2655,2.1719,2.53,2.393,3.6496,3.4466,3.7761,3.6042,3.3085,3.231,3.3244,3.3671,3.3783,3.5487,3.2897,3.5899,3.5161,4.0434,2.9873,3.7107,2.5452,3.5509,1.8688,2.9642,1.8767,3.4681,1.2205,2.7137,0.7525,2.0444,0.3554,1.5013,2.6084,2.4461,2.7067,2.5922,2.3768,2.26,2.2794,2.141,3.2178,3.0509,3.7505,3.5403,3.497,3.3436,3.2393,3.2622,3.3963,3.527,3.2506,3.503,3.4461,3.9359,3.2224,3.9184,2.5744,3.525,2.0316,3.1796,1.7329,3.2025,1.3779,2.9995,0.7393,2.0175,0.4317,1.6762,2.8845,2.6844,2.6569,2.5023,2.5938,2.4604,2.2924,2.1966,2.4823,2.3248,3.5097,3.2994,3.6982,3.5292,3.2529,3.2099,3.2822,3.3834,3.3298,3.5565,3.2151,3.6028,3.381,4.0605,2.8018,3.7066,2.2759,3.491,1.561,2.8193,1.4387,3.1256,0.8221,2.182,0.5127,1.8742,2.8039,2.5985,2.6986,2.5238,2.7422,2.6309,2.4046,2.2882,2.296,2.1071,3.1297,2.9272,3.7326,3.4906,3.4884,3.3461,3.2199,3.2847,3.3631,3.5514,3.1796,3.5152,3.3118,3.9369,3.0114,3.9,2.3003,3.4556,1.7123,3.0248,1.3205,2.8829,0.9287,2.4304,0.5361,1.9262,2.435,2.3024,2.9517,2.7715,2.7083,2.576,2.6195,2.5053,2.3044,2.2071,2.4848,2.3073,3.6691,3.3714,3.9691,3.7073,3.4244,3.3156,3.1887,3.438,3.2227,3.6014,3.0736,3.6439,3.1698,4.0719,2.5172,3.6531,1.8781,3.2785,1.1655,2.4817,0.9251,2.461,0.5779,2.0215
ME00,3.2321,2.9712,3.1215,2.8533,3.418,3.179,3.6017,3.3708,3.4354,3.2091,3.7472,3.5835,3.671,3.6346,3.371,3.4909,3.2295,3.3038,3.3677,3.3967,3.4769,3.537,3.3995,3.4143,2.7766,3.1076,1.6887,2.0828,1.6827,2.2084,1.2097,1.7083,0.6715,0.9818,0.3121,0.5539,3.1185,2.8849,3.1948,2.886,3.3186,3.0836,3.5107,3.2893,3.3818,3.1381,3.5954,3.4204,3.7348,3.6568,3.4488,3.5046,3.2392,3.366,3.2676,3.2893,3.3905,3.5165,3.3927,3.4041,3.0363,3.2578,1.9825,2.429,1.4519,1.9654,1.2895,1.8111,0.7065,1.0693,0.3729,0.5946,3.1202,2.8938,3.1588,2.9035,3.1286,2.8602,3.4032,3.1687,3.3497,3.1373,3.3199,3.1077,3.7842,3.6283,3.5999,3.5743,3.3166,3.4517,3.1673,3.265,3.2737,3.3522,3.3071,3.4551,3.1732,3.323,2.496,2.9478,1.3699,1.8242,1.2295,1.7604,0.7762,1.1768,0.4735,0.7224,3.068,2.8446,3.0699,2.8401,3.2055,2.8975,3.3132,3.0817,3.2917,3.0876,3.2674,3.0378,3.6268,3.4595,3.6842,3.6176,3.4017,3.4737,3.1815,3.3325,3.186,3.2573,3.242,3.4465,3.168,3.3188,2.7263,3.0985,1.6431,2.1742,1.0435,1.5563,0.8199,1.2424,0.5176,0.777,2.9887,2.7743,3.0973,2.8734,3.1998,2.9408,3.1502,2.8836,3.2121,2.994,3.2664,3.0644,3.3795,3.1755,3.766,3.619,3.5799,3.5745,3.2853,3.4542,3.1116,3.2639,3.1614,3.3135,3.0937,3.3934,2.8225,3.1812,2.0694,2.6616,0.9823,1.4516,0.694,1.1518,0.5469,0.8223
MK00,2.9143,2.7118,2.8208,2.6539,3.0583,2.8682,3.5389,3.331,3.9624,3.748,4.08,3.8876,4.0127,3.7853,3.7584,3.6254,3.5834,3.5149,3.6179,3.5313,3.4589,3.3875,3.2627,3.235,2.6972,2.935,1.8602,2.1421,1.5194,1.8347,1.1481,1.4837,0.5554,0.8141,0.2436,0.3989,2.9122,2.704,2.8067,2.6404,2.9648,2.7755,3.2849,3.0691,3.8169,3.624,4.034,3.8386,4.0509,3.8493,3.8443,3.6537,3.5796,3.5066,3.5844,3.5084,3.4662,3.4136,3.2944,3.2659,2.8344,3.0069,2.0751,2.3989,1.5368,1.8613,1.1169,1.452,0.634,0.9089,0.2618,0.4249,2.8243,2.6384,2.8912,2.6915,2.7998,2.6351,3.0344,2.8458,3.503,3.304,3.9213,3.718,4.0352,3.8551,3.9686,3.7528,3.7051,3.5862,3.5111,3.4667,3.5038,3.4626,3.2917,3.2917,3.0164,3.096,2.3943,2.734,1.5524,1.9046,1.1314,1.4605,0.7001,0.9697,0.2976,0.5055,2.6929,2.5111,2.8972,2.6909,2.7938,2.6288,2.9492,2.7619,3.2631,3.0529,3.7872,3.6057,4.0037,3.8182,4.0174,3.8288,3.8045,3.6271,3.5211,3.4701,3.4914,3.4548,3.3139,3.3302,3.0671,3.1356,2.5325,2.8152,1.7513,2.158,1.1605,1.5009,0.6949,0.9684,0.3375,0.5623,2.5993,2.4447,3.0591,2.8689,3.0258,2.8328,2.8779,2.7242,2.9726,2.8329,3.1587,3.0053,3.3739,3.2548,3.4737,3.4112,3.5474,3.4921,3.4199,3.4687,3.3386,3.455,3.4271,3.5586,3.276,3.4331,3.0284,3.2578,2.3146,2.7776,1.375,1.7858,0.8286,1.1424,0.4695,0.6883
MT00,2.5136,2.3779,2.3891,2.2391,2.5995,2.4768,3.1293,2.8849,3.6722,3.4615,3.7756,3.476,3.8044,3.5678,3.6236,3.3972,3.1265,3.0038,3.0885,3.0517,3.5756,3.5873,3.5391,3.5007,3.4945,3.5545,3.1348,3.3699,1.6637,1.9582,1.3925,1.8704,0.7799,1.3176,0.5296,1.0727,2.5075,2.3377,2.4357,2.2607,2.5312,2.3402,2.9621,2.6173,3.5355,3.2554,3.9446,3.6668,4.023,3.6547,3.8454,3.5075,3.3115,3.152,2.9697,2.8874,3.4038,3.3081,3.4934,3.4915,3.2609,3.2942,3.283,3.4585,1.9008,2.1654,1.4535,1.8669,0.8357,1.3744,0.5517,1.1123,2.4381,2.249,2.4137,2.2955,2.3126,2.1517,2.6451,2.3178,3.4037,2.9429,4.236,3.9595,4.3619,3.8929,4.1012,3.7126,3.7055,3.4125,3.1535,2.9528,3.0097,2.8854,3.3209,3.2761,3.1699,3.1364,3.0265,3.0952,2.5956,2.8492,1.2752,1.5856,0.9517,1.3727,0.5783,1.213,2.3117,2.16,2.3139,2.1406,2.2272,2.06,2.4329,2.1418,3.4851,2.7854,4.7231,3.9732,4.933,4.1942,4.5489,3.8411,4.0522,3.4971,3.3852,3.028,2.903,2.678,3.1125,2.9274,3.0451,3.0049,2.7223,2.7684,2.606,2.8029,1.428,1.6879,0.9457,1.321,0.5978,1.2145,2.1413,2.0122,2.2437,2.0513,2.1981,2.0795,2.1679,1.9721,3.1416,2.5298,4.9442,3.6642,5.4336,4.3151,4.946,3.9096,4.3417,3.6249,3.7111,3.1991,3.032,2.7152,2.7283,2.5638,2.901,2.8457,2.6817,2.6896,2.445,2.5844,1.9662,2.2706,0.8381,1.1486,0.6835,1.279
NL11,2.4987,2.3875,2.5662,2.4459,2.8133,2.6756,3.0952,3.1514,4.3575,4.4646,3.4748,3.0971,2.9592,2.7796,2.9324,2.8131,3.6343,3.4679,3.6422,3.5791,3.5229,3.4982,3.361,3.3159,3.2059,3.1155,2.9149,2.8867,1.8814,2.028,1.3717,1.7189,0.8888,1.3627,0.6084,1.4834,2.3578,2.2982,2.4977,2.3956,2.7655,2.6047,3.1534,3.1919,4.5073,4.5308,3.5171,3.2287,3.0005,2.6888,2.7643,2.7003,3.3471,3.2046,3.5993,3.5043,3.5468,3.5276,3.3942,3.389,3.1748,3.0943,3.0907,3.0536,2.0588,2.1829,1.4395,1.7334,0.9475,1.3637,0.6441,1.5013,2.2374,2.182,2.4766,2.3609,2.5836,2.4582,3.1334,3.1562,4.461,4.509,3.6907,3.3456,3.0617,2.7776,2.7572,2.6613,2.8342,2.7685,3.5659,3.4183,3.578,3.5365,3.4221,3.4211,3.2209,3.1898,2.9768,2.9514,2.6171,2.6762,1.5749,1.7998,1.0023,1.3953,0.7145,1.4835,2.2063,2.0989,2.3401,2.2891,2.5294,2.4284,3.0628,3.0696,4.4819,4.6325,3.8147,3.4399,3.1152,2.8932,2.8141,2.604,2.6924,2.6549,3.2857,3.1871,3.5385,3.4603,3.4561,3.4556,3.2571,3.267,2.9681,2.9341,2.7848,2.83,1.7444,1.9306,1.068,1.4141,0.7568,1.4942,2.1927,2.0414,2.2422,2.1865,2.5275,2.397,2.932,2.9565,4.4954,4.7638,3.8707,3.561,3.2759,3.0114,2.8919,2.6956,2.7087,2.6518,2.8002,2.7483,3.4972,3.3776,3.4497,3.4313,3.2568,3.2831,2.9837,2.9983,2.6466,2.7122,2.1863,2.3507,1.1534,1.4436,0.8111,1.4678
NL12,2.7426,2.5996,3.0113,2.8787,3.2692,3.1504,3.1582,2.9883,3.0176,2.7143,2.7871,2.5676,2.7657,2.6281,2.878,2.8037,3.7996,3.6645,3.8572,3.7183,3.6204,3.6315,3.4697,3.3899,3.2668,3.244,3.1082,3.1051,2.1434,2.192,1.505,1.8137,0.9534,1.4335,0.6482,1.4751,2.6168,2.4885,2.899,2.7782,3.2504,3.1198,3.1916,3.0273,3.0217,2.691,2.7927,2.5699,2.7652,2.5987,2.7381,2.6743,3.4482,3.3536,3.8802,3.7222,3.7168,3.6933,3.4904,3.4756,3.2595,3.2451,3.2835,3.2274,2.3307,2.4145,1.6645,1.8958,1.0013,1.4374,0.6912,1.5458,2.4721,2.3395,2.8132,2.6691,3.0585,2.9311,3.3141,3.157,2.9614,2.6959,2.8637,2.5677,2.7505,2.5914,2.7837,2.6681,2.9005,2.8511,3.7817,3.6736,3.8248,3.7005,3.5536,3.5908,3.3717,3.3175,3.1324,3.1273,2.825,2.9142,1.8251,1.9916,1.1365,1.5029,0.764,1.5783,2.3935,2.2951,2.7006,2.5637,2.9508,2.8319,3.2887,3.1284,3.0151,2.7899,2.8928,2.6054,2.7928,2.6166,2.8076,2.6651,2.764,2.7306,3.4464,3.355,3.8467,3.7176,3.6635,3.6707,3.4048,3.4038,3.1217,3.1227,2.996,3.0239,1.9824,2.1774,1.2672,1.5801,0.8148,1.5726,2.3634,2.2861,2.5578,2.4198,2.8685,2.7168,3.1029,2.9523,3.1958,2.9352,2.8812,2.6453,2.9177,2.6918,2.8225,2.6899,2.818,2.7532,2.8982,2.8718,3.7482,3.6736,3.7516,3.6763,3.4769,3.5412,3.2154,3.2058,2.8577,2.9089,2.3966,2.6045,1.382,1.6347,0.9144,1.6238
NL13,2.5606,2.4143,2.9284,2.7925,3.3253,3.1801,3.0454,2.8115,2.441,2.1708,2.4178,2.2851,2.4751,2.4447,2.7825,2.8282,3.7535,3.8041,3.9382,3.9231,3.8417,3.8541,3.6414,3.6382,3.4953,3.482,3.2491,3.2516,2.224,2.4224,1.6662,2.0083,1.0577,1.5733,0.7073,1.5652,2.4039,2.3055,2.8344,2.6504,3.2302,3.1287,3.1442,2.8561,2.4236,2.128,2.416,2.2907,2.4666,2.4221,2.6389,2.6651,3.3925,3.5,3.9298,3.8966,3.9273,3.937,3.6999,3.7116,3.4762,3.5069,3.4639,3.4822,2.4549,2.584,1.7528,2.0801,1.1419,1.6231,0.7882,1.6466,2.3028,2.2185,2.7259,2.5625,3.0217,2.8704,3.3083,3.0652,2.4507,2.1093,2.3583,2.2843,2.5306,2.5056,2.6472,2.6411,2.8793,2.9177,3.7844,3.86,3.9199,3.9144,3.7811,3.8319,3.5517,3.5966,3.3613,3.3776,2.9854,3.0636,1.9077,2.1859,1.2432,1.6655,0.8677,1.7025,2.2478,2.1334,2.5658,2.4544,2.9173,2.7242,3.2106,3.0378,2.676,2.2579,2.3926,2.2616,2.55,2.5265,2.6519,2.624,2.7726,2.7795,3.4332,3.559,3.9147,3.9023,3.8689,3.8924,3.6159,3.6777,3.3629,3.402,3.179,3.2638,2.1064,2.3225,1.316,1.7169,0.9417,1.7408,2.2312,2.1299,2.4446,2.3518,2.7985,2.6467,3.0152,2.8153,2.8796,2.5505,2.4593,2.2603,2.586,2.5505,2.7684,2.7296,2.7894,2.7772,2.9377,2.981,3.7596,3.855,3.864,3.8884,3.6863,3.805,3.4433,3.519,3.0977,3.1555,2.5324,2.7274,1.4373,1.7928,0.9935,1.7401
NL21,2.9152,2.7859,3.1838,3.0208,3.3352,3.1859,3.1319,2.9611,3.2212,2.9696,3.117,2.8772,3.014,2.8786,3.0923,3.0045,3.807,3.6764,3.8006,3.6566,3.5787,3.5066,3.2433,3.1807,3.0437,3.0065,2.7371,2.768,1.925,2.0671,1.3895,1.7316,0.908,1.4038,0.5579,1.318,2.7883,2.6732,3.072,2.9057,3.3398,3.1823,3.1875,2.9656,3.1843,2.9318,3.1339,2.8983,2.9709,2.8209,2.9569,2.8951,3.4967,3.4286,3.8406,3.6816,3.6744,3.5809,3.3278,3.2922,3.0344,2.9933,2.9057,2.9263,2.0784,2.1845,1.4865,1.7846,0.9516,1.42,0.62,1.3853,2.6472,2.5131,2.9323,2.7765,3.1768,3.0215,3.3878,3.1679,3.2059,2.8849,3.1245,2.9005,2.9922,2.8273,2.9447,2.863,3.0503,2.9769,3.7303,3.6412,3.7085,3.5938,3.469,3.4254,3.1078,3.0827,2.8527,2.8672,2.454,2.5748,1.6318,1.852,1.0223,1.4167,0.7079,1.4686,2.5452,2.427,2.8011,2.6721,3.0705,2.9023,3.4139,3.1767,3.3416,2.9881,3.1739,2.9161,3.0483,2.8675,2.9171,2.8278,2.9246,2.8825,3.4371,3.386,3.7386,3.6098,3.5536,3.4876,3.1818,3.1718,2.8452,2.8456,2.6109,2.7186,1.7503,1.9519,1.1047,1.4603,0.7613,1.4886,2.4914,2.382,2.6692,2.5447,2.946,2.7963,3.2499,3.0404,3.5589,3.1733,3.2041,2.9358,3.1259,2.9433,3.0,2.8895,2.927,2.8877,3.0063,2.969,3.637,3.5762,3.5865,3.5018,3.3058,3.3065,2.91,2.9219,2.5518,2.6435,2.0689,2.2635,1.1909,1.5053,0.8057,1.4837
NL22,2.694,2.5561,2.9586,2.8301,3.2721,3.131,3.1671,3.0404,3.064,3.0298,2.8152,2.7512,2.7482,2.7373,2.8884,2.9369,3.7428,3.7796,3.9067,3.8541,3.7771,3.7216,3.3975,3.3966,3.2129,3.2408,2.8638,2.9372,1.9629,2.1608,1.4062,1.7541,0.9113,1.4109,0.5804,1.3623,2.5978,2.4632,2.8426,2.7014,3.2271,3.0828,3.1762,3.0517,3.1356,3.0633,2.8655,2.7859,2.7295,2.6862,2.7666,2.8164,3.3927,3.4392,3.8569,3.8509,3.8729,3.7897,3.4766,3.4907,3.1999,3.213,3.0775,3.1649,2.1174,2.279,1.5014,1.8223,0.9632,1.4374,0.6396,1.4229,2.5196,2.383,2.7638,2.6111,2.9931,2.8486,3.314,3.1527,3.1233,3.0576,2.9952,2.8614,2.7839,2.7295,2.7607,2.768,2.8841,2.9494,3.7069,3.747,3.8257,3.784,3.6527,3.6132,3.2432,3.2688,3.0117,3.0819,2.5704,2.725,1.6558,1.9242,1.0383,1.4302,0.7239,1.4982,2.4721,2.3415,2.6733,2.5283,2.8832,2.7285,3.2517,3.0966,3.1779,3.0837,3.0828,2.9412,2.8677,2.7997,2.7806,2.7505,2.7924,2.8552,3.3754,3.4279,3.7875,3.7862,3.7361,3.6825,3.3155,3.3549,2.9939,3.0428,2.7668,2.9228,1.7882,2.017,1.1206,1.4779,0.774,1.5231,2.4768,2.3409,2.5917,2.4348,2.8175,2.6515,3.0292,2.8819,3.2954,3.2278,3.0677,2.9636,3.0467,2.9442,2.8769,2.8487,2.8135,2.8476,2.8847,2.9721,3.6346,3.6945,3.6997,3.6874,3.4751,3.4836,3.0291,3.0977,2.6993,2.8394,2.155,2.3924,1.2215,1.5489,0.825,1.5034
NL23,3.3721,3.2236,3.5541,3.3834,3.7526,3.5109,3.517,3.2384,3.2554,3.081,3.2665,3.2308,3.1528,3.3011,3.1927,3.4432,4.0114,4.0543,4.0937,4.0515,3.7835,3.7672,3.2667,3.2464,2.7083,2.5896,2.1032,2.0751,1.2326,1.2777,0.839,0.9986,0.5557,0.7888,0.3662,0.7148,3.1952,3.0762,3.4299,3.2833,3.6736,3.469,3.5075,3.2345,3.3154,2.9901,3.2034,3.188,3.2437,3.3226,3.08,3.3124,3.6143,3.7746,3.9804,4.0081,3.9421,3.8552,3.3632,3.414,2.8602,2.7046,2.3415,2.3263,1.4177,1.4401,0.8803,1.0398,0.5675,0.7939,0.3975,0.7539,3.0469,2.88,3.3308,3.1826,3.4409,3.2932,3.6301,3.3204,3.1605,2.8559,3.2533,3.2409,3.3605,3.3476,3.1533,3.2905,3.1137,3.3209,3.8016,3.8706,3.8261,3.8193,3.5256,3.5589,3.0274,3.052,2.4537,2.3825,1.841,1.8831,1.0224,1.1257,0.6053,0.7805,0.4256,0.7768,3.0575,2.8599,3.1795,3.0535,3.3228,3.1911,3.5294,3.2764,3.1589,2.8876,3.2942,3.2074,3.453,3.4674,3.3289,3.4076,3.0604,3.2273,3.4575,3.5819,3.7178,3.7341,3.6057,3.5781,3.0736,3.1561,2.542,2.4505,2.0138,2.0595,1.142,1.2335,0.6409,0.8149,0.4534,0.782,3.0387,2.9163,3.0598,2.9175,3.2129,3.0663,3.2653,3.0821,3.2943,2.9696,3.2125,3.1221,3.6742,3.6672,3.5999,3.575,3.2255,3.2858,2.998,3.1797,3.5455,3.6029,3.4718,3.4895,3.1342,3.2037,2.5968,2.6778,2.06,2.0625,1.4524,1.553,0.7059,0.8471,0.4639,0.7702
NL31,3.1146,2.9639,3.1818,3.017,3.1851,3.04,2.9415,2.9371,3.2285,3.5562,3.2632,3.4307,3.2451,3.3178,3.2502,3.3355,3.9106,3.9477,3.7842,3.7407,3.5156,3.5162,3.0366,3.1133,2.795,2.853,2.3997,2.5515,1.6189,1.83,1.1603,1.4736,0.7696,1.1946,0.5314,1.2494,3.0018,2.8636,3.0909,2.9431,3.2124,3.0559,2.9804,2.9394,3.2319,3.5759,3.3102,3.4494,3.2162,3.2905,3.1337,3.1907,3.6216,3.6782,3.7642,3.7714,3.5934,3.5867,3.1467,3.19,2.7676,2.8283,2.5676,2.7201,1.7304,1.9375,1.2383,1.5305,0.7981,1.1864,0.5737,1.283,2.8728,2.7655,3.0152,2.883,3.0901,2.9294,3.1147,3.0088,3.1163,3.4289,3.4743,3.5665,3.2829,3.3373,3.1715,3.225,3.1432,3.2119,3.7261,3.7732,3.575,3.5486,3.2839,3.3044,2.7869,2.8919,2.5101,2.6204,2.1092,2.3194,1.3418,1.5998,0.855,1.1965,0.6209,1.2998,2.8309,2.7067,2.9178,2.7856,3.0084,2.8598,3.1371,3.02,3.117,3.3338,3.5272,3.6733,3.4434,3.4475,3.1844,3.2474,3.0456,3.0921,3.4584,3.5153,3.5496,3.5679,3.3422,3.3483,2.8793,2.9446,2.4661,2.5809,2.2477,2.462,1.4425,1.698,0.9205,1.2381,0.6577,1.3032,2.7805,2.64,2.8129,2.6946,2.9383,2.8093,3.0326,2.9074,3.2402,3.4245,3.4351,3.5724,3.5936,3.614,3.2735,3.3215,3.0948,3.1267,3.0047,3.0764,3.5112,3.572,3.3253,3.3262,3.0018,3.0502,2.4976,2.6429,2.1925,2.373,1.7635,2.0419,0.9981,1.3024,0.7104,1.298
NL32,2.8703,2.7319,2.8625,2.7391,2.96,2.8085,2.7935,2.7241,3.0654,3.2035,3.2229,3.3914,3.2711,3.3608,3.3149,3.3668,3.9289,3.9085,3.9446,3.849,3.6783,3.6125,3.1995,3.2118,2.9939,3.0333,2.6686,2.758,1.7845,1.9533,1.2461,1.5387,0.8353,1.2604,0.5788,1.3297,2.7653,2.6408,2.7986,2.6689,2.9268,2.785,2.7972,2.7115,3.0874,3.2122,3.3479,3.5211,3.291,3.3557,3.1873,3.2498,3.6209,3.6436,3.8651,3.8089,3.7782,3.7028,3.2787,3.2928,2.9316,2.9617,2.8297,2.9324,1.9148,2.0752,1.3465,1.6012,0.859,1.2513,0.6174,1.3416,2.6597,2.5165,2.7369,2.6069,2.7776,2.662,2.9158,2.7747,3.0127,3.1145,3.579,3.6934,3.4443,3.4741,3.2166,3.24,3.166,3.2176,3.7344,3.7359,3.7156,3.6552,3.4341,3.3982,2.9358,2.9902,2.6751,2.7884,2.3229,2.4895,1.4702,1.7043,0.9061,1.2286,0.674,1.3334,2.5961,2.4637,2.6532,2.5288,2.7251,2.5975,2.8936,2.7865,3.0086,3.0862,3.6495,3.731,3.6192,3.6306,3.2764,3.2695,3.0742,3.127,3.4434,3.481,3.6466,3.6135,3.5238,3.4686,2.9961,3.0431,2.6023,2.6995,2.4524,2.6297,1.5754,1.8024,0.9933,1.2813,0.6993,1.3317,2.4923,2.4063,2.559,2.4242,2.6865,2.5555,2.8049,2.7274,3.1746,3.2695,3.5646,3.6579,3.793,3.7748,3.4127,3.3893,3.1109,3.1467,3.04,3.1159,3.5196,3.5571,3.4576,3.4247,3.1408,3.1401,2.5981,2.7156,2.2996,2.4979,1.9049,2.15,1.0764,1.3654,0.7431,1.3031
NL33,2.9519,2.8165,2.8848,2.7675,2.9917,2.8733,3.0422,2.8573,3.3808,3.2472,3.2911,3.3099,3.2265,3.2584,3.1758,3.2044,3.7645,3.7778,3.7858,3.7406,3.5382,3.5861,3.1919,3.2226,2.9812,3.0067,2.6102,2.6982,1.7727,1.9624,1.2768,1.5876,0.8676,1.3368,0.5961,1.417,2.8982,2.7458,2.8515,2.7414,2.9626,2.8398,3.0069,2.8494,3.3927,3.2347,3.3346,3.3353,3.2005,3.2705,3.1009,3.1283,3.4827,3.5408,3.7173,3.686,3.6201,3.6578,3.2624,3.3015,2.916,2.9702,2.8079,2.8935,1.8769,2.0492,1.3644,1.6561,0.9021,1.3152,0.6469,1.44,2.7911,2.6439,2.8844,2.7552,2.8412,2.7233,3.0403,2.9205,3.3143,3.1719,3.4668,3.4249,3.2425,3.2916,3.141,3.1906,3.072,3.1313,3.6156,3.6578,3.6098,3.5908,3.3373,3.4047,2.9483,3.0165,2.684,2.7689,2.2907,2.4567,1.4654,1.727,0.9382,1.2871,0.7138,1.4404,2.7201,2.5949,2.8333,2.6808,2.8042,2.7016,3.0134,2.8892,3.3095,3.2124,3.5158,3.444,3.3538,3.3652,3.1594,3.2227,3.0203,3.0665,3.369,3.4384,3.5598,3.5363,3.4073,3.4574,3.0102,3.0709,2.6056,2.7183,2.4482,2.6182,1.5551,1.7873,1.0036,1.34,0.7415,1.4256,2.6479,2.5119,2.7227,2.5817,2.8417,2.7096,2.9188,2.8037,3.4035,3.3391,3.4604,3.3748,3.5471,3.5002,3.2613,3.292,3.1042,3.1662,3.0004,3.0732,3.4646,3.5192,3.3884,3.3948,3.0682,3.1578,2.6142,2.7494,2.3086,2.4808,1.8788,2.1301,1.0694,1.3744,0.7589,1.3822
NL34,2.5504,2.4402,2.8136,2.6105,3.1574,2.9829,2.9836,2.8443,2.6407,2.3898,2.6005,2.4502,2.6126,2.5606,2.7897,2.7916,3.6678,3.6392,3.8263,3.779,3.5919,3.6281,3.5203,3.5872,3.4555,3.5048,3.3754,3.4161,2.3195,2.4158,1.6621,1.9469,1.1158,1.6317,0.8822,1.8159,2.5,2.3757,2.7069,2.5113,3.0599,2.9318,3.0066,2.8128,2.641,2.4669,2.6295,2.4789,2.6463,2.532,2.6704,2.6279,3.3368,3.3407,3.7956,3.7949,3.6885,3.7234,3.5093,3.5837,3.3988,3.4584,3.5514,3.5955,2.5302,2.6287,1.7987,2.049,1.167,1.6424,0.9311,1.8783,2.4052,2.3311,2.6529,2.5354,2.8616,2.6688,3.0947,2.8742,2.6278,2.4284,2.6735,2.5372,2.6845,2.5747,2.6877,2.6646,2.8323,2.8543,3.6699,3.6816,3.8051,3.7674,3.5592,3.6194,3.4378,3.5218,3.2989,3.3677,3.08,3.2079,1.9984,2.1857,1.2639,1.6414,0.9825,1.9226,2.3758,2.2697,2.5956,2.476,2.7821,2.5782,3.003,2.8329,2.7007,2.4601,2.6773,2.593,2.7057,2.6058,2.7354,2.6629,2.7245,2.7,3.3808,3.3897,3.7746,3.809,3.6557,3.6963,3.4322,3.5394,3.2778,3.3393,3.2327,3.3706,2.174,2.3698,1.3821,1.7179,1.0488,1.9307,2.3668,2.2591,2.5138,2.4511,2.717,2.5987,2.8306,2.6508,2.8203,2.5289,2.6797,2.5695,2.8428,2.7232,2.8162,2.7388,2.7889,2.7904,2.8761,2.9193,3.6727,3.7037,3.7661,3.7776,3.4697,3.5485,3.2747,3.4166,3.0037,3.142,2.6166,2.8566,1.4816,1.7943,1.0907,1.903
NL41,2.649,2.5068,2.805,2.6862,3.0961,2.9587,3.0721,2.8927,3.1315,2.8959,2.971,2.8109,2.9256,2.8622,3.0137,2.9769,3.8237,3.7664,3.9957,3.8941,3.8333,3.7477,3.4255,3.3546,3.3114,3.231,2.9042,2.8983,2.0466,2.173,1.4819,1.7945,0.9176,1.3847,0.5365,1.2248,2.5481,2.4268,2.723,2.5824,3.0103,2.8987,3.0728,2.8827,3.1776,2.9077,3.0519,2.8894,2.9162,2.8283,2.9299,2.8585,3.4686,3.4557,3.9361,3.8555,3.9061,3.8378,3.5303,3.4584,3.213,3.1678,3.1246,3.0998,2.1929,2.2832,1.5775,1.8463,1.0003,1.4344,0.5999,1.3074,2.4574,2.3396,2.663,2.5234,2.8059,2.6835,3.1483,2.9541,3.176,2.883,3.1819,2.9714,3.0119,2.8808,2.9455,2.8895,2.9953,2.9742,3.7484,3.7119,3.8763,3.7961,3.677,3.6112,3.2337,3.1993,3.0557,3.0416,2.5875,2.6742,1.7079,1.9213,1.0941,1.4583,0.7112,1.4093,2.4143,2.2955,2.5703,2.4517,2.7353,2.5852,3.0578,2.9093,3.2216,2.9439,3.2782,3.0335,3.1296,2.9772,2.9585,2.8781,2.9326,2.8703,3.4187,3.4129,3.8187,3.7525,3.7414,3.6902,3.3256,3.2823,2.9584,2.9734,2.7841,2.8449,1.8324,2.0094,1.1661,1.5003,0.7817,1.4642,2.4055,2.2937,2.4925,2.3682,2.6785,2.5355,2.8812,2.716,3.3269,3.0415,3.3018,3.051,3.3497,3.1376,3.0972,2.98,2.9714,2.9283,2.9714,2.9645,3.6388,3.6264,3.7004,3.6402,3.4465,3.4221,2.9647,2.9758,2.7013,2.7745,2.1505,2.3337,1.2519,1.5319,0.8535,1.4954
NL42,2.1476,2.0833,2.3725,2.2695,2.7821,2.6896,2.8907,2.7444,3.0581,2.9563,2.7816,2.5814,2.5943,2.5235,2.6427,2.6248,3.5257,3.5126,4.0654,3.996,4.1592,4.0904,3.8494,3.7916,3.7549,3.596,3.2161,3.1818,2.3823,2.5393,1.6922,2.1077,1.0751,1.6395,0.6104,1.4722,2.0964,2.0257,2.2694,2.1658,2.6685,2.5918,2.8602,2.7569,3.0468,2.9358,2.8637,2.6868,2.6314,2.4972,2.585,2.5529,3.1376,3.1565,3.8922,3.8419,4.1676,4.1414,3.9596,3.8941,3.7091,3.6304,3.5003,3.4253,2.5362,2.6121,1.8302,2.1854,1.1664,1.7035,0.6931,1.583,2.0699,1.9651,2.223,2.1465,2.4381,2.3161,2.8986,2.8151,2.9808,2.8956,2.9508,2.7856,2.7743,2.59,2.6426,2.5881,2.6769,2.6717,3.53,3.55,4.038,4.0027,4.0884,4.0568,3.7369,3.7164,3.5617,3.463,2.9412,3.0006,2.0266,2.293,1.2618,1.7521,0.8335,1.7189,2.0492,1.9452,2.1799,2.0921,2.3389,2.2196,2.7923,2.7345,2.9992,2.9728,2.9496,2.7531,2.8653,2.7105,2.722,2.5785,2.632,2.6201,3.1637,3.1989,3.8792,3.8509,4.1157,4.1028,3.8341,3.8146,3.5157,3.4931,3.2035,3.2193,2.1608,2.3662,1.3947,1.8194,0.911,1.8014,2.0588,1.9896,2.1534,2.0388,2.2981,2.2163,2.6001,2.5376,3.1105,3.1043,2.8966,2.6911,3.01,2.84,2.8828,2.7246,2.7385,2.6843,2.7279,2.7501,3.5381,3.5769,3.9808,3.9672,3.9584,3.9649,3.5284,3.5545,3.2207,3.2243,2.4893,2.6808,1.5215,1.8764,1.0054,1.8591
NO02,2.6129,2.4521,2.7816,2.6468,3.0674,2.9156,3.3281,3.1161,3.2652,2.9807,2.6616,2.4545,2.5762,2.4428,3.0114,2.9892,3.6981,3.5657,3.6888,3.5561,3.4533,3.4055,3.4451,3.4169,3.3691,3.3576,3.1251,3.2033,2.0738,2.2929,1.4984,1.8034,1.1828,1.6316,0.9826,1.9475,2.5014,2.3469,2.816,2.6048,2.9064,2.8445,3.3256,3.0454,3.312,2.9993,2.8,2.6045,2.6827,2.4864,2.8535,2.7519,3.5053,3.442,3.7838,3.5873,3.4792,3.4247,3.461,3.4184,3.2341,3.2702,3.3163,3.3733,2.301,2.4951,1.5515,1.8656,1.1603,1.5398,0.9906,1.9191,2.3839,2.234,2.7847,2.5879,2.882,2.724,3.1731,2.9556,3.2682,2.9558,3.1003,2.7205,2.7416,2.5901,2.7421,2.6316,3.0769,3.1017,3.7044,3.5939,3.6524,3.5402,3.3984,3.3666,3.2947,3.3127,3.1796,3.217,2.8434,2.9933,1.7712,2.0515,1.114,1.4542,1.0035,1.855,2.3272,2.132,2.6479,2.506,2.9247,2.694,3.0184,2.9056,3.2524,2.8738,3.0672,2.7284,2.8413,2.7274,2.7877,2.6603,2.915,2.8636,3.53,3.5031,3.7524,3.5917,3.4234,3.4145,3.369,3.3596,3.0857,3.1539,3.0408,3.163,1.9818,2.2408,1.1936,1.5264,1.0383,1.8488,2.199,2.0745,2.5325,2.3829,2.886,2.6746,2.9516,2.7506,3.0153,2.742,2.9163,2.6722,3.1103,2.874,2.8742,2.8028,2.8437,2.7862,3.1277,3.1665,3.7222,3.6271,3.6143,3.5634,3.3474,3.3565,3.1853,3.2372,2.9537,3.038,2.4747,2.6944,1.3682,1.7041,1.02,1.7105
NO06,3.1298,2.9549,3.0442,2.9143,3.1615,2.9941,3.37,3.2039,3.8617,3.5775,3.5269,3.2026,3.3074,3.0132,3.3373,3.1114,3.7007,3.5117,3.5718,3.384,3.2393,3.0451,3.0826,3.0302,2.9208,2.8174,2.6316,2.6711,1.7436,1.857,1.2031,1.4324,0.9157,1.2777,0.7329,1.5204,3.0337,2.8871,3.0867,2.9356,3.0455,2.8753,3.2878,3.1254,3.8891,3.5882,3.7342,3.365,3.3107,3.0575,3.2062,2.9429,3.5642,3.3479,3.631,3.4661,3.2342,3.0922,3.1042,2.9749,2.8512,2.8136,2.717,2.7179,1.968,2.0401,1.2557,1.4767,0.893,1.2097,0.7557,1.5158,2.9006,2.7565,3.0829,2.9086,2.9958,2.8515,3.1921,2.9586,3.8682,3.4973,3.9662,3.5404,3.4218,3.1521,3.2218,2.983,3.2207,3.0472,3.538,3.3844,3.387,3.2261,3.0224,2.8943,2.8446,2.8413,2.6456,2.5922,2.3097,2.415,1.4599,1.6141,0.8853,1.1472,0.7721,1.4554,2.7723,2.5735,2.9927,2.8385,3.0574,2.8901,3.074,2.8634,3.7881,3.4058,3.9392,3.54,3.6036,3.2778,3.2281,3.0559,3.1028,2.911,3.4271,3.2588,3.4726,3.3364,3.0548,2.9475,2.8803,2.8058,2.6012,2.6159,2.4058,2.4747,1.6699,1.7915,0.9454,1.1927,0.776,1.4032,2.5636,2.4236,2.857,2.6925,3.0541,2.8577,3.0071,2.8487,3.7325,3.3785,3.8471,3.4504,3.7495,3.4316,3.2848,3.1605,3.1145,2.9628,3.1185,3.01,3.3904,3.2968,3.2259,3.1271,2.8514,2.7692,2.625,2.6846,2.3744,2.3889,1.9771,2.1341,1.1156,1.3259,0.8082,1.3606
NO07,2.9086,2.7606,2.9507,2.788,3.1949,3.0299,3.6141,3.3346,3.6328,3.2748,3.0883,2.8544,2.9242,2.7052,3.0565,2.992,3.7443,3.5489,3.6933,3.53,3.3804,3.2065,3.3696,3.2091,3.2173,3.0038,2.8637,2.7379,1.9576,1.9633,1.3339,1.5614,0.959,1.3648,0.7,1.5454,2.7464,2.6615,2.9796,2.8148,3.0085,2.8752,3.5131,3.2265,3.7195,3.267,3.3257,3.032,3.0582,2.7684,2.9563,2.7726,3.5175,3.3933,3.8102,3.5425,3.4341,3.2851,3.2789,3.1587,3.1892,2.9677,3.0191,2.8795,2.1226,2.1298,1.4384,1.6202,0.9392,1.2743,0.7266,1.5478,2.6202,2.5461,2.9292,2.7555,2.9683,2.7881,3.3123,3.0016,3.6206,3.2111,3.6232,3.2465,3.1615,2.8942,2.9946,2.7642,3.0807,2.9728,3.7045,3.4827,3.5872,3.4414,3.2539,3.093,3.1706,3.0533,2.9401,2.8006,2.5379,2.5078,1.6409,1.7496,0.9831,1.2578,0.7759,1.5288,2.5069,2.3921,2.77,2.6736,3.0055,2.8185,3.0957,2.8823,3.5297,3.1056,3.642,3.2474,3.2884,3.0672,3.0259,2.7958,2.9238,2.784,3.4775,3.3757,3.7185,3.4818,3.3256,3.2187,3.1355,3.04,2.9834,2.8134,2.7095,2.6788,1.8328,1.915,1.105,1.3297,0.8092,1.4954,2.3647,2.2424,2.6048,2.5367,2.9398,2.7471,2.9909,2.7741,3.2393,2.9295,3.516,3.2041,3.5772,3.2846,3.1154,2.9104,2.9601,2.7897,3.0564,3.008,3.6703,3.4872,3.5187,3.4144,3.1617,3.0376,3.0027,2.9412,2.7049,2.6441,2.205,2.2747,1.2806,1.4646,0.8996,1.5016
NO08,3.3115,3.1387,3.1085,2.9739,2.9629,2.8204,3.0403,2.8737,3.2328,3.2445,3.5681,3.6193,3.7934,3.7062,3.8818,3.6565,4.033,3.8052,3.7519,3.5325,3.3191,3.1277,2.9162,2.8841,2.599,2.6216,2.4758,2.5757,1.4709,1.6756,1.0196,1.3092,0.7778,1.1531,0.6394,1.3802,3.182,3.0268,3.1527,2.9983,2.9334,2.8115,2.9949,2.8262,3.1646,3.1749,3.6781,3.7628,3.8102,3.7143,3.7779,3.5427,3.9531,3.7169,3.8029,3.576,3.369,3.1825,2.9744,2.886,2.5363,2.5857,2.4903,2.5898,1.6792,1.8464,1.0847,1.3622,0.7467,1.0859,0.6441,1.3366,3.0212,2.8417,3.1307,2.9905,2.9994,2.8582,2.9124,2.7524,3.0741,3.0341,3.7505,3.8627,3.8417,3.7394,3.7271,3.5573,3.7149,3.4823,3.7947,3.5927,3.478,3.312,3.0186,2.8923,2.6076,2.6397,2.2767,2.362,2.109,2.2717,1.1895,1.4279,0.7418,1.0331,0.6612,1.3011,2.8868,2.7234,3.0088,2.8703,3.0413,2.8941,2.886,2.7442,3.026,2.9793,3.7062,3.7931,3.9717,3.8696,3.734,3.553,3.6059,3.3852,3.7314,3.5297,3.5476,3.3688,3.0897,2.95,2.6739,2.6498,2.2302,2.3421,2.1393,2.3027,1.3764,1.5874,0.7992,1.0834,0.6648,1.2551,2.6867,2.5727,2.8708,2.7088,3.0351,2.8898,2.9428,2.8094,2.9361,2.885,3.6302,3.6639,4.0394,3.9731,3.7902,3.6052,3.5656,3.4095,3.5222,3.3378,3.5667,3.4075,3.2181,3.0977,2.748,2.676,2.3106,2.4002,1.9652,2.1125,1.7351,1.9598,0.8938,1.1491,0.6728,1.2127
NO09,3.0487,2.8519,3.0835,2.9152,3.1908,3.0735,3.5134,3.3168,3.3926,3.1676,2.9315,2.7941,2.9854,2.8684,3.2736,3.2183,3.7336,3.6167,3.6722,3.4988,3.3357,3.3034,3.2344,3.2175,3.0102,2.9832,2.761,2.8271,1.7505,1.9746,1.2505,1.5374,0.9205,1.3291,0.7703,1.6481,2.9398,2.7313,3.1383,2.9766,3.1224,2.9585,3.4328,3.2558,3.3883,3.1169,3.0373,2.8957,3.0039,2.8586,3.1423,3.0917,3.5975,3.5118,3.7085,3.5739,3.3751,3.2945,3.2253,3.2188,2.9998,3.0053,2.8738,2.9149,1.9586,2.1375,1.3394,1.6268,0.9004,1.2668,0.7764,1.6048,2.7391,2.5802,3.1691,2.9628,3.1254,2.9519,3.2899,3.077,3.3683,3.0368,3.1669,2.9525,2.9968,2.9084,3.0895,3.0079,3.2958,3.2506,3.6457,3.5686,3.5494,3.4139,3.1882,3.1876,3.0462,3.0662,2.7882,2.812,2.4651,2.5999,1.4547,1.7315,0.9253,1.2393,0.7991,1.5502,2.6375,2.4637,3.0296,2.835,3.1901,3.0255,3.176,2.963,3.3061,2.9737,3.1357,2.8762,3.0724,2.9897,3.1096,3.009,3.1598,3.1231,3.5399,3.4796,3.5976,3.5,3.2577,3.2171,3.0666,3.0997,2.8013,2.8557,2.5987,2.6968,1.6645,1.9062,1.0179,1.3188,0.8092,1.4969,2.4846,2.3068,2.8593,2.6935,3.2184,3.0046,3.1395,2.9709,3.0484,2.7965,3.0339,2.7766,3.2274,3.1219,3.1355,3.1077,3.1577,3.0994,3.2719,3.262,3.573,3.5206,3.4397,3.3475,3.0639,3.1037,2.8562,2.9403,2.5399,2.6219,2.108,2.3227,1.1127,1.422,0.8524,1.4589
NO0A,3.3627,3.2081,3.2365,3.1206,3.278,3.1548,3.4937,3.275,3.5596,3.3627,3.4781,3.2525,3.5627,3.228,3.5425,3.1991,3.7529,3.4727,3.5711,3.2516,3.283,3.0304,3.0562,2.9071,2.8054,2.6473,2.4178,2.3831,1.5562,1.6909,1.1286,1.3708,0.8605,1.2281,0.7173,1.554,3.2478,3.0949,3.2802,3.1473,3.1845,3.0761,3.3966,3.211,3.5583,3.3236,3.6007,3.3793,3.6099,3.2744,3.4858,3.1485,3.6795,3.3349,3.6191,3.329,3.2736,2.9997,3.063,2.8975,2.783,2.6494,2.5254,2.4678,1.7292,1.8245,1.1693,1.3849,0.8372,1.1632,0.7307,1.52,3.0815,2.9251,3.3216,3.1602,3.1788,3.0716,3.2793,3.101,3.4407,3.1791,3.544,3.3326,3.5234,3.2836,3.5139,3.2065,3.439,3.143,3.596,3.3652,3.378,3.1118,3.0735,2.8742,2.8223,2.736,2.5379,2.4609,2.1309,2.1723,1.3053,1.4885,0.8433,1.118,0.7703,1.4906,2.9396,2.7856,3.1898,3.0412,3.2435,3.1121,3.1982,3.0474,3.3996,3.143,3.453,3.2195,3.5112,3.346,3.5022,3.2282,3.3607,3.1029,3.539,3.2645,3.4576,3.2352,3.1006,2.8897,2.866,2.7692,2.5647,2.5013,2.2748,2.2857,1.4807,1.6338,0.9008,1.1542,0.783,1.4755,2.7195,2.5914,3.0614,2.8942,3.2817,3.1273,3.1742,3.0459,3.2464,3.0478,3.3557,3.0864,3.5135,3.3656,3.4713,3.2996,3.4209,3.1985,3.3241,3.1033,3.4581,3.288,3.2163,3.0081,2.8966,2.7661,2.6028,2.5897,2.293,2.2902,1.8373,1.9467,1.0164,1.2455,0.8004,1.4162
PL21,2.8883,2.7414,2.6,2.4741,2.6951,2.573,3.1075,2.9817,3.787,3.6588,4.1963,4.1111,4.1046,4.0305,3.7904,3.7396,3.2748,3.2319,3.1431,3.0924,3.328,3.4038,3.3123,3.53,2.755,3.1718,1.8265,2.3058,1.3726,1.9426,1.1618,1.8967,0.7666,1.4942,0.4055,1.1054,2.7608,2.5997,2.7837,2.6615,2.5812,2.4506,2.8831,2.7629,3.5466,3.4086,3.9821,3.8991,4.2222,4.1738,3.9418,3.8679,3.4307,3.4065,3.1025,3.0629,3.1481,3.1965,3.3493,3.5342,2.9144,3.2975,2.1024,2.6288,1.3449,1.863,1.1737,1.9058,0.7929,1.517,0.4716,1.2316,2.7643,2.5948,2.8845,2.737,2.571,2.447,2.6619,2.5473,3.0589,2.951,3.7246,3.6423,4.2018,4.1361,4.0683,3.9988,3.7172,3.6841,3.1833,3.1751,3.0187,3.0261,3.1451,3.31,3.0578,3.4004,2.4539,3.0015,1.5547,2.1279,1.0871,1.7247,0.8137,1.522,0.577,1.4299,2.8424,2.6756,2.7624,2.5973,2.7499,2.63,2.5454,2.4237,2.8321,2.7306,3.5141,3.4248,4.0,3.9427,4.1857,4.1437,3.863,3.8121,3.3375,3.343,2.9787,2.9903,2.9695,3.1046,3.0817,3.3987,2.589,3.1195,1.7869,2.4193,1.0677,1.6431,0.8294,1.5436,0.62,1.5021,2.7129,2.5681,2.8699,2.6958,2.8818,2.7379,2.4871,2.3786,2.673,2.6102,3.1996,3.1602,3.83,3.7159,4.1129,4.0164,3.961,3.8778,3.5905,3.6005,3.038,3.1023,2.8354,2.9484,2.8949,3.2078,2.7166,3.2493,2.0865,2.7965,1.2303,1.8806,0.7528,1.3903,0.6365,1.5536
PL22,2.5996,2.4759,2.2928,2.1888,2.2753,2.1654,2.7151,2.595,3.412,3.2623,4.0467,3.9076,4.1059,3.9727,3.7836,3.688,3.2383,3.2137,3.2256,3.2516,3.6794,3.8581,3.8045,4.1853,3.209,3.7541,1.9817,2.5167,1.6807,2.3409,1.1947,1.9135,0.7181,1.4057,0.3323,1.0095,2.4948,2.3704,2.5006,2.3953,2.2078,2.1097,2.493,2.3731,3.1397,3.0111,3.7842,3.638,4.183,4.027,3.9433,3.8478,3.4242,3.3731,3.1221,3.1459,3.3862,3.4971,3.8188,4.1878,3.3824,3.9627,2.3162,2.9077,1.6223,2.2921,1.2779,2.005,0.7683,1.4513,0.4119,1.1282,2.4377,2.3178,2.6308,2.5056,2.3077,2.2039,2.2851,2.1802,2.7259,2.6184,3.4216,3.2708,4.0401,3.8931,4.0867,3.9591,3.7596,3.6885,3.19,3.204,3.1297,3.221,3.4906,3.7891,3.5088,4.059,2.8561,3.5762,1.6792,2.3353,1.3227,2.0737,0.8328,1.5316,0.5445,1.3231,2.4368,2.3035,2.5321,2.4111,2.5252,2.4204,2.2221,2.1288,2.5075,2.4035,3.1558,3.0258,3.7873,3.6394,4.1842,4.0328,3.9328,3.858,3.3909,3.3725,3.0438,3.1253,3.2301,3.4411,3.5325,4.0592,3.0052,3.7781,1.9735,2.6961,1.2802,2.0254,0.897,1.6143,0.6098,1.4179,2.2345,2.1205,2.573,2.4478,2.6973,2.5667,2.3003,2.1984,2.3091,2.2141,2.6979,2.5619,3.3573,3.191,4.0474,3.8816,4.1605,4.0367,3.8305,3.7966,3.1889,3.2637,3.0399,3.2351,3.2657,3.7477,3.1537,3.9531,2.4368,3.3841,1.3291,2.0949,0.9058,1.6721,0.6192,1.4873
PL41,2.9911,2.8151,2.6752,2.5087,2.6168,2.4679,3.0413,2.8876,3.6792,3.5504,4.2534,4.1247,4.2525,4.1218,3.9297,3.8251,3.2604,3.2064,2.9916,3.0108,3.3394,3.4747,3.5262,3.84,3.0458,3.5245,1.8615,2.3299,1.2199,1.7552,0.9719,1.6384,0.6313,1.2664,0.354,1.0108,2.8255,2.6688,2.9155,2.726,2.5336,2.3854,2.8076,2.6607,3.4413,3.3081,3.9706,3.8327,4.3401,4.2266,4.0943,3.9694,3.4996,3.4219,2.9573,2.9619,3.0757,3.1857,3.5163,3.7969,3.1101,3.588,2.3889,2.969,1.1482,1.6092,0.9825,1.6467,0.6504,1.2863,0.3994,1.0998,2.7943,2.638,2.9769,2.803,2.6457,2.4804,2.587,2.446,3.004,2.8553,3.6338,3.5267,4.2197,4.0888,4.1957,4.065,3.8558,3.7718,3.1738,3.1528,2.8764,2.9453,3.1444,3.3695,3.2317,3.6843,2.6916,3.322,1.5698,2.1408,0.9464,1.5282,0.6618,1.2931,0.4609,1.2191,2.8293,2.6763,2.8173,2.6596,2.8853,2.6995,2.504,2.3625,2.7742,2.6369,3.4151,3.2963,3.9492,3.8172,4.2924,4.1796,4.0245,3.9204,3.42,3.3657,2.8483,2.8997,2.9036,3.0907,3.22,3.6388,2.7452,3.3781,2.0076,2.7176,0.8855,1.4051,0.6716,1.3037,0.4914,1.2678,2.5983,2.4696,2.859,2.6973,2.958,2.7921,2.5713,2.4177,2.6042,2.494,3.0914,2.9665,3.6725,3.5198,4.1859,4.0352,4.1553,4.0406,3.7981,3.7634,3.0737,3.1208,2.7277,2.8844,2.8883,3.2565,2.8592,3.4914,2.2506,3.0578,1.2151,1.8676,0.6323,1.1986,0.4995,1.2866
PL42,2.6012,2.4875,2.455,2.3163,2.4564,2.3231,2.97,2.8534,3.4817,3.3304,4.0826,3.8532,4.1689,3.9859,3.8957,3.7512,3.1686,3.076,3.0263,2.9748,3.6594,3.7566,4.0676,4.3677,3.5286,3.9303,1.9047,2.2367,1.2468,1.8086,1.0,1.806,0.6516,1.3932,0.3433,1.0409,2.4326,2.3084,2.6283,2.5189,2.3883,2.2363,2.6989,2.59,3.3295,3.1915,3.761,3.5602,4.25,4.0398,4.0508,3.8829,3.4432,3.3265,2.9458,2.8784,3.2624,3.3011,4.0234,4.3274,3.6566,4.1128,2.5144,2.955,1.2336,1.7021,0.9978,1.762,0.6711,1.4213,0.4063,1.1915,2.3733,2.2686,2.628,2.5113,2.4587,2.3258,2.4502,2.3239,2.9548,2.8496,3.4708,3.3137,4.0534,3.8136,4.1406,3.9699,3.8569,3.7345,3.1254,3.0669,2.9522,2.9545,3.4973,3.7015,3.7752,4.2471,3.14,3.7559,1.6123,2.0782,0.9715,1.6022,0.6897,1.4654,0.4832,1.3835,2.3643,2.2474,2.4729,2.3473,2.6445,2.5388,2.384,2.2441,2.6868,2.5985,3.3298,3.1738,3.7402,3.541,4.2324,4.0355,4.0193,3.8934,3.4012,3.3347,2.8821,2.8692,3.129,3.2629,3.7497,4.2188,3.2519,3.9254,2.1314,2.7548,0.9733,1.511,0.6951,1.4283,0.5276,1.4598,2.1748,2.0565,2.5061,2.39,2.6253,2.5063,2.3593,2.231,2.4243,2.2973,2.8662,2.6956,3.385,3.1786,4.0904,3.8436,4.2105,4.05,3.9092,3.8373,3.1489,3.1338,2.8925,2.9998,3.3187,3.6913,3.4384,4.1687,2.7128,3.5752,1.2984,1.8899,0.6851,1.3236,0.5459,1.54
PL43,2.7872,2.6635,2.5481,2.418,2.5081,2.3815,3.0082,2.8885,3.5647,3.3969,4.1802,4.0204,4.2833,4.0642,3.9382,3.732,3.146,3.0403,3.0101,2.958,3.6089,3.6915,3.9538,4.2059,3.3702,3.7806,1.7816,2.1773,1.1655,1.7705,0.9376,1.7191,0.6152,1.3509,0.3298,1.0043,2.5909,2.4808,2.7894,2.6601,2.4015,2.286,2.7753,2.6371,3.3582,3.2284,3.8365,3.6762,4.3395,4.1354,4.1316,3.9127,3.4497,3.3053,2.9152,2.8586,3.2153,3.2738,3.9349,4.1654,3.4847,3.9228,2.4272,2.8919,1.1252,1.6596,0.9387,1.6867,0.6209,1.3566,0.3839,1.1436,2.5054,2.3672,2.7978,2.6774,2.5428,2.4167,2.5053,2.3845,2.9763,2.8922,3.5519,3.343,4.1249,3.9308,4.2369,4.017,3.9034,3.7094,3.1025,3.026,2.9282,2.9256,3.4299,3.6216,3.6425,4.0743,2.9859,3.6038,1.5064,2.0131,0.9063,1.5704,0.6421,1.3753,0.4501,1.3132,2.4615,2.3343,2.6236,2.4988,2.7901,2.6694,2.4067,2.2931,2.7669,2.6488,3.3715,3.1913,3.8123,3.6102,4.3408,4.1058,4.1203,3.9063,3.4133,3.2998,2.8544,2.8351,3.0671,3.2179,3.6232,4.0244,3.0778,3.7323,2.0478,2.6798,0.8765,1.4639,0.6396,1.3634,0.4774,1.3547,2.1993,2.1563,2.6461,2.4838,2.8181,2.6835,2.4767,2.3762,2.4883,2.358,2.8332,2.6233,3.3918,3.1397,4.1391,3.944,4.2757,4.1409,3.9646,3.8192,3.1161,3.0995,2.8627,2.9611,3.2509,3.6317,3.2911,4.0007,2.5659,3.4343,1.2035,1.8285,0.6155,1.2811,0.4902,1.4093
PL51,2.6058,2.4761,2.3145,2.2031,2.2668,2.157,2.7295,2.6094,3.3742,3.2687,4.1605,4.0361,4.2812,4.1519,3.9371,3.7861,3.1298,3.0307,2.9189,2.9098,3.5651,3.7285,4.0163,4.3775,3.5156,4.0701,1.8649,2.3274,1.2681,1.9633,1.0718,1.9689,0.7088,1.592,0.4067,1.2079,2.4676,2.327,2.5538,2.4464,2.1891,2.0793,2.4955,2.3742,3.114,3.0203,3.8165,3.7377,4.4236,4.2625,4.1291,3.9795,3.433,3.3173,2.8523,2.8137,3.1409,3.2792,3.9198,4.2555,3.6378,4.2238,2.4803,3.0503,1.2301,1.8112,1.0567,1.933,0.7228,1.5764,0.4674,1.3826,2.4315,2.3084,2.6356,2.5034,2.3136,2.2026,2.2646,2.1511,2.7083,2.6211,3.4322,3.3594,4.2437,4.126,4.2861,4.1601,3.9016,3.7707,3.0696,3.0056,2.8232,2.8736,3.3648,3.6508,3.6874,4.2346,3.1068,3.8637,1.5762,2.1588,0.9917,1.7376,0.7397,1.5781,0.546,1.5717,2.4788,2.3396,2.5068,2.3654,2.5583,2.4501,2.1903,2.0797,2.4798,2.3867,3.1794,3.123,3.9138,3.8414,4.4474,4.2971,4.0987,3.9724,3.3727,3.2939,2.7617,2.7802,2.97,3.2089,3.6013,4.1115,3.2062,4.0038,2.0878,2.8166,0.966,1.5991,0.7363,1.5558,0.582,1.6375,2.3224,2.1899,2.5376,2.4163,2.6024,2.4672,2.1881,2.0842,2.313,2.2489,3.0179,2.9569,3.6743,3.5327,4.3265,4.1366,4.3017,4.1622,3.8764,3.7878,2.9961,2.985,2.6765,2.8226,3.08,3.5238,3.2172,4.0115,2.58,3.5615,1.2262,1.8981,0.6699,1.3913,0.5775,1.6398
PL52,2.4153,2.3059,2.2439,2.1051,2.4032,2.2741,2.9089,2.8338,3.7051,3.5298,4.0484,3.9186,3.8377,3.7285,3.6409,3.5108,3.291,3.2326,3.3991,3.3035,3.802,3.8075,3.7287,3.9515,3.1854,3.6509,1.8231,2.2588,1.6147,2.3718,1.2982,2.1677,0.7468,1.5321,0.3372,1.0872,2.3235,2.193,2.404,2.2716,2.2698,2.1314,2.6881,2.5916,3.3959,3.2827,3.9141,3.7213,3.9941,3.8374,3.7387,3.623,3.3761,3.3287,3.2908,3.1926,3.5867,3.5709,3.7955,3.9851,3.3375,3.7975,2.2696,2.7945,1.4911,2.108,1.3497,2.2697,0.8146,1.5915,0.4204,1.2491,2.3239,2.1782,2.4633,2.3417,2.2782,2.1321,2.4302,2.3058,2.931,2.8691,3.7039,3.473,4.0459,3.8621,3.8393,3.7081,3.6523,3.5206,3.2591,3.2224,3.3306,3.2828,3.6489,3.773,3.4794,3.865,2.8516,3.5103,1.5613,2.1218,1.2744,2.1145,0.8927,1.7478,0.5583,1.4472,2.3487,2.2323,2.3713,2.2422,2.4445,2.3124,2.2929,2.1662,2.701,2.6193,3.4236,3.2522,3.9134,3.6861,3.9794,3.8253,3.7519,3.6389,3.3621,3.3398,3.2376,3.176,3.4418,3.5356,3.5507,3.9001,3.0011,3.6505,1.9333,2.6172,1.1785,1.8696,0.9316,1.8401,0.6436,1.5893,2.2342,2.1297,2.4927,2.3417,2.5312,2.4212,2.2575,2.1305,2.4358,2.3198,2.7547,2.6022,3.4013,3.1967,3.9253,3.8427,3.9349,3.8552,3.773,3.6937,3.339,3.3658,3.3297,3.3638,3.5069,3.7939,3.1874,3.8297,2.4705,3.3774,1.256,1.9336,0.8717,1.7245,0.6742,1.7021
PL61,2.7456,2.6086,2.5387,2.4114,2.5817,2.4429,3.0945,2.9801,3.6266,3.514,4.1158,3.9484,4.0564,3.8809,3.7988,3.702,3.236,3.215,3.0537,3.108,3.5275,3.6523,3.7285,4.0049,3.1322,3.6571,1.8405,2.3404,1.315,1.9081,1.0437,1.7427,0.668,1.3607,0.3573,1.0617,2.5688,2.4091,2.7367,2.6213,2.4785,2.3522,2.8514,2.7169,3.4581,3.3688,3.8455,3.6803,4.1623,3.9918,3.9076,3.7937,3.4489,3.3946,3.0106,3.0575,3.2195,3.3309,3.7505,4.0064,3.2477,3.7532,2.3362,2.933,1.2697,1.8158,1.0452,1.754,0.6935,1.3887,0.4169,1.1839,2.4802,2.3338,2.7619,2.6219,2.543,2.4177,2.5946,2.457,3.0765,2.9785,3.6101,3.4757,4.0527,3.886,4.0014,3.8575,3.7601,3.6873,3.1808,3.1992,2.9749,3.0768,3.3652,3.5887,3.4559,3.8824,2.7877,3.4721,1.563,2.1666,1.0241,1.6854,0.7113,1.4064,0.5076,1.3562,2.4819,2.3288,2.5912,2.4345,2.7519,2.6358,2.5056,2.3771,2.8359,2.7186,3.4483,3.3265,3.7917,3.6323,4.125,3.9818,3.8776,3.7916,3.406,3.3885,2.9405,3.0353,3.0816,3.2816,3.4808,3.8868,2.9003,3.5662,1.987,2.7192,1.0008,1.6012,0.713,1.4161,0.5399,1.4193,2.349,2.206,2.6294,2.4824,2.8061,2.6705,2.5064,2.3783,2.5766,2.4327,2.8938,2.7353,3.3889,3.2266,3.9849,3.8187,4.0125,3.9102,3.7828,3.7769,3.1806,3.2631,2.9215,3.1285,3.2139,3.6093,3.1757,3.8323,2.4225,3.3186,1.2591,1.9729,0.7178,1.3789,0.5534,1.484
PL62,2.8027,2.6341,2.5953,2.4722,2.6944,2.5462,3.2075,3.0912,3.8639,3.6698,4.2669,3.9684,4.1093,3.8728,3.7987,3.5533,3.18,3.0779,3.2136,3.1535,3.741,3.7604,3.7508,3.9686,3.0459,3.4101,1.6011,1.9748,1.1917,1.7895,0.9576,1.7165,0.6214,1.3633,0.3322,1.0034,2.6088,2.4639,2.8003,2.6493,2.5779,2.4321,2.9468,2.834,3.6578,3.4766,4.0076,3.7319,4.2336,3.9632,3.9164,3.6848,3.4142,3.2395,3.0632,3.0263,3.4391,3.4548,3.8506,4.0348,3.2213,3.6217,2.1175,2.5434,1.1262,1.6421,0.9742,1.7086,0.624,1.3787,0.3855,1.1489,2.4842,2.3575,2.8302,2.6586,2.604,2.4782,2.6973,2.5505,3.1942,3.0896,3.8181,3.552,4.1501,3.8169,4.0247,3.8203,3.7363,3.536,3.1259,3.0687,3.1322,3.142,3.5658,3.7081,3.4765,3.8708,2.7093,3.2627,1.3546,1.8432,0.9202,1.594,0.6429,1.3899,0.4582,1.3363,2.4633,2.3494,2.6517,2.4939,2.8252,2.665,2.5898,2.4432,2.9425,2.8348,3.6138,3.3681,3.8928,3.5917,4.1544,3.9158,3.8662,3.6784,3.3629,3.2395,2.9918,3.0249,3.2908,3.4251,3.584,3.9439,2.8723,3.4708,1.7923,2.3764,0.8781,1.4587,0.6624,1.3943,0.4803,1.4116,2.308,2.1892,2.6513,2.502,2.8583,2.6804,2.5603,2.448,2.6658,2.4911,2.8764,2.6292,3.3818,3.0864,4.0239,3.7447,4.0525,3.8933,3.7838,3.6449,3.1462,3.1668,3.1088,3.2385,3.4661,3.8141,3.2591,3.9199,2.3975,3.2027,1.0971,1.7318,0.6419,1.3486,0.5061,1.4835
PL63,3.0471,2.8655,2.7259,2.582,2.6404,2.519,3.0137,2.8544,3.6388,3.5016,4.1675,4.1047,4.1235,4.0502,3.8938,3.823,3.2363,3.1381,3.0105,3.0026,3.3641,3.4398,3.5889,3.8954,3.1364,3.5454,1.7784,2.1572,1.3179,1.8312,1.0586,1.6794,0.6705,1.2547,0.3475,0.996,2.859,2.6972,2.974,2.8143,2.5669,2.4415,2.7993,2.6605,3.3882,3.246,3.9118,3.8454,4.2416,4.174,4.008,3.9406,3.4568,3.3908,2.9686,2.9121,3.1007,3.1496,3.5388,3.7908,3.2188,3.6607,2.257,2.7118,1.2719,1.7241,1.0635,1.6932,0.7017,1.2987,0.4129,1.1091,2.847,2.7069,3.0303,2.857,2.6837,2.5434,2.5834,2.475,2.9509,2.8293,3.6224,3.542,4.1649,4.1102,4.0614,3.9951,3.795,3.7496,3.1298,3.0667,2.8765,2.9186,3.1544,3.3178,3.2762,3.7185,2.7589,3.3144,1.4981,1.9659,1.0216,1.5955,0.7336,1.3409,0.5034,1.2616,2.9282,2.7678,2.8534,2.6917,2.9267,2.7748,2.511,2.3939,2.7409,2.6378,3.3827,3.3168,3.9358,3.8823,4.1889,4.1388,3.9151,3.8697,3.3432,3.3132,2.833,2.8294,2.9055,3.0343,3.223,3.6127,2.8291,3.4205,1.8952,2.4685,0.9853,1.4902,0.7355,1.3463,0.5516,1.3272,2.6945,2.5504,2.902,2.7564,2.9542,2.7831,2.5233,2.4014,2.542,2.4959,3.0976,3.0822,3.7884,3.7034,4.1734,4.0682,4.0326,3.9573,3.7233,3.7039,3.0257,3.008,2.7128,2.8214,2.8686,3.1825,2.8714,3.495,2.3013,3.0214,1.1629,1.712,0.6894,1.257,0.5648,1.3721
PT11,2.2071,2.1232,2.4709,2.3635,2.8368,2.7055,2.8829,2.7418,2.8726,2.8445,2.9289,2.9671,3.2812,3.4986,3.7804,4.0427,3.7519,4.0306,3.7712,4.0885,3.5881,3.8817,3.1725,3.5043,2.8756,3.2227,2.2377,2.7019,1.8077,2.301,1.5347,2.1482,1.0264,1.6669,0.6704,1.4703,2.0711,1.9746,2.3864,2.2841,2.7353,2.6071,2.875,2.7484,2.8091,2.7771,2.7314,2.7896,3.09,3.3154,3.5661,3.8703,3.7704,4.1038,3.6792,4.0485,3.7041,4.0566,3.3079,3.6781,2.9641,3.346,2.4957,2.9406,1.8665,2.3646,1.5925,2.2333,1.0902,1.7236,0.759,1.6445,1.9593,1.8611,2.2787,2.1872,2.5166,2.4035,2.8649,2.7326,2.7776,2.6788,2.6914,2.7074,2.7989,2.9323,3.2221,3.5365,3.7404,4.0627,3.6866,4.0303,3.6885,4.0885,3.509,3.9061,3.1329,3.555,2.818,3.2511,2.1393,2.6751,1.6023,2.174,1.1969,1.847,0.8914,1.856,2.0171,1.9336,2.1164,2.0264,2.4122,2.3115,2.7385,2.608,2.8008,2.7062,2.6824,2.6699,2.6626,2.7597,3.0985,3.3488,3.5801,3.8652,3.7165,4.0541,3.6067,4.0055,3.5964,4.0099,3.2657,3.7116,2.9166,3.3573,2.4225,2.9272,1.6956,2.2259,1.2797,1.9292,0.9781,1.9633,1.9514,1.8418,2.0124,1.9064,2.3038,2.2141,2.5156,2.4061,2.8416,2.7076,2.7818,2.6474,2.7581,2.7476,2.8994,3.0053,3.3051,3.5611,3.7282,4.0306,3.611,3.9689,3.5669,4.0244,3.4345,3.8756,3.0795,3.5395,2.7141,3.1874,1.9626,2.5086,1.3131,1.8558,1.1063,2.0862
PT15,2.6204,2.4849,2.7312,2.5672,2.6277,2.4745,2.5317,2.42,2.5778,2.5304,2.841,2.8897,3.3961,3.6311,4.0383,4.1818,3.5989,3.7993,3.444,3.6628,3.3724,3.5236,3.1072,3.2491,2.9525,3.0507,2.4484,2.7468,2.146,2.412,1.7718,2.2998,1.294,1.8183,0.9719,1.7868,2.41,2.2564,2.7115,2.5698,2.6389,2.4602,2.53,2.4155,2.5298,2.4686,2.6269,2.6358,3.1569,3.4049,3.7841,4.047,3.7478,4.0148,3.4705,3.6998,3.3934,3.6818,3.2314,3.4018,3.0236,3.1894,2.6815,2.8736,2.1791,2.5084,1.8044,2.284,1.3503,1.8806,1.0263,1.9115,2.2764,2.1628,2.5463,2.4235,2.6557,2.5009,2.5467,2.393,2.4411,2.3619,2.5288,2.568,2.8546,2.9517,3.3191,3.6603,3.9032,4.1575,3.5175,3.8425,3.3766,3.7521,3.3599,3.6447,3.1878,3.3889,3.0341,3.1694,2.3891,2.682,1.8454,2.1802,1.3236,1.9151,1.1206,2.019,2.2978,2.2287,2.3511,2.2158,2.5474,2.454,2.5281,2.3539,2.4503,2.3526,2.5036,2.5266,2.7298,2.7978,3.2003,3.4726,3.6881,3.9668,3.6292,3.9522,3.3614,3.7076,3.3434,3.7375,3.277,3.5251,3.1531,3.3195,2.7227,2.8659,1.9731,2.288,1.3806,1.873,1.1585,2.067,2.2473,2.1765,2.2939,2.1731,2.4945,2.3923,2.5914,2.4391,2.5338,2.358,2.5517,2.3908,2.6957,2.703,3.059,3.1296,3.4088,3.6798,3.8269,4.0483,3.3971,3.7293,3.2272,3.6637,3.2489,3.6096,3.1683,3.4061,2.9533,3.1319,2.2064,2.4811,1.4523,1.81,1.1936,2.1278
PT16,2.0716,1.9609,2.3042,2.1865,2.5738,2.4384,2.5626,2.4536,2.6007,2.5265,2.683,2.6935,3.1323,3.2617,3.5623,3.7738,3.5207,3.6956,3.5155,3.7357,3.4739,3.7007,3.1958,3.4344,2.9987,3.2996,2.5213,3.0574,2.2846,2.9214,2.057,2.8189,1.4759,2.2857,1.0346,2.1871,1.9551,1.8663,2.2468,2.1318,2.5168,2.3655,2.5786,2.4644,2.5046,2.4163,2.4766,2.4666,2.9272,3.0585,3.4209,3.6576,3.5184,3.7673,3.4854,3.6956,3.5293,3.8345,3.3276,3.6,3.1076,3.3913,2.7487,3.2468,2.2952,2.9383,2.121,2.8732,1.5437,2.3718,1.1486,2.4021,1.8668,1.7834,2.1771,2.0648,2.3781,2.2733,2.6094,2.4724,2.4416,2.3316,2.3853,2.2998,2.5478,2.6348,3.1024,3.3143,3.5437,3.8226,3.4845,3.7505,3.4883,3.8019,3.4768,3.8108,3.2551,3.5902,3.0799,3.4716,2.5366,3.148,2.1078,2.8314,1.6497,2.4805,1.319,2.6683,1.9301,1.8449,2.0495,1.9578,2.2946,2.215,2.5456,2.3963,2.5128,2.4072,2.3397,2.243,2.3546,2.416,2.9302,3.1136,3.4445,3.6848,3.4704,3.7695,3.4529,3.7252,3.4812,3.8804,3.3734,3.7362,3.1824,3.541,2.8069,3.3636,2.1801,2.8443,1.7449,2.5429,1.4177,2.8067,1.8871,1.7731,1.9807,1.8787,2.2361,2.13,2.4033,2.3106,2.6222,2.488,2.5107,2.3684,2.5016,2.4044,2.7145,2.7971,3.2446,3.4108,3.5655,3.8328,3.4436,3.7282,3.4004,3.7751,3.439,3.8312,3.2507,3.6406,3.026,3.4746,2.3576,2.9921,1.728,2.4302,1.5198,2.9027
PT17,2.8007,2.6592,2.7501,2.592,2.6682,2.5557,2.5156,2.4602,2.6439,2.6585,2.8588,2.9767,3.417,3.7151,4.0049,4.3285,3.5794,3.8267,3.2782,3.5989,3.0288,3.4423,2.8429,3.3501,2.8887,3.4665,2.6018,3.161,2.0392,2.4967,1.5894,2.2117,1.0329,1.7437,0.6616,1.5546,2.6399,2.5129,2.7889,2.6254,2.7224,2.5909,2.6251,2.5511,2.6938,2.6784,2.7242,2.7855,3.2097,3.4648,3.8364,4.2085,3.7471,4.083,3.2887,3.6189,3.074,3.4913,2.8125,3.3406,2.7138,3.3369,2.6104,3.2308,2.1235,2.6143,1.6402,2.2772,1.0869,1.7931,0.746,1.7132,2.4706,2.3426,2.7092,2.5772,2.7272,2.5904,2.7597,2.6602,2.6923,2.6828,2.8426,2.907,2.9349,3.1095,3.3978,3.7592,3.9091,4.3195,3.4634,3.8286,3.1297,3.5835,2.8353,3.371,2.6006,3.2035,2.5697,3.221,2.221,2.8843,1.6577,2.235,1.1719,1.8422,0.8694,1.9207,2.4383,2.3248,2.5142,2.3988,2.691,2.5679,2.7231,2.6297,2.7484,2.7122,2.8937,2.9789,2.9095,3.0623,3.2796,3.5651,3.7824,4.1846,3.6171,4.034,3.1404,3.5891,2.8948,3.4268,2.6207,3.2429,2.4767,3.1422,2.2878,2.9604,1.7532,2.3267,1.2361,1.8884,0.9461,2.0117,2.4144,2.3061,2.3839,2.2646,2.6382,2.5318,2.6732,2.5722,2.7469,2.6871,2.7711,2.7658,2.9838,3.0907,3.0345,3.2366,3.4277,3.7586,3.8185,4.2534,3.3424,3.7671,2.9739,3.5228,2.7244,3.3307,2.4982,3.1431,2.388,3.0828,1.9431,2.6209,1.2987,1.8702,1.0496,2.0852
PT18,2.1229,2.0307,2.2951,2.1894,2.5213,2.3295,2.4097,2.2699,2.5672,2.3704,2.7581,2.5871,3.1572,3.1246,3.6624,3.6723,3.4721,3.4002,3.4503,3.5156,3.5158,3.5587,3.183,3.3162,2.9836,3.1649,2.5663,3.0975,2.3557,3.0675,2.3657,3.1742,1.7306,2.5179,1.2282,2.2683,2.0319,1.9319,2.2444,2.1721,2.487,2.3233,2.4639,2.2903,2.4301,2.2664,2.5663,2.4083,2.9756,2.9782,3.5076,3.579,3.5067,3.5445,3.4167,3.4783,3.5523,3.6464,3.3131,3.4718,3.0824,3.2746,2.7202,3.1821,2.3154,3.0312,2.3273,3.1699,1.7821,2.625,1.373,2.5304,1.9241,1.8719,2.2417,2.1595,2.4025,2.3037,2.5714,2.3417,2.3626,2.1306,2.4338,2.194,2.6894,2.5719,3.1355,3.2102,3.6667,3.7547,3.4772,3.5095,3.449,3.6354,3.5363,3.7036,3.1968,3.4664,2.9873,3.3233,2.5136,3.1708,2.1344,2.9508,1.8542,2.7751,1.523,2.8274,2.013,1.9284,2.1345,2.0449,2.3341,2.2818,2.5475,2.3634,2.4888,2.1892,2.3887,2.0758,2.5557,2.3207,3.0348,3.0265,3.565,3.6283,3.5285,3.5907,3.4229,3.559,3.5477,3.728,3.3374,3.5986,3.0935,3.4114,2.6987,3.2642,2.148,2.9331,1.8689,2.7528,1.6036,2.9917,2.0042,1.9092,2.0536,1.973,2.3283,2.2409,2.4611,2.3677,2.6596,2.3864,2.5456,2.2046,2.626,2.3099,2.9233,2.7262,3.3331,3.3434,3.7409,3.7868,3.4791,3.5336,3.4023,3.6455,3.4931,3.7216,3.1564,3.4815,2.8668,3.2827,2.2579,2.9586,1.6728,2.4571,1.6285,3.0388
PT20,2.7729,2.6243,2.9295,2.809,3.2367,3.0443,3.4372,3.2314,3.5626,3.397,3.6949,3.5475,4.0012,3.9184,4.1307,4.151,3.7476,3.6226,3.6206,3.6376,3.4684,3.4725,2.852,2.839,2.38,2.4616,1.7458,2.1463,1.316,1.7498,1.1062,1.7161,0.724,1.2957,0.4602,1.1492,2.6057,2.4857,2.8516,2.7558,3.1187,2.9177,3.2618,3.1146,3.3806,3.2293,3.5397,3.3925,3.8254,3.7937,4.1711,4.1489,3.841,3.8319,3.6424,3.5767,3.6252,3.6803,3.0147,3.0871,2.637,2.6518,1.8325,2.2156,1.4313,1.8588,1.0667,1.6336,0.7584,1.3664,0.4538,1.202,2.3895,2.2459,2.7837,2.6556,2.9268,2.8201,3.162,2.9628,3.0825,3.0038,3.2361,3.1741,3.5173,3.5118,3.9307,3.9839,4.0797,4.196,3.6922,3.6708,3.6219,3.6918,3.4306,3.5143,2.7916,2.8716,2.2715,2.469,1.5705,2.0827,1.0809,1.5873,0.7884,1.3902,0.5114,1.301,2.4048,2.2407,2.5886,2.4731,2.8375,2.7645,3.0897,2.8699,2.9779,2.913,3.0138,2.9876,3.3288,3.3301,3.7619,3.8404,4.1276,4.1769,3.7851,3.8437,3.6468,3.6236,3.5704,3.6877,2.9509,3.1327,2.5271,2.6502,1.7085,2.1635,1.2125,1.6954,0.7773,1.3475,0.5504,1.4002,2.3321,2.173,2.3713,2.2251,2.7723,2.6636,2.8972,2.8056,3.1055,2.9526,3.0064,2.9934,3.175,3.1667,3.5244,3.5631,3.9446,4.02,4.0187,4.1624,3.609,3.6444,3.4907,3.6344,3.27,3.4557,2.6107,2.8052,2.0464,2.3584,1.3218,1.8582,0.775,1.2593,0.5726,1.4151
PT30,2.3121,2.2203,2.8521,2.6786,3.1015,3.0168,3.1222,2.9042,3.0724,2.9356,3.2246,3.1457,3.6286,3.6577,4.243,4.2687,3.8557,4.0763,3.8976,4.2951,3.3501,3.904,2.721,3.2575,2.3246,2.8241,1.7075,2.5362,1.3251,2.3219,1.109,2.178,0.7217,1.5311,0.4376,1.242,2.0825,2.0201,2.6931,2.4991,3.0347,2.9462,3.008,2.7968,2.9222,2.8243,2.9548,2.8302,3.355,3.4085,3.9811,4.1142,4.0281,4.2303,3.8965,4.2392,3.7393,4.3223,2.9183,3.5401,2.5577,3.0677,1.89,2.652,1.4133,2.4354,1.1137,2.1381,0.774,1.7545,0.4829,1.3357,1.9305,1.8791,2.4391,2.3144,2.8868,2.7028,3.0074,2.915,2.7032,2.5235,2.5785,2.4972,2.9266,2.9732,3.4464,3.6662,4.1792,4.3122,3.8534,4.1684,4.0223,4.4859,3.4543,4.0956,2.7808,3.4563,2.3363,2.9628,1.6652,2.5777,1.1741,2.2495,0.8499,1.8552,0.5504,1.5804,2.0462,1.9788,2.1814,2.1227,2.7015,2.5069,2.9308,2.8582,2.6592,2.5061,2.4566,2.4351,2.6656,2.6915,3.2424,3.4226,3.9081,4.0883,3.9787,4.2184,3.9543,4.3165,3.8155,4.4728,3.0357,3.6883,2.5794,3.2224,1.893,2.7027,1.3414,2.327,0.8615,1.8172,0.6142,1.759,1.9085,1.8503,2.0081,1.955,2.4383,2.3383,2.8386,2.6713,2.9106,2.8858,2.6217,2.5158,2.5493,2.5532,2.9882,3.0964,3.4892,3.7108,4.1245,4.2614,3.7686,4.1229,3.9107,4.4444,3.3873,4.1012,2.7366,3.4931,2.2096,2.9327,1.5027,2.3871,0.9344,1.833,0.6695,1.8507
RO11,2.6055,2.4856,2.7516,2.6234,2.7608,2.649,2.842,2.7069,3.6653,3.5961,3.6823,3.4637,3.7838,3.6043,3.9924,3.81,4.0599,3.8822,3.1764,3.0874,3.0661,3.1939,3.3176,3.6625,2.8388,3.3538,2.0605,2.6435,1.7009,2.4459,1.2345,1.9917,0.7741,1.3331,0.3915,0.7629,2.5163,2.3896,2.7902,2.6698,2.7401,2.608,2.7885,2.6736,3.2276,3.1319,3.9304,3.7169,3.6566,3.4315,3.9828,3.806,3.9166,3.7149,3.7253,3.5658,2.9007,2.9403,3.2783,3.5826,2.9348,3.4686,2.2244,2.8232,1.6615,2.35,1.2758,2.0928,0.7821,1.3704,0.4556,0.8767,2.6908,2.5505,2.6656,2.5412,2.7821,2.6556,2.7406,2.6281,2.7274,2.628,3.6433,3.5418,3.7427,3.4771,3.835,3.628,4.0074,3.8012,4.0356,3.8205,3.1139,3.0429,2.9176,3.1333,3.054,3.555,2.5225,3.1943,1.7256,2.4137,1.2983,2.0716,0.8014,1.4419,0.5377,1.0337,2.7563,2.6214,2.5825,2.454,2.8205,2.7023,2.7286,2.5681,2.6428,2.551,3.1516,3.0751,3.9557,3.7719,3.7038,3.462,4.0118,3.804,3.8972,3.6712,3.6504,3.5228,2.764,2.8878,3.0177,3.4885,2.6026,3.3095,1.8706,2.5939,1.2785,2.0072,0.8372,1.5353,0.5842,1.1184,2.7036,2.5538,2.8478,2.7015,2.9009,2.7687,2.8663,2.7437,2.6981,2.6404,2.7797,2.6896,3.4351,3.3042,3.6188,3.408,3.8266,3.5885,3.9593,3.7779,3.9279,3.8819,2.9565,3.0728,2.7271,3.192,2.7381,3.5068,2.0875,2.9255,1.277,2.0293,0.7926,1.4908,0.5023,1.0792
RO12,2.752,2.5839,2.8311,2.7032,2.7655,2.6265,2.715,2.5915,3.3764,3.0974,3.5069,3.2764,3.8568,3.6204,3.9832,3.7663,4.0905,3.8914,3.0709,3.0181,3.053,3.2139,3.6011,3.9357,3.0512,3.4099,2.0588,2.5099,1.7435,2.4046,1.2991,2.0112,0.8091,1.4176,0.4471,0.9108,2.6792,2.5163,2.8921,2.7465,2.7643,2.626,2.7245,2.598,2.9383,2.7172,3.7012,3.4023,3.6009,3.3447,4.0227,3.814,3.895,3.6749,3.7285,3.5621,2.8113,2.8913,3.4176,3.7768,3.226,3.6197,2.2816,2.7339,1.7148,2.3099,1.3536,2.1051,0.8239,1.4352,0.5098,1.041,2.7991,2.6383,2.806,2.6352,2.8563,2.7309,2.7363,2.6015,2.5978,2.5115,3.2963,2.9921,3.5049,3.2365,3.8857,3.6418,3.9947,3.7581,4.0665,3.8311,3.0216,2.9733,2.912,3.1477,3.336,3.8261,2.7273,3.2701,1.7395,2.3136,1.3563,2.0792,0.8653,1.5186,0.5954,1.1971,2.8056,2.6442,2.7408,2.5846,2.9275,2.7831,2.7545,2.5932,2.6031,2.4927,2.8317,2.6323,3.6707,3.4221,3.6312,3.3637,4.0512,3.8193,3.8772,3.6344,3.6645,3.516,2.6851,2.8396,3.1602,3.673,2.8727,3.4737,1.9346,2.5351,1.3357,2.0113,0.9087,1.6028,0.6384,1.2857,2.75,2.6046,2.9237,2.7519,2.9869,2.8108,2.9251,2.7932,2.631,2.5153,2.556,2.4314,3.2161,3.0208,3.4067,3.2289,3.8263,3.5608,3.8966,3.6878,3.9298,3.8765,2.8439,2.9989,2.7466,3.2699,3.0504,3.8532,2.3005,3.0642,1.3153,2.0106,0.8473,1.5625,0.56,1.2466
RO21,2.7982,2.6666,3.1766,3.0006,3.4207,3.2528,3.3021,3.1356,3.3183,2.922,3.1753,2.8597,3.4465,3.2527,3.8179,3.5451,4.1379,3.7983,3.0425,2.7655,3.019,2.8624,3.2577,3.4403,2.8917,3.4344,1.8012,2.2542,1.8191,2.5162,1.5734,2.2877,0.9803,1.5335,0.5357,0.958,2.7391,2.6213,3.1328,2.9623,3.3196,3.1318,3.3397,3.1839,3.2119,2.869,3.4511,2.9458,3.1645,2.9445,3.7849,3.5316,3.879,3.549,3.7852,3.4328,2.7752,2.5857,3.2432,3.304,2.8936,3.3861,2.1081,2.653,1.6091,2.2202,1.567,2.349,1.0046,1.5915,0.6251,1.1048,3.0497,2.9024,2.915,2.7729,3.24,3.058,3.3926,3.2103,3.1633,2.957,3.1785,2.6394,3.151,2.7515,3.4851,3.2523,3.8571,3.5436,4.1335,3.7496,3.0184,2.7416,2.8854,2.8218,3.0067,3.3505,2.5778,3.2885,1.5129,2.067,1.3945,2.1561,1.0478,1.7141,0.724,1.2898,3.0737,2.919,2.8865,2.7623,3.218,3.0382,3.3219,3.1043,3.1663,2.9681,3.0274,2.6049,3.3545,2.8358,3.1788,2.927,3.8178,3.5327,3.8705,3.5177,3.7397,3.4078,2.6582,2.5496,2.9967,3.2366,2.5695,3.255,1.8093,2.4794,1.236,1.9124,1.0439,1.7804,0.7881,1.4119,2.865,2.7382,3.2207,3.0631,3.3828,3.206,3.4242,3.223,2.9421,2.745,2.6622,2.4242,3.0553,2.7601,3.2261,2.9199,3.6183,3.297,3.8704,3.554,4.0762,3.8576,2.846,2.8095,2.7036,3.024,2.686,3.3774,2.0885,3.0003,1.1113,1.753,0.8579,1.5715,0.6726,1.3671
RO22,2.5346,2.4123,2.7725,2.6122,2.8229,2.697,2.8179,2.6889,2.9561,2.5564,3.2223,2.9228,3.5202,3.3661,3.9411,3.8018,4.3599,4.1012,3.126,2.9829,3.2295,3.1942,3.7432,4.0097,3.2125,3.7366,2.0248,2.4821,1.8371,2.5792,1.5084,2.3112,0.931,1.5618,0.4737,0.95,2.4084,2.2993,2.8075,2.6384,2.7937,2.6596,2.843,2.7308,2.7091,2.3971,3.4019,2.9403,3.2082,2.9901,3.9237,3.7814,3.9983,3.7639,4.0217,3.7806,2.8933,2.8317,3.6464,3.829,3.307,3.841,2.3531,2.8975,1.7364,2.4002,1.4914,2.3561,0.9972,1.6673,0.5592,1.0964,2.5234,2.4035,2.6395,2.5082,2.8544,2.6906,2.8571,2.7287,2.7182,2.6034,2.8143,2.2887,3.172,2.8079,3.5647,3.4012,4.0239,3.8511,4.415,4.12,3.14,3.0023,3.1227,3.1948,3.5056,3.9721,2.9142,3.6492,1.7262,2.3269,1.4279,2.2544,0.9994,1.7589,0.6871,1.3325,2.5119,2.3998,2.5176,2.412,2.9039,2.727,2.8429,2.6788,2.734,2.6043,2.534,2.1527,3.311,2.8555,3.2551,3.022,4.0156,3.8519,4.061,3.8066,4.0376,3.824,2.8092,2.8415,3.4124,3.8199,2.9719,3.7553,2.0441,2.7611,1.3556,2.114,0.9931,1.8104,0.7692,1.483,2.4035,2.2959,2.6768,2.5505,2.9457,2.7951,2.9825,2.82,2.5292,2.3296,2.3427,2.1146,2.9279,2.6825,3.2594,3.0284,3.6966,3.4654,4.0317,3.8742,4.4309,4.3061,2.9856,3.0953,2.9719,3.396,3.1943,4.0805,2.4172,3.4216,1.2915,2.0267,0.8802,1.6866,0.6325,1.4308
RO31,2.4445,2.2894,2.6644,2.5177,2.7534,2.6103,2.8556,2.7,3.0425,2.6723,3.2343,2.9051,3.4578,3.2388,3.9604,3.7561,4.4829,4.1814,3.3042,3.0694,3.0611,3.0186,3.3743,3.6406,3.0827,3.6175,2.1893,2.7635,1.9241,2.7688,1.5848,2.5644,0.9876,1.7209,0.5155,1.046,2.2874,2.149,2.6951,2.5505,2.7176,2.5664,2.8527,2.6879,2.7974,2.4888,3.4714,2.9871,3.1537,2.8832,3.9102,3.7164,4.0966,3.8302,4.2752,3.9181,2.8266,2.7157,3.3219,3.5073,3.1303,3.6344,2.4498,3.0812,1.8071,2.5476,1.6256,2.6667,1.0269,1.8176,0.6043,1.202,2.3189,2.1853,2.5656,2.3949,2.7815,2.6225,2.8106,2.6649,2.7557,2.5917,2.9001,2.3536,3.1834,2.7644,3.5409,3.2917,4.0911,3.8405,4.6012,4.2376,3.3627,3.1183,3.0171,3.0461,3.2105,3.654,2.8333,3.5685,1.9011,2.6266,1.5124,2.4485,1.0666,1.9542,0.7358,1.4481,2.3416,2.2126,2.4021,2.2523,2.8219,2.661,2.7753,2.5888,2.7273,2.534,2.6134,2.1704,3.368,2.847,3.2171,2.9109,4.0562,3.8128,4.215,3.9104,4.3557,4.0052,2.7946,2.7533,3.176,3.5391,2.8836,3.605,2.1652,2.9622,1.4352,2.2801,1.1165,2.0644,0.8184,1.607,2.3498,2.2151,2.5788,2.4277,2.8459,2.6637,2.8603,2.7136,2.5554,2.354,2.4929,2.1873,2.9768,2.681,3.2283,2.9672,3.6183,3.396,4.1217,3.9326,4.6152,4.4796,3.2181,3.2203,2.8802,3.2598,2.9658,3.7675,2.4033,3.3793,1.4159,2.2605,0.9346,1.8209,0.6682,1.5442
RO32,2.6693,2.5097,2.3087,2.1715,1.9317,1.8095,1.8635,1.8193,3.5307,3.7331,4.3453,4.5945,4.679,4.843,4.4153,4.5359,3.9912,4.3109,2.9388,3.212,2.7221,3.2543,3.3443,4.1177,2.7871,3.4604,1.6528,2.2116,1.334,2.1034,1.0934,1.9497,0.7789,1.4594,0.4757,1.0421,2.5927,2.4417,2.5557,2.4015,2.0099,1.8742,1.8682,1.7963,2.5897,2.7087,4.4949,4.8687,4.4898,4.6411,4.7378,4.8593,3.6515,3.8411,3.8042,4.114,2.4061,2.7857,3.1396,3.9022,2.9508,3.6728,1.9631,2.601,1.2622,1.946,1.1228,1.9947,0.738,1.4646,0.5419,1.1673,2.7442,2.5904,2.6583,2.4887,2.2601,2.1235,1.8857,1.7592,1.8005,1.8542,3.7517,4.2065,4.631,4.9211,4.7223,4.8355,4.2907,4.3868,3.8291,4.1066,2.7914,3.0552,2.5103,3.0729,2.9986,3.873,2.426,3.2344,1.3712,1.9943,0.9954,1.7873,0.7208,1.4579,0.5835,1.2818,2.8878,2.7161,2.5956,2.4421,2.4987,2.3438,1.9717,1.806,1.8287,1.7838,2.7569,3.1246,4.7954,5.286,4.5569,4.6636,4.654,4.722,3.5282,3.6627,3.609,3.9319,2.214,2.6264,2.7949,3.6509,2.5236,3.392,1.6121,2.3358,0.9366,1.6292,0.7283,1.4867,0.5732,1.3304,2.7563,2.6004,2.8221,2.6549,2.8113,2.6438,2.404,2.2743,2.1056,2.1258,2.6146,2.9391,3.7001,4.035,4.2282,4.4331,4.2935,4.4226,3.9514,4.1278,3.5657,4.0741,2.4864,2.9029,2.229,3.0044,2.5444,3.7056,1.9521,2.953,1.0245,1.7286,0.657,1.3688,0.5342,1.3258
RO41,2.2679,2.1222,2.5042,2.381,2.8107,2.6382,2.9956,2.843,3.0132,2.6445,3.1553,2.8739,3.4316,3.2829,3.9371,3.725,4.3806,4.1564,3.3478,3.1531,3.3247,3.2378,3.4959,3.6687,3.0864,3.5339,2.2691,2.7853,1.9388,2.7012,1.6687,2.5765,0.9504,1.6217,0.4887,0.9879,2.1655,2.0386,2.4812,2.3492,2.6829,2.5368,2.9645,2.8074,2.9221,2.5899,3.2633,2.8759,3.1701,2.9687,3.8787,3.7004,4.041,3.8001,4.208,3.9588,3.096,2.9457,3.4958,3.6274,3.0983,3.5038,2.5581,3.1273,1.8327,2.4908,1.7071,2.6713,1.0129,1.7293,0.5769,1.1232,2.1922,2.0831,2.3628,2.214,2.5953,2.4685,2.8604,2.6878,2.8934,2.7586,2.8517,2.3436,3.1131,2.785,3.5158,3.3617,4.064,3.8245,4.4982,4.2291,3.4152,3.2159,3.2932,3.2806,3.3544,3.6799,2.8486,3.4868,1.9893,2.6469,1.5196,2.3561,1.1453,1.952,0.7238,1.3895,2.2069,2.0901,2.258,2.1339,2.5772,2.4394,2.745,2.5681,2.8091,2.6658,2.718,2.2981,3.161,2.8019,3.2341,3.0362,4.0156,3.8119,4.1571,3.886,4.288,4.0514,3.0745,3.0004,3.3694,3.6596,2.8774,3.4706,2.2661,3.0003,1.4675,2.2032,1.1845,2.052,0.8449,1.577,2.2466,2.1081,2.4731,2.3459,2.6531,2.4989,2.7773,2.635,2.588,2.4147,2.5077,2.2819,2.9873,2.7263,3.2027,3.0036,3.6223,3.4476,4.099,3.9256,4.5399,4.4525,3.311,3.3256,3.1655,3.4609,3.0837,3.7568,2.4016,3.302,1.4902,2.2877,0.9541,1.7315,0.692,1.5
RO42,2.3458,2.2373,2.4732,2.3337,2.5264,2.3907,2.6877,2.5626,3.5968,3.5,3.6252,3.3767,3.7053,3.5437,3.9547,3.8408,4.2917,4.1866,3.2417,3.1735,3.1866,3.2464,3.5916,4.0155,3.0556,3.6071,2.0556,2.6319,1.7368,2.5127,1.2688,2.074,0.7752,1.4126,0.403,0.8323,2.2718,2.1498,2.5343,2.3876,2.4783,2.3409,2.6261,2.5131,3.1191,3.0257,3.9624,3.6686,3.5623,3.3237,3.9378,3.8047,3.9696,3.837,4.0087,3.9134,2.9491,2.9038,3.4964,3.8736,3.1346,3.7116,2.3913,3.033,1.5932,2.2742,1.3585,2.2096,0.7902,1.4182,0.4652,0.9622,2.4762,2.3276,2.4363,2.3143,2.529,2.3859,2.5641,2.4289,2.6166,2.5268,3.6264,3.4734,3.7274,3.3987,3.7958,3.5776,4.0033,3.8467,4.2938,4.1364,3.2051,3.1436,3.0595,3.1983,3.331,3.9117,2.7007,3.4475,1.7289,2.4182,1.3068,2.1144,0.8174,1.4948,0.5346,1.1027,2.5367,2.3999,2.371,2.2424,2.594,2.4456,2.5121,2.3493,2.5495,2.4337,3.0887,2.9903,4.035,3.7427,3.6499,3.3613,4.0101,3.8177,3.9776,3.8052,3.9618,3.8781,2.8304,2.861,3.2361,3.7752,2.7799,3.5486,2.0124,2.7994,1.2014,1.924,0.8879,1.6188,0.5893,1.1828,2.507,2.3678,2.6294,2.4831,2.6913,2.557,2.708,2.5627,2.4614,2.3339,2.6017,2.4797,3.3026,3.1111,3.4668,3.2482,3.6849,3.4851,3.9208,3.8024,4.2358,4.2788,3.0757,3.2102,2.9485,3.4016,3.0875,4.0455,2.3363,3.3605,1.3336,2.1514,0.8238,1.6108,0.5204,1.1746
SE11,3.5026,3.2976,3.2116,3.0411,2.7005,2.5771,2.8996,2.7455,3.271,3.2627,3.6151,3.6541,3.856,3.746,3.8506,3.7417,3.7371,3.662,3.7482,3.6361,3.0967,3.03,2.7733,2.7368,2.5426,2.6772,2.5755,2.7676,1.7075,1.8817,1.0909,1.3626,0.744,1.1361,0.6674,1.4539,3.4434,3.2422,3.2721,3.0941,2.86,2.7167,2.6679,2.5274,3.2456,3.1982,3.7403,3.7887,3.8725,3.7593,3.6976,3.5713,3.8057,3.7031,3.6036,3.5256,3.2702,3.1989,2.7977,2.7508,2.4462,2.5005,2.4462,2.6761,1.9469,2.1334,1.1871,1.4357,0.7419,1.0738,0.6631,1.3962,3.2991,3.1173,3.2881,3.0922,3.0503,2.8847,2.7354,2.5204,2.9349,2.8264,3.9389,3.9573,3.9277,3.7989,3.769,3.5789,3.6412,3.5175,3.5055,3.4244,3.4559,3.375,2.817,2.7833,2.4629,2.4589,2.174,2.3434,2.1534,2.399,1.3632,1.5889,0.786,1.061,0.6559,1.3142,3.1626,3.0094,3.2566,3.0498,3.1301,2.9479,2.8292,2.6451,2.7712,2.5781,3.8909,3.8854,4.0752,3.9674,3.8249,3.6074,3.5293,3.3721,3.573,3.4685,3.3298,3.2784,2.9776,2.9356,2.4783,2.4665,2.0936,2.2005,2.0502,2.3218,1.5668,1.804,0.8659,1.129,0.6569,1.2711,2.9394,2.8019,3.1055,2.9332,3.1539,2.9609,2.9794,2.8098,2.7151,2.4714,3.5218,3.5006,4.2477,4.1531,3.8732,3.6635,3.6163,3.4041,3.4652,3.3329,3.2969,3.229,3.1972,3.1425,2.5448,2.5448,2.1462,2.2027,1.86,2.0825,1.7657,2.0717,1.0175,1.2794,0.6983,1.2718
SE12,2.9942,2.8129,2.8657,2.7257,2.6918,2.5293,3.1449,2.9784,3.8062,3.6359,3.2399,3.01,2.9207,2.7813,3.0981,3.0004,3.3077,3.2083,3.5419,3.4253,3.0847,3.0027,3.0088,3.0017,3.1404,3.185,3.262,3.3125,2.2769,2.3667,1.5304,1.7861,1.0993,1.5093,0.9127,1.8022,3.0115,2.8313,2.9677,2.8115,2.7964,2.6368,2.889,2.6918,3.7774,3.6034,3.4397,3.217,2.9772,2.8062,2.9628,2.8508,3.2507,3.184,3.4516,3.3241,3.1993,3.0881,2.9652,2.9364,2.922,2.9588,3.1908,3.2842,2.5537,2.6351,1.6734,1.8686,1.0785,1.4481,0.9316,1.7853,3.026,2.8625,3.0946,2.9059,2.9487,2.793,2.8994,2.6191,3.398,3.2049,3.7482,3.4733,3.1926,2.9954,2.9503,2.8327,3.0738,2.9805,3.2285,3.114,3.3865,3.2648,2.9033,2.8471,2.7848,2.8037,2.8352,2.9373,2.8436,2.9643,1.8694,2.0312,1.1238,1.4122,0.9356,1.716,2.9877,2.8196,3.1058,2.9198,3.0288,2.8677,2.9285,2.6912,3.2682,2.9777,3.7495,3.4782,3.3999,3.1957,3.0021,2.8693,2.9456,2.8475,3.1727,3.0978,3.294,3.1764,3.005,2.9165,2.7456,2.7442,2.6334,2.717,2.78,2.938,2.1067,2.2655,1.2383,1.4781,0.9455,1.6624,2.7957,2.6355,3.0724,2.8959,3.1073,2.9153,2.9826,2.8248,3.2258,2.9589,3.3146,3.0824,3.671,3.4496,3.2212,3.0616,2.9529,2.8522,3.0153,2.9364,3.1194,3.0227,3.227,3.1366,2.7301,2.7004,2.5631,2.6184,2.5085,2.6781,2.3923,2.5921,1.4244,1.6535,0.9997,1.6624
SE21,2.8387,2.7505,2.8144,2.6376,2.6856,2.5427,3.206,2.9808,3.6742,3.4028,2.9666,2.6806,2.7471,2.5694,2.9733,2.8082,3.229,3.1536,3.5632,3.3724,3.1354,3.0537,3.189,3.1286,3.2894,3.2552,3.3692,3.3131,2.3821,2.4781,1.6937,2.0053,1.2526,1.7492,1.09,2.0185,2.9094,2.7546,2.9016,2.7487,2.7978,2.629,2.908,2.6906,3.634,3.2937,3.1528,2.8522,2.7929,2.6036,2.8788,2.7084,3.1719,3.0548,3.4835,3.3173,3.2326,3.1191,3.1158,3.0515,3.1387,3.0794,3.3617,3.3182,2.6601,2.6991,1.8111,2.0858,1.2352,1.6884,1.1032,2.0165,2.9677,2.8168,3.0492,2.9196,2.9614,2.7655,2.9373,2.6203,3.2376,2.878,3.5232,3.1476,3.0037,2.7791,2.864,2.6942,3.0327,2.8475,3.1881,3.1059,3.4458,3.2507,2.9871,2.9069,2.9864,2.9522,3.0295,3.024,2.9856,3.0026,1.9905,2.1655,1.264,1.6184,1.0902,1.9613,2.9275,2.7781,3.0958,2.9191,3.0282,2.86,2.9582,2.6825,3.0837,2.6046,3.5141,3.1177,3.2103,2.9682,2.8878,2.7278,2.9224,2.7589,3.122,3.0151,3.369,3.2021,3.0787,2.9726,2.9175,2.8831,2.884,2.8552,2.9701,2.9954,2.2285,2.3605,1.3534,1.6893,1.1064,1.9522,2.8012,2.6346,3.0275,2.8934,3.0838,2.95,2.9989,2.7757,2.999,2.5258,3.0961,2.7248,3.5084,3.2183,3.0785,2.896,2.8991,2.7557,3.0144,2.8439,3.1214,3.055,3.3436,3.1843,2.8645,2.8036,2.8132,2.8242,2.7538,2.8033,2.5752,2.6722,1.5388,1.8053,1.1632,1.9532
SE22,3.1452,2.9901,2.9181,2.7503,2.6195,2.4769,2.9613,2.795,3.5653,3.4856,3.2969,3.2206,3.2386,3.1327,3.3378,3.2118,3.3599,3.2713,3.5347,3.4276,3.0368,2.9796,2.9271,2.9284,2.9734,3.0517,3.0495,3.1185,2.1889,2.3159,1.5262,1.8066,1.0895,1.524,0.9167,1.8278,3.1437,2.9937,3.0351,2.8695,2.7306,2.5819,2.7647,2.5684,3.4866,3.398,3.3948,3.3571,3.2215,3.1099,3.264,3.1495,3.3612,3.2469,3.4593,3.3468,3.1676,3.1063,2.8828,2.8647,2.8146,2.8996,2.976,3.0584,2.4354,2.5526,1.6285,1.8842,1.0732,1.4576,0.925,1.7901,3.1198,2.9416,3.1645,3.012,2.9637,2.7789,2.8255,2.5273,3.1406,3.0002,3.6181,3.5152,3.3233,3.2021,3.2192,3.1132,3.2737,3.1561,3.2614,3.1755,3.3714,3.2866,2.8498,2.8174,2.6969,2.7295,2.6859,2.8065,2.6659,2.7899,1.7941,1.9949,1.1121,1.4252,0.9287,1.7134,3.0399,2.8738,3.1795,3.0196,3.0757,2.9105,2.8756,2.6288,2.9882,2.7665,3.5057,3.4439,3.4538,3.3737,3.233,3.1284,3.2163,3.1012,3.2654,3.1579,3.3021,3.2079,2.9729,2.939,2.6642,2.6674,2.5379,2.6592,2.5967,2.7303,2.0044,2.1886,1.1997,1.4971,0.9406,1.6545,2.8543,2.7088,3.1105,2.9225,3.1528,2.9964,2.9717,2.7928,2.9486,2.7155,3.1292,3.0762,3.6604,3.558,3.3577,3.2481,3.1964,3.0997,3.209,3.1051,3.166,3.0833,3.2068,3.1531,2.6762,2.679,2.4775,2.5445,2.3788,2.557,2.2388,2.4331,1.3501,1.6038,0.9874,1.6511
SE23,3.0982,2.918,2.9122,2.7572,2.6792,2.52,3.0656,2.9137,3.6048,3.4357,3.3029,3.1494,3.1368,3.0255,3.2582,3.1449,3.3733,3.3026,3.6261,3.5106,3.1285,3.0588,3.0398,3.0314,3.0274,3.0386,3.0276,3.0526,2.1167,2.2195,1.4937,1.7726,1.0852,1.5035,0.9211,1.7482,3.0932,2.9166,3.0184,2.8458,2.776,2.6134,2.826,2.6364,3.58,3.4251,3.4694,3.3162,3.1832,3.0393,3.1309,3.0186,3.3386,3.2589,3.51,3.405,3.2409,3.1673,3.0127,2.9828,2.8577,2.8898,3.0087,3.046,2.3575,2.4409,1.5936,1.8225,1.0691,1.4574,0.9224,1.7295,3.053,2.8681,3.1308,2.9358,2.9461,2.7762,2.8172,2.5696,3.1666,2.9693,3.788,3.5719,3.3861,3.1883,3.1421,3.0175,3.1962,3.0815,3.2706,3.2002,3.452,3.3496,2.941,2.8835,2.8005,2.8255,2.729,2.7866,2.6359,2.7374,1.7447,1.918,1.0982,1.4122,0.9286,1.6821,3.0032,2.8125,3.1087,2.9354,3.0361,2.8504,2.8444,2.6275,3.0261,2.6778,3.757,3.5585,3.6103,3.3949,3.2246,3.058,3.0866,2.9678,3.2333,3.1547,3.3423,3.2525,3.0404,2.9915,2.7825,2.7731,2.5756,2.647,2.627,2.7259,1.95,2.1072,1.1773,1.4565,0.9263,1.6572,2.8518,2.685,3.033,2.8476,3.0946,2.9031,2.9351,2.7677,2.9759,2.6014,3.2862,3.099,3.8912,3.639,3.4275,3.208,3.121,2.9867,3.1226,3.0118,3.152,3.0908,3.2803,3.2037,2.7589,2.728,2.5636,2.6297,2.421,2.5354,2.2223,2.4008,1.3277,1.558,0.9729,1.6664
SE31,2.6649,2.5325,2.676,2.5316,2.5746,2.4378,3.0788,2.8875,3.5399,3.1818,2.7998,2.504,2.5501,2.4303,2.813,2.7538,3.2072,3.092,3.6085,3.4335,3.2392,3.1638,3.3533,3.3113,3.5544,3.4604,3.6665,3.6173,2.5241,2.63,1.8017,2.1357,1.3381,1.8225,1.061,2.0232,2.6824,2.5796,2.7396,2.6137,2.691,2.5225,2.8524,2.6237,3.4401,3.117,3.0593,2.7722,2.6558,2.4732,2.6522,2.5732,3.1451,3.0549,3.4556,3.3132,3.3313,3.212,3.2556,3.2262,3.3394,3.2575,3.6681,3.606,2.844,2.91,1.9204,2.2151,1.3204,1.7614,1.0868,2.0293,2.7839,2.6349,2.8652,2.7168,2.8317,2.6847,2.8223,2.5465,3.0279,2.6602,3.4209,3.0664,2.9087,2.676,2.6743,2.5568,2.8844,2.8155,3.1845,3.0793,3.5161,3.3672,3.1298,3.0636,3.187,3.1744,3.3007,3.2621,3.291,3.3086,2.1146,2.3002,1.3398,1.7228,1.1058,1.9752,2.7868,2.6208,2.8787,2.7651,2.8858,2.7364,2.8429,2.5824,2.8746,2.4098,3.3153,2.9987,3.1068,2.9028,2.7559,2.6125,2.7061,2.6483,3.1246,3.0519,3.3901,3.2552,3.2177,3.1256,3.1143,3.1031,3.1294,3.0954,3.312,3.3284,2.4171,2.5574,1.444,1.8052,1.125,1.9742,2.5844,2.4486,2.8724,2.7305,2.9467,2.7879,2.8786,2.7006,2.7504,2.288,2.8743,2.5533,3.4017,3.1857,2.9871,2.8072,2.7306,2.6473,2.9051,2.8563,3.1775,3.0793,3.4607,3.3339,3.0629,3.0192,3.0636,3.0993,3.0544,3.081,2.862,2.9878,1.6412,1.9211,1.2048,2.0146
SE32,2.7288,2.6047,2.7484,2.7049,2.5838,2.4379,3.0273,2.8241,3.3426,3.0327,2.7315,2.5148,2.6617,2.4936,2.9347,2.8472,3.1802,3.1104,3.5977,3.4328,3.1487,3.0906,3.4124,3.2959,3.5768,3.3869,3.6471,3.5686,2.5085,2.6327,1.8695,2.1275,1.3146,1.8523,1.0275,2.0004,2.6729,2.5728,2.8129,2.7026,2.7248,2.6242,2.7832,2.5609,3.3394,2.9957,3.0141,2.7069,2.7297,2.5001,2.7902,2.7029,3.145,3.0939,3.4935,3.3318,3.2145,3.1401,3.3034,3.2053,3.3705,3.2494,3.6485,3.5609,2.84,2.8765,1.9796,2.2078,1.3136,1.7906,1.0497,1.952,2.8012,2.5962,2.898,2.7761,2.886,2.8004,2.828,2.5116,2.9185,2.5566,3.3816,2.9707,2.9052,2.7032,2.795,2.6476,3.0053,2.9055,3.1663,3.0872,3.5183,3.36,3.0433,2.9991,3.2538,3.1551,3.3355,3.1929,3.2634,3.2788,2.1103,2.3091,1.3625,1.6957,1.0528,1.9291,2.797,2.601,2.8536,2.7294,2.9387,2.8228,2.8847,2.6614,2.759,2.2738,3.2954,2.8999,3.1147,2.9073,2.8281,2.6388,2.8424,2.7903,3.1466,3.0953,3.4323,3.2779,3.1264,3.0594,3.1537,3.0926,3.1622,3.0519,3.2898,3.296,2.4033,2.5298,1.4725,1.7652,1.0892,1.9178,2.5842,2.4281,2.9069,2.6675,2.9803,2.8407,2.9348,2.8167,2.6584,2.1762,2.8005,2.4943,3.4588,3.1596,2.9984,2.8683,2.8758,2.7462,3.0375,2.946,3.1745,3.1053,3.4892,3.3511,2.9816,2.9683,3.1051,3.0402,3.0654,3.004,2.7978,2.9612,1.6173,1.9038,1.1568,1.8993
SE33,2.7261,2.584,2.6491,2.5219,2.5414,2.4319,3.1596,2.8421,4.0957,3.614,3.2404,2.7996,2.9325,2.588,2.934,2.8095,3.1581,3.0203,3.4949,3.2931,3.2204,3.1168,3.3491,3.2575,3.4328,3.2835,3.3371,3.2253,2.3455,2.5506,1.8137,2.0957,1.2402,1.7388,0.8934,1.6633,2.7171,2.5678,2.7438,2.5514,2.5861,2.5155,2.8637,2.5617,4.1138,3.5847,3.5445,3.029,2.9913,2.6517,2.8602,2.6583,3.0807,2.9689,3.3748,3.2142,3.2166,3.0959,3.2696,3.206,3.2896,3.1334,3.4035,3.3024,2.5853,2.6552,1.8661,2.1905,1.2634,1.6865,0.9314,1.7252,2.7865,2.6039,2.814,2.6543,2.7076,2.5625,2.859,2.5008,3.6296,3.1055,3.9189,3.3748,3.1391,2.7928,2.9188,2.6483,2.9252,2.8163,3.1024,2.9816,3.3887,3.2017,3.0853,3.007,3.1655,3.1039,3.1797,3.0889,2.9771,2.9641,1.9759,2.2508,1.3298,1.6779,0.9966,1.765,2.7373,2.5604,2.8069,2.6624,2.807,2.6104,2.7708,2.574,3.4793,2.832,3.8384,3.3091,3.4145,3.0163,2.987,2.7273,2.8369,2.6731,3.0397,2.9389,3.2948,3.1353,3.1006,2.9912,3.1186,3.074,3.056,2.9552,3.0613,3.0548,2.1982,2.354,1.3817,1.7747,1.0438,1.7837,2.6028,2.4506,2.8276,2.6352,2.8306,2.6814,2.7737,2.5765,3.4622,2.8789,3.3772,2.8578,3.8059,3.3478,3.1889,2.8767,2.936,2.6816,2.9077,2.8178,3.0569,2.9454,3.3001,3.1273,2.9785,2.906,2.9906,2.9634,2.8909,2.8797,2.5391,2.646,1.5072,1.8281,1.11,1.814
SI03,2.6252,2.4851,2.282,2.1929,2.2979,2.1681,2.4698,2.307,2.8634,2.5461,3.5467,3.2322,3.9584,3.5054,3.8613,3.4964,3.707,3.3972,3.9713,3.8236,3.9665,3.7506,3.9769,3.7434,3.3257,3.2477,2.3124,2.5621,1.9476,2.4282,1.3961,2.181,0.8454,1.7594,0.4128,1.4071,2.5935,2.4464,2.4711,2.3377,2.2647,2.1592,2.3582,2.2071,2.5922,2.2411,3.3679,3.0692,3.805,3.3943,3.9265,3.5173,3.7211,3.384,3.8837,3.6981,3.9486,3.7841,3.9458,3.7347,3.5994,3.4633,2.4721,2.6594,2.0679,2.5254,1.4615,2.1533,0.9138,1.8059,0.4848,1.5418,2.4989,2.3627,2.6483,2.5011,2.3125,2.2181,2.2976,2.1158,2.4301,2.108,2.9783,2.6719,3.5089,3.1414,3.9328,3.4543,3.8611,3.4963,3.6821,3.3921,3.932,3.8114,3.8462,3.7195,3.7616,3.6864,3.068,3.144,2.0333,2.4368,1.6069,2.2086,1.0104,1.793,0.5995,1.7301,2.4206,2.291,2.6032,2.4497,2.4889,2.3582,2.2559,2.0972,2.4898,1.9986,2.9159,2.4449,3.4797,2.9855,3.8657,3.3391,3.982,3.4952,3.7426,3.3615,3.8464,3.6523,3.799,3.7206,3.7011,3.6375,3.2781,3.3363,2.1803,2.5022,1.6943,2.2794,1.0615,1.7683,0.6689,1.8083,2.277,2.1591,2.5428,2.3957,2.6869,2.5359,2.3089,2.1803,2.4058,1.9312,2.851,2.3444,3.2102,2.6979,3.6476,3.1541,4.0357,3.4612,3.9182,3.4928,3.6514,3.353,3.8027,3.7298,3.6037,3.6108,3.4143,3.5334,2.6913,2.969,1.6799,2.187,1.165,1.8012,0.7482,1.8228
SI04,2.9601,2.7876,2.4698,2.2988,2.3078,2.1427,2.4359,2.3535,3.0371,3.0066,3.4756,3.2345,4.0246,3.6964,3.9721,3.6679,3.6785,3.4733,3.7365,3.6761,3.5499,3.4896,3.5389,3.5724,3.1595,3.3191,2.0596,2.3862,1.9227,2.4303,1.4383,2.0908,0.93,1.7259,0.4934,1.4582,2.8775,2.714,2.6997,2.5381,2.3105,2.1523,2.3928,2.2565,2.7701,2.8899,3.3236,3.1136,3.7628,3.5153,4.0637,3.7326,3.737,3.4812,3.6936,3.5695,3.574,3.5227,3.4154,3.4518,3.295,3.4427,2.3554,2.6503,1.8305,2.2999,1.5303,2.1248,0.9692,1.7543,0.5869,1.6023,2.6559,2.5155,2.9271,2.7474,2.4497,2.2814,2.3674,2.2341,2.6342,2.6486,2.9601,2.8044,3.4645,3.2319,4.0084,3.6624,3.9232,3.6219,3.6106,3.4124,3.631,3.5845,3.3879,3.3803,3.2695,3.4135,2.8468,3.1414,1.818,2.2249,1.5993,2.1877,1.0551,1.7395,0.7268,1.8325,2.5408,2.3755,2.8299,2.6604,2.6625,2.5028,2.3673,2.2362,2.7942,2.5998,2.8791,2.6345,3.4505,3.0913,3.8627,3.4961,4.1044,3.675,3.7035,3.408,3.5928,3.4633,3.4048,3.3887,3.1585,3.2703,2.9436,3.2257,2.0601,2.4486,1.5108,2.0561,1.1345,1.7678,0.7911,1.9087,2.3985,2.2251,2.6565,2.5106,2.9083,2.7416,2.5071,2.3676,2.7431,2.6303,2.842,2.5362,3.1557,2.8632,3.5727,3.2949,4.0286,3.6494,3.8918,3.5863,3.5258,3.3306,3.4574,3.451,3.1254,3.2055,2.906,3.1933,2.4718,2.895,1.5013,1.9909,1.1895,1.8078,0.8895,1.9499
SK01,3.1119,2.9529,2.3706,2.2506,1.8886,1.7923,2.1752,2.0626,2.9291,2.8403,3.8036,3.9223,4.8053,4.9402,4.6435,4.6897,3.3882,3.4258,3.0115,3.3262,3.0925,3.5803,3.5508,4.1978,3.1143,3.8661,2.0562,2.7987,1.4203,2.0523,0.9163,1.5431,0.6747,1.3188,0.4302,1.0573,3.2145,3.0699,2.6308,2.488,1.9827,1.8929,1.9289,1.8037,2.626,2.5478,3.4764,3.6261,4.5265,4.741,4.9656,5.0078,3.8283,3.8163,2.9187,3.1312,2.98,3.408,3.2441,3.8743,3.2283,4.0084,2.281,3.0302,1.5129,2.2434,0.9484,1.5385,0.6417,1.2507,0.4637,1.1235,3.3337,3.141,2.9949,2.852,2.2474,2.1431,1.7966,1.7006,2.0941,2.0122,3.1109,3.2375,4.2344,4.5197,4.9115,4.9736,4.5077,4.4741,3.2085,3.2314,2.7955,3.0994,2.7967,3.303,3.1138,3.8076,2.6102,3.4632,1.6554,2.4355,1.0612,1.7119,0.59,1.1511,0.5047,1.1759,3.4164,3.2121,3.0795,2.9427,2.474,2.3425,1.8716,1.7802,1.844,1.76,2.8334,2.9533,4.0199,4.3156,4.6884,4.8183,4.8116,4.7415,3.6194,3.5844,2.699,2.9067,2.7045,3.1373,2.8192,3.4959,2.7005,3.5519,1.8138,2.6219,1.1329,1.8556,0.6202,1.1589,0.5096,1.1635,2.9946,2.8126,3.0706,2.9245,2.6854,2.572,2.0749,1.985,1.7638,1.6825,2.3146,2.3941,3.691,3.9021,4.526,4.7001,4.8651,4.776,4.4503,4.2613,3.138,3.0758,2.6811,2.9356,2.5779,3.0364,2.739,3.425,2.1481,3.0145,1.2572,1.9936,0.6895,1.2614,0.4845,1.0957
SK02,2.4253,2.2932,2.2323,2.1036,2.2976,2.1817,2.8367,2.6842,3.5885,3.4187,3.9912,3.7857,4.3061,4.0487,4.3612,4.0872,3.5703,3.4586,3.5235,3.4959,3.5621,3.5625,3.6542,3.868,3.0614,3.4884,2.0247,2.6411,1.4681,2.1979,0.9591,1.6981,0.5952,1.2805,0.3434,0.905,2.3992,2.2779,2.333,2.2012,2.2154,2.08,2.5618,2.4385,3.3677,3.2043,3.8368,3.6307,4.1446,3.8743,4.4238,4.1508,3.9046,3.7162,3.4246,3.383,3.5365,3.555,3.585,3.7611,3.3017,3.7005,2.2464,2.849,1.5651,2.3058,1.0018,1.7549,0.613,1.2906,0.3701,0.995,2.405,2.2712,2.4566,2.3183,2.2474,2.1182,2.3101,2.1987,2.8618,2.7071,3.5948,3.4024,3.9598,3.7035,4.2806,3.9889,4.3412,4.067,3.5521,3.4521,3.4588,3.4746,3.4158,3.5188,3.4011,3.7755,2.7404,3.347,1.7088,2.4507,1.1264,1.9164,0.6325,1.2948,0.4155,1.0862,2.4384,2.2997,2.4405,2.3142,2.3493,2.2143,2.2273,2.0973,2.5823,2.4555,3.3669,3.1868,3.7902,3.5509,4.1215,3.8277,4.4073,4.1364,3.8834,3.7106,3.3641,3.3664,3.4012,3.5121,3.35,3.6764,2.9628,3.5547,1.9117,2.6484,1.2171,2.0211,0.665,1.3554,0.448,1.1449,2.3971,2.2832,2.5128,2.3692,2.4783,2.3466,2.2633,2.1504,2.329,2.2314,2.8697,2.713,3.5592,3.3407,3.9529,3.6706,4.2984,4.0041,4.358,4.0914,3.5283,3.4635,3.3633,3.4679,3.2216,3.4764,3.0688,3.6561,2.3106,3.1197,1.2832,2.1236,0.7175,1.4577,0.4293,1.0933
SK03,2.642,2.5193,2.5357,2.4229,2.6463,2.5024,3.1135,2.9739,3.7287,3.6102,4.0609,3.8748,4.2031,3.9488,4.2292,3.9864,3.496,3.3649,3.4585,3.4382,3.4514,3.4597,3.4616,3.7044,2.8837,3.28,1.8257,2.408,1.3017,2.0342,0.8523,1.5827,0.5569,1.2528,0.3194,0.8693,2.5675,2.4642,2.595,2.4648,2.5443,2.4325,2.8829,2.7403,3.5769,3.4301,3.9126,3.7512,4.0758,3.8176,4.2928,4.0183,3.7897,3.6348,3.3352,3.2853,3.4602,3.4627,3.4243,3.614,3.0777,3.4883,2.0879,2.6553,1.3811,2.0975,0.8732,1.6404,0.5639,1.2483,0.3506,0.9629,2.5556,2.4401,2.6538,2.5353,2.542,2.4288,2.6552,2.5137,3.132,2.9883,3.7106,3.5435,3.9683,3.7315,4.1231,3.8553,4.1796,3.9485,3.4426,3.3355,3.371,3.395,3.2919,3.4014,3.19,3.5898,2.5533,3.1343,1.5271,2.2281,1.0017,1.78,0.5554,1.2193,0.3898,1.0884,2.616,2.4905,2.593,2.4867,2.602,2.4772,2.5513,2.4394,2.8921,2.7504,3.5451,3.3507,3.815,3.6014,4.0038,3.7269,4.2475,3.9827,3.7347,3.6077,3.2476,3.2505,3.3093,3.4065,3.167,3.5123,2.7281,3.3331,1.7587,2.4687,1.0676,1.8289,0.5837,1.2769,0.4154,1.1315,2.6076,2.5017,2.6778,2.5515,2.6724,2.5535,2.547,2.4342,2.6565,2.5187,3.0948,2.9209,3.6298,3.3842,3.918,3.6179,4.082,3.8,4.1646,3.9365,3.3789,3.337,3.2596,3.3872,3.0878,3.3563,2.8509,3.4776,2.1432,2.9232,1.1644,1.945,0.6377,1.3517,0.3857,1.0439
SK04,3.1225,2.976,2.9973,2.8228,3.0453,2.9006,3.4153,3.2528,3.9448,3.8002,4.1732,3.9678,4.177,3.8744,4.043,3.8277,3.3566,3.2683,3.3473,3.2462,3.2909,3.3225,3.1782,3.3787,2.5931,3.0092,1.6252,2.1648,1.1529,1.8269,0.8139,1.4749,0.511,1.065,0.2982,0.7355,2.9815,2.8649,3.0796,2.8962,2.9628,2.7972,3.2132,3.0529,3.7858,3.6429,4.0329,3.867,4.1132,3.7912,4.0822,3.8274,3.6302,3.5245,3.2023,3.1243,3.311,3.3055,3.1993,3.3623,2.7541,3.1369,1.8822,2.4152,1.218,1.8765,0.807,1.495,0.5345,1.1106,0.3206,0.7989,2.9331,2.8167,3.1042,2.9623,2.9628,2.7863,3.0115,2.8712,3.3793,3.2239,3.8591,3.6794,4.0062,3.7667,4.0281,3.7233,3.9416,3.7351,3.2707,3.2058,3.2194,3.1762,3.0975,3.2182,2.907,3.2409,2.2805,2.8364,1.3611,1.9906,0.8837,1.5867,0.5386,1.1112,0.3684,0.9161,2.9856,2.8552,2.9747,2.8688,3.0445,2.8627,2.9297,2.7662,3.1745,3.0185,3.6951,3.5162,3.8625,3.6652,3.9697,3.6561,3.976,3.7348,3.5308,3.4522,3.0829,3.0502,3.1218,3.2027,2.9344,3.221,2.4255,2.9593,1.5826,2.218,0.9454,1.6386,0.5398,1.1478,0.4052,0.9858,3.0268,2.9147,3.0746,2.9496,3.0947,2.9523,2.9163,2.7532,2.9632,2.8305,3.2889,3.1086,3.7144,3.4943,3.8543,3.5994,3.8906,3.6009,3.8048,3.6582,3.1461,3.1403,3.0556,3.1143,2.8604,3.1249,2.5791,3.0942,1.8919,2.6154,1.0369,1.7108,0.5753,1.2064,0.4002,0.9579
